pincode,households
110001,19907
110002,13336
110003,45465
110004,13336
110005,13336
110006,66378
110007,42220
110008,13336
110009,50631
110010,19778
110011,13336
110012,13336
110013,33553
110014,33553
110015,66433
110016,24117
110017,42196
110018,66433
110019,33553
110020,43890
110021,12547
110022,19778
110023,19778
110024,56732
110025,33553
110026,47088
110027,66433
110028,19778
110029,15504
110030,19778
110031,35393
110032,25131
110033,50732
110034,54464
110035,39169
110036,50732
110037,19778
110038,19778
110039,50732
110040,8818
110041,22279
110042,50732
110043,17802
110044,33553
110045,12777
110046,19778
110047,7570
110048,62683
110049,33553
110051,35393
110052,50732
110053,35393
110054,42220
110055,13336
110056,50732
110057,13368
110058,34365
110059,50548
110060,13336
110061,19778
110062,33553
110063,66433
110064,66433
110065,40956
110066,19778
110067,19778
110068,19778
110070,9573
110071,19778
110072,19778
110073,7623
110074,19778
110075,21590
110076,33553
110077,19778
110078,19778
110080,33553
110081,50732
110082,50732
110083,50732
110084,42220
110085,32731
110086,50732
110087,66433
110088,51033
110089,50732
110090,35393
110091,44295
110092,39035
110093,23191
110094,35393
110095,35393
110096,27588
110097,19778
121001,34557
121002,20288
121003,20288
121004,49294
121005,9691
121006,20288
121007,20288
121008,20288
121009,24097
121010,20288
121012,20288
121013,20288
121101,9691
121102,20288
121103,20288
121105,20288
121106,20288
121107,20288
122001,18491
122002,18491
122003,18491
122004,18491
122005,18491
122006,18491
122007,18491
122008,18491
122009,18491
122011,18491
122015,18491
122016,18491
122017,18491
122018,18491
122051,18491
122052,18491
122101,18491
122102,18491
122103,18491
122104,18491
122105,18491
122107,18491
122108,18491
122413,18491
122414,18491
122502,18491
122503,18491
122504,18491
122505,18491
122506,18491
122508,18491
123001,25046
123021,25046
123023,25046
123024,25046
123027,25046
123028,25046
123029,25046
123034,19240
123035,19240
123101,19240
123102,19240
123103,19240
123106,6477
123110,14985
123301,19240
123302,19240
123303,25046
123401,19240
123411,6477
123412,6477
123501,6477
124001,18680
124010,15356
124021,6303
124022,6303
124102,6282
124103,13151
124104,13151
124105,13151
124106,6282
124107,6282
124108,13151
124109,13151
124111,13195
124112,13195
124113,13195
124141,13195
124142,13151
124146,13151
124201,13151
124202,13151
124303,13195
124401,6303
124404,13195
124406,13195
124411,13195
124412,13195
124501,13195
124504,6282
124505,31953
124506,13151
124507,6282
124508,13151
124513,13195
124514,32059
125001,21048
125004,21048
125005,21048
125006,21048
125007,21048
125011,21048
125033,21048
125037,21048
125038,21048
125039,21048
125042,21048
125044,21048
125047,21048
125048,25585
125049,21048
125050,25585
125051,25585
125052,21048
125053,25585
125054,18770
125055,18770
125056,18770
125058,18770
125060,18770
125075,18770
125076,18770
125077,18770
125078,18770
125101,18770
125102,18770
125103,18770
125104,18770
125106,25585
125110,18770
125111,25585
125112,21048
125113,21048
125120,25585
125121,21048
125133,25585
125201,18770
126101,26325
126102,26325
126110,26325
126111,26325
126112,26325
126113,26325
126114,26325
126115,26325
126116,26325
126125,26325
126152,26325
127021,14507
127022,14507
127025,14507
127026,14507
127027,14507
127028,14507
127029,15339
127030,14507
127031,14507
127032,14507
127035,14507
127040,14507
127041,14507
127042,14507
127043,14507
127045,14507
127046,14507
127111,14507
127114,14507
127201,5164
127306,14507
127307,14507
127308,14507
127309,14507
127310,14507
131001,15822
131021,15822
131022,15822
131023,5321
131024,15822
131027,15822
131028,15822
131029,15822
131039,15822
131101,15822
131102,15822
131103,15822
131301,15822
131302,15822
131304,15822
131305,15822
131306,15822
131402,15822
131403,15822
131408,15822
131409,15822
132001,21831
132022,21831
132023,21831
132024,21831
132036,21831
132037,21831
132039,21831
132040,21831
132041,21831
132046,21831
132054,21831
132101,20114
132102,20114
132103,20114
132104,20114
132105,20114
132106,20114
132107,20114
132108,20114
132113,20114
132114,21831
132115,20114
132116,21831
132117,21831
132122,20114
132140,20114
132145,20114
132157,21831
133001,13007
133004,13007
133005,13007
133006,13007
133101,13007
133102,13007
133104,13007
133201,13007
133202,13007
133203,13007
133205,13007
133207,13007
133301,8100
133302,8100
134003,13007
134005,13007
134007,13007
134101,8100
134102,8100
134104,8100
134107,8100
134108,8100
134109,8100
134112,8100
134113,8100
134114,8100
134116,8100
134117,8100
134118,8100
134201,13007
134202,13007
134203,13007
134204,13007
134205,8100
135103,18491
136020,21203
136021,21203
136026,21203
136027,21203
136030,18491
136033,21203
136034,21203
136035,21203
136038,18491
136042,21203
136043,21203
136044,21203
136117,21203
136118,6219
136119,18491
136128,18491
136129,18491
136130,18491
136131,18491
136132,18491
136135,18491
136136,18491
136156,18491
140001,6174
140101,6174
140103,6174
140108,6174
140111,6174
140112,6174
140113,6174
140114,6174
140116,6174
140117,6174
140118,12940
140119,6174
140123,6174
140124,6174
140126,6174
140133,6174
140301,6174
140306,6174
140307,6174
140308,6174
140401,23287
140402,23287
140405,18628
140406,18628
140407,18628
140412,18628
140417,23287
140506,23287
140601,23287
140602,23287
140603,23287
140701,23287
140702,23287
140802,23287
141001,7738
141003,12940
141008,12940
141101,12940
141102,12940
141103,12940
141104,12940
141105,12940
141106,12940
141107,12940
141108,12940
141109,12940
141110,12940
141112,12940
141113,12940
141114,12940
141115,12940
141116,12940
141117,12940
141118,12940
141119,12940
141120,12940
141121,12940
141122,12940
141123,12940
141125,12940
141126,12940
141127,12940
141201,12940
141202,12940
141203,12940
141204,12940
141205,12940
141206,12940
141401,12940
141411,18628
141412,12940
141413,12940
141414,12940
141415,12940
141416,12940
141417,12940
141418,12940
141419,12940
141421,12940
141801,18628
142001,10786
142002,10786
142003,10786
142011,10786
142021,12940
142022,12940
142023,12940
142024,12940
142025,12940
142026,12940
142027,12940
142029,12940
142030,12940
142031,12940
142032,12940
142033,12940
142034,12940
142035,12940
142036,12940
142037,10786
142038,10786
142039,10786
142040,10786
142041,17625
142042,10786
142043,10786
142044,17625
142045,10786
142046,10786
142047,17625
142048,10786
142049,10786
142050,17625
142052,17625
142053,10786
142054,10786
142055,10786
142056,10786
142057,10786
142058,10786
142060,17625
143001,11521
143002,11521
143005,11521
143006,11521
143008,11521
143009,11521
143022,11521
143101,11521
143102,11521
143103,11521
143105,11521
143107,11521
143108,11521
143109,11521
143111,11521
143112,11521
143113,11521
143114,11521
143115,11521
143116,11521
143117,11521
143118,30437
143119,11521
143149,11521
143201,11521
143202,11521
143203,11521
143204,11521
143205,11521
143301,11521
143302,11521
143303,11521
143304,11521
143305,11521
143401,30437
143402,11521
143406,11521
143407,11521
143408,30437
143409,11521
143410,11521
143411,11521
143412,30437
143413,11521
143414,11521
143415,30437
143416,30437
143419,30437
143422,30437
143501,11521
143502,11521
143504,11521
143505,13883
143506,13883
143507,13883
143511,13883
143512,13883
143513,13883
143514,13883
143515,13883
143516,13883
143517,13883
143518,13883
143519,13883
143520,13883
143521,13883
143525,13883
143526,13883
143527,13883
143528,13883
143529,13883
143530,13883
143531,13883
143532,13883
143533,13883
143534,13883
143601,11521
143602,13883
143603,11521
143604,13883
143605,13883
143606,11521
144001,8783
144002,8783
144005,8783
144008,8783
144020,8783
144024,8783
144025,8783
144026,8783
144028,8783
144029,8783
144030,8783
144031,8783
144032,8783
144033,8783
144034,8783
144035,8783
144036,8783
144037,8783
144039,8783
144040,8783
144041,8783
144042,8783
144043,8783
144044,8783
144101,8783
144102,8783
144103,8783
144104,8783
144105,6747
144106,8783
144201,8783
144202,6747
144204,6747
144205,6747
144206,6747
144207,6747
144208,6747
144209,6747
144210,6747
144211,6747
144212,6747
144213,6747
144214,6747
144216,6747
144221,6747
144222,6747
144223,6747
144224,6747
144301,8783
144302,8783
144303,8783
144305,6747
144306,6747
144311,8783
144401,8464
144402,8464
144403,8783
144404,6747
144405,8783
144406,6747
144407,8783
144408,8464
144409,8783
144410,8783
144411,8464
144416,8783
144417,8783
144418,8783
144419,8783
144511,8783
144519,6747
144520,6747
144523,6747
144527,6747
144528,6747
144529,6747
144530,6747
144531,6747
144601,8464
144602,8464
144603,8464
144606,8464
144620,8464
144621,8464
144622,8464
144623,8783
144624,8464
144625,8464
144626,8464
144628,8464
144629,8783
144630,8783
144631,8464
144632,8464
144633,8783
144701,8783
144702,8783
144703,8783
144801,8783
144802,8464
144803,8464
144804,8464
144805,8783
144806,8783
144819,8464
145001,13883
145022,13883
145023,13883
145024,13883
145025,13883
145026,13883
145027,13883
145029,13883
145101,13883
146001,6747
146021,6747
146022,6747
146023,6747
146024,6747
146101,6747
146102,6747
146103,6747
146104,6747
146105,6747
146106,6747
146107,6747
146108,6747
146109,6747
146110,6747
146111,6747
146112,6747
146113,6747
146114,6747
146115,6747
146116,6747
147001,23287
147002,23287
147003,23287
147004,23287
147005,23287
147006,23287
147007,23287
147021,23287
147101,23287
147102,23287
147103,23287
147104,23287
147105,23287
147111,23287
147201,23287
147202,23287
147203,23287
147301,18628
148001,17126
148002,17126
148017,17126
148018,17126
148019,17126
148020,17126
148021,17126
148022,17126
148023,17126
148024,17126
148025,17126
148026,17126
148027,17126
148028,17126
148029,17126
148030,17126
148031,17126
148033,17126
148034,17126
148035,17126
148106,17126
151001,15096
151002,15096
151003,15096
151004,15096
151005,15096
151101,15096
151102,15096
151103,15096
151104,15096
151105,15096
151106,15096
151108,15096
151111,15096
151201,15096
151202,14928
151203,14928
151204,14928
151205,14928
151206,15096
151207,14928
151208,14928
151209,14928
151210,12940
151211,12940
151212,14928
151213,14928
151301,15096
151302,15096
151401,15096
151501,15096
151502,20892
151503,20892
151504,20892
151505,20892
151506,20892
151507,20892
151508,20892
151509,15096
151510,20892
152001,17625
152002,17625
152003,17625
152004,17625
152005,17625
152021,17625
152022,17625
152023,17625
152024,17625
152025,12940
152026,12940
152028,17625
152031,12940
152032,12940
152033,17625
152101,12940
152107,12940
152112,12940
152113,12940
152114,12940
152115,12940
152116,17625
152117,17625
152121,17625
152122,17625
152123,17625
152124,17625
152128,17625
152132,17625
160001,11472
160002,11472
160003,11472
160009,11472
160011,11472
160012,11472
160014,11472
160015,11472
160017,11472
160018,11472
160019,11472
160020,11472
160022,11472
160023,11472
160025,11472
160030,11472
160036,11472
160047,11472
160055,7811
160059,7811
160062,7811
160071,7811
160101,11472
160102,11472
171001,3215
171002,3215
171003,3215
171004,3215
171005,3215
171006,3215
171007,3215
171008,3215
171009,3215
171010,3215
171011,3215
171012,3215
171013,3215
171018,3215
171019,3215
171102,4477
171103,3215
171201,3215
171202,3215
171203,3215
171204,3215
171205,3215
171206,3215
171207,3215
171208,3215
171209,3215
171210,3215
171211,3215
171212,3215
171213,3215
171214,3215
171215,3215
171216,3215
171217,3215
171218,3215
171219,3215
171220,3215
171221,3215
171222,3215
171223,3215
171224,3215
171225,3215
171226,3215
171301,3215
172001,3215
172002,4135
172021,3215
172022,3215
172023,4135
172024,3215
172025,4135
172026,4135
172027,3215
172028,3215
172029,3215
172030,3215
172031,3215
172032,4135
172033,4135
172101,3215
172102,3215
172103,1410
172104,1410
172105,1410
172106,1410
172107,1410
172108,1410
172109,1410
172110,1410
172111,1410
172112,1410
172113,3343
172114,3343
172115,1410
172116,1410
172117,3343
172118,1410
172201,3215
173001,7684
173021,7684
173022,7684
173023,7684
173024,7684
173025,7684
173026,7684
173027,7684
173029,7684
173030,7684
173031,7684
173032,7684
173101,7684
173104,7684
173201,4477
173202,4477
173204,4477
173205,4477
173206,4477
173207,4477
173208,4477
173209,4477
173211,4477
173212,4477
173213,4477
173214,4477
173215,4477
173217,4477
173218,4477
173220,4477
173221,4477
173222,4477
173223,7684
173225,4477
173229,4477
173230,4477
173233,4477
173234,4477
173235,4477
174101,4477
174102,4477
174103,4477
174301,3236
174302,3236
174303,3236
174306,3236
174307,3236
174308,3236
174314,3236
174315,3236
174316,3236
174317,3236
174319,3236
174320,3236
174321,3236
174503,3236
174507,3236
175001,4434
175002,4434
175003,4434
175004,4434
175005,4434
175006,4434
175007,4434
175008,4434
175009,4434
175010,4434
175011,4434
175012,4434
175013,3343
175014,4434
175015,4434
175016,4434
175017,4434
175018,4434
175019,4434
175021,4434
175023,4434
175024,4434
175025,4434
175026,4434
175027,4434
175028,4434
175029,4434
175030,4434
175031,4434
175032,4434
175033,4434
175034,4434
175035,4434
175036,4434
175037,4434
175038,4434
175039,4434
175040,4434
175042,4434
175046,4434
175047,4434
175048,4434
175049,4434
175050,4434
175051,4434
175052,4434
175101,4135
175102,4135
175103,4135
175104,4135
175105,4135
175106,4434
175121,4434
175123,4135
175124,4434
175125,4135
175126,4135
175128,4135
175129,4135
175130,4135
175131,4135
175132,3343
175133,3343
175134,4135
175136,4135
175138,4135
175139,3343
175140,3343
175141,4135
175142,3343
175143,4135
176001,3343
176021,3343
176022,3343
176023,3343
176025,3343
176026,3343
176027,3343
176028,3343
176029,3343
176030,3343
176031,3343
176032,3343
176033,3343
176036,3343
176037,3343
176038,3343
176041,3343
176047,3343
176051,3343
176052,3343
176053,3343
176054,3343
176055,3343
176056,3343
176058,3343
176059,3343
176060,3343
176061,3343
176062,3343
176063,3343
176064,3343
176065,3343
176066,3343
176071,3343
176073,3343
176075,3343
176076,3343
176077,3343
176081,3343
176082,3343
176083,3343
176084,3343
176085,3343
176086,3343
176087,3343
176088,3343
176089,3343
176090,4434
176091,3343
176092,3343
176093,3343
176094,3343
176095,3343
176096,3343
176097,3343
176098,3343
176101,3343
176102,3343
176103,3343
176107,3343
176115,3343
176125,3343
176128,3343
176200,3343
176201,3343
176202,3343
176203,3343
176204,3343
176205,3343
176206,3343
176207,4700
176208,3343
176209,3343
176210,3343
176211,3343
176214,3343
176215,3343
176216,3343
176217,3343
176218,3343
176225,3343
176301,4700
176302,4700
176303,4700
176304,4700
176305,4700
176306,4700
176308,4700
176309,4700
176310,4700
176311,4700
176312,4700
176313,4700
176314,4700
176315,4700
176316,4700
176317,4700
176318,4700
176319,4700
176320,4700
176321,4700
176323,4700
176324,4700
176325,4700
176401,3343
176402,3343
176403,3343
176501,3343
176502,3343
176601,3236
177031,3236
177034,3343
177039,3236
177043,3343
177101,3343
177103,3343
177104,3343
177105,3343
177106,3343
177107,3343
177108,3343
177109,3236
177110,3236
177111,3343
177112,3343
177113,3343
177114,3343
177117,3343
177201,3236
177202,3236
177203,3236
177204,3236
177205,3236
177206,3236
177207,3236
177208,3236
177209,3236
177210,3236
177211,3236
177212,3236
177213,3236
177219,3236
177220,3236
180017,165914
182202,89038
184121,165914
185101,103657
190001,276033
191132,159946
192129,165914
193224,190340
193502,220762
201001,19633
201002,38936
201003,45412
201004,38936
201005,38936
201006,38936
201007,38936
201008,9386
201009,19009
201010,38936
201011,38936
201012,38936
201013,38936
201014,38936
201015,18885
201016,38936
201017,38936
201019,38936
201102,18885
201103,38936
201201,38936
201204,18885
201206,56158
201301,36385
201303,9740
201304,20122
201305,9386
201306,9622
201307,11276
201309,20122
201310,20122
201311,20122
201312,9622
201313,20122
201314,9386
202001,34445
202002,23882
202121,23882
202122,23882
202123,23882
202124,23882
202125,23882
202126,23882
202127,23882
202128,23882
202129,23882
202130,23882
202131,23882
202132,23882
202133,23882
202134,23882
202135,23882
202136,23882
202137,23882
202138,23882
202139,23882
202140,23882
202141,23882
202142,23882
202143,23882
202145,23882
202150,23882
202155,23882
202165,23882
202170,23882
202280,23882
202281,23882
202282,23882
203001,26880
203002,26880
203129,26880
203131,26880
203132,26880
203135,20122
203141,20122
203150,26880
203155,20122
203201,20122
203202,9504
203203,20122
203205,34789
203206,26880
203207,28416
203209,20122
203389,26880
203390,26880
203391,26880
203392,26880
203393,26880
203394,26880
203395,26880
203396,26880
203397,26880
203398,26880
203399,26880
203401,26880
203402,26880
203403,26880
203405,26880
203407,26880
203408,26880
203409,26880
203411,26880
203412,26880
205001,28683
205119,28683
205121,28683
205247,28683
205261,28683
205262,28683
205263,28683
205264,28683
205265,28683
205267,28683
205268,28683
205301,28683
205303,28683
205304,28683
206001,22886
206002,22886
206003,22886
206120,22886
206121,21309
206122,21309
206123,22886
206124,22886
206125,22886
206126,22886
206127,22886
206128,22886
206129,21309
206130,22886
206131,22886
206241,21309
206242,22886
206243,21309
206244,21309
206245,22886
206246,21309
206247,21309
206248,21309
206249,21309
206250,21309
206251,21309
206252,21309
206253,22886
206255,21309
207001,15952
207002,15952
207003,15952
207120,15952
207121,15952
207122,15952
207123,15952
207124,15952
207125,15952
207241,15952
207242,15952
207243,15952
207244,15952
207245,15952
207246,15952
207247,15952
207248,15952
207249,15952
207250,15952
207301,15952
207302,15952
207401,15952
207402,15952
207403,15952
208001,30894
208002,30894
208003,30894
208004,30894
208005,30894
208006,30894
208007,30894
208008,30894
208009,30894
208010,30894
208011,30894
208012,36411
208013,30894
208014,30894
208015,30894
208016,30894
208017,30894
208019,30894
208020,30894
208021,30894
208022,30894
208023,30894
208024,30894
208025,30894
208026,30894
208027,30894
209101,16967
209111,16967
209112,16967
209115,16967
209121,16967
209125,16967
209202,16967
209203,16967
209204,16967
209205,16967
209206,16967
209208,16967
209209,16967
209210,16967
209214,30894
209217,30894
209301,16967
209302,16967
209303,16967
209304,30894
209305,30894
209306,16967
209307,16967
209308,16967
209310,16967
209311,16967
209312,16967
209401,30894
209402,30894
209501,24138
209502,24138
209503,24138
209504,24138
209505,24138
209601,24138
209602,24138
209621,24138
209622,24138
209625,24138
209651,24138
209652,24138
209720,22527
209721,22527
209722,22527
209723,22527
209724,24138
209725,22527
209727,22527
209728,22527
209729,22527
209731,22527
209732,22527
209733,22527
209734,22527
209735,22527
209736,22527
209738,22527
209739,24138
209743,24138
209745,24138
209747,22527
209749,24138
209801,35590
209821,35590
209825,35590
209827,35590
209831,35590
209841,35590
209859,35590
209861,35590
209862,35590
209863,35590
209864,35590
209865,35590
209866,35590
209867,35590
209868,35590
209869,35590
209870,35590
209871,35590
209881,35590
210001,35564
210120,35564
210121,35564
210123,35564
210125,35564
210126,35564
210128,35564
210129,35564
210201,35564
210202,35564
210203,35564
210204,35892
210205,35892
210206,35892
210207,35892
210208,35892
210209,35892
210301,18462
210341,18462
210421,23806
210422,18462
210423,23806
210424,23806
210425,23806
210426,23806
210427,23806
210428,18462
210429,23806
210430,18462
210431,18462
210432,18462
210433,23806
210501,18462
210502,18462
210504,18462
210505,18462
210506,18462
210507,18462
211001,24063
211002,24063
211003,24063
211004,24063
211006,24063
211007,24063
211008,24063
211010,24063
211011,24063
211012,24063
211013,24063
211015,24063
211016,24063
211019,24063
212104,24063
212106,24063
212107,24063
212108,24063
212109,24063
212111,24063
212201,31559
212202,31559
212203,31559
212204,31559
212205,31559
212206,31559
212207,31559
212208,24063
212213,24063
212214,31559
212216,31559
212217,31559
212218,31559
212301,24063
212302,24063
212303,24063
212305,24063
212306,24063
212307,24063
212401,24063
212402,24063
212404,24063
212405,24063
212502,24063
212503,24063
212507,24063
212601,26015
212620,26015
212621,26015
212622,26015
212631,26015
212635,26015
212641,26015
212645,26015
212650,26015
212651,26015
212652,26015
212653,26015
212654,26015
212655,26015
212656,26015
212657,26015
212658,26015
212659,26015
212661,26015
212663,26015
212664,26015
212665,26015
221001,24257
221002,24257
221003,24257
221004,24257
221005,24257
221006,24257
221007,24257
221008,24257
221009,20204
221010,24257
221011,24257
221101,24257
221103,24257
221104,24257
221105,24257
221106,24257
221107,24257
221108,24257
221110,24257
221112,24257
221115,20204
221116,24257
221201,24257
221202,24257
221204,24257
221206,24257
221207,24257
221208,24257
221301,24063
221302,24257
221303,24063
221304,24063
221305,24257
221306,24063
221307,24257
221308,24063
221309,24063
221310,24063
221311,24257
221313,24257
221314,24063
221401,24063
221402,24063
221403,24257
221404,24063
221405,24257
221406,24063
221409,24063
221502,24063
221503,24063
221505,24063
221507,24063
221508,24063
221601,23969
221602,23969
221603,23969
221701,17969
221705,23969
221706,23969
221709,17969
221711,17969
221712,17969
221713,17969
221715,17969
221716,17969
221717,17969
221718,17969
222001,23733
222002,23733
222003,23733
222105,23733
222109,23733
222125,23733
222127,23733
222128,23733
222129,23733
222131,23733
222132,23733
222133,23733
222135,23733
222136,23733
222137,23733
222138,23733
222139,23733
222141,23733
222142,23733
222143,23733
222144,23733
222145,23733
222146,23733
222148,23733
222149,23733
222161,23733
222162,23733
222165,23733
222170,23733
222175,23733
222180,23733
222181,23733
222201,23733
222202,23733
222203,23733
222204,23733
222301,19417
222302,19417
222303,19417
223101,23733
223102,23733
223103,23733
223104,23733
223105,23733
223221,23339
223222,23339
223223,23339
223224,23339
223225,23339
223226,23339
223227,23339
224001,24063
224121,24063
224122,13371
224123,24063
224125,13371
224126,24063
224127,24063
224129,13371
224132,13371
224133,13371
224135,24063
224137,13371
224139,13371
224141,24063
224143,13371
224145,13371
224146,13371
224147,13371
224149,13371
224151,13371
224152,13371
224153,24063
224155,13371
224157,13371
224158,24063
224159,13371
224161,24063
224164,24063
224168,13371
224171,13371
224172,13371
224176,13371
224181,13371
224182,24063
224183,13371
224186,13371
224188,24063
224189,13371
224190,13371
224195,13371
224201,24063
224202,13371
224203,13371
224204,24063
224205,13371
224206,13371
224207,24063
224208,24063
224209,24063
224210,13371
224225,24063
224227,13371
224228,24063
224229,24063
224230,13371
224231,13371
224232,13371
224234,13371
224235,13371
224238,13371
224284,24063
226001,33897
226002,23502
226003,23502
226004,23502
226005,23502
226006,23502
226007,23502
226008,23502
226009,23502
226010,23502
226011,23502
226012,23502
226013,23502
226014,23502
226015,23502
226016,23502
226017,23502
226018,23502
226019,23502
226020,23502
226021,23502
226022,23502
226023,23502
226024,23502
226025,23502
226026,23502
226028,23502
226029,23502
226030,23502
226031,23502
226101,23502
226102,23502
226103,23502
226104,23502
226201,23502
226202,23502
226203,23502
226301,23502
226302,23502
226303,23502
226401,23502
226501,23502
227304,19417
227405,19417
227406,19417
227407,19417
227408,19417
227409,19417
227411,19417
227412,19417
227413,19417
227801,19417
227805,19417
227806,19417
227807,19417
227808,19417
227809,19417
227811,19417
227812,19417
227813,19417
227814,19417
227815,19417
227816,19417
227817,19417
228001,19417
228118,19417
228119,19417
228120,19417
228121,19417
228125,19417
228131,19417
228132,19417
228133,19417
228141,28006
228142,19417
228145,19417
228151,19417
228155,19417
228159,19417
228161,19417
228171,19417
229001,740001
229408,11984
229410,11984
229411,24063
229412,24063
229413,24063
230001,17526
230002,17526
230121,17526
230124,17526
230125,17526
230126,17526
230127,17526
230128,17526
230129,17526
230130,17526
230131,17526
230132,17526
230133,17526
230134,17526
230135,17526
230136,17526
230137,17526
230138,17526
230139,17526
230141,17526
230142,17526
230143,17526
230144,17526
230201,17526
230202,17526
230204,17526
230301,17526
230302,17526
230304,17526
230306,17526
230401,17526
230402,17526
230403,17526
230404,17526
230405,17526
230501,17526
230502,17526
230503,17526
231001,33893
231205,21311
231206,21311
231207,21311
231208,21311
231209,21311
231210,33893
231211,33893
231212,21311
231213,21311
231215,21311
231216,21311
231217,21311
231218,21311
231219,21311
231220,21311
231221,21311
231222,21311
231223,21311
231224,21311
231225,21311
231226,21311
231301,33893
231302,33893
231303,33893
231304,33893
231305,33893
231306,33893
231307,33893
231309,33893
231311,33893
231312,33893
231313,33893
231314,33893
231501,33893
232101,29546
232102,29546
232103,29546
232104,29546
232105,29546
232106,29546
232107,29546
232108,29546
232109,29546
232110,29546
232111,29546
232118,29546
232120,29546
232325,19485
232326,19485
232327,19485
232328,19485
232329,19485
232330,19485
232331,19485
232332,19485
232333,19485
232336,19485
232339,19485
232340,19485
233001,19485
233002,19485
233221,19485
233222,19485
233223,19485
233224,19485
233225,19485
233226,19485
233227,19485
233228,19485
233229,19485
233230,19485
233231,19485
233232,19485
233233,19485
233300,19485
233301,19485
233302,19485
233303,19485
233304,19485
233305,19485
233306,19485
233307,19485
233310,19485
233311,19485
241001,37060
241121,37060
241122,37060
241123,37060
241124,37060
241125,37060
241126,37060
241127,37060
241201,37060
241202,37060
241203,37060
241204,37060
241301,37060
241302,37060
241303,37060
241304,37060
241305,37060
241401,37060
241402,37060
241403,37060
241404,37060
241405,37060
241406,37060
241407,37060
242001,40793
242021,38434
242042,40793
242127,40793
242220,40793
242221,40793
242223,40793
242226,40793
242301,40793
242303,40793
242305,40793
242306,40793
242307,40793
242401,40793
242405,40793
242406,40793
242407,40793
243001,37336
243002,37336
243003,37336
243004,37336
243005,37336
243006,37336
243122,37336
243123,37336
243126,37336
243201,37336
243202,37336
243203,37336
243301,37336
243302,37336
243303,37336
243401,37336
243402,37336
243403,37336
243407,37336
243501,37336
243502,37336
243503,37336
243504,37336
243505,37336
243506,37336
243601,38434
243630,38434
243631,38434
243632,38434
243633,38434
243634,38434
243635,38434
243636,38434
243637,38434
243638,38434
243639,38434
243641,38434
243720,38434
243722,38434
243723,38434
243724,38434
243725,38434
243726,38434
243727,38434
243751,38434
244001,76976
244102,53370
244103,53370
244104,53370
244221,24063
244222,24063
244223,24063
244225,24063
244231,24063
244235,24063
244236,24063
244241,24063
244242,24063
244245,24063
244251,24063
244255,24063
244301,53370
244302,53370
244303,53370
244304,53370
244401,53370
244402,53370
244410,53370
244411,53370
244412,53370
244413,53370
244414,53370
244415,53370
244501,24063
244504,53370
244601,53370
244602,53370
244701,50770
244901,50770
244921,50770
244922,50770
244923,50770
244924,50770
244925,50770
244926,50770
244927,50770
244928,50770
245101,18885
245201,38936
245205,38936
245206,38399
245207,38936
245208,38936
245301,18885
245304,38936
246439,51491
246488,85025
246701,32765
246721,32765
246722,32765
246723,32765
246724,32765
246725,32765
246726,32765
246727,32765
246728,32765
246729,32765
246731,32765
246732,32765
246733,32765
246734,32765
246735,32765
246736,32765
246745,32765
246746,32765
246747,32765
246749,32765
246761,32765
246762,47257
246763,32765
246764,32765
247001,46279
247002,39267
247120,39267
247121,39267
247122,39267
247129,39267
247231,39267
247232,39267
247340,39267
247341,39267
247342,39267
247343,39267
247451,39267
247452,39267
247453,39267
247551,39267
247554,39267
247662,39267
247669,39267
247771,31290
247772,31290
247773,31290
247774,31290
247775,31290
247776,31290
247777,31290
247778,31290
248159,369252
249131,134002
249401,418919
250001,55383
250002,22853
250004,18624
250005,18624
250101,141539
250103,38399
250104,38399
250106,38399
250110,20470
250205,18747
250221,38399
250222,38399
250223,18747
250341,38399
250342,38399
250344,38399
250401,38399
250402,38399
250404,38399
250406,38399
250501,38399
250502,38399
250601,141539
251001,23569
251002,31290
251003,31290
251201,31290
251202,31290
251203,31290
251301,31290
251305,31290
251306,31290
251307,31290
251308,31290
251309,31290
251310,31290
251311,31290
251314,31290
251315,31290
251316,31290
251318,31290
251319,31290
251320,31290
251327,31290
261001,38908
261121,38908
261125,38908
261131,38908
261135,38908
261136,38908
261141,38908
261145,38908
261151,38908
261201,38908
261202,38908
261203,38908
261204,38908
261205,38908
261206,38908
261207,38908
261208,38908
261301,38908
261302,38908
261303,38908
261401,38908
261402,38908
261403,38908
261404,38908
261405,38908
261501,24063
261502,24063
261505,24063
261506,24063
262001,49208
262121,49208
262122,49208
262124,49208
262201,49208
262202,49208
262203,49208
262302,49208
262305,49208
262406,37336
262701,24063
262702,24063
262721,24063
262722,24063
262723,24063
262724,24063
262725,24063
262726,24063
262727,24063
262728,24063
262801,24063
262802,24063
262803,24063
262804,24063
262805,24063
262901,24063
262902,24063
262903,24063
262904,24063
262905,24063
262906,24063
262907,24063
262908,24063
263145,358341
271001,24063
271002,24063
271003,24063
271122,24063
271123,24063
271124,24063
271125,24063
271126,24063
271129,24063
271201,31146
271202,24063
271203,31146
271204,31146
271205,31146
271206,31146
271207,31146
271208,31146
271209,24063
271210,31146
271215,31146
271301,24063
271302,24063
271303,24063
271304,24063
271305,24063
271306,31146
271307,31146
271309,24063
271310,24063
271311,24063
271312,24063
271313,24063
271319,24063
271401,24063
271402,24063
271403,24063
271502,24063
271503,24063
271504,24063
271601,24063
271602,24063
271603,24063
271604,31146
271607,31146
271609,31146
271801,25916
271802,25916
271803,24063
271804,24063
271805,24063
271821,25916
271824,25916
271825,25916
271830,25916
271831,24063
271835,24063
271840,24063
271841,25916
271845,24063
271851,25916
271855,25916
271861,31146
271865,25916
271870,25916
271871,25916
271872,25916
271875,25916
271881,25916
271882,25916
271901,25916
271902,25916
271903,25916
271904,25916
272001,22292
272002,22292
272123,22292
272124,22292
272125,22292
272126,22292
272127,22292
272128,22292
272129,22292
272130,22292
272131,22292
272148,22292
272150,22292
272151,22292
272152,34695
272153,34695
272154,34695
272155,22292
272162,37267
272163,22292
272164,37267
272165,37267
272171,22292
272172,37267
272173,37267
272175,37267
272176,37267
272177,22292
272181,22292
272182,22292
272189,34695
272190,22292
272191,34695
272192,34695
272193,34695
272194,22292
272195,34695
272199,37267
272201,34695
272202,34695
272203,34695
272204,34695
272205,34695
272206,34695
272207,34695
272208,34695
272270,37267
272271,37267
272301,22292
272302,22292
273001,25379
273002,25379
273003,25379
273004,25379
273005,25379
273006,25379
273007,25379
273008,25379
273010,25379
273012,25379
273013,25379
273014,25379
273015,25379
273016,25379
273017,25379
273152,25379
273158,25379
273165,25379
273201,25379
273202,25379
273203,25379
273209,25379
273211,25379
273212,25379
273213,25379
273306,25379
273401,25379
273402,25379
273403,25379
273404,25379
273405,25379
273406,25379
273407,25379
273408,25379
273409,25379
273411,25379
273412,25379
273413,25379
274001,24949
274149,43005
274182,24949
274201,24949
274202,24949
274203,43005
274204,24949
274205,24949
274206,43005
274207,43005
274208,24949
274301,43005
274302,43005
274303,43005
274304,43005
274305,43005
274306,43005
274401,43005
274402,43005
274403,43005
274404,24949
274405,24949
274406,43005
274407,43005
274408,24949
274409,43005
274501,24949
274502,24949
274505,24949
274506,24949
274508,24949
274509,24949
274601,24949
274602,24949
274603,24949
274604,24949
274701,24949
274702,24949
274703,24949
274704,24949
274705,24949
274801,43005
274802,43005
274807,24949
274808,24949
275101,23969
275102,23969
275103,23969
275105,23969
275201,13324
275202,13324
275203,13324
275204,13324
275205,13324
275301,23969
275302,23969
275303,23969
275304,23969
275305,23969
275306,23969
275307,23969
276001,23339
276121,23339
276122,23339
276123,23339
276124,23339
276125,23339
276126,23339
276127,23339
276128,23339
276129,23969
276131,23339
276135,23339
276136,23339
276137,23339
276138,23339
276139,23339
276140,23339
276141,23339
276142,23339
276143,23339
276201,23339
276202,23339
276203,23339
276204,23339
276205,23339
276206,23339
276207,23339
276208,23339
276288,23339
276301,23339
276302,23339
276303,23339
276304,23339
276305,23339
276306,23339
276402,23969
276403,23969
276404,23339
276405,23969
276406,23339
277001,17969
277121,17969
277123,17969
277124,17969
277201,17969
277202,17969
277203,17969
277204,17969
277205,17969
277207,17969
277208,17969
277209,17969
277210,17969
277211,17969
277213,17969
277214,17969
277216,17969
277219,17969
277301,17969
277302,17969
277303,17969
277304,17969
277401,17969
277402,17969
277403,17969
277501,17969
277502,17969
277503,17969
277504,17969
277506,17969
281001,20794
281003,20794
281004,20794
281005,20794
281006,20794
281121,20794
281122,20794
281123,20794
281201,20794
281202,20794
281203,20794
281204,20794
281205,20794
281206,20794
281301,20794
281302,8241
281303,20794
281305,20794
281308,20794
281401,20794
281403,20794
281404,20794
281405,20794
281406,24507
281501,20794
281502,20794
281504,20794
282001,17165
282002,35001
282003,35001
282004,35001
282005,35001
282006,35001
282007,16844
282008,35001
282009,16683
282010,32374
283101,35001
283102,35001
283103,38770
283104,35001
283105,16683
283110,35001
283111,35001
283112,35001
283113,35001
283114,35001
283115,35001
283119,16683
283121,35001
283122,45299
283123,35001
283124,35001
283125,45299
283126,35001
283130,38770
283135,38770
283136,38770
283141,38770
283142,38770
283145,38770
283151,38770
283152,38770
283201,35001
283202,45299
283203,38770
283204,38770
283205,38770
283206,38770
283207,38770
284001,21738
284002,21738
284003,21738
284120,21738
284121,21738
284122,22065
284123,22065
284124,22065
284125,22065
284126,22065
284127,21738
284128,21738
284135,21738
284136,22065
284201,21738
284202,21738
284203,21738
284204,21738
284205,21738
284206,21738
284301,21738
284302,7310
284303,7310
284304,21738
284305,21738
284306,7310
284401,21738
284402,22065
284403,22065
284404,22065
284405,22065
284406,22065
284419,21738
284501,22065
285001,20950
285121,20950
285122,20950
285123,20950
285124,20950
285125,20950
285126,20950
285127,20950
285128,20950
285129,20950
285130,20950
285201,7045
285202,20950
285203,20950
285204,20950
285205,20950
285206,20950
285223,20950
301001,19149
301018,19149
301019,19149
301020,16984
301021,19149
301022,19149
301023,19149
301024,19149
301025,19149
301026,19149
301027,19149
301028,19149
301030,19149
301035,19149
301401,6444
301402,19149
301403,19149
301404,19149
301405,19149
301406,19149
301407,6444
301408,19149
301409,19149
301410,19149
301411,19149
301412,19149
301413,19149
301414,19149
301415,19149
301416,19149
301427,19149
301604,19149
301701,16984
301702,6444
301703,19149
301704,6444
301705,6444
301706,19149
301707,6444
301708,6444
301709,16984
301713,16984
301714,14996
302001,20195
302002,20195
302003,20195
302004,20195
302005,20195
302006,20195
302012,20195
302013,20195
302015,20195
302016,20195
302017,20195
302018,20195
302019,20195
302020,20195
302021,20195
302022,20195
302026,20195
302027,20195
302028,20195
302029,20195
302031,20195
302033,20195
302034,20195
302037,20195
302039,20195
303001,20195
303002,20195
303003,20195
303004,14237
303005,20195
303006,20195
303007,20195
303008,20195
303009,20195
303012,20195
303102,20195
303103,20195
303104,20195
303105,20195
303106,20195
303107,20195
303108,20007
303109,20195
303110,20195
303119,20195
303120,20195
303122,6796
303301,20195
303302,20195
303303,14237
303304,14237
303305,20195
303313,14237
303315,14237
303323,14237
303325,14237
303326,14237
303327,14237
303328,20195
303338,20195
303348,20195
303501,14237
303502,14237
303503,14237
303504,14237
303505,14237
303506,14237
303507,14237
303508,14237
303509,14237
303510,14237
303511,14237
303601,20195
303602,20195
303603,20195
303604,20195
303701,20195
303702,20195
303704,20195
303706,20195
303712,20195
303801,20195
303803,20195
303804,20195
303805,20195
303806,20195
303807,20195
303901,20195
303903,20195
303904,20195
303905,20195
303908,20195
304001,19317
304021,19317
304022,19317
304023,19317
304024,19317
304025,19317
304501,19317
304502,19317
304503,19317
304504,19317
304505,19317
304507,19317
304801,19317
304802,19317
304803,19317
304804,19317
305001,10035
305002,10035
305003,10035
305004,10035
305005,10035
305007,10035
305012,10035
305021,10035
305022,10035
305023,10035
305024,10035
305025,10035
305026,15639
305201,10035
305202,10035
305203,10035
305204,10035
305205,10035
305206,10035
305207,10035
305401,10035
305402,10035
305403,10035
305404,10035
305405,10035
305406,10035
305407,10035
305408,10035
305412,10035
305415,10035
305601,10035
305621,10035
305622,10035
305623,10035
305624,10035
305625,10035
305627,10035
305628,10035
305629,10035
305630,10035
305801,10035
305802,10035
305811,10035
305812,10035
305813,10035
305814,10035
305815,10035
305816,10035
305817,10035
305819,10035
305901,10035
305921,11445
305922,10035
305923,10035
305924,10035
305925,10035
305926,10035
305927,10035
306001,10072
306021,10072
306022,10072
306023,10072
306101,10072
306102,10072
306103,10072
306104,10072
306105,10072
306114,10072
306115,10072
306116,10072
306119,10072
306126,10072
306301,10072
306302,10072
306303,10072
306304,10072
306305,10072
306306,10072
306307,10072
306308,10072
306401,10072
306421,10072
306422,10072
306501,10072
306502,10072
306503,10072
306504,10072
306601,10072
306602,10072
306603,10072
306701,10072
306702,10072
306703,10072
306704,10072
306705,10072
306706,10072
306707,10072
306708,10072
306709,10072
306901,10072
306902,10072
306912,10072
307001,12526
307019,12526
307022,12526
307023,12526
307024,12526
307025,18524
307026,12526
307027,12526
307028,12526
307029,16124
307030,16124
307031,12526
307043,12526
307501,12526
307510,12526
307511,12526
307512,12526
307513,12526
307514,12526
307515,16124
307801,12526
307802,12526
307803,16124
311001,16375
311011,16375
311021,16375
311022,16375
311023,16375
311024,16375
311025,16375
311026,16375
311030,16375
311201,16375
311202,16375
311203,16375
311204,16375
311301,16375
311302,16375
311401,16375
311402,16375
311403,16375
311404,16375
311407,16375
311408,16375
311601,16375
311602,16375
311603,16375
311604,16375
311605,16375
311801,16375
311802,16375
311803,16375
311804,16375
311805,16375
311806,16375
313001,18524
313002,18524
313003,18524
313004,18524
313011,18524
313022,18524
313024,18524
313026,18524
313027,18524
313031,18524
313038,18524
313201,18524
313202,11445
313203,18524
313204,18524
313205,18524
313206,11445
313207,11445
313211,11445
313301,11445
313321,11445
313322,11445
313323,11445
313324,11445
313325,11445
313327,11445
313328,11445
313329,11445
313330,11445
313331,11445
313332,11445
313333,11445
313334,11445
313341,11445
313342,11445
313601,18524
313602,18524
313603,18524
313604,18524
313701,18524
313702,18524
313703,18524
313704,11445
313705,18524
313706,18524
313708,18524
313801,18524
313802,18524
313803,18524
313804,18524
313901,18524
313902,18524
313903,18524
313904,18524
313905,18524
313906,18524
314001,11613
314011,11613
314021,11613
314022,11613
314023,11613
314024,11613
314025,11613
314026,11613
314027,11613
314028,11613
314029,11613
314030,11613
314031,11613
314032,11613
314034,11613
314035,11613
314036,11613
314037,11613
314038,11613
314401,11613
314402,11613
314403,11613
314404,11613
314406,11613
314801,11613
314804,11613
321001,17617
321021,17617
321022,17617
321023,5928
321024,13796
321025,17617
321026,17617
321028,17617
321201,17617
321202,17617
321203,17617
321204,5928
321205,17617
321206,17617
321301,17617
321302,17617
321303,17617
321401,17617
321402,17617
321403,17617
321404,17617
321405,17617
321406,17617
321407,17617
321408,17617
321409,17617
321410,17617
321411,17617
321601,17617
321602,17617
321605,19149
321606,19149
321607,19149
321608,14237
321609,14237
321610,15098
321611,15098
321612,14237
321613,14237
321614,17617
321615,17617
321633,19149
321642,17617
322001,13222
322023,13222
322024,13222
322025,13222
322026,13222
322027,13222
322028,13222
322029,13222
322030,13222
322033,13222
322034,13222
322201,13222
322202,13222
322203,15098
322204,15098
322205,13222
322211,13222
322212,13222
322213,15098
322214,13222
322215,15098
322216,15098
322218,15098
322219,13222
322220,15098
322230,15098
322234,15098
322236,15098
322238,15098
322240,14237
322241,15098
322242,15098
322243,15098
322249,15098
322251,15098
322252,15098
322254,15098
322255,15098
322701,13222
322702,13222
322703,13222
322704,13222
323001,15448
323021,15448
323022,15448
323023,15448
323024,15448
323025,15448
323301,5198
323601,5198
323602,15448
323603,15448
323613,15448
323614,15448
323615,15448
323616,15448
323801,15448
323802,15448
323803,15448
324001,5976
324002,15872
324003,15872
324004,15872
324005,15872
324006,15872
324007,15872
324008,15872
324009,15872
324010,15872
325001,5376
325003,15872
325004,15872
325009,15872
325201,15872
325202,20467
325203,15872
325204,15872
325205,20467
325206,20467
325207,15872
325208,15872
325209,20467
325214,15872
325215,20467
325216,20467
325217,20467
325218,20467
325219,20467
325220,20467
325221,20467
325222,20467
325223,20467
325601,15872
325602,15872
326001,17045
326021,17045
326022,17045
326023,17045
326033,17045
326034,17045
326035,17045
326036,17045
326037,17045
326038,17045
326039,17045
326501,17045
326502,17045
326512,17045
326513,17045
326514,17045
326515,17045
326516,17045
326517,15872
326518,15872
326519,15872
326520,15872
326529,15872
326530,15872
327001,21717
327021,21717
327022,21717
327023,21717
327024,21717
327025,21717
327026,21717
327027,21717
327031,21717
327032,21717
327034,21717
327601,21717
327602,21717
327603,21717
327604,21717
327605,21717
327606,21717
327801,21717
328001,20189
328021,20189
328022,20189
328023,20189
328024,20189
328025,20189
328026,20189
328027,20189
328028,20189
328029,20189
328030,20189
328031,20189
328041,20189
331001,18233
331021,18233
331022,18233
331023,18233
331024,10395
331029,18233
331031,18233
331301,18233
331302,18233
331303,18233
331304,18233
331305,6136
331402,18233
331403,18233
331411,18233
331501,18233
331502,18233
331503,18233
331504,18233
331505,18233
331506,18233
331507,18233
331517,18233
331518,18233
331701,18233
331801,21138
331802,18233
331803,21138
331811,21138
332001,10395
332002,10395
332021,10395
332023,10395
332024,10395
332025,10395
332026,10395
332027,10395
332028,10395
332029,10395
332030,10395
332031,10395
332041,10395
332042,10395
332301,10395
332302,10395
332303,10395
332304,10395
332305,10395
332307,10395
332311,10395
332312,10395
332315,10395
332316,10395
332317,10395
332318,10395
332401,10395
332402,10395
332403,10395
332404,10395
332405,10395
332406,10395
332411,10395
332601,10395
332602,10395
332603,10395
332701,10395
332702,10395
332703,10395
332705,10395
332706,10395
332707,10395
332708,10395
332709,10395
332710,10395
332711,10395
332712,10395
332713,10395
332714,10395
332715,10395
332718,10395
332719,10395
332721,10395
332722,10395
332742,10395
332746,16124
333001,16124
333029,16124
333036,16124
334001,7113
334003,21138
334004,7113
334006,21138
334021,21138
334022,21138
334023,21138
334201,21138
334202,21138
334302,21138
334303,21138
334305,21138
334401,7160
334402,7160
334403,21138
334601,21138
334602,21138
334603,21138
334604,21138
334801,21138
334802,21138
334803,21138
334804,21138
334808,21138
335001,16124
335002,16124
335021,16124
335022,16124
335024,16124
335025,16124
335027,16124
335037,16124
335038,16124
335039,16124
335040,16124
335041,16124
335051,16124
335061,16124
335062,16124
335063,27607
335064,27607
335065,16124
335073,16124
335501,27607
335502,27607
335503,27607
335504,27607
335511,27607
335512,9413
335513,27607
335523,27607
335524,27607
335525,9290
335526,9290
335701,16124
335702,16124
335703,16124
335704,16124
335707,16124
335711,16124
335801,27607
335802,27607
335803,27607
335804,16124
335805,16124
335901,16124
341001,15639
341021,15639
341022,15639
341023,15639
341024,15639
341025,15639
341026,15639
341027,15639
341028,15639
341029,15639
341030,15639
341031,15639
341301,15639
341302,15639
341303,15639
341304,15639
341305,15639
341306,15639
341316,15639
341317,15639
341318,15639
341319,15639
341501,15639
341502,15639
341503,15639
341504,15639
341505,15639
341506,15639
341507,15639
341508,15639
341509,15639
341510,15639
341511,15639
341512,15639
341513,15639
341514,15639
341515,15639
341516,15639
341517,15639
341518,15639
341519,15639
341520,15639
341533,15639
341551,15639
342001,19542
342003,19542
342005,19542
342006,19542
342007,19542
342008,19542
342011,19542
342012,19542
342013,19542
342014,19542
342015,19542
342021,19542
342022,19542
342023,19542
342024,19542
342025,19542
342026,19542
342027,19542
342028,19542
342037,19542
342301,19542
342302,19542
342303,19542
342304,19542
342305,19542
342306,19542
342307,19542
342308,19542
342309,19542
342310,11238
342311,19542
342312,19542
342314,19542
342601,19542
342602,19542
342603,19542
342604,19542
342605,19542
342606,19542
342801,19542
342802,19542
342901,19542
342902,15639
343001,16124
343002,16124
343021,16124
343022,16124
343023,16124
343024,16124
343025,16124
343027,16124
343028,16124
343029,16124
343030,16124
343032,16124
343039,16124
343040,16124
343041,16124
343042,16124
343048,16124
343049,16124
344001,20970
344011,20970
344012,20970
344021,20970
344022,20970
344024,20970
344025,20970
344026,20970
344027,20970
344031,20970
344032,20970
344033,20970
344034,20970
344035,20970
344037,20970
344043,20970
344044,20970
344501,20970
344502,20970
344701,20970
344702,20970
344703,20970
344704,20970
344705,20970
344706,20970
344708,20970
344801,20970
345001,11238
345021,11238
345022,11238
345023,11238
345024,11238
345025,11238
345026,11238
345027,11238
345028,11238
345031,11238
345033,11238
345034,11238
360001,5279
360002,15481
360003,15481
360004,15481
360005,15481
360006,15481
360007,15481
360020,15481
360021,15481
360022,15481
360023,15481
360024,15481
360025,15481
360030,15481
360035,15481
360040,15481
360050,15481
360055,15481
360060,15481
360070,15481
360110,15481
360311,15481
360320,15481
360330,15481
360360,15481
360370,15481
360375,15481
360380,15481
360405,15481
360410,15481
360421,15481
360430,15481
360440,15481
360450,15481
360452,15481
360460,15481
360470,15481
360480,10204
360490,15481
360510,10204
360515,10204
360520,10204
360530,10204
360531,10204
360540,10204
360545,14156
360550,14156
360570,14156
360575,14156
360576,14156
360579,14156
360590,14156
361001,10204
361002,10204
361003,10204
361004,10204
361005,10204
361006,10204
361007,10204
361008,10204
361010,10204
361011,10204
361012,10204
361013,10204
361110,10204
361120,10204
361130,10204
361140,10204
361142,10204
361150,10204
361160,10204
361162,10204
361170,10204
361210,10204
361220,10204
361230,10204
361240,10204
361250,10204
361280,10204
361305,10204
361306,10204
361310,10204
361315,10204
361320,10204
361325,10204
361330,10204
361335,10204
361345,10204
361347,10204
361350,10204
362001,13549
362002,13549
362011,13549
362015,13549
362020,13549
362030,13549
362037,13549
362110,13549
362120,13549
362130,13549
362135,13549
362140,13549
362150,13549
362205,13549
362215,13549
362220,13549
362222,13549
362225,13549
362226,13549
362227,13549
362230,14156
362240,13549
362245,13549
362250,13549
362255,13549
362260,13549
362263,13549
362265,13549
362268,13549
362275,13549
362310,13549
362315,13549
362510,13549
362520,11320
362530,13549
362550,13549
362560,13549
362565,13549
362610,13549
362620,13549
362625,13549
362630,13549
362640,13549
362650,14156
362710,13549
362715,13549
362720,13549
363621,15481
363630,15481
363641,15481
363642,15481
363650,15481
363655,10204
363660,15481
363670,15481
364001,15260
364002,15260
364003,15260
364004,15260
364005,15260
364006,15260
364050,15260
364060,15260
364070,15260
364081,15260
364110,15260
364120,15260
364130,15260
364135,15260
364140,15260
364145,15260
364150,15260
364210,15260
364230,15260
364240,15260
364250,15260
364260,15260
364265,15260
364270,15260
364275,15260
364280,15260
364290,15260
364295,15260
364310,15260
364313,15260
364320,15260
364330,15260
364505,15260
364510,15260
364515,10968
364521,10968
364522,10968
364525,10968
364530,10968
364710,15260
364720,15260
364730,15260
364740,15260
364750,15260
364760,15260
364765,15260
365220,10968
365410,10968
365421,10968
365430,10968
365435,10968
365440,10968
365450,10968
365455,10968
365456,10968
365460,10968
365480,10968
365535,10968
365540,10968
365541,10968
365550,10968
365555,10968
365560,10968
365601,10968
365610,10968
365620,10968
365630,10968
365635,10968
365640,10968
365645,10968
365650,10968
370001,10990
370015,10990
370020,10990
370030,10990
370040,10990
370105,10990
370110,10990
370115,10990
370130,10990
370135,10990
370140,10990
370145,10990
370150,10990
370155,10990
370160,10990
370165,10990
370201,10990
370203,10990
370205,10990
370210,10990
370230,10990
370240,10990
370405,10990
370410,10990
370415,10990
370421,10990
370425,10990
370427,10990
370430,10990
370435,10990
370445,10990
370450,10990
370455,10990
370460,10990
370465,10990
370475,10990
370485,10990
370490,10990
370510,10990
370601,10990
370605,10990
370610,10990
370615,10990
370620,10990
370625,10990
370627,10990
370630,10990
370645,10990
370650,10990
370655,10990
370660,10990
370665,10990
370670,10990
370675,10990
382620,10990
383205,263842
383315,263842
384001,10990
384002,10990
384003,10990
384012,10990
384110,14595
384120,10990
384130,10990
384140,10990
384151,14595
384160,10990
384170,10990
384220,14595
384221,14595
384225,14595
384229,14595
384230,14595
384240,14595
384241,14595
384245,14595
384246,14595
384255,14595
384260,10990
384265,14595
384272,14595
384275,14595
384285,14595
384290,14595
384305,10990
384310,10990
384315,10990
384320,10990
384325,10990
384330,10990
384335,10990
384340,10990
384345,10990
384355,10990
384360,10990
384410,10990
384421,10990
384430,10990
384435,10990
385340,14595
385350,14595
385360,14595
387001,9995
387002,9995
387110,9995
387115,9995
387120,9995
387130,9995
387210,8262
387220,8262
387230,9995
387240,8262
387305,9995
387310,8262
387315,9995
387320,9995
387325,9995
387330,9995
387335,9995
387340,9995
387345,9995
387350,9995
387355,9995
387360,9995
387365,9995
387370,9995
387375,9995
387380,9995
387411,9995
387430,9995
387510,9995
387520,9995
387530,9995
387540,9995
387550,9995
387560,9995
387570,9995
387610,9995
387620,9995
387630,9995
387635,9995
387640,9995
387650,9995
387710,9995
388001,8262
388110,8262
388120,8262
388130,8262
388140,8262
388150,8262
388160,8262
388170,8262
388180,8262
388205,8262
388210,8262
388215,9995
388220,8262
388225,9995
388230,9995
388235,9995
388239,9995
388245,9995
388250,9995
388255,9995
388260,9995
388265,9995
388270,10990
388305,8262
388306,8262
388307,8262
388310,8262
388315,8262
388320,8262
388325,8262
388330,8262
388335,8262
388340,8262
388345,8262
388350,8262
388355,8262
388360,8262
388365,8262
388370,8262
388410,9995
388421,9995
388430,8262
388440,8262
388450,8262
388460,8262
388465,8262
388470,8262
388480,8262
388510,8262
388520,8262
388530,8262
388540,8262
388543,8262
388545,8262
388550,8262
388560,8262
388570,8262
388580,8262
388590,8262
388610,8262
388620,8262
388625,8262
388630,8262
388640,8262
388710,10990
388713,10990
389001,10990
389002,10990
389110,10990
389115,10990
389120,10990
389175,462295
389210,10990
389220,10990
389230,10990
389232,10990
389235,10990
389250,10990
389260,10990
389265,10990
389310,10990
389320,10990
389330,10990
389340,10990
389341,10990
389350,10990
389360,10990
389365,10990
389370,10990
389390,10990
390001,10990
390002,10990
390003,10990
390004,10990
390006,10990
390007,10990
390009,10990
390010,10990
390011,10990
390012,10990
390013,10990
390014,10990
390016,10990
390017,10990
390018,10990
390019,10990
390020,10990
390021,10990
390022,10990
390023,10990
390024,10990
390025,10990
391101,10990
391105,10990
391107,10990
391110,10990
391115,10990
391120,12834
391125,10990
391130,10990
391135,10990
391140,10990
391145,10990
391150,10990
391152,10990
391156,10990
391160,10990
391165,10990
391168,10990
391170,10990
391210,10990
391220,10990
391240,10990
391243,10990
391244,10990
391250,10990
391310,10990
391320,10990
391330,10990
391340,10990
391345,10990
391350,10990
391410,10990
391421,10990
391430,10990
391440,10990
391445,10990
391450,10990
391510,10990
391520,10990
391530,10990
391740,10990
391745,10990
391750,10990
391760,10990
391761,10990
391770,10990
391774,10990
391775,10990
391780,10990
391810,9365
392001,9365
392011,9365
392012,9365
392015,9365
392020,9365
392025,9365
392030,9365
392035,9365
392040,9365
392110,9365
392130,9365
392135,9365
392140,9365
392150,9365
392155,9365
392160,9365
392165,9365
392170,9365
392180,9365
392210,9365
392215,9365
392220,10990
392230,9365
392240,9365
393001,9365
393002,10990
393010,9365
393017,9365
393020,9365
393025,12834
393030,9365
393040,12834
393041,12834
393050,12834
393105,10990
393110,9365
393115,9365
393120,12834
393125,9365
393130,9365
393135,9365
393140,12834
393145,12834
393150,12834
393151,12834
394101,15372
394105,15372
394107,15372
394110,15372
394115,9365
394120,15372
394125,15372
394130,15372
394140,15372
394150,15372
394155,15372
394160,15372
394163,15372
394170,15372
394180,15372
394185,15372
394190,15372
394210,15372
394221,15372
394230,15372
394235,15372
394240,15372
394246,15372
394248,15372
394250,15372
394270,15372
394305,15372
394310,15372
394315,15372
394317,15372
394320,15372
394325,15372
394327,15372
394330,15372
394335,15372
394340,15372
394345,15372
394350,15372
394352,15372
394355,15372
394370,15372
394375,15372
394380,15372
394405,15372
394410,15372
394421,15372
394430,15372
394440,15372
394445,15372
394510,15372
394515,15372
394516,15372
394517,15372
394518,15372
394520,15372
394530,15372
394540,15372
394550,15372
394601,15372
394620,15372
394630,15372
394635,15372
394640,15372
394650,15372
394651,15372
394655,15372
394660,15372
394670,15372
394680,15372
394690,15372
394710,10990
394715,15372
394716,10990
394720,10990
394730,10990
394810,9365
395001,15372
395002,15372
395003,15372
395004,15372
395005,15372
395006,15372
395007,15372
395008,15372
395009,15372
395010,15372
395011,15372
395012,15372
395013,15372
395017,15372
395023,15372
396001,11219
396002,11219
396007,11219
396020,11219
396030,11219
396035,11219
396040,7819
396045,11219
396050,11219
396051,11219
396055,11219
396060,7819
396065,11219
396105,11219
396110,7819
396115,11219
396120,11219
396125,11219
396126,11219
396130,11219
396135,11219
396140,11219
396145,11219
396150,11219
396155,11219
396165,11219
396170,11219
396171,11219
396180,11219
396185,11219
396191,11219
396193,11219
396195,11219
396235,11219
396310,7819
396321,7819
396325,7819
396350,7819
396360,7819
396370,7819
396375,11219
396380,7819
396385,11219
396403,7819
396406,7819
396409,7819
396412,7819
396415,7819
396418,7819
396421,7819
396427,7819
396430,7819
396433,7819
396436,7819
396439,7819
396445,7819
396450,7819
396460,7819
396463,7819
396466,7819
396469,7819
396472,7819
396475,7819
396510,15372
396521,7819
396530,7819
396540,7819
396560,7819
396570,7819
396580,7819
396590,7819
400001,14737
400005,14737
400006,14737
400010,14737
400013,14737
400018,14737
400021,14737
400027,14737
400028,14737
400049,14737
400050,14737
400051,14737
400053,14737
400054,14737
400059,14737
400060,14737
400063,14737
400068,14737
400070,14737
400071,14737
400074,14737
400080,14737
400086,14737
400087,14737
400097,14737
400601,22207
400602,22207
400603,14294
400604,22207
400605,11065
400606,22207
400607,8190
400608,22207
400610,22207
400612,7304
400614,17694
400615,7304
400701,22207
400702,14737
400703,22207
400706,22207
400708,23037
400709,22207
400710,22207
401101,22207
401102,22207
401103,22207
401105,22207
401106,22207
401107,22207
401201,22207
401202,22207
401203,22207
401204,22207
401206,22207
401207,22207
401208,22207
401209,8043
401301,7156
401302,22207
401303,22207
401304,22207
401305,22207
401401,22207
401402,22207
401403,22207
401404,22207
401405,22207
401501,22207
401502,22207
401503,22207
401504,22207
401506,22207
401601,22207
401602,22207
401603,22207
401604,22207
401605,22207
401606,22207
401607,22207
401701,22207
401702,22207
401703,22207
403001,3944
403002,3944
403004,3944
403005,3944
403006,3944
403101,3944
403102,3944
403103,4095
403104,3944
403105,3944
403106,3312
403107,3312
403108,3944
403109,3944
403110,3944
403114,3944
403115,3312
403201,3944
403202,3944
403203,3944
403204,3944
403206,3944
403401,3312
403402,3944
403403,3944
403404,3312
403406,3944
403409,3312
403410,3312
403501,3944
403502,3944
403503,3944
403504,3944
403505,3944
403506,3944
403507,3944
403508,3944
403509,3944
403510,3944
403511,3944
403512,3944
403513,3944
403515,3944
403516,3944
403517,3944
403521,3944
403523,3944
403524,3944
403526,3944
403527,3944
403529,4095
403530,3944
403601,3312
403602,3312
403701,3312
403702,3312
403703,3312
403704,3312
403705,3312
403706,3312
403707,3312
403708,3312
403709,3312
403710,3312
403711,3312
403712,3312
403713,3312
403714,3312
403715,3312
403716,3312
403717,3312
403718,3312
403719,3312
403720,3312
403721,3312
403722,3312
403723,3312
403724,3312
403725,3312
403726,3312
403728,3312
403731,3312
403801,3312
403802,3312
403803,3312
403804,3312
403806,3312
410102,14737
410206,14737
410208,14737
410210,14737
410221,14737
410301,14737
410302,14737
410401,14737
410402,14737
410403,14737
410405,14737
410406,14737
410501,14737
410502,14737
410503,14737
410504,14737
410505,6367
410506,14737
410507,14737
410508,14737
410509,14737
410510,14737
410511,14737
410512,14737
410513,14737
410515,14737
410516,14737
411001,21238
411002,14737
411003,14737
411004,22597
411005,14737
411006,14737
411007,14737
411008,14737
411009,14737
411011,14737
411012,14737
411013,14737
411014,13123
411015,14737
411016,14737
411017,14737
411018,14737
411019,14737
411020,14737
411021,14737
411022,14737
411023,14737
411024,14737
411025,6443
411026,14737
411027,14737
411028,14737
411030,14737
411031,14737
411032,14737
411033,14737
411034,14737
411035,14737
411036,14737
411037,14737
411038,14737
411039,14737
411040,14737
411041,14737
411042,14737
411043,14737
411044,14737
411045,14737
411046,14737
411047,14737
411048,14737
411051,14737
411052,14737
411057,14737
411058,14737
411060,14737
411061,14737
411062,14737
412101,14737
412102,14737
412103,14737
412104,14737
412105,6367
412106,14737
412107,14737
412108,14737
412109,14737
412110,6367
412112,14737
412115,14737
412201,14737
412202,14737
412203,14737
412204,14737
412205,14737
412206,14737
412207,14737
412208,14737
412209,14737
412210,14737
412211,14737
412212,14737
412213,14737
412214,14737
412215,14737
412216,6099
412218,14737
412219,14737
412220,14737
412301,14737
412303,14737
412304,14737
412305,14737
412306,14737
412307,6443
412308,23718
412311,14737
412312,14737
412401,14737
412402,14737
412403,14737
412404,14737
412405,14737
412406,14737
412408,14737
412409,14737
412410,14737
412411,14737
412412,14737
412801,8372
412802,8372
412803,8372
412804,8372
412805,8372
412806,8372
413001,10736
413002,10859
413003,13813
413004,13813
413005,13813
413006,13813
413008,13813
413101,13813
413102,14737
413103,14737
413104,14737
413105,14737
413106,14737
413107,13813
413108,13813
413109,13813
413110,14737
413111,13813
413112,13813
413113,13813
413114,14737
413115,14737
413116,14737
413118,13813
413120,14737
413130,14737
413132,14737
413133,14737
413202,13813
413203,13813
413206,13813
413208,13813
413209,13813
413210,13813
413211,13813
413212,13813
413213,13813
413214,13813
413215,13813
413216,13813
413217,13813
413218,13813
413219,13813
413220,13813
413221,13813
413222,13813
413223,13813
413224,13813
413226,13813
413227,13813
413228,13813
413248,13813
413250,13813
413251,13813
413252,13813
413253,13813
413255,13813
413301,13813
413302,13813
413303,13813
413304,4918
413305,13813
413306,13813
413307,13813
413308,13813
413309,13813
413310,13813
413314,13813
413315,13813
413317,13813
413319,13813
413322,13813
413324,13813
413401,13813
413402,13813
413403,13813
413404,13813
413405,10937
413406,13813
413409,13813
413410,13813
413411,13813
413412,13813
413501,10937
413502,10937
413503,10937
413504,10937
413505,10937
413506,10937
413507,10937
413508,10937
413509,10937
413510,10937
413511,35588
413512,35588
413513,35588
413514,10937
413515,35588
413516,35588
413517,35588
413518,35588
413519,35588
413520,35588
413521,10937
413522,35588
413523,10937
413524,35588
413525,10937
413526,10937
413527,35588
413528,10937
413529,35588
413530,35588
413531,10937
413532,35588
413534,10937
413544,10937
413581,10937
413582,10937
413601,10937
413602,10937
413603,10937
413604,10937
413605,10937
413606,10937
413607,10937
413608,10937
413623,10937
413624,10937
413801,14737
413802,14737
414001,14737
415001,8372
415002,8372
415003,8372
415004,8372
415010,8372
415011,8372
415012,8372
415013,8372
415014,8372
415015,8372
415019,8372
415020,8372
415021,8372
415022,8372
415023,8372
415101,10915
415102,8372
415103,8372
415104,8372
415105,8372
415106,8372
415107,8372
415108,8372
415109,8372
415110,8372
415111,8372
415112,8372
415114,8372
415115,8372
415116,8372
415122,8372
415124,8372
415202,4802
415203,4802
415205,8372
415206,8372
415207,8372
415208,4802
415209,8372
415211,8372
415212,8372
415214,4802
415301,9285
415302,9285
415303,9285
415304,9285
415305,9285
415306,9285
415307,9285
415308,9285
415309,9285
415310,9285
415311,9285
415312,8372
415313,9285
415315,9285
415401,9285
415402,9285
415403,9285
415404,9285
415405,9285
415406,9285
415407,9285
415408,9285
415409,9285
415410,9285
415411,9285
415412,9285
415413,9285
415414,9285
415415,9285
415501,8372
415502,8372
415503,8372
415504,8372
415505,8372
415506,8372
415507,8372
415508,8372
415509,8372
415510,8372
415511,8372
415512,8372
415513,8372
415514,8372
415515,8372
415516,8372
415517,8372
415518,8372
415519,8372
415520,8372
415521,8372
415522,8372
415523,8372
415524,8372
415525,8372
415526,8372
415527,8372
415528,8372
415530,8372
415536,8372
415537,8372
415538,8372
415539,8372
415540,8372
415601,4802
415602,4802
415603,4802
415604,4802
415605,4802
415606,4802
415607,4802
415608,4802
415609,4802
415610,4802
415611,4802
415612,4802
415613,4802
415614,4802
415615,4802
415616,4802
415617,4802
415619,4802
415620,4802
415621,4802
415626,4802
415628,4802
415629,4802
415634,4802
415637,4802
415639,4802
415640,4802
415641,4802
415643,4802
415701,4802
415702,4802
415703,4802
415705,4802
415706,4802
415708,4802
415709,4802
415710,4802
415711,4802
415712,4802
415713,4802
415714,4802
415715,4802
415716,4802
415717,4802
415718,4802
415719,4802
415720,4802
415722,4802
415724,4802
415726,4802
415727,4802
415728,4802
415729,4802
415730,4802
415801,4802
415802,4802
415803,4802
415804,4802
415805,4802
415806,4802
415807,4802
416001,9001
416002,10915
416003,10915
416004,10915
416005,10915
416006,10915
416007,10915
416008,9585
416010,10915
416011,10915
416012,10915
416013,10915
416101,10915
416102,10915
416103,10915
416104,10915
416105,10915
416106,10915
416107,10915
416108,10915
416109,10915
416110,10915
416111,10915
416112,10915
416113,10915
416114,10915
416115,4605
416116,10915
416118,10915
416119,10915
416120,10915
416121,10915
416122,10915
416143,10915
416144,10915
416146,10915
416201,10915
416202,10915
416203,10915
416204,10915
416205,10915
416206,10915
416207,10915
416208,10915
416209,10915
416210,10915
416211,11259
416212,10915
416213,10915
416214,10915
416215,10915
416216,10915
416218,10915
416219,10915
416220,10915
416221,10915
416223,10915
416229,10915
416230,10915
416231,10915
416232,10915
416234,10915
416235,10915
416236,10915
416301,9285
416302,9285
416303,9285
416304,9285
416305,9285
416306,9285
416307,9285
416308,9285
416309,9285
416310,9285
416311,9285
416312,9285
416313,9285
416314,9642
416315,9285
416316,9285
416401,9285
416402,9285
416403,9285
416404,9285
416405,9285
416406,9285
416407,9285
416408,9285
416409,9285
416410,9285
416411,9285
416412,9285
416413,9285
416414,9285
416415,9285
416416,9285
416417,9285
416418,9285
416419,9285
416420,9285
416436,9285
416437,9285
416501,10915
416502,10915
416503,10915
416504,10915
416505,10915
416506,10915
416507,10915
416508,10915
416509,10915
416510,3479
416511,3479
416512,3479
416513,3479
416514,3479
416515,3479
416516,3479
416517,3479
416518,3479
416519,3479
416520,3479
416521,3479
416522,3479
416523,3479
416524,3479
416525,3479
416526,10915
416527,10915
416528,3479
416529,3479
416531,3479
416534,3479
416549,3479
416551,10915
416552,10915
416601,3479
416602,3479
416603,3613
416604,3479
416605,3479
416606,3479
416608,3479
416609,3479
416610,3479
416611,3479
416612,3479
416613,3479
416614,3479
416615,3479
416616,3479
416620,3479
416623,3479
416626,3479
416628,3479
416630,3479
416632,3479
416701,4802
416702,4802
416703,3479
416704,4802
416705,4802
416707,4802
416709,4802
416712,4802
416713,4802
416801,3479
416803,3479
416804,3479
416805,3479
416806,3479
416807,3479
416810,3479
416811,3479
416812,3479
416813,3479
421002,22207
421004,22207
421005,22207
421101,22207
421102,7452
421103,7156
421201,11830
421202,22207
421203,22207
421204,22207
421301,22207
421302,10593
421303,22207
421305,22207
421306,22207
421308,22207
421311,22207
421312,7156
421401,22207
421402,22207
421403,22207
421501,22207
421502,22207
421503,7156
421505,22207
421506,22207
421601,22207
421602,22207
421603,22207
421605,22207
422001,15869
422002,17643
422003,9086
422004,17643
422005,17643
422006,17643
422007,17643
422008,17643
422009,15193
422010,17643
422011,17643
422012,17643
422013,17643
422101,17643
422102,17643
422103,17643
422104,17643
422105,17643
422112,17643
422113,17643
422201,17643
422202,17643
422203,17643
422204,17643
422205,17643
422206,17643
422207,17643
422208,17643
422209,17643
422210,17643
422211,17643
422212,17643
422213,17643
422214,17643
422215,17643
422221,17643
422222,17643
422301,17643
422302,17643
422303,17643
422304,17643
422305,17643
422306,17643
422308,17643
422401,17643
422402,17643
422403,17643
422502,17643
422606,17643
423101,17643
423102,17643
423104,17643
423105,17643
423106,17643
423108,17643
423110,17643
423111,17643
423117,17643
423201,17643
423202,17643
423203,17643
423204,17643
423205,17643
423206,17643
423208,17643
423212,17643
423213,17643
423301,17643
423302,17643
423303,17643
423401,17643
423402,17643
423403,17643
423501,17643
423502,17643
423701,20643
423702,20643
423703,20643
424001,17130
424002,17130
424004,17130
424005,17130
424006,17130
424101,14822
424102,14822
424103,14822
424104,14822
424105,14822
424106,14822
424107,14822
424108,14822
424109,17643
424119,14822
424201,14822
424202,14822
424203,14822
424204,14822
424205,14822
424206,14822
424207,14822
424208,14822
424301,17130
424302,17130
424303,17130
424304,17130
424305,17130
424306,17130
424307,17130
424308,17130
424309,17130
424310,17130
424311,17130
424318,17130
425001,14822
425002,14822
425003,14822
425004,14822
425101,14822
425102,14822
425103,14822
425104,14822
425105,14822
425107,14822
425108,14822
425109,14822
425110,14822
425111,14822
425112,14822
425113,14822
425114,14822
425115,14822
425116,15392
425201,14822
425203,14822
425301,14822
425302,14822
425303,14822
425304,14822
425305,14822
425306,14822
425307,14822
425308,14822
425309,14822
425310,14822
425311,14822
425327,14822
425401,14822
425402,14822
425403,17130
425404,17130
425405,17130
425406,17130
425407,17130
425408,17130
425409,18835
425410,18835
425411,18835
425412,18835
425413,18835
425414,18835
425415,18835
425416,18835
425417,18835
425418,18835
425419,18835
425420,14822
425421,17130
425422,18835
425423,18835
425424,18835
425426,18835
425427,17130
425428,17130
425432,18835
425442,18835
425444,18835
425452,18835
425501,14822
425502,14822
425503,14822
425504,14822
425505,14822
425506,14822
425507,14822
425508,14822
425524,14822
431001,18573
431002,21246
431003,9097
431004,20643
431005,11389
431006,20643
431007,20643
431008,20643
431009,20643
431010,20643
431101,20643
431102,20643
431103,20643
431104,20643
431105,20643
431107,20643
431109,20643
431110,20643
431111,20643
431112,20643
431113,20643
431114,22408
431115,20643
431116,20643
431117,20643
431118,20643
431120,20643
431121,20643
431122,562166
431132,22408
431133,20643
431134,20643
431135,20643
431136,20643
431137,20643
431147,20643
431148,20643
431150,20643
431151,20643
431154,20643
431202,22408
431203,22408
431204,22408
431205,22408
431206,22408
431207,22408
431208,22408
431209,22408
431211,22408
431212,22408
431213,22408
431214,22408
431215,22408
431401,23478
431402,23478
431501,22408
431502,22408
431503,23478
431504,22408
431505,23478
431506,23478
431507,22408
431508,23478
431509,23478
431510,23478
431511,23478
431512,36614
431513,36614
431514,23478
431516,23478
431521,23478
431522,10937
431536,23478
431537,23478
431540,23478
431541,23478
431542,36614
431601,7648
431602,13964
431603,18041
431604,18041
431605,4469
431606,18041
431701,36614
431702,36614
431703,36614
431704,18041
431705,36614
431707,18041
431708,18041
431709,18041
431710,18041
431711,18041
431712,18041
431713,18041
431714,18041
431715,18041
431716,18041
431717,18041
431718,18041
431719,18041
431720,23478
431721,18041
431722,18041
431723,18041
431731,18041
431736,18041
431741,18041
431742,18041
431743,18041
431745,18041
431746,18041
431750,18041
431801,18041
431802,18041
431803,18041
431804,18041
431805,18041
431806,18041
431807,18041
431808,18041
431809,18041
431810,18041
431811,18041
440001,11528
440002,16277
440003,16277
440005,16277
440006,16277
440007,16277
440008,16277
440010,16698
440012,16277
440013,16277
440014,16277
440015,6351
440016,16277
440017,16277
440018,16277
440019,16277
440020,16277
440021,16649
440022,16277
440023,16277
440024,16277
440025,16277
440026,16277
440027,16277
440030,16277
440032,16277
440033,16277
440034,16277
440035,16277
440036,16277
440037,16277
441001,16277
441101,16277
441102,16277
441103,16277
441104,16277
441105,16277
441106,16277
441107,16277
441108,16277
441109,16277
441110,16277
441111,16277
441112,16277
441113,16277
441122,16277
441123,16277
441201,16277
441202,16277
441203,16277
441204,16277
441205,13629
441206,13629
441207,13629
441208,16643
441209,16643
441210,16277
441212,13629
441214,16277
441215,13629
441217,16643
441221,13629
441222,13629
441223,13629
441224,13629
441225,13629
441226,13629
441301,16277
441302,16277
441303,16277
441304,16277
441305,16277
441306,16277
441401,16277
441404,16277
441501,16277
441502,16277
441802,14478
441803,14478
441804,14478
441805,14478
441807,287463
441809,14478
441903,14478
441904,14478
441905,14478
441906,14478
441907,14478
441908,14478
441909,14478
441910,14478
441912,14478
441913,14478
441914,14478
441915,14478
441924,14478
442001,15654
442003,15654
442101,15654
442102,15654
442104,15654
442105,15654
442106,15654
442111,15654
442201,15654
442202,15654
442203,15654
442301,15654
442302,15654
442303,15654
442304,15654
442305,15654
442306,15654
442307,15654
442401,13629
442402,13629
442403,13629
442404,13629
442406,13629
442501,13629
442502,13629
442503,13629
442504,16643
442505,13629
442507,13629
442603,16643
442604,16643
442605,16643
442606,16643
442701,13629
442702,13629
442703,16643
442704,16643
442705,16643
442707,16643
442709,16643
442710,16643
442901,13629
442902,13629
442903,13629
442904,13629
442905,13629
442906,13629
442907,13629
442908,13629
442914,13629
442916,13629
442917,13629
442918,13629
443102,562617
444001,15206
444002,15206
444003,15206
444004,15206
444005,15206
444006,15206
444101,15206
444102,15206
444103,15206
444104,15206
444105,23650
444106,15206
444107,15206
444108,15206
444109,15206
444110,23650
444111,15206
444117,15206
444126,15206
444302,15206
444311,15206
444401,15206
444402,15206
444403,23650
444404,23650
444405,15206
444407,15206
444409,23650
444501,15206
444502,15206
444503,23650
444504,23650
444505,23650
444506,23650
444507,23650
444510,23650
444511,15206
444601,11845
444602,8083
444603,16265
444604,16265
444605,16265
444606,16265
444607,16265
444701,16265
444702,16265
444704,16265
444705,16265
444706,16265
444707,16265
444708,16265
444709,16265
444710,16265
444711,16265
444717,16265
444719,16265
444720,16265
444723,16265
444801,16265
444802,16265
444803,16265
444804,16265
444805,16265
444806,16265
444807,16265
444808,16265
444809,16265
444810,16265
444813,16265
444901,16265
444902,16265
444903,16265
444904,16265
444905,16265
444906,6055
444907,16265
444908,16265
445001,18284
445002,18284
445101,18284
445102,18284
445103,18284
445105,18284
445106,18284
445109,18284
445110,18284
445201,18284
445202,18284
445203,18284
445204,18284
445205,18284
445206,18284
445207,18284
445209,18284
445210,18284
445211,18284
445215,18284
445216,18284
445230,18284
445301,18284
445302,18284
445303,18284
445304,18284
445305,18284
445306,18284
445307,18284
445308,18284
445323,18284
445401,18284
445402,18284
450001,19149
450051,19149
450110,19149
450112,19149
450114,19149
450116,19149
450117,19149
450119,19149
450221,19149
450331,19149
450332,19149
450337,19149
450445,19149
450551,19149
450661,19149
450771,19149
450881,19149
450991,19149
451001,19149
451111,19149
451113,19149
451115,19149
451220,19149
451221,19149
451224,19149
451225,19149
451228,19149
451331,19149
451332,19149
451335,19149
451440,19149
451441,19149
451442,19149
451447,37654
451449,37654
451551,37654
451556,37654
451660,37654
451666,37654
451770,37654
451881,37654
452001,29235
452002,24362
452003,24362
452005,24362
452006,24362
452007,24362
452009,24362
452010,24362
452011,24362
452012,24362
452013,24362
452014,24362
452015,24362
452016,24362
452018,24362
452020,24362
453001,24362
453111,24362
453112,24362
453115,24362
453220,24362
453331,24362
453441,24362
453446,24362
453551,24362
453555,24362
453556,24362
453661,24362
453771,24362
454001,29683
454010,29683
454111,29683
454116,29683
454221,29683
454331,29683
454335,29683
454441,29683
454446,29683
454449,29683
454552,29683
454660,29683
454665,29683
454773,29683
454774,29683
454775,29683
455001,26139
455111,26139
455115,26139
455116,26139
455118,26139
455221,26139
455223,26139
455227,26139
455332,26139
455336,26139
455339,26139
455440,26139
455459,26139
456001,19633
456003,19633
456006,19633
456010,19633
456221,19633
456222,19633
456224,19633
456313,19633
456331,19633
456335,19633
456337,19633
456440,19633
456441,19633
456443,19633
456550,19633
456661,19633
456664,19633
456665,19633
456668,19633
456770,19633
456771,19633
456776,19633
457001,22585
457114,22585
457118,22585
457119,22585
457222,22585
457226,22585
457331,22585
457333,22585
457336,22585
457339,22585
457340,22585
457441,22585
457550,22585
457555,22585
457661,17125
457770,17125
457772,17125
457773,17125
457775,17125
457777,17125
457779,17125
457882,17125
457885,17125
457887,17125
457888,17125
457990,17125
457993,17125
458001,16182
458002,16182
458110,14963
458113,14963
458116,14963
458118,14963
458220,14963
458226,14963
458228,14963
458330,14963
458336,14963
458339,16182
458389,16182
458441,14963
458468,14963
458470,14963
458553,16182
458556,16182
458558,16182
458664,16182
458667,16182
458669,16182
458771,16182
458775,16182
458778,16182
458880,16182
458883,16182
458888,16182
458895,16182
458990,16182
460001,18023
460004,18023
460110,18023
460220,18023
460225,18023
460330,18023
460440,18023
460443,18023
460447,18023
460449,18023
460551,18023
460553,18023
460554,18023
460557,18023
460661,18023
460663,18023
460665,18023
460666,18023
460668,18023
461001,14199
461005,14199
461110,14199
461111,14199
461115,14199
461116,14199
461122,14199
461221,14199
461223,14199
461228,123979
461331,14199
461441,14199
461446,14199
461551,14199
461661,14199
461668,14199
461771,14199
461775,14199
461881,14199
461990,14199
462001,16607
462002,16607
462003,16607
462004,16607
462008,16607
462010,16607
462011,16607
462016,16607
462020,16607
462022,16607
462023,16607
462024,16607
462026,16607
462027,16607
462030,16607
462031,16607
462036,16607
462037,16607
462038,16607
462039,16607
462041,16607
462042,16607
462043,16607
462044,16607
462045,16607
462046,16607
462047,16607
462101,16607
462120,16607
463106,16607
463111,16607
464001,24385
464111,24385
464113,24385
464114,24385
464220,24385
464221,24385
464224,24385
464226,24385
464228,24385
464240,24385
464258,24385
464331,24385
464337,24385
464551,19300
464651,19300
464661,19300
464665,19300
464668,19300
464671,19300
464672,19300
464770,19300
464774,19300
464881,19300
464884,19300
464886,19300
464986,19300
464990,19300
464993,19300
465001,16439
465106,16439
465110,16439
465113,16439
465116,16439
465118,16439
465220,16439
465223,16439
465226,16439
465227,16439
465230,16439
465333,16439
465335,16439
465337,16439
465339,16439
465441,16439
465445,16439
465447,16439
465449,16439
465550,16439
465661,24015
465667,24015
465669,24015
465674,24015
465677,24015
465679,24015
465680,24015
465683,24015
465685,24015
465687,24015
465689,24015
465691,24015
465693,24015
465697,24015
466001,15833
466111,15833
466113,15833
466114,15833
466115,15833
466116,15833
466118,15833
466120,15833
466125,15833
466221,15833
466331,15833
466445,15833
466446,15833
466448,15833
466554,15833
466651,15833
466661,15833
466665,15833
470001,19149
470002,19149
470003,19149
470004,19149
470021,19149
470051,19149
470113,19149
470115,19149
470117,19149
470118,19149
470119,19149
470120,19149
470125,19149
470221,19149
470223,19149
470226,19149
470227,19149
470228,19149
470229,19149
470232,19149
470235,19149
470335,19149
470337,19149
470339,19149
470441,19149
470442,19149
470661,22893
470663,22893
470664,22893
470666,22893
470669,19149
470672,22893
470673,22893
470675,22893
470771,22893
470772,22893
470775,22893
470880,22893
470881,22893
471001,19161
471101,19161
471105,19161
471111,19161
471201,19161
471301,19161
471311,19161
471313,19161
471315,19161
471318,19161
471405,19161
471408,19161
471411,19161
471501,19161
471510,19161
471515,19161
471516,19161
471525,19161
471606,19161
471625,19161
472001,19632
472005,19632
472010,19632
472101,19632
472111,19632
472115,19632
472118,19632
472221,19632
472246,19632
472331,19632
472336,19632
472337,19632
472339,19632
472442,19632
472445,19632
472447,19632
473001,20751
473101,20751
473105,20751
473110,20751
473111,20751
473112,20751
473113,20751
473115,20751
473118,20751
473222,20751
473226,20751
473249,20751
473287,20751
473551,22069
473585,22069
473638,22069
473660,22069
473662,22069
473665,22069
473670,22069
473770,22069
473774,22069
473775,22069
473781,22069
473793,22069
473865,22069
473880,22069
473885,22069
473990,22069
473995,22069
474001,22071
474002,22071
474003,22071
474004,22071
474005,22071
474006,22071
474008,22071
474009,22071
474010,22071
474011,22071
474012,22071
474015,22071
474020,22071
475001,22071
475002,22071
475005,22071
475110,22071
475115,22071
475220,22071
475330,22071
475335,21369
475336,21369
475661,21369
475671,21369
475673,21369
475675,21369
475682,21369
475685,21369
476001,41327
476111,41327
476115,41327
476134,41327
476219,41327
476221,13932
476224,41327
476228,41327
476229,41327
476332,16742
476335,16742
476337,49664
476339,49664
476355,16742
476444,41327
476554,41327
477001,18517
477105,18517
477111,18517
477116,18517
477117,18517
477222,18517
477227,18517
477331,18517
477332,18517
477333,18517
477335,18517
477441,18517
477445,18517
477446,18517
477447,18517
477449,18517
477555,18517
477557,18517
477566,18517
477660,18517
480001,18177
480003,18177
480105,18177
480106,18177
480107,18177
480108,18177
480109,18177
480110,18177
480111,18177
480112,18177
480115,18177
480221,18177
480223,18177
480224,18177
480331,18177
480334,18177
480337,18177
480338,18177
480441,18177
480447,18177
480449,18177
480551,18177
480555,18177
480557,18177
480559,18177
480661,18735
480667,18735
480771,18735
480880,18735
480881,18735
480882,18735
480884,18735
480886,18735
480887,18735
480888,18735
480990,18735
480991,18735
480994,18735
480996,18735
480997,18735
480999,18735
481001,18491
481051,18491
481102,18491
481105,18491
481111,18491
481115,18491
481116,18491
481117,18491
481222,18491
481224,18491
481226,18491
481331,18491
481332,18491
481335,18491
481337,18491
481441,18491
481445,18491
481449,18491
481551,18491
481556,18491
481661,16359
481662,16359
481663,16359
481664,16359
481665,16359
481666,16359
481668,16359
481672,21870
481768,16359
481771,16359
481776,16359
481778,21870
481879,21870
481880,21870
481882,21870
481884,21870
481885,16359
481990,21870
481995,16359
481996,16359
481998,16359
482001,26747
482002,26747
482003,26747
482004,26747
482005,26747
482008,26747
482009,26747
482010,26747
482011,26747
482020,26747
482021,26747
482051,26747
482056,26747
483001,26747
483053,26747
483105,26747
483110,26747
483113,26747
483119,26747
483220,26747
483222,17550
483225,17550
483330,17550
483331,17550
483332,17550
483334,17550
483336,17550
483440,17550
483442,17550
483501,17550
483504,17550
483770,17550
483773,17550
483775,17550
483880,17550
483990,17550
484001,23152
484110,23152
484113,12534
484114,23152
484116,12534
484117,12534
484120,23152
484220,12534
484224,12534
484330,12534
484334,12534
484336,12534
484440,12534
484444,12534
484446,23152
484551,23318
484555,23318
484660,23318
484661,23318
484664,23318
484665,23318
484669,23152
484770,23152
484771,23152
484774,23152
484776,23152
484881,12534
484886,12534
484887,12534
485001,20187
485005,20187
485111,20187
485112,20187
485113,20187
485114,20187
485115,20187
485221,20187
485226,20187
485331,20187
485334,20187
485441,20187
485446,20187
485447,20187
485551,20187
485661,20187
485666,20187
485771,20187
485772,20187
485773,20187
485774,20187
485775,20187
485778,20187
485881,20187
486001,17719
486002,17719
486003,17719
486005,17719
486006,17719
486111,17719
486114,17719
486115,17719
486117,17719
486123,17719
486220,17719
486223,17719
486226,17719
486331,17719
486333,17719
486335,17719
486338,17719
486340,17719
486341,17719
486440,17719
486441,17719
486445,17719
486446,17719
486447,17719
486448,17719
486450,17719
486550,17719
486553,17719
486556,17719
486661,16326
486666,16326
486669,16326
486670,16326
486675,16326
486771,16326
486775,16326
486776,16326
486881,16326
486882,16326
486884,16326
486885,128058
486886,16326
486887,16326
486889,128058
486890,16326
486892,16326
487001,15828
487110,15828
487114,15828
487118,15828
487221,15828
487225,15828
487330,15828
487334,15828
487337,15828
487441,15828
487551,15828
487555,15828
487661,15828
487770,15828
487881,15828
488001,18105
488050,18105
488051,21725
488059,18105
488220,18105
488222,18105
488333,18105
488441,18105
488442,18105
488443,18105
488446,18105
488448,18105
493551,224408
494661,30480
495004,204817
495668,352311
496111,324702
496225,185227
497116,182535
515001,4170
515002,4170
515003,4170
515004,4170
515005,4170
515101,4170
515110,4170
515122,4170
515123,4170
515124,4170
515133,4170
515134,4170
515144,4170
515154,4170
515159,4170
515164,4170
515201,4170
515202,4170
515211,4170
515212,4170
515231,4170
515241,4170
515261,4170
515271,4170
515281,4170
515286,4170
515291,4170
515301,4170
515303,4170
515305,4170
515311,4170
515321,4170
515331,4170
515341,4170
515401,4170
515402,4170
515405,4170
515408,4170
515411,4170
515413,4170
515414,4170
515415,4170
515425,4170
515435,4170
515445,4170
515455,4170
515465,4170
515501,4170
515511,4170
515521,4170
515531,4170
515541,4170
515551,4170
515556,4170
515561,4170
515571,4170
515581,4170
515591,4170
515601,4170
515611,4170
515621,4170
515631,4170
515641,4170
515651,4170
515661,4170
515671,4170
515672,4170
515701,4170
515711,4170
515721,4170
515722,4170
515731,4170
515741,4170
515751,4170
515761,4170
515763,4170
515765,4170
515766,4170
515767,4170
515774,4170
515775,4170
515787,4170
515801,4170
515803,4170
515812,4170
515822,4170
515832,4170
515842,4170
515863,4170
515865,4170
515867,4170
515870,4170
515871,4170
515872,4170
517001,4155
517002,4155
517004,4155
517101,4155
517102,4155
517112,4155
517113,4155
517123,4155
517124,4155
517125,4155
517126,4155
517127,4155
517128,4155
517129,4155
517130,4155
517131,4155
517132,4155
517152,4155
517167,4155
517172,4155
517192,4155
517193,4155
517194,4155
517213,4155
517214,4155
517234,4155
517235,4155
517236,4155
517237,4155
517247,4155
517257,4155
517277,4155
517280,4155
517291,4155
517297,4155
517299,4155
517305,4155
517319,4155
517325,4155
517326,4155
517350,4155
517351,4155
517352,4155
517370,4155
517390,4155
517391,4155
517401,4155
517403,4155
517408,4155
517414,4155
517415,4155
517416,4155
517417,4155
517418,4155
517419,4155
517421,4155
517422,4155
517423,4155
517424,4155
517425,4155
517426,4155
517429,4155
517432,4155
517501,4155
517502,4155
517503,4155
517504,4155
517505,4155
517506,4155
517507,4155
517520,4155
517526,4155
517536,4155
517541,4155
517551,4155
517561,4155
517569,4155
517571,4155
517581,4155
517582,4155
517583,4155
517584,4155
517586,4155
517587,4155
517588,4155
517589,4155
517590,4155
517591,4155
517592,4155
517599,4155
517619,4155
517620,4155
517640,4155
517641,4155
517642,4155
517643,4155
517644,4155
517645,4155
518001,5879
518002,5879
518003,5879
518004,5879
518006,5879
518007,5879
518010,5879
518101,5879
518102,5879
518112,5879
518122,5879
518123,5879
518124,5879
518134,5879
518135,5879
518145,5879
518155,5879
518165,5879
518166,5879
518176,5879
518186,5879
518196,5879
518206,5879
518216,5879
518217,5879
518218,5879
518220,5879
518221,5879
518222,5879
518225,5879
518301,5879
518302,5879
518308,5879
518313,5879
518323,5879
518333,5879
518343,5879
518344,5879
518345,5879
518346,5879
518347,5879
518348,5879
518349,5879
518350,5879
518360,5879
518380,5879
518385,5879
518390,5879
518395,5879
518396,5879
518401,5879
518405,5879
518411,5879
518412,5879
518422,5879
518432,5879
518442,5879
518452,5879
518462,5879
518463,5879
518464,5879
518465,5879
518466,5879
518467,5879
518468,5879
518501,5879
518502,5879
518508,5879
518510,5879
518511,5879
518512,5879
518513,5879
518523,5879
518533,5879
518543,5879
518553,5879
518563,5879
518573,5879
518583,5879
518593,5879
518594,5879
518598,5879
518599,5879
518674,5879
520001,3309
520002,3309
520003,3309
520004,3309
520007,3309
520008,3309
520010,3309
520011,3309
520012,3309
520013,3309
520015,3309
521001,3309
521002,3309
521003,3309
521101,3309
521102,3309
521104,3309
521105,3309
521106,3309
521107,3309
521108,3309
521109,3309
521110,3309
521111,3309
521120,3309
521121,3309
521122,3309
521125,3309
521126,3309
521130,3309
521131,3309
521132,3309
521133,3309
521134,3309
521135,3309
521136,3309
521137,3309
521138,3309
521139,3309
521148,3309
521149,3309
521150,3309
521151,3309
521153,3309
521156,3309
521157,3309
521158,3309
521162,3309
521163,3309
521164,3309
521165,3309
521170,3309
521175,3309
521178,3309
521180,3309
521181,3309
521182,3309
521183,3309
521185,3309
521190,3309
521201,3309
521202,3309
521207,3309
521211,3309
521212,3309
521213,3309
521214,3309
521215,3309
521225,3309
521226,3309
521227,3309
521228,3309
521229,3309
521230,3309
521235,3309
521241,3309
521245,3309
521246,3309
521247,3309
521250,3309
521256,3309
521260,3309
521261,3309
521263,3309
521286,3309
521301,3309
521311,3309
521312,3309
521321,3309
521322,3309
521323,3309
521324,3309
521325,3309
521326,3309
521327,3309
521328,3309
521329,3309
521330,3309
521331,3309
521332,3309
521333,3309
521340,3309
521343,3309
521344,3309
521345,3309
521356,3309
521366,3309
521369,3309
521390,3309
521401,3309
521402,3309
521403,3309
521456,3309
521457,3309
522001,4170
522002,4170
522003,4170
522004,4170
522005,4170
522006,4170
522007,4170
522009,4170
522015,4170
522016,4170
522017,4170
522018,4170
522019,4170
522020,4170
522034,4170
522101,4170
522102,4170
522111,4170
522112,4170
522113,4170
522124,4170
522201,4170
522202,4170
522211,4170
522212,4170
522213,4170
522233,4170
522234,4170
522235,4170
522236,4170
522237,4170
522256,4170
522257,4170
522258,4170
522259,4170
522261,4170
522262,4170
522264,4170
522265,4170
522268,4170
522301,4170
522302,4170
522303,4170
522304,4170
522305,4170
522306,4170
522307,4170
522308,4170
522309,4170
522310,4170
522311,4170
522312,4170
522313,4170
522314,4170
522315,4170
522316,4170
522317,4170
522318,4170
522324,4170
522325,4170
522329,4170
522330,4170
522341,4170
522401,4170
522402,4170
522403,4170
522408,4170
522409,4170
522410,4170
522411,4170
522412,4170
522413,4170
522414,4170
522415,4170
522421,4170
522426,4170
522435,4170
522436,4170
522437,4170
522438,4170
522439,4170
522501,4170
522502,4170
522503,4170
522508,4170
522509,4170
522510,4170
522529,4170
522549,4170
522601,4170
522603,4170
522611,4170
522612,4170
522613,4170
522614,4170
522615,4170
522616,4170
522617,4170
522619,4170
522626,4170
522646,4170
522647,4170
522649,4170
522657,4170
522658,4170
522659,4170
522660,4170
522661,4170
522663,4170
523001,4974
523002,4974
523101,4974
523104,4974
523105,4974
523108,4974
523109,4974
523110,4974
523111,4974
523112,4974
523113,4974
523114,4974
523115,4974
523116,4974
523117,4974
523135,4974
523155,4974
523157,4974
523165,4974
523166,4974
523167,4974
523168,4974
523169,4974
523170,4974
523171,4974
523180,4974
523181,4974
523182,4974
523183,4974
523184,4974
523185,4974
523186,4974
523187,4974
523190,4974
523201,4974
523211,4974
523212,4974
523213,4974
523214,4974
523223,4974
523224,4974
523225,4974
523226,4974
523227,4974
523228,4974
523230,4974
523240,4974
523241,4974
523245,4974
523246,4974
523247,4974
523252,4974
523253,4974
523254,4974
523260,4974
523261,4974
523262,4974
523263,4974
523264,4974
523265,4974
523270,4974
523271,4974
523272,4974
523273,4974
523274,4974
523279,4974
523280,4974
523281,4974
523286,4974
523291,4974
523292,4974
523301,4974
523302,4974
523303,4974
523304,4974
523305,4974
523315,4974
523316,4974
523320,4974
523326,4974
523327,4974
523328,4974
523329,4974
523330,4974
523331,4974
523332,4974
523333,4974
523334,4974
523335,4974
523336,4974
523346,4974
523356,4974
523357,4974
523367,4974
523368,4974
523369,4974
523370,4974
523371,4974
523372,4974
523373,4974
524001,6883
524002,6883
524003,6883
524004,6883
524005,6883
524101,6883
524121,6883
524123,6883
524124,6883
524126,6883
524127,6883
524129,6883
524131,6883
524132,6883
524134,6883
524137,6883
524142,6883
524152,6883
524201,6883
524203,6883
524221,6883
524222,6883
524223,6883
524224,6883
524225,6883
524226,6883
524227,6883
524228,6883
524230,6883
524234,6883
524236,6883
524239,6883
524240,6883
524302,6883
524303,6883
524304,6883
524305,6883
524306,6883
524307,6883
524308,6883
524309,6883
524310,6883
524311,6883
524312,6883
524313,6883
524314,6883
524315,6883
524316,6883
524317,6883
524318,6883
524319,6883
524320,6883
524321,6883
524322,6883
524323,6883
524341,6883
524342,6883
524343,6883
524344,6883
524345,6883
524346,6883
524366,6883
524401,6883
524402,6883
524403,6883
524404,6883
524405,6883
524406,6883
524407,6883
524408,6883
524409,6883
524410,6883
524411,6883
524412,6883
524413,6883
524414,6883
524415,6883
524421,6883
530001,4896
530002,4896
530003,4896
530004,4896
530005,4896
530007,4896
530008,4896
530009,4896
530011,4896
530012,4896
530013,4896
530014,4896
530016,4896
530017,4896
530018,4896
530020,4896
530022,4896
530024,4896
530026,4896
530027,4896
530028,4896
530029,4896
530031,4896
530032,4896
530040,4896
530041,4896
530043,4896
530044,4896
530045,4896
530046,4896
530047,4896
530048,4896
530049,4896
530051,4896
530052,4896
530053,4896
531001,4896
531002,4896
531011,4896
531019,4896
531020,4896
531021,4896
531022,4896
531023,4896
531024,4896
531025,4896
531026,4896
531027,4896
531028,4896
531029,4896
531030,4896
531031,4896
531032,4896
531033,4896
531034,4896
531035,4896
531036,4896
531040,4896
531055,4896
531060,4896
531061,4896
531075,4896
531077,4896
531081,4896
531082,4896
531083,4896
531084,4896
531085,4896
531087,4896
531105,4896
531111,4896
531113,4896
531114,4896
531115,4896
531116,4896
531117,4896
531118,4896
531126,4896
531127,4896
531133,4896
531149,4896
531151,4896
531162,4896
531163,4896
531173,4896
531219,4896
532001,7444
532005,7444
532122,7444
532123,7444
532127,7444
532148,7444
532168,7444
532186,7444
532190,7444
532195,7444
532201,7444
532203,7444
532211,7444
532212,7444
532213,7444
532214,7444
532215,7444
532216,7444
532218,7444
532219,7444
532220,7444
532221,7444
532222,7444
532242,7444
532243,7444
532263,7444
532264,7444
532284,7444
532290,7444
532291,7444
532292,7444
532312,7444
532322,7444
532401,7444
532402,7444
532403,7444
532404,7444
532405,7444
532406,7444
532407,7444
532408,7444
532409,7444
532410,7444
532421,7444
532425,7444
532426,7444
532427,7444
532428,7444
532429,7444
532430,7444
532432,7444
532440,7444
532443,7444
532445,7444
532455,7444
532456,7444
532457,7444
532458,7444
532459,7444
532460,7444
532461,7444
532462,7444
532474,7444
532484,7444
533001,3434
533002,3434
533003,3434
533004,3434
533005,3434
533006,3434
533016,3434
533101,3434
533102,3434
533103,3434
533104,3434
533105,3434
533106,3434
533107,3434
533124,3434
533125,3434
533126,3434
533201,3434
533210,3434
533211,3434
533212,3434
533213,3434
533214,3434
533215,3434
533216,3434
533217,3434
533218,3434
533220,3434
533221,3434
533222,3434
533223,3434
533228,3434
533229,3434
533232,3434
533233,3434
533234,3434
533235,3434
533236,3434
533237,3434
533238,3434
533239,3434
533240,3434
533241,3434
533242,3434
533244,3434
533247,3434
533248,3434
533249,3434
533250,3434
533251,3434
533252,3434
533253,3434
533254,3434
533255,3434
533256,3434
533260,3434
533261,3434
533262,3434
533263,3434
533264,3434
533274,3434
533284,3434
533285,3434
533286,3434
533287,3434
533288,3434
533289,3434
533290,3434
533291,3434
533292,3434
533293,3434
533294,3434
533295,3434
533296,3434
533297,3434
533305,3434
533306,3434
533307,3434
533308,3434
533309,3434
533340,3434
533341,3434
533342,3434
533343,3434
533344,3434
533345,3434
533346,3434
533401,3434
533406,3434
533407,3434
533408,3434
533428,3434
533429,3434
533430,3434
533431,3434
533432,3434
533433,3434
533434,3434
533435,3434
533436,3434
533437,3434
533440,3434
533444,3434
533445,3434
533446,3434
533447,3434
533448,3434
533449,3434
533450,3434
533461,3434
533462,3434
533463,3434
533464,3434
533468,3434
533483,3434
533577,3434
534001,3518
534002,3518
534003,3518
534004,3518
534005,3518
534006,3518
534007,3518
534101,3518
534102,3518
534111,3518
534112,3518
534122,3518
534123,3518
534124,3518
534126,3518
534134,3518
534145,3518
534146,3518
534156,3518
534165,3518
534166,3518
534176,3518
534186,3518
534195,3518
534196,3518
534197,3518
534198,3518
534199,3518
534201,3518
534202,3518
534204,3518
534206,3518
534207,3518
534208,3518
534209,3518
534210,3518
534211,3518
534215,3518
534216,3518
534217,3518
534218,3518
534222,3518
534225,3518
534227,3518
534230,3518
534235,3518
534236,3518
534237,3518
534238,3518
534239,3518
534240,3518
534243,3518
534244,3518
534245,3518
534247,3518
534250,3518
534260,3518
534265,3518
534266,3518
534267,3518
534268,3518
534269,3518
534275,3518
534280,3518
534281,3518
534301,3518
534302,3518
534305,3518
534311,3518
534312,3518
534313,3518
534315,3518
534316,3518
534318,3518
534320,3518
534324,3518
534326,3518
534327,3518
534328,3518
534329,3518
534330,3518
534331,3518
534338,3518
534340,3518
534341,3518
534342,3518
534350,3518
534401,3518
534406,3518
534411,3518
534416,3518
534425,3518
534426,3518
534427,3518
534432,3518
534437,3518
534442,3518
534447,3518
534448,3518
534449,3518
534450,3518
534451,3518
534452,3518
534455,3518
534456,3518
534460,3518
534461,3518
534462,3518
534467,3518
534475,3518
535001,7237
535002,7237
535003,7237
535004,7237
535005,7237
535006,7237
535101,7237
535102,7237
535124,7237
535125,7237
535126,7237
535128,7237
535145,4896
535148,7237
535160,7237
535161,7237
535183,7237
535204,7237
535213,7237
535214,7237
535215,7237
535216,7237
535217,7237
535218,7237
535220,7237
535221,7237
535240,7237
535250,7237
535260,7237
535270,7237
535273,7237
535280,7237
535281,7237
535463,7237
535501,7237
535502,7237
535521,7237
535522,7237
535523,7237
535524,7237
535525,7237
535526,7237
535527,7237
535534,7237
535546,7237
535547,7237
535557,7237
535558,7237
535559,7237
535568,7237
535573,7237
535578,7237
535579,7237
535580,7237
535581,7237
535591,7237
535592,7237
535593,7237
535594,7237
560001,8913
560002,8913
560003,8913
560004,8913
560005,8913
560006,8913
560007,8913
560008,8913
560009,8913
560010,8913
560011,8913
560012,8913
560013,8913
560015,8913
560016,8913
560017,8913
560018,8913
560020,8913
560021,8913
560022,8913
560023,8913
560024,8913
560025,8913
560026,8913
560027,8913
560029,8913
560030,8913
560032,8913
560033,8913
560034,8913
560035,8913
560036,8913
560037,8913
560038,8913
560039,8913
560040,8913
560041,8913
560042,8913
560043,8913
560045,8913
560047,8913
560048,8913
560049,8913
560050,8913
560051,8913
560053,8913
560054,8913
560055,8913
560056,8913
560057,8913
560058,8913
560059,8913
560060,4029
560061,8913
560062,8913
560063,8913
560064,8913
560065,8913
560066,8913
560067,8913
560068,8913
560070,8913
560071,8913
560072,8913
560073,8913
560074,8913
560075,8913
560076,8913
560077,8913
560078,8913
560079,8913
560080,8913
560081,8913
560082,11355
560083,8913
560084,8913
560085,8913
560086,8913
560087,8913
560088,11355
560089,11355
560090,11355
560091,8913
560092,8913
560093,8913
560094,8913
560095,8913
560096,8913
560097,8913
560098,8913
560099,8913
560100,8913
560102,8913
560103,8913
560104,8913
560105,8913
560107,11355
560108,8913
560109,8913
560110,8913
560112,8913
560300,8913
561101,11355
561201,8913
561202,8913
561203,4076
561204,11355
561205,11355
561210,8913
561211,8913
561213,8913
561228,8913
562102,136345
562103,8913
562104,9798
562105,136345
562106,8913
562107,8913
562109,8913
562110,3868
562111,11355
562112,8913
562114,11355
562117,8913
562120,8913
562122,11355
562123,9458
562125,8913
562127,3822
562129,3868
562130,8913
562131,11355
562132,3822
562135,11355
562149,8913
562157,8913
562159,8913
562162,11355
562163,11355
562164,11355
563101,8913
563102,3298
563103,8913
563113,8913
563114,8913
563115,8913
563116,8913
563117,8913
563118,8913
563119,8913
563120,8913
563121,8913
563122,8913
563123,8913
563125,8913
563126,9798
563127,8913
563128,8913
563129,8913
563130,8913
563131,8913
563132,8913
563133,8913
563134,8913
563135,8913
563136,8913
563137,8913
563138,8913
563139,8913
563146,8913
563161,8913
563162,8913
570001,11343
570002,10318
570003,10318
570004,10318
570005,10318
570006,10318
570007,10318
570008,10318
570009,10318
570010,10318
570011,10318
570012,10318
570014,10318
570015,10318
570016,10318
570017,10318
570018,10318
570019,10318
570020,10318
570022,10318
570023,10318
570025,10318
570026,10318
570027,10318
570028,10318
570029,10318
570030,10318
570031,10318
571101,10318
571102,10318
571103,10318
571104,10318
571105,10318
571106,10318
571107,10318
571108,10318
571110,10318
571114,10318
571116,10318
571118,10318
571119,10318
571120,10318
571121,10318
571122,10318
571124,10318
571125,10318
571129,10318
571130,10318
571134,10318
571187,10318
571189,10318
571201,5501
571211,5004
571212,5004
571213,5004
571214,5004
571215,5004
571216,5004
571217,5004
571218,5004
571219,5004
571231,5004
571232,5004
571234,5004
571235,5004
571236,5004
571237,5004
571247,5004
571248,5004
571249,5004
571250,5004
571251,5004
571252,5004
571253,5004
571254,5004
571301,10318
571302,10318
571311,10318
571312,10318
571314,10318
571315,10318
571401,8936
571402,8936
571403,8936
571404,8936
571405,8936
571415,8936
571416,8936
571417,8936
571418,8936
571419,8936
571421,8936
571422,8936
571423,8936
571424,8936
571425,8936
571426,8936
571427,8936
571428,8936
571429,8936
571430,8936
571431,8936
571432,8936
571433,8936
571434,8936
571435,8936
571436,8936
571438,8936
571445,8936
571446,8936
571448,8936
571450,8936
571455,8936
571463,8936
571475,8936
571476,8936
571477,8936
571478,8936
571601,10318
571602,10318
571603,10318
571604,10318
571605,8936
571606,8936
571607,8936
571610,10318
571617,10318
571802,8936
571807,8936
571811,8936
571812,8936
572101,8913
572102,8913
572103,8913
572104,8913
572105,8913
572106,8913
572107,8913
572111,8913
572112,8913
572113,8913
572114,8913
572115,8913
572116,8913
572117,8913
572118,8913
572119,8913
572120,8913
572121,8913
572122,8913
572123,8913
572124,8913
572125,8913
572126,8913
572127,8913
572128,8913
572129,8913
572130,8913
572132,8913
572133,8913
572134,8913
572135,8913
572136,8913
572137,8913
572138,8913
572139,8913
572140,8913
572141,8913
572142,8913
572168,8913
572175,8913
572201,8913
572211,8913
572212,8913
572213,8913
572214,8913
572215,8913
572216,8913
572217,8913
572218,8913
572219,8913
572220,8913
572221,8913
572222,8913
572223,8913
572224,8913
572225,8913
572226,8913
572227,8913
572228,8913
573101,8028
573102,8028
573103,8028
573111,8028
573112,8028
573113,8028
573115,8028
573116,8028
573117,8028
573118,8825
573119,8028
573120,8028
573121,8028
573122,8028
573123,8028
573124,8028
573125,8028
573126,8028
573127,8028
573128,8028
573129,8028
573130,8028
573131,8028
573133,8028
573134,8028
573135,8028
573136,8028
573137,8028
573141,8028
573142,8028
573144,8028
573162,8028
573164,8028
573165,8028
573201,8028
573202,8028
573210,8028
573211,8028
573212,8028
573213,8028
573214,8028
573215,8028
573216,8028
573217,8028
573218,8028
573219,8028
573220,8028
573225,8028
574101,3653
574102,3653
574103,3653
574104,3653
574105,3653
574106,3653
574107,3653
574108,3653
574109,4865
574110,3653
574111,3653
574112,3653
574113,3653
574114,3653
574115,3653
574116,3653
574117,3653
574118,3653
574119,3653
574122,3653
574129,3653
574141,4865
574142,4865
574143,4865
574144,4865
574145,4865
574146,4865
574148,4865
574150,4865
574151,4865
574153,4865
574154,4865
574197,4865
574198,4865
574199,4865
574201,4865
574202,4865
574203,4865
574210,4865
574211,4865
574212,4865
574213,4865
574214,4865
574216,4865
574217,4865
574218,4865
574219,4865
574220,5349
574221,4865
574222,4865
574223,4865
574224,4865
574225,4865
574226,4865
574227,4865
574228,4865
574229,4865
574230,4865
574231,4865
574232,4865
574233,4865
574234,4865
574235,4865
574236,4865
574237,4865
574238,4865
574239,4865
574240,4865
574241,4865
574242,4865
574243,4865
574244,3653
574248,4865
574253,4865
574259,4865
574260,4865
574265,4865
574267,4865
574274,4865
574279,4865
574285,4865
574313,4865
574314,4865
574323,4865
574324,4865
574325,4865
574326,4865
574327,4865
574328,4865
574509,4865
575001,4865
575002,4865
575003,4865
575004,4865
575005,4865
575006,4865
575007,4865
575008,4865
575010,4865
575011,4865
575013,4865
575014,4865
575015,4865
575016,4865
575017,4865
575018,4865
575019,4865
575020,4865
575022,4865
575023,4865
575025,4865
575028,4865
575029,4865
575030,4865
576101,3653
576102,3653
576103,3653
576104,3653
576105,3653
576106,3653
576107,3653
576108,3653
576111,3653
576112,3653
576113,3653
576114,3653
576115,3653
576117,3653
576120,3653
576121,3653
576122,3653
576124,4016
576201,3653
576210,3653
576211,3653
576212,3653
576213,3653
576214,3653
576215,3653
576216,3653
576217,3653
576218,3653
576219,3653
576220,3653
576221,3653
576222,3653
576223,3653
576224,3653
576225,3653
576226,3653
576227,3653
576228,3653
576229,3653
576230,3653
576231,3653
576232,3653
576233,3653
576234,3653
576235,3653
576247,3653
576257,3653
576282,3653
576283,3653
577101,8913
577115,7788
577201,7788
577202,7788
577203,7788
577204,7788
577205,7788
577211,7788
577214,7788
577216,7788
577220,7788
577222,7788
577226,7788
577227,7788
577229,7788
577232,7788
577233,7788
577243,7788
577245,7788
577301,7788
577302,7788
577401,7788
577411,7788
577412,7788
577413,7788
577414,7788
577415,7788
577416,7788
577417,7788
577418,7788
577419,7788
577421,7788
577422,7788
577423,7788
577424,7788
577425,7788
577426,7788
577427,7788
577428,7788
577429,7788
577430,7788
577431,7788
577432,7788
577433,7788
577434,7788
577435,7788
577436,7788
577451,7788
577452,7788
577453,7788
577501,9755
577502,9755
577511,9755
577515,9755
577517,9755
577518,9755
577519,9755
577520,9755
577521,9755
577522,9755
577523,9755
577524,9755
577526,9755
577527,9755
577529,9755
577531,9755
577532,9755
577533,9755
577535,9755
577536,9755
577537,9755
577538,9755
577539,9755
577540,9755
577541,9755
577542,9755
577543,9755
577544,8913
577545,9755
577546,9755
577554,9755
577555,9755
577557,9755
577558,9755
577596,9755
577597,9755
577598,9755
577599,9755
580001,10539
580002,10539
580003,10539
580004,10539
580005,10539
580006,10539
580007,10539
580008,10539
580009,10539
580011,10539
580020,11586
580021,10539
580023,10539
580024,10539
580025,10539
580026,10539
580028,10539
580029,10539
580030,10539
580031,10539
580032,10539
580112,10539
580114,10539
580118,10539
581101,11983
581102,11983
581103,10539
581104,11983
581105,10539
581106,11983
581107,10539
581108,11983
581109,11983
581110,11983
581111,11983
581112,11983
581113,10539
581115,11983
581116,11983
581117,10539
581118,11983
581119,11983
581120,11983
581121,3923
581123,11983
581126,11983
581128,11983
581129,3923
581145,11983
581148,11983
581186,3923
581187,3923
581193,11983
581195,10539
581196,10539
581198,11983
581201,10539
581202,11983
581203,11983
581204,10539
581205,11983
581206,10539
581207,10539
581208,11983
581209,10539
581210,11983
581211,11983
581212,11983
581213,11983
581301,3923
581302,3923
581303,3923
581304,3923
581306,3923
581307,3923
581308,3923
581314,3923
581315,3923
581316,3923
581317,3923
581318,3923
581319,3923
581320,3923
581321,3923
581322,3923
581323,3923
581324,3923
581325,3923
581326,3923
581327,3923
581328,3923
581329,3923
581330,3923
581331,3923
581332,3923
581333,3923
581334,3923
581335,3923
581336,3923
581337,3923
581338,3923
581339,3923
581340,3923
581341,3923
581342,3923
581343,3923
581344,3923
581345,3923
581346,3923
581347,3923
581348,3923
581349,3923
581350,3923
581351,3923
581352,3923
581353,3923
581354,3923
581355,3923
581356,3923
581357,3923
581358,3923
581359,3923
581360,3923
581361,3923
581362,3923
581363,3923
581365,3923
581384,3923
581396,3923
581400,3923
581401,3923
581402,3923
581403,3923
581411,3923
581412,3923
581421,3923
581423,3923
581440,3923
581450,3923
581453,3923
582101,8913
582102,8913
582103,8913
582111,8913
582112,8913
582113,8913
582114,8913
582115,8913
582116,8913
582117,8913
582118,8913
582119,8913
582120,8913
582201,10539
582202,8913
582203,8913
582204,8913
582205,8913
582206,8913
582207,8913
582208,10539
582209,8913
582210,8913
582211,8913
583101,8913
583102,8913
583103,8913
583104,8913
583111,8913
583112,8913
583113,8913
583114,8913
583115,8913
583116,8913
583117,8913
583118,8913
583119,8913
583120,8913
583121,8913
583122,8913
583123,8913
583124,8913
583126,8913
583128,8913
583129,8913
583130,8913
583132,8913
583134,8913
583135,8913
583136,8913
583152,8913
583201,8913
583203,8913
583211,8913
583212,8913
583214,8913
583215,8913
583216,8913
583217,8913
583218,8913
583219,8913
583220,8913
583221,8913
583222,8913
583223,8913
583224,8913
583225,8913
583226,15123
583227,15123
583228,15123
583229,15123
583230,15123
583231,15123
583232,15123
583233,8913
583234,15123
583235,15123
583236,15123
583237,15123
583238,15123
583239,8913
583268,15123
583275,8913
583276,8913
583277,15123
583278,15123
583279,15123
583280,15123
583281,15123
583282,15123
583283,15123
584101,13498
584102,13498
584103,13498
584104,13498
584111,13498
584113,13498
584115,13498
584116,13498
584118,13498
584120,13498
584122,13498
584123,13498
584124,13498
584125,13498
584126,13498
584127,13498
584128,13498
584129,13498
584132,13498
584133,13498
584134,13498
584135,13498
584136,13498
584138,13498
584139,13498
584140,13498
584143,13498
584167,13498
584170,13498
584202,13498
584203,13498
585101,8913
585102,8913
585103,8913
585104,8913
585105,8913
585106,8913
585201,12143
585202,12143
585210,8913
585211,8913
585212,8913
585213,8913
585214,12143
585215,12143
585216,12143
585217,8913
585218,8913
585219,12143
585220,12143
585221,12143
585222,8913
585223,12143
585224,12143
585225,8913
585226,14783
585227,14783
585228,8913
585236,8913
585237,12143
585265,8913
585287,12143
585290,12143
585291,12143
585292,8913
585301,8913
585302,8913
585303,8913
585304,12143
585305,8913
585306,8913
585307,8913
585308,8913
585309,12143
585310,8913
585311,8913
585312,8913
585313,8913
585314,8913
585315,12143
585316,8913
585317,8913
585318,8913
585319,12143
585320,8913
585321,12143
585322,8913
585323,12143
585324,8913
585325,8913
585326,14783
585327,14783
585328,14783
585329,14783
585330,14783
585331,14783
585353,14783
585355,12143
585367,8913
585401,14783
585402,14783
585403,14783
585411,14783
585412,14783
585413,14783
585414,14783
585416,14783
585417,14783
585418,14783
585419,14783
585421,14783
585436,14783
585437,14783
585443,14783
585444,14783
586101,8913
586103,8913
586104,8913
586108,8913
586109,8913
586111,8913
586112,8913
586113,8913
586114,8913
586115,8913
586116,8913
586117,8913
586118,8913
586119,8913
586120,8913
586121,8913
586122,8913
586123,8913
586124,8913
586125,8913
586127,8913
586128,8913
586129,8913
586130,8913
586201,8913
586202,8913
586203,8913
586204,8913
586205,8913
586206,8913
586207,8913
586208,8913
586209,8913
586210,8913
586211,8913
586212,8913
586213,8913
586214,8913
586215,8913
586216,8913
586217,8913
587101,11744
587102,11744
587103,11744
587104,11744
587111,11744
587112,11744
587113,11744
587114,11744
587115,11744
587116,11744
587117,11744
587118,11744
587119,11744
587120,11744
587121,11744
587122,11744
587124,11744
587125,11744
587154,11744
587155,11744
587201,11744
587202,11744
587203,11744
587204,11744
587205,11744
587206,11744
587207,11744
587301,11744
587311,11744
587312,11744
587313,11744
587314,11744
587315,11744
587316,11744
587330,11744
590001,8913
590003,8913
590005,8913
590006,8913
590008,8913
590009,8913
590010,8913
590011,8913
590014,8913
590015,8913
590016,8913
590017,8913
590018,8913
590019,8913
590020,8913
591101,8913
591102,8913
591103,8913
591104,8913
591106,8913
591107,8913
591108,8913
591109,8913
591110,8913
591111,8913
591112,8913
591113,8913
591114,8913
591115,8913
591117,8913
591118,8913
591119,8913
591120,8913
591121,8913
591122,8913
591123,8913
591124,8913
591125,8913
591126,8913
591127,8913
591128,8913
591129,8913
591130,8913
591131,8913
591136,8913
591143,8913
591147,8913
591153,8913
591156,8913
591173,8913
591201,8913
591211,8913
591212,8913
591213,8913
591214,8913
591215,8913
591216,8913
591217,8913
591218,8913
591219,8913
591220,8913
591221,8913
591222,8913
591223,8913
591224,8913
591225,8913
591226,8913
591227,8913
591228,8913
591229,8913
591230,8913
591231,8913
591232,8913
591233,8913
591234,8913
591235,8913
591236,8913
591237,8913
591238,8913
591239,8913
591240,8913
591241,8913
591242,8913
591243,8913
591244,8913
591246,8913
591247,8913
591248,8913
591254,8913
591263,8913
591265,8913
591287,8913
591301,8913
591302,8913
591303,8913
591304,8913
591305,8913
591306,8913
591307,8913
591308,8913
591309,8913
591310,8913
591311,8913
591312,8913
591313,8913
591314,8913
591315,8913
591316,8913
591317,8913
591340,8913
591344,8913
591345,8913
591346,8913
600001,28221
600002,28221
600003,28221
600004,28221
600005,28221
600006,28221
600007,28221
600008,28221
600009,28221
600010,28221
600011,28221
600012,28221
600013,28221
600014,28221
600015,28221
600017,28221
600018,28221
600020,28221
600021,28221
600022,28221
600023,28221
600024,28221
600025,28221
600026,28221
600028,28221
600030,28221
600031,28221
600032,28221
600033,28221
600034,28221
600035,28221
600036,28221
600038,28221
600039,28221
600040,28221
600041,28221
600042,28221
600078,28221
600081,28221
600082,28221
600083,28221
600084,28221
600085,28221
600086,28221
600090,28221
600092,28221
600093,28221
600094,28221
600101,28221
600102,28221
600104,28221
600106,28221
600107,28221
600113,28221
600118,28221
601103,809934
604302,6497
604401,8386
604402,8386
604403,8386
604404,8386
604405,8386
604406,8386
604407,8386
604408,8386
604409,8386
604410,8386
604501,8386
604502,8386
604503,8386
604504,8386
604505,8386
604601,8386
605005,43527
606001,9583
606003,9583
606103,9583
606104,9583
606105,9583
606106,9583
606108,9583
606110,9583
606111,9583
606302,9583
606303,9583
606304,9583
606601,8386
606603,8386
606604,8386
606611,8386
606701,8386
606702,8386
606703,8386
606704,8386
606705,8386
606706,8386
606707,8386
606708,8386
606709,8386
606710,8386
606751,8386
606752,8386
606753,8386
606754,8386
606755,8386
606801,8386
606802,8386
606803,8386
606804,8386
606805,8386
606806,8386
606807,8386
606808,8386
606811,8386
606901,8386
606902,8386
606903,8386
606904,8386
606905,8386
606906,8386
606907,8386
606908,8386
607001,9583
607002,9583
607003,9583
607004,9583
607005,9583
607006,9583
607101,9583
607102,9583
607103,9583
607104,9583
607105,9583
607106,9583
607108,9583
607109,9583
607112,9583
607205,9583
607301,9583
607302,9583
607303,9583
607308,9583
607401,9583
607801,9583
607802,9583
607803,9583
607804,9583
607805,9583
607807,9583
608001,9583
608002,9583
608102,9583
608201,9583
608301,9583
608302,9583
608303,9583
608304,9583
608305,9583
608306,9583
608401,9583
608501,9583
608502,9583
608601,9583
608602,9583
608701,9583
608702,9583
608703,9583
608704,9583
608801,9583
608901,6543
609001,4332
609003,4332
609101,4332
609102,4332
609103,4332
609104,4332
609105,4332
609106,4332
609107,4332
609108,4332
609109,4332
609110,4332
609111,4332
609112,4332
609113,4332
609114,4332
609115,4332
609116,4332
609117,4332
609118,4332
609201,4332
609202,4332
609203,4332
609204,4332
609205,4332
609301,4332
609302,4332
609303,4332
609304,4332
609305,4332
609306,4332
609307,4332
609308,4332
609309,4332
609310,4332
609311,4332
609312,4332
609313,4332
609314,4332
609401,4332
609402,4332
609404,4332
609604,43527
609701,4332
609702,4332
609703,4332
609704,4332
609801,4332
609802,5678
609803,4332
609804,5678
609805,4332
609806,4332
609807,5678
609808,4332
609810,4332
609811,4332
610201,4332
610204,4332
610207,4332
611001,4332
611002,4332
611003,4332
611102,4332
611103,4332
611104,4332
611105,4332
611106,4332
611108,4332
611109,4332
611110,4332
611111,4332
611112,4332
612001,5678
612002,5678
612101,5678
612102,5678
612103,5678
612104,5678
612105,5678
612106,5678
612201,4332
612202,5678
612203,4332
612204,5678
612301,5678
612302,5678
612303,5678
612401,5678
612402,5678
612501,5678
612502,5678
612503,5678
612504,5678
612602,5678
612605,5678
612702,5678
612703,5678
612901,6543
612902,6543
612903,6543
612904,6543
613001,5678
613002,5678
613003,5678
613004,5678
613005,5678
613006,5678
613007,5678
613009,5678
613010,5678
613101,5678
613102,5678
613103,5678
613104,5678
613105,5678
613201,5678
613202,5678
613203,5678
613204,5678
613205,5678
613301,8513
613303,5678
613401,5678
613402,5678
613403,5678
613501,5678
613502,5678
613503,5678
613504,5678
613601,5678
613602,5678
613702,4332
614019,5678
614101,275673
614201,5678
614202,5678
614203,5678
614204,5678
614205,5678
614206,5678
614207,5678
614208,5678
614210,5678
614211,5678
614301,5678
614302,5678
614303,5678
614401,5678
614402,5678
614601,5678
614602,5678
614612,5678
614613,5678
614614,5678
614615,5678
614616,8513
614617,8513
614618,8513
614619,8513
614620,8513
614621,8513
614622,8513
614623,5678
614624,8513
614625,5678
614626,5678
614628,5678
614629,8513
614630,8513
614701,5678
614707,4332
614711,4332
614712,4332
614714,4332
614723,5678
614801,8513
614802,5678
614803,5678
614804,5678
614805,8513
614806,4332
614807,4332
614808,4332
614809,4332
614810,4332
614901,5678
614902,5678
614903,5678
614904,5678
614905,5678
614906,5678
620001,7108
620002,7108
620003,7108
620004,7108
620005,7108
620006,7108
620007,7108
620008,7108
620009,7108
620010,7108
620011,7108
620012,7108
620013,7108
620014,7108
620015,7108
620016,7108
620017,7108
620018,7108
620019,7108
620020,7108
620021,7108
620022,7108
620023,7108
620024,7108
620025,7108
620026,7108
620101,7108
620102,7108
621001,7108
621002,7108
621003,7108
621004,7108
621005,7108
621006,7108
621007,7108
621008,7108
621009,7108
621010,7108
621011,7108
621012,7108
621014,7108
621101,5578
621102,5578
621103,5578
621104,5578
621105,7108
621106,5578
621107,5578
621108,5578
621109,5578
621110,5578
621111,7108
621112,7108
621113,5578
621114,5578
621115,5578
621116,5578
621117,5578
621118,5578
621133,5578
621202,7108
621203,7108
621204,7108
621205,7108
621206,7108
621207,7108
621208,7108
621209,7108
621210,7108
621211,7108
621212,5578
621213,7108
621214,7108
621215,7108
621216,7108
621217,7108
621218,7108
621219,5578
621220,5578
621301,7092
621302,7108
621305,7108
621306,7108
621307,7108
621308,7108
621310,7108
621311,7092
621312,7108
621313,7092
621314,7108
621315,7108
621316,8513
621601,7108
621651,7108
621652,7108
621653,7108
621701,6543
621702,7108
621703,7108
621704,6543
621705,6543
621706,7108
621707,6543
621708,5578
621709,6543
621710,6543
621711,7108
621712,7108
621713,6543
621714,6543
621715,6543
621716,5578
621717,5578
621718,6543
621719,6543
621722,7108
621729,6543
621730,6543
621801,6543
621802,6543
621803,6543
621804,6543
621805,6543
621806,6543
621851,6543
622001,8513
622002,8513
622003,8513
622004,8513
622005,8513
622101,8513
622102,8513
622103,8513
622104,8513
622201,8513
622202,8513
622203,8513
622204,8513
622209,8513
622301,8513
622302,8513
622303,8513
622304,8513
622401,8513
622402,8513
622403,8513
622404,8513
622407,8513
622409,8513
622411,8513
622412,8513
622422,8513
622501,8513
622502,8513
622503,8513
622504,8513
622505,8513
622506,8513
622507,8513
622515,8513
623115,5013
623120,5013
623135,5013
623308,5013
623315,5013
623401,5013
623402,5013
623403,5013
623404,5013
623406,5013
623407,5013
623409,5013
623501,5013
623502,5013
623503,5013
623504,5013
623512,5013
623513,5013
623514,5013
623515,5013
623516,5013
623517,5013
623518,5013
623519,5013
623520,5013
623521,5013
623522,5013
623523,5013
623524,5013
623525,5013
623526,5013
623527,5013
623528,5013
623529,5013
623530,5013
623531,5013
623532,5013
623533,5013
623534,5013
623536,5013
623537,5013
623538,5013
623566,5013
623601,5013
623603,5013
623604,5013
623605,5013
623608,5013
623701,5013
623703,5013
623704,5013
623705,5013
623706,5013
623707,5013
623708,5013
623711,5013
623712,5013
623806,5013
624001,8390
624002,8390
624003,8390
624004,8390
624005,8390
624101,8390
624103,8390
624201,8390
624202,8390
624204,8390
624206,8390
624208,8390
624210,8390
624211,8390
624212,8390
624215,8390
624216,8390
624219,8390
624220,8390
624301,8390
624302,8390
624303,8390
624304,8390
624306,8390
624307,8390
624308,8390
624401,8390
624402,8390
624403,8390
624601,8390
624610,8390
624612,8390
624613,8390
624614,8390
624615,8390
624616,8390
624617,8390
624618,8390
624619,8390
624620,8390
624621,8390
624622,8390
624701,8390
624702,8390
624703,8390
624704,8390
624705,8390
624706,8390
624707,8390
624708,8390
624709,8390
624710,8390
624711,8390
624712,8390
624801,8390
624802,8390
625001,12388
625002,12388
625003,12388
625004,12388
625005,12388
625006,12388
625007,12388
625008,12388
625009,12388
625011,12388
625012,12388
625014,12388
625016,12388
625017,12388
625018,12388
625019,12388
625020,12388
625021,12388
625022,12388
625023,12388
625101,12388
625102,12388
625103,12388
625104,12388
625105,12388
625106,12388
625107,12388
625108,12388
625109,12388
625110,12388
625122,12388
625201,12388
625203,9012
625205,12388
625207,12388
625214,12388
625218,12388
625221,12388
625234,12388
625301,12388
625402,12388
625501,12388
625503,12388
625512,9012
625513,9012
625514,12388
625515,9012
625516,9012
625517,9012
625518,9012
625520,9012
625521,9012
625522,9012
625523,9012
625524,9012
625525,9012
625526,9012
625527,12388
625528,9012
625529,12388
625530,9012
625531,9012
625532,12388
625533,9012
625534,9012
625535,12388
625536,9012
625537,12388
625540,9012
625556,9012
625562,9012
625579,9012
625582,9012
625601,9012
625602,9012
625603,9012
625604,9012
625605,9012
625701,12388
625702,12388
625703,12388
625704,12388
625705,12388
625706,12388
625707,12388
625708,12388
626001,7544
626002,7544
626003,7544
626004,7544
626005,7544
626101,7544
626102,7544
626103,7544
626104,7544
626105,7544
626106,7544
626107,7544
626108,7544
626109,7544
626110,7544
626111,7544
626112,7544
626113,7544
626114,7544
626115,7544
626116,7544
626117,7544
626118,7544
626119,7544
626121,7544
626122,7544
626123,7544
626124,7544
626125,7544
626126,7544
626127,7544
626128,7544
626129,7544
626130,7544
626131,7544
626132,7544
626133,7544
626134,7544
626135,7544
626136,7544
626137,7544
626138,7544
626139,7544
626140,7544
626141,7544
626142,7544
626149,7544
626188,7544
626189,7544
626201,7544
626202,7544
626203,7544
626204,7544
626205,7544
626607,7544
626612,7544
627001,3094
627002,3094
627003,3094
627004,3094
627005,3094
627006,3094
627007,3094
627008,3094
627009,3094
627010,3094
627011,3094
627012,3094
627101,3094
627102,3094
627103,3094
627104,3094
627105,3094
627106,3094
627107,3094
627108,3094
627109,3094
627110,3094
627111,3094
627112,3094
627113,3094
627114,3094
627115,3094
627116,3094
627117,3094
627118,3094
627119,3094
627120,3094
627127,3094
627133,3094
627151,3094
627152,3094
627201,3094
627202,3094
627351,3094
627352,3094
627353,3094
627354,3094
627355,3094
627356,3094
627357,3094
627358,3094
627359,3094
627401,3094
627412,3094
627413,3094
627414,3094
627415,3094
627416,3094
627417,3094
627418,3094
627420,3094
627421,3094
627422,3094
627423,3094
627424,3094
627425,3094
627426,3094
627427,3094
627428,3094
627451,3094
627452,3094
627453,3094
627501,3094
627502,3094
627601,3094
627602,3094
627603,3094
627604,3094
627651,3094
627652,3094
627654,3094
627657,3094
627713,3094
627719,3094
627751,3094
627753,3094
627754,3094
627755,3094
627756,3094
627757,3094
627758,3094
627759,3094
627760,3094
627761,3094
627764,3094
627802,3094
627803,3094
627804,3094
627805,3094
627806,3094
627807,3094
627808,3094
627809,3094
627811,3094
627812,3094
627813,3094
627814,3094
627818,3094
627851,3094
627852,3094
627853,3094
627854,3094
627855,3094
627856,3094
627857,3094
627858,3094
627859,3094
627860,3094
627861,3094
627862,3094
627951,3094
627953,3094
628001,6497
630001,4628
630002,4628
630003,4628
630005,4628
630101,4628
630102,4628
630103,4628
630104,4628
630105,4628
630106,4628
630107,4628
630108,4628
630201,4628
630202,4628
630203,4628
630204,4628
630205,4628
630206,4628
630207,4628
630208,4628
630210,4628
630211,4628
630212,4628
630301,4628
630302,4628
630303,4628
630305,4628
630306,4628
630307,4628
630309,4628
630311,4628
630312,4628
630313,4628
630314,4628
630321,4628
630405,4628
630408,4628
630410,4628
630411,4628
630501,4628
630502,4628
630551,4628
630552,4628
630553,4628
630554,4628
630555,4628
630556,4628
630557,4628
630558,4628
630559,4628
630561,4628
630562,4628
630566,4628
630602,4628
630606,4628
630609,4628
630610,4628
630611,4628
630612,4628
630702,4628
630709,4628
630710,4628
630713,4628
631001,3219
631002,3219
631003,3219
631004,3219
631005,3219
631006,3219
631051,3219
631052,3219
631101,3219
631102,3219
631151,3219
631152,3219
631501,253565
631701,8386
631702,8386
632001,3219
632002,3219
632004,3219
632006,3219
632007,3219
632008,3219
632009,3219
632010,3219
632011,3219
632012,3219
632013,3219
632014,3219
632055,3219
632057,3219
632058,3219
632059,3219
632101,3219
632102,3219
632103,3219
632104,3219
632105,3219
632106,3219
632107,3219
632113,3219
632114,3219
632115,3219
632201,3219
632202,3219
632203,3219
632204,3219
632209,3219
632301,8386
632311,8386
632312,3219
632313,8386
632314,8386
632315,8386
632316,8386
632317,8386
632318,3219
632319,3219
632326,8386
632401,3219
632403,3219
632404,3219
632405,3219
632406,3219
632501,3219
632502,3219
632503,3219
632504,3219
632505,3219
632506,3219
632507,3219
632508,3219
632509,3219
632510,3219
632511,8386
632512,3219
632513,3219
632514,3219
632515,3219
632516,3219
632517,3219
632518,3219
632519,3219
632520,3219
632521,3219
632531,3219
632601,3219
632602,3219
632603,3219
632604,3219
635001,12044
635002,12044
635101,12044
635102,12044
635103,12044
635104,12044
635105,12044
635106,12044
635107,12044
635108,12044
635109,12044
635110,12044
635111,12044
635112,12044
635113,12044
635114,12044
635115,12044
635116,12044
635117,12044
635118,12044
635119,12044
635120,12044
635121,12044
635122,12044
635123,12044
635124,12044
635126,12044
635201,12566
635202,12566
635203,12044
635204,12044
635205,12566
635206,12044
635207,12044
635301,12566
635302,12566
635303,12566
635304,12044
635305,12566
635306,12044
635307,12044
635601,3219
635602,3219
635651,3219
635652,3219
635653,3219
635654,3219
635655,3219
635701,3219
635702,3219
635703,8386
635710,3219
635751,3219
635752,3219
635754,3219
635801,3219
635802,3219
635803,3219
635804,3219
635805,3219
635806,3219
635807,3219
635808,3219
635809,3219
635810,3219
635811,3219
635812,3219
635813,3219
635814,3219
635815,3219
635851,3219
635852,3219
635853,3219
635854,3219
635901,3219
636001,9825
636002,9825
636003,9825
636004,9825
636005,9825
636006,9825
636007,9825
636008,9825
636009,9825
636010,9825
636011,9825
636012,9825
636013,9825
636014,9825
636015,9825
636016,9825
636030,9825
636101,9825
636102,9825
636103,9825
636104,9825
636105,9825
636106,9825
636107,9825
636108,9825
636109,9825
636110,9825
636111,9825
636112,9825
636113,9825
636114,9825
636115,9825
636116,9825
636117,9825
636118,6451
636119,9825
636121,9825
636122,9825
636138,9825
636139,9825
636140,9825
636141,9825
636142,6451
636201,9825
636202,6451
636203,9825
636204,9825
636301,6451
636302,9825
636303,9825
636304,9825
636305,9825
636306,9825
636307,9825
636308,9825
636309,9825
636351,9825
636352,12566
636354,9825
636401,9825
636402,9825
636403,9825
636404,9825
636406,9825
636451,9825
636452,9825
636453,9825
636454,9825
636455,9825
636456,9825
636457,9825
636458,9825
636501,9825
636502,9825
636503,9825
636601,9825
636602,9825
636701,12566
636704,12566
636705,12566
636803,12566
636804,12566
636805,12566
636806,12566
636807,12566
636808,12566
636809,12566
636810,12566
636811,12566
636813,12566
636902,12566
636903,12566
636904,12566
636905,12566
636906,12566
637001,6451
637002,6451
637003,6451
637013,6451
637014,6451
637015,6451
637017,6451
637018,6451
637019,6451
637020,6451
637021,6451
637101,6451
637102,6451
637103,9825
637104,6451
637105,6451
637107,6451
637201,6451
637202,6451
637203,6451
637204,6451
637205,6451
637206,6451
637207,6451
637208,6451
637209,6451
637210,6451
637211,6451
637212,6451
637213,6451
637214,6451
637215,6451
637301,9825
637302,6451
637303,6451
637304,6451
637401,6451
637402,6451
637403,6451
637404,6451
637405,6451
637406,6451
637407,6451
637408,6451
637409,6451
637410,6451
637411,6451
637412,6451
637501,9825
637502,9825
637503,6451
637504,9825
637505,6451
638001,6550
638002,6550
638003,6550
638004,6550
638005,6550
638006,6451
638007,6451
638008,6451
638009,6550
638011,6550
638012,6550
638051,6550
638052,6550
638053,6550
638054,6550
638055,6550
638056,6550
638057,6550
638101,6550
638102,6550
638103,6550
638104,6550
638105,6550
638106,6550
638107,6550
638108,6550
638109,6550
638110,6550
638111,6550
638112,6550
638115,6550
638116,6550
638151,6550
638152,6550
638153,6550
638154,6550
638181,6451
638182,6451
638183,6451
638301,6550
638311,6550
638312,6550
638313,6550
638314,6550
638315,6550
638316,6550
638401,6550
638402,6550
638451,6550
638452,6550
638453,6550
638454,6550
638455,6550
638456,6550
638457,6550
638458,6550
638459,6550
638460,6550
638461,6550
638462,6550
638476,6550
638501,6550
638502,6550
638503,6550
638504,6550
638505,6550
638506,6550
638656,6550
638657,6550
638660,6550
638661,6550
638672,6550
638673,6550
638701,6550
638702,6550
638703,6550
638706,6550
638751,6550
638752,6550
638812,6550
639001,7092
639002,7092
639003,7092
639004,7092
639005,7092
639006,7092
639007,7092
639008,7092
639101,7108
639102,7092
639103,7108
639104,7092
639105,7092
639107,7092
639108,7092
639109,7092
639110,7092
639111,7092
639112,7108
639113,7092
639114,7092
639115,7108
639116,7092
639117,7092
639118,7092
639119,7092
639120,7092
639136,7092
639201,7092
639202,7092
639203,7092
639205,7092
639206,7092
639207,7092
641001,5551
641002,5551
641003,5551
641004,5551
641005,5551
641006,5551
641007,5551
641008,5551
641009,5551
641010,5551
641011,5551
641012,5551
641013,5551
641014,5551
641015,5551
641016,5551
641017,5551
641018,5551
641019,5551
641020,5551
641021,5551
641022,5551
641023,5551
641024,5551
641025,5551
641026,5551
641027,5551
641028,5551
641029,5551
641030,5551
641031,5551
641032,5551
641033,5551
641034,5551
641035,5551
641036,5551
641037,5551
641038,5551
641039,5551
641041,5551
641042,5551
641043,5551
641044,5551
641045,5551
641046,5551
641047,5551
641048,5551
641049,5551
641050,5551
641062,5551
641101,5551
641103,5551
641104,5551
641105,5551
641107,5551
641108,5551
641109,5551
641110,5551
641111,5551
641112,5551
641113,5551
641114,5551
641201,5551
641202,5551
641301,5551
641302,5551
641305,5551
641401,5551
641402,5551
641407,5551
641601,5551
641602,5551
641603,5551
641604,5551
641605,6550
641606,5551
641607,5551
641652,5551
641653,5551
641654,5551
641655,5551
641658,5551
641659,5551
641662,5551
641663,5551
641664,5551
641665,5551
641666,5551
641667,5551
641668,5551
641669,5551
641670,5551
641671,5551
641687,5551
641697,5551
642001,5551
642002,5551
642003,5551
642004,5551
642005,5551
642006,5551
642007,5551
642101,5551
642102,5551
642103,5551
642104,5551
642105,5551
642106,5551
642107,5551
642108,5551
642109,5551
642110,5551
642111,5551
642112,5551
642113,5551
642114,5551
642117,5551
642120,5551
642122,5551
642123,5551
642125,5551
642126,5551
642127,5551
642128,5551
642129,5551
642130,5551
642132,5551
642133,5551
642134,5551
642154,5551
642201,5551
642202,5551
642203,5551
642204,5551
642205,5551
642206,5551
642207,5551
643001,3551
643002,3551
643003,3551
643004,3551
643005,3551
643006,3551
643007,3551
643101,3551
643102,3551
643103,3551
643105,3551
643201,3551
643202,3551
643203,3551
643204,3551
643205,3551
643206,3551
643207,3551
643209,3551
643211,3551
643212,3551
643213,3551
643214,3551
643215,3551
643216,3551
643217,3551
643218,3551
643219,3551
643220,3551
643221,3551
643223,3551
643224,3551
643225,3551
643226,3551
643231,3551
643233,3551
643236,3551
643237,3551
643238,3551
643239,3551
643240,3551
643241,3551
643242,3551
643243,3551
643253,3551
670001,5436
670002,5436
670003,5436
670004,5436
670005,5436
670006,5436
670007,5436
670008,5436
670009,5436
670010,5436
670011,5436
670012,5436
670013,5436
670014,5436
670017,5436
670018,5436
670101,5436
670102,5436
670103,5436
670104,5436
670105,5436
670106,5436
670107,5436
670141,5436
670142,5436
670143,5436
670301,5436
670302,5436
670303,5436
670304,5436
670305,5436
670306,5436
670307,5436
670308,5436
670309,5436
670310,5436
670325,5436
670327,5436
670331,5436
670334,5436
670353,5436
670358,5436
670501,5436
670502,5436
670503,5436
670504,5436
670511,5436
670521,5436
670561,5436
670562,5436
670563,5436
670567,5436
670571,5436
670581,5436
670582,5436
670591,5436
670592,5436
670593,5436
670594,5436
670595,5436
670601,5436
670602,5436
670604,5436
670611,5436
670612,5436
670613,5436
670621,5436
670622,5436
670631,5436
670632,5436
670633,5436
670641,5436
670642,5436
670643,5436
670644,9862
670645,9862
670646,9862
670649,5436
670650,5436
670651,5436
670661,5436
670662,5436
670663,5436
670671,5436
670672,5436
670673,5436
670674,5436
670675,5436
670676,5436
670691,5436
670692,5436
670693,5436
670694,5436
670701,5436
670702,5436
670703,5436
670704,5436
670705,5436
670706,5436
670721,9862
670731,9862
670741,5436
673001,7902
673002,7902
673003,7902
673004,7902
673005,7902
673006,7902
673007,7902
673008,7902
673009,7902
673010,7902
673011,7902
673012,7902
673014,7902
673015,7902
673016,7902
673017,7902
673018,7902
673019,7902
673020,7902
673021,7902
673027,7902
673028,7902
673029,7902
673032,7902
673101,7902
673102,7902
673103,7902
673104,7902
673105,7902
673106,7902
673121,9862
673122,9862
673123,9862
673301,7902
673302,7902
673303,7902
673304,7902
673305,7902
673306,7902
673307,7902
673308,7902
673309,7902
673311,5436
673312,5436
673313,5436
673314,9027
673315,7902
673316,5436
673317,7902
673328,7902
673501,7902
673502,7902
673503,7902
673504,7902
673505,7902
673506,7902
673507,7902
673508,7902
673509,7902
673513,7902
673517,7902
673521,7902
673522,7902
673523,7902
673524,7902
673525,7902
673526,7902
673527,7902
673528,7902
673529,7902
673541,7902
673542,7902
673571,7902
673572,7902
673573,7902
673574,7902
673575,9862
673576,9862
673577,9862
673579,9862
673580,7902
673581,9862
673582,7902
673585,7902
673586,7902
673591,9862
673592,9862
673593,9862
673595,9862
673596,9862
673601,7902
673602,7902
673603,7902
673604,7902
673611,7902
673612,7902
673613,7902
673614,7902
673616,7902
673620,7902
673631,7902
673632,9027
673633,9027
673634,9027
673635,9027
673636,9027
673637,9027
673638,9027
673639,9027
673640,9027
673641,9027
673642,9027
673645,9027
673647,9027
673655,7902
673661,7902
676101,9027
676102,9027
676103,9027
676105,9027
676106,9027
676107,9027
676108,9027
676109,9027
676121,9027
676122,9027
676123,9027
676301,9027
676302,9027
676303,9027
676304,9027
676305,9027
676306,9027
676307,9027
676309,9027
676311,9027
676312,9027
676317,9027
676319,9027
676320,9027
676501,9027
676502,9027
676503,9027
676504,9027
676505,9027
676506,9027
676507,9027
676508,9027
676509,9027
676510,9027
676517,9027
676519,9027
676521,9027
676522,9027
676523,9027
676525,9027
676528,9027
676541,9027
676542,9027
676551,9027
676552,9027
676553,9027
676561,9027
676562,9027
678001,4428
678002,4428
678003,4428
678004,4428
678005,4428
678006,4428
678007,4428
678008,4428
678009,4428
678010,4428
678011,4428
678012,4428
678013,4428
678014,4428
678101,4428
678102,4428
678103,4428
678104,4428
678501,4428
678502,4428
678503,4428
678504,4428
678505,4428
678506,4428
678507,4428
678508,4428
678510,4428
678512,4428
678531,4428
678532,4428
678533,4428
678534,4428
678541,4428
678542,4428
678543,4428
678544,4428
678545,4428
678546,4428
678551,4428
678552,4428
678553,4428
678554,4428
678555,4428
678556,4428
678557,4428
678571,4428
678572,4428
678573,4428
678574,4428
678581,4428
678582,4428
678583,4428
678591,4428
678592,4428
678593,4428
678594,4428
678595,4428
678596,4428
678597,4428
678598,4428
678601,4428
678611,4428
678612,4428
678613,4428
678621,4428
678622,4428
678623,4428
678624,4428
678631,4428
678632,4428
678633,4428
678641,4428
678642,4428
678651,4428
678661,4428
678671,4428
678681,4428
678682,4428
678683,4428
678684,4428
678685,4428
678686,4428
678687,4428
678688,4428
678701,4428
678702,4428
678703,4428
678704,4428
678705,4428
678706,4428
678721,4428
678722,4428
678731,4428
678732,4428
678762,4428
679101,4428
679102,4428
679103,4428
679104,4428
679105,4049
679106,4049
679121,4428
679122,4428
679123,4428
679301,4428
679302,4428
679303,4428
679304,4428
679305,4428
679306,4428
679307,4428
679308,4428
679309,4428
679313,4428
679321,9027
679322,9027
679323,9027
679324,9027
679325,9027
679326,9027
679327,9027
679328,9027
679329,9027
679330,9027
679331,9027
679332,9027
679333,9027
679334,9027
679335,4428
679336,4428
679337,4428
679338,9027
679339,9027
679340,9027
679341,9027
679357,9027
679501,4428
679502,4428
679503,4428
679504,4428
679505,4428
679506,4428
679511,4428
679512,4428
679513,4428
679514,4428
679515,4428
679516,4428
679521,4428
679522,4428
679523,4428
679531,4049
679532,4049
679533,4428
679534,4428
679535,4428
679536,4428
679551,4428
679552,4428
679553,4428
679554,4428
679561,4049
679562,4049
679563,4049
679564,4049
679571,9027
679572,9027
679573,9027
679574,9027
679575,9027
679576,9027
679577,9027
679578,9027
679579,9027
679580,9027
679581,9027
679582,9027
679583,9027
679584,9027
679585,9027
679586,9027
679587,9027
679591,9027
680001,4049
680002,4049
680003,4049
680004,4049
680005,4049
680006,4049
680007,4049
680008,4049
680009,4049
680010,4049
680011,4049
680012,4049
680013,4049
680014,4049
680020,4049
680021,4049
680022,4049
680026,4049
680027,4049
680028,4049
680101,4049
680102,4049
680103,4049
680104,4049
680121,4049
680122,4049
680123,4049
680125,4049
680301,4049
680302,4049
680303,4049
680304,4049
680305,4049
680306,4049
680307,4049
680308,4049
680309,4049
680310,4049
680311,4049
680312,4049
680317,4049
680501,4049
680502,4049
680503,4049
680504,4049
680505,4049
680506,4049
680507,4049
680508,4049
680509,4049
680510,4049
680511,4049
680512,4049
680513,4049
680514,4049
680515,4049
680516,4049
680517,4049
680518,4049
680519,4049
680520,4049
680521,4049
680522,4049
680523,4049
680524,4049
680541,4049
680542,4049
680543,4049
680544,4049
680545,4049
680546,4049
680551,4049
680552,4049
680553,4049
680555,4049
680561,4049
680562,4049
680563,4049
680564,4049
680565,4049
680566,4049
680567,4049
680568,4049
680569,4049
680570,4049
680571,4049
680581,4049
680582,4049
680583,4049
680584,4049
680585,4049
680586,4049
680587,4049
680588,4049
680589,4049
680590,4049
680591,4049
680594,4049
680596,4049
680601,4049
680602,4049
680604,4049
680611,4049
680612,4049
680613,4049
680614,4049
680615,4049
680616,4049
680617,4049
680618,4049
680619,4049
680620,4049
680623,4049
680631,4049
680641,4049
680642,4049
680651,4049
680652,4049
680653,4049
680654,4049
680655,4049
680656,4049
680661,4049
680662,4049
680663,4049
680664,4049
680665,4049
680666,4049
680667,4049
680668,4049
680669,4049
680670,4049
680671,4049
680681,4049
680682,4049
680683,4049
680684,4049
680685,4049
680686,4049
680687,4049
680688,4049
680689,4049
680691,4049
680697,4049
680699,4049
680701,4049
680702,4049
680703,4049
680711,4049
680712,4049
680721,4049
680722,4049
680724,4049
680731,4049
680732,4049
680733,4049
680734,4049
680741,4049
680751,4049
682001,5243
682002,5243
682003,5243
682004,5243
682005,5243
682006,5243
682007,5243
682008,5243
682009,5243
682010,5243
682011,5243
682012,5243
682013,5243
682015,5243
682016,5243
682017,5243
682018,5243
682019,5243
682020,5243
682021,5243
682022,5243
682023,5243
682024,5243
682025,5243
682026,5243
682027,5243
682028,5243
682029,5243
682030,5243
682031,5243
682032,5243
682033,5243
682034,5243
682035,5243
682036,5243
682037,5243
682038,5243
682039,5243
682040,5243
682041,5243
682042,5243
682301,5243
682302,5243
682303,5243
682304,5243
682305,5243
682306,5243
682307,5243
682308,5243
682309,5243
682310,5243
682311,5243
682312,5243
682313,5243
682314,5243
682315,5243
682316,5243
682501,5243
682502,5243
682503,5243
682504,5243
682505,5243
682506,5243
682507,5243
682508,5243
682509,5243
682511,5243
682551,2002
682552,2002
682553,2002
682555,2002
682556,2002
682557,2002
682559,2002
683101,5243
683102,5243
683104,5243
683105,5243
683106,5243
683108,5243
683110,5243
683111,5243
683112,5243
683501,5243
683502,5243
683503,5243
683511,5243
683512,5243
683513,5243
683514,5243
683515,5243
683516,5243
683517,5243
683518,5243
683519,5243
683520,5243
683521,5243
683522,5243
683541,5243
683542,5243
683543,5243
683544,5243
683545,5243
683546,5243
683547,5243
683549,5243
683550,5243
683556,5243
683561,5243
683562,5243
683563,5243
683565,5243
683571,5243
683572,5243
683573,5243
683574,5243
683575,5243
683576,5243
683577,5243
683578,5243
683579,5243
683580,5243
683581,5243
683585,5243
683587,5243
683589,5243
683594,5243
685501,4542
685503,4542
685505,4542
685507,4542
685508,4542
685509,4542
685511,4542
685512,4542
685514,4542
685515,4542
685531,4542
685532,4542
685533,4542
685535,4542
685551,4542
685552,4542
685553,4542
685554,4542
685561,4542
685562,4542
685563,4542
685565,4542
685566,4542
685571,4542
685581,4542
685582,4542
685583,4542
685584,4542
685585,4542
685586,4542
685587,4542
685588,4542
685589,4542
685590,4542
685591,4542
685595,4542
685601,4542
685602,4542
685603,4542
685604,4542
685605,4542
685606,4542
685607,4542
685608,4542
685609,4542
685612,4542
685613,4542
685614,4542
685615,4542
685616,4542
685618,4542
685619,4542
685620,4542
686001,3586
686002,3586
686003,3586
686004,3586
686005,3586
686006,3586
686007,3586
686008,3586
686009,3586
686010,3586
686011,3586
686012,3586
686013,3586
686014,3586
686015,3586
686016,3586
686017,3586
686018,3586
686019,3586
686020,3586
686021,3586
686022,3586
686041,3586
686101,3586
686102,3586
686103,3586
686104,3586
686105,3586
686106,3586
686121,3586
686122,3586
686123,3586
686141,3586
686143,3586
686144,3586
686146,3586
686501,3586
686502,3586
686503,3586
686504,3586
686505,3586
686506,3586
686507,3586
686508,3586
686509,3586
686510,3586
686511,2523
686512,3586
686513,3586
686514,3586
686515,3586
686516,3586
686517,3586
686518,3586
686519,3586
686520,3586
686521,3586
686522,3586
686531,3586
686532,3586
686533,3586
686534,4082
686535,3586
686536,3586
686537,3586
686538,3586
686539,3586
686540,3586
686541,3586
686542,3586
686543,3586
686544,3586
686545,3586
686546,3586
686547,2523
686548,3586
686555,3586
686561,3586
686562,3586
686563,3586
686564,3586
686571,3586
686572,3586
686573,3586
686574,3586
686575,3586
686576,3586
686577,3586
686578,3586
686579,3586
686580,3586
686581,3586
686582,3586
686583,3586
686584,3586
686585,3586
686586,3586
686587,3586
686601,3586
686602,3586
686603,3586
686604,3586
686605,3586
686606,3586
686607,3586
686608,3586
686609,3586
686610,3586
686611,3586
686612,3586
686613,3586
686616,3586
686630,3586
686631,3586
686632,3586
686633,3586
686634,3586
686635,3586
686636,3586
686637,3586
686651,3586
686652,3586
686653,3586
686661,5243
686662,5243
686663,5243
686664,5243
686665,5243
686667,5243
686668,5243
686669,5243
686670,5243
686671,5243
686672,5243
686673,5243
686681,5243
686691,5243
686692,5243
686693,5243
688001,4082
688002,4082
688003,4082
688004,4082
688005,4082
688006,4082
688007,4082
688008,4082
688009,4082
688011,4082
688012,4082
688013,4082
688014,4082
688501,4082
688502,4082
688503,4082
688504,4082
688505,4082
688506,4082
688521,4082
688522,4082
688523,4082
688524,4082
688525,4082
688526,4082
688527,4082
688528,4082
688529,4082
688530,4082
688531,4082
688532,4082
688533,4082
688534,4082
688535,4082
688536,4082
688537,4082
688538,4082
688539,4082
688540,4082
688541,4082
688555,4082
688561,4082
688562,4082
688570,4082
688582,4082
689101,2523
689102,2523
689103,2523
689104,2523
689105,2523
689106,2523
689107,2523
689108,2523
689109,4082
689110,2523
689111,2523
689112,2523
689113,2523
689115,2523
689121,4082
689122,4082
689123,4082
689124,4082
689126,4082
689501,2523
689502,2523
689503,2523
689504,4082
689505,4082
689506,4082
689507,2523
689508,4082
689509,4082
689510,4082
689511,4082
689512,4082
689513,2523
689514,2523
689520,4082
689521,4082
689531,2523
689532,2523
689533,2523
689541,2523
689542,2523
689543,2523
689544,2523
689545,2523
689546,2523
689547,2523
689548,2523
689549,2523
689550,2523
689551,2523
689571,4082
689572,4082
689573,4082
689574,4082
689581,2523
689582,2523
689583,2523
689584,2523
689585,2523
689586,2523
689587,2523
689588,2523
689589,2523
689590,4082
689591,2523
689592,2523
689594,2523
689595,4082
689597,2523
689602,2523
689611,2523
689612,2523
689613,2523
689614,2523
689615,2523
689621,2523
689622,4082
689623,4082
689624,4082
689625,2523
689626,2523
689627,4082
689641,2523
689642,2523
689643,2523
689644,2523
689645,2523
689646,2523
689647,2523
689648,2523
689649,2523
689650,2523
689652,2523
689653,2523
689654,2523
689656,2523
689661,2523
689662,2523
689663,2523
689664,2523
689666,2523
689667,2523
689668,2523
689671,2523
689672,2523
689673,2523
689674,2523
689675,2523
689676,2523
689677,2523
689678,2523
689691,2523
689692,2523
689693,2523
689694,2523
689695,5245
689696,5245
689698,2523
689699,2523
689711,2523
690101,4082
690102,4082
690103,4082
690104,4082
690105,4082
690106,4082
690107,4082
690108,4082
690110,4082
690501,4082
690502,4082
690503,4082
690504,4082
690505,4082
690506,4082
690507,4082
690508,4082
690509,4082
690510,4082
690511,4082
690512,4082
690513,4082
690514,4082
690515,4082
690516,4082
690517,4082
690518,5245
690519,5245
690520,5245
690521,5245
690522,5245
690523,5245
690524,5245
690525,5245
690526,5245
690527,4082
690528,5245
690529,4082
690530,4082
690531,4082
690532,4082
690533,4082
690534,4082
690535,4082
690536,5245
690537,4082
690538,5245
690539,5245
690540,5245
690542,5245
690544,5245
690547,4082
690548,4082
690558,4082
690559,4082
690561,5245
690571,4082
690572,4082
690573,5245
690574,5245
691001,5245
691002,5245
691003,5245
691004,5245
691005,5245
691006,5245
691007,5245
691008,5245
691009,5245
691010,5245
691011,5245
691012,5245
691013,5245
691014,5245
691015,5245
691016,5245
691019,5245
691020,5245
691021,5245
691301,5245
691302,5245
691303,5245
691304,5245
691305,5245
691306,5245
691307,5245
691308,5245
691309,5245
691310,5245
691311,5245
691312,5245
691319,5245
691322,5245
691331,5245
691332,5245
691333,5245
691334,5245
691500,5245
691501,5245
691502,5245
691503,5245
691504,5245
691505,5245
691506,5245
691507,5245
691508,5245
691509,5245
691510,5245
691511,5245
691512,5245
691515,5245
691516,5245
691520,5245
691521,5245
691522,5245
691523,2523
691524,2523
691525,2523
691526,2523
691530,2523
691531,5245
691532,5245
691533,5245
691534,5245
691535,5245
691536,5245
691537,5245
691538,5245
691540,5245
691541,5245
691543,5245
691551,2523
691552,2523
691553,5245
691554,2523
691555,2523
691556,2523
691557,5245
691559,5245
691560,5245
691566,5245
691571,5245
691572,5245
691573,5245
691574,5245
691576,5245
691577,5245
691578,5245
691579,5245
691581,5245
691582,5245
691583,5245
691584,5245
691585,5245
691589,5245
691590,5245
691601,5245
691602,5245
695001,5573
695002,5573
695003,5573
695004,5573
695005,5573
695006,5573
695007,5573
695008,5573
695009,5573
695010,5573
695011,5573
695012,5573
695013,5573
695014,5573
695015,5573
695016,5573
695017,5573
695018,5573
695019,5573
695020,5573
695021,5573
695022,5573
695023,5573
695024,5573
695025,5573
695026,5573
695027,5573
695028,5573
695029,5573
695030,5573
695032,5573
695033,5573
695034,5573
695035,5573
695036,5573
695038,5573
695040,5573
695042,5573
695043,5573
695101,5573
695102,5573
695103,5573
695104,5573
695121,5573
695122,5573
695123,5573
695124,5573
695125,5573
695126,5573
695132,5573
695133,5573
695134,5573
695141,5573
695142,5573
695143,5573
695144,5573
695145,5573
695146,5573
695301,5573
695302,5573
695303,5573
695304,5573
695305,5573
695306,5573
695307,5573
695308,5573
695309,5573
695310,5573
695311,5573
695312,5573
695313,5573
695316,5573
695317,5573
695318,5573
695501,5573
695502,5573
695503,5573
695504,5573
695505,5573
695506,5573
695507,5573
695508,5573
695512,5573
695513,5573
695521,5573
695522,5573
695523,5573
695524,5573
695525,5573
695526,5573
695527,5573
695528,5573
695541,5573
695542,5573
695543,5573
695551,5573
695561,5573
695562,5573
695563,5573
695564,5573
695568,5573
695571,5573
695572,5573
695573,5573
695574,5573
695575,5573
695581,5573
695582,5573
695583,5573
695584,5573
695585,5573
695586,5573
695587,5573
695588,5573
695589,5573
695601,5573
695602,5573
695603,5573
695604,5573
695605,5573
695606,5573
695607,5573
695608,5573
695609,5573
695610,5573
695611,5573
695612,5573
695614,5573
695615,5573
700001,12192
700002,12192
700003,12192
700004,12192
700005,12192
700006,12192
700007,12192
700008,12192
700009,12192
700010,12192
700011,12192
700012,12192
700013,12192
700014,12192
700015,12192
700016,12192
700017,12192
700018,12192
700019,12192
700020,12192
700021,12192
700022,12192
700023,12192
700024,12192
700025,12192
700026,12192
700027,12192
700028,12192
700029,12192
700030,12192
700031,12192
700032,12192
700033,12192
700034,12192
700035,12192
700036,12192
700037,12192
700038,12192
700040,12192
700041,12192
700042,12192
700043,12192
700044,12192
700045,12192
700046,12192
700047,12192
700050,12192
700052,12192
700053,12192
700054,12192
700060,12192
700061,12192
700062,12192
700063,12192
700065,12192
700066,12192
700067,12192
700068,12192
700069,12192
700071,12192
700072,12192
700073,12192
700074,12192
700075,12192
700077,12192
700078,12192
700080,12192
700082,12192
700085,12192
700086,12192
700087,12192
700088,12192
700089,12192
700090,12192
700092,12192
700094,12192
700095,12192
700099,12192
700107,12192
700108,12192
711101,21051
711102,21051
711103,21051
711104,21051
711105,21051
711106,21051
711107,21051
711108,21051
711109,21051
711110,21051
711111,21051
711112,21051
711113,21051
711114,21051
711201,21051
711202,21051
711203,21051
711204,21051
711205,21051
711225,21051
711226,21051
711227,21051
711301,21051
711302,21051
711303,21051
711304,21051
711305,21051
711306,21051
711307,21051
711308,21051
711309,21051
711310,21051
711312,21051
711313,21051
711314,21051
711315,21051
711316,21051
711317,21051
711322,21051
711401,21051
711403,21051
711404,21051
711405,21051
711408,21051
711409,21051
711410,21051
711411,21051
711412,21051
711413,21051
711414,21051
712306,1200085
713150,16288
713331,15184
713513,16288
713514,16288
713519,16288
722101,16288
722102,16288
722121,16288
722122,16288
722132,16288
722133,16288
722134,16288
722135,16288
722136,16288
722137,16288
722138,16288
722139,16288
722140,16288
722141,16288
722142,16288
722143,16288
722144,16288
722146,16288
722147,16288
722148,16288
722149,16288
722150,16288
722151,16288
722152,16288
722153,16288
722154,16288
722155,16288
722156,16288
722157,16288
722158,16288
722160,16288
722161,16288
722162,16288
722164,16288
722173,16288
722183,16288
722201,16288
722202,16288
722203,16288
722204,16288
722205,16288
722206,16288
722207,16288
722208,16288
723101,15184
723102,15184
723103,15184
723104,15184
723121,15184
723126,15184
723127,15184
723128,15184
723129,15184
723130,15184
723131,15184
723132,15184
723133,15184
723142,15184
723143,15184
723145,15184
723146,15184
723147,15184
723148,15184
723149,15184
723151,15184
723152,15184
723153,15184
723154,15184
723155,15184
723156,15184
723201,15184
723202,15184
723212,15184
723213,15184
723215,15184
731101,18570
731102,18570
731103,18570
731104,18570
731121,18570
731123,18570
731124,18570
731125,18570
731126,18570
731127,18570
731129,18570
731130,18570
731132,18570
731133,18570
731201,18570
731202,18570
731204,18570
731214,18570
731215,18570
731216,18570
731219,18570
731220,18570
731221,18570
731222,18570
731223,18570
731224,18570
731233,18570
731234,18570
731235,18570
731236,18570
731237,18570
731238,18570
731240,18570
731241,18570
731242,18570
731243,18570
731244,18570
731245,18570
731301,18570
731302,18570
731303,18570
733101,15184
733102,15184
733103,15184
733121,15184
733124,15184
733125,15184
733126,15184
733127,15184
733132,15184
733133,15184
733140,15184
733141,15184
733142,15184
733145,15184
733158,15184
734001,15184
734002,15184
734003,15184
734004,15184
734005,15184
734006,14758
734007,14758
734008,15184
734009,15184
734010,15184
734011,15184
734012,15184
734013,15184
734014,15184
734015,14758
734101,15184
734102,15184
734103,15184
734104,15184
734105,15184
734201,15184
734203,15184
734213,15184
734214,15184
734215,15184
734216,15184
734217,15184
734218,15184
734220,15184
734221,15184
734222,15184
734223,15184
734224,15184
734226,15184
734301,15184
734311,15184
734312,15184
734313,15184
734314,15184
734315,15184
734316,15184
734421,15184
734423,15184
734424,15184
734426,15184
734427,15184
734429,15184
734431,15184
734434,15184
734501,14758
734503,15184
735101,14758
735102,14758
735121,14758
735132,14758
735133,14758
735134,14758
735135,14758
735202,14758
735203,14758
735204,14758
735205,14758
735206,14758
735207,14758
735208,14758
735209,14758
735210,14758
735211,14758
735212,14758
735213,14758
735214,14758
735215,14758
735216,14758
735217,14758
735218,14758
735219,14758
735220,14758
735221,14758
735222,14758
735223,14758
735224,14758
735225,14758
735226,14758
735227,14758
735228,14758
735229,14758
735230,14758
735231,15184
735232,14758
735233,14758
735234,14758
735302,14758
735305,14758
736121,14758
736122,14758
736123,14758
736182,14758
736201,14758
736202,14758
736203,14758
736204,14758
736205,14758
736206,14758
736207,14758
736208,14758
741101,15184
741102,15184
741103,15184
741121,15184
741122,15184
741123,15184
741124,15184
741125,15184
741126,15184
741127,15184
741137,15184
741138,15184
741139,15184
741140,15184
741150,15184
741151,15184
741152,15184
741153,15184
741154,15184
741155,15184
741156,15184
741157,15184
741158,15184
741159,15184
741160,15184
741161,15184
741162,15184
741163,15184
741164,15184
741165,15184
741166,15184
741167,15184
741181,15184
741201,15184
741202,15184
741221,15184
741222,15184
741223,15184
741232,15184
741234,15184
741235,15184
741238,15184
741245,15184
741246,15184
741247,15184
741248,15184
741249,15184
741250,15184
741251,15184
741252,15184
741253,15184
741254,15184
741255,15184
741256,15184
741257,15184
741301,15184
741302,15184
741313,15184
741315,15184
741316,15184
741317,15184
741319,15184
741401,15184
741402,15184
741404,15184
741501,15184
741502,15184
741503,15184
741504,15184
741505,15184
741506,15184
741507,15184
741508,15184
741509,15184
742101,25312
742102,25312
742103,25312
742104,25312
742113,25312
742121,25312
742122,25312
742123,25312
742132,25312
742133,25312
742134,25312
742135,25312
742136,25312
742137,25312
742138,25312
742140,25312
742147,25312
742148,25312
742149,25312
742151,25312
742159,25312
742160,25312
742161,25312
742163,25312
742164,25312
742165,25312
742166,25312
742168,25312
742174,25312
742175,25312
742184,25312
742187,25312
742189,25312
742201,25312
742202,25312
742212,25312
742213,25312
742223,25312
742224,25312
742225,25312
742226,25312
742227,25312
742235,25312
742236,25312
742237,25312
742238,25312
742301,25312
742302,25312
742303,25312
742304,25312
742305,25312
742306,25312
742308,25312
742401,25312
742402,25312
742404,25312
742405,25312
742406,25312
742407,25312
742408,25312
742409,25312
743438,2191924
744202,22956
744207,51770
752001,13671
752002,13671
752003,13671
752011,13671
752012,13671
752013,13671
752014,13671
752015,13671
752016,13671
752017,13671
752020,9836
752024,9095
752025,9095
752026,9095
752045,13671
752046,13671
752063,9095
752065,9095
752068,9095
752069,9095
752070,9095
752077,9095
752078,9095
752079,9095
752080,9095
752081,9095
752082,9095
752083,9095
752084,9095
752085,9095
752089,9095
752090,9095
752091,9095
752092,9095
752093,9095
752094,9095
752104,13671
752105,13671
752106,13671
752107,13671
752108,13671
752109,13671
752110,13671
752111,13671
752113,13671
752114,13671
752116,13671
752118,13671
752119,13671
752120,13671
752121,13671
753001,10542
753002,10542
753003,10542
753004,10542
753006,10542
753007,10542
753008,10542
753009,10542
753010,10542
753011,10542
753012,10542
753013,10542
753014,10542
754001,10542
754002,10542
754003,10542
754004,10542
754005,10542
754006,10542
754007,10542
754008,10542
754009,10542
754010,10542
754011,10542
754018,10542
754021,10542
754022,10542
754023,9836
754024,9836
754025,10542
754026,10542
754027,10542
754028,10542
754029,10542
754030,10542
754031,10542
754032,10542
754035,10542
754037,10542
754071,10542
754082,9836
754100,10542
754102,9836
754103,9836
754104,9836
754105,10542
754106,9836
754107,9836
754108,9836
754109,9836
754110,9836
754111,9836
754112,10542
754113,9836
754114,9836
754119,9836
754120,9836
754130,9836
754131,10542
754132,9836
754133,9836
754134,10097
754135,9836
754136,9836
754137,9836
754138,9836
754139,9836
754140,9836
754141,9836
754142,9836
754145,9836
754153,10097
754160,9836
754162,9836
754200,10542
754201,10542
754202,10542
754203,10097
754204,10542
754205,9836
754206,10542
754207,10542
754208,10542
754209,10542
754210,10097
754211,10097
754212,10097
754213,10097
754214,10097
754215,10097
754216,10097
754217,10097
754218,10097
754219,10097
754220,10097
754221,10542
754222,10097
754223,10097
754224,10097
754225,10097
754227,10097
754228,10097
754231,10097
754239,10097
754240,10097
754244,10097
754245,10097
754246,10097
754248,10097
754250,10097
754253,10097
754289,10097
754290,10542
754292,9836
754293,10542
754294,9836
754295,10542
754296,9836
755001,9836
755003,9836
755004,9836
755005,9836
755006,9836
755007,9836
755008,9836
755009,9836
755010,9836
755011,9836
755012,9836
755013,9836
755014,9836
755015,9836
755016,9836
755017,9836
755018,9836
755019,9836
755020,9836
755022,9836
755023,9836
755024,9836
755025,9836
755026,9836
755027,9836
755028,9836
755036,9836
755043,9836
755044,9836
755049,9836
755050,9836
755061,10097
755062,9836
756100,8851
756101,8851
756111,8851
756112,8851
756113,8851
756114,8851
756115,8851
756116,8851
756117,8851
756118,8851
756119,8851
756120,8851
756121,8851
756122,8851
756123,8851
756124,8851
756125,8851
756127,8851
756128,8851
756129,8851
756130,8851
756131,8851
756132,8851
756133,8851
756135,8851
756137,8851
756138,8851
756139,8851
756144,8851
756162,8851
756163,8851
756164,8851
756165,8851
756167,8851
756168,8851
756171,8851
756181,8851
757001,8408
757002,8408
757003,8408
757014,8408
757016,8408
757017,8408
757018,8408
757019,8408
757020,8408
757021,8408
757022,8408
757023,8408
757024,8408
757025,8408
757026,8408
757027,8408
757028,8408
757029,8408
757030,8408
757031,8408
757032,8408
757033,8408
757034,8408
757035,8408
757036,8408
757037,8408
757038,8408
757039,8408
757040,8408
757041,8408
757042,8408
757043,8408
757045,8408
757046,8408
757047,8408
757048,8408
757049,8408
757050,8408
757051,8408
757052,8408
757053,8408
757054,8408
757055,8408
757073,8408
757074,8408
757075,8408
757077,8408
757079,8408
757081,8408
757082,8408
757083,8408
757084,8408
757085,8408
757086,8408
757087,8408
757092,8408
757093,8408
757100,8408
757101,8408
757102,8408
757103,8408
757104,8408
757105,8408
757106,8408
757107,8408
758001,9331
758002,9331
758013,9331
758014,9331
758015,9331
758016,9331
758017,9331
758018,9331
758019,9331
758020,9331
758021,9331
758022,9331
758023,9331
758025,9331
758026,9331
758027,9331
758028,9331
758029,9331
758030,9331
758031,9331
758032,9331
758034,9331
758035,9331
758036,9331
758037,9331
758038,9331
758040,9331
758041,9331
758043,9331
758044,9331
758045,9331
758046,9331
758047,9331
758076,9331
758078,9331
758079,9331
758080,9331
758081,9331
758082,9331
758083,9331
758084,9331
758085,9331
759001,12349
759013,12349
759014,12349
759015,12349
759016,12349
759017,12349
759018,12349
759019,12349
759020,12349
759021,12349
759022,12349
759023,12349
759024,12349
759025,12349
759026,12349
759027,12349
759028,12349
759039,12349
759120,12349
759121,12349
759123,276457
759146,12349
760001,9836
760002,9836
760003,9836
760004,9836
760005,9836
760006,9836
760007,9836
760008,9836
760010,9836
761001,9836
761002,9836
761003,9836
761004,9836
761005,9836
761006,9836
761007,9836
761008,9836
761009,9836
761010,9836
761011,9836
761012,9836
761013,9836
761014,9836
761015,8346
761016,8346
761017,8346
761018,9836
761019,9836
761020,9836
761025,9836
761026,9836
761027,9836
761028,9836
761029,9836
761030,9836
761031,9836
761032,9836
761035,9836
761037,9836
761041,9836
761042,9836
761043,9836
761045,9836
761052,9836
761054,9836
761055,9836
761100,9836
761101,9836
761102,9836
761103,9836
761104,9836
761105,9836
761106,9836
761107,9836
761108,9836
761109,9836
761110,9836
761111,9836
761114,9836
761115,9836
761116,9836
761117,9836
761118,9836
761119,9836
761120,9836
761121,9836
761122,9836
761123,9836
761124,9836
761125,9836
761126,9836
761131,9836
761132,9836
761133,9836
761140,9836
761141,9836
761143,9836
761144,9836
761146,9836
761151,9836
761200,8346
761201,8346
761206,8346
761207,8346
761208,8346
761209,9836
761210,8346
761211,8346
761212,8346
761213,8346
761214,8346
761215,8346
761217,8346
762001,7233
762002,7233
762010,7233
762011,7233
762012,7233
762013,8694
762014,8694
762015,8694
762016,8694
762017,8694
762018,8694
762019,7233
762020,8694
762021,7233
762022,7233
762023,8694
762024,8694
762026,8694
762027,7233
762028,7233
762029,7233
762030,8694
762100,7233
762101,7233
762102,7233
762103,7233
762104,7233
762105,7233
762106,7233
762107,7233
762109,7233
762110,7233
762112,7233
763001,9656
763002,9656
763003,9656
763004,9656
763008,9656
764001,9656
764002,9656
764003,9656
764004,9656
764005,9656
764006,9656
764011,9656
764014,9656
764020,9656
764021,9656
764027,9656
764028,9656
764036,9656
764037,9656
764038,9656
764039,9656
764040,9656
764041,9656
764042,9656
764043,9656
764044,16650
764045,16650
764046,16650
764047,16650
764049,9836
764051,16650
764052,16650
764055,9656
764056,9656
764057,9656
764058,9656
764059,9836
764061,9836
764062,11618
764063,9836
764070,9836
764071,9836
764072,9836
764073,9836
764074,9836
764075,9836
764076,9836
764077,9836
764078,9836
764081,9656
764085,9836
764086,16650
764087,16650
764088,9836
765001,11618
765002,11618
765013,9656
765015,11618
765016,11618
765017,11618
765018,11618
765019,11618
765020,11618
765021,11618
765022,11618
765023,11618
765024,11618
765025,11618
765026,11618
765029,11618
765033,11618
765034,11618
766001,13153
766002,13153
766011,13153
766012,13153
766013,13153
766014,13153
766015,13153
766016,13153
766017,13153
766018,13153
766019,13153
766020,13153
766023,13153
766026,13153
766027,13153
766028,13153
766029,13153
766031,13153
766032,13153
766036,13153
766037,13153
766100,13153
766101,13153
766102,13153
766103,13153
766104,18835
766105,18835
766106,18835
766107,18835
766108,18835
766110,13153
766111,18835
766118,18835
767001,12358
767002,12358
767017,9836
767020,12358
767021,12358
767022,12358
767024,12358
767025,12358
767026,12358
767027,12358
767028,12358
767029,12358
767030,12358
767032,12358
767033,12358
767035,12358
767037,12358
767038,12358
767039,12358
767040,12358
767041,12358
767042,12358
767046,12358
767048,12358
767060,12358
767061,12358
767065,12358
767066,12358
767067,12358
767070,12358
768001,9082
768003,9082
768004,9082
768005,9082
768006,9082
768016,9082
768017,9082
768018,9082
768019,9082
768020,9082
768025,9082
768027,12859
768028,12859
768029,12859
768030,12859
768031,12859
768032,12859
768033,12859
768034,12859
768035,12859
768036,12859
768037,12859
768038,12859
768039,12859
768040,12859
768042,12859
768045,12859
768048,12859
768049,12859
768050,12859
768052,12859
768102,12859
768103,12859
768104,12859
768105,9082
768106,9082
768107,9082
768108,13572
768109,13572
768110,13572
768111,12859
768112,9082
768113,9082
768115,12859
768118,9082
768119,13572
768121,13572
768200,9082
768201,8399
768202,8399
768203,8399
768204,8399
768211,8399
768212,9082
768213,8399
768214,9082
768215,8399
768216,8399
768217,8399
768218,8399
768219,8399
768220,8399
768221,9082
768222,9082
768224,9082
768225,8399
768226,8399
768227,9082
768228,9082
768234,8399
770011,9836
781001,4581
781003,4581
781004,4581
781005,4581
781006,4581
781007,4581
781008,4581
781009,4581
781010,4581
781011,4581
781012,4581
781013,4581
781014,4581
781015,4581
781016,4581
781017,4581
781018,4581
781019,4581
781020,4581
781021,4581
781022,4581
781023,4581
781024,4581
781025,4581
781026,4581
781027,4581
781028,4581
781029,4581
781030,4581
781031,4581
781032,4581
781034,4581
781035,4581
781036,4581
781037,4581
781038,4581
781039,4581
781040,4581
781101,4581
781102,4581
781103,4581
781104,4581
781120,4581
781121,4581
781122,4581
781123,4581
781124,4581
781125,4581
781126,4524
781127,4581
781128,4581
781129,4581
781131,4581
781132,4581
781133,4581
781134,4581
781135,4581
781136,4581
781137,4581
781138,4524
781141,4581
781150,4581
781171,4581
781301,16735
781302,16735
781303,4524
781304,4524
781305,16735
781306,4524
781307,16735
781308,16735
781309,16735
781310,4524
781311,16735
781312,4524
781313,16735
781314,16735
781315,16735
781316,16735
781317,16735
781318,16735
781319,16735
781321,16735
781325,16735
781326,16735
781327,16735
781328,16735
781329,16735
781330,16735
781333,4524
781334,4524
781335,4524
781337,4524
781338,4524
781339,4524
781340,4524
781341,4524
781343,4524
781344,4524
781346,4524
781347,4524
781348,4524
781349,4524
781350,4524
781351,4524
781352,16735
781353,4524
781354,4581
781355,4524
781360,4524
781364,4581
781365,4581
781366,4581
781367,4524
781368,4524
781369,4524
781370,4524
781371,4524
781372,4524
781373,4524
781374,4524
781375,4524
781376,4581
781377,4524
781378,4524
781380,4581
781381,4581
781382,4581
782001,19818
782002,19818
782003,19818
782101,19818
782102,19818
782103,19818
782105,9872
782120,19818
782122,19818
782123,19818
782124,19818
782125,19818
782135,19818
782136,19818
782137,19818
782138,19818
782139,13990
782140,19818
782141,19818
782142,19818
782143,19818
782144,19818
782401,4581
782402,4581
782403,4581
782425,19818
782426,19818
782427,19818
782428,19818
782429,19818
782435,19818
782439,19818
782440,19818
782441,13990
782442,19818
782445,19818
782446,19818
782447,13990
782448,13990
782450,13990
782460,13990
782461,13990
782462,13990
782470,13990
782480,13990
782481,13990
782482,13990
782485,13990
782486,13990
782490,13990
783101,18278
783120,18278
783122,18278
783123,18278
783124,18278
783125,18278
783126,18278
783127,26476
783128,26476
783129,18278
783130,18278
783131,26476
783132,18278
783133,18278
783134,18278
783135,26476
783301,26476
783323,26476
783324,26476
783325,26476
783330,26476
783331,26476
783332,12052
783333,12052
783334,26476
783335,26476
783336,12052
783337,12052
783339,26476
783345,12052
783346,12052
783347,12052
783348,26476
783349,26476
783350,12052
783354,12052
783360,12052
783361,12052
783369,12052
783370,12052
783371,26476
783372,12052
783373,11376
783375,12052
783376,12052
783380,11376
783381,11376
783382,11376
783383,11376
783384,11376
783385,11376
783388,11376
783389,11376
783390,11376
783391,11376
783392,11376
783393,11376
783394,11376
784001,9969
784010,9969
784025,9969
784026,9969
784027,9969
784028,9969
784101,9969
784102,9969
784103,9969
784104,9969
784105,9969
784110,9969
784111,9969
784112,9969
784113,7593
784114,7593
784115,7593
784116,7593
784117,9969
784125,7593
784144,7593
784145,7593
784146,7593
784147,7593
784148,7593
784149,9969
784150,9969
784153,9969
784154,9969
784160,14139
784161,14139
784163,14139
784164,14139
784165,14139
784166,9969
784167,9969
784168,9969
784169,9969
784170,9969
784171,9969
784172,9969
784173,9969
784174,9969
784175,9969
784176,9969
784177,9969
784178,9969
784179,9969
784180,9969
784182,9969
784184,9969
784189,9969
784190,7593
784501,9969
784502,9969
784504,9969
784505,9969
784506,9969
784507,7593
784508,7593
784509,7593
784510,7593
784513,7593
784514,7593
784521,7593
784522,7593
784523,7593
784524,7593
784525,7593
784526,7593
784527,7593
784528,7593
784529,7593
785001,7908
785004,7908
785006,7908
785007,7908
785008,7908
785009,7908
785010,7908
785013,7908
785014,7908
785015,7908
785101,7908
785102,7908
785104,7908
785105,7908
785106,7908
785107,7908
785108,7908
785110,7908
785111,7908
785112,7908
785601,12113
785602,12113
785603,12113
785609,12113
785610,12113
785611,12113
785612,12113
785613,12113
785614,12113
785615,12113
785616,7908
785618,12113
785619,12113
785621,12113
785622,12113
785625,12113
785626,12113
785630,7908
785631,7908
785632,7908
785633,7908
785634,7908
785635,7908
785636,7908
785675,10690
785676,10690
785699,12113
785700,7908
785702,12113
785703,12113
785704,7908
786001,10690
786002,10690
786003,10690
786004,10690
786005,10690
786006,10690
786007,10690
786008,10690
786010,10690
786012,10690
786101,10690
786102,10690
786103,10690
786125,9872
786126,9872
786145,9872
786146,9872
786147,9872
786150,9872
786151,9872
786152,9872
786153,9872
786154,9872
786155,9872
786156,9872
786157,9872
786158,9872
786159,9872
786160,9872
786170,9872
786171,9872
786174,9872
786179,9872
786181,9872
786182,9872
786183,9872
786184,10690
786187,9872
786188,9872
786189,9872
786190,9872
786191,10690
786192,9872
786601,9872
786602,10690
786610,10690
786611,10690
786612,10690
786613,10690
786614,10690
786621,10690
786622,10690
786623,10690
786692,10690
787001,14139
787023,14139
787026,16620
787031,14139
787032,14139
787033,14139
787034,16620
787035,16620
787051,14139
787052,14139
787053,14139
787054,14139
787055,14139
787056,14139
787057,16620
787058,16620
787059,16620
787060,16620
787061,16620
787110,16620
788001,8031
788002,8031
788003,8031
788004,8031
788005,8031
788006,8031
788007,8031
788009,8031
788010,8031
788011,8031
788013,8031
788014,8031
788015,8031
788025,8031
788026,8031
788030,8031
788031,8031
788098,8031
788099,8031
788101,8031
788102,8031
788103,8031
788104,8031
788106,8031
788107,8031
788108,8031
788109,8031
788110,8031
788111,8031
788112,8031
788113,8031
788114,8031
788115,8031
788116,8031
788117,7962
788118,8031
788119,8031
788120,8031
788121,8031
788123,8031
788126,8031
788127,8031
788150,7962
788151,8031
788152,7962
788155,7962
788156,7962
788160,7962
788161,7962
788162,7962
788163,7962
788164,7962
788165,7962
788166,13925
788168,7962
788701,13925
788709,13925
788710,13925
788711,13925
788712,13925
788713,13925
788719,13925
788720,13925
788722,13925
788723,13925
788724,13925
788725,13925
788726,13925
788727,13925
788728,13925
788734,7962
788735,7962
788736,7962
788737,7962
788781,13925
788801,7962
788802,7962
788803,13925
788804,8031
788805,8031
788806,13925
788815,8031
788816,8031
788817,8031
790001,3153
790002,3153
790003,3153
790101,3153
790102,8523
790103,8523
790104,3620
790105,3620
790106,3620
790114,3153
790116,3153
791001,6102
791002,3836
791003,6102
791101,6102
791102,7175
791103,7175
791104,7175
791105,3836
791109,4793
791110,4793
791111,4793
791112,4793
791113,4793
791118,19504
791119,9004
791120,9004
791121,4793
791122,18088
791123,4793
791125,6102
792001,6328
792056,6433
792102,6328
792103,6328
792104,4793
792105,6328
792110,11736
792111,6328
792120,6433
792121,6433
792122,6433
792123,6433
792129,8116
792130,8116
792131,8116
793001,6398
793002,6398
793003,6398
793004,6398
793005,6398
793006,6398
793007,6398
793008,6398
793009,6398
793010,6398
793011,6398
793012,6398
793014,6398
793015,6398
793016,6398
793017,6398
793018,6398
793019,6398
793021,6398
793022,6398
793104,6398
793106,6398
793107,6398
793108,6398
793109,6398
793110,6398
793112,6398
793113,6398
793114,20957
793115,20957
793119,20957
793120,20957
793121,6398
793150,6398
793151,6398
793160,6398
793200,6398
793210,6398
794001,12706
794002,12706
794005,12706
794101,12706
794102,15497
794103,12706
794104,12706
794105,12706
794106,12706
794107,17262
794108,17262
794109,12706
794110,17262
794111,17262
794112,12706
794114,15497
794115,12706
795001,9324
795002,9324
795003,9324
795004,9324
795005,24601
795006,14743
795007,7712
795008,24601
795009,9324
795010,24601
795015,7712
795101,13060
795102,10437
795103,13060
795104,7712
795106,7712
795107,7712
795112,7712
795113,9324
795114,24601
795115,9324
795116,9324
795117,14743
795118,7712
795122,7712
795124,13063
795126,13063
795127,10437
795128,14743
795129,7712
795130,13060
795131,10437
795132,9324
795133,13063
795134,13063
795135,13060
795136,9324
795138,13060
795139,14743
795140,9324
795142,13269
795144,13269
795145,13269
795146,9324
795148,13060
795149,13060
795150,7712
796001,5856
796004,5856
796005,5856
796007,5856
796008,5856
796009,5856
796012,5856
796014,5856
796017,5856
796070,5856
796081,4514
796082,4514
796091,4514
796101,4514
796111,5856
796161,5856
796181,3526
796184,3526
796186,3526
796190,5856
796261,5856
796290,6814
796310,6814
796320,6814
796321,6814
796370,3526
796421,5856
796571,6700
796691,6700
796701,6700
796751,6700
796770,6700
796891,25531
796901,12253
797001,8387
797002,8387
797003,8387
797004,8387
797099,18069
797101,17749
797102,7100
797103,10320
797104,7100
797105,8387
797106,10320
797107,7100
797108,7100
797109,8387
797110,17749
797111,18069
797112,10320
797113,10320
797114,7100
797115,10320
797116,10320
797117,10320
797118,10320
797120,8387
798601,5999
798602,14109
798603,14109
798604,5999
798611,16094
798612,30058
798613,5999
798614,5999
798615,5999
798616,30058
798618,5999
798621,14109
798622,14109
798623,5999
798625,10998
798626,30058
799001,6878
799002,6878
799003,6878
799004,6878
799005,6878
799006,6878
799007,6878
799008,6878
799009,6878
799010,6878
799012,6878
799013,5238
799014,6878
799015,5238
799022,6878
799035,6878
799045,6878
799046,6878
799101,5238
799102,6878
799103,6878
799104,5238
799105,5238
799114,5238
799115,6878
799120,5238
799125,5238
799130,6878
799131,6878
799141,5238
799142,5238
799143,5238
799144,5238
799145,5238
799150,5238
799153,5238
799155,5238
799156,5238
799157,5238
799201,6878
799202,6878
799203,6878
799204,9130
799205,6878
799207,6878
799210,6878
799211,6878
799212,6878
799250,4521
799251,4521
799253,4521
799254,4521
799256,4521
799260,4521
799261,4521
799262,4521
799263,4521
799264,4521
799266,4521
799269,4521
799270,4521
799271,4521
799273,9130
799275,9130
799277,4521
799278,9130
799279,4521
799280,4521
799281,4521
799284,9130
799285,9130
799286,9130
799287,9130
799288,4521
799289,9130
799290,4521
800001,26145
800002,26145
800003,26145
800004,26145
800006,26145
800007,26145
800008,26145
800009,26145
800010,26145
800011,26145
800012,26145
800013,26145
800014,26145
800016,26145
800020,26145
800024,26145
800025,26145
800026,26145
800027,26145
801102,26145
801103,26145
801104,26145
801105,26145
801108,26145
801109,26145
801110,26145
801111,26145
801112,26145
801113,26145
801301,24978
801302,24978
801303,24978
801304,24978
801305,24978
801306,24978
801307,24978
801503,26145
801505,26145
802101,14278
802102,14278
802103,14278
802111,14278
802112,14278
802113,14278
802114,14278
802115,14278
802116,14278
802117,14278
802118,14278
802119,14278
802120,14278
802122,14278
802123,14278
802125,14278
802126,14278
802127,14278
802128,14278
802129,14278
802130,14278
802131,14278
802132,26145
802133,14278
802134,14278
802135,14278
802136,14278
802152,16426
802154,16426
802155,16426
802156,16426
802157,16426
802158,16426
802159,16426
802160,16426
802161,16426
802162,16426
802163,16426
802164,16426
802165,16426
802166,16426
802183,16426
802201,16426
802202,16426
802203,16426
802204,16426
802205,16426
802206,16426
802207,16426
802208,16426
802209,16426
802210,16426
802211,20188
802212,20188
802213,20188
802214,20188
802215,20188
802216,20188
802217,20188
802218,20188
802219,20188
802220,20188
802221,20188
802222,16426
802223,16426
802226,20188
802301,16426
802302,16426
802311,16426
802312,16426
802313,16426
802314,16426
802316,16426
802351,16426
802352,16426
803101,24978
803107,24978
803108,24978
803109,20951
803110,24978
803111,24978
803113,24978
803114,24978
803115,24978
803116,24978
803117,24978
803118,24978
803119,24978
803120,24978
803121,24978
803201,26145
803202,26145
803203,26145
803211,26145
803212,26145
803213,26145
803214,26145
803215,24978
803216,24978
803221,26145
803301,26145
803302,26145
803303,26145
803306,26145
803307,26145
804401,152357
804402,25292
804403,25292
804404,25292
804405,17456
804406,17456
804407,17456
804408,17456
804417,17456
804418,17456
804419,25292
804420,17456
804421,25292
804422,17456
804423,25292
804424,17456
804425,17456
804426,17456
804427,17456
804428,25292
804429,17456
804432,17456
804435,25292
804451,26145
804452,26145
804453,26145
804454,26145
805101,20951
805102,20951
805103,20951
805104,20951
805105,24978
805106,20951
805107,20951
805108,20951
805109,20951
805110,20951
805111,20951
805112,20951
805121,20951
805122,20951
805123,20951
805124,20951
805125,20951
805126,20951
805127,20951
805128,25292
805129,20951
805130,20951
805131,25292
805132,20951
805141,20951
811101,27606
811102,27606
811103,27606
811104,24978
811105,27606
811106,31078
811107,31078
811112,31078
811201,32827
811202,32827
811211,32827
811212,32827
811213,32827
811214,32827
811301,34705
811302,31078
811303,34705
811304,27606
811305,34705
811307,34705
811308,34705
811309,31078
811310,31078
811311,31078
811312,34705
811313,34705
811314,34705
811315,34705
811316,34705
811317,34705
812001,29963
812002,29963
812003,29963
812004,29963
812005,29963
812006,29963
813101,36763
813102,36763
813103,36763
813104,36763
813105,29963
813106,36763
813107,36763
813108,29963
813109,36763
813110,36763
813201,32827
813202,36763
813203,29963
813204,29963
813205,29963
813206,29963
813207,36763
813208,31676
813209,29963
813210,29963
813211,36763
813212,32827
813213,29963
813214,29963
813221,32827
813222,29963
814101,16894
814102,16894
814103,16894
814110,16894
814111,39096
814112,27027
814113,27027
814114,27027
814116,27027
814118,16894
814119,16894
814120,16894
814131,36763
814133,31676
814141,16894
814142,27027
814143,27027
814144,16894
814145,16894
814146,16894
814147,31676
814148,16894
814149,27027
814150,27027
814151,16894
814152,27027
814153,31676
814154,31676
814155,31676
814156,31676
814157,27027
814158,16894
814160,31676
814165,31676
814166,28631
814167,16894
815315,18087
815351,28631
815352,28631
815353,27027
815354,28631
815355,28631
815357,27027
815359,28631
816101,25001
816102,25001
816103,16894
816104,39096
816105,25001
816106,39096
816107,39096
816108,25001
816109,25001
816110,25001
816115,25001
816116,25001
816117,39096
816118,16894
816120,25001
816129,25001
821101,26145
821102,26145
821103,26145
821104,22321
821105,26145
821106,26145
821107,22321
821108,26145
821109,26145
821110,26145
821111,22321
821112,22321
821113,22321
821115,22321
821301,22321
821302,22321
821303,22321
821304,22321
821305,22321
821306,22321
821307,22321
821308,22321
821309,22321
821310,22321
821311,22321
821312,22321
822111,22536
822112,31942
822114,31942
822119,22536
822123,18087
822124,31942
822125,31942
822128,31942
822129,31942
822132,31942
822133,31942
822134,31942
823001,27965
823002,27965
823003,27965
823004,27965
823311,27965
824116,27965
824118,27965
824201,27965
824205,27965
824206,27965
824207,27965
824209,27965
824210,27965
824211,27965
824217,27965
824219,27965
824220,27965
824221,27965
824231,27965
824232,27965
824233,27965
824234,27965
824235,27965
824236,27965
824237,27965
825101,7642
825102,14459
825103,32370
825314,7642
825315,14459
825316,7642
825321,32370
825325,7642
825326,7642
825330,7642
825401,32370
825402,377064
825403,32370
825404,32370
825408,32370
826004,12408
827001,14459
827003,14459
827004,14459
827006,14459
827009,14459
827010,14459
827012,14459
827013,14459
827014,14459
827302,14459
828101,12408
828103,12408
828104,12408
828106,12408
828107,12408
828108,12408
828109,12408
828110,12408
828111,12408
828112,12408
828113,12408
828114,12408
828115,12408
828116,12408
828117,12408
828119,12408
828120,12408
828121,12408
828122,12408
828123,12408
828124,12408
828125,12408
828126,12408
828128,12408
828129,12408
828130,12408
828131,12408
828132,12408
828133,12408
828134,14459
828135,12408
828201,12408
828202,12408
828203,12408
828204,12408
828205,12408
828206,12408
828207,12408
828301,12408
828302,14459
828303,12408
828304,12408
828305,12408
828306,12408
828307,12408
828309,12408
828401,12408
828402,12408
828403,14459
828404,14459
829101,7642
829102,7642
829103,7642
829104,14459
829105,7642
829106,7642
829107,14459
829108,7642
829109,7642
829110,7642
829111,14459
829112,14459
829113,14459
829114,14459
829116,14459
829117,7642
829118,7642
829119,7642
829121,14459
829122,7642
829123,14459
829125,7642
829126,7642
829127,14459
829128,14459
829129,7642
829130,7642
829132,14459
829133,7642
829134,7642
829135,7642
829143,7642
829144,14459
829149,14459
829150,7642
829201,32370
829202,22536
829203,22536
829204,22536
829205,18087
829206,22536
829207,22536
829208,18087
829209,18087
829210,18087
829301,14459
831001,18446
831002,18446
831003,18446
831004,18446
831005,18446
831006,18446
831007,18446
831009,18446
831011,18446
831012,18446
831015,18446
831016,18446
831017,18446
831019,18446
831020,18446
832101,18446
832102,18446
832103,18446
832104,18446
832105,18446
832107,18446
832111,18446
832112,18446
832301,18446
832302,18446
832303,18446
832304,18446
833219,231187
834001,18087
834002,18087
834003,18087
834004,18087
834005,18087
834006,18087
834008,18087
834009,18087
834010,18087
834011,18087
835101,18087
835102,18087
835103,18087
835201,18628
835202,18087
835203,22297
835204,18087
835205,18087
835206,22297
835207,22297
835208,22297
835209,18087
835210,18087
835211,18628
835212,18628
835213,33459
835214,18087
835215,18087
835216,18087
835217,18087
835218,33459
835219,18087
835220,22297
835221,18087
835222,18087
835223,18628
835225,18087
835226,18628
835227,18087
835228,18628
835229,22297
835230,22297
835231,22297
835232,22297
835233,22297
835234,18087
835235,18628
835301,18087
835302,33459
835303,18087
835325,18087
841101,17858
841201,17858
841202,17858
841203,21216
841204,17858
841205,17858
841206,17858
841207,17858
841208,17858
841209,17858
841210,21216
841211,17858
841212,17858
841213,17858
841214,17858
841215,17858
841216,17858
841217,17858
841218,17858
841219,17858
841220,17858
841221,17858
841222,17858
841223,17858
841224,17858
841225,17858
841226,21216
841227,21216
841231,21216
841232,21216
841233,21216
841234,21216
841235,21216
841236,21216
841237,21216
841238,21216
841239,21216
841240,21216
841241,21216
841242,21216
841243,21216
841244,21216
841245,21216
841286,21216
841287,21216
841301,17858
841302,17858
841305,17858
841311,17858
841312,17858
841313,17858
841316,17858
841401,17858
841402,17858
841403,17858
841404,21216
841405,29268
841406,21216
841407,29268
841408,21216
841409,29268
841410,17858
841411,17858
841412,17858
841413,29268
841414,17858
841415,17858
841416,21216
841417,17858
841418,17858
841419,17858
841420,29268
841421,17858
841422,17858
841423,29268
841424,17858
841425,29268
841426,29268
841427,29268
841428,29268
841434,21216
841435,21216
841436,29268
841437,29268
841438,29268
841439,21216
841440,29268
841441,29268
841442,17858
841443,17858
841446,21216
841460,17858
841501,29268
841502,21216
841503,29268
841504,21216
841505,29268
841506,21216
841507,21216
841508,29268
841509,21216
842001,28076
842002,28076
842003,28076
842004,28076
842005,28076
843101,28076
843102,28076
843103,28076
843104,28076
843105,28076
843106,28076
843107,28076
843108,28076
843109,28076
843110,25326
843111,28076
843112,28076
843113,28076
843114,25326
843115,28076
843117,28076
843118,28076
843119,28076
843120,28076
843121,28076
843122,28076
843123,28076
843124,28076
843125,28076
843126,28076
843127,28076
843128,28076
843129,28076
843130,28076
843301,30975
843302,30975
843311,30975
843312,28076
843313,30975
843314,30975
843315,30975
843316,30975
843317,30975
843318,30975
843319,30975
843320,30975
843321,28076
843322,30975
843323,30975
843324,30975
843325,30975
843326,30975
843327,30975
843328,30975
843329,142808
843330,30975
843331,30975
843332,30975
843333,30975
843334,30975
843360,30975
844101,25326
844102,25326
844103,25326
844111,25326
844112,25326
844113,25326
844114,25326
844115,25326
844116,25326
844117,25326
844118,25326
844119,25326
844120,28076
844121,25326
844122,25326
844123,25326
844124,25326
844125,25326
844126,25326
844127,28076
844128,25326
844501,25326
844502,25326
844503,25326
844504,25326
844505,25326
844506,25326
844507,25326
844508,25326
844509,25326
845301,29078
845302,29078
845303,29078
845304,29078
845305,29078
845315,29078
845401,29078
845406,29078
845411,29078
845412,29078
845413,29078
845414,29078
845415,29078
845416,29078
845417,29078
845418,29078
845419,29078
845420,29078
845422,29078
845423,29078
845424,29078
845425,29078
845426,29078
845427,29078
845428,29078
845429,29078
845430,29078
845431,29078
845432,29078
845433,29078
845434,29078
845435,29078
845436,29078
845437,29078
845440,29078
845456,29078
845457,29078
845458,29078
846001,23043
846002,23043
846003,23043
846004,23043
846005,23043
846006,23043
846007,23043
846009,23043
847101,23043
847102,27029
847103,23043
847104,23043
847105,23043
847106,23043
847107,28076
847108,27029
847109,27029
847115,23043
847121,23043
847122,23043
847123,23043
847201,23043
847203,23043
847204,23043
847211,27029
847212,27029
847213,27029
847214,27029
847215,27029
847222,27029
847223,27029
847224,27029
847225,27029
847226,27029
847227,27029
847228,27029
847229,27029
847230,27029
847231,27029
847232,27029
847233,23043
847234,27029
847235,27029
847236,27029
847238,27029
847239,23043
847240,27029
847301,23043
847302,23043
847303,23043
847304,23043
847305,27029
847306,23043
847307,23043
847308,27029
847337,23043
847401,27029
847402,27029
847403,27029
847404,27029
847405,23043
847407,23043
847408,27029
847409,27029
847410,27029
847411,27029
847421,27029
847422,23043
847423,23043
847424,27029
847427,23043
847428,23043
847429,23043
847451,25497
847452,25497
848101,27204
848102,27204
848113,27204
848114,27204
848115,27204
848117,27204
848121,27204
848122,27204
848125,27204
848127,27204
848129,27204
848130,27204
848131,27204
848132,27204
848133,27204
848134,27204
848160,27204
848201,23787
848202,23787
848203,30029
848204,23787
848205,27204
848206,27204
848207,27204
848208,27204
848209,27204
848210,27204
848211,27204
848213,23043
848216,27204
848236,27204
848301,27204
848302,27204
848501,27204
848502,27204
848503,27204
848504,27204
848505,27204
848506,27204
851101,23787
851111,23787
851112,23787
851113,23787
851114,23787
851115,23787
851116,23787
851117,23787
851118,23787
851120,23787
851126,23787
851127,23787
851128,23787
851129,23787
851130,23787
851131,23787
851132,23787
851133,23787
851134,23787
851135,23787
851201,30029
851202,30029
851203,30029
851204,30029
851205,30029
851210,23787
851211,23787
851212,30029
851213,30029
851214,30029
851215,30029
851216,30029
851217,23787
851218,23787
852101,33355
852105,25497
852106,31724
852107,31724
852108,25497
852109,25497
852110,25497
852111,25497
852112,33355
852113,33355
852114,33355
852115,33355
852116,33355
852121,33355
852122,33355
852123,31724
852124,31724
852125,25497
852126,31724
852127,31724
852128,33355
852129,31724
852130,25497
852131,25497
852132,33355
852137,25497
852138,25497
852139,25497
852161,30029
852201,31724
852202,31724
852212,31724
852213,33355
852214,25497
852215,25497
852216,31724
852217,31724
852218,25497
852219,33355
852220,33355
852221,31724
853201,29963
853202,29963
853203,29963
853204,29963
853205,29963
854101,35105
854102,37450
854103,35105
854104,35105
854105,35105
854106,35105
854107,35105
854108,35105
854109,35105
854112,35105
854113,35105
854114,35105
854115,35105
854116,35105
854117,35105
854201,37450
854202,37450
854203,37450
854204,37450
854205,37450
854301,37450
854302,37450
854303,37450
854304,37450
854305,37450
854306,37450
854311,55458
854312,55458
854315,37450
854316,37450
854317,35105
854318,55458
854325,37450
854326,37450
854327,37450
854328,55458
854329,55458
854330,37450
854331,55458
854332,55458
854333,55458
854334,55458
854335,55458
854336,55458
854337,37450
854338,25497
854339,25497
854340,25497
855101,52514
855102,35105
855105,35105
855106,52514
855107,52514
855108,52514
855113,35105
855114,35105
855115,52514
855116,52514
855117,52514
