pincode,name,lat,lng,ppi,income,poi
560071,Domlur,12.95564,77.64054999999999,191,284700.0,100.0
560007,Agram,12.94759,77.637755,190,277600.0,100.0
560038,Indiranagar,12.98635,77.64822000000001,189,285000.0,100.0
560095,Koramangala VI Bk,12.938555,77.61999,189,261600.0,100.0
412308,412308,18.4245859996766,73.96054111110665,184,360500.0,100.0
560075,New Thippasandra,12.974635,77.665605,182,251800.0,100.0
201301,Noida Sec 18-27,28.57,77.326,182,594900.0,62.2
560042,Sivan Chetty Gardens,12.98249,77.620165,179,227500.0,100.0
416603,Kasal,16.1357193,73.6522086,177,180000.0,43.9
560033,Maruthi Sevanagar,13.00483,77.64392000000001,177,237800.0,100.0
425116,Mhasawad S.O (Jalgaon),20.8428827,75.5261246,177,168700.0,43.9
416314,Visapur S.O (Sangli),17.1726928,74.5867654,176,187100.0,43.9
431002,Aurangabad Cantonment,19.8717769,75.321076,175,167000.0,43.9
560030,Adugodi,12.94755,77.607145,175,209200.0,100.0
203203,Kakore,28.29181,77.723645,174,97800.0,7.3
203141,Jahangirpur,28.17822,77.72168500000001,173,98000.0,7.3
250001,Meerut Cantt,29.0018557,77.7679671,173,189400.0,91.5
562123,Manchenahalli,13.03509662590784,77.37121582031251,173,211400.0,83.5
560093,C.V.Raman Nagar,12.985695,77.668515,171,220800.0,100.0
560025,Indiranagar,12.975,77.64,171,342500.0,100.0
560005,Fraser Town,13.00235,77.61849000000001,170,208200.0,100.0
124505,Loharheri,28.76934452716161,76.81394469226726,169,138100.0,92.7
502257,Indur,17.826183505004916,77.82063329088699,167,109500.0,77.4
560016,Doorvaninagar,13.011435,77.67699999999999,166,200500.0,100.0
201206,Murad Nagar S.O (Ghaziabad),28.7749966,77.4586967,166,160100.0,91.5
560102,HSR Layout,12.9098,77.647715,164,175900.0,100.0
501512,Umerkhanguda,17.273086389116724,78.66685545014336,164,152900.0,77.4
416534,Sukalwadi,16.094515,73.66725,164,159700.0,39.0
126125,Naguran,29.4494987,76.3736217,164,117800.0,11.0
201309,Noida Sector 62,28.61756,77.386895,163,211100.0,7.3
201313,Amity University,28.54425,77.33329499999999,163,291700.0,7.3
416812,Sindhudurgnagari MDG,16.096905,73.70207500000001,161,152900.0,39.0
560051,H.K.P. Road,12.98892,77.601855,161,162700.0,100.0
416604,Katta,16.090835,73.60031000000001,160,152900.0,39.0
383205,"Ahmadabad, Gujarat",23.416667,72.916667,160,139100.0,91.5
201311,Container Depot,28.526295,77.52864,160,114100.0,7.3
203135,Jewar,28.159615,77.552315,159,92200.0,7.3
203155,Thora,28.146515,77.635055,159,93600.0,7.3
601103,"Thiruvallur, Tamil Nadu",13.2537619,80.0562572,158,132500.0,91.5
203201,Dankaur,28.331105,77.56283,158,95500.0,7.3
560027,Koramangala,12.935,77.627,158,251400.0,100.0
425115,Nandra Pachora,20.78762,75.47324,157,142400.0,39.0
121103,Hathin,28.044025,77.21421000000001,157,166700.0,11.0
560043,Kalyananagar,13.020895,77.64411000000001,157,183000.0,100.0
416628,Ambrad,16.16233,73.735435,156,144800.0,39.0
416608,Masura,16.14738,73.53923,155,143100.0,39.0
122508,122508,27.950092423184568,77.11303710937501,154,267500.0,92.7
303106,Paota,27.566015,76.03915,154,96300.0,91.5
124029,Baland,28.79186704968413,76.59118652343751,154,145000.0,92.7
303119,Bhabroo,27.464955,76.02213499999999,154,96400.0,91.5
303107,Pragpura,27.6376,76.07015,154,96500.0,91.5
303105,Nareda,27.764775,76.08558500000001,153,93600.0,91.5
560041,Jayanagar,12.921135,77.58971,153,140700.0,100.0
122413,Mokalwas,28.364722920671525,76.87271118164062,153,260600.0,92.7
303110,Rajnauta,27.58484,76.177355,153,98100.0,91.5
416605,Chouke,16.06014,73.56188,153,141600.0,39.0
411060,Mohamadwadi,18.452595,73.914305,152,180500.0,39.0
284306,Poonch,25.78999956287362,79.04663085937501,152,96200.0,0.0
416211,Parite,16.4626695,74.0894749,152,128400.0,43.9
335803,Pilibangan,29.5,74.0,152,91100.0,91.5
203209,Rabupura,28.2507,77.56977,152,91100.0,7.3
122008,Sector 63,28.387215914582992,77.0855712890625,152,256000.0,92.7
416208,Bidri,16.457749999999997,74.11743999999999,152,120300.0,39.0
412301,Saswad,18.338705,73.984335,152,195200.0,39.0
124514,Titoli,28.972047229864312,76.59118652343751,151,113500.0,92.7
121004,Sector 57,28.35487144830418,77.31413213723275,151,230100.0,92.7
440021,A.D. Project,21.1529647,79.0145059,151,134400.0,43.9
416616,Ramgad,16.24898,73.58505500000001,151,136600.0,39.0
560084,St. Thomas Town,13.013025,77.62702999999999,150,140600.0,100.0
416525,Deulwada Nerur,16.004275,73.6439,150,138900.0,39.0
416521,Kadaval,16.12902,73.78921,150,133700.0,39.0
110057,Vasant Vihar,28.557,77.16,150,217900.0,34.1
226004,Rajendranagar,26.84272,80.914535,150,72200.0,7.3
400049,Bandra West,19.055,72.827,150,205900.0,100.0
110021,Chanakyapuri,28.595,77.188,150,218000.0,27.4
121106,Hodal,27.925685,77.343455,150,125000.0,11.0
453220,Gautampura,22.99895,75.57039,149,74200.0,45.7
560048,Mahadevapura,12.987865,77.70961,149,140200.0,100.0
110003,Golf Links / Lodhi,28.598,77.227,149,193400.0,41.5
813212,Sangrampur,24.960835000000003,86.55854500000001,149,55500.0,65.2
226005,Alambagh,26.814455,80.91008,149,71500.0,7.3
226018,Aminabad Park,26.85341,80.92711,149,71200.0,7.3
560001,MG Road / Cubbon Pk,12.978,77.61,149,203300.0,100.0
416524,Walaval,15.995385,73.58328,148,136200.0,39.0
226011,Manaknagar,26.81504,80.878635,148,69900.0,7.3
811202,Basudeopur,25.391625,86.48879500000001,148,55100.0,65.2
303102,Virat Nagar,27.453425,76.146335,148,90100.0,91.5
416210,Kadgaon Gargoti,16.203125,73.981785,148,119200.0,39.0
416614,Achara,16.220785,73.490125,148,131500.0,39.0
416520,Kudal,16.00234,73.703925,148,135900.0,39.0
121105,Aurangabad,28.003955,77.33704,148,121600.0,11.0
226007,New Hyderabad,26.864455,80.940035,148,70200.0,7.3
453661,Manpur,22.455015000000003,75.639155,148,74200.0,45.7
453441,Mhow,22.487705,75.762085,148,74600.0,45.7
416620,Kalsuli,16.212825,73.771225,148,131300.0,39.0
813221,Tarapur,25.062375,86.64370500000001,148,55000.0,65.2
560036,Krishnarajapuram,13.022035,77.703735,147,160600.0,100.0
500005,Pahadi Sharif,17.245101759112192,78.49,147,79200.0,77.4
453556,IIM CAMPUS RAO,22.62114,75.76952,147,76400.0,45.7
226023,Manasnagar,26.78723,80.877335,147,68700.0,7.3
560020,Seshadripuram,12.99191,77.57997,147,129300.0,100.0
400603,Veer Sawarkar Nagar,19.185704938663225,72.99316406250001,147,134600.0,20.1
452020,Kasturbagram,22.60169,75.978855,147,74600.0,45.7
226017,Avas Vikas Colony,26.84112,80.860945,147,68900.0,7.3
416528,Industrial Area Pinguli,15.98375,73.69359499999999,147,133400.0,39.0
226003,Lucknow Chowk,26.8741,80.87808000000001,147,68800.0,7.3
301024,Narainpur,27.55164,76.305,147,90100.0,91.5
453446,Rasalpura,22.590145,75.78556499999999,147,75900.0,45.7
811201,Munger,25.368355,86.47722,147,54900.0,65.2
226020,Niralanagar,26.890795,80.93140500000001,147,69000.0,7.3
226012,L D A Colony,26.785515,80.907505,147,69300.0,7.3
226006,Mahanagar,26.872395,80.955625,147,69300.0,7.3
500023,Yakutpura,17.385699001729336,78.46246719360353,147,79500.0,91.5
416626,Hadi,16.11843,73.4678,147,133000.0,39.0
453331,Rao,22.623115,75.783245,147,76500.0,45.7
226025,B R A University,26.76328,80.93118,146,68100.0,7.3
226024,Aliganj,26.89522,80.94351,146,68700.0,7.3
452007,Indore Nagar,22.714605,75.85607,146,77600.0,45.7
226029,Vrinda Van Colony,26.762325,80.962765,146,67700.0,7.3
453551,Sanwer,22.94008,75.79035,146,73600.0,45.7
226016,Indira Nagar,26.888325,80.993105,146,67900.0,7.3
226022,Vikas Nagar,26.899875,80.96802500000001,146,68200.0,7.3
452013,Indore Cat,22.672985,75.79840999999999,146,77800.0,45.7
226010,Gomtinagar,26.84508,81.002545,146,68200.0,7.3
452014,Khatiwala Tank,22.693845,75.85788,146,77400.0,45.7
452006,Army Head Quarter,22.73982,75.83175,146,77900.0,45.7
453112,Gandhinagar,22.751245,75.77479500000001,146,77500.0,45.7
226014,Sgpgi,26.75002,80.932005,146,67500.0,7.3
811213,Haweli Kharagpur,25.095285,86.48121,146,54300.0,65.2
226021,Jankipuram,26.914165,80.94289,146,68100.0,7.3
452012,Rajendra Nagar,22.66087,75.839765,146,77200.0,45.7
226009,Amausi Ad,26.76413,80.89327499999999,146,67900.0,7.3
226030,Sushant Golf City,26.787895,81.002235,146,67900.0,7.3
416602,Kankavli,16.29845,73.687015,146,127100.0,39.0
122108,Nagina,27.904115,77.01343,146,159800.0,11.0
226013,Iim Mubarakpur,26.916425,80.899485,146,68100.0,7.3
813201,Asarganj,25.178705,86.65564499999999,146,54300.0,65.2
226002,Dilkusha,26.763350000000003,80.9679,146,67700.0,7.3
226303,Nagram,26.635435,81.193085,145,65400.0,7.3
811214,Jamalpur,25.310585000000003,86.50766,145,53900.0,65.2
201003,201003,28.70553403753221,77.38386115498587,145,96600.0,62.8
411048,N I B M,18.448965,73.890805,145,156600.0,39.0
452011,Nanda Nagar,22.741385,75.88608500000001,145,76000.0,45.7
811211,Bariarpur,25.282735,86.59506,145,53800.0,65.2
226028,Chinhat,26.873355,81.05082999999999,145,66800.0,7.3
560087,Vartur,12.934335,77.757495,145,121000.0,100.0
451441,Bistan,21.591905,75.72286,145,79500.0,45.7
452003,Vallabhnagar,22.73724,75.869515,145,76500.0,45.7
452005,Bijasan Road,22.72982,75.809875,145,78500.0,45.7
452002,Indore City-2,22.708635,75.822845,145,78700.0,45.7
226031,Jankipuram Extension,26.93747,80.943435,145,67400.0,7.3
121006,Faridabad Sector 7,28.362715,77.34415,145,148700.0,11.0
453111,Hatod,22.81878,75.791285,145,75400.0,45.7
110092,Preet Vihar,28.641,77.295,145,144200.0,86.0
226501,Gosainganj,26.75531,81.15532999999999,145,66000.0,7.3
226015,Cimap,26.913465,81.003985,145,67200.0,7.3
452010,Vijay Nagar,22.774205,75.89668499999999,145,75200.0,45.7
453555,Shri Aurobindo,22.818495,75.857575,145,75000.0,45.7
452009,Sudama Nagar,22.688105,75.81128000000001,145,78400.0,45.7
452015,Industrial Estate,22.76022,75.85446,145,76400.0,45.7
452018,Indore Tillaknagar,22.720795,75.89729,145,75800.0,45.7
416606,Malvan,16.02101,73.493935,145,130200.0,39.0
416523,Parula,15.976565,73.53512,145,131500.0,39.0
122107,Nuh,28.07432,77.053775,144,153400.0,11.0
453771,Manglia,22.866445,75.96007,144,73100.0,45.7
416630,Naringre,16.26633,73.433445,144,123900.0,39.0
121107,Hassanpur,27.956395,77.47984,144,107900.0,11.0
226019,Industria Area Chinhat,26.91462,81.06239,144,66200.0,7.3
452016,Indore Kanadia Road,22.715465,76.05991499999999,144,72500.0,45.7
122101,Badshahpur,28.37578,77.06409,144,170000.0,11.0
226026,Sanatan Dharam Vidya Peeth,26.956505,81.00564499999999,144,66500.0,7.3
226101,Kakori,26.85895,80.780675,144,65600.0,7.3
600118,Kodungaiyur,13.13382,80.2569,144,79300.0,91.5
110026,Punjabi Bagh,28.6686,77.1277,144,168900.0,36.6
122018,Gurgaon South City II,28.420525,77.050525,144,153200.0,11.0
416505,Ajara,16.100614999999998,74.13722,144,115800.0,39.0
425004,N M University Jalgaon,21.00672,75.48953,144,112700.0,39.0
453001,Betma,22.70905,75.64703,144,74700.0,45.7
226008,Sarojini Nagar,26.77693,80.80827,144,66000.0,7.3
226301,Mohanlalganj,26.66584,80.957665,144,65000.0,7.3
226201,Bakshi Ka Talab,26.985555,80.914875,144,66400.0,7.3
424201,Pachora,20.6561,75.41244,143,121900.0,39.0
400060,Juhu,19.0971,72.8263,143,172000.0,100.0
600082,Periyar Nagar,13.116915,80.22429,143,77600.0,91.5
600081,Tondiarpet,13.133635,80.28725,143,78600.0,91.5
226302,Nigohan,26.56783,81.036365,143,63800.0,7.3
609604,"Karaikal, Puducherry",10.9156489,79.8069488,143,92500.0,91.5
425103,Paldhi,21.013325,75.433815,143,112300.0,39.0
416312,Tasgaon M.D.G,17.1179,74.66418,143,126800.0,39.0
122003,Gurgaon Sector 45,28.44133,77.10186,143,140600.0,11.0
416522,Pat,15.937495,73.56511499999999,143,127800.0,39.0
425114,Neri BK,20.814395,75.64862,143,119300.0,39.0
560009,K. G. Road,12.9776,77.57764,143,124400.0,100.0
453115,Depalpur,22.861515,75.561095,143,73300.0,45.7
415311,Vite,17.263215000000002,74.55276,143,125900.0,39.0
226102,Malihabad,26.917425,80.751045,143,64700.0,7.3
325203,Simlia,25.196683,76.0009687,142,87900.0,91.5
425003,Audyogik Vasahat Jalgaon,20.97909,75.63628,142,109300.0,39.0
425001,Jalgaon,21.01516,75.57387,142,109200.0,39.0
416632,Jambhavade,16.17427,73.85722,142,121300.0,39.0
424202,Varkhedi,20.62927,75.47396499999999,142,120600.0,39.0
416615,Mithbav,16.29551,73.41953000000001,142,121300.0,39.0
416611,Talebazar,16.349449999999997,73.509435,142,120400.0,39.0
476335,476335,25.79989118208833,77.03613281250001,142,49100.0,0.0
226401,Banthra,26.7014,80.78924,142,63700.0,7.3
811212,Dharhara,25.23701,86.454165,142,53100.0,65.2
321024,Chandoopura,27.63477710786925,77.11303710937501,142,76000.0,59.1
121007,Escortsnagar Faridabad,28.394365,77.34044,142,144100.0,11.0
600011,Perambur,13.118225,80.242035,142,77300.0,91.5
425002,M.J.College Jalgaon,21.029645,75.4793,142,108800.0,39.0
416610,Shirgaon,16.35669,73.59276,142,120800.0,39.0
600039,Vyasarpadi,13.11742,80.259445,142,76800.0,91.5
110001,Connaught Place,28.6329,77.2197,142,126900.0,93.3
744202,"North  & Middle Andaman, Andaman &Nicobar",13.2277144,92.9394925,142,91000.0,91.5
201004,Hindon Air Field,28.704175,77.36168,142,95900.0,7.3
416609,Sangve,16.233975,73.85332,141,118200.0,39.0
400006,Malabar Hill,18.963,72.8003,141,165400.0,45.7
412311,Parinche,18.21878,74.042865,141,158300.0,39.0
122103,Sohna,28.217865,77.130485,141,163600.0,11.0
600038,Icf Colony,13.10131,80.212865,141,75000.0,91.5
283202,Etmadpur,27.220646414075727,78.13416056229262,141,58700.0,62.8
226202,FFTC Indaurabagh,26.98983,80.876475,141,64200.0,7.3
283125,Shamsabad,26.995421188850504,78.13416056229262,141,58600.0,62.8
283122,Kiraoli,27.108033801463115,77.81383117698762,141,58400.0,62.8
560070,B Sk II Stage,12.92423,77.564955,140,105800.0,100.0
638453,Karattadipalayam,11.431055,77.38696,140,106000.0,91.5
560067,Kadugodi,12.999205,77.77492000000001,140,116600.0,100.0
600101,Anna Nagar Western Extn,13.09037,80.19199499999999,140,73600.0,91.5
416231,Dudhganganagar,16.33712,73.97922,140,104900.0,39.0
226203,Itaunja,27.08001,80.93418,140,62800.0,7.3
600013,Rayapuram,13.118115,80.293975,140,75500.0,91.5
638452,Gobichettipalayam,11.460585,77.42449500000001,140,105300.0,91.5
560062,Doddakallasandra,12.883175,77.56461,140,106900.0,100.0
425104,Pimpri Khurd,21.03354,75.34962999999999,140,104900.0,39.0
424203,Pimpalgaon,20.59456,75.499945,140,117500.0,39.0
416212,Radhanagari,16.382150000000003,73.96774500000001,140,104600.0,39.0
638457,Kurumandur,11.418025,77.34732,140,104800.0,91.5
600021,Washermanpet,13.115075,80.28222500000001,140,75100.0,91.5
424105,Bhadgaon,20.688525,75.21345500000001,140,117600.0,39.0
600023,Aynavaram,13.09826,80.231645,140,73800.0,91.5
110054,Civil Lines S.O (North Delhi),28.6990095,77.2314634,140,98700.0,53.0
600040,Anna Nagar,13.08797,80.20393,140,72400.0,91.5
416519,Mangaon,16.036695,73.872285,140,122700.0,39.0
431001,Aurangabad City Center (Kranti Chowk),19.8762,75.3433,140,113700.0,64.0
224182,Raunahi,26.761815,82.01196999999999,139,58700.0,7.3
332746,Dhani Sihodiyan,28.074268663597284,75.90755732415064,139,84800.0,
600001,Chennai G.P.O.,13.099255,80.28733,139,73200.0,91.5
333036,333036,27.961571750035173,75.97566013471403,139,84700.0,
411028,Hadapsar,18.49423,73.94284999999999,139,139600.0,39.0
600012,Perambur Barracks,13.0993,80.25717,139,72900.0,91.5
425109,Erandol,20.86746,75.319655,139,111400.0,39.0
412312,Veer,18.149145,74.06053,139,151200.0,39.0
301705,Kanhawas,28.055418673467702,76.36870879036529,139,85400.0,0.0
416223,Mhasve,16.336815,74.098795,139,101700.0,39.0
412204,Supa,18.351765,74.37504,138,139700.0,39.0
768113,Dhama,21.29773,83.94175,138,50900.0,91.5
600104,High Court Building,13.08655,80.285685,138,71600.0,91.5
412305,Valha,18.218125,74.201955,138,147600.0,39.0
412303,Jejuri,18.297425,74.17572,138,150300.0,39.0
224123,Ayodhya,26.79098,82.19737,138,58300.0,7.3
600003,Park Town,13.091584999999998,80.274935,138,72000.0,91.5
249401,"Haridwar, Uttarakand",29.9123514,78.0087178,138,81700.0,91.5
411022,Srpf,18.487835,73.907515,138,129600.0,39.0
224127,Barun,26.682135,82.04591,138,58400.0,7.3
424204,Shendurni,20.67662,75.58454499999999,138,115600.0,39.0
425110,Kasoda,20.79796,75.307715,138,112600.0,39.0
224001,Faizabad,26.761015,82.110525,138,58400.0,7.3
413802,MIDC Kurkumbh,18.33653,74.57295500000001,138,136600.0,39.0
425309,Nashirabad,21.00029,75.662455,138,103500.0,39.0
224201,Motinagar,26.688185,82.1549,138,58300.0,7.3
224284,Shahganj,26.63932,82.04849,138,58300.0,7.3
638503,Dasappagoundanpudur,11.61592,77.31324,138,95400.0,91.5
246488,"Garhwal, Uttarakand",30.25,79.333333,138,81700.0,91.5
416516,Vengurla,15.87891,73.658905,138,120400.0,39.0
224135,Darshan Nagar,26.73192,82.214235,138,58300.0,7.3
638454,Kasipalayam,11.43133,77.294525,138,102600.0,91.5
600007,Vepery,13.087875,80.25909,138,71100.0,91.5
600102,Anna Nagar East,13.088875000000002,80.22476499999999,138,71100.0,91.5
303103,Shahpura,27.387305,75.96525,138,82500.0,91.5
425101,Asoda,21.03919,75.60880499999999,138,103300.0,39.0
224158,Kuchera,26.664025,81.95339999999999,138,58400.0,7.3
224228,Inayatnagar,26.634165,81.94543,138,58300.0,7.3
768025,C.A. Chiplima,21.371565,83.89212,138,50900.0,91.5
226104,Mall,27.020835,80.744445,138,62000.0,7.3
224204,Bikapur,26.60359,82.13259,137,58100.0,7.3
412306,Someshwarnagar,18.131905,74.29619,137,137500.0,39.0
224126,Baragaon RS,26.767635,81.88307,137,58300.0,7.3
224208,Harringtonganj,26.54246,82.022215,137,58000.0,7.3
224161,Maya,26.650925,82.34073000000001,137,58100.0,7.3
416504,Nesari,16.03547,74.2867,137,106000.0,39.0
224164,Milkipur,26.575935,81.88516,137,58200.0,7.3
412102,Nira R S,18.12935,74.179145,137,146500.0,39.0
841435,Guthni,26.1521,84.06065,137,51900.0,65.2
560053,Chickpet,12.969375,77.574345,137,112200.0,100.0
600010,Kilpauk,13.08463,80.23932500000001,137,70200.0,91.5
768105,Jujumura,21.203295,84.04914,137,50700.0,91.5
224207,Majurddinpur,26.53642,82.09027499999999,137,57900.0,7.3
841235,Done,26.15549,84.14173,137,51700.0,65.2
126111,Alewa,29.470445,76.43852,137,91900.0,11.0
841239,Mairwa,26.217685,84.12751,137,51800.0,65.2
301402,Bansur,27.694105,76.37206,137,83700.0,91.5
412219,Madhukarnagar Patas,18.42583,74.460455,137,134600.0,39.0
224225,Achhora,26.560275,81.95853,137,58200.0,7.3
600084,Flowers Road,13.080965,80.25551999999999,137,69900.0,91.5
768019,Jyoti Vihar Burla,21.47392,83.884425,137,50300.0,91.5
768017,Burla,21.497355,83.84081,137,50300.0,91.5
400051,Khar West,19.072,72.835,137,150600.0,100.0
416509,Chandgad,15.9362,74.163385,137,110200.0,39.0
600009,Fort St George,13.076645,80.28606500000001,137,70400.0,91.5
413801,Daund,18.422195,74.611435,137,134100.0,39.0
332714,Sirohi,27.686745,75.722745,136,82200.0,91.5
332713,Nimkathana Town,27.74013,75.81017,136,82000.0,91.5
224209,Chaurebazar,26.473935,82.122075,136,57800.0,7.3
451666,Sendhwa,21.595835,75.247255,136,82400.0,45.7
226103,Rahimabad,26.982235,80.58550500000001,136,60100.0,7.3
768001,Sambalpur,21.469615,83.98324,136,50100.0,91.5
424103,Kajgaon,20.626085,75.116715,136,112000.0,39.0
638505,Kallipatti,11.553585,77.46578,136,95500.0,91.5
412205,Khed Shivapur Baug,18.276925,73.864085,136,144900.0,39.0
841286,Bakerganj,26.12141,84.363935,136,50500.0,65.2
841243,Sahpur,26.30625,84.21318500000001,136,51300.0,65.2
600005,Tiruvallikkeni,13.057865,80.27991,136,67800.0,91.5
224121,Amaniganj,26.661015,81.833045,136,58100.0,7.3
227814,Ataula,26.47418,81.94032,136,57700.0,7.3
768016,Hirakud,21.55466,83.87131500000001,136,50000.0,91.5
841438,Mirganj,26.434085,84.30275499999999,136,50900.0,65.2
451228,Kasrawad,22.066545,75.64202,136,64500.0,45.7
228121,Atarsuma,26.431725,82.023615,136,57800.0,7.3
332705,Ganeshwar,27.62743,75.88178500000001,136,82000.0,91.5
768004,Budharaja,21.4868,83.982395,136,50000.0,91.5
638476,Gobichettipalayam South,11.447310000000002,77.4612,136,95700.0,91.5
768018,Engineering College Burla,21.51012,83.90387999999999,136,50100.0,91.5
451332,Jhirnia,21.584815,75.98500000000001,136,69500.0,45.7
332708,Kanwat Town,27.5988,75.67770999999999,136,82300.0,91.5
600030,Shenoy Nagar,13.07531,80.22630000000001,136,68200.0,91.5
412215,Varvand,18.478475,74.421675,136,132100.0,39.0
412203,Kedgaon,18.45793,74.367875,136,133400.0,39.0
768003,Khetrajpur,21.481335,83.96036,136,50100.0,91.5
451442,Segaon,21.85279,75.36409,136,65800.0,45.7
600106,Arumbakkam,13.071055,80.21083999999999,136,67300.0,91.5
416612,Jamsande,16.363865,73.42224999999999,136,107800.0,39.0
768226,Panchgaon,21.74643,83.538795,136,49800.0,91.5
228125,Dwarikaganj,26.34129,82.12958499999999,136,57300.0,7.3
768005,Dhanupali,21.417225,84.023775,136,50300.0,91.5
228151,Kurebhar,26.409415000000003,82.156065,136,57500.0,7.3
600031,Chetput,13.07189,80.24261999999999,136,67900.0,91.5
768020,Jagruti Vihar Burla,21.49573,83.90808,136,50200.0,91.5
600008,Egmore,13.070735,80.256305,136,68300.0,91.5
224141,Goshaiganj,26.57155,82.35677000000001,136,57900.0,7.3
411040,Wanowarie,18.489035,73.89167499999999,136,118000.0,39.0
600002,Anna Road,13.068965,80.268685,136,68600.0,91.5
412104,Rajewadi,18.42378,74.155665,135,142000.0,39.0
841437,Kateya,26.5479,84.08032,135,51900.0,65.2
301703,Majari Kalan,28.027145,76.281095,135,82000.0,91.5
131302,Butana,29.21474,76.57997,135,82600.0,91.5
121012,Sector-21D,28.42336,77.291015,135,125900.0,11.0
201017,Raj Nagar Extension,28.699705,77.45361,135,78800.0,7.3
600006,Greams Road,13.05814,80.25103,135,65900.0,91.5
841505,Sasamusa,26.49489,84.36818,135,50700.0,65.2
841234,Darauli,26.079895,84.13995,135,50700.0,65.2
228118,Kamla Nehru Institute,26.29861,82.088885,135,57000.0,7.3
451001,Khargone,21.888150000000003,75.625095,135,61800.0,45.7
227812,Wallipur,26.396115,81.94593,135,57500.0,7.3
224229,Kumarganj,26.52535,81.83574,135,57700.0,7.3
412103,Vadgaon Nimbalkar,18.092635,74.41551,135,129400.0,39.0
841508,Bijaipur,26.482765,83.975425,135,52700.0,65.2
228133,Belahari,26.20388,82.23344,135,56700.0,7.3
228120,Baraunsa,26.251620000000003,82.24049500000001,135,56400.0,7.3
841287,Asaon,26.078135000000003,84.203475,135,50700.0,65.2
228142,Mahmoodpur Semri,26.35428,82.294645,135,57300.0,7.3
768118,Naktideul,21.25331,84.54124999999999,135,49800.0,91.5
841232,Barhria,26.321085,84.47775,135,50100.0,65.2
228132,Deara,26.245855,82.32128499999999,135,56800.0,7.3
841231,Andar,26.097675,84.271345,135,50600.0,65.2
841226,Siwan,26.200505,84.333355,135,50600.0,65.2
413115,Malegaon BK,18.09899,74.49596,135,127200.0,39.0
424107,Khedgaon,20.636265,75.033365,135,109400.0,39.0
768219,Lakhanpur,21.755875,83.73026,135,49300.0,91.5
228119,Gosainganj,26.275295,82.168665,135,56800.0,7.3
412202,Urulikanchan,18.4889,74.151925,135,131200.0,39.0
600014,Royapettah,13.053535,80.263885,135,66100.0,91.5
841245,Zeradei,26.174655,84.24626,135,50700.0,65.2
841425,Bathubazar,26.492025,84.213975,135,51300.0,65.2
638456,Kolappalur,11.387535,77.39863,135,96700.0,91.5
412304,Morgaon,18.236465000000003,74.315095,135,140400.0,39.0
700017,Circus Avenue,22.54254,88.361085,135,67000.0,91.5
228131,Dostpur,26.295905,82.46633,135,57200.0,7.3
227806,Bazar Baldirai,26.463555,81.86057,135,57500.0,7.3
600034,Nungambakkam,13.06112,80.24094500000001,135,65800.0,91.5
841233,Daronda,26.098685,84.438995,135,50100.0,65.2
208022,Udyog Nagar,26.44296,80.27072,135,52600.0,7.3
841227,Gaushalaroad Siwan,26.25819,84.38800499999999,135,50100.0,65.2
431150,Banoti,20.51525,75.37736,135,109800.0,39.0
416515,Tulas,15.847205,73.685895,135,116300.0,39.0
121102,Palwal,28.163525,77.33202,135,107600.0,11.0
431112,Sillod,20.41611,75.688755,135,113100.0,39.0
273016,Shivpurinewcolony,26.672345,83.38186999999999,135,52800.0,7.3
224153,Khandasa,26.591990000000003,81.770405,135,57800.0,7.3
413110,Pandhare,18.15772,74.43876,135,131700.0,39.0
425102,Bhadli BK,21.070405,75.64838,135,96700.0,39.0
841428,Gopalganj,26.5356,84.47075000000001,135,50500.0,65.2
332718,Patan,27.815355,75.98770999999999,135,81100.0,91.5
332707,Jharli,27.516885,75.865015,135,83600.0,91.5
303601,Amarsar,27.34688,75.824975,135,76500.0,91.5
273401,Bhowapar,26.66549,83.35455999999999,135,52800.0,7.3
416613,Devgad,16.376885,73.38160500000001,135,105200.0,39.0
841436,Hathwa,26.325345,84.29225,135,50900.0,65.2
841426,Bhore,26.450085,84.116045,135,51900.0,65.2
228001,Sultanpur,26.254925,82.107075,135,57000.0,7.3
201304,Maharishi Nagar,28.49196,77.41078,135,77000.0,7.3
841501,Kuchaikote,26.56172,84.35006,135,50700.0,65.2
768234,Itps Banaharpali,21.673595,83.80708,135,49500.0,91.5
841503,Nechwajalapur,26.592575,84.31056000000001,135,50700.0,65.2
425105,Dharangaon,21.03827,75.229795,135,99300.0,39.0
411013,Hadpsar I.E.,18.505075,73.91556499999999,135,118800.0,39.0
416531,Kalmist,16.00986,73.94422,135,115300.0,39.0
560017,HSR Layout,12.907,77.641,135,146700.0,100.0
841237,Hussainganj,26.158705,84.31729,135,50600.0,65.2
560108,Anjanapura,12.85278,77.557395,135,98400.0,100.0
841446,Narendrapur,26.14421,84.245165,135,50700.0,65.2
600107,Koyambedu,13.06489,80.189605,135,66700.0,91.5
416529,Talavade,15.848525,73.69481999999999,135,116100.0,39.0
416209,Gargoti,16.308715,74.141125,135,97300.0,39.0
841441,Baghibazar,26.55767,84.211265,135,51600.0,65.2
201007,Mohan Nagar,28.688255,77.38746499999999,134,84400.0,7.3
845419,Gobindganj,26.508195,84.648235,134,49700.0,65.2
841240,Mahuwal Mahal,26.054465,84.428515,134,49800.0,65.2
271872,Huzoorpur,27.320845,81.67926,134,57600.0,7.3
400021,Cuffe Parade,18.921,72.823,134,140700.0,93.9
841427,Garhmanjha,26.42162,84.485345,134,49800.0,65.2
451221,Mandleshwar,22.262505,75.71623,134,67300.0,45.7
600092,Virugambakkam,13.055595,80.19625500000001,134,63900.0,91.5
768106,Rairakhol,21.118015,84.44145499999999,134,49300.0,91.5
208009,Armapore,26.467695,80.26944,134,52900.0,7.3
228171,Akhandnagar,26.196385,82.55967,134,56600.0,7.3
768211,Bandhbahal Colony,21.681040000000003,83.914275,134,49400.0,91.5
700020,L.R.Sarani,22.535235,88.35264000000001,134,66400.0,91.5
271851,Kharighat,27.717825,81.40321,134,57400.0,7.3
638401,Sathyamangalam,11.63758,77.210055,134,84800.0,91.5
577101,"Chikmagalur, Karnataka",13.3245255,75.7722995,134,82300.0,100.0
271882,Matera RS,27.767815,81.52583,134,57600.0,7.3
768217,Belpahar Rs,21.804615,83.82123,134,49100.0,91.5
768214,Laida,21.71828,84.19786500000001,134,49200.0,91.5
562125,Sarjapura,12.86532,77.77555,134,106200.0,100.0
208027,Barra,26.42601,80.29616,134,52800.0,7.3
841506,Tarwara,26.20075,84.49679499999999,134,49900.0,65.2
600094,Choolaimedu,13.06024,80.223275,134,64900.0,91.5
768112,Gourpali,21.368105,84.236125,134,49800.0,91.5
271821,Bisheswarganj,27.35012,81.830975,134,57500.0,7.3
600086,Gopalapuram,13.049865,80.25416,134,64800.0,91.5
227816,Raniganj,26.500075,81.67083,134,57700.0,7.3
271901,Jarwal Road,27.126515,81.54845499999999,134,58900.0,7.3
228145,Kadipur,26.176705,82.40643,134,56600.0,7.3
126110,Dharthrath,29.40168,76.45842,134,88500.0,11.0
768212,Rengali,21.68399,84.05331000000001,134,49300.0,91.5
451224,Maheshwar,22.316715,75.56132,134,67700.0,45.7
228161,Tawakkalpur Nagra,26.06955,82.447055,134,56400.0,7.3
845458,Manguraha,26.575955,84.61057,134,49800.0,65.2
212401,Janghai Bazar,25.523845,82.286915,134,56000.0,7.3
228155,Kurwar,26.349865,81.99825,134,56600.0,7.3
222301,Koiripur,26.042385,82.360065,134,56400.0,7.3
841238,Mahrajganj,26.117125,84.518925,134,49700.0,65.2
638313,Kugalur,11.487525000000002,77.50383500000001,134,92400.0,91.5
271875,Risia,27.705875,81.59522000000001,134,57500.0,7.3
227815,Haliapur,26.49596,81.75773000000001,134,57700.0,7.3
600004,Mylapore,13.03738,80.270325,134,64700.0,91.5
841434,Goreakothi,26.249995,84.562945,134,49700.0,65.2
413130,Bhigwan,18.3178,74.730805,134,129500.0,39.0
271904,Jarwal,27.1752,81.53653,134,58900.0,7.3
412214,Yavat,18.5139,74.271015,134,127800.0,39.0
422009,College Road / Gangapur Road,19.9975,73.7649,134,63800.0,53.7
768006,Remed,21.519545,83.997005,134,49600.0,91.5
273017,Siddharth Enclave,26.726915,83.396355,134,52700.0,7.3
273001,Gorakhpur,26.6677977,83.3642334,134,52200.0,7.3
227808,Hasanpur,26.282625000000003,81.995175,134,56400.0,7.3
768200,Sasan Rs,21.524885,84.09985,134,49500.0,91.5
845425,Malahi,26.56593,84.57788,134,49900.0,65.2
271871,Payagpur,27.42553,81.79701,134,57600.0,7.3
768218,Belpahar,21.8166,83.86827,134,49000.0,91.5
841236,Hasanpura,26.058965,84.35048499999999,134,49700.0,65.2
D929596,"Barwani, Madhya Pradesh · D929596",21.7514248,74.8915957,134,78900.0,91.5
845440,Jaitapur Laukaria,26.920765000000003,84.73802,134,50100.0,65.2
227805,Aliganj Bazar,26.328485,81.89528,133,56200.0,7.3
768202,K.M. Road Jharsuguda,21.841635,84.03768500000001,133,48800.0,91.5
600018,Teynampet,13.038055,80.25214,133,62800.0,91.5
273005,Gita Press,26.746405,83.35388,133,52600.0,7.3
208003,Anwarganj,26.458295,80.330685,133,53300.0,7.3
221502,Baraut,25.351265,82.28157999999999,133,55800.0,7.3
208019,Rawatpur,26.480425,80.27317,133,53000.0,7.3
208023,T P Nagar,26.441305,80.33725,133,53100.0,7.3
768225,Rampur Colliery,21.796555,83.91363000000001,133,49200.0,91.5
208026,Indira Nagar,26.508755,80.263025,133,53200.0,7.3
841244,Takipur,26.070925000000003,84.554585,133,49400.0,65.2
845435,Semra,26.71078,84.817025,133,49400.0,65.2
273006,Gita Vatika,26.773015,83.38624999999999,133,52600.0,7.3
841504,Raghunathpur,26.02107,84.271275,133,49600.0,65.2
560061,Subramanyapura,12.902155,77.54269500000001,133,100100.0,100.0
273010,M.M.M.E.College,26.69659,83.452585,133,52600.0,7.3
222303,Maharani Pachchhim,26.0815,82.31144499999999,133,56100.0,7.3
841404,Bagaura,26.038865,84.47263000000001,133,49500.0,65.2
841502,Khujhwa,26.04868,84.216095,133,49600.0,65.2
273004,Basharatpur,26.784215,83.37808,133,52600.0,7.3
208008,Chakeri Aerodrum,26.406075,80.41889,133,54100.0,7.3
208001,Kanpur,26.47319,80.347445,133,53500.0,7.3
208004,Kanpur Cantt.,26.44449,80.365715,133,53300.0,7.3
841405,Barauli,26.427605,84.59284,133,49400.0,65.2
845305,Raxaul,26.975555,84.81867,133,49300.0,65.2
845411,Areraj,26.56348,84.67252500000001,133,49600.0,65.2
841439,Mustfabad,26.21433,84.566675,133,49700.0,65.2
227817,Jagdishpur Industrial Area,26.48546,81.56325000000001,133,58800.0,7.3
841242,Paterhi,26.120285000000003,84.565995,133,49500.0,65.2
700025,Bhawanipore,22.532445,88.346315,133,65100.0,91.5
277303,Sikanderpur,26.04138,84.057615,133,50400.0,7.3
122015,Palam Road,28.49246,77.066595,133,111800.0,11.0
208025,Naveen Nagar,26.481105,80.29015,133,53100.0,7.3
273003,Arogyamandir,26.792545,83.38331500000001,133,52600.0,7.3
768107,Jamankira,21.559955,84.449105,133,48900.0,91.5
228159,Ramganj,26.139215,82.03903,133,55700.0,7.3
768201,Jharsuguda,21.848725,84.03927,133,48800.0,91.5
271801,Bahraich,27.56043,81.60579999999999,133,57100.0,7.3
221717,Nawanagar,26.06495,83.966525,133,50600.0,7.3
413114,Walchandnagar,18.01819,74.84580500000001,133,119400.0,39.0
700029,Sarat Bose Road,22.517495,88.36157,133,64900.0,91.5
208005,Hns Nagar,26.47169,80.298555,133,53100.0,7.3
273405,Barhi,26.56218,83.490775,133,52600.0,7.3
208007,Harjinder Nagar,26.401135,80.40172,133,54000.0,7.3
277304,Sukhpura,25.854615000000003,84.10587000000001,133,49500.0,7.3
208002,Nawabganj,26.494575,80.30706,133,53300.0,7.3
208014,Juhi Colony,26.43799,80.31885,133,52900.0,7.3
841210,Gangpur Siswan,25.941955,84.40696,133,49400.0,65.2
273411,Gagaha,26.452235,83.46338,133,52500.0,7.3
424205,Pahur,20.69147,75.7039,133,107600.0,39.0
271802,Kalpipara,27.612795,81.649215,133,57100.0,7.3
272181,Paikolia,26.8789,82.48501999999999,133,56300.0,7.3
272155,Harraiya,26.804205,82.48157499999999,133,56100.0,7.3
281404,Shergarh,27.812995,77.57394,133,86400.0,7.3
273406,Unwal,26.626135,83.29991000000001,133,52700.0,7.3
416552,DSF Halkarni,15.90069,74.239795,133,104600.0,39.0
273403,Bansgaon,26.56737,83.34233,133,52600.0,7.3
211002,Allahabad Kty.,25.461635,81.85766000000001,133,54000.0,7.3
600026,Vadapalani,13.05254,80.21278,133,62800.0,91.5
273212,Khajni,26.636685,83.216965,133,53400.0,7.3
416623,Mond,16.443134999999998,73.46149,133,102200.0,39.0
845456,Sugauli,26.74927,84.73962,133,49600.0,65.2
845417,Dariapur,26.517455,84.76796,133,49400.0,65.2
821304,Baulia,24.592045,83.73819,133,50100.0,91.5
273203,Brahmpur,26.54994,83.58875499999999,133,52600.0,7.3
845433,Ramgahrwa,26.883470000000003,84.7933,133,49300.0,65.2
303003,Med,27.33239,76.12795,133,74400.0,91.5
841509,Gabhirar,25.97174,84.30619,133,49400.0,65.2
600024,Kodambakkam,13.052015,80.22304,133,62900.0,91.5
416709,Sagave,16.52711,73.388205,133,97700.0,39.0
273015,Gorakhnath Mandir,26.772265,83.332345,133,52600.0,7.3
273008,Kunraghat,26.74388,83.420635,133,52600.0,7.3
768227,Kusumi,21.7712,84.500425,133,48600.0,91.5
413105,Bhigwan R S,18.319365,74.80685,133,125900.0,39.0
424106,Mehunbare,20.62638,74.922155,133,106100.0,39.0
768203,Industrial Estate Jharsuguda S,21.88142,84.01608999999999,133,48700.0,91.5
222302,Lambhua,26.115785,82.247645,133,56100.0,7.3
221715,Bilthra Road RS,26.111985,83.876135,133,50800.0,7.3
D951435,"Ballia, Uttar Pradesh · D951435",25.8749595,84.1210329,133,49600.0,91.5
D997854,"Basti, Uttar Pradesh · D997854",26.8387083,82.5350919,133,56300.0,91.5
227304,Bharkhare,26.121985,82.15538000000001,133,55900.0,7.3
224188,Sohawal RS,26.75,82.0,133,56300.0,91.5
273413,Kauriram,26.544545,83.4743,133,52600.0,7.3
208010,Shiwans Tanney,26.421,80.419795,133,54200.0,7.3
638502,Athani,11.54032,77.529615,133,88600.0,91.5
600093,Saligramam,13.052885,80.202965,133,62900.0,91.5
600028,Raja Annamalaipuram,13.020615,80.26151,133,61900.0,91.5
768216,Brajarajnagar,21.873510000000003,83.92728500000001,133,48800.0,91.5
208006,Govind Nagar,26.448195,80.31135499999999,133,53100.0,7.3
208024,K P University,26.498795,80.27273500000001,133,53100.0,7.3
208011,Kidwai Nagar,26.41358,80.340405,133,53100.0,7.3
841413,Jamobazar,26.304775,84.57293,133,49500.0,65.2
227811,Sukul Ka Bazar,26.57743,81.57899,133,59100.0,7.3
208020,Panki,26.47708,80.23099500000001,133,53000.0,7.3
560006,J.C.Nagar,13.00961,77.59422,133,94100.0,100.0
273014,Pac Camp,26.782455,83.42607,133,52600.0,7.3
208013,COD,26.419195,80.35468499999999,133,53200.0,7.3
845422,Harsiddhi,26.650825,84.67507,133,49600.0,65.2
841203,Chainpur,26.012385,84.37824,133,49400.0,65.2
211004,Cavellary Lines,25.482655,81.86819,133,53900.0,7.3
227813,Musafirkhana,26.370765,81.80403,133,56300.0,7.3
273012,Railway Colony,26.7588,83.39218500000001,133,52600.0,7.3
562107,Attibele,12.780635,77.76056,132,106700.0,100.0
277302,Kharasara,25.939575,84.12442999999999,132,49400.0,7.3
221003,Vsi Shivpur,25.3719338,82.9414272,132,57300.0,7.3
272127,Amorha,26.79402,82.361985,132,56200.0,7.3
272150,Hanumanganj,26.957465,82.808535,132,54700.0,7.3
273211,Dhakhwa Bazar,26.584565,83.180755,132,53500.0,7.3
271824,Mahasi Tahsil,27.619355,81.389235,132,56800.0,7.3
843125,Kurnowl,26.264765,84.941035,132,49200.0,65.2
272190,Saltauwa,26.948915,82.681455,132,55300.0,7.3
841507,Mora,26.1144,84.621495,132,49200.0,65.2
768204,O.M.P. Line Jharsuguda,21.912885000000003,84.040385,132,48300.0,91.5
416811,Phanasgaon,16.475785000000002,73.56473,132,100300.0,39.0
301020,301020,27.84904343837206,76.34921757819313,132,93500.0,
273002,A.P.Station,26.7544,83.519415,132,52600.0,7.3
227411,Shahgarh,26.26395,81.78912,132,56000.0,7.3
227408,Dhammaur,26.232885,81.917495,132,56000.0,7.3
843128,Minapur,26.28918,85.3106,132,49200.0,65.2
844124,Rajapakar,25.735705,85.32518,132,48900.0,65.2
700071,Middleton Row,22.54381,88.34326,132,64100.0,91.5
272130,Parasrampur,26.938835,82.296195,132,56100.0,7.3
332706,Guhala,27.667435,75.63902,132,72900.0,91.5
271881,Rupaidiha,27.97167,81.60881,132,56400.0,7.3
841440,Thawe,26.4211166,84.3739133,132,49200.0,65.2
272148,Rayath,26.97569,82.86886000000001,132,54600.0,7.3
508218,Neredcharla,16.818465000000003,79.70057,132,67500.0,7.3
508201,Garidepally,16.927625,79.7176,132,67500.0,7.3
845301,Adapur,26.8836,84.93416500000001,132,49100.0,65.2
208021,N H Road,26.371895,80.3507,132,53100.0,7.3
273201,Chauri Chaura,26.645525,83.57995,132,52600.0,7.3
842005,M.I.C.,26.09103,85.4087,132,49100.0,65.2
122503,Pataudi,28.32707,76.829725,132,149400.0,11.0
843123,Jaintpur Estate,26.124825,85.13653500000001,132,48900.0,65.2
273013,B.R.D Medical College,26.852565,83.43327500000001,132,52500.0,7.3
273213,Sikriganj,26.4881,83.212445,132,52500.0,7.3
273407,Uruwa Bazar,26.464355,83.269845,132,52500.0,7.3
600041,Tiruvanmiyur,12.97684,80.25709,132,60300.0,91.5
600017,Thygarayanagar,13.041845,80.23721499999999,132,61800.0,91.5
410301,Khandala,18.771795,73.374135,132,70700.0,39.0
272131,Captainganj,26.746025,82.583125,132,55800.0,7.3
321610,Ghatabalaji,26.967635,76.84079500000001,132,55700.0,91.5
301022,Thanagazi,27.340755,76.31651500000001,132,72900.0,91.5
841406,Basantpur,26.175980000000003,84.66385,132,49200.0,65.2
416805,Vada,16.43848,73.39438,132,101100.0,39.0
700046,Gobinda Khatick Road,22.54561,88.385685,132,63800.0,91.5
272151,Rudranagar,27.029075,82.79949500000001,132,55000.0,7.3
227412,H A L Korwa,26.217655,81.81649,132,55900.0,7.3
410302,R P T S Khandala,18.76793,73.38071,132,70700.0,39.0
425112,Deogaon,20.805025,75.08243,132,104800.0,39.0
768222,Kuchinda,21.749105,84.36963499999999,132,48500.0,91.5
209402,Sarsaul,26.28808,80.50727499999999,132,54400.0,7.3
600020,Adyar,13.00175,80.26135,132,60700.0,91.5
273209,Sahajanwa,26.779290000000003,83.18011,132,53200.0,7.3
411036,Mundhva AV,18.529675,73.93234000000001,132,108400.0,39.0
600090,Besantnagar,12.999865,80.268895,132,61700.0,91.5
643236,Kotada Estate,11.416395,76.94491500000001,132,77300.0,91.5
842004,Umanagar,26.202085,85.39726999999999,132,49000.0,65.2
208015,New Pac Lines,26.40691,80.373505,132,53300.0,7.3
272128,Bishesharganj,26.703115,82.45791,132,56000.0,7.3
700016,Park Street,22.55353,88.35558,132,64200.0,91.5
700042,Kasba,22.516625,88.38067000000001,132,63800.0,91.5
273152,Pipraich,26.81107,83.532415,132,52500.0,7.3
845302,Chauradano,26.814145,84.95037500000001,132,49000.0,65.2
844122,Mahuwa,25.80975,85.405125,132,49000.0,65.2
273412,Shivpur,26.425555,83.47527,132,52500.0,7.3
272129,Shankarpur,26.829645,82.28302500000001,132,56100.0,7.3
212104,Bharatganj,25.063145,82.23354499999999,132,55400.0,7.3
271870,Chilwaria,27.484245,81.65225,132,56900.0,7.3
843120,Deoria,26.16293,84.980205,132,49000.0,65.2
211006,Daraganj,25.44245,81.86968,132,53500.0,7.3
272194,Asnahra,27.090945,82.672825,132,55200.0,7.3
843113,Patahi,26.12811,85.28176500000001,132,49000.0,65.2
271825,Barnapur,27.541600000000003,81.443325,132,57000.0,7.3
211003,Allahabad City,25.42952,81.842485,132,53300.0,7.3
416510,Sawantwadi,15.934255,73.94022000000001,132,111100.0,39.0
842001,Muzaffarpur,26.127085,85.39689,132,49100.0,65.2
273402,Barhalganj,26.286165,83.53206,132,52400.0,7.3
845401,Motihari,26.64534,84.909265,132,49000.0,65.2
273165,Pepeeganj,26.926115,83.31581,132,52800.0,7.3
271865,Nanpara,27.91187,81.55374499999999,132,56700.0,7.3
845429,Pipra Factory,26.55723,84.937465,132,48900.0,65.2
272126,Semariyawan,26.920965,82.90584,132,54300.0,7.3
273408,Gola,26.36867,83.37993499999999,132,52400.0,7.3
273007,Fertilizer Factory,26.828755,83.313905,132,52500.0,7.3
843130,Kanti T.P.S.,26.19675,85.301175,132,49000.0,65.2
843129,Narma,26.24709,85.513755,132,48900.0,65.2
271902,Fakharpur,27.426655,81.503935,132,56800.0,7.3
411037,Market Yard,18.48044,73.86822000000001,132,108100.0,39.0
411046,Katraj,18.43369,73.85905,132,128700.0,39.0
271830,Shivpur,27.8379,81.394485,132,56900.0,7.3
272163,Gaur Rs,26.86273,82.60704,132,55800.0,7.3
842002,Ramna,26.070005,85.411095,132,49100.0,65.2
273202,Sardar Nagar,26.652925,83.54296,132,52600.0,7.3
334402,Palana,27.88218290814156,73.27261427855751,132,53700.0,0.6
638402,Rangasamudram,11.43112,77.20383,132,89400.0,91.5
768220,Bagdehi,21.92931,84.13842,132,47900.0,91.5
842003,M.I.T.,26.14114,85.36472499999999,132,49100.0,65.2
272192,Itwa,27.2511724,82.8716528,132,55000.0,7.3
843103,Bochaha,26.17981,85.52716000000001,132,48900.0,65.2
209305,Chakarpur,26.412915,80.23336,132,51600.0,7.3
227406,Bhadar,26.10462,81.95674,132,55000.0,7.3
424104,Nagardeola,20.55989,75.19704,132,107100.0,39.0
768215,Laikera,21.922445,84.284035,132,48100.0,91.5
844116,Dumari,25.769035,85.34201,132,49000.0,65.2
843117,Rampur Hari,26.2711,85.414535,132,48900.0,65.2
638458,Nambiyur,11.352345,77.327665,132,91600.0,91.5
768213,Kolabira,21.831655,84.2042,132,48300.0,91.5
247002,Ptc,29.98235,77.50524,132,48900.0,7.3
843109,Kanti,26.20551,85.262445,132,48900.0,65.2
768228,Kesaibahal,21.934355,84.46036000000001,132,48100.0,91.5
416527,Tillarinagar,15.81688,74.236355,132,102800.0,39.0
273409,Deidiha,26.39461,83.305635,132,52500.0,7.3
412201,Loni Kalbhor,18.48128,74.04416,132,133100.0,39.0
208017,Nsi,26.53033,80.275235,132,53400.0,7.3
700026,Kalighat,22.517755,88.347525,132,63900.0,91.5
843124,Kathaiya,26.201055,85.12439,132,48900.0,65.2
227413,Tikarmafi,26.135530000000003,81.89419000000001,132,55600.0,7.3
271903,Kaiserganj,27.283495,81.53643,132,57100.0,7.3
845431,Raghunathpur Bazar,26.807865,84.84140500000001,132,49200.0,65.2
700014,Intally,22.555165,88.368225,132,64100.0,91.5
845434,Sangrampur,26.466025,84.70898500000001,132,49000.0,65.2
227807,Pindara,26.3513,81.76607999999999,132,56400.0,7.3
841407,Bishunpura,26.316665,84.62988999999999,131,48800.0,65.2
700087,New Market,22.56025,88.35306,131,62700.0,91.5
227405,Amethi,26.132655,81.77503,131,55100.0,7.3
D711895,"Mau, Uttar Pradesh · D711895",26.0390905,83.4985846,131,50800.0,91.5
431602,Nanded Shivaji Nagar,19.15,77.305,131,51600.0,50.0
416219,Murgud,16.410275,74.21452,131,89700.0,39.0
211016,G T B Nagar,25.42275,81.813925,131,53000.0,7.3
845423,Hussaini,26.41157,84.758125,131,48900.0,65.2
508206,Kodad,17.0238,79.98391000000001,131,63800.0,7.3
843312,Aurai,26.30751,85.58343500000001,131,48800.0,65.2
844114,Bhagwanpur,25.857515,85.3115,131,48600.0,65.2
700031,Dhakuria,22.50733,88.373695,131,63000.0,91.5
273306,Bhathat,26.91222,83.47768500000001,131,52400.0,7.3
277301,Basantpur,25.837295,84.141175,131,48800.0,7.3
821311,Rohtas,24.666125,83.90599499999999,131,48600.0,91.5
508233,Munagala,17.056825,79.847795,131,66000.0,7.3
277124,Pur,25.941415,83.99345,131,49500.0,7.3
600033,West Mambalam,13.036015,80.22354,131,59100.0,91.5
638110,Getticheyur,11.3288,77.407775,131,86400.0,91.5
221507,Sahson,25.48578,81.97770499999999,131,53500.0,7.3
416310,Palus,17.090535,74.48283,131,106100.0,39.0
416804,Padel,16.486605,73.40653,131,97900.0,39.0
843112,Paroo,26.10631,85.072935,131,48800.0,65.2
638054,Siruvalur,11.36549,77.470235,131,87000.0,91.5
768221,Bamra,22.039765,84.33583999999999,131,47700.0,91.5
221503,Handia,25.385965,82.20999499999999,131,54400.0,7.3
844120,Kurhani,26.02979,85.26997,131,48600.0,65.2
301713,Nimbhor (Nimhor),27.961656050984672,76.23038451779661,131,91800.0,
211019,Jhunsi,25.39605,81.96379999999999,131,53500.0,7.3
841241,Pachrukhi,26.131008,84.3910745,131,48600.0,65.2
600085,Kotturpuram,13.01663,80.24305000000001,131,58600.0,91.5
841423,Sidhwalia,26.396385,84.67685499999999,131,48700.0,65.2
843105,Dholi,25.97413,85.54862,131,48700.0,65.2
451113,Bedia,22.094445,75.87313,131,60300.0,45.7
301701,Bahror,27.866226520794232,76.23628674159261,131,92100.0,
600035,Nandanam,13.027885,80.238595,131,59400.0,91.5
272302,Nagar Bazar,26.718005,82.65972,131,55400.0,7.3
600078,Kalaignar Karunanidhi Nagar,13.037365,80.200485,131,58600.0,91.5
272171,Lalganj,26.62955,82.824555,131,54600.0,7.3
413133,MIDC Baramati,18.206335,74.62249,131,123500.0,39.0
272001,Basti,26.799705,82.752505,131,55100.0,7.3
211013,Phaphamau,25.54879,81.870375,131,53400.0,7.3
272002,Purani Basti,26.82516,82.767765,131,55100.0,7.3
303803,Khejroli,27.34711,75.69906499999999,131,66500.0,91.5
844127,Turki,26.020465,85.340235,131,48800.0,65.2
508234,Nadigudem,17.126289999999997,79.885795,131,65400.0,7.3
843127,Birihma Bazar,26.246615,85.047405,131,48900.0,65.2
843122,Hardi,26.16815,85.11059,131,48900.0,65.2
224227,"Mahamaya Nagar, Uttar Pradesh",26.5093135,82.6138656,131,56400.0,7.3
451447,Rajpur Barwani,21.85604,74.92912,131,73500.0,45.7
844125,Sarai,25.78153,85.28265999999999,131,48600.0,65.2
843118,Sarfuddinpur,26.129035,85.593035,131,48700.0,65.2
431120,Soegaon,20.55934,75.563265,131,104000.0,39.0
643242,Tuttapallam,11.368685,76.92704,131,76300.0,91.5
843114,Patepur,25.88018,85.53041,131,48400.0,65.2
843102,Bariarpur,25.923125,85.48535,131,48600.0,65.2
451335,Gogawa,21.932165,75.79039,131,57100.0,45.7
605005,"Puducherry, Puducherry",11.9220116,79.7951365,131,71300.0,91.5
841416,Kishunpura,26.24937,84.660405,131,48900.0,65.2
843115,Piar,26.049415,85.61182500000001,131,48700.0,65.2
413102,Baramati,18.157875,74.5956,131,123000.0,39.0
843106,Gidha,26.070965,85.19829,131,48500.0,65.2
272182,Walterganj,26.83268,82.75107,131,55100.0,7.3
227801,Gaura Jamon,26.35494,81.66418999999999,131,56400.0,7.3
844115,Chaksikandar,25.68042,85.360975,131,48500.0,65.2
277213,V.B.Narayanpur,25.91147,84.172255,131,48900.0,7.3
847107,Keotsa Baruari,26.128735,85.69371,131,48500.0,65.2
272177,Banpur,26.606205,82.89667,131,54300.0,7.3
844112,Baghi,25.92842,85.41004000000001,131,48500.0,65.2
221711,Nagra,25.98877,83.870795,131,50200.0,7.3
272301,Kalwari,26.618635,82.66485,131,55400.0,7.3
D919044,"Pashchim Champaran, Bihar",27.0,84.5,131,48500.0,91.5
508204,Huzurnagar,16.8339,79.825155,131,66300.0,7.3
212305,Sirsa,25.27202,82.132485,131,54300.0,7.3
700068,Jodhpur Park,22.504675,88.36319,131,62800.0,91.5
700045,Lake Gardens,22.506255,88.3588,131,63000.0,91.5
843107,Geyaspur,26.064680000000003,85.002945,131,48600.0,65.2
416601,Phondaghat,16.38073,73.75393,131,103100.0,39.0
412206,Bhor,18.139015,73.745725,131,128600.0,39.0
413116,Shivnagar,18.07442,74.58361,131,119400.0,39.0
843111,Motipur,26.25455,85.15841,131,48800.0,65.2
416803,Mutat,16.491985,73.476635,131,98500.0,39.0
643217,Kotagiri,11.47995,76.89762,131,75100.0,91.5
301709,Gandala,27.961571750035173,76.28111476762976,131,91700.0,
272125,Dudhara,26.903415000000003,83.031095,131,53200.0,7.3
211011,Dhoomanganj,25.47442,81.78949,131,53000.0,7.3
843121,D.A.College,26.00716,85.58406500000001,131,48600.0,65.2
273158,Campierganj,27.022295,83.26031499999999,131,52900.0,7.3
D728927,"Bahraich, Uttar Pradesh · D728927",27.7343823,81.47654,131,56100.0,91.5
272124,Mahson,26.68693,82.75478000000001,131,54800.0,7.3
560055,Malleswaram West,13.0119,77.560765,131,90000.0,100.0
273404,Belghat,26.434255,83.135375,131,53800.0,7.3
843119,Silout,26.002,85.467315,131,48800.0,65.2
841408,Bhagwanpur Hat,26.112685,84.68288000000001,131,48900.0,65.2
272123,Bankati Bazar,26.685475,82.88674499999999,131,54100.0,7.3
416514,Satarda,15.8136,73.793725,131,109400.0,39.0
416518,Shiroda,15.787595,73.68909,131,110800.0,39.0
227809,Jagdishpur,26.403765,81.616175,131,56600.0,7.3
768224,Garposh,22.12392,84.43178,131,47700.0,91.5
638315,Sakthinagar,11.50491,77.57158999999999,131,85000.0,91.5
221718,Khandwa,26.05518,83.80835,131,50400.0,7.3
844111,Aniruddha Belsar,25.99585,85.21283,130,48400.0,65.2
844128,Vaishali,25.983055,85.132595,130,48200.0,65.2
208016,Iit,26.513625,80.233735,130,51500.0,7.3
560008,Ulsoor,12.9743,77.6186,130,129900.0,100.0
221508,Saidabad,25.402295,82.122985,130,53700.0,7.3
821302,Amjhore Camp,24.711865,83.995115,130,48500.0,91.5
800011,Dighaghat,25.64533,85.091335,130,48300.0,65.2
425311,Kurha,20.958625,75.78104,130,93200.0,39.0
425113,Bahadarpur,20.92402,75.01597,130,90700.0,39.0
451220,Karhi,22.324245,75.857455,130,62200.0,45.7
700013,Dharmatala,22.564285,88.35669,130,62100.0,91.5
700015,Tangra,22.55973,88.38741,130,61900.0,91.5
212404,Ghiya Ngr,25.50251,82.04887,130,53500.0,7.3
843104,Chandanpatti,25.902055,85.60413,130,48400.0,65.2
844504,Desari,25.668185,85.41099,130,48500.0,65.2
123023,123023,27.82675781009686,76.12838745117189,130,52500.0,
791119,Ranga Nadi Project,27.2863667,93.6187716,130,80500.0,91.5
845432,Rajpur,26.41895,84.881935,130,48300.0,65.2
221505,Hanumanganj,25.411855000000003,82.021415,130,53500.0,7.3
500001,Hyderabad G.P.O.,17.39097,78.47216,130,64100.0,7.3
845418,Dhaka,26.693475,85.146255,130,48100.0,65.2
643205,Cherambadi,11.51138,76.270925,130,56000.0,91.5
800012,Digha,25.67421,85.074705,130,48400.0,65.2
212502,Soraon,25.61023,81.87269,130,53200.0,7.3
844505,Jhandaha,25.71854,85.54199,130,48200.0,65.2
277123,Ratsar,25.8942,84.030365,130,48900.0,7.3
643201,Aravenu,11.37598,76.880515,130,75300.0,91.5
221716,Kidihirapur,26.0443,83.72726,130,50400.0,7.3
176041,"Hamirpur, Himachal Pradesh",31.6539866,76.5403633,130,69100.0,91.5
412213,Nasrapur,18.270445,73.790575,130,126200.0,39.0
211007,Agriculture Institute,25.3995,81.827655,130,52800.0,7.3
410403,Kaivalyadham,18.773055,73.42267000000001,130,68200.0,39.0
843110,Kumar Bajitpur,25.79799,85.565015,130,48400.0,65.2
845416,Damodarpur,26.499265,84.97698,130,48500.0,65.2
844502,Bidupur Rs,25.69297,85.30833000000001,130,48300.0,65.2
403529,Bicholim Industrial Estate,15.6038925,73.9967006,130,106900.0,43.9
211008,Naini,25.37721,81.876165,130,52700.0,7.3
845304,Kundwa Chainpur,26.751755000000003,85.212965,130,48100.0,65.2
410402,Ins Shivaji Lonavale,18.718605,73.37819999999999,130,68500.0,39.0
845315,Bhelwa Circle,26.760855,85.059865,130,48400.0,65.2
303108,Jagdishpura,27.736430825759445,76.12838745117189,130,91100.0,
844117,Dharhara,25.781905,85.22345999999999,130,48300.0,65.2
301412,Harsora,27.783035,76.401945,130,79600.0,91.5
415805,Jaitapur,16.60114,73.35248,130,92800.0,39.0
844119,Ghataro,25.809695,85.19325,130,48200.0,65.2
600025,Engineering College,13.012625,80.23778999999999,130,57100.0,91.5
821113,Takia Bazar,24.97747,83.98629500000001,130,48300.0,91.5
845413,Bakarpur Jagat,26.44961,84.92687,130,48300.0,65.2
281406,Chaumuhan,27.633333,77.583333,130,54500.0,13.4
451225,Piplya Buzurg,22.228875,75.87196,130,61300.0,45.7
221709,Garhmalpur,25.94901,83.95643000000001,130,49500.0,7.3
421302,Khoni,19.30660720441715,73.06594848632814,130,90600.0,10.4
638455,Kavindapadi,11.414915,77.570765,130,83600.0,91.5
821303,Banjari,24.680115,84.001385,130,48500.0,91.5
416702,Rajapur,16.611545,73.52019999999999,130,92500.0,39.0
843101,Bakhra,25.99996,85.07627,130,48200.0,65.2
212405,Ugrasen Pur,25.57328,82.19651999999999,130,53900.0,7.3
560021,Srirampuram,12.995435,77.562445,130,88400.0,100.0
271003,Bus Station S.O (Gonda),27.1103723,81.9238906,130,55000.0,7.3
560080,Sadashivanagar,13.01408,77.579705,130,89200.0,100.0
274001,Deoria,26.4239911,83.7638578,130,52200.0,7.3
209304,Sachendi,26.401825,80.1717,130,50800.0,7.3
416221,Walwa Bk,16.493045000000002,74.18573,130,88200.0,39.0
638462,Vemandampalayam,11.3509,77.242185,130,86600.0,91.5
271855,Mihinpurwa,28.076785,81.33666,130,55900.0,7.3
700069,Esplanade,22.563875,88.34931499999999,130,61800.0,91.5
843126,Saraiya Factory,26.043135,85.162515,130,48400.0,65.2
700022,Hastings,22.54505,88.32957,130,61800.0,91.5
416807,Tirlot,16.502805000000002,73.39631,130,96700.0,39.0
323601,Ishwarnagar,25.308399264926447,75.931025434249,130,45900.0,0.0
212402,Phoolpur,25.57766,82.11405500000001,130,53700.0,7.3
700078,Haltu,22.50515,88.389965,130,61800.0,91.5
844507,Mahnar Road Rs,25.6776,85.491525,130,48300.0,65.2
431113,Bharadi,20.40128,75.49162000000001,130,103500.0,39.0
841420,Rajapatti,26.214825,84.80052,130,48300.0,65.2
212507,Mau Aima,25.7068,81.91196,130,53100.0,7.3
844121,Lalganj,25.8699,85.16393500000001,130,48200.0,65.2
843321,Katra,26.21957,85.644735,130,48400.0,65.2
211010,T S L,25.347305,81.89904000000001,130,53300.0,7.3
301416,Rampur,27.60828,76.420805,130,80600.0,91.5
123411,Kanwali,28.31053916983876,76.40282902302272,130,54100.0,0.0
841409,Dighwdubauli,26.296935,84.75359499999999,130,48400.0,65.2
700027,Mominpur,22.524075,88.32812000000001,130,61800.0,91.5
845415,Chiraiya,26.691995,85.062095,130,48300.0,65.2
123501,Bawal,28.11912198708812,76.54298030095654,130,83100.0,0.0
600083,Ashoknagar,13.035485,80.20818,130,58000.0,91.5
643239,Konnachal,11.557525,76.28678500000001,130,55700.0,91.5
845303,Ghora Sahan,26.828655,85.10835,130,48300.0,65.2
425107,Chopda,21.28356,75.32563999999999,130,88500.0,39.0
303804,Etwa Bhopji,27.28841,75.742715,130,71700.0,91.5
643253,Kolapalli,11.53605,76.32737,130,56700.0,91.5
638506,Thuckanaickenpalayam,11.4905282,77.3505274,130,110800.0,91.5
844123,Prataptand,25.882675,85.23335,130,48300.0,65.2
845428,Pakari Dayal,26.567685,85.085375,130,48200.0,65.2
844509,Sahdei Buzurg,25.668345,85.453255,130,48400.0,65.2
122005,Air Force,28.487425,77.04354000000001,130,107000.0,11.0
844118,Goraul,25.929515,85.328235,130,48500.0,65.2
700095,Golf Green,22.496445,88.35893999999999,130,61700.0,91.5
600113,TTTI Taramani,12.990975,80.242865,130,57500.0,91.5
416206,Gaganbavada,16.57701,73.91827,130,89700.0,39.0
212303,Meja Road,25.189625,82.13901,130,54200.0,7.3
127029,Kairu,28.7328101,75.8928296,130,85000.0,13.1
700033,Tollygunge,22.49916,88.35081,130,61800.0,91.5
844113,Balukaram,25.93837,85.14920000000001,130,48200.0,65.2
277121,Garwar,25.82861,84.043105,130,48800.0,7.3
643220,Mangorange,11.493235,76.30345,130,56700.0,91.5
277207,Maniar,25.999905,84.175545,130,48400.0,7.3
700021,Fort William,22.55757,88.339015,130,61800.0,91.5
211015,Subedarganj,25.423485,81.778445,130,52600.0,7.3
212109,Sikandra,25.617565,81.986585,130,53300.0,7.3
801105,Khagaul,25.576915,85.034715,129,48200.0,65.2
416311,Savlaj,17.16194,74.80137500000001,129,102000.0,39.0
801108,Maner,25.678895,84.915675,129,48200.0,65.2
201310,Knowledge Park-I,28.47106,77.53482,129,46200.0,7.3
416517,Redi,15.74462,73.67703499999999,129,107800.0,39.0
844503,Bidupur Bazar,25.62074,85.34619,129,47900.0,65.2
700085,K.G Bose Sarani,22.567680000000003,88.38349500000001,129,61000.0,91.5
272203,Naugarh,27.319885,83.099175,129,52600.0,7.3
451115,Barwaha,22.367205,76.072295,129,61700.0,45.7
845424,Kesharia,26.34094,84.85826,129,48200.0,65.2
415309,Lengare,17.34228,74.639005,129,103800.0,39.0
803213,Barh,25.413795,85.70446,129,47900.0,65.2
800025,Ashiananagar,25.62415,85.0805,129,48300.0,65.2
301410,Tehla,27.229295,76.400095,129,68800.0,91.5
272205,Shoharatgarh,27.385595,82.95780500000001,129,53400.0,7.3
277219,Kheosar,25.924595,84.26075,129,48200.0,7.3
700032,Jadavpur University,22.49326,88.373875,129,61300.0,91.5
121008,Faridabad Sector 29,28.433335,77.31762,129,117400.0,11.0
700023,Khiddirpore,22.53694,88.322885,129,61100.0,91.5
801505,Phulwarisharif,25.533535,85.052445,129,48100.0,65.2
700053,New Alipore,22.504525,88.328405,129,60700.0,91.5
272191,Hallaur,27.159875,82.609665,129,54000.0,7.3
272154,Dharamsinghwa,27.085885,83.102255,129,52600.0,7.3
801113,Neora,25.577915,84.986245,129,48200.0,65.2
508245,Marriguda,17.00754,78.85226,129,75000.0,7.3
272207,Tetari Bazar,27.267545,83.06006,129,53200.0,7.3
700075,Santoshpur,22.4935,88.38647,129,60900.0,91.5
574109,Naravi,13.12424,75.17442,129,62000.0,100.0
801503,Danapur Cantt,25.651105,85.015895,129,48300.0,65.2
416513,Aronda,15.7488,73.722845,129,106900.0,39.0
272189,Domariaganj,27.20587,82.6164,129,54000.0,7.3
800010,Sadaquat Ashram,25.640215,85.11409499999999,129,47900.0,65.2
209214,Bidhnoo,26.32635,80.24398,129,50600.0,7.3
416801,Talera,16.458750000000002,73.64736500000001,129,99200.0,39.0
221601,Dubari,26.22148,83.72904,129,50100.0,7.3
821312,Tilouthu,24.79586,84.070945,129,47700.0,91.5
643216,Kil Kotagiri,11.45636,77.00284500000001,129,77800.0,91.5
800024,Keshari Nagar,25.627565,85.09624,129,48300.0,65.2
643241,Uppatti,11.519885,76.36270999999999,129,57500.0,91.5
638314,Olagadam,11.59243,77.65632,129,76100.0,91.5
500057,Vijay Nagar Colony,17.39449,78.454965,129,62700.0,7.3
272175,Khalilabad,26.755082,83.0398545,129,51900.0,7.3
643218,Kullakamby,11.266865,76.773315,129,73200.0,91.5
272195,Bayara,27.12063,82.534965,129,54100.0,7.3
700062,W.B.Governors Camp.,22.56632,88.347185,129,61200.0,91.5
301027,Pratap Garh,27.251665,76.224305,129,62700.0,91.5
425420,Amalgaon,21.14217,75.122375,129,88600.0,39.0
416507,Karve,15.86291,74.31738,129,98400.0,39.0
277202,Bansdih,25.876345,84.21031500000001,129,48200.0,7.3
845427,Pachpakari,26.613055000000003,85.232095,129,47800.0,65.2
342314,Dechu,26.832245,72.24832,129,53800.0,91.5
227409,Gauriganj,26.211585,81.66761,129,54300.0,7.3
845457,Patahi,26.582125,85.16287,129,47900.0,65.2
643223,Masinagudi,11.538995,76.733575,129,72700.0,91.5
844103,Anzanpeer Chok,25.742985,85.20375,129,47900.0,65.2
451331,Bhikangaon,21.90434,75.96855,129,55200.0,45.7
486889,Singrauli Colliery,24.20932,82.69124500000001,129,52200.0,45.7
800014,B.V. College,25.603905,85.08517499999999,129,48200.0,65.2
600036,Indian Institute Of Technology,12.994945,80.233355,129,55400.0,91.5
272204,Udairajganj,27.316925,82.99718999999999,129,53400.0,7.3
416806,Vijaydurg,16.51305,73.34203,129,95200.0,39.0
272152,Daldala,27.09951,82.993945,129,52900.0,7.3
425302,Sakali,21.24899,75.57696999999999,129,84300.0,39.0
412211,Nhavare,18.60329,74.410375,129,121000.0,39.0
574214,Belthangady,13.04482,75.32423499999999,129,63100.0,100.0
574240,Ujire,12.960875,75.33615,129,63100.0,100.0
574228,Mundaje,13.046335,75.43470500000001,129,63000.0,100.0
415519,Nagthane,17.562855,74.03733,129,106200.0,39.0
272153,Bansi,27.152895,82.87567,129,53600.0,7.3
424102,Patonda,20.51947,75.097805,129,103500.0,39.0
272193,Bhanwapur,27.26727,82.63988499999999,129,54000.0,7.3
700012,Bowbazar,22.568105000000003,88.359385,129,61500.0,91.5
272208,Uska Bazar,27.232875,83.109695,129,52800.0,7.3
643207,Devarshola,11.53541,76.4302,129,58800.0,91.5
272201,Barhni,27.44752,82.84213,129,53500.0,7.3
700072,Princep Street,22.566955,88.35393,129,61500.0,91.5
643233,Pandalur,11.47768,76.339365,129,57400.0,91.5
600015,Saidapet,13.019794999999998,80.22411,129,55500.0,91.5
228141,Jaisinghpur S.O (Sultanpur),26.2604732,82.2380532,129,53900.0,91.5
425303,Adavad,21.2719,75.462625,129,84400.0,39.0
643225,Nellakotta,11.524665,76.39748,129,58100.0,91.5
226001,Lucknow G.P.O.,26.8312463,80.9174154,129,62800.0,91.5
415013,Parali,17.619635000000002,73.821245,129,114700.0,39.0
415001,Satara,17.693115,74.009275,129,113000.0,39.0
845414,Chaita,26.534840000000003,85.10129,129,48100.0,65.2
274305,Ramkola,26.9242612,83.8324465,129,51900.0,7.3
110022,R K Puram Sect-5,28.56351,77.17525499999999,129,150100.0,53.0
638312,Jambai,11.49618,77.636145,129,80000.0,91.5
574217,Guruvayanakere,13.014575,75.23394,129,62800.0,100.0
801103,Bihta,25.566795,84.955345,129,48200.0,65.2
800006,Mahendru,25.613455,85.17892,129,47900.0,65.2
643238,Nonsuch,11.30555,76.80031,129,74200.0,91.5
209217,Mandhana,26.574605,80.23231000000001,129,51000.0,7.3
415523,Phaltan,17.949265,74.50422,129,123900.0,39.0
638460,Savakattupalayam,11.30705,77.28102,129,84100.0,91.5
638055,Tingalur,11.33953,77.489705,129,83100.0,91.5
574325,Nekkilady,12.8193,75.20143,129,66600.0,100.0
643240,Bitherkad,11.6068,76.39857,129,57300.0,91.5
110048,Greater Kailash,28.543,77.24,129,124000.0,100.0
800004,Bankipore,25.62219,85.15897000000001,129,47900.0,65.2
271129,Chandapur,26.92775,82.13325499999999,128,54200.0,7.3
274508,Pindi,26.14783,83.98288500000001,128,48700.0,7.3
574253,Mani,12.833975,75.13824500000001,128,63500.0,100.0
560109,Thalaghattapura,12.86359,77.52537000000001,128,91500.0,100.0
574142,Bajpe,12.97442,74.87919,128,59600.0,100.0
574242,Venur,13.02905,75.14552,128,62000.0,100.0
700041,Paschim Putiari,22.481915,88.33888,128,59500.0,91.5
334401,Udai Ramsar,27.914011740278564,73.27606201171876,128,48800.0,0.6
322255,Kurgaon,26.435255,76.80685,128,45800.0,91.5
643103,Pasteur Institute,11.37728,76.82310000000001,128,74400.0,91.5
574324,Vamadapadavu,12.952535,75.094215,128,61900.0,100.0
803201,Fatwa,25.486805,85.279465,128,47600.0,65.2
844101,Hajipur,25.68632,85.213955,128,47700.0,65.2
803212,Bakhtiyarpur,25.46353,85.544445,128,47700.0,65.2
821107,Kargahar,25.139435,83.92278999999999,128,47700.0,91.5
416703,Kharepatan,16.551470000000002,73.643955,128,93200.0,39.0
845426,Mehsi,26.35594,85.08120500000001,128,47500.0,65.2
574237,Siddakatte,12.99766,75.073095,128,61400.0,100.0
271309,D.P.Ghat,26.857035,82.04366999999999,128,54300.0,7.3
574509,Permude,13.013265,74.87399500000001,128,59600.0,100.0
575030,Katipalla,13.003865,74.835295,128,59300.0,100.0
507157,Palair,17.189709999999998,79.91387,128,63200.0,7.3
845406,Rajepur Champaran,26.340165,85.21826,128,47400.0,65.2
574141,Aikala,13.073595,74.87548,128,59500.0,100.0
800027,New Jaganpura,25.577115,85.149685,128,47700.0,65.2
271319,Pure Shivdayal Ganj,26.858220000000003,82.21005500000001,128,54300.0,7.3
301409,Reni,27.138935,76.72936,128,54800.0,91.5
332709,Khandela,27.61371,75.513635,128,69300.0,91.5
643226,Newhope,11.408415,76.48610500000001,128,61100.0,91.5
560054,Msrit,13.033025,77.55713499999999,128,86400.0,100.0
574274,Kallamundkur,13.066855,74.91261,128,59800.0,100.0
271313,Babhnan Sugar Factory,26.9539,82.50892,128,54300.0,7.3
800007,Gulzarbagh,25.555855,85.193705,128,47600.0,65.2
122007,Industrial Estate,28.474265,77.051185,128,102100.0,11.0
574201,Puttur,12.761795,75.206075,128,63800.0,100.0
574211,Bantval,12.913775,75.080445,128,61800.0,100.0
574224,Madanthyar,12.94407,75.21297999999999,128,63400.0,100.0
803202,Khushrupur,25.45504,85.43811,128,47700.0,65.2
700047,Naktala,22.476325,88.36839,128,59600.0,91.5
804453,Punpun,25.47211,85.09050500000001,128,47600.0,65.2
803211,Athmalgola,25.442015,85.61403999999999,128,47700.0,65.2
574267,Badagayedapadavu,13.01066,74.97116,128,60400.0,100.0
800001,Patna G.P.O.,25.61169,85.12812,128,47800.0,65.2
800002,Anisabad,25.57774,85.09722500000001,128,47700.0,65.2
274702,Bhatpar Rani,26.308285,84.06260499999999,128,48700.0,7.3
271304,Nawabganj S F,26.88881,82.16769,128,54200.0,7.3
212301,Karchhana,25.23972,81.925145,128,51900.0,7.3
574216,Dharmasthala,12.965065,75.441665,128,62000.0,100.0
800008,Patna City,25.58774,85.234195,128,47900.0,65.2
277503,Phehpana,25.768365,84.031255,128,48100.0,7.3
121002,Faridabad Sector 16a,28.428545,77.37264,128,114200.0,11.0
451111,Sanawad,22.102235,76.06985,128,56300.0,45.7
574144,Ganjimat,12.996495,74.948475,128,60200.0,100.0
700043,South Eastern Railway,22.543645,88.315265,128,59800.0,91.5
274602,Bhagalpur,26.155975,83.891885,128,48800.0,7.3
574213,Belvai,13.12013,75.015565,128,60400.0,100.0
342305,Mathania,26.529195,73.03553,128,58400.0,91.5
821111,Sheosagar,25.005565,83.89877,128,48000.0,91.5
574203,Nehrunagar,12.76599,75.207355,128,64100.0,100.0
560045,Arabic College,13.03337,77.61329,128,87800.0,100.0
D400421,"Jaunpur, Uttar Pradesh · D400421",25.7967065,82.4888992,128,53500.0,91.5
800016,Rajendra Nagar,25.608485,85.16248,128,47900.0,65.2
643214,Kattabettu,11.42072,76.81117499999999,128,74500.0,91.5
274502,Lar,26.215875,83.94997000000001,128,48800.0,7.3
700001,Kolkatta G.P.O.,22.57511,88.34708,128,59700.0,91.5
802211,Babhnaul,25.330635,84.179735,128,47700.0,65.2
415806,Nata,16.658565,73.365825,128,89500.0,39.0
209401,Narwal,26.234805,80.382425,128,50200.0,7.3
574241,Uppinangady,12.816669999999998,75.26212000000001,128,65900.0,100.0
574326,Kalleri,12.876785,75.24656,128,65100.0,100.0
271305,Maskanwa Rs,27.002455,82.409905,128,54000.0,7.3
272202,Birdpur,27.396155,83.12266500000001,128,52500.0,7.3
425304,Bhalod,21.168035,75.727215,128,84000.0,39.0
844102,Hajipur Ind.Area,25.67534,85.242025,128,47800.0,65.2
844501,Basudeopur Chandel,25.663805,85.562775,128,47700.0,65.2
575014,Surathkal,12.992795,74.80762999999999,128,59200.0,100.0
277210,Chhata,25.83498,84.244835,128,47600.0,7.3
700040,Regent Park,22.48352,88.35316,128,60200.0,91.5
700009,Raja Ram Mohan Sarani,22.575745,88.37192999999999,128,60200.0,91.5
274703,Paratappur,26.31869,84.15421,128,48400.0,7.3
700086,Baghajatin,22.480115,88.38184,128,59800.0,91.5
574233,Punjalkatte,12.934865,75.16825,128,63100.0,100.0
638116,Kanjikovil,11.364435,77.585215,128,80600.0,91.5
700038,Sahapur,22.50593,88.32459,128,60400.0,91.5
277203,Bansdih Road,25.79409,84.200295,128,47600.0,7.3
844506,Mahnar,25.578105,85.51204,128,47500.0,65.2
271805,Shravasti,27.5027,82.03076,128,54000.0,7.3
700099,Mukundapur,22.493615,88.40255,128,60000.0,91.5
284304,Samthar,25.8707,78.93408,128,56900.0,7.3
221105,Harhua,25.39226,82.89739,128,55100.0,7.3
271845,Ikauna,27.502755,81.95897500000001,128,54200.0,7.3
332711,Maonda RS,27.82799,75.842115,128,70700.0,91.5
575025,Srinivasnagar,13.013565,74.80041,128,59200.0,100.0
274704,Bankata,26.27279,84.088455,128,48500.0,7.3
271303,Nawabganj,26.840365,82.137585,128,54200.0,7.3
431118,Phardapur,20.59718,75.74137999999999,128,99900.0,39.0
D334849,"Balrampur, Uttar Pradesh · D334849",27.4476988,82.3956245,128,54200.0,91.5
600022,Rajbhavan,13.00211,80.22831500000001,128,54200.0,91.5
574236,Shirthady,13.09344,75.088995,128,61200.0,100.0
600042,Velacheri,12.980250000000002,80.2208,128,54400.0,91.5
303602,Badhal,27.278945,75.48999,128,62800.0,91.5
700092,Regent Estate,22.48422,88.369605,128,60400.0,91.5
574265,Vogga,12.912295,75.12188499999999,128,62600.0,100.0
342306,Teori,26.57721,72.7791,128,57200.0,91.5
845412,Bara Chakia,26.4338,85.03933,128,47600.0,65.2
271840,Sirsia,27.77996,82.00018,128,54100.0,7.3
800013,Patliputra,25.625985,85.107695,128,47900.0,65.2
281403,Kosi Kalan,27.810535,77.37458000000001,128,90600.0,7.3
212307,Khain,25.26966,82.03048,128,52600.0,7.3
221701,Chilkahar,25.82132,83.981005,128,48400.0,7.3
574225,Mijar,13.03696,74.9624,128,60200.0,100.0
574227,Moodbidri,13.04914,74.97621000000001,128,60300.0,100.0
271124,Wazeerganj,26.965915000000003,82.123175,128,54100.0,7.3
700010,Beleghata,22.56458,88.397985,128,60500.0,91.5
638501,Anthiyur,11.739735,77.55712,128,75000.0,91.5
271831,Bhinga,27.711975,81.93664000000001,128,54200.0,7.3
415003,Sangamnagar Satara,17.704765000000002,74.060925,128,109500.0,39.0
638461,Talavadi,11.69009,76.98111499999999,128,71200.0,91.5
800020,Lohia Nagar,25.593625,85.156955,128,47800.0,65.2
574197,Kodangallu,13.04732,75.06201999999999,128,61100.0,100.0
574146,Haleangady,13.040475,74.809625,128,59200.0,100.0
574148,Kateel,13.04552,74.87326,128,59600.0,100.0
574151,Kinnikambla,12.965415,74.932075,128,60000.0,100.0
643211,Gudalur Nilgiris,11.57218,76.50643,128,58900.0,91.5
431147,Chincholi Limbaji,20.37818,75.31863,128,100600.0,39.0
821308,Indrapuri,24.85451,84.13483,128,47600.0,91.5
272206,Sheopatinagar,27.35054,83.19522,128,52000.0,7.3
643101,Coonoor,11.34998,76.80967,128,74100.0,91.5
574150,Kinnigoli,13.065155,74.850135,128,59400.0,100.0
803221,Pandarak,25.478895,85.839495,128,47500.0,65.2
425401,Amalner,21.06079,75.03697,128,87800.0,39.0
700011,Narkeldanga,22.57597,88.380095,128,59900.0,91.5
800026,B.H.Colony,25.593535,85.17699,128,47800.0,65.2
212503,Holagarh,25.657125,81.76446,128,52600.0,7.3
700073,Chittaranjan Avenue,22.576695,88.36053,128,60000.0,91.5
800009,Begampur,25.556885,85.236245,128,47700.0,65.2
800003,Kadamkuan,25.609735,85.151965,128,47900.0,65.2
643212,Gudalur Bazaar,11.57824,76.51052999999999,128,58900.0,91.5
821305,Dalmianagar,24.93775,84.13028,128,47500.0,91.5
821104,Chenari,24.925305,83.812805,128,47800.0,91.5
643221,Melur Nilgiris,11.27609,76.69827000000001,128,72600.0,91.5
803303,Mokamaghat,25.395085,85.95701500000001,128,47500.0,65.2
574229,Nellyadi,12.828634999999998,75.473735,127,59900.0,100.0
638316,Vasavi College,11.43644,77.659205,127,77900.0,91.5
221712,Rasra,25.848275,83.846755,127,48300.0,7.3
507163,Tirumalayapalem,17.2987,80.014735,127,61500.0,7.3
271603,Srinagar,27.26994,82.224625,127,53600.0,7.3
274603,Gaura Jai Nagar,26.314785,83.68937,127,49900.0,7.3
574198,Kokkada,12.90037,75.44720000000001,127,61200.0,100.0
575007,Padil,12.86955,74.90502000000001,127,59500.0,100.0
845436,Tetaria Factory,26.406195,85.20619500000001,127,47300.0,65.2
575005,Kulshekar,12.884495,74.877195,127,59300.0,100.0
271002,Bargaon,27.17369,81.99242000000001,127,53700.0,7.3
638102,Chittode,11.390335,77.65182,127,77400.0,91.5
421203,Dombivali I.A.,19.204375,73.10922,127,66500.0,39.0
322215,Nadoti,26.68852,76.646845,127,49300.0,91.5
643206,Denaducombai,11.481055,76.74474000000001,127,73500.0,91.5
804454,Nadaul,25.298855,84.99004,127,47300.0,65.2
574154,Mulki,13.09638,74.81754000000001,127,59000.0,100.0
574219,Jodumarga,12.912275,74.994755,127,60600.0,100.0
416707,Adivare,16.716715,73.361965,127,86300.0,39.0
212111,Dandupur,25.335815,81.83267000000001,127,51300.0,7.3
517588,Satyavedu,13.42657,79.917835,127,75100.0,91.5
575010,Panambur,12.920195,74.81873,127,59100.0,100.0
271307,Sadullanagar,27.10711,82.422175,127,53500.0,7.3
575004,Bijai,12.89069,74.84969000000001,127,59200.0,100.0
342037,Lavera Baori,26.575845,73.17275000000001,127,56000.0,91.5
638311,Ammapettai,11.587975,77.723955,127,72500.0,91.5
271202,Intyathok,27.264455,82.03331,127,53800.0,7.3
211012,Bamrauli,25.403275,81.739285,127,51200.0,7.3
274701,Bhatni,26.37975,83.93563499999999,127,49200.0,7.3
575008,Konchady,12.915925,74.86706000000001,127,59400.0,100.0
575018,Derlakatte,12.799075,74.91108,127,59000.0,100.0
508374,Madgulapally,17.02742,79.491055,127,65400.0,7.3
508376,Tekumatla,17.184269999999998,79.5716,127,65900.0,7.3
575002,Kankanady,12.86314,74.86359999999999,127,59100.0,100.0
212302,Meja,25.11557,82.099805,127,52500.0,7.3
574222,Kalladka,12.825735,75.05696,127,61100.0,100.0
575019,Kulai,12.9696,74.81017,127,59200.0,100.0
575020,Ullal,12.82207,74.84522000000001,127,58800.0,100.0
274208,Saraon,26.43304,83.51989,127,50400.0,7.3
643237,Sandynallah,11.47783,76.644405,127,72300.0,91.5
575016,Shakthinagar,12.899755,74.875055,127,59400.0,100.0
575013,Kulur,12.89191,74.83081,127,59100.0,100.0
274604,Paina,26.251600000000003,83.81337500000001,127,49200.0,7.3
802213,Dinara,25.24919,84.038505,127,47100.0,65.2
802217,Meari Bazar,25.039505,84.12295,127,47200.0,65.2
274201,Baitalpur,26.576595,83.713885,127,50200.0,7.3
821112,Kochas,25.237455,83.919195,127,48100.0,91.5
575001,Mangalore,12.86004,74.84250499999999,127,59000.0,100.0
500069,R.C.Imarat,17.25305,78.495525,127,62200.0,7.3
575003,Kodiyalbail,12.88048,74.83765,127,59100.0,100.0
575017,Permannur,12.835655,74.88030499999999,127,59100.0,100.0
574226,Mithabail,13.110435,74.937015,127,59700.0,100.0
643213,Katary,11.3255,76.73479,127,73800.0,91.5
574143,Farangipet,12.8797,74.969275,127,60200.0,100.0
574323,Manchi,12.796295,75.02527,127,60200.0,100.0
802215,Garh Nokha,25.108095,84.04359,127,47200.0,65.2
275105,Jamal Mirja Pur,26.08771,83.56974500000001,127,49600.0,7.3
271403,Tarabganj,26.897745,81.96525,127,54100.0,7.3
271301,Motiganj,27.11009,82.127225,127,53800.0,7.3
271312,Gaura Chawki,27.034295,82.555515,127,53600.0,7.3
574202,Darbe,12.753855,75.28429,127,62200.0,100.0
643219,Kundah Bridge,11.24456,76.568825,127,60600.0,91.5
643231,Wellington,11.370445,76.7919,127,74100.0,91.5
411042,Swargate,18.50537,73.866685,127,86800.0,39.0
301413,Garhi Sawai Ram,27.24104,76.79737,127,55200.0,91.5
508217,Vemulapally,16.96104,79.52725000000001,127,64800.0,7.3
508221,Noothankal,17.352815,79.72953,127,62900.0,7.3
844508,Raghopur,25.55209,85.40822,127,47400.0,65.2
274202,Gauri Bazar,26.59103,83.67314999999999,127,50500.0,7.3
828401,Gomoh,23.868745,86.12805,127,47000.0,91.5
508224,Arvapally,17.29552,79.588645,127,64700.0,7.3
508212,Sirikonda,17.21783,79.78044,127,62800.0,7.3
508250,Chinthapalli,16.861775,78.82418999999999,127,71400.0,7.3
508373,Nampalli,16.840995,78.921055,127,69700.0,7.3
575028,Vamanjoor,12.916255,74.89818,127,59600.0,100.0
415004,MIDC Satara,17.6328,74.079745,127,103900.0,39.0
801111,Sadisopur,25.556445,84.927065,127,47400.0,65.2
221107,Lohta,25.322615,82.917395,127,54300.0,7.3
303120,Gathwadi,27.24383,76.05885,127,61300.0,91.5
700034,Behala,22.49651,88.31855,127,59300.0,91.5
332721,Gurara,27.61407,75.418635,127,66800.0,91.5
274807,Sant Vinoba Marg,26.47569,83.843475,127,50200.0,7.3
638103,Kunnathur,11.266835,77.40274500000001,127,82500.0,91.5
424119,C.T. Mill Road,20.456865,74.96664999999999,127,100200.0,39.0
400005,Colaba,18.907,72.815,127,119600.0,16.5
274205,Madanpur,26.37873,83.64769000000001,127,50200.0,7.3
272199,Bakhira,26.91012,83.064845,127,51300.0,7.3
274509,Salaempur,26.301485,83.937065,127,49000.0,7.3
221002,Varanasi Cantt,25.34624,82.993065,127,54300.0,7.3
575006,Ashoknagar,12.900325,74.836575,127,59100.0,100.0
643224,Naduvattam,11.469755,76.54493500000001,127,62800.0,91.5
575011,Baikampady,12.958695,74.82896,127,59300.0,100.0
574231,Panemangalore,12.867450000000002,75.037585,127,61000.0,100.0
700082,Haridevpur,22.47682,88.33288,127,58900.0,91.5
700094,Panchasayar,22.476405,88.39926,127,58900.0,91.5
575015,Kavur,12.92978,74.853065,127,59300.0,100.0
507170,Tallampahad,17.218065000000003,80.03450000000001,127,61000.0,7.3
416511,Banda,15.80429,73.93618000000001,127,103900.0,39.0
387340,Mahisa,22.852915000000003,73.04807,127,66700.0,91.5
845430,Phenhara,26.525645,85.17039500000001,127,47400.0,65.2
424206,Jamner,20.79884,75.78043,127,94800.0,39.0
229412,Atrampur,25.54831,81.72191000000001,127,51800.0,7.3
508207,Miryalguda,16.87191,79.56069,127,64500.0,7.3
271209,Jaiprabha Gram,27.35573,82.095535,127,53700.0,7.3
274408,Tarkulwa,26.64304,83.91757,127,49700.0,7.3
272271,Menhdawal,26.94911,83.14694,127,51300.0,7.3
425108,Akulkheda,21.285025,75.136345,127,83700.0,39.0
425111,Parola,20.851865,75.10284999999999,127,93700.0,39.0
221208,Sindhora,25.51835,82.906815,127,53700.0,7.3
272270,Santha,26.985275,83.04508,127,51500.0,7.3
274404,Patherdewa,26.570300000000003,83.94835499999999,127,49700.0,7.3
275306,Koiria Par,26.03103,83.46187499999999,127,49700.0,7.3
574285,Alankar,12.772545,75.37045,127,60700.0,100.0
700107,Madurdaha,22.540055,88.431565,127,58800.0,91.5
508213,Suryapet,17.150280000000002,79.620535,127,65300.0,7.3
475002,Behat,26.095765,78.52449,127,54900.0,45.7
821301,Akorhi Bazar,24.99058,84.17447,127,47000.0,91.5
822123,"Palamu, Jharkhand",24.2212983,84.1725565,127,46800.0,91.5
275301,Amila,26.15569,83.490445,127,49900.0,7.3
507159,Kusumanchi,17.19691,79.94468499999999,127,62700.0,7.3
415307,Khanapur,17.26959,74.76471000000001,127,101500.0,39.0
221007,Sarnath,25.37345,83.00692000000001,127,54100.0,7.3
560094,R.M.V. Extension II Stage,13.03714,77.57244,127,84400.0,100.0
271302,Mankapur Bazar,27.084725,82.25760500000001,127,53800.0,7.3
221202,Mangari,25.450595,82.91684000000001,127,54100.0,7.3
263145,"Udham Singh Nagar, Uttarakand",29.0478314,79.4326164,127,63500.0,13.4
275304,Ghosi,26.142695,83.54149000000001,127,49900.0,7.3
274601,Barhaj,26.310745,83.78567000000001,127,49900.0,7.3
845420,Gulwara Madhuban,26.44831,85.13442,127,47400.0,65.2
803214,Barh Rs,25.38235,85.735705,127,47300.0,65.2
507183,Pindipolu,17.357390000000002,79.97817,127,62100.0,7.3
801104,Bikram,25.43275,84.845045,127,47400.0,65.2
803306,Samyagarh,25.365965,85.813135,127,47400.0,65.2
803307,Bhadaur,25.333875,85.77466,127,47300.0,65.2
700060,Parnasree Pally,22.504985,88.30420000000001,127,58500.0,91.5
274182,Bhaluani,26.368985,83.757365,127,50400.0,7.3
277506,Sagarpali,25.76669,84.07781,127,47700.0,7.3
281203,Nauhjhil,27.89407,77.61,127,87900.0,7.3
451770,Pansemal,21.66619,74.778355,127,72900.0,45.7
275303,Dohari  Ghat,26.2323,83.509995,127,50000.0,7.3
574199,Mangalagangothri,12.83192,74.93250499999999,127,59500.0,100.0
643102,Coonoor RS,11.349,76.795425,127,74000.0,91.5
424101,Chalisgaon,20.461035000000003,75.0065,127,100500.0,39.0
201005,Sahibabad,28.68256,77.361535,127,83300.0,7.3
638301,Bhavani,11.460025,77.689475,127,76500.0,91.5
575029,Pedamale,12.896755,74.92876000000001,127,59800.0,100.0
508258,Dindi Project,16.611975,78.791195,127,69500.0,7.3
643105,Ottupattarai,11.34895,76.77455499999999,127,73900.0,91.5
508280,Thungathurthi,17.42352,79.63389000000001,127,63500.0,7.3
801109,Naubatpur,25.47137,84.960305,127,47400.0,65.2
801112,Lai,25.493830000000003,84.808615,127,47400.0,65.2
638057,Tudupathi,11.3113,77.53409500000001,127,80400.0,91.5
700088,Brace Bridge,22.520805,88.30396999999999,127,58800.0,91.5
271401,Belser,26.958695,81.90140500000001,127,53900.0,7.3
221602,Maryad Pur.,26.1186,83.752145,127,49100.0,7.3
276405,Walid Pur,26.07637,83.39753999999999,127,49800.0,7.3
277001,Ballia,25.759500000000003,84.145685,127,47400.0,7.3
574153,Kurnad,12.816375,74.95963,127,59600.0,100.0
804451,Hazrat Sain,25.37329,85.147325,127,47300.0,65.2
227407,Bisesarganj,26.083335,81.809275,127,53000.0,7.3
803302,Mokama,25.37905,85.856235,127,47400.0,65.2
274204,Rudrapur,26.45971,83.65452,127,50500.0,7.3
274505,Lar Road,26.22846,83.89536,127,49000.0,7.3
271601,Bishunpur Bairiya,27.16431,82.05061,127,53700.0,7.3
263654,"Almora, Uttarakand",29.702651,79.4326318,127,63500.0,13.4
274405,Rampur,26.604415,83.81923,127,50100.0,7.3
274407,Tamkuhi,26.685155,84.171525,127,48600.0,7.3
271602,Dhaneypur,27.23049,82.15295499999999,127,53600.0,7.3
203200,"Gautam Buddha Nagar, Uttar Pradesh · 203200",28.368716,77.5970121,127,64300.0,21.3
274705,Ghanti,26.40677,84.00277,127,49100.0,7.3
274501,Khukhundoo,26.417340000000003,83.8583,127,50200.0,7.3
274401,Fazilnagar,26.68184,84.04772,127,49300.0,7.3
845437,Turkaulia,26.583333,84.833333,127,47200.0,65.2
271835,Gilaula,27.557995,81.82007,127,54200.0,7.3
322213,Gudhachandraji,26.79249,76.666515,127,49800.0,91.5
574145,Gurpur,12.92628,74.93539,127,60000.0,100.0
274808,Chakara Gosai,26.28808,83.88114999999999,127,49200.0,7.3
271310,Bankatwa Dehat,27.033605,82.07677000000001,127,53900.0,7.3
275302,Bhopaura,26.075925,83.4862,127,49800.0,7.3
D280408,"Azamgarh, Uttar Pradesh · D280408",26.023639,83.0293105,127,52100.0,91.5
700007,Barabazar,22.58407,88.35612,127,58600.0,91.5
221603,Madhu Ban,26.149115,83.67525499999999,127,49600.0,7.3
221713,Chitbaragaon,25.739575,83.97879,127,47800.0,7.3
D269102,"Mahrajganj, Uttar Pradesh",27.1837263,83.4917301,127,51100.0,91.5
700054,Kankurgachi,22.580995,88.391445,127,58900.0,91.5
110081,Kanjhawla,28.7379145,77.0100626,127,96700.0,53.0
274506,Majhauli Raj,26.290415000000003,83.97194999999999,127,48900.0,7.3
643202,Aruvankadu,11.37123,76.761485,126,74000.0,91.5
508248,Deverkonda,16.5806,78.99165500000001,126,67800.0,7.3
403524,Arambol,15.701905,73.71458000000001,126,103900.0,39.0
638459,Punjai Puliampatti,11.35348,77.11871,126,78700.0,91.5
303001,Andhi,27.060905,76.15732,126,57900.0,91.5
416713,Bhoo,16.74022,73.47873,126,84800.0,39.0
700008,Barisha,22.48044,88.31666,126,58300.0,91.5
387305,Alina,22.80706,73.047195,126,65900.0,91.5
803301,Hathidah,25.35728,85.997925,126,47100.0,65.2
212306,Koraon,24.9248,82.08843999999999,126,51900.0,7.3
277211,Sahatwar,25.816405000000003,84.311205,126,47100.0,7.3
221405,Hathi Bazar,25.346365,82.84407,126,53700.0,7.3
277209,Reoti,25.864165,84.398665,126,46900.0,7.3
451660,Thikari,22.047065,75.326545,126,63900.0,45.7
271503,Katra Bazar,27.24773,81.784,126,53700.0,7.3
274802,Raja Bazar Khadda,27.192915,83.88194999999999,126,49700.0,7.3
211001,Allahabad,25.4741716,81.8495397,126,51000.0,91.5
274801,Chhitauni,27.17556,83.94898,126,49600.0,7.3
275102,Indara,25.97644,83.626695,126,49300.0,7.3
221705,Haldharpur,25.954485,83.634975,126,49200.0,7.3
416309,Kundal,17.13508,74.41652500000001,126,96900.0,39.0
271207,Shivpura,27.70954,82.27772,126,53200.0,7.3
574230,Nettana,12.7638,75.56393,126,57900.0,100.0
272176,Ganpatganj,26.61225,83.073995,126,51700.0,7.3
600032,Guindy Industrial Estate,13.01279,80.20957,126,51100.0,91.5
508243,Kondamallepalli,16.692259999999997,79.050805,126,66100.0,7.3
221302,Gangapur,25.293775,82.87481,126,53600.0,7.3
275101,Mau,25.95111,83.556805,126,49300.0,7.3
221103,Manduadih,25.303795,82.96695500000001,126,53600.0,7.3
276306,Suraj Pur,26.20046,83.60343499999999,126,49300.0,7.3
274406,Seorahi,26.702225,84.24830499999999,126,48200.0,7.3
332027,Piprali,27.65321,75.290175,126,62900.0,91.5
638451,Bhavanisagar,11.50037,77.04898499999999,126,77300.0,91.5
271604,Utraula,27.298485,82.43205,126,53100.0,7.3
274149,Bodarwar,26.868705,83.631155,126,50300.0,7.3
274304,Padrauna,26.901995,83.98855,126,49500.0,7.3
271122,Kauria,27.258015,81.89409,126,53700.0,7.3
412106,Vadgaon,18.8638,73.53785500000001,126,61600.0,39.0
221106,Industrial Estate,25.29383,82.95985,126,53400.0,7.3
638504,Guruvareddiyur,11.70484,77.67908,126,71500.0,91.5
828306,Nawagarh,23.82815,86.217845,126,46600.0,91.5
274301,Captainganj,26.895685,83.719605,126,50300.0,7.3
274302,Dudhai,26.796645,84.13999,126,48500.0,7.3
223104,Khuthan,25.95387,82.557065,126,52700.0,7.3
643005,Indunagar,11.46181,76.66672,126,72900.0,91.5
508355,Wadapally,16.74398,79.62432,126,64300.0,7.3
212208,Manauri,25.4591,81.692745,126,50800.0,7.3
400018,Worli,19.0175,72.8169,126,118200.0,23.8
272172,Mahuli,26.6164,82.97554,126,52000.0,7.3
274403,Kushinagar,26.72221,83.90028,126,49900.0,7.3
844126,Singhara,25.7491703,85.3972164,126,46800.0,65.2
574328,Kaniyur,12.71958,75.392875,126,58800.0,100.0
221010,Mahmoorganj,25.3078,82.98769,126,53400.0,7.3
274303,Kath Kuiyan,26.81205,84.063805,126,49200.0,7.3
271607,Sriduttganj,27.332140000000003,82.29846,126,53100.0,7.3
271215,Purani Bazar Pachperwa,27.408055,82.63522499999999,126,52700.0,7.3
802219,Rajpur,25.073535,84.20255499999999,126,46800.0,65.2
801110,Paliganj,25.31316,84.80777499999999,126,47000.0,65.2
271306,Rehra Bazar,27.15689,82.30485,126,53400.0,7.3
641301,Mettupalayam,11.31027,76.94594000000001,126,72500.0,91.5
486885,Vindhyanagar,24.09579,82.67153,126,51300.0,45.7
224122,Akbarpur,26.4045941,82.6065154,126,54200.0,7.3
272165,Hainsar Bazar,26.48907,83.10079,126,51500.0,7.3
222175,Singramau,25.954275000000003,82.395985,126,52800.0,7.3
638005,Peria Agraharam,11.38989,77.70201,126,74800.0,91.5
271861,Mathura Bazar,27.559425,82.13713000000001,126,53200.0,7.3
801102,Belhauri,25.369545,84.87340499999999,126,47100.0,65.2
271609,Chamrupur,27.298405,82.304885,126,53100.0,7.3
274203,Hata,26.734695,83.733805,126,50300.0,7.3
643209,Emerald,11.30792,76.58696499999999,126,62800.0,91.5
271123,Khorasha,27.059705,81.992865,126,53700.0,7.3
274402,Kasia,26.768345,83.92043000000001,126,50000.0,7.3
700006,Beadon Street,22.587865,88.36398,126,58200.0,91.5
803203,Alawalpur,25.484415,85.211255,126,47100.0,65.2
638053,Perundurai Sanitorium,11.28849,77.5646,126,77400.0,91.5
281504,Radhakund,27.56894,77.56801,126,49700.0,7.3
322203,Narauli Dang,26.298445,76.60999,126,45200.0,91.5
274206,Hetimpur,26.713435,83.824235,126,50000.0,7.3
272162,Dhanghata,26.527575,82.952335,126,52300.0,7.3
201006,Chikamberpur,28.6935,77.34203,126,84300.0,7.3
574221,Kadaba,12.76156,75.4479,126,58900.0,100.0
223105,Soithakalan,26.102375,82.584915,126,52900.0,7.3
560034,Whitefield,12.969,77.75,126,119000.0,83.5
221006,Babatpur Ad,25.452395,82.86120500000001,126,53700.0,7.3
425201,Bhusawal,21.041110000000003,75.7904,126,83000.0,39.0
643007,Dr. Basuviah Nagar,11.45465,76.70553000000001,126,73500.0,91.5
271001,Gonda,27.12408,81.938215,126,53500.0,7.3
821307,Dehri-on-sone,24.88773,84.17381499999999,126,46900.0,91.5
271125,Balpur,27.125275,81.871815,126,53600.0,7.3
271126,B.B..Singh,27.125775,81.78939,126,53700.0,7.3
388235,Menpura,22.929725,73.320965,126,71200.0,91.5
224189,Deorhi,26.732955,81.945465,126,53500.0,7.3
224202,Bharatkund,26.65434,82.127565,126,53200.0,7.3
272164,Hariharpur,26.67246,83.052825,126,51400.0,7.3
825316,Kuju,23.693479,85.5215989,126,46500.0,91.5
271504,Paraspur,27.012035,81.766975,126,53800.0,7.3
271204,Khargoopur,27.35054,81.93951,126,53500.0,7.3
574210,Aryapu,12.70853,75.26744,126,60200.0,100.0
275307,Semari Jamal Pur,26.068135,83.65114,126,49400.0,7.3
276403,Mohammadabad Gohna,25.99585,83.42665,126,49500.0,7.3
508266,Pedavoora,16.673375,79.20753500000001,126,63900.0,7.3
271203,Jarwa,27.633985000000003,82.531695,126,53100.0,7.3
767022,Agalpur,21.025815,83.37671,126,46300.0,91.5
853204,Naugachia,25.398580000000003,87.180395,126,46700.0,65.2
274409,Tarya Sujan,26.674715,84.318825,126,47500.0,7.3
415019,Angapur Vandan,17.57931,74.132975,126,96400.0,39.0
121013,Sec-91,28.476285,77.3339,126,155300.0,11.0
221207,Kathiraon,25.5094,82.75113999999999,126,53500.0,7.3
221206,Pindra,25.502,82.828925,126,53600.0,7.3
828307,Nudkhurkee,23.796155,86.192905,126,46700.0,91.5
847224,Baboobarhi,26.3503076,86.2296424,126,46600.0,65.2
272173,Maghar,26.73552,83.09495000000001,126,51100.0,7.3
275305,Kopa Ganj,25.96447,83.551135,126,49400.0,7.3
804452,Mashaurhi,25.35016,85.010665,126,47200.0,65.2
271402,Begamganj,26.89802,81.79944499999999,126,54000.0,7.3
223102,Patti Narendra,26.05102,82.518855,126,52900.0,7.3
224133,Dabha Samer,26.741255,82.15938,126,53300.0,7.3
274207,Sukrauli,26.753545000000003,83.655675,126,50300.0,7.3
425402,Marwad,21.16107,75.020245,126,84100.0,39.0
388255,Vadasinor,22.98555,73.339855,126,71400.0,91.5
575022,Kotekar,12.794685,74.86784499999999,126,58700.0,100.0
643002,Stone House Hill,11.426290000000002,76.76017,126,73600.0,91.5
271502,Colonelganj,27.12808,81.71564000000001,126,53800.0,7.3
127027,Chang,28.863335,76.245435,125,73800.0,11.0
126102,Jind,29.309465,76.298025,125,77400.0,11.0
223101,Shahganj,26.02981,82.690395,125,52700.0,7.3
574232,Panja,12.66712,75.48724,125,56500.0,100.0
222109,Naupedwa,25.83484,82.55569,125,52300.0,7.3
431104,Pishore,20.28862,75.33704,125,96500.0,39.0
122414,Nanukalan,28.277205,76.742075,125,91000.0,11.0
276122,Rauna Par,26.311685,83.31428,125,49700.0,7.3
224203,Rampur Bhagan,26.587485,82.22923,125,52900.0,7.3
451449,Julwania,21.876595,75.246905,125,63900.0,45.7
284201,Barwasagar,25.400845,78.740095,125,50200.0,7.3
641655,Cheyur,11.280145,77.21501,125,78100.0,91.5
802216,Koath,25.331125,84.27432999999999,125,46600.0,65.2
802220,Sanjhauli,25.161125,84.19286,125,46700.0,65.2
641305,Mahadevapuram,11.305735,76.907675,125,71700.0,91.5
560018,Chamrajpet,12.959575,77.56455,125,82600.0,100.0
284301,Chirgaon,25.58183,78.816745,125,50400.0,7.3
224206,Khajurahat,26.532400000000003,82.16257,125,52800.0,7.3
574212,Bellare,12.659385,75.379075,125,57100.0,100.0
276136,Lat Ghat,26.22184,83.377565,125,49600.0,7.3
411006,Yerwada,18.55807,73.885015,125,67600.0,39.0
271208,Tulsipur,27.53731,82.39006499999999,125,52800.0,7.3
222135,Gulzarganj,25.68627,82.4991,125,52500.0,7.3
212106,Jari Bazar,25.182715,81.767445,125,50000.0,7.3
271201,Balrampur,27.43394,82.18085500000001,125,53100.0,7.3
828402,Topchanchi,23.90398,86.213795,125,46600.0,91.5
641113,Seeliyur,11.20732,76.82057499999999,125,69300.0,91.5
277208,Raniganj Bazar,25.829320000000003,84.49733499999999,125,46400.0,7.3
415503,Budh,17.790125,74.37958499999999,125,102300.0,39.0
222138,Kajgaon,25.707285,82.6735,125,52600.0,7.3
222132,Fatehganj,25.74878,82.602715,125,52500.0,7.3
221004,D.L.W.,25.284585,82.96032,125,53100.0,7.3
276402,Karaha,25.946715,83.37428499999999,125,49300.0,7.3
276127,Bazar Gosain,26.22942,83.296055,125,49700.0,7.3
221204,Baragaon,25.414405,82.81996000000001,125,53400.0,7.3
411002,Pune City,18.509635000000003,73.86519000000001,125,82300.0,39.0
802212,Bikramganj,25.22859,84.27192,125,46600.0,65.2
403512,Pernem,15.7033,73.82929,125,101300.0,39.0
127031,Tigrana,28.88289,76.14808,125,67200.0,11.0
221108,Bhulanpur Pac,25.280365,82.93863,125,53100.0,7.3
574259,Panaje,12.66569,75.193915,125,58100.0,100.0
802226,Dawath,25.28294,84.21608499999999,125,46600.0,65.2
638004,Veerappanchatram,11.36198,77.69287,125,74600.0,91.5
271804,Laxman Nagar Bazar,27.63506,81.797505,125,53600.0,7.3
126113,Pillukhera,29.31118,76.49814,125,79300.0,11.0
322216,Kemri,26.722705,76.766035,125,48800.0,91.5
415310,Mahuli,17.385655,74.586025,125,95300.0,39.0
388225,Dakor,22.819965,73.132365,125,66100.0,91.5
222105,Ramdayalganj,25.669335,82.637,125,52600.0,7.3
638012,Thindal,11.32518,77.677295,125,74100.0,91.5
802214,Gorari,25.12025,84.293655,125,46600.0,65.2
387430,Sinhuj,22.8442,72.894025,125,65100.0,91.5
224171,Purah,26.705625,82.307155,125,53100.0,7.3
221001,Varanasi,25.3159,83.023215,125,52900.0,7.3
303712,Govindgarh,27.25,75.60615,125,61200.0,91.5
638011,Erode Collectorate,11.33607,77.70505,125,73400.0,91.5
122017,Sector 1,28.51395270345973,77.03750610351564,125,134200.0,15.2
643243,Yellanhalli,11.374565,76.742775,125,74400.0,91.5
121003,Amarnagar,28.464615,77.326955,125,155100.0,11.0
416408,Manerajuri,17.0222,74.724465,125,95300.0,39.0
122504,Haillymandi,28.38897,76.738405,125,123900.0,11.0
222002,Jaunpur Kty.,25.743595,82.692755,125,52600.0,7.3
276139,Sardaha,26.244225,83.20774,125,49700.0,7.3
431103,Kannad,20.287505000000003,75.09518,125,96600.0,39.0
700063,Thakurpukur,22.46317,88.30737,125,56900.0,91.5
638107,Nasiyanur,11.325855,77.64158,125,75700.0,91.5
643004,Fernhill,11.371455,76.61961,125,66200.0,91.5
221112,Chiraigaon,25.36953,83.055865,125,52700.0,7.3
D319295,"Garhwa, Jharkhand · D319295",24.053577,83.6526818,125,48200.0,91.5
828305,Mohuda,23.736595,86.245835,125,46400.0,91.5
638003,Karungalpalayam,11.356735,77.73184,125,72800.0,91.5
421201,Dombivli East,19.205879248702324,73.11167912593477,125,68000.0,12.8
768034,Ghess,21.195395,83.30567500000001,125,45900.0,91.5
700067,Ultadanga Main Road,22.592755,88.38698,125,57500.0,91.5
643204,Chamraj Estate,11.294595,76.6746,125,64700.0,91.5
410500,Chakan,18.745225225225223,73.86,125,58000.0,33.5
821306,Darihat,24.97208,84.24598,125,46600.0,91.5
641108,Tadagam,11.09576,76.83173500000001,125,66700.0,91.5
387630,Kathlal,22.906015,72.99642499999999,125,65300.0,91.5
560023,Magadi Road,12.97521,77.558525,125,81800.0,100.0
768029,Barpali,21.169025,83.594795,125,46000.0,91.5
303104,Manoharpur,27.267095,75.93969,125,60200.0,91.5
415504,Diskal Mol,17.83262,74.30174500000001,125,106900.0,39.0
271803,Patna Malhipur,27.83139,81.75830500000001,125,53200.0,7.3
271206,Pachperwa,27.59768,82.67194,125,52600.0,7.3
132113,Madlauda,29.384985,76.78258500000001,125,70900.0,91.5
222139,Khetasarai,25.938245,82.68375499999999,125,52600.0,7.3
271205,Mahrajganj,27.54498,82.29513,125,52900.0,7.3
416705,Oni,16.72788,73.586285,125,84800.0,39.0
205261,Baranahal,27.06537,78.845965,125,52900.0,7.3
222001,Jaunpur,25.765035,82.68918,125,52600.0,7.3
768032,Bijepur,21.15716,83.47691,125,45900.0,91.5
261204,Rampur Mathura,27.33889,81.316135,125,55100.0,7.3
425203,Bhusawal Ordnance Factory,21.066885,75.797955,125,80900.0,39.0
342901,Asop,26.78847,73.536435,125,50200.0,91.5
440007,Vayusena Nagar,21.165245,79.03059,125,82700.0,39.0
277402,Haldi,25.721495,84.316605,125,46500.0,7.3
415021,Kinhai,17.824305000000003,74.22182000000001,125,108100.0,39.0
205121,Ghiror,27.204015,78.77410499999999,125,54100.0,7.3
223103,Saraimohiddin,26.06557,82.66791,125,52800.0,7.3
456221,Unhel,23.346255,75.58783500000001,125,60700.0,45.7
271311,Bargadi Kot,27.113925,81.59043,125,55000.0,7.3
224172,Rasulabad,26.652215,82.25713999999999,125,53000.0,7.3
415626,Gavkhadi,16.79808,73.3426,125,82100.0,39.0
700004,Shyambazar Mail,22.597835,88.37337,125,56900.0,91.5
274306,Laxmiganj,26.95593,83.796075,125,50100.0,7.3
212107,Jasra,25.27005,81.691475,125,50100.0,7.3
275103,Kushmaur,25.894955000000003,83.484495,125,49100.0,7.3
768048,Laumunda,21.096005,83.38418,125,45900.0,91.5
229411,Anapur,25.592235,81.67548,125,50400.0,7.3
221101,Cholapur,25.483745,83.02039500000001,125,52800.0,7.3
284135,33 Bn. Pac Jhansi,25.388440000000003,78.535855,125,50400.0,7.3
284204,Mauranipur,25.379675,79.18478999999999,125,51500.0,7.3
301025,Nogaon,27.675255,76.88379,125,90200.0,91.5
388250,Thasra,22.830525,73.25504000000001,125,66300.0,91.5
574238,Subramanya,12.688655,75.60203000000001,125,56000.0,100.0
813209,Pripainti,25.32907,87.47016500000001,125,46500.0,65.2
222141,Saraiharakhu,25.82528,82.46737,125,52300.0,7.3
802218,Natwar,25.252445,84.142745,125,46700.0,65.2
271210,Gainsari,27.521925,82.564575,125,52600.0,7.3
641104,Karamadai,11.217255000000002,76.851455,125,69900.0,91.5
276121,Bilaria Ganj,26.19083,83.21938,125,49700.0,7.3
412212,Velhe,18.27604,73.607045,125,111800.0,39.0
277401,Bharsar,25.71697,84.17711,125,46700.0,7.3
222144,Baraipar,25.745725,82.42436000000001,125,52400.0,7.3
277403,Majhua,25.77305,84.356335,125,46700.0,7.3
643203,Balacola,11.323695,76.68420499999999,125,66600.0,91.5
122006,Railwary Road,28.466805,76.99331000000001,125,97300.0,11.0
802221,Surajpura,25.266625,84.22673,125,46600.0,65.2
222125,Badlapur,25.91953,82.43976,125,52300.0,7.3
222131,Sikrara,25.74742,82.505025,125,52500.0,7.3
221116,Kaithi,25.49126,83.136205,124,51600.0,7.3
277214,Karanchhapa,25.80313,84.5865,124,46000.0,7.3
277216,Lalganj,25.72762,84.48114000000001,124,46200.0,7.3
224205,Khapradih,26.46793,82.23678,124,52700.0,7.3
276137,Maharaj Ganj,26.306985,83.14960500000001,124,50100.0,7.3
221005,Hindu Vishwa Vidhyalaya,25.27485,82.995205,124,52500.0,7.3
342026,Jodhpur BSF Trg Centre,26.337205,73.03258500000001,124,57800.0,91.5
277201,Bairia,25.743925,84.45962,124,46300.0,7.3
388220,Umreth,22.708645,73.09623500000001,124,63600.0,91.5
224151,Katehari,26.515065,82.475585,124,52900.0,7.3
222181,Thanagaddi,25.5957,82.916425,124,52100.0,7.3
574279,Kanyana,12.73711,75.02882500000001,124,55100.0,100.0
767020,Loisingha,20.86513,83.47892,124,45600.0,91.5
767002,Rajendra College,20.70068,83.547005,124,45400.0,91.5
126115,Uchana,29.481720000000003,76.18859499999999,124,75900.0,11.0
761016,R.Udayagiri,19.175775,84.18451999999999,124,46500.0,91.5
284003,Sipri Bazar,25.489365,78.516565,124,49800.0,7.3
574235,Sathya Sai Vihar,12.734395,75.09016,124,56400.0,100.0
700005,Hatkhola,22.59941,88.360825,124,56600.0,91.5
224143,Hanswar,26.52302,82.83503,124,52000.0,7.3
813214,S.T.P. Kahalgaon,25.238805,87.25688,124,46000.0,65.2
415010,Satararoad,17.75601,74.13128,124,106400.0,39.0
574248,Doddathota,12.58452,75.477405,124,54300.0,100.0
643003,Lovedale,11.345715,76.679835,124,68200.0,91.5
222127,Baderi,25.627235,82.492475,124,52200.0,7.3
638052,Perundurai,11.264265,77.589995,124,74900.0,91.5
224238,Vidhut Nagar,26.595335,82.59373500000001,124,52800.0,7.3
767021,Salebhata,20.93899,83.550715,124,45700.0,91.5
843314,Bajpatti,26.5712894,85.6001549,124,46000.0,65.2
284305,Parichha Thermal Power Project,25.52947,78.761545,124,49400.0,7.3
562159,"Ramanagara, Karnataka",12.730859,77.2890624,124,65300.0,100.0
332719,Thoi,27.53295,75.74526,124,71900.0,91.5
222003,Purvanchal Vishwa Vidyalaya,25.835030000000003,82.709145,124,52500.0,7.3
224231,Maharuwa Gola,26.411990000000003,82.35694000000001,124,52600.0,7.3
388215,Thamna,22.73144,73.08764,124,64000.0,91.5
403527,Mandrem,15.66166,73.731405,124,100900.0,39.0
643215,Ketti,11.37634,76.72704999999999,124,74400.0,91.5
560081,Chandapura,12.796525,77.70504,124,91800.0,100.0
506315,Maripeda,17.405835,79.88374,124,59800.0,7.3
574260,Adyanadka,12.70218,75.101275,124,55500.0,100.0
821310,Nasriganj,25.079320000000003,84.355815,124,46400.0,91.5
767001,Balangir,20.72432,83.49104,124,45500.0,91.5
276141,Terahi,26.200525,83.072735,124,50700.0,7.3
848505,P.Pur Halai,25.5586421,87.6457196,124,46100.0,65.2
303109,Jamwaramgarh,27.068125,76.08541,124,56900.0,91.5
276129,Chiraia Kot,25.869055000000003,83.34685,124,49900.0,7.3
456003,Ujjain  Bherugarh,23.264685,75.71082999999999,124,60700.0,45.7
560010,Rajajinagar,12.993615,77.55265,124,79500.0,100.0
821309,Kachhwa,25.15085,84.3939,124,46400.0,91.5
224230,Kedarnagar,26.53136,82.55606,124,52900.0,7.3
767041,P.Rampur,20.73375,83.18912,124,45600.0,91.5
574223,Kav,12.639845,75.274715,124,56800.0,100.0
506324,Dantalapalli,17.490225,79.720635,124,60600.0,7.3
852123,Nauhatta,25.97998,86.46483,124,46100.0,65.2
341511,Merta Road,26.761245,73.898255,124,49000.0,91.5
224232,Hakeem Pur,26.58134,82.619935,124,52800.0,7.3
416512,Dodamarg,15.672045,74.035245,124,99100.0,39.0
848203,Sakarpura,25.66806,86.29567499999999,124,46300.0,65.2
221008,Ramnagar,25.281495,83.03988,124,52000.0,7.3
221311,Rajatalab,25.248255,82.86379500000001,124,52800.0,7.3
201103,Tronica City,28.78457,77.25036,124,67800.0,7.3
261203,Mahmudabad,27.28375,81.105235,124,55000.0,7.3
342303,Osian,26.775365,72.94942499999999,124,51500.0,91.5
110066,R K Puram,28.569175,77.18277,124,135600.0,53.0
767048,Bhainsa,20.73635,83.255045,124,45600.0,91.5
413001,Solapur City Center,17.6599,75.9064,124,46000.0,45.7
221706,Ratan Pura,25.93292,83.72052,124,47800.0,7.3
843108,Kolhua Paigambarpur,26.1482548,85.3316097,124,46000.0,65.2
221104,Chaubeypur,25.41327,83.10373,124,51400.0,7.3
411062,Rupeenagar,18.689735,73.807355,124,59300.0,39.0
394530,Mor,21.40537,72.653785,124,48300.0,91.5
415604,Kherdi,17.513939999999998,73.635025,124,100600.0,39.0
410507,Talegaon G H,18.78049,73.697475,124,59900.0,39.0
700024,Garden Reach,22.542505,88.28461999999999,124,56300.0,91.5
276124,Ajamat Garh Estate,26.145200000000003,83.40041,124,48800.0,7.3
574243,Vittal,12.73321,75.12005500000001,124,57100.0,100.0
638009,Surampatti,11.315985,77.700865,124,72900.0,91.5
342302,Lohawat,26.91097,72.644135,124,49900.0,91.5
638001,Erode,11.33458,77.72679,124,72500.0,91.5
411032,Iaf Station,18.58188,73.91116500000001,124,67300.0,39.0
224190,Tanda,26.520435,82.67547,124,52800.0,7.3
500012,Begumbazar,17.37598,78.478035,124,58000.0,7.3
700003,Baghbazar,22.604905,88.365265,124,55900.0,91.5
277205,Dubey Chhapra,25.74451,84.41373999999999,124,46400.0,7.3
853205,S.T.Goriar,25.310825,87.17531500000001,124,46100.0,65.2
321611,Todabhim,26.89004,76.839085,124,48600.0,91.5
212108,Shankargarh,25.16124,81.61258000000001,124,49300.0,7.3
303603,Renwal,27.16999,75.422425,124,59900.0,91.5
424318,Naval Nagar,20.982605,74.89834,124,82700.0,39.0
700066,Bidhangarh,22.528665,88.27144,124,55600.0,91.5
416704,Pachal,16.69934,73.76044,124,83500.0,39.0
229001,"Rae Bareli, Uttar Pradesh",26.25,81.25,124,54800.0,7.3
224157,Khemapur,26.546425,82.41931,124,52900.0,7.3
224152,Mijhaura,26.482235000000003,82.39082,124,52800.0,7.3
276140,Jiyanpur,26.17828,83.32711499999999,124,48900.0,7.3
767061,Duduka,20.95967,83.441885,124,45700.0,91.5
813206,Ishipur,25.23144,87.406845,124,46100.0,65.2
425307,Deepnagar,21.02901,75.83207,124,79600.0,39.0
415305,Kadepur,17.310865,74.40327500000001,124,90500.0,39.0
506318,Waddekothapally,17.536,79.586855,124,61800.0,7.3
387330,Mohlel,22.753590000000003,72.99110999999999,124,64100.0,91.5
224145,Iltifatganj,26.597235,82.5412,124,52700.0,7.3
224195,Tikari,26.57388,82.281705,124,52900.0,7.3
813203,Kahalgaon,25.27947,87.251925,124,46100.0,65.2
767025,Patnagarh,20.786345,83.18894499999999,124,45500.0,91.5
410501,Chakan,18.802375,73.80990499999999,124,58900.0,39.0
508253,Narayanpur,17.12516,78.89466,124,71900.0,7.3
284127,Bhattagaon,25.417515,78.61459500000001,124,49400.0,7.3
562106,Anekal,12.70769,77.68810500000001,124,91100.0,100.0
224234,Mahboobganj,26.616185,82.456685,124,53000.0,7.3
221307,Mirzamurad,25.287185,82.777925,124,52700.0,7.3
127114,Kharak Kalan,28.844495,76.29115,124,72100.0,11.0
342309,Peelwa,26.836305,72.480535,124,50200.0,91.5
517541,Varadaiahpalem,13.59472,79.882105,124,68300.0,91.5
700061,Sarsoona,22.473035,88.286295,124,56200.0,91.5
403503,Assonora,15.665765,73.92726,124,99500.0,39.0
394660,Centrap Pulp Mill,21.214835,73.58635,124,51400.0,91.5
700037,Belgachia,22.606015,88.38657,124,55800.0,91.5
451556,Anjad,22.03901,75.083315,124,65900.0,45.7
431117,Ajantha,20.50635,75.763795,124,94400.0,39.0
813204,Ekchari,25.19672,87.214195,124,46100.0,65.2
767030,Tusra,20.466545,83.488665,124,45700.0,91.5
412109,Dehu,18.71588,73.7453,124,59500.0,39.0
643006,Finger Post,11.41487,76.67398,124,74100.0,91.5
261502,Isanagar,27.83909,81.23021,124,53600.0,7.3
403504,Bicholim,15.58771,73.95479,124,99500.0,39.0
277502,Narhi,25.70062,84.023105,124,46700.0,7.3
342304,Mandore,26.36338,73.045375,124,58200.0,91.5
224132,Bhiti,26.47503,82.30926,124,52700.0,7.3
388230,Kalsar,22.70999,73.21100000000001,124,64100.0,91.5
768033,Sohella,21.32075,83.418785,124,45600.0,91.5
223223,Ataraulia,26.34615,82.89997500000001,124,51500.0,7.3
122009,Galleria DLF-IV,28.458355,77.092955,124,98700.0,11.0
560024,H.A. Farm,13.043425,77.597555,124,81300.0,100.0
813222,Mathurapur,25.29073,87.327815,124,46200.0,65.2
638002,Erode Railway Colony,11.321655,77.74549999999999,124,71400.0,91.5
767029,Deogaon,20.62234,83.34442,124,45500.0,91.5
277204,Dallan Chhapra,25.72892,84.548415,124,46100.0,7.3
767046,Gudvella,20.43921,83.581485,124,45500.0,91.5
821115,Sasaram,24.9394143,84.0197031,123,45700.0,91.5
700089,Lake Town,22.607100000000003,88.40438,123,55400.0,91.5
415538,Mhasurne,17.43069,74.4497,123,83100.0,39.0
768035,Melchhamunda,21.10454,83.286595,123,45300.0,91.5
224168,Pahitipur,26.408975,82.46575,123,52600.0,7.3
387365,Torna,22.9807,72.983035,123,65100.0,91.5
221011,Dafi,25.23576,82.96437,123,52000.0,7.3
814114,Deosang B.T,24.3284257,86.7182506,123,46000.0,65.2
638056,Vijayamangalam,11.23409,77.500305,123,77100.0,91.5
276303,Thekma,25.901375,82.901195,123,51000.0,7.3
276125,Bankat,26.109075,83.23258000000001,123,49000.0,7.3
852216,Mahishi,25.879135,86.44301999999999,123,45700.0,65.2
212213,Mahgaon,25.52294,81.620335,123,49700.0,7.3
223221,Aharaula,26.20352,82.94622,123,50900.0,7.3
835214,Mandar,23.546315,85.04938999999999,123,43600.0,91.5
276208,Tika Pur,26.114265,83.08151000000001,123,50500.0,7.3
341514,Ren,26.820615,74.116935,123,49300.0,91.5
853201,Bihpur,25.35249,86.89438000000001,123,45700.0,65.2
277504,Sohaon,25.642845,84.02221,123,46100.0,7.3
387610,Attarsumba,23.06796,72.97597999999999,123,67100.0,91.5
342024,Soorsagar,26.341955,72.81938,123,56400.0,91.5
853203,Narayanpur,25.36789,86.880845,123,45700.0,65.2
D790955,"Bokaro, Jharkhand · D790955",23.6991279,85.9910689,123,44600.0,91.5
560037,Marathahalli,12.956,77.701,123,110600.0,100.0
394515,Kribhconagar,21.1751,72.70581,123,47900.0,91.5
829209,Ray,23.69035,85.117255,123,44000.0,91.5
342003,Jodhpur Shastri Nagar,26.278465,72.99923,123,56400.0,91.5
424301,Fagana,20.876375,74.883205,123,82400.0,39.0
261205,Reosa,27.569335,81.18283,123,54100.0,7.3
394516,Adityanagar,21.172595,72.68997999999999,123,47900.0,91.5
416420,Soni,16.954105,74.714265,123,93500.0,39.0
276138,Sagari,26.14216,83.315695,123,48900.0,7.3
835219,Ormanjhi,23.518765,85.46505,123,43700.0,91.5
342008,Nandanwan,26.275305000000003,72.975325,123,56400.0,91.5
222201,Balwarganj,25.766845,82.261705,123,51100.0,7.3
768028,Bargarh,21.33371,83.626245,123,45000.0,91.5
517645,Buchinaidu Kandriga,13.686765,79.86433,123,66300.0,91.5
221305,Jakhini,25.203345,82.83968,123,52300.0,7.3
222136,Jalalpur,25.57923,82.74539,123,51900.0,7.3
224155,Kichhauccha,26.407355000000003,82.747045,123,52100.0,7.3
415508,Dahivadi,17.785655,74.58837,123,108200.0,39.0
224129,Baskhari,26.4883,82.76735,123,52200.0,7.3
229413,Lalgopal Ganj,25.64264,81.60463,123,49800.0,7.3
223224,Didarganj,25.97799,82.79241,123,51400.0,7.3
223226,Pushpnagar,26.013335,82.83254,123,51400.0,7.3
394540,Olpad,21.361075,72.73119,123,48000.0,91.5
342312,Chadi,27.113735,73.063715,123,47800.0,91.5
342006,Jodhpur Kachery,26.301545,73.05580499999999,123,56300.0,91.5
342007,Jodhpur K.U.M. Mandore Road,26.320565,73.05332,123,56900.0,91.5
456006,Ujjain  City,23.20776,75.75476,123,60400.0,45.7
416701,Lanja,16.82777,73.58312000000001,123,79500.0,39.0
767024,Churapali,20.72546,83.369245,123,45300.0,91.5
342308,Khichan,27.159905,72.60054,123,48300.0,91.5
276288,Pawai,26.165730000000003,82.73164,123,51800.0,7.3
767065,Chandanbhati,20.799355,83.439965,123,45100.0,91.5
224147,Jahangirganj,26.432315,83.00438500000001,123,50900.0,7.3
224137,Deoria,26.359205,83.01726500000001,123,50900.0,7.3
560011,Jayanagar,12.93,77.584,123,111400.0,100.0
247001,Saharanpur,29.9856799,77.5040646,123,45300.0,13.4
394517,Mora,21.178195,72.67086499999999,123,48000.0,91.5
574313,Ishwaramangala,12.60514,75.23789,123,55200.0,100.0
852121,Mathahi,25.90366,86.719315,123,45800.0,65.2
261206,Saraiyan Raja Saheb,27.383125,81.07986,123,54400.0,7.3
852202,Saharsa Collec.,25.86882,86.60256000000001,123,45800.0,65.2
767067,Jarasingha,20.57843,83.52200500000001,123,45300.0,91.5
304505,Todarai Singh,26.06042,75.497335,123,53500.0,91.5
462046,Mandideep,23.040245,77.45276,123,47700.0,45.7
508238,Gudibanda,16.92587,79.95189,123,50400.0,7.3
425301,Yawal,21.2514,75.74137999999999,123,74200.0,39.0
641302,Sirumugai,11.357545,77.042125,123,74400.0,91.5
812004,Champanagar,25.282635,86.90825000000001,123,45600.0,65.2
574327,Kurunjibag,12.551705,75.38129,123,53700.0,100.0
222142,Kerakat,25.675865,82.90477,123,51800.0,7.3
342603,Bhopalgarh,26.652945000000003,73.41781,123,51700.0,91.5
284121,Baragaon,25.51363,78.744985,123,49000.0,7.3
500006,Karwan Sahu,17.381014999999998,78.445565,123,57600.0,7.3
768037,Gaisilet,20.94401,83.317985,123,45200.0,91.5
387650,Nirmali,23.112995,73.07865,123,68400.0,91.5
222133,Gaurabadshahpur,25.751345,82.8226,123,51700.0,7.3
388210,Ode,22.62499,73.15145000000001,123,62000.0,91.5
560050,Banashankari,12.94404,77.55588,123,82400.0,100.0
221313,Kachhwa Road,25.27448,82.70933500000001,123,52300.0,7.3
276206,Nizamabad,26.07717,83.06492,123,50400.0,7.3
222143,Machhali Shahar,25.65434,82.359245,123,51700.0,7.3
222161,Mariahun,25.61834,82.621955,123,52100.0,7.3
222180,Zafarabad,25.68824,82.7253,123,51900.0,7.3
814131,Chandan,24.61932,86.74253,123,46000.0,65.2
223225,Mahul,26.14525,82.815,123,51600.0,7.3
276305,Saraimeer,26.01724,82.93304,123,50600.0,7.3
223222,Ambari,26.09597,82.78297,123,51600.0,7.3
222146,Kutir Chakkey,25.6087,82.82777999999999,123,52000.0,7.3
224181,Ram Nagar,26.463195,82.90984499999999,123,51200.0,7.3
284001,Jhansi,25.44677,78.58774,123,49000.0,7.3
813205,Ghogha,25.13482,87.156015,123,45800.0,65.2
322238,Balghat,26.81011,76.85275,123,48200.0,91.5
222170,Muftiganj,25.69306,82.832635,123,51800.0,7.3
767026,Belpara,20.59318,83.069925,123,45400.0,91.5
813104,Bounsi,24.710315,86.96708,123,45800.0,65.2
852201,Saharsa,25.88191,86.592305,123,45700.0,65.2
394518,Ongc Nagar,21.158865,72.72924,123,47800.0,91.5
574239,Sullia,12.55346,75.351775,123,53700.0,100.0
574314,Aranthodu,12.505135,75.440105,123,52600.0,100.0
276302,Gambhirpur,25.94556,82.98241,123,50700.0,7.3
829205,Khalari,23.62412,85.01088,123,43900.0,91.5
852212,Bangaon,25.86172,86.52440999999999,123,45700.0,65.2
416549,Konalkatta Colony,15.76122,74.09998999999999,123,97800.0,39.0
852124,Panchgachiya,25.971715,86.61483999999999,123,46000.0,65.2
134205,Morni,30.658485,77.03438,123,50700.0,91.5
224210,Bariyawan,26.44813,82.6762,123,52500.0,7.3
224176,Rajesultanpur,26.344355,83.078295,123,50800.0,7.3
276304,Phool Pur,26.08832,82.908305,123,50900.0,7.3
395005,Rander,21.250365,72.70614,123,47800.0,91.5
400614,Vashi,19.0771,73.0028,123,65500.0,39.0
411041,Vadgaon Budruk,18.44192,73.82041,123,99900.0,39.0
415616,Pawas,16.86618,73.356725,123,78400.0,39.0
415501,Koregaon,17.69879,74.191475,123,89900.0,39.0
575023,Someshwar Uchil,12.77799,74.88018,123,53700.0,100.0
222165,Meerganj,25.55885,82.38325,123,51600.0,7.3
261208,Tambour,27.713035,81.156005,123,54000.0,7.3
276142,Koilsa,26.27546,83.010975,123,51000.0,7.3
394550,Dumas,21.104685,72.716715,123,48000.0,91.5
221403,Sewapuri,25.34004,82.74499499999999,123,52600.0,7.3
276404,Mubarak Pur,26.08881,83.29094,123,48900.0,7.3
415643,Watul,16.79782,73.67533499999999,123,80100.0,39.0
222202,Mungra Badshahpur,25.699150000000003,82.27476,123,51100.0,7.3
415312,Kaledhon,17.445825,74.63682499999999,123,89000.0,39.0
403513,Colvale,15.666365,73.869925,123,99000.0,39.0
508246,Medlacheruvu,16.769640000000003,79.969925,123,50500.0,7.3
829210,Dakra Colliery,23.675005,85.01021,123,43900.0,91.5
276406,Sathion,26.038305,83.28213,123,48800.0,7.3
342311,Aau,27.16607,72.877125,123,47900.0,91.5
110025,New Friends Colony,28.55941,77.287745,123,204700.0,53.0
507161,Subled,17.322490000000002,79.874215,123,59900.0,7.3
394370,Nijhar,21.512345,74.22556,123,67100.0,91.5
276143,Mittupur,26.241155,82.71569500000001,123,52000.0,7.3
638112,Vadamugam Vellodu,11.24671,77.66042,123,71800.0,91.5
573115,Belur Hassan,13.17149,75.82663,123,64200.0,100.0
222149,Sgrd College Dobhi,25.638305,83.00367,123,51700.0,7.3
222145,Mahraj Ganj,25.822225,82.305195,123,51300.0,7.3
413104,Bhavaninagar,18.145745,74.750205,123,108200.0,39.0
829208,Mc. Cluskiganj,23.661125,84.90958499999999,123,44100.0,91.5
394125,Hathuran,21.520005,73.010335,123,49200.0,91.5
222148,Leorua,25.67703,83.015375,123,51500.0,7.3
416810,Vaibhavwadi,16.536105,73.77283,123,88800.0,39.0
853202,Karik Bazar,25.372845,87.00966,123,45700.0,65.2
462026,University,23.20081,77.45569499999999,122,47500.0,45.7
246439,"Rudraprayag, Uttarakand",30.4915835,79.0366067,122,64100.0,91.5
812001,Bhagalpur,25.252005,86.99597,122,45500.0,65.2
828125,Sonardih,23.7909,86.24367,122,45700.0,91.5
205001,Mainpuri,27.18291,79.020015,122,49300.0,7.3
322254,Ghonsla,26.833775,76.982785,122,47400.0,91.5
506381,Dornakal,17.41905,80.091925,122,49000.0,7.3
387115,Alindra,22.701885,72.976725,122,61900.0,91.5
416205,Kale,16.680844999999998,73.96993499999999,122,76800.0,39.0
847230,Khirhar,26.5251,85.95376999999999,122,45100.0,65.2
403502,Tivim,15.628115,73.85653500000001,122,97200.0,39.0
415511,Rahimatpur,17.57542,74.21187,122,83400.0,39.0
852115,Gwalpara,25.76367,86.87555,122,45700.0,65.2
281201,Bajna,27.917795,77.687285,122,53500.0,7.3
276204,Mehnagar,25.88142,83.13930500000001,122,49700.0,7.3
132105,Panipat Thermal Project,29.38357,76.87641500000001,122,67800.0,91.5
224159,Malipur,26.278285,82.62977,122,51800.0,7.3
828128,Tundoo,23.78701,86.25096500000001,122,45700.0,91.5
224149,Jalalpur,26.27002,82.75886,122,51700.0,7.3
813103,Barahat,24.808695,86.872755,122,45500.0,65.2
394246,Sugar Factory Bamania,20.945665,73.165505,122,48900.0,91.5
642127,Valparai,10.30272,76.98101,122,58600.0,91.5
843315,Barharwa,26.7057,85.35365999999999,122,45200.0,65.2
451551,Barwani,21.98811,74.713195,122,67200.0,45.7
486220,Teonthar,25.058405,81.59971999999999,122,48600.0,45.7
847231,Lohat,26.2744,86.16586000000001,122,45000.0,65.2
847235,Rajnagar,26.39583,86.14395,122,45200.0,65.2
387640,Lasundra,22.941285,73.165535,122,64300.0,91.5
387620,Kapadwanj,23.06304,73.153065,122,66200.0,91.5
851201,Chautham,25.52668,86.66802,122,45400.0,65.2
832303,Ghatsila,23.51044,85.369395,122,42900.0,91.5
222203,Rampur,25.474575,82.57694000000001,122,51700.0,7.3
444601,Amravati City Center,20.9374,77.7796,122,41500.0,39.0
411089,"Pune, Maharashtra · 411089",18.6448627,73.9224157,122,74600.0,43.9
281401,Chhata,27.708260000000003,77.461735,122,47600.0,7.3
222501,"Bara Banki, Uttar Pradesh",26.9013312,81.2151601,122,55300.0,7.3
414001,"Ahmadnagar, Maharashtra",19.074352,74.7219979,122,76200.0,43.9
394230,Sachin,21.084165,72.87693999999999,122,47300.0,91.5
462002,Vidya Vihar,23.236145,77.37823499999999,122,47700.0,45.7
394240,Karchelia,20.960225,73.18163000000001,122,48700.0,91.5
641653,Annur,11.240145,77.108135,122,72200.0,91.5
847223,Benipatti,26.46011,85.93354,122,45100.0,65.2
847236,Rampatti,26.30953,86.14824999999999,122,45100.0,65.2
847308,Sahar,26.51684,85.884425,122,45100.0,65.2
394315,Palsana,21.07677,72.984685,122,47400.0,91.5
395017,Althan,21.155065,72.81112999999999,122,47100.0,91.5
768038,Bardol,21.39021,83.557545,122,44700.0,91.5
847305,Madhwapur,26.5752,85.837265,122,45100.0,65.2
700030,Ghugudanga,22.622570000000003,88.395235,122,53900.0,91.5
141116,Gill,30.789407,75.8269724,122,69100.0,36.6
847404,Jhanjharpur,26.29034,86.245265,122,45200.0,65.2
642125,Sholayar Nagar,10.316855,76.864405,122,61900.0,91.5
700018,Bartala,22.53695,88.25411,122,54000.0,91.5
642130,Karamalai Bazaar,10.33167,76.99499,122,58100.0,91.5
462003,C.T.T.Nagar,23.224625,77.39113499999999,122,47600.0,45.7
843317,Bhutahi,26.715960000000003,85.57164,122,45100.0,65.2
486335,Hanumana,24.70693,82.13899,122,49300.0,45.7
250106,Machhara,28.91896,77.90367,122,71100.0,7.3
415303,Devrashtra,17.198535,74.35161,122,87400.0,39.0
813210,Sabour,25.201315,87.0372,122,45500.0,65.2
400703,Vashi,19.07847,72.99681000000001,122,62800.0,39.0
221110,Basant Nagar,25.253145,83.062175,122,51300.0,7.3
276205,Mohammad Pur,25.956545,83.05719,122,49900.0,7.3
394410,Mota Miya Mangrol,21.478825,73.12541999999999,122,49100.0,91.5
394421,Mosali,21.456985,73.17323999999999,122,49100.0,91.5
416712,Devadhe,16.860405,73.49314000000001,122,78200.0,39.0
394355,Varad,21.170885,73.14131,122,48100.0,91.5
202135,Gomat,27.93623,77.7799,122,60100.0,7.3
281502,Goverdhan,27.54672,77.422855,122,54700.0,7.3
638153,Ganapathipalayam,11.232815,77.82478499999999,122,67000.0,91.5
847401,Andhra,26.37516,86.303875,122,45200.0,65.2
700002,Cossipore,22.61826,88.37433,122,54300.0,91.5
638812,Chengapalli,11.19425,77.42187,122,75500.0,91.5
222137,Jamalapur,25.52754,82.584105,122,51900.0,7.3
462042,Kolar Road,23.12343,77.40914000000001,122,48000.0,45.7
700074,Motijheel,22.62117,88.40529000000001,122,54000.0,91.5
395007,Svr College,21.123895,72.763405,122,47700.0,91.5
394270,Hajira,21.121145,72.662425,122,47000.0,91.5
462047,Misord,23.160225,77.48691,122,47500.0,45.7
768040,Tora,21.30843,83.659895,122,45100.0,91.5
277501,Korantadih,25.615735,83.964155,122,46300.0,7.3
395009,Navyug College,21.198675,72.78634500000001,122,47200.0,91.5
638154,Pasur,11.19993,77.85289499999999,122,65700.0,91.5
700044,Badartala,22.552795,88.256105,122,53500.0,91.5
394235,Lajpore,21.060185,72.91761,122,47600.0,91.5
638115,Avalpundurai,11.232885,77.713105,122,69900.0,91.5
852132,Shankarpur Bazar,26.046605,86.896735,122,45400.0,65.2
462004,Satpura,23.236420000000003,77.419745,122,47500.0,45.7
462011,Shiksha Mandal,23.235515,77.43021999999999,122,47400.0,45.7
341303,Didwana,27.392605,74.56864,122,46700.0,91.5
388205,Bhalej,22.64362,73.049545,122,61200.0,91.5
462041,Ayodhaya Nagar,23.282135,77.46518,122,47100.0,45.7
813105,Jagdishpur,25.080565,87.021045,122,45500.0,65.2
768049,Jamla,21.06149,83.209885,122,45000.0,91.5
475673,Tharet,26.047945,78.71759,122,52700.0,45.7
462039,Trilanga,23.17939,77.440695,122,47600.0,45.7
411035,Akurdi,18.654555,73.7838,122,58200.0,39.0
767027,Jogimunda,20.767135,83.006055,122,44900.0,91.5
342902,Gotan,26.665715,73.73817,122,49100.0,91.5
342023,Balesar,26.403345,72.59675,122,53500.0,91.5
133302,Kalka,30.855475,76.91181,122,57200.0,91.5
342011,Jodhpur Residency Road,26.26245,73.03393,122,55600.0,91.5
224139,Dulahoopur,26.33876,82.831895,122,51500.0,7.3
387360,Salun,22.733375,72.91662,122,62000.0,91.5
224183,Saidahi,26.30169,82.82383,122,51500.0,7.3
224186,Sikandarpur,26.4018,82.64411000000001,122,52100.0,7.3
341023,Jael,27.30663,74.177295,122,45100.0,91.5
223227,Sanjar Pur,26.01897,83.01077000000001,122,50200.0,7.3
462008,Jahangirabad,23.24992,77.41615999999999,122,47400.0,45.7
276202,Lal Ganj,25.815710000000003,83.031225,122,50000.0,7.3
462022,Bhel,23.223295,77.52079499999999,122,47200.0,45.7
462016,R.S.Nagar,23.213695,77.42743999999999,122,47500.0,45.7
462020,AIIMS,23.205455,77.46134,122,47500.0,45.7
416419,Shirdhon,17.01716,74.793065,122,89800.0,39.0
852107,Dhabauli,25.819215,86.799635,122,45700.0,65.2
852128,Singheshwar,26.022640000000003,86.795785,122,45400.0,65.2
403517,Siolim,15.61847,73.776415,122,97300.0,39.0
126112,Safidon,29.372745,76.64578,122,73000.0,11.0
276301,Bardah,25.848295,82.820705,122,51400.0,7.3
222128,Bazar Neorhia,25.49538,82.68481,122,52000.0,7.3
222129,Chandwak,25.573995,83.00098,122,51000.0,7.3
121010,Nhpc Colony Faridabad,28.454815,77.293605,122,87800.0,11.0
508208,NSP Camp Miryalaguda,16.799500000000002,79.5428,122,60900.0,7.3
416308,Kirloskarwadi,17.072645,74.425525,122,89900.0,39.0
486331,Mauganj,24.71,81.91253499999999,122,48900.0,45.7
843330,Sonbersa,26.80116,85.565325,122,45100.0,65.2
462043,Bag Mungalia,23.189045,77.48334,122,47400.0,45.7
230121,Pura Dhakwa Chauraha,25.983235,82.372785,122,51100.0,91.5
462037,Peoples Campus,23.29964,77.424385,122,47000.0,45.7
828114,Katras Bazar,23.82485,86.27654,122,45600.0,91.5
852114,Budhma,25.91744,86.88805500000001,122,45600.0,65.2
641654,Avanash,11.203765,77.270145,122,73600.0,91.5
852116,Puraini Bazar,25.60904,87.00155000000001,122,45300.0,65.2
852101,Behariganj,25.756355,86.99524,122,45600.0,65.2
847240,Umgaon kothi,26.622955,85.978185,122,45100.0,65.2
224146,Jafarganj,26.35882,82.59942000000001,122,52100.0,7.3
301415,Rajpur,27.148065,76.51192,122,55500.0,91.5
394430,Vankal,21.431015,73.247655,122,49300.0,91.5
394440,Zankhvav,21.436745,73.377545,122,49600.0,91.5
410401,Lonavala,18.70811,73.42174,122,61200.0,39.0
852217,Mangwar,25.74776,86.78062,122,45600.0,65.2
276128,Chandesar,25.96961,83.17886,122,49600.0,7.3
812002,Bhagalpur City,25.241505,86.95944,122,45400.0,65.2
852161,Beldaur,25.57425,86.76652,122,45400.0,65.2
462023,Govindpura,23.24903,77.450945,122,47300.0,45.7
852113,Madhepura,25.911945,86.80372,122,45600.0,65.2
812005,Mirjanhat,25.183045,86.990175,122,45400.0,65.2
394140,Bodhan,21.29708,73.12679,122,48300.0,91.5
394510,Bhatha,21.1764,72.74446,122,47600.0,91.5
342015,Saran Nagar,26.26496,73.11726,122,54500.0,91.5
394520,Variav,21.2725,72.804465,122,47300.0,91.5
638104,Modakurichi,11.22055,77.776835,122,67900.0,91.5
462045,Bangrasia,23.143535,77.538185,122,47400.0,45.7
462024,H.E. Hospital,23.219355,77.45083,122,47400.0,45.7
394405,Velachha,21.447585,73.053825,122,48800.0,91.5
462027,Arera Hills,23.243455,77.424115,122,47400.0,45.7
276001,Azamgarh,26.06567,83.17997500000001,122,49300.0,7.3
276131,Jahana Ganj,25.960685,83.28056000000001,122,49200.0,7.3
394110,Kim,21.3973,72.9418,122,48200.0,91.5
224235,U.P.S.S. Mill,26.378675,82.566105,122,52100.0,7.3
222204,Nibhapur,25.61691,82.243655,122,50900.0,7.3
852112,Kumarkhand,25.999375,87.003715,122,45400.0,65.2
394250,Mahuva,20.992195,73.14220499999999,122,48600.0,91.5
852122,Murliganj,25.882745,86.983565,122,45600.0,65.2
425503,Faizpur,21.170445,75.82264,122,74000.0,39.0
394120,Kosamba,21.463855,72.967145,122,48800.0,91.5
342005,Jodhpur K.U.M. Bhagat Ki Kothi,26.21584,73.013275,122,54500.0,91.5
284205,Ranipur,25.30849,78.953355,122,49100.0,7.3
276135,Kandhara Pur,26.11337,83.14079000000001,122,49400.0,7.3
425421,Thalner,21.27257,75.01126,122,79700.0,39.0
394248,Valvada,20.90289,73.24347,122,48700.0,91.5
462044,Suraj Nagar,23.161455,77.321235,122,48500.0,45.7
812003,Barari,25.2641,87.0205,122,45500.0,65.2
812006,Nathnagar,25.179235,86.87841,122,45300.0,65.2
577451,KVV Shankaraghattta,13.720525,75.63188,122,58500.0,100.0
641670,Karavalur,11.20581,77.19346,122,72300.0,91.5
394163,Godsamba,21.309045,73.202535,122,49000.0,91.5
394170,Tadkeshwar,21.3388,73.09924000000001,122,48300.0,91.5
127041,Mundhal Khurd,29.007175,76.14245500000001,122,63500.0,11.0
477449,Alampur,26.03009,78.81837999999999,122,53300.0,45.7
641101,Alandurai,10.929185,76.800445,122,55600.0,91.5
847411,Rudrapur,26.321455,86.30430000000001,122,45100.0,65.2
400087,"Mumbai Suburban, Maharashtra",19.1309844,72.8894618,122,75100.0,43.9
843313,Bairgania,26.69892,85.29593,122,45200.0,65.2
451881,Khetia,21.787255,74.62640999999999,122,69500.0,45.7
642108,Iyerpadi,10.359315,76.97769,122,57900.0,91.5
641109,Thondamuthur,10.995785,76.78972,122,56400.0,91.5
387635,Chhipdi,22.974815,72.90350000000001,122,64300.0,91.5
261202,Jahangirabad,27.51782,81.128275,122,53900.0,7.3
477111,Attair,26.686795,78.62578500000001,122,50200.0,45.7
224125,Bandipur,26.253305,82.83654,122,51400.0,7.3
642133,Sethumadai,10.441485,76.889005,122,59900.0,91.5
322204,Shahar,26.601935,76.718815,122,45700.0,91.5
222162,Barsathi,25.53388,82.49178,122,51700.0,7.3
394680,Ukai Dam,21.260375000000003,73.52911499999999,122,50600.0,91.5
332701,Ajitgarh Amarsar,27.437635,75.8489,122,70400.0,91.5
301408,Rajgarh,27.23052,76.6214,122,53800.0,91.5
284002,Jhansi City,25.51784,78.57927000000001,122,48100.0,7.3
247129,Muzaffrabad,30.160955,77.788205,122,53300.0,7.3
852220,Udakishunganj,25.67115,86.92491,122,45500.0,65.2
641114,Karunyanagar,10.95837,76.714735,122,56500.0,91.5
276207,Rani Ki Sarai,25.98441,83.103265,122,49600.0,7.3
303305,Banskho,26.89076,76.16969499999999,122,53400.0,91.5
828304,Malkera,23.779335,86.281045,122,45600.0,91.5
462001,Bhopal G.P.O.,23.256165,77.34353999999999,121,47700.0,45.7
829111,Gomia,23.792095000000003,85.80832000000001,121,44400.0,91.5
276203,Mehanazpur,25.687465,83.11317,121,49700.0,7.3
486226,Chak,24.929395,81.820055,121,47800.0,45.7
517640,Panagal,13.721445,79.68451999999999,121,62600.0,91.5
486340,Naigarhi,24.82068,81.77203,121,47400.0,45.7
486447,Patehara,24.921885000000003,81.37313,121,46800.0,45.7
641019,Coimbatore Press Colony,11.181159999999998,76.99908500000001,121,68600.0,91.5
486117,Katra,24.863785,81.60886500000001,121,47300.0,45.7
507204,Bommakal,17.026094999999998,80.267185,121,48800.0,7.3
829127,Sunday Bazar,23.80882,85.93110999999999,121,44200.0,91.5
517536,Akkurthi,13.8314,79.67574,121,62000.0,91.5
847211,Madhubani,26.35706,86.082135,121,44900.0,65.2
507124,Yellandu Colls,17.760695,80.29813999999999,121,48800.0,7.3
829128,Swang Colliery,23.807245,85.84869499999999,121,44300.0,91.5
507002,Collectorate,17.283479999999997,80.19264000000001,121,48800.0,7.3
508211,Nakrekal,17.181705,79.43771000000001,121,62000.0,7.3
507304,Siripuram,17.045365,80.34888000000001,121,48600.0,7.3
450661,Pandhana,21.60493,76.179085,121,58600.0,45.7
813108,Sahkund,25.15349,86.804715,121,45100.0,65.2
768036,Rajborasamber,21.02027,83.059935,121,44700.0,91.5
847226,Jaynagar,26.55934,86.16556,121,44900.0,65.2
638751,Uttukuli,11.164485,77.49604500000001,121,69100.0,91.5
843318,Budhnagra Deorhi,26.35749,85.62294,121,44700.0,65.2
843319,Choraut,26.519695,85.77228500000001,121,44800.0,65.2
847222,Arerhat,26.394725,85.98065,121,45000.0,65.2
403505,Sanquelim,15.549755,74.0231,121,95100.0,39.0
342028,Tena,26.38816,72.368405,121,51500.0,91.5
835103,Tatisilway,23.39069,85.54801499999999,121,42400.0,91.5
767037,Muribahal,20.417355,83.06502,121,44700.0,91.5
577115,Bhadra Reservoir Project,13.763945,75.591965,121,57300.0,100.0
342013,Sangaria,26.194495,73.00089,121,54100.0,91.5
D511120,"Sonbhadra, Uttar Pradesh · D511120",24.4148159,83.0637517,121,48000.0,91.5
768103,Remunda,21.26461,83.794005,121,44500.0,91.5
261201,Biswan,27.479895,81.03002000000001,121,53300.0,7.3
425524,M.S.S.K.Faizpur,21.231915,75.81356,121,71800.0,39.0
852219,Shah Alam Nagar,25.580785,86.900405,121,45300.0,65.2
276201,Dev Gaon,25.753455,82.98339999999999,121,50400.0,7.3
761017,Chandragiri,19.298885,84.259495,121,45300.0,91.5
342025,Setrawa,26.567075,72.3967,121,51800.0,91.5
828121,Sijua,23.793085,86.33200500000001,121,45400.0,91.5
403526,Tivim Ie,15.61598,73.82486,121,96500.0,39.0
134102,Pinjore,30.830005,76.901645,121,58400.0,91.5
475675,Indergarh,25.91633,78.582325,121,51500.0,45.7
403508,Aldona,15.596915,73.86305999999999,121,95500.0,39.0
124001,Tilak Nagar,28.881957139774222,76.59118652343751,121,56800.0,27.4
394330,Orna,21.255925,73.10437999999999,121,47900.0,91.5
421301,Kalyan D.C.,19.256995000000003,73.130365,121,65400.0,39.0
341025,Khinwsar,26.9947,73.411545,121,46800.0,91.5
486115,Garh,24.769535,81.64672,121,47200.0,45.7
332024,Katrathal,27.70838,75.190955,121,54100.0,91.5
342012,Boranada,26.191545,72.93502000000001,121,54100.0,91.5
425403,Betawad,21.188450000000003,74.89350999999999,121,78100.0,39.0
332031,Koodan,27.76946,75.20279500000001,121,54500.0,91.5
425501,Thorgavan,21.09507,75.872,121,73600.0,39.0
852108,Gamaharia,26.07961,86.70193499999999,121,44900.0,65.2
834006,Kanke,23.491705,85.324825,121,42500.0,91.5
271841,Girijapuri Coloney,28.26447,81.156725,121,51200.0,7.3
394130,Sayan,21.33311,72.84914,121,47800.0,91.5
394317,Baleshwar,21.118105,72.98347000000001,121,46400.0,91.5
843329,"Sheohar, Bihar",26.4934234,85.2717561,121,45100.0,65.2
394107,Amroli,21.25226,72.85849999999999,121,46600.0,91.5
577411,Agumbe,13.539385,75.11892,121,55900.0,100.0
851128,Mansurchak,25.626935,85.911565,121,44900.0,65.2
507165,Wyra,17.191229999999997,80.353875,121,48400.0,7.3
507166,Julurpahad,17.364635,80.52665999999999,121,48000.0,7.3
171206,Hatkoti,31.053925,77.773295,121,54500.0,91.5
768115,Gondturum,21.14265,83.83573,121,44500.0,91.5
134116,Sector-26 Panchkula,30.67763,76.90168499999999,121,56500.0,91.5
506122,Nekkonda,17.817045,79.828845,121,48000.0,7.3
851205,Koshi College,25.5768,86.48170999999999,121,45200.0,65.2
577302,Bhadravathi Paper Town,13.790735,75.68684,121,58000.0,100.0
700077,Bediapara,22.6305,88.398555,121,53100.0,91.5
574234,Sampaje,12.49353,75.544425,121,47800.0,100.0
394155,Ghala,21.319365,73.026405,121,47600.0,91.5
415012,Medha,17.801575,73.83509,121,108400.0,39.0
425405,Shirpur,21.40016,74.98058,121,76500.0,39.0
462030,Bairagarh,23.26549,77.25995499999999,121,48000.0,45.7
411016,Model Colony,18.52947,73.827895,121,64500.0,39.0
631501,"Kancheepuram, Tamil Nadu",12.88211,79.8063903,121,55600.0,91.5
283114,Jaitpur,26.84272,78.74355,121,49700.0,7.3
283135,Shikohabad,27.1245,78.60162,121,52700.0,7.3
171221,Kawar,31.2374,78.156515,121,54400.0,91.5
507003,Gandhichowk,17.292845,80.13939500000001,121,48900.0,7.3
276123,Tarawa,25.76445,83.191325,121,49300.0,7.3
786010,Lahoal,27.413185,95.016425,121,41000.0,91.5
768104,Bheden,21.190025,83.79108,121,44600.0,91.5
507122,Karepalli,17.512755,80.351545,121,48700.0,7.3
841212,Jogia,26.004635,84.45894999999999,121,45000.0,65.2
700080,Mall Road,22.628515,88.42643000000001,121,53200.0,91.5
843332,Majorganj,26.75042,85.44364999999999,121,45100.0,65.2
301414,Dhigawara,27.31601,76.625,121,55500.0,91.5
388310,Ajarpura,22.65409,72.98909499999999,121,60400.0,91.5
304507,Nasirda,25.91991,75.34989999999999,121,49100.0,91.5
202138,Khair,27.949335,77.8574,121,61100.0,7.3
852131,Supaul,26.12597,86.60332,121,45000.0,65.2
852106,Chapraon,25.739615,86.50156,121,45100.0,65.2
852127,Simri Bakhtiarpur,25.73586,86.60996,121,45200.0,65.2
284128,Mlb Medical College,25.49103,78.63105,121,46900.0,7.3
110015,Ramesh Nagar,28.652145,77.15277,121,103100.0,53.0
851214,Mansi,25.55114,86.59133,121,45300.0,65.2
276126,Bansgaon,25.8425,83.27832000000001,121,49100.0,7.3
303002,Achrol,27.15549,75.959515,121,56300.0,91.5
847238,Rahika,26.359265,86.00282999999999,121,45000.0,65.2
847227,Khutauna,26.487985,86.420125,121,44700.0,65.2
394310,Gangadhara RS,21.140455,73.05182500000001,121,47000.0,91.5
462010,Sikandri Sarai,23.341885,77.505725,121,46700.0,45.7
394105,Utran Power House,21.23952,72.869215,121,46300.0,91.5
412804,Bavadhan,17.906080000000003,73.885955,121,116400.0,39.0
852110,Garh Baruari,26.05299,86.629085,121,45000.0,65.2
852213,Chausa,25.52689,87.01129,121,45200.0,65.2
390019,Ajwa Road,22.327555,73.27455499999999,121,54900.0,91.5
462038,M.L. Nagar,23.339405,77.416155,121,46700.0,45.7
462031,3 EME Centre,23.29162,77.31705,121,47600.0,45.7
230138,Saifabad,26.00984,82.281985,121,50700.0,91.5
847212,Bhowara,26.315495,86.06196,121,44800.0,65.2
506332,Chennaraopet,17.846085000000002,79.850735,121,48100.0,7.3
641666,Perumanallur,11.186545,77.358755,121,74500.0,91.5
507120,Sujathanagar,17.46392,80.54617999999999,121,48000.0,7.3
416306,Kavalapur,16.936149999999998,74.64394,121,89300.0,39.0
416307,Kavathe Ekand,16.97803,74.62980999999999,121,88600.0,39.0
847228,Khajauli,26.49368,86.17523,121,45000.0,65.2
416207,Ispurli,16.553710000000002,74.18338,121,74300.0,39.0
843333,Nanpur,26.410895,85.64078,121,44800.0,65.2
387130,Mahemdavad,22.811135,72.777555,121,62000.0,91.5
560086,Mahalakshmipuram Layout,13.006665,77.53989,121,79000.0,100.0
825402,"Hazaribagh, Jharkhand",24.0866962,85.4912231,121,43800.0,91.5
394221,Pandesara,21.139485,72.83943500000001,121,46900.0,91.5
395008,A. K. Road,21.22174,72.84643,121,46500.0,91.5
416813,Umbarde,16.57159,73.76302000000001,121,86700.0,39.0
851212,Mohaddipur,25.422815,86.742395,121,45000.0,65.2
394352,Puni,21.042885,73.03143499999999,121,47700.0,91.5
847213,Mdb. Bara Bazar,26.357875,86.07126500000001,121,44900.0,65.2
847214,M G Bazar,26.379475,86.05154,121,44900.0,65.2
642117,Mudis,10.268825,76.93098499999999,121,61700.0,91.5
415102,Mayani,17.45717,74.53897,121,84100.0,39.0
785008,Cinnamara,26.70193,94.228605,121,43000.0,91.5
843331,Sursand,26.643545,85.71217999999999,121,44800.0,65.2
847229,Kaluahi,26.453065,86.05986999999999,121,44900.0,65.2
388265,Pandva,23.103415,73.31007,121,67300.0,91.5
843322,Majhaulia Estate,26.6743,85.54158000000001,121,45100.0,65.2
847452,Nirmali,26.268125,86.598175,121,45100.0,65.2
486223,Jawa,24.968045,81.512005,121,47100.0,45.7
394210,Udhna,21.134995,72.862105,121,46700.0,91.5
D171615,"Latehar, Jharkhand · D171615",23.6880057,84.4969551,121,43800.0,91.5
394345,Mota,21.1673,73.07307499999999,121,47100.0,91.5
847109,Tulapatganj,26.3133,86.34709,121,44800.0,65.2
843327,Riga,26.6241,85.40409500000001,121,44800.0,65.2
394320,Sevni,21.222625,73.083365,121,47500.0,91.5
847424,Sarisavpahi,26.236955,86.17993999999999,121,44700.0,65.2
847102,Basaith Chandpura,26.433445,85.8209,121,45100.0,65.2
395023,Bhestan,21.125905,72.8514,121,46900.0,91.5
395001,Nanpura,21.181535,72.815955,121,46900.0,91.5
785009,Na Ali Dhekiajuli,26.662515,94.19773,121,43100.0,91.5
171210,Nerwa,30.924795000000003,77.692075,121,49700.0,91.5
321605,Kathumar,27.324710000000003,77.05761000000001,121,49200.0,91.5
395002,Sagrampura Putli,21.17776,72.83872,121,46700.0,91.5
829107,Bokaro Thermal,23.82598,85.900925,121,44200.0,91.5
456337,Piploda  Baghla,23.28138,75.474945,121,58700.0,45.7
444602,Amravati Camp,20.932,77.785,121,40600.0,20.1
D669852,"Lohardaga, Jharkhand · D669852",23.4770044,84.6986684,121,43600.0,91.5
301021,Barodameo,27.457265,76.88165000000001,121,59000.0,91.5
394350,Sarbhon,21.04733,73.08986,121,47900.0,91.5
475336,Salon B.,25.921295,78.74004500000001,121,51600.0,45.7
843328,Runnisaidpur,26.389995,85.502985,121,44800.0,65.2
395003,Surat,21.199045,72.83079000000001,121,46700.0,91.5
415023,Mahiamngad,17.70364,74.42784499999999,121,92300.0,39.0
517641,Thondamanadu,13.69024,79.66438,121,62300.0,91.5
517642,Peddakannali,13.78103,79.76418000000001,121,63500.0,91.5
321607,Laxman Garh,27.34827,76.91545500000001,121,59100.0,91.5
394620,Vankaner,21.073955,73.16418999999999,121,47900.0,91.5
577415,Devangi,13.646305,75.334745,121,57900.0,100.0
847225,Basopatti,26.585085,86.030595,121,44900.0,65.2
486556,Dabhaura,25.01251,81.32624,121,46800.0,45.7
835205,Brambe,23.48505,85.16745499999999,121,42700.0,91.5
486341,Deotalab,24.704905,81.74015,121,47700.0,45.7
486111,Mangawan,24.6869,81.55586500000001,121,46600.0,45.7
508210,Vallala,17.272235000000002,79.395355,121,62400.0,7.3
843326,Raipur,26.371645,85.64654,121,44700.0,65.2
785630,Titabor,26.57025,94.180875,121,43000.0,91.5
641697,Pogalur,11.23128,77.03403499999999,121,71200.0,91.5
517620,Pallam,13.84181,79.51711,121,60900.0,91.5
395004,Katargam,21.231990000000003,72.81983500000001,121,46900.0,91.5
843302,Sitamarhi Bazar,26.56845,85.549065,121,45100.0,65.2
560105,Jigani,12.79474,77.650385,121,86500.0,100.0
517644,Srikalahasti,13.75457,79.70694,121,62800.0,91.5
843320,Janakpur Road,26.500275,85.7099,121,44800.0,65.2
171211,Chopal,30.96806,77.50819,121,48700.0,91.5
767028,Khaprakhol,20.819135000000003,82.886885,121,44400.0,91.5
486333,Dhera,24.60419,81.859635,121,48500.0,45.7
700028,Dumdum,22.630325,88.41832,121,53100.0,91.5
394640,Valod,21.036175,73.29155,121,48400.0,91.5
394650,Vyara,21.125925,73.41085,121,49500.0,91.5
785632,Purana Titabor,26.5556,94.138225,121,43000.0,91.5
813213,Sultanganj,25.224245,86.75306499999999,121,44900.0,65.2
507208,Chintakani,17.128999999999998,80.23059,121,48700.0,7.3
785104,Garmursatra,26.95993,94.077455,121,50500.0,91.5
843324,Parihar,26.775185,85.688605,121,44800.0,65.2
411019,Chinchwad East,18.648445,73.80601,121,58100.0,39.0
410511,Shiroli B K,19.19902,73.92632,121,56300.0,39.0
424207,Wakadi,20.658205,75.82665,121,86000.0,39.0
767032,Saintala,20.44182,83.33024,121,44600.0,91.5
813106,Katoria,24.774635,86.69548,121,45100.0,65.2
394630,Buhari,20.973765,73.34503000000001,121,48400.0,91.5
507001,Khammam,17.24815,80.147695,121,48800.0,7.3
843323,Manikchowk,26.48571,85.50971000000001,121,44800.0,65.2
560022,Yeswanthpura,13.02828,77.544265,121,80000.0,100.0
396510,Anaval,20.84982,73.25646499999999,121,48600.0,91.5
301604,Govind Garh Alwar,27.503575,76.99594,121,58100.0,91.5
201013,Govindpuram,28.695475,77.49273,121,59900.0,7.3
403507,Mapusa,15.601495,73.808985,121,95800.0,39.0
829113,Jarangdih Colliery,23.75236,85.90904,121,44300.0,91.5
829116,Kathara,23.77289,85.857055,121,44400.0,91.5
283142,Pariyar,26.96154,78.728795,121,49700.0,7.3
415526,Vathar BK,18.118740000000003,74.07923,121,130000.0,39.0
507305,Tanikella,17.220010000000002,80.275395,121,48600.0,7.3
507318,V.V.Palem,17.27753,80.25388,121,48700.0,7.3
835222,Ratu,23.46778,85.23067,121,42400.0,91.5
574218,Guthigar,12.591715,75.58471499999999,121,48800.0,100.0
507209,Kallur,17.170575,80.528025,121,48300.0,7.3
843301,Sitamarhi,26.556135,85.523525,121,44900.0,65.2
811105,Sheikhpura,25.093975,85.83857,121,44900.0,65.2
847232,Ladania,26.552885,86.300835,121,44800.0,65.2
322220,Shrimahaveerji,26.69585,76.86207,121,45300.0,91.5
134104,C.R.P.F. Pinjore,30.778475,76.92306,121,57700.0,91.5
700050,Sinthee,22.629265,88.38514,121,53200.0,91.5
507168,Enkoor,17.36241,80.434485,121,48400.0,7.3
847234,Pandaul,26.26105,86.10329,121,44700.0,65.2
847215,R.K.Collage,26.360875,86.05775,121,44900.0,65.2
394690,Bajipura,21.09516,73.30128,121,48400.0,91.5
221201,Anai,25.3627897,82.6846939,121,52100.0,7.3
261301,Bhandia,27.240035,80.95534,121,54100.0,7.3
507123,Yellandu,17.58835,80.347415,121,48700.0,7.3
456001,Ujjain,23.19778,75.792715,121,59300.0,45.7
507210,Garla,17.484195,80.15808,121,48700.0,7.3
415514,Kudal,17.84221,73.868,121,113000.0,39.0
403509,Anjuna,15.585655,73.74726000000001,121,95800.0,39.0
D267452,"Dumka, Jharkhand · D267452",24.3159312,87.2720833,121,45300.0,91.5
411030,S.P. College,18.504985,73.841465,121,64400.0,39.0
411015,Dighi Camp,18.60236,73.882825,121,63600.0,39.0
517589,Nagalapuram,13.41462,79.795635,121,64100.0,91.5
828103,Bhelatand,23.76301,86.326,121,45400.0,91.5
852130,Sukhpur,26.06545,86.50938,121,45100.0,65.2
507182,Komminepalli,17.39017,80.279375,121,48800.0,7.3
828113,Katrasgarh,23.822415,86.30777499999999,121,45500.0,91.5
828129,Moonidih,23.728885,86.340975,121,45300.0,91.5
825315,Konardam,23.87,85.72745499999999,121,43800.0,91.5
132107,Israna,29.282125,76.77296,121,68900.0,91.5
767070,Of Badmal,20.371265,83.28925000000001,120,44400.0,91.5
507118,Ramavaram,17.63972,80.616465,120,48000.0,7.3
577232,Bejjavalli,13.73133,75.30719500000001,120,56000.0,100.0
851202,Gogri,25.40873,86.623205,120,44600.0,65.2
342014,Pal,26.0808,72.806685,120,51800.0,91.5
828110,Jealgora,23.704790000000003,86.41207,120,45000.0,91.5
301035,Ronijathan,27.229705000000003,76.91916,120,49800.0,91.5
322234,Kheda,26.64674,77.03453,120,44600.0,91.5
415612,Ratnagiri,17.001959999999997,73.32952,120,71100.0,39.0
851111,Bachhawara,25.568195,85.89878,120,44800.0,65.2
507169,Cheruvumadharam,17.024745,80.112865,120,48900.0,7.3
507316,Peddireddigudem,17.325195,80.72065,120,48000.0,7.3
828120,Motinagar,23.655355,86.46318,120,45100.0,91.5
573121,Halebeedu,13.204565,75.99619999999999,120,58000.0,100.0
828104,Bhuli,23.811445,86.375145,120,45300.0,91.5
828106,Dhansar,23.77419,86.41149999999999,120,45200.0,91.5
828107,Domgarh,23.64082,86.50464500000001,120,45000.0,91.5
424004,Dhule Market Yard,20.89801,74.7944,120,78500.0,39.0
828115,Khasjeena Gora,23.69883,86.450635,120,45200.0,91.5
828116,Kusunda,23.77288,86.36451,120,45300.0,91.5
785007,Jorhat Engg College,26.7392,94.25218,120,43200.0,91.5
425404,Nardana,21.2153,74.85454999999999,120,76500.0,39.0
785633,Khorikotia,26.560815,94.284075,120,43000.0,91.5
854107,Katihar Mill,25.550385,87.60443000000001,120,44600.0,65.2
303302,Toonga,26.72974,76.1631,120,49100.0,91.5
462036,Gandhi Nagar,23.354965,77.28769,120,46900.0,45.7
577424,Megaravalli,13.608655,75.1379,120,55600.0,100.0
577432,Thirthahalli,13.623255,75.159605,120,55800.0,100.0
641659,Karumathampatti,11.14063,77.15690000000001,120,68700.0,91.5
828122,Sindri,23.68128,86.49819,120,45100.0,91.5
573101,Arehalli,13.069315,75.7878,120,59600.0,100.0
395010,Bombay Market,21.19029,72.87532,120,46000.0,91.5
395011,Puna Kumbharia,21.2048,72.88077,120,45800.0,91.5
854340,Birpur,26.516435,87.02318,120,44700.0,65.2
841209,Fulwaria Tajpur,25.9089,84.4746,120,44600.0,65.2
247669,Gagalheri,29.975865,77.697285,120,50600.0,7.3
700036,Baranagar,22.63763,88.36831000000001,120,51900.0,91.5
577301,Bhadravati,13.86227,75.788735,120,56700.0,100.0
841223,Mohamadpur,25.95699,84.45880500000001,120,44800.0,65.2
486441,Baikunthpur,24.71463,81.423575,120,46200.0,45.7
847402,Ghoghardiha,26.28633,86.45599,120,44400.0,65.2
829121,Peterbar,23.64086,85.85754,120,43500.0,91.5
854337,Ranipatra,25.672285,87.56635,120,44700.0,65.2
854338,Bhimnagar Bairrage,26.479555,86.94536,120,44700.0,65.2
825102,Dhori,23.81533,85.97441,120,44200.0,91.5
415313,Takari,17.136815,74.3552,120,85300.0,39.0
261145,Manpur,27.496,80.95036,120,52500.0,7.3
134117,Sector 20 Panchkula,30.673895,76.86213000000001,120,59300.0,91.5
134101,H.M.T.Pinjore,30.783435,76.90444500000001,120,59000.0,91.5
425305,Varangaon,20.989465000000003,75.910375,120,73500.0,39.0
507158,Gokinepalli,17.15014,80.11149,120,48900.0,7.3
507160,Nelakondapalli,17.110365,80.04099,120,49000.0,7.3
134108,G.K. Panchkula,30.708725,76.874585,120,60900.0,91.5
142023,Mann,29.3472909,76.8871622,120,66500.0,36.6
700065,Rabindra Nagar,22.6431,88.40732,120,52000.0,91.5
700090,Noapara,22.64114,88.38689,120,52000.0,91.5
785013,Assam Agriculture University,26.722925,94.19382,120,43300.0,91.5
785004,Barbheta,26.707035,94.1733,120,43700.0,91.5
412801,Shirwal,18.125125,73.950495,120,128000.0,39.0
412802,Khandala Bavada,18.05529,73.996295,120,126100.0,39.0
413120,Nimgaon Ketki,18.063055,74.970315,120,64100.0,39.0
828201,Baliapur,23.707605,86.57649,120,45200.0,91.5
230124,Amargarh,25.940945,82.32022,120,50600.0,91.5
852129,Sonbersa Raj,25.683145,86.72695999999999,120,45000.0,65.2
767033,Titilagarh,20.32291,83.13738000000001,120,44100.0,91.5
507203,Madhira,16.898165,80.386405,120,48900.0,7.3
284202,Gursarai,25.62199,79.13358,120,47100.0,7.3
205119,Tindauli,27.169065,78.910815,120,50300.0,7.3
205247,Ajitganj,27.14964,79.10978,120,47600.0,7.3
843360,Jajuar,26.30056,85.66986,120,44700.0,65.2
110088,Shalimar Bagh,28.71160418031827,77.14494027864622,120,81100.0,53.7
249131,"Tehri Garhwal, Uttarakand",30.4658181,78.4837349,120,60900.0,91.5
835217,Neori Vikas Vidyalaya,23.44466,85.41832500000001,120,42100.0,91.5
507119,Rudrampur,17.486745,80.65787499999999,120,48000.0,7.3
507101,Kothagudem Colls,17.55511,80.615895,120,48000.0,7.3
134112,Panchkula Sector 4,30.67944,76.857595,120,60100.0,91.5
506329,Sangam,17.89323,79.69998,120,47200.0,7.3
852126,Salkhua Bazar,25.63271,86.58828,120,44900.0,65.2
828123,S.I.T.,23.6803,86.469495,120,45200.0,91.5
641034,Tudiyalur,11.078145,76.938965,120,64300.0,91.5
134118,Barwala,30.57295,76.942305,120,52100.0,91.5
524401,Tada,13.553565,80.13328,120,70400.0,91.5
848503,Vidhyapati Nagar,25.7747885,85.8672314,120,44400.0,65.2
828204,Mugma,23.74051,86.71305000000001,120,45300.0,91.5
508277,Mothcore,17.470605,79.315315,120,62200.0,7.3
508279,Nagaram,17.407635,79.490005,120,61300.0,7.3
843325,Parsauni,26.513425,85.40520000000001,120,44700.0,65.2
201012,Vasundhra,28.66006,77.37411499999999,120,84800.0,7.3
411005,Shivajinagar,18.53309,73.849885,120,63400.0,39.0
854339,Balua Bazar,26.4195,87.011465,120,44600.0,65.2
785006,Jorhat Reserch Lab,26.73236,94.129855,120,43800.0,91.5
852138,Tharbitta,26.22882,86.69275999999999,120,44700.0,65.2
852111,Jia Ram Raghopur,26.290635,86.85478,120,44500.0,65.2
852109,Ganpatganj,26.2435,86.834225,120,44500.0,65.2
828112,Jamadoba,23.70334,86.39049,120,45100.0,91.5
828132,Patherdih Coal Washery,23.68143,86.43689499999999,120,45200.0,91.5
247662,Chutmalpur,30.119215,77.829465,120,53400.0,7.3
250341,Dabathwa,29.0805,77.62128,120,61400.0,7.3
852105,Bhaptiyahi Bazar,26.32541,86.707965,120,44700.0,65.2
486440,Laxmanpur,24.648825,81.34716,120,45900.0,45.7
486114,Raipur Karchulion,24.60484,81.457195,120,46100.0,45.7
507154,Siil Campus,17.58191,80.662905,120,48000.0,7.3
171216,Mandal,31.10808,77.80429000000001,120,55300.0,91.5
767039,Kantabanji,20.48051,82.960105,120,44100.0,91.5
486448,Sirmour,24.81511,81.35701,120,46200.0,45.7
828117,Kustore,23.76341,86.38711,120,45200.0,91.5
828119,Patherdih,23.677755,86.42693,120,44900.0,91.5
321606,Kherli,27.22905,77.01736,120,49100.0,91.5
828111,Jharia,23.755775,86.418385,120,45200.0,91.5
641047,Jothipuram,11.185915,76.93159499999999,120,68100.0,91.5
303806,Samod,27.2304,75.83607,120,56600.0,91.5
395012,Limbayat,21.17465,72.86667,120,46200.0,91.5
415002,Sataracity,17.664630000000002,73.850495,120,98700.0,39.0
641020,Sri Ramakrishna Vidyalaya,11.144185,76.880645,120,66500.0,91.5
641022,N.G.G.O Colony,11.11242,76.96169,120,65600.0,91.5
517504,Tirumala,13.728355,79.342085,120,59800.0,91.5
250221,Daurala,29.127565,77.71055000000001,120,61600.0,7.3
828126,Sudamdih,23.662785,86.42748499999999,120,44800.0,91.5
829144,Phusro Bazar,23.796605,86.013585,120,44200.0,91.5
829149,T.T.P.S.Lalpania,23.76155,85.734775,120,43700.0,91.5
134109,Panchkula Sector 8,30.70022,76.86365,120,61600.0,91.5
848204,Garhpura,25.687875,86.15217,120,44600.0,65.2
110034,Pitampura,28.699,77.131,120,82500.0,73.2
415802,Shiposhi,16.923299999999998,73.673145,120,74500.0,39.0
828124,A.C.C. Colony,23.669345,86.514865,120,45100.0,91.5
828101,Bansjora,23.78936,86.356685,120,45300.0,91.5
641107,Sarkarsamakulam,11.139045,77.07806,120,67600.0,91.5
847403,Jhanjharpur RS,26.194855,86.300525,120,44500.0,65.2
641035,Saravanampatti,11.08834,76.989405,120,64700.0,91.5
828303,Bhojudih,23.6488,86.41135,120,44800.0,91.5
829112,I.E.Gomia,23.876325,85.84483,120,44200.0,91.5
506344,Govindaraopet,18.20824,80.25268,120,47300.0,7.3
506347,Pasra,18.189665,80.23411,120,47300.0,7.3
522421,Rentachintala,16.556215,79.51252,120,62100.0,91.5
134107,Chandi Mandir Cantt,30.73243,76.88009,120,61200.0,91.5
828203,Kumardhubi,23.76084,86.77264,120,45300.0,91.5
848202,Meghaul,25.672395,86.066125,120,44500.0,65.2
843311,Athri,26.43631,85.45897,120,44800.0,65.2
D842180,"Ujjain, Madhya Pradesh · D842180",23.2933285,75.6263115,120,57900.0,91.5
394340,Madhi,21.13606,73.236545,120,48500.0,91.5
829104,Bermo,23.756535,85.97252,120,43800.0,91.5
517520,Renigunta,13.684075,79.52123499999999,120,60900.0,91.5
828309,Jitpur,23.72309,86.38208,120,45200.0,91.5
843334,Piprarhi,26.55989,85.348455,120,44700.0,65.2
641017,Vadamadurai Kurudampalayam,11.09142,76.91919,120,64800.0,91.5
394101,Mota Varachha,21.2399,72.8895,120,46000.0,91.5
394180,Kamrej,21.27893,73.00933,120,46900.0,91.5
852215,Karjain Bazar,26.386655,86.85408000000001,120,44700.0,65.2
522612,Durgi,16.40838,79.539265,120,61700.0,91.5
767042,Bhatipara,20.343935,83.15350000000001,120,44200.0,91.5
843316,Belsand,26.457815,85.4162,120,44700.0,65.2
641652,Anuppapalayam,11.154855,77.30920499999999,120,72000.0,91.5
321633,Mauj Pur,27.35398,76.76883,120,60500.0,91.5
303506,Paparda,26.8048659,76.4437457,120,45000.0,91.5
560002,Shivajinagar,12.9836,77.6081,120,104000.0,100.0
171202,Kotkhai,31.12242,77.55712500000001,120,51700.0,91.5
828130,B.Polytechnic,23.80469,86.41558,120,45300.0,91.5
828131,Lodna,23.728085,86.431295,120,45100.0,91.5
261207,Talgaon,27.578665,80.91705999999999,120,52400.0,7.3
507302,Penuballi,17.20633,80.68068,120,48300.0,7.3
126114,Shamlo Kalan,29.226435,76.385785,120,71800.0,11.0
835215,Mesra,23.4198,85.43245,120,41700.0,91.5
847451,Kunauli Bazar,26.412655,86.807675,120,44700.0,65.2
230405,Darchhut,26.0106,82.14474,120,49800.0,91.5
828301,Bhaga,23.72818,86.40399500000001,120,45100.0,91.5
828108,Fri,23.691650000000003,86.41292999999999,120,45000.0,91.5
431136,Bajaj Nagar Midc Waluj,19.8595,75.23034000000001,120,89000.0,39.0
456222,Baledi,23.148045,75.510445,120,58700.0,45.7
785631,Borholla,26.41772,94.13019,120,43200.0,91.5
133301,B.C.W. Suraj Pur,30.771355,76.899595,120,59500.0,91.5
828135,Chasnalla,23.670015,86.444695,120,45100.0,91.5
811102,Mehus,25.234985,85.8592,120,44600.0,65.2
638752,Uttukuli Rs,11.15625,77.444625,120,72200.0,91.5
387110,Ghodasar,22.903175,72.81210999999999,120,61800.0,91.5
403510,Parra,15.575255,73.787575,120,94300.0,39.0
517506,Settipalli,13.638295,79.47692,120,60200.0,91.5
785704,Ongc Jorhat,26.709,94.263035,120,43300.0,91.5
577245,Barandur,13.813115,75.764085,120,57200.0,100.0
785616,Gatanga,26.638855,94.10839,120,43700.0,91.5
517619,Yerpedu,13.70268,79.582,120,61300.0,91.5
641031,Narasimhanaickenpalayam,11.121665,76.92159000000001,120,65900.0,91.5
394150,Kathor,21.29878,72.93754000000001,120,46900.0,91.5
829114,Jaridih Bazar,23.748815,85.94957,120,43800.0,91.5
638101,Arachalur,11.15515,77.699985,120,67300.0,91.5
415115,Yashwantnagar,17.353115000000003,74.174025,120,72800.0,39.0
700052,Kolkata Airport,22.647085,88.43861000000001,120,51900.0,91.5
828133,Bhulan Bararee,23.70084,86.42675,120,45000.0,91.5
851132,Sripur,25.598375,86.09121999999999,120,44500.0,65.2
851133,Teghra,25.53003,85.93848,120,44800.0,65.2
415308,Kharsundi,17.360599999999998,74.78372,120,89900.0,39.0
456010,Ujjain  M.L.Nagar,23.15597,75.804745,120,59200.0,45.7
786003,Central Revenue Building,27.39747,94.954745,120,40800.0,91.5
463111,Lalariya,23.697765,77.48116,120,46100.0,45.7
322218,Sapotara,26.272135,76.77076500000001,120,39200.0,91.5
387315,Chaklashi,22.66688,72.946405,120,59800.0,91.5
394190,Kholvad,21.268805,72.9442,120,46300.0,91.5
D428839,"Bhojpur, Bihar · D428839",25.4501182,84.5635193,120,44800.0,91.5
517643,Kovanur,13.5841,79.700095,120,62300.0,91.5
841206,Dayalpur,26.034355,84.61212499999999,120,44500.0,65.2
171205,Jubbal,31.082045,77.65903,120,52200.0,91.5
795145,Litan,24.805215,94.403445,120,41500.0,91.5
341031,Padukallan,26.639315,74.32161500000001,120,47500.0,91.5
283136,Jasrana,27.226485,78.65419499999999,120,52800.0,7.3
841204,Chainwa,26.018405,84.51022,120,44800.0,65.2
847410,Tamuria,26.240295000000003,86.345245,120,44600.0,65.2
847421,Laukaha,26.533395,86.448965,120,44600.0,65.2
851120,Bhagwanpur,25.57066,86.026015,120,44500.0,65.2
638152,Unjalur,11.127415,77.86151000000001,120,64300.0,91.5
638051,Chennimalai,11.151425,77.59418500000001,120,66600.0,91.5
768027,Attabira,21.40434,83.767155,120,44000.0,91.5
768102,Larambha,21.28881,83.87360000000001,120,44100.0,91.5
821101,Bhabua,25.0402736,83.6076361,120,44200.0,91.5
847409,Phulparas,26.36145,86.47387,120,44400.0,65.2
631152,Suraksha Cisf Campus,13.042235,79.749225,120,61400.0,91.5
641110,Vaiyampalayam,11.139245,77.00254000000001,120,66900.0,91.5
394651,Anumala,21.204565,73.373695,120,49300.0,91.5
761213,Rayagada,18.95912,84.162825,120,44600.0,91.5
761217,Odava,19.48757,84.06956500000001,120,44500.0,91.5
475115,Pichhore Gird,25.959295,78.445175,120,46500.0,45.7
342022,Shergarh,26.35679,72.266445,120,50900.0,91.5
342021,Somesar,26.608495,72.14896999999999,120,49800.0,91.5
342027,Banar,26.299815,73.260985,120,52600.0,91.5
841224,Panditpur,26.07396,84.6326,120,44600.0,65.2
394655,Kapura,21.02503,73.46168499999999,120,48700.0,91.5
522414,Dachpalle,16.62697,79.737,120,60800.0,91.5
522415,Gurazalla,16.556939999999997,79.60377,120,61600.0,91.5
394601,Bardoli,21.12717,73.10433499999999,120,47100.0,91.5
768030,Bhatli,21.51514,83.58301,120,43900.0,91.5
517507,Tirupati North,13.67634,79.42704,120,60100.0,91.5
462101,Dillod,23.46585,77.438045,120,45300.0,45.7
851204,Khagaria Mukhya Dakghar,25.51723,86.39156,120,44900.0,65.2
230135,Patti,25.938145,82.22373999999999,120,49800.0,91.5
804420,Kazisarai,25.1529579,85.0065043,120,44800.0,65.2
813102,Banka,24.8328273,86.8161114,120,44600.0,65.2
852218,Pipra Bazar,26.154645,86.81805,120,44700.0,65.2
201308,Knowledge Park III,28.475205180457223,77.49237637383759,120,54000.0,62.8
577544,"Davanagere, Karnataka",14.2558835,75.8303421,120,59900.0,100.0
508223,Tirumalgiri,17.49299,79.45589000000001,120,60900.0,7.3
395006,Varachha Road,21.214395000000003,72.862725,120,46200.0,91.5
424001,Dhule,20.896725,74.77214000000001,120,77700.0,39.0
560099,Bellandur,12.935,77.666,120,102600.0,65.2
322241,Karauli,26.521285,77.03183999999999,120,44800.0,91.5
828205,Nirsa Chatti,23.829485,86.69830999999999,120,45500.0,91.5
394635,Dolvan,20.88984,73.40322,120,48000.0,91.5
829123,Right Bank Tenughat,23.702985,85.86957,120,43700.0,91.5
641013,Govt.College Of Technology,11.018925,76.9337,119,62100.0,91.5
641014,Coimbatore Aerodrome,11.035565,77.037645,119,62200.0,91.5
387320,Dabhan,22.71369,72.80872,119,58600.0,91.5
642109,Kinathukadavoo,10.81366,76.980965,119,53700.0,91.5
835325,Nagjua,23.41287,84.87621999999999,119,42100.0,91.5
560096,Nandinilayout,13.014165,77.53619,119,77800.0,100.0
262722,Aira Estate,27.865505,81.0861,119,51000.0,7.3
250342,Sardhana,29.19448,77.5775,119,59900.0,7.3
768045,Bhukta,21.55027,83.407805,119,43500.0,91.5
851203,Jamalpur Gogri,25.382395,86.63083,119,44300.0,65.2
641602,Tirupur North,11.1446,77.349905,119,71200.0,91.5
171019,Jalog,31.24405,77.32506000000001,119,48000.0,91.5
761015,Mohana,19.48848,84.29242500000001,119,44200.0,91.5
854301,Purnea,25.7802,87.477975,119,44100.0,65.2
641603,Gandhinagar,11.13664,77.327935,119,70700.0,91.5
761207,Gumma,18.96,84.04197500000001,119,44500.0,91.5
573127,Bykere,12.986305,75.790325,119,56800.0,100.0
400710,Millenium Business Park,19.116025,73.02494999999999,119,64100.0,39.0
641018,Coimbatore Central,11.00384,76.976065,119,61100.0,91.5
573216,Hagare,13.13698,75.97695999999999,119,56400.0,100.0
761208,Kharada,18.884875,83.96286,119,44200.0,91.5
506003,Kazipet,17.930415,79.50622,119,55600.0,7.3
577229,Kawalgundi,13.87405,75.68972,119,56700.0,100.0
641043,Sahs College,11.02657,76.946965,119,62300.0,91.5
786102,Chabua Air Field,27.46289,95.12007,119,40200.0,91.5
506369,Redlawada,17.766759999999998,79.74097,119,47000.0,7.3
854202,Banmankhi,25.7806118,86.9364753,119,44500.0,65.2
416303,Bhilavadi,17.00042,74.49348,119,84800.0,39.0
700108,ISI,22.648745,88.379785,119,51100.0,91.5
573125,Javagal,13.30183,76.09749500000001,119,56600.0,100.0
641021,Coimbatore Industrial Estate,10.928875,76.987545,119,57400.0,91.5
517101,Chandragiri,13.592315,79.308135,119,59100.0,91.5
834009,Ranchi Medical College,23.402765,85.36164500000001,119,41000.0,91.5
835102,Silli,23.34391,85.761305,119,42200.0,91.5
463106,Berasia Bhopal,23.602815,77.397445,119,45900.0,45.7
641026,Komarapalayam Coimbatore,10.983145,76.9436,119,60600.0,91.5
641027,Rathinapuri,11.033684999999998,76.96175,119,62400.0,91.5
851113,B.Deorhi,25.47166,85.95766499999999,119,44200.0,65.2
847302,Jalley,26.363390000000003,85.73202,119,44000.0,65.2
847303,Jogiara,26.41354,85.7465,119,44100.0,65.2
283130,Parham,27.312395,78.704425,119,53200.0,7.3
403523,Carona,15.565455,73.874465,119,93300.0,39.0
851127,Manjhaul,25.5125411,86.0883392,119,44400.0,65.2
395013,Sarthana,21.23024,72.913195,119,45400.0,91.5
342802,Luni,26.061495,73.054245,119,51400.0,91.5
641030,Kavundampalayam Colony,11.04301,76.94144,119,62900.0,91.5
641023,Podanur,10.96897,76.98151,119,59400.0,91.5
631004,Ekhunagar,13.086895,79.6987,119,60500.0,91.5
829117,Marar,23.663145,85.5776,119,43200.0,91.5
641008,Kuniamuthur,10.95318,76.95334,119,59200.0,91.5
415105,Ogalewadi,17.326235,74.25525999999999,119,76300.0,39.0
631051,Namali,12.95621,79.65208,119,59200.0,91.5
786103,Tengakhat,27.3755,95.1773,119,39900.0,91.5
506112,Kesamudram,17.692405,79.872935,119,46500.0,7.3
641201,Chettipalayam,10.906295,77.06513000000001,119,54500.0,91.5
641202,Vadasithur,10.8411,77.09620000000001,119,49000.0,91.5
641050,Malumichampatti,10.92075,77.001165,119,56700.0,91.5
475335,Bhandair,25.76551,78.80937,119,49700.0,45.7
122022,Gurgaon Golf Course Rd,28.4324,77.1005,119,116900.0,26.2
641024,Sundarapuram,10.95609,76.97059,119,59000.0,91.5
573165,Hanbalu,12.986875,75.67821,119,57400.0,100.0
332715,Srimadhopur,27.477200000000003,75.644225,119,61500.0,91.5
394160,Mandvi SR,21.291945,73.34818,119,48900.0,91.5
785014,Rajabari,26.743415,94.227755,119,43200.0,91.5
641042,Kovaipudur,10.93765,76.93218,119,59100.0,91.5
313702,Jhadol (P),24.453502,73.4070437,119,46600.0,91.5
477557,Mehgoun,26.50983,78.61542,119,48900.0,45.7
284206,Tori Fatehpur,25.50137,79.12868,119,47000.0,7.3
573112,Banavara,13.403845,76.16698500000001,119,55800.0,100.0
571104,Bylakuppe,12.423305,75.97771,119,44800.0,100.0
124303,Sanghi,29.006395,76.64244,119,66700.0,11.0
641111,Vellalore,10.96608,77.018855,119,58700.0,91.5
631006,Ins Rajali,13.065255,79.692375,119,60300.0,91.5
641009,Ramnagar Coimbatore,11.008915,76.962605,119,61400.0,91.5
641036,Nanjundapuram,10.98107,76.994585,119,59800.0,91.5
641044,Siddhapudur,11.019405,76.975335,119,61700.0,91.5
641045,Ramanathapuram Coimbatore,10.998175,76.98950500000001,119,60700.0,91.5
852125,Pratapganj,26.2861,86.973465,119,44300.0,65.2
609703,Tittachery,10.862765,79.801005,119,67100.0,91.5
124513,Nindana,29.015085,76.39924500000001,119,70400.0,11.0
813207,Khesar,24.945045,86.73825500000001,119,44400.0,65.2
768039,Paikmal,20.896395,82.84589,119,44000.0,91.5
171203,Tikkar,31.18426,77.63862499999999,119,54900.0,91.5
851118,Baro,25.433975,85.970305,119,44200.0,65.2
826004,Indian School Of Mines,23.824855,86.47095999999999,119,45400.0,91.5
507201,Yerrupalem,16.858719999999998,80.51313,119,48400.0,7.3
506134,Gudur,17.82125,79.962775,119,46900.0,7.3
841220,Parsagarh,25.990315,84.59018499999999,119,44200.0,65.2
841208,Ekma,25.9639,84.546675,119,44400.0,65.2
506365,Parwathagiri,17.739615,79.72951499999999,119,46600.0,7.3
786151,Doom Dooma,27.56037,95.57811,119,39300.0,91.5
828207,Maithon Dam,23.81432,86.784705,119,45500.0,91.5
110094,"North East, Delhi",28.723308,77.2668565,119,80500.0,53.0
122105,Tauru,28.22754,76.944155,119,110900.0,11.0
171208,Chirgaon,31.2769,78.04590999999999,119,53100.0,91.5
813202,Belhar,24.90201,86.597005,119,44500.0,65.2
415639,MIDC,17.014110000000002,73.397935,119,69500.0,39.0
834005,Hehal,23.383345,85.28059,119,41100.0,91.5
641003,Lawley Road,11.00829,76.93031,119,61700.0,91.5
813101,Amarpur,24.970155,86.83025,119,44400.0,65.2
813107,Rajoun,25.001655,87.012125,119,44200.0,65.2
506132,Narsampet,17.98463,79.95109,119,46700.0,7.3
786101,Dikom,27.433525,95.10276,119,40300.0,91.5
388260,Birpur,23.212775,73.447825,119,67300.0,91.5
D211490,"Pratapgarh, Uttar Pradesh · D211490",25.75,81.75,119,48800.0,91.5
425502,Savda,21.130805,75.913375,119,69700.0,39.0
424005,Dhule Vidya Nagari,20.92939,74.77968999999999,119,77500.0,39.0
205263,Jeonti,27.305725,78.872165,119,51400.0,7.3
205264,Karhal,27.045285,78.917735,119,50000.0,7.3
477222,Mau,26.310255,78.642735,119,51600.0,45.7
416410,Miraj,16.899575,74.71463,119,85500.0,39.0
250222,Lawar,29.123510000000003,77.78766,119,67400.0,7.3
301026,Ramgarh,27.58068,76.858025,119,58900.0,91.5
416407,Malgaon,16.890205,74.77042,119,85500.0,39.0
834008,Ranchi University,23.400915,85.314295,119,41100.0,91.5
415629,Shirgaon,17.042135000000002,73.29538,119,69400.0,39.0
641032,Othakkalmandapam,10.85859,76.94927,119,56100.0,91.5
D515353,"Darbhanga, Bihar · D515353",26.0829899,86.0324951,119,44100.0,91.5
517526,Papanaidupet,13.595445000000002,79.61418,119,60600.0,91.5
641001,Coimbatore,10.99806,76.959315,119,61000.0,91.5
641049,Chinnavedampatti,11.068225,76.975985,119,63800.0,91.5
641038,Kuppakonanpudur,11.0311,76.942735,119,62500.0,91.5
847307,Ratanpur,26.289405,85.745515,119,44000.0,65.2
517502,S.V.University,13.62125,79.39322999999999,119,59600.0,91.5
641007,S.B.Institute,10.99663,76.89283499999999,119,61700.0,91.5
394305,Chalthan,21.141865,72.96954,119,45600.0,91.5
641029,Gnanambika Mills,11.067915,76.948865,119,63900.0,91.5
332041,Phagalwa,27.6624156,75.0279971,119,47900.0,91.5
847304,Kamtaul,26.337015,85.81573,119,44000.0,65.2
456550,Ghattia,23.44557,75.8577,119,57000.0,45.7
786191,Naoholia,27.35622,95.39619,119,39700.0,91.5
641015,Uppilipalayam,11.01253,77.023535,119,61100.0,91.5
410405,Kamshet,18.77517,73.52865,119,54400.0,39.0
641025,Velandipalayam,11.04069,76.92690999999999,119,62900.0,91.5
394335,Kadod,21.21422,73.21363,119,48100.0,91.5
786012,Mohanbari Air Field,27.4893,95.024295,119,40400.0,91.5
424309,Songir,21.114445,74.805275,119,76600.0,39.0
641033,Neelikonampalayam,11.01217,77.042225,119,61000.0,91.5
517501,Tirupati,13.63184,79.436365,119,59900.0,91.5
641046,Bharathiyar University,11.039375,76.867305,119,63200.0,91.5
641062,Sinniampalayam,11.062365,77.06852,119,63600.0,91.5
641028,Sowripalayam,11.00941,77.00537499999999,119,61100.0,91.5
172102,Sarahan BSR,31.46976,77.81706,119,51300.0,91.5
415807,Devale,16.99449,73.58827500000001,119,71000.0,39.0
411011,Kasba Peth,18.523615,73.861825,119,60800.0,39.0
641002,Rathinasabapathy Puram,11.010665,76.94876,119,61600.0,91.5
480115,Chourai,22.08598,79.281105,119,56800.0,45.7
641004,Peelamedu,11.035,77.00724,119,62300.0,91.5
641005,Singanallur,10.99865,77.024765,119,60400.0,91.5
387120,Kanij,22.849995,72.67131,119,62200.0,91.5
390025,Soma Talav,22.28048,73.238815,119,53000.0,91.5
303807,Udaipuria,27.216845,75.73089999999999,119,53500.0,91.5
415619,Hatkhamba,17.014635,73.43499,119,69200.0,39.0
841422,Sahajitpur,26.0539,84.69315499999999,119,44100.0,65.2
785015,Korokatoly,26.785105,94.1727,119,43200.0,91.5
785635,Nakachari,26.694825,94.410595,119,42200.0,91.5
761206,Kashinagar,18.923205000000003,83.87625,119,44300.0,91.5
303348,Naraina,26.776245000000003,75.1346,119,48400.0,91.5
852221,Sour Bazar,25.8330757,86.6143751,119,44400.0,65.2
411047,Lohogaon,18.602355,73.93776,119,62400.0,39.0
811103,Nimi,25.127495,85.668845,119,44200.0,65.2
486002,Rewa Engineering College,24.561265,81.32050000000001,119,45600.0,45.7
507306,Dammapeta,17.302725000000002,80.9813,119,48200.0,7.3
208012,R K Nagar S.O (Kanpur Nagar),26.4410107,80.2652803,119,46300.0,13.4
824231,Bodhgaya,24.679389,85.0115833,119,43800.0,91.5
641006,Ganapathy,11.03746,76.9747,119,62500.0,91.5
811304,Chewara,25.053585,85.918105,119,44400.0,65.2
134113,Sector 15 Panchkula,30.680805,76.84027499999999,119,61600.0,91.5
641037,Pappanaickenpalayam,11.015365,76.985845,119,61500.0,91.5
415122,Wing,17.252405,74.12780000000001,119,72300.0,39.0
761212,Narayanapur,18.92687,84.30154,119,44400.0,91.5
456661,Tajpur,23.19511,75.907265,119,58500.0,45.7
456664,Narwar,23.07443,75.905865,119,58800.0,45.7
803109,Giriak,25.1250741,85.8160771,119,44300.0,65.2
847408,Madhepur,26.13755,86.41947,119,44300.0,65.2
811101,Barbigha,25.218825,85.737475,119,44400.0,65.2
230133,Prithviganj Bazar,25.85287,82.23707,119,49500.0,91.5
431009,Garkheda,19.86112,75.343925,119,84900.0,39.0
486003,Rewa APSU,24.56739,81.341985,119,45700.0,45.7
786602,Duliajan,27.342135,95.289995,119,39800.0,91.5
786184,Chabua,27.53513,95.123105,119,40400.0,91.5
638151,Kodumudi,11.05847,77.854935,119,60600.0,91.5
387002,Patel Society Area Tso Nad,22.69848,72.83983,119,58500.0,91.5
411012,Dapodi,18.586715,73.82809499999999,119,60800.0,39.0
262723,Dhaurahara,28.038185,81.121715,119,51500.0,7.3
134114,Mansa  Devi Sec-5,30.734085,76.848855,119,66100.0,91.5
517505,Perumallapalle,13.616285,79.36001,119,59500.0,91.5
230134,Oraiyadeeh,25.874865,82.155835,119,49500.0,91.5
486553,Gurh,24.46683,81.494245,119,45900.0,45.7
171215,Mandhole,31.140725,77.70105000000001,119,54900.0,91.5
841410,Dumarshan Bangra,26.194000000000003,84.846245,119,44100.0,65.2
854305,Khuskibagh,25.78543,87.51043000000001,119,44200.0,65.2
641039,Telungupalayam,10.993615,76.925745,119,61200.0,91.5
230142,Shitlaganj,25.927415000000003,82.10569,119,49500.0,91.5
641012,Tatabad,11.021975,76.96383,119,61900.0,91.5
768111,Godbhaga,21.417645,83.850955,119,43700.0,91.5
507164,Vemsur,17.10295,80.7625,119,48300.0,7.3
486338,Raghunathganj,24.65652,81.64863,119,46100.0,45.7
799210,Kamalghat,23.93106,91.351855,119,59500.0,91.5
641048,Kalapatti,11.080035,77.056235,119,64500.0,91.5
415803,Pali,16.98247,73.54599,119,71400.0,39.0
205265,Kuraoli,27.389415,78.963935,119,51000.0,7.3
852139,Triveniganj,26.150895,86.899365,119,44400.0,65.2
573215,Bikkodu,13.065625,75.89107,119,57300.0,100.0
171212,Matiana,31.20416,77.35582500000001,119,48300.0,91.5
641407,Arasur,11.08869,77.12223499999999,119,65300.0,91.5
507303,Sathupalli,17.2187,80.83904,119,48300.0,7.3
230401,Kohdaur,26.02839,82.03551,119,49600.0,91.5
486446,Beeda,24.67514,81.232475,119,45700.0,45.7
641041,Pappanaickenpudur,11.02664,76.90862,119,62500.0,91.5
342606,Pipar Road,26.492795,73.45939,119,50100.0,91.5
631151,Takkolam,13.01909,79.706745,119,60300.0,91.5
854201,Banaili,25.95044,87.32091,119,44100.0,65.2
171018,Basanatpur,31.220535,77.2187,119,47000.0,91.5
785001,Jorhat,26.760905,94.210875,119,43200.0,91.5
785010,Chengeli Gaon,26.772295,94.26914,119,43100.0,91.5
854205,Dhamdaha,25.7161,87.20885,119,44200.0,65.2
250104,Kithore,28.89301,78.02353,119,68200.0,7.3
230403,Madhoganj,25.964695,82.03383,119,49400.0,91.5
854105,Katihar,25.547825000000003,87.58352500000001,119,44400.0,65.2
852137,Surpatganj,26.21079,87.02874,119,44300.0,65.2
486123,Manikwar,24.558405,81.621725,119,46000.0,45.7
641112,Amritanagar,10.89763,76.90673000000001,119,58400.0,91.5
486445,Semariya,24.827995,81.16459,119,45500.0,45.7
641010,Perur,10.94959,76.895645,119,60100.0,91.5
500029,Himayathnagar,17.402845,78.48515,119,53800.0,7.3
768042,Jharbandh,21.04836,82.79178999999999,119,43700.0,91.5
387001,Nadiad,22.69943,72.86149,119,59100.0,91.5
506165,Eturunagaram,18.417525,80.29661,119,46800.0,7.3
456443,Mehidpur,23.480355,75.69065499999999,119,55900.0,45.7
394185,Kamrej Char Rasta,21.246905,72.986385,119,45900.0,91.5
786692,Anandapara,27.37145,95.319365,119,39800.0,91.5
638109,Sivagiri,11.121465,77.78159500000001,119,65200.0,91.5
507202,Banigandlapahad,16.89731,80.53558,119,48400.0,7.3
415106,Masur,17.436875,74.199285,119,69300.0,39.0
841201,Bareja,25.902395,84.549,119,44200.0,65.2
403516,Calangute,15.55402,73.768185,119,93300.0,39.0
852214,Jadia,26.102165,87.019785,119,44400.0,65.2
641011,Saibaba Mission,11.02398,76.94245,119,62200.0,91.5
387370,Uttarsanda,22.658605,72.89336,119,57900.0,91.5
341317,Ratau,27.38452,74.33401,119,43800.0,91.5
827014,Balidih,23.673725,86.05843999999999,119,43600.0,91.5
231226,Wyndhamganj,24.320145,83.322105,119,45900.0,91.5
855114,Sonali,25.62338,87.71634,118,43900.0,65.2
415527,Kuroli Sidheshwar,17.59717,74.345005,118,70700.0,39.0
486001,Rewa,24.524435,81.29008,118,44900.0,45.7
506143,Ghanpur Station,17.819865,79.432155,118,56800.0,7.3
508256,Gurrampode,16.851174999999998,79.09365,118,57000.0,7.3
841205,Daudpur,25.91375,84.61042,118,43800.0,65.2
431105,Bidkingaon,19.655945000000003,75.366925,118,85500.0,39.0
786610,Naharkatia,27.28834,95.22456,118,39600.0,91.5
577222,Nidige,13.88016,75.62278,118,55700.0,100.0
631002,Palanipet,13.042045,79.639275,118,59300.0,91.5
786159,Sukriting,27.546645,95.58136,118,39300.0,91.5
423702,Lasur Station,19.879705,75.03867,118,86200.0,39.0
171225,Baghi,31.212115,77.5435,118,51600.0,91.5
641016,Ondipudur,10.95845,77.08461,118,57800.0,91.5
D581407,"Supaul, Bihar · D581407",26.2768089,86.7959614,118,43800.0,91.5
785108,Kakilamukh,26.811245,94.13081,118,43200.0,91.5
573144,Kanakatte,13.462635,76.291165,118,53800.0,100.0
835204,Bundu,23.222095,85.633315,118,41700.0,91.5
768031,Ambabhana,21.629595,83.49756500000001,118,43200.0,91.5
846005,Postal Traning Centre,26.201245,85.879775,118,43600.0,65.2
846003,D.M.C.,26.06963,85.82174,118,43600.0,65.2
171003,AGPO,31.11791,77.179495,118,45900.0,91.5
281405,Barsana,27.676965000000003,77.38988499999999,118,52200.0,7.3
370427,Baladia,23.1010821,69.6099056,118,45700.0,91.5
410516,Shinoli,19.091865,73.776805,118,56300.0,39.0
851114,Barauni Oil Refinery,25.43074,86.05982,118,43900.0,65.2
854204,Bhawanipur Rajdham,25.610575,87.129475,118,44100.0,65.2
786190,Hansara,27.57627,95.52593,118,39300.0,91.5
577220,Mandagadde,13.77943,75.4556,118,54600.0,100.0
829132,Bhandaridah,23.77105,86.063485,118,43300.0,91.5
283141,Shikohabad RS,27.01078,78.56498,118,46400.0,7.3
506222,Kodakondla,17.581519999999998,79.459375,118,59000.0,7.3
641402,Sulur,11.00847,77.128575,118,60900.0,91.5
416304,Budhgaon,16.92825,74.583565,118,85000.0,39.0
847122,Bisfi,26.327155,85.903925,118,43900.0,65.2
854102,Chopra Ram Nagar,25.916595,87.1063,118,44000.0,65.2
813211,Shambhuganj,25.046645,86.75354,118,44000.0,65.2
261136,Singhnapur,27.74098,81.011905,118,50500.0,7.3
451440,Un S.O (West Nimar),21.833333,75.5,118,49400.0,91.5
506102,New Abadi,17.640005000000002,79.9229,118,46100.0,7.3
851115,Barauni Urvark Nagar,25.43164,86.03225,118,43900.0,65.2
854302,Purnea City,25.82241,87.506585,118,44000.0,65.2
854203,Barhara Kothi,25.758495,87.086505,118,44100.0,65.2
231212,Amwar,24.102645000000003,83.19883,118,46200.0,91.5
171223,Arhal,31.21524,77.70532,118,57900.0,91.5
172030,Thanedhar,31.32759,77.48763,118,50400.0,91.5
560079,Basaveshwaranagar,12.98702,77.53327,118,73400.0,100.0
283204,Tundla,27.232995000000003,78.297965,118,48700.0,7.3
829122,Ramgarh Cantt,23.630025,85.51605,118,43000.0,91.5
631052,Panapakkam,12.93867,79.56934,118,58400.0,91.5
631001,Arakkonam,13.08783,79.667265,118,59600.0,91.5
785619,Kamargaon,26.67756,93.76447,118,48800.0,91.5
854306,Sarsi,25.8424,87.29314500000001,118,44100.0,65.2
D763704,"Kheri, Uttar Pradesh · D763704",28.116667,80.716667,118,51400.0,91.5
283103,Oef  Firozabad,27.194165,78.323235,118,48500.0,7.3
230501,Antu,26.04274,81.91639,118,49400.0,91.5
851135,Bihat,25.434485,86.019845,118,43900.0,65.2
394445,Umarpada,21.43554,73.541275,118,48700.0,91.5
415304,Kadegaon,17.33253,74.31797,118,79100.0,39.0
847306,Pindaruch,26.24272,85.8414,118,43800.0,65.2
403501,Porvorim,15.547675,73.83682999999999,118,91700.0,39.0
517503,Tiruchanoor,13.598025,79.45841999999999,118,59400.0,91.5
804417,Jehanabad R.S.,25.224995,84.994895,118,43900.0,65.2
322243,Kailadevi,26.262825,76.95371499999999,118,34900.0,91.5
431109,Gangapur,19.77824,74.918965,118,84400.0,39.0
506368,Nallikaddur,17.608674999999998,79.780055,118,45800.0,7.3
390022,Harni Colony,22.3647,73.23487,118,52800.0,91.5
641601,Tirupur,11.10789,77.343765,118,68600.0,91.5
841417,Masrakh,26.125175,84.797075,118,43900.0,65.2
202140,Lodha,27.918715,77.951385,118,66200.0,7.3
202141,Dayal Nagar,28.00159,77.74144,118,61200.0,7.3
387550,Nayka,22.748715,72.59507500000001,118,58200.0,91.5
410513,Chas,18.95165,73.82688999999999,118,55900.0,39.0
506352,Jangalapally,18.189155,80.01957999999999,118,45900.0,7.3
786170,Makum Junction,27.479935,95.472965,118,39300.0,91.5
811303,Chakai,24.52233,86.35925499999999,118,44000.0,65.2
322252,Suroth,26.7665,77.21252,118,42500.0,91.5
829130,Prc,23.61128,85.574795,118,42500.0,91.5
171007,Mashobra,31.16066,77.22004,118,46300.0,91.5
799211,Mohanpur,23.974095,91.387135,118,57800.0,91.5
786612,Tingkhong,27.209915,95.16598,118,39500.0,91.5
847407,Lohna Road,26.213945,86.2307,118,43600.0,65.2
431004,Dr. B.A. Marathwada University,19.91286,75.29345,118,87500.0,39.0
415521,Lonand,18.021495,74.17668,118,114200.0,39.0
804427,Tehta,25.12377,84.97919999999999,118,44200.0,65.2
422002,Gole Colony,19.99838,73.77006499999999,118,51200.0,39.0
124404,Hassangarh,28.823465,76.85177,118,74000.0,11.0
413103,Bawada,17.96591,74.998785,118,62400.0,39.0
854303,Purnea Polyticnic,25.732605,87.40732,118,44100.0,65.2
802166,Umraonganj,25.666805,84.453355,118,44100.0,65.2
577233,Kudligere,13.93441,75.784955,118,55800.0,100.0
825330,Topa Coliery,23.745455,85.45550499999999,118,43000.0,91.5
825325,Kedla,23.80204,85.60332,118,42700.0,91.5
172027,Baragaon,31.334580000000003,77.39169,118,49000.0,91.5
172028,Delath,31.328945,77.56060500000001,118,51400.0,91.5
205267,Sultanganj,27.346385,79.116885,118,49300.0,7.3
829101,Argada,23.67777,85.439555,118,42900.0,91.5
851218,Suhird Nagar,25.445385,86.14973499999999,118,43800.0,65.2
631005,Winterpet,13.0767,79.65575999999999,118,59500.0,91.5
341316,Nimbijodhan,27.52251,74.29371499999999,118,43600.0,91.5
172031,Kotgarh,31.293345,77.48515,118,50300.0,91.5
854106,Katihar Bmp Camp,25.609375,87.51112,118,43800.0,65.2
342605,Bhavi,26.204085,73.54339999999999,118,49300.0,91.5
230306,Suwansa,25.71025,82.140825,118,49000.0,91.5
829134,Sarubera,23.73043,85.6265,118,42900.0,91.5
D169177,"Datia, Madhya Pradesh · D169177",25.9182947,78.6644962,118,49500.0,91.5
425504,Khiroda,21.28897,75.87128000000001,118,67200.0,39.0
811107,Sirari,25.15103,85.955815,118,44000.0,65.2
560098,Rajarajeshwarinagar,12.911275,77.517055,118,71800.0,100.0
341518,Jasnagar,26.470115,74.050915,118,47200.0,91.5
390017,Wadi S.N. Road,22.295865,73.2145,118,52500.0,91.5
303908,Kotkhawada,26.622445,76.092275,118,47100.0,91.5
851216,Parbatta,25.31003,86.70904999999999,118,44100.0,65.2
342601,Pipar,26.415095,73.59812,118,49100.0,91.5
341510,Merta,26.570935,74.00364,118,47100.0,91.5
785603,Oating,26.36264,93.99974,118,41500.0,91.5
171001,Shimla G.P.O.,31.101885,77.173085,118,45800.0,91.5
508004,Slbc,16.99546,79.22314,118,56900.0,7.3
341026,Marwar Mundwa,27.0492,73.79553,118,44300.0,91.5
341030,Tarnau,27.151085,74.12571,118,43400.0,91.5
171201,Theog,31.1539,77.337305,118,47300.0,91.5
171204,Kiari,31.169475,77.543375,118,51100.0,91.5
517561,Kattakindavenkatapuram,13.535105,79.386775,118,58500.0,91.5
577203,Vidyanagar Shimoga,13.875845,75.565095,118,54800.0,100.0
171006,Sanjauli,31.091205,77.20118,118,45900.0,91.5
847106,Kansi Simri,26.12441,85.74034,118,43700.0,65.2
847108,Narahiya,26.411685,86.62187,118,43900.0,65.2
301030,Matasya Ind. Area,27.50488,76.679095,118,59600.0,91.5
394375,Uchchhal,21.28418,73.78830500000001,118,54900.0,91.5
416220,Uttur,16.23681,74.2284,118,71700.0,39.0
172021,Nankhari,31.26672,77.59215,118,52900.0,91.5
425308,Varangaon Ord.Factory,21.031985,75.945655,118,69600.0,39.0
641668,Somanur,11.079155,77.19664,118,65500.0,91.5
485111,Ramvan,24.57297,81.044835,118,43700.0,45.7
485112,Babupur,24.64055,80.99501000000001,118,43500.0,45.7
506310,Panthani,17.825499999999998,79.61973,118,46100.0,7.3
700035,Alambazar,22.650125000000003,88.364395,118,50400.0,91.5
813109,Punsia,24.959955,87.04872499999999,118,44000.0,65.2
462120,Nazirabad,23.76375,77.26474,118,46300.0,45.7
517551,Vadamalpet,13.542235,79.5232,118,58600.0,91.5
172024,Kingal,31.316405000000003,77.38571999999999,118,49000.0,91.5
396375,Dungri S.O (Valsad),20.829714,73.0332342,118,48400.0,91.5
171213,Narkanda,31.226355,77.492125,118,50500.0,91.5
802351,Benwalia,25.658725,84.53450000000001,118,44000.0,65.2
415512,Pusesawali,17.47104,74.34133,118,69800.0,39.0
761210,Gurandi,18.811645,84.23724,118,43900.0,91.5
761211,Uppalada,18.83243,84.164425,118,44000.0,91.5
641607,Tirupur East,11.13175,77.38790499999999,118,70100.0,91.5
854326,Gulabbagh,25.80942,87.594825,118,44000.0,65.2
786002,Assam Medical College,27.54532,94.955275,118,40400.0,91.5
786005,Jalan Nagar,27.502525,94.91975,118,40200.0,91.5
394327,Kadodara,21.17323,72.95898,118,44200.0,91.5
506144,Abadighanpur,17.87504,79.39734,118,56700.0,7.3
847337,Ryam Factory,26.27901,86.001745,118,43800.0,65.2
804425,Sakurabad,25.14461,84.906695,118,44000.0,65.2
847115,Muria,26.19799,85.99438,118,43500.0,65.2
829301,Jaina,23.608045,85.98414500000001,118,42800.0,91.5
835101,Chotamuri,23.392515,85.84349,118,42400.0,91.5
834001,Ranchi G.P.O.,23.367015,85.334125,118,40200.0,91.5
172029,Kumarsain,31.312755000000003,77.43567,118,49700.0,91.5
416218,Kapshi,16.32853,74.26959,118,71000.0,39.0
711102,Sibpur,22.565075,88.32424499999999,118,54700.0,91.5
785101,Bahana,26.814485,94.25873,118,43100.0,91.5
394325,Umbhel,21.181275,72.97223,118,44200.0,91.5
342801,Dunara,25.97264,72.872255,118,51700.0,91.5
171220,Bagain,31.105435,77.42911,118,48000.0,91.5
171222,Sandhu,31.140405,77.370065,118,47600.0,91.5
854109,Katihar Court,25.5754,87.53929500000001,118,44000.0,65.2
761201,Station Road Paralakhemundi,18.818815,84.07953,118,43900.0,91.5
847428,Bharathi,26.163725,85.79959,118,43700.0,65.2
847104,Bharwara,26.22163,85.763325,118,43800.0,65.2
172022,Nogli,31.379595,77.76795,118,53000.0,91.5
416508,Kowad,15.991565,74.39809500000001,118,77900.0,39.0
829102,Barkakana,23.617435,85.48354499999999,118,42500.0,91.5
171214,Jangla,31.276335000000003,77.81357,118,55600.0,91.5
641103,Irugur,11.01783,77.08664999999999,118,61300.0,91.5
303604,Sambhar Lake,26.88229,75.17323,118,47700.0,91.5
431133,Waluj,19.74727,75.14901,118,86600.0,39.0
571107,Periyapatna,12.328895,76.031815,118,45000.0,100.0
431110,Raghunath Nagar,19.661745,74.96344500000001,118,84300.0,39.0
485005,Satna Birla Vikas,24.598845,80.888205,118,43200.0,45.7
172101,Jeori,31.61685,77.77584,118,49800.0,91.5
172201,Jhakri,31.500775,77.70091500000001,118,51000.0,91.5
412408,Ghodegaon,19.065585,73.82008,118,56000.0,39.0
486450,Jaypee Nagar,24.55933,81.20289,118,44800.0,45.7
761215,Garabandha,18.8517,84.292625,118,44100.0,91.5
523328,Pullala Cheruvu,16.20402,79.45544,118,60400.0,91.5
641401,Kangayampalayam,11.031355,77.17011500000001,118,62500.0,91.5
486005,Rewa Bansagar Coloney,24.493285,81.34265500000001,118,44900.0,45.7
486006,Chorahata,24.4799,81.24705,118,44700.0,45.7
506135,Kothaguda,17.88329,80.11180999999999,118,46200.0,7.3
392140,Vagra,21.8357373,72.8820876,118,46600.0,91.5
362260,Mendarda,21.3364779,70.4250428,118,44600.0,91.5
124112,Mehem,28.99595,76.29822,118,69400.0,11.0
506101,Mahabubabad,17.564529999999998,80.04358500000001,118,45900.0,7.3
110067,J.N.U.,28.54129,77.16915,118,120000.0,53.0
D195091,"Sitapur, Uttar Pradesh · D195091",27.5026748,80.8335139,118,50700.0,91.5
851117,Refinery Township,25.422615,86.11281500000001,118,43800.0,65.2
851134,Ullao,25.433675,86.072395,118,43900.0,65.2
411007,Ganeshkhind,18.55266,73.82570999999999,118,60700.0,39.0
475685,Sonagir,25.79182,78.369745,118,49300.0,45.7
341301,Bari Khatu,27.07277,74.24770000000001,118,43700.0,91.5
321202,Penghore,27.35402,77.43546,118,48100.0,91.5
767066,Kholan,20.231285,83.097925,118,43700.0,91.5
847121,Keoti Ranway,26.294095,85.931885,118,43800.0,65.2
D942323,"Kodarma, Jharkhand",24.5423802,85.69301,118,43600.0,91.5
413002,Solapur Railway Lines,17.661,75.907,118,40200.0,47.6
171012,Dhalli,31.05208,77.26269500000001,118,46100.0,91.5
847123,Singhwara,26.1881,85.729555,118,43800.0,65.2
786150,Barhapjan,27.536635,95.48994,118,39300.0,91.5
609312,Tirukkalachery,11.00911,79.794825,118,65000.0,91.5
411031,C M E,18.596385,73.84426500000001,118,59600.0,39.0
110024,Defence Colony / Lajpat,28.573,77.231,118,94800.0,100.0
641663,Mangalam,11.08614,77.25254000000001,118,66300.0,91.5
851210,Mahna,25.43334,86.04414,118,43900.0,65.2
171224,Summer Kot,31.293595,77.74684500000001,118,55800.0,91.5
571114,Heggadedevana Kote,12.028745,76.25664,118,46000.0,100.0
390004,Pratapnagar,22.25772,73.25225,118,52900.0,91.5
390006,Fatepura,22.310045,73.216295,118,52600.0,91.5
506104,Neerada,17.539685,79.912405,118,45800.0,7.3
799008,Khayerpur,23.87676,91.366255,118,58800.0,91.5
388306,Vasad,22.463905,73.067845,118,50600.0,91.5
387411,Kheda,22.74877,72.68072000000001,118,58400.0,91.5
480110,Chand,21.827685,79.16181499999999,118,60500.0,45.7
785111,Neamatighat,26.836685000000003,94.236245,118,43100.0,91.5
508278,Nidmanoor,16.82082,79.362655,118,56400.0,7.3
411034,Kasarwadi,18.60311,73.82234,118,59400.0,39.0
415502,Pusegaon,17.710935,74.322535,118,77900.0,39.0
172001,Rampur Bushahr,31.37007,77.6412,118,52800.0,91.5
851112,Barauni,25.486525,86.037925,118,44200.0,65.2
D419945,"Purnia, Bihar · D419945",25.7758723,87.4087667,118,43900.0,91.5
411003,Khadki,18.557935,73.85648,118,60700.0,39.0
854304,Purnea Chowk,25.844235,87.372215,118,44100.0,65.2
825314,Ghatotand,23.781385,85.55421,118,42900.0,91.5
846004,Darbhanga,26.16269,85.89004,118,43500.0,65.2
813110,Panjwara,24.92623,87.11440999999999,118,43900.0,65.2
415522,Sakharwadi,18.062405,74.352035,118,113200.0,39.0
804424,Paibigha,25.053415,84.91316,118,43900.0,65.2
804408,Jehanabad,25.21118,84.98518,118,44000.0,65.2
508257,Gudipalli,16.78118,79.114615,118,56700.0,7.3
415022,Vennanagar,17.742315,73.91681,118,99600.0,39.0
415114,Supane,17.319049999999997,74.093985,118,70100.0,39.0
500004,Khairatabad,17.414749999999998,78.46859,118,52600.0,7.3
506105,Kuravi,17.47749,79.98716,118,45700.0,7.3
847301,Hayaghat Bilashpur,26.000015,85.923,117,43300.0,65.2
517582,Karvetinagar,13.39363,79.37985,117,57000.0,91.5
827001,Bokaro Steel City,23.67441,86.11554000000001,117,43000.0,91.5
802113,Barkarajpur,25.68603,84.10489,117,44000.0,65.2
387570,Ratanpur,22.710515,72.71209999999999,117,56800.0,91.5
387355,Piplag,22.65164,72.85260500000001,117,56200.0,91.5
576223,Mandarthi,13.513325,74.82993,117,48800.0,100.0
571187,Kanagal,12.51842,76.03408999999999,117,45000.0,100.0
507115,Paloncha,17.687334999999997,80.73394,117,46700.0,7.3
632502,Anvardhikhanpet,13.02447,79.566945,117,58300.0,91.5
802131,Niazipur,25.680035,84.15297,117,43900.0,65.2
506163,Turrur,17.582645,79.680675,117,45200.0,7.3
517571,Sri Bommarajapuram,13.48949,79.49667,117,57400.0,91.5
517569,Pachikapallam,13.432825,79.33251999999999,117,57500.0,91.5
521235,Tiruvuru,17.074730000000002,80.588945,117,47000.0,91.5
415124,Vidyanagar Karad,17.278515,74.19704,117,73700.0,39.0
247120,Babail Buzurg,30.08704,77.61205,117,47000.0,7.3
827302,Kasmar,23.56105,85.92497,117,42300.0,91.5
846001,Laheriasarai,26.110115,85.91707500000001,117,43400.0,65.2
D837649,"Jalna, Maharashtra · D837649",19.918833,75.8708599,117,88700.0,91.5
574114,Sanur,13.165405,75.02138,117,54900.0,100.0
577226,Tudur,13.78643,75.390725,117,53400.0,100.0
785106,Kamalabari,26.911805,94.178415,117,43300.0,91.5
841421,Sarhwara,26.056725,84.79173499999999,117,43400.0,65.2
171226,Balag,30.985965,77.428095,117,52400.0,91.5
205262,Bhongaon,27.2564,79.19821999999999,117,47900.0,7.3
415525,Pimpode BK,17.936525,74.073885,117,109300.0,39.0
786187,Makum Pathar,27.31381,95.63502,117,39000.0,91.5
390018,Karelibaug,22.32106,73.19717,117,52000.0,91.5
786171,Digboi,27.451655,95.596595,117,39200.0,91.5
847239,Sakri,26.182085,86.06588500000001,117,43400.0,65.2
412410,Belha,19.133355,74.17488,117,56000.0,39.0
761200,Parlakhemundi,18.775495,84.0918,117,43700.0,91.5
341028,Khajwana,26.941360000000003,73.73667499999999,117,43900.0,91.5
456771,Barnagar,22.983205,75.41942,117,58000.0,45.7
631101,Guruvarajpet,13.11624,79.581885,117,57600.0,91.5
786621,Namrup,27.22231,95.29894,117,38900.0,91.5
786622,Namrup Thermal Power Station,27.160895,95.40936,117,38600.0,91.5
786623,Parbatpur,27.19866,95.37213,117,38800.0,91.5
341551,Berichhoti,27.39526,74.78867,117,45200.0,91.5
304801,Peeplu,26.338965,75.69931,117,51100.0,91.5
431148,Paithan Sakhar Karkhana,19.540415,75.39778,117,85500.0,39.0
786183,Panitola,27.457415,95.26717,117,39500.0,91.5
450445,Shahpur,21.180165,76.26543000000001,117,55900.0,45.7
303801,Kaladera,27.17837,75.58606499999999,117,51600.0,91.5
507111,Bhadrachalam,17.66585,80.89271500000001,117,46500.0,7.3
391510,Jarod,22.466965,73.342345,117,51900.0,91.5
834011,Krishnapuri S O,23.351065,85.33959,117,39700.0,91.5
390002,Fateganj,22.32799,73.18492,117,51600.0,91.5
835210,Khunti,23.075255,85.33936,117,41100.0,91.5
387335,Mahudha,22.8532503,72.9953586,117,61000.0,91.5
576212,Belve,13.55079,74.96653,117,51200.0,100.0
388307,Kantharia,22.40503,73.03203,117,49600.0,91.5
388330,Khambholej,22.56615,73.092185,117,50000.0,91.5
758014,Naranpur,21.617125,85.66984,117,43000.0,91.5
508247,Thipparthi,17.01265,79.37965,117,57200.0,7.3
848115,Dighra,25.92138,85.68369,117,43400.0,65.2
322249,Langra,26.36643,77.071325,117,38000.0,91.5
524124,Sriharikota Range,13.690275,80.165415,117,65900.0,91.5
517586,Pannur,13.270785,79.73651000000001,117,57700.0,91.5
638108,Nathakadaiyur,11.08852,77.657315,117,62600.0,91.5
415517,Surur,17.983465,73.99357,117,115300.0,39.0
390011,Manjalpur,22.27446,73.18524500000001,117,51400.0,91.5
412412,Pimpalwandi,19.1647,74.04245499999999,117,55600.0,39.0
804407,Hulashganj,25.077235,85.144425,117,43400.0,65.2
571108,Ravandur,12.418675,76.192465,117,44500.0,100.0
D913218,"Firozabad, Uttar Pradesh · D913218",27.1941954,78.4604956,117,50100.0,91.5
571134,Kattemalalavadi,12.36922,76.26867999999999,117,44800.0,100.0
411020,Range Hills,18.559055,73.83762,117,59800.0,39.0
811317,Khaira,24.799215,86.14024,117,43400.0,65.2
D853079,"Saran, Bihar · D853079",25.9214451,84.7759731,117,43600.0,91.5
795144,Somdal,25.2299,94.266045,117,42900.0,91.5
261135,Laharpur,27.728275,80.92172500000001,117,50100.0,7.3
829105,Bhadaninagar,23.60955,85.392,117,41900.0,91.5
804429,Nehalpur,25.23232,84.911715,117,43700.0,65.2
332042,Tatanwa,27.575825,75.0224,117,48100.0,91.5
415617,Kotawada,17.084725,73.34742,117,65600.0,39.0
415209,Bahule,17.30901,74.01452499999999,117,67200.0,39.0
506244,Raghunath Pally,17.79074,79.28559,117,57900.0,7.3
313906,Ogna,24.47265,73.3838,117,46500.0,91.5
415413,Borgaon,17.10063,74.33854,117,79800.0,39.0
393105,Bhalod,21.834975,73.19076000000001,117,48600.0,91.5
854103,Daharia Molls,25.47582,87.59735,117,43800.0,65.2
574122,Bajegoli,13.23198,75.10621,117,55200.0,100.0
577205,Gopala Extension,13.93236,75.51205,117,53100.0,100.0
576234,Kokkarne,13.48197,74.87368000000001,117,48900.0,100.0
388365,Sarsa,22.537,73.108295,117,50000.0,91.5
786008,Mohanaghat,27.468165,94.83178,117,40700.0,91.5
786192,Hijiguri,27.489725,95.329545,117,39400.0,91.5
786601,Hoogrijan,27.422505,95.309475,117,39400.0,91.5
829106,Bhurkunda Bazar,23.63551,85.35379499999999,117,41900.0,91.5
231213,Ram Garh,24.64737,83.35126,117,45200.0,91.5
851129,Mirzapur Banduar,25.395385,86.154345,117,43600.0,65.2
851116,B.T.P.P,25.386705,86.03703999999999,117,43700.0,65.2
415507,Katarkhatav,17.54285,74.55502,117,75900.0,39.0
283151,Sirsaganj,27.06668,78.692855,117,50200.0,7.3
412401,Arvi,19.13682,73.922085,117,55800.0,39.0
846007,Saramohanpur,26.18848,85.966325,117,43500.0,65.2
854108,Korha,25.626915,87.40173,117,43600.0,65.2
846002,S.H.M.C,26.06754,85.90619000000001,117,43400.0,65.2
D301308,"Mainpuri, Uttar Pradesh · D301308",27.2093072,79.0625369,117,45700.0,91.5
517172,Mangalampet,13.54567,79.114755,117,56700.0,91.5
475682,Seondha,26.191575,78.746635,117,50100.0,45.7
388510,Anklav,22.365245,73.008185,117,49100.0,91.5
431121,Pachod,19.604645,75.61199,117,85200.0,39.0
485115,Rampur Baghelan,24.516155,81.123735,117,44100.0,45.7
851131,Rajaura,25.4725,86.179285,117,43700.0,65.2
485441,Sohawal,24.615865,80.710695,117,42500.0,45.7
523326,Tripurantakam,16.025280000000002,79.491405,117,58900.0,91.5
524121,Sullurpeta,13.690755,80.00651500000001,117,64700.0,91.5
412411,Ala,19.202515,74.115715,117,55700.0,39.0
577227,Holehonner,13.97295,75.73618,117,55200.0,100.0
835225,Tamar,23.04359,85.65889999999999,117,41600.0,91.5
410206,"Raigarh, Maharashtra",18.9818971,73.1141545,117,67000.0,43.9
341304,Jaswantgarh,27.614955,74.54327,117,43200.0,91.5
835303,Piskanagri,23.308745,85.167675,117,40700.0,91.5
576215,Cherkadi,13.43246,74.864035,117,50100.0,100.0
576112,Hebri,13.447415,75.038905,117,52100.0,100.0
390024,Chhani Rd,22.349985,73.187735,117,51600.0,91.5
122502,Khalilpur,28.27691,76.68943999999999,117,70400.0,11.0
110070,Vasant Kunj,28.52,77.155,117,101700.0,20.1
233001,Ghazipur,25.6034863,83.5075888,117,46100.0,91.5
485221,Jaitwara,24.721845,80.87243,117,42800.0,45.7
303008,Dudu,26.616655,75.16364999999999,117,47900.0,91.5
799046,NIT Agartala,23.845685,91.424705,117,56200.0,91.5
486550,Govindgarh,24.40136,81.29138499999999,117,44600.0,45.7
411009,Parvati,18.481855000000003,73.84650500000001,117,60000.0,39.0
851126,Garhara,25.389255,86.014365,117,43800.0,65.2
415302,Bhavaninagar,17.16395,74.297695,117,79000.0,39.0
571102,Bettadapura,12.447405,76.08736999999999,117,45100.0,100.0
854325,Garhbanaili,25.98642,87.51263,117,43700.0,65.2
416230,Kotoli,16.799275,74.008475,117,69900.0,39.0
506301,Chagal,17.834220000000002,79.293635,117,57500.0,7.3
847422,Manigachi,26.181075,86.16824,117,43400.0,65.2
847423,Putai,26.148575,86.21774500000001,117,43400.0,65.2
576117,Kukkundur,13.248555,74.9829,117,53800.0,100.0
829103,Barkakana NTS,23.60228,85.44019499999999,117,41900.0,91.5
848129,Shambhupatti,25.859725,85.73006,117,43200.0,65.2
786006,Lepetkata,27.35744,94.86809,117,40600.0,91.5
848131,Waini,25.89455,85.668995,117,43400.0,65.2
829133,Sounda D,23.66411,85.33373499999999,117,41900.0,91.5
754035,Nuapatna,20.441180000000003,85.46785,117,42800.0,91.5
829109,Giddi C,23.711575,85.372345,117,42200.0,91.5
390001,Vadodara,22.29534,73.19156,117,51800.0,91.5
393002,Ankleshwar IE,21.61135,73.02413,117,47800.0,91.5
456335,Nagda,23.48168,75.46607,117,55100.0,45.7
571116,Kabini Colony,11.892975,76.29007999999999,117,49100.0,100.0
456776,Runija,23.14904,75.33027000000001,117,57100.0,45.7
574104,Karkala,13.208105,74.999635,117,54300.0,100.0
574107,Miyar,13.175335,75.1072,117,55600.0,100.0
403511,Saligao,15.529605,73.79545,117,90900.0,39.0
642202,Jakkarpalayam,10.784885,77.16849500000001,117,50800.0,91.5
851215,Naya Gaon,25.30898,86.64618,117,43700.0,65.2
851130,Naokothi,25.52103,86.22309000000001,117,43600.0,65.2
848130,Tajpur,25.852235,85.67304,117,43400.0,65.2
785614,Dergaon,26.771855,93.934135,117,48400.0,91.5
506314,Raiparthy,17.68339,79.599975,117,45200.0,7.3
456313,Bhatpachlana,23.318525,75.30888999999999,117,56700.0,45.7
804418,Kako,25.25243,85.10881,117,43600.0,65.2
804422,Makhdumpur,25.05699,84.95367999999999,117,43700.0,65.2
411018,Pimpri P F,18.63703,73.811915,117,58000.0,39.0
425506,Nimbhora,21.14018,75.96119,117,66600.0,39.0
485113,Madhogarh,24.563965,80.926265,117,43300.0,45.7
786614,Jeypore,27.27266,95.459085,117,39000.0,91.5
754037,Kanpur,20.469125,85.21222,117,42700.0,91.5
799009,Agartala Aerodrome,23.888725,91.255845,117,54800.0,91.5
508202,Hill Colony,16.642165,79.348225,117,57400.0,7.3
261131,Khairabad,27.523535000000003,80.75621,117,50300.0,7.3
485114,Sagmania,24.639645,80.877235,117,42800.0,45.7
802112,Brahampur,25.662555,84.34496,117,43600.0,65.2
854315,Baisi,25.9147,87.73551499999999,117,43700.0,65.2
412402,Vada,19.0206,73.66346,117,53400.0,39.0
410406,Pawananagar,18.65256,73.513945,117,54900.0,39.0
410506,Talegaon Dabhade,18.651490000000003,73.63149000000001,117,54900.0,39.0
827010,B.S.City R.S.,23.613215,86.08454,117,43000.0,91.5
415116,Vathar Kiroli,17.501985,74.21891,117,64300.0,39.0
400027,Darukhana,18.96181814124214,72.88089752197267,117,102000.0,0.0
506302,Devaruppal,17.598135,79.367585,117,59500.0,7.3
846009,Laxmisagar,26.12411,85.98156499999999,117,43200.0,65.2
475661,Datia,25.67213,78.496115,117,49000.0,45.7
431006,Chikalthana Industrial Area,19.864875,75.38121,117,84200.0,39.0
431007,Chikalthana,19.777375,75.469795,117,84600.0,39.0
431102,Ellora,20.07471,75.148485,117,85100.0,39.0
387230,Pij,22.677155,72.81635,117,56700.0,91.5
786145,Sripuria,27.47213,95.345345,117,39400.0,91.5
785700,Lahdoigarh Chariali,26.790865,94.305815,117,42600.0,91.5
485001,Satna,24.538965,80.819265,117,43000.0,45.7
848122,Madhopur Dighrua,25.796335,85.65744,117,43400.0,65.2
577243,Anaveri,14.03645,75.75655499999999,117,55300.0,100.0
754032,Narasinghpur,20.511865,85.02816999999999,117,42800.0,91.5
854330,Kasba,25.90656,87.567735,117,43800.0,65.2
632531,Ocheri,12.89424,79.514895,117,57700.0,91.5
517167,Kothapalle,13.30375,79.312365,117,56700.0,91.5
507116,Hwp Aswapur Colony,17.805349999999997,80.79465,117,46500.0,7.3
517102,Narasingapuram,13.59959,79.24587,117,58100.0,91.5
799006,Kunjaban,23.862995,91.29255,117,55500.0,91.5
799007,Dhaleswar,23.83808,91.29863,117,55000.0,91.5
284203,Garautha,25.57867,79.332065,117,45700.0,7.3
641658,Karadibavi,10.95207,77.172765,117,58300.0,91.5
174308,Lathiani,31.523735,76.41654,117,51700.0,91.5
631003,Jothinagar,13.12582,79.66388,117,59000.0,91.5
786125,Tinsukia,27.48719,95.35667,117,39400.0,91.5
571617,Chunchunakatte,12.501765,76.23855499999999,117,44600.0,100.0
332405,Shishu,27.58877,75.33138,117,55000.0,91.5
636140,Odayapatti,11.646565,78.20527999999999,117,58200.0,91.5
609307,Porayar,11.025005,79.82478,117,63600.0,91.5
507128,Sarapaka,17.72972,80.86773500000001,117,46400.0,7.3
834002,Doranda,23.33549,85.3224,117,39600.0,91.5
768052,Dunguri Lsq Colony Campus,21.666275,83.62147,117,42900.0,91.5
851101,Begusarai,25.414055,86.135565,117,43700.0,65.2
403102,Chorao,15.53657,73.877305,117,90600.0,39.0
854116,Mahadevpur,25.477865,87.706895,117,43800.0,65.2
786146,Sukhanpukhuri,27.475955,95.390135,117,39300.0,91.5
786147,Rangagora,27.62667,95.367255,117,39400.0,91.5
786126,Borguri,27.517655,95.357385,117,39400.0,91.5
799010,Agartala Secretariat,23.86806,91.287195,117,55500.0,91.5
799012,Salbagan,23.89873,91.28561,117,56000.0,91.5
855105,Durgaganj,25.696545,87.66284999999999,117,43600.0,65.2
506252,Ippaguda,17.742945,79.39878999999999,117,57700.0,7.3
785611,Badulipaar,26.700275,93.83913,117,48300.0,91.5
786156,Talap,27.677875,95.547775,117,40200.0,91.5
848113,Birouli Rural Institute,25.923165,85.709735,117,43300.0,65.2
573134,Sakleshpur,12.89406,75.69932,117,55200.0,100.0
576282,Hosangadi,13.68461,74.97238999999999,117,52300.0,100.0
506172,Kamalapur Town Ship,18.206535,80.540025,117,46400.0,7.3
848125,Pusa,26.0118,85.69664499999999,117,43500.0,65.2
341513,Riyan,26.50284,74.259945,117,46100.0,91.5
848201,B.Bazar,25.57937,86.27906,117,43700.0,65.2
415109,Umbraj,17.413249999999998,74.07103000000001,117,67400.0,39.0
571105,Hunsur,12.27947,76.264555,117,44800.0,100.0
642205,Pedappampatti,10.68534,77.16186,117,51900.0,91.5
394715,Pimpri,20.891925,73.5661,117,47400.0,91.5
521190,Penuganchiprolu,16.90677,80.241465,117,47600.0,91.5
230301,Gaura R S,25.74557,82.11693,117,48000.0,91.5
785610,Furkating,26.39753,94.01211,117,41500.0,91.5
507211,Bayyaram,17.651895,80.150175,117,45700.0,7.3
754031,Barambagarh,20.43375,85.32308499999999,117,42700.0,91.5
171209,Fagu,31.03966,77.331955,117,52900.0,91.5
507117,Manuguru Colls,17.97803,80.65501,117,47000.0,7.3
412805,Panchagani,17.905605,73.799155,117,112700.0,39.0
573117,Doddamettikurke,13.49931,76.36799500000001,117,52700.0,100.0
799035,Ranirbazar,23.83786,91.400075,117,56200.0,91.5
424208,Fattepur,20.651735,75.911145,117,79500.0,39.0
641687,Iduvampalayam,11.08024,77.3006,117,65500.0,91.5
127040,Tosham,28.835655,75.863575,117,62800.0,11.0
127021,Bhiwani,28.8009,76.125075,117,69900.0,11.0
415107,Targaon,17.516175,74.152845,117,63900.0,39.0
415108,Shivanagar,17.18222,74.243675,117,76200.0,39.0
415103,Kole,17.23216,74.04656,117,68400.0,39.0
332712,Mundru,27.418570000000003,75.69482500000001,117,60400.0,91.5
230302,Jamtali,25.8374,82.12477,117,48200.0,91.5
829135,Bhurkunda,23.660575,85.36993000000001,117,42200.0,91.5
851213,Maheshkhunt,25.4930513,86.6982264,117,43700.0,65.2
609303,Ayappadi,11.014679999999998,79.8176,117,64700.0,91.5
390009,Ongc Col,22.250125,73.22145,117,52000.0,91.5
508001,Nalgonda,17.054560000000002,79.23987,117,57900.0,7.3
485666,Kothi,24.755845,80.717755,117,42600.0,45.7
854114,Pothia,25.61767,87.29263499999999,117,43500.0,65.2
854115,Semapur Factory,25.50982,87.46929,117,43600.0,65.2
110010,Delhi Cantt,28.588295,77.12947,117,126100.0,53.0
261302,Kamlapur,27.398275,80.811155,117,51000.0,7.3
571604,Saligrama,12.576665,76.251245,117,44600.0,100.0
416316,Ankalkhop,17.01527,74.4422,117,81600.0,39.0
342602,Bilara,26.195495,73.75335000000001,117,48100.0,91.5
577216,Holalur,14.01482,75.659295,117,54300.0,100.0
341024,Kuchera,26.98962,73.97341,117,44300.0,91.5
577202,Shimoga Doddapete,13.868545,75.50731999999999,117,53900.0,100.0
577204,Vinobanagar Shimoga,14.004555,75.55150499999999,117,53300.0,100.0
847429,Kusothar,26.10392,85.96030999999999,117,43200.0,65.2
508255,Chandur,16.992784999999998,79.099325,117,59300.0,7.3
828403,Chandrapura,23.79895,86.111215,117,43000.0,91.5
799005,Abhoynagar,23.846255,91.29112,117,55000.0,91.5
521457,Kumaraswamy Raja Nagar,16.841015,80.11656500000001,117,47700.0,91.5
387350,Palana,22.70084,72.773065,117,57100.0,91.5
521402,Vatsavai,16.97739,80.23147,117,47600.0,91.5
507114,Burgampahad,17.63245,80.84668,117,46600.0,7.3
231216,Robertsganj,24.73697,83.058895,117,47000.0,91.5
201014,Shipra Sun City,28.649755,77.37695,117,82800.0,7.3
574220,Kabaka,12.8226434,75.2265036,117,62300.0,100.0
795142,Ukhrul,25.34771,94.44783,117,43900.0,91.5
202122,Aligarh Dairy Farm,27.993740000000003,78.06137,117,66600.0,7.3
576227,Shankaranarayana,13.63103,74.92252500000001,117,51300.0,100.0
632510,Minnal,13.094595,79.53514000000001,117,57400.0,91.5
786189,Dinjan,27.535185,95.263905,117,39500.0,91.5
641605,Veerapandi,11.036495,77.334705,117,63300.0,91.5
390014,Makarpura,22.21654,73.20574500000001,117,51100.0,91.5
517599,Vengalrajukuppam,13.238325,79.392995,117,56400.0,91.5
574108,Muniyal,13.362955,75.00882,117,52700.0,100.0
574101,Ajekar,13.302775,75.031815,117,53700.0,100.0
517421,Thugundram,13.193475,79.310205,117,56000.0,91.5
521175,Jaggaiahpet,16.90548,80.06729,117,47700.0,91.5
825326,Tapin,23.837295,85.50086999999999,117,42500.0,91.5
521178,Chillakallu,16.90732,80.18095,117,47700.0,91.5
231207,Dalla,24.391785,83.112845,117,46600.0,91.5
231206,Churk,24.563075,83.1269,117,46000.0,91.5
804406,Ghosi,25.15304,85.10216,117,43800.0,65.2
846006,Subhankarpur,26.14599,85.88493500000001,117,43500.0,65.2
415516,Kavathe,17.93519,73.97145499999999,117,111800.0,39.0
854327,Jalalgarh,26.014285,87.52165500000001,117,43600.0,65.2
785107,Kakajan,26.799145,94.37636,117,42300.0,91.5
835209,Karra,23.15565,85.10826499999999,117,40900.0,91.5
829108,Giddi A,23.68289,85.366375,117,42100.0,91.5
573214,Ballupet,12.93974,75.87106499999999,117,54600.0,100.0
641606,Vijayapuram,11.09301,77.436785,117,64000.0,91.5
521401,Penugolanu,17.009695,80.43797,117,47100.0,91.5
322230,Hindaun,26.72688,77.02197000000001,117,41900.0,91.5
804405,Dharaut,25.044455,85.06224499999999,117,43700.0,65.2
251327,Purkazi,29.634265,77.91984500000001,117,48700.0,7.3
583101,Bellary,15.13193,76.945465,117,51700.0,100.0
394380,Kukurmunda,21.482135,74.03219,117,57900.0,91.5
571106,Hanagodu,12.20125,76.16188,117,44800.0,100.0
345023,Ramdeora,27.136345,71.953055,117,46700.0,91.5
835301,Itki,23.377545,84.96987999999999,117,41400.0,91.5
342301,Phalodi,27.236495,72.28559,117,45500.0,91.5
848121,Morwa,25.812895,85.69582,117,43300.0,65.2
847204,Bishnupur,26.16723,86.26060000000001,117,43500.0,65.2
387540,Navagam,22.78835,72.578745,117,60100.0,91.5
342604,Borunda,26.446585,73.789675,117,47900.0,91.5
388520,Bamangam,22.30444,72.997445,117,49200.0,91.5
247121,Behat,30.24338,77.66385,117,48300.0,7.3
802316,Sinha,25.69715,84.652005,117,43800.0,65.2
415536,Kenjal,17.98929,73.95246,117,116100.0,39.0
390010,M.I. Estate,22.259175,73.18107,117,51200.0,91.5
847405,Kurso Nadiami,26.11523,86.26907,117,43300.0,65.2
415528,Taradgaon,18.019045,74.30973,117,109600.0,39.0
632505,Banavaram,13.023525,79.480025,117,57200.0,91.5
577201,Shimoga,13.939725,75.57639,117,54300.0,100.0
480224,Harrai,22.581885,79.04838000000001,117,44500.0,45.7
203205,Sanwli,28.467484060916792,77.63849208002596,117,32200.0,62.8
202139,K G W Sasni,27.70831,78.142665,117,56800.0,7.3
785112,Teok,26.843985,94.38212,116,42200.0,91.5
785615,Numaligarh,26.59965,93.724525,116,47200.0,91.5
506169,Bhupalapalli,18.45448,79.95925,116,44300.0,7.3
785676,Khowang Ghat,27.27866,94.92389,116,39500.0,91.5
450551,Nimarkhedi,22.112805,76.28355,116,50400.0,45.7
785102,Dakhin Pat Satra,26.91153,94.279835,116,42600.0,91.5
230304,Raniganj,25.810135,82.045745,116,47800.0,91.5
415111,Ond,17.158775,74.0598,116,68000.0,39.0
205268,Kurra,27.03147,79.08144,116,45600.0,7.3
641662,Ksn Puram,11.00031,77.23883000000001,116,61300.0,91.5
641604,T.C.Market,11.07642,77.43819,116,62900.0,91.5
421502,O.E.Ambernath,19.22685,73.18823,116,59300.0,39.0
171005,Summerhill,31.105025,77.13265,116,49900.0,91.5
230001,Pratapgarh,25.91673,81.99529,116,47800.0,91.5
824221,Dumaria,24.45215,84.38753,116,42700.0,91.5
391760,Vaghodia,22.3179455,73.3048674,116,53600.0,91.5
827009,Sector- IX,23.70509,86.14351500000001,116,42800.0,91.5
625537,Uthappanayakanur,10.015845,77.83453499999999,116,49600.0,91.5
230127,Dalippur,25.87991,82.0496,116,47900.0,91.5
480441,Parasia,22.210225,78.81117,116,43100.0,45.7
828404,Dugdha Coal washery,23.757295,86.16369499999999,116,42700.0,91.5
625706,Tirumangalam,9.82464,77.964915,116,50600.0,91.5
209209,B.B.Gaon,26.189405,80.298215,116,45200.0,7.3
209101,Akbarpur,26.410505,80.0254,116,45700.0,7.3
574244,Palli,13.252915000000002,74.889655,116,53100.0,100.0
847101,Anandpur,26.036415,85.98936,116,42900.0,65.2
231215,Rajpur,24.70167,82.90845,116,47600.0,91.5
507136,Venkatapuram,18.422315,80.57390000000001,116,45800.0,7.3
632508,Kaveripak,12.91895,79.45584500000001,116,56700.0,91.5
571189,Rathnapuri Colony,12.205425,76.362385,116,44800.0,100.0
758034,Joda,21.97651,85.422695,116,42700.0,91.5
576106,Krodashrama,13.363905,74.71961999999999,116,51600.0,100.0
431135,Sillod Sakhar Karkhana,20.227315,75.65105,116,84700.0,39.0
415014,Tarale,17.512915,73.95674,116,63800.0,39.0
231310,"Mirzapur, Uttar Pradesh · 231310",24.9316896,82.6280163,116,48400.0,91.5
641105,Madukkarai,10.87515,76.884635,116,52000.0,91.5
345021,Pokaran,26.76821,71.95345499999999,116,48100.0,91.5
848302,Kalyanpur Chowk,25.97757,85.77454499999999,116,43200.0,65.2
847103,Benipur,26.045875,86.201525,116,43200.0,65.2
521170,Veerullapadu,16.82451,80.42236,116,47400.0,91.5
642005,Zamin Muthur,10.698685,76.92698999999999,116,51000.0,91.5
577425,Nagara-shimoga,13.8024,75.01012499999999,116,50800.0,100.0
577414,Arga,13.782265,75.18375,116,51200.0,100.0
416232,Sidhnerli,16.542705,74.24519000000001,116,67800.0,39.0
711103,B.Garden,22.55841,88.3023,116,53000.0,91.5
508002,Ramagiri,17.08692,79.23972499999999,116,58400.0,7.3
848132,Ujiarpur,25.77865,85.83913000000001,116,42800.0,65.2
171009,Kasumpti,31.07826,77.16929,116,50100.0,91.5
431154,Shendra MIDC Area,19.90535,75.53684,116,83800.0,39.0
415110,Karad,17.277185,74.177025,116,72500.0,39.0
768050,Mandosil,20.829135,82.72975,116,42900.0,91.5
507125,P.V.Township,17.913655,80.807725,116,46300.0,7.3
576113,Hiriadka,13.32303,74.871205,116,52100.0,100.0
283145,Makkhanpur,27.16166,78.517675,116,48900.0,7.3
571610,Gavadagere,12.384105,76.34907000000001,116,45100.0,100.0
506330,Dharmaram,17.958115,79.69765,116,44900.0,7.3
390016,Industrial Estate,22.33891,73.14825,116,50600.0,91.5
625207,Mullipallam,10.04008,77.921875,116,50600.0,91.5
625214,Sholavandan,10.02708,77.92131499999999,116,50900.0,91.5
625218,Vadipatti,10.122065,78.02611,116,49500.0,91.5
303901,Chaksu,26.59534,75.945055,116,46900.0,91.5
390007,Racecourse,22.2985,73.160195,116,50900.0,91.5
848101,Samastipur,25.856035,85.778335,116,43100.0,65.2
636308,Veerapandi Salem,11.568639999999998,78.07065,116,58800.0,91.5
171010,Tara Devi,31.08178,77.14211,116,50100.0,91.5
D940778,"Bhagalpur, Bihar · D940778",25.2861354,87.1304229,116,43000.0,91.5
425406,Shindkheda,21.285845,74.72327,116,72300.0,39.0
391740,Chhani,22.379155,73.17733,116,51200.0,91.5
415212,Marul Haveli,17.302875,74.008405,116,67000.0,39.0
571603,Mirle,12.533385,76.34016,116,44800.0,100.0
825101,Chittarpur,23.551475,85.58389,116,41600.0,91.5
425427,Vikharan,21.420075,74.76625,116,72100.0,39.0
415015,Limbgove,17.76943,74.005555,116,96600.0,39.0
854101,Ayodhyaganj Bazar,25.52643,87.23355000000001,116,43400.0,65.2
636003,Ammapettai Salem,11.663435,78.184735,116,58200.0,91.5
848301,Kishanpur,25.909875,85.829275,116,43100.0,65.2
400701,Ghansoli,19.13363,73.00037499999999,116,65100.0,39.0
524403,Mallam,13.873525,80.14979,116,61900.0,91.5
507140,S.N.Puram,18.060465,80.90066999999999,116,45900.0,7.3
283104,Bah,26.85031,78.58839499999999,116,45300.0,7.3
786182,Ledo,27.31104,95.780925,116,39700.0,91.5
609308,Sankaranpandal,11.018325,79.76693499999999,116,62700.0,91.5
456331,Birlagram  Nagda,23.420185,75.39517000000001,116,54900.0,45.7
456665,Tarana,23.282955,76.02535,116,54800.0,45.7
390013,Maneja,22.23294,73.17414,116,50700.0,91.5
522426,Macherla,16.50319,79.35804999999999,116,61100.0,91.5
390021,T B Sanatorium,22.317485,73.14383,116,50500.0,91.5
171013,Mehli,31.054125,77.17987,116,50200.0,91.5
576217,Hanglur,13.614305,74.715305,116,50400.0,100.0
124412,Kahnaur,28.768475,76.50684000000001,116,69500.0,11.0
821105,Durgawati,25.21704,83.470895,116,45400.0,91.5
821106,Hatta S.O (Kaimur (Bhabua)),25.0751,83.42143,116,45100.0,91.5
576226,Sasthan,13.478065,74.71391,116,50700.0,100.0
637504,Vembadithalam,11.56677,78.012725,116,59500.0,91.5
574105,Katapadi,13.29115,74.75412,116,52300.0,100.0
412210,Shirur,18.708425,74.421945,116,59800.0,39.0
283111,Fatehabad,27.052715,78.28422,116,43200.0,7.3
431010,Satara Parisar,19.84205,75.345625,116,79900.0,39.0
576108,Malpe,13.35013,74.705255,116,51800.0,100.0
576111,Belmannu,13.17777,74.87450000000001,116,53700.0,100.0
171011,Totu,31.072315,77.09346,116,50000.0,91.5
829125,Sayal,23.683725,85.32592500000001,116,41800.0,91.5
450001,Khandwa,21.7705,76.49302,116,43600.0,45.7
576221,Kota,13.52507,74.723665,116,50400.0,100.0
171002,Shimla East,31.08936,77.17059499999999,116,50100.0,91.5
391243,POR,22.16203,73.17708999999999,116,50000.0,91.5
391761,Rustampura,22.280225,73.51556,116,51100.0,91.5
767038,Harisankar Road,20.60555,82.79547500000001,116,43000.0,91.5
171219,Shoghi,31.03992,77.150185,116,50300.0,91.5
636201,Dasanaickenpatti,11.606795,78.13907499999999,116,58300.0,91.5
441501,Kalmeshwar,21.22918,78.924875,116,67700.0,39.0
786154,Saikhowaghat,27.769555,95.587215,116,41600.0,91.5
124411,Anwal,28.835105,76.48232999999999,116,67100.0,11.0
233228,Tajpur Dehma,25.739235,83.92563,116,43800.0,91.5
625234,Tiruvedagam,9.992835,77.99719999999999,116,53300.0,91.5
625503,Palamedu,10.122405,78.09092,116,49200.0,91.5
576283,Hattiangadi,13.673825,74.81177,116,50000.0,100.0
390020,Akota,22.278885,73.14226,116,50400.0,91.5
576115,Kemmannu,13.400965,74.71342,116,51300.0,100.0
625402,Samayanallur,10.00212,78.045845,116,52400.0,91.5
415306,Kargani,17.317565000000002,74.87886499999999,116,83900.0,39.0
573122,Haranahalli,13.267445,76.183565,116,51100.0,100.0
573123,Hethur,12.759755,75.716925,116,52600.0,100.0
127032,Bawani Khera,28.955325,76.048785,116,61600.0,11.0
637501,Attayampatti,11.524155,78.02171,116,59500.0,91.5
415518,Apashinge,17.542295,74.09287,116,63500.0,39.0
403403,Piedade,15.52616,73.89863,116,89600.0,39.0
841403,Baniapur,25.98483,84.69108,116,43300.0,65.2
231221,Turra,24.17404,83.04947999999999,116,46400.0,91.5
786188,Jagun,27.276365,95.849795,116,39700.0,91.5
841313,Manjhi,25.842165,84.573305,116,43200.0,65.2
390012,Atladara,22.264715,73.15804,116,50700.0,91.5
507133,Charla,18.143105,80.764675,116,46100.0,7.3
834003,Hatia,23.295435,85.31708499999999,116,39400.0,91.5
829129,Tenughat Dam,23.704515,85.75761,116,42100.0,91.5
576216,Ganguli,13.648265,74.66574499999999,116,50600.0,100.0
625205,Karupatti,10.06116,77.935055,116,50400.0,91.5
450051,Kharkalan,21.760095,76.655215,116,43600.0,45.7
450771,Chhegaon Makhan,21.89908,76.211095,116,46900.0,45.7
450881,Jaswadi,21.714635,76.524795,116,43600.0,45.7
625221,Thanichiyam,10.04104,78.02246,116,51400.0,91.5
573213,Alur,13.00063,75.97729000000001,116,52800.0,100.0
636303,Kolathur (Salem)S.O,11.78974,77.72333499999999,116,62800.0,91.5
431134,Badod Bazar,20.116225,75.58770999999999,116,84300.0,39.0
841424,Taraiya,26.081525,84.90606,116,43200.0,65.2
576201,Kundapura,13.624960000000002,74.69867500000001,116,50400.0,100.0
625019,Nagamalai,9.933845,78.03693,116,54900.0,91.5
625021,Palkalai Nagar,9.918115,78.00847,116,55700.0,91.5
110053,Seelampur,28.7185203,77.2645076,116,74400.0,53.0
576114,Kallianapura,13.40285,74.72816,116,51200.0,100.0
424002,Dhule Jaihind Colony,20.951725000000003,74.680695,116,73800.0,39.0
477227,Amayan,26.379935,78.736245,116,48100.0,45.7
574119,Yermal,13.16927,74.77868,116,53300.0,100.0
811316,Simultala,24.701645,86.51579,116,43400.0,65.2
127022,Chiriya,28.483175,76.272975,116,42400.0,11.0
127025,Baund,28.76088,76.35567499999999,116,60500.0,11.0
415513,Pachvad,17.859215,73.941255,116,107100.0,39.0
403521,Alto-porvorim,15.529265,73.830145,116,90100.0,39.0
847201,Bahera,26.07671,86.11422999999999,116,43000.0,65.2
811311,Lakhisarai,25.13745,86.08131499999999,116,43300.0,65.2
332603,Mahroli,27.3928,75.59514999999999,116,58500.0,91.5
576213,Brahmavara,13.43623,74.75964,116,50700.0,100.0
576257,Kumbhashi,13.57082,74.70357,116,50500.0,100.0
576231,Tekkatte,13.56219,74.730725,116,50200.0,100.0
303005,Phagi,26.56019,75.48230000000001,116,47900.0,91.5
231217,Renukoot,24.271610000000003,83.053455,116,46500.0,91.5
834004,Dhurwa,23.28122,85.23472,116,40100.0,91.5
848102,Nauraga,25.904435,85.77023,116,43200.0,65.2
821103,Chainpur S.O (Kaimur (Bhabua)),25.009105,83.46232,116,44800.0,91.5
390023,Subhanpura,22.32242,73.140245,116,50400.0,91.5
576120,Moodubelle,13.282505,74.810615,116,52400.0,100.0
521403,Gampalagudem,16.965380000000003,80.555905,116,47100.0,91.5
814113,Deoghar College,24.557535,86.74895000000001,116,43200.0,65.2
477446,Aswar,26.142515000000003,78.85783,116,49900.0,45.7
412803,Wai,17.992305,73.79409000000001,116,116200.0,39.0
758044,Karanjia,21.947445,85.723395,116,42800.0,91.5
388335,Kunjrav,22.58639,73.05554,116,49700.0,91.5
517152,Damalacheruvu,13.473375,79.06782,116,55800.0,91.5
573129,Kenchammanahosakote,12.847815,75.8966,116,52900.0,100.0
573137,Yeslur,12.755505,75.83417499999999,116,52100.0,100.0
799014,Agartala ONGC,23.791765,91.269605,116,53000.0,91.5
423703,Parsoda,19.95838,74.872795,116,79500.0,39.0
506345,Ghanpur,18.301555,79.88343,116,44700.0,7.3
848134,Jitwarpur,25.82175,85.84909,116,42900.0,65.2
387560,Radhu,22.70392,72.592025,116,56500.0,91.5
574116,Shirva,13.232295,74.84037000000001,116,53000.0,100.0
811302,Barhiya,25.25302,86.04074,116,43300.0,65.2
411033,Chinchwadgaon,18.628845,73.74097499999999,116,54000.0,39.0
521182,Chandarlapadu,16.695535,80.22531000000001,116,47500.0,91.5
754030,Tigiria,20.463015,85.52061,116,42700.0,91.5
642129,Vettaikaran Pudur,10.5409,76.89036,116,54000.0,91.5
415520,Chaphal,17.411895,73.99923,116,65700.0,39.0
425505,Chinawal,21.2814,75.95187,116,64000.0,39.0
506170,KTPP,18.355315,79.78234499999999,116,44600.0,7.3
811314,Sono,24.7562514,86.3011128,116,43200.0,65.2
D189961,"Araria, Bihar · D189961",26.2651013,87.3699437,116,43200.0,91.5
625514,Checkanurani,9.953955,77.949135,116,53100.0,91.5
814143,Kunda,24.403155,86.748125,116,43500.0,65.2
231219,Obra,24.41165,82.89029,116,46500.0,91.5
574118,Udyavara,13.303275,74.758475,116,52100.0,100.0
848160,Kalyanpur,25.715165,85.90034,116,42800.0,65.2
576218,Hungarcutta,13.444295,74.705475,116,51000.0,100.0
390003,Chemical Industries,22.327625,73.167315,116,51100.0,91.5
576225,Saligrama,13.51441,74.7298,116,50400.0,100.0
637103,Mac Donalds Choultry,11.53466,77.96838,116,60500.0,91.5
411043,Dhankawadi,18.472355,73.85304,116,59200.0,39.0
477660,Gormi,26.596835,78.51957,116,45700.0,45.7
576121,Mundkur,13.12612,74.8674,116,54000.0,100.0
804432,Bandhuganj,25.225975,85.153285,116,43100.0,65.2
574111,Padubidri,13.139335,74.79363000000001,116,53600.0,100.0
576210,Barkur,13.512465,74.77798,116,49700.0,100.0
576211,Basrur,13.630285,74.79124,116,49900.0,100.0
642120,Negamam,10.754855,77.12499,116,46300.0,91.5
484001,Shahdol,23.30859,81.35238,116,43900.0,45.7
574117,Uchila,13.1965,74.7688,116,53100.0,100.0
241202,Bharawan,27.157235,80.74324,116,51300.0,7.3
799130,Sekerkote,23.750705,91.29473,116,52100.0,91.5
799003,Arundhutinagar,23.79667,91.26018,116,53000.0,91.5
758038,Baneikela,22.01507,85.46241,116,42700.0,91.5
758041,Champua,22.05277,85.67758,116,42700.0,91.5
521183,Muppalla,16.687624999999997,80.268235,116,47500.0,91.5
577422,Konandur,13.826605,75.300095,116,51200.0,100.0
632501,Ammoor,12.993725,79.39395999999999,116,55600.0,91.5
799002,Ramnagar,23.851645,91.260605,116,54300.0,91.5
576122,Pangala,13.25131,74.762115,116,52600.0,100.0
786160,Phillobari,27.539585,95.74075,116,40000.0,91.5
754007,Dompara,20.37295,85.63512,116,42200.0,91.5
841411,Ishuwapur,26.012120000000003,84.804325,116,43000.0,65.2
814112,B.Deoghar,24.49726,86.710415,116,43400.0,65.2
848127,Sarairanjan,25.76467,85.733845,116,43200.0,65.2
508244,Munugode,17.087995,79.08383,116,60500.0,7.3
799004,Agartala College,23.790005,91.33621,116,53700.0,91.5
811315,Sikandra,24.941535,86.03659,116,43200.0,65.2
485778,Kathaha,24.34553,81.15795,116,43900.0,45.7
485881,Ramnagar,24.19134,81.12469,116,43600.0,45.7
517126,Penumur,13.401135,79.21214499999999,116,56400.0,91.5
332315,Khuri Badi,27.732175,75.06370000000001,116,47400.0,91.5
410503,Manchar,19.012385,73.943985,116,54700.0,39.0
638105,Muthur,11.037855,77.724805,116,60400.0,91.5
574102,Bailur,13.28552,74.920455,116,52900.0,100.0
500027,Stn Kachiguda,17.389535000000002,78.49673,116,51100.0,7.3
403506,Valpoi,15.560325,74.151495,116,89600.0,39.0
517112,Pakala,13.46348,79.15764,116,56400.0,91.5
517419,Narasingarayanipettah,13.17507,79.179645,116,54400.0,91.5
415537,Adarki BK,17.921695,74.259945,116,101100.0,39.0
811301,Aliganj,24.939605,85.90722,116,43200.0,65.2
754009,Kalapathar,20.31828,85.41094,116,42500.0,91.5
410515,Kalamb,19.06065,73.95022,116,55200.0,39.0
583111,Chellakurki,15.1394,77.08381,116,48000.0,100.0
250406,Parikshatgarh,28.995375,77.97485499999999,116,63800.0,7.3
261001,Sitapur,27.62602,80.64783,116,49800.0,7.3
638183,Komarapalayam,11.45139,77.72466,116,68600.0,91.5
209307,Bhaupur,26.48964,80.07711499999999,116,45900.0,7.3
854104,Gurubazar,25.48709,87.398725,116,43400.0,65.2
261303,Sidhauli,27.252905,80.794655,116,50800.0,7.3
209308,Patara,26.23111,80.20209,116,45100.0,7.3
574103,Hejmadi,13.102155,74.78845,116,53700.0,100.0
767017,"Subarnapur, Odisha",20.8535784,83.8529159,116,42500.0,91.5
642103,Ambarampalayam,10.61226,76.88456500000001,116,53200.0,91.5
642104,Anaimalai,10.599505,76.920265,116,52800.0,91.5
637107,Poolampatti,11.612805000000002,77.76547,116,64500.0,91.5
485447,Singhpur,24.800685,80.53550000000001,116,42100.0,45.7
847427,Ghanshyampur,26.005675,86.328165,116,43200.0,65.2
521215,Vissannapet,16.899715,80.74748,116,47100.0,91.5
573218,Palya,12.9343,75.96983,116,52400.0,100.0
574129,Kanthavara,13.141565,74.95139,116,54500.0,100.0
245207,Simbhaoli,28.755415,77.96011,116,63000.0,7.3
415505,Khatav,17.650965,74.359505,116,70400.0,39.0
411026,Bhosari I.E.,18.6353,73.83284499999999,116,57700.0,39.0
815315,"Giridih, Jharkhand",24.3314546,86.1548117,116,43400.0,65.2
410504,Narayangaon,19.10159,74.08674500000001,116,55200.0,39.0
574106,Kaup,13.226905,74.769215,116,52900.0,100.0
209821,Maurawan,26.46588,80.92434499999999,116,51300.0,7.3
261506,Mahewa Ganj,28.117305,80.77218500000001,116,50100.0,7.3
574112,Palimar,13.14907,74.831215,116,53700.0,100.0
574113,Pilar,13.17919,74.815955,116,53400.0,100.0
403101,Betim,15.52415,73.84801999999999,116,89400.0,39.0
754008,Banki S.O Cuttack,20.36069,85.51805999999999,116,42800.0,91.5
521214,Tsanubanda,17.008845,80.847905,116,47100.0,91.5
758002,Keonjhar Bazar,21.641615,85.62695,116,42800.0,91.5
421101,Padgha,19.38936,73.178605,116,61300.0,39.0
583135,Kudligi,14.86795,76.38901000000001,116,48300.0,100.0
583136,Oojein,14.70929,76.301355,116,48800.0,100.0
711101,Howrah,22.586635,88.32994,116,52600.0,91.5
802130,Nimej,25.64335,84.28634,116,43400.0,65.2
847203,Biraul,25.917965,86.27041,116,43200.0,65.2
521180,Kanchikacharla,16.6672,80.38299,116,47400.0,91.5
641669,Sultanpet,10.87593,77.1827,116,54900.0,91.5
574110,Nitte,13.183885,74.93105,116,54000.0,100.0
754029,Athagarh,20.51019,85.620755,116,42500.0,91.5
577515,Bagur,13.7698,76.19044500000001,116,53600.0,100.0
415530,Kisanveernagar,17.84498,74.01448500000001,116,103600.0,39.0
485226,Birsinghpur,24.856925,81.01015,116,44100.0,45.7
410510,Loni Dhamani,19.0799,74.00886,116,55100.0,39.0
477445,Lahar,26.144815,78.908795,116,51300.0,45.7
583104,Bellary Cantonment,15.16187,76.82921,116,48900.0,100.0
758013,Raisuan,21.714225,85.525965,116,42500.0,91.5
521226,A.Konduru,16.91581,80.66394,116,47100.0,91.5
521227,Khambhampadu,17.021005,80.668155,116,47100.0,91.5
521181,Juzzuru,16.726399999999998,80.44686,116,47400.0,91.5
500024,Sahifa,17.372194999999998,78.49164999999999,116,50600.0,7.3
583128,Choranur,14.93597,76.556855,116,48400.0,100.0
248159,"Dehradun, Uttarakand",30.4998157,77.8625457,116,49600.0,21.3
171301,Sunni Bhajji,31.22346,77.110395,116,45300.0,91.5
231208,Dudhi,24.121435,83.1108,116,46300.0,91.5
506168,Chelpur,18.40569,79.83962,116,44500.0,7.3
D394763,"Patna, Bihar · D394763",25.4680538,85.1952852,116,43300.0,91.5
403114,Reis Magos,15.517215,73.802735,116,89700.0,39.0
303006,Madhorajpura,26.556295,75.698995,116,47800.0,91.5
209881,Mohan,26.790725,80.65196499999999,116,51200.0,7.3
583102,Bellary Cowl Bazar,15.074365,76.969015,116,49600.0,100.0
847233,Nehra,26.12091,86.091655,116,43000.0,65.2
322236,Dhindora,26.758365,77.127985,116,41100.0,91.5
110028,Naraina Industrial Estate,28.63597,77.1374,116,111000.0,53.0
583117,Moka,15.28761,77.07079999999999,116,47000.0,100.0
583126,Chikkajogihalli,14.713035,76.48989499999999,116,48200.0,100.0
230502,Garwara,25.962845,81.94064,116,47800.0,91.5
422005,H P T College,20.00019,73.75581,116,49400.0,39.0
202150,Palirajapur,27.790305,78.12597500000001,116,60500.0,7.3
827012,Marafari Colony,23.63574,86.1374,116,42700.0,91.5
576102,Kunjibettu,13.351525,74.767615,116,51600.0,100.0
576104,Manipal,13.339585,74.793095,116,51700.0,100.0
576105,Santhekatte,13.38903,74.756265,116,51200.0,100.0
391400,Padra,22.20266340800921,73.15246582031251,116,50700.0,0.0
517125,Gangadhara Nellore,13.233985,79.199345,116,55400.0,91.5
403530,Onda I.E.,15.53122,74.07362,116,89600.0,39.0
410512,Peth,18.94747,73.88205500000001,116,54900.0,39.0
421005,Ulhasnagar-5,19.196725,73.16111,116,58100.0,39.0
416213,Bambavada,16.864375000000003,74.062765,116,68800.0,39.0
799045,Birendranagar,23.833835,91.48759,116,53400.0,91.5
799212,Sidhai,24.061,91.43557,116,53000.0,91.5
802111,Arak,25.61783,84.22495,116,43100.0,65.2
415205,Malharpeth Karad,17.345105,73.98747,116,66100.0,39.0
421004,Ulhasnagar-4,19.21754,73.162135,116,58600.0,39.0
734427,Khoribari,26.56209,88.16459499999999,116,46500.0,91.5
403515,Candolim,15.511295,73.77311,116,90100.0,39.0
209121,Sarwankhera,26.308645,80.09624,116,45200.0,7.3
209203,Chaubepur,26.64251,80.18722,116,45900.0,7.3
577554,Mallappanahalli,13.85832,76.16504,116,53400.0,100.0
625529,Sindhupatti,9.89381,77.85383999999999,116,50000.0,91.5
571602,Krishna Raja Nagar,12.447055,76.375985,116,45100.0,100.0
230002,Pratapgarh City,25.891875,81.940235,116,47500.0,91.5
576107,Parkala,13.34046,74.82121000000001,116,51700.0,100.0
431115,Deogaon Rangari,20.06842,74.96178499999999,116,80100.0,39.0
827003,Sector- III,23.65902,86.149025,116,42700.0,91.5
827004,Sector- IV,23.672855,86.15683999999999,116,42600.0,91.5
848117,Ilmasnagar,25.876405,85.94718,116,43000.0,65.2
583130,Gudekota,14.82045,76.617525,116,48400.0,100.0
583112,Deogiri,14.98769,76.60679,116,48600.0,100.0
802120,Dumari,25.648255,84.17895,116,43300.0,65.2
522439,Vijayapuri South,16.543685,79.281345,116,60600.0,91.5
524123,Kotapolur,13.79289,79.98355000000001,116,62300.0,91.5
283113,Bhadrauli,26.88645,78.46002,116,42400.0,7.3
456441,Jharda,23.63975,75.75187,116,53600.0,45.7
835216,Murhu,22.864745,85.34976,116,40900.0,91.5
517587,Pissatur,13.40136,79.721315,116,56600.0,91.5
583134,Kottur,14.83692,76.23823,116,48600.0,100.0
230131,Katra Medniganj,25.87037,81.969065,116,47600.0,91.5
631102,Sholingur,13.077295,79.42920000000001,116,56400.0,91.5
576124,Perdur,13.5269784,74.8731879,116,47000.0,100.0
574115,Shankarapura,13.25272,74.78217000000001,116,52700.0,100.0
848114,Dalsinghsarai,25.67193,85.82377500000001,116,42900.0,65.2
421002,Ulhasnagar-2,19.22798,73.162565,116,59000.0,39.0
642004,Uthukuli Zamin,10.635285,76.96493,116,51500.0,91.5
171103,Dhami,31.194055,77.06764,116,42800.0,91.5
507137,Dummagudem,17.85172,80.978685,116,46100.0,7.3
754295,Athgarh Bazar,20.498855,85.645805,116,42500.0,91.5
576101,Udupi,13.33066,74.754145,116,51900.0,100.0
301001,Alwar,27.530595,76.619725,116,61900.0,91.5
281501,Aring,27.4774,77.54774,116,43300.0,7.3
854316,Bathnaha,26.362015,87.23163,116,43200.0,65.2
415020,Anewadi,17.790185,73.95653999999999,116,100200.0,39.0
391745,Sokhda,22.41894,73.192335,116,51100.0,91.5
786152,Kakapathar,27.664965,95.70992,116,41300.0,91.5
431151,Andhari,20.23491,75.47093,116,84400.0,39.0
632513,Walajapet,12.918665,79.39677499999999,116,55400.0,91.5
835221,Tupudana,23.19377,85.334475,116,40200.0,91.5
171004,Ambedkarchowk,31.09897,77.149295,116,50000.0,91.5
171217,Kupvi,30.821375,77.572835,116,44700.0,91.5
171218,Junga,31.003015,77.21285,116,52800.0,91.5
275202,Dullahpur,25.771865,83.410325,116,46300.0,7.3
391107,Thuwavi,22.171155,73.35563,116,51200.0,91.5
847105,Baheri,25.928615,86.05784499999999,116,43100.0,65.2
576103,Ambalapadi,13.339905,74.72907000000001,116,51800.0,100.0
835202,Bero,23.25307,84.986045,116,40900.0,91.5
576222,Koteshwara,13.58322,74.78464500000001,116,49700.0,100.0
440013,Katolroad,21.18832,79.03884500000001,116,68800.0,39.0
829143,Balkudra,23.60709,85.328565,116,41500.0,91.5
829126,Sounda C,23.67611,85.34382500000001,116,41900.0,91.5
431101,Khuldabad,20.018755,75.26458,116,84200.0,39.0
848133,Warish Nagar,25.93689,85.86414,116,43000.0,65.2
642110,Kovilpalayam,10.74722,76.97565499999999,116,49500.0,91.5
642002,Mahalinga Puram,10.69773,77.01723,116,49300.0,91.5
261125,Husainganj,27.545115000000003,80.70176000000001,116,50100.0,7.3
415515,Bhuinj,17.89321,73.983695,116,108300.0,39.0
275201,Bahadurganj,25.8531,83.678015,116,44800.0,7.3
521185,Nandigama,16.732255,80.269765,116,47500.0,91.5
758047,Remuli,22.013505,85.5644,116,42700.0,91.5
125038,Khanda Kheri,29.205475,76.245015,115,66000.0,11.0
636103,Ayodhiyapattinam,11.66919,78.24080000000001,115,55300.0,91.5
848501,Mohiuddin Nagar,25.538200000000003,85.673725,115,42700.0,65.2
848210,Rosera,25.782295,86.02566999999999,115,42800.0,65.2
415011,Vaduth,17.788429999999998,74.08904999999999,115,94500.0,39.0
D147530,"Lakhisarai, Bihar · D147530",25.1543938,86.1744959,115,43000.0,91.5
412404,Kadus,18.926555,73.76443499999999,115,51500.0,39.0
573219,Salagame,13.12422,76.10055,115,50300.0,100.0
795009,Wangoi,24.688095,93.901635,115,39900.0,91.5
577211,Ayanur,13.956155,75.429925,115,50900.0,100.0
758037,Bolani,22.102805,85.31947,115,41800.0,91.5
758040,Kiriburu Hill Top,22.04301,85.301635,115,41900.0,91.5
758085,Banspal,21.70609,85.37749500000001,115,42400.0,91.5
848236,Singhia Ghat,25.77567,85.94969499999999,115,42800.0,65.2
815353,Madhupur,24.29172,86.650395,115,43100.0,65.2
758018,Suakati,21.50336,85.51729499999999,115,42200.0,91.5
230139,Sangipur,26.03548,81.63879,115,47800.0,91.5
804426,S.P Imamganj,25.21523,84.74202,115,42800.0,65.2
D752523,"Chatra, Jharkhand · D752523",24.1062316,84.8623379,115,41700.0,91.5
D780233,"Dhar, Madhya Pradesh · D780233",22.5786572,75.2258637,115,57900.0,91.5
304001,Tonk Raj,26.1223198,75.6632235,115,57500.0,91.5
786181,Margherita,27.270015,95.621645,115,38300.0,91.5
754022,Kotasahi,20.61131,85.97707,115,41800.0,91.5
412218,Malthan,18.88467,74.182315,115,54600.0,39.0
387710,Ramol,22.64233,72.7976,115,53900.0,91.5
517403,Ramapuram,13.11183,79.20032,115,53600.0,91.5
391125,Bahadarpur,22.27772,73.591565,115,53700.0,91.5
304804,Deoli,25.843960000000003,75.42861500000001,115,43900.0,91.5
573126,Jaya Chamaraja Pura,13.39352,76.338295,115,49900.0,100.0
521212,Nunna,16.60655,80.70291,115,47300.0,91.5
848216,Bihrha,25.827055,86.035315,115,42800.0,65.2
848211,Narhan,25.681915,85.98676499999999,115,42700.0,65.2
636401,Metturdam,11.7933,77.800445,115,60500.0,91.5
784170,Halem,26.87158,93.468975,115,51600.0,91.5
784171,Tetenbari,26.899055,93.51419,115,52200.0,91.5
829119,Patratu TPS,23.614765,85.26001,115,41000.0,91.5
785609,Kaziranga National Park,26.62176,93.34873,115,47300.0,91.5
482010,Richhai,23.23242,79.97285,115,41900.0,45.7
636015,Kitchipalayam,11.61626,78.20514,115,55900.0,91.5
795004,Lamphelpat,24.82824,93.912245,115,39300.0,91.5
506342,Atmakur,18.049945,79.717095,115,44100.0,7.3
506349,Mallampalli,18.10987,79.877065,115,43900.0,7.3
576233,Vandse,13.769975,74.80534,115,50100.0,100.0
576235,Trasi,13.706115,74.68882500000001,115,50400.0,100.0
576247,Gujjadi,13.679745,74.66587,115,50500.0,100.0
636501,Jalakantapuram,11.70567,77.87046000000001,115,60700.0,91.5
507301,Aswaraopet,17.345375,81.17704,115,46800.0,7.3
521327,Tamirisa,16.496595,81.03484,115,47600.0,91.5
576230,Tallur,13.69772,74.699095,115,50400.0,100.0
500080,Gandhinagar,17.41852,78.489935,115,49600.0,7.3
841316,Naini,25.81847,84.711635,115,42700.0,65.2
841301,Chapra,25.78713,84.73178,115,42800.0,65.2
841305,Revelganj,25.781275,84.685855,115,42900.0,65.2
841402,Aphar,25.91739,84.9484,115,42700.0,65.2
573217,Kandali,13.01351,76.02974,115,50800.0,100.0
851211,Lakhminia,25.42257,86.31136000000001,115,43000.0,65.2
388320,Chikhodra,22.566825,73.00753,115,48300.0,91.5
636001,Salem,11.657765,78.16448,115,58000.0,91.5
341305,Koliya,27.329455,74.42952,115,42100.0,91.5
423205,Zodga,20.691045,74.594745,115,69700.0,39.0
423701,Vaijapur,19.843955,74.75316000000001,115,77900.0,39.0
841401,Amnour,25.97705,84.926805,115,42700.0,65.2
485446,Nagod,24.566525,80.612925,115,41500.0,45.7
636502,Tharamangalam,11.7047,77.962745,115,59200.0,91.5
500082,Somajiguda,17.42178,78.45145500000001,115,48800.0,7.3
262903,Nighasan,28.202145,80.832015,115,49200.0,7.3
636004,Alagapuram,11.69536,78.13550000000001,115,57900.0,91.5
854113,Manihari,25.38827,87.63908,115,43200.0,65.2
854117,Rosna,25.389515,87.735895,115,43100.0,65.2
848208,Mangalgarh,25.78999,86.10395,115,42800.0,65.2
786007,Barbaruah,27.315765,94.81716,115,40300.0,91.5
506013,Laxmipur,17.97409,79.629915,115,43800.0,7.3
391310,Bajwa,22.365305,73.1373,115,50200.0,91.5
172106,Sangla,31.290535,78.599255,115,55200.0,91.5
412406,Avasari BK,18.97289,74.09051,115,54100.0,39.0
412409,Otur,19.295070000000003,73.947165,115,48500.0,39.0
485331,Majhgawan,24.956215,80.69271,115,42500.0,45.7
734423,Belgachi,26.777565000000003,88.235535,115,42600.0,91.5
625532,Usilampatti,9.96559,77.78034500000001,115,49100.0,91.5
576229,Siddapura,13.70384,74.8878,115,50100.0,100.0
625705,Saptur,9.76335,77.73108500000001,115,50000.0,91.5
636307,Sivadapuram,11.644185,78.065695,115,58700.0,91.5
233222,Gangauli,25.740435,83.734335,115,44200.0,91.5
636006,Salem South,11.639435,78.152275,115,58000.0,91.5
171102,Darla,31.265775,76.96345,115,44700.0,91.5
521345,Mandavalli,16.51691,81.14892499999999,115,47400.0,91.5
413602,Naldurg,17.76983,76.30886,115,41900.0,39.0
342001,Jodhpur,26.410532,72.9646645,115,56400.0,91.5
388543,Alarsa,22.349795,72.95345499999999,115,47600.0,91.5
841312,Gariba Tola,25.739925,84.67889,115,43000.0,65.2
758036,Matkambeda,22.101045,85.35406,115,41900.0,91.5
758045,Udayapur,21.749335,85.870585,115,42400.0,91.5
758046,Turumunga,21.80975,85.780135,115,42200.0,91.5
791110,Naharlagun,27.096400000000003,93.70422,115,57300.0,91.5
821108,Kudra,25.046525000000003,83.80886,115,42900.0,91.5
625704,T.Pudupatti,9.796935,77.890445,115,49200.0,91.5
456440,Mehidpur  Road,23.5938,75.5709,115,53200.0,45.7
642003,Makkinaicken Patti,10.63945,77.05992,115,47300.0,91.5
391750,Fartilizer Nagar,22.37611,73.14267,115,50300.0,91.5
391770,Savli,22.58963,73.24783500000001,115,51900.0,91.5
391410,Bhaily,22.26434,73.12625,115,50000.0,91.5
637105,Vellandivalasai,11.601925,77.851445,115,61800.0,91.5
231218,Renusagar,24.13853,82.85721000000001,115,46200.0,91.5
341515,Harsore,26.69852,74.544635,115,45800.0,91.5
231205,Chopan,24.55811,82.931535,115,46000.0,91.5
231223,Beej Pur,23.98016,82.927885,115,46100.0,91.5
508205,Kattangur,17.17875,79.31547499999999,115,58500.0,7.3
508114,Chityala,17.21385,79.097085,115,60900.0,7.3
632401,Ranipet,12.92948,79.334375,115,53900.0,91.5
583116,Kurugodu,15.341295,76.83988500000001,115,46600.0,100.0
391220,Kayavahron,22.103175,73.24269000000001,115,49900.0,91.5
284120,BHEL,25.35509,78.485255,115,41700.0,7.3
262906,Tikunia,28.39902,80.976635,115,48500.0,7.3
583275,Vidyanagar,15.176645,76.661645,115,46200.0,100.0
637018,Puduchatram,11.373165,78.135345,115,56700.0,91.5
637019,Sellappampatti,11.30242,78.16057,115,53500.0,91.5
637101,Idappadi,11.604745,77.82473999999999,115,62600.0,91.5
854312,Araria RS,26.07175,87.35612,115,42800.0,65.2
506008,Fort Warangal,17.957520000000002,79.62646000000001,115,43800.0,7.3
230503,Kishunganj,26.013775,81.817545,115,47800.0,91.5
233307,Bhimapar,25.63431,83.186415,115,46700.0,91.5
391240,Miyagam Karjan,22.05725,73.106465,115,48700.0,91.5
126101,Julana,29.130915,76.40544,115,65800.0,11.0
814157,Dehijore,24.518705,86.824895,115,43000.0,65.2
636457,Vanavasi,11.74998,77.854645,115,60100.0,91.5
485334,M G  G V chitrakoot,25.143230000000003,80.87534,115,43900.0,45.7
421501,Ambernath,19.20315,73.194585,115,57800.0,39.0
233230,Kasimabad,25.792795,83.70707999999999,115,44500.0,91.5
262907,Semra,28.202965,81.006995,115,49000.0,7.3
799203,Kalyanpur,23.9182,91.59045,115,50400.0,91.5
802183,Gaudarh Rudranagar,25.5407,84.389785,115,42900.0,65.2
802202,Agiaon Bazar,25.356285,84.32806500000001,115,42800.0,65.2
802203,Garhani,25.43619,84.56005,115,43100.0,65.2
785675,Khowang,27.22793,94.891965,115,39100.0,91.5
753010,Madhupatna,20.44198,85.905875,115,41700.0,91.5
332002,Dhod,27.517305,74.99937,115,47700.0,91.5
500065,Shahalibanda,17.3539,78.468295,115,51500.0,7.3
231313,Jigna RS,25.21538,82.29728,115,48300.0,91.5
560029,Basavanagudi,12.937,77.5763,115,92900.0,100.0
124104,Nehru College Jhajjar,28.5964461,76.6505366,115,39300.0,11.0
400010,Haji Malangwadi,18.96916,72.84172000000001,115,98100.0,36.0
403106,Sant Estevam,15.532155,73.944185,115,89200.0,39.0
416235,Sadashivnagar,16.416809999999998,74.292035,115,67400.0,39.0
785636,Selenghat,26.766295,94.51241,115,40500.0,91.5
391345,Petrochemical  T Ship,22.350905,73.140225,115,50400.0,91.5
636008,Kannankurichi,11.708295,78.176705,115,57700.0,91.5
767035,Sindhekela,20.23448,82.93218999999999,115,42600.0,91.5
802116,Churamanpur,25.60234,84.02938,115,43100.0,65.2
802162,Nawada Ben,25.53489,84.55554000000001,115,43000.0,65.2
391520,Samlaya R S,22.527235,73.30395,115,52100.0,91.5
609313,Tarangambadi,11.044195,79.84707499999999,115,61700.0,91.5
753011,Gopalpur,20.40364,85.91775,115,41700.0,91.5
341516,Dhankoli,27.27601,74.8553,115,44500.0,91.5
230404,Vishwanathganj,25.784135,81.94232500000001,115,47300.0,91.5
262726,Sharda Nagar,28.015435,80.90433999999999,115,49100.0,7.3
262728,Nakha,27.89418,80.945125,115,49100.0,7.3
202126,Jawan,28.052095,78.085905,115,63400.0,7.3
431107,Paithan,19.48214,75.415165,115,82500.0,39.0
303301,Bassi,26.851765,76.04914500000001,115,47200.0,91.5
416401,Arag,16.79988,74.805005,115,78500.0,39.0
583152,Bellary Thermal Power Station,15.10157,76.72777500000001,115,47100.0,100.0
521228,Kondapalli,16.638265,80.55992499999999,115,47200.0,91.5
754131,Kishorenagar,20.42,86.099225,115,41500.0,91.5
754112,Bentakar,20.40022,85.959195,115,41700.0,91.5
753006,C R R I,20.461115,85.941375,115,41800.0,91.5
625535,Yelumalai,9.850725,77.69154499999999,115,50500.0,91.5
802165,Shahpurpatti,25.6159,84.40668500000001,115,43100.0,65.2
524127,Yellasiri,13.9213,80.022925,115,60200.0,91.5
520002,Buckinghampet,16.512105,80.630515,115,47100.0,91.5
754001,Fulnakhara,20.34821,85.92437,115,41500.0,91.5
571121,Sargur,11.89695,76.41540499999999,115,49600.0,100.0
D706767,"Bargarh, Odisha · D706767",21.2319922,83.5652737,115,42300.0,91.5
767040,Banganmura,20.33415,82.923385,115,42600.0,91.5
795146,Lamsang,24.87568,93.87873,115,39300.0,91.5
583118,D T Ship,15.04908,76.614255,115,45900.0,100.0
391320,Jawahar Nagar,22.36222,73.133595,115,50200.0,91.5
802158,Jagdishpur,25.46188,84.43649500000001,115,42800.0,65.2
202170,Bijaigarh,27.7187,78.25735,115,56700.0,7.3
201002,Kavi Nagar,28.660275,77.46566999999999,115,59700.0,7.3
201201,Govindpuri,28.86503,77.590445,115,51700.0,7.3
625527,Sedapatti,9.86366,77.79801499999999,115,48900.0,91.5
141201,Kila Raipur,30.761775,75.820425,115,60100.0,36.6
758031,Jhumpura,21.84165,85.52523,115,42500.0,91.5
802135,Simari,25.63606,84.12558,115,43300.0,65.2
821109,Mohania,25.16983,83.699405,115,43400.0,91.5
814120,Ghormara,24.41828,86.92132000000001,115,43200.0,65.2
521104,Nidamanuru,16.501935,80.73812,115,47400.0,91.5
521105,Hanuman Junction,16.69179,80.98019500000001,115,47200.0,91.5
583115,Kudathini,15.230095,76.789945,115,47600.0,100.0
209205,Sheorajpur,26.66226,80.13492500000001,115,45600.0,7.3
521153,Kolavennu,16.444184999999997,80.815455,115,47600.0,91.5
583124,Yeshwantnagar,14.993575,76.44547,115,48100.0,100.0
250103,I. E. Partapur,28.925915,77.653055,115,51800.0,7.3
517584,Vepagunta,13.35966,79.51319000000001,115,54200.0,91.5
642006,Suleeswaran Patti,10.63572,77.010115,115,50800.0,91.5
642101,Aliyar Nagar,10.4399,76.998465,115,53800.0,91.5
577597,Belagur,13.66378,76.304085,115,52600.0,100.0
636005,Suramangalam,11.66172,78.10840999999999,115,58300.0,91.5
521108,Ramavarappadu,16.52854,80.691465,115,47300.0,91.5
520001,Vijayawada,16.522395,80.61119,115,47100.0,91.5
262721,Lagucha,27.83197,80.84006,115,48700.0,7.3
521110,Veeravalli,16.63031,80.912265,115,47300.0,91.5
754005,Barang,20.438565,85.834105,115,41800.0,91.5
753003,College Square,20.46868,85.901085,115,41800.0,91.5
753004,Nayabazar,20.456995,85.92015,115,41700.0,91.5
637503,Mallasamudram,11.460625,78.00961000000001,115,58800.0,91.5
570026,Bogadi,12.251135,76.51326,115,45900.0,100.0
521163,Thotlavalluru,16.34422,80.78298000000001,115,47500.0,91.5
753002,Chandinchowk,20.46712,85.85827,115,41800.0,91.5
636406,Mettur Thermal Project,11.76618,77.81706500000001,115,60700.0,91.5
341501,Badu,26.89963,74.557715,115,45800.0,91.5
341503,Degana,26.889755,74.29468,115,45700.0,91.5
110023,Sarojini Nagar,28.575245,77.19862499999999,115,109000.0,53.0
753007,Medical College,20.476815,85.895655,115,41800.0,91.5
174321,Thanakalan,31.51057,76.360805,115,50100.0,91.5
521109,Telaprolu,16.594955,80.88163,115,47400.0,91.5
231225,Anpara Tps,24.29568,82.86581000000001,115,46400.0,91.5
520003,Gandhinagaram,16.525785,80.63588999999999,115,47300.0,91.5
642105,Water Falls Estate,10.402695,76.96542,115,54700.0,91.5
642106,Cinchona,10.27581,77.01971499999999,115,56000.0,91.5
642114,Malayandipattinam,10.541795,76.96369,115,52900.0,91.5
786155,Sadiya,27.86497,95.59379,115,42200.0,91.5
734424,Bendubi,26.738935,88.28789499999999,115,43000.0,91.5
571103,Bilikere,12.331235,76.451755,115,45700.0,100.0
500002,Hyderabad Jubilee,17.362675,78.47502499999999,115,50800.0,7.3
521321,Janardhanapuram,16.510715,81.00516999999999,115,47600.0,91.5
799207,Chebri,23.9853,91.597375,115,50000.0,91.5
521201,Nuzvid,16.79232,80.84708,115,47200.0,91.5
521202,APIIIT,16.789405000000002,80.80993000000001,115,47200.0,91.5
802157,Gajrajganj,25.573085,84.539025,115,43000.0,65.2
261404,Parsada,27.479185,80.63528500000001,115,49600.0,7.3
753009,Telenga Bazar,20.459905,85.87578500000001,115,41800.0,91.5
521101,Gannavaram,16.57361,80.785505,115,47400.0,91.5
520011,Satyanarayanapuram,16.52497,80.64528,115,47300.0,91.5
521111,Gollapalli,16.728679999999997,80.92643000000001,115,47200.0,91.5
521134,Tadigadapa,16.465075,80.68589499999999,115,47200.0,91.5
521137,Poranki,16.484795,80.71806,115,47400.0,91.5
638008,Pallipalayamagraharam,11.381775,77.75681,115,66400.0,91.5
795136,Sekmai,24.963815,93.875795,115,39200.0,91.5
753001,Cuttack G.P.O.,20.47529,85.879655,115,41800.0,91.5
642001,Pollachi,10.667705000000002,77.00514000000001,115,50000.0,91.5
636002,Shevapet,11.64706,78.13734,115,57900.0,91.5
802154,Chaurasta Bihia,25.60129,84.47811999999999,115,43000.0,65.2
802155,Dalippur,25.429835,84.37146000000001,115,42900.0,65.2
802156,Dhamar,25.61958,84.567475,115,43000.0,65.2
577539,Ramagiri,13.956765,76.119025,115,53100.0,100.0
520015,Azitnagar,16.55081,80.64179,115,47300.0,91.5
262701,Kheri,27.99313,80.69792,115,49200.0,7.3
753014,Avinab Bidanasi,20.480975,85.81507,115,41800.0,91.5
262724,Jatpurwa,28.10212,81.009645,115,49100.0,7.3
754028,Charbatia,20.60935,85.85259500000001,115,41900.0,91.5
754006,Mundali Colony,20.44306,85.75201,115,41800.0,91.5
795003,Manipur University,24.750935,93.961295,115,39300.0,91.5
521151,Kankipadu,16.435855,80.75351,115,47500.0,91.5
802311,Barahara,25.659080000000003,84.70808,115,42800.0,65.2
795140,Tulihal,24.753735,93.87902,115,40700.0,91.5
485774,Nadan,24.286045,80.886995,115,42300.0,45.7
576224,Navunda,13.759055,74.69852,115,50300.0,100.0
521229,G Konduru,16.68448,80.606045,115,47200.0,91.5
754021,Jagatpur,20.489435,85.91453,115,41800.0,91.5
753012,A D Market,20.454145,85.88773,115,41800.0,91.5
521107,Mustabad,16.54727,80.71909500000001,115,47300.0,91.5
247122,Badshahi Bagh,30.35041,77.62722,115,47000.0,7.3
520013,Krishnalanka,16.49244,80.6357,115,47100.0,91.5
577416,Harnahalli,14.051495,75.47554,115,51300.0,100.0
841412,Jalalpur Bazar,25.889255,84.70141,115,42900.0,65.2
520012,Kamakotinagar,16.56772,80.608695,115,47300.0,91.5
517583,Puttur,13.422185,79.5519,115,54700.0,91.5
520007,Autonagar,16.49019,80.679345,115,47300.0,91.5
477447,Daboh,26.002015,78.883455,115,48300.0,45.7
485551,Jaso,24.45151,80.57764,115,41200.0,45.7
642134,Somandurai,10.581255,76.971035,115,52200.0,91.5
799102,Bishalgarh,23.65475,91.278585,115,49800.0,91.5
802118,Dulahpur,25.6163,84.081025,115,43100.0,65.2
416526,Koulage,16.18772,74.291485,115,68400.0,39.0
520004,Machavaram,16.528910000000003,80.65975,115,47300.0,91.5
521106,Kanumolu,16.55592,80.96004500000001,115,47500.0,91.5
521207,Musunuru,16.809635,80.94837000000001,115,47100.0,91.5
753008,Tulasipur,20.481245,85.85446,115,41800.0,91.5
403109,N B Verem,15.50061,73.80292,115,88300.0,39.0
802152,Bihia,25.540795,84.48058499999999,115,42900.0,65.2
521102,Bacon Factory,16.51927,80.77464,115,47400.0,91.5
811308,Jhajha,24.742465000000003,86.437575,115,42900.0,65.2
811309,Kajra,25.16835,86.24188000000001,115,43000.0,65.2
637502,Elampillai,11.614575,78.005575,115,59300.0,91.5
521139,Penamaluru,16.446965,80.710715,115,47400.0,91.5
754201,Rameswar,20.535765,86.070515,115,41600.0,91.5
485661,Unchehara,24.40586,80.74490499999999,115,41600.0,45.7
811313,Mallehpur,24.96833,86.20238,115,42700.0,65.2
425507,Khirdi,21.145695,76.012065,115,63700.0,39.0
811305,Gidhaur,24.85962,86.30856,115,42900.0,65.2
811307,Jamui,24.930570000000003,86.22461999999999,115,42800.0,65.2
410502,Junnar,19.21794,73.79816,115,48200.0,39.0
416411,Ranjani,16.984209999999997,74.938065,115,78700.0,39.0
D210640,"Rewa, Madhya Pradesh · D210640",24.7560846,81.3810574,115,44100.0,91.5
521225,Gollapudi,16.545465,80.572265,115,47100.0,91.5
754026,Daulatabad,20.506975,85.899655,115,41800.0,91.5
387530,Matar,22.65443,72.57067,115,54700.0,91.5
841460,Bhatha Sonho,25.94731,84.992365,115,42800.0,65.2
754071,Kapaleswar,20.52792,85.908355,115,41900.0,91.5
754100,Biribati,20.41706,85.99704,115,41700.0,91.5
413004,Indiranagar,17.648645000000002,75.89970500000001,115,40900.0,39.0
637410,Vaiappamalai,11.433005,78.07075499999999,115,57800.0,91.5
799022,Tripura University,23.756145,91.24929,115,51900.0,91.5
521311,Indupalli,16.472054999999997,80.879805,115,47600.0,91.5
416436,Kupwad MIDC Area,16.879665000000003,74.64567,115,80000.0,39.0
583218,Hosahalli,14.62418,76.50576,115,47900.0,100.0
247551,Nagal,29.84732,77.689145,115,47100.0,7.3
209311,Jainpur I A,26.360045,80.026185,115,45200.0,7.3
753013,Kalyani Nagar,20.448395,85.90205499999999,115,41800.0,91.5
577542,Srirampura,13.640440000000002,76.40249499999999,115,51300.0,100.0
D325346,"Dhule, Maharashtra · D325346",21.1305215,74.4900614,115,64000.0,91.5
520010,Venkateswarapuram,16.500735,80.64905999999999,115,47200.0,91.5
642123,Samathur,10.595395,77.03440499999999,115,51100.0,91.5
795002,Mantripukhri,24.923715,93.85825,115,39300.0,91.5
411052,Navsahyadri,18.49262,73.82179500000001,115,58900.0,39.0
411008,N.C.L. Pune,18.53694,73.80805000000001,115,57700.0,39.0
520008,Vj Polytechnic,16.510800000000003,80.66686,115,47300.0,91.5
521260,Manikonda,16.502110000000002,80.830535,115,47500.0,91.5
811310,Kiul-rs,25.10483,86.22878,115,43100.0,65.2
127310,Jhojhu,28.47422,76.130075,115,54200.0,11.0
281202,Mant,27.66374,77.72219,115,44400.0,7.3
450991,Jawar,21.98112,76.44291,115,45200.0,45.7
786174,Pengri,27.429725,95.85865,115,40000.0,91.5
786179,Tipong,27.312715,95.89611,115,39800.0,91.5
415540,Gondawale BK,17.57956,74.622315,115,74200.0,39.0
388360,Samarkha,22.610235,72.97028,115,48500.0,91.5
754025,Choudwar,20.550265000000003,85.96414999999999,115,41800.0,91.5
811106,Surajgaraha,25.256555,86.264455,115,42900.0,65.2
506005,Rangshaipet,17.909045,79.61401000000001,115,43700.0,7.3
521230,Mylavaram,16.7875,80.688985,115,47200.0,91.5
521241,Railway Wagon Work Shop,16.586645,80.564595,115,47100.0,91.5
521211,Aukiripalli,16.68984,80.84657,115,47300.0,91.5
283152,Eka,27.401960000000003,78.58702,115,54600.0,7.3
480221,Amarwara,22.342385,79.189225,115,44200.0,45.7
521286,Pedavutapalli,16.584845,80.83451,115,47400.0,91.5
424307,Kapadna,21.02107,74.681995,115,72500.0,39.0
583212,Hagaribommanahalli,15.087895,76.2478,115,47400.0,100.0
415206,Patan,17.402915,73.84791999999999,115,62100.0,39.0
415211,Daulat Nagar,17.297895,73.94315499999999,115,64800.0,39.0
415524,Vathar,17.878555,74.153235,115,100200.0,39.0
410509,Dimbhe Colony,19.14223,73.64732000000001,115,51300.0,39.0
521213,Ramanakkapet,16.90065,80.90095,115,47100.0,91.5
388370,Vadod,22.506705,73.00464,115,47400.0,91.5
262702,Kheri Town,27.886405,80.82325499999999,115,48800.0,7.3
754027,Chasapara,20.511225000000003,85.80296,115,41900.0,91.5
848502,Mohiuddin Nagar R.S,25.60189,85.69306,115,42600.0,65.2
848504,Patory,25.640035,85.60188,115,42800.0,65.2
848506,Baghra,25.567835,85.59440000000001,115,42600.0,65.2
754200,Bahugram,20.48547,86.001275,115,41700.0,91.5
758017,Rajanagar,21.71934,85.78979,115,42500.0,91.5
475671,Unnao,25.636565,78.6669,115,46500.0,45.7
851217,Sahebpur Kamal,25.41985,86.40488500000001,115,42700.0,65.2
827006,Sector-VI,23.67365,86.17183499999999,115,42500.0,91.5
758035,Barbil,22.052715,85.373975,115,41900.0,91.5
573128,Kattaya,12.894715,76.03889000000001,115,50600.0,100.0
275203,Jakhania,25.751705,83.34905,115,46000.0,7.3
609702,Tirumarugal,10.87493,79.74168499999999,115,61200.0,91.5
636016,Fairlands,11.697305,78.149305,115,57900.0,91.5
609310,Tillaiyadi,11.037145,79.79273,115,62000.0,91.5
636007,Hasthampatti,11.675885,78.15610000000001,115,57700.0,91.5
824206,Imamganj,24.44703,84.60967500000001,115,42400.0,91.5
231209,Gurma Markundi,24.597695,83.070235,115,45900.0,91.5
230144,Ajgara,25.8996,81.83468500000001,115,47200.0,91.5
829150,Ramgarh Project,23.581875,85.67524,115,41400.0,91.5
636306,Sinnappampatti,11.64681,77.934975,115,60200.0,91.5
829118,Patratu,23.669865,85.28368,115,41300.0,91.5
848213,Kuseshwar Asthan,25.815455,86.320145,115,42700.0,65.2
412405,Avsari KH,18.967820000000003,73.96412000000001,115,53700.0,39.0
485775,Amarpatan,24.335165,81.01225500000001,115,42600.0,45.7
332402,Palsana,27.496375,75.37624,115,56000.0,91.5
332403,Ranoli,27.50043,75.26717500000001,115,54700.0,91.5
332001,Sikar,27.61284,75.14925,115,48100.0,91.5
431116,Shivar,20.092795,74.82019,115,77600.0,39.0
387510,Alindra,22.66445,72.697385,115,54000.0,91.5
636030,Mohan Nagar,11.675350000000002,78.056105,115,58400.0,91.5
D404179,"Shahdol, Madhya Pradesh · D404179",23.3002343,81.364771,115,43300.0,91.5
795001,Imphal,24.802105,93.929935,115,39200.0,91.5
848209,Singhia,25.862245,86.15662499999999,115,42900.0,65.2
824210,Raniganj,24.37441,84.56304,115,42300.0,91.5
341306,Ladnun Lsg,27.56574,74.408695,115,42000.0,91.5
758079,Janghira,21.437105000000003,85.613585,115,42100.0,91.5
233226,Mardah,25.795835,83.56319500000001,115,44600.0,91.5
500028,Humayunnagar,17.406170000000003,78.43796499999999,115,49400.0,7.3
636009,Leigh Bazaar,11.66066,78.141915,115,57800.0,91.5
841213,Kopa Samhota,25.83898,84.663235,115,42800.0,65.2
521326,Rudrapaka,16.531215,81.114375,115,47400.0,91.5
388305,Adas,22.47621,73.0199,115,47700.0,91.5
388340,Mogar,22.51943,73.022595,115,48000.0,91.5
791111,Itanagar,27.04972,93.634585,115,56600.0,91.5
821102,Bhagwanpur S.O (Kaimur (Bhabua)),24.77237,83.70385999999999,115,43500.0,91.5
521312,Vunguturu,16.520364999999998,80.88862,115,47500.0,91.5
814150,Sarwan,24.363495,86.824105,115,43300.0,65.2
424109,Naydongri,20.31311,74.7971,115,75700.0,39.0
786613,Bamunbari,27.23665,95.01487,115,39300.0,91.5
230137,Sahabganj,25.96139,81.85002,115,47400.0,91.5
230125,Atheha,26.12029,81.609925,115,48200.0,91.5
341506,Maulasar,27.29676,74.68238500000001,115,44300.0,91.5
341517,Ladariya,27.251935000000003,74.69951499999999,115,44000.0,91.5
341318,Khunkhuna,27.26128,74.480715,115,43800.0,91.5
431111,Phulmbri,20.094075,75.438635,115,83600.0,39.0
636010,Kondalampatti,11.61011,78.08967,115,58400.0,91.5
636013,Salem Steel Plant,11.668165,78.030745,115,58800.0,91.5
786611,Rajgarh,27.186205,95.090835,115,38900.0,91.5
758032,Ukhunda,21.818105000000003,85.69921,115,42600.0,91.5
636302,Jagir Ammapalayam,11.68283,78.10075499999999,115,58100.0,91.5
636452,Madayankuttai,11.765685,77.78574,115,61600.0,91.5
391110,Dabhoi R.S.,22.11479,73.43413000000001,115,50100.0,91.5
841214,Kopa Bazar,25.841365,84.63468,115,42900.0,65.2
461228,Timarni,22.247505,77.31371,115,42900.0,45.7
521456,VTPS,16.64618,80.482855,115,47000.0,91.5
391775,Tundav,22.49383,73.20644,115,50800.0,91.5
391210,Kandari,22.08327,73.25156999999999,115,49700.0,91.5
233229,Barachawar,25.74798,83.81681,115,43800.0,91.5
275204,Sadat,25.69626,83.270465,115,46300.0,7.3
233225,Karimuddinpur,25.732745,83.86429000000001,115,43800.0,91.5
682306,Eroor,9.971775,76.33813,114,65700.0,91.5
632405,Mukundarayapuram,13.004305,79.31227000000001,114,53900.0,91.5
341512,Parbatsar,26.77762,74.71732499999999,114,45800.0,91.5
625003,Palanganatham,9.903355,78.078285,114,50200.0,91.5
506006,Deshaipet,18.047115,79.6318,114,43400.0,7.3
632515,Tiruvalam,12.998425,79.262265,114,52500.0,91.5
341519,Kukanwali,27.17052,74.49418,114,43600.0,91.5
682301,Tripunithura,9.9382,76.351455,114,65600.0,91.5
632404,Karai,12.928525,79.32005,114,53500.0,91.5
231303,Bijaipur,25.159205,82.35997,114,48200.0,91.5
485771,Maihar,24.24984,80.70254,114,41200.0,45.7
D441711,"Chandauli, Uttar Pradesh · D441711",25.125695,83.2494601,114,45500.0,91.5
391101,Sevasi,22.309825,73.09759,114,49400.0,91.5
785621,Golaghat,26.3689557,94.0086553,114,39700.0,91.5
497346,"Koriya, Chhattisgarh",23.476254,82.4776374,114,45000.0,91.5
632406,Bhel Ranipet,12.97401,79.29246,114,53100.0,91.5
632403,Ranipet Industrial Estate,12.95763,79.31082,114,53400.0,91.5
506331,Togarrai,17.8675814,79.801947,114,45700.0,91.5
415104,Kale,17.196655,74.15943,114,70800.0,39.0
636112,Talaivasal,11.610465,78.7776,114,51000.0,91.5
683521,Vadakkumpuram,10.176555,76.22478000000001,114,63300.0,91.5
682003,Willingdon Island,9.957465,76.27082,114,65200.0,91.5
683111,Kochi Airport,10.15471,76.393995,114,64600.0,91.5
682502,Edavanakad,10.09089,76.20849000000001,114,63500.0,91.5
682503,Elamkunnapuzha,10.02967,76.227485,114,65100.0,91.5
571315,Hura,11.98473,76.55770000000001,114,48600.0,100.0
D461093,"Balangir, Odisha · D461093",20.6095183,83.1673029,114,41900.0,91.5
521136,K.P.Centre,16.24897,80.939885,114,48700.0,91.5
521138,Pedasanagallu,16.278975,80.92188,114,48500.0,91.5
682032,Thammanam,9.98622,76.310505,114,65500.0,91.5
682507,Mundamveli,9.928845,76.25361000000001,114,65000.0,91.5
230402,Mandhata,25.79981,81.84105,114,46900.0,91.5
230130,Laxmanpur,25.89645,81.76076499999999,114,47200.0,91.5
230132,Lalganj,25.930525,81.654155,114,47300.0,91.5
506343,Mulug,18.17527,79.896165,114,43400.0,7.3
521331,Kavutaram,16.313375,81.09624500000001,114,48500.0,91.5
521332,Dokiparru,16.29824,81.05181,114,48800.0,91.5
641671,Kettanur,10.853415,77.25721,114,53300.0,91.5
683513,Paravur,10.123015,76.22829,114,63500.0,91.5
391350,Ranoli,22.40235,73.120665,114,49700.0,91.5
682011,Ernakulam,9.97298,76.28235000000001,114,65300.0,91.5
682015,Perumanur,9.951325,76.290855,114,65300.0,91.5
682016,Kochi M.G.Road,9.969485,76.28773,114,65300.0,91.5
521263,Ventrapragada,16.451925,80.934775,114,47800.0,91.5
682008,Kannamali,9.85629,76.26801,114,64700.0,91.5
521256,Mantada,16.365375,80.88577000000001,114,47900.0,91.5
682033,Changampuzha Nagar,10.039515,76.31881000000001,114,65700.0,91.5
521245,Akunuru,16.3953,80.817385,114,47700.0,91.5
642112,Kurichikottai,10.43264,77.16654500000001,114,48200.0,91.5
683520,Mannam Paravur,10.14575,76.25751,114,63600.0,91.5
577527,Hosadurga,13.898325,76.33933999999999,114,50900.0,100.0
521148,Elamarru,16.38579,80.934505,114,48000.0,91.5
416406,Madhavnagar,16.88832,74.58733000000001,114,77900.0,39.0
682504,Mulavukad,10.0045,76.254425,114,65200.0,91.5
802352,Akhagaon,25.48424,84.73175499999999,114,42400.0,65.2
521323,Moturu,16.454614999999997,81.05203,114,47800.0,91.5
517581,Narayanavaram,13.41583,79.63949500000001,114,53100.0,91.5
799103,Bishramganj,23.61966,91.34205,114,49100.0,91.5
682013,Thevara,9.934395,76.298665,114,65200.0,91.5
400013,Lower Parel,18.9937,72.8263,114,88400.0,100.0
507167,Tallada,17.1729189,80.4057537,114,45000.0,91.5
682027,Chittoor-ekm,10.04487,76.26389499999999,114,65300.0,91.5
521121,Avanigadda,16.01982,80.908645,114,47900.0,91.5
416502,Gadhinglaj,16.217235,74.35614,114,66400.0,39.0
221115,Tanda Kalan,25.480695,83.181185,114,47200.0,7.3
506348,Regonda,18.227775,79.77990500000001,114,43100.0,7.3
241204,Sandila,27.116095,80.528985,114,49500.0,7.3
682315,Kanjiramattom,9.861625,76.407105,114,65200.0,91.5
341507,Maroth,27.123915,75.16011,114,50100.0,91.5
388245,Sevalia  Rs,22.811945,73.338915,114,51500.0,91.5
682509,Nayarambalam,10.06564,76.217765,114,63600.0,91.5
802132,Noan,25.33097,83.754535,114,43400.0,65.2
506002,Warangal,17.971885,79.60391,114,43400.0,7.3
341504,Gachhipura,26.97424,74.43608499999999,114,43200.0,91.5
799001,Agartala,23.9153329,91.3879341,114,59800.0,91.5
303903,Shivdaspura,26.68196,75.923555,114,47400.0,91.5
303702,Chomu,27.16288,75.70922999999999,114,50100.0,91.5
305026,Thanwala,26.5604,74.506785,114,44500.0,91.5
682028,Vennala,9.9926,76.323595,114,65600.0,91.5
682307,Udayamperoor,9.87925,76.364165,114,65200.0,91.5
388530,Bhadran,22.30334,72.885025,114,46400.0,91.5
682313,Arakunnam,9.86568,76.4442,114,65300.0,91.5
682314,Mulanthuruthy,9.900015,76.40746,114,65600.0,91.5
233223,Rampur,25.549855,83.115115,114,47600.0,91.5
231314,Jamua,25.230155,82.784175,114,48400.0,91.5
636012,Karuppur,11.74543,78.127915,114,56900.0,91.5
521130,Pedakallepalli,16.075105,80.968985,114,48300.0,91.5
682025,Palarivattom,9.99932,76.305515,114,65500.0,91.5
682026,Elamakkara,10.018545,76.287815,114,65500.0,91.5
682010,Edakochi,9.90808,76.29328,114,65100.0,91.5
388620,Khambhat,22.277195,72.54825,114,44800.0,91.5
711104,Santragachi,22.582265,88.3047,114,51200.0,91.5
711106,Salkia,22.602515,88.342955,114,51200.0,91.5
636121,Vadachennimalai,11.574895,78.67588,114,51400.0,91.5
415510,Aundh,17.54639,74.33034,114,59100.0,39.0
261405,Machharehta,27.43833,80.60502,114,49400.0,7.3
416301,Ashte,16.95792,74.401885,114,76900.0,39.0
636204,Panamarathupatti,11.574125,78.21378,114,53500.0,91.5
411044,P.C.N.T.,18.658245,73.771195,114,50900.0,39.0
799201,Khowai,24.116555,91.615975,114,48700.0,91.5
683108,Thottakkattukara,10.10996,76.34483,114,64500.0,91.5
571118,Kalale,12.04535,76.648595,114,48400.0,100.0
854334,Maryganj,26.088175,87.227395,114,42600.0,65.2
231222,Shaktinagar,24.112585000000003,82.758535,114,46100.0,91.5
637214,Koottapalli,11.33391,77.83591,114,62900.0,91.5
209210,Uttaripura,26.728545,80.07261,114,45100.0,7.3
841225,Pratapur,25.776695,84.94869,114,42300.0,65.2
682020,Kadavanthara,9.961875,76.30362500000001,114,65400.0,91.5
682022,Kochi University,10.04194,76.328315,114,65800.0,91.5
521120,Nagayalanka,15.83614,80.962995,114,47500.0,91.5
482004,Adhartal,23.218265,79.94906,114,41400.0,45.7
521122,Gandhikshetram,16.029265,80.96663000000001,114,48100.0,91.5
682002,Mattancherry,9.954820000000002,76.253595,114,65100.0,91.5
799202,Khowai Court,24.061325,91.610975,114,49300.0,91.5
521003,Chintaguntapalem,16.094929999999998,81.106415,114,48400.0,91.5
841221,Sitalpur,25.78913,85.043225,114,42400.0,65.2
841222,Sutihar,25.848575,84.96681000000001,114,42300.0,65.2
221406,Mondh,25.412315,82.500395,114,48300.0,7.3
231220,Beena Project,24.149035,82.77103500000001,114,46200.0,91.5
682511,Malipuram,10.017695,76.22666000000001,114,65100.0,91.5
802117,Dhansoi,25.346215,84.03103,114,42500.0,65.2
682012,Pachalam,10.00374,76.27906999999999,114,65400.0,91.5
682019,Vyttila,9.96941,76.31566000000001,114,65500.0,91.5
754018,Bramhansailo,20.27894,86.022115,114,40900.0,91.5
754002,Sundargram,20.28095,85.961455,114,40900.0,91.5
829110,Gola,23.55094,85.768955,114,41100.0,91.5
209206,Ghatampur,26.12425,80.18530999999999,114,44200.0,7.3
686662,Koothattukulam,9.86897,76.57755,114,65200.0,91.5
247451,Rampur,29.82395,77.469135,114,44300.0,7.3
205304,Kusmara,27.10294,79.28893500000001,114,44900.0,7.3
636454,Nangavalli,11.770499999999998,77.88694,114,59400.0,91.5
500020,Musheerabad,17.414695000000002,78.501005,114,49200.0,7.3
341319,Toshina,27.15033,74.5453,114,43600.0,91.5
841418,Marhowrah,25.971215,84.86469500000001,114,42400.0,65.2
230126,Babuganj,25.889485,81.72588999999999,114,47100.0,91.5
841414,Khaira,25.84265,84.760765,114,42400.0,65.2
477332,Akoda,26.48162,78.82034999999999,114,46500.0,45.7
560104,Hampinagar,12.96152,77.540615,114,69000.0,100.0
824232,Fatehpur,24.61481,85.22254,114,42200.0,91.5
841211,Gultenganj,25.751735,84.820235,114,42500.0,65.2
636304,Muthunaickenpatti,11.704875,78.03989,114,58100.0,91.5
415506,Vaduj,17.60239,74.46139500000001,114,65400.0,39.0
828202,Chirkunda,23.73405,86.78751500000001,114,43800.0,91.5
221304,Gyanpur,25.355655,82.44574,114,48100.0,7.3
233304,Saidpur,25.583275,83.26512,114,46200.0,91.5
636403,Raman Nagar,11.81644,77.84404,114,59400.0,91.5
854335,Narpatganj,26.268665,87.122735,114,42600.0,65.2
416105,Ganeshwadi,16.694325,74.662745,114,69400.0,39.0
412101,Dehu Road Cantt,18.67704,73.73435,114,50700.0,39.0
841215,Maker,25.963895,85.03182,114,42500.0,65.2
841419,Mirzapur,25.929375,84.84652500000001,114,42300.0,65.2
636011,Govt. College Of Engg,11.72533,78.07895500000001,114,57500.0,91.5
231224,Kakari Project,24.176655,82.764995,114,46200.0,91.5
841101,Sonepur,25.74579,85.124785,114,42600.0,65.2
754011,Adaspur,20.21515,86.017045,114,40900.0,91.5
686670,Vazhakulam,9.941945,76.6502,114,65400.0,91.5
686671,Pothanicaud,10.015235,76.70208500000001,114,65300.0,91.5
754202,Salipur MDG,20.49617,86.11771999999999,114,41500.0,91.5
754004,Niali,20.125475,86.10084,114,40900.0,91.5
814151,Saraiyahat,24.56226,87.00913,114,42600.0,65.2
262725,Oel,27.851455,80.73285,114,48400.0,7.3
424006,Dhule Midc,20.765115,74.72002,114,71500.0,39.0
560040,Vijayanagar,12.967345,77.536495,114,68700.0,100.0
230136,Sagra,25.961640000000003,81.7636,114,47500.0,91.5
221404,Suriyawan,25.464965,82.38329999999999,114,48200.0,7.3
416103,Shirol,16.740745,74.63337999999999,114,69000.0,39.0
841217,Nayagaon,25.756445,85.07923500000001,114,42500.0,65.2
209303,Rura,26.499,79.92842999999999,114,45000.0,7.3
637212,Velagoundampatti,11.292385,78.06318999999999,114,57000.0,91.5
758029,Dhenkikote,21.55359,85.83297999999999,114,41800.0,91.5
824201,Barachatti,24.52379,85.082905,114,41900.0,91.5
824234,Magadh University,24.64503,84.91588999999999,114,42000.0,91.5
828206,Panchet Dam,23.69545,86.769085,114,43600.0,91.5
209204,Sheoli,26.60792,80.00657000000001,114,45300.0,7.3
754105,Kasarda,20.21526,86.07327000000001,114,40900.0,91.5
711109,Danesh Sk.Lane,22.562315,88.281215,114,50900.0,91.5
848207,Bithan,25.716235,86.330265,114,42500.0,65.2
241203,Dhikunni,27.143535,80.58356,114,49900.0,7.3
571125,Hampapura,12.12026,76.44199,114,48100.0,100.0
205303,Kishni,27.026225,79.26616,114,44800.0,7.3
202002,Aligarh Muslim University,27.89481,78.08411000000001,114,63500.0,7.3
332722,Jajod,27.48386,75.49616,114,57400.0,91.5
209866,Bihar,26.29583,80.82543,114,48400.0,7.3
221009,Sahupuri,25.28747,83.06972999999999,114,47700.0,7.3
636503,Tholasampatti,11.748595,77.97186500000001,114,58200.0,91.5
637215,Kuchi Palayam,11.35875,77.83332,114,63300.0,91.5
262905,Singahi,28.34802,80.88815500000001,114,48300.0,7.3
686665,Elanji,9.83374,76.544885,114,65000.0,91.5
284419,Raksa,25.468,78.42309,114,41200.0,7.3
281205,Surir,27.811095,77.77962500000001,114,47200.0,7.3
686681,Chelad Junction,10.17347,76.7701,114,63300.0,91.5
683518,Koonammavu,10.11008,76.26726,114,63800.0,91.5
450114,Punasa,22.23375,76.459945,114,48500.0,45.7
440033,University Campus,21.14131,79.0317,114,66800.0,39.0
425310,Bodwad,20.778345,75.970135,114,73500.0,39.0
415539,Malakapur Karad,17.194745,74.16367,114,71000.0,39.0
411051,Anandnagar,18.4774,73.8228,114,57400.0,39.0
202121,Akrabad,27.82159,78.263205,114,60400.0,7.3
637304,Thanneerpandalpalayam,11.402555,77.85636,114,63200.0,91.5
177031,Raipur,31.448535,76.40706499999999,114,49200.0,91.5
456668,Makdone,23.477825000000003,76.08364,114,53100.0,45.7
524402,Vojili,13.982005,79.88789,114,58100.0,91.5
332404,Ringas,27.35015,75.558345,114,57000.0,91.5
637001,Namakkal,11.226595,78.16998000000001,114,51700.0,91.5
403001,Panaji,15.49132,73.806685,114,87400.0,39.0
754003,Govindpur,20.32454,85.998345,114,40900.0,91.5
281004,Krishna Nagar,27.48226,77.621095,114,38900.0,7.3
245205,Garhmukhteshwer,28.776225,78.07673,114,64200.0,7.3
625016,Arasaradi,9.92919,78.094225,114,49700.0,91.5
411039,Bhosarigoan,18.63203,73.85542,114,56300.0,39.0
841219,Parsa,25.879585,85.04818,114,42500.0,65.2
423403,Nagarsul,20.11785,74.60020499999999,114,72400.0,39.0
758019,Telkoi,21.35884,85.419565,114,41700.0,91.5
332406,Kochhore,27.40984,75.20619500000001,114,54100.0,91.5
421506,Additional Ambernath,19.17171,73.188965,114,56400.0,39.0
841218,Paiga,25.908095,84.90833,114,42500.0,65.2
209859,Nawabganj,26.552295,80.756205,114,49700.0,7.3
823004,Civil Aerodram,24.74418,84.95584500000001,114,42100.0,91.5
686664,Piravom,9.882075,76.486125,114,65500.0,91.5
637403,Gurusamipalayam,11.41822,78.116495,114,57300.0,91.5
332021,Bajajgram,27.550605,75.144135,114,47900.0,91.5
785626,Maheema,26.61052,94.04575,114,41500.0,91.5
450110,Bir,22.09546,76.60001,114,46700.0,45.7
521322,Golvepalli,16.394915,80.974355,114,48000.0,91.5
683579,Kurumassery,10.18567,76.32525000000001,114,63700.0,91.5
814116,Satsang,24.47602,86.674425,114,42900.0,65.2
784172,Barangabari,26.81639,93.536305,114,50500.0,91.5
636455,Omalur,11.753195,78.02622,114,57300.0,91.5
636456,Salem Camp,11.78666,77.81067999999999,114,60400.0,91.5
758084,Jagamohanpur,21.502465,85.36462,114,41900.0,91.5
332312,Patoda,27.714625,74.89818,114,46700.0,91.5
686693,Nellimattam,10.046695,76.77043499999999,114,64800.0,91.5
683572,Angamally,10.18827,76.38224,114,64100.0,91.5
638007,Cauvery Railway Station,11.334545,77.78179,114,64600.0,91.5
785105,Jengraimukh,27.056675,94.33004,114,42900.0,91.5
431137,Bihamandwa,19.452505,75.57297,114,81400.0,39.0
441103,Kondhali,21.12262,78.644945,114,59500.0,39.0
686672,Arakuzha,9.91958,76.60090500000001,114,65600.0,91.5
477105,Nai Zameen Bhind,26.611525,78.81448499999999,114,46500.0,45.7
400602,Naupada,19.190565,72.97174,114,74600.0,39.0
207121,Sakeet,27.410595,78.76448,114,51700.0,7.3
637014,Karaikurichi,11.36106,78.17452499999999,114,52600.0,91.5
570008,Mysuru South,12.20037,76.57155,114,48300.0,100.0
524413,Vidyanagar,14.045295,80.015725,114,58000.0,91.5
524415,Vakadu,14.002385,80.0909,114,59300.0,91.5
637202,Elachipalayam,11.367695,78.01592,114,58800.0,91.5
758016,Saharpada,21.69375,85.95179999999999,114,42300.0,91.5
637205,Kumaramangalam,11.40066,77.946065,114,60800.0,91.5
202127,Kasimpur,28.03261,78.16947,114,67100.0,7.3
331501,Bidasar,27.87689,74.319835,114,42300.0,91.5
637505,Vennandur,11.50416,78.09707,114,57700.0,91.5
583120,Sirigere,15.41299,76.80803,114,45600.0,100.0
683581,Manjapra,10.238225,76.54836,114,63800.0,91.5
683516,Moothakunnam,10.181825,76.20467,114,63100.0,91.5
683577,Mookkannur,10.250925,76.41239999999999,114,63500.0,91.5
388350,Napad,22.47895,72.98033000000001,114,46500.0,91.5
683519,Kaitharam,10.10769,76.24211,114,63700.0,91.5
577526,Holalkere,14.00322,76.19414,114,51800.0,100.0
785702,Bengenakhowa,26.502985,93.924265,114,41000.0,91.5
754010,Bairoi,20.214555,86.012505,114,40900.0,91.5
480559,Tamia,22.42927,78.47565499999999,114,42500.0,45.7
524421,Menakur,13.914725,79.76747,114,58200.0,91.5
637209,Seetharamapalayam,11.35408,77.893365,114,61600.0,91.5
524126,Nayudupeta,13.90882,79.911185,114,59500.0,91.5
521325,Mudinepalli,16.41855,81.117805,114,47800.0,91.5
480106,Sausar,21.64872,78.85045,114,60000.0,45.7
301028,Bahadurpur,27.64683,76.72377499999999,114,58500.0,91.5
785622,Dhekial,26.598085,93.94935,114,41500.0,91.5
785625,Kamarbandha Ali,26.521365,94.061375,114,41100.0,91.5
450337,Rustampur,21.67928,76.28226,114,43800.0,45.7
683517,Varapuzha,10.079815,76.25909999999999,114,63900.0,91.5
450112,Mundi,22.074805,76.45426499999999,114,47300.0,45.7
424311,Mohadi Laling,20.764845,74.88839,114,75700.0,39.0
423106,Nandgaon,20.349385,74.723635,114,74000.0,39.0
205301,Bewar,27.21278,79.30472,114,44900.0,7.3
814152,Rohani,24.47249,86.58197,114,42700.0,65.2
814141,Jarmundi,24.4258,87.043125,114,43100.0,65.2
171008,Jutogh,31.104925,77.108195,114,49000.0,91.5
440023,Wadi,21.084175,78.85781499999999,114,63500.0,39.0
823001,Gaya,24.77897,84.98606000000001,114,42000.0,91.5
686668,Kalloorkkad,9.967105,76.66885500000001,114,65400.0,91.5
456770,Kanasia,23.363095,76.1396,114,53100.0,45.7
583129,Devalapura,15.3078,76.679925,114,45700.0,100.0
391244,Choranda,21.968595,73.153595,114,46200.0,91.5
391250,Sadhli,21.97387,73.28103999999999,114,47400.0,91.5
791101,Basar,27.97189,94.67847,114,49600.0,91.5
683587,Malayattoor,10.201245,76.521445,114,64400.0,91.5
682017,Kaloor,9.993614999999998,76.295,114,65400.0,91.5
392220,Palej,21.92477,73.10487499999999,114,46100.0,91.5
642107,Gomangalam,10.618835,77.115705,114,45400.0,91.5
521330,Angaluru,16.38569,81.04039,114,48100.0,91.5
425508,Raver,21.26642,76.05753,114,59700.0,39.0
638006,Pallipalayam,11.36098,77.75025500000001,114,66300.0,91.5
814142,Jasidih,24.54735,86.62608499999999,114,42700.0,65.2
785618,Baruabamungaon,26.65373,93.99578,114,41500.0,91.5
125039,Narnaund,29.28887,76.106785,114,63100.0,11.0
391780,Bhadarwa,22.51078,73.14998,114,50100.0,91.5
804435,Main,25.043765,84.86543499999999,114,42300.0,65.2
786158,Kundil,27.836725,95.71948,114,42300.0,91.5
683514,Cherai,10.141295,76.19102000000001,114,63300.0,91.5
683515,Palliport,10.169125,76.17907500000001,114,63100.0,91.5
683576,Karukutty,10.24072,76.37170499999999,114,63500.0,91.5
791109,Nirjuli,27.114205,93.763495,114,56100.0,91.5
683578,Chengamanad,10.156524999999998,76.318,114,63900.0,91.5
441502,Mohpa,21.248425,78.79598,114,63300.0,39.0
765018,Therubali,19.40356,83.58283,114,42100.0,91.5
423402,Andarsul,20.01226,74.59799000000001,114,73400.0,39.0
577533,Mathodu,13.751125,76.442485,114,50500.0,100.0
811312,Laxmipur,24.966655,86.41241,114,42500.0,65.2
683594,Puthenvelikkara,10.175115,76.26442499999999,114,63500.0,91.5
477555,Phoop,26.673555,78.830165,114,46300.0,45.7
637211,Tiruchengodu,11.378535,77.890185,114,62000.0,91.5
524129,Pellakur,13.805545,79.810805,114,60000.0,91.5
683522,Vadakkekara,10.158025,76.19984,114,63200.0,91.5
391445,Ranu,22.16246,73.06460999999999,114,48600.0,91.5
795115,Gularthol,24.764065,93.237165,114,40300.0,91.5
521250,Virankilock,16.266675,80.864295,114,48000.0,91.5
802314,Kayamnagar,25.614690000000003,84.74015,114,42400.0,65.2
391340,Nandesari Ind. Estate,22.42621,73.09625,114,49100.0,91.5
682035,Ernakulam College,9.98159,76.283095,114,65300.0,91.5
521246,Kapileswarapuram,16.316380000000002,80.87137,114,48000.0,91.5
802161,Narhi Chandi,25.54281,84.73947000000001,114,42400.0,65.2
683501,Udyogamandal,10.07038,76.30781,114,65600.0,91.5
784179,Bedeti,26.84855,93.39681,114,50500.0,91.5
767060,Turekela,20.46973,82.84140500000001,114,42300.0,91.5
508254,Narketpalli,17.237805,79.219485,114,59300.0,7.3
683573,Angamally South,10.182685,76.36784499999999,114,64100.0,91.5
577436,Humcha,13.894575,75.25121,114,48900.0,100.0
682501,Ayyampilly,10.11391,76.19851,114,63400.0,91.5
391430,Mobha Road,22.12854,72.95576,114,47500.0,91.5
682024,Edapally,10.027225,76.306575,114,65600.0,91.5
521328,Koduru,15.9899,81.044155,114,48000.0,91.5
791113,Ram Krishna Mission,27.06844,93.449365,114,56000.0,91.5
683585,Athani,10.14774,76.35588,114,64300.0,91.5
802210,Udawant Nagar,25.51263,84.628695,114,42500.0,65.2
683589,Mekkad,10.16563,76.363645,114,64200.0,91.5
583113,Emmiganur,15.397985,76.713475,114,45200.0,100.0
450119,Narmada Nagar,22.34405,76.483935,114,50300.0,45.7
524411,Kota,14.090295,80.083055,114,57700.0,91.5
802301,Arrah,25.56814,84.67617999999999,114,42500.0,65.2
802302,Anaith,25.53189,84.65843000000001,114,42500.0,65.2
521356,Gudlavalleru,16.34159,81.05464,114,48400.0,91.5
477001,Bhind,26.53331,78.769395,114,46400.0,45.7
785110,Majulibongaon,27.02338,94.398905,114,42200.0,91.5
814110,Shivpahar,24.350395,87.192475,114,42700.0,65.2
786157,Chapakhowa,27.89002,95.80466,114,42900.0,91.5
795132,Mayang Imphal,24.546415,93.872515,114,39800.0,91.5
388110,Anand Agri Inst,22.529775,72.97849,114,46900.0,91.5
682505,Narakkal,10.042405,76.22515,114,63700.0,91.5
682009,North End,9.970395,76.26165,114,65200.0,91.5
521301,Gudivada,16.43864,80.99237,114,47900.0,91.5
521132,Kodali,16.17886,80.87832499999999,114,48200.0,91.5
521135,Movva,16.228,80.92457,114,48600.0,91.5
521164,Katuru,16.41905,80.87673000000001,114,47800.0,91.5
521165,Vuyyuru,16.362405000000003,80.841695,114,47800.0,91.5
303328,Jobner,26.981885,75.33323,114,45700.0,91.5
303338,Phulera,26.859555,75.36863,114,45800.0,91.5
517192,Rompicherla,13.66479,79.04208,114,53700.0,91.5
521390,Pedamaddali,16.345415000000003,80.97524,114,48300.0,91.5
517194,Bhakarapet,13.713605,79.13709499999999,114,54800.0,91.5
682040,Nettoor,9.92945,76.314455,114,65300.0,91.5
521261,Mudunuru,16.40861,80.90502000000001,114,47900.0,91.5
388001,Anand,22.560375,72.96366499999999,114,47000.0,91.5
642207,Pungamuthur,10.512,77.09626499999999,114,47900.0,91.5
577418,Hosanagar,13.90283,75.14169000000001,114,48800.0,100.0
391330,Koyali,22.360185,73.09617,114,49300.0,91.5
682001,Kochi,9.9578,76.240665,114,65100.0,91.5
304501,Avikanagar,26.2725,75.5035,114,49600.0,91.5
683571,Chowara,10.14033,76.384095,114,64700.0,91.5
786004,Dibrugarh University,27.310830000000003,94.735595,114,40200.0,91.5
821110,Ramgarh S.O (Kaimur (Bhabua)),25.29367,83.656375,114,43500.0,91.5
642007,Angalakurichi,10.52075,77.01472000000001,114,52300.0,91.5
642102,Amaravathi Nagar,10.3642,77.283905,114,48600.0,91.5
683512,Chendamangalam,10.169625,76.23986,114,63400.0,91.5
517193,Chinnagottigallu,13.63348,79.09761499999999,114,54300.0,91.5
683574,Kalady,10.1771,76.44763,114,64700.0,91.5
480111,Bichhua,21.73986,79.121925,114,58900.0,45.7
682023,Vaduthala,10.01877,76.27136999999999,114,65400.0,91.5
802122,Hitawarajpur,25.391405,83.89452,114,42900.0,65.2
682304,Maradu,9.93415,76.32495499999999,114,65400.0,91.5
341302,Chhotikhatu,27.15095,74.386965,114,43500.0,91.5
233233,Khardiha,25.67077,83.87863,114,43400.0,91.5
233221,Aurihar,25.589055,83.13801,114,47300.0,91.5
571312,Kavalande,12.050335,76.76858,114,48000.0,100.0
506164,Parkal,18.18267,79.697525,114,43100.0,7.3
D952324,"Bhind, Madhya Pradesh · D952324",26.3518828,78.6863189,114,47900.0,91.5
636402,Metturdam RS,11.80395,77.82809,114,59500.0,91.5
683502,Binanipuram,10.08683,76.303135,114,64200.0,91.5
683511,Alangad,10.121875,76.298625,114,64000.0,91.5
221308,Ozh,25.35142,82.34961,114,48000.0,7.3
682038,Poonithura,9.94528,76.33270999999999,114,65500.0,91.5
636404,Gonur,11.815335,77.85332,114,59100.0,91.5
571314,Hullahalli,12.07868,76.529695,114,48300.0,100.0
345026,Sankra,26.694105,71.54616,114,46400.0,91.5
632520,Melpadi,13.079275,79.28378000000001,114,54000.0,91.5
682029,Matsyapuri,9.93216,76.280825,114,65100.0,91.5
682031,Shanmugham Road,9.979,76.272895,114,65300.0,91.5
682506,Panangad,9.900655,76.326705,114,65200.0,91.5
682036,Panampilly Nagar,9.959105,76.296335,114,65300.0,91.5
682508,Ochanthuruth,9.99253,76.231155,114,65100.0,91.5
802206,Kasap,25.45977,84.63518,114,42600.0,65.2
304022,Banasthali Vidya Peeth,26.45155,75.84244000000001,114,47400.0,91.5
641664,Palladam,10.95539,77.29858999999999,114,58500.0,91.5
412806,Mahabaleshwar,17.82716,73.67122499999999,114,101900.0,39.0
571301,Nanjangud,12.117835,76.679915,114,48200.0,100.0
506007,K.M.College,18.002015,79.589105,114,43100.0,7.3
636113,Thammampatti,11.44418,78.4536,114,49900.0,91.5
303805,Morija,27.132705,75.836115,114,51500.0,91.5
391421,Masar Road,22.10364,72.89701,114,47200.0,91.5
682041,AIMS Ponekkara,10.03629,76.2958,114,65500.0,91.5
802114,Chausa,25.460050000000003,83.88450499999999,114,42900.0,65.2
625004,Pasumalai,9.89838,78.06777,114,50600.0,91.5
625006,Tirunagar,9.8879,78.04489,114,51200.0,91.5
841302,Purwari Telpa,25.79079,84.79353499999999,114,42400.0,65.2
683102,Union Christian College,10.127535,76.343305,114,64400.0,91.5
482009,Vehicle Factory,23.20405,79.98052,114,41700.0,45.7
412403,Pabal,18.801815,74.060325,114,53900.0,39.0
571119,Tagadur,12.08836,76.81561500000001,114,47800.0,100.0
571302,Thandavapura,12.150905,76.682835,114,48200.0,100.0
799205,Teliamura,23.850695,91.67749,114,47500.0,91.5
682004,Kochi Naval Base,9.94689,76.281195,114,65200.0,91.5
802133,Purana Bhojpur,25.59158,84.1464,114,42700.0,65.2
802128,Manoharpur,25.326410000000003,83.9134,114,42900.0,65.2
683110,Muppathadam,10.09908,76.32158000000001,114,64400.0,91.5
625018,Thathaneri,9.98068,78.08803,114,49700.0,91.5
682007,Kumbalangi,9.875725,76.28132,114,64900.0,91.5
221309,Koirauna,25.24028,82.269825,114,47800.0,7.3
521125,Mopidevi,16.069095,80.927695,114,48100.0,91.5
521126,Challapalli,16.12291,80.911765,114,48300.0,91.5
521157,Pamarru,16.331765,80.95956,114,48400.0,91.5
682005,Thoppumpady,9.93861,76.26126500000001,114,65100.0,91.5
682034,Cheranallur,10.058785,76.288405,114,65500.0,91.5
682006,Palluruthy,9.913015,76.273725,114,65000.0,91.5
682018,Ernakulam North,9.992285,76.27925,114,65300.0,91.5
683104,Kalamassery,10.055235,76.31691000000001,114,65700.0,91.5
841207,Dighwara,25.75182,84.98739499999999,114,42300.0,65.2
506319,Shayampet,18.15198,79.723105,114,43300.0,7.3
221310,Jangiganj,25.28589,82.36583999999999,114,47900.0,7.3
848205,Hassanpur S. Mill,25.708195,86.205645,114,42500.0,65.2
848206,Kundal,25.78556,86.19634500000001,114,42500.0,65.2
415112,Dhebewadi,17.21019,73.90497500000001,114,63300.0,39.0
632514,Ponnai,13.119995,79.26900499999999,114,54200.0,91.5
521247,Meduru,16.25543,80.837955,114,47900.0,91.5
822128,Ramna,24.216855,83.59708499999999,113,43000.0,91.5
413005,Daji Peth,17.674084999999998,75.93313,113,40400.0,39.0
734421,Bagdogra Air Port,26.687625,88.32549499999999,113,46000.0,91.5
202125,Harduaganj,27.950525,78.17629500000001,113,62100.0,7.3
734010,Matigara,26.73669,88.34436,113,45900.0,91.5
341001,Nagaur,27.1899,73.756565,113,40400.0,91.5
682310,Vadavucode,9.991665,76.431165,113,66800.0,91.5
577557,H.D.Pura,14.03543,76.339215,113,49700.0,100.0
637301,Sankaridrug,11.505745,77.8723,113,61900.0,91.5
341520,Besroli,26.98389,74.57312999999999,113,43200.0,91.5
636106,Karipatti,11.67476,78.28542,113,52700.0,91.5
632516,Vennampalle,13.05473,79.21865,113,52300.0,91.5
636116,Viraganur,11.462815,78.75162499999999,113,47400.0,91.5
521133,Ghantasala,16.171685,80.94967,113,48700.0,91.5
416416,Sangli,16.897115,74.54936000000001,113,76900.0,39.0
611002,Nagore,10.82731,79.794235,113,58800.0,91.5
686673,Muvattupuzha Market,9.990189999999998,76.59462500000001,113,66500.0,91.5
D569194,"Satna, Madhya Pradesh · D569194",24.6954445,80.7770348,113,40900.0,91.5
855113,Salmari,25.559145,87.821925,113,43700.0,65.2
394670,"Tapi, Gujarat",21.1916567,73.5560631,113,47200.0,91.5
824209,Paraiya,24.809545,84.88083,113,41800.0,91.5
754209,Asureswar,20.45584,86.230715,113,40700.0,91.5
413605,Murum,17.729705,76.44687,113,41500.0,39.0
573102,Arkalgud,12.740335,76.06076,113,48200.0,100.0
573142,Doddamagge,12.68348,76.06326000000001,113,48000.0,100.0
573162,Bageshpura,13.16592,76.21476,113,48500.0,100.0
802201,Agiaon,25.3584,84.62990500000001,113,42200.0,65.2
387325,Kanjari,22.616955,72.9179,113,47100.0,91.5
570011,Siddarthanagar Nagar,12.304525,76.68231,113,48600.0,100.0
571231,Kodlipet,12.79685,75.91604000000001,113,51000.0,100.0
304024,Uniara,25.97441,75.996805,113,43100.0,91.5
521150,Kaja,16.19351,80.98604,113,49300.0,91.5
802125,Kesath,25.42324,84.26631499999999,113,42200.0,65.2
802127,Murar,25.466500000000003,84.25666000000001,113,42100.0,65.2
854318,Forbesganj,26.25328,87.25879499999999,113,42000.0,65.2
734217,Pankhabari,26.8221,88.27044000000001,113,45600.0,91.5
734013,North Bengal University,26.72878,88.34391500000001,113,46000.0,91.5
638701,Kangayam,11.017675,77.555995,113,58800.0,91.5
275205,Shadiabad,25.65348,83.382285,113,45300.0,7.3
570002,Vani Vilas Mohalla,12.328595,76.626835,113,48400.0,100.0
637013,Erampatti,11.14431,78.29157000000001,113,48400.0,91.5
814133,Godda,24.8645886,87.2984838,113,42200.0,65.2
D797660,"Kanpur Dehat, Uttar Pradesh · D797660",26.4585639,79.8548052,113,45000.0,91.5
203207,203207,28.570549319816863,77.53746379312402,113,119500.0,62.8
202165,Tappal,28.005565,77.562795,113,59400.0,7.3
415409,Urun Islampur,17.088115000000002,74.291485,113,73400.0,39.0
231305,Narainpur,25.17421,83.02362500000001,113,46700.0,91.5
641665,Pallikalipalayam,11.02055,77.43812,113,59200.0,91.5
230128,Derwa,25.814175,81.69163499999999,113,46700.0,91.5
230129,Jethwara,25.782545,81.733945,113,46500.0,91.5
625011,Subramaniapuram,9.905175,78.111385,113,48500.0,91.5
636110,Sendarapatti,11.427245,78.526625,113,48700.0,91.5
261121,H.S. Mills,27.74687,80.722725,113,47400.0,7.3
388610,Dhuvaran Power Station,22.252955,72.76452499999999,113,45500.0,91.5
686691,Kothamangalam,10.046905,76.619995,113,66400.0,91.5
500044,New Nallakunta,17.40135,78.50645,113,48600.0,7.3
686667,Pampakuda,9.907915,76.53622999999999,113,65800.0,91.5
758030,Swampatna,21.61588,85.909505,113,41600.0,91.5
625002,Tallakulam,9.93853,78.12863,113,48100.0,91.5
804403,Belaganj,24.96252,84.97471999999999,113,42100.0,65.2
814118,Basukinathdham,24.390905,87.0756,113,42500.0,65.2
391440,Padra,22.23706,73.033575,113,48100.0,91.5
577531,Malladihalli,14.04111,76.09223,113,52800.0,100.0
231306,Sikhar,25.153265,82.803545,113,47900.0,91.5
132145,Neoltha,29.29781,76.91163,113,59600.0,91.5
805131,Wazirganj,24.8198,85.208185,113,41900.0,65.2
683105,Thottumughom,10.097525,76.404495,113,66500.0,91.5
854311,Araria,26.147675,87.500335,113,42200.0,65.2
636101,Aragalur,11.533895,78.801455,113,48100.0,91.5
824211,Sherghati,24.574350000000003,84.779155,113,41600.0,91.5
824217,Bankey Bajar,24.553405,84.62233,113,41700.0,91.5
822134,Manjhiaon,24.32618,83.72439,113,42700.0,91.5
573120,Gorur,12.831675,76.10118,113,48000.0,100.0
233300,Birno,25.71691,83.532095,113,44100.0,91.5
802103,Buxar Gajadhar Ganj,25.53796,84.01352,113,42300.0,65.2
425428,Boradi,21.54696,74.899405,113,63700.0,39.0
341505,Makrana Rs,27.09826,74.736665,113,43300.0,91.5
484774,Beohari,24.030105,81.285665,113,42700.0,45.7
415403,Kameri,16.99267,74.281925,113,74100.0,39.0
811112,Piri Bazar,25.17842,86.35926,113,42200.0,65.2
625501,Alanganallur,10.063595,78.09455,113,47500.0,91.5
506313,Wardhannapet,17.788764999999998,79.575955,113,42800.0,7.3
841443,Gaura,25.95575,84.77792,113,42000.0,65.2
683106,Thaikkattukara,10.08084,76.339985,113,65900.0,91.5
761214,Nuagada,19.1966026,84.1930634,113,42600.0,91.5
221303,Gopiganj,25.26768,82.440245,113,47900.0,7.3
683101,Aluva,10.101155,76.3634,113,66000.0,91.5
683112,Erumathala,10.09372,76.387525,113,66300.0,91.5
802223,Charpokhari,25.36193,84.50924,113,42100.0,65.2
803215,NTPC Barh,25.485095,85.738745,113,42000.0,65.2
625008,Kappalur Indl.Estate,9.861005,78.021445,113,50600.0,91.5
683545,Kuruppampady,10.11492,76.57497,113,66700.0,91.5
332028,Sihot Badi,27.51966,74.834255,113,47300.0,91.5
577599,Hiriyur  Sugar Factory,13.936835,76.52327,113,48700.0,100.0
583123,Toranagallu,15.19077,76.60314,113,45600.0,100.0
415207,Koyana,17.401395,73.71757,113,58200.0,39.0
583119,Sandur,15.114895,76.526585,113,45200.0,100.0
791112,Doimukh,27.13497,93.79048,113,54600.0,91.5
388239,Wanakbori .T.P.S.,22.856805,73.35710499999999,113,51100.0,91.5
521162,Polavaram,16.184154999999997,81.05317,113,49400.0,91.5
387310,Boriavi,22.595295,72.92602500000001,113,46800.0,91.5
734014,Bagdogra,26.66926,88.31305499999999,113,46100.0,91.5
636142,Mullukurichi,11.42087,78.370395,113,50100.0,91.5
D655706,"Jabalpur, Madhya Pradesh · D655706",23.2230231,79.9825642,113,41200.0,91.5
802136,Dumraon Textiles,25.5044834,84.1097525,113,42300.0,65.2
D851774,"Unnao, Uttar Pradesh · D851774",26.5673264,80.6198193,113,47400.0,91.5
854112,Amdabad,25.298375,87.76778,113,42600.0,65.2
802160,Koilwar,25.58672,84.773175,113,42300.0,65.2
682042,Infopark-Kochi,10.008555,76.36596499999999,113,66100.0,91.5
683580,Sreemoolanagaram,10.132635,76.41369,113,65100.0,91.5
482011,Gokulpur,23.18095,79.98216,113,41100.0,45.7
583132,Kampli,15.40486,76.6003,113,44500.0,100.0
835227,Torpa,22.830425,85.046435,113,39600.0,91.5
835234,Govindpur,23.064695,84.97864,113,39600.0,91.5
506391,Nadikuda,18.19184,79.661045,113,43000.0,7.3
799115,Melaghar,23.52232,91.32771,113,47600.0,91.5
682305,Thiruvamkulam,9.932965,76.38447,113,65700.0,91.5
411057,Infotech  Park,18.593115,73.73234500000001,113,52900.0,39.0
221401,Bhadohi,25.39573,82.55952500000001,113,48300.0,7.3
804404,Chakand,24.89457,84.97535,113,41900.0,65.2
841311,Garkha,25.844115,84.881035,113,42100.0,65.2
625001,Madurai,9.91869,78.11847499999999,113,48400.0,91.5
570005,Mysuru University,12.304535,76.64004,113,48500.0,100.0
416120,Dattanagar,16.767735000000002,74.603605,113,68300.0,39.0
754293,Lemalo,20.410025,86.19393500000001,113,40900.0,91.5
583214,Hampasagara,15.094825,76.00932499999999,113,45600.0,100.0
570020,Yadavagiri,12.32566,76.63765,113,48700.0,100.0
841202,Basant,25.80654,84.9345,113,42200.0,65.2
209865,Bighapur,26.37057,80.658625,113,47800.0,7.3
411027,Aundh Camp,18.585475,73.80411000000001,113,53600.0,39.0
683550,Okkal,10.150665,76.448935,113,65200.0,91.5
625012,Avanivapuram,9.88058,78.117025,113,47800.0,91.5
799131,Sonamura,23.46591,91.28823,113,47000.0,91.5
484776,Bansagar,24.182145,81.34916,113,43000.0,45.7
682308,Puthencruz,9.95382,76.43497500000001,113,66400.0,91.5
233301,Mubarakpur,25.6832,83.792835,113,43100.0,91.5
682039,Rajagiri Valley,10.00022,76.35887,113,66000.0,91.5
391105,Chandod,21.98513,73.417925,113,47400.0,91.5
391115,Sinor,21.92215,73.343525,113,47100.0,91.5
625007,K.Pudur,9.95174,78.15876,113,46900.0,91.5
802134,Raghunathpur,25.532625,84.294665,113,42200.0,65.2
207122,Nidholi Kalan,27.565265,78.47238999999999,113,57800.0,7.3
577523,Chickjajur,14.14138,76.12755999999999,113,51900.0,100.0
209864,Bhagwant Nagar,26.21866,80.75475,113,47800.0,7.3
480001,Chhindwara,22.021355,78.991,113,52300.0,45.7
480003,Chandangaon,22.033295,78.91698,113,51100.0,45.7
127309,Manheru,28.70907,76.23783,113,61400.0,11.0
683561,Edathala,10.060355,76.40327500000001,113,66700.0,91.5
221306,Khamaria,25.243825,82.530675,113,48000.0,7.3
625014,Ma Reserve Lines,10.0181,78.15736,113,46600.0,91.5
415710,Furus,17.75112,73.33726,113,96900.0,39.0
683565,Kumarapuram,10.01185,76.408815,113,66700.0,91.5
415640,Khavati,17.836154999999998,73.408215,113,101100.0,39.0
609311,Tirucadaiyur,11.07297,79.810575,113,59600.0,91.5
583223,Papinayakanahalli,15.240485,76.526685,113,44900.0,100.0
637409,Sendamangalam,11.28527,78.241105,113,51100.0,91.5
754206,Mahanga,20.56314,86.21067,113,40700.0,91.5
570019,Udayagiri,12.3386,76.69599500000001,113,48400.0,100.0
209863,Bara,26.21423,80.642205,113,47500.0,7.3
475110,Dabra,25.918750000000003,78.26686,113,42300.0,45.7
209301,Derapur,26.409995,79.77938,113,44700.0,7.3
209867,Patan,26.332,80.75001,113,48200.0,7.3
802313,Gunari,25.62624,84.648705,113,42100.0,65.2
841415,Khodaibagh,25.86745,84.82106,113,42100.0,65.2
683562,Kizhakkambalam,10.03355,76.42792,113,67100.0,91.5
682030,Kakkanad,10.015235,76.352515,113,66000.0,91.5
802102,Buxar Jail,25.53213,83.94146,113,42700.0,65.2
682021,Thrikkakara,10.03783,76.34627,113,66000.0,91.5
802129,Nawanagar,25.37636,84.16993500000001,113,42000.0,65.2
802115,Chaugai,25.484405,84.255295,113,42100.0,65.2
802101,Buxar,25.57251,83.97656,113,42700.0,65.2
683546,Vengoor,10.16159,76.56257500000001,113,65000.0,91.5
415407,Peth,17.03405,74.187675,113,74800.0,39.0
202280,Atrauli,28.00506,78.30776,113,61800.0,7.3
711107,Ghusuri,22.61195,88.351105,113,50500.0,91.5
209801,Unnao,26.587395,80.451215,113,47500.0,7.3
711111,Jagacha,22.580465,88.284325,113,49800.0,91.5
524412,Chillakur,14.174205,79.9838,113,55300.0,91.5
441110,Hingna,20.99145,78.85290499999999,113,60500.0,39.0
517592,Ekambarakuppam,13.3211,79.55433500000001,113,51900.0,91.5
415716,Palgad,17.846069999999997,73.343795,113,100500.0,39.0
450331,Burhanpur,21.30669,76.32001,113,48100.0,45.7
625017,Anaiyur,9.984535,78.117975,113,48300.0,91.5
416204,Kuditre,16.68488,74.09699499999999,113,63100.0,39.0
636203,Mullur,11.54733,78.16441,113,52300.0,91.5
484669,Jaitpur,23.449495,81.64958,113,43200.0,45.7
824235,Mow,25.031815,84.798255,113,42000.0,91.5
686692,Thrikkariyoor,10.11262,76.60125,113,66400.0,91.5
573202,Vidyanagar,13.02923,76.10716500000001,113,46800.0,100.0
814145,Nonihat,24.556785,87.12677,113,42300.0,65.2
583217,Holalu,14.80557,75.74698000000001,113,47100.0,100.0
734009,Sukna,26.78824,88.331005,113,45900.0,91.5
583220,Ittigi,14.942325,76.1096,113,46300.0,100.0
637404,Kalappanaickenpatti,11.33929,78.251535,113,51300.0,91.5
411017,Pimpri Colony,18.61053,73.79733,113,53400.0,39.0
841216,Naraon,25.762625,84.88545500000001,113,42200.0,65.2
642132,Valavadi,10.542845,77.19181499999999,113,45300.0,91.5
795116,Jiribam Bazar,24.60044,93.20702,113,42600.0,91.5
304025,Jhilai,26.388935,76.07552000000001,113,46000.0,91.5
484446,Rajnagar Colliery,23.18321,82.10845,113,43600.0,45.7
683503,Hmt Colony,10.05601,76.34224,113,65900.0,91.5
388355,Navli,22.494865,72.951195,113,45500.0,91.5
387380,Vaso,22.64073,72.718445,113,52400.0,91.5
570007,Narasimha Raja Mohalla,12.334575,76.66424,113,49500.0,100.0
802312,Chandawa,25.563155,84.633565,113,42200.0,65.2
636453,Mecheri,11.80619,77.91289499999999,113,57900.0,91.5
686661,Muvattupuzha,9.978005,76.588505,113,66500.0,91.5
583219,Huvinahadagali,15.000525,75.960305,113,46200.0,100.0
431008,Harsool,19.97726,75.38370499999999,113,80700.0,39.0
758076,Sirigida,21.236295,85.489025,113,41500.0,91.5
758081,Machhagarh,21.640425,86.02761,113,41800.0,91.5
683575,Kanjoor,10.14125,76.43069,113,65200.0,91.5
570004,Lakshmipuram,12.29772,76.64923999999999,113,48500.0,100.0
524131,Jayampu,14.05188,79.775765,113,56100.0,91.5
784169,Howajair,26.81882,93.728885,113,49300.0,91.5
416503,Mahagaon,16.113770000000002,74.34239,113,66800.0,39.0
322251,Mandrail,26.31923,77.18394,113,36000.0,91.5
785613,Letekujaan,26.498215,93.80879,113,41500.0,91.5
174315,Mehatpur,31.41909,76.3343,113,48000.0,91.5
424308,Shirud,20.71268,74.8632,113,74300.0,39.0
637210,Solasiramani,11.254335,77.85779,113,61100.0,91.5
637201,Chittalandur,11.305305,77.93342000000001,113,60000.0,91.5
261403,Aurangabad,27.35568,80.54808,113,48900.0,7.3
401603,Jawhar,19.95192,73.221985,113,45300.0,39.0
403006,Ribandar,15.48797,73.867875,113,85000.0,39.0
508113,Ramannnapeta,17.31479,79.123925,113,59900.0,7.3
209825,Purwa,26.4927,80.681155,113,48600.0,7.3
475005,Tekanpur,25.98952,78.294365,113,42400.0,45.7
785699,Numaligarh Refinery Project,26.54676,93.76609,113,41500.0,91.5
683563,Naval Armament Depot - Aluva,10.06473,76.35823500000001,113,66100.0,91.5
805128,Tarwan,24.72842,85.26518,113,41800.0,65.2
570015,Bannimantap,12.33785,76.651315,113,49100.0,100.0
474006,Morar,26.22956,78.39552,113,41900.0,45.7
804421,Kurtha,25.08389,84.80317500000001,113,42000.0,65.2
804423,Nagla Kinger,25.21571,84.843995,113,42300.0,65.2
477116,Gohad,26.408485,78.440485,113,43600.0,45.7
303009,Mozmabad,26.672955,75.462535,113,45900.0,91.5
632115,Thiruvalluvar University,13.019065,79.213405,113,51500.0,91.5
636309,Kamalapuram,11.783305,78.04701,113,56400.0,91.5
632517,Ratnagiri Kilminnal,12.931455,79.232325,113,50900.0,91.5
632519,Vellore Sugar Mills,12.983075,79.230365,113,51400.0,91.5
341502,Borawar,27.040185,74.60283,113,43300.0,91.5
754207,Nischintakoili,20.52281,86.22844,113,40700.0,91.5
209827,Chamiyani,26.41491,80.712045,113,48100.0,7.3
450116,Naya Harsud,22.138395000000003,76.748385,113,44500.0,45.7
403402,Velha-goa,15.496575,73.906645,113,85400.0,39.0
524132,Venkatagiri Town,13.954275,79.54585,113,56100.0,91.5
583216,Hirehadagali,14.93967,75.80224,113,46300.0,100.0
283206,Kotla,27.301540000000003,78.43029999999999,113,49200.0,7.3
283207,Phariha,27.304360000000003,78.54556500000001,113,48100.0,7.3
802163,Naya Mohamad  Pur,25.66205,84.791515,113,42300.0,65.2
573130,Konanur,12.631905,76.013545,113,47800.0,100.0
823311,Atri,24.91116,85.225325,113,41800.0,91.5
232101,Mugalsarai,25.285845,83.12045,113,46400.0,91.5
682037,Cochin Special Economic Zone,9.996865,76.34545,113,65800.0,91.5
636105,Gangavalli,11.443505,78.60949500000001,113,47600.0,91.5
637002,Ganesapuram,11.18833,78.184935,113,50600.0,91.5
711110,Baksara,22.576095,88.28888,113,50500.0,91.5
637020,Valayapatti,11.12029,78.220715,113,48800.0,91.5
441113,Patansaongi,21.337445,79.035825,113,62200.0,39.0
209831,Ajgain,26.642185,80.62038,113,48500.0,7.3
642122,Pulankinar,10.58366,77.18077,113,45200.0,91.5
637402,Belukurichi,11.389555,78.25273,113,51400.0,91.5
625101,Karungalakudi,10.16539,78.35831999999999,113,44300.0,91.5
683542,Perumbavoor,10.11373,76.48041,113,67100.0,91.5
683543,Rayonpuram,10.129435,76.46525,113,66800.0,91.5
683544,Koovappady,10.15763,76.505655,113,65300.0,91.5
637206,Nadandai,11.21149,77.98544,113,58300.0,91.5
416313,Walwa,17.02616,74.361265,113,73700.0,39.0
403002,Caranzalem,15.47554,73.80584,113,86000.0,39.0
202128,Jalali,27.900785,78.2293,113,61800.0,7.3
823003,Buniyad Ganj,24.849045,85.03816,113,42000.0,91.5
734218,Phuguri,26.834235,88.20331,113,46300.0,91.5
202123,Gonda,27.823435,77.88341,113,53300.0,7.3
332411,Baori,27.438895,75.48799,113,56600.0,91.5
637405,Muthugapati,11.2318,78.23046500000001,113,50700.0,91.5
441123,Godhani,21.2209,79.05151000000001,113,63100.0,39.0
754221,Sungura,20.524685,86.160115,113,40800.0,91.5
822114,Garhwa,24.07827,83.68257,113,43500.0,91.5
824205,Gurua,24.67723,84.76156,113,41600.0,91.5
754204,Kuanpal,20.603315,86.168245,113,40800.0,91.5
174307,Bangana,31.64694,76.34199,113,49800.0,91.5
823002,Gaya R.S,24.83003,84.96648,113,41900.0,91.5
754290,Mouda,20.567595,86.112775,113,40800.0,91.5
281123,Sonkh,27.427895,77.52704,113,38500.0,7.3
785703,Ptc Dergaon,26.73828,94.028105,113,41600.0,91.5
410508,Dhamani,18.91779,74.06230500000001,113,53000.0,39.0
370430,Kera,23.09433,69.56461,113,43600.0,91.5
209862,Magarwara,26.485085,80.424005,113,46900.0,7.3
711105,Dasnagar,22.603195,88.316945,113,49700.0,91.5
416114,Kodoli,16.86144,74.149225,113,64400.0,39.0
686663,Ramamangalam,9.934855,76.50893,113,66400.0,91.5
758027,Ghatagaon,21.44092,85.9042,113,41300.0,91.5
824118,Guraru Mills,24.793215,84.757525,113,41900.0,91.5
822133,Meral,24.168525,83.66535999999999,113,43100.0,91.5
261401,Mishrikh,27.430625,80.51635999999999,113,48500.0,7.3
D170869,"East Nimar, Madhya Pradesh · D170869",21.75,76.583333,113,41700.0,91.5
560076,Malleshwaram,13.004,77.572,113,88300.0,100.0
486896,"Singrauli, Madhya Pradesh · 486896",24.2431343,82.3827672,113,47200.0,91.5
425407,Chimthana,21.15628,74.64089,113,69400.0,39.0
824207,Konch,24.91775,84.78954999999999,113,42000.0,91.5
573164,Lalanakere,13.127975,76.322495,113,47800.0,100.0
341021,Basni,27.1483,73.586405,113,40400.0,91.5
202282,Malviya Nagar,28.0789,78.248025,113,62000.0,7.3
341508,S.R. Kuchamancity,27.108355,74.907045,113,43200.0,91.5
392020,Dayadra,21.800295,72.92128,113,44900.0,91.5
110037,Gurgaon Road,28.54474,77.10477499999999,113,110500.0,53.0
413003,Gurunanak Nagar,17.642525,75.934205,113,40300.0,39.0
D124782,"Khunti, Jharkhand",22.9281801,85.2814475,113,40000.0,91.5
209841,Hasanganj,26.76403,80.61025000000001,113,48900.0,7.3
637203,Kandampalayam,11.257415,77.95114000000001,113,59200.0,91.5
560100,Electronics City,12.85223,77.66426,113,84000.0,100.0
174303,Una,31.489565,76.27598499999999,113,48500.0,91.5
174306,Dehlan,31.438675,76.330615,113,48400.0,91.5
332030,Singrawat,27.46007,74.89646,113,47300.0,91.5
231312,Chilh,25.19874,82.52557,113,47800.0,91.5
231501,Kachhwa,25.208115,82.69152500000001,113,48100.0,91.5
824237,Cherki,24.70041,84.87716499999999,113,41900.0,91.5
824220,Dobhi,24.5302,84.904195,113,41700.0,91.5
734429,Naksalbari,26.653665,88.22106,113,45900.0,91.5
824233,Khizersarai,24.961265,85.17129,113,42000.0,91.5
416437,Subhashnagar,16.82872,74.68834,113,75900.0,39.0
524410,Kadivedu,14.05708,79.90382,113,56900.0,91.5
413603,Andora,17.75713,76.144565,113,40600.0,39.0
682303,Ambalamedu,9.99221,76.380095,113,66200.0,91.5
341533,Mithri,27.03894,74.90922499999999,113,45700.0,91.5
682302,Ambalamugal,9.96872,76.382145,113,66000.0,91.5
424108,Hirapur,20.36982,74.881505,113,75400.0,39.0
802164,Sandesh,25.387635000000003,84.72459,113,42300.0,65.2
683547,Mudikkal,10.105805,76.44888,113,67000.0,91.5
854336,Nawabganj,26.47983,87.117445,113,42100.0,65.2
571235,Shanivarasanthe,12.693625,75.910055,113,50000.0,100.0
485772,Sarlanagar,24.12372,80.821835,113,40900.0,45.7
682312,Chottanikkara,9.926045,76.39801,113,65800.0,91.5
682309,Irimbanam,9.973845,76.35879,113,65900.0,91.5
231001,Mirzapur,25.1505,82.565435,113,47600.0,91.5
521149,Guduru,16.238084999999998,81.07080500000001,113,49200.0,91.5
233227,Mohammadabad Yusufpur,25.637865,83.757115,113,43000.0,91.5
521158,Nimmakuru,16.263330000000003,81.00908,113,49100.0,91.5
521131,Lakshmipuram,16.13228,80.99575,113,48800.0,91.5
233224,Karanda,25.484755,83.45312000000001,112,44200.0,91.5
304504,Diggi,26.333745,75.509805,112,48100.0,91.5
522617,Rompicherla,16.18884,79.90741,112,45700.0,91.5
522413,Piduguralla,16.513514999999998,79.887775,112,45900.0,91.5
784166,Behali,26.78782,93.357905,112,47800.0,91.5
783384,Abhayapuri,26.360285,90.704,112,39500.0,91.5
824116,Anti,24.890575,84.69074,112,41700.0,91.5
636451,Chamrajpet,11.841435,77.975055,112,55500.0,91.5
477331,Umri,26.502385,78.96279,112,45400.0,45.7
332602,Khatushyamjika,27.35845,75.349275,112,54400.0,91.5
176601,Dulehar,31.341035,76.22458,112,46300.0,91.5
304803,Panwar,25.784065,75.487075,112,40700.0,91.5
570017,Vijaynagar II Stage,12.334655,76.61129,112,48000.0,100.0
695604,Pallickal Kilimanur,8.833345000000001,76.82618,112,52000.0,91.5
233306,Deokali,25.536135,83.3318,112,44800.0,91.5
110060,Rajender Nagar,28.627025,77.18294,112,111700.0,53.0
D505553,"Arwal, Bihar · D505553",25.1812832,84.6596648,112,41800.0,91.5
232328,Reotipur,25.528305,83.724925,112,42800.0,91.5
341029,Sribalaji,27.47596,73.578015,112,39100.0,91.5
332702,Danta,27.314525,75.180605,112,53600.0,91.5
583221,Kamalapura,15.31448,76.500255,112,44400.0,100.0
583222,Mariammanahalli,15.15966,76.35893,112,44200.0,100.0
783393,Boro Bazar,26.683300000000003,90.60426,112,41500.0,91.5
521002,Chilakalapudi,16.239345,81.19502499999999,112,47500.0,91.5
573220,Shanthigrama,12.93988,76.233965,112,46000.0,100.0
583211,Chitwadgi,15.30303,76.38083499999999,112,43900.0,100.0
464661,Sanchi,23.50472,77.73271500000001,112,43000.0,45.7
332023,Khoor,27.433085,75.06923499999999,112,47300.0,91.5
814149,Sarath,24.25004,86.88253,112,42500.0,65.2
583122,Tekkalakota,15.529105,76.87284,112,43800.0,100.0
477566,Barhi,26.639865,78.940645,112,44600.0,45.7
283203,Firozabad,27.12471,78.416595,112,44200.0,7.3
827013,Chas,23.58275,86.24533,112,41400.0,91.5
824219,Amas,24.662275,84.662055,112,41300.0,91.5
636458,Mallikundam,11.87543,77.89314999999999,112,56300.0,91.5
522409,Atchampet,16.712584999999997,80.1263,112,45800.0,91.5
416111,Kumbhoj,16.836125000000003,74.45603,112,65800.0,39.0
411004,Deccan Gymkhana,18.5195,73.841,112,66200.0,100.0
785612,Bokakhat,26.56288,93.61758,112,41400.0,91.5
411061,Pimple Gurav,18.591695,73.81902500000001,112,53800.0,39.0
570006,Manasagangothri,12.313965,76.62035,112,46900.0,100.0
637104,Thevur,11.514735,77.74163999999999,112,65700.0,91.5
174507,Tahliwal,31.346525,76.27000000000001,112,46500.0,91.5
524134,Dakkili,14.09992,79.51595,112,53700.0,91.5
488059,Gunnor,24.443075,80.23111499999999,112,37800.0,45.7
625103,Kottampatti,10.239485,78.36389,112,44000.0,91.5
804428,Usari,25.14296,84.596165,112,41600.0,65.2
791123,Banderdewa,27.093685,93.81375,112,52700.0,91.5
332025,Losal,27.3936,74.941675,112,47100.0,91.5
124111,Madina,28.94799,76.41317000000001,112,62300.0,11.0
415730,Ambavali,17.797535,73.53134499999999,112,96700.0,39.0
416108,Takali,16.618769999999998,74.62812500000001,112,65500.0,39.0
392001,Bharuch,21.69784,72.98454000000001,112,45400.0,91.5
232332,Tarighat,25.57116,83.652025,112,42900.0,91.5
573133,Ramanathapura,12.59735,76.089415,112,47500.0,100.0
304802,Duni,25.833865000000003,75.62935999999999,112,42000.0,91.5
785602,Barpathar,26.28735,93.79913,112,41500.0,91.5
D231483,"Rayagada, Odisha · D231483",19.4426698,83.5873053,112,41500.0,91.5
522437,Brahmanapalle,16.532125,79.79094,112,45900.0,91.5
522646,Savalyapuram,16.107835,79.846025,112,45600.0,91.5
441111,Koradi Tps,21.24411,79.071155,112,60900.0,39.0
441122,Industrial Area Butibori,20.97191,78.96726,112,60200.0,39.0
221301,Aurai,25.289975,82.55559500000001,112,47600.0,7.3
174317,Bhadsali,31.476805,76.175455,112,47400.0,91.5
431132,Shivna,20.512845,75.900275,112,82400.0,39.0
734426,Kamala Bagan,26.57736,88.281665,112,47800.0,91.5
475001,Antri,26.064925,78.24019999999999,112,41600.0,45.7
625104,Madurai Agricultural College,9.985305,78.20179999999999,112,45500.0,91.5
505469,"Karimnagar, Telangana",18.4075996,79.2182933,112,45900.0,91.5
403005,Santa Cruz,15.47942,73.846785,112,84700.0,39.0
573201,Hassan,12.992675,76.110555,112,45900.0,100.0
522410,Krosuru,16.51992,80.127445,112,45800.0,91.5
411038,Ex. Serviceman Colony,18.507620000000003,73.80598,112,55600.0,39.0
583201,Hospet,15.27755,76.389675,112,44000.0,100.0
583203,Hospet N C C,15.236065,76.39780999999999,112,44200.0,100.0
625107,Othakadai,9.94961,78.20827,112,45200.0,91.5
521344,Kalidindi,16.477715,81.31980999999999,112,45900.0,91.5
172109,Moorang,31.648075,78.49886000000001,112,49800.0,91.5
416551,Nool,16.218629999999997,74.44229999999999,112,64000.0,39.0
711317,Radhadasi,22.56763,88.25712999999999,112,48800.0,91.5
609301,Akkur,11.104895,79.81108,112,57800.0,91.5
802159,Jitaura,25.36073,84.37588,112,41800.0,65.2
413507,Kallam,18.532745,75.996175,112,48600.0,39.0
123308,Badhra,28.461055524098345,75.97283459362214,112,55000.0,92.7
803120,Asta,25.211599,85.4484611,112,41800.0,65.2
484771,Jaisinghnagar,23.760715,81.43804499999999,112,43100.0,45.7
814102,Ramgarah,24.540135,87.24921499999999,112,42000.0,65.2
127306,Charkhi  Dadri Hsg-ii,28.580765,76.306165,112,39100.0,11.0
416104,Narsobawadi,16.677480000000003,74.6366,112,66400.0,39.0
521343,Korukollu,16.48021,81.222925,112,46300.0,91.5
521324,Bantumilli,16.35975,81.28678,112,46500.0,91.5
521329,Pedagonnuru,16.40959,81.184075,112,46800.0,91.5
841442,Nagra,25.91315,84.76423,112,41600.0,65.2
174301,Santokhgarh,31.36048,76.32275,112,46900.0,91.5
521366,Pedana,16.293455,81.144845,112,47700.0,91.5
522614,Karempudi,16.42863,79.70985999999999,112,45900.0,91.5
522615,Nekarikallu,16.329835000000003,79.917885,112,45800.0,91.5
854333,Madanpur,26.30828,87.554265,112,41900.0,65.2
241304,Beniganj,27.33372,80.49331000000001,112,47900.0,7.3
570028,Alanahalli,12.324485,76.73767000000001,112,47400.0,100.0
464651,Salamatpur,23.425005,77.712485,112,43000.0,45.7
854332,Kuari,26.393335,87.45233999999999,112,41900.0,65.2
854331,Kursakanta,26.312905,87.40877,112,41900.0,65.2
802123,Itarhi,25.450125,84.03487999999999,112,42100.0,65.2
785634,Mariani,26.6500766,94.2700644,112,39700.0,91.5
345031,Lathi,27.097335,71.52598499999999,112,44300.0,91.5
573225,Agriculture College Campus Dly,12.990535,76.31098499999999,112,46500.0,100.0
431205,Wadigodri,19.48109,75.751385,112,85100.0,39.0
387345,Narsanda,22.61547,72.87845,112,45800.0,91.5
577452,Nittur,13.93072,74.942465,112,44900.0,100.0
577518,Bndurga,14.20183,76.13194,112,51500.0,100.0
636111,Seshanchavadi,11.652185,78.320245,112,51500.0,91.5
233311,NSS Mill,25.60199,83.41103,112,44800.0,91.5
232107,Ramgarh,25.475715,83.24992,112,45600.0,91.5
413623,Malumbra,17.878045,75.97119,112,40300.0,39.0
570016,Metagalli,12.356295,76.626465,112,48100.0,100.0
415621,Bharane,17.770145,73.460615,112,94300.0,39.0
415715,Khopi,17.726815000000002,73.583275,112,93400.0,39.0
231307,Vindhyachal,25.10931,82.58245,112,47300.0,91.5
854328,Jogbani,26.376935,87.27999,112,42000.0,65.2
786153,Rupaisiding,27.5971709,95.5668529,112,36800.0,91.5
609309,Sembanarkoil,11.0797,79.745775,112,57600.0,91.5
802204,Hasan Bazar,25.271315,84.341215,112,41700.0,65.2
573212,Mosale Hosahalli,12.917940000000002,76.167855,112,46400.0,100.0
221402,Parsipur,25.347845,82.64128,112,47900.0,7.3
415402,Bilashi,17.00436,74.02798999999999,112,71800.0,39.0
573211,Holenarsipur,12.784665,76.257305,112,47100.0,100.0
798604,Mongkholemba,26.51956,94.38837,112,40300.0,91.5
854329,Jokihat,26.091415,87.63982,112,42100.0,65.2
518101,Srisailam,16.028145000000002,78.79590999999999,112,61000.0,91.5
583276,K U Campus,15.288545,76.495765,112,44500.0,100.0
232105,Dhanapur,25.44942,83.36881,112,44700.0,91.5
231311,Chunar Cement Factory,25.09105,82.88956,112,46700.0,91.5
233231,Bhawarkol,25.57438,83.882655,112,42500.0,91.5
416201,Panhala,16.80952,74.10831999999999,112,62800.0,39.0
758028,Harichandanpur,21.27152,85.707005,112,40800.0,91.5
583239,Hampi,15.30674,76.437075,112,44100.0,100.0
524311,Thotapalliguduru,14.557001,79.7234781,112,39800.0,91.5
636305,Pannapatti,11.831335,78.05571499999999,112,54800.0,91.5
734011,Kadamtala,26.70504,88.366755,112,46900.0,91.5
711112,Gip Colony,22.593005,88.290845,112,49100.0,91.5
416506,Halkarni,16.149095,74.436545,112,65000.0,39.0
321608,Mahwa,27.04794,76.88729000000001,112,48000.0,91.5
500016,Begumpet,17.439974999999997,78.459485,112,46200.0,7.3
765029,Ramanaguda,19.21833,83.61781500000001,112,41700.0,91.5
765017,J.K.Pur,19.229,83.3895,112,41800.0,91.5
425306,Muktainagar,21.06361,76.08105,112,60400.0,39.0
413508,Dhoki,18.354135,76.085015,112,45100.0,39.0
413510,Murud,18.42376,76.22022,112,45800.0,39.0
573111,Bagur,13.05427,76.367955,112,47200.0,100.0
400601,Thane,19.209185,72.97627,112,69600.0,39.0
573136,Keralapura,12.5879,76.158035,112,47300.0,100.0
522411,Bellamkonda,16.625230000000002,79.99167499999999,112,45900.0,91.5
636122,Sukkampatti,11.730085,78.2564,112,51800.0,91.5
625023,Madras High Court Madurai Bench,9.94791,78.18273,112,46000.0,91.5
754208,Chandol,20.511735,86.3048,112,40500.0,91.5
765019,Bissamcuttack,19.44844,83.459985,112,41700.0,91.5
765020,Muniguda,19.588225,83.642285,112,41500.0,91.5
332318,Jajod,27.771175,74.850345,112,45900.0,91.5
233310,Malikpura,25.666255,83.45434,112,44600.0,91.5
570014,Jayanagar,12.290855,76.638135,112,46900.0,100.0
521333,Kaikalur,16.56812,81.24694,112,46000.0,91.5
521340,Pallevada,16.599899999999998,81.28184,112,45800.0,91.5
765021,Ambadola,19.85027,83.51294999999999,112,41400.0,91.5
765024,Ukkamba,19.220455,83.75100499999999,112,41600.0,91.5
396360,Gandevi,20.81465,73.023205,112,45700.0,91.5
392025,Samni,21.89986,72.913995,112,44400.0,91.5
202134,Gangiri,27.853845,78.461995,112,58500.0,7.3
521369,Munjuluru,16.306765,81.204045,112,47200.0,91.5
221409,Nai Bazar,25.4206,82.603715,112,47900.0,7.3
221314,Mahrajganj,25.280085,82.631075,112,47700.0,7.3
711108,Netajigarh,22.61048,88.316645,112,48900.0,91.5
172110,Speelo,31.70028,78.46831,112,49700.0,91.5
172111,Pooh,31.96972,78.739285,112,51200.0,91.5
570009,Saraswathipuram,12.30176,76.621555,112,46700.0,100.0
403004,Nio Dona Paula,15.45161,73.8046,112,84000.0,39.0
421605,Manda,19.33126,73.228165,112,56200.0,39.0
421505,Netaji Bazar,19.205025,73.21714,112,55200.0,39.0
570003,Note Mudran Nagar,12.37439,76.65522,112,48000.0,100.0
464986,Sultanpur,23.104415,77.95909499999999,112,43200.0,45.7
464990,Goharganj,23.055455,77.72866,112,43500.0,45.7
577555,Godabanahal,14.13946,76.341565,112,48200.0,100.0
202131,Bijauli,28.03082,78.40510499999999,112,60100.0,7.3
209861,Ganga Ghat,26.515745,80.36607000000001,112,45700.0,7.3
464551,Raisen,23.258025,77.74915,112,43200.0,45.7
625708,T.Kunnathur,9.74527,77.893395,112,46000.0,91.5
311202,Pander,25.60892,75.119255,112,42600.0,91.5
110012,I.A.R.I.,28.631905000000003,77.15882500000001,112,110600.0,53.0
250404,Hastinapur,29.176435,78.019025,112,60000.0,7.3
403110,Corlim IE,15.49381,73.931335,112,84700.0,39.0
824236,Tekari,24.91623,84.874365,112,41700.0,91.5
765026,Gudari,19.37923,83.7313,112,41800.0,91.5
802205,Karath,25.192135,84.36275,112,41600.0,65.2
802207,Piru,25.32716,84.440775,112,41800.0,65.2
388540,Borsad,22.42729,72.929445,112,44500.0,91.5
563129,Kamasamudra,12.847055,78.184405,112,71400.0,100.0
177220,Haroli,31.416545,76.22355999999999,112,47300.0,91.5
201011,Chander Nagar,28.663995,77.337175,112,73900.0,7.3
573113,Basavapatna,12.632865,76.14177000000001,112,47500.0,100.0
441214,Sirsi,20.708515,79.19584499999999,112,58000.0,39.0
241127,Sandila I. Estate,27.08595,80.45246,112,47500.0,7.3
480557,Newton Chikhali,22.289425,78.790655,112,41100.0,45.7
583225,T B Dam,15.260435,76.35479000000001,112,43900.0,100.0
522412,Rajupalem,16.43722,80.070215,112,45800.0,91.5
508377,Halia,16.8579636,79.2174935,112,47000.0,91.5
423401,Yeola,20.067970000000003,74.510695,112,57100.0,39.0
D309783,"Sehore, Madhya Pradesh · D309783",23.1150041,77.0665356,112,46400.0,91.5
331518,Lalgarh,27.57965,74.096115,112,40300.0,91.5
283205,Collectorate -firozabad,27.11376,78.456335,112,44400.0,7.3
444606,Rukhmini Nagar,20.904735,77.77252999999999,112,37600.0,39.0
523327,Erragondapalem,16.102095,79.16381,112,57600.0,91.5
822129,Bhawnathpur TownShip,24.44534,83.676985,112,42500.0,91.5
822132,Bishrampur,24.306485,83.97115,112,41600.0,91.5
480447,Chandametta,22.186255,78.722325,112,40900.0,45.7
524404,Bangarupeta,14.07589,79.638925,112,54700.0,91.5
415720,Burondi,17.683484999999997,73.153145,112,94000.0,39.0
534460,Chintalapudi,17.124865,80.96429499999999,112,45400.0,91.5
311404,Shahpura Raj,25.60743,74.931355,112,42400.0,91.5
392015,Narmada Nagar,21.731165,72.990185,112,45600.0,91.5
209302,Jhinjhak,26.561275,79.77341,112,44000.0,7.3
522649,Pedakancherla,16.01867,79.8355,112,45500.0,91.5
522657,Vellatur,16.14406,79.62949,112,45700.0,91.5
209312,Baraur,26.25544,79.87713,112,43400.0,7.3
177209,Saloh,31.446465,76.189565,112,47300.0,91.5
331517,Sandwa,27.713375,74.11032499999999,112,40200.0,91.5
637204,Kapilamalai,11.151599999999998,77.945605,112,58400.0,91.5
637021,Varagur,11.15941,78.354975,112,47800.0,91.5
174503,Pubowal,31.372495,76.183605,112,46500.0,91.5
517590,Nagari,13.308285,79.590785,112,49200.0,91.5
500104,"Rangareddy, Telangana",17.4233588,78.3775407,112,45500.0,91.5
413608,Lohara,18.008725,76.32176000000001,112,41200.0,39.0
636118,Ulipuram,11.485425,78.43055,112,49800.0,91.5
632106,Slr Sanatorium,13.000509999999998,79.19313,112,50600.0,91.5
388120,Vallabh  Vidyanagar,22.54359,72.93239500000001,112,45600.0,91.5
682311,Kolenchery,9.981805,76.476155,112,67300.0,91.5
522435,Machavaram,16.619355,79.845415,112,45900.0,91.5
625201,Silaiman,9.891555,78.203745,112,44900.0,91.5
573210,Hallymysore,12.665065,76.261075,112,47000.0,100.0
765001,Rayagada,19.17641,83.41107,112,41700.0,91.5
209208,Musa Nagar,26.16441,79.98266000000001,112,43000.0,7.3
683556,Valayanchirangara,10.077475,76.469855,112,67700.0,91.5
303501,Bhandarej,26.839285,76.499695,112,42800.0,91.5
311407,Phulia Kalan,25.77241,74.93372,112,43100.0,91.5
522663,Bandlamottu,16.240925,79.64004,112,45800.0,91.5
495004,"Bilaspur, Chhattisgarh",22.1638486,82.1365923,112,41900.0,91.5
500003,Secunderabad,17.438855,78.492115,112,46700.0,7.3
683549,Asamannoor,10.100415,76.55080000000001,112,67200.0,91.5
822124,Rehala,24.165075,83.99244,112,41800.0,91.5
441108,Bori,20.8955,79.00569999999999,112,58900.0,39.0
682316,Kunnackal,9.981215,76.535755,112,67300.0,91.5
261501,Behjam,27.842855,80.601295,112,47000.0,7.3
642201,Gudimangalam,10.716025,77.286705,112,51800.0,91.5
388345,Mogri,22.51233,72.94240500000001,112,45400.0,91.5
388315,Bakrol,22.569635,72.89957,112,45000.0,91.5
521001,Machilipatnam,16.186025,81.12855,112,48200.0,91.5
400053,Santacruz West,19.083,72.841,112,86000.0,75.0
209111,Pukhrayan,26.22821,79.828885,112,43100.0,7.3
209310,Mangalpur,26.502585,79.71313,112,43900.0,7.3
244923,Bilaspur Chini Mill,28.915125000000003,79.34731,112,49000.0,7.3
388550,Kathana RS,22.289445,72.794565,112,44800.0,91.5
341027,Rol,27.21607,73.94987,112,39900.0,91.5
518465,Devanakonda,15.5478804,77.554259,112,38400.0,91.5
570029,Shakthinagar,12.31987,76.702815,112,48200.0,100.0
570012,Jayalakshmipuram,12.32051,76.62563499999999,112,48400.0,100.0
413604,Dalimb,17.899540000000002,76.48345499999999,112,41100.0,39.0
132039,Assandh,29.54714,76.615445,112,61800.0,91.5
577423,Kumsi,14.063915,75.34896,112,47000.0,100.0
786001,Dibrugarh,27.400599,94.9950865,112,38200.0,91.5
570027,Infosys Campus,12.36261,76.59776,112,47400.0,100.0
637411,Semmedu,11.24437,78.35961499999999,112,48700.0,91.5
415718,Dhamanand,17.63372,73.62827,112,88200.0,39.0
695602,Madavoor-pallickal,8.802495,76.83153999999999,112,51600.0,91.5
388560,Napa,22.456925,72.930165,112,44500.0,91.5
822112,Bhawnathpur,24.4183,83.52088,112,42600.0,91.5
304021,Newai,26.35356,75.94145,112,46100.0,91.5
814101,Dumka,24.26418,87.24741,112,43300.0,65.2
416011,Sane Guruji Vasahat,16.630875,74.15161499999999,112,61100.0,39.0
464993,Obedullaganj,23.01127,77.63479,112,43700.0,45.7
583215,Hampi Power House,15.30207,76.535045,112,44700.0,100.0
416501,Dundage,16.252865,74.41949,112,64000.0,39.0
625009,Ma Munichalai Road,9.8436,78.160235,112,45500.0,91.5
522658,Ipuru,16.246305,79.78678,112,45700.0,91.5
232109,Sakaldiha Bazar,25.394935,83.22433000000001,112,45800.0,91.5
577426,Ripponpet,13.95959,75.29528,112,47200.0,100.0
233303,Nonhara,25.673815,83.65965,112,43200.0,91.5
304503,Lamba Hari Singh,26.288885,75.217315,112,45900.0,91.5
413405,Yedshi,18.292725,75.97815,112,45000.0,39.0
341509,Nawacity Lsg,26.97039,75.07417000000001,112,45100.0,91.5
232120,Sadalpura,25.307665,83.20344,112,45600.0,91.5
522647,Vinukonda,16.095985,79.67189,112,45600.0,91.5
522661,Muppalla,16.254665,79.850745,112,45700.0,91.5
415414,S S K Sakharale,17.06854,74.293875,112,71900.0,39.0
508252,Choutupala,17.285525,78.87954500000001,111,60400.0,7.3
757035,Raruan,21.959985,85.85824,111,41100.0,91.5
522034,Industrial Estate,16.36654,80.44959499999999,111,45400.0,91.5
522004,Guntur Collectorate,16.290165000000002,80.42117,111,45300.0,91.5
209871,Safipur,26.732,80.29538,111,46100.0,7.3
210301,Hamirpur,25.952365,80.20221000000001,111,41300.0,7.3
209306,Rasulabad,26.68991,79.82292000000001,111,43800.0,7.3
522237,Tulluru,16.543925,80.474715,111,45400.0,91.5
534467,T.Narasapuram,17.073765,81.11606499999999,111,45300.0,91.5
522212,Chebrole,16.17223,80.490905,111,45400.0,91.5
321406,Bhusawar,27.02648,77.048395,111,46700.0,91.5
480107,Umaranala,21.874615,78.93468999999999,111,53800.0,45.7
416113,Warnanagar,16.85773,74.2072,111,62100.0,39.0
802208,Sahar,25.256545000000003,84.59751499999999,111,41400.0,65.2
757043,Rairangpur,22.275735,86.17704,111,41300.0,91.5
522020,Amaravathi,16.56627,80.359115,111,45800.0,91.5
577453,Avinahalli,14.014745,74.87115,111,44800.0,100.0
758025,Kushaleswar,21.20266,86.01219499999999,111,40400.0,91.5
583121,Siruguppa,15.61935,76.927895,111,43000.0,100.0
522314,Nizampatnam,15.932415,80.65874500000001,111,45600.0,91.5
522264,Chodayapalem,15.840155,80.84774999999999,111,45800.0,91.5
522315,Machavaram,16.024105,80.52616,111,45400.0,91.5
522316,Patsalatadiparru,16.107174999999998,80.531715,111,45400.0,91.5
522317,Stuvartpuram,15.886805,80.419675,111,45200.0,91.5
609115,Varisapathu Vadagal,11.26482,79.79747,111,58100.0,91.5
570022,Ramakrishna Nagar,12.28836,76.61286,111,46100.0,100.0
570023,Kuvempunagar,12.28639,76.62421,111,46400.0,100.0
570025,G S Ashram,12.26238,76.663735,111,46000.0,100.0
570030,Vijayanagar III stage,12.322209999999998,76.605455,111,46300.0,100.0
522309,Cherukupalle,16.03022,80.67245,111,45700.0,91.5
522310,Appikatla,15.98272,80.512445,111,45400.0,91.5
522311,Chandole,16.0203,80.6114,111,45600.0,91.5
765034,Jaganathpur,18.97392,83.75656000000001,111,41300.0,91.5
783382,Jogighopa,26.24265,90.62395,111,39100.0,91.5
764062,Bikrampur,19.068255,83.793205,111,41300.0,91.5
783385,Dhaligaon,26.51975,90.52765,111,39900.0,91.5
783388,A.P.Mill,26.244765,90.547645,111,39100.0,91.5
522268,Nagaram,16.004885,80.730595,111,45800.0,91.5
522302,Pedavadlapudi,16.42299,80.60544,111,45500.0,91.5
522329,Pittalavanipalem,15.973885,80.63918000000001,111,45600.0,91.5
522318,Tsunduru,16.155565000000003,80.58525,111,45500.0,91.5
765025,Padmapur,19.303125,83.91032,111,41500.0,91.5
765033,Dambasora,19.186015,83.897605,111,41500.0,91.5
765002,Rayagada S.F.,19.10393,83.332345,111,41600.0,91.5
424302,Kusumba,20.8785,74.55906,111,66600.0,39.0
415709,Khed,17.751089999999998,73.41599,111,92900.0,39.0
415711,Vakavali,17.675874999999998,73.299065,111,88400.0,39.0
625020,Gandhi Nagar,9.89046,78.212965,111,44700.0,91.5
522312,Turumella,16.12946,80.621955,111,45500.0,91.5
331502,Chhapar,27.829315,74.45962,111,40900.0,91.5
110027,Tagore Garden,28.649405,77.11784,111,94700.0,53.0
637302,Sankaridrug RS,11.448805,77.90351000000001,111,60100.0,91.5
831011,Sonari,22.826135,86.16904,111,40100.0,91.5
831012,Mango,22.791305,86.25446,111,40700.0,91.5
695612,Pulimath,8.74814,76.905525,111,53700.0,91.5
212653,Erayan,25.831895,81.246595,111,45100.0,7.3
695605,Kallambalam,8.756855,76.80752,111,52400.0,91.5
757045,Jamda,22.274425,86.074135,111,41300.0,91.5
811104,Sarmera,25.26901,85.806115,111,41400.0,65.2
637401,Andagalur,11.448495,78.16661500000001,111,50600.0,91.5
695611,Manambur,8.745415000000001,76.78609,111,52500.0,91.5
480449,Eklehra,22.230695,78.670745,111,40000.0,45.7
637407,Pudupatti,11.506435,78.268925,111,50300.0,91.5
570031,J.P.Nagar,12.24979,76.64414,111,45500.0,100.0
466001,Sehore,23.21474,77.079465,111,45700.0,45.7
466221,Jawar,23.049935,76.508155,111,51700.0,45.7
209125,Sikandra,26.394945,79.6166,111,43600.0,7.3
642203,Kaniyur,10.62985,77.33836,111,51500.0,91.5
801302,Hilsa,25.312145,85.26054500000001,111,41400.0,65.2
522111,Karlapalem,15.92228,80.57106,111,45500.0,91.5
522112,Kakumanu,16.05224,80.44482500000001,111,45400.0,91.5
522113,Cheruvu,15.96881,80.42872,111,45300.0,91.5
387375,Vadtal,22.591975,72.87120999999999,111,44600.0,91.5
577421,Kargal Colony,14.137835,74.763425,111,44500.0,100.0
637303,Sankari West,11.47492,77.80185,111,63200.0,91.5
799015,Narayanpur Bazar,23.913775,91.262285,111,52300.0,91.5
734002,Salbari,26.758685,88.38764,111,47500.0,91.5
734003,Pradhan Nagar,26.789145,88.403695,111,48300.0,91.5
517426,Dravidian University,12.80527,78.288685,111,69000.0,91.5
711202,Belur Math,22.62731,88.35136,111,48700.0,91.5
522213,Sangamjagarlamudi,16.24957,80.559765,111,45300.0,91.5
522233,Edlapadu,16.162975,80.233315,111,45600.0,91.5
141203,Narangwal,30.757775,75.79586499999999,111,56900.0,36.6
522305,Pedapalem,16.388865,80.675295,111,45500.0,91.5
485773,Amadara,24.094655000000003,80.567005,111,39300.0,45.7
570018,Belavadi,12.346225,76.57373,111,45200.0,100.0
570010,Ittigegud,12.259175,76.752325,111,46800.0,100.0
711304,Banipur,22.563915,88.23930999999999,111,47900.0,91.5
801304,Karaipersurai,25.402155,85.27569500000001,111,41400.0,65.2
522303,Nutakki,16.437575000000002,80.65698,111,45500.0,91.5
D163852,"Ratlam, Madhya Pradesh · D163852",23.50222,74.9551534,111,48600.0,91.5
534462,Dharmajigudem,16.929365,81.034155,111,45400.0,91.5
207120,Pilua,27.61846,78.534145,111,58000.0,7.3
522003,Guntur Bazar,16.280465,80.453215,111,45300.0,91.5
261402,Naimisharanya,27.34294,80.49717000000001,111,47800.0,7.3
522234,Nadendla,16.196595000000002,80.191615,111,45700.0,91.5
522235,Pedanandipadu,16.066995,80.31994499999999,111,45600.0,91.5
734005,Siliguri Bazar,26.69819,88.41591,111,48300.0,91.5
522102,Bapatla Engg College,15.88581,80.47772,111,45300.0,91.5
831009,Agrico,22.80817,86.22701,111,40700.0,91.5
562111,Dobbespet,13.23065,77.26056,111,70500.0,100.0
466115,Ichawar,22.985745,77.04455,111,46200.0,45.7
522005,Nallapadu,16.285204999999998,80.36828,111,45300.0,91.5
403202,Bambolim Complex,15.464725,73.85556,111,82600.0,39.0
247453,Jaroda Panda,29.668075,77.553695,111,42100.0,7.3
577427,Shikaripur,14.25654,75.39759,111,45700.0,100.0
522236,Tadikonda,16.469450000000002,80.458395,111,45400.0,91.5
136044,Rajound,29.59248,76.441785,111,64900.0,91.5
416112,Vadgaon,16.854570000000002,74.29989499999999,111,62300.0,39.0
416101,Jaysingpur,16.8003,74.526475,111,64500.0,39.0
522262,Kuchinapudi,15.906085,80.76475500000001,111,45700.0,91.5
522201,Tenali,16.23398,80.671645,111,45500.0,91.5
522202,Morrispeta,16.243395,80.65329,111,45500.0,91.5
534461,Pragadavaram,17.00758,81.02627000000001,111,45400.0,91.5
831005,Kadma,22.80543,86.16212,111,40200.0,91.5
804419,Karpi,25.149445,84.713135,111,41400.0,65.2
804402,Baidrabad,25.20258,84.61654,111,41300.0,65.2
583224,Thambrahalli,15.14223,76.14506,111,43700.0,100.0
637412,Singalandapuram,11.406405,78.217015,111,50400.0,91.5
638111,Vellakoil,10.931674999999998,77.69494499999999,111,55700.0,91.5
522211,Angalakudur,16.222485,80.59418,111,45400.0,91.5
625707,Villur,9.687625,77.91281000000001,111,44900.0,91.5
416414,Wanlsswadi,16.843505,74.61442,111,72900.0,39.0
177207,Pandogha,31.505775,76.15184500000001,111,47100.0,91.5
625512,Aundipatti,9.948095,77.61049,111,48700.0,91.5
571124,T Narasipura,12.148555,76.917685,111,45300.0,100.0
523262,Throvagunta,15.5641955,80.0066786,111,43500.0,91.5
452001,Indore G.P.O.,22.7108119,75.8076918,111,60900.0,91.5
281121,Vrindaban,27.573835,77.68562,111,37600.0,7.3
341022,Deh,27.37683,73.9705,111,39200.0,91.5
802209,Tarari,25.211375,84.43650500000001,111,41600.0,65.2
572222,Mooganayakana Kote,13.46987,76.796495,111,64000.0,100.0
572223,Nittur,13.35689,76.822055,111,66600.0,100.0
572216,Gubbi,13.279025,76.9533,111,69100.0,100.0
413506,Bembli,18.13168,76.207675,111,41300.0,39.0
D350782,"Nawada, Bihar · D350782",24.8173249,85.5179085,111,41100.0,91.5
D216230,"Sahibganj, Jharkhand · D216230",25.0320437,87.691764,111,41800.0,91.5
496111,"Raigarh, Chhattisgarh",22.2361795,83.3529534,111,40300.0,91.5
625603,Vadugapatti,10.095765,77.588425,111,48600.0,91.5
625701,Kalligudi,9.693185,78.003515,111,44900.0,91.5
625702,T.Kallupatti,9.697575,77.838345,111,45000.0,91.5
500009,Manovikasnagar,17.468735000000002,78.492895,111,44800.0,7.3
D148606,"Chitrakoot, Uttar Pradesh · D148606",25.217139,81.1045927,111,43000.0,91.5
123106,Dharuhera,28.15273211642041,76.7449951171875,111,35500.0,0.0
500034,Banjara Hills,17.418685,78.43157500000001,111,45100.0,7.3
391450,Karkhadi,22.224875,72.90309500000001,111,46000.0,91.5
413509,Ter,18.3142,76.19706500000001,111,44300.0,39.0
413501,Osmanabad,18.181420000000003,76.01874000000001,111,41400.0,39.0
413106,Indapur,18.13505,75.04285,111,41700.0,39.0
233302,Nandganj,25.537595,83.420305,111,44200.0,91.5
247231,Chilkana,30.112025,77.47755000000001,111,42900.0,7.3
D622904,"Bastar, Chhattisgarh",19.1191283,81.8291865,111,42500.0,91.5
493551,"Mahasamund, Chhattisgarh",21.1922846,82.4890263,111,40900.0,91.5
393010,O.N.G.C. Colony,21.66809,73.02818,111,45200.0,91.5
464665,Badi,23.06215,78.2008,111,42300.0,45.7
625703,Peraiyur,9.725405,77.781205,111,45800.0,91.5
625536,T.Subbulapuram,10.02209,77.64868,111,48800.0,91.5
625562,Varadharajnagar,10.05263,77.59923,111,48700.0,91.5
632009,Sathuvachari,12.939135,79.181665,111,49000.0,91.5
304502,Malpura,26.32559,75.36036,111,46600.0,91.5
522001,Kothapeta,16.304515000000002,80.46416500000001,111,45300.0,91.5
416418,Salgare,16.883744999999998,74.879785,111,73200.0,39.0
393030,Hansot,21.5285,72.73933,111,43500.0,91.5
571129,Nagarle,12.169095,76.77828500000001,111,46000.0,100.0
486882,Chitrangi,24.52115,82.46893,111,45600.0,45.7
231301,Ahraura,24.99914,83.00169500000001,111,45800.0,91.5
440019,C.R.P.F. Nagpur,21.092605,79.009195,111,61000.0,39.0
345033,Mohangarh,27.366245,71.227935,111,43400.0,91.5
488333,Devendra Nagar,24.386375,80.47429,111,39100.0,45.7
522007,Chandramoulinagar,16.317935,80.43014500000001,111,45300.0,91.5
393020,Sajod,21.60954,72.89123000000001,111,44300.0,91.5
392012,Maktampur,21.709035,73.019815,111,45400.0,91.5
734223,Tindharia,26.84512,88.355805,111,48300.0,91.5
734203,Kurseong,26.87926,88.287365,111,48300.0,91.5
464668,Bareli,22.938205,78.17727500000001,111,42200.0,45.7
423105,Malegaon Camp,20.58731,74.699015,111,66200.0,39.0
421306,Katemanivali,19.171155,73.15172000000001,111,54000.0,39.0
392011,Zadeshwar,21.735635,73.04691,111,45500.0,91.5
802126,Koran Sarai,25.464550000000003,84.15594,111,41500.0,65.2
522101,Bapatla,15.920765,80.47065,111,45300.0,91.5
303012,Kanota,26.86085,75.97322,111,45600.0,91.5
522015,Abbineniguntapalem,16.123215000000002,80.339945,111,45700.0,91.5
522016,Lemalle,16.476210000000002,80.384015,111,45400.0,91.5
522124,Ponnur,16.076405,80.49881500000001,111,45400.0,91.5
522006,Pattabhipuram,16.332050000000002,80.391755,111,45300.0,91.5
572118,Gulur,13.254515,77.0775,111,71700.0,100.0
572119,Handanakere,13.503795,76.453505,111,47400.0,100.0
533309,Kapileswarapuram S.O (East Godavari),16.6443029,81.5885247,111,43100.0,91.5
402004,Balkeshwar,27.203380537607654,78.02228952920916,111,59100.0,42.7
560092,Sahakaranagar,13.057,77.593715,111,67000.0,100.0
734434,Phansidewa,26.573175,88.33354,111,48200.0,91.5
734215,Nagrispur,26.92227,88.20415,111,49400.0,91.5
488448,Sahanagar,24.071275,80.26807,111,38900.0,45.7
641667,Pongalur,10.94871,77.374285,111,57300.0,91.5
642154,Gandhinagar,10.556295,77.263915,111,46500.0,91.5
803108,Chandi,25.347935,85.402575,111,41200.0,65.2
802222,Khutahan,25.262905,84.509985,111,41600.0,65.2
734214,Mirik,26.89601,88.18090000000001,111,48700.0,91.5
561101,Kudur,13.13983,77.156725,111,78200.0,100.0
303905,Watika,26.709965,75.790435,111,45900.0,91.5
392030,Shuklatirth,21.778815,73.11896,111,45600.0,91.5
642204,Komaralingam,10.504575,77.34496,111,46600.0,91.5
642126,Udamalpet,10.58777,77.248705,111,44800.0,91.5
803110,Harnaut,25.377465,85.540165,111,41400.0,65.2
734012,Sushrut Nagar,26.68145,88.38579999999999,111,47700.0,91.5
522017,Etukuru,16.214365,80.45749,111,45300.0,91.5
522018,Ponnekallu,16.422515,80.370485,111,45700.0,91.5
522019,Prathipadu,16.215314999999997,80.32671500000001,111,45700.0,91.5
734220,St.Mary's Hill,26.89864,88.26514499999999,111,48800.0,91.5
444603,Shivaji Nagar,20.97067,77.77793,111,37400.0,39.0
444607,Sai Nagar,20.898045000000003,77.74591000000001,111,37100.0,39.0
531162,Chittivalasa,17.95571,83.432605,111,44700.0,91.5
534007,Industrial Estate,16.693565,81.035825,111,45600.0,91.5
231304,Chunar,25.06197,82.69008,111,46600.0,91.5
173212,Solan,30.89395,77.15429,111,47700.0,91.5
523331,Pedda Dornala,15.936215,79.018365,111,57400.0,91.5
304023,Aligarh,25.917555,76.16774,111,40600.0,91.5
695312,Melvettoor,8.713474999999999,76.73411,111,54100.0,91.5
695146,Palayamkunnu,8.779060000000001,76.746905,111,53300.0,91.5
625523,Lakshmipuram,10.078455,77.506225,111,48700.0,91.5
625525,Periyar Project,9.626065,77.21256,111,54900.0,91.5
534003,Sanivarapu Peta,16.746955,81.052875,111,45500.0,91.5
534004,Chataparru,16.66402,81.193425,111,45400.0,91.5
534005,Eluru R.S,16.726599999999998,81.112695,111,45500.0,91.5
232111,Naugarh,24.846335,83.23142,111,44300.0,91.5
345024,Bhaniyana,26.6688,71.80067500000001,111,45200.0,91.5
345025,Phalsund,26.45916,71.821845,111,45700.0,91.5
345022,Ramgarh,27.428715,70.107715,111,43300.0,91.5
636115,Valapady,11.641525,78.411915,111,49000.0,91.5
440006,Seminary Hills,21.16601,79.05293,111,60500.0,39.0
695310,Ayroor-varkala,8.7814,76.720935,111,53400.0,91.5
695311,Edava,8.76897,76.69827000000001,111,53600.0,91.5
175004,Bhambla,31.595175,76.76077000000001,111,47900.0,91.5
524344,Muthukur,14.300975,80.09882999999999,111,52700.0,91.5
281001,Mathura,27.48394,77.690535,111,36700.0,7.3
524321,Survepalli,14.28611,79.96997999999999,111,51400.0,91.5
524323,Nidiguntapalem,14.27916,80.06185500000001,111,52700.0,91.5
524346,Brahmadevam,14.35102,80.056815,111,51300.0,91.5
396385,Untdi,20.71413,72.901755,111,44300.0,91.5
500073,Srinagar Colony,17.4313,78.43865,111,44700.0,7.3
534006,Narasimharao Peta,16.71259,81.092725,111,45500.0,91.5
522436,Parastyalluru,16.521195,80.29237,111,45800.0,91.5
450332,Khaknar,21.386655,76.656665,111,41300.0,45.7
450117,Khalwa,21.750965,76.85709,111,40200.0,45.7
450221,Nepanagar,21.497535,76.49414999999999,111,41800.0,45.7
522510,Nagarjuna Nagar,16.379669999999997,80.52442500000001,111,45400.0,91.5
522529,Phirangipuram,16.280900000000003,80.238975,111,45700.0,91.5
522659,Ainavole,15.961325,79.628175,111,44800.0,91.5
695142,Cherunniyur,8.72452,76.75971999999999,111,52600.0,91.5
230141,Sangramgarh,25.85688,81.4757,111,45500.0,91.5
229410,Kaithola,25.9596,81.54294,111,46000.0,7.3
231211,Lalganj,24.850715,82.34085999999999,111,46800.0,91.5
415408,Shirala,17.0,74.09967,111,71200.0,39.0
522502,K.C.Works,16.471870000000003,80.57163,111,45400.0,91.5
522660,Nuzendla,15.91509,79.77932,111,44700.0,91.5
522616,Chilakaluripet,16.079340000000002,80.16694,111,45600.0,91.5
625516,Cumbum,9.70751,77.28305499999999,111,53400.0,91.5
413525,Yermala,18.41718,75.87611,111,48200.0,39.0
232325,Bara,25.49786,83.846145,111,41800.0,91.5
232327,Gahmar,25.46848,83.81416999999999,111,41900.0,91.5
231302,Adalhat,25.12954,83.069365,111,45800.0,91.5
522549,Satuluru,16.223025,80.115625,111,45700.0,91.5
522601,Narasaraopet,16.23778,80.04499000000001,111,45700.0,91.5
415404,Kasegaon,17.118785000000003,74.20928,111,69000.0,39.0
534230,Aravalli,16.636395,81.59489500000001,111,43400.0,91.5
174320,Talmehra,31.628585,76.272975,111,48000.0,91.5
175003,Kotli,31.75696,76.854635,111,46900.0,91.5
534001,Eluru,16.697830000000003,81.092415,111,45500.0,91.5
534002,Venkata Rao Peta,16.714955,81.1034,111,45500.0,91.5
230143,Babaganj,25.85841,81.561205,111,45700.0,91.5
232108,Sakaldiha,25.35906,83.314855,111,45000.0,91.5
232110,Saiyadraja,25.27337,83.43617,111,43600.0,91.5
522509,Pedakakani,16.31784,80.518855,111,45300.0,91.5
173234,Waknaghat,31.015955,77.08736,111,48400.0,91.5
695601,Kilmanur,8.750315,76.86156,111,53000.0,91.5
695603,Navaikulam,8.791725,76.78607,111,53100.0,91.5
636301,Attanur,11.50635,78.15888,111,50800.0,91.5
431212,Ankush Nagar,19.39578,75.74447,111,83600.0,39.0
175023,Rewalsar,31.64556,76.82809499999999,111,47100.0,91.5
173217,Chail,30.939965,77.22700499999999,111,47200.0,91.5
415415,Warnavati Vasahat,17.137655000000002,73.88858,111,60600.0,39.0
415603,Alore,17.4817,73.63328999999999,111,56900.0,39.0
415719,Talavali,17.550435,73.280495,111,81000.0,39.0
415722,Lote,17.616685,73.492925,111,84900.0,39.0
415727,Karji,17.622735,73.37645499999999,111,84800.0,39.0
783391,Patiladaha,26.574415,90.83018,111,39700.0,91.5
783392,Manikpur,26.422575,90.807985,111,39400.0,91.5
783380,Bongaigaon,26.474615,90.549355,111,39700.0,91.5
175049,Jamni,31.674785,76.80224000000001,111,48100.0,91.5
625518,Gudalur,9.649425,77.24766,111,54300.0,91.5
285206,Nadigaon,26.103185,79.034535,111,47000.0,7.3
522619,Ganapavaram,16.113235,80.21583,111,45600.0,91.5
522626,Murikipudi,16.059134999999998,80.12783999999999,111,45500.0,91.5
636139,Kootathupatti,11.720405,78.33076,111,50300.0,91.5
625022,Postal Training Centre,9.79503,78.094705,111,46500.0,91.5
415601,Pophali,17.420555,73.665885,111,56000.0,39.0
172105,Karcham,31.42743,78.156465,111,48400.0,91.5
522603,Ravipadu,16.253555,80.02003500000001,111,45700.0,91.5
522611,Kavuru,16.150779999999997,80.11705,111,45600.0,91.5
522438,Medikonduru,16.346945,80.264745,111,45700.0,91.5
522501,Tadepalle,16.47312,80.60674499999999,111,45500.0,91.5
695143,Vadasserikonam,8.74914,76.75907,111,53800.0,91.5
695144,Moongode,8.71665,76.78060500000001,111,52800.0,91.5
695145,Sreenivasapuram,8.754285,76.74566999999999,111,53700.0,91.5
783381,New Bongaigaon,26.470735,90.5155,111,39600.0,91.5
609402,Kiliyanur,11.035755,79.693585,111,56900.0,91.5
831017,Baridih Colony,22.800975,86.252005,111,40700.0,91.5
212652,Hathgaon,25.90054,81.155905,111,45100.0,7.3
412108,Paud,18.55164,73.47870499999999,111,52300.0,39.0
783389,Boitamari,26.342105,90.508935,111,39100.0,91.5
534432,Denduluru,16.792625,81.18845999999999,111,45300.0,91.5
534437,Pedapadu,16.62692,81.07636500000001,111,45700.0,91.5
415602,Shirgaon,17.446309999999997,73.635835,111,55600.0,39.0
609104,Kadavasal,11.27361,79.762165,111,57500.0,91.5
609105,Kaveripattinam,11.14168,79.84191,111,56400.0,91.5
609107,Melaiyur TVG,11.139955,79.79924,111,56100.0,91.5
482005,Khamaria,23.204975,80.051185,111,40300.0,45.7
757039,Sukruli,21.90777,85.889225,111,41100.0,91.5
758080,Bhagamunda,21.243495000000003,85.88733500000001,111,40700.0,91.5
758082,Brahmanipal,21.15658,85.89883,111,40300.0,91.5
783394,Bengtal,26.646885,90.486925,111,40200.0,91.5
175033,Baldwara,31.557095,76.772795,111,47600.0,91.5
522503,Mangalagiri,16.411595,80.55930000000001,111,45400.0,91.5
522508,Namburu,16.378065,80.52417,111,45400.0,91.5
173230,Nauni,30.85171,77.17149,111,47500.0,91.5
609306,Nalladai,11.015365,79.732185,111,57100.0,91.5
609302,Arangakudi,11.06075,79.70773,111,56700.0,91.5
483220,Panagar,23.304815,79.977045,111,40300.0,45.7
534442,Kovvali,16.740740000000002,81.20475,111,45300.0,91.5
172107,Reckong Peo,31.54023,78.26256000000001,111,48100.0,91.5
172108,Kalpa,31.52685,78.204965,111,48300.0,91.5
172112,Liyo,31.868695,78.529815,111,48100.0,91.5
783390,Bijni,26.53752,90.68787,111,40200.0,91.5
415605,Chiplun,17.534145000000002,73.54633999999999,111,79200.0,39.0
212665,Mauhar,26.137725,80.58092500000001,111,44200.0,7.3
415101,Malkapur,16.90531,73.85207,111,54600.0,39.0
609113,Tirumullaivasal,11.26794,79.82922500000001,111,58400.0,91.5
522403,Sattenapalle,16.397975,80.15038,111,45800.0,91.5
522408,Muppalla,16.330655,80.09898000000001,111,45700.0,91.5
522259,Kanagala,16.068345,80.73358999999999,111,45800.0,91.5
522261,Vemuru,16.172055,80.71821,111,45800.0,91.5
534456,Jeelugumilli,17.21633,81.15411,111,45300.0,91.5
522313,Kuchipudi,16.177750000000003,80.65928,111,45600.0,91.5
757050,Hatbadra,22.17563,86.14586,111,41300.0,91.5
695141,Varkala,8.73825,76.716865,111,53800.0,91.5
711204,Liluah,22.624185,88.329505,111,48100.0,91.5
131304,Baroda,29.1321,76.559065,111,58400.0,91.5
207301,Awagarh,27.448355,78.47569,111,51300.0,7.3
209112,Amraaudha,26.16713,79.80663,111,42700.0,7.3
416144,Akiwate Industrial Estate,16.7643,74.57361,111,64500.0,39.0
577558,Aimangala,14.05467,76.53419500000001,111,47300.0,100.0
577541,Sirigere,14.27513,76.217905,111,49600.0,100.0
801305,Nagarnausa,25.389065,85.35267999999999,111,41400.0,65.2
534475,Vijayarai,16.82177,81.048495,111,45500.0,91.5
534449,Kamavarapukota,16.979135,81.17555,111,45300.0,91.5
686669,Mudavoor,10.018005,76.52168499999999,111,68600.0,91.5
758021,Anandapur,21.319495,86.188215,111,40900.0,91.5
609101,Achalpuram,11.342805,79.79045500000001,111,57300.0,91.5
637213,Jedarpalayam,11.146405,77.89294000000001,111,59000.0,91.5
332316,Beedasar,27.842185,75.166145,111,46000.0,91.5
831003,Golmuri,22.787765,86.22646499999999,111,40700.0,91.5
522325,Amartaluru,16.108289999999997,80.69454999999999,111,45700.0,91.5
456224,Khachraud,23.503065,75.26426000000001,111,49500.0,45.7
522306,Nandivelugu,16.29858,80.670025,111,45500.0,91.5
522308,Emani,16.352485,80.694175,111,45600.0,91.5
522341,Intur,16.076185000000002,80.614345,111,45600.0,91.5
522401,Siripuram,16.403305,80.283715,111,45700.0,91.5
522402,Pedakurapadu,16.495525,80.23766,111,45800.0,91.5
637408,Rasipuram,11.473605,78.19729,111,50500.0,91.5
757047,Badampahar,22.061445,86.05507,111,41400.0,91.5
522258,Dhulipudi,16.03961,80.77512999999999,111,45900.0,91.5
577520,Bheemasamudra,14.215615,76.285515,111,48700.0,100.0
125033,Hansi,29.125995000000003,76.010345,111,62400.0,11.0
332601,Baya,27.335695,75.31379000000001,111,54000.0,91.5
758026,Talapada,21.120735,85.814385,111,40400.0,91.5
124501,Sampla,28.768255,76.75346,111,61000.0,11.0
522009,Perecherla Junction,16.332475000000002,80.368465,111,45300.0,91.5
321612,Paota,26.98508,76.95439,111,46900.0,91.5
711309,Delta Mil,22.532895,88.221285,111,48200.0,91.5
415634,RGPPL Anjanvel,17.545920000000002,73.15814499999999,111,83700.0,39.0
132140,Panipat Refinary,29.469415,76.892735,111,57000.0,91.5
207002,Aruna Nagar,27.521885,78.65468,111,56800.0,7.3
522002,Guntur,16.31127,80.441765,111,45300.0,91.5
534450,Gopannapalem,16.78847,81.145325,111,45400.0,91.5
534452,Tadikalapudi,16.908079999999998,81.15641500000001,111,45300.0,91.5
416305,Digraj Kasaba,16.890375,74.51872499999999,111,73600.0,39.0
416405,Kavathe Mahankal,17.064145,74.945735,111,78700.0,39.0
831020,Pardih,22.850565,86.21172999999999,111,40100.0,91.5
522330,Duggirala,16.349845000000002,80.615875,111,45400.0,91.5
695102,Alamcode,8.72189,76.81528,111,53100.0,91.5
711113,Balitikuri,22.606775,88.29622499999999,111,48100.0,91.5
758015,Ghasipura,21.32649,86.04989499999999,111,40700.0,91.5
522304,Kollipara,16.298969999999997,80.750095,111,45800.0,91.5
415706,Dabhol,17.609295,73.19062,111,86000.0,39.0
415708,Lavel,17.63726,73.43471,111,85900.0,39.0
127035,Jamalpur,28.97372,75.94004,111,53500.0,11.0
815357,Karogram,24.15864,86.76635999999999,111,42000.0,65.2
765022,Gunupur,19.07285,83.907535,111,41400.0,91.5
765023,Kujendri,19.084545,83.7365,111,41500.0,91.5
637102,Konganapuram,11.56915,77.91268,111,59700.0,91.5
332703,Danta Ramgarh,27.24819,75.2025,111,53200.0,91.5
695614,Thattathumala,8.797045,76.88151,111,52100.0,91.5
831019,Birsanagar,22.78624,86.24831499999999,111,40700.0,91.5
757054,Bahalda Rd RS,22.426250000000003,86.177855,110,40500.0,91.5
757046,Bahalda,22.36038,86.092595,110,40600.0,91.5
611003,Nagapattinam Collectorate,10.79754,79.837635,110,54500.0,91.5
232106,Kamalpur,25.3819,83.42081999999999,110,43500.0,91.5
765016,K.Singhpur,19.52975,83.32508,110,40800.0,91.5
396185,Udvada R.S.,20.45911,72.915745,110,44000.0,91.5
625301,Alagarkoil,10.055975,78.238145,110,43800.0,91.5
711313,Sankrail,22.555825,88.210375,110,46900.0,91.5
711315,Uluberia,22.378005,88.085465,110,46400.0,91.5
734001,Siliguri,26.724875,88.460825,110,49200.0,91.5
212664,Malwan R.S.,26.01885,80.718075,110,44100.0,7.3
695562,Pacha,8.72336,77.01574,110,56100.0,91.5
695563,Peringamala,8.734825,77.06524999999999,110,55700.0,91.5
416107,Dattawad,16.59017,74.58852999999999,110,63100.0,39.0
416110,Bahubali,16.828945,74.41375,110,62900.0,39.0
695615,Vembayam,8.640405,76.949055,110,58000.0,91.5
695606,Vamanapuram,8.705615,76.89444,110,54600.0,91.5
695607,Venjaramoodu,8.669015,76.921865,110,56200.0,91.5
412112,Dasve Lavasa,18.41211,73.5054,110,51800.0,39.0
711305,Bauria,22.48955,88.167685,110,47100.0,91.5
711403,Bankra,22.605305,88.276495,110,47000.0,91.5
642111,Krishnapuram,10.557625,77.33306,110,46100.0,91.5
466331,Nasrllaganj,22.72246,77.196645,110,44400.0,45.7
577417,Honnesara,14.0948,75.065965,110,43700.0,100.0
466118,Metwada,22.94294,76.523125,110,50400.0,45.7
466120,Siddikganj,22.86465,76.63083,110,49800.0,45.7
126116,Narwana,29.6622,76.10162,110,56400.0,11.0
854317,Barsoighat,25.711455,87.900545,110,43300.0,65.2
636107,Malliakarai,11.547765,78.499275,110,47500.0,91.5
500061,Sitaphalmandi,17.423920000000003,78.51301000000001,110,46400.0,7.3
572117,Chelur,13.458175,76.8939,110,58500.0,100.0
524409,Kalichedu,14.27999,79.74739,110,49200.0,91.5
D492353,"Aurangabad, Bihar",24.8033201,84.4110198,110,40800.0,91.5
522307,Kolakaluru,16.2853547,80.5686143,110,44900.0,91.5
172115,Bhaba Nagar,31.48226,77.98285999999999,110,48900.0,91.5
572128,Kora S.O (Tumkur),13.4999406,77.0002445,110,39300.0,100.0
486887,Amlori Project,24.10693,82.58851999999999,110,44700.0,45.7
534350,Kovvur,16.9956639,81.7154378,110,45000.0,91.5
410208,Valap,19.05919738778152,73.14285278320314,110,57200.0,0.6
670721,Panamaram,11.7151291,76.1271185,110,38400.0,91.5
571201,Madikeri,12.3827332,75.6640715,110,39200.0,100.0
388625,Gudel,22.42082,72.47672,110,42400.0,91.5
391145,Sankheda,22.16031,73.60168,110,48300.0,91.5
573103,Arsikere,13.32312,76.26546,110,48100.0,100.0
232329,Zamania,25.438405000000003,83.590745,110,43000.0,91.5
232331,Zamania RS,25.35747,83.566525,110,43000.0,91.5
500036,Malakpet Colony,17.374795,78.51082500000001,110,46900.0,7.3
500015,Trimulgherry,17.478455,78.49714499999999,110,43700.0,7.3
500011,Bowenpally,17.47317,78.47327,110,43900.0,7.3
625579,Kadamalaikundu,9.691375,77.50795500000001,110,50600.0,91.5
335802,Goluwala,29.620215,74.036435,110,49000.0,91.5
625530,Thevaram,9.89807,77.29151999999999,110,52000.0,91.5
625531,Theni,10.024095,77.46942,110,48700.0,91.5
572101,Tumkur,13.338725,77.09522,110,67500.0,100.0
571311,Kadakola,12.20979,76.6665,110,44500.0,100.0
413601,Tuljapur,17.960955,76.167945,110,39300.0,39.0
571122,Talakad,12.20392,77.05755500000001,110,45100.0,100.0
413006,Midc Solapur,17.667815,75.99613,110,39200.0,39.0
232333,Satramganj Bazar,25.45031,83.75097500000001,110,41900.0,91.5
444604,V.M.V.,20.971265,77.74058500000001,110,36900.0,39.0
415301,Atpadi,17.42577,74.88907499999999,110,74700.0,39.0
784167,Borgong,26.83799,93.295345,110,48800.0,91.5
784184,Gingia,26.860905,93.250465,110,48500.0,91.5
695541,Nedumangad,8.6212,77.02328,110,63000.0,91.5
124010,Sunari Khurd,28.878349647602047,76.58569335937501,110,43700.0,11.0
695304,Chirayinkeezhu,8.654945000000001,76.797335,110,53700.0,91.5
695306,Kadakkavur,8.677904999999999,76.778535,110,53300.0,91.5
416106,Kurundwad,16.65731,74.59989,110,62300.0,39.0
576228,Shiruru,13.923085,74.63466,110,44300.0,100.0
576219,Khambadakone,13.79478,74.69047499999999,110,45200.0,100.0
576220,Kollur,13.87066,74.80131,110,44500.0,100.0
576214,Byndoor,13.864095,74.702445,110,44800.0,100.0
202142,Birpura,28.02531,77.90899999999999,110,68300.0,7.3
202133,Dadon,27.984755,78.51487,110,56800.0,7.3
695317,Thonnakkal,8.631595,76.854085,110,55000.0,91.5
695307,Nedunganda,8.695425,76.74148500000001,110,52800.0,91.5
695308,Vakkom,8.69163,76.761245,110,52900.0,91.5
695309,Anjengo,8.664815,76.76144500000001,110,53200.0,91.5
695313,Kudavur,8.655104999999999,76.862185,110,54900.0,91.5
577401,Sagar,14.20411,74.988475,110,44100.0,100.0
577214,Hithla,14.160095,75.375545,110,44800.0,100.0
302028,Amer,27.009385,75.88577000000001,110,48500.0,91.5
637406,Namagiripettai,11.456665,78.283455,110,49700.0,91.5
757053,Tiring,22.48387,86.04397,110,40500.0,91.5
212655,Khaga,25.73693,81.129325,110,44300.0,7.3
695589,Santhigiri,8.635584999999999,76.89611,110,56100.0,91.5
454449,Dharampuri,22.251475,75.30657,110,55900.0,45.7
396030,Hanuman Bhagda,20.615865,72.91366500000001,110,43400.0,91.5
D982573,"Dima Hasao, Assam",25.4003625,93.0752292,110,41400.0,91.5
625515,Chinnamanur,9.73166,77.359065,110,51300.0,91.5
625517,Gandamanayakanur,9.90711,77.54622,110,48500.0,91.5
174302,Dhussara,31.55941,76.21147500000001,110,47500.0,91.5
484440,Bijuri,23.31772,82.108385,110,42900.0,45.7
484114,Dhanpuri,23.182625,81.56712999999999,110,42200.0,45.7
484120,S.K. Nagar,23.147465,81.62507500000001,110,42100.0,45.7
497116,"Surguja, Chhattisgarh",22.9470108,83.1656868,110,41500.0,91.5
783383,Salmara North,26.348883,90.6291434,110,38300.0,91.5
230204,Kunda,25.749255,81.53665000000001,110,45300.0,91.5
173235,Dhundan,31.20222,76.909555,110,45300.0,91.5
413624,Kati,17.922060000000002,75.92078000000001,110,39800.0,39.0
233305,Zangipur,25.647515,83.53491,110,43000.0,91.5
396191,Vapi,20.37588,72.985745,110,43400.0,91.5
396125,Killa Pardi,20.48702,72.979905,110,43500.0,91.5
396001,Valsad,20.607295,72.929525,110,43300.0,91.5
784173,Mijikajan,26.86994,93.16865,110,49500.0,91.5
230202,Garhi Manikpur,25.743025000000003,81.44169,110,44900.0,91.5
758078,Dhanurnjaypur,21.292445,86.336035,110,40600.0,91.5
609102,Anaikaranchatram,11.31859,79.70921,110,56400.0,91.5
814158,Guhiajori,24.383285,87.312545,110,42600.0,65.2
583114,Hatcholi,15.73432,77.028735,110,42300.0,100.0
415606,Sawarda,17.38465,73.57338,110,51800.0,39.0
802119,Dumraon,25.525705,84.14131499999999,110,41200.0,65.2
247777,Thanabhawan,29.568595,77.39794499999999,110,40500.0,7.3
801303,Islampur,25.109555,85.23407,110,40800.0,65.2
801307,Bhathar,25.29361,85.36612,110,41100.0,65.2
791125,Likabali,27.67505,94.582835,110,41800.0,91.5
284401,Babina Cantt.,25.256365,78.43929,110,38500.0,7.3
394115,Panoli,21.553385,72.95503500000001,110,44000.0,91.5
302022,Sitapura Industrial Area,26.76395,75.87201,110,45400.0,91.5
302027,Crpf Campus  Lalwas,26.979835,75.937295,110,48700.0,91.5
577431,Thagarthi,14.22416,75.17163500000001,110,43800.0,100.0
394810,Ilav,21.46825,72.827695,110,43600.0,91.5
388325,Karamsad,22.549715,72.87954500000001,110,43600.0,91.5
209870,Rasulabad,26.85109,80.45877,110,46400.0,7.3
416214,Sarud,17.083545,73.87428,110,52200.0,39.0
370015,Bhuj B S F Camp,23.17863,69.66015999999999,110,42300.0,91.5
638660,Koduvoi,10.94157,77.443685,110,55000.0,91.5
125042,Bass,29.10335,76.20490000000001,110,60500.0,11.0
207302,Jalesar,27.463045,78.31594,110,49400.0,7.3
247452,Nanauta,29.710605,77.449175,110,42300.0,7.3
247772,Jalalabad,29.598095,77.44112,110,39700.0,7.3
209202,Bilhaur,26.79979,80.012055,110,42700.0,7.3
416403,Dhalgaon,17.142345,75.01789,110,76200.0,39.0
416409,Mhaisal,16.759909999999998,74.7075,110,71100.0,39.0
577501,Chitradurga,14.20215,76.397505,110,46900.0,100.0
577430,Talaguppa,14.238545,74.92921,110,44200.0,100.0
642206,Pulavadi,10.730709999999998,77.328795,110,51300.0,91.5
609704,Tirukannapuram,10.864925,79.715845,110,55900.0,91.5
609314,Vadakarai,11.077295,79.69454999999999,110,55500.0,91.5
313804,Chhani,23.928915,73.454425,110,56200.0,91.5
803113,Nursarai,25.298785,85.460665,110,40900.0,65.2
757034,Jashipur,21.85823,86.265305,110,40900.0,91.5
522257,Vellaturu,16.10734,80.83642499999999,110,46200.0,91.5
522256,Bhattiprolu,16.096035,80.761875,110,45900.0,91.5
172104,Tapri,31.55394,78.08456000000001,110,48400.0,91.5
175034,Samaila,31.52118,76.772625,110,46800.0,91.5
175036,Gurkotha,31.548695,76.848025,110,45900.0,91.5
175037,Cholthra,31.717855,76.698385,110,49300.0,91.5
784177,Biswanathghat,26.68159,93.174515,110,44700.0,91.5
412207,Vagholi,18.596695,74.14952,110,53100.0,39.0
695305,Perunguzhi,8.636050000000001,76.81513,110,54200.0,91.5
400608,Balkum,19.217565,72.99937499999999,110,62500.0,39.0
416215,Shahuwadi,16.868545,73.92847,110,54300.0,39.0
124113,Kalanaur,28.828445,76.40433,110,60800.0,11.0
695101,Attingal,8.697424999999999,76.814805,110,53500.0,91.5
637207,Paramathi,11.18742,78.05571499999999,110,50300.0,91.5
127111,Bapora,28.807305,76.03667999999999,110,56200.0,11.0
577434,Ulavi,14.25875,75.10459499999999,110,44100.0,100.0
577435,Jog Falls,14.211005,74.79812,110,44300.0,100.0
636117,Yethapur,11.694575,78.48888500000001,110,50200.0,91.5
391170,Kawant,22.025295,74.03443,110,57900.0,91.5
391130,Bhatpur,22.142965,73.66719499999999,110,51000.0,91.5
798615,Impur,26.444555,94.568725,110,40300.0,91.5
758023,Hadagarh,21.26268,86.312395,110,40500.0,91.5
609304,Kilaiyur,11.13064,79.733925,110,55100.0,91.5
396350,Gadat,20.86851,73.00462,110,44500.0,91.5
396370,Kachholi,20.83637,72.97707,110,44400.0,91.5
562130,Tavarekere S.O (Bangalore),13.0010872,77.3361225,110,82100.0,100.0
301019,Bhiwari Ind. Area. Alwar,28.191535,76.85587,110,79100.0,91.5
396035,Valsad I.E.,20.627455,72.98158000000001,110,43500.0,91.5
695542,Aryanad,8.60256,77.090575,110,63100.0,91.5
695584,Pothencode,8.61346,76.895985,110,56400.0,91.5
300101,Nagla Samawadi,27.61297692241589,76.62414550781251,110,55100.0,1.2
572105,Maralur,13.32763,77.07912999999999,110,67800.0,100.0
572107,M C Campus Tumkur,13.375575,77.01298,110,62200.0,100.0
795005,Porompat,24.79983,94.00963,110,35800.0,91.5
792104,Hayuliang,27.89694,96.83682,110,41800.0,91.5
391530,Sandasal,22.654585,73.32932,110,49600.0,91.5
391774,Desar,22.738855,73.32968,110,49600.0,91.5
560072,Nagarbhavi,12.966385,77.512895,110,60100.0,100.0
560056,Bengaluru Vishwavidyalaya,12.950225,77.49921499999999,110,56800.0,100.0
734224,Tung,26.927010000000003,88.29399000000001,110,49900.0,91.5
572102,Someswarapuram,13.323685,77.11193499999999,110,68800.0,100.0
562131,Thippasandra,13.070875,77.12378000000001,110,77400.0,100.0
560110,Ullalu Upanagar,12.949985,77.47905,110,50100.0,100.0
560112,Kodigehalli,12.973115,77.45731,110,51900.0,100.0
177039,Sohari,31.67027,76.25910999999999,110,47600.0,91.5
202136,Gabhana,28.039445,77.992145,110,68200.0,7.3
201016,Crossing Republik,28.62053,77.434775,110,66800.0,7.3
421601,Shahapur,19.49926,73.41851500000001,110,48800.0,39.0
798601,Mokokchung,26.3261,94.47107,110,40900.0,91.5
534238,Polamuru,16.618524999999998,81.63404,110,43400.0,91.5
636108,Narasingapuram,11.62758,78.56997,110,49900.0,91.5
534210,Palakoderu,16.579555,81.57045500000001,110,43500.0,91.5
396045,Atgam,20.634255,73.03515999999999,110,43500.0,91.5
415701,Rampur,17.46998,73.389645,110,71900.0,39.0
212641,Dhata,25.534,81.20562000000001,110,43800.0,7.3
411058,Warje,18.48525,73.796675,110,53500.0,39.0
695028,Vattappara,8.5939,76.950445,110,59200.0,91.5
609114,Tiruvengadu,11.16871,79.811895,110,55300.0,91.5
454774,Pithampur III,22.58061,75.60318000000001,110,55600.0,45.7
415509,Mhaswad,17.615285,74.77156500000001,110,69600.0,39.0
229408,Kalakankar,25.82053,81.39398,110,45200.0,7.3
482002,Jabalpur City,23.232175,79.88038,110,40200.0,45.7
484770,Gohparu,23.557515,81.4224,110,41700.0,45.7
484334,Kotma,23.351355,81.968,110,42900.0,45.7
636354,Danishpet,11.89308,78.18275,110,51900.0,91.5
609108,Puthur,11.28933,79.695245,110,56300.0,91.5
695608,Kallara,8.74951,76.94867,110,54300.0,91.5
411045,N.I.A.,18.568150000000003,73.75637,110,51400.0,39.0
241201,Behander,27.000480000000003,80.38935000000001,110,45800.0,7.3
571101,Bannur,12.353455,76.85753,110,45800.0,100.0
415703,Guhagar,17.48514,73.25062,110,77700.0,39.0
522265,Repalle,16.0237,80.84516500000001,110,46100.0,91.5
522301,Anantavaram,16.243634999999998,80.761455,110,45900.0,91.5
522324,Kolluru,16.18173,80.81209,110,46100.0,91.5
695561,Pazhakutty,8.652249999999999,76.98958999999999,110,59200.0,91.5
482008,Vidyut Nagar,23.12287,79.92065,110,39900.0,45.7
482020,Bilhari,23.129415,79.966075,110,40200.0,45.7
695564,Karakulam,8.577375,76.99674,110,63000.0,91.5
636202,Mangalapuram,11.54267,78.35469499999999,110,49300.0,91.5
636119,Puthiragoundampalayam,11.631175,78.473405,110,47800.0,91.5
454552,Dhamnod,22.261425,75.434845,110,55600.0,45.7
783373,Sidli,26.57739,90.39188,110,39300.0,91.5
410200,Kundevahal,18.995494074161105,73.07545482808841,110,58000.0,100.0
695609,Pangode,8.763235,76.977975,110,54200.0,91.5
695610,Mithirmala,8.718630000000001,76.95338000000001,110,55400.0,91.5
524137,Kovur,14.52055,80.03062,110,48500.0,91.5
524002,Stonehousepet,14.43385,80.08213,110,50400.0,91.5
396430,Kharel,20.86001,73.07745,110,44400.0,91.5
500053,Falaknuma,17.338175,78.47209,110,46800.0,7.3
625540,Odaipatti,9.816635,77.441335,110,49200.0,91.5
625556,C.Pudupatti,9.764679999999998,77.30028,110,52600.0,91.5
572122,Honnudike,13.216565,77.12830500000001,110,73700.0,100.0
360430,Patanvav,21.631415,70.27532,110,41000.0,91.5
392240,Tankaria,21.871505,73.014445,110,43800.0,91.5
560058,Peenya Small Industries,13.020885,77.504925,110,68800.0,100.0
403206,Goa University,15.450525,73.83971,110,81800.0,39.0
403201,Bambolim Camp,15.468465,73.871775,110,82300.0,39.0
734216,Pokhriabong,26.95998,88.16567,110,50500.0,91.5
625513,Bodinayakanur,10.013405,77.339055,110,49300.0,91.5
173220,Parwanoo,30.816345,76.99035,110,49600.0,91.5
173221,Domehar,31.14043,76.90831,110,45000.0,91.5
625524,Pannaipuram,9.85773,77.287155,110,52200.0,91.5
625526,Royappanpatti,9.75999,77.345215,110,51100.0,91.5
625533,Uthamapalayam,9.808215,77.303695,110,52100.0,91.5
695302,Murukumpuzhaa,8.61087,76.835825,110,54800.0,91.5
534209,Mogallu,16.603135,81.57696,110,43400.0,91.5
393001,Ankleshwar,21.641905,73.05010999999999,110,45000.0,91.5
393017,Avidha,21.767685,73.17955,110,45400.0,91.5
392160,Karmad,21.709715,72.8528,110,43500.0,91.5
695303,Puthencurichy,8.617895,76.80530999999999,110,54200.0,91.5
174314,Chowki Maniar,31.60842,76.230705,110,47600.0,91.5
175052,Saigaloo,31.734485,76.889995,110,46000.0,91.5
175042,Rakhoh,31.6875,76.708485,110,49300.0,91.5
695318,Vennicode,8.708169999999999,76.754095,110,52700.0,91.5
625534,Veerapandi,9.938275,77.44901999999999,110,48300.0,91.5
625521,Kamayakoundanpatti,9.728295,77.329745,110,52400.0,91.5
625522,Kombai,9.8219,77.281115,110,52500.0,91.5
441109,Sillewara Project,21.29584,79.111955,110,60500.0,39.0
345027,Fatehgarh,26.397815,71.010205,110,44400.0,91.5
636102,Atur,11.588765,78.587275,110,49800.0,91.5
636109,Pethanaickenpalayam,11.648415,78.52508499999999,110,50100.0,91.5
281003,Gayatri Tapo Bhoomi,27.54467,77.658225,110,37100.0,7.3
572103,Kuvempunagara,13.333895,77.124195,110,68500.0,100.0
571130,Yelwal,12.376214999999998,76.54711,110,44500.0,100.0
232339,Karahiya,25.489745,83.75788,110,42000.0,91.5
524318,Vidavalur,14.63182,80.11677499999999,110,49200.0,91.5
524406,Chennur,14.163155,79.77862999999999,110,51700.0,91.5
524407,Sydapuram,14.193145,79.71755,110,50700.0,91.5
524408,Rapur,14.24981,79.561965,110,49700.0,91.5
625122,Therkutheru,9.987865,78.270835,110,43100.0,91.5
524405,Manubolu,14.241005,79.85470000000001,110,50600.0,91.5
441204,Umred Project,20.948765,79.17098999999999,110,57900.0,39.0
441105,Parseoni,21.47906,79.12425,110,61100.0,39.0
522613,Veldurthy,16.347034999999998,79.3246,110,56300.0,91.5
534186,Yandagandi,16.646875,81.53553,110,43500.0,91.5
534124,Penumantra,16.649565000000003,81.64955,110,43400.0,91.5
396195,Vapi I.E.,20.349915000000003,72.93146,110,43600.0,91.5
303904,Chittora Renwal,26.69801,75.66752,110,44500.0,91.5
524320,Venkatachalasatram,14.32084,79.865685,110,49200.0,91.5
524313,Mypadu,14.517725,80.135155,110,50200.0,91.5
524314,Indukurpeta,14.4953,80.081165,110,49600.0,91.5
486892,Gorbi,24.279735,82.60363000000001,110,44800.0,45.7
486884,Nigahi Project,24.1244,82.620255,110,44700.0,45.7
413503,Vashi,18.54259,75.788365,110,50900.0,39.0
175026,Tihra,31.75632,76.65948,110,49500.0,91.5
711310,Fortgloster,22.516605,88.1775,110,47000.0,91.5
711203,Bhattanagar,22.62581,88.319605,110,47200.0,91.5
416415,Willingdon College Sangli,16.844915,74.600775,110,72100.0,39.0
202143,Somna,28.068245,77.948615,110,68200.0,7.3
232104,Chandauli,25.2346,83.260395,110,44400.0,91.5
231309,Kubari Patehara,24.934255,82.555095,110,45700.0,91.5
233232,Goshandepur,25.439025,83.51012,110,43200.0,91.5
571110,Gargeshwari,12.26624,76.85632000000001,110,45900.0,100.0
571120,Old Sosale,12.279245,76.93286499999999,110,45600.0,100.0
173215,Kandaghat,30.9745,77.13284,110,47700.0,91.5
805125,Rajauli,24.63442,85.542905,110,40500.0,65.2
695013,Vattiyoorkavu,8.538295000000002,77.00497,110,62200.0,91.5
173229,Kumarhatti,30.82849,77.101665,110,48000.0,91.5
173209,Dharampur,30.900445,77.032015,110,48700.0,91.5
173211,Saproon,30.923605,77.06963,110,48300.0,91.5
173213,Chambaghat,30.938175,77.10441,110,48000.0,91.5
173214,Solan Brewery,30.93599,77.14406,110,47700.0,91.5
695316,Pallipuram,8.60443,76.8554,110,55300.0,91.5
173218,Diggal,31.070255,76.89806999999999,110,44300.0,91.5
413606,Omerga,17.85391,76.62841,110,40700.0,39.0
444605,H. V. Nagar,20.93013,77.7178,110,36800.0,39.0
531151,Araku Rs,18.284425,82.77202,110,43400.0,91.5
534134,Attili,16.69276,81.59441,110,43400.0,91.5
524101,Gudur,14.143855,79.83752999999999,110,52600.0,91.5
175008,Ner Chowk,31.614845,76.87509,110,45700.0,91.5
576232,Uppunda,13.840415,74.643055,110,45000.0,100.0
173202,Sanawar,30.899085,76.99371,110,49100.0,91.5
173206,Subathu,30.987815,77.01884,110,48000.0,91.5
172118,Katgaon,31.64722,77.93951,110,47900.0,91.5
172103,Nichar,31.55367,77.968815,110,48500.0,91.5
784176,Chariali,26.740085,93.20017,110,45600.0,91.5
110038,A F Rajokari,28.50681,77.11386,110,105700.0,53.0
335061,Ridmalsar,29.58861,73.75482,110,48200.0,91.5
636601,Yercaud,11.80635,78.23633,110,48400.0,91.5
477117,Malanpur,26.382845,78.33299,110,41700.0,45.7
822125,Ranka Raj,23.81088,83.80687499999999,110,40900.0,91.5
637017,Palapatti,11.118035,78.11081999999999,110,48900.0,91.5
642128,Venkatesa Mills,10.580535,77.290645,110,46100.0,91.5
758001,Keonjhargarh,21.5892323,85.6687841,110,40400.0,91.5
785601,Sarupathar,26.065,93.910655,110,42500.0,91.5
415628,Shiral,17.484180000000002,73.41486,110,72900.0,39.0
695103,Avanavancherry,8.69542,76.85729,110,54100.0,91.5
695104,Kizhuvalam,8.66837,76.829705,110,54100.0,91.5
454335,Nisarpur,22.160955,74.85538,110,59000.0,45.7
524003,Dargamitta,14.41469,79.98734999999999,110,49100.0,91.5
488446,Pawai,24.216455,80.216505,110,37800.0,45.7
625528,Sillamarathupatti,9.953585,77.30981,110,49400.0,91.5
506317,Peddavangara,17.607644999999998,79.558175,110,41100.0,7.3
506316,Zaffargadh,17.718989999999998,79.48769999999999,110,41000.0,7.3
506303,Waddicherla Nawabpet,17.633345,79.2799,110,55200.0,7.3
415607,Nandgaon,17.304115,73.60206,110,51500.0,39.0
734004,Siliguri Town,26.699725,88.443995,110,48900.0,91.5
695568,Panavoor,8.670179999999998,76.986815,110,58100.0,91.5
415724,Shringartali,17.47467,73.264625,110,76500.0,39.0
466113,Amlaha,23.14545,76.93207,110,45800.0,45.7
388590,Jharola,22.372615,72.8676,110,42700.0,91.5
466111,Bilkisganj,23.012205,77.230555,110,44000.0,45.7
488050,Kakarahti,24.621805,80.276375,110,38600.0,45.7
488222,Dharampur,25.010915,80.41329,110,40000.0,45.7
486890,Jayant Colliery,24.13657,82.65706,110,44700.0,45.7
201019,Vaishali,28.64445,77.3451,109,77000.0,7.3
345034,Khoohri,26.479925,70.51035,109,43900.0,91.5
625110,Tiruvadur,9.93241,78.31349,109,41700.0,91.5
625109,Vellalur,9.99976,78.41143500000001,109,40800.0,91.5
695038,PTP Nagar,8.512665,76.98687000000001,109,59500.0,91.5
695024,Thiruvananthapuram  Pettah,8.49306,76.92895999999999,109,56600.0,91.5
233002,Peernagar,25.557720000000003,83.56373500000001,109,42600.0,91.5
523187,Vetapalem,15.75612,80.32143500000001,109,43700.0,91.5
757042,Gorumahisani,22.34397,86.294595,109,40700.0,91.5
232102,Baburi,25.17382,83.20263,109,43900.0,91.5
506011,D H Suthoon,18.00215,79.57319000000001,109,39900.0,7.3
577412,Anandapuram,14.07229,75.166975,109,42300.0,100.0
392165,Pakhajan,21.7921,72.680655,109,42300.0,91.5
711301,Anantapur,22.29187,87.97904,109,45700.0,91.5
466114,Kotri,23.081965,76.8158,109,45600.0,45.7
580032,Hubli Vijayanagar,15.393385,75.13907,109,41600.0,100.0
523002,Lawyer Pet,15.48999,79.99257499999999,109,43000.0,91.5
523135,Chinaganjam,15.6878,80.25798,109,43500.0,91.5
524414,Gundavolu,14.281994999999998,79.44712,109,49300.0,91.5
132046,Salwan,29.51605,76.73242,109,57800.0,91.5
757033,Bisoi,22.12377,86.345435,109,41100.0,91.5
523155,Chirala,15.80431,80.318495,109,43700.0,91.5
784168,Gohpur,26.848955,93.62078,109,48600.0,91.5
614712,Talanayar Agraharam,10.6026203,79.7619348,109,36800.0,91.5
403107,Marcela,15.488115,73.99645,109,81200.0,39.0
534342,Chagallu,16.992870000000003,81.662375,109,44600.0,91.5
562162,Madanayakanahalli,13.06249,77.43906000000001,109,91800.0,100.0
413224,Shivshahi,17.569719999999997,75.93282500000001,109,39000.0,39.0
393110,Jhagadia,21.665755,73.20001500000001,109,45000.0,91.5
396020,Atul,20.547655,72.94283,109,42800.0,91.5
440030,Mankapur,21.194795,79.06981,109,57400.0,39.0
441102,Khaperkheda,21.26926,79.137045,109,59000.0,39.0
695005,Perurkada,8.534375,76.967885,109,59600.0,91.5
711316,Uluberia R.S,22.459235,88.07726500000001,109,45800.0,91.5
577524,Doddasiddavvanahalli,14.19049,76.47342,109,45400.0,100.0
173023,Sangrah,30.6991321,77.4465304,109,36800.0,91.5
524317,Gandavaram,14.591555,79.93868,109,46100.0,91.5
695017,Sreekaryam,8.544245,76.915195,109,57200.0,91.5
757104,Bahanada,21.74022,86.55348000000001,109,40500.0,91.5
388630,Kansari,22.33626,72.65165999999999,109,41000.0,91.5
488001,Panna,24.682235,80.20229499999999,109,38400.0,45.7
695029,Anayara,8.510065,76.9134,109,56600.0,91.5
396007,Valsad Sugar Factory,20.58528,72.96547,109,43000.0,91.5
803115,Pawapuri,25.10394,85.54632000000001,109,40500.0,65.2
412107,Panshet,18.34156,73.56205,109,51600.0,39.0
177211,Thathal,31.61531,76.15731500000001,109,46400.0,91.5
695036,Thiruvananthapuram  Chalai,8.484935,76.955405,109,57100.0,91.5
534245,Viravasaram,16.532255,81.631225,109,43400.0,91.5
175001,Mandi,31.73567,76.941475,109,44900.0,91.5
571236,Somwarpet,12.61169,75.79546500000001,109,43300.0,100.0
695301,Kaniyapuram,8.58623,76.83856,109,55000.0,91.5
523305,Donakonda R.S.,15.8416,79.43644,109,42500.0,91.5
500038,Sanjeev Reddy Nagar,17.44374,78.437625,109,43200.0,7.3
524316,Kodavaluru,14.57799,80.029165,109,48000.0,91.5
831016,Rahargora,22.751555,86.24058500000001,109,39600.0,91.5
534196,Ch.Agraharam,16.749045000000002,81.52813499999999,109,43600.0,91.5
413526,Pargaon,18.621945,75.74351,109,52800.0,39.0
803119,Rahui,25.277275,85.561185,109,40700.0,65.2
396002,Valsad Abrama,20.5926,72.95017999999999,109,43200.0,91.5
303326,Sikandra,26.951735,76.578925,109,43200.0,91.5
506004,R E College,17.98675,79.52884,109,39200.0,7.3
506009,Vidyaranyapuri,18.02812,79.555365,109,39600.0,7.3
416402,Daphalapur,17.001325,75.079845,109,69600.0,39.0
127307,Achina,28.643645,76.38635,109,49800.0,11.0
392035,Sarbhan,21.980325,72.93695,109,43200.0,91.5
230201,Bhadri,25.664085,81.594915,109,44200.0,91.5
803107,Asthawan,25.2372,85.63918000000001,109,40700.0,65.2
524319,Kammapalem,14.60958,79.96837500000001,109,46700.0,91.5
126152,Dhanoda Kalan,29.514495,76.028395,109,55100.0,11.0
466116,Ashta,22.95396,76.757695,109,46000.0,45.7
784164,Dikrong,26.93956,93.879505,109,47500.0,91.5
396145,Pardi Paria,20.432145,73.00783999999999,109,43000.0,91.5
466445,Budhni T.N.,22.747860000000003,77.65671499999999,109,42000.0,45.7
202132,Chandaus,28.098775,77.85698,109,68400.0,7.3
388640,Undel,22.32513,72.710575,109,41100.0,91.5
388545,Kavitha,22.442045,72.88179500000001,109,42200.0,91.5
788013,Sonabarighat,24.766095,92.83748,109,39500.0,91.5
396180,Udvada,20.48663,72.877395,109,42600.0,91.5
454010,Mandu,22.40555,75.40602,109,55600.0,45.7
466554,Shahganj,22.88912,77.850905,109,42000.0,45.7
711201,Bally,22.649105,88.34916,109,46200.0,91.5
695004,Pattom Palace,8.52011,76.93992,109,57800.0,91.5
695032,Aramada,8.48404,76.995575,109,58100.0,91.5
392110,Amod,21.979685,72.818975,109,42800.0,91.5
534244,Vissakoderu,16.548344999999998,81.570405,109,43500.0,91.5
801301,Ekangersarai,25.225045,85.25339,109,40800.0,65.2
523214,J.Pangulur,15.808435,80.121565,109,43700.0,91.5
523301,Marturu,16.018975,80.11949,109,44500.0,91.5
670593,Irukkur,11.9863343,75.5479704,109,43100.0,91.5
388570,Ras,22.345745,72.819255,109,41900.0,91.5
757036,Tato,21.77065,86.096465,109,40500.0,91.5
466446,Rehti,22.82351,77.59304499999999,109,42200.0,45.7
804401,Arwal,25.263945,84.70693,109,40700.0,65.2
313031,Nai,24.5024,73.607065,109,44400.0,91.5
577429,Sorab,14.413495,75.036655,109,44100.0,100.0
506356,Chityal,18.380765,79.652845,109,39500.0,7.3
695583,Kulathur,8.537535,76.889905,109,56200.0,91.5
484336,Kotma Colliery,23.14033,81.968955,109,41700.0,45.7
855115,Sontha,26.138525,87.77876499999999,109,40500.0,65.2
805101,Dhamul,24.97386,85.82244499999999,109,40600.0,65.2
695588,Powdikonam,8.571595,76.93214,109,58200.0,91.5
638182,Velur,11.11218,78.03941,109,48800.0,91.5
571248,Chettalli,12.37953,75.805255,109,41700.0,100.0
212600,"Fatehpur, Uttar Pradesh · 212600",25.8348023,80.9154547,109,42300.0,7.3
440037,BESA Road,21.06265,79.09777,109,56000.0,39.0
486675,Bahri,24.41731,82.14758,109,44100.0,45.7
212659,Kora Jahanabad,26.084365,80.374705,109,42200.0,7.3
530049,Sez,17.710425,83.15348499999999,109,45300.0,91.5
625108,Thumbaipatti,10.10073,78.37797499999999,109,41500.0,91.5
441203,Umred,20.777395,79.31198,109,59200.0,39.0
571212,Cheyandane,12.188235,75.65365,109,42000.0,100.0
530026,Gajuwaka,17.68304,83.20697,109,45500.0,91.5
636104,Belur,11.7764,78.39785,109,47800.0,91.5
571252,Murnad,12.321595,75.763875,109,41400.0,100.0
506167,Jangaon,17.716775,79.158045,109,53200.0,7.3
175019,Sunder Nagar Town Ship,31.556605,76.915145,109,44300.0,91.5
175007,Gopalpur,31.6495,76.738895,109,48200.0,91.5
410221,Somatne,18.97513000046636,73.13804626464845,109,58400.0,4.9
431601,Nanded Vazirabad,19.1383,77.321,109,30900.0,16.5
110091,Mayur Vihar Phase 1,28.6085,77.296,109,63300.0,78.7
580021,Hubli Vidyanagar,15.355664999999998,75.12133,109,41600.0,100.0
695025,Muttada,8.531555,76.94802,109,58500.0,91.5
523279,Uppalapadu,15.3718,79.95326,109,42500.0,91.5
695551,Vithura,8.677115,77.154635,109,55600.0,91.5
517591,Nindra,13.33359,79.67018999999999,109,44700.0,91.5
695030,Kanjirampara,8.519124999999999,76.977745,109,59500.0,91.5
695043,Kudappanakunnu,8.558915,76.96049,109,59800.0,91.5
814119,Kurwa,24.20366,87.30723,109,43000.0,65.2
695015,Nalanchira,8.553844999999999,76.93877,109,58400.0,91.5
325201,Digod,25.25818,76.035685,109,44800.0,91.5
D841188,"Korba, Chhattisgarh",22.5198217,82.6350029,109,41000.0,91.5
523263,Tellapadu,15.674705,79.95727500000001,109,43200.0,91.5
695575,Poovachal,8.54331,77.09711999999999,109,61500.0,91.5
695585,Sainik School,8.585975000000001,76.87221500000001,109,55900.0,91.5
415401,Aitawade BK,16.94587,74.20150000000001,109,66900.0,39.0
534197,Pippara,16.70008,81.53012,109,43500.0,91.5
831001,Jamshedpur,22.79988,86.19447500000001,109,39600.0,91.5
523186,Uppugundur,15.67381,80.19966,109,43400.0,91.5
523261,Muppavaram,15.84798,80.07567,109,43700.0,91.5
805106,Kawakol,24.836195,85.914035,109,40600.0,65.2
805105,Katrisarai,25.089415,85.61661000000001,109,40500.0,65.2
524142,Bitragunta,14.79787,79.97393,109,47300.0,91.5
523264,Tallur,15.731415,79.826735,109,43400.0,91.5
695581,Karyavattom,8.566189999999999,76.89187,109,56500.0,91.5
523180,Ammanabrolu,15.602395,80.16584499999999,109,43300.0,91.5
695033,Vikas Bhavan,8.50596,76.95452,109,57900.0,91.5
232336,Dharhni,25.52424,83.60066499999999,109,42500.0,91.5
454775,Pithampur,22.61882,75.68381500000001,109,56200.0,45.7
388180,Tarapur,22.47561,72.51492999999999,109,41600.0,91.5
232326,Dildarnagar,25.423545,83.65183999999999,109,41600.0,91.5
689667,Seethathode,9.304755,76.998965,109,58500.0,91.5
571601,Hampapura,12.56256,76.369395,109,42000.0,100.0
757037,Karanjia,21.73414,86.03440499999999,109,40400.0,91.5
695006,Tirumala,8.501175,76.98649,109,58800.0,91.5
523302,Santhamagulur,16.110480000000003,79.96194,109,44600.0,91.5
571214,Napoklu,12.30794,75.64147,109,41000.0,100.0
486886,Waidhan,24.03509,82.48151,109,44500.0,45.7
609305,Mannampandal,11.10027,79.69139000000001,109,54700.0,91.5
500042,Hal,17.469769999999997,78.45544000000001,109,43100.0,7.3
571251,Madapura,12.559755,75.76281,109,42900.0,100.0
621804,Udayarpalayam S.O (Ariyalur),11.1530559,79.2585797,109,37400.0,91.5
441401,Kanhan Pipri,21.44131,79.35263499999999,109,59500.0,39.0
232103,Chakia,25.032805000000003,83.21242,109,44200.0,91.5
203397,Chhatary,28.10612,78.1562,109,59900.0,7.3
523213,Ravinuthala,15.72894,80.11833,109,43500.0,91.5
441404,Kamthi Colliery,21.269515,79.21669499999999,109,58400.0,39.0
524315,Allur,14.710405,80.0575,109,48100.0,91.5
524366,Northrajupalem,14.547685,79.96837,109,47000.0,91.5
758020,Salapada,21.172025,86.155155,109,39500.0,91.5
232340,Deoria,25.49536,83.562205,109,42400.0,91.5
177210,Nehri Nauranga,31.68558,76.21901,109,46700.0,91.5
834010,Namkum,23.3007039,85.3738838,109,35800.0,91.5
488051,Barrach,24.4498931,80.1462723,109,36100.0,91.5
303327,Baswa,27.12872,76.58253,109,46500.0,91.5
396530,Degam,20.819545,73.09268499999999,109,44200.0,91.5
523212,M.M.T. Road,15.73468,80.01824500000001,109,43400.0,91.5
523157,Perala,15.836005,80.376835,109,44200.0,91.5
758043,Sainkul,21.117345,86.131245,109,39500.0,91.5
711312,Mugkalyan,22.38972,87.9929,109,45500.0,91.5
609106,Mangamadam,11.200795,79.81074,109,54400.0,91.5
177208,Panjawar,31.56211,76.136765,109,46000.0,91.5
D503810,"Sidhi, Madhya Pradesh · D503810",24.2112687,81.7000415,109,42400.0,91.5
506001,Hanamkonda,17.993000000000002,79.561455,109,39700.0,7.3
523304,Kurichedu,15.84003,79.58599000000001,109,43700.0,91.5
630556,Nattarasankottai,9.8671821,78.550483,109,36800.0,91.5
572168,Hirehalli,13.27754,77.19487,109,70900.0,100.0
506366,Mogullapalli,18.30739,79.63029499999999,109,39600.0,7.3
523303,Kommalapadu,16.009014999999998,79.942825,109,44500.0,91.5
484110,Burhar,23.186275,81.465375,109,41200.0,45.7
734008,Salugarah,26.872655,88.442005,109,50500.0,91.5
695021,Karikkakom,8.50815,76.89251,109,55900.0,91.5
828302,Bhowra,23.680795,86.38182499999999,109,41000.0,91.5
175002,Bhojpur,31.56098,76.87848,109,45500.0,91.5
393135,Valia,21.547525,73.19987,109,44000.0,91.5
523190,Idupulapadu,15.893265,80.17070000000001,109,44400.0,91.5
831006,Jugsalai,22.773375,86.182075,109,39600.0,91.5
577532,Maradihalli,14.157885,76.53676999999999,109,45700.0,100.0
531149,Araku Colony,18.282805000000003,82.960555,109,43100.0,91.5
531163,Bheemunipatnam,17.865385,83.39954,109,45300.0,91.5
531077,Hukumpeta,18.124005,82.702035,109,43400.0,91.5
580029,Hubli Traffic Island,15.35537,75.13696,109,41500.0,100.0
175024,Sarkaghat,31.689605,76.75939500000001,109,47400.0,91.5
695012,Poojapura,8.489435,76.97679500000001,109,57900.0,91.5
523252,Pothakamur,15.74747,79.77765,109,43500.0,91.5
784174,Pabhoi,26.860915,93.099755,109,48300.0,91.5
711308,Chengail,22.489745,88.134785,109,46400.0,91.5
580031,Hubli Eng College,15.374295,75.114215,109,41600.0,100.0
523185,Santharavur,15.822275,80.22431499999999,109,43600.0,91.5
523273,Peridepi,15.420995,79.91859,109,42600.0,91.5
396380,Devsar,20.78676,72.986725,109,44100.0,91.5
695016,Thiruvananthapuram  Engg College,8.543625,76.90487999999999,109,56800.0,91.5
695022,Thiruvananthapuram  ISRO,8.52768,76.87584,109,55700.0,91.5
523171,A.B.V.Palem,16.021715,80.24826,109,44600.0,91.5
523170,Swarna,15.878125,80.27659,109,44500.0,91.5
534302,Samisragudem,16.93593,81.714415,109,44400.0,91.5
531219,R P Agraharam,17.984445,83.31959,109,44500.0,91.5
638181,Pothanur,11.11142,77.994635,109,48500.0,91.5
581105,Garag,15.5865,74.912575,109,54700.0,100.0
125120,Tohana Mandi,29.65105,75.86973,109,48800.0,11.0
781310,Jagra,26.358735,91.374175,109,40800.0,91.5
534243,Srungavruksham,16.535195,81.59932,109,43500.0,91.5
534247,Rayakuduru,16.573765,81.64202,109,43400.0,91.5
523182,Karavadi,15.53935,80.13908,109,43200.0,91.5
523226,Chimakurty,15.573645,79.86308500000001,109,43200.0,91.5
534199,Undi,16.605905,81.470225,109,43700.0,91.5
524005,Polytechnic,14.48007,79.992665,109,48200.0,91.5
173222,Mamlig,31.03759,77.036925,109,47100.0,91.5
801306,Telhara,25.23255,85.189945,109,40700.0,65.2
173208,Arki,31.13794,76.996395,109,45900.0,91.5
523169,Parchur,15.97076,80.26549,109,44600.0,91.5
202124,Iglas,27.74236,77.94058000000001,109,48800.0,7.3
523286,Kothapatnam,15.46734,80.13773499999999,109,43200.0,91.5
415406,Nerla,17.090135,74.20342,109,67000.0,39.0
757048,Bijatala,22.23715,86.344275,109,40900.0,91.5
784178,Kalabari,26.91489,93.70483,109,49100.0,91.5
695587,Chempazhanthy,8.575225,76.91038,109,57200.0,91.5
695586,St.Xavier's College,8.56082,76.85050000000001,109,55300.0,91.5
534204,S.R.K.R .Engg.college,16.54079,81.488275,109,43700.0,91.5
609109,Sattanathapuram,11.186255,79.759705,109,54100.0,91.5
173207,Kunihar,31.058345000000003,76.996095,109,46500.0,91.5
695014,Thycaud,8.495864999999998,76.962215,109,57700.0,91.5
127042,Sanwar,28.699145,76.324025,109,53100.0,11.0
175027,Baggi,31.56009,76.95400000000001,109,43800.0,91.5
523001,Ongole,15.500525,80.060885,109,43100.0,91.5
534166,Pentapadu,16.768459999999997,81.53342,109,43600.0,91.5
523265,Mundlamur,15.849015,79.819665,109,43700.0,91.5
506015,K C Colony,18.041785,79.55516,109,39600.0,7.3
477335,Raun,26.338225,78.90871,109,42400.0,45.7
523168,Karamchedu,15.90702,80.35203000000001,109,44200.0,91.5
571237,Suntikoppa,12.44327,75.83512999999999,109,42300.0,100.0
D556250,"Chirang, Assam",26.6464231,90.624157,109,41200.0,91.5
523280,Ethamukkala,15.37639,80.102,109,42600.0,91.5
212651,Husainganj,25.992085,80.95242999999999,109,43900.0,7.3
212650,Chheolaha,25.939315,81.05661,109,44100.0,7.3
282006,Yamuna Bridge,27.18789,78.091105,109,40800.0,7.3
396409,Alipore,20.79204,73.07987,109,44200.0,91.5
413109,Natepute,17.92628,74.76718,109,97600.0,39.0
805108,Lalbigha,25.081735,85.66495,109,40500.0,65.2
523181,Kadavakuduru,15.73625,80.225505,109,43500.0,91.5
212654,Jamraon,26.02082,81.005385,109,44600.0,7.3
695007,Thiruvananthapuram  Beach,8.491055,76.90906000000001,109,56000.0,91.5
831002,Tatanagar,22.73202,86.15015,109,39700.0,91.5
360421,Moti Marad,21.66116,70.34779,109,40700.0,91.5
676121,Manjeri-kla,11.1068448,76.1099551,109,43600.0,91.5
524152,Damavaram,14.7396,80.00995499999999,109,47500.0,91.5
506201,Pembarthy,17.663835,79.157685,109,54700.0,7.3
396433,Khadsupa Boarding,20.903595,73.02588,109,43700.0,91.5
695035,Vanchiyur,8.499780000000001,76.939645,109,57100.0,91.5
609118,Solasakkaranallur,11.137935,79.695075,109,53800.0,91.5
442306,Nachangaon,20.63095,78.29818,109,38000.0,39.0
636138,Karumanthurai,11.74811,78.62296,109,49300.0,91.5
212601,Fatehpur,25.938455,80.791095,109,43400.0,7.3
523272,Vallur,15.42496,80.002985,109,42600.0,91.5
625105,Melavlavu,10.11765,78.31485,109,42400.0,91.5
531075,Lakkavaram,17.87722,82.97894500000001,109,44200.0,91.5
391135,Bodeli,22.254055,73.810255,109,51300.0,91.5
757092,Kusumbandi,22.072625,86.48222,109,41100.0,91.5
695023,Thiruvananthapuram  Fort,8.484169999999999,76.943705,109,56700.0,91.5
362215,Lushala,21.37928,70.35076000000001,109,40500.0,91.5
798618,Tuli,26.604915,94.693425,109,38600.0,91.5
466448,Baktara,22.880325,77.974795,109,42100.0,45.7
412115,Pirangut,18.509345,73.62629000000001,109,51200.0,39.0
534202,Sivaraopeta,16.552549999999997,81.533795,109,43600.0,91.5
695573,Peyad,8.517895,77.031705,109,61600.0,91.5
625102,Kilavalavu,10.081365,78.41898499999999,109,41000.0,91.5
636351,Kadayampatti,11.894385,78.084165,109,52000.0,91.5
695582,Kazhakuttam,8.563289999999999,76.8652,109,55700.0,91.5
500064,Bahadurpura,17.353355,78.445905,109,45800.0,7.3
508284,Pochampalli,17.355365,78.807135,109,58500.0,7.3
642113,Madathukulam,10.55239,77.36568,109,45900.0,91.5
500026,Nehrunagar,17.45101,78.514555,109,45000.0,7.3
577428,Shiralakoppa,14.37985,75.278205,109,44800.0,100.0
203129,Karora,28.197815,77.98223,109,58900.0,7.3
174102,Ramshahar,31.124375,76.78834499999999,109,44400.0,91.5
388440,Mahelav,22.58077,72.831335,109,42700.0,91.5
534240,Konithiwada,16.59808,81.66409999999999,109,43400.0,91.5
486881,Jiawan,24.20976,82.28761,109,44700.0,45.7
711227,Ghoshpara,22.64252,88.326075,109,45900.0,91.5
523240,Podili,15.63027,79.60469,109,42400.0,91.5
531035,Subbavaram,17.77279,83.09421,109,45000.0,91.5
530052,Anandapuram,17.91207,83.348525,109,45300.0,91.5
243201,Baheri,28.7828,79.530585,109,46700.0,7.3
637015,Mohanur,11.068075,78.149955,109,47800.0,91.5
523183,N.G.Padu,15.66018,80.09221,109,43300.0,91.5
457441,Bilpank,23.185695,75.13679,109,52900.0,45.7
788104,Jirighat,24.830975,93.11727,109,38600.0,91.5
523260,Valaparla,15.91961,80.032795,109,44300.0,91.5
523201,Addanki,15.857105,79.95022,109,43700.0,91.5
531030,Devarapalli,18.028695,82.92752999999999,109,43600.0,91.5
695011,Thiruvananthapuram  Medical College,8.524875000000002,76.919865,109,57100.0,91.5
798613,Chantongia,26.532855,94.69952,109,38800.0,91.5
695010,Sasthamangalam,8.5125,76.96813,109,58700.0,91.5
464672,Bamhori,23.07951,78.285585,109,40000.0,45.7
803116,Rajgir,25.030895,85.371605,109,40500.0,65.2
464884,Gairatganj,23.419845,78.267135,109,39400.0,45.7
203396,Pahasu,28.165005,78.06173000000001,109,59300.0,7.3
805129,Tungi,24.813445,85.30837,109,40300.0,65.2
711314,Shyampur,22.2732,88.029485,109,46000.0,91.5
415315,Dighanchi,17.538365,74.92195000000001,109,67300.0,39.0
531022,A Koduru,17.92576,83.040775,109,44300.0,91.5
523166,Ipurupalem,15.83594,80.433035,109,44300.0,91.5
523253,Uppalapadu,15.55822,79.73697,109,43300.0,91.5
246722,Afzalgarh,29.41196,78.77211,109,45500.0,7.3
604410,Vembakkam,12.777085,79.61054999999999,109,53700.0,91.5
486670,Sihawal,24.551105,82.149055,109,44100.0,45.7
636602,Ondikadai,11.81414,78.223265,109,48100.0,91.5
534165,West Vipparru,16.74724,81.476485,109,43700.0,91.5
524004,Andhrakesari Nagar,14.4469,79.89829,109,46700.0,91.5
524001,Nellore,14.45988,79.97443,109,48100.0,91.5
828134,Chandan Kiyari,23.5225,86.32889,109,40500.0,91.5
805124,Pakaribarwan,24.93875,85.76281499999999,109,40400.0,65.2
311302,Badnore,25.873800000000003,74.34182,109,43600.0,91.5
855102,Barsoi,25.56044,87.97978,109,43300.0,65.2
625106,Melur,10.008385,78.317635,109,42200.0,91.5
636141,Pudupet,11.55316,78.57760999999999,109,46400.0,91.5
480331,Saori Bazaar,21.965805,78.699785,109,49100.0,45.7
795114,Pangei Yangdong,24.92561,94.00136,109,36500.0,91.5
392210,Nabipur,21.819285,73.062945,109,43400.0,91.5
311401,Banera,25.48652,74.699405,109,40400.0,91.5
695001,Thiruvananthapuram G.P.O.,8.49348,76.94866999999999,109,57200.0,91.5
695003,Kaudiar,8.522755,76.95931999999999,109,58700.0,91.5
534225,Relangi,16.70624,81.63671500000001,109,43400.0,91.5
444904,Chandur Railway,20.818655,77.93507,109,37100.0,39.0
388140,Bochasan RS,22.39978,72.85144500000001,109,41400.0,91.5
534201,Bhimavaram,16.539659999999998,81.544355,109,43600.0,91.5
303507,Sainthal,27.05587,76.287075,109,49700.0,91.5
788009,Rongpur,24.83353,92.86057,109,39900.0,91.5
391140,Kosindra,22.15078,73.80143,109,50900.0,91.5
207401,Marehara,27.738390000000003,78.541955,109,54400.0,7.3
244921,Bilaspur,28.87037,79.20873,109,45800.0,7.3
831007,Burma Mines,22.784275,86.20474,109,39600.0,91.5
832107,Sundarnagar,22.69296,86.20100500000001,109,39700.0,91.5
464671,Khargone,23.112805,78.37776,109,39700.0,45.7
788101,Banskandi,24.805300000000003,92.897265,109,39600.0,91.5
523225,Santhanuthalapadu,15.52611,79.937725,109,43000.0,91.5
523167,Inkollu,15.817415,80.16865,109,43600.0,91.5
457119,Kharwa kalan,23.6121,75.42937,109,49900.0,45.7
535145,S Kota,18.16697,83.01463000000001,109,43300.0,91.5
805127,Sirdala,24.629385,85.38319000000001,109,40200.0,65.2
795008,Singjamei,24.77522,93.93603,109,37300.0,91.5
262802,Gola Gokaran Nath,28.12698,80.49557,109,45500.0,7.3
798614,Chuchuyimlang,26.43009,94.659485,109,39600.0,91.5
523165,Jandrapet,15.807265,80.33559,109,43800.0,91.5
523247,Darsi,15.754650000000002,79.68316999999999,109,43600.0,91.5
781304,Belsor,26.379565,91.354515,109,40100.0,91.5
711307,Chackasi,22.495915,88.137065,109,46300.0,91.5
488441,Amangang,24.42979,79.97003,109,37300.0,45.7
606001,Vriddhachalam,11.5202071,79.3396356,109,61700.0,91.5
311204,Shambhugarh,25.80391,74.46008499999999,109,43500.0,91.5
285121,Bangra,26.20446,79.11555,109,45100.0,7.3
413520,Ausa,18.201095,76.44557,109,40100.0,39.0
523211,Maddipadu,15.61906,80.01525000000001,109,43000.0,91.5
416417,Kavathe Piran,16.876669999999997,74.48235,109,68800.0,39.0
531040,Pedabayalu,18.31924,82.48470499999999,109,43000.0,91.5
283201,Barhan,27.34566,78.20561000000001,109,39600.0,7.3
531029,G Madugula,18.054825,82.51088,109,43100.0,91.5
531034,K Kotapadu,17.85342,83.04095,109,44500.0,91.5
695034,Thiruvananthapuram  University,8.50296,76.95067,109,57600.0,91.5
247774,Kairana,29.413015,77.197115,109,43800.0,7.3
788119,Sonaimukh,24.75864,92.8816648,109,38200.0,91.5
523184,Pandillapalli,15.746455,80.261735,109,43600.0,91.5
580011,Dharwad High Court,15.528325,74.88918000000001,109,54300.0,100.0
480112,Mohkhed,21.892585,78.776265,108,50600.0,45.7
691530,Mannady,9.09507,76.73251,108,53100.0,91.5
534145,Madhavaram,16.881045,81.571355,108,43800.0,91.5
686583,Kidangoor South,9.665565,76.60687999999999,108,59800.0,91.5
686584,Cherpunkal,9.68173,76.63848999999999,108,59800.0,91.5
321609,Mahwa Road,27.16136,76.866055,108,45900.0,91.5
523104,Woollapalem,15.221195,80.04565500000001,108,42300.0,91.5
534401,Pulla,16.805725000000002,81.31285,108,44000.0,91.5
524240,Dagadarthi,14.70916,79.879515,108,45500.0,91.5
686547,Chunkapara,9.45508,76.745285,108,56800.0,91.5
523109,Ponnalore,15.25295,79.74616,108,42000.0,91.5
440005,Nagpur Airport,21.093005,79.042175,108,56600.0,39.0
523370,Ravipadu,15.56673,79.17443,108,42000.0,91.5
534239,Dirusumarru,16.43287,81.48265,108,43900.0,91.5
175046,Pangna,31.40759,77.107035,108,45300.0,91.5
686540,Karukachal,9.509025,76.64032,108,59500.0,91.5
401605,Vikramgad,19.807855,73.08292499999999,108,53200.0,39.0
689621,Niranam,9.344895,76.50424000000001,108,56200.0,91.5
695512,Kuvalassery,8.475095,77.07826,108,56900.0,91.5
523227,Hanumanthunipadu,15.46567,79.392185,108,42000.0,91.5
331411,Bhanipura,28.69234,74.301755,108,41600.0,91.5
244928,Kemri,28.810855,79.18707,108,44900.0,7.3
416404,Jath,17.054455,75.21592,108,64800.0,39.0
322242,Masalpur,26.619995000000003,77.239025,108,36400.0,91.5
691526,Enathu,9.10703,76.762025,108,53000.0,91.5
691552,Kadambanad,9.102475,76.69075000000001,108,53700.0,91.5
534215,Venkatrayapuram,16.73636,81.67459500000001,108,43400.0,91.5
524222,Duthalur,14.8622,79.422895,108,46700.0,91.5
691554,Parakode,9.139465,76.740405,108,54000.0,91.5
686575,Palai,9.71393,76.686525,108,59800.0,91.5
686581,Poonjar,9.64832,76.81179499999999,108,59600.0,91.5
244601,Thakurdwara,29.13092,78.87586999999999,108,45500.0,7.3
695571,Malayinkil,8.487884999999999,77.03834499999999,108,58800.0,91.5
524228,Vinjamur,14.84032,79.53285500000001,108,46200.0,91.5
689643,Elanthur,9.291605,76.736275,108,55500.0,91.5
534217,Iragavaram,16.69442,81.702405,108,43300.0,91.5
523105,Kandukur,15.18194,79.943595,108,42100.0,91.5
695572,Kattakada,8.51025,77.11472,108,57600.0,91.5
689581,Kunnamthanam,9.43837,76.61022,108,56800.0,91.5
689582,Kaviyoor,9.4068,76.608835,108,56600.0,91.5
523315,Gajjalakonda,15.756785,79.34833,108,42400.0,91.5
788001,Silchar,24.824865000000003,92.805575,108,40000.0,91.5
609111,Sirkali Thenpathi,11.244905,79.74032,108,52600.0,91.5
686555,Devagiri,9.53245,76.680185,108,59600.0,91.5
686538,Vakathanam,9.504915,76.575175,108,59300.0,91.5
855107,Kishanganj,26.105105,87.93864500000001,108,40300.0,65.2
577519,Bharamasagara,14.38756,76.20233,108,46100.0,100.0
686542,Nedumkunnam,9.511835,76.66086,108,59600.0,91.5
523334,Besthavari  Peta,15.486245,79.0805,108,40800.0,91.5
577433,Togarsi,14.458155,75.19784,108,43600.0,100.0
534146,Prattipadu,16.825355000000002,81.607025,108,43700.0,91.5
321615,Pathena,27.124955,77.01410000000001,108,45100.0,91.5
581354,Shirali,14.048495,74.54743500000001,108,43400.0,100.0
788015,Meherpur,24.78952,92.788775,108,40000.0,91.5
524305,Buchireddypalem,14.54856,79.881305,108,44700.0,91.5
524306,Duvvur,14.58468,79.819525,108,42600.0,91.5
530040,Govt Dairy Farm,17.76664,83.305015,108,46700.0,91.5
695019,Industrial Estate,8.47261,76.997635,108,57400.0,91.5
695020,Nemom,8.4479,77.002685,108,56000.0,91.5
609110,Sirkali,11.22766,79.72942,108,52800.0,91.5
686545,Nedungadappally,9.474415,76.62879000000001,108,56900.0,91.5
686546,Madappally,9.46086,76.59409500000001,108,56800.0,91.5
523316,Markapur,15.739785,79.27745,108,42300.0,91.5
523271,Kamepalli,15.34885,79.81386499999999,108,42300.0,91.5
689642,Naranganam,9.31682,76.743905,108,55800.0,91.5
695008,Vallakkadavoo,8.46701,76.92775,108,55800.0,91.5
415637,Ambed Budruk,17.10994,73.465235,108,47700.0,39.0
689645,Pathanamthitta,9.26313,76.78315,108,55300.0,91.5
686572,Kidangoor,9.688375,76.60526,108,59800.0,91.5
523230,Kanigiri,15.31743,79.47138000000001,108,41800.0,91.5
523246,Gotlagattu,15.569125,79.381955,108,42100.0,91.5
686577,Poovarani,9.65425,76.722635,108,59700.0,91.5
396463,Sisodra,20.920235,72.989345,108,43100.0,91.5
680585,Varavur,10.70767,76.21135,108,52000.0,91.5
530043,Visalakshinagar,17.75143,83.34334,108,46200.0,91.5
173204,Kasauli,30.88272,76.972205,108,49000.0,91.5
523254,Sankhavaram,15.38603,79.56802,108,42000.0,91.5
441106,Ramtek,21.334205,79.42654,108,58700.0,39.0
370425,Patri,23.00444,69.7027,108,41100.0,91.5
686571,Kadaplamattom,9.711675,76.62098499999999,108,59900.0,91.5
757101,Radho,21.562445,86.616465,108,40300.0,91.5
757102,Puruna Baripada,21.640755,86.70247,108,40600.0,91.5
803118,Sohsarai,25.25878,85.50888,108,40300.0,65.2
803121,Ordnance Factory Rajgir,25.026145,85.451345,108,40400.0,65.2
828109,Govindpur S.O (Dhanbad),23.8451969,86.4636588,108,41200.0,91.5
523117,Pedacherlopalli,15.245825,79.53846,108,41700.0,91.5
524345,Podalakur,14.40044,79.69594000000001,108,45300.0,91.5
523223,Mogallur,15.33524,79.33821,108,41700.0,91.5
474011,R.K Puri Gwalior,26.20842,78.205095,108,39000.0,45.7
523241,Konakanamitla,15.672295,79.458065,108,42300.0,91.5
689543,Puramattom,9.400475,76.65332000000001,108,56500.0,91.5
689542,Eraviperoor,9.372215,76.63808,108,56300.0,91.5
523108,Pamur,15.156655,79.368045,108,41400.0,91.5
691551,Manakala,9.133255,76.71395,108,54000.0,91.5
125201,Kalanwali,29.80879,75.056115,108,37400.0,11.0
695009,Manacaud,8.466685,76.9499,108,56200.0,91.5
686578,Bharananganam,9.697645,76.729255,108,59700.0,91.5
515863,Gummaghatta,14.54258,76.86171999999999,108,43800.0,91.5
534218,Mandapaka,16.76957,81.65516,108,43500.0,91.5
689711,Ranny Perinad,9.380505,76.86905,108,56700.0,91.5
577538,Parasurampura,14.235915,76.857425,108,43000.0,100.0
500018,Sanathnagar I E,17.46104,78.43383,108,41800.0,7.3
530018,Marripalem,17.744145,83.25139,108,46300.0,91.5
689541,Vallamkulam,9.375435,76.61462,108,56300.0,91.5
686573,Puliyannoor,9.68041,76.66898499999999,108,59800.0,91.5
577537,Obalapura,14.417655,76.822025,108,43200.0,100.0
488442,Simariya,24.198895,79.976005,108,37400.0,45.7
686582,Poonjar Thekkekara,9.64424,76.84874500000001,108,59500.0,91.5
798616,Longkhim,26.2342107,94.741553,108,41300.0,91.5
711205,Samabaypalli,22.64931,88.32089500000001,108,44900.0,91.5
524234,Gumparlapadu,14.75811,79.71516,108,44800.0,91.5
444708,Nandgaon Khandeshwar,20.65281,77.876855,108,36300.0,39.0
580025,Hubli Navanagar,15.38669,75.076465,108,42200.0,100.0
441001,Kamthi,21.2182,79.19809000000001,108,57000.0,39.0
523113,Pokur,15.14568,79.83920499999999,108,41900.0,91.5
689507,Mezhuveli,9.283494999999998,76.698925,108,55400.0,91.5
410102,Prabalgad Machi,18.96091,73.27097499999999,108,56600.0,100.0
523111,Peda alavalapadu,15.33653,79.66805500000001,108,42100.0,91.5
686637,Peroor,9.638835,76.56559,108,59700.0,91.5
689514,Kidangannur,9.29246,76.688095,108,55500.0,91.5
689648,Kaipattur,9.20534,76.78090499999999,108,54300.0,91.5
534216,Vundrajavaram,16.796435000000002,81.6919,108,43500.0,91.5
476115,Porsa,26.69021,78.419875,108,39000.0,45.7
691555,Kodumon,9.182965,76.78367,108,54800.0,91.5
523114,Linga Samudram,15.08728,79.682035,108,41500.0,91.5
686631,Ettumanur,9.6758,76.569815,108,59800.0,91.5
691525,Thattayil,9.189985,76.74014,108,54000.0,91.5
523292,Ulavapadu,15.131495,80.01234,108,42000.0,91.5
523228,P.G.Palli,15.4636,79.35048499999999,108,41900.0,91.5
609001,Mayiladuthurai,11.096375,79.65614500000001,108,53300.0,91.5
517124,Puthalapattu,13.377035,79.07486,108,41600.0,91.5
689647,Omallur-kla,9.249425,76.75408999999999,108,55000.0,91.5
689641,Kozhencherry,9.34049,76.71439000000001,108,55900.0,91.5
524302,Anantasagaram,14.60657,79.35871499999999,108,46700.0,91.5
689615,Kottanad,9.40935,76.752285,108,56500.0,91.5
637208,Paundamangalam,11.100185,77.943655,108,47800.0,91.5
691556,Nedumon,9.1161,76.78723500000001,108,53100.0,91.5
534111,Ananthapallli,16.949565,81.45972499999999,108,43900.0,91.5
173225,Jubbar,30.930265,76.981455,108,48000.0,91.5
524225,Siddanakonduru,14.822285,79.77463,108,45900.0,91.5
523320,Tokapalle,15.840165,79.257455,108,42500.0,91.5
686544,Karikkattoor,9.47112,76.775505,108,56700.0,91.5
523274,Tangutur,15.34505,80.023125,108,42500.0,91.5
131402,Kharkhauda,28.880055,76.930355,108,63400.0,91.5
689644,Kuzhikala,9.297495,76.70264,108,55500.0,91.5
534235,Akividu,16.61182,81.377925,108,43900.0,91.5
689694,Kalanjoor,9.12075,76.89332,108,53500.0,91.5
531111,Chintapalli,17.91881,82.34362,108,43300.0,91.5
695040,Kaimanam,8.47306,76.974075,108,57000.0,91.5
814146,Palojori,24.21339,87.037735,108,42500.0,65.2
689107,Muthoor,9.407485,76.56108,108,56600.0,91.5
517002,Ctr Collectorate,13.173915,79.11422999999999,108,41900.0,91.5
413521,Nilanga,18.14756,76.72721999999999,108,40100.0,39.0
689513,Nariapuram,9.220145,76.742795,108,54500.0,91.5
321613,Rasidpur,27.110915,76.90823,108,45400.0,91.5
695026,Poonthura,8.445920000000001,76.949085,108,55400.0,91.5
560078,JP Nagar,12.9044,77.5856,108,79500.0,100.0
689101,Tiruvalla,9.379845,76.574,108,56400.0,91.5
573118,Dudda R S,13.0301852,76.1744968,108,40700.0,100.0
581320,Bhatkal,14.014525,74.61596,108,43500.0,100.0
695522,Vellayani,8.42679,76.98182,108,54900.0,91.5
530022,H B Colony,17.743355,83.32424499999999,108,46200.0,91.5
530012,B H P V,17.71405,83.191925,108,45600.0,91.5
609401,Elandangudi,11.05242,79.637005,108,53200.0,91.5
534237,Kalla,16.53594,81.405865,108,44000.0,91.5
530014,Naval Base,17.70448,83.261975,108,45900.0,91.5
360490,Upleta Lati Plot,21.760505,70.20152999999999,108,40100.0,91.5
689589,Punnavely,9.475405,76.67817,108,57100.0,91.5
611001,Nagapattinam,10.769405,79.8377,108,51000.0,91.5
523368,Racherla,15.46884,78.912425,108,40600.0,91.5
523270,Kondepi,15.440785,79.81507500000001,108,42500.0,91.5
530047,Vepagunta,17.77745,83.19934,108,46100.0,91.5
488443,Raipura,23.974025,80.004255,108,37800.0,45.7
400054,Vile Parle West,19.0983,72.8487,108,78100.0,58.5
523356,Edavalli,15.39105,79.0147,108,40600.0,91.5
757087,Brundaban Chandrapur,21.68041,86.50353000000001,108,40400.0,91.5
530041,Pothinamallayapalem,17.802585,83.36139,108,46100.0,91.5
413516,Killari,18.144685,76.559065,108,40000.0,39.0
530027,Gopalapatnam,17.7503,83.197835,108,45900.0,91.5
413215,Hotagi,17.533465,75.982645,108,37800.0,39.0
173205,Baddi,30.975335,76.80527000000001,108,46400.0,91.5
175018,Sunder Nagar-1,31.49176,76.878935,108,43400.0,91.5
580020,Hubli,15.3707296,75.1332867,108,40500.0,100.0
515767,Shettur,14.454245,76.96697,108,43500.0,91.5
413227,Nagansur,17.38156,76.159385,108,38500.0,39.0
689674,Angadi,9.389075,76.76814999999999,108,56400.0,91.5
424305,Nizampur,21.12617,74.37321,108,58800.0,39.0
D836663,"Nalbari, Assam · D836663",26.3533632,91.3983662,108,41000.0,91.5
483053,Bheraghat,23.163405,79.78278,108,39200.0,45.7
686541,Kangazha,9.49206,76.70842999999999,108,57000.0,91.5
524341,Chejerla,14.503175,79.598155,108,43800.0,91.5
583103,Bellary Gandhinagar,15.1481913,76.9349293,108,48600.0,100.0
680588,Thiruvilwamala,10.73511,76.44798,108,48200.0,91.5
686548,Nalukody,9.421005,76.560795,108,56500.0,91.5
441202,Kuhi,21.030225,79.38063,108,58100.0,39.0
415614,Jaigad,17.275244999999998,73.22566499999999,108,47500.0,39.0
788006,Link Road,24.78631,92.80426,108,39900.0,91.5
695528,Naruvamoodu,8.451405000000001,77.036635,108,56100.0,91.5
202001,Aligarh,27.8761073,78.1358153,108,63900.0,91.5
125078,Baragudha,29.677135,75.08711,108,37700.0,11.0
781371,Tihu,26.478365,91.28224,108,38700.0,91.5
396325,Antalia,20.74804,73.006095,108,43500.0,91.5
281206,Sonai,27.568585,77.86798,108,43600.0,7.3
794111,Williamnagar,25.6184946,90.6342162,108,50500.0,91.5
686521,Pampady South,9.54715,76.656275,108,59600.0,91.5
523329,Vemulakota,15.75338,79.17792499999999,108,42300.0,91.5
689611,Ayroor South,9.36128,76.725855,108,56100.0,91.5
689602,Puthusserry South,9.42546,76.636795,108,56700.0,91.5
534316,Gopalapuram,17.1072,81.55284499999999,108,44000.0,91.5
530016,Akkayyapalem,17.73253,83.30011,108,46200.0,91.5
441201,Bhiwapur,20.77135,79.489245,108,58600.0,39.0
413111,Sadashivenagar,17.827075,74.798635,108,93000.0,39.0
573119,Gandasi,13.19156,76.33674,108,45500.0,100.0
530008,Kancharapalem,17.732039999999998,83.271625,108,46300.0,91.5
281006,Refinery Nagar,27.43681,77.68091,108,34800.0,7.3
483113,Patan,23.32472,79.69520499999999,108,37500.0,45.7
413216,Akkalkot,17.490135000000002,76.208695,108,38800.0,39.0
524322,Atmakur,14.634665,79.59756999999999,108,43700.0,91.5
173201,Garkhal,30.907435,76.99154,108,48400.0,91.5
523371,Thummalacheruvu,15.63535,79.288925,108,42200.0,91.5
415610,Kasba,17.218890000000002,73.627095,108,47300.0,39.0
262901,Bhira,28.3753,80.51075499999999,108,44700.0,7.3
530013,P & T Colony,17.73817,83.31257500000001,108,46300.0,91.5
689547,Kumbanadu,9.360415,76.65841,108,56100.0,91.5
524307,Karatampadu,14.684275,79.506855,108,45500.0,91.5
530029,R R V Puram,17.757199999999997,83.209235,108,46100.0,91.5
757077,Nudadiha,21.57748,86.44631000000001,108,40200.0,91.5
530002,Maharanipeta,17.71226,83.30823000000001,108,46000.0,91.5
345001,Jaisalmer,27.03485,70.45996,108,41100.0,91.5
530045,Gitam Engg. College,17.790195,83.3644,108,46100.0,91.5
624622,Reddiarchatram,10.4256896,77.815664,108,40900.0,91.5
788102,Dewan,24.875455,93.01461,108,40600.0,91.5
689104,Valanjavattom,9.35222,76.542715,108,56200.0,91.5
757085,Kushalda,21.626060000000003,86.66269,108,40500.0,91.5
523332,Tarlupadu,15.646225,79.211805,108,42100.0,91.5
530048,Madhurawada,17.829175,83.33857,108,46400.0,91.5
483119,Shahpura,23.178565,79.577395,108,39500.0,45.7
523336,Mohiddin Puram,15.61005,78.9196,108,40900.0,91.5
686536,Perumpanachy,9.490045,76.593435,108,59400.0,91.5
571249,Hudikeri,12.02625,75.907875,108,41700.0,100.0
689110,Podiyadi,9.368675,76.53264,108,56400.0,91.5
689111,Tiruvalla RS,9.39682,76.581955,108,56500.0,91.5
757081,Kumbharmundakata,22.11655,86.67443,108,40900.0,91.5
609117,Vaithiswarankoil,11.18588,79.71409,108,53200.0,91.5
534416,Kaikaram,16.80338,81.35819000000001,108,43900.0,91.5
530003,Andhra University,17.724905,83.31993,108,46100.0,91.5
788002,Malugram,24.88235,92.80649,108,40300.0,91.5
757030,Kuliana,22.06085,86.64812,108,41000.0,91.5
678642,Mannur S.O (Palakkad),10.7873692,76.4742172,108,45900.0,91.5
360460,Dhank,21.77792,70.141955,108,40100.0,91.5
689626,Parumala,9.33333,76.54496499999999,108,56100.0,91.5
246724,Badhapur,29.566555,78.57234,108,46800.0,7.3
689646,Mallasseri,9.241585,76.80418499999999,108,55100.0,91.5
534101,Tadepalligudem,16.824534999999997,81.5245,108,43700.0,91.5
523110,Botlagudur,15.08701,79.52380500000001,108,40500.0,91.5
757032,Bangriposi,22.14733,86.55556999999999,108,41000.0,91.5
686539,Thottakadu,9.52406,76.60367500000001,108,59500.0,91.5
396472,Vedchha,20.879705,72.94251,108,43200.0,91.5
523333,Cumbum,15.71735,78.978235,108,41100.0,91.5
689531,Koipuram,9.337525,76.659535,108,55900.0,91.5
482001,Jabalpur,23.236510000000003,80.104345,108,39300.0,45.7
523346,Pitikayagulla,15.445295000000002,79.20962,108,41800.0,91.5
262902,Pallia,28.472735,80.60331500000001,108,44500.0,7.3
396321,Bilimora,20.76683,72.96723499999999,108,43500.0,91.5
757019,Khunta,21.702295,86.610105,108,40500.0,91.5
689625,Elavanthitta,9.26001,76.720675,108,55100.0,91.5
175124,Pandoh,31.688405,77.09176,108,43000.0,91.5
207001,Etah,27.5550357,78.5992221,108,59000.0,7.3
534329,Kanuru,16.835245,81.701085,108,43700.0,91.5
284403,Lalitpur,24.6999688,78.51862,108,43400.0,7.3
757093,Joka,22.246975,86.496835,108,40900.0,91.5
627760,Athuvazhi,9.28519,77.37831,108,49500.0,91.5
680587,Pazhayannur,10.66859,76.42356000000001,108,50100.0,91.5
403108,Goa -velha,15.45112,73.878015,108,79500.0,39.0
362230,Madhavpur,21.328825,69.92983000000001,108,39600.0,91.5
175006,Gagal,31.63673,76.96564000000001,108,42700.0,91.5
534425,Bhimadole,16.847725,81.28412499999999,108,44000.0,91.5
D523472,"West Garo Hills, Meghalaya · D523472",25.6065343,90.2038335,108,44400.0,91.5
689594,Chengaroor,9.436325,76.63836,108,56800.0,91.5
689551,Otherawest,9.35572,76.60994,108,56100.0,91.5
530044,Pedagantyada,17.64742,83.21464,108,45200.0,91.5
360470,Kolki,21.782365,70.196545,108,39900.0,91.5
686543,Manimala,9.50158,76.75121999999999,108,56900.0,91.5
486669,Madwas,24.051405000000003,81.9658,108,42500.0,45.7
534338,Kavitam,16.587335,81.71119999999999,108,43200.0,91.5
572226,Settikere,13.39614,76.555395,108,44500.0,100.0
444701,Badnera,20.725765000000003,77.749475,108,36500.0,39.0
534455,Gowrisankara Puram,17.123025,81.26655500000001,108,44000.0,91.5
530024,Salagramapuram,17.741125,83.293225,108,46400.0,91.5
530017,L B Colony,17.73348,83.33717999999999,108,46000.0,91.5
506370,Waddepalli,18.019,79.496475,108,38800.0,7.3
572125,Kallambella,13.62332,76.88679,108,54900.0,100.0
530011,Malkapuram,17.686935,83.241705,108,45700.0,91.5
415611,Sangmeshwar,17.17834,73.584395,108,47200.0,39.0
524304,Anumasamudrampeta,14.717345,79.662565,108,44200.0,91.5
686537,Pallickachirakavala,9.430005,76.58377,108,56600.0,91.5
689675,Ettichuvadu,9.42214,76.779435,108,56600.0,91.5
506371,Hasanparthy,18.06313,79.48055,108,38800.0,7.3
232330,Usia,25.42576,83.71622500000001,108,41500.0,91.5
530001,Visakhapatnam,17.702170000000002,83.28815499999999,108,45900.0,91.5
455001,Dewas,23.057715,76.07743500000001,108,52000.0,45.7
686503,Anikad,9.608675,76.68147,108,59700.0,91.5
454001,Dhar,22.62532,75.327065,108,54100.0,45.7
413582,Anandnagar,18.176365,76.132455,108,40400.0,39.0
757074,Basipitha,21.7765,86.59158500000001,108,40600.0,91.5
241305,Gaus Ganj,27.053535,80.30255,108,44400.0,7.3
416216,Kagal,16.534664999999997,74.30075500000001,108,56500.0,39.0
441104,Mauda,21.14274,79.38813999999999,108,58000.0,39.0
488220,Ajaigarh,24.89763,80.242765,108,38800.0,45.7
524303,Revur,14.58982,79.50865,108,45200.0,91.5
680586,Chelakkara,10.671505,76.36082,108,50800.0,91.5
609103,Anandatandavapuram,11.15187,79.6661,108,52600.0,91.5
636114,Thumbal,11.775905,78.52491,108,46000.0,91.5
534313,Devarapalli,17.013375,81.54903999999999,108,44000.0,91.5
680519,Karikkad,10.693485,76.096615,108,52100.0,91.5
788030,Udarbond,24.95731,92.89264,108,40600.0,91.5
788121,Kabuganj Bazar,24.68114,92.87258,108,40000.0,91.5
686021,Pariyaram,9.535645,76.58929,108,59400.0,91.5
396055,Ronvel,20.52547,73.06491,108,41800.0,91.5
530004,Waltair R S,17.72423,83.286565,108,46200.0,91.5
686518,Koovapally,9.53602,76.82555500000001,108,56900.0,91.5
392150,Jambusar,22.047595,72.808265,108,44300.0,91.5
305408,Para,25.92527,75.235105,108,43000.0,91.5
686505,Theerthapadapuram,9.550675,76.720845,108,59600.0,91.5
232118,Sahabganj,25.103655,83.300095,108,43300.0,91.5
391160,Pavijetpur,22.358785,73.849805,108,53500.0,91.5
391150,Naswadi,21.995715,73.80646999999999,108,52000.0,91.5
534305,Tadimalla,16.94075,81.557125,108,44000.0,91.5
686510,Mukkoottuthara,9.438785,76.918095,108,56600.0,91.5
679561,Punnayurkulam,10.67934,76.000925,108,52000.0,91.5
392230,Ikhar,21.976045,73.01685,108,43300.0,91.5
686519,Thekkethukavala,9.530270000000002,76.75649,108,59600.0,91.5
695574,Kuttichal,8.579245,77.147835,108,57500.0,91.5
534426,Dwaraka Tirumala,16.941249999999997,81.27334,108,44000.0,91.5
791003,Mechuka,28.61915,94.16824,108,49700.0,91.5
680543,Kadavallur,10.72019,76.07515,108,51700.0,91.5
534312,Koyyalagudem,17.078065000000002,81.42389,108,43900.0,91.5
521156,Nidumolu,16.2135466,81.0277844,108,48000.0,91.5
421003,Vitthalwadi,19.248088052693188,73.16873515021356,108,56600.0,4.9
781374,Makhibaha,26.441335,91.263315,108,38900.0,91.5
689583,Kallooppara,9.405155,76.63185,108,56500.0,91.5
689532,Edayarnmula,9.31512,76.664225,108,55700.0,91.5
530005,Gandhigram,17.665875,83.27320499999999,108,45400.0,91.5
788107,Joypur Rajabazar,24.89452,93.113295,108,39000.0,91.5
788010,Silchar REC,24.757745,92.791215,108,39900.0,91.5
415609,Kadwai,17.275419999999997,73.57431,108,45300.0,39.0
695507,Ooruttambalam,8.461549999999999,77.055525,108,56500.0,91.5
788031,Salganga,24.92929,92.943755,108,40600.0,91.5
534411,Vunguturu,16.83157,81.45246499999999,108,43800.0,91.5
311030,Rupaheli,25.74536,74.65944999999999,108,41600.0,91.5
805107,Kosi,24.835405,85.676905,108,40000.0,65.2
788103,Lakhipur,24.79741,93.015725,108,40400.0,91.5
689533,Aranmula,9.316395,76.689825,108,55700.0,91.5
534102,Tadepalligudem Bazar,16.868895000000002,81.497615,108,43800.0,91.5
689666,Malayalapuzha Thazham,9.29051,76.82686,108,56000.0,91.5
689653,Kumbazhamuri,9.27082,76.82089500000001,108,55700.0,91.5
686513,Mundakayam,9.51073,76.918975,108,56600.0,91.5
686514,Koottickal,9.60118,76.894135,108,59500.0,91.5
517127,Murukambattu,13.27228,79.12838500000001,108,41800.0,91.5
686522,Koorali,9.605665,76.73533,108,59700.0,91.5
388410,Bandhani,22.551215,72.83278,108,41200.0,91.5
689693,Koodal,9.155155,76.865995,108,54500.0,91.5
415620,Khalgaon,17.162835,73.347335,108,46800.0,39.0
534447,Jangareddygudem,17.119605,81.31529,108,43900.0,91.5
758083,Hatadihi,21.155265,86.24216,108,39300.0,91.5
758022,Fakirpur,21.139805,86.2013,108,39400.0,91.5
689103,Kuttapuzha,9.409165000000002,76.58084500000001,108,56600.0,91.5
517128,Iruvaram,13.167575,79.037065,108,41600.0,91.5
388130,Boria,22.475905,72.86834999999999,108,41400.0,91.5
680544,Kattakampal,10.683525,76.02865,108,52000.0,91.5
689649,Kadammanitta,9.303920000000002,76.77453,108,55700.0,91.5
686506,Ponkunnam,9.56712,76.76029,108,59600.0,91.5
392130,Dahej,21.730765,72.66354,108,42000.0,91.5
689548,Pullad,9.356235,76.67882499999999,108,56100.0,91.5
686507,Kanjirapally,9.557235,76.78903,108,59600.0,91.5
689549,Maramon,9.34345,76.69060999999999,108,56000.0,91.5
534207,Tundurru,16.468069999999997,81.58919499999999,108,43600.0,91.5
689591,Mepral,9.40043,76.52645,108,56600.0,91.5
689592,Perumpatty,9.42956,76.75459000000001,108,56600.0,91.5
571218,Virajpet,12.178565,75.78876,108,40600.0,100.0
689113,Azhiyadathuchira,9.404789999999998,76.540955,108,56600.0,91.5
686508,Kalaketty,9.6077,76.77817999999999,108,59600.0,91.5
210502,Baruwa Sumerpur,25.827935,80.16935,108,39400.0,7.3
686517,Chakompathal,9.53533,76.726055,108,59600.0,91.5
686504,Vazhoor,9.563525,76.712675,108,59700.0,91.5
303508,Sikrai,26.912335,76.68911,108,42700.0,91.5
303502,Geejgarh,26.865085,76.6704,108,42600.0,91.5
455223,Hatpipliya,22.8057498,76.2940408,108,52900.0,45.7
392135,Jolva,21.71467,72.6557,108,41900.0,91.5
392215,Urja Nagar,21.82978,73.113775,108,43200.0,91.5
689650,Cherukole Kozhencherri,9.33745,76.74615,108,56000.0,91.5
689673,Ranny-pazhavangadi,9.3773,76.803,108,56400.0,91.5
784189,Karsontala,26.7421,92.97763,108,44200.0,91.5
781375,Bangaon,26.439005,91.19612,108,38600.0,91.5
534112,Nallajerla,16.920845,81.379295,108,43900.0,91.5
530020,Dabagardens,17.717734999999998,83.30291,108,46000.0,91.5
686105,Thrickodithanam,9.445835,76.57333,108,56700.0,91.5
517422,Yadamari,13.125925,78.99123499999999,108,41500.0,91.5
686511,Kunnam Vechoochira,9.425525,76.85088999999999,108,56700.0,91.5
421202,Vishnunagar,19.22404,73.08784,108,52900.0,39.0
530007,Industrial Estate,17.745845,83.26296500000001,108,46400.0,91.5
757038,Thakurmunda,21.46583,86.23726500000001,108,39900.0,91.5
110074,Chattarpur,28.4851694,77.1963652,108,83500.0,53.0
788126,Binnakandi Ghat,24.73923,92.975685,108,40100.0,91.5
231210,Ghorawal,24.782905,82.72092,108,44800.0,91.5
689544,Vennikulam,9.40115,76.68836,108,56500.0,91.5
571247,Bhagamandala,12.343185,75.47995,108,42400.0,100.0
400709,Kopar Khairne,19.096615,72.991985,108,52500.0,39.0
530009,N A D,17.729235000000003,83.2353,108,46100.0,91.5
792130,Khonsa,27.030169,95.4979175,108,34600.0,91.5
788098,Pailapool,24.84446,93.001755,108,40400.0,91.5
686018,Manganam,9.571805,76.557805,108,59400.0,91.5
689691,Konny,9.17528,77.04779500000001,108,56400.0,91.5
571211,Ammathi,12.24968,75.85029,108,40400.0,100.0
752083,Nuagaon,20.2323,84.943445,108,39300.0,91.5
534206,Kopalle,16.52588,81.46362500000001,108,43800.0,91.5
689585,Mallappally West,9.45354,76.63948,108,56900.0,91.5
689614,Kottathoor,9.35922,76.75328999999999,108,56100.0,91.5
393125,Dehali,21.53493,73.268935,108,44000.0,91.5
689105,Manjady Jn,9.38469,76.59340499999999,108,56400.0,91.5
689588,Vaipur,9.451495,76.707585,108,56800.0,91.5
686009,Rubber Board,9.57592,76.57386,108,59500.0,91.5
311022,Hurda,25.848735,74.71930499999999,108,42000.0,91.5
534195,P.N.Kolanu,16.728949999999998,81.413445,108,43800.0,91.5
686520,Chirakadavu,9.524415,76.79310000000001,108,56900.0,91.5
803216,Ramchandrapur,25.17237,85.5103,108,40200.0,65.2
517416,Bangarupalem,13.231385,78.91645,108,41200.0,91.5
689597,Thuruthicaud,9.418165,76.657095,108,56600.0,91.5
686122,Aruvithura,9.6816,76.77069499999999,108,59700.0,91.5
689678,Mylapra Town,9.302735,76.79479,108,55800.0,91.5
534208,Rayalam,16.50789,81.50306499999999,108,43700.0,91.5
689502,Thumpamon,9.21653,76.71477,108,54500.0,91.5
534427,Gundugolanu So.,16.72598,81.274945,108,44100.0,91.5
686123,Thidanad,9.66106,76.773915,108,59600.0,91.5
686121,Erattupetta,9.69481,76.786305,108,59600.0,91.5
686010,Vadavathoor,9.592755,76.558765,108,59500.0,91.5
805122,Nurhat,24.750145000000003,85.389415,108,40000.0,65.2
686004,Muttambalam,9.58855,76.55516499999999,108,59500.0,91.5
781338,Solmara,26.379330000000003,91.29437,108,39200.0,91.5
781339,Karia,26.332415,91.496285,108,39400.0,91.5
686019,Manarcaudu,9.606175,76.59477000000001,108,59700.0,91.5
396105,Bhilad,20.295735,72.87777,108,43700.0,91.5
765015,Kashipur,19.302945,83.09385,108,40600.0,91.5
534311,Kannapuram,17.25252,81.43814499999999,108,43800.0,91.5
560026,Governmemnt Electric Factory,12.94836,77.53249,108,65700.0,100.0
689115,Thirumoolapuram,9.37003,76.58507,108,56300.0,91.5
757041,Udala,21.600235,86.57069,108,40300.0,91.5
689550,Kuriannoor,9.361945,76.70235,108,56100.0,91.5
686509,Erumely,9.480025,76.8442,108,56600.0,91.5
689503,Kulanada,9.251635,76.69197,108,55000.0,91.5
415613,Saitavada,17.273580000000003,73.287275,108,46400.0,39.0
686011,Puthupalli,9.55235,76.57849999999999,108,59500.0,91.5
689112,Chathankary,9.386525,76.52125000000001,108,56500.0,91.5
175121,Aut,31.732660000000003,77.19072,108,44500.0,91.5
686502,Pampady,9.592395,76.6497,108,59700.0,91.5
805132,Dumrawan,24.953095,85.67942500000001,108,40200.0,65.2
303304,Dubbi,26.923015,76.50043500000001,108,42300.0,91.5
680542,Pazhanji,10.68697,76.06379000000001,108,52100.0,91.5
D308156,"Kaushambi, Uttar Pradesh · D308156",25.5342456,81.4493567,108,43900.0,91.5
788014,Silchar Medical College,24.78018,92.78685,108,40000.0,91.5
788112,Derby,24.695665,92.808175,108,40000.0,91.5
534406,Chebrole,16.79852,81.39066,108,43800.0,91.5
311023,Kothian,25.821805,74.83937499999999,108,42100.0,91.5
689106,Kuttur,9.359134999999998,76.583045,108,56200.0,91.5
534448,Buttayagudem,17.252769999999998,81.343355,108,43900.0,91.5
768109,Reamal,21.4477962,84.7174204,108,39900.0,91.5
788106,Fulertal,24.733585,93.051305,108,40600.0,91.5
686501,Velloor,9.589355,76.61139,108,59700.0,91.5
534340,Vegeswarapuram,17.081495,81.684155,108,43900.0,91.5
534341,Tallapudi,17.147865000000003,81.62314,108,44000.0,91.5
788007,Vivekananda Road,24.7968,92.76864,108,40100.0,91.5
415615,Malgund,17.16207,73.293635,108,47700.0,39.0
689613,Theodical,9.39632,76.73241,108,56400.0,91.5
686101,Changanacherry,9.44603,76.535495,108,56700.0,91.5
788115,Narsingpur,24.693890000000003,92.8497,108,39900.0,91.5
689587,Keezhvaipur,9.431435,76.677435,108,56700.0,91.5
311408,Upreda,25.61061,74.723445,108,41200.0,91.5
686515,Pulickakavala,9.54787,76.688875,108,59600.0,91.5
805130,Warisaliganj,24.99896,85.641065,108,40200.0,65.2
788004,G C College,24.81803,92.789965,108,40100.0,91.5
175035,Bagsaid,31.58113,77.167455,108,44800.0,91.5
415726,Abaloli,17.291615,73.365355,108,44200.0,39.0
580030,Hubli Udyamnagar,15.365035,75.09826000000001,108,41800.0,100.0
781303,Banagram,26.402895,91.37931,108,39900.0,91.5
175021,Bhangrotu,31.6516617,77.0092542,108,41400.0,91.5
695002,Karamana,8.469584999999999,76.968885,108,56700.0,91.5
534211,Tanuku,16.757635,81.69369,108,43400.0,91.5
689692,Payyanamon,9.25394,76.87268,108,56200.0,91.5
534265,Jinnuru,16.556914999999996,81.72416,108,43200.0,91.5
686580,Teekoy,9.719175,76.84168,108,59400.0,91.5
689698,Vakayar,9.19076,76.862455,108,54600.0,91.5
175025,Sajao Pipluso,31.769765,76.71103500000001,108,47700.0,91.5
203206,Industrial Estate Sikandrabad,28.472955,77.64576500000001,108,40000.0,7.3
805141,Roh,24.851265,85.72847,108,40200.0,65.2
393115,Rajpardi,21.736935000000003,73.31928500000001,108,45000.0,91.5
125058,Ding,29.48121,75.227435,108,37700.0,11.0
689663,Chittar,9.314495,76.938005,108,58000.0,91.5
798623,Tzudikong,26.713595,94.627495,108,37900.0,91.5
799114,Gakulpur,23.62615,91.525465,108,45300.0,91.5
711306,Kulgachia,22.46534,88.02534,108,45300.0,91.5
523101,S.Konda,15.25878,79.99068,108,42300.0,91.5
781337,Milanpur,26.481325,91.46642,108,39000.0,91.5
689501,Pandalam,9.20492,76.68233000000001,108,54400.0,91.5
803117,Silao,25.090435,85.42906500000001,108,40400.0,65.2
210209,Mauchhibu,25.209835,81.370725,108,42900.0,7.3
517130,Iral,13.38058,78.94346,108,41200.0,91.5
148027,Pakki Khanauri,29.79677,76.02586,108,50900.0,36.6
803111,Nalanda,25.140735,85.45694,108,40200.0,65.2
689677,Chellakkad,9.40527,76.79577499999999,108,56500.0,91.5
781334,Chowkbazar,26.41457,91.447275,108,39600.0,91.5
781335,Nalbari,26.446905,91.444675,108,39200.0,91.5
689586,Ezhumattoor,9.421,76.71471,108,56600.0,91.5
415410,Wategaon,17.10002,74.15614500000001,108,65200.0,39.0
689664,Malayalapuzha Eram,9.29037,76.86834999999999,108,56500.0,91.5
711303,Bagnan,22.512765,87.95704,108,44500.0,91.5
524343,Kaluvoya,14.453485,79.44071,108,47000.0,91.5
110011,Nirman Bhawan,28.602665,77.210235,108,107000.0,53.0
531173,Pendurthy,17.83802,83.235265,108,46400.0,91.5
689108,Peringara,9.384645,76.541035,108,56500.0,91.5
517004,Chittoor North,13.23246,79.06419,108,41700.0,91.5
534126,Alamuru,16.627035,81.6953,108,43300.0,91.5
325004,Itawa,25.526485,76.40949499999999,108,40100.0,91.5
534222,Velpur,16.71605,81.6878,108,43400.0,91.5
244924,Suar,29.080985,79.07785,108,45600.0,7.3
141118,Dehlon,30.74286,75.875885,108,53200.0,36.6
689672,Ranny,9.350525,76.78816,108,56200.0,91.5
523116,V V Palem,15.127755,79.65309500000001,108,41600.0,91.5
524342,Dachur,14.426165,79.598985,108,45400.0,91.5
125076,Rania,29.57865,74.880795,108,37500.0,11.0
370040,Sukhpar,23.2006,69.50090499999999,108,41400.0,91.5
814167,Ranga Masalia,24.158895,87.19820999999999,108,42700.0,65.2
534198,Ganapavaram,16.678905,81.392055,108,43800.0,91.5
303704,Jaitpura I A,27.107125000000003,75.774235,108,47700.0,91.5
523224,Veligandla,15.34229,79.28798499999999,108,41700.0,91.5
689671,Mylapra,9.290365,76.805695,108,55800.0,91.5
387520,Limbasi,22.604275,72.61292,108,41600.0,91.5
788005,Rangirkhari,24.80916,92.811965,108,39900.0,91.5
534156,Duvva,16.784545,81.61912000000001,108,43600.0,91.5
534176,Pothavaram,16.99837,81.389715,108,43900.0,91.5
464774,Deori,23.14872,78.699885,108,38200.0,45.7
781347,Kamarkuchi,26.36795,91.489225,108,39500.0,91.5
534301,Nidadavole,16.9053,81.659065,108,44100.0,91.5
689656,Vallicode Kottayam,9.196575,76.816825,108,54300.0,91.5
175048,Thunag,31.55139,77.18749,108,45100.0,91.5
534236,Yelurupadu,16.477935000000002,81.39242,108,44100.0,91.5
175029,Gohar,31.59194,77.06810999999999,108,43000.0,91.5
781306,Chamata,26.417485,91.33471,108,39300.0,91.5
680623,Wadakkancheri-Thrissur RS,10.64859,76.206205,108,53100.0,91.5
523115,Peda Pavani,15.009985,79.846985,108,41500.0,91.5
530051,Sujatha Nagar,17.797395,83.213775,108,46300.0,91.5
689661,Kumpalampoika,9.318,76.813205,108,56100.0,91.5
175039,Jachh,31.50075,77.093345,108,43400.0,91.5
805126,Rajhat,24.7343,85.575975,108,39900.0,65.2
455111,Balgarh,22.87966,76.043775,108,54100.0,45.7
534451,Lakkavaram,17.022595000000003,81.27501,108,44000.0,91.5
679564,Andathode,10.67922,75.966835,108,51900.0,91.5
523281,Gudluru,15.06101,79.916315,108,41700.0,91.5
416315,Dudhgaon,16.886105,74.43107499999999,108,67300.0,39.0
173233,Patta,30.935345,76.914795,108,48000.0,91.5
680594,Kaniyarkod,10.738725,76.409535,108,48700.0,91.5
680604,Maruthancode,10.68535,76.11594,108,52200.0,91.5
523372,Thurimella,15.53925,78.903825,108,40700.0,91.5
523245,Pedarikatla,15.518145,79.507155,108,42100.0,91.5
788108,Kumbhir,24.98553,93.00517,108,39400.0,91.5
788109,Kumbhirgram Airport,24.893115,92.959365,108,40400.0,91.5
370485,Dahisara,23.040165,69.474785,108,41300.0,91.5
464770,Udaipura,23.09235,78.60122,108,38700.0,45.7
202145,Beswan,27.66258,77.88743,108,45700.0,7.3
517401,Ramakuppam,12.878675,78.530225,108,50800.0,91.5
313803,Kherwara,24.050875,73.53222500000001,108,55200.0,91.5
321203,Deeg,27.50089,77.311725,108,49200.0,91.5
691523,Adur,9.159,76.731245,108,54400.0,91.5
415804,Devrukh,17.07098,73.63077000000001,108,50200.0,39.0
534227,Mortha,16.80453,81.71081000000001,108,43500.0,91.5
174103,Barotiwala,30.90549,76.86729,108,49300.0,91.5
416302,Bagani,16.908645,74.365875,108,67200.0,39.0
795010,Lamlong,24.8326698,94.0168859,108,33600.0,91.5
689668,Churulicode,9.285925,76.76489000000001,108,55500.0,91.5
680584,Erumapetty,10.684195,76.16307499999999,108,52300.0,91.5
689652,Punnakkad,9.310375,76.71112500000001,108,55700.0,91.5
388421,Changa,22.592855,72.80671000000001,108,42200.0,91.5
517131,Kanipakam,13.27109,79.03358499999999,108,41600.0,91.5
517132,Nangamangalam,13.08657,79.08777,108,41800.0,91.5
464886,Silwani,23.271145,78.47921500000001,108,38700.0,45.7
689662,Vadasserikara,9.356095,77.02944,108,57300.0,91.5
784182,Naharbari,26.85169,92.947065,108,45800.0,91.5
695027,Thiruvallom,8.43,76.966095,108,55000.0,91.5
131306,Mundlana,29.21186,76.78641,108,54300.0,91.5
711114,Kona,22.63124,88.286665,108,44900.0,91.5
679532,Desamangalam,10.749195,76.22095999999999,108,51300.0,91.5
695018,Pappanamcode,8.469570000000001,76.97846,108,56900.0,91.5
781348,Marowa,26.37003,91.46132,108,39900.0,91.5
517001,Chittoor,13.21814,79.11119500000001,108,41800.0,91.5
691524,Elamannur,9.132034999999998,76.81321,108,53500.0,91.5
784175,Sootea,26.74747,93.049265,108,45500.0,91.5
422008,Trimurti Chowk,19.975495,73.758835,108,43100.0,39.0
523291,Ramapatnam,15.041995,80.018045,108,41800.0,91.5
679105,Mayannur,10.753575,76.37511,108,48900.0,91.5
517129,Arugonda,13.30676,78.9508,108,41300.0,91.5
686512,Parathode,9.568425,76.836345,108,59600.0,91.5
805109,Nardiganj,24.930435000000003,85.399655,108,40100.0,65.2
686516,Meenadom,9.549325,76.617215,108,59600.0,91.5
805123,Orhanpur,24.95258,85.52325,108,40100.0,65.2
805102,Govindpur,24.757075,85.687615,108,40100.0,65.2
679106,Kondazhi,10.72281,76.3986,108,49200.0,91.5
781138,Bartola,26.28886,91.31936,108,39200.0,91.5
517113,Kallur,13.570275,79.013865,108,41400.0,91.5
311021,Gulabpura,25.84848,74.591335,108,41900.0,91.5
534250,Lankalakoderu,16.529575,81.67953,108,43300.0,91.5
781353,Gopalbazar,26.41668,91.41592,108,39700.0,91.5
174101,Nalagarh,31.032275,76.71969,108,44800.0,91.5
175028,Chachiot,31.530695,77.03156000000001,108,43500.0,91.5
781341,Kazipara,26.446765,91.41468,108,39200.0,91.5
534281,Mogalturu,16.398445000000002,81.563455,108,43700.0,91.5
686585,Chengalam,9.622445,76.701955,108,59700.0,91.5
431206,Jaffrabad,20.27,76.035145,108,78400.0,39.0
781126,Mukalmua,26.236325,91.31183,108,38700.0,91.5
125054,Bahaudin,29.55891,75.22209000000001,108,37600.0,11.0
689545,Thadiyur,9.382995,76.708875,108,56300.0,91.5
689654,Kozhencherry  Thekkemala,9.323615,76.71535,108,55800.0,91.5
803101,Biharsharif,25.202925,85.52895,108,40300.0,65.2
689676,Makkapuzha,9.43745,76.81431,108,56700.0,91.5
781312,Rampur,26.2871,91.26154,108,38700.0,91.5
711322,Panchla,22.54254,88.13265,108,45300.0,91.5
689584,Mallappally East,9.44919,76.66949,108,56900.0,91.5
742212,Farakka Barrage,24.787750000000003,87.886485,108,41600.0,91.5
711302,Andul -mouri,22.59552,88.19782000000001,108,44600.0,91.5
689102,Kavumbhagom,9.37178,76.562815,108,56300.0,91.5
689612,Ayroor North,9.37855,76.74303499999999,108,56300.0,91.5
689546,Othera,9.34766,76.63203,108,56100.0,91.5
680591,Killimangalam,10.718975,76.31336,108,50400.0,91.5
781369,Ghograpar,26.50619,91.528305,108,38800.0,91.5
752093,Madhyakhand,20.360925,85.02369,108,39300.0,91.5
202155,Pisawah,28.09064,77.74991,108,63800.0,7.3
517424,Venkatagirikota,12.99009,78.53383,108,50100.0,91.5
679562,Vadakkekad,10.66303,76.00830500000001,108,52200.0,91.5
803114,Parwalpur,25.191,85.39111,108,40200.0,65.2
680684,Kodakara,10.37075,76.3306,107,56900.0,91.5
680662,Vellangallur,10.30029,76.23765499999999,107,56900.0,91.5
680686,Perinjanam,10.309995,76.14674,107,56500.0,91.5
680553,Puzhakkal,10.55048,76.17843500000001,107,54300.0,91.5
680122,Edathirinji,10.333815,76.17526,107,56600.0,91.5
855101,Bahadurganj,26.330705,87.75584,107,40100.0,65.2
791104,Mebo,28.0742219,95.4178149,107,38200.0,91.5
781367,Tambulpur,26.62811,91.58023,107,38100.0,91.5
500045,Yousufguda,17.439239999999998,78.420255,107,41400.0,7.3
500048,Hyderguda,17.357754999999997,78.420355,107,43600.0,7.3
421102,Ambivali,19.268235,73.18473,107,54800.0,1.2
682556,Kadamat,11.21401,72.772345,107,42800.0,91.5
625005,Thiruparankundram,9.9369266,78.007823,107,52800.0,91.5
680641,Anthikad,10.453275,76.13227,107,56100.0,91.5
680642,Puthenpeedika,10.440955,76.123845,107,56000.0,91.5
680685,Mathilakam,10.28848,76.16297,107,56600.0,91.5
303122,Keriya Ka Bas,26.811162118874712,75.5145263671875,107,43000.0,0.0
202129,Kauriyaganj,27.883935,78.32408,107,56500.0,7.3
798625,"Longleng, Nagaland",26.5839315,94.8045481,107,36300.0,91.5
D920456,"Mayurbhanj, Odisha · D920456",21.9156338,86.3961824,107,40100.0,91.5
D516392,"Nayagarh, Odisha · D516392",20.2393682,85.050728,107,39100.0,91.5
627862,Virasigamani,9.114935,77.47927000000001,107,50000.0,91.5
627857,Serndamangalam,9.05597,77.45670000000001,107,50300.0,91.5
627859,Surandai,8.993145,77.43470500000001,107,50500.0,91.5
627855,Puliyangudi,9.18131,77.35656,107,50900.0,91.5
682553,Agathi,10.85133,72.189405,107,44200.0,91.5
682555,Kavaratti,10.56326,72.633525,107,43700.0,91.5
799273,Chailengta,23.8253158,91.9732227,107,38200.0,91.5
689624,Ennakkad,9.277615,76.55786,107,54700.0,91.5
632105,Ussoor,12.84516,79.033465,107,41100.0,91.5
125111,Bhuna,29.5309,75.744995,107,45200.0,11.0
680612,Kanjani,10.47882,76.13037,107,55900.0,91.5
680688,Aripalam,10.313745,76.18941000000001,107,56700.0,91.5
680566,Nattika,10.420134999999998,76.097055,107,55900.0,91.5
680567,Valapad,10.398205,76.11056500000001,107,56100.0,91.5
637003,Nallipalayam,11.3033889,78.118604,107,51400.0,91.5
D968680,"Maldah, West Bengal",25.0977098,88.1261713,107,41800.0,91.5
632203,Melmayil,13.004495,78.97913,107,41000.0,91.5
632202,Latteri,12.996245,79.058165,107,41100.0,91.5
577521,Bidarakere,14.451025,76.310245,107,44700.0,100.0
580009,Dharwad Sattur,15.411165,75.047845,107,42800.0,100.0
686002,Kottayam Collectorate,9.58853,76.534165,107,59400.0,91.5
474009,Lashkar City,26.197965,78.164015,107,38400.0,45.7
396310,Amalsad,20.80144,72.90118,107,42900.0,91.5
686016,Kumaranalloor,9.621705,76.53965500000001,107,59500.0,91.5
632007,Katpadi,12.994895,79.15071499999999,107,41400.0,91.5
D145034,"Thoubal, Manipur · D145034",24.6203931,94.0104782,107,37100.0,91.5
680301,Pudukad,10.42563,76.261845,107,57400.0,91.5
680302,Alagappanagar,10.435105,76.292455,107,56700.0,91.5
680712,Madayikonam,10.376505000000002,76.22914,107,56900.0,91.5
680687,Chentrappinni,10.356265,76.13071,107,56300.0,91.5
387210,Dabhou,22.59729,72.70223,107,40700.0,91.5
577419,Jade,14.560185,75.08513500000001,107,43100.0,100.0
680312,Chengallur,10.408555,76.3344,107,55500.0,91.5
680121,Irinjalakuda,10.3445,76.205165,107,56700.0,91.5
680562,Urakam,10.426555,76.22372,107,57100.0,91.5
829202,Balumath,23.856525,84.75193,107,38800.0,91.5
680304,Palappilly,10.422105,76.43602,107,54100.0,91.5
680570,Vadakkummuri,10.427335,76.1179,107,56000.0,91.5
515812,Uravakonda,14.9619,77.20218,107,42400.0,91.5
680505,Kottappadi,10.62461,76.02684500000001,107,52700.0,91.5
686017,Kudamaloor,9.61205,76.50704999999999,107,59400.0,91.5
686020,Kiliroor North,9.56053,76.482955,107,58900.0,91.5
680653,Peechi,10.50578,76.404465,107,53800.0,91.5
680654,Vellanikkara,10.56598,76.28872,107,54600.0,91.5
680681,Kaipamangalam,10.334975,76.1414,107,56400.0,91.5
682552,Amini,11.12338,72.72315,107,43800.0,91.5
680545,Peramangalam,10.57931,76.163985,107,54200.0,91.5
680751,Nadathara,10.5175,76.29106999999999,107,56500.0,91.5
632511,Sakkaramallur,12.833655,79.48830000000001,107,52400.0,91.5
711413,Gazipur,22.551405000000003,87.95078000000001,107,44100.0,91.5
632055,Ariyur,12.875405,79.087545,107,41100.0,91.5
627759,Krishnapuram,9.09425,77.34263,107,51000.0,91.5
421305,Vidyashram,19.281625,73.05523,107,58800.0,39.0
627764,Rayagiri,9.29902,77.462455,107,48700.0,91.5
421401,Murbad,19.27894,73.53538,107,45900.0,39.0
421402,Dhasai,19.342565,73.60258,107,46000.0,39.0
689623,Kuttemperur,9.306785,76.54373,107,55000.0,91.5
635116,Royakottah,12.5152075,78.0093769,107,42600.0,91.5
110030,Mehrauli,28.499605000000003,77.165485,107,93900.0,53.0
125121,Barwala,29.350525,75.961485,107,52600.0,11.0
632204,Vaduganthangal,12.976335,79.01786,107,41100.0,91.5
632209,Ruhsa Campus,12.970335,78.96212499999999,107,41000.0,91.5
D197112,"Uttarkashi, Uttarakand",30.9635733,78.6362521,107,51900.0,91.5
466661,Doraha,23.41008,77.186415,107,42200.0,45.7
680617,Manalur,10.49391,76.10299,107,54600.0,91.5
680699,Pady,10.375039999999998,76.393125,107,56600.0,91.5
D580844,"Amravati, Maharashtra · D580844",21.1545412,77.6442962,107,35300.0,91.5
172116,Ribba,31.593013,78.3281417,107,45700.0,91.5
305405,Kadera,25.81057,75.08903000000001,107,41600.0,91.5
305404,Kekri,25.936225,75.09544,107,42300.0,91.5
686007,Pallom,9.52389,76.50145,107,58900.0,91.5
686008,Gandhi Nagar,9.64166,76.49937,107,59500.0,91.5
466651,Shyampur,23.40185,77.069705,107,42600.0,45.7
110076,Sarita Vihar,28.528575,77.30830499999999,107,172400.0,53.0
421603,Bhatsanagar,19.52065,73.395785,107,46300.0,39.0
632002,Thorapadi,12.88378,79.123955,107,41200.0,91.5
805110,Nawadha,24.889985,85.55066,107,39700.0,65.2
680521,Arthat,10.63528,76.050135,107,52600.0,91.5
632006,Gandhinagar,12.951685,79.124525,107,41300.0,91.5
689505,Mulakuzha,9.293115,76.63672,107,54700.0,91.5
534328,Peravali,16.72841,81.739905,107,43200.0,91.5
534330,Khandavalli,16.72983,81.77418,107,43100.0,91.5
685512,Anakkara S.O (Idukki),9.8154785,76.9991599,107,56600.0,91.5
636014,Kamaraj Nagar Colony,11.6469616,78.2106958,107,53700.0,91.5
680620,Arimpur,10.494915,76.13531499999999,107,54400.0,91.5
307025,Kotra,24.375595,73.164315,107,43500.0,91.5
305628,Nagola,25.971635,74.92448,107,41700.0,91.5
131301,Gohana,29.14357,76.690805,107,55700.0,91.5
680697,Thazhekkad,10.307845,76.27443500000001,107,57000.0,91.5
680602,Mattom,10.595575,76.09853000000001,107,53400.0,91.5
D552859,"Rampur, Uttar Pradesh · D552859",28.7934728,79.1845806,107,44400.0,91.5
797102,"Phek, Nagaland · 797102",25.6700924,94.3843925,107,38200.0,91.5
689124,Kallisserry,9.338435,76.594675,107,55200.0,91.5
689126,Ala,9.29926,76.60057,107,54800.0,91.5
635810,Pernambut,12.94718,78.7097,107,48400.0,91.5
635126,Hosur Indl. Complex,12.76094,77.80579,107,89200.0,91.5
680615,Engandiyur,10.50464,76.05552499999999,107,54000.0,91.5
680616,Kundaliyur,10.520885,76.05724000000001,107,53900.0,91.5
680618,Aranattukara,10.513875,76.19744,107,55300.0,91.5
680619,Trithallur,10.48296,76.07618500000001,107,54400.0,91.5
680014,Puthur-Thrissur,10.4786547,76.2726125,107,58600.0,91.5
792123,Nampong,27.2698797,96.0602442,107,37100.0,91.5
246762,Nagina S.O (Bijnor),29.4074203,78.4821406,107,45200.0,91.5
781370,Kaithalkuchi,26.464365,91.358415,107,38900.0,91.5
396436,Maroli Bazar,20.994265,72.82236499999999,107,41900.0,91.5
680563,Ammadam,10.465915,76.187265,107,55500.0,91.5
742236,Nabarun,24.777395,87.902755,107,41600.0,91.5
689123,Puthencavu,9.328145,76.635685,107,55000.0,91.5
781355,Assam Syntex,26.544345,91.300035,107,38400.0,91.5
781360,Kumarikata,26.741315,91.538885,107,38200.0,91.5
627761,Panaiyur,9.25343,77.49177,107,46300.0,91.5
415608,Makhajan,17.275995,73.49017,107,41800.0,39.0
207250,Sarai Aghat,27.363545,79.204155,107,44400.0,7.3
799013,Matabari,23.530395,91.52794,107,44100.0,91.5
689508,Kodukulanji,9.2692,76.611805,107,54500.0,91.5
689122,Angadical Chengannur,9.30784,76.63153,107,54800.0,91.5
781350,Sanekuchi,26.38516,91.549675,107,39000.0,91.5
781351,Kalag,26.43538,91.502825,107,39000.0,91.5
680683,Kallettumkara,10.34749,76.269935,107,56900.0,91.5
680555,Amalanagar,10.56238,76.165745,107,53900.0,91.5
421403,Kinholi,19.380355,73.49954,107,45700.0,39.0
421602,Kasara,19.636715,73.46665999999999,107,46700.0,39.0
781340,Banekuchi,26.487625,91.387025,107,38700.0,91.5
781344,Baganpara,26.670815,91.467685,107,38000.0,91.5
415641,Niwali,17.31978,73.4346,107,42300.0,39.0
571232,Kudige,12.536765,75.9618,107,40700.0,100.0
581350,Murdeshwar,14.12536,74.50507999999999,107,43200.0,100.0
711409,Makardaha,22.622535,88.25762499999999,107,44500.0,91.5
127026,Birhi Kalan,28.600315,76.10704,107,50100.0,11.0
680701,Thanissery,10.37534,76.181805,107,56600.0,91.5
781368,Nagrijuli,26.732785,91.64909,107,38100.0,91.5
781349,Nizdhamdhama,26.551885,91.46088,107,38400.0,91.5
680711,Karuvannur,10.40166,76.204285,107,56800.0,91.5
387220,Malataj,22.584385,72.762455,107,40600.0,91.5
680689,Perambra-thrissur,10.3591,76.334,107,56900.0,91.5
680691,Koolimuttam,10.284605,76.13898499999999,107,56500.0,91.5
680561,Cherpu,10.43465,76.197315,107,56800.0,91.5
680516,Tiruvatra,10.5974,76.00304,107,52800.0,91.5
795135,Pallel,24.455275,94.18849,107,37100.0,91.5
795138,Thoubal,24.63913,93.9953,107,36900.0,91.5
175106,Balichowki,31.66108,77.27518,107,44700.0,91.5
360410,Dhoraji,21.739125,70.39006499999999,107,39800.0,91.5
689504,Karakkad,9.275715,76.65384,107,54500.0,91.5
609203,Nidur,11.143095,79.628,107,51600.0,91.5
262908,Chandan Chauki,28.58362,80.67403999999999,107,44200.0,7.3
695527,Kovalam,8.40054,76.978195,107,53800.0,91.5
752068,Itamati,20.16327,85.16734500000001,107,38800.0,91.5
413522,Aurad Shahajani,18.03432,76.89309,107,46000.0,39.0
D502821,"Etawah, Uttar Pradesh · D502821",26.7155629,79.0917098,107,42500.0,91.5
686564,Ayarkunnam,9.6287383,76.6455326,107,59100.0,91.5
581423,Melin Idgunji,14.197025,74.55123499999999,107,42900.0,100.0
781373,Doomni,26.738805,91.29729,107,38300.0,91.5
627757,Sivagiri,9.33409,77.43417500000001,107,48900.0,91.5
627758,Vasudevanallur,9.226295,77.44196500000001,107,46800.0,91.5
766031,Risida,20.38774,83.471895,107,39300.0,91.5
766032,Karlamunda,20.354965,83.46617499999999,107,39300.0,91.5
335039,Mukalawa,29.496285,73.610545,107,45400.0,91.5
431202,Badnapur,19.82189,75.710955,107,78200.0,39.0
332710,Khachariawas,27.2051,75.313085,107,47700.0,91.5
534122,Maruteru,16.62189,81.74501000000001,107,43100.0,91.5
764027,Bandhugam,18.941325,83.30867,107,40100.0,91.5
689506,Pandanad,9.32711,76.57708,107,55100.0,91.5
689699,Thannithode,9.2780841,76.9737443,107,59400.0,91.5
D693397,"Kalahandi, Odisha · D693397",19.8265757,83.0408702,107,39700.0,91.5
175040,Dharampur,31.804275,76.77809,107,45800.0,91.5
581421,Kaikini,14.09093,74.56291999999999,107,43300.0,100.0
632059,TEL,13.011395,79.121175,107,41300.0,91.5
632114,Sathyamangalam (Vellore)S.O,12.905245,79.04976,107,41000.0,91.5
586202,Almel,17.09644,76.21669,107,38200.0,100.0
781378,Haribhanga,26.438685,91.29975,107,38800.0,91.5
534260,Palakol,16.511155000000002,81.72643500000001,107,43200.0,91.5
534267,Gummaluru,16.552419999999998,81.77789,107,43000.0,91.5
795148,Wangjing,24.57152,94.064605,107,36900.0,91.5
795149,Yairipok,24.630495,94.22465,107,36700.0,91.5
571234,Kushalnagar,12.432695,75.90833,107,40600.0,100.0
572138,Tovinakere,13.55362,77.102015,107,53200.0,100.0
313708,Nandeshma,24.79008,73.33562,107,43700.0,91.5
321201,Kumher,27.353235,77.31158500000001,107,42100.0,91.5
609116,Valluvakudi,11.246025,79.68362,107,51800.0,91.5
609003,Mayiladuthurai R.S,11.09713,79.617185,107,51700.0,91.5
534327,Poduru,16.586840000000002,81.765885,107,43100.0,91.5
335702,Jetsar,29.329095,73.693115,107,45400.0,91.5
571216,Ponnampet,12.101585,75.955315,107,41600.0,100.0
247773,Jhinjhana,29.5629,77.182995,107,42600.0,7.3
752070,Nayagarh Bazar,20.13002,85.08544,107,38900.0,91.5
752077,Khandapadagarh,20.27759,85.15944999999999,107,39000.0,91.5
175031,Jaidevi,31.469085,76.99648,107,42800.0,91.5
795130,Lilong,24.6835,93.95055,107,36800.0,91.5
752082,Bahadajhola,20.116055,84.899895,107,39000.0,91.5
752084,Daspalla,20.423855,84.804455,107,39100.0,91.5
506221,Buchannapet,17.80153,79.04275,107,51500.0,7.3
262805,Sikandrabad,27.95335,80.47739,107,44700.0,7.3
415411,Yelur,16.91308,74.28551999999999,107,64600.0,39.0
415412,Chikurde,16.91558,74.18819500000001,107,63900.0,39.0
342307,Bap,27.428645,72.452715,107,36200.0,91.5
534324,Vadali,16.668844999999997,81.78151,107,43000.0,91.5
571213,Gonikoppal,12.17012,75.97624,107,41600.0,100.0
571215,Pollibetta,12.239954999999998,75.93777,107,40400.0,100.0
627755,Mullikulam,9.18073,77.47208499999999,107,46500.0,91.5
627756,Sankarankovil,9.181435,77.53435999999999,107,46100.0,91.5
689121,Chengannur,9.321635,76.61037999999999,107,55000.0,91.5
591345,Jamboti,15.675915,74.28316,107,82100.0,100.0
362263,Bagdu,21.36026,70.52401,107,39800.0,91.5
362205,Shapur,21.453185,70.410765,107,39600.0,91.5
761209,Khariaguda,19.161125,84.44011499999999,107,39800.0,91.5
581384,Gersoppa Jyothinagar,14.241065,74.68350000000001,107,42800.0,100.0
609201,Ilanthope,11.21841,79.66247,107,51600.0,91.5
482021,R.F.R.C.,23.046435,79.97386499999999,107,39900.0,45.7
788111,Dalu,24.989735,92.785665,107,40200.0,91.5
531028,Kj Puram,17.93584,82.86361,107,43300.0,91.5
212658,Kishanpur,25.63589,81.00434999999999,107,42300.0,7.3
695523,Venganur,8.4019,77.00218000000001,107,53800.0,91.5
431114,Bhokardan,20.273855,75.81112999999999,107,78100.0,39.0
425327,Kurha-kakoda,21.02167,76.31886,107,52700.0,39.0
362015,Timbavadi,21.48142,70.44371,107,40100.0,91.5
500037,Balanagar Township,17.48875,78.44126,107,41400.0,7.3
431204,Ambad,19.617315,75.932495,107,78500.0,39.0
431208,Tembhurni,20.127265,76.034675,107,78500.0,39.0
483105,Katangi,23.406085,79.827325,107,38700.0,45.7
486771,Churhat,24.396245,81.78439,107,42100.0,45.7
686607,Thalayazham,9.717735,76.42661000000001,107,59900.0,91.5
686608,Kulasekharamangalam,9.81271,76.39965000000001,107,60400.0,91.5
799120,Radhakishorepur,23.53314,91.4961,107,44400.0,91.5
313705,Gogunda,24.7111,73.51684,107,43000.0,91.5
609806,Malliyam,11.07964,79.60271499999999,107,51300.0,91.5
609112,Tirupungur,11.18478,79.65982,107,52000.0,91.5
534331,Kakaraparru,16.775835,81.75131,107,43300.0,91.5
425408,Dondaicha,21.308325,74.49423999999999,107,59700.0,39.0
625582,Subburajnagar,10.063475,77.31481,107,48600.0,91.5
711401,Amta,22.58425,87.98810499999999,107,43700.0,91.5
711411,Begri,22.607,88.19815,107,43900.0,91.5
752069,Nayagarh,20.12831,85.119425,107,38800.0,91.5
175050,Marhi,31.824655,76.704485,107,46400.0,91.5
175030,Dehar,31.46276,76.817905,107,43200.0,91.5
572228,Kandikere,13.52867,76.617795,107,43800.0,100.0
262801,Bankey Ganj,28.195415,80.45331,107,44800.0,7.3
790003,Rupa,27.10425,92.34124,107,46400.0,91.5
332026,Nechhwa,27.645205,74.834415,107,41300.0,91.5
752085,Gania,20.439495,84.9531,107,38900.0,91.5
577529,Kondlahalli,14.58104,76.71760499999999,107,43800.0,100.0
686612,Njizhoor,9.79304,76.534425,107,60400.0,91.5
686613,Muttuchira,9.74783,76.48106,107,60100.0,91.5
482003,Garha,23.09111,79.80684500000001,107,39100.0,45.7
788118,Silcuri,24.740695,92.76418,107,40100.0,91.5
331507,Sujangarh,27.643855,74.382735,107,39100.0,91.5
326520,Aditya Nagar,24.73697,75.93241499999999,107,42300.0,91.5
689109,Tiruvanvandur,9.346625,76.56733,107,55300.0,91.5
571217,Srimangala,12.002395,75.956445,107,41600.0,100.0
788817,Behara Bazar,25.004925,92.68097,107,40400.0,91.5
331503,Charwas,27.76872,74.373215,107,38900.0,91.5
571254,Thithimathi,12.2204,75.997815,107,41600.0,100.0
413528,Shiradhon,18.52662,76.203115,107,45400.0,39.0
757017,Mantri,21.652435,86.82725500000001,107,40500.0,91.5
531036,Chodavaram,17.79144,82.926305,107,43700.0,91.5
757040,Kaptipada,21.483225,86.515125,107,40000.0,91.5
757049,Shyamakhunta,21.95157,86.63512,107,40600.0,91.5
572218,Huliyar,13.61282,76.58269,107,44200.0,100.0
752078,Kantilo,20.368195,85.187595,107,39100.0,91.5
534275,Narsapur,16.438344999999998,81.69775,107,43300.0,91.5
534280,Sitaramapuram,16.35345,81.67256499999999,107,43500.0,91.5
752091,Satpatna,20.26097,84.819345,107,39100.0,91.5
752094,Mahipur,20.139715,85.01448500000001,107,39000.0,91.5
424303,Ner,20.94894,74.50915,107,57100.0,39.0
534320,Penugonda,16.661835,81.74607,107,43200.0,91.5
571219,Balele,12.146115,76.08025,107,41700.0,100.0
484113,Venkatnagar,22.97969,81.850405,107,41300.0,45.7
412208,Talegaon Dhamdhere,18.70135,74.128015,107,50100.0,39.0
412209,Ranjangaon Ganpati,18.72501,74.25974,107,50700.0,39.0
689520,Pennukkara,9.28854,76.61528000000001,107,54700.0,91.5
689521,Kozhuvallur,9.26134,76.635435,107,54400.0,91.5
686609,Mevelloor,9.82813,76.46088,107,60600.0,91.5
531105,Sileru Project,18.00076,82.04953,107,42800.0,91.5
757079,Sarat,21.41504,86.373705,107,39700.0,91.5
403105,Pale,15.47524,74.06562500000001,107,75400.0,39.0
577540,Rampura,14.923165,76.74527499999999,107,42800.0,100.0
577543,Thallak,14.43749,76.724865,107,43000.0,100.0
212657,Khajuha,26.02521,80.47514,107,40900.0,7.3
210507,Ragaul,25.68769,80.13326,107,38900.0,7.3
788127,Jarailtala Bazar,24.941675,92.699675,107,40100.0,91.5
572106,Northren Extension,13.41506,77.13467,107,57500.0,100.0
212620,Asother,25.75047,80.88782,107,42000.0,7.3
212622,Bahrampur,25.80835,81.00679,107,42300.0,7.3
689511,Cheriyanadu,9.279685,76.576625,107,54700.0,91.5
689512,Kudassanad,9.186635,76.669445,107,53300.0,91.5
440035,Kalmna Market Yard,21.151985,79.174755,107,54700.0,39.0
441101,Khapa,21.50093,78.990735,107,57200.0,39.0
686610,Peruva,9.82821,76.49841,107,60600.0,91.5
686611,Kallara,9.70489,76.46867,107,59800.0,91.5
262727,Mitauli,27.839515,80.50776,107,44400.0,7.3
281204,Raya,27.574395000000003,77.7825,107,37400.0,7.3
638702,Kundadam,10.84357,77.400755,107,51500.0,91.5
325602,Kanwas,24.856615,76.07606999999999,107,43100.0,91.5
177203,Amb,31.672545,76.129805,107,45100.0,91.5
177206,Oel,31.606115,76.086935,107,44600.0,91.5
207003,Brahm Sajiwan,27.512475,78.78779,107,49300.0,7.3
790114,Bhalukpong,27.106225,92.630035,107,45500.0,91.5
571250,Kutta,12.030175,76.096935,107,41600.0,100.0
571253,Siddapura-Kodagu,12.30715,75.8942,107,40300.0,100.0
531021,Paravada,17.616819999999997,83.08357,107,44200.0,91.5
531023,Govada,17.801650000000002,82.97937999999999,107,44000.0,91.5
695501,Balaramapuram,8.399075,77.041185,107,53100.0,91.5
799105,Kakraban,23.47381,91.4005,107,44200.0,91.5
412220,MIDC Ranjangaon Ganpati,18.79584,74.26972,107,50700.0,39.0
788110,Borkhola,24.93308,92.71024,107,40100.0,91.5
690105,Chennithala,9.284405,76.51811000000001,107,54800.0,91.5
690106,Chettikulangara,9.225395,76.509175,107,54400.0,91.5
440026,Uppalwadi,21.195225,79.114495,107,53200.0,39.0
441107,Saoner,21.388415,78.85639499999999,107,58400.0,39.0
799101,Amarpur,23.57238,91.664965,107,43400.0,91.5
757001,Baripada,21.928375000000003,86.73719,107,40400.0,91.5
580026,Hubli Tarihal Indl. Estate,15.353925,75.03954999999999,107,42700.0,100.0
486661,Sidhi,24.361635,81.87232,107,42700.0,45.7
757003,Takatpur,21.94458,86.749675,107,40400.0,91.5
413132,Palasdeo,18.198085,74.94611499999999,107,47000.0,39.0
695521,Vizhinjam,8.377765,76.99741,107,52900.0,91.5
799125,Garjee,23.42382,91.524565,107,43000.0,91.5
788003,Tarapur,24.862405,92.75931,107,40400.0,91.5
788025,Arunachal,24.86847,92.68798,107,40500.0,91.5
441302,Katol,21.26254,78.62465499999999,107,55500.0,39.0
524308,Sangam,14.62737,79.73891,107,41500.0,91.5
577535,Molakalmuru,14.735515,76.71727,107,44500.0,100.0
577536,Nayakanahatti,14.488325,76.558445,107,43000.0,100.0
321206,Janoothar,27.39243,77.214235,107,42300.0,91.5
695042,Kalliyoor,8.421115,77.008625,107,54600.0,91.5
577522,Challakere,14.250305,76.72306499999999,107,42400.0,100.0
580024,Old Hubli,15.27814,75.092615,107,42500.0,100.0
325208,Gadepan,25.184495,76.18399500000001,107,43300.0,91.5
212645,Haswa,25.889175,80.917485,107,42100.0,7.3
689509,Venmony,9.25015,76.626785,107,54300.0,91.5
689510,Puliyoor,9.308085,76.56995,107,54900.0,91.5
311201,Jahazpur,25.661745,75.32195999999999,107,39700.0,91.5
311403,Mandal,25.44551,74.46862,107,40200.0,91.5
757029,Krushnachandrapur,21.837695,86.79968,107,40400.0,91.5
531127,Satyavaram,17.307785,82.58368999999999,107,43700.0,91.5
531019,Jawaharlalnehru Pharmacity,17.69652,83.084,107,44500.0,91.5
523357,Giddalur,15.374735,78.865605,107,39200.0,91.5
680020,Thrissur City,10.53384,76.217525,107,55300.0,91.5
680021,Thrissur R S,10.51555,76.2115,107,55600.0,91.5
686604,Kaduthuruthy,9.7814,76.48606,107,60300.0,91.5
690509,Kollakadavu,9.248225,76.59056000000001,107,54300.0,91.5
530031,Visakhapatnam Steel Project,17.616575,83.17465,107,44600.0,91.5
530032,Ukkunagaram,17.648760000000003,83.142875,107,44700.0,91.5
686632,Kanakari,9.70534,76.538725,107,59900.0,91.5
788116,Palonghat,24.636635,92.91635,107,40100.0,91.5
531001,Anakapalle,17.691825,82.993965,107,44000.0,91.5
531020,Ntpc Simhadri,17.56994,83.09461999999999,107,44100.0,91.5
757027,Kuamara,21.63042,86.73775,107,40400.0,91.5
757028,Baisinga,21.634625,86.91174000000001,107,40700.0,91.5
690558,Mankamkuzhy,9.226745,76.60233,107,54100.0,91.5
690559,Perungala,9.19118,76.520915,107,54000.0,91.5
690104,Cherukole,9.273435,76.5361,107,54700.0,91.5
690103,Thattarambalam,9.25477,76.52123,107,54600.0,91.5
531002,Nidanam Doddi,17.69963,83.02800500000001,107,44200.0,91.5
440025,Khamla,21.09991,79.057065,107,54800.0,39.0
531032,Thummapala,17.73356,82.95972,107,43800.0,91.5
440034,Mhalginagar,21.09785,79.138875,107,54000.0,39.0
441112,Kelod,21.43605,78.87517,107,57500.0,39.0
686630,Thellakom,9.643015,76.54563999999999,107,59600.0,91.5
757002,Bhanjpur,21.950395,86.733485,107,40400.0,91.5
788123,Bekirpar,24.63593,92.864145,107,40100.0,91.5
326517,Morak,24.757825,76.013945,107,42600.0,91.5
241126,Kachhauna,27.17496,80.34483,107,44400.0,7.3
690572,Kareelakulangara,9.1972,76.496135,107,54200.0,91.5
396521,Chikhli,20.726415,73.067485,107,42900.0,91.5
686652,Melukavumattom,9.77122,76.761225,107,59800.0,91.5
686653,Kadanad Meenachil,9.78587,76.70154,107,60000.0,91.5
788026,Srikona,24.79421,92.720855,107,40300.0,91.5
680009,Thrissur Engg College,10.55462,76.22441,107,54800.0,91.5
686106,Changanacherry Industrialnagar,9.47119,76.560925,107,59200.0,91.5
302017,Malviya Nagar,26.835455,75.86397,107,43600.0,91.5
523373,Komarole,15.262285,79.034045,107,39300.0,91.5
690534,Chunakara,9.205435,76.60009,107,53800.0,91.5
686635,Marangattupally,9.75036,76.62573499999999,107,60000.0,91.5
686636,Monippally,9.806855,76.579785,107,60400.0,91.5
686587,Vayala,9.718,76.58556,107,59900.0,91.5
313701,Phalasia,24.228685,73.32464999999999,107,43200.0,91.5
686574,Arunapuram,9.733815,76.67206999999999,107,59900.0,91.5
311026,Mod Ka Nimbahera,25.590055,74.452825,107,40300.0,91.5
686606,Thirumani Venkita Puram,9.71225,76.39353,107,59800.0,91.5
686651,Anthinad,9.776935,76.71067,107,59900.0,91.5
680007,Kurkancheri,10.497915,76.19816499999999,107,55600.0,91.5
680508,Puvathur,10.55935,76.08878999999999,107,53800.0,91.5
680012,Pullazhi,10.502445000000002,76.17232,107,54900.0,91.5
680013,Kuttur,10.56621,76.19915,107,54200.0,91.5
524309,Virur,14.51797,79.735305,107,40200.0,91.5
686603,Manjoor,9.721845,76.51427,107,59900.0,91.5
686616,Newsprint Nagar,9.82967,76.466955,107,60600.0,91.5
686634,Ozhavur,9.800775000000002,76.61635000000001,107,60300.0,91.5
686579,Plassanal,9.716645,76.75631,107,59700.0,91.5
686586,Moonnilavu,9.760425,76.798,107,59600.0,91.5
530046,Vadlapudi,17.689345,83.16297,107,45000.0,91.5
530053,Aganampudi,17.69715,83.12701000000001,107,44800.0,91.5
313004,Udaipur,24.597115,73.675635,107,42600.0,91.5
757024,Sankerko,21.86503,86.63385500000001,107,40600.0,91.5
680005,Thrissur East,10.521185,76.236695,107,56100.0,91.5
680006,Kuriachira,10.50271,76.23264,107,56500.0,91.5
515402,Gooty R.S.,15.176975,77.63575499999999,107,40400.0,91.5
475220,Bhitarwar,25.877505,78.09889,107,37700.0,45.7
523335,Ardhaveedu,15.67366,78.885595,107,40700.0,91.5
455227,Bagli,22.560405000000003,76.30617000000001,107,49700.0,45.7
680310,Parappukkara,10.403775,76.251155,107,57100.0,91.5
680596,Thrissur Medical College,10.624255,76.19872000000001,107,52900.0,91.5
686533,Kuzhimattom,9.52805,76.54225,107,59200.0,91.5
686141,Vaikom,9.754365,76.39753,107,60000.0,91.5
396469,Ugat,20.953435,73.05666500000001,107,42600.0,91.5
757075,Dukura,21.7942,86.65055000000001,107,40500.0,91.5
515842,Konakondla,15.10962,77.33869999999999,107,41600.0,91.5
686633,Kuravilangadu,9.74179,76.56901500000001,107,60000.0,91.5
757083,Bhimda,21.6316,86.781275,107,40500.0,91.5
757103,Pratappur,21.800315,86.7256,107,40500.0,91.5
686561,Mannanam,9.648565,76.52705,107,59600.0,91.5
515401,Gooty,15.1354,77.5999,107,40600.0,91.5
680104,Thaikkad,10.587475,76.06587999999999,107,53300.0,91.5
679531,Cheruthuruthy,10.73792,76.294455,107,52400.0,91.5
474004,Birla Nagar,26.233365,78.19055,107,38400.0,45.7
686104,Kurisummoodu,9.465915,76.54558,107,59100.0,91.5
523367,Mundlapadu,15.295345,78.859555,107,39200.0,91.5
523369,Rajupalem,15.31957,78.98339,107,39300.0,91.5
441210,Mandhal,20.958525,79.53390999999999,107,57800.0,39.0
396466,Satem,20.90861,73.10406,107,43100.0,91.5
523112,C.S.Puram,15.160515,79.189085,107,39400.0,91.5
515822,Amidyaya,14.829935,77.23146,107,41700.0,91.5
686562,Athirampuzha,9.6689,76.534425,107,59700.0,91.5
686563,Kumarakom,9.605125,76.43403,107,59100.0,91.5
474020,Maharajpura A.F.,26.29351,78.23352,107,38600.0,45.7
686605,Thalayolaparambu,9.786835,76.44393500000001,107,60300.0,91.5
680102,Ariyannur,10.600549999999998,76.072755,107,53200.0,91.5
680103,Puthanpalli,10.616975,76.043025,107,52800.0,91.5
515763,Bommaganipalli,14.610875,77.01914500000001,107,41300.0,91.5
686576,Ramapuram Bazar,9.812575,76.66366,107,60200.0,91.5
680008,Cherur,10.547305,76.228055,107,55100.0,91.5
680513,Toyakkavu,10.506615,76.080975,107,54200.0,91.5
680571,Kilakkummuri,10.43292,76.151515,107,56300.0,91.5
680581,Mulagunnathukavu,10.603695,76.234865,107,53500.0,91.5
686102,Perunna,9.43018,76.515505,107,57300.0,91.5
686103,Vazhappally West,9.45815,76.514345,107,58900.0,91.5
690110,Kallumala,9.235095,76.567125,107,54300.0,91.5
690529,Padanilam,9.202555,76.63127,107,53700.0,91.5
686146,Padinjarekkara,9.76975,76.41836,107,60100.0,91.5
686601,Neendoor,9.682245,76.486835,107,59700.0,91.5
757106,Salchua,21.425435,86.45677,107,39700.0,91.5
396110,Bigri,20.746405000000003,72.92874499999999,107,42800.0,91.5
515872,Herial,15.02572,76.83146500000001,107,44300.0,91.5
515761,Kalyandurg,14.5466,77.1422,107,41000.0,91.5
680510,Venkitangu,10.52064,76.11355,107,54500.0,91.5
454446,Manawar,22.29631,75.09527,107,54400.0,45.7
680512,Orumanayur,10.551985,76.02638,107,53400.0,91.5
680306,Ollur,10.46715,76.26024000000001,107,57900.0,91.5
686006,Nattassery S H Mount,9.60728,76.53686,107,59500.0,91.5
686532,Sachivothamapuram,9.5045,76.53668,107,59100.0,91.5
690107,Thekkekara,9.206225,76.563275,107,54000.0,91.5
690108,Kunnam,9.25148,76.571675,107,54400.0,91.5
686143,Udayanapuram,9.781635,76.39035000000001,107,60200.0,91.5
686144,Kudavechoor,9.671365000000002,76.428595,107,59600.0,91.5
396406,Abrama,20.860925,72.8995,107,42800.0,91.5
757082,Garhdeulia,21.606805,86.91413,107,40800.0,91.5
686602,Kaipuzha,9.671285,76.51058499999999,107,59700.0,91.5
480223,Singodi,22.17772,79.06507,107,39200.0,45.7
680305,Nellayi-thrissur,10.38885,76.27421,107,57000.0,91.5
680509,Mullassery,10.534025,76.084195,107,54000.0,91.5
680010,Viyyur,10.563535,76.21595500000001,107,54500.0,91.5
680011,Kanattukara,10.527875,76.19887,107,55100.0,91.5
455221,Karnawad,22.742635,76.19167999999999,107,52200.0,45.7
302033,Pratap Nagar Sector 11,26.802335,75.823425,107,43700.0,91.5
136117,Kalayat,29.695535,76.28076,107,56400.0,91.5
680552,Parappur,10.566585,76.12990500000001,107,54100.0,91.5
680317,Kallur,10.45609,76.31008,107,56700.0,91.5
680001,Thrissur,10.51847,76.2185,107,55700.0,91.5
679563,Nhamanghat,10.643,76.01948999999999,107,52400.0,91.5
680022,Thiruvambady TSR,10.53965,76.209415,107,55000.0,91.5
686015,Aymanam,9.624065,76.48379,107,59400.0,91.5
515865,Rayadurg,14.80774,76.87911,107,42300.0,91.5
680028,Kuruchikkara,10.591415,76.27753000000001,107,53800.0,91.5
680101,Guruvayur,10.593875,76.04212000000001,107,53100.0,91.5
515832,Vajrakarur,14.992555,77.35521,107,41500.0,91.5
517123,Sodam,13.507575,78.930995,107,41200.0,91.5
686001,Kottayam,9.592965,76.52067,107,59300.0,91.5
303323,Gudha Katla,27.073825,76.45704,107,48800.0,91.5
680568,Edamuttam,10.368745,76.11460500000001,107,56200.0,91.5
680541,Mundur-TC,10.599615,76.18581,107,53300.0,91.5
680501,Kecheri,10.63834,76.11396500000001,107,52900.0,91.5
680502,Choondal,10.626965,76.09845,107,53000.0,91.5
680003,Ayyanthole,10.530175,76.183515,107,54800.0,91.5
680004,Poothole,10.52075,76.20245,107,55300.0,91.5
686003,Kottayam West,9.572525,76.50297499999999,107,59100.0,91.5
517429,Mogili Venkatagiri,13.139125,78.87054499999999,107,41100.0,91.5
396460,Panar,20.818685,72.87739,107,42600.0,91.5
396051,Amba Talat,20.576285,73.30954,107,42300.0,91.5
515870,Vidapanakal,15.06063,77.14489,107,43300.0,91.5
515871,Kanekal,14.87697,77.01003,107,42800.0,91.5
680569,Talikulam,10.448075,76.086885,107,55700.0,91.5
680522,Paluvai,10.577165,76.049995,107,53300.0,91.5
474002,Gwalior R.S.,26.207215,78.18254,107,38600.0,45.7
474003,Gwalior City,26.237205000000003,78.18626,107,38200.0,45.7
455115,Bhonrasa,22.972585,76.21492,107,51500.0,45.7
680546,Kaiparamba,10.59875,76.137455,107,53600.0,91.5
680665,Panangad,10.27255,76.168385,107,58100.0,91.5
680631,Ramavarmapuram,10.558225,76.24445499999999,107,54900.0,91.5
455440,Kantaphod,22.56219,76.536505,107,48000.0,45.7
455459,Satwas,22.475695,76.66973,107,46500.0,45.7
515801,Guntakal,15.176395,77.36391,107,41400.0,91.5
515803,Old Guntakal,15.1626,77.416425,107,41200.0,91.5
680504,Koonamoochi,10.614225,76.092315,107,53100.0,91.5
686531,Chingavanam,9.520025,76.52269000000001,107,59000.0,91.5
680506,Chavakkad,10.593045,76.02339,107,53000.0,91.5
680507,Pavaratty,10.55668,76.05610999999999,107,53600.0,91.5
686022,Chengalam South,9.598695,76.47056,107,59100.0,91.5
686041,Malloossery,9.609315,76.52006499999999,107,59400.0,91.5
680523,Kizhur,10.649745,76.04614000000001,107,52500.0,91.5
680524,Padoor,10.53346,76.06636,107,53900.0,91.5
680611,Elthuruth,10.502195,76.18212,107,55200.0,91.5
805121,Nemdarganj,24.81902,85.58892499999999,107,39600.0,65.2
680514,Kadappuram,10.539855,76.03315,107,53500.0,91.5
680515,Edakkaliyur,10.622445,75.993295,107,52500.0,91.5
515774,Kallur R.S.,14.90198,77.53806,107,40700.0,91.5
515775,Pamidi,14.9612,77.53142,107,40900.0,91.5
680002,Punkunnu,10.540845,76.19771,107,54800.0,91.5
680503,Kunnamkulam,10.64715,76.06362999999999,107,52600.0,91.5
680026,Chiyyaram,10.49916,76.2253,107,56300.0,91.5
680027,Kanimangalam,10.47357,76.21128999999999,107,56100.0,91.5
686005,Thazhathangady,9.595415,76.49712,107,59200.0,91.5
690510,Olakettiambalam,9.19806,76.532625,107,54000.0,91.5
781346,Barama,26.53569,91.372325,107,38300.0,91.5
795113,CRPF Camp Langjing,24.7590802,93.8617365,107,38300.0,91.5
805104,Kadirganj,24.9193,85.60109,107,39900.0,65.2
805103,Hasua,24.8335,85.40829500000001,107,39800.0,65.2
680655,Ollukkara,10.52666,76.24839,107,56100.0,91.5
784529,Chapaichowka,26.420805,92.021835,107,37500.0,91.5
680722,Potta,10.323785,76.327355,107,57000.0,91.5
680651,Mannuthy,10.54671,76.262835,107,55400.0,91.5
110090,Karawal Nagar,28.747315,77.247525,107,63900.0,53.0
822111,Barwadih,23.81932,84.111055,107,39500.0,91.5
680589,Enkakad,10.635325000000002,76.31975,107,52200.0,91.5
680590,Kumaranellur TC,10.686945,76.23749000000001,107,51500.0,91.5
680661,Nadavaramba,10.32416,76.21699000000001,107,56800.0,91.5
680656,Kerala Agri-university,10.548085,76.281025,107,55300.0,91.5
680703,Edathuruthy,10.374055,76.141285,107,56300.0,91.5
680702,Kattoor,10.38279,76.15413000000001,107,56400.0,91.5
680564,Pazhuvil,10.41494,76.161305,107,56400.0,91.5
680565,Peringottukara,10.412775,76.13253,107,56200.0,91.5
734313,Mungpoo,26.965055,88.3579,107,53500.0,91.5
632004,Vellore Fort,12.927785,79.12979,107,41200.0,91.5
632012,Saidapet,12.926895,79.14821,107,41300.0,91.5
627751,Kadayanallur,9.11732,77.31706,107,51200.0,91.5
680551,Puranattukara,10.552135,76.14605,107,54400.0,91.5
577502,Station Road-chitradurga,14.310755,76.3288,107,44000.0,100.0
680582,Wadakanchery-TC,10.663415,76.24439,107,52000.0,91.5
680583,Mullurkkara,10.703035,76.27464499999999,107,51000.0,91.5
305407,Sawar,25.77036,75.215305,107,41700.0,91.5
303701,Jahota,27.088610000000003,75.62979,107,45700.0,91.5
680652,Pattikkad TC,10.55604,76.35481,107,53800.0,91.5
680517,Kanippayur,10.626345,76.07156499999999,107,52900.0,91.5
680123,Konathukunnu,10.29129,76.202505,107,58100.0,91.5
680125,Irinjalakuda North,10.366425,76.216325,107,56800.0,91.5
500096,Film Nagar,17.41476,78.41039,107,41200.0,7.3
690102,Thazhakara,9.25897,76.55901,107,54500.0,91.5
680303,Varandarappilly,10.43208,76.33773,107,55700.0,91.5
680511,Chittattukara,10.568775,76.08153999999999,107,53600.0,91.5
110044,Badarpur,28.50961,77.29921999999999,107,140500.0,53.0
680614,Vatanappally,10.48576,76.06737,107,54300.0,91.5
466665,Ahmedpur,23.53383,77.2284,107,41600.0,45.7
466125,Maina,23.134275,76.67108999999999,107,45200.0,45.7
110059,Uttam Nagar,28.62,77.06,107,72500.0,35.4
632104,Virnjipuram,12.919615,79.041945,107,41000.0,91.5
632008,Shenbakkam,12.926975,79.117255,107,41200.0,91.5
632201,Kilvayathinankuppam,12.96215,78.990385,107,41000.0,91.5
787059,Silapathar,27.5945155,94.7192098,107,36600.0,91.5
560085,Banashankari,12.924,77.563,107,76900.0,100.0
686012,Pakkil,9.559675,76.525335,107,59200.0,91.5
686013,Nattakom,9.565675,76.51594499999999,107,59200.0,91.5
731130,Rajnagar,23.97994,87.31165,107,43700.0,91.5
632013,Konavattam,12.920585,79.10786,107,41200.0,91.5
632014,Vellore Institute Of Technolog,12.97092,79.16263,107,41400.0,91.5
680518,Agalad,10.647225,75.994415,107,52300.0,91.5
680520,Thozhiyur,10.63955,76.03572,107,52500.0,91.5
421100,Padagha,19.375494679934004,73.16873515021356,107,56500.0,1.2
690101,Mavelikara,9.244025,76.541215,107,54400.0,91.5
632010,Abdullapuram,12.9021849,79.061104,107,41100.0,91.5
680601,Velur Thrissur,10.629705,76.16438,107,53300.0,91.5
680613,Kandassankadavu,10.47777,76.09394,107,54600.0,91.5
784505,Rangapara,26.7677707,92.7014089,107,37500.0,91.5
632603,Paradarami,13.049085,78.97527500000001,107,41000.0,91.5
627856,Sambavarvadakarai,9.01248,77.38871,107,50800.0,91.5
686014,Olessa,9.612995000000002,76.47891,107,59300.0,91.5
686535,Thuruthy,9.48297,76.53584,107,59100.0,91.5
635109,Hosur,12.736675,77.838165,107,90200.0,91.5
531085,Kotauratla,17.515535,82.666205,106,43300.0,91.5
611104,Kilvelur,10.77141,79.75957500000001,106,48800.0,91.5
799157,Anandapur,23.13453,91.36994,106,42000.0,91.5
688012,Alappuzha Bazar,9.49057,76.32239000000001,106,57900.0,91.5
311806,Sahada,25.145185,74.190845,106,40600.0,91.5
313001,Udaipur Shastri Circle,24.55152,73.73300499999999,106,43300.0,91.5
784125,Mangaldoi,26.4373481,92.0047145,106,37300.0,91.5
D191344,"Baleshwar, Odisha",21.5197916,86.8790638,106,40600.0,91.5
127043,Rodhan,28.754625,75.752685,106,54000.0,11.0
680741,Annamanada,10.23226,76.31128000000001,106,58700.0,91.5
680732,Mala-thrissur,10.236955,76.27170000000001,106,58500.0,91.5
680733,Poyya,10.204294999999998,76.249605,106,58600.0,91.5
281303,Gokul,27.43697,77.72195500000001,106,33400.0,7.3
285123,Jalaun,26.151575,79.39154500000001,106,41300.0,7.3
682557,Kalpeni,10.07038,73.64252,106,43700.0,91.5
791122,"Upper Subansiri, Arunachal Pradesh",28.2596054,94.0938106,106,50200.0,91.5
691315,"Kollam, Kerala · 691315",8.9674039,76.8585783,106,40300.0,91.5
688504,Pulincunnu,9.452055,76.44158,106,56700.0,91.5
581322,Bilgi,14.34146,74.743795,106,42400.0,100.0
695126,Perumpazhuthoor,8.425550000000001,77.083235,106,53400.0,91.5
313002,Udaipur H Magri,24.56029,73.71819500000001,106,43300.0,91.5
531026,Vaddadi,17.793425,82.85485,106,43400.0,91.5
799144,Santirbazar,23.3461,91.615505,106,41700.0,91.5
799155,Beloniya,23.24471,91.4815,106,41500.0,91.5
688008,Thumpoly,9.51897,76.319565,106,58000.0,91.5
580112,Morab,15.52764,75.14952,106,43300.0,100.0
577598,Hiriyur,13.860965,76.62182,106,41000.0,100.0
531033,Munagapaka,17.601215,82.99924,106,43800.0,91.5
799104,Jatanbari,23.34591,91.821225,106,41600.0,91.5
695123,Aralumoodu,8.394925,77.05770000000001,106,52600.0,91.5
795102,Chakpikarong,24.1700959,94.0059673,106,39100.0,91.5
D211386,"Bishnupur, Manipur · D211386",24.5263926,93.800487,106,36900.0,91.5
688503,Moncombu Thekkekara,9.43449,76.41146,106,56600.0,91.5
531083,Pedagummuluru,17.43325,82.79979,106,43500.0,91.5
695125,Ottasekharamangalam,8.476064999999998,77.14061000000001,106,53700.0,91.5
311301,Asind,25.657715,74.300815,106,40300.0,91.5
533125,Dowlaiswaram,16.944004999999997,81.7816,106,43000.0,91.5
573131,Nuggihalli,13.05515,76.47196,106,43200.0,100.0
244401,Dilari,29.045155,78.75189499999999,106,43800.0,7.3
311024,Railagaon,25.639,74.57179,106,39700.0,91.5
484444,Jamuna Colliery,23.14554,81.93148,106,40900.0,45.7
788099,Matinagar,24.55415,92.99927,106,40700.0,91.5
388470,Sunav,22.530685,72.81726,106,39500.0,91.5
388580,Virsad,22.37055,72.75947500000001,106,39200.0,91.5
580004,Dharwad Vidyagiri,15.433825,75.02328,106,43200.0,100.0
580006,Dharwad M J Nagar,15.525815,75.075875,106,43700.0,100.0
531087,Koyyuru,17.67933,82.177315,106,43100.0,91.5
757025,Betnoti,21.73788,86.808415,106,40200.0,91.5
531025,Ravikamatham,17.772665,82.687335,106,42800.0,91.5
440036,Jaitala,21.111595,79.02367,106,55300.0,39.0
531084,Kd Peta,17.71187,82.35692499999999,106,43200.0,91.5
757023,Garia,21.941965,86.90636,106,40200.0,91.5
757018,Chitrada,21.828905,86.9062,106,40000.0,91.5
531055,Yellamanchili,17.534655,82.86012,106,43100.0,91.5
781315,Barpeta Road,26.643205,90.841355,106,38400.0,91.5
508285,Tekula Somaram,17.433355,78.94068,106,52800.0,7.3
791118,"Kurung Kumey, Arunachal Pradesh",27.9863677,93.1578347,106,41200.0,91.5
484330,Jaithari,23.0346179,81.7510255,106,41100.0,45.7
531031,Kasimkota,17.648805,82.90870000000001,106,43500.0,91.5
531011,Atchutapuram,17.528750000000002,83.010605,106,43600.0,91.5
580002,Dharwad Saraswatpur,15.431165,75.00901999999999,106,43400.0,100.0
580003,Dharwad K V V,15.434235,74.979075,106,43800.0,100.0
632101,Anaikkattu,12.838605,78.961615,106,40900.0,91.5
531024,Paderoo,18.003605,82.72408,106,42800.0,91.5
305600,"Ajmer, Rajasthan · 305600",26.3318872,74.7169752,106,40100.0,91.5
689622,Mannar,9.320545,76.52293,106,55100.0,91.5
413226,Chapalgaon,17.62863,76.17840000000001,106,36900.0,39.0
413228,Valsang,17.611134999999997,76.083105,106,38100.0,39.0
411024,Khadakwasla R.S.,18.439915,73.777895,106,49300.0,39.0
413218,Wagadari,17.64536,76.33148,106,38700.0,39.0
734201,Bijanbari,27.106135,88.17862,106,55800.0,91.5
734103,Jalpahar,27.03265,88.24561,106,54500.0,91.5
761010,Chikiti,19.209695,84.62212,106,39200.0,91.5
761004,Patrapur,19.12977,84.57978499999999,106,39400.0,91.5
688505,Champakulam,9.421415,76.39737500000001,106,56600.0,91.5
688506,Kavalam,9.483735,76.45849,106,57600.0,91.5
474015,AB VIII TM Gwalior,26.25005,78.17609999999999,106,37800.0,45.7
176090,Sandhole,31.842365,76.66373,106,46300.0,91.5
766102,Madanpur Rampur,20.24439,83.58517,106,38900.0,91.5
175038,Nihri,31.36938,76.989675,106,42100.0,91.5
781343,Dhanbil,26.672985,91.397015,106,37700.0,91.5
781333,Barimakha,26.59458,91.39775,106,37800.0,91.5
689574,Muttar,9.399415,76.50287,106,56500.0,91.5
689590,Veliyanadu,9.44642,76.468965,106,56700.0,91.5
301406,Malakhera,27.4140049,76.6170387,106,52800.0,91.5
688501,Kainakary,9.5003416,76.4123364,106,56600.0,91.5
632103,Odugathur,12.72909,78.90547000000001,106,41100.0,91.5
502256,Nyalkal,17.887855000000002,77.689375,106,44200.0,7.3
798611,"Kiphire, Nagaland",25.8117088,94.8474036,106,39800.0,91.5
500054,HMT Township,17.500439999999998,78.4499,106,40700.0,7.3
400059,Andheri West,19.119,72.836,106,74700.0,100.0
125049,Sisai,29.19773,76.01129499999999,106,52600.0,11.0
680682,Puthenchira,10.26395,76.237955,106,58300.0,91.5
370405,Bhujpur,22.929515,69.59860499999999,106,40400.0,91.5
734222,Takdah,27.043995,88.365725,106,55600.0,91.5
734226,Rangli Rangliot,27.016615,88.37784500000001,106,55000.0,91.5
757026,Barsahi,21.712955,86.722835,106,40200.0,91.5
413255,Midc Chincholi,17.736095,75.811115,106,38000.0,39.0
689627,Melpadom,9.312735,76.49072,106,55100.0,91.5
D193421,"Kishanganj, Bihar · D193421",26.2984144,87.9466715,106,40600.0,91.5
734104,North Point,27.082305,88.268305,106,55800.0,91.5
531114,Kothakota,17.725365,82.71039999999999,106,42800.0,91.5
531060,S Rayavaram,17.443145,82.81277,106,43500.0,91.5
531027,Madugula,17.86279,82.772715,106,43000.0,91.5
761037,Surangi,19.171995000000003,84.54035999999999,106,39500.0,91.5
734101,Darjeeling,27.038400000000003,88.248065,106,54700.0,91.5
761005,Jaradagada,19.042565,84.457785,106,39700.0,91.5
761006,Jayantipur,19.070355,84.61504500000001,106,39300.0,91.5
734105,Lebong,27.06744,88.291935,106,55600.0,91.5
734221,Sukhiapokhari,27.092565,88.09561,106,55300.0,91.5
484220,Chachai,23.156885000000003,81.657325,106,40500.0,45.7
421204,Manpada,19.165285,73.08652000000001,106,47600.0,39.0
370030,Mankuwa,23.239165,69.410645,106,40200.0,91.5
D270808,"Katni, Madhya Pradesh · D270808",23.7176393,80.2610181,106,38200.0,91.5
384330,Satlasana,24.03191,72.77696499999999,106,55300.0,91.5
577413,Anavatti,14.57237,75.197085,106,43100.0,100.0
440027,Parvati Nagar,21.1063,79.092985,106,52200.0,39.0
531117,Vemulapudi,17.560544999999998,82.568265,106,43200.0,91.5
761011,Nuapada,19.24182,84.476955,106,39600.0,91.5
632107,Guruvarajapalayam,12.766105,78.865275,106,41000.0,91.5
422013,Sawarkar Nagar,20.014725,73.75271000000001,106,41800.0,39.0
125106,Dharsul Kalan,29.67918,75.73520500000001,106,44800.0,11.0
781377,Thamna,26.62812,91.280075,106,37800.0,91.5
440024,Ayodhya Nagar,21.123025,79.119025,106,51300.0,39.0
484116,Amai Colliery,23.15759,81.61052000000001,106,40500.0,45.7
484117,Amlai Paper Mills,23.210230000000003,81.60461000000001,106,40600.0,45.7
632602,Gudiyattam,12.94533,78.870695,106,40700.0,91.5
680734,Kuzhur,10.200305,76.290165,106,58800.0,91.5
784165,Dhalpur,26.931330000000003,93.776615,106,47100.0,91.5
246729,Chandpur Sugar Factory,29.184025,78.29772,106,57500.0,7.3
531115,Nathavaram,17.541505,82.45121499999999,106,43400.0,91.5
313011,Badgaon,24.712605,73.648515,106,42300.0,91.5
689595,Ramankary,9.415665,76.469155,106,56600.0,91.5
784502,Bindukuri,26.742685,92.713105,106,37900.0,91.5
673574,Unnikulam,11.4655936,75.89194,106,46900.0,91.5
586127,Shivangi,16.814415,75.8933856,106,37000.0,100.0
125077,Odhan,29.70237,74.93556,106,35900.0,11.0
560091,Viswaneedam,12.98883,77.48582999999999,106,54400.0,100.0
572104,Kyathasandra,13.33492,77.16969,106,61000.0,100.0
416109,Hatkalangada,16.774630000000002,74.39976999999999,106,55200.0,39.0
247778,Un,29.618095,77.230325,106,41100.0,7.3
261141,Maholi,27.673915,80.45833999999999,106,43400.0,7.3
680664,Kodungallur,10.22582,76.19799,106,58400.0,91.5
680663,Pullut,10.23754,76.213915,106,58400.0,91.5
680666,Eriyad,10.209455,76.16949,106,58300.0,91.5
175014,Drubbal,31.84578,76.812615,106,43900.0,91.5
711412,Chitrasenpur,22.659195,87.96073,106,42900.0,91.5
711414,Maju,22.596705,88.089875,106,43400.0,91.5
791002,Yingkiong,28.7312046,95.0377315,106,40300.0,91.5
627502,Padmaneri,8.5495014,77.5805178,106,43200.0,91.5
680721,Pariyaram,10.351255,76.62077500000001,106,54900.0,91.5
416236,5 Star MIDC Kagal,16.61228,74.36716999999999,106,54900.0,39.0
416102,Nandani,16.740455,74.538855,106,57200.0,39.0
761109,Badagada,19.58876,84.36608,106,39000.0,91.5
632058,Pennathur,12.8453,79.10919,106,40500.0,91.5
247554,Deoband,29.688735,77.66484,106,40700.0,7.3
577517,Turuvanur,14.35538,76.45506499999999,106,41600.0,100.0
581196,Mishrikoti,15.22284,75.061005,106,42800.0,100.0
680731,Ashtamichira,10.28797,76.28739,106,58300.0,91.5
484224,Anuppur,23.22651,81.710035,106,40600.0,45.7
202130,Chharra,27.94392,78.389805,106,54900.0,7.3
734102,Ghoom,27.02607,88.25918,106,54400.0,91.5
333001,"Jhunjhununu, Rajasthan",28.1071434,75.3755202,106,40100.0,91.5
122104,"Mewat, Haryana",27.7939605,77.0120827,106,87900.0,11.0
580114,Dhumwad,15.322475,75.007655,106,43000.0,100.0
311001,Bhilwara,25.344165,74.62113500000001,106,39800.0,91.5
440022,Ranapratap Nagar,21.11682,79.05528,106,53000.0,39.0
680724,Kuttichira,10.37845,76.52165,106,55100.0,91.5
345028,Nachana,27.608985,71.63513499999999,106,38400.0,91.5
689572,Thalavady,9.36613,76.497885,106,55500.0,91.5
680671,Edavilangu,10.2502,76.156135,106,58200.0,91.5
132040,Ballah,29.532825000000003,76.82379499999999,106,54500.0,91.5
611106,Manjakollai,10.746375,79.83418,106,48400.0,91.5
761055,Bissmagiri,19.33835,84.45238499999999,106,39500.0,91.5
396403,Aat,20.89209,72.87199,106,42300.0,91.5
110062,Pushpa Bhawan,28.52191,77.2399,106,83000.0,53.0
805111,Babhnaur,24.864965,85.51526000000001,106,39400.0,65.2
486776,Bharatpur,24.324395000000003,81.3779,106,40800.0,45.7
396418,Gurukulsupa,20.985705,73.02292,106,42000.0,91.5
396421,Jalalpore,20.948935,72.891685,106,42000.0,91.5
175017,Slapper,31.40326,76.890855,106,42100.0,91.5
560059,Rv Niketan,12.91925,77.50115500000001,106,56700.0,100.0
360440,Supedi,21.815935,70.36405500000001,106,39100.0,91.5
416234,MIDC Gokul Shirgaon,16.62572,74.273755,106,51900.0,39.0
413519,Deoni,18.241835,77.033165,106,43800.0,39.0
680670,Karupadanna,10.265715,76.20913,106,58200.0,91.5
580008,Dharwad K.C.Park,15.47668,74.994335,106,43900.0,100.0
761042,Bomokei,19.284165,84.549185,106,39300.0,91.5
685508,Kattappana,9.76142,77.11572000000001,106,55600.0,91.5
685511,Kanchiyar,9.749375,77.059575,106,56100.0,91.5
685609,Thankamany,9.858445,77.038165,106,56200.0,91.5
680668,Kothaparamba,10.254375,76.18537,106,58200.0,91.5
784104,Shalonibari,26.716535,92.775545,106,38300.0,91.5
680667,Kottappuram,10.204895,76.21243,106,58500.0,91.5
632601,Dharanampet,13.023135,78.86649,106,40700.0,91.5
586206,Devangaon,17.12922,76.335575,106,38200.0,100.0
335804,Suratgarh,29.245265000000003,73.967645,106,43700.0,91.5
534326,Sidhantam,16.66341,81.822225,106,42800.0,91.5
411014,Kalyani Nagar,18.558,73.9012,106,58300.0,37.8
125056,JCD Vidyapeeth Sirsa,29.554415,75.06481,106,35300.0,11.0
391152,Gadhboriad,22.079425,73.87123,106,53000.0,91.5
534266,Doddipatla,16.525605,81.83134,106,42800.0,91.5
685551,Vandanmettu,9.721255,77.167595,106,52600.0,91.5
685507,Ayyappancoil,9.71045,77.061155,106,56100.0,91.5
685535,Viswanathapuram,9.65228,77.11049,106,55100.0,91.5
132106,Panipat NFL,29.3276,76.95142999999999,106,51700.0,91.5
685604,Murickassery,9.908675,77.02395,106,56100.0,91.5
431203,Jalna,19.859885,75.90540999999999,106,79300.0,39.0
392040,Tankari,21.995655,72.62179,106,40800.0,91.5
486775,Rampur Naikin,24.3304,81.498575,106,40900.0,45.7
685505,Upputhara,9.725665,76.99819,106,56400.0,91.5
685509,Kumily,9.46826,77.269845,106,52200.0,91.5
689573,Edathua,9.375645,76.45836499999999,106,56400.0,91.5
752063,Bhapur,20.300185,85.29202000000001,106,38700.0,91.5
457001,Ratlam,23.28262,75.049655,106,49200.0,45.7
797105,Chiechama,25.835085,94.114325,106,41700.0,91.5
431213,Jalna Railway Station,19.845165,75.9379,106,79100.0,39.0
110055,Swami Ram Tirth Nagar,28.645455,77.209645,106,93800.0,53.0
635809,Pallikonda,12.88847,78.9307,106,40900.0,91.5
685533,Vandiperiyar,9.527360000000002,77.11021500000001,106,53500.0,91.5
829206,Latehar Hsgii,23.775965,84.56887499999999,106,38400.0,91.5
680307,Chalakudi,10.30009,76.32851,106,58300.0,91.5
431215,Rajur,20.054920000000003,75.82183,106,78600.0,39.0
454773,Dehri Ghata Billod,22.63441,75.48062999999999,106,54300.0,45.7
486666,Majauli,24.054045,81.69038499999999,106,41100.0,45.7
635803,Gudiyattam RS,12.94654,78.91777,106,40900.0,91.5
689571,Neerattupuram,9.378105,76.50627499999999,106,55600.0,91.5
742202,Dhuliyan,24.64674,87.94212,106,41500.0,91.5
396427,Kaliawadi,20.963355,72.9113,106,41900.0,91.5
393130,Netrang,21.59513,73.42369,106,44500.0,91.5
416229,Ambewadi,16.759975,74.18146999999999,106,51500.0,39.0
795134,Nambol,24.70263,93.7926,106,36900.0,91.5
685532,Peruvanthanam,9.54164,76.95728,106,56300.0,91.5
609205,Tiruvalaputhur,11.231685,79.62731500000001,106,50800.0,91.5
685589,Moolamattom,9.77305,76.85369499999999,106,58400.0,91.5
829204,Chhipadohar,23.710355,84.2113,106,38900.0,91.5
206130,Saifai,26.934755,78.959575,106,42800.0,7.3
534268,Ellamanchili,16.487685,81.783265,106,43000.0,91.5
688006,Avalukkunnu,9.52803,76.40463,106,57300.0,91.5
206245,Jaswant Nagar,26.87612,78.863035,106,43000.0,7.3
685501,Elappara,9.658975,76.968385,106,55900.0,91.5
609701,Enangudi,10.86556,79.67228,106,50400.0,91.5
332742,Mandha Surera,27.202195,75.170335,106,46600.0,91.5
207241,Amanpur,27.698895,78.75608,106,51400.0,7.3
534318,Dondapudi,17.224975,81.560005,106,42600.0,91.5
413531,Tilaknagar Latur,18.38995,76.59438,106,39200.0,39.0
685515,Kattappana South,9.765005,77.08618,106,55900.0,91.5
688555,Varanam,9.64796,76.37078500000001,106,58700.0,91.5
609808,Terizhandur,11.047595,79.581275,106,50600.0,91.5
685588,Kalayanthani,9.861845,76.80439999999999,106,58800.0,91.5
797109,Tseminyu,25.91391,94.18551,106,41000.0,91.5
688561,Ambalapuzha,9.35508,76.379165,106,56300.0,91.5
688004,Punnapra,9.43437,76.35412,106,56600.0,91.5
688005,Alappuzha Medical College,9.406105,76.367595,106,56500.0,91.5
335025,Ganeshgarh,29.73493,73.91358,106,44300.0,91.5
832104,Mosabani Mines,22.428330000000003,86.39503500000001,106,40100.0,91.5
680669,Methala,10.204485,76.185975,106,58400.0,91.5
392155,Kora,22.0845,72.62718,106,42700.0,91.5
500033,Jubilee Hills,17.434155,78.40534,106,40200.0,7.3
506142,Madikonda,17.976615000000002,79.37604,106,37100.0,7.3
303505,Nangal Rajawatan,26.716125,76.341195,106,41100.0,91.5
685514,Erattayar,9.831025,77.10304,106,55600.0,91.5
752065,Rajsunakhala,20.14407,85.30239499999999,106,38200.0,91.5
396439,Matvad,20.909325000000003,72.832315,106,41900.0,91.5
515455,Rayalacheruvu,15.034295,77.77904000000001,106,40300.0,91.5
625605,Tamarakulam,10.142375,77.48453,106,47500.0,91.5
688582,Sreenarayanapuram,9.62931,76.32737,106,58600.0,91.5
688003,Sanathanapuram,9.464895,76.344675,106,56700.0,91.5
625602,Devadanapatti,10.144205,77.63979,106,44900.0,91.5
335041,Padampur,29.683125,73.636495,106,44100.0,91.5
303007,Bagru,26.829285,75.50981,106,42300.0,91.5
534123,Atchanta,16.59888,81.797065,106,42900.0,91.5
210341,Ingohta,25.771765,80.07085000000001,106,37900.0,7.3
302031,Jamdoli,26.891995,75.89697000000001,106,43200.0,91.5
688007,Alappuzha North,9.512675,76.32169999999999,106,58000.0,91.5
688536,Vayalar,9.72863,76.33958,106,59100.0,91.5
609811,Kali,11.138635,79.57639,106,50000.0,91.5
609202,Manalmedu,11.193545,79.58353500000001,106,50000.0,91.5
680311,Melur,10.298435,76.38001,106,58400.0,91.5
625601,Periyakulam,10.14087,77.51269500000001,106,47400.0,91.5
625604,Periyakulam East,10.133065,77.586915,106,47400.0,91.5
506223,Chiryal,17.901829999999997,78.94708,106,50200.0,7.3
784144,Pathorighat,26.482125,91.895755,106,37400.0,91.5
362002,Junagadh Joshipura,21.52749,70.44188,106,39600.0,91.5
396450,Eru Ac,20.92169,72.91366500000001,106,42400.0,91.5
690537,Pullikanakku,9.15691,76.535665,106,54700.0,91.5
207248,Dhumri,27.53665,78.95622499999999,106,46500.0,7.3
690513,Nangiarkulangara,9.262575,76.46596,106,54800.0,91.5
829207,Latehar Rsso,23.694945,84.41279,106,38400.0,91.5
685503,Vagamon,9.714524999999998,76.90153000000001,106,58200.0,91.5
609801,Kuttalam,11.07133,79.551995,106,49300.0,91.5
611108,Sikkal,10.75872,79.79823999999999,106,48900.0,91.5
680308,Koratti,10.256995,76.361505,106,58700.0,91.5
680309,Kinfra Park Koratti,10.275995,76.32950500000001,106,58400.0,91.5
581355,Siddapur,14.33613,74.847345,106,42500.0,100.0
685531,Peermade,9.58182,76.999525,106,55900.0,91.5
572217,Honnavalli,13.3613,76.41103,106,44800.0,100.0
209115,Rajpur,26.29856,79.67174,106,39600.0,7.3
396115,Kolak,20.470805,72.869325,106,41400.0,91.5
396445,Navsari,20.95391,72.92698,106,42100.0,91.5
625203,Genguvarpatti,10.18168,77.68425500000001,106,44800.0,91.5
207249,Jaithra,27.495265,79.028715,106,45800.0,7.3
688521,Pathirappally,9.54189,76.31757999999999,106,58100.0,91.5
752080,Sarankul,19.991695,85.078555,106,38400.0,91.5
752081,Odagaon,20.00651,84.99542,106,38600.0,91.5
474008,Gwalior Fort,26.224585,78.16707,106,38000.0,45.7
690503,Pallickal,9.16423,76.555345,106,54700.0,91.5
515711,Kuderu,14.77947,77.38785,106,40400.0,91.5
360570,Ranakandorana,21.66692,69.824355,106,39500.0,91.5
360576,Porbandar Birla Sagar,21.516035,69.77982499999999,106,39400.0,91.5
752092,Godipada,20.034875,85.208585,106,38200.0,91.5
207125,Mirehachi,27.68582,78.64643000000001,106,53100.0,7.3
440014,Jaripatka,21.191485,79.093755,106,52600.0,39.0
690532,Chingoli,9.24805,76.45354,106,54700.0,91.5
790002,Kalaktang,27.09428,92.17353,106,44500.0,91.5
790101,Dirang,27.467705,92.26888,106,47500.0,91.5
515611,Tarimala,14.921245,77.70233,106,40400.0,91.5
517214,Piler,13.73151,78.993775,106,38800.0,91.5
752079,Mandhatapur,20.08984,85.19388000000001,106,38400.0,91.5
301023,Vijay Mandir,27.67614,76.600505,106,50500.0,91.5
518102,S.S.Dam East,16.080424999999998,78.91406,106,55200.0,91.5
534269,Kodamanchili,16.592435000000002,81.84092,106,42700.0,91.5
685603,Idukki Painavu,9.8311,76.934235,106,56600.0,91.5
685571,Parathode,9.931115,77.052955,106,55900.0,91.5
212663,Bahua,25.80965,80.629745,106,41200.0,7.3
752090,Kural,19.998510000000003,84.9214,106,38600.0,91.5
688541,Pallippuram,9.73832,76.36110500000001,106,59200.0,91.5
515445,Ammaladinne,14.874885,77.887055,106,39600.0,91.5
690531,Puthiyavila,9.21849,76.474345,106,54400.0,91.5
141204,Ghungrana,30.702910000000003,75.81909,106,51100.0,36.6
444802,Kholapur,20.95422,77.500215,106,35700.0,39.0
690527,Puthuppally,9.1525,76.49032,106,54900.0,91.5
638672,Dalavoipattinam,10.676595,77.45067,106,49300.0,91.5
752089,Banigochha,20.353085,84.671865,106,38900.0,91.5
515415,Chukkalur,14.9475,78.02323,106,39600.0,91.5
690533,Krishnapuram,9.143115000000002,76.524285,106,54700.0,91.5
690511,Muttom-alleppey,9.250495,76.49308500000001,106,54600.0,91.5
690515,Thrikkunnapuzha,9.27091,76.41466,106,55800.0,91.5
788815,Kalain,25.02577,92.541235,106,40700.0,91.5
690571,Nooranad Sanatorium,9.16936,76.62441000000001,106,54300.0,91.5
685591,Arakulam,9.807415,76.83666500000001,106,58500.0,91.5
685601,Kulamavu,9.802475,76.894095,106,56900.0,91.5
690547,Prayar,9.113685,76.48596,106,54700.0,91.5
455339,Nemawar,22.565865,76.97298,106,42500.0,45.7
444106,Mana,20.759975,77.522265,106,35700.0,39.0
444717,Dhamangaon Gadhi,21.309025,77.16290000000001,106,36100.0,39.0
210431,Rath,25.57725,79.62324000000001,106,41200.0,7.3
638106,Mulanur,10.753995,77.70929,106,43900.0,91.5
515411,Tadpatri,14.88784,77.99666500000001,106,39500.0,91.5
515413,Bhogasamudram Project,15.020125,78.023335,106,39600.0,91.5
455118,Sonkutch,23.039665,76.3829,106,50100.0,45.7
688522,Kalavoor,9.577295,76.316115,106,58300.0,91.5
690514,Haripad,9.30847,76.46584,106,55100.0,91.5
413314,Kole,17.261110000000002,74.94894500000001,106,75400.0,39.0
835302,Lohardaga,23.466405,84.64944499999999,106,38100.0,91.5
685590,Kudayathur,9.810055,76.79598999999999,106,58700.0,91.5
515731,Garladinne,14.82337,77.509235,106,40600.0,91.5
515741,Belguppa,14.725915,77.164635,106,41500.0,91.5
362610,Vanthali,21.485575,70.301775,106,39800.0,91.5
413511,Borgaon,18.442545000000003,76.34659500000001,106,43400.0,39.0
690535,Kandallur,9.181535,76.45782,106,54200.0,91.5
688530,Arthingal,9.669575,76.29787,106,58900.0,91.5
515408,Yadiki,15.0409,77.913355,106,40200.0,91.5
285205,Konch,26.01452,79.127135,106,41700.0,7.3
474005,Gwalior Residency,26.285110000000003,78.183865,106,37500.0,45.7
455116,Tonkhurd,23.13291,76.29214999999999,106,50000.0,45.7
757014,Chandua Ashram,22.074415,86.77044000000001,106,40100.0,91.5
177109,Bharwain,31.7521,76.13098,106,44000.0,91.5
788804,Katirail,24.912635,92.60807,106,40100.0,91.5
757107,Laxmiposi,21.9484,86.800385,106,40300.0,91.5
177202,Mubarikpur,31.71855,76.093695,106,43900.0,91.5
177205,Ambota,31.662575,76.06697,106,43900.0,91.5
690502,Kayangulam,9.173265,76.499945,106,55000.0,91.5
302037,Mahindra World City,26.782005,75.62928500000001,106,42200.0,91.5
690548,Kumarapuram,9.287945,76.42748499999999,106,55900.0,91.5
212656,Khakhreru,25.58,81.119215,106,41900.0,7.3
688529,Kadakkarapally,9.712715,76.30323,106,59000.0,91.5
515405,Pedda Vadagur,15.014955,77.632895,106,40500.0,91.5
302029,Sanganer Bazar,26.784425,75.76924500000001,106,43600.0,91.5
832112,Boram,22.942425,86.293765,106,39700.0,91.5
690508,Keerikad,9.219395,76.48656,106,54400.0,91.5
695121,Neyyattinkara,8.39396,77.083925,106,51800.0,91.5
212635,Bindki,26.000635,80.56642,106,40900.0,7.3
757100,Bahanada Sathilo,21.74903,86.872405,106,40200.0,91.5
686534,Neelamperoor,9.49479,76.492825,106,58000.0,91.5
690501,Vallikunnam,9.132295,76.57042,106,54300.0,91.5
690516,Karthikappally,9.259375,76.436465,106,55700.0,91.5
690517,Karuvatta,9.321775,76.42159000000001,106,56100.0,91.5
396412,Bori Falia,20.8439,72.83651,106,42200.0,91.5
444710,Talegaon Dashasar,20.72371,78.073695,106,36600.0,39.0
685602,Idukki Colony,9.876905,76.926,106,56700.0,91.5
690530,Thamarakulam,9.139365,76.614615,106,54100.0,91.5
515435,Singanamala,14.82609,77.72158,106,39700.0,91.5
688011,Alappuzha Iron Bridge,9.500085,76.36072,106,57600.0,91.5
690506,Muthukulam South,9.222385,76.44876500000001,106,54500.0,91.5
690507,Cheppaud,9.2455,76.47193999999999,106,54600.0,91.5
212621,Ghazipur,25.767675,80.77716000000001,106,42000.0,7.3
212631,Amauli,25.974305,80.32551000000001,106,39900.0,7.3
244901,Rampur,28.74865,79.05402000000001,106,43700.0,7.3
482051,Bargi,22.98228,79.85584,106,39500.0,45.7
413008,SRPF Camp Solapur,17.50539,75.890785,106,37700.0,39.0
688001,Alappuzha,9.49355,76.334625,106,57800.0,91.5
788114,Dholai Bazar,24.586095,92.843845,106,40300.0,91.5
311804,Raja Ji Ka Kareda,25.581285,74.212245,106,40300.0,91.5
688527,Thanneermukkom,9.66677,76.3772,106,58800.0,91.5
695524,Kanjiramkulam,8.369835,77.050465,106,51700.0,91.5
515004,Georgepet,14.697725,77.574125,106,40000.0,91.5
262803,Mailani,28.260845000000003,80.38909000000001,106,43900.0,7.3
688009,Pazhaveedu,9.484545,76.35110499999999,106,57700.0,91.5
690505,Charumoodu,9.171855,76.591935,106,54500.0,91.5
688531,Pattanacaud,9.73352,76.308345,106,59100.0,91.5
788816,Jalalpur,25.004425,92.461995,106,40800.0,91.5
799150,Rajnagar,23.2939,91.428125,106,42300.0,91.5
799153,Radhanagar,23.262105,91.337395,106,42700.0,91.5
688562,Thakazhy,9.368425,76.421935,106,56400.0,91.5
695124,Perumkadavila,8.434855,77.126025,106,52100.0,91.5
688523,Sethulekshmipuram,9.60975,76.31936999999999,106,58500.0,91.5
788805,Katigorah,24.92487,92.53885,106,40300.0,91.5
688524,Cherthala,9.689835,76.33631,106,59000.0,91.5
688525,Muhamma,9.616755,76.369425,106,58400.0,91.5
177212,Ghanari,31.686265,76.03168,106,43000.0,91.5
177213,Gondpur Banera,31.70246,76.06296,106,43500.0,91.5
690512,Pallipad,9.276605,76.48602,106,54800.0,91.5
515867,Udegolam,14.67352,76.96843000000001,106,41600.0,91.5
690504,Nooranad,9.163585,76.66221,106,54000.0,91.5
321602,Nadbai,27.22689,77.201445,106,41200.0,91.5
688502,Moncombu,9.475055,76.42362499999999,106,57200.0,91.5
413217,Maindargi,17.448135,76.313665,106,38300.0,39.0
688538,Mannancherry,9.569845,76.36558,106,58000.0,91.5
688539,Mayithara Market,9.67566,76.35496499999999,106,58900.0,91.5
531082,Etikoppaka,17.48216,82.74209,106,43400.0,91.5
533101,Rajahmundry,16.985860000000002,81.775395,106,43000.0,91.5
311805,Koshithal,25.306315,74.15618,106,40700.0,91.5
695505,Vellarada,8.505495,77.21157,106,50700.0,91.5
580023,Hubli Keshwapur,15.393905,75.26684,106,42500.0,100.0
580028,Hubli Mv Galli,15.227255,75.19,106,42400.0,100.0
477441,Mihona,26.290335,78.993335,106,40700.0,45.7
177219,Sunkali,31.73456,76.1053,106,43900.0,91.5
788011,Assam University,24.69687,92.74813,106,39900.0,91.5
326518,Chechat,24.78474,75.86767499999999,106,41900.0,91.5
533104,Aryapuram,17.010215,81.762655,106,43200.0,91.5
688014,Punnapra North,9.45037,76.35415,106,56700.0,91.5
480108,Lodhikheda,21.57141,78.882285,106,55600.0,45.7
508111,Athmakur,17.471305,79.13206,106,52500.0,7.3
531061,Dimili,17.48996,82.897895,106,43800.0,91.5
531081,Nakkapalle,17.376784999999998,82.694705,106,43200.0,91.5
321022,Kamanlsg,27.609145,77.23809,106,47900.0,91.5
244925,Tanda Badli,28.9572,78.968265,106,43700.0,7.3
757105,Kuchei,22.000295,86.68934,106,40300.0,91.5
177201,Gagret,31.644615,76.05292,106,43600.0,91.5
688002,Thiruvampady Junction,9.474925,76.33106000000001,106,56700.0,91.5
508112,Valigonda,17.38657,79.076285,106,53900.0,7.3
396560,Rankuva,20.81165,73.21761000000001,106,42200.0,91.5
396570,Digendranagar,20.82862,73.217495,106,42200.0,91.5
695526,Pulluvila,8.342894999999999,77.04724999999999,106,50800.0,91.5
474012,S.P. Ashram,26.232125,78.15668500000001,106,37600.0,45.7
688013,Thathampally,9.50986,76.34712999999999,106,57700.0,91.5
580001,Dharwad,15.460685,75.011365,106,43600.0,100.0
531126,Payakaraopeta,17.408295000000003,82.602395,106,43100.0,91.5
757052,Jugpura,21.706255,86.913345,106,40300.0,91.5
321407,Chhonkarwara Kalan,27.11271,77.04899,106,43800.0,91.5
321601,Halena,27.10971,77.180125,106,40200.0,91.5
795103,Kakching,24.451285,93.9583,105,37600.0,91.5
362650,Kutiyana,21.65249,69.980445,105,39200.0,91.5
790001,Bomdila,27.267635,92.42285,105,50500.0,91.5
784115,Kharupetiaghat,26.5458,92.178565,105,36900.0,91.5
784116,Dalgaon,26.5533,92.234495,105,36800.0,91.5
784010,Tezpur Medical College,26.68421,92.642945,105,38300.0,91.5
759146,Igit Sarang,20.949885,85.256935,105,38400.0,91.5
734312,Tista Bridge,27.05496,88.40552,105,56100.0,91.5
563120,Oorgaum,12.94966,78.23719,105,54600.0,100.0
632001,Vellore,12.89733,79.16880499999999,105,40600.0,91.5
632057,Munjurpattu,12.849955,79.17566,105,40500.0,91.5
797117,Circular Road,25.916265,93.722925,105,42600.0,91.5
797118,Signal Village,25.875155,93.70959,105,42200.0,91.5
784527,Atterikhat,26.746605,91.742585,105,37500.0,91.5
624201,Ammayanaickanur,10.142245,77.92842999999999,105,44400.0,91.5
624219,Vilampatti,10.10358,77.86642,105,44500.0,91.5
440008,Bagadganj,21.14868,79.128895,105,50600.0,39.0
210428,Majhagawan,25.62105,79.432105,105,40700.0,7.3
835213,Kuru,23.55027,84.80583,105,37500.0,91.5
685595,Udumbannur,9.88819,76.8663,105,56800.0,91.5
691501,Kundara,8.96482,76.681355,105,51000.0,91.5
799143,Manubazar,23.080245,91.65241,105,40200.0,91.5
799156,Hrishyamukh,23.13208,91.555925,105,40300.0,91.5
241303,Mallawan,27.015405,80.14749499999999,105,41200.0,7.3
685613,Devikulam,10.04064,77.14823,105,52800.0,91.5
685585,Thodupuzha East,9.872355,76.752895,105,59100.0,91.5
685586,Karimkunnam,9.843245,76.700725,105,59300.0,91.5
832105,Patamda,22.89329,86.39282,105,39500.0,91.5
517425,Kuppam,12.74945,78.38556,105,50100.0,91.5
787061,Simen Chapori,27.679255,94.973045,105,38500.0,91.5
176082,Alampur,31.855075,76.49328,105,45500.0,91.5
396050,Dharampur,20.48665,73.29219,105,40900.0,91.5
691584,Chavara South,8.95955,76.566195,105,52900.0,91.5
533103,Danavaipeta,17.010945,81.794245,105,42700.0,91.5
243203,Deorania,28.641655,79.49371500000001,105,43800.0,7.3
799141,Jolaibari,23.214935,91.665335,105,39800.0,91.5
281005,Mathura Refinery,27.391435,77.704075,105,32500.0,7.3
691502,East Kallada,9.004365,76.6457,105,51900.0,91.5
690542,Athinad North,9.078485,76.50546,105,53800.0,91.5
690544,Kulasekharapuram,9.08602,76.52663,105,53700.0,91.5
325003,Cable Nagar,24.98512,75.925585,105,41400.0,91.5
533105,Sriramnagar,17.045335,81.770335,105,42900.0,91.5
533235,Atreyapuram,16.883525,81.775995,105,42600.0,91.5
573116,Channarayapatna,12.92465,76.41292999999999,105,44000.0,100.0
212661,Lalauli,25.825035,80.54147499999999,105,40000.0,7.3
110008,Patel Nagar,28.65413,77.165985,105,82800.0,53.0
421308,Bhiwandi,19.316665,73.03035,105,57300.0,39.0
416010,Phulewadi,16.687925,74.16680500000001,105,50800.0,39.0
690539,S R P Market,9.094505,76.56923499999999,105,53500.0,91.5
212202,Chail,25.414455,81.608285,105,42400.0,7.3
250401,Mawana,29.12272,77.94713999999999,105,51600.0,7.3
764014,Narayanpatna,18.88154,83.104705,105,39600.0,91.5
246749,Sahanpur,29.69156,78.302115,105,46100.0,7.3
305207,Jethana,26.323065,74.441845,105,41400.0,91.5
688533,Kuthiathode,9.8016,76.31902500000001,105,59500.0,91.5
688534,Aroor,9.874015,76.3065,105,59900.0,91.5
360550,Ranavav,21.71403,69.73762500000001,105,38900.0,91.5
752025,Gopalpur,19.96948,85.278625,105,37900.0,91.5
D343352,"Koraput, Odisha · D343352",18.7232023,82.6100596,105,40600.0,91.5
494661,"Narayanpur, Chhattisgarh",19.5842032,81.1136986,105,39400.0,91.5
685554,Udumbanchola,9.89691,77.17814,105,54400.0,91.5
422007,Industrial Estate,19.995835,73.72263000000001,105,41200.0,39.0
454665,Kanwan,22.84678,75.23551,105,52100.0,45.7
685581,Karimannoor,9.91853,76.810285,105,57300.0,91.5
685582,Kodikulam,9.957445,76.74679,105,58000.0,91.5
685583,Vazhithala,9.87087,76.65567,105,59600.0,91.5
691019,Uliyakovil,8.907174999999999,76.606775,105,52400.0,91.5
482056,Bargi Nagar,22.91325,79.919175,105,39200.0,45.7
110049,Andrewsganj,28.55816,77.22044,105,78300.0,53.0
303511,Didwana,26.63596,76.36103,105,40800.0,91.5
685619,Santhanpara,9.96347,77.20085499999999,105,54100.0,91.5
303313,Bandikui,27.034495,76.599725,105,41300.0,91.5
303325,Kundal,27.010895,76.433005,105,41900.0,91.5
335051,Raisinghnagar,29.472325,73.460515,105,43200.0,91.5
515787,Nuthimadugu,14.513715,77.271045,105,40000.0,91.5
515641,Kanaganapalli,14.45587,77.53556,105,39300.0,91.5
445210,Lohi,20.43656,77.67301,105,35200.0,39.0
445102,Ner Parsopant,20.499335,77.85274,105,35700.0,39.0
515766,Kundurpi,14.32766,77.030615,105,39800.0,91.5
210208,Manikpur,25.031575,81.06391500000001,105,40000.0,7.3
457222,Namli,23.47072,75.077745,105,47100.0,45.7
457226,Jaora,23.623705,75.161135,105,45900.0,45.7
457331,Piploda,23.59449,74.923045,105,46400.0,45.7
131305,Kanyagurukul Khanpur,29.13966,76.804755,105,51300.0,91.5
370105,Kukma,23.180095,69.82352,105,39800.0,91.5
251315,Miranpur,29.31899,77.95605,105,54700.0,7.3
305625,Jalia -II,25.94931,74.52584,105,41800.0,91.5
174316,Bhera,31.5834642,76.2351452,105,45500.0,91.5
121001,Faridabad NIT,28.3584336,77.3268462,105,78700.0,91.5
563136,Tayalur,13.051760000000002,78.452755,105,47900.0,100.0
396193,Dadra,20.32885,72.98740000000001,105,40600.0,91.5
688528,Thycattussery,9.769385,76.34768,105,59400.0,91.5
784026,Khalihamari,26.73566,92.83838,105,38500.0,91.5
685612,Munnar,10.150205,77.02608000000001,105,53200.0,91.5
305203,Mangliawas,26.245315,74.54447,105,41300.0,91.5
682559,Minicoy,8.274750000000001,73.036085,105,50800.0,91.5
303509,Manpur,26.96104,76.71752000000001,105,40600.0,91.5
632312,Kattukanur,12.76314,79.10732,105,40100.0,91.5
632113,Cholavaram,12.792995,79.06700000000001,105,40300.0,91.5
464226,Khamkheda,23.56654,77.640495,105,40400.0,45.7
784027,Kaliabhomora,26.63707,92.838465,105,38400.0,91.5
784028,Napaam,26.695965,92.83624,105,38500.0,91.5
609204,Tirumeniarkoil,11.16744,79.55381,105,49300.0,91.5
609404,Manganallur Bazaar,11.017785,79.64207,105,49500.0,91.5
175051,Seoh,31.86766,76.7136,105,45300.0,91.5
370610,Manjal,23.250845,69.3613,105,39800.0,91.5
833219,"Saraikela-Kharsawan, Jharkhand",22.7464225,85.9168929,105,39100.0,91.5
531116,Narsipatnam,17.66182,82.61431,105,42500.0,91.5
206002,I. T. I. Etawah,26.83257,78.99854500000001,105,42200.0,7.3
332029,Ganeri,27.66392,74.734915,105,39800.0,91.5
784105,Ghoramari,26.76723,92.815935,105,38500.0,91.5
784110,Dhekiajuli,26.66641,92.47747,105,38600.0,91.5
580007,Dharwad R S,15.432125,74.93249,105,44300.0,100.0
388430,Dharmaj,22.399235,72.787365,105,38400.0,91.5
457114,Alote,23.780275,75.56835000000001,105,45400.0,45.7
784145,Sipajhal,26.34181,91.90552,105,37200.0,91.5
685605,Muthalakodam,9.924845,76.74195499999999,105,57900.0,91.5
690522,Sooranad,9.09205,76.63381,105,52900.0,91.5
690523,Thazhava,9.08717,76.567125,105,53400.0,91.5
690524,Thevalakkara,9.013655,76.57153,105,53000.0,91.5
635805,Mailpatti,12.87657,78.78261,105,39100.0,91.5
635813,Valathoor,12.89331,78.80686,105,39200.0,91.5
752026,Rajranpur,20.079115,85.3305,105,37800.0,91.5
793106,Balat,25.25758,91.232785,105,45700.0,91.5
206131,Udi,26.71273,78.90999500000001,105,42400.0,7.3
362227,Kevadra,21.241635,70.259355,105,38600.0,91.5
581207,Aralikatti,15.201605,75.149675,105,42500.0,100.0
457118,Tal,23.764015,75.37523,105,45000.0,45.7
454441,Amjhera,22.60956,75.11547999999999,105,53300.0,45.7
141202,Gujjarwal,30.74112,75.74678,105,50700.0,36.6
515765,Kambadur,14.411855,77.175915,105,39900.0,91.5
690520,Poruvazhy,9.077665,76.645655,105,52600.0,91.5
207246,Sirhpura,27.644095,78.860435,105,47300.0,7.3
831004,Telco Works,22.75838,86.26773,105,39100.0,91.5
759028,Kankadahad,21.06402,85.423495,105,38300.0,91.5
759120,Parjang,20.930085,85.33101500000001,105,38400.0,91.5
690525,Clappana,9.100665,76.498575,105,54000.0,91.5
690519,Mynagappally,9.04697,76.572575,105,53100.0,91.5
688532,Thuravoor,9.770535,76.32211000000001,105,59400.0,91.5
688570,Perumbalam,9.852575,76.35731000000001,105,59900.0,91.5
500059,Saidabad,17.353054999999998,78.509415,105,42100.0,7.3
305623,Masuda,26.097555,74.483795,105,41500.0,91.5
797001,Kohima,25.686295,94.091455,105,42600.0,91.5
797002,Kohima Science College,25.637935,94.01353,105,41400.0,91.5
734301,Kalimpong,27.014965,88.512855,105,55900.0,91.5
784101,Balipara,26.827275,92.7908,105,39200.0,91.5
800081,Ward 107 Madhapur,17.449402315349744,78.3957142685449,105,39600.0,65.2
689696,Piravanthur,9.071325000000002,77.03389,105,52900.0,91.5
335704,Sribijaynagar,29.191415,73.62977000000001,105,42600.0,91.5
635804,Madanur,12.855855,78.869625,105,39400.0,91.5
797120,P.R Hill,25.6796,94.07093,105,42300.0,91.5
362630,Manavadar,21.490135,70.158285,105,39000.0,91.5
711410,Munshirhat,22.651525,88.06021,105,42100.0,91.5
632512,Timiri,12.79874,79.286595,105,40500.0,91.5
796091,Bilkhawthlir,24.34059,92.771545,105,43400.0,91.5
635806,Melalathur,12.90989,78.828915,105,39300.0,91.5
784113,Kopati,26.607055000000003,92.2674,105,36900.0,91.5
784114,Orang,26.649635,92.307905,105,36900.0,91.5
784150,Besseria,26.650975000000003,92.73678,105,38300.0,91.5
607006,Kondur,11.77056,79.76010500000001,105,53200.0,91.5
784147,Deomornoi,26.51285,91.901435,105,37400.0,91.5
784148,Duni,26.45916,91.818495,105,37400.0,91.5
784149,Thelamara,26.67835,92.58103,105,38400.0,91.5
685566,Rajakad,9.954655,77.10882000000001,105,55300.0,91.5
632509,Melvisharam,12.894495,79.26350500000001,105,40700.0,91.5
796081,Kolasib,24.226985,92.646095,105,46600.0,91.5
423204,Nampur,20.75681,74.293125,105,50100.0,39.0
781308,Mandia,26.23121,90.939335,105,37000.0,91.5
781319,Kalgachia,26.368845,90.86788,105,37300.0,91.5
251310,Basera,29.57627,77.85822,105,38800.0,7.3
685561,Adimali,10.036835,76.9142,105,56600.0,91.5
731126,Karidhya,23.937135,87.409325,105,44000.0,91.5
581113,Kundgol,15.206235,75.259985,105,42400.0,100.0
580005,Dharwad U A S,15.51538,74.97498999999999,105,44500.0,100.0
203132,Khurja  Jn  RS,28.191815,77.81421,105,59400.0,7.3
400605,Reti Bandar,19.19932304572844,73.00140380859376,105,51400.0,12.2
388170,Sayma,22.40457,72.673745,105,37700.0,91.5
580118,Hulkoppa,15.35896,74.9077,105,44100.0,100.0
581103,Alnavar,15.43464,74.78762,105,54300.0,100.0
581107,Gudgeri,15.117674999999998,75.38668,105,42100.0,100.0
784112,Alisinga,26.678765,92.45579,105,38700.0,91.5
125048,Badopal,29.4096,75.555395,105,43200.0,11.0
515005,Old Town,14.685875,77.632255,105,39400.0,91.5
311011,Suwana,25.350775,74.72685,105,38600.0,91.5
796321,Champhai,23.5443743,93.3479506,105,40100.0,91.5
797112,Dimapur,25.9041378,93.7177609,105,43000.0,91.5
244926,Modipur,28.779885,79.027975,105,43600.0,7.3
581209,Hebsur,15.443335,75.31582,105,42600.0,100.0
388480,Sundarna,22.43417,72.818415,105,38500.0,91.5
784524,Hatigarh,26.83989,91.91291,105,40100.0,91.5
784525,Kalaigaon,26.58473,91.98253,105,37400.0,91.5
784526,Dimakuchi,26.785005,91.80525,105,37400.0,91.5
440020,Neeri,21.12433,79.07128,105,48700.0,39.0
781317,Sorbhog,26.53072,90.873065,105,37600.0,91.5
784102,Lokra,26.877855,92.836285,105,39900.0,91.5
784103,Chariduar,26.94544,92.79604,105,40500.0,91.5
245208,Bahadurgarh,28.680225,78.137495,105,40100.0,7.3
500085,Jntu Kukat Pally,17.48545,78.388485,105,38600.0,7.3
360450,Bhayavadar,21.921495,70.271815,105,38700.0,91.5
632507,Kavanur,12.834965,79.243825,105,40500.0,91.5
531133,Gudem,17.883290000000002,82.162285,105,42600.0,91.5
388450,Petlad,22.49405,72.81848,105,38200.0,91.5
784190,Bhakatpara,26.590555,92.0828,105,37000.0,91.5
757016,Rasgovindpur,21.770035,87.04453,105,40000.0,91.5
689695,Pathanapuram,9.09238,76.88224500000001,105,50800.0,91.5
691581,Sakthikulangara,8.933254999999999,76.550895,105,53000.0,91.5
D654726,"Akola, Maharashtra · D654726",20.7618122,77.1921157,105,35300.0,91.5
D525018,"Barmer, Rajasthan · D525018",25.5814853,71.1924922,105,41700.0,91.5
132114,Gharunda,29.54454,76.99907999999999,105,50800.0,91.5
685606,Kanjikuzhi - Idukki,9.965895,76.909305,105,56600.0,91.5
685553,Nedumkandam,9.83617,77.15116499999999,105,55000.0,91.5
685608,Vengallur,9.91283,76.67664500000001,105,59700.0,91.5
795124,Loktak Project,24.5839,93.721215,105,36700.0,91.5
761151,Asura Bandha,19.834855,84.320115,105,38700.0,91.5
607001,Cuddalore,11.756175,79.766165,105,53000.0,91.5
484886,Amarkantak,22.744045,81.6522,105,40000.0,45.7
784513,Sapongaon,26.864125,92.14118,105,40300.0,91.5
784514,Lalpul Bazar,26.65674,92.18484,105,36900.0,91.5
784521,Tangla,26.66163,91.937685,105,37400.0,91.5
784522,Khoirabari,26.609385000000003,91.81155,105,37500.0,91.5
635117,Shoolagiri,12.682215,78.02203,105,66100.0,91.5
608201,Orathur,11.40718,79.5873,105,53600.0,91.5
125055,Sirsa,29.48923,74.94349,105,35100.0,11.0
125060,Sikander Pur,29.558755,75.152965,105,35000.0,11.0
797003,Kohima Village,25.70494,94.148005,105,42100.0,91.5
534315,Polavaram,17.341045,81.550055,105,42200.0,91.5
796101,Vairengte,24.45051,92.75226,105,40800.0,91.5
784001,Tezpur,26.620565,92.79617,105,38300.0,91.5
685607,Vannapuram,9.97962,76.819305,105,57300.0,91.5
795126,Bishnupur,24.628145,93.616595,105,36700.0,91.5
761014,Pudamari,19.443625,84.46372500000001,105,39100.0,91.5
D649160,"Ribhoi, Meghalaya",25.723641,92.0426339,105,38300.0,91.5
484887,Igntu Amarkantak,22.81498,81.71233000000001,105,40100.0,45.7
500067,Suchitra Junction,17.51336,78.47919999999999,105,39900.0,7.3
506151,Peddapendyal,17.937085,79.377905,105,36800.0,7.3
500008,Golconda,17.389290000000003,78.405125,105,39900.0,7.3
761007,Padmanavapur,19.333905,84.5692,105,39100.0,91.5
515002,Anantapur Engg College,14.605065,77.58435499999999,105,39200.0,91.5
535523,Gummalakshmipuram,18.991915,83.65094500000001,105,39000.0,91.5
632521,Vilapakkam,12.868965,79.315955,105,40800.0,91.5
531118,Krishna Bazar,17.7733,82.56922499999999,105,42400.0,91.5
787060,Jonai,27.76811,95.264345,105,37100.0,91.5
176089,Molag,31.899495,76.66316,105,45000.0,91.5
176091,Sanghole,31.890595,76.62925999999999,105,45200.0,91.5
761009,Girisola,19.14223,84.73757,105,38900.0,91.5
761012,Digapahandi,19.380105,84.58202499999999,105,38900.0,91.5
632011,TB Sanatorium,12.83559,79.14055,105,40500.0,91.5
632319,Kammavanpettai,12.775445,79.18294,105,40200.0,91.5
411023,N.D.A. Khadakwasla,18.449545,73.744645,105,48000.0,39.0
757020,Moroda,21.822545,86.98903,105,40000.0,91.5
757021,Deuli,22.049205,86.849995,105,40000.0,91.5
788120,Bhaga Bazar,24.482675,92.903465,105,41200.0,91.5
734213,Lopchu,27.07398,88.36256,105,56300.0,91.5
203131,Khurja,28.21042,77.89006499999999,105,59300.0,7.3
125113,Uklana Mandi,29.492645000000003,75.899,105,48900.0,11.0
805112,Parnawada,24.83117,85.51545999999999,105,39000.0,65.2
784501,Dekargaon,26.68608,92.783425,105,38300.0,91.5
461331,Harda,22.39324,76.97434999999999,105,41500.0,45.7
305630,Jamola,26.10777,74.611815,105,41600.0,91.5
784523,Panerihat,26.7878,91.89531,105,37400.0,91.5
416013,R K Nagar,16.63295,74.226355,105,50700.0,39.0
416203,Hupari,16.605715,74.41324,105,54200.0,39.0
784509,Udalguri,26.75518,92.125465,105,39400.0,91.5
784510,Harisinga,26.76604,92.0103,105,36800.0,91.5
632503,Arcot,12.864785,79.346015,105,41000.0,91.5
632506,Kalavai,12.7816,79.40744000000001,105,41100.0,91.5
305204,Pisangan,26.339335,74.35281,105,41400.0,91.5
282005,Dayal Bagh,27.23665,78.00623,105,40400.0,7.3
799145,Sabroom,23.03965,91.69538,105,40600.0,91.5
396415,Dabhel,21.02895,72.94005,105,41100.0,91.5
691520,Cheppara,8.937940000000001,76.805905,105,46300.0,91.5
691560,Kalayapuram,9.04656,76.78046,105,49400.0,91.5
311603,Kotri,25.36651,74.962765,105,36800.0,91.5
311802,Pur,25.28936,74.475545,105,39600.0,91.5
311803,Raipur,25.398815,74.17659499999999,105,40100.0,91.5
691540,Veliyam,8.92466,76.75949,105,48800.0,91.5
790102,Seppa,27.557781,93.0753012,105,43900.0,91.5
246725,Chandpur,29.157310000000003,78.195115,105,58900.0,7.3
577545,Yerabally,14.066555,76.660065,105,40800.0,100.0
577546,Hariyabbe,14.02977,76.73356,105,40600.0,100.0
581204,Kalghatagi,15.19261,74.984185,105,43100.0,100.0
581206,Uppinabetageri,15.58699,75.00789,105,45000.0,100.0
285203,Baoni Estate,25.980665,79.84671,105,37300.0,7.3
321026,Kanjoli Line,27.25788,77.408285,105,36300.0,91.5
781137,Aggumi,26.1468861,91.2227397,105,36900.0,91.5
788151,Hailakandi,24.679605,92.55811,105,40100.0,91.5
563117,Championreefs,12.939145,78.259095,105,54400.0,100.0
531113,Makavarapalem,17.641795000000002,82.72173,105,42800.0,91.5
D730512,"Raisen, Madhya Pradesh · D730512",23.2675909,78.1727134,105,40000.0,91.5
783362,"Goalpara, Assam · 783362",26.0491877,90.6001859,105,36600.0,91.5
781300,"Barpeta, Assam · 781300",26.345941,91.039708,105,36800.0,91.5
794102,Baghmara,25.347969,90.5657773,105,49300.0,91.5
285204,Kalpi,26.10499,79.74071,105,37700.0,7.3
461005,Sp Mills Hoshangabad,22.6503147,77.7509281,105,40400.0,45.7
691576,Kannanallur,8.898705,76.70055500000001,105,50900.0,91.5
691577,Mukathala,8.90619,76.65827,105,51700.0,91.5
152122,Nihal Khera,30.23168,74.17553,105,40500.0,36.6
502251,Hadnur,17.8509,77.63453,105,44200.0,7.3
700019,Ballygunge,22.5354262,88.3633146,105,52900.0,91.5
422001,Nashik City Center,19.9975,73.7898,105,32900.0,60.4
401604,Mokhada,19.85933,73.381355,105,40500.0,39.0
455332,Kannod,22.693205,76.772595,105,46500.0,45.7
695132,Chenkal,8.372910000000001,77.10239,105,50200.0,91.5
695133,Tirupuram,8.358979999999999,77.071415,105,50700.0,91.5
757073,Nalagaja,21.847785,87.055835,105,39900.0,91.5
403104,Neura,15.45738,73.92082500000001,105,72900.0,39.0
691508,Kunnicode,9.027885,76.84713500000001,105,46800.0,91.5
691521,Kulakada,9.065925,76.73903999999999,105,50900.0,91.5
784506,Missamari,26.853495,92.52308,105,39500.0,91.5
370435,Bidada,22.90686,69.49867499999999,105,39800.0,91.5
370445,Gadhasisa,23.112165,69.356165,105,40100.0,91.5
175005,Kataula,31.80281,77.04501,105,42100.0,91.5
691322,Elampal,8.990615,76.89577,105,45300.0,91.5
691331,Valacode,9.001069999999999,76.9538,105,49200.0,91.5
691332,Punalur Paper Mills,9.03884,76.885965,105,48000.0,91.5
691333,Tholicode,8.98024,76.927315,105,47300.0,91.5
244504,Aghwanpur,28.97248,78.681465,105,42600.0,7.3
464881,Begumganj,23.614040000000003,78.51463000000001,105,34100.0,45.7
788113,Dwarband,24.565075,92.71393,105,39500.0,91.5
311402,Bagore,25.34864,74.405805,105,39600.0,91.5
586207,Halsangi,17.322095,75.86847,105,36100.0,100.0
586111,Agarkhed,17.273685,76.06243,105,36300.0,100.0
586211,Lachyan,17.297114999999998,75.96410499999999,105,36300.0,100.0
781127,Nagarbera,26.11299,91.010645,105,37300.0,91.5
691505,Ezhukone,8.98072,76.72616,105,49800.0,91.5
784507,Mazbat,26.833495,92.270225,105,40200.0,91.5
691557,Chengamanad Jn,9.019875,76.81725,105,47000.0,91.5
691515,Nallila,8.929345000000001,76.70701,105,50500.0,91.5
175012,Padhar,31.879095,76.92910499999999,105,42600.0,91.5
766100,Narla,20.085675,83.466195,105,38900.0,91.5
784528,Purana Tangla,26.63052,91.8773,105,37400.0,91.5
784508,Rowta,26.75059,92.217,105,39600.0,91.5
396065,Nanivahiyal,20.446545,73.18824000000001,105,40000.0,91.5
515465,Yellanur,14.66166,78.041255,105,39200.0,91.5
691582,Neendakara,8.95385,76.54145,105,53100.0,91.5
691583,Chavara,8.991795,76.54047,105,53200.0,91.5
444803,Daryapur,20.97595,77.361245,105,35200.0,39.0
690526,Ochira,9.12938,76.52163,105,54000.0,91.5
444705,Anjangaon,21.159235,77.287425,105,35500.0,39.0
691015,Mangad,8.918614999999999,76.61660499999999,105,52300.0,91.5
581201,Amminabhavi,15.591995,75.123225,105,44100.0,100.0
691506,Kottarakara,8.99805,76.767955,105,48400.0,91.5
691507,Puthur-kollam,9.04486,76.726295,105,50700.0,91.5
691537,Pooyapally,8.905365,76.765905,105,49000.0,91.5
690561,Sooranad North,9.115215,76.62754,105,53200.0,91.5
690573,Alumkadavu,9.044695,76.51414,105,53600.0,91.5
690574,Manappally North,9.11235,76.579005,105,53500.0,91.5
396475,Vesma,21.022135,72.98651000000001,105,41300.0,91.5
515001,Anantapur,14.6822,77.60394500000001,105,39400.0,91.5
244602,Surjan Nagar,29.177895,78.726685,105,41600.0,7.3
787033,Bhogpur Chariali,27.033125,93.82555,105,48100.0,91.5
757055,Amarda,21.803835,87.120405,105,39800.0,91.5
691522,Pattazhy,9.073485,76.809215,105,49900.0,91.5
691531,Pulamon,8.990794999999999,76.78646499999999,105,47400.0,91.5
691532,Valakom,8.947515,76.83729,105,43700.0,91.5
691538,Vettikavala,8.990549999999999,76.84615,105,43500.0,91.5
691590,Koivila,8.987295,76.57804,105,52800.0,91.5
691566,Pallickal-kottarakara,9.02647,76.76531,105,49200.0,91.5
691503,Mulavana,8.986049999999999,76.66509500000001,105,51500.0,91.5
691504,Perumpuzha,8.937345,76.67754,105,51100.0,91.5
691509,Kuzhimathicaud,8.94243,76.719525,105,50000.0,91.5
691511,Vellimon,8.956150000000001,76.645825,105,51800.0,91.5
691512,Odanavattom,8.945889999999999,76.768025,105,48200.0,91.5
244402,Pipalsana R.S.,28.95018,78.81419500000001,105,42800.0,7.3
515631,Tadimarri,14.56992,77.87922,105,39100.0,91.5
335022,Chunawadh,29.78848,73.751845,105,42900.0,91.5
515414,Putlur,14.782155,77.99139,105,39400.0,91.5
515003,Sri Venkateswara Puram,14.615305,77.63269,105,39100.0,91.5
144523,Binewal,31.270125,76.247135,105,43100.0,36.6
396126,Nanapondha,20.38901,73.12937,105,39900.0,91.5
690536,Vadakkumthala East,9.03555,76.54681500000001,105,53300.0,91.5
690538,Arinallur,9.005845,76.5936,105,52700.0,91.5
691543,Kaithacode,9.023155,76.68225,105,51400.0,91.5
691601,Perinad,8.951855,76.60385,105,52400.0,91.5
691602,Kanjavely,8.952745,76.58624,105,52600.0,91.5
244927,Said Nagar,28.869745,79.00941499999999,105,43600.0,7.3
690528,Vavvakkavu,9.103715,76.51900499999999,105,53900.0,91.5
515722,Jayalakshmipuram,14.574465,77.55927,105,39200.0,91.5
685587,Muttom EK,9.83975,76.733685,105,59100.0,91.5
832111,Narwa Mines,22.70819,86.26216,105,39200.0,91.5
396040,Khergam,20.646965,73.123395,105,41400.0,91.5
401606,Talasari,20.088765,72.95664,105,44000.0,39.0
515661,Bathalapalli,14.523205,77.768855,105,39000.0,91.5
523330,Dupadu,15.931115000000002,79.324925,105,40300.0,91.5
695134,Vlathankara,8.351890000000001,77.09957,105,49500.0,91.5
691585,Mukundapuram,8.979009999999999,76.555865,105,53000.0,91.5
244104,Mundha,28.807175,78.90641500000001,105,43000.0,7.3
695122,Amaravila,8.369534999999999,77.11473000000001,105,49600.0,91.5
799142,Muhuripur,23.24268,91.599465,105,40400.0,91.5
691553,Kadambanad South,9.08023,76.691975,105,52000.0,91.5
691003,Kavanad,8.919045,76.55753,105,53000.0,91.5
691005,T K M College,8.912775,76.63528500000001,105,52000.0,91.5
691500,West Kallada,9.019355,76.635705,105,52200.0,91.5
691305,Punalur,9.028715,76.90482,105,48000.0,91.5
691307,Edamon,8.99617,77.00907000000001,105,50100.0,91.5
396540,Fadvel,20.73332,73.188805,105,42000.0,91.5
688526,Poochackal,9.813315,76.349955,105,59600.0,91.5
797113,New Nepaligaon,25.897955,93.70061,105,42500.0,91.5
608002,Annamalainagar,11.39174,79.76763,105,54200.0,91.5
415405,Kokrud,17.05658,73.991685,105,58600.0,39.0
784154,Ketekibari,26.6617,92.789795,105,38300.0,91.5
609810,Tiruvalangadu,11.052915,79.53130999999999,105,48500.0,91.5
685584,Thodupuzha,9.891705,76.713355,105,59400.0,91.5
335511,Channibari,29.20833,75.30409499999999,105,43700.0,91.5
795101,Sugnu,24.31078,93.91401,105,37800.0,91.5
781321,Mayanbari,26.20334,90.78007,105,37200.0,91.5
305202,Kharwa,26.19468,74.433595,105,41400.0,91.5
303303,Dausa,26.888045,76.30436,105,41100.0,91.5
814144,Massanjore,24.056985,87.29832999999999,105,42700.0,65.2
360575,Porbandar,21.63087,69.629575,105,38800.0,91.5
635119,Uddanapalli,12.61181,77.98315500000001,105,60600.0,91.5
685562,Kallarkutty,9.96548,76.988,105,56300.0,91.5
711225,Pacharul,22.70008,87.95192,105,42500.0,91.5
711226,Udaynarayanpur,22.71566,87.97119,105,42200.0,91.5
360579,Bokhira,21.745710000000003,69.53999,105,39100.0,91.5
142029,Jodhan,30.80074,75.76068000000001,105,51800.0,36.6
624003,Nagalnagar,10.250995,77.98992999999999,105,43300.0,91.5
572201,Tiptur,13.29108,76.45595499999999,105,43800.0,100.0
685616,Mattuppatti,10.09343,77.13362000000001,105,52600.0,91.5
685618,Surianalle,10.066475,77.220445,105,51800.0,91.5
784146,Dhula,26.495845,92.116745,105,37000.0,91.5
784153,Bihaguri,26.67783,92.682415,105,38200.0,91.5
831015,Gobindpur Housing Colony,22.752705,86.25857500000001,105,39200.0,91.5
832102,Jadugoda Mines,22.623335,86.335505,105,39200.0,91.5
480555,Damua,22.232285,78.39860999999999,105,36800.0,45.7
515751,Atmakur,14.6089,77.40545499999999,105,39800.0,91.5
688535,Arookutty,9.8647,76.33144,105,59900.0,91.5
688540,Thirumalabhagom,9.774175,76.292275,105,59400.0,91.5
608305,T.Nedunjeri,11.358125,79.58609999999999,105,53500.0,91.5
761108,Surada,19.807525,84.44572,105,38600.0,91.5
515425,Narapla,14.724045,77.85806,105,39400.0,91.5
177204,Daulatpurchowk,31.766215,76.022825,105,42400.0,91.5
688537,Eramallur,9.824655,76.30632499999999,105,59600.0,91.5
283126,Khandauli,27.294885,78.040975,105,37800.0,7.3
212205,Kara,25.74798,81.32677000000001,105,42900.0,7.3
691014,Chandanathope,8.928899999999999,76.63963000000001,105,51900.0,91.5
483001,Barela,23.11674,80.139855,105,38300.0,45.7
480551,Junnardeo,22.117655,78.495985,105,36600.0,45.7
711404,Bargachia,22.642105,88.144625,105,41600.0,91.5
690518,Karunagappaly,9.05275,76.535155,105,53500.0,91.5
515701,Bukkarayasamudram,14.7424,77.71067500000001,105,39500.0,91.5
515621,Perur,14.350715,77.34237999999999,105,39500.0,91.5
421303,Wada,19.699065,73.14641,105,46400.0,39.0
792001,Tezu,28.0350162,96.1713515,105,43500.0,91.5
362222,Agatrai,21.390425,70.240995,105,38700.0,91.5
207123,Kasganj,27.809475,78.69436999999999,105,50400.0,7.3
690521,Sasthamcottah,9.03091,76.616715,105,52500.0,91.5
690540,Kunnathur East,9.048425000000002,76.67291,105,51800.0,91.5
212218,Tilhapur,25.339505,81.589515,105,42200.0,7.3
695525,Puvar,8.330485,77.074325,105,49700.0,91.5
391810,Gajera,22.177025,72.85595,105,43200.0,91.5
392180,Sarod,22.15367,72.74776,105,42700.0,91.5
110019,Kalkaji,28.535875,77.25903,105,83000.0,53.0
125112,Pabra,29.41759,75.753555,105,47800.0,11.0
685563,Vellathooval,9.972625,77.04120499999999,105,56000.0,91.5
685565,Chithirapuram,10.079809999999998,77.015375,105,53700.0,91.5
305012,Mss Hatundi,26.36057,74.652555,105,40200.0,91.5
685552,Kallar,9.810905,77.20109,105,54200.0,91.5
759123,"Anugul, Odisha",20.8444035,85.1137498,105,38400.0,91.5
784504,Borjuli,26.85971,92.61514,105,39100.0,91.5
177034,Pirsaluhi,31.724595,76.29234500000001,105,45200.0,91.5
210505,Kurara,26.02292,80.00305,105,37800.0,7.3
D262167,"Kannauj, Uttar Pradesh · D262167",26.9986675,79.6927946,104,40300.0,91.5
496225,"Jashpur, Chhattisgarh",22.770251,83.9708013,104,38800.0,91.5
D427457,"Chamoli, Uttarakand",30.4985956,79.6190537,104,38700.0,91.5
D958603,"Chamarajanagar, Karnataka",11.9544201,77.1069086,104,38700.0,91.5
D534240,"Durg, Chhattisgarh",21.1982964,81.4007922,104,38700.0,91.5
D447102,"Pithoragarh, Uttarakand",30.1264975,80.4816989,104,38700.0,91.5
D884563,"Champawat, Uttarakand",29.235032,80.1023068,104,38700.0,91.5
D871865,"Kadapa, Andhra Pradesh",14.5395752,78.6582332,104,38700.0,91.5
171207,Rohru,31.2387672,77.7185684,104,53000.0,91.5
D566928,"Burhanpur, Madhya Pradesh",21.334867,76.3708803,104,38700.0,91.5
D632781,"Udhampur, Jammu And Kashmir",32.911964,75.3265845,104,38700.0,91.5
D582880,"Karur, Tamil Nadu · D582880",10.8217671,78.3828654,104,38700.0,91.5
760001,Berhampur,19.3168,84.797735,104,38300.0,91.5
759018,Kamakhyanagar,20.999495,85.52824000000001,104,38200.0,91.5
759019,Hindol Road R.S.,20.735915,85.4188,104,37900.0,91.5
760004,Medical College,19.314275,84.811845,104,38200.0,91.5
455336,Khategaon,22.60947,76.85605000000001,104,43100.0,45.7
759020,Balimi,20.724575,85.290625,104,37900.0,91.5
621012,Vyrichettipalayam,11.32743,78.46563499999999,104,44600.0,91.5
621211,Musiri,10.99128,78.45991000000001,104,41800.0,91.5
454660,Badnawar,23.001240000000003,75.174125,104,50900.0,45.7
445101,Babhulgaon,20.599960000000003,78.15393,104,36100.0,39.0
246763,Najibabad,29.62657,78.39751999999999,104,44200.0,7.3
625520,Kamatchipuram,9.8692558,77.4222974,104,45000.0,91.5
140124,Nangal Township,31.38675,76.3834,104,43700.0,36.6
759121,Meramandali,20.80557,85.27339,104,38000.0,91.5
760008,Lanjipalli,19.29791,84.81493,104,38300.0,91.5
760010,Engineering School,19.29791,84.83655999999999,104,38300.0,91.5
759026,Anlabereni,20.82231,85.52115,104,37900.0,91.5
761008,Golanthara,19.222625,84.74287000000001,104,38500.0,91.5
757086,Jharpokharia,22.184295,86.6603,104,39900.0,91.5
396060,Rumla,20.68164,73.202495,104,41500.0,91.5
D794663,"Bhilwara, Rajasthan · D794663",25.470994,74.6961316,104,38700.0,91.5
D629957,"Kulgam, Jammu And Kashmir",33.6250187,74.6949458,104,38700.0,91.5
202281,J D Singh,28.0988,78.344105,104,54200.0,7.3
D832760,"Chittoor, Andhra Pradesh · D832760",13.325036,79.6480611,104,38700.0,91.5
D838687,"Ratnagiri, Maharashtra · D838687",17.2826079,73.4569787,104,38700.0,91.5
D371822,"South Tripura, Tripura · D371822",23.1708278,91.638817,104,38700.0,91.5
691008,Kadappakada,8.89406,76.605625,104,52500.0,91.5
691009,Thevally,8.897345,76.57806500000001,104,52800.0,91.5
146102,Bassi Kalan,31.449055,76.06436500000001,104,43100.0,36.6
131408,Farmana,28.941955,76.817605,104,54500.0,91.5
735231,Fagu,27.031955,88.705815,104,56900.0,91.5
734503,Jaldhaka Hydel Project,27.07405,88.80924999999999,104,57400.0,91.5
D226277,"Serchhip, Mizoram · D226277",23.3052514,92.8455124,104,38700.0,91.5
D817915,"Jalor, Rajasthan · D817915",25.166667,72.25,104,38700.0,91.5
D237982,"Peren, Nagaland · D237982",25.4499691,93.6001738,104,38700.0,91.5
796911,"Saiha, Mizoram · 796911",22.2876724,93.01336,104,38700.0,91.5
524221,Chakalakonda,14.98989,79.53732,104,38800.0,91.5
691510,Oyur,8.873585,76.76773,104,49800.0,91.5
D272288,"Jaisalmer, Rajasthan · D272288",27.0264162,70.777512,104,38700.0,91.5
415801,Sakharpa,16.980425,73.733665,104,50400.0,39.0
781352,Bhowanipur,26.437945,91.085365,104,36900.0,91.5
D850617,"Zunheboto, Nagaland",26.0123803,94.5123719,104,38700.0,91.5
D171306,"Lawngtlai, Mizoram · D171306",22.3913377,92.7397189,104,38700.0,91.5
D331294,"Pali, Rajasthan · D331294",25.4552211,73.419389,104,41600.0,91.5
627813,Puliyara,9.00627,77.19308000000001,104,49200.0,91.5
152121,Khui Khera,30.28321,74.09006,104,40200.0,36.6
D890490,"Cuttack, Odisha · D890490",20.3700655,85.4697256,104,38700.0,91.5
D248418,"Jhansi, Uttar Pradesh · D248418",25.529855,78.6527802,104,38700.0,91.5
627812,Vadakarai,9.04949,77.265165,104,49200.0,91.5
D726977,"Sonipat, Haryana · D726977",29.0414186,76.922715,104,38700.0,91.5
781135,Singra,25.937125,91.111595,104,39400.0,91.5
487110,Singhpur S.O (Narsinghpur),22.916667,79.166667,104,39600.0,45.7
535526,Merangi,18.8078,83.552375,104,38800.0,91.5
796009,Vaivakawn,23.7684,92.673955,104,40600.0,91.5
796012,Ramhlun,23.746735,92.72604,104,40600.0,91.5
781326,Patacharkuchi,26.513625,91.23549,104,37300.0,91.5
570001,Mysuru,12.328986,76.6635208,104,45600.0,100.0
632318,Valapandal,12.661115,79.403915,104,40100.0,91.5
627807,Panpuli,9.04631,77.237025,104,49300.0,91.5
535594,Jiyyammavalsa,18.804445,83.62824499999999,104,38800.0,91.5
563139,Masthi,12.86297,78.00189499999999,104,79300.0,100.0
793104,Sumer,25.72689,91.95933,104,38800.0,91.5
416118,Rukadi,16.726615,74.35630499999999,104,51200.0,39.0
416202,Pattankodoli,16.655720000000002,74.357975,104,51600.0,39.0
201010,I.E.Sahibabad,28.652875,77.34716,104,71900.0,7.3
734311,Pedong,27.14406,88.61364499999999,104,58900.0,91.5
D910402,"Kasaragod, Kerala",12.4221964,75.1904446,104,38700.0,91.5
535521,Komarada,18.961025,83.440835,104,39000.0,91.5
D433744,"Anjaw, Arunachal Pradesh",28.1553856,96.8407212,104,38700.0,91.5
D649886,"Chitradurga, Karnataka · D649886",14.3049174,76.5296667,104,38700.0,91.5
D436336,"Valsad, Gujarat · D436336",20.4321957,73.1409893,104,38700.0,91.5
D344010,"Koppal, Karnataka · D344010",15.5748238,76.3118494,104,38700.0,91.5
783125,Matia,26.066560000000003,90.79718,104,38000.0,91.5
781123,Boko,25.88922,91.236495,104,39900.0,91.5
251314,Jansath,29.321825,77.855475,104,52300.0,7.3
D794154,"Shimoga, Karnataka · D794154",14.0556503,75.2380553,104,38700.0,91.5
246732,Nagal,29.636935,78.1949,104,44800.0,7.3
D629207,"Lunglei, Mizoram · D629207",22.9519972,92.6338827,104,38700.0,91.5
691016,Thekkevila,8.868120000000001,76.612585,104,52500.0,91.5
401602,Dahanu Road,19.950575,72.922595,104,44100.0,39.0
632504,Damarapakkam,12.7548,79.31768500000001,104,40400.0,91.5
360360,Jetalsar Jn.,21.68798,70.54955,104,38300.0,91.5
768110,Barkote,21.5327,85.033855,104,38400.0,91.5
360545,Adityana,21.7455,69.71840499999999,104,38700.0,91.5
781302,Baharihat,26.230895,91.12794,104,37000.0,91.5
781136,Pachim Samaria,26.106715,91.1847,104,37700.0,91.5
D939856,"Nagaur, Rajasthan · D939856",26.9873443,73.7389011,104,38700.0,91.5
382711,"Mahesana, Gujarat · 382711",23.5705467,72.4568752,104,57500.0,91.5
D591824,"Ananthapur, Andhra Pradesh · D591824",14.5300827,77.6671997,104,38700.0,91.5
D770954,"Gadchiroli, Maharashtra · D770954",19.7590704,80.1622807,104,38700.0,91.5
563121,Oorgaumpet,12.94683,78.35859500000001,104,53200.0,100.0
563122,Robertsonpet,12.955839999999998,78.30129500000001,104,53400.0,100.0
752024,Chandapur,19.969625,85.40898,104,37300.0,91.5
796001,Aizawl,23.726725,92.71677,104,40500.0,91.5
796004,Mizoram University,23.74175,92.65244,104,40500.0,91.5
796005,Kulikawn,23.655675,92.71763,104,40600.0,91.5
781311,Nagaon Bazar,26.340975,91.146045,104,37000.0,91.5
781382,Soneswar,26.337525,91.62397,104,37300.0,91.5
781141,Bamunigaon,26.00412,91.314685,104,38600.0,91.5
781301,Barpeta,26.329285,91.008225,104,36600.0,91.5
D848859,"Virudhunagar, Tamil Nadu · D848859",9.4926289,77.8631831,104,38700.0,91.5
D458966,"Lakshadweep, Lakshadweep · D458966",10.8132489,73.6804621,104,38700.0,91.5
790105,Jang,27.6741942,91.9362059,104,45800.0,91.5
D823806,"Karnal, Haryana · D823806",29.7255766,76.9106924,104,38700.0,91.5
571455,Chinakurali,12.54505,76.57851500000001,104,42100.0,100.0
571431,Melukote,12.676335,76.668885,104,40600.0,100.0
D902798,"Tiruvannamalai, Tamil Nadu · D902798",12.4289282,78.99915,104,38700.0,91.5
D324734,"Karauli, Rajasthan · D324734",26.5158329,77.0565965,104,38700.0,91.5
D862485,"East Khasi Hills, Meghalaya · D862485",25.4023736,91.8317178,104,38700.0,91.5
D853564,"Jamnagar, Gujarat · D853564",22.32997,70.1327524,104,38700.0,91.5
D648773,"Surat, Gujarat · D648773",21.1923647,72.9551023,104,38700.0,91.5
D634761,"Hisar, Haryana · D634761",29.2396596,75.8174505,104,38700.0,91.5
781313,Simlaguri,26.487215,91.028425,104,37000.0,91.5
781134,Kukurmara,26.08609,91.427255,104,37100.0,91.5
400028,Dadar West,19.0178,72.8478,104,72000.0,89.0
607002,Tirupadiripuliyur,11.74559,79.749145,104,52700.0,91.5
175015,Joginder Nagar,31.93612,76.795665,104,43700.0,91.5
175016,Ladbharole,31.93299,76.72346999999999,104,43800.0,91.5
121009,Badarpur,28.49192790988262,77.31079101562501,104,77400.0,16.5
D905581,"Rajkot, Gujarat · D905581",22.069288,71.0288686,104,38700.0,91.5
535534,Mondemkhallu,18.87218,83.725495,104,38900.0,91.5
535524,Kurupam,18.96365,83.56398,104,39100.0,91.5
635121,Veppanapalli,12.72806,78.14679000000001,104,58300.0,91.5
632518,Pennagar,12.709985,79.39511999999999,104,40500.0,91.5
796421,Lengpui Airport,23.83841,92.57886,104,40600.0,91.5
796571,Hnahthial,22.97122,92.969185,104,38800.0,91.5
796691,Zotlang,23.015245,92.793615,104,38700.0,91.5
796701,Lunglei MDG,23.007915,92.635985,104,38600.0,91.5
796007,Chandmary,23.77396,92.699465,104,40600.0,91.5
796014,Bawngkawn,23.75475,92.728195,104,40600.0,91.5
D782262,"Vizianagaram, Andhra Pradesh · D782262",18.2760018,83.4662692,104,38700.0,91.5
691020,Thattamala,8.862255,76.63796500000001,104,52300.0,91.5
781314,Santinagar,26.324895,90.992265,104,36700.0,91.5
781316,Howly,26.435035,90.988275,104,36900.0,91.5
781318,Sarupeta,26.553155,91.082285,104,37400.0,91.5
781325,Pathsala,26.51726,91.16593,104,37300.0,91.5
332311,Lachhmangarh,27.83378,74.93877,104,39200.0,91.5
206001,Etawah,26.77483,79.006245,104,41900.0,7.3
781124,Chhaygaon,25.99961,91.38035,104,38700.0,91.5
781128,Palashbari,26.13272,91.558495,104,37200.0,91.5
781305,Chenga,26.274715,91.17798,104,37100.0,91.5
781307,Sarthebari,26.362595,91.21776,104,37400.0,91.5
781309,Bhella,26.284875,91.053485,104,36800.0,91.5
781129,Hahimbazar,25.795055,91.17588,104,42500.0,91.5
370415,Kapaya,22.89571,69.685845,104,39500.0,91.5
768108,Deogarh,21.502805,84.804235,104,38400.0,91.5
711405,Domjur,22.645605,88.21433999999999,104,41200.0,91.5
370675,Vithon,23.314195,69.34693,104,39400.0,91.5
D524797,"Porbandar, Gujarat · D524797",21.602975,69.8538067,104,38700.0,91.5
D808830,"Raipur, Chhattisgarh",21.2809089,81.8164073,104,38700.0,91.5
D989489,"Nainital, Uttarakand",29.294995,79.4162511,104,38700.0,91.5
D285577,"Pulwama, Jammu And Kashmir",33.9490472,75.0418335,104,38700.0,91.5
423303,Jaikheda,20.79406,74.217705,104,49700.0,39.0
632102,Kaniyambadi,12.72469,79.05967,104,39900.0,91.5
D155696,"Mahabubnagar, Telangana",16.6965686,77.9591146,104,38700.0,91.5
251318,Shahpur,29.36891,77.586275,104,48800.0,7.3
D903909,"Dhenkanal, Odisha · D903909",20.8351494,85.6022305,104,37900.0,91.5
582208,Navalgund,15.579615,75.3905,104,42900.0,100.0
582201,Annigeri,15.44709,75.442395,104,42100.0,100.0
764057,Bhairabsinghpur,19.088325,82.71592000000001,104,39200.0,91.5
796751,Tlabung,22.92303,92.46927,104,38600.0,91.5
796770,Chawngte,22.58124,92.655695,104,38600.0,91.5
781354,Rangia,26.472525,91.664215,104,37200.0,91.5
D888359,"Reasi, Jammu And Kashmir",33.2059909,74.8626794,104,38700.0,91.5
783101,Goalpara,26.135045,90.58766,104,36500.0,91.5
783120,Agia,26.039605,90.501585,104,38100.0,91.5
783122,Damra,25.93707,90.76004,104,40400.0,91.5
783124,Dudhnoi,25.990335,90.803675,104,38400.0,91.5
331504,Gogasar,28.254165,74.605435,104,38000.0,91.5
D754715,"Patiala, Punjab · D754715",30.2092778,76.3397231,104,38700.0,91.5
571477,Ganjam,12.39648,76.71682999999999,104,43800.0,100.0
571606,Belagola,12.39532,76.62956500000001,104,44100.0,100.0
781102,Hajo,26.280385,91.510445,104,37800.0,91.5
768119,Purunagarh,21.497795,84.6526,104,38400.0,91.5
174319,Marwari,31.8023,75.968685,104,41600.0,91.5
175011,Karsog,31.368250000000003,77.268495,104,42000.0,91.5
D212378,"Sirsa, Haryana · D212378",29.6063041,74.9036568,104,38700.0,91.5
210421,Charkhari State,25.3615938,79.706011,104,39700.0,7.3
581358,Yekkambi,14.6767,74.947605,104,41200.0,100.0
285125,Kuthond,26.370655,79.44647499999999,104,38600.0,7.3
360590,Bagvadar,21.8427,69.550795,104,39000.0,91.5
796008,Armed Veng,23.733535000000003,92.728595,104,40500.0,91.5
797106,Medziphema,25.701915,93.93022,104,40900.0,91.5
335024,Gajsinghpur,29.681285000000003,73.431165,104,42200.0,91.5
206253,Basrehar,26.89305,79.07057499999999,104,41500.0,7.3
796017,Zemabawk,23.852545,92.868635,104,39000.0,91.5
D363985,"Osmanabad, Maharashtra · D363985",18.169844,76.1179632,104,38700.0,91.5
562109,Muttarayanagudipalya,12.85491644572766,77.37121582031251,104,41400.0,83.5
362220,Keshod,21.295135,70.205355,104,38400.0,91.5
362245,Malia Hatina,21.169535,70.34029,104,38300.0,91.5
572140,Urdigere,13.35721,77.252295,104,60200.0,100.0
325214,Ayana,25.43905,76.43886,104,39300.0,91.5
765013,Laxmipur,18.97724,83.03258500000001,104,38900.0,91.5
175047,Janjehli,31.478015,77.22551,104,41500.0,91.5
783133,Rajapara,26.08242,90.72956,104,37700.0,91.5
D549883,"Mandya, Karnataka · D549883",12.6368939,76.7275477,104,38700.0,91.5
796111,Darlawn,24.198825,92.9453,104,42800.0,91.5
796161,Thingsulthliah,23.56889,92.87024,104,40500.0,91.5
796190,Aibawk,23.46732,92.732115,104,38900.0,91.5
796261,Saitual,23.823,93.055005,104,40900.0,91.5
D470467,"Bhopal, Madhya Pradesh · D470467",23.4839759,77.3928507,104,38700.0,91.5
D450640,"Bathinda, Punjab · D450640",30.1794814,75.0471098,104,38700.0,91.5
440002,Nagpur City,21.158700000000003,79.121025,104,49400.0,39.0
210207,Rajapur,25.375655,81.12815499999999,104,40900.0,7.3
795127,Chandel,24.275595000000003,94.05861,104,37700.0,91.5
795131,Moreh,24.171145,94.189935,104,37700.0,91.5
795133,Moirang,24.43747,93.765165,104,37200.0,91.5
571427,Kyathanahalli,12.445415,76.64509,104,43100.0,100.0
207247,Aliganj,27.469575,79.15518,104,43500.0,7.3
335021,Bishanpura,29.482095,73.277805,104,41600.0,91.5
608602,Keerapalayam,11.410505,79.651695,104,53000.0,91.5
302020,Mansarovar,26.847085,75.75148999999999,104,44600.0,91.5
533293,Torredu,17.09918,81.75037499999999,104,42500.0,91.5
322240,Kherla,26.90521,77.00514,104,40400.0,91.5
321409,Ballabhgarh,26.94144,77.071,104,40300.0,91.5
533251,Sakhinetipalli,16.39394,81.73252,104,42200.0,91.5
D690011,"Jalaun, Uttar Pradesh · D690011",26.1048633,79.3919136,104,39900.0,91.5
D552582,"Sangrur, Punjab · D552582",30.135717,75.8533326,104,38700.0,91.5
210205,Karwi,25.214465,80.95533499999999,104,39900.0,7.3
572141,Y N Hoskote,14.26365,77.20694,104,39300.0,100.0
695504,Karakonam,8.40596,77.16785,104,48500.0,91.5
695506,Uchakada,8.325099999999999,77.10419999999999,104,48500.0,91.5
695508,Parasuvaickal,8.36979,77.14334,104,48300.0,91.5
695513,Pozhiyoor,8.302309999999999,77.08758,104,48500.0,91.5
331506,Salasar,27.800985,74.710925,104,38800.0,91.5
440003,Ajni,21.12513,79.090345,104,49000.0,39.0
571812,Bukkinakere,12.50566,76.50786500000001,104,42500.0,100.0
781365,Rangia R.S.,26.47456,91.593285,104,37300.0,91.5
784025,Panchmile,26.665205,92.869505,104,38500.0,91.5
581450,Neggu,14.513225,74.768325,104,39700.0,100.0
581401,Sirsi,14.611165,74.84736,104,40900.0,100.0
581340,Kansur,14.4995,74.861165,104,41300.0,100.0
321205,Nagar,27.447375,77.04604,104,49900.0,91.5
244103,Majhola,28.828905,78.72623,104,42300.0,7.3
D794573,"Kathua, Jammu And Kashmir",32.5825837,75.6104797,104,38700.0,91.5
D656917,"Bhavnagar, Gujarat · D656917",21.5656705,71.9077622,104,38700.0,91.5
362625,Nanadia,21.42004,70.108725,104,39000.0,91.5
790103,Seijosa,27.071715,93.090865,104,47800.0,91.5
797116,Dimapur Bazar,25.90335,93.76392,104,42000.0,91.5
207243,Patiali,27.65877,79.02696,104,45100.0,7.3
784111,Darrang Panbari,26.852195,92.443515,104,39700.0,91.5
782141,Puranigudam,26.3313646,92.7524763,104,36300.0,91.5
508101,Alair,17.640285,79.119775,104,50300.0,7.3
814103,Kathikund,24.37699,87.49618000000001,104,41300.0,65.2
261505,Maigal Ganj,27.78209,80.256125,104,42100.0,7.3
250501,Jani,28.96875,77.55022500000001,104,31700.0,7.3
251201,Khatauli,29.257165,77.70638,104,48600.0,7.3
262804,Mohammadi,28.00363,80.23135500000001,104,42500.0,7.3
370460,Koday,22.90353,69.40919,104,39300.0,91.5
370465,Kachchh Mandvi,22.955185,69.331625,104,39300.0,91.5
533237,Vubalanka,16.799965,81.81821,104,42000.0,91.5
695503,Dhanuvachapuram,8.396235,77.14113,104,49500.0,91.5
D653477,"Solan, Himachal Pradesh · D653477",31.0568119,76.850301,104,38700.0,91.5
D706630,"Palwal, Haryana",28.0599426,77.3223422,104,38700.0,91.5
D710636,"Wardha, Maharashtra · D710636",20.8256231,78.6131455,104,38700.0,91.5
261151,Pisawan,27.555725,80.42349999999999,104,42300.0,7.3
533106,Spinning Mills Centre,17.025,81.81801999999999,104,42400.0,91.5
533126,Kadiyam,16.880125,81.822355,104,42300.0,91.5
D501306,"Uttara Kannada, Karnataka · D501306",14.7253795,74.6403389,104,38700.0,91.5
586217,Salotgi,17.14752,76.087565,104,35800.0,100.0
210429,Panwari,25.394435,79.441225,104,40700.0,7.3
210430,Gohand,25.72291,79.50650999999999,104,41100.0,7.3
209868,Bangermau,26.880875000000003,80.18758,104,41000.0,7.3
331022,Ratangarh,28.09963,74.632245,104,38000.0,91.5
413220,Dudhani,17.368485,76.34015,104,37400.0,39.0
691572,Chathannur,8.85479,76.71280999999999,104,51300.0,91.5
608302,Komaratchi,11.31675,79.644115,104,52800.0,91.5
761106,Seragada,19.537415,84.59083,104,38300.0,91.5
D483105,"Harda, Madhya Pradesh · D483105",22.2427973,77.1179173,104,38700.0,91.5
D963453,"Jharsuguda, Odisha · D963453",21.8019368,83.9713964,104,38700.0,91.5
D701545,"Munger, Bihar · D701545",25.2202864,86.5161484,104,38700.0,91.5
D965985,"Fatehabad, Haryana · D965985",29.5359209,75.5752901,104,38700.0,91.5
608401,Vallampadugai,11.348445,79.68394,104,53400.0,91.5
608502,Parangipettai,11.516005,79.750925,104,52900.0,91.5
829203,Chandwa,23.661475000000003,84.772785,104,37000.0,91.5
464113,Pipalkheda,23.71942,77.720835,104,40400.0,45.7
581315,Aminalli,14.522595,74.64761,104,39600.0,100.0
581318,Banavasi,14.55073,74.967265,104,41400.0,100.0
581331,Heggarni,14.4565,74.71338499999999,104,39800.0,100.0
517237,Medikurthi,13.70711,78.81723500000001,104,37600.0,91.5
335040,Nizampura,29.791855,73.56519499999999,104,42100.0,91.5
212216,Sarai Akil,25.378315,81.492255,104,41700.0,7.3
D734356,"Sambalpur, Odisha · D734356",21.5570606,84.1528515,104,38700.0,91.5
D731829,"Tiruchirappalli, Tamil Nadu · D731829",10.8504608,78.724533,104,38700.0,91.5
474001,Lashkar,26.200805000000003,78.0767,104,36200.0,45.7
517213,Gyarampalle-kothapalle,13.79374,78.88164,104,37700.0,91.5
517234,Kalikiri,13.638265,78.81925,104,37600.0,91.5
517235,Mahal,13.77159,78.76428999999999,104,37500.0,91.5
691571,Kottiyam,8.863130000000002,76.68127,104,51700.0,91.5
621209,Manamedu,10.974915,78.38573,104,41900.0,91.5
440017,Dr.Ambedkar Marg,21.169395,79.11555999999999,104,49200.0,39.0
711408,Jagatballavpur,22.68245,88.089775,104,40900.0,91.5
500077,Kattedan Ie,17.308715,78.43684,104,42500.0,7.3
D681670,"Mokokchung, Nagaland · D681670",26.4795861,94.5105275,104,38700.0,91.5
D958583,"Chamba, Himachal Pradesh · D958583",32.6923316,76.1631552,104,38700.0,91.5
D609641,"Wokha, Nagaland · D609641",26.242251,94.1921153,104,38700.0,91.5
621003,Kottapalayam,11.238595,78.45501,104,44100.0,91.5
621006,Pulivalam,11.019925,78.632045,104,39500.0,91.5
621208,Kolakkudi,11.044795,78.378875,104,42800.0,91.5
533107,Satellite City,16.97723,81.83524,104,42200.0,91.5
761107,Dharakote,19.655955,84.50874999999999,104,38500.0,91.5
784117,Sirajuli,26.63261,92.38223,104,38500.0,91.5
608001,Chidambaram,11.40513,79.68639999999999,104,53300.0,91.5
608102,Killai,11.45259,79.737705,104,53300.0,91.5
477333,Sagra,26.385125,79.0415,104,39400.0,45.7
480105,Mohgaon Haveli,21.695125,78.69163499999999,104,51200.0,45.7
305621,Bandanwara,26.131985,74.69484,104,40500.0,91.5
396130,Maroli Sanjan,20.300455,72.795805,104,40600.0,91.5
517280,Nimmanapalle,13.567645,78.7273,104,37400.0,91.5
305007,Gc Road Ajmer,26.455035,74.659065,104,40300.0,91.5
305024,Maday,26.46368,74.70922,104,40300.0,91.5
305025,Srinagar,26.399395,74.801705,104,40400.0,91.5
533252,Antarvedipalem,16.368949999999998,81.769305,104,42100.0,91.5
533236,Ryali,16.768135,81.78658999999999,104,42000.0,91.5
508286,Wangapalli,17.548665,79.030035,104,50900.0,7.3
515672,Dharmavaram R.S,14.40627,77.66256,104,39000.0,91.5
761054,Ballipada,19.36326,84.67471,104,38500.0,91.5
761100,Kukudakhandi,19.395615,84.738685,104,38300.0,91.5
691334,Nedungolam,8.838180000000001,76.687635,104,51900.0,91.5
691304,Pullichira,8.85295,76.65587,104,52100.0,91.5
517236,Kalakada,13.83017,78.777975,104,37600.0,91.5
532264,Baruva R S,18.935295,84.50197,104,38600.0,91.5
D474943,"Satara, Maharashtra · D474943",17.6361289,74.2982781,104,38700.0,91.5
D692292,"Ukhrul, Manipur · D692292",25.3121261,94.4754982,104,38700.0,91.5
621214,Thathiengarpet,11.125425,78.42047500000001,104,43400.0,91.5
621215,Thottiam,11.028225,78.30588,104,43200.0,91.5
621217,Thandalaiputhur,11.00442,78.52036,104,41600.0,91.5
621205,Jambunathapuram,11.04781,78.48739499999999,104,42200.0,91.5
524239,Kondapuram,14.9728,79.73161,104,38900.0,91.5
144530,Jaijon,31.35973,76.11023,104,43200.0,36.6
691573,Adichanallur,8.879925,76.71892,104,50800.0,91.5
244701,Milak,28.63711,79.163955,104,42900.0,7.3
533124,Industrial Estate,16.95037,81.82352499999999,104,42300.0,91.5
691579,Karamcode,8.85325,76.74097,104,50900.0,91.5
691589,Umayanallur I E,8.87379,76.654055,104,52000.0,91.5
283123,Pinahat,26.87742,78.30159,104,35500.0,7.3
305401,Bhwani Khera,26.264165,74.63343,104,40400.0,91.5
303315,Bewai,27.068465000000003,76.73341500000001,104,40600.0,91.5
132103,Panipat,29.39581,76.96742499999999,104,49200.0,91.5
D840134,"Amritsar, Punjab · D840134",31.7685759,74.8315603,104,38700.0,91.5
125047,Agroha,29.35942,75.67072,104,46900.0,11.0
691013,Kollam Cutchery,8.887545,76.576885,104,52800.0,91.5
691303,Mayyanad,8.83513,76.64398,104,52400.0,91.5
691007,Thangasserry,8.88579,76.566245,104,53000.0,91.5
D750446,"Mamit, Mizoram",23.7564387,92.4515374,104,38700.0,91.5
D745712,"Kishtwar, Jammu And Kashmir",33.61562,75.8793972,104,38700.0,91.5
581117,Saunshi,15.19444,75.36765,104,39900.0,100.0
305002,Ie Makhu Pura Ajmer,26.413455,74.66788,104,40300.0,91.5
691012,Thirumullavaram,8.89519,76.56215,104,53000.0,91.5
691002,Asramom,8.898735,76.591145,104,52600.0,91.5
691004,Kilikollur,8.8984,76.628825,104,52200.0,91.5
691006,Pallithottam,8.878705,76.586375,104,52800.0,91.5
524223,Jaladanki,14.900955,79.88137499999999,104,38900.0,91.5
524224,Kaligiri,14.867715,79.69831500000001,104,38600.0,91.5
621210,Mettupalayam,11.17092,78.42947000000001,104,43700.0,91.5
571438,Srirangapatna,12.4189,76.68492,104,43600.0,100.0
176098,Lahru,31.84216,76.45313,104,45100.0,91.5
757031,Shirsa,22.212285,86.634455,104,39900.0,91.5
757051,Saraskana,22.277410000000003,86.558865,104,39800.0,91.5
532291,Ms Palli,19.030385000000003,84.54467500000001,104,38500.0,91.5
141117,Sihar,30.688975,75.920375,104,47800.0,36.6
457336,Ringnod,23.771355,75.239175,104,44600.0,45.7
621203,Balasamudram,10.991745000000002,78.292965,104,42800.0,91.5
311601,Bigod,25.305495,74.987865,104,36500.0,91.5
532456,Battili,18.934215,83.796885,104,38600.0,91.5
413219,Karajagi,17.419024999999998,76.02565,104,35900.0,39.0
403803,Mormugao,15.422345,73.796405,104,73400.0,39.0
305206,Saradhana,26.350205,74.55022,104,40300.0,91.5
761013,Pattapur,19.453815,84.61769,104,38300.0,91.5
682551,Androth,10.811979999999998,73.679085,104,38700.0,91.5
691001,Kollam,8.879185,76.597005,104,52700.0,91.5
759039,Badasuanlo,20.993435,85.66922,104,38100.0,91.5
125110,Chopta Nathu Sari,29.353155,75.11628999999999,104,33800.0,11.0
461001,Hoshangabad,22.748335,77.728195,104,40000.0,45.7
141205,Latala,30.66968,75.73986,104,47500.0,36.6
141206,Ghawaddi,30.783375,75.90154000000001,104,50500.0,36.6
517277,Chintaparthi,13.66754,78.711455,104,37400.0,91.5
515721,Kandukur,14.587815,77.684845,104,39000.0,91.5
691010,Vadakkevila,8.87876,76.623935,104,52300.0,91.5
691011,Eravipuram,8.858575,76.622095,104,52500.0,91.5
759023,Marthapur,20.85229,85.68859499999999,104,38000.0,91.5
759024,Mathakargola,20.9318,85.69025500000001,104,38000.0,91.5
759025,Gadasila,20.69864,85.51085499999999,104,38100.0,91.5
759015,Bhapur,20.583730000000003,85.4793,104,37900.0,91.5
524201,Kavali,14.90107,79.98082,104,39000.0,91.5
524203,Anemadugu,14.93771,80.025835,104,40000.0,91.5
313201,Khemli,24.73594,73.867395,104,41000.0,91.5
500055,IDA Jeedimetla,17.52677,78.443485,104,38200.0,7.3
401607,Kasa,19.902695,72.96708,104,44100.0,39.0
691021,Pattathanam,8.885394999999999,76.61986,104,52400.0,91.5
691301,Paravur,8.81831,76.66876500000001,104,52400.0,91.5
176095,Jaisinghpur,31.916,76.59779,104,44100.0,91.5
444706,Yeoda,20.98111,77.217885,104,34800.0,39.0
444801,Walgaon,21.06139,77.67640499999999,104,34500.0,39.0
816118,Shikaripara,24.20115,87.44921,104,42500.0,65.2
388460,Piplav,22.539735,72.773705,104,37700.0,91.5
311801,Gangapur,25.22413,74.298165,104,39400.0,91.5
124141,Power Plant Jharli,28.479895,76.37711999999999,104,33800.0,11.0
305415,Baghera,26.059195000000003,75.28044,104,43100.0,91.5
784180,Jamugurihat,26.69128,92.926445,104,38600.0,91.5
760002,Berhampur City,19.30468,84.73115,104,38600.0,91.5
760003,Gosaninuagam,19.247595,84.81238,104,38400.0,91.5
D717069,"Kullu, Himachal Pradesh · D717069",31.8778325,77.4495659,104,38700.0,91.5
D340635,"Banas Kantha, Gujarat",24.25,72.5,104,38700.0,91.5
396140,Phansa,20.334405,72.794955,104,40700.0,91.5
396155,Sarigam,20.295165,72.851115,104,40500.0,91.5
391168,Panvad,22.19913,74.02689,104,53500.0,91.5
396235,Naroli,20.244945,72.94901,104,40600.0,91.5
305205,Raj Garh,26.297585,74.61318,104,40300.0,91.5
581195,Koliwad,15.30777,75.411705,104,39900.0,100.0
759021,Rasol,20.5938,85.321995,104,37900.0,91.5
759022,Hindol,20.661415,85.19559,104,38000.0,91.5
760005,Hillpatna,19.2944,84.79997,104,38300.0,91.5
760006,Panigrahipentho,19.32534,84.77049,104,38300.0,91.5
392170,Kavi,22.173215,72.624755,104,41700.0,91.5
621001,Erakudi,11.170185,78.50897,104,43000.0,91.5
759017,Bhuban,20.90939,85.83848,104,38000.0,91.5
176088,Chadhiar,31.934875,76.649925,104,43900.0,91.5
D966900,"Nashik, Maharashtra · D966900",20.2254559,74.104233,104,38700.0,91.5
D976610,"Chennai, Tamil Nadu · D976610",13.0008413,80.2023035,104,38700.0,91.5
D832430,"North Tripura, Tripura · D832430",24.0921476,92.2451214,104,38700.0,91.5
D213047,"Chhindwara, Madhya Pradesh · D213047",22.2071897,78.798833,104,38700.0,91.5
444101,Akot,21.083825,77.089125,104,35400.0,39.0
D997922,"Latur, Maharashtra · D997922",18.3553347,76.7548997,104,38700.0,91.5
D254564,"Panchkula, Haryana · D254564",30.689535,76.9947922,104,38700.0,91.5
D160859,"Aizawl, Mizoram · D160859",23.8608788,92.864694,104,38700.0,91.5
D846953,"Churu, Rajasthan · D846953",28.2047781,74.6912996,104,38700.0,91.5
734314,Algarah,27.03777,88.615805,104,56800.0,91.5
734315,Munsong,27.152545,88.56118000000001,104,58900.0,91.5
734316,Topkhana,27.099415,88.51753,104,57700.0,91.5
D629821,"Bharatpur, Rajasthan · D629821",27.0246959,77.2920116,104,38700.0,91.5
D792405,"Coimbatore, Tamil Nadu · D792405",10.8124445,77.0796084,104,38700.0,91.5
D118911,"Bilaspur, Himachal Pradesh",31.3380959,76.7611631,104,38700.0,91.5
D254856,"Gwalior, Madhya Pradesh · D254856",26.0287495,78.1570654,104,38700.0,91.5
D525821,"Srikakulam, Andhra Pradesh · D525821",18.622438,84.1443764,104,38700.0,91.5
632604,Erthangal,12.997695,78.77967,104,39000.0,91.5
609805,Komal,11.010545,79.59207,103,46200.0,91.5
608501,B.Mutlur,11.49697,79.70331,103,52700.0,91.5
797004,New Sectt Complex,25.7169804,94.0982194,103,43100.0,91.5
D939729,"Thane, Maharashtra · D939729",19.3653598,73.3685437,103,37500.0,91.5
127030,Jui Khurd,28.621875,75.953845,103,49700.0,11.0
145024,Madhopur,32.360789999999994,75.619405,103,37700.0,36.6
487221,Kareli,22.94654,79.06857,103,39300.0,45.7
532292,Manikyapuram,18.952785,84.64519,103,38400.0,91.5
134204,Raipur Rani,30.60541,77.026955,103,43200.0,91.5
305926,Barakhera,25.7917,74.02323,103,41500.0,91.5
761115,Gunthapada,19.672115,84.620905,103,37600.0,91.5
761117,Ballipadar,19.730745,84.71789,103,37600.0,91.5
532457,Nivagam,18.79121,83.97596,103,38300.0,91.5
403804,Sada,15.400815,73.79256,103,72000.0,39.0
761120,Baragam,19.856075,84.71455,103,37700.0,91.5
761122,Nimina,19.721185,84.65086,103,37600.0,91.5
755018,Sukinda,20.95269,85.869235,103,37500.0,91.5
755028,Kalaringatta,21.05807,85.79595,103,37600.0,91.5
305001,Ajmer,26.469375,74.635145,103,40300.0,91.5
305003,Hmt Ajmer Dtso,26.40647,74.567155,103,40300.0,91.5
784163,Pathalipahar,27.0706,93.860805,103,47200.0,91.5
608801,Alapakkam,11.59255,79.7107,103,52300.0,91.5
524227,Varikuntapadu,15.0127,79.4292,103,38800.0,91.5
305023,Gagwana,26.5323,74.7345,103,40200.0,91.5
764081,Lamtaput,18.57709,82.580345,103,40100.0,91.5
766012,Kesinga,20.2291,83.27535499999999,103,38000.0,91.5
761041,Badakharida,19.565890000000003,84.8535,103,37400.0,91.5
761043,Pandia,19.50911,84.82738,103,37500.0,91.5
487001,Narsinghpur,22.797395,79.32920999999999,103,38600.0,45.7
761111,Nuagam,19.6090068,84.7080633,103,37700.0,91.5
611111,Vailankanni,10.682635,79.833375,103,43100.0,91.5
608702,Sethiathope,11.415255,79.504215,103,52500.0,91.5
425409,Shahada,21.5141622,74.5405513,103,63500.0,39.0
203001,Bulandshahr,28.3874073,77.9743805,103,60100.0,7.3
761144,Konkarada,19.462065,84.673545,103,38100.0,91.5
761146,Burupada,19.48725,84.692115,103,37700.0,91.5
608601,Bhuvanagiri,11.484775,79.62498500000001,103,52300.0,91.5
608701,Palayamkottai,11.36345,79.484625,103,51700.0,91.5
796082,"Kolasib, Mizoram · 796082",24.1905469,92.7136595,103,52000.0,91.5
209869,Ganj Moradabad,26.966175,80.19691,103,40400.0,7.3
764011,Kolab Nagar,18.81832,82.61939000000001,103,39400.0,91.5
532322,Kaviti,19.012715,84.67668,103,38300.0,91.5
796070,Kawnpui,24.11071,92.72435,103,45500.0,91.5
635124,Belathur,12.853195,77.852745,103,78700.0,91.5
313204,Palana Khurd,24.834565,73.88598999999999,103,40700.0,91.5
313205,Fatehnagar,24.81194,74.08283,103,38800.0,91.5
763008,Damanjodi,18.797745,82.96600000000001,103,39000.0,91.5
764003,Prasadraopeta,18.788705,82.568015,103,39600.0,91.5
207242,Gunjdundwara,27.726805,78.881065,103,45900.0,7.3
797103,Chumukedima,25.765045,93.790045,103,40900.0,91.5
781039,I I T,26.192185,91.696695,103,36600.0,91.5
781120,Borduar,25.914025,91.446785,103,39100.0,91.5
621310,Puthanatham,10.471635,78.370075,103,37900.0,91.5
532284,Sompeta,18.958060000000003,84.54918,103,38500.0,91.5
362120,Sarsai,21.31281,70.627325,103,37600.0,91.5
797115,Artc,25.814805,93.73478,103,41300.0,91.5
761019,Pratapur,19.50896,84.965795,103,37400.0,91.5
612903,Minsuritti,11.23853,79.46283,103,47100.0,91.5
571435,Pandavapura R S,12.467025,76.68829,103,42600.0,100.0
571436,Santhebachahalli,12.78136,76.56503000000001,103,41200.0,100.0
761118,Buguda,19.803775,84.7799,103,37600.0,91.5
761119,Bellagunhta,19.895065,84.67032499999999,103,37700.0,91.5
571426,Krishnarajapete,12.64116,76.50522000000001,103,41700.0,100.0
571415,Arakere,12.43138,76.83284499999999,103,42400.0,100.0
611102,Andanapettai,10.704545,79.80977,103,44000.0,91.5
533244,Sivakodu,16.454565,81.83207,103,41800.0,91.5
761052,Golabandha,19.23919,84.868325,103,37700.0,91.5
761020,Chatrapur,19.359325,84.98398,103,37500.0,91.5
370615,Nakhatrana,23.308605,69.25052500000001,103,38900.0,91.5
783371,Chapar,26.25822,90.437655,103,36200.0,91.5
321614,Akhaigarh,27.206275,77.10362,103,41200.0,91.5
321642,Sarsena,27.152515,77.170495,103,40600.0,91.5
335027,Kesrisinghpur,29.941105,73.587845,103,40500.0,91.5
796184,N. Vanlaiphai,23.117725,93.062845,103,38300.0,91.5
752017,Kanas,19.97357,85.62711,103,36700.0,91.5
176036,Kohala,31.805415,76.34282999999999,103,44300.0,91.5
206127,Lakhana,26.636695,79.11835500000001,103,40800.0,7.3
335002,Udyog Vihar,29.852445,73.89873499999999,103,40900.0,91.5
793017,Mawlai,25.6194,91.88645,103,40300.0,91.5
793018,Neigrihms,25.61002,92.06531,103,39900.0,91.5
332317,Roru Badi,27.856065,74.89058,103,38500.0,91.5
781017,Azara,26.134065,91.605845,103,36900.0,91.5
627852,Ayikudi,9.00421,77.339545,103,48500.0,91.5
535525,Ravivalasa,18.76571,83.54131,103,38700.0,91.5
793022,Nehu,25.61942,91.91219,103,40300.0,91.5
796901,Saiha,22.368365,92.96548,103,38400.0,91.5
563137,Tekal,12.953695,78.067875,103,71900.0,100.0
627818,Melagaram,8.947945,77.299975,103,48500.0,91.5
752104,Pipili,20.11022,85.836685,103,37100.0,91.5
533274,Gopalapuram,16.666155,81.83987,103,41600.0,91.5
D167300,"Dhamtari, Chhattisgarh",20.5326259,81.7155987,103,39600.0,91.5
D847522,"Jamtara, Jharkhand · D847522",23.9801639,86.9243637,103,40500.0,91.5
212204,Daranagar,25.655175,81.39558,103,41300.0,7.3
210204,Chitrakot,25.15866,80.85254,103,39500.0,7.3
532221,Palasa,18.81808,84.36733000000001,103,38400.0,91.5
532222,Kasibugga,18.7227,84.44564,103,38200.0,91.5
766020,Biswanathpur,19.782965,83.33026,103,38000.0,91.5
175013,Barot,32.066555,76.863385,103,42500.0,91.5
571417,Belakavadi,12.261615,77.11471499999999,103,42400.0,100.0
571807,Kirangoor,12.456775,76.73916,103,42600.0,100.0
571463,Purigali,12.28733,76.98329,103,42400.0,100.0
413544,Shirur Anantpal,18.3123,76.829645,103,37300.0,39.0
783135,Fekamari,25.703355,89.90770499999999,103,41800.0,91.5
586215,Tamba,17.014879999999998,76.0391,103,35500.0,100.0
752011,Brahmagiri,19.837925,85.63844499999999,103,36700.0,91.5
752012,Chandanpur,19.898665,85.773425,103,36800.0,91.5
731219,Murarai,24.46052,87.872495,103,42400.0,91.5
731222,Rajgaon,24.53741,87.84513,103,42100.0,91.5
506145,Malkapur,17.94401,79.269715,103,35500.0,7.3
487118,Gotegaon,22.9813,79.544475,103,38300.0,45.7
781040,Sawkuchi,26.074910000000003,91.69427,103,36700.0,91.5
781101,Changsari,26.261470000000003,91.704515,103,36800.0,91.5
311025,Hamirgarh,25.20798,74.68979,103,37500.0,91.5
313203,Mavli Jn.,24.81923,73.987005,103,39200.0,91.5
759013,Dhenkanal R S,20.640225,85.603575,103,37600.0,91.5
759014,Mahimagadi,20.78825,85.71088,103,37600.0,91.5
638657,Ellisnagar,10.733,77.44239999999999,103,47900.0,91.5
210206,Pahari,25.35895,80.95349999999999,103,39500.0,7.3
793012,Mawpat,25.595495,91.92472,103,40300.0,91.5
793014,Nongthymmai,25.560595,91.903615,103,40400.0,91.5
752001,Puri,19.800455,85.807395,103,36900.0,91.5
752003,Srivihar,19.816085,85.85963,103,36900.0,91.5
781029,Basistha,26.010715,91.72474,103,36700.0,91.5
781125,Mirza,26.039430000000003,91.491565,103,38500.0,91.5
D877003,"Shahid Bhagat, Punjab",30.9993627,74.5484257,103,37300.0,91.5
792110,"Lower Dibang Valley, Arunachal Pradesh",28.2149563,95.878774,103,43900.0,91.5
752015,Delang,20.076605,85.70815999999999,103,36900.0,91.5
752016,Berboi,20.031255,85.74661,103,36900.0,91.5
764039,Pottangi,18.552315,82.94248999999999,103,40100.0,91.5
752046,Satasankha,20.006485,85.822595,103,37000.0,91.5
761124,Gobara,19.826135,84.574475,103,37800.0,91.5
761125,Badakodanda,19.99687,84.445385,103,37900.0,91.5
245206,Kharkhuda,28.83291,77.71817999999999,103,31400.0,7.3
855108,Kishanganj Bazar,26.333260000000003,87.95586,103,39400.0,65.2
781381,Baihata Chariali,26.3716,91.7468,103,36900.0,91.5
783349,Bagribari,26.132275,90.1249962,103,36000.0,91.5
524310,Seetaramapuram,15.000555,79.155975,103,37900.0,91.5
524312,Marripadu,14.71494,79.319635,103,37800.0,91.5
781031,Amingaon,26.1959,91.677665,103,36700.0,91.5
781035,Garchuk,26.11374,91.672435,103,36900.0,91.5
413404,Pangri,18.263565,75.866725,103,42800.0,39.0
624705,Kannivadi,10.37491,77.82768,103,40700.0,91.5
607004,Vandipalayam,11.72069,79.72159500000001,103,52200.0,91.5
762107,Tumudibandha,19.98003,83.66973,103,38000.0,91.5
444808,Pathrot,21.21327,77.36289,103,34500.0,39.0
793107,Bholaganj Bazar,25.171715,91.77356,103,41500.0,91.5
793108,Cherrapunjee,25.329955,91.728655,103,40300.0,91.5
422012,Ashok Nagar,20.00798,73.70805,103,39700.0,39.0
360040,Atkot,21.979975000000003,71.102755,103,37800.0,91.5
781380,Baihata,26.34028,91.67971,103,37100.0,91.5
607401,Tiruvendhipuram,11.733885,79.70101,103,52000.0,91.5
331505,Parihara,27.90753,74.542485,103,37200.0,91.5
781103,Soalkuchi,26.185375,91.53981,103,37200.0,91.5
781104,Kulhati,26.248625,91.62794,103,37100.0,91.5
175009,Tattapani,31.299865,77.0726,103,39800.0,91.5
175010,Churag,31.310180000000003,77.15829500000001,103,40400.0,91.5
793010,Laitkor Peak,25.526485,91.884575,103,40300.0,91.5
793011,Assam Rifles,25.5785,91.901705,103,40400.0,91.5
141108,Pakhowal,30.691025,75.70177,103,47100.0,36.6
444806,Achalpur City,21.284965,77.50444999999999,103,34300.0,39.0
400604,Wagle I.E.,19.192405,72.95274,103,63000.0,39.0
416119,Gandhinagar,16.698245,74.318295,103,48400.0,39.0
742224,Nimtita,24.62034,87.988815,103,42300.0,91.5
793001,Shillong G.P.O.,25.580715,91.890655,103,40400.0,91.5
442101,Deoli,20.57955,78.480145,103,36400.0,39.0
524236,Gandipalem,15.011615,79.306995,103,38000.0,91.5
814148,Raghunathpur,24.067895,87.43381,103,43000.0,65.2
691533,Ayur,8.897665,76.856985,103,45000.0,91.5
796370,Lungdar,23.248405,93.08218,103,38400.0,91.5
764028,Dasamanthpur,19.08783,82.882295,103,38700.0,91.5
781132,Rampur,26.079295,91.46482,103,37100.0,91.5
793002,Iewduh,25.581225,91.87305,103,40300.0,91.5
627802,Courtallam,8.91456,77.256135,103,48600.0,91.5
627803,Elathur,9.024185,77.28768500000001,103,48900.0,91.5
793112,Shella,25.16532,91.66381,103,41700.0,91.5
793113,Mawsynram,25.259245,91.4962,103,43400.0,91.5
783131,Mankachar,25.570135,89.90875,103,42300.0,91.5
783134,Darragiri,25.962825,90.91056,103,40300.0,91.5
793008,Phudmawri,25.603645,91.89191,103,40300.0,91.5
793009,Nonglyer,25.49599,91.84043,103,40100.0,91.5
247343,Titron,29.668895,77.329085,103,38900.0,7.3
262406,Nawabganj,28.52173,79.66603,103,42500.0,7.3
781011,Mlg Rly Hqs,26.13586,91.689575,103,36800.0,91.5
781014,Guwahati University,26.145165,91.65914,103,37000.0,91.5
627804,Idaikal,9.022215,77.32624,103,48700.0,91.5
627805,Ilanji,8.971105000000001,77.27949000000001,103,48700.0,91.5
793015,Smit,25.45395,91.98706,103,40800.0,91.5
793016,Mawiong,25.609555,91.821045,103,40300.0,91.5
760007,Berhampur University,19.321415,84.875775,103,37700.0,91.5
141119,Maloudh,30.622485,75.940285,103,45300.0,36.6
635103,Bagalur,12.823025,77.865665,103,77600.0,91.5
793005,Upper Shillong,25.566045,91.83711,103,40300.0,91.5
246764,Kotwali,29.438565,78.314175,103,42500.0,7.3
246747,Sherkot,29.374575,78.6551,103,40400.0,7.3
793019,Nongmynsong,25.590815,91.91462,103,40400.0,91.5
793021,Madanriting,25.547205,92.00528,103,39900.0,91.5
624308,Vembarpatti,10.24592,78.11057,103,41800.0,91.5
206003,Ram Lila Road,26.749555,79.053225,103,40900.0,7.3
445001,Yavatmal,20.44792,78.126475,103,35800.0,39.0
457550,Sailana,23.447975,74.830165,103,45800.0,45.7
203002,Ag  School,28.36368,77.807,103,50600.0,7.3
203150,Shahkarinagar,28.371685,78.002455,103,56600.0,7.3
454111,Sardarpur,22.75418,75.05577500000001,103,50900.0,45.7
454221,Bagh,22.400415,74.83579,103,52700.0,45.7
627811,Tenkasi,8.96597,77.31952999999999,103,48400.0,91.5
627814,Kizhapuliyur,8.924995,77.322445,103,48200.0,91.5
457333,Sukheda,23.685785,74.98075,103,44900.0,45.7
140126,Fertilizer Factory Nangal,31.371855,76.3597,103,43400.0,36.6
793121,Mawphlang,25.41537,91.654255,103,40600.0,91.5
627753,Karivalamvandanallur,9.27523,77.583395,103,42700.0,91.5
768121,Gohira Dam Site,21.375995,84.439375,103,38200.0,91.5
781010,Kamakhya,26.170285,91.704205,103,36700.0,91.5
793004,Laban,25.56197,91.869575,103,40300.0,91.5
518412,Prathakota,15.933140000000002,78.35657499999999,103,41000.0,91.5
445201,Bori Arab,20.32033,77.91257999999999,103,35100.0,39.0
445202,Darwha,20.33782,77.685565,103,35000.0,39.0
305201,Govind Garh,26.458245,74.40727,103,40200.0,91.5
474010,Moti Jheel,26.267975,78.098015,103,35400.0,45.7
761002,Gopalpur,19.27538,84.88478,103,37700.0,91.5
144631,Nangal Lubana,31.621955,75.47599,103,39100.0,36.6
761027,Humma,19.44223,85.088665,103,37300.0,91.5
761032,Kodala,19.644665,84.925995,103,37300.0,91.5
793110,Pynursla,25.313635,91.90594,103,40400.0,91.5
246723,Balawali,29.61657,78.142425,103,43800.0,7.3
305819,Karkeri,26.71324,74.722015,103,41200.0,91.5
305922,Jawaja,25.905425,74.22906,103,39300.0,91.5
305622,Bhinai,26.047945,74.775505,103,40500.0,91.5
127308,Badhara,28.50585,75.93810500000001,103,47200.0,11.0
424310,Kasara,20.908475000000003,74.28593000000001,103,50700.0,39.0
586209,Indi,17.196675,75.913995,103,35600.0,100.0
387240,Sojitra,22.541415,72.72399999999999,103,36800.0,91.5
781329,Nityananda,26.58475,91.21781,103,37100.0,91.5
627858,Sundapandiapuram,8.973054999999999,77.385925,103,48000.0,91.5
627809,Sengottai,8.96864,77.22907000000001,103,48900.0,91.5
793003,Laitumkhrah,25.561895,91.89176,103,40400.0,91.5
781328,Baghmarabazar,26.61938,91.16859,103,37200.0,91.5
781121,Bezera,26.341935,91.78347,103,36600.0,91.5
781122,Bijoynagar,26.107725,91.479935,103,37100.0,91.5
396580,Vansda,20.700290000000003,73.36610999999999,103,41000.0,91.5
144624,Nadala,31.551805,75.41576,103,38400.0,36.6
140133,Bhanupali,31.28156,76.4298,103,41400.0,36.6
146023,Bajwara,31.48562,75.96493,103,42200.0,36.6
416122,MIDC Shiroli,16.761585,74.274485,103,48600.0,39.0
424304,Sakri,20.993065,74.27512999999999,103,51800.0,39.0
144622,Bholath,31.540055,75.523495,103,39900.0,36.6
444902,Gurukunj Ashram,21.033465,77.97347500000001,103,34000.0,39.0
442304,Allipur,20.566495000000003,78.714845,103,49500.0,39.0
396590,Unai,20.825665,73.372705,103,41400.0,91.5
D340613,"Vidisha, Madhya Pradesh · D340613",23.8463004,77.8370209,103,39900.0,91.5
D576228,"Washim, Maharashtra · D576228",20.2874178,77.2369655,103,35000.0,91.5
305927,Kabra,26.012255,74.21223,103,39300.0,91.5
759027,Govindpur,20.632835,85.66001499999999,103,37600.0,91.5
761045,Matikhalo,19.359575,84.94067,103,37600.0,91.5
761101,Kanchuru,19.43341,84.76031,103,37800.0,91.5
388465,Palaj,22.509195,72.79276,103,36700.0,91.5
305815,Salemabad,26.710955,74.806795,103,41200.0,91.5
305629,Champaneri,25.93145,74.801895,103,40300.0,91.5
305801,Madanganj Kishangarh,26.57405,74.93142,103,41400.0,91.5
621010,Turaiyur,11.167375,78.594325,103,42200.0,91.5
621011,Uppliapuram,11.310645,78.57672500000001,103,43100.0,91.5
502249,Mirzapur,17.782655,77.603785,103,42800.0,7.3
783126,Krishnai,26.00343,90.62245,103,37100.0,91.5
691306,Anchal,8.916285,76.90942,103,44400.0,91.5
761003,Bhatakumarada,19.40464,84.880405,103,37600.0,91.5
764036,Semiliguda,18.611465,82.91318,103,40100.0,91.5
764037,Nandapur,18.58783,82.735965,103,40100.0,91.5
144819,Raipur Pir Bux Wala,31.607155,75.443635,103,39200.0,36.6
444805,Paratwada,21.291835,77.51969,103,34300.0,39.0
444901,Nandgaon Peth,21.093255,77.89881,103,34100.0,39.0
444107,Murtizapur,20.712135,77.353335,103,34700.0,39.0
176128,Chobin,31.97256,76.671865,103,43100.0,91.5
621004,Kottathur,11.10548,78.648465,103,39500.0,91.5
444111,Dahihanda,20.893775,77.06943,103,34500.0,39.0
305624,Bijainagar,25.978375,74.655795,103,40200.0,91.5
144606,Talwandi Chaudharian,31.349145,75.23248,103,39600.0,36.6
144621,Begowal,31.603905,75.545285,103,39800.0,36.6
110097,Kapashera,28.5265,77.088345,103,90800.0,53.0
110071,Chhawla,28.554125,77.005195,103,81100.0,53.0
781015,Guwahati Airport,26.09207,91.610965,103,37100.0,91.5
635104,Barugur,12.538475,78.38261,103,47400.0,91.5
607005,Sipcot Cuddalore,11.66036,79.74195,103,52300.0,91.5
761114,Mundamarai,19.65011,84.60677999999999,103,37600.0,91.5
781366,Goreswar,26.528645,91.72898,103,37000.0,91.5
781376,Darkuchi,26.53808,91.59824,103,37200.0,91.5
440032,Mahal,21.14418,79.10961,103,47900.0,39.0
302004,Jawahar Nagar,26.887225,75.839565,103,41400.0,91.5
303706,Kalwad,26.981085,75.58143,103,44200.0,91.5
305901,Beawar [Raj],26.075345,74.33257,103,39400.0,91.5
384355,Vadnagar,23.803275,72.67595,103,56600.0,91.5
577511,Adivala,13.88345,76.71608,103,39100.0,100.0
621315,Vaiyampatti,10.56888,78.250135,103,40400.0,91.5
176097,Marera,31.899805,76.51732,103,43700.0,91.5
781133,Dagaon,26.38717,91.71335,103,37000.0,91.5
781327,Jalahghat,26.689515,91.21625,103,37000.0,91.5
532290,Kanchili,19.00125,84.60051999999999,103,38400.0,91.5
761018,Purushottampur,19.5446,84.87996,103,37400.0,91.5
793006,Rynjah,25.58051,91.929455,103,40400.0,91.5
793007,Happy Valley,25.572735,91.937485,103,40400.0,91.5
302026,Bhankrota,26.851565,75.66504,103,44200.0,91.5
532455,Kotturu,18.775345,83.84019,103,39000.0,91.5
144626,Sultanpur Lodhi,31.22756,75.175205,103,37600.0,36.6
144628,Thatha Jadid,31.30232,75.24811,103,39100.0,36.6
621302,Elangakurichi,10.54676,78.30172999999999,103,40300.0,91.5
621306,Manaparai,10.62159,78.42951,103,39600.0,91.5
621007,Puthanampatti,11.055505,78.69423,103,39300.0,91.5
621008,Sikkathambur,11.193195,78.55010999999999,103,42700.0,91.5
305924,Todgarh,25.696425,73.96569,103,41300.0,91.5
305925,Rajiawas,25.982775,74.27532,103,39300.0,91.5
305004,Regional College Ajmer,26.516995,74.62587500000001,103,40200.0,91.5
305005,Crpf Ajmer,26.43852,74.575445,103,40300.0,91.5
586115,Devar Hippargi,16.828015,76.11314,103,36800.0,100.0
781131,Rani,25.98571,91.57705,103,37200.0,91.5
533250,Mori,16.38455,81.87691000000001,103,41700.0,91.5
533253,Malikipuram,16.424475,81.79547,103,41900.0,91.5
612901,Gangaikondacholapuram,11.188375,79.45163,103,46300.0,91.5
761001,Nimakhandi,19.363005,84.81073,103,37700.0,91.5
508116,Bhongir,17.51298,78.89157499999999,103,49300.0,7.3
262904,Sampurna Nagar,28.5614,80.41514000000001,103,41500.0,7.3
761102,Hinjilicut,19.482045,84.771915,103,37700.0,91.5
384335,Sipor,23.84613,72.735255,103,56400.0,91.5
515671,Dharmavaram,14.40464,77.715105,103,38300.0,91.5
476554,Khadiahar,26.509735,78.245855,103,37400.0,45.7
621805,Varadarajampettai,11.32736,79.419505,103,47900.0,91.5
621206,Kannanur,11.09661,78.534915,103,42200.0,91.5
464001,Vidisha,23.5323,77.96542,103,37600.0,45.7
461110,Powarkheda,22.68248,77.755795,103,39500.0,45.7
532312,Ichchapuram,19.09448,84.682155,103,38300.0,91.5
524230,Nandipadu,14.76739,79.303575,103,37800.0,91.5
787110,Sissiborgaon,27.515155,94.724935,103,37400.0,91.5
403203,Pilar,15.44164,73.89361,103,71500.0,39.0
D625702,"Hamirpur, Uttar Pradesh · D625702",25.75,80.0,103,35500.0,91.5
533287,Sithanagaram,17.183120000000002,81.69861499999999,103,42100.0,91.5
403406,Tisca,15.42067,74.15258499999999,103,70500.0,39.0
403115,Cundaim I.E.,15.47174,73.97063,103,73000.0,39.0
533102,Konthamuru,17.074755,81.847335,103,42000.0,91.5
243505,Shahi,28.61724,79.325515,103,42200.0,7.3
621307,Manjampatti,10.63989,78.35084499999999,103,39800.0,91.5
621314,Thuvarankurichi,10.384315,78.35885,103,40300.0,91.5
305811,Kuchil,26.632385,74.76225500000001,103,41200.0,91.5
110068,Ignou,28.493605,77.21044499999999,103,77800.0,53.0
285124,Jagammanpur,26.39562,79.226925,103,38700.0,7.3
285127,Rampura,26.355165,79.17309,103,38500.0,7.3
783129,Lakhipur,26.074755000000003,90.32336,103,36700.0,91.5
783130,Rangjuli,25.990995,90.93773,103,38100.0,91.5
207124,Bilram,27.871435,78.576665,103,52900.0,7.3
440012,Patwardhan Ground,21.13858,79.082705,103,45300.0,39.0
761025,Jayashree,19.39578,85.05295000000001,103,37400.0,91.5
761026,Ganjam,19.40461,85.01464999999999,103,37400.0,91.5
761133,Jillundi,19.88942,84.54155499999999,103,37800.0,91.5
761140,Tanarada,19.90996,84.61776,103,37800.0,91.5
301427,Karni Kot,27.886985,76.460455,103,46100.0,91.5
285001,Orai,25.99257,79.43536,103,38300.0,7.3
177110,Chintpurni,31.82699,76.06905,103,42000.0,91.5
573135,Shravanabelagola,12.835895,76.48235,103,41200.0,100.0
581356,Tergaon,15.37726,74.725775,103,53700.0,100.0
607003,Cuddalore Old Town,11.69599,79.718035,103,52100.0,91.5
621014,Pagalavadi,11.086,78.59482,103,39800.0,91.5
620005,Tiruvanaikoil,10.849625,78.73872499999999,103,38200.0,91.5
206124,Bakewar,26.66332,79.17706,103,40700.0,7.3
487225,Amgaon Bada,22.817975,79.08384000000001,103,39200.0,45.7
781330,Simla,26.75132,91.198075,103,37200.0,91.5
781364,Maharipara,26.618235,91.70167,103,37000.0,91.5
533238,Ravulapalem,16.738115,81.84916000000001,103,41600.0,91.5
533292,Dosakayapalli,17.12867,81.82661999999999,103,41900.0,91.5
533289,Korukonda,17.17217,81.83588,103,41700.0,91.5
533290,Kotikesavaram,17.204235,81.762165,103,41800.0,91.5
243407,Senthal,28.545415,79.560575,103,41900.0,7.3
695502,Parassala,8.3418,77.15211500000001,103,46900.0,91.5
761123,Gangapur,19.773515,84.60347,103,37700.0,91.5
D932553,"Kandhamal, Odisha · D932553",20.1306939,84.0790476,103,38000.0,91.5
285130,Madaripur,26.25325,79.499175,103,37900.0,7.3
282003,Agra Fort,27.191995,78.01705000000001,103,42800.0,7.3
324002,Kota Jn.,25.22326,75.92193,103,38800.0,91.5
324010,Engineering College Kota,25.01308,75.74753999999999,103,39600.0,91.5
518411,Konidela,15.96109,78.281515,103,40800.0,91.5
611105,Kuthur,10.763335,79.721095,103,45900.0,91.5
781012,Pandu,26.16694,91.66434,103,36700.0,91.5
781013,Jalukbari,26.144645,91.65857,103,37000.0,91.5
532243,Haripuram,18.821235,84.505745,103,38400.0,91.5
532263,Baruva,18.868065,84.5818,103,38400.0,91.5
370020,Madhapar,23.266125,69.826245,103,39300.0,91.5
766027,Lanjigarh,19.646880000000003,83.30003,103,38100.0,91.5
624401,Natham,10.22722,78.21314000000001,103,41300.0,91.5
624306,Siluvathur,10.363255,78.11298500000001,103,41000.0,91.5
212214,Pashchim Sarira,25.386345,81.29373000000001,103,40900.0,7.3
212203,Charwa,25.50051,81.542125,103,41500.0,7.3
533233,Alamuru,16.795099999999998,81.859745,103,41700.0,91.5
533234,Yeditha,16.85071,81.864355,103,41900.0,91.5
755008,Dharmasala,20.9027962,86.1539076,103,37200.0,91.5
793119,Nongstoin,25.5814429,91.0851094,103,48400.0,91.5
305022,Pushkar,26.476275,74.51259999999999,103,40200.0,91.5
607109,Varakalpattu,11.778735,79.69724500000001,103,52000.0,91.5
759016,Gondiapatna,20.75238,85.866505,103,37400.0,91.5
759001,Dhenkanal,20.6529,85.599985,103,37600.0,91.5
761126,Bhanjanagar,19.956655,84.580905,103,37800.0,91.5
761132,Mujjagada,20.054535,84.48256,103,37900.0,91.5
535502,Parvatipuram Bus Stand,18.79244,83.43164999999999,103,38800.0,91.5
535522,Mrutyunjayarayanagaram,18.76945,83.355085,103,38800.0,91.5
798612,Tuensang,26.201035,94.847915,103,38400.0,91.5
335073,Srikaranpur,29.839055,73.46148,103,41200.0,91.5
533242,Razole,16.476125,81.84394,103,41700.0,91.5
176032,Tihri,31.841045,76.39487500000001,103,43800.0,91.5
532219,Akkupalli,18.75876,84.49939499999999,103,38300.0,91.5
532242,Mandasa,18.871725,84.455475,103,38500.0,91.5
535463,Garugubilli,18.71231,83.49037,103,38700.0,91.5
535501,Parvatipuram,18.772845,83.42759000000001,103,38800.0,91.5
344026,Kalyanpur,26.090805,72.50060500000001,103,44900.0,91.5
335701,Anupagarh,29.247155,73.22557,103,41900.0,91.5
783123,Dhupdhara,25.937755,91.039575,103,40400.0,91.5
206126,Ekdil,26.73822,79.11997,103,40800.0,7.3
247232,Sarsawa,30.019255,77.385695,103,35600.0,7.3
251307,Barla,29.596415,77.77601,103,37300.0,7.3
413607,Kasarsirsi,17.95161,76.767695,103,38400.0,39.0
362110,Bilkha,21.45185,70.610975,103,37700.0,91.5
752013,Basudevpur,19.856905,85.73790500000001,103,36700.0,91.5
752014,Sakhigopal,19.947665,85.773865,103,36900.0,91.5
757022,Suliapada,22.00864,86.950905,102,39200.0,91.5
626111,Muhavur,9.368105,77.511865,102,47400.0,91.5
302003,Jaipur City,26.905255,75.84714,102,41200.0,91.5
500013,Amberpet,17.389609999999998,78.52544,102,40300.0,7.3
335038,Mirzewala,29.96503,73.74843000000001,102,40100.0,91.5
250502,Rasulpur Rohta,29.04344,77.529345,102,31100.0,7.3
487551,Gadarwara,22.889945,78.77394,102,36700.0,45.7
783324,Bidyapara,26.000195,89.903065,102,36700.0,91.5
673103,Vadakara Beach,11.58829,75.582845,102,40300.0,91.5
673104,Nut Street,11.613015,75.62121,102,40300.0,91.5
508105,Raghunathpur,17.739065,78.92831,102,47000.0,7.3
508115,Yadgarpalli,17.654980000000002,78.88794999999999,102,46600.0,7.3
209736,Khairnagar,26.828225,79.84477000000001,102,39600.0,7.3
787055,Dhakuakhana,27.188155,94.412565,102,37600.0,91.5
144804,Dhilwan,31.46668,75.295585,102,39200.0,36.6
754113,Naugaonhat,20.0894,86.20526000000001,102,36600.0,91.5
533286,Gokaram,17.244684999999997,81.85937,102,41400.0,91.5
627719,Tiruvengadam,9.240065,77.649355,102,41900.0,91.5
627754,Kuruvikulam,9.19515,77.61568,102,42100.0,91.5
621002,Kirambur,11.241165,78.68191999999999,102,39300.0,91.5
532425,Urlam,18.444535,83.978745,102,38600.0,91.5
444407,Pinjar,20.59117,77.246915,102,34400.0,39.0
364150,Trapaj,21.44075,72.07134500000001,102,38400.0,91.5
364081,Alang SBY,21.401385,72.18462,102,38900.0,91.5
461446,Of Itarsi,22.545135,77.7971,102,38800.0,45.7
524226,Udayagiri,14.91227,79.24719,102,37900.0,91.5
384345,Sundhia,23.830525,72.57487,102,54900.0,91.5
577596,Dharmapura,14.08955,76.87241499999999,102,36800.0,100.0
384360,Dharoi DSC,23.964035000000003,72.81345,102,54300.0,91.5
691311,Channapettah,8.882864999999999,76.964495,102,46400.0,91.5
532215,Meliaputti,18.73532,84.17977,102,37900.0,91.5
532214,Korasavada,18.693955,84.043695,102,37900.0,91.5
624402,Samudrapatti,10.2358,78.28091,102,40700.0,91.5
144620,Sheikhupur,31.29161,75.30368,102,38900.0,36.6
176077,Bir,32.24839,76.88384500000001,102,40400.0,91.5
176071,Bhullanaso,31.972325,76.64535,102,42800.0,91.5
799278,Salema,24.01834,91.8346,102,40800.0,91.5
532462,Neelanagaram,18.633435,83.67711,102,38900.0,91.5
413502,Paranda,18.27421,75.562645,102,37400.0,39.0
401204,Vajreshwari,19.54746,73.049745,102,45300.0,39.0
754130,Sompur,20.401155000000003,86.05257499999999,102,37100.0,91.5
422222,Ycm Open Univesity,20.02914,73.69101,102,38500.0,39.0
754082,Byree,20.683775,85.977755,102,37100.0,91.5
444405,Mahan,20.483915,77.229615,102,34300.0,39.0
457340,Khalukheda,23.73143,75.03018,102,44400.0,45.7
141109,Raekot,30.649655000000003,75.619065,102,44800.0,36.6
799287,Manikbhander,24.13214,91.791055,102,41500.0,91.5
400606,Jekegram,19.22414,72.95602500000001,102,60400.0,39.0
305021,Karel,26.57191,74.586095,102,40100.0,91.5
305814,Roopnagar,26.829555,74.82350500000001,102,41200.0,91.5
305816,Tiloniya,26.639515,74.9774,102,41300.0,91.5
305817,"Central University of Rajasthan,Bandar Sindari",26.625865,75.02468999999999,102,41400.0,91.5
144803,Dialpur,31.470065,75.468335,102,38600.0,36.6
461116,Dolaria,22.593475,77.597175,102,38900.0,45.7
783360,Gossaigaon,26.4912104,90.1215209,102,35500.0,91.5
781005,Dispur,26.159385,91.78113,102,36100.0,91.5
581411,Tibetan Colony,15.027975,74.975965,102,41900.0,100.0
177043,Rakkar,31.76599,76.24801,102,43400.0,91.5
764021,Omp Line,18.852905,82.72698500000001,102,39100.0,91.5
673513,Kavilampara,11.683095,75.82941500000001,102,40100.0,91.5
764005,Jayanagar,18.83493,82.51045500000001,102,39200.0,91.5
343039,Malwara,24.766185,72.324995,102,42300.0,91.5
502220,Zaheerabad,17.678175000000003,77.59758,102,40700.0,7.3
343028,Modran,25.17482,72.42695499999999,102,40000.0,91.5
781038,Hatigaon Chariali,26.134945,91.78019,102,36100.0,91.5
626139,Cholapuram South,9.380965,77.56156,102,46800.0,91.5
152132,Maujgarh,30.04441,73.99063,102,38000.0,36.6
626141,Malli,9.48657,77.69233,102,44500.0,91.5
586204,Bardol S.O (Bijapur(KAR)),17.27006,75.73039,102,34900.0,100.0
502228,Madhunagar,17.719725,77.580255,102,41300.0,7.3
343024,Siana,25.131065,72.67870500000001,102,41600.0,91.5
212207,Manjhanpur,25.49484,81.290565,102,40900.0,7.3
783372,Basugaon,26.429605,90.42675,102,36200.0,91.5
495668,"Janjgir - Champa, Chhattisgarh",21.986403,82.5536606,102,37900.0,91.5
283115,Jagner,26.8581,77.565135,102,34400.0,7.3
370650,Mothara,23.224885,69.12032500000001,102,38400.0,91.5
781032,Indrapur,26.15884,91.76593,102,36200.0,91.5
781030,North Guwahati,26.23563,91.748425,102,36500.0,91.5
483880,Kymore,24.03834,80.61039500000001,102,36500.0,45.7
343048,Vadgaon,24.6719,72.265375,102,42400.0,91.5
626125,Srivilliputhur,9.555395,77.58462,102,46300.0,91.5
781001,Guwahati G.P.O.,26.191135000000003,91.744715,102,36500.0,91.5
370450,Godhra,23.030965,69.147335,102,38400.0,91.5
370421,Mundra,22.844610000000003,69.715285,102,38600.0,91.5
781007,Ulubari,26.174795,91.761295,102,36300.0,91.5
560012,Science Institute,13.0222347,77.5671832,102,69500.0,100.0
313801,Parsad,24.323865,73.703165,102,40400.0,91.5
532428,Mukhalingam,18.59496,83.99854500000001,102,38400.0,91.5
144602,Rail Coach Factory,31.31463,75.34006500000001,102,39200.0,36.6
532421,Narasannapeta,18.400095,84.050975,102,38600.0,91.5
532460,Veeraghattam,18.714975,83.668935,102,39000.0,91.5
532461,Seetharampuram Inam,18.65387,83.595745,102,39000.0,91.5
313901,Zawar Mines,24.36982,73.755535,102,41500.0,91.5
202137,Jattari,28.04622,77.668465,102,58700.0,7.3
781018,Binovanagar,26.149915,91.739515,102,36500.0,91.5
781016,Gopinathnagar,26.163375,91.74804,102,36400.0,91.5
762109,Kurtamgarh,20.091875,83.76829000000001,102,37800.0,91.5
515305,Rallahalli,14.002775,77.14689,102,36400.0,91.5
764006,Bariniput,18.854875,82.59932,102,39200.0,91.5
515281,Amarapuram,14.112505,76.97179,102,36800.0,91.5
781372,"Baksa, Assam",26.6275689,91.3388551,102,35900.0,91.5
D734885,"Umaria, Madhya Pradesh · D734885",23.6431837,80.9419078,102,38200.0,91.5
639112,Pettavaithalai,10.896755,78.490275,102,39400.0,91.5
210504,Khanna,25.54253,80.098355,102,36000.0,7.3
781004,Kharguli,26.20455,91.77193,102,36200.0,91.5
783323,Amco Road,25.938945,89.906085,102,38500.0,91.5
782136,Jakhalabandha,26.55005,93.147285,102,36200.0,91.5
480334,Pandhurna,21.68093,78.58574999999999,102,48200.0,45.7
370410,Gundala,22.96088,69.84882,102,38600.0,91.5
781019,Kahilipara,26.140735,91.76121,102,36300.0,91.5
766101,Rupra Road,20.160625000000003,83.33361,102,37900.0,91.5
781003,Silpukhuri,26.18537,91.769005,102,36300.0,91.5
571475,Hadli,12.4221,77.131415,102,43000.0,100.0
571430,Malavalli,12.369125,77.07423,102,42600.0,100.0
571432,Nagamangala,12.810975,76.7193,102,40700.0,100.0
D688159,"Jagatsinghapur, Odisha · D688159",20.1801473,86.3414874,102,36900.0,91.5
782105,"Morigaon, Assam",26.2540561,92.3604704,102,35600.0,91.5
480109,Piplanarayanwar,21.57497,78.710985,102,51900.0,45.7
799285,Kamalpur,24.18676,91.81471,102,41200.0,91.5
799289,Ambassa,23.837985,91.876965,102,38900.0,91.5
370665,Virani,23.479625,69.33479,102,38500.0,91.5
673106,Chorode,11.624770000000002,75.58166499999999,102,40200.0,91.5
591128,Uchgaon,15.892465,74.408965,102,74700.0,100.0
586122,Mangoli,16.672615,75.82142999999999,102,36300.0,100.0
792105,Mahadevpur,27.609385,95.823265,102,36800.0,91.5
210501,Bewar,25.80218,79.94796500000001,102,35400.0,7.3
343049,Kagmala,24.8825,72.268835,102,40600.0,91.5
517415,Baireddipalle,13.102525,78.582605,102,36900.0,91.5
517414,Royalpet,13.32878,78.717365,102,36700.0,91.5
533294,Rajanagaram,17.0384,81.92104499999999,102,41400.0,91.5
635113,Kelamangalam,12.582415,77.89525,102,60100.0,91.5
764020,Koraput,18.81096,82.70703499999999,102,39300.0,91.5
764038,Padwa,18.35294,82.69235499999999,102,40100.0,91.5
533296,GSL Medical College,17.008445000000002,81.90451999999999,102,41600.0,91.5
766002,Bhawanipatna G.Chowk,19.87469,83.21658500000001,102,37900.0,91.5
517408,Palamaner,13.196225,78.74145,102,37100.0,91.5
571424,Kiragavalu,12.36957,76.961285,102,42400.0,100.0
206123,Baralokpur,26.904475,79.21079,102,40100.0,7.3
627415,Kadayam,8.84717,77.34550999999999,102,47700.0,91.5
781020,Noonmati,26.1987,91.79685,102,36000.0,91.5
781008,Rehabari,26.175225,91.7451,102,36500.0,91.5
781034,Odalbakra,26.141165,91.742835,102,36400.0,91.5
752111,Konark,19.909305,86.10978,102,36700.0,91.5
413515,Ahmedpur,18.727435,76.95788,102,33900.0,39.0
141419,Ghudani Kalan,30.72112,75.96448000000001,102,46500.0,36.6
673308,Chombala,11.66624,75.566705,102,40100.0,91.5
571478,Kottatti,12.46568,76.900525,102,42100.0,100.0
766110,Narla Road,19.99408,83.35409,102,37900.0,91.5
172113,Tabo,32.132945,78.39621,102,43800.0,91.5
571605,Akkihebbal,12.59423,76.41285500000001,102,39100.0,100.0
626137,Pillayarkulam,9.442585,77.6351,102,45600.0,91.5
571423,Kikkeri,12.749485,76.42617,102,38600.0,100.0
635812,Vadapudupet,12.8296,78.79154,102,37400.0,91.5
247776,Shamli,29.46667,77.30783,102,37900.0,7.3
483775,Vijayraghavgarh,23.953845,80.63655,102,36700.0,45.7
586205,Chadchan,17.35179,75.67248000000001,102,34500.0,100.0
752114,Rench,20.095225,85.9422,102,36700.0,91.5
673509,Parakkadavu,11.72987,75.64502999999999,102,40000.0,91.5
483110,Kundam,23.23228,80.415505,102,37600.0,45.7
571607,Krishnaraja Sagar,12.41351,76.56718000000001,102,41300.0,100.0
421103,Maskal,19.3117913663136,73.23623657226564,102,51500.0,0.0
343025,Bagra,25.173465,72.58725,102,41100.0,91.5
344032,Pachpadra City,26.07445,72.17588,102,43600.0,91.5
535557,Balijipeta,18.592035,83.529825,102,39000.0,91.5
413581,JJJKSSK Nalegaon,18.44613,76.75476499999999,102,37300.0,39.0
782401,Digaru,26.17746,91.946945,102,36000.0,91.5
626110,Mohamed Sahibpuram,9.508105,77.55829499999999,102,46600.0,91.5
515286,Hemavathi,14.004295,76.994285,102,36600.0,91.5
796181,Serchhip,23.299965,92.942735,102,38200.0,91.5
251311,Charthawal,29.545695,77.59645499999999,102,34400.0,7.3
251316,Morna,29.45448,77.98506,102,38200.0,7.3
487330,Barman,23.124095,79.05705499999999,102,35900.0,45.7
781009,Bharalumukh,26.173,91.724945,102,36600.0,91.5
500017,Lallaguda,17.434415,78.53015500000001,102,39500.0,7.3
752002,Puri Station Road,19.8343066,85.6853295,102,36200.0,91.5
D335855,"Karimganj, Assam · D335855",24.5828196,92.3725487,102,40400.0,91.5
581337,Idgundi,14.82164,74.57538500000001,102,43100.0,100.0
752113,Brahmakundi,20.05346,86.08359999999999,102,36800.0,91.5
413514,Shirur Tajband,18.617785,77.011535,102,35000.0,39.0
370455,Gundiyali,22.829145,69.441315,102,38700.0,91.5
413513,Chakur,18.549075,76.84871,102,35800.0,39.0
626126,Sundarapandiam,9.59411,77.679625,102,45300.0,91.5
335805,STPS Suratgarh,29.17468,74.065095,102,40000.0,91.5
796186,Thenzawl,23.24212,92.76151,102,38200.0,91.5
752121,Bamanal,19.9843,85.947755,102,36700.0,91.5
799204,Kulaibazar,23.958255,91.83891,102,40500.0,91.5
673502,Edacheri,11.68072,75.61056500000001,102,40100.0,91.5
203395,Shikarpur,28.284215000000003,78.01625,102,52800.0,7.3
518468,Pendekallu,15.41463,77.65926,102,37200.0,91.5
518533,Velgode,15.69843,78.61892,102,38400.0,91.5
442307,Wadner,20.416675,78.73675499999999,102,49300.0,39.0
581412,Kirwatti,15.06605,74.87069,102,42200.0,100.0
754107,Alanahat,20.160110000000003,86.210125,102,36600.0,91.5
754108,Balikuda,20.15499,86.27974,102,36600.0,91.5
754109,Debidol,20.175045,86.16507,102,36500.0,91.5
691312,Eroor,8.935875,76.977115,102,46000.0,91.5
764004,Jeypore(K) Irrigation Colony,18.873045,82.56752499999999,102,39100.0,91.5
285122,Dakore,25.86439,79.454835,102,37900.0,7.3
423111,Vadner Bhairav,20.23681,74.07610500000001,102,37800.0,39.0
303510,Ramgarh Pachwara,26.632565,76.230085,102,40200.0,91.5
764001,Jeypore,18.85774,82.57612,102,39200.0,91.5
673503,Purameri,11.67525,75.6388,102,40100.0,91.5
533341,Dwarapudi,16.964750000000002,81.90581,102,41500.0,91.5
691534,Chadayamangalam,8.864315000000001,76.871365,102,45400.0,91.5
626132,Watrap,9.64403,77.63737499999999,102,46000.0,91.5
626135,Srivilliputhur Court Complexe,9.494555,77.649805,102,45300.0,91.5
742201,Aurangabad,24.59635,88.03682,102,42500.0,91.5
518513,Santajutur,15.603685,78.61126,102,38300.0,91.5
487881,Sali Choka Road,22.763215,78.688545,102,36900.0,45.7
781025,Ambari Fatasil,26.144005,91.71987,102,36600.0,91.5
781024,Zoo Road,26.169505,91.787965,102,36100.0,91.5
344027,Parlu,25.87243,72.44001,102,43400.0,91.5
781150,Chandrapur,26.2212,91.917065,102,36100.0,91.5
246761,Dhampur,29.30774,78.50731999999999,102,40000.0,7.3
413308,Nazara,17.39378,75.04898,102,63300.0,39.0
626133,Kummapatti,9.6457,77.58429000000001,102,46400.0,91.5
206242,Bharthana,26.806275,79.24717000000001,102,40400.0,7.3
533232,Chintaluru,16.803195000000002,81.89002500000001,102,41500.0,91.5
244225,Bachhraon,28.915385,78.1803,102,56300.0,7.3
244231,Dhanaura,28.969535,78.206175,102,55600.0,7.3
639115,Tirupparaithurai,10.879045,78.57496,102,39100.0,91.5
344037,Swau Padamsingh,26.197195,71.80976000000001,102,41700.0,91.5
761035,Sumandala,19.745815,85.03748,102,36800.0,91.5
442303,Pulgaon Camp,20.715805,78.34709,102,34900.0,39.0
723215,Baglata,23.492310000000003,86.085905,102,36900.0,91.5
212206,Karari,25.464565,81.397695,102,40900.0,7.3
285126,Madhogarh,26.277085,79.19623,102,37400.0,7.3
761131,Kullada,20.08117,84.707235,102,37300.0,91.5
627806,Kilapavur,8.937465,77.39675,102,47700.0,91.5
243504,Meerganj,28.520655,79.17779,102,41200.0,7.3
626121,Seithur,9.429144999999998,77.41296,102,46700.0,91.5
285129,Umri,26.326635,79.30431999999999,102,37600.0,7.3
626142,Sundaranachiarpuram,9.452,77.47453,102,47600.0,91.5
781021,Bamunimaidan,26.18853,91.78632,102,36200.0,91.5
783132,Jaleswar,26.051895,90.20263,102,36500.0,91.5
783128,Sukchar,25.785215,89.88763,102,39500.0,91.5
203399,Ramghat,28.114715,78.429565,102,52400.0,7.3
761105,Polosara,19.71566,84.901355,102,36900.0,91.5
764002,Jeypore(K) R.S.,18.937975,82.418545,102,38800.0,91.5
723213,Jiudaru,23.480795,86.07346,102,36800.0,91.5
241122,Baghauli,27.224675,80.26106,102,41600.0,7.3
384310,Valam,23.728875,72.469555,102,57600.0,91.5
761103,Pitala,19.531915,84.71455,102,37500.0,91.5
736207,Barobisha,26.490325,89.82252500000001,102,36100.0,91.5
321411,Khareri,26.86892,77.17919,102,36600.0,91.5
305812,Harmara,26.719005,74.965145,102,41100.0,91.5
246701,Bijnor,29.3047,78.125945,102,55600.0,7.3
500030,Rajendranagar,17.32318,78.395685,102,40800.0,7.3
832101,Baharagora,22.30458,86.73409,102,39500.0,91.5
581325,Dandeli,15.190435,74.59726,102,52800.0,100.0
384315,Visnagar,23.734815,72.57798,102,56200.0,91.5
384320,Umta,23.79044,72.5612,102,55400.0,91.5
384325,Kheralu,23.90717,72.657505,102,54200.0,91.5
761104,Kabisuryanagar,19.5823,84.761965,102,37400.0,91.5
518225,Erukalacheruvu,15.548605,77.741725,102,37100.0,91.5
673507,Kakkattil,11.68411,75.731835,102,40200.0,91.5
763002,Sunabeda-2,18.72343,82.818855,102,39000.0,91.5
391156,Tejgadh,22.349405,73.932575,102,50500.0,91.5
144802,Jagatjit Nagar,31.45597,75.400845,102,39000.0,36.6
305627,Tantoti,26.133615,74.81577,102,39600.0,91.5
761031,Beguniapada,19.640815,85.00580500000001,102,36800.0,91.5
691516,Karingannur,8.871310000000001,76.80937,102,46300.0,91.5
761121,Jagannath Prasad,19.990815,84.815495,102,37300.0,91.5
761110,Aska,19.61068,84.65666999999999,102,37400.0,91.5
210202,Badausa,25.122715,80.75857500000001,102,38500.0,7.3
175032,Chauntra,32.00234,76.72054,102,42400.0,91.5
370130,Khedoi,23.042365,69.891865,102,38600.0,91.5
305802,Kishangarh City,26.5293,74.84398,102,40300.0,91.5
736203,Kumargramduar,26.58997,89.83027,102,36100.0,91.5
736205,New Lands,26.67683,89.825165,102,36200.0,91.5
762105,Kothagarh,19.786295000000003,83.74000000000001,102,37800.0,91.5
763001,Sunabeda-1,18.75651,82.838245,102,38900.0,91.5
731238,Chatra,24.375785,87.88743,102,42900.0,91.5
691578,Kalluvathukkal,8.83553,76.744665,102,47700.0,91.5
176073,Bairhgat,31.903675,76.490945,102,43000.0,91.5
110080,Sangam Vihar,28.49274,77.23536999999999,102,75700.0,53.0
626116,W Pudupatti,9.61599,77.63996,102,45900.0,91.5
626117,Rajapalayam,9.489529999999998,77.50816499999999,102,47200.0,91.5
303004,Lawain,26.7805,76.218995,102,39900.0,91.5
764041,Jolaput,18.46584,82.601175,102,40000.0,91.5
533288,Rampachodavaram,17.429365,81.714635,102,40800.0,91.5
384140,Kamli,23.866705,72.404205,102,56100.0,91.5
761116,Bhetonoi,19.694235,84.686575,102,37500.0,91.5
784161,Bihupuria,27.001695,93.95808,102,44500.0,91.5
607301,Kullanchavadi,11.598195,79.65624,102,51900.0,91.5
607302,Kurinjipadi,11.58338,79.61833,102,51800.0,91.5
532123,S.R.Puram,18.485375,83.748615,102,38800.0,91.5
532122,Vunukuru,18.570965,83.64846,102,38900.0,91.5
533254,Lakkavaram,16.42558,81.874875,102,41600.0,91.5
752110,Gop,19.96459,86.022445,102,36700.0,91.5
752109,Astarang,19.97366,86.293755,102,36800.0,91.5
752108,Kakatpur,20.00895,86.1924,102,36800.0,91.5
360452,Chitravad,21.97281,70.370315,102,37800.0,91.5
608704,Pinnalur,11.47965,79.55613,102,52000.0,91.5
311203,Piplund,25.519945,75.27771,102,33400.0,91.5
611110,Tirupundi,10.61902,79.821815,102,39200.0,91.5
673504,Nadapuram,11.68772,75.65235999999999,102,40100.0,91.5
673517,Valayam,11.75047,75.68954,102,40000.0,91.5
533308,Mandapeta,16.845615000000002,81.926965,102,41300.0,91.5
285128,Hadrukh,26.258785,79.34622,102,37200.0,7.3
731221,Paikar,24.46141,87.93143,102,42600.0,91.5
673309,Azhiyur,11.69256,75.551625,102,40000.0,91.5
303504,Mandawari,26.48914,76.425235,102,39900.0,91.5
608901,Kavarapalayam,11.34845,79.328285,102,47300.0,91.5
673506,Kallachi,11.734655,75.72664,102,40000.0,91.5
763003,"D.P.Camp, Sunabeda",18.7419,82.855455,102,38800.0,91.5
763004,"Nad, Sunabeda",18.74512,82.79810499999999,102,39100.0,91.5
302018,Durgapura,26.85573,75.78956,102,41100.0,91.5
784160,Laluk,27.15289,93.899345,102,46900.0,91.5
241407,Saadat Nagar,27.70759,80.19239999999999,102,41000.0,7.3
673505,Tuneri,11.713215000000002,75.616875,102,40000.0,91.5
321408,Weir,27.004965,77.21497,102,37400.0,91.5
627808,Pavoorchatram,8.894960000000001,77.40245,102,47400.0,91.5
413409,Agalgaon,18.360205,75.751125,102,44400.0,39.0
384130,Kahoda,23.89195,72.46633,102,56100.0,91.5
518380,Pattikonda,15.433765,77.51614000000001,102,37100.0,91.5
791121,Kimin,27.435895,94.05199,102,43400.0,91.5
572120,Hebbur,13.13947,77.05626000000001,102,71500.0,100.0
761143,Karachulli,19.864615,84.88382,102,37000.0,91.5
783375,Runikhata,26.748575,90.415705,102,36700.0,91.5
212217,Sirathu,25.62985,81.31381999999999,102,41100.0,7.3
364135,Pithalpur,21.194065,72.04979499999999,102,38600.0,91.5
364140,Talaja,21.33181,72.03938,102,38400.0,91.5
518347,Aspari,15.504015,77.40432,102,37300.0,91.5
825321,Tandwa,23.84443,85.07073,102,37000.0,91.5
533240,D.Gannavaram,16.580475,81.89142000000001,102,41300.0,91.5
754104,Nalibar,20.300205,86.22579999999999,102,36800.0,91.5
754102,Anakhia,20.298945,86.10063,102,36800.0,91.5
761030,Khallikote,19.63089,85.04612,102,36800.0,91.5
422104,Wavi,19.85562,74.241465,102,40900.0,39.0
754111,Biridiroad,20.32942,86.046875,102,36700.0,91.5
754110,Borikina,20.11961,86.40399500000001,102,36600.0,91.5
176075,Duhak,31.88372,76.46551500000001,102,43100.0,91.5
305402,Ramsar,26.301485,74.91734,102,39700.0,91.5
638703,Udhiyur,10.88907,77.51454,102,49600.0,91.5
533248,Ponnamanda,16.44558,81.917995,102,41400.0,91.5
612902,Kodalikaruppur,11.13014,79.39606,102,44000.0,91.5
581349,Mundgod,14.969365,74.976795,102,39000.0,100.0
752106,Nimapara MDG,20.05884,86.01164,102,36700.0,91.5
752105,Balanga,20.036585,85.89514,102,36700.0,91.5
752118,Bangurigaon,19.948805,86.185445,102,36800.0,91.5
752116,Birtung,19.97762,86.07583,102,36700.0,91.5
611103,Kilaiyur,10.62729,79.77497500000001,102,37200.0,91.5
691535,Nilamel,8.826025000000001,76.87591,102,46500.0,91.5
532186,Vengala Rao Colony,18.43163,83.894455,102,38700.0,91.5
754023,Chhatia,20.607835,86.07313500000001,102,37000.0,91.5
755015,Sankhachilla,20.862755,86.14142000000001,102,36700.0,91.5
532445,Burja,18.506145,83.820785,102,38800.0,91.5
620002,Teppakulam,10.831595,78.69902,102,37600.0,91.5
755020,Ferro Chrome Project,20.9464,86.109335,102,36900.0,91.5
325009,Khatoli,25.724525,76.4285,102,29100.0,91.5
673501,Orkatteri,11.664025,75.593655,102,40100.0,91.5
627713,Ilyarasanendal,9.219815,77.74824000000001,102,40000.0,91.5
627861,Virakeralmpudur,8.933225,77.458635,102,47300.0,91.5
421311,Saravali,19.23205,73.079265,102,48000.0,39.0
461122,OFE Itarsi,22.580345,77.84838500000001,102,38900.0,45.7
461441,Khirkiyan R.S.,22.07055,77.01123,102,37700.0,45.7
754133,Tarpur,20.3358,86.24197000000001,102,36700.0,91.5
445110,Mahagaon Kasba,20.21769,77.87397999999999,102,34900.0,39.0
532190,P.S.Puram,18.482495,83.92009,102,38700.0,91.5
624801,Ayyalur,10.477845,78.176855,102,40500.0,91.5
832103,Moubhandar,22.59284,86.42914999999999,102,38600.0,91.5
626102,Chatrapatti,9.398085,77.58902,102,46400.0,91.5
302015,Gandhi Nagar,26.88448,75.79205999999999,102,43600.0,91.5
673542,Villyappalli,11.63455,75.64194,102,40300.0,91.5
611109,Thevur,10.70323,79.74662000000001,102,42100.0,91.5
755019,Jajpur Road RS,21.010355,86.04578000000001,102,36900.0,91.5
621202,Ayyampalayam,10.93965,78.49988,102,39500.0,91.5
783376,Choraikhola,26.358455,90.373485,102,35900.0,91.5
364120,Tansa,21.489375000000003,72.13595,102,38700.0,91.5
627418,Kila Ambur,8.758295,77.38561,102,46600.0,91.5
624403,Sendurai,10.3908,78.23815,102,40300.0,91.5
627953,Melanilithanallur,9.095255,77.59457,102,41300.0,91.5
754106,Kaduapada,20.221255,86.25547,102,36500.0,91.5
384170,Unjha,23.79755,72.41399999999999,102,56900.0,91.5
581346,Malgi,14.78456,75.003015,102,38900.0,100.0
125011,B.S.F Hisar,29.20902,75.671385,102,47200.0,11.0
141105,Sarabha,30.75668,75.683945,102,46800.0,36.6
621207,Kattuputhur,11.02147,78.22593,102,43400.0,91.5
621218,Valady,10.87809,78.767845,102,37200.0,91.5
142032,Bassian,30.638685,75.524985,102,43400.0,36.6
444005,Jatherpeth Akola,20.73669,77.056185,102,34200.0,39.0
444401,Barshitakli,20.53808,77.099605,102,34300.0,39.0
461661,Babai,22.73141,77.94614999999999,102,38800.0,45.7
532405,Gara,18.32904,84.029045,102,38800.0,91.5
755026,Dangadi,20.938915,86.02935,102,36900.0,91.5
626188,Dhalavaipuram,9.398705,77.49807,102,47500.0,91.5
626149,Maharajapuram,9.670925,77.70093,102,43900.0,91.5
621803,Kallathur Thandalai,11.27906,79.383445,102,46000.0,91.5
403802,Vasco-Da-Gama,15.40619,73.82262499999999,102,70500.0,39.0
799286,Halahali,24.090655,91.837065,102,40900.0,91.5
125001,Hisar,29.162275,75.736535,102,46900.0,11.0
533249,Tatipaka,16.514400000000002,81.879265,102,41500.0,91.5
323602,Kesoraipatan Sugar Factoy,25.334155000000003,75.953695,102,37000.0,91.5
362225,Mangrol,21.138485,70.12950000000001,102,37200.0,91.5
362250,Chorvad,21.06654,70.211395,102,36900.0,91.5
362240,Shil,21.224045,70.05378999999999,102,37300.0,91.5
752107,Nayahat,20.017115,86.15957,102,36800.0,91.5
532406,Calingapatnam,18.31934,84.10092,102,38800.0,91.5
442504,Sironcha,18.939295,80.106335,102,39500.0,39.0
627412,Alwarkurichi,8.79592,77.30938499999999,102,47800.0,91.5
464221,Ganjbasoda,23.896715,77.925855,102,37900.0,45.7
307803,Ramseen,25.025125000000003,72.515325,102,41100.0,91.5
752120,Nuapalamhat,20.034505,86.12253000000001,102,36800.0,91.5
757084,Kostha,21.990855,86.91462000000001,102,39300.0,91.5
752119,Lataharan,20.019685000000003,86.2491,102,36800.0,91.5
176096,Lambagaon,31.926395,76.56006,102,43200.0,91.5
305601,Nasirabad,26.231205000000003,74.83930000000001,102,39700.0,91.5
783127,Salmara South,25.892535,89.95261500000001,102,38800.0,91.5
766037,Thuamul Rampur,19.58875,83.06067999999999,102,37900.0,91.5
814111,Amrapara,24.5325908,87.593232,102,38100.0,65.2
695543,Vellanad,8.5769705,77.0501246,102,65600.0,91.5
D415026,"Lakhimpur, Assam · D415026",27.1763356,94.1992932,102,42000.0,91.5
683541,Keezhillam,10.0383947,76.5074145,102,64400.0,91.5
343021,Ummedabad,25.396905,72.44181499999999,102,41900.0,91.5
673101,Vadakara,11.59714,75.589735,102,40300.0,91.5
532211,Naupada,18.5445,84.29905,102,37900.0,91.5
140123,Ganugwal,31.277105,76.483695,102,40900.0,36.6
457339,Dhodhar RS,23.79008,75.11762999999999,102,44100.0,45.7
141413,Dhamote,30.663690000000003,76.022015,102,44000.0,36.6
532218,Pundi R S,18.65534,84.37859,102,38100.0,91.5
621305,Kovilpatti,10.480725,78.46424999999999,102,37600.0,91.5
736202,Kamakhyaguri,26.516415,89.73816,102,36100.0,91.5
532429,Polaki,18.364505,84.10603499999999,102,38700.0,91.5
621802,Jayamkondacholapuram,11.20539,79.36112,102,43400.0,91.5
444804,Purna Nagar,21.094135,77.56429,102,33700.0,39.0
532220,Brahmanatarla,18.73009,84.34316000000001,102,38200.0,91.5
413222,Nanaj,17.846355,75.79941500000001,102,36600.0,39.0
621806,Variyankaval,11.24848,79.30309500000001,102,43000.0,91.5
621801,Andimadam,11.337345,79.37194500000001,102,47600.0,91.5
532213,Pathapatnam,18.71393,84.10746,102,37800.0,91.5
532484,Dusi Rs,18.37833,83.874365,102,38800.0,91.5
444001,Akola,20.70597,77.01515,102,34300.0,39.0
141415,Jarg,30.59441,76.06685,102,42500.0,36.6
532404,Srikurmam,18.286075,84.007665,102,38900.0,91.5
444104,Krishinagar Akola,20.694325,77.076235,102,34200.0,39.0
464258,Nateran,23.752995,77.76437999999999,102,39000.0,45.7
754132,Raghunathpur,20.334245000000003,86.14115,102,36800.0,91.5
626122,Settiyarpatti,9.384905,77.5034,102,47500.0,91.5
532458,L.N.Peta,18.56627,83.91312500000001,102,38600.0,91.5
627424,Ravanasamudram,8.816794999999999,77.315725,102,47800.0,91.5
532440,Palakonda,18.60223,83.742835,102,38900.0,91.5
532443,Seethampeta,18.646035,83.799245,102,38900.0,91.5
532212,Naupada RS,18.5844,84.28061,102,37800.0,91.5
799284,Sarma,23.615995,91.828575,102,40200.0,91.5
305923,Lotiyana,25.892385,74.16004,102,39300.0,91.5
627860,Uthumalai,9.005205,77.545125,102,46200.0,91.5
444004,Gandhinagar,20.67676,77.02104,102,34300.0,39.0
331802,Rajaldesar,28.039665,74.40205,102,35800.0,91.5
331031,Satra,28.222525,74.82598,102,37200.0,91.5
532216,Chapara,18.751150000000003,84.22703999999999,102,38100.0,91.5
461115,NYC Itarsi,22.547475,77.70217500000001,102,38900.0,45.7
626108,Kumarasamy Raja Nagar,9.43605,77.57704000000001,102,46400.0,91.5
606103,Kammapuram,11.460765,79.445495,102,52600.0,91.5
532430,Priyagraharam,18.431735,84.17531,102,38500.0,91.5
627423,Pottalpudur,8.795765,77.42249000000001,102,46600.0,91.5
307515,Jaswantpura,24.86533,72.403895,102,41100.0,91.5
532459,Hiramandalam,18.69927,83.925325,102,38700.0,91.5
752045,Gabakunda,19.94857,85.89862,102,36600.0,91.5
413523,Kingaon,18.71437,76.778915,102,35200.0,39.0
673102,Madappalli College,11.647885,75.56996000000001,102,40100.0,91.5
209720,Bishungarh,27.112070000000003,79.41219000000001,102,40000.0,7.3
440016,Indl.Area Nagpur,21.128005,79.01993,102,51100.0,39.0
533297,Gandepalli,17.14303,81.93216000000001,102,41300.0,91.5
142045,Manoke,30.586125,75.20283,101,38500.0,36.6
142046,Patto Hira Singh,30.575315,75.23928000000001,101,39000.0,36.6
755050,Jaraka,20.774275000000003,86.136675,101,36500.0,91.5
621213,Sirugambur,10.917675,78.619985,101,38000.0,91.5
444003,Shivaji Park Akola,20.803115,77.10141,101,34100.0,39.0
620101,Mutharasanallur,10.858655,78.659,101,37000.0,91.5
142035,Mallah,30.695625,75.417795,101,40700.0,36.6
142031,Hathur,30.62361,75.43689,101,41100.0,36.6
D267960,"Simdega, Jharkhand · D267960",22.5904573,84.5464805,101,35800.0,91.5
734431,Sahabad,26.75,88.25,101,34500.0,91.5
591212,Anantpur,16.888255,75.055385,101,63400.0,100.0
152128,Khuiyan Server,30.15623,74.052975,101,36800.0,36.6
621009,Tiruvellerai,10.960715,78.66,101,36600.0,91.5
787054,Islamgaon,27.03858,94.005825,101,43900.0,91.5
620010,Industrial Colony,10.81887,78.741725,101,37400.0,91.5
620017,Tennur,10.813865,78.67873,101,37000.0,91.5
464220,Gulabganj,23.71425,77.95443499999999,101,37200.0,45.7
461221,Banapura,22.54061,77.50715,101,38500.0,45.7
461223,Seoni Malwa,22.444425000000003,77.473015,101,38100.0,45.7
533247,Nagaram,16.5161,81.93316,101,41200.0,91.5
783325,Jhagrarpar,26.041545,89.994585,101,36300.0,91.5
783330,Fakirganj,25.974235,90.08092,101,37900.0,91.5
783331,Gauripur,26.136425,89.953105,101,36100.0,91.5
530028,Simhachalam,17.8053222,83.2827677,101,44600.0,91.5
787023,Naoboicha,27.176255,93.98856,101,44500.0,91.5
561202,Pavagada,14.08626,77.215405,101,36100.0,100.0
360375,Navagadh,21.77712,70.613855,101,37000.0,91.5
360405,Jamkandorna,21.94649,70.49704,101,37200.0,91.5
146001,Hoshiarpur,31.530685,75.92246,101,40800.0,36.6
148106,Longowal,30.20903,75.67443499999999,101,39500.0,36.6
532474,Tilaru RS,18.46654,84.07952,101,38400.0,91.5
627422,Papanasam Mills,8.694980000000001,77.39927,101,45800.0,91.5
172117,Sagnam,31.8854,77.97073499999999,101,43200.0,91.5
D712176,"Banda, Uttar Pradesh · D712176",25.4438537,80.5595237,101,37900.0,91.5
151509,Maur Mandi,30.04694,75.202765,101,36500.0,36.6
783301,Dhubri,26.017045000000003,89.98711,101,36400.0,91.5
532401,Arasavilli,18.273785,83.94402,101,38900.0,91.5
532402,S.M.Puram,18.323255,83.82621499999999,101,38800.0,91.5
141103,Mohie,30.7997,75.705485,101,47100.0,36.6
141106,Halwara Aerodrome,30.74592,75.633075,101,45500.0,36.6
444102,Borgaon Manju,20.708555,77.21173999999999,101,33900.0,39.0
754160,Manijanga,20.294425,86.37361,101,36300.0,91.5
444723,Sirajgaon Band,21.253335,77.639505,101,32900.0,39.0
416006,Kasba Bavada,16.746275,74.248955,101,44500.0,39.0
415728,Hedavi,17.34533,73.26172,101,37600.0,39.0
627951,Devarkulam,9.005385,77.65116,101,44500.0,91.5
532410,Etcherla,18.2926,83.841655,101,38900.0,91.5
306709,Dlf Rabriyawas,26.30966,74.05464,101,40200.0,91.5
148001,Sangrur,30.247085,75.863855,101,39000.0,36.6
147105,Patran,29.924480000000003,76.09405000000001,101,45900.0,36.6
444807,Chikhaldara,21.51601,77.40900500000001,101,34200.0,39.0
754135,Krishnanandapur,20.34553,86.274095,101,36200.0,91.5
754136,Kanakpur,20.25786,86.298915,101,36500.0,91.5
754137,Tirtol,20.32763,86.33726999999999,101,36300.0,91.5
755043,Panikoili,20.89783,86.245225,101,36400.0,91.5
151001,Bathinda,30.201395,74.93224000000001,101,35900.0,36.6
124201,Beri,28.709205,76.57715999999999,101,52200.0,11.0
145027,Bamial,32.29316,75.3745,101,36700.0,36.6
241302,Madhoganj,27.141825,80.117695,101,38800.0,7.3
324008,Thermal Colony Kota,25.19768,75.79449500000001,101,37000.0,91.5
D469019,"Sheopur, Madhya Pradesh · D469019",25.7499267,76.9212945,101,28200.0,91.5
331402,Pulasar,28.432715,74.65712500000001,101,37000.0,91.5
783369,Salakati Project,26.470335,90.34939,101,35900.0,91.5
782402,Sonapur,26.07356,91.92611,101,36000.0,91.5
487555,Kaudia,23.002375,78.787075,101,36400.0,45.7
344701,Shiv,26.24724,71.2741,101,41300.0,91.5
344703,Rawatsar,25.67852,71.65955,101,41200.0,91.5
343023,Dhansa,25.225340000000003,72.33153999999999,101,39000.0,91.5
535128,Chipurupalle,18.320500000000003,83.552675,101,38300.0,91.5
335703,Ramsinghpur,29.125535,73.41562,101,40300.0,91.5
506367,Maddur,17.96494,79.10540499999999,101,33700.0,7.3
782140,Samaguri,26.439495,92.86352,101,35600.0,91.5
781006,Assam Sachivalaya,26.141105,91.795485,101,35900.0,91.5
788161,Katlacherra,24.5076094,92.6267589,101,35400.0,91.5
410005,410005,18.61536080368649,73.75934668499661,101,46700.0,34.8
790116,Tenga Market,27.2915853,92.4619174,101,51200.0,91.5
332401,Balaran,27.900275,75.11969500000001,101,37300.0,91.5
343029,Bhinmal,25.06166,72.15896000000001,101,39200.0,91.5
343030,Joojani,25.11181,72.107115,101,39200.0,91.5
343032,Bagoda,25.24608,72.012165,101,39500.0,91.5
591234,Mangsuli,16.73257,74.84293,101,68200.0,100.0
755044,Chandikhol,20.708625,86.070075,101,36400.0,91.5
454331,Kukshi,22.207295,74.68530999999999,101,55700.0,45.7
620003,Woriur,10.8314,78.670525,101,37100.0,91.5
306301,Anandpur Kalu,26.3957,74.03511499999999,101,40300.0,91.5
127045,Barwa,28.96423,75.601005,101,45400.0,11.0
140116,Kotla Power House,31.231905,76.550545,101,39300.0,36.6
141414,Issru,30.66623,76.11458999999999,101,41200.0,36.6
206128,Mandir Mahewa,26.603105,79.2319,101,40000.0,7.3
586117,Horti,17.134030000000003,75.74272500000001,101,34800.0,100.0
781028,Beltola,26.12678,91.797685,101,35900.0,91.5
781036,Hengrabari,26.154035,91.806895,101,35700.0,91.5
143525,Marara,32.179045,75.378125,101,36700.0,36.6
533229,Palivela,16.66461,81.907505,101,41100.0,91.5
610204,Tirukuvalai,10.621165,79.73436,101,37000.0,91.5
761028,Rambha,19.540615,85.08407500000001,101,36700.0,91.5
761029,Khallikote RS,19.674095,85.12839500000001,101,36700.0,91.5
244223,Bhartiya Gram,28.822305,78.230865,101,54100.0,7.3
518508,Gadivemula,15.742325,78.41073,101,37400.0,91.5
518510,Yerraguntla,15.260255,78.51652,101,37000.0,91.5
141107,Halwara,30.71747,75.62908999999999,101,45400.0,36.6
141401,Khanna,30.70146,76.24621,101,37600.0,36.6
832302,Dhalbhumgarh,22.429955,86.57136,101,38700.0,91.5
518222,Dhone,15.388785,77.87525,101,37400.0,91.5
518165,Sanjamala,15.140605,78.274595,101,37600.0,91.5
461990,Bankhedi,22.803015,78.55333999999999,101,36600.0,45.7
131409,Bhainswal Kalan,29.00589,76.783455,101,46500.0,91.5
621308,Palakurichi,10.43046,78.52241000000001,101,37300.0,91.5
151004,Bathinda Cantt,30.21524,75.01264,101,36500.0,36.6
620018,Thillai Nagar,10.826755,78.68292,101,37200.0,91.5
325204,Sultanpur,25.37176,76.21712500000001,101,36500.0,91.5
241406,Pihani,27.646235,80.19164,101,40700.0,7.3
533214,Ambajipeta,16.59095,81.92505,101,41100.0,91.5
535579,Ramabhadrapuram,18.46826,83.29085,101,38800.0,91.5
535527,Pedabondapalli,18.736510000000003,83.30326,101,39000.0,91.5
535546,Seethanagaram,18.66613,83.41594,101,38900.0,91.5
627414,Cheranmahadevi,8.64045,77.56529,101,41200.0,91.5
445105,Jawala,20.22855,78.00671,101,35300.0,39.0
620006,Srirangam,10.863309999999998,78.664315,101,37000.0,91.5
627425,Vickramasingapuram,8.70156,77.29774,101,47600.0,91.5
401206,Ganeshpuri,19.48796,73.000685,101,48300.0,39.0
123103,Khol,28.218865,76.39436,101,45700.0,11.0
518543,Allagadda MDG,15.1031,78.59634,101,36900.0,91.5
110077,Raj Nagar - II,28.557505,77.049295,101,75700.0,53.0
305412,Fathegarh,26.18101,75.06862,101,40200.0,91.5
305403,Sarwar,26.060145,74.990235,101,39900.0,91.5
384430,Santhal,23.46559,72.22569,101,56400.0,91.5
151101,Bhucho Mandi,30.21043,75.07995500000001,101,36600.0,36.6
176076,Bhawana,31.986195,76.6006,101,41900.0,91.5
145026,Narot Jailmal Singh,32.264255,75.43854999999999,101,36800.0,36.6
313003,Udaipur Industrial Area,24.487985,73.81654,101,40800.0,91.5
422213,Trimbak Vidya Mandir,19.957195,73.627005,101,38100.0,39.0
244235,Gajraula,28.811235,78.221475,101,54400.0,7.3
321028,Kherli Gadasia,27.08112,77.27092999999999,101,35600.0,91.5
581314,Ankola,14.71805,74.42606,101,45000.0,100.0
611112,Vettaikaraniruppu,10.54229,79.82781499999999,101,39000.0,91.5
825408,Itkhori,24.223305000000003,85.18376,101,36900.0,91.5
305406,Junia,26.095085,75.16023,101,40800.0,91.5
518216,Veldurthi,15.52601,77.945205,101,37400.0,91.5
384340,Sudasana,24.05157,72.68018000000001,101,50800.0,91.5
581129,Jagalbet,15.35946,74.493425,101,56300.0,100.0
322201,Gangapur,26.46235,76.66635,101,36400.0,91.5
609807,Pandanallur,11.139125,79.521345,101,46600.0,91.5
535581,Challapeta,18.36612,83.25512,101,38900.0,91.5
416005,Gur Market Yard,16.713555,74.292855,101,45300.0,39.0
731125,Khoyrasole,23.809325,87.19496000000001,101,41700.0,91.5
731237,Lohapur,24.271500000000003,87.950065,101,43400.0,91.5
533218,Peruru,16.54531,81.96825000000001,101,40900.0,91.5
416121,R K Nagar Ichalkaranji,16.711045,74.52063,101,50700.0,39.0
416412,Sankh,17.043599999999998,75.511885,101,34500.0,39.0
416413,Umadi,17.180235,75.51756,101,34000.0,39.0
444702,Dharni,21.4988,76.98343,101,36100.0,39.0
465667,Kurawar,23.57052,76.974355,101,40200.0,45.7
782143,Silghat,26.595125000000003,92.905835,101,37300.0,91.5
782144,Baligaon,26.27012,92.641065,101,35300.0,91.5
173104,Nohra,30.78721,77.4228,101,41300.0,91.5
621204,Gunasilam,10.93969,78.55605,101,38300.0,91.5
621112,Samayapuram,10.93756,78.74837,101,36700.0,91.5
465669,Narsinghgarh,23.70431,77.10881,101,39900.0,45.7
307029,Ahore,25.572775,72.83937,101,42800.0,91.5
307030,Gudabalotan,25.382445,72.9428,101,41100.0,91.5
591108,Hindalga,15.828665,74.4263,101,73300.0,100.0
782142,Bebejia,26.340335,92.59339,101,35300.0,91.5
532432,Jalumuru,18.49279,84.04290499999999,101,38400.0,91.5
360060,Virnagar,22.06794,71.11493,101,37300.0,91.5
731220,Nalhati,24.297575,87.87135,101,43300.0,91.5
413534,Ieet,18.66828,75.59022,101,54300.0,39.0
754139,Ersama,20.190545,86.45151999999999,101,36400.0,91.5
782427,Kathiatoli,26.174625,92.76373,101,35500.0,91.5
500007,Jama I Osmania,17.414555,78.53460999999999,101,39800.0,7.3
500010,Bolarum,17.52682,78.51412,101,37600.0,7.3
361345,Mithapur,22.39174,69.0075,101,37800.0,91.5
246746,Seohara,29.21864,78.60745499999999,101,39600.0,7.3
444110,Kamargaon,20.647605,77.530945,101,34100.0,39.0
620008,Tiruchirappalli Fort,10.81396,78.700725,101,37300.0,91.5
321402,Rudawal,26.979325,77.435105,101,35000.0,91.5
518385,Maddikera,15.29057,77.385025,101,38300.0,91.5
384410,Balol,23.535400000000003,72.233045,101,56400.0,91.5
731243,Nalhati Township,24.292795,87.770475,101,43400.0,91.5
533223,Kothapeta,16.72824,81.911385,101,41100.0,91.5
533210,Bendamurlanka,16.436815000000003,82.002335,101,41000.0,91.5
360370,Jetpur,21.76007,70.611235,101,37200.0,91.5
533215,Bodasakurru,16.52911,81.97682,101,40900.0,91.5
518573,Yallur,15.282875,78.46035,101,37600.0,91.5
822119,Mahuwadand,23.48225,84.134235,101,37100.0,91.5
146110,Kot Abdul Khaliq,31.527375,76.043025,101,41700.0,36.6
335037,Lalgarh Jatan,29.80988,74.03737000000001,101,39300.0,91.5
624001,Dindigul,10.37377,77.97534999999999,101,41300.0,91.5
177108,Garli,31.80594,76.22186500000001,101,41900.0,91.5
754140,Rahama,20.30518,86.43675999999999,101,36200.0,91.5
673305,Koyilandi,11.441585,75.69619499999999,101,41000.0,91.5
413527,Renapur,18.55829,76.54346000000001,101,42100.0,39.0
673003,Kallai-kozhikode,11.230515,75.78842,101,41400.0,91.5
246736,Bashta,29.078935,78.16801,101,56100.0,7.3
321401,Bayana,26.86146,77.332885,101,36200.0,91.5
535580,Pedamanapuram,18.36962,83.31678,101,38600.0,91.5
422010,Ambad A.S.,19.85151,73.71255,101,37800.0,39.0
518594,Rudravaram,15.24676,78.64372,101,37000.0,91.5
673009,Malaparamba,11.2892,75.804415,101,41500.0,91.5
754103,Jagatsinghpur,20.256205,86.18195499999999,101,36400.0,91.5
673541,Thiruvallur,11.590425,75.67222,101,40500.0,91.5
754138,Tiran,20.204285,86.374525,101,36700.0,91.5
755025,Barundai,20.991275,86.23239000000001,101,36600.0,91.5
673001,Calicut,11.2537,75.77799,101,41400.0,91.5
755009,Kabirpur,20.80709,86.23810499999999,101,36300.0,91.5
782102,Barhampur,26.29699,92.76464,101,35400.0,91.5
322202,Mahukala,26.39946,76.68242000000001,101,36200.0,91.5
203392,Danpur,28.22271,78.14676499999999,101,56900.0,7.3
535593,Mamidipalle,18.629575,83.112435,101,39100.0,91.5
321410,Brahmbad,26.94075,77.34896,101,35700.0,91.5
535591,Salur,18.471825000000003,83.179715,101,39000.0,91.5
535592,Pachipenta,18.4848,83.08976,101,39100.0,91.5
518583,Gajulapalle,15.42008,78.64983000000001,101,37100.0,91.5
518390,Tuggali,15.27262,77.56666,101,37800.0,91.5
581348,Manki,14.181305,74.51345,101,39300.0,100.0
581336,Hulekal,14.730705,74.72903,101,38200.0,100.0
762002,Contractorpada,20.560155,84.11058,101,37300.0,91.5
535578,Donkinavalasa,18.4772,83.364285,101,38700.0,91.5
361350,Okha,22.448735,69.03774,101,37900.0,91.5
624004,Dindigul Collectorate,10.397065,77.96246,101,41100.0,91.5
624002,Begampur,10.368765,77.929765,101,41200.0,91.5
624212,Perumbarai,10.34261,77.71854,101,40900.0,91.5
502318,Ranjhole,17.650595,77.623275,101,38000.0,7.3
487114,Karakbel,23.066955,79.264645,101,36600.0,45.7
624709,Tadicombu,10.46217,77.947015,101,40700.0,91.5
621216,Bikshandarkoil,10.883825,78.69535,101,37300.0,91.5
322214,Piplai,26.465405,76.52126,101,36400.0,91.5
533291,Rangampeta,17.06519,81.99166,101,40900.0,91.5
242405,Khutar,28.225315,80.25166,101,41700.0,7.3
361012,Chela,22.308445,70.088725,101,37600.0,91.5
151302,Talwandi Sabo,29.913835,75.148515,101,36400.0,36.6
754294,Chatra,20.237625,86.16911,101,36400.0,91.5
673631,Feroke,11.17361,75.83454,101,42900.0,91.5
361330,Bet,22.44969,69.11712,101,37900.0,91.5
532201,Tekkali,18.606715,84.23389499999999,101,37700.0,91.5
500058,Kanchanbagh,17.328555,78.502715,101,38400.0,7.3
413307,Sangola,17.378574999999998,75.14491000000001,101,58000.0,39.0
483225,Sihora,23.52058,80.07082,101,35900.0,45.7
782101,Nonoi,26.28017,92.7168,101,35400.0,91.5
691574,Parippally,8.812195,76.76948,101,47900.0,91.5
673620,Quilandibazar,11.467495,75.716295,101,41000.0,91.5
855116,Thakurganj,26.414305,88.10793,101,39100.0,65.2
673616,Chelannur,11.36214,75.801445,101,41800.0,91.5
361347,Surajkaradi,22.419735,69.03004,101,37800.0,91.5
755022,Korei,20.99055,86.184495,101,36700.0,91.5
673571,Kunnamangalam,11.302565,75.87209,101,41600.0,91.5
755024,Haridaspur,20.745295,86.1132,101,36400.0,91.5
673304,Chemancheri,11.382485,75.72912,101,41600.0,91.5
424306,Pimpalner,20.929865,74.06406999999999,101,47600.0,39.0
673004,Puthiyara,11.258015,75.79141999999999,101,41500.0,91.5
313022,Dabok,24.64116,73.906645,101,38800.0,91.5
442104,Seloo,20.87905,78.70592500000001,101,47000.0,39.0
413524,Nalegaon,18.41872,76.85615999999999,101,35900.0,39.0
782001,Nagaon,26.34563,92.68838,101,35400.0,91.5
442111,Paunar,20.773595,78.65706,101,44100.0,39.0
673528,Peruvannamuzhi,11.6051,75.87018499999999,101,40700.0,91.5
673529,Tikkoti,11.48496,75.632075,101,40600.0,91.5
673508,Kuttiadi,11.6442,75.74467999999999,101,40400.0,91.5
673002,Chalapuram,11.24377,75.7887,101,41400.0,91.5
415702,Margatamhane,17.437195,73.369445,101,37700.0,39.0
673105,Puduppanam,11.571905,75.62386000000001,101,40400.0,91.5
755023,Jenapur,20.80648,86.05335,101,36500.0,91.5
442001,Wardha,20.7227,78.613795,101,45400.0,39.0
673012,Marikunnu,11.30378,75.83138,101,41600.0,91.5
624304,Sanarpatti,10.27713,78.068005,101,41400.0,91.5
673655,Kolathara,11.19983,75.825965,101,41300.0,91.5
673614,Naduvannur,11.495975,75.781845,101,41500.0,91.5
790106,Lumla,27.617105,91.690935,101,43200.0,91.5
673010,Karaparamba,11.29908,75.795445,101,41600.0,91.5
673011,Nadakavu,11.27052,75.77076500000001,101,41500.0,91.5
673522,Payyoli,11.51448,75.63101499999999,101,40600.0,91.5
673017,Chevayur,11.27045,75.82249999999999,101,41500.0,91.5
673018,Calicut Arts & Science College,11.21422,75.79395,101,41400.0,91.5
624619,Oddanchatram,10.463785,77.73768,101,40300.0,91.5
742237,Manigram,24.349955,88.13553,101,43500.0,91.5
624307,Vellodu,10.29842,77.96674999999999,101,42000.0,91.5
413518,Wadhona,18.522,76.99919,101,35100.0,39.0
624005,Balakrishnapurampudur,10.427295,78.02265,101,40300.0,91.5
143101,Raja Sansi,31.726985,74.79171,101,37000.0,36.6
624701,Attur,10.30135,77.82070999999999,101,41400.0,91.5
532195,Kotabommali,18.52336,84.153885,101,38100.0,91.5
673521,Iringal,11.54954,75.61538,101,40400.0,91.5
673015,Beypore,11.18076,75.80477,101,42900.0,91.5
673328,Mannur,11.152864999999998,75.84164,101,42900.0,91.5
691309,Kalthuruthy,8.976984999999999,77.11746,101,47700.0,91.5
624206,Kodairoad R.S.,10.213305,77.906655,101,42800.0,91.5
532001,Srikakulam,18.300485,83.89915500000001,101,38900.0,91.5
532168,Ponduru,18.35821,83.75202,101,38800.0,91.5
532148,Sigadam,18.368125,83.66691,101,38600.0,91.5
532127,Rajam,18.46516,83.62295,101,38700.0,91.5
502321,Digwal,17.680405,77.73573,101,38400.0,7.3
362255,Sherbaug,21.03336,70.36283,101,36600.0,91.5
532426,Saravakota,18.58,84.065775,101,38000.0,91.5
532427,Budithi,18.541865,84.00354,101,38400.0,91.5
673027,Nallalam,11.212225,75.811185,101,41400.0,91.5
673028,Arakinar,11.203925,75.798645,101,41300.0,91.5
691536,Kadakkal,8.81733,76.928235,101,47300.0,91.5
673029,Tiruvannur Nada,11.226105,75.80416,101,41400.0,91.5
792103,Namsai,27.70421,95.875625,101,37300.0,91.5
799275,Manughat,24.011675,91.986635,101,39400.0,91.5
691319,Thekkumbhagom,8.78773,76.66794,101,48600.0,91.5
673016,Kuthiravattom,11.26495,75.81628,101,41500.0,91.5
624707,Sembatti,10.29427,77.840535,101,41500.0,91.5
691541,Madathara,8.815349999999999,77.02709999999999,101,48400.0,91.5
624211,Pattiveeranpatti,10.202815,77.788465,101,42300.0,91.5
313024,Zinc Smelter,24.581985,73.83239499999999,101,40500.0,91.5
624208,Nilakottai,10.16681,77.849815,101,43100.0,91.5
532005,Gujarathipeta,18.26268,83.860005,101,38900.0,91.5
673526,Kayanna,11.57551,75.81432000000001,101,41000.0,91.5
311605,Kachola,25.402275000000003,75.1688,101,32900.0,91.5
782426,Kampur,26.148055,92.651625,101,35600.0,91.5
673317,Thalakolathur,11.357075,75.76379,101,41700.0,91.5
532203,Venkateswara Colony,18.628355,84.18488500000001,101,37500.0,91.5
790104,Tawang,27.669975,92.03499,101,44200.0,91.5
691308,Thenmala,8.969765,77.062485,101,47400.0,91.5
209728,Saurikh,26.980870000000003,79.515965,101,39600.0,7.3
209734,Thathia,26.91325,79.84949499999999,101,39200.0,7.3
581453,Ramnagar,15.46287,74.338205,101,60100.0,100.0
782120,Ambagan,26.546480000000003,92.759915,101,35800.0,91.5
754114,Mandasahi,20.27118,86.11608000000001,101,36500.0,91.5
782122,Batadraba,26.46329,92.571835,101,35400.0,91.5
782425,Chaparmukh,26.16843,92.549255,101,35100.0,91.5
442106,Kharangna,20.95563,78.44045,101,46300.0,39.0
782137,Kuworitul,26.5442,92.90493,101,35800.0,91.5
782446,Lanka,25.864895,93.163035,101,38300.0,91.5
754024,Dhanmandal,20.662615,86.08567,101,36400.0,91.5
673523,Payyoli Angadi,11.535844999999998,75.67287,101,40700.0,91.5
691302,Bhoothakulam,8.801355000000001,76.708065,101,48300.0,91.5
673020,Calicut Civil Station,11.281365,75.78998,101,41500.0,91.5
673021,Puthiyangadi,11.311125,75.757535,101,41500.0,91.5
673524,Meppayur,11.54916,75.7128,101,40800.0,91.5
572136,Palavalli,14.23134,77.38038,101,36300.0,100.0
754119,Machhagaon,20.04321,86.345785,101,36400.0,91.5
572116,Channakeshavapura,14.08755,77.130375,101,36200.0,100.0
673301,Chaliyam,11.14965,75.81511499999999,101,43000.0,91.5
673302,Kadalundi,11.137695,75.831925,101,42900.0,91.5
624303,N.Panjampatti,10.31667,77.9075,101,41600.0,91.5
362226,Mangrol Bundar,21.107945,70.101595,101,37000.0,91.5
624301,Chinnalapatti,10.27483,77.90283,101,42000.0,91.5
673005,West Hill,11.29311,75.76890499999999,101,41500.0,91.5
673008,Calicut Medical College,11.27023,75.87624500000001,101,41500.0,91.5
673019,Pantheerankavu,11.23357,75.85341,101,41400.0,91.5
742226,Sagardighi,24.2876,88.06941,101,43600.0,91.5
742225,Raghunathganj,24.45747,88.07192,101,42800.0,91.5
742223,Jangipur Barrage,24.51713,88.03847,101,42600.0,91.5
742213,Jangipur,24.482095,88.116835,101,42800.0,91.5
673611,Kakkoti,11.333775,75.806685,101,41700.0,91.5
581396,Kadra,14.89785,74.42916,101,46600.0,100.0
384260,Manund,23.737495,72.290805,101,56400.0,91.5
303503,Lalsot,26.50267,76.283575,101,39900.0,91.5
624302,Gandhigram,10.26186,77.930325,101,42300.0,91.5
783348,Bilasipara,26.229795000000003,90.245905,101,35700.0,91.5
764042,Onukadeli,18.496545,82.39286,101,39800.0,91.5
764043,Boipariguda,18.76384,82.32940500000001,101,38800.0,91.5
673525,Perampra,11.57217,75.761415,101,40900.0,91.5
673014,Guruvayurappan College,11.24041,75.83586,101,41400.0,91.5
742235,Barala,24.434710000000003,88.01111,101,42800.0,91.5
627152,Mundradaippu,8.592835000000001,77.66150999999999,101,40700.0,91.5
764058,Kotpad,19.10519,82.29953499999999,101,38500.0,91.5
246731,Kiratpur,29.502775,78.25388000000001,101,41400.0,7.3
533340,Tapeswaram,16.894655,81.91139,101,41200.0,91.5
638673,Kolinjivadi,10.70371,77.595215,101,42000.0,91.5
210427,Mahoba,25.282865,79.90349,101,36500.0,7.3
781171,Udayan Vihar,26.16468,91.82637,101,35600.0,91.5
362135,Sasan Gir,21.157255,70.62841,101,36300.0,91.5
691559,Chithara,8.81621,76.971035,101,47800.0,91.5
764055,Ambaguda,18.990545,82.477835,101,38700.0,91.5
302005,Rajasthan Secretariate,26.899925,75.79896500000001,101,43100.0,91.5
835218,Netarhat,23.400075,84.249635,101,36700.0,91.5
364260,Tana,21.556175,71.98080999999999,101,37500.0,91.5
209747,Sakrawa,26.98873,79.39169000000001,101,40000.0,7.3
764056,Borigumma,19.05823,82.543995,101,38600.0,91.5
766014,Junagarh,19.78226,82.96656,101,37500.0,91.5
475330,Mohna,25.99497,77.94384,101,34400.0,45.7
624708,Sithayankottai,10.242965,77.828225,101,42100.0,91.5
442003,Hindinagar,20.729485,78.59525500000001,101,45100.0,39.0
673007,Mankavu,11.23964,75.813695,101,41400.0,91.5
673006,Eranhipalam,11.2739,75.78151,101,41500.0,91.5
207245,Sahawar,27.80824,78.84115,101,47100.0,7.3
535568,Piridi,18.55243,83.442865,101,38800.0,91.5
535573,Bobbili Bazar,18.58083,83.350105,101,38900.0,91.5
517305,Cherlopalle,13.8477,78.627215,101,35700.0,91.5
344033,Sindhari,25.57618,71.791395,101,41200.0,91.5
344034,Baitu,25.922265,71.855645,101,42000.0,91.5
207244,Raja Ka Rampur,27.570075000000003,79.158175,101,42500.0,7.3
143534,Taragarh,32.20746,75.46560500000001,101,36800.0,36.6
782123,Dhing,26.467615,92.4833,101,35300.0,91.5
782002,Haiborgaon,26.35432,92.63507,101,35300.0,91.5
855117,Taiyabpur,26.34747,88.16723,101,39300.0,65.2
673307,Kollam,11.483655,75.67692500000001,101,40800.0,91.5
212201,Bharwari,25.560425,81.49891500000001,101,41000.0,7.3
764040,Machhkund,18.559805,82.489885,101,39000.0,91.5
635710,Mittur,12.556605,78.75286,101,36900.0,91.5
635307,Singarapettai,12.279145,78.63044500000001,101,39000.0,91.5
581365,Ganeshgudi,15.278015,74.51191,101,54800.0,100.0
798626,"Tuensang, Nagaland · 798626",26.240075,95.01801,101,36800.0,91.5
635814,Shanankuppam,12.73836,78.72412,101,37000.0,91.5
723202,Jhalda,23.38031,85.98944499999999,101,36600.0,91.5
384160,Unava,23.75994,72.35054,101,56600.0,91.5
766011,Utkela,20.06713,83.0993,101,37300.0,91.5
762021,Bamunigaon,19.719095,84.05752000000001,101,37600.0,91.5
832304,Mahulia,22.715395,86.43344,101,38500.0,91.5
829201,Bachra,23.71267,85.113925,101,36000.0,91.5
344035,Kavas,26.028845,71.56383500000001,101,41600.0,91.5
344043,Mokalsar,25.55922,72.520685,101,42100.0,91.5
344502,Ramsar,25.71355,70.859155,101,40800.0,91.5
673032,Calicut Beach,11.2574,75.77114499999999,101,41400.0,91.5
782124,Juria,26.43996,92.630195,101,35400.0,91.5
782125,Rupahi,26.43351,92.744135,101,35600.0,91.5
782135,Chapanalla,26.275955,92.88173,101,35600.0,91.5
370670,Khombhadi,23.39937,69.11442500000001,101,38100.0,91.5
782403,Khetri,26.099025,92.05757,101,36900.0,91.5
483770,Barhi,23.86972,80.78867,101,36800.0,45.7
484881,Rajendragram,22.972665,81.43662,101,38300.0,45.7
517291,Tarigonda,13.71755,78.63433,101,35600.0,91.5
517297,Gurramkonda,13.844495,78.60928999999999,101,35700.0,91.5
517299,Vayalpad,13.67658,78.66087999999999,101,35600.0,91.5
766001,Bhawanipatna,19.90897,83.167045,101,37500.0,91.5
783339,Alamganj,26.14236,90.027015,101,35800.0,91.5
624220,Viruveedu,10.065285,77.76945,101,43500.0,91.5
624215,Silukkuvarpatti,10.180265,77.87156,101,43000.0,91.5
673303,Elathur,11.34391,75.75836,101,41600.0,91.5
210506,Muskara,25.663835,79.843395,101,34100.0,7.3
518134,Koilakuntla,15.226515,78.35634,101,37600.0,91.5
518135,Dornipadu,15.223535,78.434995,101,37600.0,91.5
761141,Gallery,20.1248,84.56979000000001,101,36900.0,91.5
533307,Angara,16.78282,81.932425,101,41000.0,91.5
301411,Tizara,27.93245,76.85303,101,83900.0,91.5
302002,Tripolia Bazar,26.950125,75.83260999999999,101,42900.0,91.5
517257,Chowdepalle,13.419175,78.75849500000001,101,36000.0,91.5
307001,Sirohi,24.8114047,72.8300257,101,46900.0,91.5
782442,Sankardev Nagar,26.000325,92.955025,101,37300.0,91.5
782445,Nilbagan,26.05963,92.914535,101,36300.0,91.5
586112,Atharga,16.956025,75.84742,101,35400.0,100.0
586113,Bableshwar,16.567445,75.51753,101,48500.0,100.0
635701,Alangayam,12.626550000000002,78.77317500000001,101,37000.0,91.5
762110,Barakhama,20.307845,83.79183499999999,101,37200.0,91.5
210125,Kamasin,25.565175,80.90816000000001,101,40000.0,7.3
635811,Thuthipattu,12.80626,78.66131999999999,101,36800.0,91.5
344044,Siwana,25.654995,72.40471,101,42300.0,91.5
209721,Chhibramau,27.13322,79.47772,101,39800.0,7.3
795107,Motbung,25.00932,93.900095,101,34400.0,91.5
343042,Mandwala,25.507605,72.58445,101,42400.0,91.5
535124,Uttaravalli,18.48786,83.47108,101,38600.0,91.5
535125,Mettapalli,18.287655,83.651945,101,38700.0,91.5
535126,Therlam,18.49075,83.53488,101,38700.0,91.5
344011,Bishala,26.027195,70.851615,101,40900.0,91.5
535558,Bobbili,18.571385,83.347375,101,38900.0,91.5
782138,Missa,26.49062,92.95835,101,35700.0,91.5
335001,Sriganganagar,29.98118,73.906575,101,38900.0,91.5
207403,Soron,27.95273,78.68236,101,50100.0,7.3
326529,Khairabad,24.66168,75.896,101,41000.0,91.5
635807,Minnur,12.71889,78.68961,101,36800.0,91.5
635808,Oomerabad,12.864165,78.7142,101,37000.0,91.5
344705,Gunga,26.302765,71.13360499999999,101,41100.0,91.5
781026,Narangi,26.204555,91.84493,101,35900.0,91.5
487770,Chichli,22.754155,78.92901,101,37000.0,45.7
782003,Itachali,26.355705,92.710215,101,35400.0,91.5
400708,Airoli,19.1553,72.9984,101,40000.0,32.3
635802,Ambur,12.75823,78.73391000000001,101,37000.0,91.5
535102,Garbham,18.39441,83.45999499999999,101,38300.0,91.5
344001,Barmer,25.745395,71.27932999999999,101,40600.0,91.5
487441,Sihora,22.90725,78.93855500000001,101,37000.0,45.7
262122,Pooranpur,28.4947158,80.1076122,101,41700.0,7.3
487661,Sainkheda,22.96707,78.59327,101,36500.0,45.7
782429,Jogijan Bazar,26.04151,92.81148,101,36200.0,91.5
782440,Daboka,26.12228,92.893565,101,36200.0,91.5
344022,Balotra,25.75055,72.16896,101,42300.0,91.5
344024,Jasol,25.817075000000003,72.20998,101,42700.0,91.5
344025,Mewanagar,25.792705,72.14543,101,42500.0,91.5
384120,Bhandu,23.694555,72.38278,101,56800.0,91.5
535547,Makkuva,18.68878,83.20942,101,39100.0,91.5
635107,Denkanikotta,12.485255,77.798115,101,62700.0,91.5
608703,Srimushnam,11.408305,79.39215,101,51400.0,91.5
343022,Sayla,25.35873,72.178685,101,39500.0,91.5
403204,St. Lourence,15.425445,73.90120999999999,101,68400.0,39.0
532408,Bontalakoduru,18.221785,83.89155,101,39000.0,91.5
621005,Manachanalloor,10.970185,78.68020999999999,101,36500.0,91.5
535559,Bobbili Govt.Hospital Road,18.58169,83.357,101,38900.0,91.5
783370,Kokrajhar,26.59591,90.26539,101,35700.0,91.5
783334,Golakganj,26.095395,89.84022,101,36400.0,91.5
783335,Agomoni,26.245495,89.7824,101,36200.0,91.5
370475,Laija,22.902775,69.136225,101,38000.0,91.5
612106,Kadiramangalam,11.084454999999998,79.51980499999999,101,46400.0,91.5
612203,Palaiyur,10.99125,79.568225,101,44800.0,91.5
533239,Pulletikurru,16.629885,81.94709499999999,101,40800.0,91.5
422306,Lasalgaon,20.178945,74.24381500000001,100,37300.0,39.0
332304,Rolsabsar,28.008235,74.82826,100,36800.0,91.5
143602,Fatehgarh Churian,31.880385,74.99604500000001,100,36600.0,36.6
723212,Tulin,23.278745,85.896375,100,36000.0,91.5
762104,Daringbadiso,19.89296,84.090525,100,37000.0,91.5
364270,Palitana,21.523155,71.81608,100,37200.0,91.5
635306,Samalpatti R.S,12.33311,78.48405500000001,100,38200.0,91.5
518002,KNL-camp-B,15.700355,78.07291000000001,100,37400.0,91.5
518007,GPRE College,15.764105,78.04963000000001,100,37300.0,91.5
762101,Raikia,19.996635,84.24229,100,36800.0,91.5
533217,Allavaram,16.507965,82.030285,100,40600.0,91.5
151005,Bathinda City,30.16695,74.87233,100,35500.0,36.6
151111,Ghtp Lehra Mohabbat,30.24913,75.16077,100,35300.0,36.6
518145,Nossam,15.02115,78.38946,100,37500.0,91.5
639120,Vaiganallur,10.83631,78.37049999999999,100,37400.0,91.5
581187,Kumbarwada,15.091575,74.42066,100,52600.0,100.0
391165,Chhota-udepur,22.38818,74.08121,100,50400.0,91.5
733125,Harirampur,25.374445,88.29031,100,43000.0,91.5
535101,Shreeramnagar,18.27468,83.53080499999999,100,38000.0,91.5
673586,Puduppadi,11.493625,75.996095,100,42600.0,91.5
673572,Kotuvalli,11.373475,75.898985,100,43100.0,91.5
444709,Dhamangaon R.S.,20.841015,78.145725,100,33400.0,39.0
152033,Mandi Amin Ganj,30.468625,74.285105,100,34700.0,36.6
152116,Abohar,30.081275,74.16703000000001,100,36100.0,36.6
480337,Seoni Sausar,21.542705,78.65181000000001,100,50200.0,45.7
770011,"Sundargarh, Odisha",22.0605153,83.9359154,100,35000.0,91.5
343040,Raniwara,24.8672,71.99137999999999,100,41500.0,91.5
483442,Niwar,23.678325,80.396485,100,35800.0,45.7
483501,Katni,23.847095000000003,80.38617500000001,100,35600.0,45.7
635752,Newtown Vaniyambadi,12.640085,78.67159000000001,100,36600.0,91.5
262121,Amaria,28.76752,79.71466,100,42500.0,7.3
508117,Bhongir Gunj,17.59679,78.811365,100,44600.0,7.3
508126,Bibinagar,17.502765,78.778235,100,44100.0,7.3
766023,Mahichala,19.7796,82.84508,100,36900.0,91.5
766026,Mukhiguda,19.330395,82.86686499999999,100,37700.0,91.5
535204,Pusapatirega,18.115465,83.57444000000001,100,39000.0,91.5
535213,Singavaram,18.049765,83.53961000000001,100,39400.0,91.5
583282,Sriramnagar,15.47703,76.62619000000001,100,38900.0,100.0
788806,Badarpur,24.8415,92.53276,100,39400.0,91.5
788728,Isabeel,24.355805,92.27432,100,39200.0,91.5
624204,Iyyampalayam,10.246095,77.742185,100,41800.0,91.5
624210,Pannaikadu,10.254925,77.64367999999999,100,43500.0,91.5
691310,Kulathupuzha,8.874590000000001,77.10589999999999,100,47900.0,91.5
343041,Sanchore,24.821615,71.68907999999999,100,42200.0,91.5
635751,Vaniyambadi,12.673335,78.63907499999999,100,36500.0,91.5
281122,Farah,27.31316,77.68643,100,27700.0,7.3
442105,Sindi,20.809835,78.907965,100,50900.0,39.0
442201,Arvi,21.04415,78.27039500000001,100,32600.0,39.0
442301,Hinganghat,20.60658,78.9433,100,50400.0,39.0
441305,Paradsinga,21.29907,78.48563,100,47500.0,39.0
141416,Payal,30.72985,76.04357,100,42800.0,36.6
141417,Rahawan,30.748595,76.22885500000001,100,38100.0,36.6
742148,Lalgola,24.416205,88.263635,100,43000.0,91.5
464240,Bamora R.S,24.022825,78.12352,100,36000.0,45.7
464331,Gyaraspur,23.634975,78.185305,100,35600.0,45.7
518186,Illuri Kotha Peta,15.276725,78.26007,100,37600.0,91.5
142056,Gholia Khurd,30.67962,75.200635,100,37400.0,36.6
755049,Kantigadia,20.68272,86.18518,100,36200.0,91.5
465106,Maksi,23.2659,76.198115,100,46900.0,45.7
787052,Panigaon,27.07348,94.1524,100,41900.0,91.5
621653,Kallagam,11.05852,78.987335,100,37700.0,91.5
461551,Tawa Nagar,22.5457,77.92074500000001,100,37700.0,45.7
461668,Semri Harchand,22.698755,78.08818,100,37600.0,45.7
415729,Welneshwar,17.387455,73.22805,100,37300.0,39.0
755007,Debidwar,20.855545,86.324715,100,36100.0,91.5
754292,Charinangal,20.63744,86.293015,100,36000.0,91.5
754142,Paradip,20.35435,86.71955,100,35900.0,91.5
143102,Ajnala,31.851795000000003,74.738305,100,36300.0,36.6
627453,Pattamadai,8.661069999999999,77.59224499999999,100,40800.0,91.5
627420,Manjolai,8.602,77.33303000000001,100,45500.0,91.5
416004,Shivaji University,16.677865,74.269135,100,42600.0,39.0
627452,Melaseval,8.654779999999999,77.611485,100,40800.0,91.5
461111,Itarsi,22.492690000000003,77.83845500000001,100,37600.0,45.7
464337,Pathari,23.96326,78.204705,100,35400.0,45.7
788711,Karimganj Bazar,24.861925,92.375505,100,38200.0,91.5
422113,Ind. Est. Malegaon Sinnar,19.86933,73.967065,100,36500.0,39.0
673580,Kotancheri-tamaracheri,11.442419999999998,76.04631499999999,100,42600.0,91.5
673601,Nit  Campus Po.Kozhikode,11.31724,75.93872999999999,100,43100.0,91.5
673602,Mokkam,11.30862,76.001815,100,43000.0,91.5
673603,Tiruvambadi,11.399415,76.04813,100,43000.0,91.5
132108,Panipat Beas Project,29.320215,77.0042,100,45800.0,91.5
754141,Kujang,20.279915,86.55801500000001,100,36100.0,91.5
788709,Tillabazar,24.89365,92.31893,100,38300.0,91.5
788710,Karimganj,24.86996,92.35365,100,38200.0,91.5
754120,Atharbanki Rly Colony,20.30589,86.652565,100,36000.0,91.5
788722,Nilam Bazar,24.771945,92.335265,100,38800.0,91.5
620019,Pappakurichi Kattur,10.80011,78.74685500000001,100,36900.0,91.5
244413,Kundarki,28.69238,78.791765,100,39000.0,7.3
143520,Sohal,32.024874999999994,75.305935,100,36400.0,36.6
620102,Somarasampettai,10.81489,78.62372,100,36500.0,91.5
190001,"Srinagar, Jammu And Kashmir",34.1178785,74.9659189,100,35000.0,91.5
D445699,"Hanumangarh, Rajasthan · D445699",29.3659533,74.298429,100,34700.0,91.5
736201,Hatipotha,26.65177,89.69576,100,37400.0,91.5
306421,Rohat,25.888025,73.04011,100,43000.0,91.5
244303,Sarai Tarin,28.516405,78.51867999999999,100,42600.0,7.3
142034,Manuke,30.714525,75.4808,100,41400.0,36.6
142047,Zira,30.98638,74.944095,100,34000.0,36.6
125050,Fatehabad,29.529395,75.431065,100,36400.0,11.0
142030,Kamalpura,30.73189,75.54794,100,43400.0,36.6
742151,Rajarampur,24.36598,88.20675,100,43100.0,91.5
563119,Marikuppam,12.921285,78.2629,100,54600.0,100.0
444002,Akola City,20.71348,76.961105,100,34800.0,39.0
518155,Uyyalawada,15.074825,78.37707499999999,100,37500.0,91.5
626119,Sankaralingapuram,9.519255,77.88952,100,37900.0,91.5
413309,Jawala,17.274684999999998,75.212125,100,58400.0,39.0
518010,Vorvakallu,15.63433,78.23483999999999,100,37600.0,91.5
755017,Sujanpur,20.77023,86.29368,100,36100.0,91.5
621712,Puvalur,10.953309999999998,78.825345,100,35900.0,91.5
518501,Nandyal,15.49809,78.49849,100,36900.0,91.5
244236,Rajab Pur,28.86373,78.35997,100,48200.0,7.3
532409,Pydibheemavaram,18.141875,83.645555,100,38900.0,91.5
321403,Banshi Paharpur,26.94738,77.49412,100,34100.0,91.5
206120,Aheripur,26.634825,79.27407500000001,100,39500.0,7.3
797108,Phek,25.698965,94.498665,100,37000.0,91.5
343001,Jalore,25.33351,72.63205500000001,100,40000.0,91.5
D559536,"Raichur, Karnataka · D559536",16.0547194,76.9003647,100,37600.0,91.5
782423,"Kamrup Metropolitan, Assam",26.1352638,91.8616706,100,35000.0,91.5
302013,Vishwakarma Industrial Area,27.00986,75.798895,100,42200.0,91.5
783361,Srirampur,26.46562,89.90524500000001,100,35300.0,91.5
361320,Jamkalyanpur,22.00303,69.42517,100,37400.0,91.5
361325,Raval,21.95491,69.522515,100,37300.0,91.5
413406,Gaudgaon,18.03843,75.92965000000001,100,36200.0,39.0
581323,Chandavar,14.428955,74.55057,100,38700.0,100.0
581324,Chendiye,14.7794,74.218205,100,48100.0,100.0
581306,Habbuwada,14.81314,74.168175,100,51800.0,100.0
581326,Gokarn,14.540235,74.34219999999999,100,46000.0,100.0
590001,Belgaum,15.875829,74.5170393,100,63700.0,100.0
143513,Kala Afgana,31.887055,75.04471000000001,100,36400.0,36.6
332301,Fatehpur Shekhawati,27.995965,74.93072000000001,100,36700.0,91.5
797101,Peren,25.39293,93.62931,100,38100.0,91.5
825401,Chatra,24.281445,84.96222,100,36600.0,91.5
518348,Halaharvi,15.293735,77.1378,100,39900.0,91.5
609804,Thuhili,11.06176,79.50127499999999,100,45600.0,91.5
609802,Narasinganpettai,11.035025,79.51165,100,42500.0,91.5
422308,K.K.Nagar,20.15421,74.09663,100,37300.0,39.0
518396,Nemakallu,15.231445,77.26245,100,39200.0,91.5
825404,Pratappur,24.314285,84.665535,100,36600.0,91.5
203393,Debai,28.20015,78.284015,100,46800.0,7.3
143530,Tibri,32.011435,75.47739999999999,100,36500.0,36.6
143531,Dinanagar,32.09914,75.495665,100,36600.0,36.6
322033,Malarna R S,26.20268,76.599165,100,35500.0,91.5
148026,Bhawanigarh,30.238795,76.08035000000001,100,40200.0,36.6
581327,Haldipur,14.357295,74.43823499999999,100,38800.0,100.0
243303,Ram Nagar,28.41101,79.091915,100,40300.0,7.3
423117,Vadali Bhoi,20.297645000000003,74.074635,100,37500.0,39.0
151104,Phul,30.355025,75.241195,100,35000.0,36.6
306308,Balunda,26.343385,73.87844999999999,100,40500.0,91.5
144411,University Campus Nanak Nagri,31.26155,75.69374,100,40000.0,36.6
176086,Khera,31.96006,76.52043,100,41100.0,91.5
560013,Jalahalli,13.057015,77.54957,100,59400.0,100.0
176094,Jalag,31.97815,76.564475,100,41500.0,91.5
621111,Purathakudi,10.94972,78.78846,100,36200.0,91.5
621105,Irungalur,10.99826,78.77684500000001,100,36000.0,91.5
401701,Bordi,20.108315,72.795535,100,38900.0,39.0
401702,Gholvad,20.081515000000003,72.76047,100,38600.0,39.0
620020,Jamal Mohamed College,10.788025,78.69688,100,36800.0,91.5
620023,Khajanagar,10.776685,78.69276500000001,100,36500.0,91.5
532407,J.R.Puram,18.190185,83.701655,100,38800.0,91.5
461775,Piparia,22.75707,78.387495,100,37600.0,45.7
141104,KCG Sudhar,30.78914,75.64206999999999,100,44700.0,36.6
621601,Lalgudi,10.87541,78.82063,100,36300.0,91.5
403711,Chicalim,15.409225,73.859265,100,68000.0,39.0
465680,Talen,23.509495,76.76948,100,41400.0,45.7
127046,Siwani,28.82474,75.6276,100,45700.0,11.0
125104,Mandi Dabwali,29.89654,74.732045,100,30600.0,11.0
176125,Baijnath,32.090985,76.674195,100,40900.0,91.5
518206,Cement Nagar,15.47399,78.202365,100,37600.0,91.5
110064,Maya Puri,28.626495,77.113195,100,74400.0,53.0
518599,Bethamcherla,15.505825,78.113225,100,37600.0,91.5
518674,Gospadu,15.36575,78.41229,100,37500.0,91.5
612504,Tirupanandal,11.09397,79.45891,100,44300.0,91.5
620001,Tiruchirappalli,10.797,78.68613500000001,100,36800.0,91.5
620004,Golden Rock,10.789455,78.72004,100,36800.0,91.5
461771,Sohagpur R.S.,22.71526,78.17468,100,37600.0,45.7
533228,Vanapalli,16.686355,81.96774,100,40600.0,91.5
422103,Sinnar,19.84478,74.008355,100,36600.0,39.0
518598,Rangapuram,15.42024,78.089055,100,37600.0,91.5
518502,Nandyal R.S.,15.45436,78.50977,100,36900.0,91.5
731242,Kurumgram,24.24649,87.886555,100,43600.0,91.5
518220,Jaladurgam,15.233955000000002,77.968155,100,37500.0,91.5
518221,Peapully,15.232485,77.741225,100,37600.0,91.5
533284,Gangavaram,17.359215,81.942645,100,40600.0,91.5
533285,Kothapalli,17.304495,81.929915,100,40700.0,91.5
643001,Udagamandalam,11.4,76.7,100,61400.0,91.5
384002,Mahesana I E,23.605075,72.36012,100,56200.0,91.5
384003,Mahesana Ongc Colony,23.567055,72.36877,100,56000.0,91.5
581308,Karwar Naval Base,14.773565,74.161205,100,51700.0,100.0
581316,Aversa,14.773245,74.345345,100,46600.0,100.0
533201,Amalapuram,16.568405,82.009545,100,40500.0,91.5
364240,Sihor,21.687055,71.94372999999999,100,37400.0,91.5
581334,Honavar,14.28574,74.530545,100,39000.0,100.0
731223,R K Sikshapith,24.21245,87.72207,100,44200.0,91.5
612502,Lower Anicut,11.12852,79.45863,100,44600.0,91.5
422401,Devlali,19.901975,73.81871,100,37100.0,39.0
422502,Bhagur,19.83372,73.856455,100,36900.0,39.0
581321,Belekeri,14.70043,74.275045,100,47100.0,100.0
731202,Baswa,24.21988,87.85165,100,43900.0,91.5
731241,Chandpara,24.18991,87.93706,100,43800.0,91.5
518346,Holalagondi,15.470265,77.05597499999999,100,39000.0,91.5
518563,Sirvel,15.359825,78.49985000000001,100,36300.0,91.5
422304,Ugaon,20.156910000000003,74.15459,100,37400.0,39.0
610207,Valivalam,10.660085,79.70557500000001,100,38900.0,91.5
151103,Rampura Phul,30.228695,75.2349,100,35400.0,36.6
518218,Ulindakonda,15.69134,77.98618,100,37300.0,91.5
146021,Sadhu Ashram,31.575455,76.00467499999999,100,40600.0,36.6
736206,Saontalpur,26.557465,89.69103999999999,100,37300.0,91.5
518350,Kadivella,15.64196,77.454115,100,36400.0,91.5
612201,Konerirajapuram,10.96221,79.53881,100,42800.0,91.5
518553,Chagalamarri,14.979145,78.57246,100,36900.0,91.5
384001,Mahesana,23.630425,72.39740499999999,100,56300.0,91.5
384305,Kada,23.61171,72.5361,100,55700.0,91.5
384421,Jhotana,23.446715,72.31907000000001,100,56200.0,91.5
518176,Nandivargam,15.42306,78.27472499999999,100,37600.0,91.5
685615,Ellapatti,10.17896,77.218535,100,43900.0,91.5
635851,Jolarpettai,12.58291,78.577725,100,36200.0,91.5
635655,Matrapalli,12.412425,78.700125,100,36300.0,91.5
788719,Kayasthagram,24.719145,92.36157,100,38800.0,91.5
788720,Kaliganj Bazar,24.761635,92.423265,100,38700.0,91.5
635105,Berigai,12.786925,77.99425500000001,100,63600.0,91.5
762011,Phiringia,20.35309,84.06266,100,36800.0,91.5
143532,Behrampur,32.138785,75.41143,100,36600.0,36.6
143526,Dorangla,32.10707,75.275335,100,36500.0,36.6
321405,Band Baretha,26.89548,77.40776,100,34600.0,91.5
518217,Ramalla Kota,15.572095,78.031475,100,37400.0,91.5
518511,Polur,15.586145,78.402035,100,37500.0,91.5
518512,Thimmapuram,15.530815,78.65036,100,37000.0,91.5
518523,Bandi Atmakur,15.58298,78.51423,100,36900.0,91.5
518395,Alur,15.417575,77.27236500000001,100,38400.0,91.5
362620,Bantwa,21.48842,69.999155,100,37100.0,91.5
673527,Koorachundu,11.529815,75.871195,100,43000.0,91.5
415705,Adur,17.400815,73.19986,100,37200.0,39.0
792111,Sunpura,27.898525,95.84797,100,38200.0,91.5
518593,Kanala,15.400865,78.4257,100,37500.0,91.5
581307,Binga,14.78997,74.14309,100,51900.0,100.0
344501,Gadra Road,25.891365,70.43107,100,41800.0,91.5
635815,Kethandapatti Sugar Mills,12.606825,78.57016,100,36200.0,91.5
533221,Bandarlanka,16.589735,81.964565,100,40800.0,91.5
518467,K.N.Puram,15.730465,77.894215,100,37300.0,91.5
143605,Dhianpur,31.94336,75.07365,100,36200.0,36.6
143606,Chetanpura,31.830795,74.90338,100,36500.0,36.6
361305,Khambhalia,22.221735,69.578645,100,37200.0,91.5
361306,Bhadthar,22.074985,69.621585,100,37200.0,91.5
571405,V C Farm,12.580855,76.78711,100,39200.0,100.0
792102,Chowkham,27.745195,96.268725,100,38200.0,91.5
413532,Jalkot,18.58927,77.17927,100,34100.0,39.0
627102,Dohnavur,8.4664,77.60143,100,40400.0,91.5
586125,Sarwad,16.63188,75.55590000000001,100,46500.0,100.0
782103,Raha,26.26345,92.52314,100,35100.0,91.5
143512,Kalanaur,32.01969,75.156555,100,36900.0,36.6
581338,Kadtoka,14.37177,74.49289999999999,100,38800.0,100.0
517319,Chinnatippasamudram,13.63764,78.55655,100,35300.0,91.5
515521,Gandlapenta,14.080915,78.31428,100,35300.0,91.5
673306,Edakulam  Koyilandi,11.421605,75.722155,100,42800.0,91.5
572115,Bukkapatna,13.684745,76.73091500000001,100,36000.0,100.0
571434,Pandavapura,12.537395,76.68674,100,39900.0,100.0
413530,Nitoor,18.23065,76.819925,100,36000.0,39.0
440018,Mahatma Fule Bazar,21.149755,79.095605,100,43700.0,39.0
783350,Kachugaon,26.641235,90.02281500000001,100,35400.0,91.5
795118,Saikul,25.06674,94.07368,100,34700.0,91.5
795122,Kalapahar,25.07992,93.916585,100,34800.0,91.5
283110,Fatehapursikari,27.09382,77.69126,100,29400.0,7.3
285202,Ata,26.00396,79.653205,100,33800.0,7.3
285223,Kotra,25.807645,79.318345,100,36700.0,7.3
635853,Pakkirithakka,12.570865,78.62624,100,36300.0,91.5
635702,Andiappanur,12.529235,78.668045,100,36400.0,91.5
302019,Shyam Nagar,26.88608,75.758815,100,42200.0,91.5
635207,Uttangarai,12.282265,78.534845,100,38500.0,91.5
635122,Alapatti,12.532555,78.11832000000001,100,48200.0,91.5
515541,Kutagulla,14.26372,78.13149,100,35700.0,91.5
143415,Kairon,31.3212453,74.8416687,100,30000.0,36.6
785600,"Sivasagar, Assam",26.993972,94.6203887,100,35000.0,91.5
431604,Itwara Nanded,19.155045,77.33534,100,31900.0,39.0
581353,Shetgeri,14.634245,74.3224,100,46200.0,100.0
581357,Vandige,14.62582,74.36789999999999,100,45600.0,100.0
581342,Kasarkod,14.25834,74.44705,100,39000.0,100.0
518112,Panem,15.536865,78.28638000000001,100,37600.0,91.5
518122,Owk,15.203915,78.11218,100,37500.0,91.5
795112,T Waichong,25.18242,93.823745,100,35100.0,91.5
639104,Kulittalai,10.940845,78.4209,100,39600.0,91.5
639105,Lalapet,10.92603,78.351595,100,38600.0,91.5
325601,Sangod,24.921525,76.28641999999999,100,41300.0,91.5
535217,Nellimarla,18.200275,83.47661500000001,100,38300.0,91.5
535218,Ramathirtam,18.1914,83.532975,100,38500.0,91.5
110002,Indraprastha,28.624715,77.241895,100,84600.0,53.0
825403,Jori,24.35294,84.881295,100,36400.0,91.5
535280,Moida,18.21508,83.41323,100,38300.0,91.5
423101,Chandwad,20.286385000000003,74.21164999999999,100,37400.0,39.0
533435,Jaggampeta,17.1759,82.02587,100,40500.0,91.5
533437,Peddapuram,17.076855000000002,82.056125,100,40600.0,91.5
533241,Mukkamala,16.629959999999997,81.96673999999999,100,40700.0,91.5
533264,Kutukuluru,16.879475,81.968215,100,40600.0,91.5
581361,Hadinbal,14.312205,74.565855,100,39000.0,100.0
581362,Kumta Kanara College Road,14.50611,74.51821000000001,100,38500.0,100.0
639101,Andanallur,10.86051,78.62334,100,36600.0,91.5
563126,Dalasanur,13.1805066,78.2669329,100,33800.0,100.0
832301,Chakulia,22.45731,86.732925,100,38400.0,91.5
581335,Hosad,14.264735,74.478415,100,39000.0,100.0
370645,Kothara,23.1224,68.889945,100,37500.0,91.5
370660,Tera,23.293895,68.949145,100,37700.0,91.5
535220,Kotagandredu,18.24962,83.45757,100,37700.0,91.5
535260,Bondapalli,18.239795,83.29876,100,38800.0,91.5
422606,Nandurshingote,19.728315,74.136855,100,36800.0,39.0
431122,"Bid, Maharashtra",18.9892401,75.7526696,100,68200.0,39.0
795006,New Lamka,24.3095833,93.675022,100,37300.0,91.5
D727621,"Senapati, Manipur · D727621",25.3933697,94.1501773,100,37100.0,91.5
182202,"Doda, Jammu And Kashmir",33.13261,75.5890079,100,35000.0,91.5
586119,Kannur,16.999525,75.70548,100,34800.0,100.0
781027,Satgaon,26.156825,91.86402,100,35200.0,91.5
361310,Salaya,22.349825000000003,69.559795,100,37400.0,91.5
361315,Bhatia,22.067135,69.31913,100,37400.0,91.5
783333,Dingdinga,26.376995,89.911505,100,35300.0,91.5
515101,Chennekothapalli,14.290425,77.6115,100,35700.0,91.5
791001,Along,28.1970922,94.48407,100,57400.0,91.5
192129,"Anantnag, Jammu And Kashmir",33.8096849,75.2494527,100,35000.0,91.5
370620,Netra,23.426215,69.023705,100,37800.0,91.5
783337,Sapatgram,26.287505,90.036235,100,35200.0,91.5
D896586,"Yavatmal, Maharashtra · D896586",20.0638677,78.3565663,100,35300.0,91.5
793151,Thadlaskein,25.5,92.25,100,46300.0,91.5
D361537,"Auraiya, Uttar Pradesh · D361537",26.6558215,79.5160757,100,39300.0,91.5
783345,Fakiragram,26.32389,90.221345,100,35400.0,91.5
783346,Serfanguri,26.603235,90.19166,100,35400.0,91.5
301018,Khazuri Bass,28.1527,76.79404500000001,100,32700.0,91.5
515581,Talupula,14.256585,78.32235,100,35900.0,91.5
370490,Dumara,23.0435,69.00234,100,37800.0,91.5
173029,Sataun,30.60375,77.653075,100,37200.0,91.5
783332,Tamarhat,26.28947,89.87058999999999,100,35700.0,91.5
581402,Sirsi Market,14.730525,74.810855,100,38100.0,100.0
581403,Nilekani,14.612,74.73333500000001,100,38100.0,100.0
180017,"Jammu, Jammu And Kashmir",32.7681864,74.9211318,100,35000.0,91.5
606105,Pennadam,11.41551,79.266975,100,49700.0,91.5
591311,Kudchi,16.60633,74.886075,100,66100.0,100.0
284302,Khadaini,25.726296249253213,79.11738128913815,100,29300.0,0.0
752020,"Khordha, Odisha",20.0538149,85.5023308,100,35000.0,91.5
562104,"Chikkaballapura, Karnataka",13.5897941,77.778793,100,33800.0,100.0
535003,Vizianagaram Contonment,18.155880000000003,83.37460999999999,100,39000.0,91.5
535004,Industrial Estate,18.08436,83.36963499999999,100,39500.0,91.5
535005,Apsp Quarters,18.03404,83.41203999999999,100,39800.0,91.5
152023,Mamdot,30.857515,74.418635,100,34800.0,36.6
152022,Guruharsahai,30.666335,74.37438499999999,100,34500.0,36.6
410701,Shill Phata,19.12290070140192,73.07545482808841,100,45400.0,0.0
342310,Nokh,27.60713,72.284055,100,33600.0,91.5
284303,Moth,25.69457380962044,78.94077633439716,100,29300.0,0.0
581339,Kadwad,14.851305,74.2123,100,51600.0,100.0
581341,Karki,14.31396,74.44440499999999,100,38900.0,100.0
581400,Kaiga,14.842935,74.361955,100,46900.0,100.0
533342,Anaparthy,16.934835,81.973545,100,40700.0,91.5
209738,Umarda,26.854565,79.723995,100,38900.0,7.3
343002,I.A.Jalore,25.31323,72.637855,100,40000.0,91.5
343027,Hadecha,24.76745,71.46981,100,42600.0,91.5
535002,Vizianagaram,18.11349,83.438715,100,39100.0,91.5
483336,Majholi,23.473135,79.90835,100,36200.0,45.7
483440,Slleemanabad,23.66517,80.26505499999999,100,35900.0,45.7
483504,Katni Cement Factory,23.80162,80.396945,100,35700.0,45.7
487334,Dobhi,23.105125,78.91454,100,35200.0,45.7
487337,Sagoni Tendukheda,23.136195,78.882705,100,34900.0,45.7
504301,Ramakrishnapur,18.93256,79.47123,100,38700.0,7.3
483990,Rithi,23.89071,80.10109,100,35200.0,45.7
262302,Majhola,28.83803,79.840205,100,42400.0,7.3
362001,Junagadh Azad Chowk,21.497285,70.478465,100,37400.0,91.5
361335,Dwarka,22.221595,69.06881,100,37600.0,91.5
360510,Bhanvad,21.965605,69.78161,100,37200.0,91.5
788712,Settlement Road,24.86702,92.30908,100,38300.0,91.5
335901,Hindumalkote,30.13206,73.90272,100,37300.0,91.5
504303,Srirampur Colony,18.845745,79.50343000000001,100,38100.0,7.3
504216,Jaipur,18.825805,79.60666,100,39100.0,7.3
344012,Ranigaon,25.56543,71.26035999999999,100,39700.0,91.5
152001,Ferozepur,30.936005,74.61537,100,35400.0,36.6
152002,Ferozepur City,30.90369,74.57568,100,35300.0,36.6
152003,Canal Colony Ferozepur,30.900305,74.521665,100,35300.0,36.6
152005,Sherkhan Wala,30.9614,74.77891,100,34600.0,36.6
500047,Malkajgiri,17.456429999999997,78.53637,100,37800.0,7.3
766029,Sosia,19.96862,82.86272500000001,100,36900.0,91.5
766036,Borda,20.141475,82.97974500000001,100,37000.0,91.5
788803,Badarpurghat,24.86697,92.572125,100,39400.0,91.5
500031,Ibrahim Bagh Lines,17.37416,78.389555,100,35200.0,7.3
483330,Bahori Band,23.6852,80.045535,100,35400.0,45.7
245304,Pilkhauwa,28.724845,77.643585,100,29900.0,7.3
246745,Sahaspur,29.125225,78.586035,100,38600.0,7.3
504201,Chinnoor,18.83982,79.81693,100,38900.0,7.3
152021,Mallanwala,31.06168,74.806895,100,34200.0,36.6
152024,Jalalabad,30.62128,74.278525,100,34400.0,36.6
502221,Charakpally,17.635005,77.517505,100,39500.0,7.3
781023,Amerigog,26.115045,91.84834,100,35200.0,91.5
781037,Panjabari,26.141535,91.83777,100,35200.0,91.5
344021,Samdari,25.786675,72.68009,100,42800.0,91.5
344708,Sanawara,25.46523,71.36352,100,39400.0,91.5
344801,Padru,25.53809,72.16236,100,41400.0,91.5
151501,Bareta,29.85533,75.689965,100,35600.0,36.6
504204,Bheemaram,18.891075,79.657535,100,38800.0,7.3
143604,Dera Baba Nanak,31.99872,75.02922000000001,100,36300.0,36.6
184121,"Samba, Jammu And Kashmir",32.5759118,75.1203446,100,35000.0,91.5
400001,Fort Mumbai,18.934,72.834,100,65000.0,100.0
782428,Jamunamukh,26.102845,92.7433,100,35700.0,91.5
782435,Hojai,25.961755,92.841395,100,37700.0,91.5
782439,Murazar Bazar,26.03787,93.04117,100,37400.0,91.5
797099,Bhandari,26.242595,94.11993,100,36400.0,91.5
535001,Vizianagaram City,18.12226,83.40501,100,39100.0,91.5
781022,Khanapara,26.123275,91.823065,100,35500.0,91.5
635754,Jaffarabad,12.73442,78.608755,100,36500.0,91.5
635801,Ambalur,12.68432,78.54436000000001,100,36300.0,91.5
535216,Bhogapuram,18.001095,83.50109499999999,100,39800.0,91.5
535006,Denkada,18.097475,83.45845,100,39200.0,91.5
796891,Lawngtlai,22.288785,92.745025,100,37200.0,91.5
413517,Udgir,18.417630000000003,77.0836,100,35100.0,39.0
361010,Vadinar,22.38568,69.708415,100,37200.0,91.5
627107,Mavadi,8.468435,77.56012,100,40300.0,91.5
783354,Saktiashram,26.41767,90.161015,100,35000.0,91.5
518124,Banaganapalle,15.286475,78.22078,100,37600.0,91.5
384435,Linch,23.502075,72.359715,100,56200.0,91.5
609803,Tiruvavaduthurai,11.03826,79.5275,100,43000.0,91.5
788723,Baraigram,24.738065,92.310355,100,38800.0,91.5
755001,Jajpur,20.849645,86.32618,100,36100.0,91.5
755003,Bari Cuttack,20.68596,86.350645,100,35900.0,91.5
532403,Murapaka,18.221825000000003,83.77635000000001,100,38800.0,91.5
143103,Chamiari,31.863745,74.85918000000001,100,36400.0,36.6
177107,Pragpur,31.804145,76.196965,100,41700.0,91.5
573124,Hirisave,12.947275,76.58062,100,37400.0,100.0
573141,Didaga,13.039635,76.557155,100,37400.0,100.0
754296,Sunguda,20.667105,86.144545,100,36300.0,91.5
244410,Bahjoi,28.388965,78.5958,100,45600.0,7.3
444719,Kalamkhar,21.35434,76.762405,100,36900.0,39.0
788701,Bhanga Bazaar,24.81498,92.46899,100,39400.0,91.5
422203,Girnara,20.104,73.589375,100,37300.0,39.0
562114,Hoskote,13.07188,77.84254,100,69100.0,100.0
416146,Parvati Industrial Estate,16.727615,74.494945,100,47900.0,39.0
461881,Pachmarhi,22.4737,78.445335,100,37100.0,45.7
754205,Balichandrapur,20.62984,86.26961,100,36100.0,91.5
673612,Balusseri,11.45863,75.82598,100,43200.0,91.5
362265,Veraval,20.93647,70.34325000000001,100,35800.0,91.5
673315,Atholi,11.39214,75.780085,100,43000.0,91.5
244414,Narauly,28.50066,78.682975,100,41800.0,7.3
244415,Raja Ka Sahaspur,28.625835,78.77713,100,38600.0,7.3
244301,Sirsi,28.651135,78.64785499999999,100,41300.0,7.3
244302,Sambhal,28.59514,78.538385,100,41900.0,7.3
799290,Fatikroy,24.18901,91.97307,100,39600.0,91.5
362150,Talala,21.059155,70.53652,100,36100.0,91.5
624202,Batlagundu,10.15409,77.750275,100,42600.0,91.5
673661,Mavoor,11.261535,75.955345,100,43000.0,91.5
673613,Nanminda,11.406905,75.82563,100,43100.0,91.5
673582,Omasseri,11.365405,75.96989500000001,100,42900.0,91.5
441306,Sawargaon,21.42152,78.64027999999999,100,50900.0,39.0
444117,Mundgaon,21.028895,76.986055,100,35800.0,39.0
799288,Kanchanbari,24.111155,91.96132,100,39500.0,91.5
673573,Tamaracheri,11.44727,75.949055,100,43200.0,91.5
444006,Tajnapeth Akola,20.6923,76.96511000000001,100,34800.0,39.0
444105,Karanja,20.50368,77.509015,100,33700.0,39.0
754145,Ppl Township,20.268395,86.62937,100,36000.0,91.5
754162,Kolar,20.356115000000003,86.396365,100,36100.0,91.5
673604,Kutaranni,11.37767,76.109735,100,43000.0,91.5
442102,Sewagram,20.68125,78.760265,100,48400.0,39.0
422112,I.A. Musalgaon Sinnar,19.839460000000003,74.07293,100,36600.0,39.0
422006,Gandhi Nagar,19.977655,73.80807999999999,100,35500.0,39.0
305813,Arain,26.37086,75.04386500000001,100,39800.0,91.5
581186,Joida,15.182465,74.46222,100,53700.0,100.0
416007,Kalamba,16.670189999999998,74.22403,100,41300.0,39.0
755005,Brahmabarada,20.71496,86.257915,100,36200.0,91.5
673585,Narikkuni,11.37022,75.857935,100,43100.0,91.5
742227,Gankar,24.39607,88.095595,100,42900.0,91.5
563113,Andersonpet,12.902215,78.305395,100,54500.0,100.0
321302,Uchain,27.06668,77.39687,100,33500.0,91.5
535270,Gajapathinagaram,18.29569,83.35521,100,38400.0,91.5
635652,Vishamangalam,12.3952,78.6079,100,38400.0,91.5
581319,Bankikodla,14.58489,74.322665,100,46200.0,100.0
143521,Gurdaspur,32.031485,75.387565,100,36500.0,36.6
148002,H R Sangrur,30.20485,75.8389,100,39000.0,36.6
151003,Nfl Bathinda,30.259465,74.93707,100,35100.0,36.6
209732,Tirwa,26.9655,79.79477,99,38500.0,7.3
797104,Chozuba,25.73582,94.35436,99,36800.0,91.5
755004,Binjharpur,20.701575,86.41314,99,35800.0,91.5
638661,Kolathupalayam,10.78917,77.632825,99,41800.0,91.5
586130,Tikota,16.85102,75.50098,99,34300.0,100.0
483222,Gosalpur,23.38864,80.05449,99,36000.0,45.7
444903,Tiosa,21.053035,78.08929,99,32400.0,39.0
506175,Jangaon Bazar,17.793355,79.153065,99,32000.0,7.3
755006,Dasarathpur,20.828045,86.46242,99,35900.0,91.5
143008,Sjs Avenue,31.67133,74.86766,99,36200.0,36.6
209729,Sikanderpur,27.12712,79.588865,99,38600.0,7.3
209731,Talgram,27.03893,79.658265,99,38700.0,7.3
787057,Dhemaji,27.494095,94.553315,99,34800.0,91.5
210426,Kulpahar,25.30873,79.643485,99,35700.0,7.3
209652,Neebkarori,27.34535,79.32563,99,40800.0,7.3
143009,Fatahpur,31.573880000000003,74.82861500000001,99,35300.0,36.6
144209,Janauri,31.70534,75.9213,99,39000.0,36.6
144201,Bhogpur,31.55844,75.64367,99,38000.0,36.6
143105,Chheharta,31.603415,74.76481,99,35600.0,36.6
143107,Distrillery Khasa,31.603585,74.705365,99,35500.0,36.6
143302,Sur Singh,31.429540000000003,74.772085,99,33600.0,36.6
755016,Singhpur,20.7262,86.54936000000001,99,35900.0,91.5
141412,Daheru,30.750395,76.153775,99,39400.0,36.6
141125,Kakrala Kalan,30.858245,76.27664999999999,99,37700.0,36.6
444103,Hiverkhed Ruprao,21.156925,76.87010000000001,99,36400.0,39.0
442709,Kamlapur,19.16891,80.19513,99,37600.0,39.0
422205,Khedgaon,20.256995,73.94226,99,36900.0,39.0
533428,Addatigala,17.505094999999997,82.01304,99,40200.0,91.5
332302,Dhandhan,28.106515,74.86214000000001,99,36300.0,91.5
533432,Prathipadu,17.250865,82.17264,99,40100.0,91.5
621702,Ambil,10.88366,78.88944000000001,99,35200.0,91.5
621703,Angarai,10.87208,78.89118500000001,99,35200.0,91.5
143022,Kot Mit Singh,31.55273,74.8962,99,35200.0,36.6
142003,Moga Kty,30.85097,75.2116,99,36600.0,36.6
583268,Pragathinagar,15.487385,76.565185,99,38600.0,100.0
533346,Rayavaram,16.894295,82.00173000000001,99,40300.0,91.5
533295,Maredumilli,17.655340000000002,81.73777000000001,99,39600.0,91.5
533305,Pamarru,16.7393,81.98950500000001,99,40300.0,91.5
731104,Bk.T.P.P,23.854625,87.41757000000001,99,42500.0,91.5
504209,Mancherial Cement Works,18.92125,79.39083,99,37600.0,7.3
444126,Adgaon Bk,21.113645,76.959835,99,36000.0,39.0
755010,Kaipara,20.6433,86.39975,99,35800.0,91.5
755012,Mashra,20.709785,86.456475,99,35700.0,91.5
533343,Bikkavolu,16.97401,82.03126,99,40400.0,91.5
583227,Gangavathi,15.43702,76.53061,99,38600.0,100.0
504214,Kotapalli,19.051915,79.8039,99,38000.0,7.3
506224,Mustial,17.896250000000002,79.08731499999999,99,32400.0,7.3
535148,Dharmavaram,18.119775,83.220805,99,39200.0,91.5
591217,Chinchali,16.55574,74.8365,99,64100.0,100.0
591147,Deshnur,15.89094,74.733765,99,62700.0,100.0
762029,Gumagarh,20.39694,84.26016,99,36200.0,91.5
262305,Neoria,28.71735,79.89715000000001,99,41300.0,7.3
586104,Bijapur Railway Station,16.891845,75.71634,99,34800.0,100.0
142060,Mudki,30.788695,74.87718,99,34400.0,36.6
504302,Coal Chemical Complex,18.85729,79.47782000000001,99,38000.0,7.3
502210,Kohir,17.57163,77.68739,99,35700.0,7.3
586203,Basavan Bagewadi,16.580935,76.03678500000001,99,35600.0,100.0
444813,Semadoh,21.55762,77.293395,99,34500.0,39.0
142050,Talwandi Bhai,30.889335000000003,74.91609500000001,99,34100.0,36.6
360380,Virpur,21.838345,70.697645,99,36200.0,91.5
621706,Kattur Puvalur,10.888875,78.87632500000001,99,35400.0,91.5
518166,Perusomula,15.011755,78.169205,99,37000.0,91.5
173025,Paonta Sahib,30.48175,77.676165,99,37900.0,91.5
173032,Haripurdhar,30.73832,77.52013,99,36200.0,91.5
583283,Kanakgiri,15.572035,76.40631,99,37500.0,100.0
583235,Wadderhatti,15.440655,76.431975,99,38100.0,100.0
152026,Muktsar,30.4655896,74.5209526,99,33200.0,36.6
210123,Chillatara,25.738765,80.51664500000001,99,37400.0,7.3
639119,Panjapatti,10.822515,78.293625,99,38200.0,91.5
723152,Bagmundi,23.2228,86.076925,99,35500.0,91.5
152028,Manawan,30.93352,75.073435,99,33900.0,36.6
635118,Thally,12.57932,77.648575,99,73400.0,91.5
635108,Elathagiri,12.52237,78.29039,99,47400.0,91.5
635001,Krishnagiri,12.544495,78.23506499999999,99,47800.0,91.5
423110,Umrana,20.408,74.340665,99,37300.0,39.0
143005,Guru Nanak Dev University,31.63842,74.82445,99,36000.0,36.6
445002,Zillla Parishad,20.33524,78.21912,99,35000.0,39.0
332303,Beswa,27.98635,75.11457,99,36200.0,91.5
799271,Dasdabazar,23.825065,92.162075,99,37700.0,91.5
799277,Kailashahar,24.29477,91.976255,99,39200.0,91.5
143109,Chogawan,31.753305,74.612215,99,36000.0,36.6
442302,Pulgaon,20.820015,78.33278,99,33400.0,39.0
442305,Samudrapur,20.63778,79.053065,99,50900.0,39.0
799266,Kanchancherra,24.07695,92.079755,99,38000.0,91.5
799269,Jampui,23.87211,92.264605,99,37900.0,91.5
591254,Daddi,16.06936,74.426785,99,64600.0,100.0
210126,Pailani,25.803095,80.41554500000001,99,37000.0,7.3
621313,Thogaimalai,10.734995,78.429125,99,37900.0,91.5
621651,Kallakudi TR,11.01049,78.910735,99,35200.0,91.5
621652,Kallakudi North,11.035305,78.96237500000001,99,35000.0,91.5
413221,Mandrup,17.493830000000003,75.72438,99,35200.0,39.0
422209,Pimpalgaon Baswant,20.181055,73.98303999999999,99,36800.0,39.0
442710,Bhamragadh,19.43407,80.54572999999999,99,37200.0,39.0
442703,Allapalli,19.496995,80.110075,99,37200.0,39.0
411021,Armament,18.532095,73.76934,99,42700.0,39.0
144302,Beas Pind,31.46444,75.65206,99,38100.0,36.6
144303,Kala Bakra,31.50026,75.616635,99,38100.0,36.6
144401,Phagwara,31.257725,75.77021500000001,99,40100.0,36.6
142036,Galib Kalan,30.83234,75.41556,99,40900.0,36.6
638706,Sankarandampalayam,10.85384,77.57842,99,47300.0,91.5
533261,Chelluru,16.835430000000002,81.984595,99,40200.0,91.5
755014,Rambag,20.81458,86.407225,99,35800.0,91.5
787001,North Lakhimpur,27.24068,94.105025,99,42200.0,91.5
141114,Samrala,30.833815,76.19978,99,38500.0,36.6
788117,Barjalenga,24.67664,92.75496,99,37300.0,91.5
176107,Thural,31.91377,76.449095,99,41200.0,91.5
176115,Paprola,32.102655,76.623085,99,39900.0,91.5
207402,Neoli,27.88911,78.83692500000001,99,45500.0,7.3
533431,Kirlampudi,17.180235,82.16461000000001,99,40000.0,91.5
403801,A.P.Dabolim,15.37895,73.838715,99,67000.0,39.0
788727,Bazaricherra Bazar,24.42972,92.327355,99,39100.0,91.5
306504,Nana,24.89903,73.14002,99,41200.0,91.5
788781,Mahisashan,24.81079,92.327595,99,39700.0,91.5
614810,Vedaraniam,10.363865,79.841125,99,39400.0,91.5
306306,Chandawal,26.02121,73.81066,99,40400.0,91.5
306307,Pipliya Kalan,26.00527,73.94684000000001,99,40000.0,91.5
306401,Pali Marwar,25.835925000000003,73.262205,99,42000.0,91.5
144629,Lohian,31.141225,75.12124,99,35400.0,36.6
535214,Ss Korukonda,18.051755,83.322115,99,39500.0,91.5
635601,Tirupattur,12.5,78.56195500000001,99,35900.0,91.5
175105,Jaree,32.05757,77.48389,99,40900.0,91.5
635203,Mathur,12.41872,78.35252,99,37000.0,91.5
635120,Varattanapalli,12.61698,78.284345,99,49100.0,91.5
370630,Daypar,23.61315,68.8905,99,37200.0,91.5
423102,Devla,20.42595,74.187815,99,37300.0,39.0
144206,Dholbaha,31.753805,75.892665,99,39000.0,36.6
723201,Garjaipur,23.37706,86.14771999999999,99,36300.0,91.5
360330,Moviya,21.87633,70.87036,99,36200.0,91.5
635110,Hosur Cattle Farm,12.649505,77.799425,99,65500.0,91.5
635114,Mathagondapalli,12.646325,77.73846499999999,99,66500.0,91.5
210129,Naraini,25.12916,80.443705,99,36700.0,7.3
140407,Fatehgarh Sahib,30.6634042,76.3803,99,32400.0,36.6
560066,Brookefield,12.982,77.7212,99,64200.0,69.5
620007,Tiruchirappalli Airport,10.745625,78.712315,99,36100.0,91.5
515159,Krishnapuram,14.358925,77.87589,99,35800.0,91.5
241402,Harpalpur,27.318615,79.80576500000001,99,38300.0,7.3
241404,Gopamau,27.486285,80.286145,99,39000.0,7.3
620011,Melakalkandarkottai,10.77213,78.74164,99,36400.0,91.5
620013,Thiruverumbur,10.816495,78.803425,99,36100.0,91.5
326530,Suket,24.67595,76.0561,99,40700.0,91.5
444704,Chandur Bazar,21.23711,77.72726499999999,99,32400.0,39.0
423104,Manmad,20.281765,74.408275,99,37200.0,39.0
422301,B.S. Nagar,20.078325,74.067015,99,36800.0,39.0
422302,Sukena,20.08426,73.99998,99,36400.0,39.0
422303,Niphad,20.05233,74.14941999999999,99,36900.0,39.0
422102,Nashik Road Camp,19.955505,73.92528,99,35900.0,39.0
124142,Bahu,28.477755,76.342995,99,35200.0,11.0
146024,Factory Area Chohal,31.63093,75.954775,99,39200.0,36.6
814160,Meharma,25.162955,87.373535,99,36900.0,65.2
515321,Rolla,13.81017,77.114225,99,34700.0,91.5
621312,Thiagesaralai,10.620685000000002,78.469965,99,36400.0,91.5
788724,Patharkandi,24.657195,92.317275,99,38900.0,91.5
788725,Chandkhira,24.55117,92.26584,99,39000.0,91.5
788166,Ramkrishnanagar,24.594375,92.47162,99,38500.0,91.5
422208,Peint,20.291355000000003,73.57831,99,37100.0,39.0
243501,B R Factory,28.460125,79.28541,99,39400.0,7.3
422210,Saykheda,20.006245,74.029785,99,36400.0,39.0
143301,Chabhal,31.472005000000003,74.79329999999999,99,34100.0,36.6
422011,Dwarka Corner,19.98804,73.80361500000001,99,34500.0,39.0
203390,Anupshahr,28.347695,78.221245,99,51000.0,7.3
203391,KSC Mill  Anupshahr,28.335565,78.12106499999999,99,51900.0,7.3
535221,Pedamajjipalem,18.19396,83.237195,99,38800.0,91.5
639103,Kulumani,10.81238,78.580565,99,36400.0,91.5
306707,Sewari,25.020275,73.348545,99,40200.0,91.5
306104,Sojat,26.00626,73.576795,99,41100.0,91.5
244102,Pakbara,28.80888,78.61739,99,37700.0,7.3
313601,Vallabhnagar,24.693785,74.05663,99,37900.0,91.5
465110,Berchha,23.295185,76.336845,99,43300.0,45.7
125103,Goriwala,29.72079,74.732905,99,29800.0,11.0
125051,Rattia,29.683685,75.49879,99,35500.0,11.0
125052,Mandi Adampur,29.266415,75.49132499999999,99,40800.0,11.0
533429,Yeleswaram,17.31643,82.15051,99,40200.0,91.5
458389,Laduna,23.906255,75.375675,99,41900.0,45.7
533213,Samanasa,16.529895,82.060825,99,40300.0,91.5
735227,Rajabhatkhawa,26.685545,89.5761,99,37800.0,91.5
631702,Mamandur Kanchipuram,12.732395,79.68484,99,40600.0,91.5
581440,Mirjan,14.495345,74.45006000000001,99,38500.0,100.0
563127,Devarayasamudra,13.15,78.30472,99,40800.0,100.0
563130,Malur,13.014595,77.97012000000001,99,71500.0,100.0
413512,Latur,18.39661,76.592635,99,36100.0,39.0
788713,Silchar Road,24.83166,92.40013,99,39600.0,91.5
313802,Rishabhdeo,24.1025,73.648745,99,40700.0,91.5
635653,Vengalapuram,12.47943,78.628805,99,36100.0,91.5
591315,Shedbal,16.703090000000003,74.781105,99,64800.0,100.0
783336,Bhowraguri,26.45676,90.080725,99,34700.0,91.5
783347,Dotma,26.476845,90.177925,99,34800.0,91.5
370625,Ravapar,23.56662,68.963315,99,37400.0,91.5
176081,Taragarh,32.07869,76.60972000000001,99,40000.0,91.5
422305,Vinchur,20.047345,74.24253999999999,99,37000.0,39.0
788726,Hatikhira,24.52658,92.300065,99,39000.0,91.5
151209,Sandhwan,30.6014507,74.7950176,99,32400.0,36.6
723101,Purulia,23.333333,86.416667,99,36000.0,91.5
244001,Moradabad,28.8796553,78.8095335,99,39600.0,91.5
443102,"Buldana, Maharashtra",20.8870258,76.2025073,99,43300.0,39.0
582102,Gadag Betgeri,15.416692,75.6815801,99,38400.0,100.0
476111,Ambah,26.72699,78.28316000000001,99,33000.0,45.7
515311,Agali,13.805364999999998,77.03341,99,35000.0,91.5
144603,PTU Campus Kapurthala,31.3381,75.42733,99,37500.0,36.6
742238,Palsandamore,24.188865,88.147265,99,43600.0,91.5
515164,Guttur,14.179675,77.616735,99,35000.0,91.5
515651,Medapuram,14.32029,77.73569,99,35800.0,91.5
283102,Akola,27.090235,77.89518000000001,99,29100.0,7.3
766016,Golamunda,20.042925,82.84000499999999,99,36700.0,91.5
444711,Mangrul Dastgir,20.80154,78.247735,99,33100.0,39.0
799264,Kumarghat,24.184035,92.04419,99,38300.0,91.5
140306,"Sahibzada Ajit Singh Nagar, Punjab",30.6488449,76.7412738,99,33300.0,36.6
626003,Virudhunagar Industrial Estate,9.523225,77.95023,99,38100.0,91.5
626005,Amathur,9.569735,77.877805,99,38400.0,91.5
626138,Kunnur,9.570465,77.731155,99,40900.0,91.5
788801,Kalinagar,24.811895,92.632855,99,37800.0,91.5
626002,Virudhunagar Collectorate,9.5984,77.93855500000001,99,38800.0,91.5
581328,Halge,14.874875,74.205465,99,51800.0,100.0
581330,Hegde,14.4795,74.407865,99,38500.0,100.0
515271,Gudibanda,13.92422,77.078375,99,34700.0,91.5
679302,Perur-OPM,10.76636,76.467495,99,42800.0,91.5
321303,Sewar,27.19335,77.40331,99,32100.0,91.5
321001,Bharatpur,27.19266,77.56783999999999,99,30900.0,91.5
742136,Gokarna,24.07023,88.124465,99,43700.0,91.5
313703,Kurawar,24.444575,73.931285,99,39900.0,91.5
626103,Erichanatham,9.602474999999998,77.8554,99,38900.0,91.5
243202,Bhojipura,28.512635,79.441685,99,38800.0,7.3
422215,Vani,20.365625,73.91576,99,37100.0,39.0
422204,Harsul,20.09176,73.398935,99,37100.0,39.0
423501,Kalwan,20.48661,74.035405,99,37300.0,39.0
422402,Ghoti,19.711165,73.626835,99,37000.0,39.0
322211,Bamanwas,26.5799,76.569085,99,38500.0,91.5
143529,Tibber,31.9518,75.41252,99,36900.0,36.6
627356,Munnirpallam,8.661529999999999,77.67283499999999,99,39800.0,91.5
244411,Bilari,28.57355,78.84517,99,38600.0,7.3
814165,Lalmatia Colliery,25.066035,87.34152,99,36800.0,65.2
302006,Jaipur R.S.,26.91373,75.78159,99,41400.0,91.5
742104,D.L.S.S.J.dham,24.186845,88.210475,99,43500.0,91.5
736208,Salsalabari,26.524815,89.60453000000001,99,37600.0,91.5
736121,Alipurduar MDG,26.491795,89.522435,99,37800.0,91.5
736122,Alipurduar Court,26.523055,89.509105,99,37900.0,91.5
458888,Suwasara Mandi,24.072765,75.665105,99,41400.0,45.7
788802,Panchgram,24.861715,92.61504,99,37900.0,91.5
322212,Garhmoran,26.662425,76.48538500000001,99,38200.0,91.5
612102,Tirumangalakudi,11.03403,79.462255,99,44000.0,91.5
518464,Kodumur,15.699955,77.72604000000001,99,36300.0,91.5
518405,Midthur,15.759065,78.291245,99,36000.0,91.5
608306,Ayangudi,11.222105,79.56854000000001,99,47000.0,91.5
364250,Songadh,21.6905,71.87895,99,36400.0,91.5
581303,Kodibag,14.83588,74.1339,99,52200.0,100.0
364070,Koliyak,21.606255,72.26568,99,36500.0,91.5
301706,Shahjahanpur,28.01059,76.47154499999999,99,38000.0,91.5
307024,Rohida,24.56754,73.015405,99,40600.0,91.5
614808,Kuruvapulam,10.449465,79.81473500000001,99,39100.0,91.5
614809,Topputhurai,10.447925,79.83729,99,39400.0,91.5
306302,Jaitaran,26.187985,73.89972,99,40400.0,91.5
614711,Pamani-TTP,10.540755,79.71535499999999,99,37400.0,91.5
612101,Aduthurai,10.998595,79.49256,99,41500.0,91.5
176063,Majherna,32.03716,76.602295,99,40600.0,91.5
736123,Alipurduar Junction,26.531145,89.523335,99,37800.0,91.5
515551,Nallacheruvu,14.0002,78.17912000000001,99,34900.0,91.5
515571,Tanakallu,13.89912,78.242435,99,34700.0,91.5
515591,Kadiri,14.07814,78.11316500000001,99,35100.0,91.5
515133,Kothacheruvu,14.173305,77.72451000000001,99,34900.0,91.5
175140,Gondhla,32.32379,77.306355,99,39200.0,91.5
388160,Pandoli,22.46768,72.769695,99,33100.0,91.5
515511,Mudigubba,14.418415,77.99028,99,35700.0,91.5
624706,Kovilur,10.601775,78.07132,99,39600.0,91.5
502286,Narayankhed,18.09493,77.71366,99,38000.0,7.3
742184,Nabagram,24.21572,88.05297,99,43700.0,91.5
766013,Kalampur,19.610235,82.894275,99,36800.0,91.5
766015,Dharamgarh,19.82202,82.78701,99,36700.0,91.5
742187,Radharghat,24.117285000000003,88.19609,99,43600.0,91.5
787031,Khelmati,27.249875,94.0804,99,42600.0,91.5
591316,Ugarkhurd,16.636055,74.80624499999999,99,64100.0,100.0
176066,Ghallour,31.84437,76.26387,99,41100.0,91.5
246733,Nehtaur,29.32908,78.37854,99,37900.0,7.3
246721,Mandawar,29.528925,78.103665,99,40000.0,7.3
504219,Nennel,19.09724,79.74495999999999,99,37900.0,7.3
504231,Kalyani Khani,19.02846,79.458175,99,38200.0,7.3
504251,Bellampalli,19.0764,79.549695,99,38000.0,7.3
504207,Donabanda,18.89016,79.3054,99,37600.0,7.3
504208,Mancherial,18.87992,79.459975,99,37900.0,7.3
581360,Angadi,14.89951,74.13413,99,52400.0,100.0
321301,Pichuna,27.07387,77.463285,99,32100.0,91.5
151106,Bhai Rupa,30.425305,75.221195,99,34000.0,36.6
151002,Gndtp Bathinda,30.263065,74.89176,99,34700.0,36.6
360531,Vansjalia,21.85021,69.96027000000001,99,36700.0,91.5
362011,Majevadi,21.61309,70.40310500000001,99,36800.0,91.5
581302,Karwar Baitkhol,14.797645,74.11766,99,52100.0,100.0
177103,Dhaliara,31.83442,76.15959,99,40500.0,91.5
627501,Kalakad,8.52755,77.47902,99,40300.0,91.5
624710,Vedasandur,10.575,77.92612,99,40900.0,91.5
624702,Eriyodu,10.527345,78.031205,99,39900.0,91.5
624704,Idayakottai,10.570915,77.83857499999999,99,40500.0,91.5
627416,Kallidaikurichi,8.661480000000001,77.478485,99,41100.0,91.5
627417,Karaikurichi,8.684180000000001,77.535715,99,40900.0,91.5
762012,Khajuripada,20.442905,84.454815,99,36300.0,91.5
762019,Sankarakhole,20.29975,84.26579000000001,99,36200.0,91.5
581332,Herwatta,14.40768,74.443285,99,38600.0,100.0
143001,Amritsar G.P.O.,31.637985,74.87255,99,35900.0,36.6
370655,Naliya,23.42754,68.709805,99,37100.0,91.5
517423,Rallabudugur,12.87158,78.36948000000001,99,54200.0,91.5
754215,Pattamundai,20.5475164,86.5296168,99,35400.0,91.5
282010,Shahganj,27.171737115083523,77.98660384465538,99,22400.0,34.8
624216,Tandigudi,10.32564,77.648395,99,41000.0,91.5
627426,Viravanallur,8.70573,77.511565,99,40900.0,91.5
177104,Nehran Pukhar,31.850165,76.205865,99,40300.0,91.5
483773,Badwara,23.667855,80.608125,99,36500.0,45.7
685614,Talliar,10.22502,77.10173,99,48000.0,91.5
685620,Maraiyur,10.280915,77.16948500000001,99,43000.0,91.5
612105,Veppathur,11.02841,79.43423,99,43000.0,91.5
825103,Simaria,24.057765,84.927145,99,35900.0,91.5
364001,Bhavnagar,21.77796,72.14975000000001,99,36200.0,91.5
364002,Bhavnagar Takhteshwar,21.70032,72.19193,99,36300.0,91.5
364003,Bhavnagar Para,21.759765,72.11758499999999,99,36200.0,91.5
145029,Shahpur Kandi Township,32.3945,75.70389,99,35600.0,36.6
572135,P N Halli,13.942795,76.880435,99,35000.0,100.0
612503,Sholapuram,11.054575,79.397235,99,42200.0,91.5
144801,Kartarpur,31.47366,75.543555,99,38200.0,36.6
151102,Nathana,30.335925,75.077865,99,34700.0,36.6
581343,Kumta,14.41821,74.420535,99,38600.0,100.0
110018,Tilak Nagar,28.643565,77.0851,99,70900.0,53.0
151503,Boha,29.8764133,75.4889564,99,32000.0,36.6
123034,Bawania,28.28374,76.265545,99,44300.0,11.0
626001,Virudhunagar,9.593925,77.96336500000001,99,38700.0,91.5
518196,Akumalla,15.163285,78.18356,99,37400.0,91.5
148029,Cheema,30.12132,75.67058499999999,99,35700.0,36.6
388150,Nar,22.459965,72.709965,99,32400.0,91.5
586114,Bijjargi,16.921979999999998,75.45109,99,34000.0,100.0
797110,Zalukie,25.57449,93.66815,99,38400.0,91.5
797111,Wokha,26.15203,94.186635,99,36700.0,91.5
797114,Meluri,25.61669,94.723155,99,36600.0,91.5
483331,Bakal,23.75513,79.91143,99,34800.0,45.7
581333,Hiregutti,14.563615,74.47068,99,37700.0,100.0
210423,Jaitpur,25.18823,79.517775,99,35000.0,7.3
210425,Kharela,25.544635,79.89197,99,34900.0,7.3
766018,Jaipatna,19.468185,82.754955,99,37300.0,91.5
627451,Gopalasamudram,8.666415,77.641165,99,40300.0,91.5
123029,Mohindergarh,28.31064,76.113935,99,46900.0,11.0
143414,Sarai Amant Khan,31.49446,74.67802,99,34600.0,36.6
635852,Natrampalli,12.61406,78.507455,99,36000.0,91.5
635854,Pachur,12.582595,78.460665,99,35900.0,91.5
143505,Batala,31.8214,75.20303,99,36100.0,36.6
251203,Mansurpur,29.379285,77.716245,99,43600.0,7.3
143002,Khalsa College,31.629895,74.841015,99,35900.0,36.6
143601,Majitha,31.77142,74.97843499999999,99,36200.0,36.6
210432,Sarila State,25.807965,79.77666500000001,99,33000.0,7.3
151105,Mehraj,30.322475,75.17788,99,34600.0,36.6
581317,Asnoti,14.95573,74.247945,99,52000.0,100.0
362640,Sardargadh,21.588325,70.179175,99,36900.0,91.5
581304,Nandangadda,14.8343,74.1515,99,52000.0,100.0
581301,Karwar,14.812585,74.131845,99,52100.0,100.0
755013,Pritipur,20.773125,86.49173,99,35900.0,91.5
148028,Sunam,30.08924,75.77822,99,36200.0,36.6
518123,Kolimigundla,15.065985,78.0864,99,37100.0,91.5
518463,Gonegandla,15.712865,77.61572000000001,99,36300.0,91.5
581121,Castlerock,15.313785,74.3493,99,56400.0,100.0
762022,Kalinga,20.16595,84.41862,99,36200.0,91.5
762027,Linepada,20.34633,84.36555999999999,99,36200.0,91.5
302021,Vaishali Nagar,26.88809,75.73208,99,41400.0,91.5
442604,Ghot,19.77469,80.111205,99,37400.0,39.0
444402,Shelubazar,20.374705,77.234235,99,33400.0,39.0
143305,Khalra,31.366265,74.61179999999999,99,34300.0,36.6
416143,ICO Spinning Mills,16.64821,74.48769,99,47100.0,39.0
122001,Gurgaon,28.4600912,77.0332843,99,76000.0,13.1
518452,Gargeyapuram,15.759635,78.15089,99,36000.0,91.5
755062,Chitalo,20.793965,86.35811000000001,99,36000.0,91.5
755027,Arei,20.75486,86.37850499999999,99,35900.0,91.5
445203,Digras,20.09759,77.755185,99,33700.0,39.0
361280,Kanalush,22.28135,69.87058999999999,99,36900.0,91.5
364050,Bhandariya,21.586995,72.12549,99,36500.0,91.5
364060,Vartej,21.699475,72.056725,99,36300.0,91.5
384012,Ganpat Vidyanagar,23.52514,72.45586,99,54500.0,91.5
581347,Manchikeri,14.85161,74.83229,99,38000.0,100.0
627103,Eruvadi,8.44345,77.61481,99,39800.0,91.5
627108,Nanguneri,8.480730000000001,77.66452000000001,99,40100.0,91.5
364110,Gogha,21.65483,72.26096,99,36500.0,91.5
581351,Gudeangadi,14.47692,74.38062,99,38400.0,100.0
581352,Sadashivgad,14.859075,74.13829000000001,99,52200.0,100.0
581344,Madangeri,14.62128,74.454555,99,37700.0,100.0
762001,Phulbani,20.475475,84.239855,99,36300.0,91.5
762010,Tikabali,20.24143,84.359715,99,36200.0,91.5
608303,Lalpet,11.29671,79.580505,99,47200.0,91.5
364005,Bhavnagar Anandnagar,21.78408,72.19952,99,36200.0,91.5
502287,Sirgapur,18.147815,77.747845,99,38600.0,7.3
586108,Bijapur Amc,16.810145,75.774845,99,35000.0,100.0
627427,Nalumukku,8.565065,77.33082999999999,99,44700.0,91.5
331021,Ratan Nagar,28.23145,74.96334999999999,99,35400.0,91.5
142026,Jagraon,30.78634,75.47558000000001,99,41100.0,36.6
142044,Makhu,31.093885,74.96424999999999,99,34700.0,36.6
621711,Pullambadi,10.938735,78.91902,99,35000.0,91.5
635602,Tirupattur Bazaar,12.461745,78.566,99,35800.0,91.5
635651,Pudupettai,12.527685,78.50075,99,35800.0,91.5
533345,Pandalapaka,16.909395,82.021875,99,40200.0,91.5
143108,Attari,31.59321,74.596925,99,35300.0,36.6
464111,Shamshabad,23.865055,77.48308499999999,99,38000.0,45.7
620021,K.K.Nagar,10.749945,78.68536499999999,99,36200.0,91.5
535273,Mentada,18.323465,83.17934,99,38600.0,91.5
535215,Gantyada,18.139335,83.30002999999999,99,38900.0,91.5
344702,Chohtan,25.322615,70.958865,99,40100.0,91.5
143507,Aliwal,31.80973,75.1352,99,36300.0,36.6
500056,Ramakrishna Puram,17.472495,78.5402,99,36800.0,7.3
635115,Ramapuram,12.61136,78.15125,99,50900.0,91.5
583229,Karatgi,15.631205,76.60768999999999,99,38300.0,100.0
209722,Gurusahaiganj,27.096415,79.722415,99,38400.0,7.3
209723,Indergarh,26.94703,79.661735,99,38600.0,7.3
326519,Ram Ganj Mandi,24.63466,75.96566,99,40500.0,91.5
142052,Ferozeshah,30.861085,74.78747,99,34800.0,36.6
210433,Srinagar,25.169495,79.750675,99,36500.0,7.3
591121,Nesargi,15.915115,74.78988,99,62500.0,100.0
251202,Rohana Mills,29.547615,77.686695,99,32000.0,7.3
151201,Goniana Mandi,30.3317,74.899085,99,34600.0,36.6
586128,Sindgi,16.87569,76.29106,99,35900.0,100.0
795129,Kangpokpi,25.17846,93.926755,99,35200.0,91.5
583237,Bewoor,15.59525,76.21116,99,37500.0,100.0
535160,Bonangi,18.13988,83.221225,99,39100.0,91.5
144224,Bhambotar,31.866,75.920945,98,38900.0,36.6
621705,Kallankurichi,11.162925,79.159765,98,36800.0,91.5
731101,Suri,23.923285,87.52617000000001,98,43300.0,91.5
143506,Govt. Poly. Tech Batala,31.77796,75.276835,98,36800.0,36.6
504273,Rechini,19.230985,79.623035,98,37300.0,7.3
247342,Nakur,29.93598,77.28339,98,33600.0,7.3
151401,Sangat,30.065465,74.789,98,33400.0,36.6
143511,Bhagowal,31.918135,75.16850500000001,98,36000.0,36.6
679122,S G Press,10.80561,76.27637999999999,98,45700.0,91.5
144204,Urmar,31.64676,75.64941,98,37400.0,36.6
144205,Dasuya,31.822945,75.64493999999999,98,37600.0,36.6
620012,Edamalaipatti Pudur,10.690755,78.63306,98,35700.0,91.5
144210,Bhunga,31.675835,75.771195,98,37000.0,36.6
144105,Sham Chaurasi,31.51019,75.755495,98,37300.0,36.6
307026,Aburoad,24.457155,72.75899,98,41100.0,91.5
400610,Apna Bazar,19.24367,72.9591,98,54900.0,39.0
306708,Sanderao,25.347605,73.11319499999999,98,39800.0,91.5
678573,Paruthipulli,10.754015,76.517275,98,43500.0,91.5
678574,Peringottukurussi,10.73292,76.48678000000001,98,43800.0,91.5
624103,Kodaikanal Observatory,10.264315,77.36898,98,42000.0,91.5
679304,Thiruvegapura,10.86388,76.12429499999999,98,45300.0,91.5
679305,Pallipuram,10.832055,76.11588499999999,98,45600.0,91.5
679306,Melepattambi,10.821335,76.20673500000001,98,45700.0,91.5
679307,Pulasseri,10.867005,76.18932000000001,98,45300.0,91.5
143515,Srihargobindpur,31.664955,75.45371499999999,98,37000.0,36.6
344706,Sedwa,24.89547,71.096215,98,41700.0,91.5
335801,Dabli Rathan,29.535835,74.20724,98,36100.0,91.5
332305,Sadinsar,28.03801,75.06117,98,35800.0,91.5
442705,Aheri,19.35472,79.947385,98,37400.0,39.0
143409,Naushehra Pannuan,31.321215,74.98760999999999,98,33900.0,36.6
639110,Nungavaram,10.827305,78.507285,98,37500.0,91.5
445401,Kalamb,20.459365,78.36506,98,34500.0,39.0
445216,P.N.C. Pusad,19.921245,77.5819,98,33300.0,39.0
465685,Boda,23.67252,76.871285,98,39300.0,45.7
307031,Binanigram,24.80685,73.15779,98,40500.0,91.5
679303,Pattambi,10.814475,76.17281,98,45800.0,91.5
306902,Sumerpur,25.164865,73.066085,98,40400.0,91.5
306912,Tagatgarh,25.325185,73.018485,98,40000.0,91.5
307019,Jkpuram,24.70272,73.023685,98,41000.0,91.5
307022,Pindwara,24.80148,73.04783,98,41000.0,91.5
581345,Majali,14.88907,74.10741999999999,98,52500.0,100.0
173223,Oachghat,30.911715,77.273835,98,43700.0,91.5
586213,Nidgundi,16.389145,75.97906499999999,98,35600.0,100.0
442704,Ettapalli,19.73653,80.36014,98,37100.0,39.0
142022,Lalton Kalan,30.843125,75.78957,98,46400.0,36.6
142024,Sidhwan Khurd,30.86003,75.52017000000001,98,41900.0,36.6
621718,Rayambaram,11.22517,79.16713999999999,98,37500.0,91.5
678702,Coyalmanna,10.70763,76.584015,98,44600.0,91.5
679335,Nellaya,10.874295,76.27725000000001,98,45300.0,91.5
D140377,"Kurukshetra, Haryana · D140377",30.0606702,76.7631053,98,33300.0,91.5
D532364,"Agra, Uttar Pradesh · D532364",27.0755504,77.8753832,98,27900.0,91.5
458990,Sitamau,24.053075,75.38292000000001,98,40400.0,45.7
141121,Behlolpur,30.90978,76.28375,98,44100.0,36.6
141101,Dakha Mandi,30.837125,75.66993,98,44600.0,36.6
788155,Ratanpur Road,24.679055,92.620485,98,37300.0,91.5
627010,Industrial Colony Pettai,8.735534999999999,77.600375,98,40200.0,91.5
143603,Ramdass,31.984605,74.893765,98,35800.0,36.6
679309,Vilayur,10.892465,76.178585,98,45100.0,91.5
533450,Pithapuram,17.10256,82.24540999999999,98,39700.0,91.5
344031,Gudamalani,25.18289,71.75580500000001,98,40600.0,91.5
500086,Don Bosco Nagar,17.347545,78.390565,98,35000.0,7.3
797107,Pfutsero,25.569525,94.30757,98,36800.0,91.5
206125,Chakar Nagar,26.530995,79.104775,98,37400.0,7.3
335501,Bhadra,29.05999,75.225255,98,41800.0,91.5
535183,Kothavalasa,17.90231,83.168565,98,40700.0,91.5
465683,Pachore,23.741255,76.727645,98,38900.0,45.7
586116,Dhavalgi,16.452365,76.11500000000001,98,35500.0,100.0
209733,Jalalabad,27.09515,79.78382,98,38200.0,7.3
209735,Sarai Prayag,27.154515,79.733285,98,38200.0,7.3
583234,Munirabad RS,15.34673,76.37946,98,38400.0,100.0
679123,Ganeshgiri,10.757085,76.262045,98,47700.0,91.5
679301,Lakkidi,10.765665,76.432855,98,43400.0,91.5
678705,Mudappallur,10.596665000000002,76.52013,98,46300.0,91.5
678681,Kunisseri,10.645945,76.593475,98,45400.0,91.5
678682,Anjumoorthy,10.61964,76.508,98,46000.0,91.5
533256,Ramachandrapuram Old Town,16.83797,82.03186,98,39600.0,91.5
678684,Kilakkancheri,10.54083,76.47435,98,47600.0,91.5
679337,Kulukkallur,10.88049,76.22762,98,45300.0,91.5
679501,Panamanna,10.817425,76.35628,98,44400.0,91.5
679502,Trikkatiri,10.854585,76.35597000000001,98,44400.0,91.5
535161,L Kota,18.010685000000002,83.146085,98,39800.0,91.5
755011,Mangalpur,20.797385,86.561965,98,35800.0,91.5
679336,Vallapuzha,10.835135,76.236915,98,45600.0,91.5
144212,Budhipind,31.683725,75.683785,98,37400.0,36.6
262124,Kali Nagar,28.67467,80.05369999999999,98,40600.0,7.3
250402,Mawana Factory,29.059445,77.92743999999999,98,42700.0,7.3
586103,Bijapur Vijaya College,16.876379999999997,75.70644,98,34700.0,100.0
855106,Galgalia,26.51309,88.11199500000001,98,39600.0,65.2
241301,Bilgram,27.16948,80.05375000000001,98,37900.0,7.3
518301,Adoni,15.619405,77.27775500000001,98,36800.0,91.5
571416,Basaralu,12.677555,76.809595,98,38400.0,100.0
762100,G.Udayagiri,20.088610000000003,84.347365,98,36200.0,91.5
754203,Kendupanta,20.458495,86.134495,98,35500.0,91.5
144305,Khudda,31.781805,75.62654,98,37500.0,36.6
144402,Satnampura,31.22965,75.80554000000001,98,40200.0,36.6
583230,Kinhal,15.453235,76.12489500000001,98,37900.0,100.0
755036,Ahiyas,20.85567,86.543335,98,35600.0,91.5
788152,Lakshmisahar,24.70569,92.5306,98,37600.0,91.5
678721,Kuttanur,10.710935,76.54161500000001,98,44400.0,91.5
500014,Hakimpet,17.552905000000003,78.52083,98,35000.0,7.3
679516,Vengasseri,10.825325,76.44311,98,43400.0,91.5
679521,Manisseri,10.765535,76.347345,98,44800.0,91.5
679522,Vaniamkulam,10.790775,76.323245,98,44800.0,91.5
679523,Kavalappara,10.7718,76.311195,98,45100.0,91.5
360515,Verad,22.03611,69.877775,98,36100.0,91.5
586210,Kolhar S.O (Bijapur(KAR)),16.46249,75.71021999999999,98,35700.0,100.0
795150,Mao,25.52093,94.1247,98,37100.0,91.5
445207,Dhanki,19.545765,77.98989,98,34000.0,39.0
586216,Telgi,16.487434999999998,75.8743,98,35600.0,100.0
586208,Huvin Hippargi,16.576774999999998,76.12737,98,35500.0,100.0
731127,Md.Bazar,24.020375,87.52857,98,43700.0,91.5
788150,Kalibari Bazar,24.753775,92.572375,98,37600.0,91.5
620014,Boiler Project - TR,10.76269,78.795615,98,35600.0,91.5
678703,Melarcode,10.610985,76.58549500000001,98,45800.0,91.5
679554,Kudallur,10.82293,76.07922500000001,98,45600.0,91.5
679515,Kadambur,10.854,76.409695,98,44000.0,91.5
533408,Thondangi,17.224204999999998,82.45273,98,39900.0,91.5
483332,Umaria Pan,23.492615,80.34103999999999,98,35600.0,45.7
635304,Kallavi,12.23789,78.41045,98,37300.0,91.5
586123,Moratgi,16.991100000000003,76.37806,98,36000.0,100.0
151507,Sardulgarh,29.64287,75.26417000000001,98,35400.0,36.6
361006,Khodiyar Colony,22.429545,69.969675,98,36500.0,91.5
572112,Badavanahalli,13.690385,77.0838,98,36900.0,100.0
311602,Bijolian,25.16846,75.28566000000001,98,31600.0,91.5
151508,Bhaini Bagha,30.058295,75.37233,98,34800.0,36.6
151506,Jhunir,29.77186,75.31962999999999,98,34600.0,36.6
151206,Bhagta Bhai,30.455575,75.08536000000001,98,34300.0,36.6
331403,Sardarshahar,28.514940000000003,74.38385500000001,98,33000.0,91.5
586201,Almatti  Damsite,16.38645,75.85356,98,35700.0,100.0
679511,Chunangad,10.79953,76.41431,98,43700.0,91.5
209743,Khimseypur,27.24463,79.387775,98,38900.0,7.3
533407,Kotananduru,17.409225,82.405615,98,40100.0,91.5
678641,Keralasseri,10.83359,76.48677,98,43300.0,91.5
678671,Thenkurussi,10.69782,76.63261499999999,98,44800.0,91.5
444404,Manora,20.23056,77.57362499999999,98,33400.0,39.0
679535,Peringode,10.73831,76.156495,98,46900.0,91.5
626130,Tiruthangal,9.51316,77.79769999999999,98,37400.0,91.5
583236,Yelburga,15.59672,76.01844,98,37800.0,100.0
262001,Pilibhit,28.626085,79.810825,98,41000.0,7.3
143502,Kathunangal,31.736245,75.048165,98,35900.0,36.6
484664,Bandhavgarh National Park,23.875445,80.99438,98,36500.0,45.7
152101,Gidderbaha,30.22108,74.678815,98,34300.0,36.6
173027,Shillai,30.71868,77.676475,98,38100.0,91.5
173101,Rajgarh,30.821505,77.323895,98,40100.0,91.5
621719,Asaveerankudikadu,11.340435,79.223485,98,40600.0,91.5
787058,Machkhowa,27.316885,94.58292,98,35000.0,91.5
141421,Doraha,30.77957,76.02343,98,42400.0,36.6
678704,Chittilancheri,10.605555,76.54992999999999,98,46000.0,91.5
606003,Budamur,11.53029,79.3289,98,53600.0,91.5
D782578,"Farrukhabad, Uttar Pradesh · D782578",27.4362003,79.4894778,98,39800.0,91.5
762014,Boudhraj,20.8405426,84.3214765,98,36000.0,91.5
D579372,"Rajnandgaon, Chhattisgarh",21.0684425,80.7970779,98,43600.0,91.5
360320,Gomta,21.85744,70.74356,98,36000.0,91.5
626109,Mallanginar,9.60652,78.029125,98,38600.0,91.5
110084,Burari,28.74888,77.20179999999999,98,58700.0,53.0
313602,Kheroda,24.59757,74.06235000000001,98,38700.0,91.5
742306,Sagarpara,24.25789,88.67353,98,42900.0,91.5
415712,Dapoli,17.778845,73.21368000000001,98,43400.0,39.0
612501,Koranattukkaruppur,11.01034,79.382595,98,41500.0,91.5
612104,Tiruvidamarudur,10.99182,79.452465,98,40000.0,91.5
626136,Kilarajakularaman,9.364525,77.63659,98,41500.0,91.5
627101,Dalapathisamudram,8.421985,77.64749499999999,98,39200.0,91.5
627004,Tirunelveli Pettai,8.71904,77.66058000000001,98,39500.0,91.5
604505,Vallam Arni,12.553015,79.485985,98,40400.0,91.5
626115,Sethu Institute of Technology,9.734875,78.110285,98,39800.0,91.5
670582,Naduvil,12.14592,75.511485,98,38200.0,91.5
364006,Bhavnagar Station Road,21.784075,72.11445,98,36100.0,91.5
142033,Sidhwan Bet,30.917225,75.462925,98,41000.0,36.6
624703,Guziliamparai,10.68494,78.078385,98,39400.0,91.5
148030,Chhajli,30.019855,75.85329,98,36500.0,36.6
364210,Amargadh,21.713505,71.83789,98,36200.0,91.5
533430,Dharamavaram,17.301099999999998,82.23138,98,40100.0,91.5
795128,Churachandpur,24.412255,93.49938,98,35200.0,91.5
583238,Bhagyanagar,15.338645,76.06534500000001,98,38200.0,100.0
583228,Ginigera,15.35804,76.30423,98,38100.0,100.0
151301,Raman,29.961545,74.960005,98,33700.0,36.6
160102,Mauli Jagran,30.691005,76.82611,98,53000.0,91.5
370165,Rahpar,24.052955,70.717065,98,42900.0,91.5
518323,Peddakadubur,15.717375,77.34562,98,36400.0,91.5
670571,Alakode,12.20242,75.47488,98,38200.0,91.5
627602,Pappagudi,8.769874999999999,77.50439499999999,98,40800.0,91.5
627421,Manimuthar Project,8.65598,77.41910999999999,98,41400.0,91.5
422202,Dindori,20.27281,73.82558,98,36700.0,39.0
742147,Khargram,24.014925,87.98398,98,44300.0,91.5
142057,Samadh Bhai,30.58135,75.108345,98,33900.0,36.6
362037,Dolatpara,21.55825,70.475375,98,36300.0,91.5
362130,Visavadar,21.27767,70.78754,98,35300.0,91.5
476444,Banmore,26.40081,78.15366,98,34400.0,45.7
626004,Palavantham,9.520855,78.011905,98,38000.0,91.5
361140,Digvijaygram,22.39281,69.8586,98,36400.0,91.5
361004,Udyognagar,22.42912,70.047595,98,36600.0,91.5
361005,Digvijay Plot,22.43567,70.09086500000001,98,36600.0,91.5
145023,Sujanpur,32.320745,75.624415,98,34800.0,36.6
679503,Cherpalcheri,10.872495,76.33903000000001,98,44500.0,91.5
679504,Vellinezhi,10.901775,76.339925,98,45200.0,91.5
627601,Mukkudal,8.75132,77.529945,98,40700.0,91.5
679506,Karalmanna,10.902825,76.294445,98,45200.0,91.5
679536,Chalisseri,10.751565,76.08884499999999,98,46700.0,91.5
679551,Anakkara,10.811735,76.05336,98,45700.0,91.5
679552,Kumaranellur,10.77368,76.06214,98,46400.0,91.5
306422,Gundoj,25.562155,73.24826999999999,98,40500.0,91.5
762112,Paburia,20.16704,84.2793,98,36200.0,91.5
762030,Baghiabahal,20.7067,83.85228000000001,98,36100.0,91.5
151504,Bhikhi,30.082325,75.55019999999999,98,34800.0,36.6
762102,Nuagaon,20.10505,84.04025999999999,98,36100.0,91.5
762103,Balliguda,20.099110000000003,84.076115,98,36000.0,91.5
762106,Sarangada,20.18406,84.152785,98,36100.0,91.5
302016,Shastri Nagar,26.942405,75.79817,98,41100.0,91.5
590018,VTU Campus Belgaum,15.77457,74.41212,98,64700.0,100.0
604408,Vandavasi,12.52588,79.618675,98,41000.0,91.5
604503,Pernamallur,12.578195,79.42143999999999,98,40200.0,91.5
679505,Chalavara,10.836415,76.303765,98,45400.0,91.5
177101,Dehra,31.87725,76.217705,98,39600.0,91.5
413402,Vairag,18.033465,75.81988,98,35800.0,39.0
175141,Garsa,31.856325,77.31938500000001,98,39500.0,91.5
515154,Pamudurthi,14.267075,77.934775,98,35200.0,91.5
370205,Adipur,22.991535,70.039245,98,36800.0,91.5
306501,Khairwa,25.69153,73.48989,98,40500.0,91.5
306115,Rani,25.38154,73.291125,98,39400.0,91.5
306103,Sojat  Road,25.824485,73.79951,98,39700.0,91.5
146113,Bulhowal,31.57842,75.82052,98,36300.0,36.6
146114,Nandachaur,31.57292,75.75425999999999,98,37000.0,36.6
110013,Hazrat Nizamuddin,28.591605,77.261015,98,78500.0,53.0
145022,Dunera,32.43709,75.85755499999999,98,35200.0,36.6
470119,Rahatgarh,23.783355,78.36786000000001,98,33400.0,45.7
607104,Melpattambakkam,11.80124,79.622085,98,45800.0,91.5
607105,Nellikkuppam,11.764725,79.661745,98,46600.0,91.5
146116,Kandhala Jattan,31.611145,75.726695,98,37100.0,36.6
518302,Adoni Arts College,15.638085,77.2745,98,36800.0,91.5
608304,Reddiyur,11.20663,79.511,98,45600.0,91.5
612202,Murukkangudi,10.95169,79.47505000000001,98,40100.0,91.5
518360,Yemmiganur,15.75193,77.49233000000001,98,36300.0,91.5
799250,Dharmanagar,24.384555,92.157115,98,38300.0,91.5
627603,Vadakku Ariyanayagipuram Petta,8.732775,77.54415,98,40600.0,91.5
627604,Suttamally,8.703859999999999,77.64071999999999,98,40000.0,91.5
742407,Chaltia,24.068765,88.25505000000001,98,43500.0,91.5
627151,Maruthakulam,8.595839999999999,77.725875,98,39300.0,91.5
742164,Roshanbagh,24.151945,88.30894,98,43400.0,91.5
370605,Kotda-N,23.81581,69.100915,98,39200.0,91.5
176030,Khundian,31.900585,76.38313500000001,98,40400.0,91.5
679534,Trithala,10.791345,76.120485,98,46000.0,91.5
244304,Asmoli,28.70758,78.54466,98,39200.0,7.3
627428,Agasthiyarpatti,8.714985,77.42212,98,41600.0,91.5
364004,Bhavnagar Chitra,21.76338,72.089595,98,36200.0,91.5
146104,Bihala,31.43458,75.95168,98,39800.0,36.6
422214,Vaitarna Nagar,19.811705,73.489205,98,37100.0,39.0
422221,Ojhar A.F. Stn.,20.1068,73.925525,98,35800.0,39.0
422101,Nashik Road,19.96053,73.85696999999999,98,35600.0,39.0
762016,Manamunda,20.718125,83.957855,98,35800.0,91.5
143527,Harchowal,31.76668,75.46091,98,36900.0,36.6
143528,Kahnuwan,31.914905,75.478985,98,36700.0,36.6
799263,Pecharthal,24.168685,92.118345,98,38200.0,91.5
125133,Jakhal Mandi,29.77901,75.787555,98,36200.0,11.0
151108,Salabatpura,30.5167,75.20775,98,34100.0,36.6
465337,Kalapipal,23.302325,76.86992000000001,98,40400.0,45.7
470226,Deori,23.373945,79.042605,98,33100.0,45.7
788737,Olivacherra,24.357375,92.403645,98,38600.0,91.5
431806,Mudkhed Station,19.0942729,77.4832628,98,32600.0,39.0
142001,Moga,30.7877554,75.159359,98,33800.0,36.6
146101,Barian  Kalan,31.385350000000003,75.99792,98,40200.0,36.6
581329,Haliyal,15.268955,74.78763000000001,98,42300.0,100.0
361142,Reliance Greens,22.373295,69.83437,98,36400.0,91.5
361001,Jamnagar,22.468165,70.08552,98,36300.0,91.5
361003,Aerodromme,22.47243,70.02145999999999,98,36300.0,91.5
678501,Koduvayur,10.684935,76.65746,98,44800.0,91.5
563116,Bethamangala,13.02488,78.35525,98,45800.0,100.0
422201,Chandori,20.036545,74.007,98,36300.0,39.0
572113,Baragur,13.964605,76.96704,98,34800.0,100.0
244501,Kanth,29.037075,78.617765,98,37800.0,7.3
631701,Akkur,12.69818,79.64277,98,39400.0,91.5
742103,Khagra,24.117805,88.255195,98,43500.0,91.5
627401,Ambasamudram,8.70806,77.45397,98,41300.0,91.5
581359,Yellapur,14.968555,74.709,98,40600.0,100.0
144632,Chachoki,31.188450000000003,75.7738,98,40200.0,36.6
146115,Pajjodeotta,31.568355,75.712165,98,37200.0,36.6
518462,Belagal,15.801605,77.69731999999999,98,36200.0,91.5
678004,Nurani,10.769265,76.61546,98,44100.0,91.5
678006,Pallipuram PG,10.78201,76.61680999999999,98,44100.0,91.5
307510,Shantivan,24.57736,72.83100999999999,98,40400.0,91.5
125053,Bhattu Kalan,29.36097,75.366445,98,34300.0,11.0
742159,Nagar,24.10996,87.98059,98,44200.0,91.5
678502,Ettanur,10.6674,76.61354,98,45100.0,91.5
620009,Ramjeenagar,10.718425,78.58967,98,35900.0,91.5
465550,Barode,23.792585000000003,75.794195,98,42400.0,45.7
306601,Bijowa,25.345405,73.37786,98,39300.0,91.5
306602,Chanod,25.52089,73.10525,98,40900.0,91.5
306701,Bali,25.202135,73.293195,98,39800.0,91.5
306702,Sadri,25.137645,73.4531,98,39500.0,91.5
742102,Cossimbazar Raj,24.089295,88.29030499999999,98,43400.0,91.5
515501,Patnam,14.186915,78.032455,98,34800.0,91.5
515291,Neelakantapuram,13.883515,77.18425500000001,98,34400.0,91.5
676509,Munduparmba,11.07297,76.11852,98,39800.0,91.5
515144,Bukkapatnam,14.17453,77.84767,98,34800.0,91.5
D734014,"Karbi Anglong, Assam · D734014",26.0712781,93.4552969,98,37600.0,91.5
604404,Kilkovalavedu,12.56785,79.551135,98,41000.0,91.5
626127,Tamilnadu Cements Alangulam,9.340735,77.6644,98,41200.0,91.5
678583,Mannarkad College,10.991375,76.38653500000001,98,45400.0,91.5
591346,Hudli,15.94147,74.65447499999999,98,62800.0,100.0
515134,Prasanthinilayam,14.142305,77.802055,98,34600.0,91.5
123303,Nahar,28.423955,76.3671,98,33700.0,11.0
515303,Kallumarri,13.902135,77.35816,98,34100.0,91.5
283101,Achnera,27.19645,77.747195,98,27900.0,7.3
364313,Ratanpur Bhal,21.95424,72.05155500000001,98,35600.0,91.5
175132,Keylong,32.703045,77.237925,98,38700.0,91.5
D280075,"Mandsaur, Madhya Pradesh · D280075",24.2628148,75.385692,98,38600.0,91.5
816115,Sakrigali Ghat,25.239385,87.72048,98,36800.0,65.2
816109,Sahibganj,25.21328,87.656005,98,36800.0,65.2
515301,Madakasira,13.94062,77.27623,98,34300.0,91.5
422105,TP Station Eklahre,19.971735,73.88287,98,35400.0,39.0
143516,Qadian,31.81124,75.39054999999999,98,36800.0,36.6
143517,Bhattian,31.842005,75.503545,98,36800.0,36.6
143519,Dhariwal,31.96301,75.29111499999999,98,36300.0,36.6
563132,Nangli,13.22828,78.499785,98,45100.0,100.0
678592,Mundur Palakkad,10.885595,76.57983,98,44200.0,91.5
678571,Mathur PG,10.74387,76.57346000000001,98,44000.0,91.5
144207,Garhdiwala,31.77385,75.75595,98,37600.0,36.6
243502,C.B. Ganj,28.41306,79.338455,98,38100.0,7.3
795015,"Senapati, Manipur · 795015",25.35924,94.265525,98,36100.0,91.5
795104,Tadubi,25.459945,94.258835,98,36700.0,91.5
742101,Berhampore,24.085765,88.25109,98,43500.0,91.5
160047,Sector 47 Chandigarh,30.691905,76.75819,98,51700.0,91.5
416002,Shaniwar Peth,16.706605000000003,74.223085,98,37800.0,39.0
244922,Shahabad,28.542725,78.99696,98,37900.0,7.3
563103,Tamaka,13.129235,78.21803,98,43700.0,100.0
572137,Sira,13.76747,76.92929000000001,98,34900.0,100.0
624711,Kasipalayam,10.59988,77.92548500000001,98,40800.0,91.5
624802,Vadamadurai,10.44398,78.09303,98,39800.0,91.5
624620,Palayam,10.76457,78.05673,98,39500.0,91.5
788160,Jaffirband,24.60742,92.64931,98,36800.0,91.5
464228,Sironj,24.14035,77.699775,98,37400.0,45.7
306101,Babra,26.316525,74.256765,98,37300.0,91.5
362268,Prabhas Patan,20.91821,70.53568,98,34600.0,91.5
306114,Bagri Nagar,25.907085,73.88596000000001,98,39800.0,91.5
144625,Sidhwan Dona,31.230675,75.347795,98,36400.0,36.6
465001,Shajapur,23.438985,76.309405,98,42900.0,45.7
306706,Lunawa,25.139075,73.310605,98,39900.0,91.5
176031,Jawalamukhi,31.89062,76.322995,98,39800.0,91.5
572139,Tavarekere,13.82868,76.82751999999999,98,34900.0,100.0
413504,Bhoom,18.457055,75.50474,98,43700.0,39.0
244412,Chandausi,28.4431,78.77613500000001,98,37700.0,7.3
515123,Roddam,14.10344,77.44995,98,34600.0,91.5
515124,Peddamanthur,14.00489,77.46869000000001,98,34200.0,91.5
281305,Mahaban,27.43659,77.79495,98,31300.0,7.3
282002,Sanjay Place,27.196775,77.9921,98,33300.0,7.3
283112,Iradat Nagar,26.93162,78.03147,98,29700.0,7.3
241401,Barwan,27.419345,79.85979,98,37900.0,7.3
533255,Ramachandrapuram,16.834600000000002,82.033445,98,39600.0,91.5
533211,Mukteswaram,16.674595,82.01454,98,40000.0,91.5
241405,Hariyawan,27.52443,80.17951,98,38400.0,7.3
241123,Pali,27.56365,79.82365,98,38000.0,7.3
160025,Maloya Colony,30.751415,76.720445,98,54100.0,91.5
160036,Sector 36,30.728775,76.74258,98,57700.0,91.5
678612,Parli PG,10.804425,76.55707000000001,98,43800.0,91.5
306023,Ranawas,25.78248,73.9101,98,39400.0,91.5
306001,Marwar Jn.,25.75643,73.59871,98,39900.0,91.5
515122,Somandepalli,13.97762,77.57235,98,34100.0,91.5
306119,Khod,25.494295,73.36335,98,40100.0,91.5
306126,Jawai  Bandh,25.09187,73.09192,98,40600.0,91.5
144805,CRPF Campus Sarai Khas,31.40191,75.50709499999999,98,36900.0,36.6
144806,Pattar Kalan,31.409335,75.468615,98,37100.0,36.6
679103,Palappuram,10.765365,76.40566000000001,98,44000.0,91.5
799256,Tripura Damcherra,24.16961,92.265095,98,38100.0,91.5
799260,Panisagar,24.27495,92.183885,98,38200.0,91.5
306116,Falna,25.27048,73.252925,98,39700.0,91.5
799270,Kanchanpur,24.083745,92.21042,98,37300.0,91.5
799253,Rajbari,24.355515,92.19166,98,38300.0,91.5
799254,Halflongcherra,24.337925,92.122135,98,38200.0,91.5
799279,Paiturbazar,24.304325,92.03609,98,38200.0,91.5
627413,Brahmadesam,8.738555,77.45431500000001,98,41300.0,91.5
321025,Rareh,27.312710000000003,77.549515,98,31200.0,91.5
313904,Chawand,24.1954,73.798855,98,39600.0,91.5
614806,Kariyapattinam,10.46041,79.74052499999999,98,38100.0,91.5
678632,Pulappatta,10.90032,76.490485,98,44100.0,91.5
678633,Katambazhipuram,10.87842,76.44644,98,44000.0,91.5
678594,Muttikulangara,10.816075,76.598885,98,44100.0,91.5
678595,Karakurissi,10.93741,76.47636,98,44400.0,91.5
813208,Mirzachowki,25.174575,87.477135,98,36600.0,65.2
679104,Kanniampuram,10.77491,76.362595,98,44500.0,91.5
679121,Shornur,10.78281,76.25557,98,46000.0,91.5
678683,Vadakkancherry MBR,10.584065,76.450085,98,47100.0,91.5
679102,Thottakkara,10.80119,76.37788,98,44200.0,91.5
678596,Kalladikode,10.894205,76.543025,98,44200.0,91.5
678601,Alanallur,11.052495,76.366795,98,45400.0,91.5
678611,Edathara,10.79009,76.577035,98,43900.0,91.5
535240,Alamanda R S,17.981535,83.23384,98,40200.0,91.5
678541,Alathur Mbr,10.65094,76.540245,98,45400.0,91.5
678542,Perinkulam,10.63348,76.545105,98,45600.0,91.5
678631,Kongad,10.860495,76.514195,98,43800.0,91.5
678544,Palampalakode,10.681985,76.469435,98,45000.0,91.5
678545,Pudiyankam,10.635255,76.56147999999999,98,45600.0,91.5
422403,Igatpuri,19.68926,73.653325,98,37000.0,39.0
322034,Chakeri,26.139135,76.4614,98,35000.0,91.5
143303,Bhikhiwind,31.34882,74.71728999999999,98,33300.0,36.6
630561,Sivaganga,9.84854,78.506115,98,34300.0,91.5
787032,Moidumia,27.27414,94.169655,98,41400.0,91.5
143514,Ghoman,31.6801,75.35536,98,37100.0,36.6
620026,Annanagar,10.72576,78.758565,98,35500.0,91.5
620016,Ordnance Estate - TR,10.74489,78.76792499999999,98,35700.0,91.5
620022,Thuvakudimalai,10.76917,78.80541500000001,98,35500.0,91.5
465697,Sarangpur,23.675695,76.568955,98,39200.0,45.7
175133,Lote,32.72734,77.02642,98,38400.0,91.5
591304,Athani,16.72634,75.081185,98,57900.0,100.0
515110,Penukonda,14.08437,77.64772500000001,98,34500.0,91.5
678543,Kavasseri,10.671645,76.50143,98,45100.0,91.5
203389,NAPP,28.18407,78.38319,98,50000.0,7.3
733132,Kushmandi,25.522295,88.370935,98,43000.0,91.5
241124,Shahabad,27.647145,79.939355,98,38300.0,7.3
241125,Behta Gokul,27.559895,80.035775,98,38200.0,7.3
678546,Erimayur,10.666595,76.56279,98,45100.0,91.5
143304,Kacha Pacca,31.30254,74.736145,98,33000.0,36.6
143402,Police Lines Tarn Taran,31.464665,74.908525,98,34200.0,36.6
533444,Kathipudi,17.23835,82.32807,98,39900.0,91.5
533433,Mallam,17.115265,82.177065,98,39900.0,91.5
533434,Vetlapalem,17.007565,82.13328,98,39900.0,91.5
533436,Rajavommangi,17.51379,82.250745,98,40000.0,91.5
535281,Vepada,18.003325,83.06179499999999,98,39700.0,91.5
679313,Kalladipatta,10.79696,76.216435,98,45900.0,91.5
799281,Baburbazar,24.362385,92.027395,98,38200.0,91.5
624101,Kodaikanal,10.279655,77.498665,98,41100.0,91.5
733103,Beltala Park,25.235605,88.828525,98,43000.0,91.5
143113,Fatehpur Rajputan,31.627455,75.008685,98,35600.0,36.6
413107,Malsiras,17.81105,74.87586,98,55300.0,39.0
177105,Thore,31.86372,76.147985,98,39600.0,91.5
678512,Kakkayur,10.65353,76.639275,98,45200.0,91.5
533401,Tuni,17.348010000000002,82.52245500000001,98,40100.0,91.5
241121,Aihrori,27.3261,80.27067,98,38200.0,7.3
533222,Anatavaram,16.550755000000002,82.09746,98,39900.0,91.5
678572,Kottayi,10.764315,76.550605,98,43800.0,91.5
533406,Annavaram,17.32516,82.43838,98,40000.0,91.5
678686,Kannambra,10.61049,76.45009,98,46600.0,91.5
678687,Puthucode,10.64281,76.44727,98,46000.0,91.5
678688,Pallavur,10.627245,76.632195,98,45500.0,91.5
445109,Akola Bazar,20.147125000000003,78.14962,98,34500.0,39.0
535250,Jami,18.04653,83.25669500000001,98,39600.0,91.5
733145,Teor,25.25102,88.89299500000001,98,43000.0,91.5
306901,Bankli,25.239895,73.00954999999999,98,40200.0,91.5
533577,Vilasa,16.613979999999998,82.035595,98,40000.0,91.5
431741,Hanegaon,18.360015,77.46485,98,39600.0,39.0
533446,Sankhavaram,17.324475,82.32476,98,40000.0,91.5
533449,Chebrolu,17.173115,82.36036,98,39800.0,91.5
678613,Mankarai,10.799125,76.508465,98,43100.0,91.5
209727,Saraimira,27.052505,79.87509,98,38100.0,7.3
679553,Kumbidi,10.83456,76.04746,98,45500.0,91.5
679533,Koottanad,10.7678,76.160785,98,46500.0,91.5
608301,Kattumannarkoil,11.284005,79.547695,98,46600.0,91.5
679513,Srikrishnapuram,10.93057,76.39665500000001,98,44400.0,91.5
679514,Thiruvazhiyode,10.89358,76.38394500000001,98,44300.0,91.5
144214,Tanda Ram Sahai,31.872535,75.601815,98,37600.0,36.6
209725,Kannauj,27.052195,79.91592,98,38000.0,7.3
176103,Panchrukhi,32.044495,76.56675,98,39700.0,91.5
176093,Malkher,31.949845,76.49051,98,40400.0,91.5
533483,Y .Ramavaram,17.74029,81.966935,98,39100.0,91.5
678731,Puduppariyaram,10.80837,76.62005500000001,98,44100.0,91.5
678762,Perimbadari,10.9697,76.44438,98,44600.0,91.5
679101,Ottapalam,10.776245,76.384965,98,44200.0,91.5
678685,Mannapra,10.62844,76.47120000000001,98,46100.0,91.5
142049,Guru Teg Bahadur Garh,30.611125,75.020365,98,33700.0,36.6
679308,Naduvattom,10.874425,76.14971,98,45200.0,91.5
360025,Sardhar,22.14963,71.06685999999999,98,36200.0,91.5
533440,Samalkot,17.04991,82.162025,98,39700.0,91.5
458883,Shamgarh,23.8716707,76.7744703,98,38500.0,45.7
533445,Gollaprolu,17.174059999999997,82.26857,98,39800.0,91.5
423206,Vadner Malegaon,20.72742,74.432115,98,46600.0,39.0
766028,Ampani,19.592175,82.60696999999999,98,36500.0,91.5
635206,Pochampalli,12.356205,78.37023500000001,98,36700.0,91.5
591118,M.K.Hubli,15.72527,74.73432,98,62000.0,100.0
210201,Atarra,25.31301,80.567005,98,36500.0,7.3
639107,Marudur,10.8963,78.44729,98,37700.0,91.5
678722,Tolanur,10.714575,76.49718,98,44200.0,91.5
472445,Taricharkala,25.476195,78.85432,98,39700.0,45.7
344704,Dhorimana,25.11009,71.412285,98,41100.0,91.5
591131,Pariswad,15.687485,74.632515,98,62500.0,100.0
586121,Kudgi,16.53085,75.79957,98,35600.0,100.0
143501,Verka,31.663490000000003,74.98264,98,35800.0,36.6
799280,Sonamukhi Bazar,24.261695,92.0384,98,38100.0,91.5
731102,Hatjanbazar,23.86071,87.52833,98,42900.0,91.5
731103,Barabagan,23.9031,87.5134,98,43100.0,91.5
472246,Orchha,25.326275000000003,78.63428,98,39600.0,45.7
422206,Ojhar,20.09669,73.928365,98,35800.0,39.0
422207,Ojhar T.S.,20.117805,73.95184,98,36200.0,39.0
635654,Sundarampalli,12.43166,78.483785,98,35300.0,91.5
143006,Gandhi Bazar,31.59965,74.90306000000001,98,35500.0,36.6
533344,G.Mamidada,16.936145,82.08331999999999,98,39800.0,91.5
679512,Ambalapara,10.8231,76.416245,98,43700.0,91.5
591125,Sampgaon,15.80078,74.7145,98,62700.0,100.0
160014,Sector 14,30.76133,76.73272499999999,98,55300.0,91.5
635901,Kandili,12.4853,78.480735,98,35500.0,91.5
160002,Ind Area Chandigarh,30.70241,76.80114,98,58400.0,91.5
143411,Dhotian,31.377995,74.99527,98,34200.0,36.6
143518,Naushera Majja Singh,31.9037264,75.2275587,97,35500.0,36.6
627006,Tirunelveli Town,8.715150000000001,77.678355,97,39300.0,91.5
626189,Sivakasi East,9.435625,77.821945,97,37100.0,91.5
742168,Andi,24.00065,87.910115,97,44100.0,91.5
670006,Chovva,11.87366,75.39821,97,37400.0,91.5
670007,Thottada,11.84143,75.41137,97,37400.0,91.5
670304,Madayi,12.020355,75.239845,97,39400.0,91.5
670143,Pattuvam,12.02493,75.32831,97,39300.0,91.5
143413,Bundala,31.55011,75.00123500000001,97,35300.0,36.6
723145,Santaldih,23.60372,86.557265,97,36300.0,91.5
160009,Sector 9,30.744155,76.79817,97,65000.0,91.5
742149,Murshidabad,24.16875,88.29284,97,43100.0,91.5
670602,Mayyil,11.99217,75.45311000000001,97,37600.0,91.5
670504,Pilathara,12.090405,75.26924500000001,97,39300.0,91.5
110052,Ashok Vihar,28.68877,77.17438999999999,97,60800.0,53.0
604407,Tiruvettipuram,12.721595,79.519485,97,38200.0,91.5
465223,Akodia,23.4171002,76.6074794,97,40400.0,45.7
D686330,"Narmada, Gujarat · D686330",21.7392624,73.6262458,97,42200.0,91.5
670563,Parassinikadavu,11.996505,75.391515,97,37300.0,91.5
670567,Kannur University Campus,11.98497,75.36983000000001,97,37200.0,91.5
626123,Sivakasi,9.45053,77.78629000000001,97,37100.0,91.5
626124,Sivakasi West,9.45767,77.743815,97,37200.0,91.5
670741,Pinarayi,11.83561,75.499465,97,37500.0,91.5
627007,Perumalpuram,8.66394,77.725875,97,38900.0,91.5
627008,Gandhinagar,8.744489999999999,77.66874,97,39200.0,91.5
627009,Tirunelveli Collectorate,8.72147,77.71182999999999,97,38700.0,91.5
627012,Manonmaniam Sundaranar Univers,8.776215,77.62328,97,39500.0,91.5
814155,Basantrai,25.002775,87.216695,97,36100.0,65.2
148035,Dirba,30.08619,76.002985,97,36400.0,36.6
673635,Calicut University,11.13418,75.882345,97,41000.0,91.5
670701,Nirmalagiri,11.86238,75.59549,97,37600.0,91.5
676305,Abdurahiman Nagar,11.077465,75.955355,97,40900.0,91.5
676306,Tirurangadi,11.059395,75.910765,97,41100.0,91.5
676307,Tanalur,10.961215,75.90522,97,41600.0,91.5
670703,Iritty,11.988295,75.662705,97,37500.0,91.5
670106,Dharmadam,11.774735,75.46452500000001,97,37500.0,91.5
670107,Eranholi,11.77156,75.51039,97,37500.0,91.5
670141,Taliparamba,12.040500000000002,75.359535,97,39200.0,91.5
670643,Kuthuparamba,11.84553,75.57277,97,37600.0,91.5
670674,Kelakam,11.91712,75.81922,97,37100.0,91.5
670675,Peringathur,11.706735,75.585115,97,38200.0,91.5
670676,Kadavathur,11.734585,75.61064999999999,97,38100.0,91.5
670691,Pathayakunnu,11.799285,75.56815,97,37600.0,91.5
670014,Chalad,11.883765,75.35306,97,37300.0,91.5
795139,Singhat,24.105715,93.53768,97,35800.0,91.5
533306,Kotipalli,16.70507,82.04497,97,39500.0,91.5
134005,Jandli,30.342905,76.79413,97,38500.0,91.5
134007,Baldev Nagar,30.402585,76.78987000000001,97,39900.0,91.5
284122,Bansi,24.870445,78.50225,97,36600.0,7.3
413253,Kamati Khurd,17.62217,75.64808500000001,97,34300.0,39.0
403703,Cuncolim,15.139175,74.03696500000001,97,62300.0,39.0
324006,Kota City,25.183525000000003,75.835815,97,34100.0,91.5
670594,Varam,11.90004,75.41767999999999,97,37400.0,91.5
670595,Edayannur,11.94922,75.52421,97,38000.0,91.5
606110,Karuvepilankurichi,11.459995,79.32371,97,48900.0,91.5
606907,Vadamadimangalam,12.56074,79.174115,97,38700.0,91.5
795007,Karong,25.431025,94.02876,97,36700.0,91.5
795106,Senapati,25.27886,94.07868,97,36000.0,91.5
742303,Dumkal,24.10903,88.58910499999999,97,42900.0,91.5
210001,Banda,25.483355000000003,80.314615,97,36100.0,7.3
612103,Tirupuvanam,10.986515,79.420345,97,39100.0,91.5
670325,Mattul North,11.99465,75.26823,97,39400.0,91.5
670301,Cherukunnu,11.983955,75.30133000000001,97,39400.0,91.5
606801,Chettupattu Polur,12.48743,79.341755,97,39200.0,91.5
144208,Hariana,31.6092942,75.8459754,97,35100.0,36.6
D889929,"Damoh, Madhya Pradesh · D889929",23.7981005,79.5419356,97,32600.0,91.5
670591,Eachur,11.922405,75.44208,97,37500.0,91.5
670592,Koodali,11.93282,75.46508,97,37600.0,91.5
670631,Sreekandapuram,12.051055,75.51298,97,37600.0,91.5
160030,Sector 30,30.70912,76.78431499999999,97,62200.0,91.5
591242,Shirguppi,16.617350000000002,74.71983499999999,97,59900.0,100.0
518466,Gudur,15.820925,77.841155,97,36200.0,91.5
518401,Nandikotkur,15.853815,78.32864000000001,97,34900.0,91.5
670101,Thalassery,11.75474,75.486245,97,37500.0,91.5
364130,Datha,21.198345,71.93693999999999,97,35200.0,91.5
612204,Tirunageswaram,10.958745,79.4333,97,39000.0,91.5
606111,Pennadam R.S.,11.4369,79.197085,97,44500.0,91.5
604403,Kilkodungalur,12.496015,79.709745,97,41000.0,91.5
581363,Ambikanagar,15.15627,74.705235,97,41600.0,100.0
563118,Coromandel,12.974705,78.256475,97,47700.0,100.0
175139,Jahalman,32.68579,76.88498,97,38100.0,91.5
515561,Obula Devara Cheruvu,13.981985,78.016445,97,34000.0,91.5
560032,RT Nagar,13.0231,77.5907,97,62000.0,67.7
742123,Jiaganj,24.2437,88.306895,97,43200.0,91.5
731123,Dubrajpur,23.84793,87.332415,97,41600.0,91.5
733141,Gopalganj,25.43848,88.739655,97,43000.0,91.5
733101,Balurghat,25.22458,88.76655,97,43000.0,91.5
733102,Chakvrigu,25.242485,88.7154,97,43100.0,91.5
160011,Sector 11,30.755795,76.786435,97,62400.0,91.5
331001,Churu,28.366835,74.90784500000001,97,34700.0,91.5
210424,Kabrai,25.43089,80.00004,97,34300.0,7.3
210128,Tindwari,25.635505,80.54639,97,36500.0,7.3
627001,Tirunelveli,8.73165,77.70757,97,38700.0,91.5
731224,Rampurhat,24.138735,87.82768,97,44400.0,91.5
670358,Payangadi R S,12.016485,75.25766999999999,97,39400.0,91.5
370627,Gaduli,23.95321,68.94642,97,39000.0,91.5
583226,Alawandi,15.233075,75.99190999999999,97,38200.0,100.0
152025,Bariwala,30.509525,74.671255,97,33100.0,36.6
416003,Kolhapur,16.718809999999998,74.247105,97,37700.0,39.0
403404,Mardol,15.438205,73.98198500000001,97,64800.0,39.0
313706,Bambora,24.3839,74.05424,97,39000.0,91.5
324004,Udyog Puri Kota,25.1384,75.899095,97,34900.0,91.5
587311,Banahatti,16.472369999999998,75.179205,97,57400.0,100.0
242401,Powayan,28.07275,80.10045500000001,97,38600.0,7.3
586129,Tangadgi,16.248730000000002,76.14965000000001,97,35700.0,100.0
151505,Mansa,29.927095,75.34420499999999,97,34100.0,36.6
500094,Sainikpuri,17.488685,78.54072,97,35600.0,7.3
587119,Hunnur,16.5295,75.253535,97,56100.0,100.0
132104,Panipat Khadi Ashram,29.376235,77.068,97,42600.0,91.5
144202,Miani,31.710815,75.53834499999999,97,36700.0,36.6
678706,Vandali,10.516015,76.557035,97,47200.0,91.5
144216,Talwara Township,31.936395,75.87561,97,38300.0,36.6
621714,Sendurai,11.274335,79.16660999999999,97,38300.0,91.5
500068,Gsi(Sr) Bandlaguda,17.36468,78.59702,97,44600.0,7.3
247340,Ambehta,29.854775,77.34131,97,32700.0,7.3
670501,Mandur-kannur,12.063535,75.25915499999999,97,39300.0,91.5
670502,Pariyaram-kannur,12.078125,75.33716000000001,97,39200.0,91.5
670503,Pariyaram Medical College,12.0875,75.296645,97,39200.0,91.5
517418,Thamballapalle,13.869055,78.45867,97,33500.0,91.5
670305,Vengara-kannur,12.04838,75.226775,97,39400.0,91.5
670306,Mathamangalam Bazar,12.169165,75.32937999999999,97,39100.0,91.5
670307,Payyanur,12.135485,75.22956500000001,97,39200.0,91.5
670308,Ramanthali,12.04605,75.20551,97,39400.0,91.5
742409,Shaikhpara,24.24531,88.56832,97,43000.0,91.5
742304,Islampore,24.210905,88.467345,97,43100.0,91.5
742305,Jalangi,24.14995,88.676665,97,42800.0,91.5
604405,Marudadu,12.4665,79.64840000000001,97,40500.0,91.5
518343,Nandavaram,15.88163,77.53176,97,36100.0,91.5
518308,Ingaladahal,15.582215,77.130975,97,37300.0,91.5
607804,Oomangalam,11.56231,79.39706000000001,97,49200.0,91.5
762018,Ghantapada,20.493985,83.70507,97,35700.0,91.5
152124,Arniwala Sheikh Subhan,30.353655,74.231035,97,32200.0,36.6
500084,Kothaguda,17.46839,78.36022,97,30700.0,7.3
141411,Bhari,30.747845,76.33424500000001,97,40200.0,36.6
142043,Kot Ise Khan,31.007615,75.10711,97,34300.0,36.6
142048,Ghall Kalan,30.82535,75.035845,97,33300.0,36.6
142025,Sowaddi,30.910865,75.59582499999999,97,41800.0,36.6
500040,Ie Moulali,17.454895,78.556485,97,35600.0,7.3
160023,Sector 23,30.742130000000003,76.764125,97,63600.0,91.5
627853,Nallur,8.87986,77.527905,97,40400.0,91.5
627854,Nettur,8.921745,77.54706999999999,97,39800.0,91.5
627851,Alangulam,8.832355,77.519875,97,40600.0,91.5
604402,Hasanamapettai,12.76863,79.53044,97,38800.0,91.5
591232,Madbhavi,16.81486,74.978125,97,60900.0,100.0
591223,Kagvad,16.680605,74.71745,97,60900.0,100.0
152123,Fazilka,30.37234,74.039515,97,31900.0,36.6
500049,Miyapur,17.498244999999997,78.35653500000001,97,29900.0,7.3
787053,Ghilamara,27.326655,94.368465,97,35400.0,91.5
787056,Pathalipam,27.4354,94.217355,97,40200.0,91.5
621301,Chinthamanipatti,10.77287,78.22517500000001,97,38300.0,91.5
670613,Mowancheri,11.878735,75.45521,97,37500.0,91.5
670621,Kadachira,11.84735,75.446155,97,37500.0,91.5
670622,Mundalur,11.844055,75.48397,97,37500.0,91.5
563131,Mulbagal,13.231785,78.3931,97,42300.0,100.0
670632,Chemperi,12.102555,75.55724000000001,97,37200.0,91.5
762028,Chakapada,20.251195,84.48662,97,35700.0,91.5
762017,Kantamal,20.57438,83.82729499999999,97,35700.0,91.5
632313,Kolappalur,12.539575,79.33943500000001,97,39500.0,91.5
766017,Charbahal,19.684835,82.76297500000001,97,36300.0,91.5
766019,Koksara,19.6295,82.693625,97,35900.0,91.5
322028,Malrna Doongar,26.25688,76.45573999999999,97,35100.0,91.5
670010,Valapattanam,11.920175,75.348265,97,37200.0,91.5
313905,Jhadol,24.2319,73.90509,97,40500.0,91.5
322027,Soorwal,26.1146,76.3595,97,36700.0,91.5
321404,Roopbas,26.9955,77.6268,97,29900.0,91.5
325207,Bapawar,24.92499,76.45221000000001,97,38200.0,91.5
733133,Patiram,25.34797,88.805275,97,43100.0,91.5
670011,Chirakkal,11.92864,75.37212,97,37300.0,91.5
670012,Kannur Thana,11.8705,75.38760500000001,97,37400.0,91.5
670013,Burnacherry,11.857605,75.3653,97,37300.0,91.5
670001,Kannur,11.872425,75.360295,97,37300.0,91.5
678732,Kottekkad,10.80147,76.687545,97,44100.0,91.5
788164,Monacherra,24.60503,92.550505,97,37100.0,91.5
143117,Khadoor Sahib,31.425935,75.07162,97,35100.0,36.6
151502,Budhlada,29.969165,75.57566,97,33900.0,36.6
503309,Madnoor,18.48875,77.65695,97,39200.0,7.3
503310,Pitlam,18.267475,77.794815,97,35500.0,7.3
251308,Bhopa,29.47945,77.90353,97,33600.0,7.3
731201,Ahmadpur,23.819325,87.71036,97,42900.0,91.5
533448,Uppada,17.09786,82.34266500000001,97,39500.0,91.5
723146,Santaldih T.P.,23.593205,86.4774,97,36300.0,91.5
583232,Kuknoor,15.482595,75.96418,97,37900.0,100.0
591109,Hirebagewadi,15.75932,74.63824,97,62600.0,100.0
151510,Joga,30.158125,75.39814000000001,97,34600.0,36.6
203409,Sarai  Chhabila,28.455925,77.97216,97,52500.0,7.3
630555,Natarajapuram,9.91906,78.60634,97,34200.0,91.5
313603,Bhinder,24.54647,74.136885,97,38100.0,91.5
533005,APSP Camp,17.024124999999998,82.25339,97,39300.0,91.5
445402,Ralegaon,20.36701,78.55736999999999,97,44700.0,39.0
444809,Karajgaon,21.34564,77.61424500000001,97,31500.0,39.0
444810,Sirasgaon Kasba,21.348315,77.67783,97,31200.0,39.0
176501,Sansarpur Terrace,31.916885,75.95536,97,38400.0,91.5
630557,Okkur,9.932659999999998,78.51872,97,34500.0,91.5
630502,Singampunari,10.19368,78.427915,97,37800.0,91.5
560073,Nagasandra,13.04501,77.49282500000001,97,58200.0,100.0
742135,Bhagabangola,24.312255,88.39468,97,43200.0,91.5
422211,Surgana,20.561345,73.616635,97,38400.0,39.0
422212,Trimbak,19.921065,73.50876,97,37100.0,39.0
140405,Sangatpur Sodhian,30.582815,76.334195,97,40300.0,36.6
423302,Taharabad,20.77456,74.03724500000001,97,41200.0,39.0
423502,Abhona,20.56399,73.882455,97,37500.0,39.0
423201,Dabhadi,20.533645,74.43809,97,38900.0,39.0
243126,Bhuta,28.327125,79.60618,97,37400.0,7.3
635102,Anchetty,12.285385,77.673665,97,45300.0,91.5
635002,Krishnagiri Indl. Estate,12.53491,78.21441,97,49300.0,91.5
635101,Krishnagiri Project,12.45607,78.19817,97,47400.0,91.5
144026,Lambra,31.25639,75.532005,97,37900.0,36.6
678008,Palakkad Engineering College,10.82372,76.65106,97,44200.0,91.5
678009,Kallekulangara,10.876915,76.637,97,44300.0,91.5
678010,Sekharipuram,10.79075,76.657905,97,44200.0,91.5
364265,Gheti,21.492675,71.72579,97,35500.0,91.5
142021,Baddowal,30.851265,75.74656999999999,97,44500.0,36.6
141418,Rampur,30.82641,76.06578999999999,97,40500.0,36.6
431209,Ghansawangi,19.47448,75.97975,97,63000.0,39.0
583231,Koppal,15.34745,76.175635,97,38000.0,100.0
795117,Saikot,24.29827,93.78239,97,35200.0,91.5
143410,Sarhali,31.258685,74.93727000000001,97,32800.0,36.6
431522,Pangaon,18.60516,76.62471500000001,97,34800.0,39.0
331024,Ramgarh Shekhawati,28.136605,74.986665,97,35300.0,91.5
515531,Kondakamarla,14.075665,77.95026,97,34300.0,91.5
515261,Parigi,13.9204,77.47262,97,34000.0,91.5
370601,Shyamji Krishna Varma Nagar,23.77225,68.48940999999999,97,36500.0,91.5
152032,Rupana,30.37871,74.45438,97,33200.0,36.6
364310,Vallabhipur,21.94697,71.936845,97,35600.0,91.5
627115,Tirukurungudi,8.424035,77.529035,97,38500.0,91.5
742302,Daulatabad,24.15685,88.39899,97,43100.0,91.5
142002,Purana Moga,30.752335,75.11064999999999,97,33800.0,36.6
335062,Sadulshahar,29.84758,74.18218999999999,97,35200.0,91.5
206121,Ajitmal,26.53441,79.299005,97,38500.0,7.3
134003,Ambala City,30.36704,76.773825,97,39400.0,91.5
144005,Jalandhar Cantt,31.297175000000003,75.623445,97,37700.0,36.6
206255,Malhosi,26.775185,79.704405,97,38200.0,7.3
591103,Balekundri,15.873024999999998,74.66298,97,63000.0,100.0
586124,Nalatwad,16.283715,76.272575,97,35600.0,100.0
160101,Manimajra,30.70452,76.82707500000001,97,55300.0,91.5
141115,Machhiwara,30.94093,76.20847,97,43900.0,36.6
465113,Sundersi,23.256515,76.47881000000001,97,42400.0,45.7
458669,Kachnara Flag,23.82638,75.06657000000001,97,41900.0,45.7
423203,Malegaon,20.55041,74.53231500000001,97,39500.0,39.0
307512,Dantrai,24.745735,72.50874999999999,97,39600.0,91.5
307513,Mandar,24.60706,72.355305,97,40300.0,91.5
307514,Reodar,24.559205,72.53315,97,40700.0,91.5
246735,Raja-ka-tajpur,29.160835,78.50202,97,36400.0,7.3
143114,Mehta Chowk,31.657235,75.24717,97,35800.0,36.6
143115,Jandiala Guru,31.538055,75.036115,97,35300.0,36.6
143116,Tarsika,31.629665000000003,75.121125,97,35700.0,36.6
210121,Baberu,25.552345,80.64805,97,36900.0,7.3
678621,Kanjikode,10.828905,76.77830499999999,97,43700.0,91.5
678622,Elapulli,10.76147,76.768775,97,43700.0,91.5
678623,Kanjikode West,10.83088,76.744425,97,43900.0,91.5
678597,Karimba,10.932915,76.551035,97,44500.0,91.5
251306,Baghra,29.46576,77.59029000000001,97,41900.0,7.3
586212,Muddebiahl,16.3645,76.195015,97,35500.0,100.0
766103,Parla,19.754535,82.64175,97,35900.0,91.5
480887,Adegaon,22.52284,79.40877499999999,97,37100.0,45.7
484551,Birsinghpur Pali,23.38358,81.11581000000001,97,36200.0,45.7
160001,New Sectt Chandigarh,30.7461,76.81246,97,61200.0,91.5
533447,Kothapalli,17.11063,82.318565,97,39600.0,91.5
731244,Bishnupur,24.147535,87.9106,97,43900.0,91.5
465687,Khujner,23.79144,76.59282999999999,97,38800.0,45.7
465339,Khokra Kalan,23.445945,76.96076,97,39700.0,45.7
620024,Bharathidasan University,10.68194,78.74114,97,35100.0,91.5
143407,Fatehabad,31.332035,75.081355,97,34800.0,36.6
639108,Mayanur,10.925145,78.210735,97,39000.0,91.5
639113,Pugalur Sugar Factory,11.06426,78.051635,97,42700.0,91.5
639114,Puliyur Cement Factory,10.93792,78.16511,97,39300.0,91.5
731129,Purundarpur,23.860285,87.60203,97,43100.0,91.5
678510,Ayalur,10.548705,76.57846,97,46600.0,91.5
678503,Pudunagaram,10.668185,76.671305,97,44900.0,91.5
678504,Vadavannur,10.64078,76.70044,97,45000.0,91.5
679573,Tavanur,10.829075,75.98604,97,42400.0,91.5
144408,Panchhat,31.331255,75.870695,97,37300.0,36.6
306303,Nimaj,26.19255,74.016535,97,37200.0,91.5
306304,Raipur  Marwar,25.986315,74.03458499999999,97,37200.0,91.5
678011,Ambikapuram,10.797545,76.653605,97,44200.0,91.5
678012,Vadakanthara,10.78615,76.636255,97,44100.0,91.5
678013,Kunnathurmedu,10.760245,76.66640000000001,97,44200.0,91.5
678014,Palakkad City,10.77147,76.646515,97,44200.0,91.5
788165,Manipur Bagan,24.381215,92.58682,97,38500.0,91.5
143119,Mattewal,31.711325,75.16583499999999,97,35700.0,36.6
143149,Jandiala R.S,31.57454,75.072435,97,35500.0,36.6
177113,Chanour,31.893805,76.13744500000001,97,38700.0,91.5
177117,Muhal,31.89294,76.245215,97,39000.0,91.5
583280,Hanumanhal,15.850715,75.90698499999999,97,36200.0,100.0
403806,Bogmalo,15.36916,73.85245,97,64900.0,39.0
160019,Sector 19,30.72886,76.80235,97,65900.0,91.5
142038,Baghapurana,30.69241,75.03562500000001,97,33600.0,36.6
143406,Kang,31.476755,75.03391500000001,97,35000.0,36.6
444502,Vadegaon,20.606070000000003,76.85915,97,34800.0,39.0
444302,Balapur,20.62485,76.852705,97,34900.0,39.0
679324,Mankada,11.042575,76.162245,97,42100.0,91.5
799261,Kadamtala,24.4824,92.19524,97,38300.0,91.5
799262,Churaibari,24.40604,92.238625,97,38300.0,91.5
676505,Malappuram,11.042305,76.0855,97,40300.0,91.5
678001,Palakkad,10.771045,76.660105,97,44200.0,91.5
788168,Rajyeswarpur,24.606205,92.60652,97,36800.0,91.5
788156,Anilgarh,24.67806,92.42365,97,37900.0,91.5
788162,Jamira Bazar,24.254185,92.52168,97,40200.0,91.5
141122,Jaspal Banger,30.82726,75.90732,97,44800.0,36.6
125102,Ellenabad,29.439835,74.683135,97,27400.0,11.0
125075,Siri Jiwan Nagar,29.578665,74.690155,97,28200.0,11.0
464224,Kurwai,24.137985,78.01148,97,35600.0,45.7
678593,Tachampara,10.970775,76.511955,97,44700.0,91.5
676101,Tirur,10.91535,75.92999,97,41800.0,91.5
676102,Bettath Pudiangadi,10.84203,75.93887000000001,97,42300.0,91.5
676103,Thalakkadathur,10.930945,75.946325,97,41700.0,91.5
307801,Jawal,25.10831,72.75431,97,39900.0,91.5
307802,Kalandari,24.89991,72.63128,97,40300.0,91.5
306704,Ghanerao,25.238860000000003,73.537755,97,38900.0,91.5
676562,Kuttayi,10.82805,75.902925,97,42300.0,91.5
787026,Bordoloni,27.47952,94.452025,97,34600.0,91.5
678002,Olavakkot,10.79836,76.64131,97,44200.0,91.5
678003,Kalpathi,10.791015,76.646715,97,44200.0,91.5
678005,Chokkanathapuram,10.79157,76.67613,97,44100.0,91.5
678007,Chandranagar,10.76026,76.70288,97,44100.0,91.5
639102,Krishnarayapuram,10.90874,78.25997,97,38700.0,91.5
242042,Banda,28.273035,80.080145,97,39100.0,7.3
423202,G.S.S.K.,20.58807,74.411165,97,39400.0,39.0
678505,Pallassana,10.63654,76.65520000000001,97,45300.0,91.5
423108,Ravalgaon,20.632765,74.383175,97,40000.0,39.0
360030,Kotda Sangani,22.07687,70.89303000000001,97,35500.0,91.5
632326,Susainagar,12.57357,79.26135,97,39300.0,91.5
464114,Lateri,24.12124,77.42865,97,37300.0,45.7
676521,Pandikkad,11.098405,76.198115,97,40800.0,91.5
676320,Tayyalingal,10.99296,75.92305,97,41400.0,91.5
788734,Anipur,24.52768,92.40551,97,38000.0,91.5
465118,AWANTIPUR BARODIYA,23.205905,76.68455,97,40600.0,45.7
787051,Lilabari A/F,27.373305,94.111985,97,41200.0,91.5
678551,Kotambu,10.73731,76.693465,97,44100.0,91.5
678506,Kollengode,10.592905,76.702135,97,45500.0,91.5
678508,Nemmara,10.52952,76.7026,97,47500.0,91.5
306503,Somesar,25.572575,73.490045,97,39900.0,91.5
306603,Nadol,25.34593,73.48734999999999,97,39100.0,91.5
306305,Kushalpura,26.10302,73.94682,97,37200.0,91.5
143111,Khilchian,31.56602,75.171945,97,35800.0,36.6
581119,Tumminakatti,14.41026,75.626035,97,41700.0,100.0
612002,Melakaveri,10.974365,79.371725,97,37900.0,91.5
742308,Raninagar,24.254085,88.57885,97,42900.0,91.5
306021,Auwa,25.58918,73.641165,97,39800.0,91.5
816120,Borio,25.04876,87.60163,97,36400.0,65.2
816129,Taljhari,25.115015,87.731065,97,36400.0,65.2
816103,Benagaria,24.190385,87.599445,97,43000.0,65.2
676506,Kottilangadi,11.034015,76.102165,97,40400.0,91.5
465220,Kalisindh,23.3864,76.43589,97,41700.0,45.7
470227,Rehli,23.57356,79.167705,97,32100.0,45.7
124506,Mandothi,28.70649,76.84086500000001,97,50100.0,11.0
814154,Mahgama,25.04128,87.31228,97,36000.0,65.2
444311,Nimba,20.84511,76.779225,97,35400.0,39.0
444108,Telhara,20.989965,76.86314,97,35200.0,39.0
444109,Vidyutnagar Paras,20.7709,76.827995,97,35100.0,39.0
307511,Anadra,24.69425,72.70270500000001,97,40700.0,91.5
678701,Kannadi,10.73566,76.65169,97,44200.0,91.5
678651,Malampuzha Dam,10.8578,76.69283999999999,97,44200.0,91.5
678661,Parambikulam,10.432765,76.76768,97,48200.0,91.5
799251,Chandrapur,24.412155,92.178175,97,38300.0,91.5
676311,Mooniyur,11.06082,75.896055,97,41100.0,91.5
676312,Ariyallur,11.09223,75.850825,97,41200.0,91.5
676317,Velimukku,11.097025,75.90367,97,41000.0,91.5
673638,Kondotti,11.146585,75.98280500000001,97,40600.0,91.5
676507,Makkaraparamba,11.02226,76.119495,97,42100.0,91.5
306102,Sendra,26.151895000000003,74.146335,97,37200.0,91.5
306105,Bar,26.113685,74.071535,97,37200.0,91.5
814153,Poraiyahat,24.677295,87.249175,97,36100.0,65.2
676301,Tirunavaya,10.89337,75.999975,97,41900.0,91.5
676302,Tanur-MBR,10.966585,75.87905,97,41600.0,91.5
676303,Parpanangadi,11.04842,75.868065,97,41300.0,91.5
676561,Mangalam-MLP,10.839685,75.922285,97,42300.0,91.5
670650,Chittariparamba,11.833465,75.70222000000001,97,37500.0,91.5
670651,Kottiyur,11.89586,75.90641,97,37400.0,91.5
670661,Palayad,11.79699,75.47455,97,37500.0,91.5
676105,Thekkummuri,10.896835,75.916665,97,41900.0,91.5
676106,Ponmundam,10.955855,75.945675,97,41500.0,91.5
676107,Pookayil Bazar,10.919085,75.9083,97,41800.0,91.5
673637,Pulikkal,11.1855,75.91384,97,40900.0,91.5
788735,Ratabari,24.586925,92.398495,97,38100.0,91.5
673641,Kuzhimanna,11.183795,76.01667499999999,97,40800.0,91.5
673642,Mongam,11.13101,76.03470999999999,97,40300.0,91.5
673647,Calicut Airport,11.151525,75.943235,97,40800.0,91.5
360480,Paneli,21.905455,70.17264,97,35900.0,91.5
678598,Pottasseri,11.00907,76.52875,97,45000.0,91.5
678582,Mannarkkad,11.07768,76.50017500000001,97,45400.0,91.5
678591,Kanhirapuzha,10.984665,76.59729999999999,97,44900.0,91.5
176087,Pahra,32.022375,76.53306,97,39300.0,91.5
307501,Abu,24.619615,72.75146000000001,97,40400.0,91.5
307023,Sarupganj,24.699045,72.89253500000001,97,41300.0,91.5
306705,Mundara,25.23092,73.438365,97,39300.0,91.5
676519,Downhill,11.059545,76.03533999999999,97,40500.0,91.5
673633,Ramanattukara,11.19948,75.893375,97,40900.0,91.5
673634,Chelembra,11.153335,75.886335,97,41000.0,91.5
413505,Sonari,18.38107,75.40720999999999,97,42100.0,39.0
571402,Sugar Town,12.557785,76.84982,97,39000.0,100.0
788736,Dullabcherra,24.4773,92.42842,97,38000.0,91.5
413412,Tulsidas Nagar,18.02655,75.720495,97,35200.0,39.0
676501,Edarikode,10.99682,75.97351,97,41200.0,91.5
306502,Khinwara,25.443255,73.59476000000001,97,38800.0,91.5
470235,Kesli,23.33216,78.70696,97,33100.0,45.7
110014,Jungpura,28.58227,77.262945,97,78100.0,53.0
110078,N.S.I.T. Dwarka,28.600525,77.03338,97,60800.0,53.0
673636,Tenhipalam,11.12073,75.89325,97,41000.0,91.5
670521,Karivellur,12.19453,75.2074,97,39000.0,91.5
670561,Pappinisseri,11.954845,75.363475,97,37200.0,91.5
670562,Kalliasseri,11.996015,75.36526,97,37200.0,91.5
626140,Sevalpatti,9.28787,77.73481,97,40500.0,91.5
361013,Khandhera,22.3193,70.236465,97,36100.0,91.5
361007,Gulabnagar,22.4889,70.084765,97,36200.0,91.5
361008,Patel Colony,22.4922,70.0555,97,36200.0,91.5
676319,Chettipadi,11.078695,75.86382,97,41200.0,91.5
361150,Valsura,22.538295,70.04460499999999,97,36100.0,91.5
361170,Lalpur,22.177795,69.99579,97,36100.0,91.5
361002,Bedeshwar,22.490455,70.04397,97,36200.0,91.5
360530,Jamjodhpur,21.996775,70.02658500000001,97,36000.0,91.5
177111,Qusba Kotla,31.87407,75.99897,97,38900.0,91.5
177112,Tipri,31.879635,76.056095,97,38900.0,91.5
624612,Ambilikai,10.55354,77.74248,97,39000.0,91.5
676304,Vengara MLP,11.05763,75.974,97,40900.0,91.5
676502,Paravanna,10.89163,75.893395,97,41900.0,91.5
676503,Kottakkal,10.998325,76.02931000000001,97,41000.0,91.5
676504,Kodur-malabar,11.01787,76.074715,97,40700.0,91.5
676309,Kodinhi,11.017605,75.90283,97,41300.0,91.5
670704,Payam,11.98608,75.75663499999999,97,37200.0,91.5
670705,Ulikkal,12.06629,75.66298,97,37200.0,91.5
670706,Kiliyanthara,12.05027,75.74602999999999,97,37000.0,91.5
670673,Peravoor,11.922945,75.73348,97,37300.0,91.5
676108,Triprangode,10.86249,75.95862,97,42100.0,91.5
676109,Niramaruthur,10.924785,75.89609,97,41800.0,91.5
676122,Manjeri College,11.12573,76.13331,97,39800.0,91.5
676123,Karuvambram,11.170105,76.12564499999999,97,40400.0,91.5
670692,Panoor,11.77279,75.5985,97,37600.0,91.5
670693,Thuvakunnu,11.771895,75.64826,97,37600.0,91.5
670694,Champad,11.76865,75.55612500000001,97,37600.0,91.5
413401,Barshi,18.155535,75.74994,97,35200.0,39.0
670102,Temple Gate,11.728455,75.511465,97,37600.0,91.5
670103,Tiruvangad,11.749465,75.516625,97,37500.0,91.5
670104,Cherakkara,11.75701,75.4992,97,37500.0,91.5
670662,Muzhappilangad,11.7933,75.448845,97,37500.0,91.5
670663,Etakkad,11.817695,75.44252499999999,97,37500.0,91.5
670671,Paral,11.738445,75.548925,97,37600.0,91.5
670672,Chokli,11.729605,75.57271499999999,97,37600.0,91.5
145001,Pathankot,32.315225,75.71218,97,34500.0,36.6
415208,Veshvi,17.990115000000003,73.11059,97,43700.0,39.0
415713,Harnai,17.788400000000003,73.130175,97,43500.0,39.0
415714,Anjarla,17.85858,73.116265,97,43600.0,39.0
415717,Kelshi,17.91473,73.06178,97,43600.0,39.0
676528,Othukkungal,11.02584,76.03096500000001,97,40800.0,91.5
676541,Edavanna,11.22795,76.12956,97,40900.0,91.5
676551,Kalpakancheri,10.93046,75.97281000000001,97,41600.0,91.5
110063,Paschim Vihar,28.66691,77.10683,97,81000.0,53.0
676508,Valakolam,11.010055,75.94849500000001,97,41200.0,91.5
676510,Randathani,10.965845,76.00681,97,41300.0,91.5
676517,Pookkottur,11.0898,76.06171,97,40000.0,91.5
673632,Farook College,11.20406,75.865265,97,41000.0,91.5
607102,Chinnapanaickenpalayam,11.7169,79.627165,97,45700.0,91.5
148031,Lehragaga,29.905900000000003,75.78730999999999,97,35800.0,36.6
148033,Moonak,29.85389,75.89794499999999,97,36300.0,36.6
627110,Parappadi,8.425315,77.73961,97,38700.0,91.5
389002,Godhra Bhuravav,22.83579,73.55229,97,53400.0,91.5
470881,Jabera,23.569995,79.766665,97,34100.0,45.7
470229,Garhakota,23.77615,79.156395,97,30800.0,45.7
470232,Garhakota Nadipar,23.799855,79.151375,97,30700.0,45.7
670601,Kolacherry,11.96144,75.412365,97,37400.0,91.5
160015,Sector 15 Chandigarh,30.749265,76.775035,97,64100.0,91.5
591240,Satti,16.58414,75.10016999999999,97,54900.0,100.0
423212,Nimgaon,20.45892,74.58689,97,38700.0,39.0
621709,Mathur,11.346385,79.15493000000001,97,39600.0,91.5
621730,Cement Nagar Dalavoy,11.365655,79.190905,97,40800.0,91.5
160003,Aerodrome,30.68135,76.79383,97,51200.0,91.5
332307,Tihawali,28.1122,75.07948999999999,97,35000.0,91.5
742160,Nashipur Rajbati,24.20748,88.27502,97,43100.0,91.5
144001,Jalandhar City,31.2922312,75.5678878,97,36300.0,36.6
D573435,"Gumla, Jharkhand · D573435",23.1603759,84.4599565,97,34900.0,91.5
670142,Karimbam,12.060885,75.40983,97,37100.0,91.5
411001,Pune Camp / GPO,18.5196,73.8553,97,47300.0,100.0
385340,Radhanpur,23.773753,71.6798581,97,54500.0,91.5
152004,S.B.S Engg Colleger Ferozpeur,30.8753832,74.6525438,97,35300.0,36.6
D121313,"Seoni, Madhya Pradesh · D121313",22.2748109,79.7202522,97,38700.0,91.5
610201,Kachanam,10.62926,79.66796,97,37500.0,91.5
626106,Kariapatti,9.68401,78.143085,97,38500.0,91.5
626107,Kovilangulam,9.564845,78.09881999999999,97,37700.0,91.5
670511,Cherupuzha,12.278255,75.39281,97,38300.0,91.5
413403,Pangaon,18.132915,75.77647999999999,97,35400.0,39.0
673314,Kadalundinagaram,11.12462,75.845675,97,41100.0,91.5
673316,Kariyad South,11.690905,75.57518999999999,97,38200.0,91.5
607112,Kilkavarappattu,11.80215,79.591465,97,45000.0,91.5
627358,Tachanallur,8.774564999999999,77.68562499999999,97,38800.0,91.5
742113,Debipur,24.27541,88.25457,97,43100.0,91.5
742122,Azimganj,24.266,88.20035,97,43100.0,91.5
313902,Sarara,24.13319,73.82443,97,41300.0,91.5
517390,Mulakalacheruvu R.S.,13.86896,78.337005,97,33300.0,91.5
284402,Banpur,24.77542,78.69545500000001,97,37100.0,7.3
517325,Madanapalle,13.56567,78.50315499999999,97,33600.0,91.5
517350,Kurabalakota,13.70561,78.49954,97,33200.0,91.5
160012,Sector 12,30.76387,76.780265,97,60100.0,91.5
670353,CRPF Camp Aravanchal,12.19919,75.280915,97,39000.0,91.5
670105,Nettur,11.78502,75.49081000000001,97,37500.0,91.5
670633,Payyavur,12.09505,75.60386,97,37200.0,91.5
670302,Mattul,11.968295,75.28744,97,39400.0,91.5
670303,Payangadi,12.03748,75.2723,97,39400.0,91.5
670002,Civil Station Kannur,11.87617,75.37136,97,37300.0,91.5
670003,Kannur City,11.857735,75.386335,97,37400.0,91.5
670004,Pallikunnu,11.89832,75.3651,97,37300.0,91.5
670611,Mamba,11.902095,75.50301,97,37700.0,91.5
670612,Anjarakandy,11.884815,75.51691,97,37700.0,91.5
626104,Kalkurichi,9.61732,78.11258000000001,97,38100.0,91.5
670017,Kannur District Hospital,11.85952,75.37024500000001,97,37300.0,91.5
670018,Thazhe Chovva,11.866505,75.415075,97,37400.0,91.5
110046,Nangal Raya,28.60498,77.10471,97,66500.0,53.0
670327,Edat,12.102265,75.24119999999999,97,39300.0,91.5
670334,Ezhome,12.04669,75.29849999999999,97,39300.0,91.5
670309,Kunhimangalam,12.07793,75.23080999999999,97,39300.0,91.5
670310,Ezhimala Naval Academy,12.037765,75.19481999999999,97,39500.0,91.5
627354,Mulaikaraipatti,8.580884999999999,77.76912,97,38600.0,91.5
670641,Ponniam West,11.774909999999998,75.53114,97,37500.0,91.5
670642,Kadirur-tly,11.8006,75.53057000000001,97,37500.0,91.5
670581,Chepparapadava,12.1717,75.41257999999999,97,38300.0,91.5
670649,Ummenchira,11.779665,75.50094,97,37500.0,91.5
670604,Kannadiparamba,11.93785,75.40982500000001,97,37400.0,91.5
416012,Kolhapur City,16.687725,74.226745,97,36000.0,39.0
591230,Kokatnur,16.674115,75.1845,97,54700.0,100.0
244255,Rehra,28.463895,78.34251,97,44900.0,7.3
143504,Chawinda Devi,31.7087,75.091905,97,35800.0,36.6
627005,Melapalayam,8.696290000000001,77.711625,97,38900.0,91.5
670702,Mattanur,11.930805,75.613605,97,37700.0,91.5
670005,Kakkat,11.898235,75.383405,97,37300.0,91.5
518003,SAP Camp-kNL,15.80856,77.984895,97,36200.0,91.5
639005,Thanthonimalai,10.8915,78.075245,96,39000.0,91.5
639006,Vengamedu,11.01164,78.06777,96,42000.0,91.5
639007,Karur Collectorate,10.904445,78.11878999999999,96,39100.0,91.5
606904,Mandakolathur,12.458939999999998,79.18560500000001,96,38400.0,91.5
175138,Babeli,32.0184,77.09247500000001,96,38100.0,91.5
606802,Nayudumangalam,12.38361,79.08092,96,37300.0,91.5
141102,Dakha,30.873245,75.68779,96,43100.0,36.6
627117,Vallioor,8.377025,77.610835,96,38400.0,91.5
627118,Vijayanarayanam,8.402615,77.79599,96,38100.0,91.5
627119,Vijayanarayanam Naval Base,8.388819999999999,77.753955,96,38300.0,91.5
607802,Neyveli 2,11.548335000000002,79.47302,96,46800.0,91.5
590020,Suvarna Soudha Belgaum,15.811565,74.606065,96,62300.0,100.0
504296,Sirpur Khagaznagar,19.29441,79.64526000000001,96,36300.0,7.3
444403,Mangrulpir,20.267555,77.430105,96,32300.0,39.0
639004,Pasupathipalayam,10.972855,78.138055,96,39600.0,91.5
791102,Pasighat,27.953555,95.300845,96,34100.0,91.5
403728,Loliem,14.93505,74.082495,96,51600.0,39.0
791105,Tuting,29.056805,94.76802,96,41200.0,91.5
788163,Lala,24.535945,92.60872,96,35400.0,91.5
403723,Velim,15.15979,73.967855,96,61500.0,39.0
151205,Baja Khana,30.429425,74.981895,96,33400.0,36.6
141113,Katani Kalan,30.887435,76.09496,96,39200.0,36.6
242306,Rosa RS,27.850575,80.02108000000001,96,38000.0,7.3
639116,Vangal,11.029165,78.116455,96,42000.0,91.5
639117,Velayuthampalayam,11.05765,77.96615,96,42200.0,91.5
639001,Karur,10.959895,78.07693499999999,96,39500.0,91.5
606803,Polur,12.509845,79.107865,96,38000.0,91.5
590014,Peeranwadi,15.76322,74.50662,96,62900.0,100.0
627113,Terkukallikulam,8.35029,77.68512,96,38300.0,91.5
586214,Talikoti,16.51218,76.32815,96,35200.0,100.0
203394,Jahangirabad,28.399755,78.11437000000001,96,52200.0,7.3
731233,Chandipur Tarapith,24.125595,87.77909500000001,96,45000.0,91.5
396135,Nargol,20.242635,72.76455,96,37000.0,91.5
627201,Manur,8.856675,77.62107499999999,96,39200.0,91.5
203398,Uncha Gaon,28.489715,78.200985,96,45100.0,7.3
442707,Ashti,19.6741,79.875235,96,35600.0,39.0
632314,Kunnathur Arni,12.72599,79.24151,96,36800.0,91.5
639008,Andankoil,10.99408,78.027445,96,41700.0,91.5
144630,Bopa Rai Kalan,31.1914,75.480725,96,38600.0,36.6
731133,Panchrahat,23.752975,87.315465,96,40900.0,91.5
632315,Onnupuram,12.704515,79.15843,96,36600.0,91.5
518344,Kavuthalam,15.76724,77.15713500000001,96,36400.0,91.5
630553,Madagupatti,9.99513,78.51029,96,34800.0,91.5
590015,Kanabargi,15.90972,74.59208000000001,96,61800.0,100.0
621704,Ariyalur,11.11078,79.091275,96,36300.0,91.5
733158,Atrai,25.326255,88.71336,96,43300.0,91.5
606751,Kalasapakkam,12.422575,79.117485,96,37700.0,91.5
335064,Dholipal,29.780565,74.20467,96,33900.0,91.5
484660,Chandia,23.54952,80.68005500000001,96,35400.0,45.7
148034,Ladda,30.31732,75.815465,96,38400.0,36.6
465116,Polai Kalan,23.252395,76.56447,96,40200.0,45.7
723154,Sirkabad,23.301435,86.256905,96,35200.0,91.5
504299,Sirpur,19.43352,79.69985,96,36100.0,7.3
147202,Bhadson,30.50093,76.19429,96,37600.0,36.6
172033,Nither,31.393,77.49168,96,40500.0,91.5
125101,Chautala,29.7988,74.554145,96,27200.0,11.0
814147,Pathergama,24.95872,87.31599,96,36000.0,65.2
630612,Pottapalayam,9.807455,78.18858,96,38300.0,91.5
639118,Velliyanai,10.831825,78.125585,96,38700.0,91.5
630558,Paganeri,9.960535,78.58549,96,34300.0,91.5
210120,Khurand R.S.,25.374695,80.49871999999999,96,36000.0,7.3
403410,Collem,15.352885,74.2442,96,55700.0,39.0
754223,Karilopatna,20.462245000000003,86.378,96,34600.0,91.5
630309,Pulidipatti,10.336515,78.435095,96,37200.0,91.5
624615,Kalayamputhur,10.42558,77.473165,96,39800.0,91.5
754134,Tyandakura,20.39472,86.274775,96,34900.0,91.5
754210,Danpur,20.453365,86.315805,96,34700.0,91.5
445204,Pusad,19.885535,77.652585,96,33700.0,39.0
413213,Mohol,17.79851,75.649475,96,34400.0,39.0
560083,Shanubhoganahalli,12.832393923205135,77.5713529668816,96,60400.0,83.5
604502,Malayur,12.468395,79.460425,96,39500.0,91.5
160022,Sector 22,30.726505,76.76827,96,66300.0,91.5
587301,Jamkhandi,16.542505,75.358745,96,53500.0,100.0
607803,Neyveli 3,11.615225,79.480705,96,46100.0,91.5
621729,Ariyalur Cement Factory,11.13871,79.110545,96,36500.0,91.5
517351,Burakayalakota,13.7622,78.35894,96,33100.0,91.5
481102,Bharveli,21.8611589,80.3237105,96,38900.0,45.7
742169,"Murshidabad, West Bengal · 742169",24.2904032,88.366432,96,42900.0,91.5
621710,Ponparappi,11.267005,79.22823,96,37200.0,91.5
142055,Nihal Singh Wala,30.577060000000003,75.29735,96,37400.0,36.6
515556,Amadagur,13.895535,78.04141999999999,96,33000.0,91.5
160017,Chandigarh G.P.O.,30.73997,76.782695,96,69100.0,91.5
627202,Ukkirankottai,8.920670000000001,77.61285000000001,96,39200.0,91.5
172026,Anni,31.477325,77.39486,96,39200.0,91.5
627011,Maharajangar,8.68026,77.784855,96,37800.0,91.5
361110,Aliabada,22.448105,70.232575,96,35400.0,91.5
160020,Sector 20,30.717665,76.776265,96,66000.0,91.5
124406,Kansala,28.88766,76.796495,96,43800.0,11.0
360520,Dhrafa,22.09767,70.169525,96,35500.0,91.5
396120,Khatalwada,20.239825,72.80748,96,37100.0,91.5
206243,Bidhuna,26.79282,79.54910000000001,96,37800.0,7.3
D857972,"Ganderbal, Jammu And Kashmir",34.2889322,75.0407983,96,34600.0,91.5
612001,Kumbakonam,10.962155,79.38369,96,37900.0,91.5
606807,Nedungunam,12.478115,79.39081,96,39400.0,91.5
D980667,"Uttar Bastar Kanker, Chhattisgarh",20.1286893,80.98453,96,37200.0,91.5
754224,Mahakalpara,20.412715,86.63839,96,34500.0,91.5
206129,Muradganj,26.4967,79.37991,96,37600.0,7.3
445205,Mahagaon,19.802195,77.717035,96,33800.0,39.0
754211,Kendrapara,20.50174,86.413275,96,34500.0,91.5
206122,Auraiya,26.45493,79.50632999999999,96,37700.0,7.3
754213,Marsaghai,20.41072,86.48873,96,34600.0,91.5
627002,Palayankottai,8.72419,77.74491,96,38200.0,91.5
361120,Dhuvav,22.471905,70.191265,96,35700.0,91.5
607308,Gandhi Nagar,11.62247,79.55533,96,45500.0,91.5
607801,Neyveli 1,11.59613,79.514235,96,45900.0,91.5
140118,Anand Pur Sahib,31.0917102,76.5289701,96,31800.0,36.6
606906,Vilvarani,12.4525,79.03584000000001,96,36600.0,91.5
606902,Devikapuram,12.446985,79.25667,96,38700.0,91.5
678102,Tattamangalam,10.67925,76.711545,96,46600.0,91.5
262203,Barkhera,28.45521,79.86075,96,39600.0,7.3
206252,Airwa Katra,26.880265,79.41038,96,37700.0,7.3
533001,Kakinada,16.952325000000002,82.23915,96,38800.0,91.5
533002,Jagannaickpur,16.934855,82.23839,96,39500.0,91.5
679587,Eramangalam,10.716975,75.9827,96,46000.0,91.5
502371,Nizampet,18.14722,77.859595,96,34400.0,7.3
679591,Kokkur,10.72714,76.05033,96,46000.0,91.5
612702,Darasuram,10.95542,79.35576,96,37300.0,91.5
518006,Balaji Nagar,15.840985,78.01903,96,36200.0,91.5
607303,Vadalur,11.559905,79.55243,96,45600.0,91.5
614807,Kodiakkarai,10.316925,79.83361,96,38900.0,91.5
614707,Ayakkarambalam Ii Sethi,10.35397,79.77458,96,38400.0,91.5
679577,Ponani,10.782945,75.94077,96,45300.0,91.5
679579,Veliankode,10.72,75.95129,96,45900.0,91.5
679341,Talekode,10.968855,76.32199,96,44200.0,91.5
533003,Engg.College,16.975745,82.251465,96,39000.0,91.5
679323,Pulamanthole,10.91941,76.18552,96,43900.0,91.5
533006,Indrapalem,16.972055,82.195515,96,39100.0,91.5
176092,Daroh,31.985145000000003,76.482355,96,38600.0,91.5
607805,Perperiyankuppam,11.661895,79.44096,96,45800.0,91.5
141126,Sri Bhaini Sahib,30.926285,76.105715,96,39000.0,36.6
754212,Sribaldevjew,20.475935,86.49491,96,34400.0,91.5
754214,Indupur,20.60381,86.38515000000001,96,34500.0,91.5
606104,Mangalam,11.60872,79.28515999999999,96,47300.0,91.5
470117,Khurai,24.01981,78.34645499999999,96,33300.0,45.7
500090,Nizampet,17.524054999999997,78.38825,96,29900.0,7.3
679357,Anamangad,10.93498,76.293865,96,44200.0,91.5
678552,Polpulli,10.721925,76.741045,96,46200.0,91.5
679578,Vattamkulam,10.79458,76.03101000000001,96,45200.0,91.5
679322,Perintalmanna,10.96877,76.255825,96,43900.0,91.5
679583,Ponani Nagaram,10.77892,75.91796,96,45400.0,91.5
620025,Hapf Township,10.692145,78.78996,96,34900.0,91.5
679571,Kuttippuram,10.859705,76.03338500000001,96,44400.0,91.5
679325,Pattikkad,11.03579,76.22888,96,43200.0,91.5
306703,Desuri,25.275065,73.571465,96,38700.0,91.5
307027,Sheoganj,25.1003,73.069525,96,39700.0,91.5
152031,Doda,30.362485,74.6508,96,33100.0,36.6
679582,Kaladi-MLP,10.816865,76.002955,96,44700.0,91.5
246727,Hassupura,29.118830000000003,78.45712499999999,96,35600.0,7.3
251305,Babri,29.48418,77.42535,96,32300.0,7.3
206246,Kanchausi Bazar,26.60078,79.64154,96,37600.0,7.3
679340,Cherukara,10.922035,76.23870500000001,96,44100.0,91.5
206249,Ruruganj,26.77198,79.42152999999999,96,37900.0,7.3
334604,Mahajan,28.85142,73.802615,96,37000.0,91.5
678553,Nallepilly,10.7195,76.78782000000001,96,45900.0,91.5
518001,Kurnool,15.828755,78.04997499999999,96,36200.0,91.5
533216,Mummidivaram,16.640435,82.11188000000001,96,38900.0,91.5
679584,Kanhiramukku,10.76361,75.96605500000001,96,45500.0,91.5
679334,Chungathara,11.41674,76.21922,96,41500.0,91.5
306022,Jojawar,25.51069,73.72,96,38400.0,91.5
142042,Dharamkot,30.95908,75.23396,96,34200.0,36.6
D959576,"Haveri, Karnataka · D959576",14.7180268,75.3656423,96,38900.0,91.5
484665,Manpur,23.725735,81.105265,96,35800.0,45.7
454116,Rajgarh,22.64736,74.87359000000001,96,48300.0,45.7
627003,Vannarpettai,8.734485,77.722385,96,38500.0,91.5
607807,"Block 29, Neyveli",11.582685,79.46592,96,46800.0,91.5
621311,Tharagampatti,10.617025,78.188665,96,38200.0,91.5
206248,Sahar,26.74911,79.601365,96,37700.0,7.3
673640,Vazhakkad,11.235,75.93252000000001,96,41100.0,91.5
673645,Cheruvayur,11.236245,75.98467500000001,96,41000.0,91.5
679321,Angadipuram,10.97018,76.164185,96,43300.0,91.5
782480,Bokajan,26.08722,93.781655,96,37300.0,91.5
679581,Marancheri,10.739775,75.97811,96,45800.0,91.5
284123,Barh,24.88397,78.59667,96,36200.0,7.3
678101,Chittur PG,10.683375,76.79685,96,46000.0,91.5
679338,Kolathur-MLP,10.94293,76.12367499999999,96,43500.0,91.5
502270,Jogipet,17.85238,77.988725,96,32300.0,7.3
307028,Posalia,25.168535,72.915335,96,39700.0,91.5
307043,Palri M,25.01538,72.92871,96,40400.0,91.5
533004,Gandhinagar,16.974335,82.22579,96,39000.0,91.5
176061,Palampur,32.14971,76.548355,96,37900.0,91.5
676542,Mampad,11.25215,76.17000999999999,96,41200.0,91.5
144020,Jamsher,31.232865,75.59639,96,38000.0,36.6
143112,Rayya,31.507240000000003,75.18929,96,36000.0,36.6
431501,Partur,19.671455,76.2773,96,59300.0,39.0
143205,Sathiala,31.60399,75.28205,96,35900.0,36.6
142037,Badhni Kalan,30.667035,75.30460500000001,96,37000.0,36.6
679580,Perumbadappu,10.70283,75.97946999999999,96,46100.0,91.5
533462,Karapa,16.90327,82.15275500000001,96,38900.0,91.5
678103,Thekkegramam,10.678845,76.753365,96,46400.0,91.5
679331,Edakkara-nilambur,11.381905,76.315185,96,42400.0,91.5
250344,Sarurpur Khurd,29.127865,77.50560999999999,96,28400.0,7.3
679326,Melattur,11.04244,76.28734499999999,96,43800.0,91.5
673311,New Mahe,11.71426,75.53246999999999,96,37600.0,91.5
612602,Natchar Koil,10.913905,79.45251999999999,96,38600.0,91.5
679572,Irimbiliyam,10.86011,76.08697000000001,96,44400.0,91.5
176211,Saliali,32.365405,75.88296,96,34200.0,91.5
176062,Auc Palampur,32.101910000000004,76.55029,96,38200.0,91.5
679339,Vaniyambalam,11.20002,76.264235,96,41700.0,91.5
242220,Allaganj,27.540735,79.69349,96,37600.0,7.3
754228,Patakura,20.40221,86.406395,96,34700.0,91.5
364330,Umrala,21.857660000000003,71.834705,96,36100.0,91.5
175101,Kullu,31.98196,77.11907500000001,96,38100.0,91.5
142039,Bilaspur,30.585005,75.354625,96,37900.0,36.6
140301,Kharar,30.74948,76.6464,96,46600.0,36.6
678581,Agali,11.11236,76.671435,96,46300.0,91.5
679585,Alankode,10.75149,76.020905,96,45700.0,91.5
679332,Pookkottumpadam,11.242095,76.355295,96,42700.0,91.5
678532,Pattancheri,10.64883,76.72528,96,46800.0,91.5
676553,Kadampuzha,10.94516,76.06791,96,43400.0,91.5
673312,Peringadi,11.710065,75.54518,96,37600.0,91.5
465691,Zeerapur,23.92452,76.367655,96,39900.0,45.7
627355,Munanjipatti,8.49234,77.794535,96,38200.0,91.5
243503,Faridpur,28.233035,79.58201,96,37200.0,7.3
243122,Izzat Nagar,28.437985,79.481295,96,36500.0,7.3
670331,Mottammal,11.983825,75.344185,96,37100.0,91.5
243004,ITBP Bareilly,28.281275,79.4094,96,36800.0,7.3
243005,Shamat Ganj,28.36337,79.43325999999999,96,36600.0,7.3
243006,R.K.University,28.370980000000003,79.46809,96,36700.0,7.3
175102,Bhutti,31.98505,77.029645,96,38400.0,91.5
782447,Lumding,25.67063,93.312375,96,37200.0,91.5
370001,Bhuj,23.48388,69.84824499999999,96,38700.0,91.5
670008,Alavil,11.892815,75.34565,96,37200.0,91.5
679586,Ponani South,10.75362,75.93133,96,45600.0,91.5
458118,Rampura,24.549840000000003,75.45457,96,38800.0,45.7
140117,Nurpur Bedi,31.153605,76.47097500000001,96,33800.0,36.6
133001,Ambala G.P.O.,30.34917,76.83452,96,37400.0,91.5
503305,Jukkal,18.321345,77.62513,96,38100.0,7.3
673313,Olavilam,11.70516,75.56119,96,37600.0,91.5
483334,Saroli Majhgawan,23.381675,80.28746,96,35400.0,45.7
676552,Valancheri,10.90622,76.063515,96,43900.0,91.5
504215,Luxettipet,18.92596,79.21475000000001,96,36300.0,7.3
583281,Hanamsagar,15.89725,76.02392499999999,96,35700.0,100.0
148017,Bhalwan,30.3523,75.955735,96,38500.0,36.6
754250,Thakurpatna,20.5494,86.396945,96,34500.0,91.5
563115,Beml Nagar,12.985885,78.23949999999999,96,50900.0,100.0
754289,Derabish,20.55147,86.30480499999999,96,34700.0,91.5
673639,Areacode,11.2347,76.06749,96,40900.0,91.5
678104,Chittur College,10.693375,76.725085,96,46500.0,91.5
431211,Kumbhar Pimpalgaon,19.343215,76.02638999999999,96,60800.0,39.0
143202,Baba Bakala,31.56761,75.259575,96,36000.0,36.6
678531,Peruvemba,10.70106,76.68994,96,46500.0,91.5
676522,Kolaparamba,11.09977,76.24974,96,43200.0,91.5
284406,Narahat,24.384985,78.51378,96,34400.0,7.3
676525,Kalikavu,11.176135,76.342145,96,42400.0,91.5
754244,Jampara,20.43744,86.41584,96,34600.0,91.5
465689,Chhapiheda,23.8739,76.45593500000001,96,38600.0,45.7
754246,Madanpur,20.58643,86.70713,96,34600.0,91.5
814156,Sarouni Bazar,24.73945,87.35676000000001,96,35900.0,65.2
322701,Bhagwatgarh,26.12147,76.25775,96,36900.0,91.5
563162,Deshihalli Bangarpet,13.01193,78.227935,96,50100.0,100.0
754253,Bedari,20.38413,86.4281,96,34600.0,91.5
679327,Tuvvur,11.138185,76.28312,96,41700.0,91.5
176502,Ghamroor,31.938995,75.99622,96,38000.0,91.5
144024,Kukar Pind,31.263475,75.6478,96,38000.0,36.6
143201,Beas,31.4968,75.25837,96,36400.0,36.6
518004,N R Peta KNL,15.85063,78.01434499999999,96,36200.0,91.5
533016,Turangi,16.917415,82.20002,96,39400.0,91.5
503306,Bichkunda,18.377755,77.736055,96,37300.0,7.3
676523,Karuvarakundu,11.14652,76.365195,96,42500.0,91.5
245201,Babugarh,28.70602,77.879615,96,35900.0,7.3
423208,Saundana,20.44246,74.43485000000001,96,37800.0,39.0
313903,Semari,24.065505,73.87532999999999,96,41300.0,91.5
465677,Suthalia,23.986735,77.10067,96,37200.0,45.7
591173,Yallammahill,15.74387,75.15634499999999,96,47500.0,100.0
172002,Arsu,31.542085,77.55548,96,40400.0,91.5
172023,Nirmand,31.443395,77.54523499999999,96,41300.0,91.5
415203,Mandangad,17.977705,73.20185000000001,96,43800.0,39.0
623401,Anandur,9.72497,78.792405,96,34400.0,91.5
679328,Wandoor,11.1969,76.218265,96,41300.0,91.5
370110,Anjar,23.106935,70.01139,96,36500.0,91.5
679329,Nilambur,11.29806,76.207885,96,41600.0,91.5
470442,Bandri,24.03594,78.63995,96,30600.0,45.7
583277,Kushtagi,15.725395,76.23190500000001,96,36900.0,100.0
782490,Bokajan C F,25.93942,93.74726,96,38500.0,91.5
143204,D.B.J.Singh,31.556725,75.335215,96,36800.0,36.6
504109,Kuntala,19.15403,78.109715,96,32100.0,7.3
173021,Majra,30.49635,77.53627,96,35300.0,91.5
145025,Malakpur,32.227305,75.55251999999999,96,34000.0,36.6
243123,P.A.C.Dso,28.33307,79.51501,96,37000.0,7.3
175134,Sainj,31.851695,77.53440499999999,96,37200.0,91.5
571811,Chunchanahalli,13.02009,76.74342,96,34300.0,100.0
413529,Wadwal Nagnath,18.57298,76.768035,96,34500.0,39.0
627353,Kizhanatham,8.753139999999998,77.74827,96,38000.0,91.5
422004,Meri Colony,20.09377,73.80626,96,34700.0,39.0
754153,Garadpur,20.38629,86.369715,96,34800.0,91.5
442603,Chamorshi,19.900265,79.96793,96,36800.0,39.0
148018,Bagrian,30.41238,76.014055,96,38600.0,36.6
679574,Mookkuthala,10.728025,76.00650999999999,96,45900.0,91.5
679575,Nannamukku,10.71387,76.01859999999999,96,46100.0,91.5
679576,Edapal,10.779445,75.99619,96,45400.0,91.5
243402,Ballia,28.225725,79.37412499999999,96,36700.0,7.3
563114,Bangarpet,13.00434,78.140365,96,52800.0,100.0
242407,Nigohi,28.11663,79.88202,96,38000.0,7.3
754245,Barpada,20.49469,86.67401000000001,96,34600.0,91.5
733126,Hili,25.284185,88.95906500000001,96,42700.0,91.5
518422,Atmakur,15.865185,78.57699500000001,96,35000.0,91.5
612303,Tirupirambiyam,11.005145,79.342525,96,37400.0,91.5
612401,Sakkottai,10.943365,79.403785,96,38000.0,91.5
571401,Mandya,12.52036,76.88329999999999,96,39100.0,100.0
322205,Piloda,26.614025,76.861075,96,35700.0,91.5
243302,Bisharatganj,28.33149,79.254055,96,36600.0,7.3
754225,Rajnagar,20.607425,86.8639,96,34800.0,91.5
110005,Karol Bagh,28.652945,77.19114,96,69300.0,53.0
136043,Pai,29.686145,76.53037,96,47900.0,91.5
586109,Bijapur Jalanagar,16.79593,75.71408,96,34500.0,100.0
586120,Korwar,16.72533,76.23427,96,34800.0,100.0
423301,Satana,20.633845,74.13031000000001,96,38200.0,39.0
754248,Iswarpur,20.708175,86.88798499999999,96,34800.0,91.5
607103,Kadambuliyur,11.685665,79.53723500000001,96,45200.0,91.5
465335,Jamner,23.30233,76.740095,96,40000.0,45.7
620015,National Institute of Technology,10.74349,78.8412,96,34700.0,91.5
591126,Saundatti,15.755125,75.12492,96,48100.0,100.0
591129,Yargatti,16.038345,75.006155,96,52300.0,100.0
591156,Bhutaramanahatti,15.985415,74.520655,96,62400.0,100.0
607205,Tiruthuraiyur,11.832305,79.55462,96,44300.0,91.5
624610,Balasamudram,10.396585,77.50082,96,40100.0,91.5
632311,Kannamangalam,12.744115,79.129465,96,36800.0,91.5
172025,Dalash,31.390245,77.439995,96,40000.0,91.5
148021,Ahmedgarh s.O,30.651365,75.807305,96,43800.0,36.6
533260,Velangi,16.86723,82.1104,96,38900.0,91.5
670009,Azhikode,11.924105,75.321515,96,37200.0,91.5
143203,Butala,31.611035,75.345,96,36500.0,36.6
151202,Jaitu,30.43359,74.82533000000001,96,32900.0,36.6
172114,Kaza,32.54595,78.06674000000001,96,38700.0,91.5
458775,Bhanpura,24.56903,75.70936,96,39500.0,45.7
624601,Palani,10.44995,77.526745,96,39600.0,91.5
635106,Chaparthi,12.402645,78.12815499999999,96,45700.0,91.5
500072,Kukatpally,17.502605,78.40884,96,31200.0,7.3
500074,L B Nagar,17.347275,78.553935,96,35300.0,7.3
241403,Sandi,27.261315000000003,79.94467499999999,96,36900.0,7.3
470223,Gaurjhamar,23.5479,78.91737499999999,96,30700.0,45.7
572224,Nonavinakere,13.116095,76.566115,96,34700.0,100.0
624614,Chatrapatti,10.50181,77.647025,96,39600.0,91.5
125037,Nalwa,28.976705,75.82877500000001,96,46300.0,11.0
172032,Chowai,31.470265,77.47999999999999,96,39800.0,91.5
175123,Banjar,31.621945,77.49652499999999,96,39400.0,91.5
175125,Bhuntar,31.887855,77.163445,96,38100.0,91.5
148024,Dhuri,30.383175,75.77914,96,39100.0,36.6
624621,Pappampatti,10.429695,77.370495,96,40400.0,91.5
175126,Shamshi,31.889245000000003,77.06887,96,38600.0,91.5
639136,Kagtithapuram,11.02038,77.990785,96,41800.0,91.5
627357,Sankarnagar,8.829180000000001,77.70636999999999,96,38300.0,91.5
210203,Bisanda,25.42072,80.64658,96,36500.0,7.3
626204,Ramasamy Raja Nagar,9.4459,77.96707,96,36500.0,91.5
362275,Sutrapada,20.818335,70.5584,96,33700.0,91.5
362310,Vadal,21.605815,70.508475,96,35400.0,91.5
415202,Latwan,17.952455,73.346145,96,43800.0,39.0
571403,Guthal Colony,12.49208,76.901455,96,39200.0,100.0
444511,Alegaon,20.35899,76.8446,96,39600.0,39.0
518442,Pamulapadu,15.82989,78.49357499999999,96,35000.0,91.5
630410,Ulagampatti,10.313675,78.46569,96,37100.0,91.5
243002,Air Force Station Bareilly,28.4172,79.44351,96,36200.0,7.3
243003,Bareilly City,28.36557,79.405175,96,36500.0,7.3
423213,Lakhamapur,20.53147,74.30718,96,38100.0,39.0
581210,Masur,14.324795,75.51621,96,40500.0,100.0
518345,Mantralaya,15.89868,77.44205,96,36000.0,91.5
144703,Nangal Ambian,31.05589,75.38128499999999,96,39000.0,36.6
607106,Panruti,11.759205,79.52858499999999,96,44600.0,91.5
626128,Thayilpatti,9.371035,77.811075,96,36500.0,91.5
604401,Anukkavoor,12.61146,79.560295,95,37200.0,91.5
123028,Nangal Sirohi,28.17422,76.13155499999999,95,50200.0,11.0
517432,Kolamasanapalle,13.1588,78.632135,95,35000.0,91.5
590006,Tilakwadi,15.838349999999998,74.47988000000001,95,61400.0,100.0
590008,Udyambag,15.81378,74.47765000000001,95,62200.0,100.0
470115,Jaruakheda,23.95342,78.5127,95,31000.0,45.7
627654,Pettaikulam,8.294525,77.79949500000001,95,37800.0,91.5
627657,Tisayanvillai,8.306895,77.84873,95,37600.0,91.5
590005,Belgaum M. Vadgaon,15.79617,74.531635,95,62000.0,100.0
627652,Ittamozhi,8.391355,77.8267,95,37700.0,91.5
606601,Tiruvannamalai,12.229605,79.07243,95,39400.0,91.5
606603,Sriramanashramam,12.222874999999998,79.046885,95,39400.0,91.5
144519,Kotfathui,31.281545,75.966745,95,39400.0,36.6
D466715,"Neemuch, Madhya Pradesh · D466715",24.6305517,75.1829,95,36900.0,91.5
D988234,"Rajsamand, Rajasthan · D988234",25.2892459,73.8241077,95,37500.0,91.5
322024,Khirni,26.2290186,76.3043561,95,36200.0,91.5
191132,"Badgam, Jammu And Kashmir",34.0016694,74.7936869,95,34400.0,91.5
787034,Gogamukh,27.407365,94.316055,95,34700.0,91.5
480884,Chhapara,22.41748,79.62246999999999,95,36900.0,45.7
627109,Panagudi,8.3127,77.60012499999999,95,37500.0,91.5
627104,Idindakarai,8.206479999999999,77.757845,95,37700.0,91.5
623531,Tirupalaikudi,9.5386,78.89964,95,33900.0,91.5
723103,Namopara,23.37294,86.311285,95,34700.0,91.5
639002,Sengunthapuram,10.928265,77.995635,95,39000.0,91.5
639003,Tirumanilaiyur,10.896965,78.03650999999999,95,38900.0,91.5
796320,S.Khawbung,23.16813,93.244295,95,35700.0,91.5
144040,Nakoder,31.126375000000003,75.44527500000001,95,38900.0,36.6
144041,Mehatpur,31.02862,75.426935,95,39200.0,36.6
144042,Shankar,31.15603,75.525285,95,38600.0,36.6
244245,Kundan Nagar,28.886485,78.475515,95,34700.0,7.3
110061,Bijwasan,28.538385,77.063835,95,72300.0,53.0
518349,Tungabhadra,15.888655,77.31362,95,36000.0,91.5
322219,Wazirpur,26.553675,76.87993,95,35600.0,91.5
151213,Harindra Nagar,30.684235,74.763935,95,32400.0,36.6
754239,Bhuinpur,20.682825,86.584625,95,34500.0,91.5
623525,Rajasingamangalam,9.60928,78.85263499999999,95,33900.0,91.5
754240,Dandisahi,20.622015,86.4761,95,34300.0,91.5
754227,Olavar,20.75284,86.63902999999999,95,34500.0,91.5
754231,Namouza,20.65265,86.69222500000001,95,34600.0,91.5
370115,New Dudhai,23.3003,70.07663500000001,95,35800.0,91.5
175104,Larenkelo,32.07495,77.212135,95,37700.0,91.5
140308,Sohana,30.678085,76.698835,95,43200.0,36.6
140406,Sirhind,30.607565,76.42493999999999,95,36700.0,36.6
140412,Bassi,30.71039,76.452225,95,37600.0,36.6
140108,Mian Pur,30.939525,76.608785,95,40800.0,36.6
140111,Bela,30.945965,76.40469999999999,95,38800.0,36.6
584167,Dhadesugur,15.651845,76.85081,95,36700.0,100.0
782481,Howraghat,26.112875000000003,93.063755,95,35200.0,91.5
782485,Donkamokam,25.923175,92.66422,95,35900.0,91.5
243401,Bhamora,28.226605,79.28887499999999,95,36500.0,7.3
243403,Iffcotownship,28.23539,79.24159,95,36200.0,7.3
504104,Narsapur,19.0522,78.11674,95,31400.0,7.3
144032,Samrai,31.205235,75.641775,95,38400.0,36.6
148019,Jitwal Kalan,30.60887,75.866755,95,42400.0,36.6
470441,Malthone,24.270065,78.601785,95,33000.0,45.7
470125,Jaisinagar,23.667205,78.562645,95,30000.0,45.7
209651,Mohamdabad,27.30946,79.45421,95,37700.0,7.3
444707,Nerpingalai,21.201685,77.98326,95,30500.0,39.0
444720,Brahmanwada Thadi,21.35633,77.788635,95,30500.0,39.0
444409,Asegaon,20.20917,77.30625,95,32000.0,39.0
444501,Patur,20.460975,76.85117,95,34000.0,39.0
324005,P.I.P. Kota,25.12433,75.846945,95,33100.0,91.5
500050,Chandanagar,17.499975,78.328885,95,28300.0,7.3
586101,Bijapur,16.8084044,75.7175058,95,34400.0,100.0
582112,Bellatti,15.033415,75.654755,95,38500.0,100.0
533461,Coringa,16.891005,82.28377,95,39000.0,91.5
612703,Patteeswaram,10.928415,79.352265,95,36800.0,91.5
533212,Katrenikona,16.57499,82.214005,95,39000.0,91.5
679333,Manimooly,11.36287,76.427435,95,44000.0,91.5
503302,Nizamsagar,18.20651,77.921235,95,34000.0,7.3
612605,Tiruchirai,10.88051,79.45994999999999,95,37800.0,91.5
782470,Dhansripar,25.86294,93.575005,95,37500.0,91.5
782139,Salana,26.452655,92.993505,95,34300.0,91.5
782441,Dokmaka,26.28002,93.32472,95,35500.0,91.5
782448,Kheroni,25.861915,92.88052,95,36000.0,91.5
796310,Khawzawl,23.486985,93.117405,95,35800.0,91.5
143533,Gharota,32.118875,75.56473500000001,95,33600.0,36.6
144002,Basti Guzan,31.33935,75.504875,95,35600.0,36.6
148023,Malerkotla,30.521745,75.92645,95,40100.0,36.6
735217,Kalchini,26.67994,89.460845,95,40900.0,91.5
630405,Nerkuppai,10.238995,78.58084500000001,95,36200.0,91.5
581123,Kumarapattanam,14.549875,75.74169499999999,95,41000.0,100.0
572114,Biligere,13.30947,76.636075,95,33900.0,100.0
571404,Acetate Town,12.54355,76.95482999999999,95,38500.0,100.0
733121,Buniadpur,25.456415,88.41737,95,43300.0,91.5
175130,Naggar,32.142275,77.240575,95,37600.0,91.5
175131,Manali,32.21413,77.154395,95,37500.0,91.5
755061,Govindpur Kutchery,20.6757,86.514785,95,34400.0,91.5
175143,Jagatsukh,32.26142,77.283485,95,37500.0,91.5
175128,Raison,32.050745000000006,77.09757,95,38000.0,91.5
607108,Puthupet,11.82437,79.51192,95,43500.0,91.5
472447,Teharka,25.29352,78.95792,95,38200.0,45.7
607101,Anathur,11.811595,79.46919,95,43400.0,91.5
518432,Brahmanakotkur,15.839285,78.195175,95,33600.0,91.5
518313,Kosigi,15.86126,77.25083000000001,95,36000.0,91.5
472442,Niwari,25.35871,78.832345,95,38000.0,45.7
754219,Aul,20.68101,86.64202,95,34500.0,91.5
754220,Rajkanika,20.698835,86.7295,95,34600.0,91.5
533262,Draksharamam,16.78337,82.08725,95,38500.0,91.5
431803,Islapur,19.34328,78.06816,95,32100.0,39.0
313026,Intali Khera,24.03544,73.94171,95,41000.0,91.5
782486,Hamren,25.74655,92.52339,95,36900.0,91.5
364510,Jesar,21.360675,71.68827999999999,95,34500.0,91.5
816108,Rajmahal,24.98582,87.86054,95,35900.0,65.2
816116,Tinpahar RS,24.995375,87.73939,95,35900.0,65.2
782460,Diphu,25.77394,93.48849,95,37300.0,91.5
243506,Fateh Ganj,28.127455,79.58658,95,36600.0,7.3
583278,Dotihal,15.86203,76.25610499999999,95,36700.0,100.0
583279,Tavargera,15.794615,76.37881,95,36800.0,100.0
563101,Kolar,13.16079,78.091675,95,50000.0,100.0
503187,Banswada,18.369585,77.92131,95,35200.0,7.3
415214,Panderi,18.046305,73.239215,95,45400.0,39.0
458558,Nahargarh,24.1518,75.31560999999999,95,37400.0,45.7
151203,Faridkot,30.671255,74.729525,95,32400.0,36.6
465661,Rajgarh,24.00611,76.76469499999999,95,37400.0,45.7
458771,Gandhi Sagar,24.676815,75.62619000000001,95,39300.0,45.7
465674,Biaora,23.929375,76.9567,95,37500.0,45.7
465441,Agar Malwa,23.727465,76.009525,95,40400.0,45.7
151212,Sadiq,30.727895,74.58714499999999,95,33100.0,36.6
591248,Aigali,16.780305,75.203555,95,53500.0,100.0
173022,Dadahu,30.59252,77.469065,95,33500.0,91.5
173024,Sarahan,30.716435,77.16146499999999,95,39900.0,91.5
362140,Akolvadi,21.016615,70.78037499999999,95,33500.0,91.5
624613,Ayakudi,10.48153,77.56514,95,39400.0,91.5
816101,Barharwa,24.87558,87.822375,95,35700.0,65.2
624712,Markkampatti,10.635515,77.76852,95,38400.0,91.5
639203,Isanatham,10.70641,77.98040499999999,95,38100.0,91.5
140114,Bharatgarh,31.12794,76.59951000000001,95,36700.0,36.6
324009,Dadabari Kota,25.157035,75.827315,95,32700.0,91.5
325202,Anta,25.1006,76.27406500000001,95,37700.0,91.5
581145,Chalageri,14.563665,75.72724,95,40700.0,100.0
582118,Mundargi,15.09363,75.817125,95,38500.0,100.0
630551,Kalayarkoil,9.81633,78.65899,95,33400.0,91.5
630562,Sivaganga Collectorate,9.80909,78.44986,95,34000.0,91.5
176316,Bhanjraru-Tissa,32.91705,76.20745,95,35000.0,91.5
173026,Kw Bhood,30.608365,77.20453,95,39000.0,91.5
627352,Gangaikondan,8.86372,77.75915,95,37400.0,91.5
160062,Chandigarh Sector 62,30.689,76.73675,95,46700.0,91.5
175129,Katrain,32.138205,77.0543,95,37800.0,91.5
630566,Eriyur,10.0438,78.50992500000001,95,34900.0,91.5
581116,Rattihalli,14.40563,75.516095,95,40000.0,100.0
148022,Amargarh,30.491095,76.004705,95,39100.0,36.6
723143,Rangadih,23.09028,86.18026,95,34600.0,91.5
141127,Koom Kalan,30.943625,76.078435,95,38900.0,36.6
140101,Morinda,30.797395,76.5001,95,40800.0,36.6
606905,Santhavasal,12.667315,79.115175,95,36300.0,91.5
606604,Vengikkal,12.279855,79.05429000000001,95,38700.0,91.5
606611,Somasipadi,12.246095,79.140895,95,39300.0,91.5
604409,Valkadai,12.631145,79.468175,95,36900.0,91.5
604501,Desur,12.41942,79.48518,95,39000.0,91.5
145101,Mirthal,32.144940000000005,75.63244499999999,95,33400.0,36.6
146022,Piplanwala,31.50055,75.83466,95,35900.0,36.6
396150,Sanjan,20.21257,72.82388,95,36900.0,91.5
630552,Kilapungudi,9.93825,78.434815,95,34900.0,91.5
733127,Tapan,25.270835,88.591845,95,43300.0,91.5
146108,Sarhala Kalan,31.312295,75.93727,95,39300.0,36.6
360311,Gondal,22.02492,70.80846500000001,95,34700.0,91.5
632301,Arni,12.67033,79.27856,95,36500.0,91.5
144633,Sarhali,31.178765,75.67284000000001,95,38500.0,36.6
612402,Tippirajapuram,10.91585,79.408335,95,37600.0,91.5
364145,Thaliya,21.338135,71.843205,95,34600.0,91.5
470221,Surkhi,23.59187,78.83068,95,29500.0,45.7
176319,Pukhri,32.687235,76.16552999999999,95,35400.0,91.5
176320,Salooni,32.81537,75.96972,95,34700.0,91.5
465230,Kanad,23.668355,76.1961,95,41500.0,45.7
635204,Nagarasampatti,12.391205,78.291825,95,37300.0,91.5
635112,Kaveripattinam,12.40238,78.21536,95,46000.0,91.5
731124,Hetampur Rajbati,23.723195,87.43903,95,40900.0,91.5
731132,Md.Bazar Town Ship,24.04081,87.624475,95,45400.0,91.5
242001,Shahjahanpur,27.94228,79.948455,95,37600.0,7.3
572212,Banasandra,13.2242,76.611875,95,33900.0,100.0
144403,Ranipur,31.29029,75.74137,95,38300.0,36.6
791103,Hill Top,28.097735,95.395685,95,34300.0,91.5
500032,Manuu,17.42964,78.347355,95,28200.0,7.3
142041,Bhinder,30.89059,75.302765,95,38000.0,36.6
142053,Dhudike,30.77233,75.32796,95,36600.0,36.6
176055,Thill,31.942065,76.38332,95,37800.0,91.5
176202,Nurpur,32.325554999999994,75.88530499999999,95,33400.0,91.5
176203,Ladori,32.36116,75.945355,95,33400.0,91.5
612904,Thathampettai Palur,11.091575,79.34596,95,34800.0,91.5
754218,Batipada,20.640385,86.548775,95,34300.0,91.5
754222,Chaudakulat,20.583075,86.475125,95,34300.0,91.5
206241,Achhalda,26.700425000000003,79.411125,95,37200.0,7.3
621713,Rajajinagar,11.173705,79.0626,95,36500.0,91.5
403731,Cavelossim,15.176485,73.94899000000001,95,60900.0,39.0
403701,Assolna,15.18176,73.96939,95,60100.0,39.0
621115,Valikondapuram,11.2902641,78.9300404,95,35100.0,91.5
151204,Kotkapura,30.54936,74.82263499999999,95,32100.0,36.6
151207,Panj Grain Kalan,30.637365000000003,74.918775,95,32500.0,36.6
151208,Bargari,30.51783,74.976085,95,32900.0,36.6
762015,Bounsoni,20.7555,84.076655,95,34900.0,91.5
141110,Hambran,30.927735,75.65214,95,41300.0,36.6
141120,Sanehwal,30.834925,75.97788,95,41900.0,36.6
140103,Kurali,30.83178,76.55540500000001,95,42000.0,36.6
627111,Radhapuram,8.25867,77.72168500000001,95,37800.0,91.5
627112,Samugarengapuram,8.322285,77.73083,95,38000.0,91.5
627359,Rajavallipuram,8.793579999999999,77.76580000000001,95,37500.0,91.5
626131,Vembakottai,9.347025,77.770505,95,36400.0,91.5
626203,Sattur,9.353115,77.90705500000001,95,36000.0,91.5
572227,Turuvekere,13.135815,76.666245,95,34100.0,100.0
403726,Zuarinagar,15.381075,73.88527500000001,95,62200.0,39.0
606808,Kattampoondi,12.14267,79.0891,95,40300.0,91.5
144601,Kapurthala,31.3856476,75.3053304,95,39200.0,36.6
560060,560060,12.945006535817749,77.46365520866972,95,35200.0,5.5
160018,Sector 18 (Chandigarh),30.729844,76.7841457,95,76500.0,91.5
591124,Sambra,15.865655,74.578805,95,61300.0,100.0
572132,Madhugiri,13.69642,77.23185000000001,95,32600.0,100.0
160055,Chandigarh Sector 55,30.729935,76.7029,95,49700.0,91.5
160059,Chandigarh Sector 59,30.714115,76.72058,95,50200.0,91.5
362030,Ranpur,21.571315,70.63585,95,35000.0,91.5
140001,Ropar,30.962085,76.528505,95,38900.0,36.6
632316,Chevur,12.63387,79.30025499999999,95,36400.0,91.5
632317,Sathiyaviziyanagaram,12.695915,79.316415,95,36800.0,91.5
731234,Sainthia,23.92273,87.70686,95,44200.0,91.5
731245,Dakshingram,24.050870000000003,87.84174,95,44300.0,91.5
144527,Garhshanker,31.206205,76.15731500000001,95,38700.0,36.6
403710,Cortalim,15.399045,73.90772000000001,95,61800.0,39.0
606302,Nallur,11.521735,79.19987,95,45100.0,91.5
206251,Bela,26.844375,79.65555499999999,95,37400.0,7.3
636810,Pennagaram,12.086765,77.8331,95,43800.0,91.5
144301,Alawalpur,31.435265,75.63039,95,36400.0,36.6
206244,Dibiapur,26.619915,79.603155,95,37300.0,7.3
206247,Phaphund,26.58269,79.45688,95,37200.0,7.3
500062,Ecil,17.467115,78.57002,95,33900.0,7.3
480881,Khawasa,21.75821,79.46670499999999,95,51900.0,45.7
480882,Bandol,22.312795,79.51212000000001,95,36900.0,45.7
413306,Mahud,17.565620000000003,75.05981,95,52600.0,39.0
413101,Akluj,17.901965,74.97128000000001,95,50800.0,39.0
144102,Adampur Doaba,31.41347,75.711825,95,36200.0,36.6
144103,Adampur AD,31.428705,75.7518,95,36200.0,36.6
606804,Tandarai,12.13596,79.16523000000001,95,40300.0,91.5
606805,Turinjapuram,12.31366,79.07498000000001,95,38400.0,91.5
606752,Mangalam,12.324825,79.16907,95,38800.0,91.5
606753,Vanapuram,12.1186,79.008455,95,40600.0,91.5
500046,CUC,17.450834999999998,78.32338,95,28100.0,7.3
484661,Umaria,23.515285,80.83284,95,35400.0,45.7
403702,Canacona,14.999335,74.10242,95,51500.0,39.0
210422,Jaria,25.815715,79.574015,95,30800.0,7.3
209739,Jahanganj,27.24545,79.548505,95,37500.0,7.3
413410,Manegaon,17.970260000000003,75.66083499999999,95,34700.0,39.0
413411,K.V.Nagar Barshi,18.2321,75.66489,95,34900.0,39.0
209724,Kamalganj,27.231,79.645725,95,37300.0,7.3
176201,Jassur,32.28909,75.812585,95,33600.0,91.5
175136,Haripur,32.149405,77.18919,95,37600.0,91.5
604406,Tellar,12.402085,79.58248,95,39100.0,91.5
176025,Dhameta,32.00974,75.967275,95,37300.0,91.5
604504,Tirumani,12.60627,79.36405500000001,95,36300.0,91.5
630313,Sembanur,10.001615,78.610875,95,34200.0,91.5
177106,Dadasiba,31.92469,76.069755,95,37900.0,91.5
470118,Khimlasa,24.20105,78.360165,95,33200.0,45.7
500091,Hydershahkote,17.36244,78.37778,95,32000.0,7.3
503122,Yellareddy,18.214585,78.01167,95,33500.0,7.3
502290,Regode,17.969785,77.839425,95,31600.0,7.3
246734,Noorpur,29.122325,78.354925,95,34500.0,7.3
160071,Chandigarh Sector 71,30.703445,76.709735,95,47700.0,91.5
152112,Ram Nagar,30.310375,74.46569,95,31700.0,36.6
251301,Alipur Kheri,29.506590000000003,77.49592,95,27900.0,7.3
679330,Nilambur RS,11.28733,76.362745,95,42900.0,91.5
582210,Shigli,15.03896,75.53065,95,38300.0,100.0
132022,Kunjpura,29.71753,77.103105,95,36900.0,91.5
140112,Chamkaur Sahib,30.878725,76.39674,95,39300.0,36.6
140113,Ghanauli,31.03191,76.578485,95,37400.0,36.6
284501,Rajghat Dam Project,24.782245,78.27955,95,35500.0,7.3
311604,Mandalgarh,25.22178,75.058595,95,32100.0,91.5
144043,Sarih,31.13696,75.54860500000001,95,38700.0,36.6
144044,Sidhwan R.S.,31.08561,75.50871000000001,95,39000.0,36.6
144101,Patara,31.31936,75.67907,95,36000.0,36.6
431214,Ramnagar,19.779505,76.121735,95,60400.0,39.0
583233,Munirabad,15.28613,76.32659,95,37100.0,100.0
782462,Diphu Govt.College,25.83912,93.42172,95,37100.0,91.5
142040,Butter,30.727555,75.233575,95,35400.0,36.6
560015,Jalahalli West,13.05531,77.52526499999999,95,56700.0,100.0
144008,Grain Market,31.379685,75.57267999999999,95,36400.0,36.6
144025,Jandu Singha,31.37974,75.647075,95,36200.0,36.6
244222,Joya,28.81167,78.4658,95,34500.0,7.3
144033,Jandiala,31.178065,75.58568500000001,95,38500.0,36.6
301404,Khairthal,27.761825,76.621015,95,41900.0,91.5
284405,Mahroni,24.556025,78.731,95,34500.0,7.3
445301,Ghatanji,20.121275,78.31347,95,33700.0,39.0
142011,Dala,30.78381,75.23318,95,35000.0,36.6
612301,Pullabudangudi,10.99578,79.312325,95,36900.0,91.5
606903,Kalambur,12.63331,79.211495,95,36200.0,91.5
144306,Bhangala,32.03333,75.630465,95,34600.0,36.6
636903,Harur,11.967715,78.53109,95,39100.0,91.5
144104,Daroli Kalan,31.40744,75.76974,95,36100.0,36.6
144106,Adda Kathar,31.473635,75.75201999999999,95,36300.0,36.6
754216,Jaria,20.51405,86.58977999999999,95,34300.0,91.5
754217,Alba,20.55446,86.64656,95,34500.0,91.5
481331,Waraseoni,21.749595,80.091825,94,41800.0,45.7
480886,Lakhnadon,22.562945,79.63230999999999,94,36100.0,45.7
445306,Parwa,19.95483,78.321555,94,33300.0,39.0
142054,Kokri Kalan,30.837035,75.316985,94,36500.0,36.6
445103,Arni,20.00291,77.97112999999999,94,32400.0,39.0
445323,Mohda,20.23554,78.48991000000001,94,33600.0,39.0
636811,Perumbalai,11.983145,77.95770999999999,94,43900.0,91.5
623537,Pottagavayal,9.540485,78.864155,94,33700.0,91.5
742406,Basantpur,24.05652,88.546405,94,42200.0,91.5
504306,Dilawarpur,19.08796,78.235335,94,31400.0,7.3
504295,Wankidi,19.511845,79.3578,94,35000.0,7.3
572175,Puravara,13.686305,77.310235,94,32200.0,100.0
572214,Chikkanayakana Halli,13.40864,76.666375,94,33200.0,100.0
572215,Dandinashivara,13.21714,76.72838,94,33300.0,100.0
481226,Hatta,21.72459,80.34116499999999,94,41200.0,45.7
792121,Jairampur,27.32645,96.020495,94,32900.0,91.5
444507,Ansing,20.019715,77.283445,94,31900.0,39.0
362315,Choki,21.64829,70.5318,94,34800.0,91.5
152117,Balluana,30.166045,74.30575999999999,94,29100.0,36.6
627351,Burkitmanagaram,8.769605,77.82992999999999,94,36400.0,91.5
144030,Padhiana,31.3935,75.794485,94,36100.0,36.6
504206,Dandepalli,19.028985,79.187795,94,34700.0,7.3
636902,Eachambadi,12.16751,78.51604,94,36300.0,91.5
504272,Tandur,19.148165,79.467,94,34700.0,7.3
243301,Aonla,28.267695,79.161265,94,36100.0,7.3
363660,Dahisara,22.95282,70.611965,94,34800.0,91.5
362710,Ghantvad,20.89901,70.760755,94,32300.0,91.5
416116,Ganganagar Ichalkaranji,16.712955,74.445715,94,40200.0,39.0
639205,Pallapatti,10.674,77.87213,94,39200.0,91.5
639206,Tennilai,10.93818,77.817285,94,47100.0,91.5
572221,Mayasandra,13.076995,76.747825,94,33500.0,100.0
396171,Umargam I.E.,20.17217,72.78309999999999,94,36500.0,91.5
148020,Sandhaur,30.55858,75.75459000000001,94,40900.0,36.6
384151,Sidhpur,23.932335,72.35963,94,50600.0,91.5
582120,Shiratti,15.21183,75.65075,94,37600.0,100.0
582203,Holealur,15.77085,75.63197500000001,94,35100.0,100.0
133005,Babyal,30.355755,76.892325,94,34600.0,91.5
533263,Dangeru,16.73557,82.10469499999999,94,38400.0,91.5
262201,Bisalpur,28.32142,79.878135,94,37900.0,7.3
582211,Sudi,15.77602,75.85072500000001,94,35100.0,100.0
242127,R B Kalan,27.749995,79.45025000000001,94,36300.0,7.3
326516,Gangdhar,23.914615,75.652005,94,39800.0,91.5
571421,Halagur,12.389105,77.255425,94,38900.0,100.0
639109,Moolapatti,10.826205,77.99136999999999,94,38400.0,91.5
639111,Paramathi,10.96425,77.91517999999999,94,40700.0,91.5
470669,Shahpur Magrone,23.898715000000003,79.05385000000001,94,29400.0,45.7
176028,Haripur,31.951345,76.138255,94,36800.0,91.5
470880,Tendukheda,23.40327,79.41966,94,32100.0,45.7
148025,Sherpur,30.444955,75.684195,94,39000.0,36.6
581211,Medleri,14.690125,75.753235,94,39500.0,100.0
364280,Motakhuntavada,21.223475,71.633515,94,33800.0,91.5
147301,Mandigobindgarh,30.657035,76.261765,94,34900.0,36.6
360070,Mengni,22.067905,70.63534,94,34500.0,91.5
458667,Dalauda,23.93254,75.063085,94,37600.0,45.7
470021,Bamora,23.86094,78.922505,94,27900.0,45.7
470051,Bilahra Raja,23.6654,78.73662999999999,94,27700.0,45.7
816105,Kotalpokhar,24.73279,87.83073999999999,94,35400.0,65.2
244251,Nawgawan,28.98706,78.44129,94,34400.0,7.3
591244,Yaksamba,16.536189999999998,74.60933,94,55500.0,100.0
206250,Harchandpur,26.707605,79.50813500000001,94,36800.0,7.3
334801,Deshnoke,27.73937,73.40858499999999,94,31300.0,91.5
144223,Kamahi Devi,31.86476,75.814335,94,34400.0,36.6
144623,Kala Sanghian,31.226345,75.43429,94,34700.0,36.6
322029,Kundera,26.09757,76.52995,94,31000.0,91.5
431750,Malegaon,19.2878,77.296475,94,30200.0,39.0
313027,Salumber,24.17941,74.08707000000001,94,39300.0,91.5
431716,Jamb B K,18.67328,77.239295,94,30600.0,39.0
284124,Jakhaura,24.88369,78.31173000000001,94,35100.0,7.3
284126,Talbehat,25.06233,78.472325,94,34700.0,7.3
502303,Papannapet,18.045325,78.04840999999999,94,32200.0,7.3
606304,Veppur,11.52518,79.12036,94,42600.0,91.5
132036,Jundla,29.63079,76.84376,94,38500.0,91.5
132037,Madhuban,29.635985,77.023155,94,38300.0,91.5
131024,Juan,29.07064,76.90224,94,35100.0,91.5
782450,Baithalangsho,26.014175,92.603165,94,34700.0,91.5
246726,Haldaur,29.275225,78.28499500000001,94,33500.0,7.3
591344,Khangaon,16.069845,74.83739,94,52800.0,100.0
502293,Singoor Project,17.73923,77.987325,94,30000.0,7.3
247775,Kandhala,29.338235,77.27694,94,33800.0,7.3
140119,Takhatgarh,31.0731,76.49224000000001,94,34500.0,36.6
582113,Dambal,15.285445,75.842015,94,37500.0,100.0
582114,Gajendragad,15.71056,75.93616499999999,94,35400.0,100.0
370203,Udaynagar,23.070905000000003,70.11851999999999,94,35300.0,91.5
146111,Purhiran,31.47011,75.860965,94,35900.0,36.6
458113,Mahagarh,24.37967,75.2324,94,37000.0,45.7
132001,Karnal,29.687765,76.98305500000001,94,37100.0,91.5
132023,S.S. Kunjpura,29.733485,77.064395,94,36300.0,91.5
144213,Bhanowal,31.7973,75.83812499999999,94,34800.0,36.6
606811,Thachampattu,12.07059,79.073395,94,40300.0,91.5
742408,Sargachi Ashram,24.023015,88.2495,94,42400.0,91.5
626112,Palayampatti,9.48036,78.070225,94,35000.0,91.5
125044,Satroad Khurd,29.111135,75.83763,94,39600.0,11.0
627105,Kavalkinaru,8.265460000000001,77.581525,94,36900.0,91.5
627106,Kudankulam,8.199735,77.7102,94,37600.0,91.5
209503,Shamsabad,27.54132,79.432985,94,37100.0,7.3
503301,Mirzapur,18.45313,77.90343999999999,94,34700.0,7.3
301714,Bhojpuri,27.965328583377616,76.4707946777344,94,30700.0,59.1
515201,Hindupur,13.82725,77.499955,94,32100.0,91.5
515202,Muddireddypalli,13.82391,77.52953500000001,94,32000.0,91.5
515211,Kirikera,13.75075,77.50072,94,32000.0,91.5
787035,Gerukamukh,27.548445,94.325885,94,33700.0,91.5
242307,Tilhar,27.9128583,79.7476254,94,35700.0,7.3
504218,Devapur Cement Works,19.05452,79.36519,94,34900.0,7.3
243001,Bareilly,28.4582345,79.4047452,94,34800.0,7.3
743438,"Hugli, West Bengal",22.7483803,88.7425195,94,39600.0,91.5
560004,Rajajinagar,12.9952,77.55,94,57800.0,87.8
389175,Sanjeli,23.0,74.0,94,49300.0,91.5
D146661,"Rajouri, Jammu And Kashmir",33.2663678,74.343847,94,34700.0,91.5
D697137,"Kaithal, Haryana · D697137",29.8536764,76.4684323,94,42600.0,91.5
627114,Terkukarungulam,8.195654999999999,77.597435,94,37000.0,91.5
396170,Umargam,20.172795,72.771825,94,36500.0,91.5
403704,Sanguem,15.1745,74.22146000000001,94,52200.0,39.0
209505,Kampil,27.645555,79.204905,94,39400.0,7.3
209601,Fatehgarh,27.347725,79.67022499999999,94,36700.0,7.3
209602,Central Jail,27.321015000000003,79.56314,94,37100.0,7.3
572124,Ittakadibbanahalli,13.79313,77.29851,94,32300.0,100.0
403706,Curchorem,15.29732,74.121545,94,59600.0,39.0
144311,Dhesian Kahna,31.15257,75.69648000000001,94,38600.0,36.6
D944990,"Chittaurgarh, Rajasthan",24.5,74.5,94,32200.0,91.5
176401,Indora,32.12218,75.7341,94,33200.0,91.5
623402,Chinnakeeramangalam,9.787335,78.87393,94,33100.0,91.5
630559,Periakottai,9.796465,78.40728,94,34100.0,91.5
581111,Hirekerur,14.444565,75.401295,94,38700.0,100.0
582207,Nargund,15.747995,75.44468,94,39200.0,100.0
735214,Hamiltonganj,26.65478,89.415835,94,40100.0,91.5
147007,New Lal Bagh Colony,30.264415,76.34810999999999,94,34800.0,36.6
144221,Hajipur,31.950445,75.72766,94,34500.0,36.6
144222,Datarpur,31.935785,75.81396000000001,94,34300.0,36.6
515212,Hindupur Sevamandir,13.859325,77.49803,94,32100.0,91.5
515231,Gorantla,14.02026,77.81303,94,32600.0,91.5
476229,Sabalgarh,26.21841,77.435575,94,27800.0,45.7
515601,Kodikonda,13.8701,77.77073,94,32100.0,91.5
396165,Solsumba,20.153195,72.790625,94,36400.0,91.5
144034,Bundala,31.13519,75.64378500000001,94,38800.0,36.6
251003,Industrial Estate,29.42279,77.71786499999999,94,36100.0,7.3
502302,Tekmal,17.962004999999998,78.01737,94,32300.0,7.3
313604,Kanore,24.32563,74.26230000000001,94,37400.0,91.5
313704,Sayra,24.94051,73.4,94,38100.0,91.5
796290,Ngopa,23.93764,93.217305,94,37600.0,91.5
322030,Malrna Chaur,26.362095,76.35099,94,36300.0,91.5
503188,Rudrur,18.57103,77.88128499999999,94,35800.0,7.3
636905,Pappireddipatti,11.873955,78.39934,94,39900.0,91.5
431207,Ranjani,19.66766,76.059985,94,59200.0,39.0
144028,Chitti,31.245055,75.48261,94,35400.0,36.6
561210,Hossur,13.588225,77.434545,94,32200.0,100.0
560077,Dr. Shivarama Karanth Nagar,13.073865,77.65984,94,52900.0,100.0
560082,Udaypura,12.82527,77.51237499999999,94,60000.0,100.0
110031,Gandhi Nagar,28.65674,77.26472,94,66300.0,53.0
144039,Nurmahal,31.058875,75.583535,94,39100.0,36.6
284404,Madawra,24.32676,78.82033000000001,94,31800.0,7.3
242221,Jalalabad,27.726725,79.600705,94,36200.0,7.3
125006,Hisar Cantt,29.075045000000003,75.81966499999999,94,40600.0,11.0
470120,Sihora,23.789645,78.5758,94,28800.0,45.7
470228,Dhana,23.729645,78.91867500000001,94,27900.0,45.7
465226,Barodia Kumaria,23.643395,76.353265,94,40600.0,45.7
591143,Kadoli,15.9524,74.476875,94,62200.0,100.0
742133,Beldanga,23.95113,88.28830500000001,94,42200.0,91.5
591101,Ankalgi,16.02733,74.73264499999999,94,54000.0,100.0
458895,Degaon Mali,24.0001,75.19173,94,37500.0,45.7
125005,Modle Town Hisar,29.09905,75.82821000000001,94,39900.0,11.0
209501,Nawabganj,27.436505,79.38086,94,37400.0,7.3
481222,Lanji,21.46503,80.586705,94,43000.0,45.7
742405,Satui,23.97101,88.174455,94,42400.0,91.5
816102,Barhait,24.883515,87.55185,94,35500.0,65.2
792120,Changlang,27.13248,95.818275,94,31500.0,91.5
572133,Medigeshi,13.847275,77.20625000000001,94,32500.0,100.0
571450,Keelara,12.607875,76.94886,94,37900.0,100.0
591302,Khanapur,15.610795,74.427385,94,56100.0,100.0
176102,Maranda,32.072835,76.50444999999999,94,37100.0,91.5
606908,Kadaladi,12.418805,78.972735,94,35000.0,91.5
141112,Kohara,30.887485,76.02188000000001,94,39600.0,36.6
590011,Hindawadi,15.83636,74.511485,94,60600.0,100.0
742175,Sabdarnagar,23.93283,88.38073,94,42100.0,91.5
D408343,"Ramban, Jammu And Kashmir",33.3332892,75.1984763,94,34200.0,91.5
151210,Alamwala,30.256365,74.36034000000001,94,31200.0,36.6
480888,Dhuma,22.79322,79.724355,94,35400.0,45.7
636352,Thoppur,11.94185,78.04095,94,43700.0,91.5
731121,Abinashpur,23.75879,87.56658,94,41500.0,91.5
733140,Rampur,25.380465,88.64523,94,43300.0,91.5
388270,Vardhari,23.109165,73.46338,94,53700.0,91.5
457555,Bajna,23.33907,74.66508999999999,94,42800.0,45.7
742134,Bhabta,24.00099,88.268955,94,42400.0,91.5
604601,Kilpennathur,12.266575,79.231425,94,39200.0,91.5
621722,Viragalur,10.905205,79.01214,94,31900.0,91.5
394710,Ahwadangs,20.75,73.75,94,39100.0,91.5
110016,Hauz Khas,28.549,77.2,94,56400.0,100.0
301708,Nangli Balai,28.1455087635578,76.4707946777344,94,30900.0,0.0
335524,Rawatsar,29.26825,74.418385,94,31800.0,91.5
244221,Amroha,28.8650459,78.4696233,94,34100.0,91.5
470113,Bina,24.26866,78.19831500000001,94,34200.0,45.7
D521581,"Bhadrak, Odisha · D521581",20.9854052,86.5934226,94,34300.0,91.5
D417644,"Dungarpur, Rajasthan · D417644",23.6723053,73.8166419,94,48800.0,91.5
143419,Khem Karan,31.192715,74.59984,94,32200.0,36.6
614714,Takattur,10.358425,79.680635,94,37400.0,91.5
176083,Bhawarna,32.034465,76.489945,94,37100.0,91.5
176084,Noura,31.969555,76.425185,94,37400.0,91.5
176204,Gangtha,32.21365,75.79362,94,33200.0,91.5
140307,Landran,30.66465,76.637385,94,42600.0,36.6
626101,Aruppukottai,9.510305,78.09095500000001,94,35000.0,91.5
361230,Balachadi,22.582885,70.21970999999999,94,34900.0,91.5
175103,Bahang,32.31827,77.14738,94,37300.0,91.5
364295,Bhadrod,21.205415,71.84063,94,34000.0,91.5
623514,Devipattinam,9.483545,78.87997,94,33700.0,91.5
816110,Pathna,24.82777,87.70179999999999,94,35500.0,65.2
584140,Gunjahalli,16.001645,77.414105,94,35500.0,100.0
782482,Bakalighat,25.971465,93.23367,94,35900.0,91.5
584128,Sindhanur,15.733,76.78977,94,36300.0,100.0
441304,Narkher,21.45876,78.52521,94,44100.0,39.0
518333,Halvi,15.87668,77.10772,94,35900.0,91.5
362715,Ambujanagar,20.83557,70.68644499999999,94,32500.0,91.5
627116,Vadakangulam,8.24191,77.62197,94,37300.0,91.5
627651,Idayangudi,8.29664,77.909175,94,37200.0,91.5
742166,Hariharpara,24.050425,88.43846500000001,94,42300.0,91.5
591115,Kittur,15.607824999999998,74.76948,94,51100.0,100.0
591233,Mamadapur,16.13258,74.935895,94,51800.0,100.0
591111,Hosur,15.81311,74.98868999999999,94,48900.0,100.0
591303,Ainapur,16.67334,74.928235,94,55600.0,100.0
606901,Adamangalam,12.466805,78.9816,94,34900.0,91.5
612302,Swamimalai,10.95275,79.334045,94,36700.0,91.5
606754,Vettavalam,12.10532,79.240695,94,40300.0,91.5
606755,Avur,12.16438,79.16631000000001,94,40000.0,91.5
621701,Ambapur,11.046845,79.237065,94,34200.0,91.5
209749,Yaqutganj,27.305075,79.63567,94,36900.0,7.3
176216,Dharamsala Cantt,32.289565,76.33666,94,35800.0,91.5
742121,Amtala,23.95387,88.474245,94,42100.0,91.5
630204,Kandramanickam,10.051995,78.614115,94,34200.0,91.5
630205,Kilasevalpatti,10.194765,78.645905,94,35800.0,91.5
630210,Tirukoshtiyur,10.06763,78.56514,94,34500.0,91.5
458556,Budha,24.24298,75.231655,94,37100.0,45.7
606702,Kanji,12.35739,79.00076,94,35300.0,91.5
176402,Kandrori,32.211815,75.69834,94,33100.0,91.5
176403,Damtal,32.147925,75.68381,94,33000.0,91.5
731303,Labpur,23.79703,87.83795,94,43200.0,91.5
630611,Tiruppuvanam,9.76807,78.242485,94,36100.0,91.5
723153,Kantadih,23.19084,86.27782,94,34300.0,91.5
465227,Salsalai,23.48625,76.556,94,38900.0,45.7
465333,Shujalpur  Mandi,23.414985,76.712685,94,39200.0,45.7
581115,Ranebennur,14.61848,75.65277499999999,94,39600.0,100.0
500087,JJ Nagar Colony,17.510205,78.56174,94,32900.0,7.3
586118,Kalkeri,16.65686,76.330455,94,34600.0,100.0
792056,Bordumsa,27.563095,95.98737,94,34000.0,91.5
627120,Anuvijay Township,8.156835000000001,77.62383500000001,94,37200.0,91.5
627127,Kuttapuli,8.148455,77.59640999999999,94,37100.0,91.5
627133,Mahendragiri,8.2914,77.55738500000001,94,36700.0,91.5
742165,Baruipara,24.02915,88.30586,94,42400.0,91.5
626201,Elayirampannai,9.287635,77.82637,94,35600.0,91.5
360050,Jasdan,22.115625,71.27058,94,34400.0,91.5
731302,Kirnahar,23.751475,87.88847,94,42800.0,91.5
209502,Kaimganj,27.564045,79.357635,94,36800.0,7.3
176206,Shahpur,32.26872,76.1856,94,35700.0,91.5
302039,Murlipura,26.963285,75.77216,94,38100.0,91.5
302034,Panchyawala,26.91882,75.716215,94,38300.0,91.5
533468,Gollapalem,16.83821,82.164185,94,38400.0,91.5
442203,Karanja,21.12229,78.49940000000001,94,46200.0,39.0
503321,Birkur,18.46276,77.82394500000001,94,35300.0,7.3
504293,Asifabad,19.40633,79.18954500000001,94,35000.0,7.3
713331,Chittaranjan,23.86034,86.90171000000001,93,36600.0,75.6
203405,Khanpur,28.53697,78.06882,93,43600.0,7.3
623705,Nainarkoil,9.54049,78.737545,93,32400.0,91.5
243722,Gunnaur,28.182325,78.48408,93,46900.0,7.3
143401,Tarn Taran,31.43282,74.928905,93,32100.0,36.6
401303,Virar,19.50282,72.913325,93,42000.0,39.0
144407,Domeli,31.319915,75.789445,93,35600.0,36.6
176022,Rehan,32.151155,75.85486,93,32400.0,91.5
144702,Shahkot,31.0764,75.266515,93,33400.0,36.6
734006,Rabindra Sarani,26.713045,88.452985,93,41500.0,91.5
144031,Rurka Kalan,31.12231,75.69591,93,38700.0,36.6
458553,Narayangarh,24.30389,75.10416000000001,93,36600.0,45.7
144405,Narur,31.32137,75.85504,93,35600.0,36.6
431745,Barad,19.24881,77.493725,93,29900.0,39.0
678507,Muthalamada,10.59693,76.779375,93,43400.0,91.5
D898467,"Malkangiri, Odisha · D898467",18.2744685,81.9520316,93,36700.0,91.5
445302,Pandharkawda,20.00052,78.565145,93,33100.0,39.0
517247,Punganur,13.36338,78.583575,93,33800.0,91.5
613102,Thogur,10.80504,78.89231000000001,93,33000.0,91.5
735208,Dalsingpara,26.77927,89.39469,93,40600.0,91.5
734015,Mahananda Project,26.625205,88.43172,93,41400.0,91.5
635123,Pannandur,12.30791,78.259255,93,35900.0,91.5
384229,Lanva,23.689775,72.25497,93,52000.0,91.5
582205,Hulkoti,15.41424,75.514015,93,37500.0,100.0
582206,Konnur,15.842455,75.48166,93,38800.0,100.0
370230,Kandla Free Trade Zone,23.028485,70.13881,93,35000.0,91.5
142058,Kishanpura,30.946625,75.32657499999999,93,37700.0,36.6
636805,Mallupatti,12.415565,78.05769,93,43600.0,91.5
723149,Manguria,23.40011,86.331365,93,34300.0,91.5
334302,Sri Kolayat Ji,27.682195,72.86161,93,31700.0,91.5
335503,Dabri,29.04473,75.36872500000001,93,40100.0,91.5
335504,Gogameri,29.154395,74.97951499999999,93,29500.0,91.5
458330,Jawad,24.685465,74.84838500000001,93,35000.0,45.7
110093,Shahdara/Nand Nagri,28.673,77.289,93,44300.0,37.8
731204,Bolpur,23.682635,87.703335,93,40900.0,91.5
481105,Ukwa,21.811635,80.482585,93,39500.0,45.7
636904,Menisi,11.96989,78.37711999999999,93,38300.0,91.5
636906,Tirtamalai,12.112275,78.598705,93,36200.0,91.5
147104,Chinarthal Kalan,30.52603,76.34603,93,40100.0,36.6
389220,Kothamba,23.021585,73.520265,93,53300.0,91.5
735215,Hasimara,26.705585,89.357765,93,40500.0,91.5
323616,Karwar,25.70649,76.03773,93,34300.0,91.5
476337,Sheopur,25.672585,76.73943,93,24100.0,45.7
614302,Tirukkarugavur,10.87904,79.28965,93,35000.0,91.5
D312499,"Mahendragarh, Haryana · D312499",28.1326971,76.1697448,93,48500.0,91.5
458664,Piplia,24.20305,75.00849,93,36400.0,45.7
470772,Patera,23.986305,79.70229,93,32300.0,45.7
756162,Eram,21.173965000000003,86.79038,93,34300.0,91.5
742140,Jemo Rajbati,23.945275,88.06784999999999,93,42600.0,91.5
630211,Tirupattur,10.111425,78.54761500000001,93,34600.0,91.5
584202,Matmari,16.013385,77.275785,93,35300.0,100.0
782461,Manja,25.99084,93.44406,93,36000.0,91.5
146112,Rajpur Bhayan,31.41122,75.88883999999999,93,35800.0,36.6
147101,Samana,30.16736,76.251155,93,34900.0,36.6
581208,Halageri,14.535965,75.572645,93,39500.0,100.0
384290,Kakoshi,24.014135,72.29615000000001,93,49200.0,91.5
146105,Mahilpur,31.361325,76.01944499999999,93,35000.0,36.6
144701,Malsian,31.154785,75.34296499999999,93,34000.0,36.6
742137,Kandi,23.95611,88.04073,93,42700.0,91.5
582115,Lakkundi,15.42432,75.799395,93,36200.0,100.0
734007,Bhaktinagar,26.68567,88.43526,93,41200.0,91.5
203401,Aurangabad,28.50961,77.93319,93,48500.0,7.3
581205,Shiggaon,15.062185,75.21212,93,36900.0,100.0
678534,Vandithavalam,10.65866,76.78661,93,42800.0,91.5
144037,Pasla,31.094045,75.67867,93,38800.0,36.6
284125,Lake-view-camp,25.06856,78.396875,93,34300.0,7.3
756122,Akhuapada,20.92768,86.31482,93,33500.0,91.5
481051,Birsa,21.85873,80.75898000000001,93,39500.0,45.7
626134,Chettikurichi,9.43323,78.092195,93,34300.0,91.5
742401,Salar,23.79811,88.08663,93,42100.0,91.5
591225,Kanagala,16.31634,74.42382,93,52000.0,100.0
591104,Belvadi,15.697500000000002,74.91555,93,49500.0,100.0
591106,Bidi,15.532865,74.65061,93,52000.0,100.0
591112,Itagi,15.65349,74.69635,93,52900.0,100.0
623308,Mangalakudi,9.866375,78.961485,93,33100.0,91.5
572211,Ammasandra,13.297835,76.757155,93,32700.0,100.0
442606,Dhanora,20.230265000000003,80.35872,93,38200.0,39.0
792122,Miao,27.47052,96.375015,93,34600.0,91.5
571422,Bharathinagar,12.520455,77.04346000000001,93,38700.0,100.0
571428,Maddur,12.573925,77.02238,93,38200.0,100.0
324007,New Grain Mandi Kota,25.17243,75.84947,93,31300.0,91.5
572219,Kadaba,13.24133,76.872115,93,39300.0,100.0
177114,Bankhandi,31.948415,76.22365500000001,93,36000.0,91.5
503108,Nagireddypet,18.13282,78.128225,93,32400.0,7.3
639201,Aravakurichi,10.810875,77.91081,93,38000.0,91.5
504292,Rebbena,19.24407,79.4234,93,34400.0,7.3
323803,Khatkar,25.51028,75.90186,93,33500.0,91.5
324003,Industerial Estate Kota,25.150505,75.88303,93,31700.0,91.5
326515,Chaumahla,23.899345,75.57974999999999,93,39500.0,91.5
176085,Sullah,32.054595,76.470185,93,36100.0,91.5
614205,Papanasam,10.9243,79.27227500000001,93,35500.0,91.5
470339,Shahgarh,24.272785,79.099635,93,31200.0,45.7
209622,Amratpur,27.551395,79.57702,93,36700.0,7.3
110075,Dwarka,28.5921,77.046,93,59500.0,65.2
400050,Bandra East,19.058,72.843,93,55700.0,100.0
442202,Ashti,21.23002,78.205535,93,29000.0,39.0
621110,Poolambadi,11.39587,78.67384,93,38000.0,91.5
621114,T.Kalathur,11.107845,78.713105,93,35300.0,91.5
458226,Ratangarh,24.805905000000003,75.039635,93,34400.0,45.7
639207,Pallapatti Bazaar,10.71863,77.87352999999999,93,37600.0,91.5
313038,Jhallara,24.009215,74.141465,93,39600.0,91.5
313202,Delwara,24.764955,73.74128999999999,93,36800.0,91.5
613105,Poondi-TPL,10.87453,78.953745,93,32600.0,91.5
502113,Haveli Ghanpur,18.132645,78.266055,93,32200.0,7.3
502306,Nandikandi,17.56199,77.9987,93,29200.0,7.3
431742,Kurula,18.737805,77.16918000000001,93,30500.0,39.0
591241,Saundalga,16.462629999999997,74.31987000000001,93,51400.0,100.0
742189,Barua,23.89704,88.272055,93,42100.0,91.5
742402,Talibpur,23.77433,88.147395,93,41900.0,91.5
247341,Gangoh,29.76625,77.258285,93,30900.0,7.3
630602,Idaikattur,9.756215,78.396785,93,33700.0,91.5
209625,Farrukhabad,27.432705,79.54385500000001,93,37100.0,7.3
481115,Kirnapur,21.606335,80.35626500000001,93,42300.0,45.7
582119,Naregal,15.57126,75.84045499999999,93,35600.0,100.0
176058,Rey,32.049595,75.835025,93,33700.0,91.5
425444,Mandana,21.56741,74.67366,93,53700.0,39.0
251320,Ramraj,29.340695,78.03210999999999,93,28900.0,7.3
591120,Nandgad,15.570635,74.57369499999999,93,53500.0,100.0
591265,Telsang,16.841365,75.33616,93,49100.0,100.0
123027,Kanina,28.35589,76.282715,93,35900.0,11.0
591113,Kakati,15.93533,74.535945,93,61000.0,100.0
591119,Murgod,15.90824,74.93638,93,49900.0,100.0
470337,Karrapur,23.95797,78.880235,93,28000.0,45.7
626205,Uppathur,9.265294999999998,77.938755,93,34800.0,91.5
742301,Bharatpur,23.886065,88.09530000000001,93,42400.0,91.5
591127,Sureban,15.86586,75.36389,93,39100.0,100.0
591153,M.K.Hubli S.F.,15.68971,74.760695,93,52200.0,100.0
626105,Kallurani,9.48585,78.158305,93,34000.0,91.5
742161,Panchthupi,23.857775,87.94707,93,42700.0,91.5
742163,Saktipur,23.82299,88.21449000000001,93,42000.0,91.5
635703,Jamanamarathur,12.527825,78.946585,93,34600.0,91.5
176321,Nakror,32.73276,76.227125,93,34100.0,91.5
626113,Pandalgudi,9.393505,78.110355,93,33800.0,91.5
624618,Narikalpatti,10.52987,77.44985,93,38700.0,91.5
623530,Toruvalur,9.471555,78.80442,93,33100.0,91.5
403717,Carmona,15.206255,73.94706,93,58900.0,39.0
413250,Mahisgaon,18.11878,75.525745,93,34200.0,39.0
798621,Mon,26.666667,95.0,93,32500.0,91.5
582117,Mulgund,15.27645,75.51038,93,35900.0,100.0
590009,Belgaum Records MLI,15.88402,74.49861,93,59500.0,100.0
623538,Sanaveli,9.70999,78.86869999999999,93,32800.0,91.5
361011,Hadiana,22.592135,70.28227,93,34300.0,91.5
590003,Belgaum Shahapur,15.84155,74.51771,93,60300.0,100.0
591220,Harugeri,16.527465,74.9863,93,52900.0,100.0
504297,Tiryani,19.156725,79.19782000000001,93,34200.0,7.3
413310,Piliv,17.67543,75.03750500000001,93,50000.0,39.0
502271,Shankarampet,18.039445,77.91699,93,30200.0,7.3
144211,Mukerian,31.954555,75.61074500000001,93,33900.0,36.6
243641,Usehat,27.77173,79.243825,93,38400.0,7.3
481335,Rampaily,21.653445,79.990285,93,42600.0,45.7
209745,Roshnabad,27.496115,79.49269,93,37100.0,7.3
431704,Ardhapur,19.312075,77.416005,93,29900.0,39.0
431603,Cidco Nanded,19.112745,77.335315,93,28500.0,39.0
431714,Kandhar,18.851615,77.24387,93,29900.0,39.0
626202,Nenmeni,9.323035,78.02784,93,33900.0,91.5
673596,Kenichira,11.727545,76.145505,93,33700.0,91.5
431502,Satona,19.51242,76.299475,93,55100.0,39.0
606806,Pavithiram,12.082635,79.12651,93,40200.0,91.5
572225,Sampige,13.26514,76.787695,93,39200.0,100.0
584203,Kurdi,16.028775,77.201795,93,35200.0,100.0
584138,Balaganur,15.935505,76.764745,93,35400.0,100.0
584143,Jawalgera,15.877705,76.89065,93,35500.0,100.0
481001,Balaghat,21.87735,80.19232,93,39600.0,45.7
176317,Surangani,32.72985,76.091595,93,34100.0,91.5
582202,Belvanki,15.6751,75.550735,93,38400.0,100.0
132116,Taraori,29.77304,76.910855,93,35300.0,91.5
584132,Turvihal,15.77342,76.546285,93,36100.0,100.0
364230,Sanosara,21.7012,71.74453,93,34600.0,91.5
363670,Maliya Miyana,23.070185,70.753725,93,34700.0,91.5
110033,N.S.Mandi,28.71252,77.18909500000001,93,42700.0,53.0
630501,CVmangalam,10.174445,78.47893,93,35000.0,91.5
736204,Mathurabagan,26.56191,89.35299499999999,93,40200.0,91.5
173001,Nahan,30.576775,77.37648,93,32700.0,91.5
614208,Sundaraperumalkoil,10.924695,79.30864,93,35900.0,91.5
176051,Raja Ka Talab,32.22643,75.91124500000001,93,32400.0,91.5
591110,Hirekumbi,15.687325,75.242915,93,39600.0,100.0
124103,Jhajjar,28.568685,76.66751500000001,93,27800.0,11.0
124202,Dubaldhan,28.709355,76.47375,93,47200.0,11.0
134203,Naraingarh,30.443835,77.099615,93,31000.0,91.5
591301,Londa,15.43189,74.549655,93,51900.0,100.0
742174,Sarbangapur,23.86782,88.36568,93,42000.0,91.5
325206,Siswali,25.29252,76.35302,93,35300.0,91.5
322025,Khandar,26.025915,76.71644,93,26300.0,91.5
590017,Belgaum MalMaruti Extension,15.887585,74.54727500000001,93,60100.0,100.0
590019,Belgaum Doordarshan Nagar,15.87879,74.49597,93,59600.0,100.0
742132,Barwan,23.91877,87.95582999999999,93,42900.0,91.5
284136,Matatila,25.069955,78.384635,93,34300.0,7.3
209621,Aligarh,27.44963,79.669335,93,36600.0,7.3
591123,Ramdurg,16.00263,75.325785,93,39200.0,100.0
560065,G.K.V.K.,13.08418,77.57499,93,52100.0,100.0
242406,Rosa,27.76624,79.908575,93,36200.0,7.3
756115,B T Pur,21.22947,86.403915,93,34200.0,91.5
756144,Basantia,21.15629,86.29231,93,33900.0,91.5
756121,Manjuri Road,21.02256,86.2859,93,33800.0,91.5
323615,Lakheri Gaon,25.669035,76.173895,93,34300.0,91.5
175142,Udaipur,32.896445,76.779235,93,33000.0,91.5
364290,Mahuva,21.13189,71.75668999999999,93,33400.0,91.5
370510,Khavda,23.931205,69.70046,93,38000.0,91.5
582111,Abbigeri,15.54645,75.7718,93,36300.0,100.0
458339,Malhargarh,24.304335,74.980275,93,36100.0,45.7
458441,Neemuch,24.428815,74.932245,93,36000.0,45.7
458002,Mandsaur City,24.04034,75.01635999999999,93,36800.0,45.7
176200,Bhadwar,32.303865,75.9666,93,32700.0,91.5
735220,Madarihat,26.725055,89.28521,93,40900.0,91.5
D130094,"Paschim Medinipur, West Bengal",22.3600119,87.4111505,93,37100.0,91.5
742404,Tenya,23.81686,88.158555,93,42100.0,91.5
362530,Girgadhda,20.936265,70.874015,93,31700.0,91.5
572127,Kodigenahalli,13.73997,77.38123,93,32000.0,100.0
413118,Yeshwantnagar,17.857705000000003,75.021765,93,48800.0,39.0
209504,Manjhana,27.459565,79.44234,93,37200.0,7.3
584123,Manvi,15.972224999999998,76.98538500000001,93,35200.0,100.0
176059,Chachian,32.162940000000006,76.48672,93,36100.0,91.5
584124,Maski,15.931435,76.59322,93,35600.0,100.0
623403,Nambuthalai,9.706895,78.97252,93,32700.0,91.5
623404,Pandugudi,9.82198,78.97865,93,33000.0,91.5
584133,Yergera,16.095075,77.40634,93,35200.0,100.0
132024,Nissing,29.694305,76.81179,93,36800.0,91.5
458220,Sarwania Maharaj,24.6154,74.95715,93,35300.0,45.7
480338,Teegaon,21.610565,78.418025,93,39700.0,45.7
572130,Kunigal,12.97061,76.993595,93,63000.0,100.0
370201,Gandhidham,23.06167,70.13131,93,35100.0,91.5
465447,Susner,23.963955,76.100755,93,38700.0,45.7
630201,A.Thekkur,10.183665,78.529575,93,34700.0,91.5
733142,Nayabazar,25.291055,88.491375,93,43500.0,91.5
431005,Osmanpura / Garkheda,19.855,75.332,93,39000.0,28.0
250002,Lisari,28.96609636803482,77.69943237304688,93,29700.0,15.9
125007,Azad Nagar Hisar,29.047765,75.61905,93,41300.0,11.0
731235,Santiniketan,23.689965,87.69758999999999,93,40900.0,91.5
731236,Sriniketan,23.692425,87.62554,93,40900.0,91.5
147005,Majithia Enclave,30.352395,76.30884,93,33100.0,36.6
384285,Wagdod,24.036375,72.13888,93,49600.0,91.5
384275,Ranuj,23.766095,72.221645,93,51700.0,91.5
384110,Balisana,23.83895,72.280085,93,51500.0,91.5
582116,Lakshmeshwar,15.159425,75.49926500000001,93,35900.0,100.0
241001,Hardoi,27.3369978,80.0998232,93,34700.0,7.3
146103,Bham,31.37011,75.94027,93,35700.0,36.6
563133,Narasapura,13.14117,78.012035,93,52400.0,100.0
458001,Mandsaur,24.087625000000003,75.05987,93,36800.0,45.7
134201,Jatwar,30.45316,76.95625,93,37200.0,91.5
504220,Madaram Township,19.179295,79.369025,93,34500.0,7.3
504103,Bhainsa,19.19498,77.927675,93,29300.0,7.3
444503,Malegaon,20.310085,76.96291500000001,93,32500.0,39.0
731214,Illambazar,23.656725,87.53478000000001,93,40500.0,91.5
361160,Kalavad,22.113665,70.33789999999999,93,34100.0,91.5
370240,Gopalpuri,23.152415,70.16011499999999,93,35000.0,91.5
582204,Hombal,15.552845,75.54422,93,37800.0,100.0
582209,Ron,15.72211,75.73049499999999,93,35300.0,100.0
176027,Nagrota Surian,32.04061,76.069075,93,35900.0,91.5
470664,Bandakpur,23.83337,79.68575,93,31000.0,45.7
470335,Banda Belai,24.051865,78.96572,93,29100.0,45.7
571446,Keragodu,12.656185,76.92421,93,37600.0,100.0
742138,Bagdanga,23.95757,88.092795,93,42600.0,91.5
470663,Nohata,23.674945,79.65728,93,31500.0,45.7
384221,Vadavali,23.623125,72.120015,93,51800.0,91.5
384225,Dhinoj,23.671765,72.22996499999999,93,52000.0,91.5
481224,Karanja,21.441360000000003,80.471785,93,43300.0,45.7
506355,Marrimuchal,17.947345,78.911825,93,28200.0,7.3
476339,Sheopur Baroda,25.473715,76.687905,93,25700.0,45.7
623407,Tiruvadanai,9.74747,78.94187500000001,93,32900.0,91.5
713200,713200,23.642569153500027,87.32370187958661,93,39700.0,0.0
623806,Sathaksalai,9.228465,78.77319,92,31700.0,91.5
146107,Paldi,31.31871,75.98621,92,34300.0,36.6
146109,Tuto Mazara,31.318855,76.052965,92,34600.0,36.6
403715,Chinchinim,15.209715,73.98965000000001,92,57500.0,39.0
360055,Vinchhiya,22.167815,71.36240000000001,92,33800.0,91.5
581212,Tadas,15.112915,75.11255,92,37400.0,100.0
147006,RGNUL Punjab Patiala,30.424975,76.335195,92,37800.0,36.6
470004,Sagar Makronia Camp,23.85002,78.83809,92,25500.0,45.7
361130,Jamwanthali,22.40719,70.342505,92,33800.0,91.5
587206,Kerur,16.038365,75.513605,92,34100.0,100.0
152113,Lambi,30.030305,74.61229499999999,92,29400.0,36.6
362565,Dhokadva,20.94736,71.09229500000001,92,31400.0,91.5
591243,Thana Hattargi,16.07269,74.54574500000001,92,53900.0,100.0
591246,Yamakanmardi,16.129935,74.54037,92,53100.0,100.0
623603,Kamudi,9.337035,78.3418,92,31900.0,91.5
176308,Bhalei,32.645235,75.96045000000001,92,33200.0,91.5
470661,Damoh,23.816785,79.41194,92,30200.0,45.7
176218,Khaniara,32.24199,76.38548,92,34900.0,91.5
176312,Sundla,32.679914999999994,76.00865999999999,92,33500.0,91.5
444505,Washim,20.13642,77.13619,92,32100.0,39.0
322704,Shiwar,26.222175,76.03963,92,37300.0,91.5
587202,Gudur,15.928765000000002,75.87568,92,34200.0,100.0
584125,Mudgal,15.977060000000002,76.41263000000001,92,35600.0,100.0
476134,Dimni,26.653820000000003,78.128805,92,27800.0,45.7
503206,Mosra,18.59178,77.97113,92,34400.0,7.3
243751,Babrala,28.34399,78.43284,92,43800.0,7.3
143408,Chohla Sahib,31.24056,75.026025,92,32100.0,36.6
444510,Rithad,20.048995,76.96471500000001,92,32200.0,39.0
442605,Gadchiroli,20.191705,80.03520499999999,92,38000.0,39.0
815352,Karmatar,24.04335,86.622905,92,35100.0,65.2
458116,Kukdeshwar,24.49401,75.33956,92,34700.0,45.7
504294,Chirrakunta,19.27408,79.230805,92,34000.0,7.3
413209,Madha,18.01904,75.53274,92,33900.0,39.0
504102,Mudhole,19.02168,77.90971,92,29000.0,7.3
571433,Nidaghatta,12.631585,77.08353500000001,92,37500.0,100.0
582103,Gadag City,15.371845,75.666625,92,36100.0,100.0
370210,Kandla Port,23.010675,70.1756,92,34600.0,91.5
584118,Kallur,16.095750000000002,77.163595,92,33900.0,100.0
136026,Pundri,29.705820000000003,76.63483,92,43300.0,91.5
630610,Tiruppachetti,9.733145,78.32254,92,34300.0,91.5
502331,Yousufpet,18.032025,78.14665,92,31300.0,7.3
678556,Menonpara,10.77858,76.84,92,41500.0,91.5
502294,Manjira Barrage,17.636515000000003,78.07948999999999,92,28100.0,7.3
591237,Nipani,16.396255,74.390975,92,50800.0,100.0
591221,Hebbal,16.199975000000002,74.570405,92,51700.0,100.0
500081,Gachibowli,17.4401,78.3489,92,22800.0,26.2
431802,Himayatnagar,19.40114,77.84412499999999,92,29400.0,39.0
630321,Vethiyur,9.90484,78.706725,92,32500.0,91.5
176033,Guler,32.00563,76.118075,92,35400.0,91.5
470672,Bansa Tarkheda,23.73404,79.33159,92,30400.0,45.7
582101,Gadag,15.45324,75.63983999999999,92,36300.0,100.0
741158,Shikarpur,23.980735000000003,88.73259999999999,92,41100.0,91.5
606303,Toludur,11.46028,78.96334,92,38600.0,91.5
741152,Karimpur,23.9478,88.61622,92,41100.0,91.5
425411,Ranala,21.371175,74.407555,92,51500.0,39.0
502291,Sadasivpet,17.65782,77.955345,92,28300.0,7.3
503114,Gandhari,18.416465,78.09856500000001,92,33700.0,7.3
282004,Taj Nagari,27.13418,78.062805,92,27800.0,7.3
305921,Bhim,25.732725,74.089565,92,36800.0,91.5
533220,Kesanakurrupalem,16.65541,82.22552,92,37700.0,91.5
591340,Nerli,16.245265,74.53715,92,51300.0,100.0
762023,Jhadrajing,20.54358,84.42779,92,33900.0,91.5
389360,Pavagadh,22.446045,73.539005,92,42100.0,91.5
621103,Arumbavur,11.362975,78.724545,92,37100.0,91.5
741122,Bagchi Jamsherpur,24.026805,88.690815,92,41200.0,91.5
735135,Kamarvita,26.636375,88.49915999999999,92,42200.0,91.5
384255,Kungher,23.78213,72.02759,92,50900.0,91.5
384265,Patan,23.85483,72.11548,92,50900.0,91.5
384220,Chanasma,23.697895000000003,72.104655,92,51500.0,91.5
581108,Guttal,14.888365,75.64196,92,38000.0,100.0
713366,Barabani,23.75518176611264,87.01216617644816,92,36900.0,0.0
242305,Khudaganj,28.148575,79.71417,92,35400.0,7.3
670731,Vellamunda,11.73647,75.89854,92,35800.0,91.5
563138,Yeldur,13.31648,78.304925,92,32200.0,100.0
413113,Velapur,17.785294999999998,75.04185,92,48000.0,39.0
403724,Orlim,15.22412,73.949975,92,57200.0,39.0
572121,Holavanahalli,13.5371,77.329835,92,31700.0,100.0
572129,Koratagere,13.498115,77.25781,92,35300.0,100.0
282008,I. A. F.,27.15728,77.96208,92,25800.0,7.3
134202,Shahzadpur,30.43944,77.00836,92,36400.0,91.5
756135,Randiahat,21.11475,86.412385,92,33800.0,91.5
741123,Bangaljhi,23.4847374,88.5567067,92,40700.0,91.5
587114,Belur,15.872225,75.776585,92,34200.0,100.0
176315,Bharmour,32.472685,76.67045,92,35800.0,91.5
176325,Samleu,32.62702,75.923975,92,33100.0,91.5
591313,Sankeshwar,16.27054,74.462935,92,52000.0,100.0
630207,Nachiapuram,10.094505,78.6585,92,34000.0,91.5
441303,Mowad,21.462045,78.45129,92,39700.0,39.0
262202,Bilsanda,28.21418,79.952695,92,36600.0,7.3
143412,Harike,31.19464,74.940895,92,31600.0,36.6
143416,Patti,31.20189,74.75961000000001,92,31500.0,36.6
678554,Nattukal,10.73128,76.81974500000001,92,41800.0,91.5
678555,Kozhinjampara,10.71593,76.86273,92,41200.0,91.5
678557,Kozhipara,10.794005,76.843435,92,41400.0,91.5
735226,Panabasti,26.81337,89.44651999999999,92,43300.0,91.5
735211,Falakata,26.51884,89.199475,92,40700.0,91.5
581213,Hosaritti,14.925455,75.568725,92,37600.0,100.0
723155,Para,23.524555,86.48086,92,34600.0,91.5
110051,Krishna Nagar,28.657215,77.28546,92,63100.0,53.0
362720,Kodinar,20.825925,70.783015,92,31200.0,91.5
621118,Nakkasalem,11.163055,78.72598500000001,92,35200.0,91.5
203407,Lakhaoti,28.543075,77.95919,92,41900.0,7.3
756114,Bant,21.121295,86.33329,92,33800.0,91.5
176217,Charri,32.244730000000004,76.27433500000001,92,34400.0,91.5
756120,Bhandari Pokhari,20.93739,86.378285,92,33500.0,91.5
762026,Sarsara,20.716145,84.25989,92,33700.0,91.5
176021,Bharmar,32.164835,75.95653,92,33000.0,91.5
756168,Betada,21.16039,86.68565,92,33900.0,91.5
762013,Purunakatak,20.667305,84.45448,92,33600.0,91.5
581104,Hangal,14.736455,75.10643,92,37000.0,100.0
242226,M Ashram,27.84719,79.87397,92,35500.0,7.3
384230,Kamboi,23.66076,72.00936,92,51200.0,91.5
445215,Soot Girni,19.92482,77.47478,92,29900.0,39.0
144528,Rampur Bilron,31.270225,76.138555,92,34200.0,36.6
144529,Saila Khurd,31.296885,76.08120500000001,92,34400.0,36.6
D263669,"Tikamgarh, Madhya Pradesh · D263669",24.8552105,79.0472546,92,32800.0,91.5
562127,Pemmanahalli,13.00870984943816,77.3058513019564,92,32900.0,0.0
756171,Dhamara,20.81852,86.9744,92,33600.0,91.5
413214,Anagar,17.923595,75.56492,92,33600.0,39.0
741165,Nazirpur,23.89574,88.55261,92,41100.0,91.5
144406,Baddon,31.35382,75.88727,92,35400.0,36.6
144511,Dosanjh Khurd,31.13286,75.99373,92,37500.0,36.6
142027,Ayali Kalan,30.90506,75.73376,92,40400.0,36.6
144409,Goraya,31.105565,75.763975,92,38400.0,36.6
389350,Halol,22.50439,73.502585,92,42100.0,91.5
322023,Bonli,26.32868,76.200815,92,36400.0,91.5
623526,Rameswaram,9.249585,79.35128,92,30100.0,91.5
431713,Tamsa,19.35852,77.599905,92,29600.0,39.0
673121,Kalpetta,11.608055,76.08191,92,36800.0,91.5
673122,Kalpetta North,11.633814999999998,76.08253,92,36200.0,91.5
431746,Barul,18.865845,77.3438,92,29000.0,39.0
146106,Nangal Kalan,31.33887,75.998835,92,34600.0,36.6
630554,Mangalam,9.751175,78.67031,92,32700.0,91.5
635301,Bommidi,11.958965,78.23495,92,37100.0,91.5
606703,Melpallipattu,12.208749999999998,78.70990499999999,92,35600.0,91.5
587203,Guledgudd,16.02489,75.782555,92,34000.0,100.0
587204,Kaladgi,16.211154999999998,75.50668999999999,92,33800.0,100.0
587205,Katageri,16.088540000000002,75.66291000000001,92,33900.0,100.0
590016,Belgaum Shivaji Nagar,15.866865,74.52849499999999,92,59100.0,100.0
581102,Akkialur,14.70102,75.17853,92,36900.0,100.0
147102,Ghagga,30.03853,76.14176,92,34900.0,36.6
581118,Savanur,14.9762,75.38571999999999,92,37100.0,100.0
581126,Hulgur,15.0727,75.309395,92,36900.0,100.0
384272,Sariyad,23.94911,71.99738500000001,92,50300.0,91.5
756164,Naikanidihi,20.945135,86.87333000000001,92,33500.0,91.5
621101,Ammapalayam,11.230815,78.738775,92,34900.0,91.5
110009,Model Town,28.7143,77.1908,92,32900.0,40.9
623115,Perunali,9.222145,78.339095,92,31900.0,91.5
678624,Walayar Dam,10.84662,76.823905,92,41800.0,91.5
587201,Badami,15.937585,75.681445,92,34200.0,100.0
403721,Varca,15.228224999999998,73.94334,92,57200.0,39.0
334303,Diyatra,27.710525,72.66669,92,31200.0,91.5
334803,Nokha,27.49408,73.29442,92,30400.0,91.5
334804,Panchoo,27.537,73.174095,92,30700.0,91.5
504312,Tamsi,19.760515,78.376645,92,32300.0,7.3
431801,Bhokar,19.19916,77.726375,92,29600.0,39.0
591314,Sankeshwar Sugar Factory,16.24023,74.50118,92,51900.0,100.0
673591,Meenangadi,11.66498,76.15693999999999,92,35300.0,91.5
431807,Umari,19.04419,77.65822,92,29200.0,39.0
313322,Khamnore,24.901595,73.63619,92,36800.0,91.5
176052,Yol Camp,32.19949,76.432885,92,35100.0,91.5
176064,Paraur,32.080925,76.46167,92,35200.0,91.5
480661,Seoni,22.05686,79.42139499999999,92,35400.0,45.7
678533,Meenakshipuram,10.65257,76.862985,92,41900.0,91.5
756113,Barapada,21.10666,86.427765,92,33700.0,91.5
176205,Kotla,32.246595,76.015085,92,33000.0,91.5
403705,Quepem,15.15794,74.10176000000001,92,50600.0,39.0
480999,Kahani,22.5892,79.83948,92,35800.0,45.7
323802,Dei,25.61735,75.90505,92,33700.0,91.5
481332,Budbuda,21.788415,79.93892,92,40300.0,45.7
480991,Khairapalari,22.35439,79.833675,92,36000.0,45.7
481441,Lalbarra,21.9497,79.969745,92,39800.0,45.7
144036,Bilga,31.026855,75.662745,92,38900.0,36.6
623517,Kilakarai,9.271155,78.77276499999999,92,31600.0,91.5
152107,Malout,30.17239,74.50623999999999,92,29100.0,36.6
458468,Nayagaon C F,24.559405,74.77747,92,34400.0,45.7
465445,Nalkheda,23.85314,76.24542,92,38600.0,45.7
630203,Kandavarayanpatti,10.18232,78.590605,92,34300.0,91.5
756111,Ranital,21.144855,86.550645,92,33600.0,91.5
756112,Barikpur Bazar,21.012405,86.4162,92,33400.0,91.5
584120,Kowthal,16.079725,76.759745,92,34900.0,100.0
D680704,"Nuapada, Odisha · D680704",20.5412657,82.5292352,92,34100.0,91.5
571429,Shivapura Maddur,12.62295,77.039745,92,37100.0,100.0
571802,Bindiganavile,12.901685,76.64375,92,34100.0,100.0
147001,Patiala,30.32731,76.386935,92,33600.0,36.6
323603,Lakheri,25.560935,76.18306000000001,92,33700.0,91.5
572220,Kallur,13.19148,76.825675,92,39100.0,100.0
144404,Ajnoha,31.340325,75.86415500000001,92,35200.0,36.6
413302,Karkam,17.8499067,75.2763203,92,42800.0,39.0
458336,Jeeran,24.274905,74.8414,92,35700.0,45.7
502130,Kuchanpally,18.067145,78.209465,92,31400.0,7.3
246728,Jhalu,29.34165,78.234365,92,31800.0,7.3
670644,Thalappuzha,11.81826,75.880465,92,35600.0,91.5
670645,Mananthavady,11.773924999999998,75.97395,92,35200.0,91.5
670646,Kartikulam,11.877765,76.03881,92,35200.0,91.5
503201,Varni,18.507595,77.948035,92,33800.0,7.3
590010,Belgaum Nehru Nagar,15.90174,74.51831999999999,92,59500.0,100.0
431712,Hadgaon,19.459595,77.590535,92,29400.0,39.0
756125,Basudevpur,21.08513,86.790355,92,33800.0,91.5
626129,Tiruchuli,9.53034,78.22365500000001,92,33400.0,91.5
626607,Narikudi,9.609245,78.27919,92,33200.0,91.5
136027,Kaithal,29.815515,76.364655,92,44100.0,91.5
458470,Khor,24.594035,74.80805,92,34700.0,45.7
458110,Manasa,24.55856,75.177155,92,35100.0,45.7
571419,Besagarahalli,12.664745,76.985875,92,36500.0,100.0
635305,Morappur,12.100805,78.388255,92,36500.0,91.5
445106,Sawali Sadoba,19.974255,78.1011,92,32300.0,39.0
587101,Bagalkot,16.178240000000002,75.698125,92,33800.0,100.0
587102,Gaddankeri Cross,16.21386,75.6676,92,33700.0,100.0
587103,Bagalkot Navanagar,16.176205,75.66490999999999,92,33800.0,100.0
587104,Bagalkot UHS,16.177535,75.61632,92,33800.0,100.0
587111,Bagalkot Alokudyog,16.216655,75.743855,92,33700.0,100.0
361250,Jodia,22.67837,70.3112,92,34100.0,91.5
326514,Dag,23.99625,75.846795,91,37700.0,91.5
176310,Chamba,32.555445,76.12529,91,32800.0,91.5
176311,Mehla,32.47764,76.234285,91,34200.0,91.5
176314,Sultanpur,32.55078,76.07680500000001,91,32700.0,91.5
123021,Mandi Ateli,28.12284,76.258745,91,46700.0,11.0
125004,Ha U Hisar,29.11508,75.548645,91,38900.0,11.0
623711,Teriruveli,9.29864,78.6383,91,30900.0,91.5
623605,Mandalamanickam,9.482975,78.346695,91,31600.0,91.5
622403,Melasivapuri,10.22899,78.49328,91,35000.0,91.5
606705,Pudupalayam,12.36889,78.87972500000001,91,33100.0,91.5
736182,New Market Jaigaon,26.832875,89.39200500000001,91,43700.0,91.5
136033,Siwan,29.928825,76.35744,91,41600.0,91.5
626118,M.Reddiapatti,9.42454,78.20761999999999,91,32900.0,91.5
639202,Chinnadharapuram,10.84298,77.829485,91,37400.0,91.5
792129,Deomali,27.159185,95.56309,91,30200.0,91.5
470771,Hindoriya,23.85951,79.539265,91,30300.0,45.7
431736,Shankarnagar,18.724095,77.59696,91,28600.0,39.0
723133,Raghunathpur,23.57835,86.74521,91,34800.0,91.5
723142,Ramchandrapur Ashram,23.58491,86.765635,91,34800.0,91.5
723147,Vivekananda Nagar,23.40627,86.39792,91,33500.0,91.5
723121,Adra,23.521095,86.74907999999999,91,34500.0,91.5
723126,Anara RS,23.466035,86.504275,91,34200.0,91.5
723127,Barabhum,23.085045,86.412485,91,33900.0,91.5
623533,Uthirakosamangai,9.32566,78.72823,91,31200.0,91.5
481556,Paraswada,22.122955,80.34271,91,37500.0,45.7
144417,Aur,31.04831,75.99137999999999,91,36900.0,36.6
581202,Bankapur,14.9021,75.27613,91,36900.0,100.0
581106,Byadgi,14.646215,75.46025,91,37200.0,100.0
581120,Tilavalli,14.6438,75.26155,91,36800.0,100.0
581128,Agadi,14.81979,75.52365499999999,91,37400.0,100.0
735134,Rajganj,26.528785,88.53515999999999,91,42500.0,91.5
741124,Bara Andulia,23.631365,88.51272499999999,91,40600.0,91.5
581193,Dhundashi,15.01923,75.13702,91,35000.0,100.0
173031,Dhualakuan,30.49002,77.48375,91,32400.0,91.5
389370,Shivrajpur,22.412295,73.62295,91,44500.0,91.5
389330,Kalol,22.579545,73.462435,91,42100.0,91.5
723156,Murardih,23.571905,86.826505,91,34800.0,91.5
147201,Nabha,30.408515,76.13362000000001,91,36200.0,36.6
560300,Bangalore International Airport,13.19751,77.70680999999999,91,39700.0,100.0
504205,Jannaram,19.19587,78.89770999999999,91,32900.0,7.3
560003,Chamrajpet,12.962,77.5632,91,53600.0,93.3
445206,Umarkhed,19.590695,77.74425,91,29300.0,39.0
393120,Umalla,21.837285,73.282925,91,38300.0,91.5
587112,Amingad,16.10331,75.982585,91,33500.0,100.0
587115,Bevur,16.196465,75.88666,91,33400.0,100.0
587116,Bilgi,16.353675,75.67319499999999,91,33400.0,100.0
D370250,"Adilabad, Telangana · D370250",19.5457038,78.6086759,91,33100.0,91.5
470001,Sagar Cantt,23.8083076,78.758254,91,21100.0,45.7
562157,Timmasandra,13.169085434871482,77.58218986498466,91,54400.0,83.5
737139,Ravangla,27.333333,88.416667,91,53100.0,91.5
322001,Sawaimadhopur,25.938925,76.41113,91,27400.0,91.5
242301,Miranpur Katra,27.947835,79.65646,91,35000.0,7.3
242303,Khera Bajhera,27.964555,79.53800000000001,91,35100.0,7.3
591238,Pattankudi,16.383074999999998,74.460335,91,49100.0,100.0
591107,Hidkal Dam,16.133305,74.63859500000001,91,52200.0,100.0
623520,Marine Fisheries,9.273575,79.123265,91,30100.0,91.5
623521,Pamban,9.276045,79.209165,91,30200.0,91.5
413252,Ropla,18.21033,75.37943000000001,91,34000.0,39.0
741163,Betai,23.821645,88.550285,91,41100.0,91.5
741164,Dayer Bazar,23.46966,88.54028,91,39700.0,91.5
741166,Seemanagar,23.494635,88.57756,91,39700.0,91.5
635111,Karimangalam,12.3218,78.19224500000001,91,36600.0,91.5
635302,Buddireddipatti,12.044545,78.33069499999999,91,36300.0,91.5
147002,University,30.3535,76.445,91,31400.0,36.6
623703,Kadaladi,9.208475,78.54926,91,31200.0,91.5
176304,Dalhousie,32.542845,75.99565,91,32600.0,91.5
756181,Madhabnagar,21.076555,86.51226,91,33300.0,91.5
144520,Binjon,31.284925,76.008125,91,33900.0,36.6
403712,Cansaulim,15.34639,73.901005,91,56800.0,39.0
401703,Kosbad-hill,20.058415,72.75247999999999,91,34700.0,39.0
741160,Tehatta,23.72583,88.517215,91,40900.0,91.5
445209,Issapur,19.739065,77.43355,91,29400.0,39.0
176306,Bathri-bazar,32.585455,75.99237500000001,91,32900.0,91.5
431804,Kinwat,19.658810000000003,78.103725,91,30700.0,39.0
630411,Sarakeni,9.84669,78.74558999999999,91,32000.0,91.5
581198,Motebennur,14.742065,75.52843,91,37500.0,100.0
281308,Jugasana,27.453145,77.876755,91,25300.0,7.3
502125,Podichanpally,18.044325,78.18471,91,31200.0,7.3
673592,Sulthan Bathery,11.694635,76.30828500000001,91,38100.0,91.5
621116,Veppanthattai,11.372325,78.83113,91,37100.0,91.5
621117,V.Kalathur,11.415775,78.901855,91,37400.0,91.5
621102,Annamangalam,11.31959,78.77178,91,35800.0,91.5
756132,Motto,20.83049,86.78356500000001,91,33300.0,91.5
623120,Sayalgudi,9.18152,78.43037,91,31500.0,91.5
623135,Kannirajapuram,9.13834,78.36422,91,31500.0,91.5
176318,Hardaspura,32.563645,76.10781499999999,91,32900.0,91.5
176324,Gehra,32.50156,76.42115,91,35500.0,91.5
176305,Dalhousie Cantt,32.547790000000006,75.960695,91,32700.0,91.5
480994,Keolari,22.41742,79.95349,91,35700.0,45.7
623519,Mandapam Camp,9.27835,79.09989999999999,91,30000.0,91.5
673576,Vythiri,11.54332,76.014985,91,38100.0,91.5
673577,Meppadi,11.534345,76.13494,91,37800.0,91.5
673579,Pulpalli,11.811225,76.181795,91,36400.0,91.5
302012,Jhotwara,26.99757,75.67835,91,36000.0,91.5
313321,Goanguda,25.019855,73.68706,91,36200.0,91.5
313323,Kotharia,24.95222,73.9051,91,34900.0,91.5
431722,Gadga,18.82148,77.46173,91,28900.0,39.0
504202,Peddur,19.113315,78.81024,91,32800.0,7.3
741157,Plassey Sugar Mill,23.76546,88.259465,91,41000.0,91.5
413319,Marwade,17.368645,75.50705,91,31800.0,39.0
110056,Shakur Basti Depot,28.681235,77.12113500000001,91,73400.0,53.0
504101,Basar,18.926,77.94995,91,28500.0,7.3
621107,Kurumbalur,11.24802,78.80094,91,35500.0,91.5
623528,Sikkal,9.21244,78.62925999999999,91,31300.0,91.5
581112,Karajagi,14.86841,75.439025,91,37000.0,100.0
470775,Hatta,24.230975,79.61683500000001,91,31400.0,45.7
481117,Garhi,22.21569,80.85849999999999,91,35300.0,45.7
441209,Kurkheda,20.659945,80.37425,91,41900.0,39.0
571425,Koppa-mandya,12.746105,76.933695,91,35800.0,100.0
504310,Mamda,19.11884,78.49703,91,31600.0,7.3
504313,Jainoor,19.34345,78.95811499999999,91,32800.0,7.3
143422,Goindwal,31.340945,75.13502500000001,91,33500.0,36.6
504110,Chincholi,19.212195,78.28657,91,29800.0,7.3
185101,"Punch, Jammu And Kashmir",33.7670004,74.0957143,91,32000.0,91.5
623518,Mandapam,9.244955,79.13472,91,30100.0,91.5
606106,Tittagudi,11.431535,79.09608499999999,91,37900.0,91.5
606108,Mangalur,11.490995,79.04989499999999,91,37800.0,91.5
587125,Ilkal,16.03695,76.17501,91,33700.0,100.0
431708,Loha,18.941605000000003,77.09127000000001,91,29400.0,39.0
144035,Partappura,31.045755,75.708325,91,38500.0,36.6
764073,Umerkote,19.6096232,82.2987685,91,33600.0,91.5
335513,Hanumangarh Town,29.53314,74.34311,91,28700.0,91.5
756124,Ertal,21.07911,86.70316,91,33400.0,91.5
756129,Ghanteswar,20.935425,86.82518,91,33400.0,91.5
504203,Khanapur,19.14789,78.63134500000001,91,32100.0,7.3
442905,Rajura,19.695485,79.37305,91,33900.0,39.0
444504,Sirpur,20.117975,76.841625,91,37300.0,39.0
442702,Gondpipri,19.69228,79.634815,91,33400.0,39.0
322703,Isharda,26.17917,76.082235,91,35500.0,91.5
441301,Jalalkheda,21.343395,78.37419,91,38200.0,39.0
480997,Ghansore,22.71076,80.07858999999999,91,34400.0,45.7
481445,Katangi,21.767435,79.795535,91,40200.0,45.7
756117,Dhamnagar,20.93165,86.45193499999999,91,33100.0,91.5
756100,Bhadrak,21.060215,86.510625,91,33200.0,91.5
756101,Charampa,21.113190000000003,86.52446,91,33500.0,91.5
756133,Chandbali,20.791595,86.75736,91,33300.0,91.5
144418,Bara Pind,31.11661,75.824205,91,38300.0,36.6
504107,RGU IIIT Campus Basar,18.88237,77.923495,91,28400.0,7.3
624616,Kallimandayam,10.642125,77.66029499999999,91,37300.0,91.5
624617,Keeranur,10.573885,77.497705,91,38100.0,91.5
242223,Kant,27.774015,79.77076500000001,91,34700.0,7.3
425423,Vadali,21.461755,74.6354,91,53000.0,39.0
313341,Barar,25.62209,73.92686499999999,91,36600.0,91.5
244242,Ujhari,28.657805,78.38152,91,36000.0,7.3
413251,Sade,18.25678,75.331405,91,33900.0,39.0
501101,Vikarabad,17.330525,77.90653499999999,91,23500.0,7.3
281301,Baldeo,27.42575,77.83889500000001,91,24900.0,7.3
673593,Ambalavayal,11.61859,76.20832,91,37000.0,91.5
283124,Saiyan,26.97039,77.94611499999999,91,24900.0,7.3
621707,Kilapaluvur,11.035685,79.06991,91,31200.0,91.5
143118,Vairowal,31.419155,75.17346,91,34100.0,36.6
431808,Karkheli,18.951975,77.721385,91,28800.0,39.0
313329,Railmagra,24.975720000000003,74.07012499999999,91,34500.0,91.5
431715,Mukhed,18.651165,77.41173,91,29900.0,39.0
431707,Osmannagar,18.9836,77.33182500000001,91,28700.0,39.0
473115,Binaganj,24.167535,77.03914,91,35500.0,45.7
144531,Moranwali,31.257025,76.059305,91,33700.0,36.6
473287,Maksudangarh,24.13148,77.15448,91,35600.0,45.7
481551,Lamta,22.17378,80.16026500000001,91,37600.0,45.7
401403,Manor,19.724195,72.92702,91,37800.0,39.0
762020,Harabhanga,20.59999,84.67206999999999,91,33500.0,91.5
630212,Viramathi,10.160005,78.64835500000001,91,34000.0,91.5
481116,Malanjkhand,21.998185,80.67794,91,37500.0,45.7
764087,Lachipeta,17.92641,81.551155,91,35800.0,91.5
591307,Gokak,16.141045,74.81759,91,50800.0,100.0
591308,Gokak Falls,16.17734,74.784145,91,50500.0,100.0
591309,Hukeri,16.267445000000002,74.63224500000001,91,49900.0,100.0
673581,Vatuvanchal,11.55071,76.21563499999999,91,38000.0,91.5
445230,Fulsavangi,19.70672,77.928045,91,30300.0,39.0
484555,Nowrozabad,23.322355,80.86371,91,34000.0,45.7
335065,Manaksar,29.68619,74.424035,91,28400.0,91.5
331302,Sahwa,28.80948,74.769215,91,27200.0,91.5
331701,Sidhmukh,28.87839,75.29028,91,39100.0,91.5
581109,Haunsabhavi,14.575215,75.39736500000001,91,37500.0,100.0
431743,Niwagha,19.600085,77.55316,91,29200.0,39.0
176303,Banikhet,32.545595000000006,75.921435,91,32700.0,91.5
623516,Irumeni,9.284395,79.03734,91,29900.0,91.5
176225,Tilokpur,32.248459999999994,76.08556,91,32200.0,91.5
147003,D C W,30.34986,76.41396,91,31600.0,36.6
630713,Suranam,9.70135,78.72576000000001,91,32100.0,91.5
734501,Bagrakote,26.86697,88.5373,91,43700.0,91.5
630606,Manamadurai,9.708435,78.476115,91,32100.0,91.5
283121,Kheragarh,26.97065,77.79516000000001,91,23600.0,7.3
176053,Fatehpur,32.091134999999994,75.92712,91,32800.0,91.5
504105,Soan,19.00198,78.36827,91,30100.0,7.3
585217,Mashal,17.28034,76.17543,91,32500.0,100.0
431709,Naigaon,18.871705,77.528455,91,29000.0,39.0
313325,Kelwara,25.06311,73.5974,91,36400.0,91.5
313206,Sanwar,24.87553,74.08215,91,34500.0,91.5
673123,Chundale,11.574595,76.06705500000001,91,37400.0,91.5
623513,Chitharkottai,9.425375,78.887855,91,31600.0,91.5
623515,Ervadi,9.222695,78.72146000000001,91,31500.0,91.5
584122,Lingasugur,16.103875000000002,76.5287,91,34900.0,100.0
D344259,"Alirajpur, Madhya Pradesh",22.2859525,74.3545628,91,49100.0,91.5
D306068,"Guna, Madhya Pradesh · D306068",24.5001772,77.2600959,91,35400.0,91.5
132101,Samalkha,29.24221,76.995915,91,38900.0,91.5
591231,Konnur,16.185940000000002,74.741815,91,50600.0,100.0
591236,Nidasoshi,16.307045000000002,74.54273,91,49900.0,100.0
630305,Kallal,9.98297,78.69359,91,32500.0,91.5
480990,Kanhiwada,22.20242,79.762295,91,36100.0,45.7
480996,Ugli,22.18918,79.98805999999999,91,35800.0,45.7
587330,Savalagi,16.653109999999998,75.383935,91,46600.0,100.0
587207,Rampur,16.30396,75.90372500000001,91,33200.0,100.0
587155,Kulgeri Cross,15.90404,75.48593,91,38100.0,100.0
591122,Pachhapur,16.072525,74.685655,91,52600.0,100.0
500078,Nisa Hakimpet,17.57907,78.59620000000001,91,30100.0,7.3
587122,Lokapur,16.179785000000003,75.366955,91,38100.0,100.0
587124,Sulebhavi,16.009255,75.90937,91,33600.0,100.0
251309,Budhana,29.287355,77.49047,91,26200.0,7.3
465679,Khilchipur,24.06957,76.57238000000001,91,36400.0,45.7
460330,Chicholi,22.0232,77.435565,91,32800.0,45.7
756138,Aradi,20.82461,86.65578,91,33100.0,91.5
630206,Kunnakudi,10.118035,78.697845,91,33900.0,91.5
587118,Hungund,16.10322,76.09971,91,33600.0,100.0
587120,Kamatgi,16.1042,75.90019000000001,91,33500.0,100.0
585236,Nimbal,17.443855,76.445065,91,32900.0,100.0
313211,Dariba,24.959425000000003,74.11886,91,34400.0,91.5
313301,Nathdwara,24.93632,73.75587999999999,91,36300.0,91.5
621716,Tungapuram,11.306785,79.07905,91,35700.0,91.5
756165,Brahmanigaon,21.113885000000003,86.684815,91,33600.0,91.5
673575,Pozhuthana,11.6361,75.97404,91,37500.0,91.5
762024,Biranarasinghpur,20.698715,84.351175,91,33400.0,91.5
504304,Boath,19.431905,78.28765,91,30600.0,7.3
572126,Kempanahalli,12.96119,77.10707500000001,91,60700.0,100.0
328025,Rajakhera,26.86687,78.14854,91,29200.0,91.5
623566,Ervadi Dargha,9.227075,78.709565,91,31500.0,91.5
623604,Kottaimedu,9.406665,78.375665,91,31100.0,91.5
362560,Una,20.93423,71.01052,91,31200.0,91.5
152114,Tappa Khera,30.09381,74.524365,91,28400.0,36.6
470002,Sagar City,23.85335,78.720565,91,24400.0,45.7
144416,Apra,31.100325,75.87771000000001,91,37300.0,36.6
445211,Mulawa,19.685675,77.58069,91,29100.0,39.0
431710,Biloli,18.78995,77.6637,90,28600.0,39.0
431711,Kundalwadi,18.81357,77.796765,90,28200.0,39.0
370140,Bhachau,23.3977,70.33975000000001,90,36700.0,91.5
623501,Ramanathapuram,9.37311,78.822075,90,29300.0,91.5
766104,Khariar Road,20.95865,82.58197,90,33300.0,91.5
630709,Pudur Ilayangudi,9.680665,78.63408,90,31400.0,91.5
360035,Lodhika,22.147265,70.622525,90,32900.0,91.5
147004,Govt. Printing Press,30.448515,76.43946500000001,90,36800.0,36.6
735204,Birpara,26.715995,89.11552499999999,90,43800.0,91.5
756131,Pirahatbazar,20.944875000000003,86.732355,90,33000.0,91.5
756123,Sabrang,21.06694,86.61242,90,33000.0,91.5
622407,Ponnamaravathy,10.27661,78.55030500000001,90,34500.0,91.5
622411,Valayapatti,10.299235,78.52588,90,34700.0,91.5
606710,Paramanandal,12.416645,78.786715,90,32600.0,91.5
606704,Pachal,12.275105,78.938215,90,34400.0,91.5
737132,Rangpo,27.173215,88.500255,90,51200.0,91.5
243631,Allapur,27.846065,79.29458,90,34500.0,7.3
425432,Mhasawad,21.81586,74.41049000000001,90,50600.0,39.0
144029,Moron,31.07983,75.93341,90,37200.0,36.6
431504,Mantha,19.74145,76.41656,90,46800.0,39.0
431721,Mahore,19.818305,77.96662,90,31200.0,39.0
442701,Ballarpur,19.789395,79.463015,90,33000.0,39.0
442901,Ballarpur Paper Mill,19.878945,79.31717,90,32800.0,39.0
442902,Bhadrawati,20.085905,79.17768,90,32900.0,39.0
421604,Vasind,19.419219817029763,73.27262198539482,90,36700.0,3.7
560047,Hebbal,13.0358,77.5953,90,53000.0,69.5
440010,Ramdaspeth,21.1392,79.0698,90,33500.0,87.2
D420466,"Dindori, Madhya Pradesh · D420466",22.9070871,80.8846924,90,33600.0,91.5
591226,Karoshi,16.36138,74.57678,90,48100.0,100.0
504309,Gumma,19.741155,78.65161499999999,90,32100.0,7.3
328022,Baseri,26.734625,77.488005,90,32000.0,91.5
133006,Ind-estate,30.319505,76.87463,90,29200.0,91.5
723148,Hutmura,23.34373,86.50229,90,33300.0,91.5
723128,Balakdih,23.15073,86.54663500000001,90,33700.0,91.5
723130,Hura,23.298255,86.64131,90,33800.0,91.5
723132,Panchakotraj,23.398580000000003,86.67586,90,34100.0,91.5
141123,Ramgarh,30.893895,75.962915,90,38300.0,36.6
140603,Zirakpur,30.63227,76.8063,90,41000.0,36.6
362550,Sanakhda,20.79974,71.141655,90,30000.0,91.5
362020,Bhesan,21.54215,70.79171500000001,90,32300.0,91.5
591224,Kalloli,16.271965,74.874415,90,48900.0,100.0
313342,T F Kankroli,25.0132,73.923075,90,34800.0,91.5
561213,Thondebhavi,13.50185,77.482255,90,34500.0,100.0
563135,Srinivaspur,13.385465,78.25346,90,31800.0,100.0
504106,Nirmal,19.047245,78.40749500000001,90,31000.0,7.3
389365,Ghoghmba,22.529915,73.668085,90,44500.0,91.5
389390,Jambughoda,22.37628,73.694895,90,44200.0,91.5
389310,Delol,22.63286,73.55215999999999,90,42800.0,91.5
584104,Raichur UAS,16.15219,77.27501000000001,90,33300.0,100.0
756118,Kothar,20.92691,86.51454,90,32800.0,91.5
756119,Dhusuri,20.88133,86.58374,90,32900.0,91.5
481111,Baihar,22.14944,80.565395,90,37000.0,45.7
480771,Ari,21.94837,79.70133000000001,90,38700.0,45.7
481337,Khairlanji,21.581655,79.93585,90,41100.0,45.7
591229,Kognoli,16.52489,74.32105,90,46700.0,100.0
591218,Lolsur,16.239055,74.86905999999999,90,49300.0,100.0
623524,Pudumadam,9.27809,78.999295,90,29800.0,91.5
413202,Jeur,18.209895,75.14454,90,33600.0,39.0
403725,Dramapur,15.23561,73.986555,90,54900.0,39.0
413203,Karmala,18.384805,75.101545,90,44700.0,39.0
413208,Kurduvadi,18.06492,75.395545,90,33800.0,39.0
581148,Sangur,14.76165,75.286345,90,36300.0,100.0
502280,Nangnoor,18.052975,79.04799499999999,90,30200.0,7.3
614613,Tamarankottai,10.385685,79.40598,90,34300.0,91.5
325217,Shahabad,25.24066,77.16167999999999,90,24600.0,91.5
401209,Waliv,19.410147138312617,72.84795679800064,90,36600.0,3.7
401501,Boisar,19.8087,72.76557,90,37300.0,39.0
442917,Awalpur Cement Project,19.81959,79.152785,90,33000.0,39.0
334305,Bajju,28.05838,72.301615,90,30100.0,91.5
334802,Himatsar,27.696335,73.71886,90,29100.0,91.5
741507,Majdia,23.399045,88.73,90,38500.0,91.5
741151,Dhakshinpara,23.378545,88.57503,90,38800.0,91.5
741505,Hanskhali,23.36714,88.605965,90,38700.0,91.5
735102,Jpg.Govt Engg College,26.520455,88.652215,90,43100.0,91.5
735132,Pandapara Kalibari,26.432895,88.69749999999999,90,43200.0,91.5
735133,Prasannanagar,26.651325,88.597825,90,43000.0,91.5
584101,Raichur,16.18609,77.341315,90,33200.0,100.0
584102,Raichur Mukram Gunj,16.26246,77.46087,90,33300.0,100.0
584103,Raichur Jawahar Nagar,16.16637,77.40117000000001,90,33400.0,100.0
630609,Rajagambiram,9.677895,78.45432,90,31500.0,91.5
630005,Devakottai Road,10.036415,78.74083,90,32200.0,91.5
585302,Alund,17.554315000000003,76.51509999999999,90,33000.0,100.0
623502,Achunthanvayal,9.381885,78.80846,90,29300.0,91.5
623503,Ramanathapuram Collectorate,9.36559,78.86444,90,29500.0,91.5
176323,Killar Pangi,33.005804999999995,76.50173000000001,90,32400.0,91.5
147021,Guruteghbahadurgarh,30.368545,76.50274999999999,90,30900.0,36.6
147103,Sanaur,30.28119,76.480095,90,32800.0,36.6
735213,Gopalbagan,26.678745,89.19443,90,43600.0,91.5
735216,Jateswar,26.59858,89.137405,90,43400.0,91.5
735203,Binnaguri,26.75446,89.04084,90,44000.0,91.5
504308,Gudihatnoor,19.552725,78.434495,90,31200.0,7.3
737134,Singtam,27.286845,88.485405,90,52700.0,91.5
737136,Majitar,27.193905,88.50293500000001,90,51600.0,91.5
741101,Krishnanagar,23.40539,88.47677999999999,90,38700.0,91.5
741103,Ghurni,23.53443,88.49135999999999,90,38700.0,91.5
630408,Tiruvegampet,9.82306,78.786445,90,31700.0,91.5
581203,Bommanahalli,14.888485,75.147515,90,34900.0,100.0
630301,Amaravathipudur,10.01151,78.764115,90,32100.0,91.5
323801,Nainwan,25.7754,75.87323,90,31600.0,91.5
323025,Umar,25.609005,75.47748,90,31800.0,91.5
326512,Pach Pahar,24.20902,75.82444000000001,90,36800.0,91.5
621106,Kolakkanatham,11.099095,78.95384999999999,90,34100.0,91.5
621108,Labbaikudikadu,11.37502,79.040785,90,35900.0,91.5
481449,Tirodi,21.64115,79.691735,90,40300.0,45.7
D280374,"Chhatarpur, Madhya Pradesh · D280374",24.7606089,79.6781776,90,31900.0,91.5
136042,Fatehpur,29.77476,76.58893499999999,90,41700.0,91.5
393140,Pratap Nagar,21.838325,73.39373,90,37900.0,91.5
471525,Chandla,25.109055,80.23201499999999,90,32600.0,45.7
517417,Chembakur,13.39795,78.42476500000001,90,31600.0,91.5
636806,Marandahalli,12.42735,77.91899000000001,90,39500.0,91.5
636807,Nallampalli,12.024495,78.063305,90,38400.0,91.5
731240,Bahiri,23.602905,87.79039,90,40200.0,91.5
313328,Kuraj,25.11541,74.10684499999999,90,34500.0,91.5
623504,Velipattanam,9.37886,78.84621,90,29500.0,91.5
623512,Alagankulam,9.351735,78.96561,90,29900.0,91.5
441208,Armori,20.426105,79.98237499999999,90,38900.0,39.0
441217,Vairagadh,20.465675,80.16887,90,39300.0,39.0
623523,Periyapattinam,9.296955,78.92273,90,29700.0,91.5
314011,Paldeval,23.87433,73.5983,90,46700.0,91.5
621717,Veppur,11.323925,79.05064,90,35400.0,91.5
735228,Ramjhora,26.761535,89.20313999999999,90,43800.0,91.5
630306,Kallupatti,9.97647,78.75315,90,32200.0,91.5
623522,Panaikulam,9.383035,78.93598,90,29800.0,91.5
623527,Chathirakudi,9.409765,78.70304999999999,90,30700.0,91.5
794001,Tura,25.51427,90.223655,90,37400.0,91.5
794101,Araimile,25.51047,90.18054,90,37300.0,91.5
571445,Devalapura,12.83067,76.85446999999999,90,34600.0,100.0
626612,Viracholan,9.59041,78.353665,90,31400.0,91.5
124146,Sahlawas,28.493405000000003,76.48078000000001,90,27500.0,11.0
502381,Rangampet,17.940955000000002,78.14249000000001,90,30100.0,7.3
503212,Nandipet,18.93683,78.222985,90,29200.0,7.3
623708,Peraiyur,9.358835,78.43498,90,30600.0,91.5
623704,Mudukulathur,9.340465,78.507185,90,30300.0,91.5
591306,Ghataprabha RS,16.25034,74.74551,90,49600.0,100.0
176301,Bakloh,32.484655000000004,75.916955,90,32400.0,91.5
176313,Kakira,32.473600000000005,75.98872,90,32000.0,91.5
591305,Bellad Bagewadi,16.28868,74.717115,90,49000.0,100.0
815351,Jamtara,23.98687,86.81836,90,34400.0,65.2
465693,Machalpur,24.15675,76.361005,90,36000.0,45.7
735234,Gajaldoba,26.782605,88.617065,90,43500.0,91.5
735305,Bhotepatty,26.470080000000003,88.826265,90,43500.0,91.5
136030,Gumthala Garhu,29.97455,76.517955,90,34900.0,91.5
584135,Yeramarus Camp,16.31373,77.43769,90,33200.0,100.0
133004,Kuldeep Nagar,30.293765,76.83561499999999,90,29300.0,91.5
413223,Kem,18.169655,75.274225,90,33800.0,39.0
741140,Dhubulia T B Hospital,23.502475,88.49632,90,39000.0,91.5
445307,Sindhola Mines,19.831495,79.014815,90,32700.0,39.0
723102,Dulmi-nadiha,23.254225,86.36581,90,33400.0,91.5
723104,Sainik School,23.349065,86.5974,90,33800.0,91.5
403716,Benaulim,15.253145,73.93328500000001,90,55500.0,39.0
401601,Dahanu,19.989065,72.71106,90,34300.0,39.0
533463,Tallarevu,16.745269999999998,82.25359499999999,90,36600.0,91.5
431723,Shahapur,18.60055,77.64934500000001,90,28300.0,39.0
431731,Sagroli,18.68715,77.73959500000001,90,28200.0,39.0
673595,Cheeral,11.621485,76.361,90,39300.0,91.5
614401,Ammapet,10.79766,79.339675,90,33400.0,91.5
572213,Chandrashekarapura,13.134835,76.91267500000001,90,39100.0,100.0
571418,Bellur,12.950235,76.774905,90,34500.0,100.0
741161,Assannagar,23.43594,88.58502999999999,90,39000.0,91.5
322026,Phalodi Quarry,25.806895,76.393365,90,26100.0,91.5
442406,MIDC,20.006305,79.223085,90,32800.0,39.0
442502,Cementnagar,19.914295,79.131665,90,33000.0,39.0
442505,Ghugus Colliery,19.96034,79.15655000000001,90,32900.0,39.0
442507,H.L.C.,19.8966,79.289815,90,32800.0,39.0
444506,Risod,19.981775,76.75586999999999,90,38200.0,39.0
442916,Vansadi,19.74555,78.98949999999999,90,32900.0,39.0
176023,Jawali,32.128654999999995,76.03728000000001,90,31800.0,91.5
364275,Parvadi,21.605865,71.668055,90,32300.0,91.5
622401,Koppanapatti,10.332005,78.55378999999999,90,34500.0,91.5
442908,Chandur,19.679925,79.11031,90,33000.0,39.0
313324,Kankroli,25.078385,73.82893,90,34800.0,91.5
470675,Narsingarh,23.9967,79.3786,90,29100.0,45.7
756130,Tihidi,20.987655,86.683945,90,32700.0,91.5
630311,Periyakarai,9.907475000000002,78.77904000000001,90,32000.0,91.5
626114,Paralachi,9.34279,78.272795,90,31700.0,91.5
504311,Ootnur,19.475445,78.89930000000001,90,32600.0,7.3
504323,Neradigonda,19.28445,78.426475,90,30300.0,7.3
D819057,"Chandrapur, Maharashtra · D819057",20.0967555,79.5045475,90,32900.0,91.5
591102,Bailhongal,15.8311,74.80252,90,51100.0,100.0
585314,Khajuri,17.69007,76.601815,90,32900.0,100.0
131102,Purkhas,29.12789,76.92506,90,35000.0,91.5
584127,Rodalbanda,16.170389999999998,76.398195,90,33300.0,100.0
584129,Sirwar,16.163785,76.95034,90,33700.0,100.0
458880,Garoth,24.34541,75.62421499999999,90,33200.0,45.7
470003,Sagar University,23.82832,78.77441999999999,90,22500.0,45.7
124109,Dhakla,28.483575,76.56708499999999,90,27700.0,11.0
591211,Akol,16.456560000000003,74.41933,90,47100.0,100.0
623532,Thiruppullani,9.284015,78.834295,90,29400.0,91.5
591263,Bhoj,16.555619999999998,74.439795,90,49500.0,100.0
623534,Uchipuli,9.308475,78.996,90,29900.0,91.5
623536,Perungulam,9.345665,78.89683,90,29600.0,91.5
314801,Bichhiwara,23.78996,73.455465,90,47500.0,91.5
244241,Hasanpur,28.697665,78.288455,90,35500.0,7.3
431809,Dharmabad,18.90011,77.761945,90,28500.0,39.0
431810,Bodhadi,19.468985,78.15149,90,29800.0,39.0
176101,Dheera,32.01296,76.406195,90,34100.0,91.5
621851,Thirumazhapadi,10.94519,79.02569,90,30600.0,91.5
621212,Perambalur,11.24248,78.859115,90,34800.0,91.5
621219,Yesanai,11.298305,78.824975,90,35200.0,91.5
621220,Thoramangalam,11.238835,78.88346,90,34500.0,91.5
621715,Tirumanur,10.97892,79.13259,90,30500.0,91.5
741509,Chandannagar,23.42001,88.68025,89,37900.0,91.5
480667,Barghat,22.03879,79.790965,89,36600.0,45.7
756116,Arnapal,20.99091,86.53538,89,32500.0,91.5
756137,Asurali,20.94583,86.533715,89,32600.0,91.5
314804,Kanba,23.81414,73.60301999999999,89,46400.0,91.5
503185,Bodhan,18.683665,77.843755,89,27800.0,7.3
425413,Taloda,21.62501,74.172935,89,49200.0,39.0
722153,Tiluri,23.584505,86.92456,89,34300.0,91.5
473118,Chachauda,24.21822,76.97508,89,34600.0,45.7
735233,Nathuahat,26.736495,88.91918000000001,89,44300.0,91.5
517326,Madanapalle Bazar,13.565865,78.480435,89,31300.0,91.5
741256,Begopara,23.13948,88.57018500000001,89,37300.0,91.5
741257,Nagarukhra,22.947865,88.6363,89,37500.0,91.5
613504,Saliamangalam,10.790315,79.28271000000001,89,32400.0,91.5
741508,Khalboalia,23.49472,88.69932,89,38100.0,91.5
444905,Morshi,21.329985,78.01115,89,27700.0,39.0
584134,Yeramarus,16.28711,77.305015,89,32900.0,100.0
585301,Afjalpur,17.21418,76.363045,89,32000.0,100.0
741139,Dhubulia,23.487795,88.451395,89,38300.0,91.5
563134,Rayalpadu,13.528325,78.33085,89,31600.0,100.0
123101,Khori,28.195015,76.485355,89,36300.0,11.0
151211,Mandi Killianwali,29.950585,74.61385,89,26500.0,36.6
360540,Kharedi,22.084105,70.498295,89,32600.0,91.5
140506,Dappar Ad,30.544725,76.813225,89,38900.0,36.6
140601,Banur,30.548455,76.72245,89,38600.0,36.6
140401,Rajpura,30.483715,76.59165,89,37700.0,36.6
735222,Manabari,26.86265,88.63501,89,45700.0,91.5
735101,Jalpaiguri,26.527315,88.72357,89,43300.0,91.5
147203,Amloh,30.59371,76.18732,89,34800.0,36.6
584136,Kalmala,16.192315,77.15939,89,33100.0,100.0
563125,Chintamani,13.485065,78.04508,89,31400.0,100.0
500092,Boduppal,17.426105,78.594055,89,29400.0,7.3
723151,Puncha,23.178225,86.676515,89,33600.0,91.5
723131,Manbazar,22.99058,86.635315,89,33700.0,91.5
335523,Nohar,29.10717,74.73429999999999,89,25800.0,91.5
741301,Char Brahmanagar,23.39283,88.39289,89,38100.0,91.5
741238,Gangnapur,23.13933,88.64797,89,37600.0,91.5
136128,Pehowa,30.003985,76.57458,89,33500.0,91.5
471516,Gaurihar,25.24819,80.213145,89,32500.0,45.7
737133,Rhenock,27.20004,88.64156,89,52000.0,91.5
737107,Dikchu,27.442500000000003,88.477025,89,52800.0,91.5
581101,Adur,14.794045,75.23695000000001,89,34800.0,100.0
606701,Chengam,12.324135,78.75799,89,32100.0,91.5
735224,Maynaguri,26.57477,88.86914999999999,89,43700.0,91.5
741102,Saktinagar,23.368695,88.49625,89,38500.0,91.5
741121,Badkulla,23.29033,88.53022,89,38000.0,91.5
741125,Belpukur,23.46481,88.433585,89,38000.0,91.5
621104,Chettikulam,11.1338,78.77080000000001,89,32000.0,91.5
741167,Bhimpur,23.43926,88.6481,89,38400.0,91.5
735210,Dhupguri,26.61376,89.01305500000001,89,43500.0,91.5
741154,Muragachha,23.548065,88.43959000000001,89,38100.0,91.5
741159,Taherpur,23.26041,88.530395,89,37800.0,91.5
591117,Manoli,15.88472,75.137985,89,38900.0,100.0
591228,Khadaklat,16.453625000000002,74.475115,89,45900.0,100.0
503230,Dharmaram,18.589395,78.10809,89,32100.0,7.3
741502,Bagula,23.35136,88.658105,89,38500.0,91.5
630302,Devakottai,9.94432,78.83672,89,31800.0,91.5
500051,Hindustan Cables Ltd,17.46435,78.597845,89,29000.0,7.3
504001,Adilabad,19.670585000000003,78.52969999999999,89,31500.0,7.3
587154,Ilkal  Alampurpet,15.972265,76.206705,89,33200.0,100.0
421312,Budhavali,19.53183242964237,73.06594848632814,89,36400.0,0.0
323600,Deolimachhiyan,25.24469595130604,75.96019838407484,89,27400.0,59.1
622506,Rayavaram S.O (Pudukkottai),10.2903072,78.8173617,89,33700.0,91.5
140701,Kauli,30.419225,76.548935,89,37100.0,36.6
737106,Pakyong,27.233925,88.621125,89,52700.0,91.5
835201,Bano,22.618405000000003,84.93357,89,31500.0,91.5
176060,Darang,32.08344,76.422555,89,32900.0,91.5
176054,Baroh,31.982765,76.33493,89,33400.0,91.5
613104,Tirukattupalli,10.852405,78.958725,89,30500.0,91.5
581110,Haveri,14.77077,75.43569,89,36500.0,100.0
764085,Khatiguda,19.278015,82.815615,89,33300.0,91.5
243632,Asafpur,28.44278,78.92439,89,34400.0,7.3
363641,Morbi MDG,22.81109,70.817255,89,33000.0,91.5
413324,Shetphal,17.873739999999998,75.49047,89,32500.0,39.0
571448,Balagangadaranathnagar,12.933915,76.70491,89,31200.0,100.0
571476,Kestur,12.707795,77.03669500000001,89,35700.0,100.0
621113,Siruvachur,11.177145,78.902065,89,33900.0,91.5
731216,Mallarpur,24.0621532,87.6982823,89,47300.0,91.5
313327,Koaria,25.15654,73.99431,89,34500.0,91.5
621708,Kunnam,11.21741,78.990535,89,34100.0,91.5
794105,Garobadha,25.61369,90.02919,89,36700.0,91.5
630001,Karaikudi,10.061445,78.762635,89,32000.0,91.5
630307,Managiri,10.07008,78.708005,89,32300.0,91.5
756128,Gujidarada,21.010405,86.55129,89,32400.0,91.5
741127,Birnagar,23.252635,88.56148,89,37800.0,91.5
425418,Navapur,21.092715,73.74898999999999,89,38700.0,39.0
614701,Adirampattinam,10.33525,79.36236,89,34400.0,91.5
401103,Vangaon,19.903435,72.758935,89,34100.0,39.0
515241,Budili,13.95657,77.68618000000001,89,32200.0,91.5
741201,Ranaghat,23.18477,88.556175,89,37500.0,91.5
741202,Nasra,23.1919,88.6163,89,37700.0,91.5
741501,Arangahta,23.241765,88.63334,89,37900.0,91.5
621133,Eraiyur,11.3402,78.98563999999999,89,34300.0,91.5
794005,Dobasipara,25.44692,90.304015,89,37900.0,91.5
794103,Barengapara,25.30536,90.25367,89,39100.0,91.5
741506,Krishnaganj,23.444835,88.68511000000001,89,38100.0,91.5
741302,Nabadwip,23.40917,88.367695,89,38000.0,91.5
741315,Swarupganj,23.40939,88.40958,89,38300.0,91.5
563161,Gownipalli,13.515315,78.241165,89,31500.0,100.0
563123,Batlahalli,13.584765,78.13925,89,31500.0,100.0
735230,Baradighi,26.776535000000003,88.74695,89,44000.0,91.5
403714,Chandor,15.257515,74.04779500000001,89,54200.0,39.0
400706,Nerul Node-III,19.02636,72.97985,89,44000.0,39.0
735212,Gairkata,26.68825,89.01922,89,43800.0,91.5
243636,Kichhla,27.9265,78.93221,89,39300.0,7.3
243638,Sahaswan,28.096535,78.760325,89,41600.0,7.3
425424,Purushottam Nagar,21.580035,74.559865,89,52600.0,39.0
425442,Borad,21.643155,74.32163,89,50600.0,39.0
431542,Sengaon,19.83889,76.77384,89,37900.0,39.0
313330,Lawa Sardargarh,25.26071,74.00099,89,34400.0,91.5
389340,Vejalpur,22.71787,73.58439,89,42800.0,91.5
741221,Barajaguli,22.9398,88.55503,89,36900.0,91.5
741222,Chakdah,23.05747,88.57804,89,37200.0,91.5
741223,Purbabishnupur,23.075055,88.63783,89,37400.0,91.5
741232,Cooper's Camp,23.15491,88.583715,89,37400.0,91.5
363630,Jetpar,23.06366,70.930475,89,36400.0,91.5
140702,Ghanur,30.32852,76.6522,89,30100.0,36.6
630710,Salaigramam,9.632775,78.75159,89,31500.0,91.5
635303,Kadathur,12.09408,78.28524,89,34300.0,91.5
621109,Padalur,11.11811,78.83409499999999,89,31900.0,91.5
502312,Kodakandla,17.84348,78.798495,89,30500.0,7.3
614723,Mallipattinam,10.29091,79.30548,89,34400.0,91.5
D563785,"Parbhani, Maharashtra · D563785",19.2901981,76.6026443,89,34000.0,91.5
328031,Barauli S.O (Dholpur),26.6530332,77.6241037,89,32400.0,91.5
623406,Sundarapandiapattinam,9.844635,79.071305,89,29000.0,91.5
560068,Vijayanagar,12.965,77.536,89,52200.0,100.0
431811,Gokunda,19.534080000000003,78.21341,89,30000.0,39.0
741249,Subarnapur,22.966285,88.56841,89,37000.0,91.5
442404,Chandrapur TPS,20.132675,79.35096999999999,89,32400.0,39.0
561228,Vatadahosahalli,13.72173,77.61788,89,34600.0,100.0
110007,Malka Ganj,28.679225,77.200005,89,52500.0,53.0
425422,Prakasha,21.528080000000003,74.373715,89,51500.0,39.0
563146,Murugamale,13.453145,78.14700500000001,89,31400.0,100.0
401503,Chinchani,19.90533,72.691765,89,34000.0,39.0
445308,Wadki,20.258945,78.68047999999999,89,31900.0,39.0
614903,Madukkur,10.472735,79.42875000000001,89,33500.0,91.5
400062,Goregaon West,19.1584,72.8494,89,51800.0,31.7
623409,Tondi,9.78204,79.037265,89,29000.0,91.5
313334,Kelwa,25.169245,73.804965,89,34500.0,91.5
442401,Chandrapur,19.993185,79.29744,89,32600.0,39.0
442402,Chandrapur City,19.964165,79.311815,89,32700.0,39.0
741503,Banpur,23.462475,88.767915,89,37600.0,91.5
741504,Duttapulia,23.247335,88.70372499999999,89,38000.0,91.5
502205,O.F.Yeddumailaram,17.506945,78.14192,89,25100.0,7.3
441226,Bembal,19.910305,79.71205,89,34100.0,39.0
441225,Saoli,20.072135000000003,79.84531,89,36000.0,39.0
301405,Kishan Garh Bass,27.817345,76.79002,89,44900.0,91.5
140402,Rajpura Township,30.50344,76.569345,89,37700.0,36.6
203403,Bugrasi,28.59468,78.15046,89,42300.0,7.3
737102,Tadong,27.340935,88.73592,89,53100.0,91.5
504002,Dasnapur Colony,19.644525,78.61106000000001,89,31900.0,7.3
630312,Puliyal,9.854875,78.87343,89,31500.0,91.5
630314,Shanmuganathapuram,9.992605,78.82403500000001,89,31800.0,91.5
756127,Dolasahi,21.034465,86.5961,89,32400.0,91.5
480880,Korai,21.82269,79.60329,89,36400.0,45.7
606706,Sathanurdam,12.19845,78.834705,89,33100.0,91.5
606707,Tandarampattu,12.16795,78.96909,89,34400.0,91.5
591222,Kabbur,16.37097,74.756595,89,47400.0,100.0
814166,Fatehpur,24.094905,87.0334,89,35300.0,65.2
606709,Thukkapettai,12.259525,78.79421500000001,89,31900.0,91.5
403708,Colva,15.27377,73.930395,89,53900.0,39.0
388710,Timba Road,22.814770000000003,73.420085,89,40000.0,91.5
389320,Derol R S,22.67042,73.447925,89,40300.0,91.5
136130,Jhansa,30.11409,76.74637,89,30700.0,91.5
140602,Manakpur,30.58854,76.59607,89,38600.0,36.6
756167,Paliabindha,21.038535000000003,86.624385,89,32600.0,91.5
176026,Lanj,32.082840000000004,76.1433,89,33100.0,91.5
442403,Babupeth,19.952,79.378615,89,32500.0,39.0
741317,Joania Bhaluka,23.34383,88.39461,89,37800.0,91.5
741401,Dignagar,23.32022,88.467365,89,38000.0,91.5
741402,Fulia Colony,23.20704,88.50759500000001,89,37400.0,91.5
741253,Anishmali,23.185635,88.69124,89,37800.0,91.5
741254,Kalinarayanpur,23.21328,88.55968,89,37600.0,91.5
794002,Lower Chandmari,25.6272,90.332425,89,37400.0,91.5
737131,Rangli Bazar,27.21571,88.743975,89,51800.0,91.5
445305,Patanbori,19.847385000000003,78.62242499999999,89,31500.0,39.0
502325,Aie Bollaram,17.550565,78.347295,89,26600.0,7.3
502032,Ramachandrapuram He,17.506625,78.30476,89,25000.0,7.3
251002,Muzaffar Nagar City,29.499755,77.72598500000001,89,25300.0,7.3
176215,Dharamsala,32.206175,76.330485,89,32900.0,91.5
502329,Rudraram,17.568534999999997,78.15434,89,24800.0,7.3
502109,Machavaram,18.003,78.230725,89,30100.0,7.3
613602,Budalur,10.783405,78.964365,89,31200.0,91.5
794107,Nangwalbibra,25.484945,90.84564,89,40000.0,91.5
794108,Resubelpara,25.788565,90.58896,89,38600.0,91.5
794109,Tikrikilla,25.92515,90.322025,89,34000.0,91.5
794110,Rongjeng,25.739755,90.86662,89,38400.0,91.5
794112,Mendipathar,25.894855,90.77269,89,35200.0,91.5
794115,Ampati,25.473835,89.951075,89,36900.0,91.5
413210,Pimpelner,18.06899,75.279265,89,33800.0,39.0
614203,Kabistalam,10.94906,79.22512499999999,89,29700.0,91.5
D728012,"Gulbarga, Karnataka · D728012",17.166667,77.083333,89,33900.0,91.5
326034,Pirawa,24.136815,75.98475,89,36800.0,91.5
623315,Vellayapuram,9.82514,79.01850999999999,89,29100.0,91.5
591287,Kothali,16.41849,74.51408,89,46900.0,100.0
176309,Garola,32.36805,76.45042000000001,89,34700.0,91.5
623712,Tiruvarangam,9.419915,78.61506,89,29500.0,91.5
413322,Bhosa,17.30188,75.41375500000001,89,31500.0,39.0
794106,Mahendraganj,25.363305,89.941855,89,37000.0,91.5
431805,Mandvi,19.79454,78.256025,88,30600.0,39.0
735232,Binnaguri Cantt,26.754365,88.985615,88,46000.0,91.5
517352,Rishivalley,13.65182,78.44856,88,31300.0,91.5
472101,Mohangarh,24.9749,78.74202,88,31400.0,45.7
323614,Sumerganj Mandi,25.750605,76.278415,88,26900.0,91.5
737135,Ranipool,27.289545,88.588245,88,54000.0,91.5
144419,Dayalpur,31.047555,75.881755,88,36700.0,36.6
389001,Godhra,22.75422,73.614925,88,42600.0,91.5
735202,Banarhat,26.83494,89.00836,88,46600.0,91.5
127028,Behl,28.640015,75.67003,88,37000.0,11.0
614210,Valoothoor,10.909825,79.21685,88,29000.0,91.5
391120,Tilakwada,21.99742,73.57997,88,39300.0,91.5
835211,Kolebira,22.631335,84.760395,88,31300.0,91.5
393050,Sagbara,21.4019,73.69178,88,38100.0,91.5
764063,Mirganiguda,19.199315,82.51073,88,33100.0,91.5
815354,Mihijam,23.888415,86.88728,88,33800.0,65.2
D806886,"Bidar, Karnataka · D806886",18.0207297,77.2487204,88,34100.0,91.5
502281,Jagadevpur,17.752935,78.78264,88,30000.0,7.3
425410,Sarangkheda,21.45019,74.513295,88,52300.0,39.0
764049,Anchalgumma,19.346665,82.66193,88,32900.0,91.5
561205,Melekote,13.369835,77.59978000000001,88,34800.0,100.0
393150,Lachhras,21.938105,73.546985,88,38900.0,91.5
321021,Jaghina,27.249875000000003,77.581245,88,24000.0,91.5
442503,Shivjinagar,20.109425,79.04154,88,31600.0,39.0
764070,Tentulikhunti,19.27839,82.73674,88,33200.0,91.5
470673,Batiagarh,24.110075,79.3212,88,28200.0,45.7
325215,Mangrol,25.322955,76.66375500000001,88,25400.0,91.5
D107542,"Hingoli, Maharashtra · D107542",19.5431163,77.1739432,88,28900.0,91.5
741246,Mohanpur,22.952435,88.52306,88,36700.0,91.5
735219,Lataguri,26.706765,88.80763999999999,88,43800.0,91.5
741313,Sreemayapur,23.44875,88.38643,88,37400.0,91.5
413212,Bhimanagar,18.011865,75.09017,88,33300.0,39.0
630202,Ariyakudi,10.047355,78.807995,88,31900.0,91.5
630101,Attangudi,10.14965,78.7176,88,30700.0,91.5
136136,Thol,30.158875,76.72267,88,30500.0,91.5
403401,Ponda,15.397805,74.00489999999999,88,53500.0,39.0
614601,Pattukottai,10.435635,79.330485,88,33000.0,91.5
326501,Shrichhattarpur,24.499755,75.991365,88,36900.0,91.5
792131,Longding,26.85568,95.33366,88,29600.0,91.5
441215,Pathari,20.2644,79.873125,88,36700.0,39.0
431510,Yeldari,19.747345,76.66293999999999,88,38700.0,39.0
243630,Samrer,28.11995,79.405995,88,33800.0,7.3
623608,Parthibanur,9.564265,78.45345,88,29300.0,91.5
502279,Pamulaparthy,17.733255,78.653355,88,29500.0,7.3
741319,Bidyanagar,23.399335,88.32563999999999,88,37700.0,91.5
741252,Krishivisyavidyalaya,22.94773,88.52861,88,36700.0,91.5
425414,Dhadgaon,21.807805,74.23988,88,49000.0,39.0
815359,Kundahit,23.942505,87.19589500000001,88,35700.0,65.2
393145,Rajpipla,21.844795,73.496425,88,37500.0,91.5
471510,Jujhar Nagar,25.224725,80.017405,88,32000.0,45.7
591201,Chikodi,16.422845,74.58899,88,46200.0,100.0
123302,Kosli,28.398195,76.48034,88,29100.0,11.0
630003,Alagappapuram,10.08245,78.792925,88,30500.0,91.5
591114,Katkol,16.045005,75.15367,88,38400.0,100.0
140417,Shambhu,30.439085,76.70695,88,37200.0,36.6
322702,Chauth Ka Barwara,26.06135,76.148825,88,32500.0,91.5
250110,Modipuram,29.05618645812491,77.69943237304688,88,26900.0,9.1
110043,Najafgarh,28.64561631089953,77.01416015625001,88,53100.0,
584170,Shaktinagar,16.36822,77.35596,88,32900.0,100.0
731301,Ch.Nanoor,23.691015,87.85484,88,40600.0,91.5
630303,Devakottai Extension,9.96002,78.87537,88,31600.0,91.5
741248,Simurali,23.036755,88.502595,88,36700.0,91.5
152115,Bhaika Khera,30.05127,74.42905999999999,88,25400.0,36.6
176302,Chowari,32.420615,76.03526,88,31300.0,91.5
243724,Rudauin,28.301195,78.81046,88,33400.0,7.3
741245,Madanpur,22.99428,88.489855,88,36500.0,91.5
425412,Nandurbar,21.30972,74.240005,88,45800.0,39.0
741247,Pritinagar,23.130145,88.54124,88,37200.0,91.5
D179875,"Ashoknagar, Madhya Pradesh",24.6186095,77.8786983,88,32600.0,91.5
445303,Maregaon Road,20.124165,78.78409500000001,88,31700.0,39.0
741137,Debagram,23.662585,88.30081,88,38600.0,91.5
741138,Dharmada,23.560975,88.38654,88,38500.0,91.5
388713,Kakanpur,22.792865,73.480415,88,39800.0,91.5
614602,Nadimuthunagar,10.41397,79.30401499999999,88,33100.0,91.5
389341,Adadra,22.652675,73.68423,88,42600.0,91.5
614207,Rajaghiri,10.922245,79.24500499999999,88,29100.0,91.5
144410,Phillaur,31.036985,75.8024,88,37500.0,36.6
735209,Damdim,26.838245,88.67618999999999,88,45600.0,91.5
614906,Nattuchalai,10.462695,79.36511,88,33000.0,91.5
472336,Prithvipur,25.163755,78.79305500000001,88,30700.0,45.7
472337,Jeron,25.171075,78.679095,88,31000.0,45.7
503219,Sriramsagar Project,18.95806,78.3934,88,29300.0,7.3
441804,Lakhni,21.1225869,79.794509,88,46500.0,39.0
442907,Warora,20.323775,78.961895,88,31800.0,39.0
735221,Mal,26.860985,88.73702,88,46000.0,91.5
176208,Rait,32.163875000000004,76.20545000000001,88,31900.0,91.5
176210,Harchakian,32.16027,76.10319,88,30800.0,91.5
502307,IDA Pashamailaram,17.548205,78.19353,88,24500.0,7.3
741155,Palashipara,23.803525,88.471145,88,39000.0,91.5
741156,Plassey,23.77504,88.37057,88,39000.0,91.5
735121,Danguajhar,26.59679,88.67752,88,43300.0,91.5
635201,Barur,12.289535,78.33302499999999,88,34500.0,91.5
584115,Hutti,16.201065,76.658185,88,33100.0,100.0
476001,Morena,26.568075,77.99799,88,25200.0,45.7
741181,Paglachandi,23.735925,88.31772000000001,88,38900.0,91.5
741234,Gayeshpur,22.955735,88.49640500000001,88,36400.0,91.5
614202,Ganapathi Agraharam,10.918825,79.18580499999999,88,29300.0,91.5
741250,Kataganj,22.947165,88.4766,88,36200.0,91.5
431703,Goregaon,19.907045,77.01754,88,30200.0,39.0
176029,Ranital,31.99339,76.239195,88,32400.0,91.5
764078,Dongerbheja,19.235225,82.67458500000001,88,33200.0,91.5
503235,Renjal,18.747025,77.90662499999999,88,27500.0,7.3
815355,Nala,23.92001,87.04697,88,34900.0,65.2
517370,Beerangi Kothakota,13.658225,78.25273,88,31300.0,91.5
313331,Deogarh,25.483,73.921605,88,34200.0,91.5
313332,Charbhuja Road,25.290475,73.915645,88,34200.0,91.5
741316,Srirampur,23.35984,88.353635,88,37700.0,91.5
737103,Rajbhawan,27.362075,88.62087,88,55000.0,91.5
110029,Kidwai Nagar,28.58281293610369,77.20460647484697,88,53700.0,32.9
243637,Kakrala,27.90244,79.2013,88,35900.0,7.3
473101,Aroun,24.379065,77.479595,88,34100.0,45.7
176065,Rajhoon,32.04055,76.409175,88,32900.0,91.5
591317,Raibag,16.482799999999997,74.79494,88,45500.0,100.0
370135,Adhoi,23.427525000000003,70.491225,88,36400.0,91.5
630002,Sekkalai,10.096975,78.7679,88,30600.0,91.5
614402,Kokkeri,10.765595,79.32033,88,32200.0,91.5
136129,Ismailabad,30.103075,76.671285,88,30900.0,91.5
735205,Carron,26.900135,88.997645,88,47000.0,91.5
735206,Chalsa,26.83291,88.82224500000001,88,46000.0,91.5
735218,Krantihat,26.687045,88.679035,88,43400.0,91.5
471515,Laundi,25.07146,79.97646,88,31500.0,45.7
471606,Khajuraho,24.828055,79.96226,88,31400.0,45.7
741126,Bethuadahari,23.62498,88.40083,88,38600.0,91.5
313207,Gilund,25.03534,74.24993,88,33100.0,91.5
735207,Chamurchi,26.86474,89.070255,88,46900.0,91.5
764044,Mathili,18.572735,82.17072999999999,88,34000.0,91.5
764046,Khairaput,18.402735,82.208175,88,34600.0,91.5
364505,Gariyadhar,21.530395,71.588525,88,31500.0,91.5
243635,Dataganj,27.975815,79.37313,88,35400.0,7.3
533464,"Yanam, Puducherry",16.7385032,82.2106199,88,35800.0,91.5
735225,Nagrakata,26.848845,88.928875,88,46500.0,91.5
613203,Thillaisthanam,10.88084,79.05001,88,29600.0,91.5
613204,Thiruvaiyaru,10.903885,79.11553,88,29400.0,91.5
141801,Khamano Kalan,30.826605,76.33161,88,35600.0,36.6
741162,Kasiadanga,23.5551,88.332295,88,38300.0,91.5
123301,Guriani,28.371465,76.56602000000001,88,29200.0,11.0
361210,Dhrol,22.56582,70.42418,88,32500.0,91.5
735223,Matelli,26.961225,88.81404,88,47300.0,91.5
403707,Navelim,15.252895,73.97438,88,52900.0,39.0
110058,Janakpuri,28.6282,77.0847,88,48400.0,28.7
D912916,"Medak, Telangana · D912916",17.9375095,78.211745,88,28700.0,91.5
591136,Yadwad,16.225215,75.168665,88,37100.0,100.0
591130,Salahalli,16.084049999999998,75.222655,88,37800.0,100.0
504346,Indervelli,19.49281,78.66644,88,31500.0,7.3
504307,Echoda,19.414025,78.545335,88,31200.0,7.3
621316,Viralimalai,10.587385,78.54009500000001,88,31700.0,91.5
630208,O.Siruvayal,10.11842,78.73436000000001,88,30600.0,91.5
741404,Santipur,23.258905,88.417795,88,37400.0,91.5
431507,Ashti,19.35874,76.21264500000001,88,46900.0,39.0
756139,Arasa,20.992205,86.60886500000001,88,32000.0,91.5
756163,Guamal,20.964555,86.595375,88,32000.0,91.5
460220,Bhainsdehi,21.617735,77.591705,88,28100.0,45.7
517391,Peddatippasamudram,13.752765,78.172465,88,31300.0,91.5
606708,Tanipadi,12.06895,78.84233499999999,88,36300.0,91.5
313333,Charbhuja,25.28995,73.73543,88,35100.0,91.5
794104,Fulbari,25.84188,90.043435,88,34000.0,91.5
325221,Chhipa Barod,24.562905,76.68563499999999,88,37600.0,91.5
243723,Islamnagar,28.250615,78.717635,88,36400.0,7.3
741255,Anulia,23.150735,88.50417,88,37200.0,91.5
442918,Pombhurna,19.908375,79.59231,88,33500.0,39.0
737116,Mangan,27.52503,88.549245,88,52800.0,91.5
735229,Sailihat,26.90538,88.687905,88,46400.0,91.5
500088,Samskruthi,17.416245,78.65080499999999,88,36800.0,7.3
502305,Bdl Bhanur,17.481749999999998,78.16823500000001,88,24700.0,7.3
314001,Dungarpur,23.781925,73.63817,88,45900.0,91.5
561204,Doddabelavangala,13.3512,77.40359000000001,88,35300.0,100.0
591219,Galataga,16.49846,74.46491,87,43800.0,100.0
613202,Kandiyur,10.86235,79.12737999999999,87,28700.0,91.5
413301,Modnimb,17.916265,75.401375,87,33400.0,39.0
614901,Alathur,10.513585,79.34597500000001,87,32100.0,91.5
613402,Sengipatti,10.72146,78.94235499999999,87,29500.0,91.5
441912,Tumsar,21.454305,79.6111,87,47200.0,39.0
561211,Manchennahalli,13.492965,77.605545,87,34300.0,100.0
591215,Benadi,16.529525,74.39077,87,43500.0,100.0
591216,Borgaon,16.610435,74.510835,87,45800.0,100.0
584113,Gabbur,16.35634,77.13685000000001,87,32300.0,100.0
243727,Rajpura,28.36312,78.376855,87,41000.0,7.3
243720,Bisauli,28.30526,78.95487,87,33200.0,7.3
623707,Paramakudi,9.553204999999998,78.58682,87,28700.0,91.5
623601,Abiramam,9.4614,78.448915,87,28600.0,91.5
441207,Desaiganj,20.6044,80.055785,87,39900.0,39.0
364740,Dhasa Jn,21.75407,71.61453499999999,87,31800.0,91.5
502345,Nagulpalle,17.664661593400098,77.88757324218751,87,17600.0,0.0
766105,Nawapara Tanwat,20.7524,82.52975,87,32100.0,91.5
766107,Khariar,20.294165,82.77115,87,32100.0,91.5
365645,Bhader,21.37917,70.908185,87,31300.0,91.5
431606,SRTMU Nanded,19.09078,77.265495,87,26200.0,39.0
630702,Ilayangudi,9.61364,78.61533,87,29600.0,91.5
502310,Allipur,18.20483,78.89394,87,28500.0,7.3
741153,Matiari,23.633985,88.20934,87,38400.0,91.5
502285,Kandi,17.55079,78.105805,87,21600.0,7.3
764047,Kalimela,18.110445,81.748085,87,34200.0,91.5
425426,Visarwadi,21.11989,73.966485,87,41800.0,39.0
243634,Binawar,28.110660000000003,79.25008,87,33300.0,7.3
243601,Budaun,27.95063,79.100395,87,35200.0,7.3
413305,Mangalvedha,17.473275,75.46195,87,30100.0,39.0
441212,Rajoli,20.1522,79.69342,87,34600.0,39.0
737101,Gangtok,27.3338349,88.614658,87,56500.0,91.5
251319,Sisauli,29.397625,77.44665499999999,87,24100.0,7.3
425416,Khandbara,21.286065,74.053535,87,43300.0,39.0
425417,Chinchpada,21.205625,73.87651,87,41200.0,39.0
431513,Hingoli,19.81655,77.108075,87,29900.0,39.0
243725,Saidpur,28.27455,79.04376500000001,87,33100.0,7.3
413211,Tembhurni,18.007550000000002,75.21479500000001,87,33900.0,39.0
585403,Bidar Gandhi Gunj,17.91535,77.57371499999999,87,35500.0,100.0
458228,Singoli,24.922,75.26967,87,29900.0,45.7
741150,Kaliganj,23.717415,88.221425,87,38800.0,91.5
470666,Pathariya,23.91874,79.202155,87,27600.0,45.7
110087,Sunder Vihar,28.66809,77.08565,87,63100.0,53.0
325209,Anta Gas Power Project Anta,25.150675,76.374635,87,34500.0,91.5
325216,Kishan Ganj,25.108445,76.709835,87,33500.0,91.5
242021,I.A. Babrala,28.28962,78.423205,87,41200.0,7.3
630103,Kanadukathan,10.18148,78.77926,87,30800.0,91.5
630104,Kandanur,10.100225,78.82124,87,30500.0,91.5
630102,Chettinad,10.143575,78.77525,87,30700.0,91.5
465449,Soyat Kalan,24.189755,76.17126,87,34600.0,45.7
136021,Kaul,29.82126,76.62509,87,39200.0,91.5
136034,Chika,30.075445,76.33771,87,32900.0,91.5
584139,Gurgunta,16.29724,76.653025,87,32600.0,100.0
458778,Bhensoda Mandi,24.488545,75.822235,87,31100.0,45.7
141003,Millerganj,30.905795,75.93271,87,36200.0,36.6
361162,Nikava,22.2543,70.44656499999999,87,32000.0,91.5
587121,Konnur,16.362445,75.40880999999999,87,34800.0,100.0
364320,Dhola,21.849145,71.73738499999999,87,31900.0,91.5
733124,Gangarampur,25.385807,88.5063362,87,45400.0,91.5
413108,Malinagar,17.91935,75.09848,87,33200.0,39.0
741251,Netajisubhas Sanatorium,22.973735,88.44309,87,36000.0,91.5
636808,Palacode,12.29062,78.00377499999999,87,35900.0,91.5
587117,Galagali,16.38792,75.49056999999999,87,34500.0,100.0
591247,Chikodi Sugar Factory,16.474510000000002,74.602755,87,44400.0,100.0
731215,Khujutipara,23.615255,87.92111,87,40100.0,91.5
442501,Chandrapur Ord Fact,20.149325,79.193175,87,31400.0,39.0
562164,Avathi,13.3146,77.685215,87,34100.0,100.0
410210,410210,19.07230930047477,73.05461883544923,87,34600.0,1.2
636804,Laligam,12.04548,78.183755,87,32600.0,91.5
630108,Puduvayal,10.05928,78.9075,87,30100.0,91.5
326039,Ghatoli,24.3132368,76.5221078,87,35300.0,91.5
335711,Mandi Gharsana,29.038635,73.03414000000001,87,32700.0,91.5
393025,Selamba,21.493785000000003,73.88749999999999,87,41800.0,91.5
614204,Pandaravadai,10.905945,79.24194,87,28800.0,91.5
614206,Pasupathikoil,10.875535,79.16659999999999,87,28600.0,91.5
614201,Ayyampet,10.887535,79.19409999999999,87,28700.0,91.5
445304,Wani,19.96573,78.93706499999999,87,31500.0,39.0
835228,Biru,22.728065,84.537965,87,31000.0,91.5
623529,Thangachimadam,9.27745,79.26856000000001,87,27900.0,91.5
413248,Pennur,17.74088,75.51273499999999,87,30600.0,39.0
413206,Kettur-II,18.28616,74.98692,87,38500.0,39.0
587313,Mudhol,16.32029,75.292425,87,35700.0,100.0
500098,Medipalli,17.402145,78.60141,87,28100.0,7.3
334202,Sinthal,27.95827,73.70000999999999,87,27800.0,91.5
201306,Surajpur,28.521494383998657,77.47421264648439,87,67400.0,1.2
613101,Nadukaveri,10.8433,79.042445,87,29300.0,91.5
421503,Manjarli,19.1849219130874,73.26128087289783,87,35100.0,0.0
735302,Domohani,26.6262805,88.7334485,87,44400.0,91.5
325218,ATRU,24.9208165,76.6821985,87,33100.0,91.5
591213,Ankali,16.504315,74.67482,87,44000.0,100.0
400201,Kopar,19.21651711432706,73.06594848632814,87,35000.0,3.7
416008,Rajarampuri,16.692,74.232,87,30100.0,57.9
133104,Saha,30.3435002,76.9493554,87,27400.0,91.5
403713,Majorda,15.31009,73.92475,87,52000.0,39.0
502269,Jagriyal,17.979976908715415,77.88757324218751,87,17600.0,0.0
250004,Hasanpur,28.96609636803482,77.80240348739659,87,26100.0,0.0
502246,Chilepalle,17.799796728535235,77.88757324218751,87,17600.0,0.0
334201,Napasar,27.940335,73.541875,87,27700.0,91.5
193502,"Baramula, Jammu And Kashmir",34.566667,74.75,87,30600.0,91.5
201307,Mamura,28.59899156770566,77.36709594726564,87,68300.0,9.8
515331,Lepakshi,13.83113,77.61793,87,34200.0,91.5
473249,Bajranggarh,24.554085,77.375935,87,33500.0,45.7
502319,Ramachandrapuram,17.498311614341947,78.2580789370637,87,17600.0,0.6
326035,Sarola,24.55842,76.46979999999999,87,38100.0,91.5
413317,Khardi,17.542830000000002,75.25573,87,40700.0,39.0
123102,Kund,28.1689,76.386945,87,34500.0,11.0
630107,Pallattur,10.13665,78.801345,87,30600.0,91.5
764059,Nabarangpur,19.282885,82.56055,87,32900.0,91.5
622102,Illuppur,10.53582,78.621055,87,31200.0,91.5
331811,Sudsar,28.10181,73.80969999999999,87,27400.0,91.5
361240,Balambha,22.7452,70.4208,87,32200.0,91.5
472331,Lidhora,25.11399,78.97973999999999,87,30200.0,45.7
503245,Navipet,18.799215,78.00503,87,26900.0,7.3
741235,Kalyani,22.974310000000003,88.44536,87,36000.0,91.5
500083,Nagaram,17.495555,78.60363,87,27100.0,7.3
471101,Chandra Nagar,24.726015,79.91743,87,30600.0,45.7
363642,Morbi Ppw,22.853405,70.90996999999999,87,34500.0,91.5
502300,Muthangi,17.490095,78.21777,87,23000.0,7.3
613201,Kalyanapuram,10.88554,79.13076,87,29000.0,91.5
613103,Thiruppanthuruthi,10.8559,79.07762500000001,87,29000.0,91.5
614211,Chakrapalli,10.89583,79.208065,87,28800.0,91.5
442914,Anandwan,20.31316,79.064085,87,31600.0,39.0
173030,Kala Amb,30.524315,77.233045,87,35200.0,91.5
393041,Ambawadi,21.53596,73.62942000000001,87,36100.0,91.5
630106,Kottaiyur,10.11659,78.79586,87,30600.0,91.5
328030,Panch Gaon,26.78736,77.781305,86,26200.0,91.5
502267,Ibrahimnagar,18.15616,78.94328999999999,86,28100.0,7.3
613601,Alakkudi,10.78312,79.05002,86,28400.0,91.5
613702,Attikkadai,10.75247,79.50582,86,31400.0,91.5
370160,Bhimasar,23.54013,70.86219,86,37300.0,91.5
331304,Taranagar,28.68588,74.94534999999999,86,29100.0,91.5
766118,Duajhar,20.211595000000003,82.71392,86,31900.0,91.5
323613,Indergarh,25.736395,76.165995,86,26500.0,91.5
501401,Medchal,17.642055,78.493975,86,23300.0,7.3
503246,Jannepalli,18.84728,78.07611,86,26600.0,7.3
441909,Mohadi,21.32656,79.641835,86,46500.0,39.0
441914,Andhalgaon,21.378445,79.598075,86,47000.0,39.0
413112,Shreepur,17.871904999999998,75.13123999999999,86,33200.0,39.0
325222,Bohat,25.204545,76.515135,86,33600.0,91.5
614905,Vadaseri,10.56733,79.34847500000001,86,31300.0,91.5
584116,Jalahalli,16.33291,76.79145,86,32200.0,100.0
441224,Mul,20.0748,79.53537,86,31800.0,39.0
301403,Harsauli,27.88933,76.634375,86,30100.0,91.5
335063,Sangaria,29.776155,74.449125,86,23700.0,91.5
136035,Guhla,29.986255,76.24895,86,32900.0,91.5
585305,Chandapur,17.435180000000003,77.54499,86,33000.0,100.0
585307,Chincholi,17.48361,77.44214,86,35300.0,100.0
403409,Betora I.E.,15.38255,74.023505,86,50500.0,39.0
334403,Bhinasar,27.964995,73.296685,86,27500.0,91.5
503308,Kammarpalli,18.868,78.496495,86,29400.0,7.3
563128,Kaiwara,13.333545,77.99179,86,30800.0,100.0
473665,Dinara,25.460795,78.285815,86,30600.0,45.7
431503,Sailu,19.490885,76.47107,86,41400.0,39.0
441206,Bramhapuri,20.517885,79.85977500000001,86,37500.0,39.0
441221,Talodhi Balapur,20.45647,79.667735,86,33900.0,39.0
441222,Sindewahi,20.35157,79.728395,86,36000.0,39.0
441223,Nawargaon,20.309435,79.581435,86,33100.0,39.0
203202,Bilaspur,28.403780747296384,77.60847599111814,86,67000.0,0.6
737120,Chungthang,27.666667,88.5,86,55200.0,91.5
201312,Murshadpur,28.377393970826702,77.53601074218751,86,67000.0,1.2
561203,Dargajogihalli,13.307713227732052,77.54013061523439,86,29300.0,6.7
502276,Kodurkurd,18.194565,78.84907,86,27800.0,7.3
247771,Ailum,29.269305,77.302095,86,30600.0,7.3
798602,Tizit,26.91886,95.02407,86,29300.0,91.5
798603,Champang,26.46541,94.99373,86,30400.0,91.5
328023,Basai Nabab,26.878615,77.805975,86,25100.0,91.5
441906,Bhandara Of,21.149435,79.567575,86,46300.0,39.0
431719,Mukaramabad,18.473375,77.35262,86,28200.0,39.0
613205,Vediapuram,10.8414,79.103785,86,28600.0,91.5
201305,Kakrala,28.55135414040336,77.42099761962892,86,66500.0,0.0
764086,Saradhapalli,18.239515,81.781885,86,33600.0,91.5
131001,Sonipat,28.9878,76.96889999999999,86,34900.0,91.5
473111,N.F.L.Vijaipur,24.50172,77.06791,86,33500.0,45.7
585313,Kamalapur,17.590989999999998,77.057705,86,36700.0,100.0
635202,Kambainallore,12.195935,78.28259,86,32800.0,91.5
835231,Bishunpur,23.410535,84.41077,86,31200.0,91.5
362510,Delvada,20.76516,70.98443,86,27100.0,91.5
764071,Papadahandi,19.41762,82.52128,86,32300.0,91.5
389232,Bakor,23.37638,73.635865,86,47100.0,91.5
325223,Atone,24.768015,76.520185,86,35900.0,91.5
326001,Jhalawar,24.650905,76.21795,86,36200.0,91.5
737126,Namchi,27.163875,88.37425,86,48000.0,91.5
737128,Melli Bazar,27.108145,88.40587,86,47200.0,91.5
328027,Saipau,26.81799,77.65124,86,26900.0,91.5
370150,Samkhiyali,23.26674,70.594415,86,35500.0,91.5
591239,Sadalga,16.522465,74.534625,86,42100.0,100.0
132102,Patti Kalyana,29.199635,77.04269,86,34300.0,91.5
723129,Bundwan,22.837765,86.524075,86,32900.0,91.5
471501,Maharajpur,25.022585,79.836525,86,30700.0,45.7
562163,NAGADENAHALLI,13.24831,77.54557,86,38400.0,100.0
473112,Gail Complex,24.456265,77.155795,86,33500.0,45.7
473222,Kumbhraj,24.383745,76.993855,86,33600.0,45.7
764051,Balimela,18.283455,82.13159999999999,86,34100.0,91.5
326021,Asnawar,24.4711,76.32848,86,36800.0,91.5
473110,Ruthiyai,24.54569,77.20246,86,33500.0,45.7
502273,Almaipet,17.777274206012713,78.09253414730384,86,17500.0,0.0
630105,Kothamangalam,10.19469,78.805185,86,30800.0,91.5
243633,Bilsi,28.116667,78.983333,86,31800.0,7.3
250223,Sakoti,29.19132159326005,77.69943237304688,86,26100.0,0.6
110035,Saraswati Vihar Tehsil,28.683281300854784,77.16191808339161,86,38600.0,32.3
614303,Vadakkumangudi,10.87295,79.21585999999999,86,28300.0,91.5
203412,Siyana,28.62281,78.03320500000001,86,39400.0,7.3
622515,Mathur Ind. Estate,10.657665,78.70202,86,31400.0,91.5
201008,201008,28.56282838550213,77.64461617553248,86,66800.0,0.0
441807,"Gondiya, Maharashtra",21.1456285,80.2683867,86,46800.0,39.0
323001,Bundi,25.4367659,75.7361471,86,25800.0,91.5
201314,Beel Akbarpur,28.5311873745372,77.60847599111814,86,66900.0,0.0
250005,Kithauli,28.96609636803482,77.59646125869716,86,26100.0,0.0
389120,Sant Road,22.842035000000003,73.75191,86,42100.0,91.5
764052,Chitrakonda,18.176695,82.081525,86,34300.0,91.5
591214,Bedkihal,16.50864,74.49479,86,42900.0,100.0
473226,Raghogarh,24.42419,77.21853,86,33600.0,45.7
585401,Bidar,17.91787,77.51049499999999,86,34300.0,100.0
363655,Amran,22.83889,70.52183,86,31800.0,91.5
585311,Kadaganchi,17.475295,76.65761,86,31800.0,100.0
614612,Perumagalur,10.200825,79.21186499999999,86,28400.0,91.5
250205,محی الدین پور,28.90239305441441,77.62662079982385,86,26100.0,0.6
622103,Muckanamalaipatti,10.470805,78.65787,86,30800.0,91.5
623701,Emaneswaram,9.55121,78.57323,86,28000.0,91.5
389210,Shehera,22.962085,73.66954000000001,86,41500.0,91.5
503225,Modtad,18.816735,78.47729000000001,86,29100.0,7.3
515341,Chilamathur,13.818955,77.69198499999999,86,30500.0,91.5
503218,Kissannagar,18.910505,78.402345,86,28900.0,7.3
835203,Bharno,23.233435,84.871375,86,30600.0,91.5
403709,Curtorim,15.27409,74.03166,86,50900.0,39.0
360024,Veraval,22.162295,70.80983499999999,85,30800.0,91.5
635205,Periyanahalli,12.241255,78.20417499999999,85,31500.0,91.5
388400,"Anand, Gujarat · 388400",22.4739858,72.7361779,85,25600.0,91.5
132157,Nigdhu,29.807435,76.791495,85,32800.0,91.5
835223,Simdega,22.61194,84.39949999999999,85,30400.0,91.5
431514,Gangakhed,18.930855,76.73808,85,28900.0,39.0
360021,Rajkot Metoda Gidc,22.243365,70.61634000000001,85,30800.0,91.5
360020,Kasturbadham,22.19383,70.91522499999999,85,31000.0,91.5
365640,Dhari,21.26131,71.00589,85,30400.0,91.5
585227,Mannakhelli,17.681649999999998,77.35752500000001,85,35300.0,100.0
816104,Hiranpur,24.702865,87.62914,85,32100.0,65.2
766108,Sinhapalli,20.10562,82.58709,85,31700.0,91.5
585327,Basavakalyan,17.89339,76.926795,85,37300.0,100.0
133101,Bihta,30.28037,76.92062,85,26800.0,91.5
798622,Naginimora,26.77907,94.825195,85,29900.0,91.5
591227,Kaujalgi,16.19368,75.04990000000001,85,36600.0,100.0
472339,Digoda,24.909375,78.90369000000001,85,30600.0,45.7
502375,Palamakula,18.08215,78.963285,85,27200.0,7.3
471411,Gadimalehara,25.029645,79.724605,85,30600.0,45.7
471625,Rajnager,24.93984,79.87878,85,30600.0,45.7
764061,Kosagumuda,19.299965,82.246475,85,32300.0,91.5
636704,Annasagaram,12.12645,78.19800000000001,85,30100.0,91.5
614802,Kuruvikarambai,10.27043,79.27049500000001,85,28100.0,91.5
431536,Ranisawargaon,18.88586,76.90434,85,28600.0,39.0
622504,Kulathur,10.591605,78.772885,85,30600.0,91.5
325219,Salpura,24.773465,76.677505,85,35300.0,91.5
472221,Palera,24.980055,79.21216000000001,85,31200.0,45.7
431511,Purna,19.19595,77.05328499999999,85,27000.0,39.0
393040,Dediapada,21.686065,73.67887999999999,85,37700.0,91.5
140802,Sanghol,30.80259,76.386435,85,34600.0,36.6
370145,Lakadia,23.333785,70.80341,85,35800.0,91.5
622101,Annavasal,10.467815,78.73606,85,30500.0,91.5
503144,Ramareddy,18.40525,78.453115,85,25100.0,7.3
203402,Bb  Nagar,28.649050000000003,77.97021000000001,85,37800.0,7.3
413303,Ashti,17.845115,75.401755,85,32100.0,39.0
502107,Pullur,18.184525,78.77738,85,25700.0,7.3
585212,Ghanagapur T,17.15965,76.493975,85,30900.0,100.0
393151,Kevadia Colony,21.884725,73.776505,85,40100.0,91.5
323021,Talera,25.260155,75.716475,85,26100.0,91.5
403722,Verna,15.35354,73.937545,85,50100.0,39.0
364730,Dhasa Gam,21.85796,71.546945,85,31200.0,91.5
613002,Karuntattankudi,10.802499999999998,79.117475,85,27700.0,91.5
835212,Kurdeg,22.494255000000003,84.21418,85,30600.0,91.5
585213,Station Ghanagapur,17.34066,76.609955,85,30900.0,100.0
401305,Virar East,19.460585,72.821575,85,34200.0,39.0
382620,"Gandhinagar, Gujarat",23.2819525,72.6536309,85,25600.0,91.5
744207,"South Andaman, Andaman &Nicobar",10.7056905,92.4874679,85,25500.0,91.5
383315,"Sabar Kantha, Gujarat",23.5,73.25,85,25600.0,91.5
562129,Somattanahalli,13.169085434871482,77.76723640454662,85,28500.0,1.2
503307,Bhimgal,18.693805,78.47686999999999,85,27300.0,7.3
403601,Margao,15.274895,73.968995,85,49800.0,39.0
584126,Mosarkal,16.37743,77.04909,85,31900.0,100.0
425419,Khapar,21.605605,73.907535,85,42200.0,39.0
413315,Bhosa,17.780865,75.241315,85,38400.0,39.0
176209,Gaggal,32.16027,76.273035,85,30000.0,91.5
794114,Rongra,25.248815,90.86917,85,38200.0,91.5
335502,Kalana,28.953815,75.02875,85,25700.0,91.5
471315,Isanagar,24.897655,79.432605,85,30600.0,45.7
472005,Kundshwer,24.65694,78.82036500000001,85,30600.0,45.7
460001,Betul,21.8797472,77.8753651,85,28400.0,45.7
613003,Vennar Bank,10.826265,79.16577,85,27700.0,91.5
614301,Melattur,10.841415,79.239385,85,27600.0,91.5
622402,Kulipirai,10.317065,78.62337,85,30700.0,91.5
585306,Chimmanchod,17.529220000000002,77.27918,85,34700.0,100.0
110004,"New Delhi, Delhi",28.6138954,77.2090057,85,36200.0,53.0
425415,Akkalkuwa,21.649835,74.02701,85,43400.0,39.0
636813,Biliyanur Agraharam,12.110615,77.961325,85,34200.0,91.5
585326,Aurad,18.249475,77.44967,85,34400.0,100.0
325205,Baran MDG,25.063565,76.51173,85,33500.0,91.5
503165,Darpalli,18.56093,78.488475,85,25500.0,7.3
326023,Jhalara Patan City,24.46359,76.226245,85,35300.0,91.5
131101,Ganaur,29.129015000000003,77.017435,85,32800.0,91.5
622409,Rangiem,10.244295,78.65082000000001,85,30700.0,91.5
764075,Kodinga,19.33093,82.34549999999999,85,32100.0,91.5
622104,Vayalogam,10.41126,78.687285,85,30600.0,91.5
331029,Dudhwakhara,28.481315,75.138995,85,28400.0,91.5
243726,Wazirganj,28.187625,79.06714,85,32200.0,7.3
243639,Ujhani,28.00467,79.00142,85,34000.0,7.3
503217,Balkonda,18.869295,78.342685,85,28100.0,7.3
622002,Tirugokarnam,10.40318,78.687095,85,30600.0,91.5
613004,Thanjavur Medical College,10.769715,79.08548,85,27600.0,91.5
562110,Shetterahalli,13.259175524961572,77.67471313476564,85,28500.0,1.2
416001,Kolhapur City Center,16.705,74.2433,85,28700.0,53.7
764045,Malkangiri,18.394275,81.882015,85,33200.0,91.5
D501341,"Bikaner, Rajasthan · D501341",28.1161617,73.110567,85,26000.0,91.5
176047,Nagrota Bagwan,32.083755,76.39318,85,30400.0,91.5
323023,Hindoli,25.56633,75.48653,85,26200.0,91.5
D469416,"Amreli, Gujarat · D469416",21.4176122,71.249609,85,30400.0,91.5
176214,Tiara,32.135625000000005,76.22190499999999,85,30200.0,91.5
176207,Sihunta,32.328540000000004,76.11739,85,30400.0,91.5
326038,Khanpur,24.727865,76.357495,85,35900.0,91.5
362520,"Diu, Daman  & Diu",20.7159534,70.9785005,85,25600.0,91.5
364525,Vanda,21.377865,71.51336,85,30500.0,91.5
365560,Rajula,21.044795,71.454475,85,30000.0,91.5
132122,Atta,29.241855,77.10533,85,33700.0,91.5
365541,UTCL Kovaya,20.907380000000003,71.45674,85,29700.0,91.5
314403,Simalwara,23.52473,73.70436000000001,85,45500.0,91.5
201001,Ghaziabad,28.66597993573544,77.49257330894815,85,25600.0,3.7
323024,Baranaya Gaon,25.49475,75.44669999999999,85,26100.0,91.5
503311,Vailpur,18.795355,78.385145,85,28100.0,7.3
365555,Dungar,21.04815,71.596355,85,30400.0,91.5
201102,Rameshwar Park,28.788641512986167,77.30581283569337,85,25700.0,0.0
389250,Diwda Colony,23.351985,73.79793000000001,85,46100.0,91.5
613401,Tirumalaisamudram East,10.718435,79.00627499999999,85,28400.0,91.5
471111,Harpalpur,25.22786,79.37302,85,29200.0,45.7
472001,Tikamgarh,24.77261,78.93369,85,31300.0,45.7
D809540,"Nizamabad, Telangana · D809540",18.7248422,78.1921833,84,25200.0,91.5
613001,Thanjavur,10.78264,79.15280999999999,84,26900.0,91.5
365550,Dedan,21.02856,71.23771500000001,84,29400.0,91.5
587113,Belagali,16.378194999999998,75.190365,84,33900.0,100.0
562122,Nandagudi,13.186,77.89663,84,44100.0,100.0
793114,Mawkyrwat,25.3749,91.286495,84,36500.0,91.5
124106,Matenhail,28.556536442585504,76.52213710694525,84,20300.0,0.0
503202,Edapalli,18.65592,77.999145,84,24700.0,7.3
328041,Kanchanpur,26.716175,77.675445,84,27500.0,91.5
431512,Basmathnagar,19.36981,77.144435,84,26900.0,39.0
614803,Ottangadu,10.35116,79.280395,84,27700.0,91.5
502324,Icrisat,17.496935,78.26689999999999,84,19500.0,7.3
323022,Namana,25.181555,75.57338999999999,84,25800.0,91.5
245101,Hapur,28.740871142809592,77.69943237304688,84,25300.0,0.0
560103,Sarjapur Road,12.9013,77.6791,84,47600.0,41.5
473001,Guna,24.64513,77.365785,84,31800.0,45.7
502103,Siddipet,18.102315,78.84645499999999,84,26300.0,7.3
442906,Segaon,20.39761,79.227445,84,30400.0,39.0
201204,201204,28.853483755422207,77.47649337083975,84,25300.0,0.0
502108,Dubbak,18.150055,78.655825,84,24400.0,7.3
472115,Khargapur,24.79442,79.15765,84,30600.0,45.7
471301,Gulganj,24.770395,79.4828,84,30200.0,45.7
471405,Bijawar,24.560675,79.658465,84,29400.0,45.7
412110,Bhosari,18.633557892010256,73.88411329370022,84,35900.0,0.0
622412,Virachilai,10.310545,78.692895,84,30500.0,91.5
585324,Sulahpeth,17.422150000000002,77.28837,84,34100.0,100.0
365540,Jafrabad,20.904665,71.36012500000001,84,29300.0,91.5
D516565,"Banswara, Rajasthan · D516565",23.4915047,74.3502172,84,37700.0,91.5
613502,Pundi-TJ,10.774835,79.238235,84,26400.0,91.5
471201,Nowgong,25.055955,79.503235,84,29200.0,45.7
471001,Chhatarpur,24.928105,79.616195,84,29900.0,45.7
585104,GB N Gunj,17.483605,76.808945,84,31200.0,100.0
584111,Deodurga,16.399659999999997,76.972695,84,31500.0,100.0
201009,Masuri,28.69270928614202,77.53601074218751,84,25300.0,0.6
472118,Jatara,24.956365,79.03912,84,30700.0,45.7
585402,Bidar G.N.Jhira,18.011024999999997,77.48882,84,33200.0,100.0
431720,Palam,19.015945,76.969345,84,27500.0,39.0
835226,Thethaitangar,22.459110000000003,84.48837,84,30300.0,91.5
331801,Momasar,28.12837,74.12086500000001,84,26200.0,91.5
503186,Sarangapur,18.71667,78.02732499999999,84,24700.0,7.3
835208,Ghaghra,23.253625,84.59555499999999,84,30000.0,91.5
476224,Kelaras,26.356825,77.591235,84,25100.0,45.7
473660,Karera,25.453815,78.1589,84,29400.0,45.7
614628,Tiruchitrambalam,10.39801,79.183795,84,27600.0,91.5
124107,Dighal,28.762323624312952,76.66266868624093,84,20500.0,0.0
562132,Isuvanahalli,13.195100615119442,77.33988244663844,84,28300.0,0.0
613009,Thanjavur West,10.78984,79.12668500000001,84,27400.0,91.5
764074,Raighar,19.91699,82.12038999999999,84,31400.0,91.5
364765,Ugamedi,21.996315000000003,71.65412,84,30900.0,91.5
585416,Hulsoor,18.05909,77.018925,84,34800.0,100.0
585330,Humnabad,17.754635,77.111595,84,36100.0,100.0
572111,Amruthur,12.874965,76.93834,84,32400.0,100.0
562103,Nandi,13.380475,77.714335,84,29800.0,100.0
622404,Nachandupatti,10.346875,78.72527,84,30400.0,91.5
766111,Boden,20.304745,82.550505,84,31300.0,91.5
623706,Pambur,9.475215,78.54244,84,26500.0,91.5
585226,Kamthana,17.820725000000003,77.424865,84,33600.0,100.0
585316,Mahagaon,17.54394,76.81525500000001,84,31300.0,100.0
585331,Rajeshwar,17.775460000000002,77.00499500000001,84,35700.0,100.0
472010,Badagaon,24.54213,78.96004500000001,84,29400.0,45.7
365650,Khambha,21.11654,71.19368,84,29600.0,91.5
764088,Turudihi,19.971035,81.93989,84,31800.0,91.5
585437,Mudbi,17.698549999999997,76.936755,84,35800.0,100.0
613503,Sri Pushpam College,10.771265,79.250485,84,26400.0,91.5
613007,Voc Nagar,10.76875,79.124315,84,27000.0,91.5
622507,Tirumayam,10.25739,78.720925,84,30400.0,91.5
364522,Badhada,21.20117,71.345485,84,29800.0,91.5
364530,Vijpadi,21.242435,71.479265,84,30200.0,91.5
328024,Maniya,26.836455,77.94526,84,24300.0,91.5
314406,Peeth,23.49961,73.77402000000001,84,45200.0,91.5
636809,Paupparapatti,12.21893,78.04092,84,32100.0,91.5
460110,Athanair,21.552145000000003,77.888455,84,26500.0,45.7
425452,Molgi,21.761885,73.945415,84,42100.0,39.0
472111,Baldeogarh,24.761395,79.106435,84,30600.0,45.7
502114,Irkode,18.10203,78.76120499999999,84,24700.0,7.3
835235,Gotra,22.57065,84.37902,84,30400.0,91.5
364760,Ningala,22.012915,71.74244,84,31000.0,91.5
614804,Peravurni,10.291055,79.20089999999999,84,28200.0,91.5
614623,Avanam,10.31507,79.14167499999999,84,28400.0,91.5
622501,Cauvery Nagar,10.4774,78.81555,84,30200.0,91.5
334022,Udasar,28.15484,73.52892,84,25900.0,91.5
314404,Vikasnagar,23.660465,73.701515,84,44800.0,91.5
502336,Kadlakal,17.72629,78.50448499999999,84,24300.0,7.3
412307,412307,18.51994680349436,74.00226575260659,84,35900.0,1.2
471311,Badamalehara,24.549655,79.38934,84,30000.0,45.7
132054,Garhi Birbal,29.869655,77.15229,84,28600.0,91.5
585353,Maniknagar,17.82623,77.115525,83,35500.0,100.0
585417,Kamalnagar,18.238175,77.210475,83,33100.0,100.0
460440,Shahpur,22.22873,77.963275,83,28900.0,45.7
613303,Kurungulam Melpathi,10.633780000000002,79.050645,83,27200.0,91.5
502295,P.R.Pally Chowrasta,17.536324999999998,78.05058,83,17400.0,7.3
503001,Nizamabad,18.67078,78.078385,83,24500.0,7.3
441205,Nagbhid,20.62373,79.66925499999999,83,36000.0,39.0
325220,Chhabra,24.63034,76.914805,83,32200.0,91.5
613010,Tamil University,10.747945,79.088885,83,27100.0,91.5
613005,Raja Serfoji Govt College,10.741505,79.11071,83,26600.0,91.5
502277,Duddeda,18.028345,78.894725,83,25800.0,7.3
572142,Yediyur,12.991715,76.85992,83,36100.0,100.0
394716,Subir,20.951255,73.781,83,35800.0,91.5
326513,Sunel,24.302775,75.99954,83,31700.0,91.5
314402,Dhambola,23.60795,73.77586500000001,83,44000.0,91.5
124108,Machrauli,28.43737,76.65048,83,29000.0,11.0
401203,Sopara,19.424115,72.79830000000001,83,34100.0,39.0
471105,Bamitha,24.78767,79.779785,83,29500.0,45.7
410505,Gulani,18.858783117235483,73.97918701171876,83,35700.0,0.0
133102,Kesri,30.231965,76.91954,83,26300.0,91.5
585320,Nidgunda,17.2808,77.36203499999999,83,33600.0,100.0
471318,Buxwaha,24.25606,79.31761,83,26900.0,45.7
622005,Pudukkottai Collectrate,10.383185,78.81184999999999,83,30200.0,91.5
431718,Kardkhed,18.45857,77.491635,83,24300.0,39.0
585443,Mudhol,18.26274,77.290925,83,33500.0,100.0
722135,Gorabari,22.88699,86.722695,83,32200.0,91.5
124508,Bahadurgarh Mandi,28.662875,76.86344500000001,83,32400.0,11.0
431717,Degloor,18.555585,77.561845,83,25400.0,39.0
131403,Rohat,28.93143,76.96203,83,35400.0,91.5
622503,Konapet,10.18163,78.71576999999999,83,29100.0,91.5
364750,Gadhada Sn,22.020415,71.474215,83,30600.0,91.5
622004,Pudukkottai Ind. Estate,10.42538,78.85772499999999,83,30000.0,91.5
203408,Gulaothi,28.55142,77.81301500000001,83,36100.0,7.3
335512,Satipura,29.633503131638,74.29611275870339,83,19500.0,1.2
328029,Marena,26.754395,78.054615,83,23900.0,91.5
793115,Sohiong,25.49931,91.74163,83,32300.0,91.5
331803,Shri Dungargarh,28.01752,74.05079,83,25500.0,91.5
722148,Ranibandh,22.836615,86.775335,83,32000.0,91.5
585412,Chitguppa,17.700945,77.212755,83,34200.0,100.0
360110,Paddhari,22.424635,70.57039,83,29900.0,91.5
384240,Harij,23.732205,71.90815,83,40700.0,91.5
D214617,"Barddhaman, West Bengal",23.25,87.75,83,36000.0,91.5
335525,Ramzanpura,29.45718720540497,74.44705629018843,83,19500.0,0.0
361220,Latipur,22.704875,70.55145,83,30700.0,91.5
201015,Nigrawati Nigrayti,28.71160418031827,77.58925161588506,83,24600.0,0.0
133201,Barara,30.212035,77.02293,83,26600.0,91.5
203411,Saidpur,28.607795000000003,77.884695,83,36100.0,7.3
585322,Ratkal,17.460195,77.0679,83,33400.0,100.0
764077,Chandahandi,19.807825,82.47786500000001,83,31100.0,91.5
365635,Motasamdhiyala,21.23672,71.22599,83,29500.0,91.5
587312,Mahalingpur,16.386195,75.11318,83,33900.0,100.0
481884,Gorakhpur,22.64636,81.546425,83,31600.0,45.7
613403,Vallam-TJ,10.71418,79.070025,83,27100.0,91.5
622303,Tiruvarankulam,10.355754999999998,78.88421,83,30000.0,91.5
384245,Sami,23.644385,71.63199499999999,83,42100.0,91.5
622505,Ramachandrapuram,10.22283,78.78417999999999,83,30300.0,91.5
124102,Gudha,28.615870539671818,76.61006927490236,83,20100.0,0.0
585421,Santhpur,18.110275,77.49168,83,32600.0,100.0
722158,Saltora,23.465955,86.9405,83,32600.0,91.5
131022,Bhatgaon,28.9903,76.89168000000001,83,27900.0,91.5
636803,Indur,12.10842,78.040235,83,30000.0,91.5
613501,Mariammancoil,10.78397,79.19919999999999,83,26500.0,91.5
412105,Alandi,18.697261205630664,73.91195974099524,83,35900.0,0.0
245301,Dhaulana,28.663966753015973,77.64305270936072,83,24700.0,0.0
412216,412216,18.63261261261261,74.06570357093172,83,35300.0,1.8
124504,Dulhera,28.65365145951716,76.80016168623509,83,19900.0,0.0
124507,Saulda,28.68003823598684,76.87271118164062,83,19900.0,0.0
585210,Kurkunta C.F,17.186355,77.353445,83,34900.0,100.0
141008,Central Post Office,30.95662,75.83381,83,33600.0,36.6
401102,Umbarpada,19.570175,72.839215,83,33300.0,39.0
326037,Manohar Thana,24.281555,76.81154000000001,83,33000.0,91.5
326022,Bakani,24.285665,76.26839,83,33300.0,91.5
411025,411025,18.4245859996766,73.75945888889335,83,35800.0,1.2
793200,Khliehriat,25.28788,92.507685,83,32800.0,91.5
365535,Liliya,21.518145,71.39968999999999,83,30100.0,91.5
587314,Rabkavi,16.466079999999998,75.10943,83,33400.0,100.0
147111,Devigarh,30.16813,76.53764,83,29900.0,36.6
622001,Pudukkottai,10.38049,78.820315,83,30100.0,91.5
473113,Myana,24.819295,77.40487,83,30900.0,45.7
502001,Sangareddy,17.610979999999998,78.08257,83,17300.0,7.3
502313,Narsapur,17.74121,78.31054,83,22000.0,7.3
585265,Gobbur,17.182744999999997,76.61216999999999,83,30500.0,100.0
471313,Ghaura,24.50859,79.13416000000001,83,28700.0,45.7
722162,Fulkusma,22.724095,86.81743499999999,83,32200.0,91.5
335526,5 GGR,29.520890519025382,74.52026367187501,83,19400.0,0.0
585329,Hoodgi,17.75975,77.23757499999999,83,34200.0,100.0
473105,Bamori,24.833185,77.09230500000001,83,31300.0,45.7
614630,Attani,10.12224,79.16118499999999,82,27200.0,91.5
793210,Lumshnong,25.14146,92.49894,82,32200.0,91.5
431702,Kalamnuri,19.65879,77.27339,82,26400.0,39.0
110045,Mahavir Enclave,28.60454052249523,77.08886105243033,82,48200.0,22.0
614615,Aladikkumulai,10.475595,79.2673,82,26600.0,91.5
816107,Pakur,24.62991,87.805,82,32400.0,65.2
816106,Maheshpur Raj,24.49312,87.688785,82,32100.0,65.2
764076,Jharigam,19.706085,82.42892499999999,82,30700.0,91.5
473775,Pohari,25.5211,77.296825,82,20500.0,45.7
326036,Raipur,24.36085,76.12555,82,31100.0,91.5
328026,Sarmathura,26.45019,77.386875,82,26400.0,91.5
401506,Tarapur Ti,19.800805,72.73004,82,32900.0,39.0
401404,Palghar,19.69744,72.76439500000001,82,33000.0,39.0
401202,Bassein Road,19.37799,72.82478499999999,82,33500.0,39.0
370155,Adesar,23.437025,71.18215000000001,82,38100.0,91.5
622202,Kilanilai,10.166715,78.92077499999999,82,28700.0,91.5
793120,Mairang,25.65307,91.663885,82,32600.0,91.5
401402,Kelwa-mahim,19.65577,72.74468999999999,82,33000.0,39.0
622502,Keeranur,10.605325,78.83187000000001,82,28900.0,91.5
403602,Fatorda,15.29555,73.971565,82,45800.0,39.0
614614,Tiruvonam,10.49864,79.19332,82,26500.0,91.5
835230,Noadih,23.159165,84.11882,82,29800.0,91.5
502247,Makkarajpet,17.997275000000002,78.58821,82,22500.0,7.3
614626,Pappanad,10.539495,79.28318,82,25800.0,91.5
132041,Indri,29.84539,77.0489,82,27900.0,91.5
585436,Thanna Kushnoor,18.16635,77.34156,82,33200.0,100.0
793160,Ladrymbai,25.27249,92.267015,82,33200.0,91.5
722143,Mejhia,23.556795,87.09277499999999,82,32700.0,91.5
328001,Dholpur,26.69799,77.920965,82,24300.0,91.5
440001,Nagpur Sadar / Civil Lines,21.159,79.087,82,28700.0,43.9
442903,Chimur,20.402645,79.414295,82,31500.0,39.0
132115,Hathwala,29.182075,77.11015,82,31000.0,91.5
133202,Dhin,30.23897,77.11562,82,26200.0,91.5
401504,Tarapur App,19.82188,72.73334,82,32900.0,39.0
503213,Makloor,18.80457,78.162275,82,24700.0,7.3
722137,Jhantipahari,23.32591,86.85329,82,32300.0,91.5
502296,Ismailkhanpet,17.686525,78.20335,82,19100.0,7.3
384241,Mujpur,23.5545,71.73696000000001,82,40100.0,91.5
835229,Basia,22.917715,84.813525,82,29100.0,91.5
431701,Akhada Balapur,19.511560000000003,77.31251,82,26600.0,39.0
502372,Kondapak,18.008435,78.77802,82,24600.0,7.3
365220,Damnagar,21.66734,71.51667,82,30000.0,91.5
503002,Subhashnagar,18.69683,78.113,82,24300.0,7.3
502314,Sirpura,17.817655000000002,78.13755,82,18800.0,7.3
502110,Medak,18.045395,78.26425,82,21300.0,7.3
136020,Dhand,29.878465,76.593705,82,31800.0,91.5
614620,Manamelkudii,10.05148,79.20503,82,27300.0,91.5
389115,Morva Hadaf,22.9684,73.854895,82,40400.0,91.5
401405,Satpati,19.71615,72.7572,82,33000.0,39.0
401401,Kelwa,19.63585,72.769215,82,33100.0,39.0
585418,Dubalgundi,17.874885,77.13688,82,34900.0,100.0
123024,Satnali,28.35866,75.98929,82,35100.0,11.0
614617,Ammapattinam,10.016565,79.22211,82,27400.0,91.5
401502,Tarapur,19.84239,72.68714,82,32800.0,39.0
442904,Neri,20.43963,79.526365,82,31800.0,39.0
460447,Sarni,22.140015,78.20592500000001,82,28100.0,45.7
585318,Mudhol,17.016185,77.37029000000001,82,34300.0,100.0
476228,Pahadgarh,26.122995,77.63429500000001,82,20800.0,45.7
502316,Kowdipally,17.87133,78.23535,82,21800.0,7.3
503180,Shakkarnagar,18.658985,77.91868,82,22800.0,7.3
133203,Mullana,30.29412,77.078505,82,26300.0,91.5
622003,Rajagopalapuram,10.35426,78.802825,82,30200.0,91.5
460663,Dunawa,21.87891,78.46811,82,36600.0,45.7
365480,Vadia,21.68953,70.82744,82,30000.0,91.5
737121,Naya Bazar,27.18125,88.19923,82,44900.0,91.5
585367,"Central University of Karnataka,Kad",17.433079999999997,76.670875,82,30500.0,100.0
431402,Mau Parbhani,19.236425,76.83333999999999,82,27600.0,39.0
364710,Botad,22.158105,71.69051999999999,82,30300.0,91.5
431516,Sonpeth,19.041085,76.520635,82,33800.0,39.0
503207,Kotgir,18.567705,77.79376500000001,82,22400.0,7.3
622209,Kilanilaikottai,10.166715,78.83185499999999,82,29000.0,91.5
D529633,"Jhabua, Madhya Pradesh · D529633",22.8869652,74.7243249,82,40400.0,91.5
476355,476355,25.73618786846793,77.10688914587493,82,13000.0,0.0
133207,Mullana Engineering College,30.25099,77.044775,82,26200.0,91.5
473995,Pichhore,25.21828,78.25651,82,28500.0,45.7
622422,Sivapuram,10.336325,78.77031,82,30300.0,91.5
385360,Varahi,23.79261,71.397145,82,40500.0,91.5
364515,Savarkundla,21.353405,71.34349499999999,81,29100.0,91.5
591312,Mudalgi,16.317574999999998,74.97935,81,33900.0,100.0
585411,Bhatambra,18.11074,77.116885,81,32400.0,100.0
585222,Sedam,17.07675,77.275035,81,33300.0,100.0
737111,Gayzing,27.411055,88.32122,81,47100.0,91.5
365620,Chital,21.72378,71.20494,81,29500.0,91.5
503111,Kamareddy,18.319815,78.33558,81,20900.0,7.3
122004,Sector 77,28.36082913811331,77.01322236056504,81,52000.0,0.0
835220,Palkot,22.886905,84.63003499999999,81,29000.0,91.5
503120,Yerrapahad,18.325845,78.20876,81,20700.0,7.3
503112,Kamareddy RS,18.332795,78.392065,81,20900.0,7.3
431508,Bori,19.4733,76.722525,81,27700.0,39.0
503322,Telangana University,18.618215,78.218475,81,23300.0,7.3
326502,Bhawanimandi,24.40613,75.86678,81,29200.0,91.5
389230,Lunawada,23.21325,73.697825,81,38300.0,91.5
389110,Mora,23.06274,73.8323,81,39900.0,91.5
193224,"Kupwara, Jammu And Kashmir",34.5140696,74.191367,81,28800.0,91.5
457990,Jobat,22.411015,74.573185,81,43100.0,45.7
481882,Gadasarai,22.792985,81.33325,81,30700.0,45.7
622201,Arimalam,10.26132,78.901515,81,29000.0,91.5
503224,Armoor,18.79097,78.28816,81,24700.0,7.3
473880,Narwar,25.639945,78.07156,81,28000.0,45.7
335707,Gharsana,28.884365000000003,73.04947999999999,81,23200.0,91.5
471408,Satai,24.74287,79.61589000000001,81,28600.0,45.7
722132,Chhatna,23.34316,86.98216500000001,81,32000.0,91.5
363650,Tankara,22.547825,70.731195,81,29500.0,91.5
460661,Multai,21.78813,78.292325,81,34100.0,45.7
614801,Arasarkulam,10.204585,79.11465,81,27200.0,91.5
385350,Santalpur,23.76724,71.18688499999999,81,38700.0,91.5
136135,Shahabad,30.15349,76.86964,81,26300.0,91.5
460554,Bordehi,22.054685,78.318285,81,27300.0,45.7
365435,Chavand,21.820985,71.3923,81,29700.0,91.5
473865,Magroni,25.708605,78.02583999999999,81,28000.0,45.7
365455,Mota-ankadiya,21.660035,71.11214000000001,81,29500.0,91.5
394730,Waghai,20.743585000000003,73.58947,81,32900.0,91.5
460443,Ghoradongari,22.09914,78.02842,81,27700.0,45.7
473793,Berad,25.68382,77.457485,81,20400.0,45.7
585419,Matala,17.80295,76.80123499999999,81,30000.0,100.0
364521,Jira,21.42649,71.34212500000001,81,28900.0,91.5
591310,Kulgod,16.273744999999998,75.05738,81,34200.0,100.0
503003,Nizamabad RS,18.69423,78.145235,81,24100.0,7.3
389265,Malvan,23.21522,73.78899,81,38600.0,91.5
365630,Chalala,21.40963,71.152945,81,29000.0,91.5
460449,Pathakheda,22.137935,78.14026,81,28000.0,45.7
365430,Lathi,21.69376,71.354545,81,29500.0,91.5
614622,Silattur,10.25859,78.959915,81,28400.0,91.5
585308,Farhatabad,17.15962,76.76664500000001,81,29800.0,100.0
614805,Subramaniapuram,10.194575,79.14386,81,27100.0,91.5
503145,Sadasivanagar,18.42807,78.22763499999999,81,21000.0,7.3
431521,Daithana,19.12583,76.72626500000001,81,27800.0,39.0
722136,Indpur,23.16993,86.873295,81,31800.0,91.5
793150,Jowai,25.490145,92.381175,81,33700.0,91.5
502115,Akkannapet,18.148285,78.3604,81,20100.0,7.3
502101,Ramayampet,18.11656,78.434135,81,20000.0,7.3
614019,Vaduvur,10.699365,79.26696999999999,81,25100.0,91.5
722183,Mejia Th Power Station,23.47228,87.14114000000001,81,32200.0,91.5
457888,Sondwa,22.06827,74.30437,81,44300.0,45.7
502117,Rajpally,18.02281,78.32353499999999,81,21100.0,7.3
365460,Lunidhar,21.749045,71.13272,81,29600.0,91.5
502255,Chegunta,17.922285000000002,78.35699,81,20800.0,7.3
502248,Narsingee,18.039115,78.43259499999999,81,20200.0,7.3
737113,Pelling,27.434995,88.202455,81,46500.0,91.5
503223,Zirayathnagar,18.805885,78.269655,81,24700.0,7.3
365410,Chamaradi,21.86428,71.16975500000001,81,29800.0,91.5
722173,Jorda,23.17074,86.81835000000001,81,32000.0,91.5
503124,Lingampet,18.252665,78.148015,81,20500.0,7.3
431705,Aundha Nagnath,19.529215,77.03583,81,26600.0,39.0
503175,Dichpalli RS,18.67201,78.273895,81,23400.0,7.3
431540,Zari,19.39859,76.806555,81,27600.0,39.0
431401,Parbhani,19.27129,76.76192499999999,81,27900.0,39.0
441907,Gobarwahi,21.54724,79.73175499999999,81,36800.0,39.0
431509,Jintur,19.604845,76.698475,81,27500.0,39.0
326033,Aklera,24.375905,76.55932000000001,81,32500.0,91.5
473585,Bamorkalan,24.967795,78.189805,81,29700.0,45.7
816117,Pakuria,24.332415,87.66168,81,33600.0,65.2
764072,Dabugam,19.53625,82.32406,81,30000.0,91.5
D815885,"Pratapgarh, Rajasthan",24.0232221,74.6250275,81,32500.0,91.5
614616,Arantangi,10.157165,79.05324999999999,81,27900.0,91.5
384246,Sankheshwar,23.46794,71.83214000000001,81,38500.0,91.5
389235,Malekpur,23.213135,73.71030999999999,81,38300.0,91.5
365450,Kunkavav,21.66608,70.98773,81,29700.0,91.5
585414,Hallikhed,17.86318,77.290325,81,31700.0,100.0
793109,Dawki,25.170915,92.105315,81,32100.0,91.5
502334,Toopran,17.826230000000002,78.46968,81,22300.0,7.3
503110,Rajampet,18.224705,78.258715,81,20800.0,7.3
122016,Kapashera,28.525708783283093,77.07293093848189,81,52200.0,1.8
334003,Pawanpuri,28.00113,73.34380999999999,81,24200.0,91.5
365421,Babra,21.89859,71.27206,81,29700.0,91.5
331023,Sadulpur,28.691095,75.334525,81,32500.0,91.5
401304,Nirmal,19.414340000000003,72.771915,81,33300.0,39.0
722133,Gangajalghati,23.407085,87.07848,80,32000.0,91.5
473990,Khaniyadhana,25.02426,78.15429,80,29200.0,45.7
314037,Antri,23.714465,73.834305,80,39600.0,91.5
314021,Aspur,23.963185000000003,74.10638499999999,80,34400.0,91.5
363621,Wankaner,22.53874,70.98527999999999,80,29200.0,91.5
460004,Betul Bazaar,21.77757,77.987195,80,25500.0,45.7
176037,Sunhi,32.035445,76.309985,80,26800.0,91.5
503174,APSP Camp,18.59324,78.21212499999999,80,21900.0,7.3
614625,Orattanad,10.615885,79.285765,80,24900.0,91.5
835232,Nawagarh,22.907145,84.443995,80,28900.0,91.5
585101,Gulbarga,17.35817,76.814845,80,29800.0,100.0
502311,Pregnapur,17.888205,78.767735,80,22800.0,7.3
503101,Bhiknoor,18.176755,78.413205,80,20900.0,7.3
314034,Ramgarh,23.91934,73.93796499999999,80,35100.0,91.5
314028,Punali,23.809655,73.90951999999999,80,36300.0,91.5
622301,Alangudi,10.385235,78.99255500000001,80,27600.0,91.5
503123,Domakonda,18.257045,78.461385,80,20800.0,7.3
431541,Rampuri BK,19.17826,76.53043,80,28300.0,39.0
636705,Dharmapuri Collectorate,12.10452,78.12395,80,26900.0,91.5
441915,Sihora,21.46042,79.846745,80,36900.0,39.0
502301,Kuknoorpally,17.906534999999998,78.796545,80,22800.0,7.3
585444,Nittur,18.063025,77.34553500000001,80,32300.0,100.0
136119,Kurukshetra University,29.972095,76.76961499999999,80,27500.0,91.5
500097,Jillelaguda,17.321995688108927,78.52922011866215,80,18100.0,11.0
460225,Khedisaoligarh,21.80205,77.73234500000001,80,26500.0,45.7
572123,Huliyur Durga,12.834765,77.06634500000001,80,30600.0,100.0
122002,Gurgaon City,28.4738,77.034,80,51200.0,26.8
835207,Gumla,23.04661,84.53649,80,29000.0,91.5
835206,Chainpur,23.119925,84.34052,80,28900.0,91.5
502278,Gujvail,17.894824999999997,78.63678999999999,80,23000.0,7.3
503164,Indalwai RS,18.54793,78.26874000000001,80,21600.0,7.3
503125,Bibipet,18.207875,78.52584,80,20700.0,7.3
176056,Sunehar,32.09729,76.350295,80,27000.0,91.5
636701,Dharmapuri,12.1596,78.16163,80,27500.0,91.5
365601,Amreli,21.57733,71.224775,80,29000.0,91.5
613006,Thanjavur P&t Colony,10.707555,79.137685,80,25400.0,91.5
460551,Amla,21.98582,78.166785,80,26400.0,45.7
133205,Adhoya,30.15339,77.030495,80,25500.0,91.5
585103,GB Bahamanipura,17.32628,76.785465,80,29800.0,100.0
722139,Kenjakura,23.2653,86.92363499999999,80,31900.0,91.5
481879,Shahpur,23.10688,80.99541500000001,80,30100.0,45.7
614904,Melauluvur,10.705915,79.2278,80,24500.0,91.5
401302,Arnala,19.463205,72.759095,80,33100.0,39.0
562135,Vijayapaura,13.287135,77.775735,80,33700.0,100.0
585312,Kalgi,17.337699999999998,77.13713000000001,80,33400.0,100.0
622203,Perungalur,10.52383,78.955055,80,27500.0,91.5
503102,Jangampalli,18.262645,78.382115,80,20900.0,7.3
591235,Mugalkhod,16.438275,74.966895,80,32700.0,100.0
587316,Sameerwadi,16.358735000000003,75.04584,80,33000.0,100.0
365610,Babapur,21.554360000000003,71.103835,80,29200.0,91.5
314036,Damdi,23.86529,73.80925500000001,80,36000.0,91.5
364720,Paliyad,22.29447,71.53780499999999,80,29600.0,91.5
614624,Keeramangalam,10.27096,79.07471000000001,80,27400.0,91.5
365440,Bagasra,21.490385,70.939895,80,28500.0,91.5
722150,Sarenga,22.781845,87.004865,79,31300.0,91.5
502335,Masaipet,17.878855,78.48075,79,19300.0,7.3
431537,Pedgaon,19.315385,76.66809,79,28600.0,39.0
585106,GB Jnanaganga,17.31147,76.89211,79,29400.0,100.0
614629,Ponbethi,9.918545,79.061935,79,26000.0,91.5
585102,GB RS,17.343474999999998,76.837675,79,29700.0,100.0
457770,Bamnia,23.063745,74.831715,79,37600.0,45.7
321023,Bhandara,27.72486719795934,77.21481176508378,79,18900.0,0.0
123500,Fauladpur,27.991311385811468,76.45308320271185,79,27600.0,0.6
D740403,"Shivpuri, Madhya Pradesh · D740403",25.3741215,77.8278866,79,23400.0,91.5
585323,Sagar,16.5744123,76.9254434,79,30200.0,100.0
431505,Dhengali Pimpalgaon,19.33931,76.516395,79,28500.0,39.0
502102,Nizampet,18.10822,78.54229000000001,79,19600.0,7.3
314401,Obri,23.614305,73.883475,79,38200.0,91.5
460668,Masod,21.53056,78.06082,79,23500.0,45.7
460553,Amla Depot,21.91272,78.05096,79,25900.0,45.7
360023,KUVADAVA,22.33977,70.982835,79,28600.0,91.5
360022,KOTHARIA,22.20956,70.815695,79,28300.0,91.5
473551,Shivpuri,25.56898,77.651685,79,21900.0,45.7
835233,Toto,23.144285,84.529995,79,28400.0,91.5
585105,GB Ggh,17.308155,76.86506,79,29500.0,100.0
587315,Terdal,16.49296,75.05160000000001,79,32000.0,100.0
585328,Bhalki,18.106585000000003,77.25613999999999,79,31400.0,100.0
401201,Bassein,19.36699,72.78699,79,32700.0,39.0
D577760,"Mandla, Madhya Pradesh · D577760",22.6871074,80.5816341,79,30100.0,91.5
431506,Pathri,19.257125,76.355055,79,37900.0,39.0
123200,Kushal Pura,28.483578046620867,75.750732421875,79,27500.0,0.0
722140,Khatra,22.930575,86.85457,79,31300.0,91.5
328021,Bari,26.5767,77.65358499999999,79,25200.0,91.5
481990,Shahpura Niwas,23.19051,80.62724499999999,79,29300.0,45.7
441910,Pauni,20.76282,79.68083999999999,79,35200.0,39.0
614618,Tirupperunthurai,10.060295,79.07912999999999,79,26000.0,91.5
441803,Lakhandur,20.73256,79.882385,79,35900.0,39.0
176038,Daulatpur,32.05394,76.26199500000001,79,26000.0,91.5
441802,Sakoli,21.08418,79.9631,79,39300.0,39.0
176001,Kangra,32.109489999999994,76.27234,79,25800.0,91.5
321204,Jot Gaweti,27.661163884338933,77.04107156017042,79,18900.0,0.0
441805,Dighori,20.85738,79.87621,79,36800.0,39.0
476219,Baghchini,26.48649,77.787905,79,20900.0,45.7
365456,Vaghaniya,21.578695,70.95194000000001,79,28400.0,91.5
572134,Nagasandra,13.04043,76.93688499999999,79,34600.0,100.0
622204,Yembal,10.01157,79.00125,79,26400.0,91.5
614902,Kottaitheru,10.600825,79.182575,79,24500.0,91.5
722134,Garhraipur,22.77985,86.90415,79,31400.0,91.5
D778644,"Bankura, West Bengal · D778644",23.132377,87.2081925,79,32900.0,91.5
457882,Bhabhra,22.52074,74.35986,79,42200.0,45.7
324001,324001,25.15460586121595,75.86059570312501,79,22100.0,11.0
123035,Palhawas,28.361465000000003,76.62418500000001,79,29100.0,11.0
766106,Komna,20.54547,82.538195,79,29300.0,91.5
334023,Khajuwala,28.63799,72.54007,79,22800.0,91.5
613301,Ghandarvakottai,10.59238,79.02481,79,26200.0,91.5
110072,CRPF Jharoda Kalan,28.645395,76.95073500000001,79,40200.0,53.0
500089,Narsingi,17.385699001729336,78.36806430165755,79,18000.0,7.3
722102,Kenduadihi,23.25873,87.01921999999999,79,31500.0,91.5
473670,Manpura,25.313845,78.08797,79,27700.0,45.7
622304,Vadakadu,10.376945,79.09035,79,26700.0,91.5
614621,Mimisal,9.93741,79.12147999999999,79,25800.0,91.5
473662,T.C.Karera,25.42822,78.01894999999999,79,27400.0,45.7
722121,Bheduasole,23.0764,86.866145,79,31400.0,91.5
636700,"Dharmapuri, Tamil Nadu · 636700",12.1456131,78.1132217,78,22600.0,91.5
401208,Vasai East IE,19.375855,72.885015,78,30300.0,39.0
389260,Santrampur,23.218145,73.92636,78,37200.0,91.5
623700,"Ramanathapuram, Tamil Nadu · 623700",9.5205576,78.5184635,78,22600.0,91.5
509218,509218,17.284587743508688,78.39010122590004,78,22600.0,0.6
722142,Maliara,23.471975,87.2208,78,33000.0,91.5
481778,Samnapur,22.67421,81.08756,78,29400.0,45.7
622302,Karambakudi,10.50618,79.11975000000001,78,25400.0,91.5
629853,"Kanniyakumari, Tamil Nadu",8.3279814,77.3541173,78,22600.0,91.5
334602,Kalu,28.37126,73.84195,78,22300.0,91.5
481880,Dindori,22.932160000000003,81.04618500000001,78,29400.0,45.7
722160,Lakshmisagar,22.93293,86.98001500000001,78,31000.0,91.5
314027,Khadagda,23.611175,73.960455,78,36800.0,91.5
628001,"Thoothukkudi, Tamil Nadu",8.8003404,78.1333006,78,22600.0,91.5
441809,Pohra,20.966945000000003,79.85903,78,37100.0,39.0
403720,Raia,15.31107,73.98223,78,40800.0,39.0
334603,Lunkaransar,28.54719,73.76055,78,22300.0,91.5
314022,Sabla,23.87559,74.23065,78,34100.0,91.5
604302,"Viluppuram, Tamil Nadu",12.1166967,79.5989236,78,22600.0,91.5
614101,"Thiruvarur, Tamil Nadu",10.6878621,79.4979437,78,22600.0,91.5
441905,Bhandara Road,21.25504,79.70284000000001,78,36200.0,39.0
334808,Poogal,28.42792,72.794865,78,22700.0,91.5
560088,Hessarghatta,13.15378,77.47252499999999,78,38900.0,100.0
501511,Injapur,17.284587743508688,78.58989877409994,78,22700.0,1.2
501359,Mohabat Nagar,17.16047377650411,78.46246719360353,78,22500.0,0.0
614619,Kottaipattinam,9.988105,79.18029000000001,78,25500.0,91.5
713519,Samudragarh,23.339395,88.316495,78,33200.0,91.5
501505,501505,17.379950294913925,78.63135167595722,78,22600.0,0.0
722146,Rajagram,23.205245,87.017095,78,31300.0,91.5
500101,Girmapur,17.610924226954562,78.46246719360353,78,17400.0,0.0
325001,Kaithoon,25.18099263768563,75.931025434249,78,21600.0,0.6
327801,Kushalgarh,23.177275,74.51295999999999,78,37200.0,91.5
334021,Chhatararh,28.704885,73.096525,78,22500.0,91.5
314029,Thakarda,23.70475,73.9144,78,37900.0,91.5
613904,"Thanjavur, Tamil Nadu · 613904",10.659037,79.2014278,78,22600.0,91.5
441924,Pahela,21.08992,79.682655,78,37100.0,39.0
314030,Chikhli,23.42786,73.92168000000001,77,35800.0,91.5
722155,Kesiakole,23.27131,87.096105,77,31200.0,91.5
416115,Ichalkaranji,16.691,74.46,77,24800.0,15.9
501301,Lalanguda,17.498311614341947,78.66685545014336,77,17300.0,0.0
123502,Dohki,28.239842077883804,76.67443978421706,77,26400.0,
441904,Bhandara,21.169505,79.64722499999999,77,36000.0,39.0
441908,Konda Kosra,20.84277,79.741345,77,35100.0,39.0
441913,Tumsar Road,21.333465,79.761395,77,35900.0,39.0
327001,Banswara,23.500915,74.560865,77,34700.0,91.5
457772,Khawasa,23.15699,74.736385,77,36800.0,45.7
460557,Sainkheda,21.79827,78.079695,77,24900.0,45.7
314023,Bankora,23.811985,73.99585,77,35700.0,91.5
722204,Hatasuria,23.39024,87.30448999999999,77,32500.0,91.5
585413,Halbarga,17.980035,77.304585,77,30100.0,100.0
457885,Katthiwada,22.49683,74.15575000000001,77,38800.0,45.7
327602,Sajjan Garh,23.229705,74.283175,77,37400.0,91.5
327601,Bagidora,23.30246,74.204015,77,37200.0,91.5
327021,Ganoda,23.72312,74.28228999999999,77,35400.0,91.5
585325,Yedrami,16.839010000000002,76.52835999999999,77,28400.0,100.0
722202,Barjora,23.43026,87.26711499999999,77,32700.0,91.5
460666,Rai Amla,21.714485,78.12624500000001,77,23900.0,45.7
327023,Ghatol,23.761105,74.36791500000001,77,33400.0,91.5
327026,Mahidam,23.68695,74.47570999999999,77,33500.0,91.5
327022,Garhi,23.617505,74.158945,77,36100.0,91.5
123401,Rewari,28.19903,76.581525,77,28300.0,11.0
327605,Luharia,23.74006,74.17622,77,36100.0,91.5
713513,Purbasthali,23.45125,88.28929,77,33000.0,91.5
713514,Singhi,23.51538,88.18832499999999,77,33400.0,91.5
334601,Jamsar,28.31956,73.509695,77,21800.0,91.5
722101,Bankura,23.22695,87.069535,77,31100.0,91.5
401207,Papdi,19.349295,72.825005,77,31700.0,39.0
440015,Trimurti Nagar,21.128,79.027,77,26200.0,2.4
481666,Beejadandi,22.88802,80.12583,77,28800.0,45.7
585317,Malkhed,17.223464999999997,77.12098499999999,77,30700.0,100.0
314024,Padwa,23.76461,74.02039500000001,77,35800.0,91.5
314025,Sagwara,23.67426,73.99266,77,36500.0,91.5
314035,Chitri,23.53447,73.94133,77,36400.0,91.5
314026,Galiakot,23.541400000000003,74.012385,77,35800.0,91.5
394720,Saputara,20.598075,73.733795,77,30800.0,91.5
441903,Adyar,20.900195,79.69622,77,35200.0,39.0
473781,Rannod,25.111395,77.86011500000001,77,27200.0,45.7
722208,Pakhanna,23.388905,87.35811000000001,77,32600.0,91.5
560107,Achitnagar,13.08685,77.483475,77,43700.0,100.0
282007,Sikandra,27.198123891553205,77.91503906250001,76,14100.0,0.6
282001,282001,27.10795250959734,78.0665846886099,76,14200.0,1.8
476332,476332,25.79989118208833,77.13619737878263,76,11600.0,0.0
331301,Rampura Beri,28.53807,75.580165,76,27700.0,91.5
722151,Simlapal,22.92381,87.09457,76,31000.0,91.5
473638,Katthamil Shivpuri,25.42728,77.69692,76,21500.0,45.7
457775,Raipuria,22.865225,74.889125,76,36900.0,45.7
457887,Alirajpur,22.317065,74.31514,76,41500.0,45.7
327604,Barodia,23.33795,74.50915,76,35000.0,91.5
481662,Padariyanarayan Ganj,22.8523,80.196545,76,28300.0,45.7
473774,Jagatpur,25.25613,77.60501500000001,76,21400.0,45.7
713150,Srikhanda,23.560985,88.05434,76,33600.0,91.5
122011,Sector 59,28.420391085674304,77.1165958765329,76,47600.0,
403719,Sem-rachol  Soso,15.31714,74.00266,76,38700.0,39.0
314031,Bhiluda,23.61126,74.074795,76,35400.0,91.5
585310,Jewargi,16.980159999999998,76.68554499999999,76,28200.0,100.0
314032,Saroda,23.719805,74.09728,76,35200.0,91.5
110095,Jhilmil,28.67872,77.31717,76,46500.0,53.0
360004,Rajkot Postal Colony,22.22913,70.7356,76,27100.0,91.5
481885,Niwas,23.00239,80.40115499999999,76,28000.0,45.7
722203,Beliatore,23.332815,87.23611,76,32000.0,91.5
136156,Babain,30.07695,76.964185,76,24600.0,91.5
314038,Punjpur,23.872705,74.068785,76,32900.0,91.5
D559316,"Bandipore, Jammu And Kashmir",34.4563234,74.6825,76,27000.0,91.5
327034,Jolana,23.49989,74.18782999999999,76,35600.0,91.5
327024,Partapur,23.621705,74.23954499999999,76,35400.0,91.5
327027,Khamera,23.84582,74.45503500000001,76,32500.0,91.5
D904225,"Surendranagar, Gujarat",22.8251395,71.6209736,76,29200.0,91.5
124105,Badli,28.574,76.815355,76,28000.0,11.0
327606,Kalinjara,23.334405,74.308335,76,36300.0,91.5
722157,Bonradhanagar,23.22297,87.32888,75,30600.0,91.5
722161,Jayrambati,22.934510000000003,87.60373,75,30800.0,91.5
136132,Ladwa,30.0326,77.046925,75,24100.0,91.5
328028,Keshar Bagh,26.615525,77.78786500000001,75,20600.0,91.5
585218,Nalwar,16.89114,77.027515,75,28300.0,100.0
283105,Mahaur,27.171737115083523,77.84347428034465,75,14100.0,0.0
481672,Chabi,22.88159,80.65983,75,28200.0,45.7
122052,Industrial Modern Township Manesar,28.35668777205389,76.94172716380226,75,47000.0,
282009,Karaundhana,27.044330487842707,77.98660384465538,75,14100.0,0.0
457993,Ranapur,22.60219,74.500065,75,38200.0,45.7
585303,Andola,16.920265,76.83840000000001,75,28000.0,100.0
327032,Arthuna,23.48131,74.05974499999999,75,34800.0,91.5
122051,Gurgaon,28.32496073857172,76.90579868759424,75,46900.0,
122505,Sector 95,28.420391085674304,76.91172443596713,75,46800.0,
283119,283119,27.012605773210016,77.80797124389846,75,14000.0,0.0
122506,Sector 97,28.4203051479877,76.8607760162296,75,46800.0,
327031,Anandpuri,23.364375,74.07251,75,35600.0,91.5
473770,Kolaras,25.07128,77.669545,75,24700.0,45.7
122102,122102,28.35668777205389,77.08659314869777,75,47200.0,
722152,Taldangra,23.078505,87.06504,75,30500.0,91.5
722138,Joypur,23.01437,87.44876500000001,74,30600.0,91.5
457661,Jhabua,22.710645,74.6058,74,37200.0,45.7
585225,Wadi,17.01907,77.00852,74,28200.0,100.0
400615,Bhayander Pada,19.297534525700005,72.95916572908746,74,27400.0,0.6
585292,Malkhed Road,17.137355,77.16688500000001,74,27200.0,100.0
722201,Akui,23.071185,87.71638999999999,74,30900.0,91.5
132117,Nilokheri,29.873925,76.93057,74,24900.0,91.5
481776,Nainpur,22.371555,80.1699,74,28600.0,45.7
722141,Kotalpur,23.004055,87.62586999999999,74,30800.0,91.5
560035,Electronic City,12.845,77.663,74,39600.0,62.8
585237,Kodekal,16.345039999999997,76.38000500000001,74,27200.0,100.0
444908,Jarud,21.419185,78.17229499999999,74,20500.0,39.0
251001,Muzaffarnagar,29.47,77.7,74,17500.0,21.3
331303,Sankhu Fort,28.429645,75.411445,74,22800.0,91.5
327025,Talwara,23.548415,74.330465,74,33800.0,91.5
327603,Chhinch,23.457925000000003,74.28577,74,34200.0,91.5
110017,Saket / Malviya Nagar,28.524,77.21,74,38500.0,100.0
585219,Narayanpur,16.241175,76.39002500000001,74,27300.0,100.0
560089,Hessarghatta Lake,13.144435,77.50882,74,39600.0,100.0
722154,Gelia,23.066705,87.52897,74,30700.0,91.5
481996,Sijhora,22.38888,80.95438,74,28200.0,45.7
585211,Chittapur,17.077755,77.106525,74,27200.0,100.0
457773,Petlawad,23.00596,74.776445,74,36100.0,45.7
411072,Bavdhan,18.520945279397644,73.77334637412804,74,27400.0,22.6
400607,Kolshet,19.242903890796743,72.99844920418562,74,27600.0,4.3
481668,Pindrai,22.542045,80.1368,74,28400.0,45.7
360002,Rajkot Bhaktinagar,22.268705,70.89036999999999,74,26400.0,91.5
722205,Indas,23.132455,87.632935,74,30900.0,91.5
457777,Thandla,23.053215,74.52051,74,35800.0,45.7
585228,Shahabad,17.171035,76.912575,74,26700.0,100.0
722147,Ramsagar,23.10127,87.26753500000001,73,29900.0,91.5
585291,Rajankollur,16.351205,76.490815,73,27000.0,100.0
110006,Chandni Chowk,28.6562,77.23,73,28700.0,100.0
481665,Maharajpur,22.61941,80.25127499999999,73,27800.0,45.7
401101,Bhayander West,19.297795,72.83932,73,30700.0,39.0
722149,Sabrakone,22.941735,87.273695,73,29200.0,91.5
D890225,"Baghpat, Uttar Pradesh",29.0374779,77.3062737,73,20500.0,91.5
334006,Bichhwal Ind.Area,28.099675,73.350135,73,19600.0,91.5
722164,Bankadaha,22.98791,87.37753000000001,73,29100.0,91.5
585215,Hunasgi,16.420345,76.50577,73,26900.0,100.0
722156,Panchmura,22.954325,87.181095,73,29200.0,91.5
712306,Begampur S.O (Hooghly),22.75,88.25,73,20700.0,91.5
124022,124022,28.88186954087157,76.43712576918189,73,20500.0,0.0
124401,124401,28.88186954087157,76.74524727769312,73,20600.0,0.0
110036,Alipur,28.81375,77.16309,73,30800.0,53.0
124021,Baliana,28.881957139774222,76.69407411442795,73,20600.0,0.0
403718,Loutolim,15.346985,73.98642000000001,73,35000.0,39.0
722207,Sonamukhi,23.2729,87.44154,73,30800.0,91.5
136131,Pipli,29.993630000000003,76.914465,72,23600.0,91.5
722122,Bishnupur,23.095085,87.33949,72,29100.0,91.5
401106,Uttan,19.288165,72.80124,72,32800.0,39.0
210310,Sector 20,28.467484060916792,77.53601074218751,72,19900.0,4.9
457779,Meghnagar,22.921115,74.57796,72,35300.0,45.7
481771,Bamni,22.47976,80.37633,72,27600.0,45.7
722206,Patrasayer,23.185155,87.507115,72,30400.0,91.5
110096,110096,28.60266817633609,77.34779895283803,72,30400.0,32.3
585315,Madhwar,16.65336,77.36821,72,26900.0,100.0
110089,Rohini Sector 15,28.733645,77.128125,72,37100.0,53.0
560064,Yelahanka,13.1067,77.5955,72,37900.0,53.7
481768,Chiraidongri,22.37968,80.42155,72,27900.0,45.7
460665,Prabhat Pattan,21.626165,78.27439,72,20900.0,45.7
444907,Shendurjana Ghat,21.552635,78.30794499999999,72,25800.0,39.0
585290,Kumbarpeth,16.417865,76.67315500000001,71,26400.0,100.0
131039,Engg College Muthal,29.06509,77.08775,71,22200.0,91.5
585221,Saidapur,16.56987,77.29359500000001,71,26600.0,100.0
560090,Chikkabanavara,13.095135,77.50332499999999,71,39000.0,100.0
473885,Badarwas,25.191205,77.472805,71,19800.0,45.7
110020,Jhatta,28.467484060916792,77.43352940434907,71,36400.0,87.8
360005,Rajkot Sau Uni Area,22.258495,70.73920000000001,71,25200.0,91.5
334001,334001,27.94588622176197,73.34472656250001,71,14700.0,0.0
281302,Bisawar,27.333259026688346,77.91503906250001,70,15400.0,0.0
722144,Onda,23.131965,87.20413500000001,70,29000.0,91.5
110042,Samai Pur,28.74854,77.130675,70,35900.0,53.0
403103,Shiroda S.O (North Goa),15.3376121,73.9937035,70,30200.0,43.9
481998,Anjania,22.468345,80.531,70,27100.0,45.7
176002,Tanda,32.0768665,76.2985872,70,19500.0,91.5
481664,Ghughri,22.6289,80.72753,70,26600.0,45.7
481995,Bhuabichhia,22.48988,80.715195,70,26900.0,45.7
121005,Pali,28.41234286410261,77.23937988281251,70,39500.0,0.0
121101,Chirsi,28.403780747296384,77.46354549325689,70,39100.0,0.0
123412,Tankri,28.055418673467702,76.4707946777344,70,23400.0,0.0
791120,"Lower Subansiri, Arunachal Pradesh",27.6059753,93.8669707,70,22700.0,91.5
400612,Anjur,19.207444435609915,73.05461883544923,70,25500.0,0.6
585216,Kembhavi,16.625805,76.59079,70,26000.0,100.0
585214,Gurmitkal,16.89853,77.347825,70,24800.0,100.0
323301,323301,25.35730856391865,76.07624183309399,70,12900.0,0.0
123001,Patikara,28.05174614107476,76.12838745117189,70,14800.0,
110039,Bawana,28.79562,77.021175,70,37100.0,53.0
638656,"Tiruppur, Tamil Nadu",10.7915267,77.5325466,70,31200.0,91.5
127201,Sham Kalyan,28.57366813671096,75.85331702079165,70,24000.0,0.0
401105,Bhayander East,19.30844,72.87111,70,27700.0,39.0
302001,Jaipur G.P.O.,26.9784335,75.7122089,70,25700.0,91.5
400068,Powai,19.117,72.905,69,35400.0,65.2
401107,Mira Road,19.281935,72.89503500000001,69,27600.0,39.0
560039,Bangarappa Nagara,12.941660539489432,77.52674102783205,69,35900.0,41.5
481661,Mandla,22.683825,80.43548,69,26400.0,45.7
280001,280001,27.108033801463115,78.01624694801241,69,18800.0,5.5
585202,Yadgiri Station,16.773605,77.10379,69,26000.0,100.0
585309,Gogi,16.728755,76.69039000000001,69,25700.0,100.0
585355,Wadgera,16.525329999999997,77.13992999999999,69,26000.0,100.0
585321,Ramasamudra,16.73839,77.305635,69,24900.0,100.0
585224,Shorapur,16.52782,76.65780000000001,69,25800.0,100.0
334004,Choudhary Bhimsen Nagar,28.094191920458744,73.27606201171876,69,14200.0,0.0
245408,Gulavthi,28.580096673529404,77.75788934714228,68,18500.0,0.6
250400,Mawana,29.07870898064743,77.922371375254,68,18500.0,0.0
110040,Narela,28.84,77.09,68,21200.0,7.3
585287,Bheemarayanagudi,16.74902,76.817845,68,25300.0,100.0
131103,Nahri,28.877505,77.022335,68,32400.0,91.5
250101,250101,28.862793314553063,77.23937988281251,68,18600.0,0.0
400063,Malad West,19.186,72.848,68,35100.0,76.2
585220,Rangampeth,16.56216,76.74338,68,25300.0,100.0
131027,Murthal,29.049995,77.13595000000001,68,20300.0,91.5
585201,Yadgiri,16.76687,77.135065,68,24700.0,100.0
301407,Mandawar,27.82978947420665,76.52526855468751,68,24300.0,0.0
301401,Silgaon,27.991311385811468,76.59745390666318,68,24300.0,0.0
431003,CIDCO Aurangabad,19.902,75.345,67,24400.0,17.1
360003,Rajkot Bedipara,22.395985,70.855895,67,23500.0,91.5
110083,Mangolpuri N Block,28.69316,77.08848,67,40100.0,53.0
301702,Gangapuri,27.99400685907465,76.74224853515626,67,24300.0,0.0
301707,Mirchooni,28.08409694916474,76.84436167481472,67,24300.0,0.0
585319,Naikal,16.70566,77.01003,67,25400.0,100.0
476221,Alapur,26.344099789955827,77.83813476562501,67,11900.0,0.0
585304,Bijaspur,16.5156,76.85012499999999,66,24900.0,100.0
585223,Shahapur,16.694485,76.90017,66,25100.0,100.0
481663,Mohgaon,22.731160000000003,80.55460500000001,66,25100.0,45.7
285201,Ait,25.90261217548624,79.2632589243779,66,12100.0,0.0
250601,Meetli,28.96639742981878,77.31594085693361,66,18000.0,0.0
301704,Adeend,28.11912198708812,76.39860905451226,66,18200.0,0.0
400071,Chembur,19.052,72.9,65,33000.0,86.0
400097,Malad East,19.1776,72.8681,64,32400.0,74.4
110065,Lajpat Nagar,28.58094828362955,77.25173950195314,64,32000.0,77.4
400086,Borivali West,19.234,72.858,64,32700.0,67.7
110047,Dera,28.45805607562956,77.16191808339161,63,34100.0,0.6
400070,Ghatkopar,19.074,72.907,63,31800.0,92.7
400080,Mulund West,19.168,72.951,62,31500.0,81.1
131028,Industrial Estate Kundli,28.86359,77.157585,62,18700.0,91.5
136038,Amin,29.911735,76.85998000000001,62,19300.0,91.5
560057,560057,13.0460477,77.5131117,62,31500.0,25.0
400074,Chembur East,19.0488,72.9302,61,30600.0,78.7
422003,Panchavati,20.0176,73.791,61,13900.0,20.7
333029,Kasni,28.34844291148573,75.750732421875,61,16400.0,0.0
131029,P.S.Rai,28.91001,77.09688,61,23400.0,91.5
110041,Mundka,28.693560896242165,77.02914354701153,61,29500.0,1.2
334005,Ganesh Vihar,28.00958953538238,73.27261427855751,61,16500.0,0.0
331305,Gudan,28.461055524098345,75.52863025012786,60,15300.0,0.0
561201,Matta,12.88130322219734,77.3058513019564,60,17600.0,0.0
431605,Nanded CIDCO / Taroda,19.12,77.295,60,11600.0,1.2
135103,"Yamunanagar, Haryana",30.2158611,77.3256507,60,17800.0,91.5
110073,Rawata Mor,28.60266817633609,76.90299450419325,60,32000.0,1.2
562120,Belagavadi,12.832393923205135,77.17107867374342,59,17500.0,0.0
123110,Devlavas,28.1761387642634,76.60217285156251,59,12500.0,
560063,Akash Ward,13.105382121251072,77.60928930328595,59,29900.0,27.4
360006,Rajkot Bhomeshwar Plot,22.32754,70.74703500000001,59,20300.0,91.5
110082,Khera Kalan,28.791385,77.10701499999999,58,22100.0,53.0
141001,Ludhiana City,30.9,75.85,58,18600.0,36.6
413304,Pandharpur,17.6792,75.3316,58,11900.0,12.2
444906,Warud,21.46,78.276,58,11300.0,14.6
360007,Rajkot  Raiya Road,22.30363,70.76894999999999,58,19800.0,91.5
131021,Bahalgarh,28.98018,77.1345,57,15800.0,91.5
560097,Singapura,13.082488002506828,77.54013061523439,57,29000.0,20.7
201303,Hazipur,28.534866970958088,77.34844207763672,56,15000.0,1.8
110086,Sultanpuri C Block,28.706315,77.062355,56,24300.0,53.0
560049,Jyotipura,13.105382121251072,77.74013696624533,54,27400.0,1.8
562149,Bande Kodigehalli,13.169085434871482,77.67471313476564,54,27500.0,3.0
560074,Kaniminike,12.88130322219734,77.43658033866863,54,27300.0,3.7
401301,Kaman,19.31849186131494,72.90527343750001,51,15100.0,0.0
110085,Rohini,28.7495,77.0737,47,19200.0,64.6
110032,Vivek Vihar,28.6724,77.3078,47,19100.0,34.8
136118,Chander Bhanpur,29.935895213372444,76.87683105468751,46,11800.0,0.0
131023,Sewli,28.94050601417393,77.12539672851564,45,11700.0,0.0
360001,360001,22.332467352694376,70.7929789507673,42,13700.0,1.2
400702,Uran,18.868041410864485,72.90527343750001,40,12700.0,0.0
D367866,"North, Delhi · D367866",28.7063083,77.1087892,40,800.0,91.5
D395541,"North West, Delhi · D395541",28.7063083,77.1087892,40,700.0,91.5
