pincode,name,lat,lng,ppi_ml,ppi_original,est_monthly_income_hh,est_monthly_spend_hh
D959576,"Haveri, Karnataka · D959576",14.7180268,75.3656423,200,,368900,179500
110024,Defence Colony / Lajpat,28.573,77.231,200,117.0,672300,327200
630556,Nattarasankottai,9.8671821,78.550483,200,,318800,155100
627502,Padmaneri,8.5495014,77.5805178,200,,394300,191900
122008,Sector 63,28.387215914582992,77.0855712890625,200,,811300,394800
301713,Nimbhor (Nimhor),27.961656050984672,76.23038451779661,200,,482300,234700
333036,333036,27.961571750035173,75.97566013471403,200,,368900,179500
301020,301020,27.84904343837206,76.34921757819313,200,,482300,234700
301709,Gandala,27.961571750035173,76.28111476762976,200,,482300,234700
425116,Mhasawad S.O (Jalgaon),20.8428827,75.5261246,200,,295200,143700
332746,Dhani Sihodiyan,28.074268663597284,75.90755732415064,200,,368900,179500
632010,Abdullapuram,12.9021849,79.061104,200,,371800,180900
121004,Sector 57,28.35487144830418,77.31413213723275,200,,746000,363100
D367866,"North, Delhi · D367866",28.7063083,77.1087892,200,,368900,179500
400021,Cuffe Parade,18.921,72.823,200,172.0,686900,334300
391760,Vaghodia,22.3179455,73.3048674,200,,390900,190300
576124,Perdur,13.5269784,74.8731879,200,,348400,169500
124029,Baland,28.79186704968413,76.59118652343751,200,,443700,215900
560034,Whitefield,12.969,77.75,200,114.0,693900,337700
560037,Marathahalli,12.956,77.701,200,113.0,693900,337700
560001,MG Road / Cubbon Pk,12.978,77.61,200,131.0,693900,337700
560008,Ulsoor,12.9743,77.6186,200,117.0,693900,337700
124514,Titoli,28.972047229864312,76.59118652343751,200,,370800,180400
124505,Loharheri,28.76934452716161,76.81394469226726,200,,298500,145200
761111,Nuagam,19.6090068,84.7080633,200,,201500,98100
122413,Mokalwas,28.364722920671525,76.87271118164062,200,,811300,394800
301701,Bahror,27.866226520794232,76.23628674159261,200,,482300,234700
590001,Belgaum,15.875829,74.5170393,200,,260800,126900
575006,Ashoknagar,12.900325,74.836575,200,,450500,219200
560025,Indiranagar,12.975,77.64,200,138.0,693900,337700
303108,Jagdishpura,27.736430825759445,76.12838745117189,200,,486600,236800
412801,Shirwal,18.125125,73.950495,200,,359300,174900
686547,Chunkapara,9.45508,76.745285,200,,540000,262800
201301,Noida Sec 18-27,28.57,77.326,200,106.0,939600,457300
686511,Kunnam Vechoochira,9.425525,76.85088999999999,200,,540000,262800
686534,Neelamperoor,9.49479,76.492825,200,,516700,251500
370427,Baladia,23.1010821,69.6099056,200,,319400,155500
689699,Thannithode,9.2780841,76.9737443,200,,540000,262800
507167,Tallada,17.1729189,80.4057537,200,,347700,169200
110021,Chanakyapuri,28.595,77.188,200,123.0,729500,355000
110057,Vasant Vihar,28.557,77.16,200,122.0,729500,355000
110026,Punjabi Bagh,28.6686,77.1277,200,99.0,656100,319300
110016,Hauz Khas,28.549,77.2,200,111.0,672300,327200
110048,Greater Kailash,28.543,77.24,200,118.0,672300,327200
110001,Connaught Place,28.6329,77.2197,200,157.0,515900,251100
D395541,"North West, Delhi · D395541",28.7063083,77.1087892,200,,368900,179500
122508,122508,27.950092423184568,77.11303710937501,200,,811300,394800
506331,Togarrai,17.8675814,79.801947,200,,353600,172100
688501,Kainakary,9.5003416,76.4123364,200,,516700,251500
508377,Halia,16.8579636,79.2174935,200,,375200,182600
332718,Patan,27.815355,75.98770999999999,199,,316300,155500
402303,402303,17.96138,73.53735,198,,455900,225500
502257,Indur,17.826183505004916,77.82063329088699,198,,233600,115200
410102,Prabalgad Machi,18.96091,73.27097499999999,198,,463100,228000
122022,Gurgaon Golf Course Rd,28.4324,77.1005,197,123.0,759700,376300
410200,Kundevahal,18.995494074161105,73.07545482808841,196,,435700,218100
400013,Lower Parel,18.9937,72.8263,196,117.0,619700,310100
501512,Umerkhanguda,17.273086389116724,78.66685545014336,196,,333300,166700
624622,Reddiarchatram,10.4256896,77.815664,195,,316100,159400
110003,Golf Links / Lodhi,28.598,77.227,194,123.0,578300,293000
683541,Keezhillam,10.0383947,76.5074145,193,,543800,277700
171207,Rohru,31.2387672,77.7185684,192,,420700,216200
122017,Sector 1,28.51395270345973,77.03750610351564,192,,672200,344000
572128,Kora S.O (Tumkur),13.4999406,77.0002445,191,,263400,136500
110070,Vasant Kunj,28.52,77.155,191,116.0,576700,298800
211001,Allahabad,25.4741716,81.8495397,190,,207900,108100
571430,Malavalli,12.369125,77.07423,190,,283900,147200
583103,Bellary Gandhinagar,15.1481913,76.9349293,190,,329200,171700
400006,Malabar Hill,18.963,72.8003,189,160.0,522400,273400
144001,Jalandhar City,31.2922312,75.5678878,189,,308800,161800
123308,Badhra,28.461055524098345,75.97283459362214,189,,340000,177600
400051,Khar West,19.072,72.835,189,128.0,519500,272200
400049,Bandra West,19.055,72.827,189,135.0,521300,272900
400060,Juhu,19.0971,72.8263,189,131.0,518500,271800
228141,Jaisinghpur S.O (Sultanpur),26.2604732,82.2380532,188,,184900,97600
400059,Andheri West,19.119,72.836,187,106.0,492700,261700
175021,Bhangrotu,31.6516617,77.0092542,187,,257700,137000
722144,Onda,23.131965,87.20413500000001,185,,111600,60000
226001,Lucknow G.P.O.,26.8312463,80.9174154,185,,240000,128600
735302,Domohani,26.6262805,88.7334485,184,,146800,79500
560066,Brookefield,12.982,77.7212,184,99.0,463400,250600
639112,Pettavaithalai,10.896755,78.490275,183,,245200,133500
400005,Colaba,18.907,72.815,183,161.0,454100,246200
758001,Keonjhargarh,21.5892323,85.6687841,183,,167200,90800
416510,Sawantwadi,15.934255,73.94022000000001,183,,207600,113100
639103,Kulumani,10.81238,78.580565,181,,237000,130100
124001,Tilak Nagar,28.881957139774222,76.59118652343751,181,,231700,127400
416603,Kasal,16.1357193,73.6522086,181,,199600,109800
639101,Andanallur,10.86051,78.62334,181,,237100,130200
639115,Tirupparaithurai,10.879045,78.57496,180,,229200,126900
828109,Govindpur S.O (Dhanbad),23.8451969,86.4636588,179,,216300,120300
362260,Mendarda,21.3364779,70.4250428,178,,179000,100400
123029,Mohindergarh,28.31064,76.113935,177,,160200,90000
123028,Nangal Sirohi,28.17422,76.13155499999999,177,,158200,89200
123021,Mandi Ateli,28.12284,76.258745,177,,158700,89400
586101,Bijapur,16.8084044,75.7175058,177,,191900,108100
123024,Satnali,28.35866,75.98929,177,,160100,90000
123027,Kanina,28.35589,76.282715,177,,158800,89500
400028,Dadar West,19.0178,72.8478,177,110.0,390100,219600
123303,Nahar,28.423955,76.3671,177,,157900,89000
400018,Worli,19.0175,72.8169,176,127.0,379900,215300
273001,Gorakhpur,26.6677977,83.3642334,176,,126200,71600
305026,Thanwala,26.5604,74.506785,176,,229400,130400
110017,Saket / Malviya Nagar,28.524,77.21,176,107.0,374300,211800
396510,Anaval,20.84982,73.25646499999999,175,,243300,139000
573118,Dudda R S,13.0301852,76.1744968,172,,178000,103300
110092,Preet Vihar,28.641,77.295,171,101.0,268400,156800
400053,Santacruz West,19.083,72.841,170,110.0,327600,192400
392140,Vagra,21.8357373,72.8820876,170,,157500,92300
691516,Karingannur,8.871310000000001,76.80937,170,,242800,142000
685512,Anakkara S.O (Idukki),9.8154785,76.9991599,170,,242400,142600
202001,Aligarh,27.8761073,78.1358153,168,,119800,71200
400054,Vile Parle West,19.0983,72.8487,168,106.0,310200,184500
412308,412308,18.4245859996766,73.96054111110665,168,,239600,142500
560027,Koramangala,12.935,77.627,167,133.0,311100,185400
731216,Mallarpur,24.0621532,87.6982823,166,,102400,61500
614712,Talanayar Agraharam,10.6026203,79.7619348,166,,140200,83900
394250,Mahuva,20.992195,73.14220499999999,166,,198200,118800
503309,Madnoor,18.48875,77.65695,165,,100800,61000
396375,Dungri S.O (Valsad),20.829714,73.0332342,165,,145800,87800
690535,Kandallur,9.181535,76.45782,164,,214000,129800
690548,Kumarapuram,9.287945,76.42748499999999,163,,208100,127100
690571,Nooranad Sanatorium,9.16936,76.62441000000001,162,,202400,124400
504304,Boath,19.431905,78.28765,162,,102200,62500
313702,Jhadol (P),24.453502,73.4070437,162,,124000,76200
799001,Agartala,23.9153329,91.3879341,161,,175400,108400
575011,Baikampady,12.958695,74.82896,160,,169700,105200
575002,Kankanady,12.86314,74.86359999999999,160,,171000,105900
695608,Kallara,8.74951,76.94867,159,,242000,151000
606807,Nedungunam,12.478115,79.39081,159,,108200,67300
695609,Pangode,8.763235,76.977975,159,,242900,151400
626001,Virudhunagar,9.593925,77.96336500000001,158,,122900,77000
D211490,"Pratapgarh, Uttar Pradesh · D211490",25.75,81.75,158,,133200,83400
560099,Bellandur,12.935,77.666,158,108.0,250100,156700
695610,Mithirmala,8.718630000000001,76.95338000000001,158,,238200,149200
695612,Pulimath,8.74814,76.905525,158,,235500,147900
695614,Thattathumala,8.797045,76.88151,157,,230700,145500
695606,Vamanapuram,8.705615,76.89444,157,,230900,145600
625520,Kamatchipuram,9.8692558,77.4222974,157,,151600,95300
695607,Venjaramoodu,8.669015,76.921865,156,,226500,143500
577431,Thagarthi,14.22416,75.17163500000001,156,,128200,81100
695605,Kallambalam,8.756855,76.80752,156,,224500,142500
673661,Mavoor,11.261535,75.955345,156,,148100,93600
695602,Madavoor-pallickal,8.802495,76.83153999999999,156,,226700,143600
518010,Vorvakallu,15.63433,78.23483999999999,156,,107400,67900
691009,Thevally,8.897345,76.57806500000001,156,,173000,109400
577432,Thirthahalli,13.623255,75.159605,156,,126700,80400
577435,Jog Falls,14.211005,74.79812,156,,127800,80900
271003,Bus Station S.O (Gonda),27.1103723,81.9238906,156,,69200,43900
577452,Nittur,13.93072,74.942465,156,,128500,81300
577519,Bharamasagara,14.38756,76.20233,155,,114500,72800
144208,Hariana,31.6092942,75.8459754,155,,130500,83200
673655,Kolathara,11.19983,75.825965,155,,143600,91400
695615,Vembayam,8.640405,76.949055,155,,222600,141500
695604,Pallickal Kilimanur,8.833345000000001,76.82618,155,,223100,141800
695611,Manambur,8.745415000000001,76.78609,155,,220800,140600
695603,Navaikulam,8.791725,76.78607,155,,219800,140200
695589,Santhigiri,8.635584999999999,76.89611,155,,220400,140400
834010,Namkum,23.3007039,85.3738838,154,,100600,64300
D966900,"Nashik, Maharashtra · D966900",20.2254559,74.104233,154,,120100,76900
680663,Pullut,10.23754,76.213915,154,,171700,109900
695587,Chempazhanthy,8.575225,76.91038,153,,212300,136400
695588,Powdikonam,8.571595,76.93214,153,,210700,135600
D441711,"Chandauli, Uttar Pradesh · D441711",25.125695,83.2494601,153,,118300,76000
276140,Jiyanpur,26.17828,83.32711499999999,152,,61500,39800
825316,Kuju,23.693479,85.5215989,152,,78300,50600
680684,Kodakara,10.37075,76.3306,151,,159900,104000
224122,Akbarpur,26.4045941,82.6065154,151,,58400,38100
591254,Daddi,16.06936,74.426785,151,,79800,51800
276141,Terahi,26.200525,83.072735,151,,60300,39100
224227,"Mahamaya Nagar, Uttar Pradesh",26.5093135,82.6138656,151,,58300,38000
742404,Tenya,23.81686,88.158555,151,,73600,47900
691524,Elamannur,9.132034999999998,76.81321,151,,163500,106400
680669,Methala,10.204485,76.185975,150,,156300,102100
581318,Banavasi,14.55073,74.967265,149,,97600,64200
680681,Kaipamangalam,10.334975,76.1414,149,,151100,99500
D146661,"Rajouri, Jammu And Kashmir",33.2663678,74.343847,149,,106600,70100
680667,Kottappuram,10.204895,76.21243,149,,152200,100000
609116,Valluvakudi,11.246025,79.68362,149,,91800,60400
394248,Valvada,20.90289,73.24347,149,,133600,87500
521139,Penamaluru,16.446965,80.710715,149,,123200,80900
781001,Guwahati G.P.O.,26.191135000000003,91.744715,148,,68200,45000
673604,Kutaranni,11.37767,76.109735,148,,122900,81000
756112,Barikpur Bazar,21.012405,86.4162,148,,47200,31200
D269102,"Mahrajganj, Uttar Pradesh",27.1837263,83.4917301,148,,105100,69300
504107,RGU IIIT Campus Basar,18.88237,77.923495,148,,73600,48400
642110,Kovilpalayam,10.74722,76.97565499999999,148,,162400,107200
581319,Bankikodla,14.58489,74.322665,148,,95000,62800
560052,Vasanth Nagar,12.99519108502046,77.59094238281251,148,,115700,76200
680664,Kodungallur,10.22582,76.19799,148,,150400,99100
342001,Jodhpur,26.410532,72.9646645,148,,118600,78500
680670,Karupadanna,10.265715,76.20913,148,,148900,98300
D408343,"Ramban, Jammu And Kashmir",33.3332892,75.1984763,148,,103600,68600
246762,Nagina S.O (Bijnor),29.4074203,78.4821406,147,,66900,44400
591243,Thana Hattargi,16.07269,74.54574500000001,147,,72700,48200
635124,Belathur,12.853195,77.852745,147,,108600,71900
518135,Dornipadu,15.223535,78.434995,147,,86000,57100
680668,Kothaparamba,10.254375,76.18537,147,,147000,97400
686604,Kaduthuruthy,9.7814,76.48606,147,,148600,98500
678010,Sekharipuram,10.79075,76.657905,147,,112700,74600
673613,Nanminda,11.406905,75.82563,147,,120200,79600
591308,Gokak Falls,16.17734,74.784145,146,,70200,46900
695601,Kilmanur,8.750315,76.86156,146,,177900,118800
591226,Karoshi,16.36138,74.57678,146,,70300,47000
591317,Raibag,16.482799999999997,74.79494,146,,70500,47000
686664,Piravom,9.882075,76.486125,146,,176500,117700
243001,Bareilly,28.4582345,79.4047452,146,,61100,40800
523303,Kommalapadu,16.009014999999998,79.942825,146,,97200,64800
686665,Elanji,9.83374,76.544885,146,,176100,117500
680687,Chentrappinni,10.356265,76.13071,146,,141300,94300
518134,Koilakuntla,15.226515,78.35634,146,,84000,56000
222175,Singramau,25.954275000000003,82.395985,145,,55600,37200
123034,Bawania,28.28374,76.265545,145,,76100,51100
D559316,"Bandipore, Jammu And Kashmir",34.4563234,74.6825,145,,98000,65600
523367,Mundlapadu,15.295345,78.859555,145,,94400,63400
571201,Madikeri,12.3827332,75.6640715,145,,88300,59100
585323,Sagar,16.5744123,76.9254434,145,,42000,28200
691572,Chathannur,8.85479,76.71280999999999,145,,133000,89100
121009,Badarpur,28.49192790988262,77.31079101562501,145,,197700,132400
D857972,"Ganderbal, Jammu And Kashmir",34.2889322,75.0407983,144,,95200,64200
394246,Sugar Factory Bamania,20.945665,73.165505,144,,118900,79900
124010,Sunari Khurd,28.878349647602047,76.58569335937501,144,,96900,65100
123301,Guriani,28.371465,76.56602000000001,144,,75200,50600
221201,Anai,25.3627897,82.6846939,144,,57800,38900
123302,Kosli,28.398195,76.48034,144,,75500,50800
680666,Eriyad,10.209455,76.16949,144,,134800,91000
573128,Kattaya,12.894715,76.03889000000001,144,,92000,61900
152004,S.B.S Engg Colleger Ferozpeur,30.8753832,74.6525438,144,,102500,69000
606808,Kattampoondi,12.14267,79.0891,144,,76000,51100
609113,Tirumullaivasal,11.26794,79.82922500000001,144,,82300,55500
123035,Palhawas,28.361465000000003,76.62418500000001,144,,75200,50600
123103,Khol,28.218865,76.39436,144,,75200,50600
123102,Kund,28.1689,76.386945,144,,74700,50300
535579,Ramabhadrapuram,18.46826,83.29085,144,,87800,59100
207001,Etah,27.5550357,78.5992221,144,,55400,37400
626003,Virudhunagar Industrial Estate,9.523225,77.95023,144,,87500,59100
523301,Marturu,16.018975,80.11949,143,,90300,61200
581208,Halageri,14.535965,75.572645,143,,62500,42200
535592,Pachipenta,18.4848,83.08976,143,,85600,57900
560002,Shivajinagar,12.9836,77.6081,143,113.0,176600,119300
241001,Hardoi,27.3369978,80.0998232,143,,55200,37300
535581,Challapeta,18.36612,83.25512,143,,85600,57900
680616,Kundaliyur,10.520885,76.05724000000001,143,,131800,89400
305921,Bhim,25.732725,74.089565,143,,56600,38300
609114,Tiruvengadu,11.16871,79.811895,143,,80100,54300
609115,Varisapathu Vadagal,11.26482,79.79747,143,,81100,54800
521164,Katuru,16.41905,80.87673000000001,143,,107700,72700
123101,Khori,28.195015,76.485355,143,,73500,49700
388570,Ras,22.345745,72.819255,142,,108800,74100
535578,Donkinavalasa,18.4772,83.364285,142,,83500,56800
781006,Assam Sachivalaya,26.141105,91.795485,142,,59300,40300
224188,Sohawal RS,26.75,82.0,142,,62300,42300
642003,Makkinaicken Patti,10.63945,77.05992,142,,141400,96200
757043,Rairangpur,22.275735,86.17704,142,,56600,38500
143518,Naushera Majja Singh,31.9037264,75.2275587,142,,98700,67000
609117,Vaithiswarankoil,11.18588,79.71409,142,,78800,53600
678009,Kallekulangara,10.876915,76.637,142,,99800,67800
691007,Thangasserry,8.88579,76.566245,142,,123100,83800
517213,Gyarampalle-kothapalle,13.79374,78.88164,142,,95500,64900
503185,Bodhan,18.683665,77.843755,142,,59700,40500
123401,Rewari,28.19903,76.581525,142,,71300,48500
394315,Palsana,21.07677,72.984685,142,,112800,76600
388590,Jharola,22.372615,72.8676,141,,107500,73400
626004,Palavantham,9.520855,78.011905,141,,82000,56100
686561,Mannanam,9.648565,76.52705,141,,130200,88800
691002,Asramom,8.898735,76.591145,141,,122300,83400
110091,Mayur Vihar Phase 1,28.6085,77.296,141,96.0,133800,91300
673603,Tiruvambadi,11.399415,76.04813,141,,104200,71100
560017,HSR Layout,12.907,77.641,141,117.0,168500,115000
680682,Puthenchira,10.26395,76.237955,141,,125800,86100
584170,Shaktinagar,16.36822,77.35596,140,,65700,45100
582102,Gadag Betgeri,15.416692,75.6815801,140,,63000,43300
767035,Sindhekela,20.23448,82.93218999999999,140,,66700,45900
535568,Piridi,18.55243,83.442865,140,,80600,55200
680655,Ollukkara,10.52666,76.24839,140,,124100,85200
521162,Polavaram,16.184154999999997,81.05317,140,,100300,68800
521138,Pedasanagallu,16.278975,80.92188,140,,99300,68200
673602,Mokkam,11.30862,76.001815,140,,101600,69700
D334849,"Balrampur, Uttar Pradesh · D334849",27.4476988,82.3956245,140,,86600,59500
736207,Barobisha,26.490325,89.82252500000001,140,,51700,35500
680685,Mathilakam,10.28848,76.16297,140,,123600,84900
686545,Nedungadappally,9.474415,76.62879000000001,140,,126300,86700
388630,Kansari,22.33626,72.65165999999999,140,,104200,71600
742236,Nabarun,24.777395,87.902755,140,,56900,39100
680653,Peechi,10.50578,76.404465,140,,124800,85600
691574,Parippally,8.812195,76.76948,139,,115700,79800
680623,Wadakkancheri-Thrissur RS,10.64859,76.206205,139,,121100,83500
504312,Tamsi,19.760515,78.376645,139,,58600,40500
231310,"Mirzapur, Uttar Pradesh · 231310",24.9316896,82.6280163,139,,84300,58200
523328,Pullala Cheruvu,16.20402,79.45544,139,,83000,57200
642207,Pungamuthur,10.512,77.09626499999999,139,,133100,91700
642206,Pulavadi,10.730709999999998,77.328795,139,,132100,91100
D394763,"Patna, Bihar · D394763",25.4680538,85.1952852,139,,85500,58900
221003,Vsi Shivpur,25.3719338,82.9414272,139,,51400,35500
413525,Yermala,18.41718,75.87611,138,,79900,55400
682312,Chottanikkara,9.926045,76.39801,138,,147100,101900
445323,Mohda,20.23554,78.48991000000001,138,,59700,41400
676304,Vengara MLP,11.05763,75.974,138,,86200,59700
673574,Unnikulam,11.4655936,75.89194,138,,97000,67200
388560,Napa,22.456925,72.930165,138,,99600,69100
445401,Kalamb,20.459365,78.36506,138,,60100,41600
691006,Pallithottam,8.878705,76.586375,138,,112900,78300
691001,Kollam,8.879185,76.597005,138,,112600,78100
678008,Palakkad Engineering College,10.82372,76.65106,137,,88400,61600
676306,Tirurangadi,11.059395,75.910765,137,,84100,58500
344702,Chohtan,25.322615,70.958865,137,,59600,41600
680665,Panangad,10.27255,76.168385,137,,116700,81100
606908,Kadaladi,12.418805,78.972735,137,,63700,44500
678012,Vadakanthara,10.78615,76.636255,137,,89400,62200
523304,Kurichedu,15.84003,79.58599000000001,137,,79900,55600
642128,Venkatesa Mills,10.580535,77.290645,137,,124700,87000
690574,Manappally North,9.11235,76.579005,137,,111400,77400
690572,Kareelakulangara,9.1972,76.496135,137,,112700,78700
521163,Thotlavalluru,16.34422,80.78298000000001,137,,91900,64100
503207,Kotgir,18.567705,77.79376500000001,137,,53300,37100
691003,Kavanad,8.919045,76.55753,137,,111100,77300
580031,Hubli Eng College,15.374295,75.114215,137,,78000,54400
756111,Ranital,21.144855,86.550645,137,,36800,25700
686585,Chengalam,9.622445,76.701955,137,,117000,81600
609112,Tirupungur,11.18478,79.65982,137,,69900,48700
517194,Bhakarapet,13.713605,79.13709499999999,137,,84700,59000
584203,Kurdi,16.028775,77.201795,137,,60800,42400
581209,Hebsur,15.443335,75.31582,137,,78200,54600
445402,Ralegaon,20.36701,78.55736999999999,137,,59000,41000
673611,Kakkoti,11.333775,75.806685,137,,94200,65700
524002,Stonehousepet,14.43385,80.08213,136,,69800,48800
682313,Arakunnam,9.86568,76.4442,136,,139300,97600
686581,Poonjar,9.64832,76.81179499999999,136,,115800,80900
388640,Undel,22.32513,72.710575,136,,96000,67100
723146,Santaldih T.P.,23.593205,86.4774,136,,36900,25800
523356,Edavalli,15.39105,79.0147,136,,77500,54200
524003,Dargamitta,14.41469,79.98734999999999,136,,69700,48700
571110,Gargeshwari,12.26624,76.85632000000001,136,,94300,66000
580020,Hubli,15.3707296,75.1332867,136,,77300,54000
621804,Udayarpalayam S.O (Ariyalur),11.1530559,79.2585797,136,,70000,49000
388610,Dhuvaran Power Station,22.252955,72.76452499999999,136,,95400,66800
581338,Kadtoka,14.37177,74.49289999999999,136,,73000,51100
642132,Valavadi,10.542845,77.19181499999999,136,,122800,86000
680617,Manalur,10.49391,76.10299,136,,111700,78400
678551,Kotambu,10.73731,76.693465,136,,86000,60300
676311,Mooniyur,11.06082,75.896055,136,,81900,57300
344703,Rawatsar,25.67852,71.65955,136,,58400,40900
524004,Andhrakesari Nagar,14.4469,79.89829,136,,70000,48900
607001,Cuddalore,11.756175,79.766165,136,,59900,41900
535580,Pedamanapuram,18.36962,83.31678,136,,72000,50500
144601,Kapurthala,31.3856476,75.3053304,136,,100200,70000
532291,Ms Palli,19.030385000000003,84.54467500000001,135,,69700,49200
D836663,"Nalbari, Assam · D836663",26.3533632,91.3983662,135,,78000,54800
606901,Adamangalam,12.466805,78.9816,135,,60900,42900
680656,Kerala Agri-university,10.548085,76.281025,135,,111500,78200
642006,Suleeswaran Patti,10.63572,77.010115,135,,119600,84200
D214617,"Barddhaman, West Bengal",23.25,87.75,135,,77500,54500
680662,Vellangallur,10.30029,76.23765499999999,135,,110800,77900
388580,Virsad,22.37055,72.75947500000001,135,,92500,65100
244001,Moradabad,28.8796553,78.8095335,135,,50500,35500
522304,Kollipara,16.298969999999997,80.750095,135,,79600,56100
686564,Ayarkunnam,9.6287383,76.6455326,135,,113600,79700
517112,Pakala,13.46348,79.15764,135,,80500,56700
757035,Raruan,21.959985,85.85824,135,,48200,34000
503235,Renjal,18.747025,77.90662499999999,135,,50300,35400
642117,Mudis,10.268825,76.93098499999999,135,,121100,85100
521158,Nimmakuru,16.263330000000003,81.00908,135,,87900,61900
680654,Vellanikkara,10.56598,76.28872,135,,109300,77000
364081,Alang SBY,21.401385,72.18462,135,,64500,45400
581195,Koliwad,15.30777,75.411705,134,,74000,52200
678508,Nemmara,10.52952,76.7026,134,,82400,58300
676307,Tanalur,10.961215,75.90522,134,,77100,54600
431522,Pangaon,18.60516,76.62471500000001,134,,72500,51300
680651,Mannuthy,10.54671,76.262835,134,,108100,76300
609204,Tirumeniarkoil,11.16744,79.55381,134,,65100,46000
686513,Mundakayam,9.51073,76.918975,134,,109900,77700
524001,Nellore,14.45988,79.97443,134,,66600,47000
524005,Polytechnic,14.48007,79.992665,134,,66600,47000
676320,Tayyalingal,10.99296,75.92305,134,,77600,54900
517193,Chinnagottigallu,13.63348,79.09761499999999,134,,78900,55800
122104,"Mewat, Haryana",27.7939605,77.0120827,134,,167900,118500
686610,Peruva,9.82821,76.49841,134,,108800,77000
829149,T.T.P.S.Lalpania,23.76155,85.734775,134,,57200,40400
754024,Dhanmandal,20.662615,86.08567,133,,41500,29500
580030,Hubli Udyamnagar,15.365035,75.09826000000001,133,,71900,51000
581345,Majali,14.88907,74.10741999999999,133,,67500,47900
686609,Mevelloor,9.82813,76.46088,133,,108300,76700
122103,Sohna,28.217865,77.130485,133,,163100,115800
609111,Sirkali Thenpathi,11.244905,79.74032,133,,64500,45700
522308,Emani,16.352485,80.694175,133,,75900,54000
D997854,"Basti, Uttar Pradesh · D997854",26.8387083,82.5350919,133,,73200,52100
394317,Baleshwar,21.118105,72.98347000000001,133,,91400,64900
678011,Ambikapuram,10.797545,76.653605,133,,80100,57000
243633,Bilsi,28.116667,78.983333,133,,36800,26100
609110,Sirkali,11.22766,79.72942,133,,64400,45700
680618,Aranattukara,10.513875,76.19744,133,,104500,74300
680686,Perinjanam,10.309995,76.14674,133,,106400,75400
517102,Narasingapuram,13.59959,79.24587,133,,77400,55000
303004,Lawain,26.7805,76.218995,133,,59400,42300
122108,Nagina,27.904115,77.01343,133,,163900,116200
122107,Nuh,28.07432,77.053775,133,,164100,116300
678102,Tattamangalam,10.67925,76.711545,133,,80000,56900
676309,Kodinhi,11.017605,75.90283,133,,76300,54200
560032,RT Nagar,13.0231,77.5907,133,98.0,138900,98600
642113,Madathukulam,10.55239,77.36568,133,,115800,82100
678005,Chokkanathapuram,10.79157,76.67613,133,,81600,57800
609804,Thuhili,11.06176,79.50127499999999,133,,65300,46300
690547,Prayar,9.113685,76.48596,133,,104500,74100
642123,Samathur,10.595395,77.03440499999999,132,,112800,80400
676501,Edarikode,10.99682,75.97351,132,,74700,53200
678555,Kozhinjampara,10.71593,76.86273,132,,78600,56100
122504,Haillymandi,28.38897,76.738405,132,,159500,113700
757040,Kaptipada,21.483225,86.515125,132,,45300,32300
122414,Nanukalan,28.277205,76.742075,132,,157700,112700
523302,Santhamagulur,16.110480000000003,79.96194,132,,70300,50200
110093,Shahdara/Nand Nagri,28.673,77.289,132,85.0,107200,76600
635126,Hosur Indl. Complex,12.76094,77.80579,132,,76400,54400
122105,Tauru,28.22754,76.944155,132,,160300,114200
680014,Puthur-Thrissur,10.4786547,76.2726125,132,,102800,73300
122502,Khalilpur,28.27691,76.68943999999999,132,,157400,112500
642111,Krishnapuram,10.557625,77.33306,132,,112200,80000
680652,Pattikkad TC,10.55604,76.35481,132,,104100,74100
142001,Moga,30.7877554,75.159359,132,,74400,52900
756101,Charampa,21.113190000000003,86.52446,132,,33100,23600
686611,Kallara,9.70489,76.46867,132,,104800,74800
691302,Bhoothakulam,8.801355000000001,76.708065,131,,95000,68200
686605,Thalayolaparambu,9.786835,76.44393500000001,131,,102800,73600
754205,Balichandrapur,20.62984,86.26961,131,,39500,28400
160018,Sector 18 (Chandigarh),30.729844,76.7841457,131,,174000,124700
362001,Junagadh Azad Chowk,21.497285,70.478465,131,,58900,42300
841305,Revelganj,25.781275,84.685855,131,,36900,26400
517167,Kothapalle,13.30375,79.312365,131,,74200,53100
686563,Kumarakom,9.605125,76.43403,131,,102000,73200
686576,Ramapuram Bazar,9.812575,76.66366,131,,102000,73200
122101,Badshahpur,28.37578,77.06409,131,,154100,110700
122006,Railwary Road,28.466805,76.99331000000001,131,,154400,110800
517192,Rompicherla,13.66479,79.04208,131,,73800,52900
686571,Kadaplamattom,9.711675,76.62098499999999,131,,102300,73400
517172,Mangalampet,13.54567,79.114755,131,,73400,52700
311301,Asind,25.657715,74.300815,131,,68000,48800
D940778,"Bhagalpur, Bihar · D940778",25.2861354,87.1304229,131,,70800,50700
122009,Galleria DLF-IV,28.458355,77.092955,131,,154400,110800
122503,Pataudi,28.32707,76.829725,131,,156600,112100
D428839,"Bhojpur, Bihar · D428839",25.4501182,84.5635193,131,,70600,50600
676305,Abdurahiman Nagar,11.077465,75.955355,131,,72100,51700
D308156,"Kaushambi, Uttar Pradesh · D308156",25.5342456,81.4493567,131,,69900,50200
523326,Tripurantakam,16.025280000000002,79.491405,131,,68100,48900
678507,Muthalamada,10.59693,76.779375,131,,77700,55600
641302,Sirumugai,11.357545,77.042125,131,,108700,78100
676508,Valakolam,11.010055,75.94849500000001,131,,73500,52600
517130,Iral,13.38058,78.94346,131,,74600,53400
570012,Jayalakshmipuram,12.32051,76.62563499999999,131,,84800,60600
691301,Paravur,8.81831,76.66876500000001,131,,96900,69300
517152,Damalacheruvu,13.473375,79.06782,131,,74300,53200
680671,Edavilangu,10.2502,76.156135,131,,100500,72000
642127,Valparai,10.30272,76.98101,131,,110400,79000
122001,Gurgaon,28.4600912,77.0332843,131,,156200,111800
122003,Gurgaon Sector 45,28.44133,77.10186,131,,155100,111200
678505,Pallassana,10.63654,76.65520000000001,131,,77000,55200
781007,Ulubari,26.174795,91.761295,131,,45500,32600
678546,Erimayur,10.666595,76.56279,131,,77200,55300
122018,Gurgaon South City II,28.420525,77.050525,131,,155000,111200
D505553,"Arwal, Bihar · D505553",25.1812832,84.6596648,130,,69200,49800
534467,T.Narasapuram,17.073765,81.11606499999999,130,,72300,52000
122007,Industrial Estate,28.474265,77.051185,130,,153300,110200
534452,Tadikalapudi,16.908079999999998,81.15641500000001,130,,71900,51700
D267452,"Dumka, Jharkhand · D267452",24.3159312,87.2720833,130,,68500,49400
394230,Sachin,21.084165,72.87693999999999,130,,84200,60800
678013,Kunnathurmedu,10.760245,76.66640000000001,130,,75100,54100
581320,Bhatkal,14.014525,74.61596,130,,62700,45200
570015,Bannimantap,12.33785,76.651315,130,,82700,59500
676319,Chettipadi,11.078695,75.86382,130,,71700,51500
686543,Manimala,9.50158,76.75121999999999,130,,100900,72600
517131,Kanipakam,13.27109,79.03358499999999,130,,72800,52300
D853079,"Saran, Bihar · D853079",25.9214451,84.7759731,130,,69500,50000
522329,Pittalavanipalem,15.973885,80.63918000000001,130,,71600,51500
682010,Edakochi,9.90808,76.29328,130,,121500,87500
686661,Muvattupuzha,9.978005,76.588505,130,,123000,88400
608303,Lalpet,11.29671,79.580505,130,,52100,37500
680613,Kandassankadavu,10.47777,76.09394,130,,97700,70400
754023,Chhatia,20.607835,86.07313500000001,130,,38600,27800
690558,Mankamkuzhy,9.226745,76.60233,130,,96500,69500
D763704,"Kheri, Uttar Pradesh · D763704",28.116667,80.716667,130,,69000,49700
122015,Palam Road,28.49246,77.066595,130,,153200,110100
122005,Air Force,28.487425,77.04354000000001,130,,153000,110000
686608,Kulasekharamangalam,9.81271,76.39965000000001,129,,98500,71200
676502,Paravanna,10.89163,75.893395,129,,70100,50600
403105,Pale,15.47524,74.06562500000001,129,,104700,75700
802114,Chausa,25.460050000000003,83.88450499999999,129,,35400,25700
321610,Ghatabalaji,26.967635,76.84079500000001,129,,87900,63500
641401,Kangayampalayam,11.031355,77.17011500000001,129,,104200,75400
641305,Mahadevapuram,11.305735,76.907675,129,,103600,75100
757034,Jashipur,21.85823,86.265305,129,,42100,30500
361170,Lalpur,22.177795,69.99579,129,,61100,44200
637301,Sankaridrug,11.505745,77.8723,129,,88400,64000
609802,Narasinganpettai,11.035025,79.51165,129,,58800,42600
572123,Huliyur Durga,12.834765,77.06634500000001,129,,61600,44500
311302,Badnore,25.873800000000003,74.34182,129,,66000,47700
636457,Vanavasi,11.74998,77.854645,129,,88200,63900
636453,Mecheri,11.80619,77.91289499999999,129,,88000,63800
424310,Kasara,20.908475000000003,74.28593000000001,129,,52300,37800
643223,Masinagudi,11.538995,76.733575,129,,119500,86400
642122,Pulankinar,10.58366,77.18077,129,,105200,76000
642007,Angalakurichi,10.52075,77.01472000000001,129,,105700,76300
678101,Chittur PG,10.683375,76.79685,129,,73100,52900
678103,Thekkegramam,10.678845,76.753365,129,,73700,53300
523327,Erragondapalem,16.102095,79.16381,129,,66000,47700
143606,Chetanpura,31.830795,74.90338,129,,67900,49200
742408,Sargachi Ashram,24.023015,88.2495,129,,44500,32200
680620,Arimpur,10.494915,76.13531499999999,129,,96200,69600
742402,Talibpur,23.77433,88.147395,129,,44700,32300
742212,Farakka Barrage,24.787750000000003,87.886485,129,,44600,32200
636403,Raman Nagar,11.81644,77.84404,129,,88200,63900
636404,Gonur,11.815335,77.85332,129,,88300,64000
276142,Koilsa,26.27546,83.010975,129,,36200,26100
D648773,"Surat, Gujarat · D648773",21.1923647,72.9551023,129,,68000,49100
534427,Gundugolanu So.,16.72598,81.274945,129,,70800,51100
D728927,"Bahraich, Uttar Pradesh · D728927",27.7343823,81.47654,129,,68100,49200
D350782,"Nawada, Bihar · D350782",24.8173249,85.5179085,128,,66500,48200
D515353,"Darbhanga, Bihar · D515353",26.0829899,86.0324951,128,,66100,48000
636451,Chamrajpet,11.841435,77.975055,128,,87300,63400
623120,Sayalgudi,9.18152,78.43037,128,,67100,48800
736203,Kumargramduar,26.58997,89.83027,128,,39500,28700
636456,Salem Camp,11.78666,77.81067999999999,128,,87100,63300
636402,Metturdam RS,11.80395,77.82809,128,,88000,63800
534437,Pedapadu,16.62692,81.07636500000001,128,,67900,49400
387411,Kheda,22.74877,72.68072000000001,128,,77900,56700
636458,Mallikundam,11.87543,77.89314999999999,128,,88000,63800
222201,Balwarganj,25.766845,82.261705,128,,37000,26900
636501,Jalakantapuram,11.70567,77.87046000000001,128,,87900,63800
133104,Saha,30.3435002,76.9493554,128,,67400,49000
686555,Devagiri,9.53245,76.680185,128,,96300,69900
636503,Tholasampatti,11.748595,77.97186500000001,128,,86700,63100
636406,Mettur Thermal Project,11.76618,77.81706500000001,128,,87900,63700
444720,Brahmanwada Thadi,21.35633,77.788635,128,,47800,34700
586207,Halsangi,17.322095,75.86847,128,,59900,43600
642125,Sholayar Nagar,10.316855,76.864405,128,,103100,74800
444711,Mangrul Dastgir,20.80154,78.247735,128,,47400,34500
444702,Dharni,21.4988,76.98343,128,,47500,34600
444709,Dhamangaon R.S.,20.841015,78.145725,128,,47400,34500
444710,Talegaon Dashasar,20.72371,78.073695,128,,47400,34500
416305,Digraj Kasaba,16.890375,74.51872499999999,128,,60100,43700
444803,Daryapur,20.97595,77.361245,128,,47700,34700
444804,Purna Nagar,21.094135,77.56429,128,,47600,34700
444707,Nerpingalai,21.201685,77.98326,128,,47600,34700
444802,Kholapur,20.95422,77.500215,128,,47700,34700
583276,K U Campus,15.288545,76.495765,128,,77100,56000
444717,Dhamangaon Gadhi,21.309025,77.16290000000001,128,,48100,34900
444809,Karajgaon,21.34564,77.61424500000001,128,,47600,34600
444808,Pathrot,21.21327,77.36289,128,,47500,34600
444805,Paratwada,21.291835,77.51969,128,,48000,34900
444704,Chandur Bazar,21.23711,77.72726499999999,128,,47400,34500
444705,Anjangaon,21.159235,77.287425,128,,47500,34600
444723,Sirajgaon Band,21.253335,77.639505,128,,47600,34700
444901,Nandgaon Peth,21.093255,77.89881,128,,48000,34900
444813,Semadoh,21.55762,77.293395,128,,47600,34600
444810,Sirasgaon Kasba,21.348315,77.67783,128,,48200,35000
444708,Nandgaon Khandeshwar,20.65281,77.876855,128,,47600,34700
641301,Mettupalayam,11.31027,76.94594000000001,128,,101800,74100
676504,Kodur-malabar,11.01787,76.074715,128,,67500,49100
D193421,"Kishanganj, Bihar · D193421",26.2984144,87.9466715,128,,66700,48400
444706,Yeoda,20.98111,77.217885,128,,47700,34700
400062,Goregaon West,19.1584,72.8494,128,94.0,124000,90000
D130094,"Paschim Medinipur, West Bengal",22.3600119,87.4111505,128,,66200,48100
678014,Palakkad City,10.77147,76.646515,128,,71500,52000
444719,Kalamkhar,21.35434,76.762405,128,,47600,34700
403101,Betim,15.52415,73.84801999999999,128,,101300,73700
403108,Goa -velha,15.45112,73.878015,128,,102200,74200
403109,N B Verem,15.50061,73.80292,128,,102100,74200
388620,Khambhat,22.277195,72.54825,128,,79800,57900
621717,Veppur,11.323925,79.05064,128,,50100,36400
612001,Kumbakonam,10.962155,79.38369,128,,58100,42200
403006,Ribandar,15.48797,73.867875,128,,102200,74200
636452,Madayankuttai,11.765685,77.78574,128,,87900,63700
364110,Gogha,21.65483,72.26096,128,,54700,39800
676317,Velimukku,11.097025,75.90367,128,,67500,49100
641402,Sulur,11.00847,77.128575,128,,101500,73900
612002,Melakaveri,10.974365,79.371725,128,,58100,42200
636502,Tharamangalam,11.7047,77.962745,128,,86500,62900
523373,Komarole,15.262285,79.034045,128,,63900,46500
637501,Attayampatti,11.524155,78.02171,128,,86800,63100
637103,Mac Donalds Choultry,11.53466,77.96838,128,,87700,63600
686606,Thirumani Venkita Puram,9.71225,76.39353,128,,96100,69800
591229,Kognoli,16.52489,74.32105,128,,46600,33900
444904,Chandur Railway,20.818655,77.93507,128,,47600,34600
444905,Morshi,21.329985,78.01115,128,,47800,34800
444903,Tiosa,21.053035,78.08929,128,,47500,34600
444902,Gurukunj Ashram,21.033465,77.97347500000001,128,,47700,34700
403002,Caranzalem,15.47554,73.80584,128,,102700,74600
403001,Panaji,15.49132,73.806685,128,,102600,74500
636454,Nangavalli,11.770499999999998,77.88694,128,,87800,63700
403110,Corlim IE,15.49381,73.931335,128,,102400,74400
403201,Bambolim Camp,15.468465,73.871775,128,,102100,74200
D581407,"Supaul, Bihar · D581407",26.2768089,86.7959614,127,,63900,46700
676517,Pookkottur,11.0898,76.06171,127,,66800,48700
673631,Feroke,11.17361,75.83454,127,,75700,55200
D319295,"Garhwa, Jharkhand · D319295",24.053577,83.6526818,127,,64700,47200
D400421,"Jaunpur, Uttar Pradesh · D400421",25.7967065,82.4888992,127,,64400,47100
D511120,"Sonbhadra, Uttar Pradesh · D511120",24.4148159,83.0637517,127,,64700,47200
641201,Chettipalayam,10.906295,77.06513000000001,127,,99000,72400
D171615,"Latehar, Jharkhand · D171615",23.6880057,84.4969551,127,,64100,46800
D216230,"Sahibganj, Jharkhand · D216230",25.0320437,87.691764,127,,65100,47400
678506,Kollengode,10.592905,76.702135,127,,71100,51800
522529,Phirangipuram,16.280900000000003,80.238975,127,,66100,48300
D124782,"Khunti, Jharkhand",22.9281801,85.2814475,127,,64500,47100
D147530,"Lakhisarai, Bihar · D147530",25.1543938,86.1744959,127,,63800,46700
110039,Bawana,28.79562,77.021175,127,,95500,69800
623402,Chinnakeeramangalam,9.787335,78.87393,127,,65400,47800
534462,Dharmajigudem,16.929365,81.034155,127,,66300,48500
534447,Jangareddygudem,17.119605,81.31529,127,,66200,48400
416304,Budhgaon,16.92825,74.583565,127,,58000,42400
534455,Gowrisankara Puram,17.123025,81.26655500000001,127,,66300,48500
534406,Chebrole,16.79852,81.39066,127,,67400,49100
534448,Buttayagudem,17.252769999999998,81.343355,127,,66400,48500
581315,Aminalli,14.522595,74.64761,127,,59500,43300
444907,Shendurjana Ghat,21.552635,78.30794499999999,127,,46900,34200
444801,Walgaon,21.06139,77.67640499999999,127,,46900,34200
444807,Chikhaldara,21.51601,77.40900500000001,127,,47300,34500
444908,Jarud,21.419185,78.17229499999999,127,,47100,34300
444806,Achalpur City,21.284965,77.50444999999999,127,,47400,34500
444701,Badnera,20.725765000000003,77.749475,127,,47000,34300
600102,Anna Nagar East,13.088875000000002,80.22476499999999,127,,107400,78300
676525,Kalikavu,11.176135,76.342145,127,,67100,48900
534461,Pragadavaram,17.00758,81.02627000000001,127,,66500,48600
534449,Kamavarapukota,16.979135,81.17555,127,,66400,48500
637504,Vembadithalam,11.56677,78.012725,127,,85900,62600
637502,Elampillai,11.614575,78.005575,127,,85400,62300
144523,Binewal,31.270125,76.247135,127,,69000,50300
232108,Sakaldiha,25.35906,83.314855,127,,30900,22600
678002,Olavakkot,10.79836,76.64131,127,,70300,51400
232110,Saiyadraja,25.27337,83.43617,127,,31000,22600
232111,Naugarh,24.846335,83.23142,127,,31000,22600
232118,Sahabganj,25.103655,83.300095,127,,30900,22600
232106,Kamalpur,25.3819,83.42081999999999,127,,31000,22600
232102,Baburi,25.17382,83.20263,127,,30800,22500
232103,Chakia,25.032805000000003,83.21242,127,,31000,22600
232104,Chandauli,25.2346,83.260395,127,,31000,22600
232105,Dhanapur,25.44942,83.36881,127,,30900,22600
126125,Naguran,29.4494987,76.3736217,127,,50600,36900
636601,Yercaud,11.80635,78.23633,127,,85700,62500
670632,Chemperi,12.102555,75.55724000000001,127,,65200,47600
636455,Omalur,11.753195,78.02622,127,,84900,62000
306301,Anandpur Kalu,26.3957,74.03511499999999,127,,46100,33700
686542,Nedumkunnam,9.511835,76.66086,127,,93000,68000
412803,Wai,17.992305,73.79409000000001,127,,63300,46100
522264,Chodayapalem,15.840155,80.84774999999999,127,,67200,49000
636602,Ondikadai,11.81414,78.223265,127,,85700,62500
306601,Bijowa,25.345405,73.37786,127,,46600,34000
517124,Puthalapattu,13.377035,79.07486,127,,67400,49200
517126,Penumur,13.401135,79.21214499999999,127,,67900,49500
D419945,"Purnia, Bihar · D419945",25.7758723,87.4087667,127,,64800,47300
586127,Shivangi,16.814415,75.8933856,127,,59500,43400
D847522,"Jamtara, Jharkhand · D847522",23.9801639,86.9243637,127,,65000,47400
D968680,"Maldah, West Bengal",25.0977098,88.1261713,127,,64400,47000
110036,Alipur,28.81375,77.16309,126,,94700,69400
110052,Ashok Vihar,28.68877,77.17438999999999,126,,93500,68600
D148606,"Chitrakoot, Uttar Pradesh · D148606",25.217139,81.1045927,126,,62800,46100
431715,Mukhed,18.651165,77.41173,126,,45300,33300
232101,Mugalsarai,25.285845,83.12045,126,,30200,22100
110056,Shakur Basti Depot,28.681235,77.12113500000001,126,,94800,69400
232109,Sakaldiha Bazar,25.394935,83.22433000000001,126,,30600,22400
431710,Biloli,18.78995,77.6637,126,,45300,33300
431719,Mukaramabad,18.473375,77.35262,126,,45300,33300
431718,Kardkhed,18.45857,77.491635,126,,45300,33200
431717,Degloor,18.555585,77.561845,126,,45300,33200
431746,Barul,18.865845,77.3438,126,,45200,33200
431716,Jamb B K,18.67328,77.239295,126,,45200,33200
431722,Gadga,18.82148,77.46173,126,,45300,33300
431745,Barad,19.24881,77.493725,126,,45300,33300
431712,Hadgaon,19.459595,77.590535,126,,45300,33300
431720,Palam,19.015945,76.969345,126,,36700,26800
431721,Mahore,19.818305,77.96662,126,,45200,33200
431713,Tamsa,19.35852,77.599905,126,,45300,33300
431704,Ardhapur,19.312075,77.416005,126,,45300,33300
431809,Dharmabad,18.90011,77.761945,126,,45400,33300
523371,Thummalacheruvu,15.63535,79.288925,126,,61200,44900
523369,Rajupalem,15.31957,78.98339,126,,61900,45300
232120,Sadalpura,25.307665,83.20344,126,,30600,22400
431711,Kundalwadi,18.81357,77.796765,126,,45200,33200
431709,Naigaon,18.871705,77.528455,126,,45300,33300
431708,Loha,18.941605000000003,77.09127000000001,126,,45300,33200
431811,Gokunda,19.534080000000003,78.21341,126,,45400,33300
678004,Nurani,10.769265,76.61546,126,,69000,50600
686607,Thalayazham,9.717735,76.42661000000001,126,,90600,66500
678007,Chandranagar,10.76026,76.70288,126,,68700,50400
431810,Bodhadi,19.468985,78.15149,126,,45800,33500
431808,Karkheli,18.951975,77.721385,126,,45800,33600
444605,H. V. Nagar,20.93013,77.7178,126,,45700,33500
416414,Wanlsswadi,16.843505,74.61442,126,,57900,42300
387375,Vadtal,22.591975,72.87120999999999,126,,75700,55400
686586,Moonnilavu,9.760425,76.798,126,,91200,66900
143601,Majitha,31.77142,74.97843499999999,126,,64000,46900
444604,V.M.V.,20.971265,77.74058500000001,126,,45500,33400
412805,Panchagani,17.905605,73.799155,126,,61800,45300
670009,Azhikode,11.924105,75.321515,126,,63600,46700
431736,Shankarnagar,18.724095,77.59696,126,,45300,33300
431742,Kurula,18.737805,77.16918000000001,126,,45300,33200
431723,Shahapur,18.60055,77.64934500000001,126,,45200,33200
431731,Sagroli,18.68715,77.73959500000001,126,,45100,33100
431743,Niwagha,19.600085,77.55316,126,,45200,33200
431801,Bhokar,19.19916,77.726375,126,,45400,33300
431802,Himayatnagar,19.40114,77.84412499999999,126,,45400,33300
431803,Islapur,19.34328,78.06816,126,,45400,33300
431804,Kinwat,19.658810000000003,78.103725,126,,45300,33300
431741,Hanegaon,18.360015,77.46485,126,,45200,33200
534450,Gopannapalem,16.78847,81.145325,126,,65500,48000
361347,Surajkaradi,22.419735,69.03004,126,,56200,41300
431805,Mandvi,19.79454,78.256025,126,,45300,33300
431807,Umari,19.04419,77.65822,126,,45800,33600
232107,Ramgarh,25.475715,83.24992,126,,30600,22400
642129,Vettaikaran Pudur,10.5409,76.89036,126,,97300,71400
444607,Sai Nagar,20.898045000000003,77.74591000000001,126,,45400,33400
690538,Arinallur,9.005845,76.5936,126,,85800,62900
D492353,"Aurangabad, Bihar",24.8033201,84.4110198,126,,63500,46500
D669852,"Lohardaga, Jharkhand · D669852",23.4770044,84.6986684,126,,63400,46400
110086,Sultanpuri C Block,28.706315,77.062355,126,,93300,68500
110082,Khera Kalan,28.791385,77.10701499999999,126,,93900,68900
576222,Koteshwara,13.58322,74.78464500000001,126,,59800,43800
576223,Mandarthi,13.513325,74.82993,126,,59900,43900
576247,Gujjadi,13.679745,74.66587,126,,59900,43900
110089,Rohini Sector 15,28.733645,77.128125,126,,93400,68600
577101,"Chikmagalur, Karnataka",13.3245255,75.7722995,126,,69000,50500
D752523,"Chatra, Jharkhand · D752523",24.1062316,84.8623379,126,,63600,46500
D189961,"Araria, Bihar · D189961",26.2651013,87.3699437,126,,62800,46100
576232,Uppunda,13.840415,74.643055,126,,59500,43700
678556,Menonpara,10.77858,76.84,126,,68200,50100
431714,Kandhar,18.851615,77.24387,126,,45300,33300
622422,Sivapuram,10.336325,78.77031,126,,46300,34000
781005,Dispur,26.159385,91.78113,126,,40600,29800
172029,Kumarsain,31.312755000000003,77.43567,126,,88500,64800
110042,Samai Pur,28.74854,77.130675,126,,93700,68700
641603,Gandhinagar,11.13664,77.327935,126,,98000,71800
110088,Shalimar Bagh,28.71160418031827,77.14494027864622,126,,94300,69100
D919044,"Pashchim Champaran, Bihar",27.0,84.5,126,,62600,46000
110081,Kanjhawla,28.7379145,77.0100626,126,,93100,68400
D523472,"West Garo Hills, Meghalaya · D523472",25.6065343,90.2038335,126,,62400,45800
D942323,"Kodarma, Jharkhand",24.5423802,85.69301,126,,62700,46000
641604,T.C.Market,11.07642,77.43819,126,,97500,71500
306501,Khairwa,25.69153,73.48989,126,,44800,32900
686662,Koothattukulam,9.86897,76.57755,126,,110500,81100
535593,Mamidipalle,18.629575,83.112435,126,,57500,42200
172031,Kotgarh,31.293345,77.48515,126,,89100,65200
606903,Kalambur,12.63331,79.211495,126,,49500,36400
691004,Kilikollur,8.8984,76.628825,125,,82900,61200
431806,Mudkhed Station,19.0942729,77.4832628,125,,44100,32500
676312,Ariyallur,11.09223,75.850825,125,,63100,46500
532292,Manikyapuram,18.952785,84.64519,125,,56000,41200
676523,Karuvarakundu,11.14652,76.365195,125,,63100,46500
676507,Makkaraparamba,11.02226,76.119495,125,,63000,46500
110083,Mangolpuri N Block,28.69316,77.08848,125,,92900,68300
623115,Perunali,9.222145,78.339095,125,,62700,46200
521137,Poranki,16.484795,80.71806,125,,70400,51900
521157,Pamarru,16.331765,80.95956,125,,70500,51900
757037,Karanjia,21.73414,86.03440499999999,125,,38900,28600
431750,Malegaon,19.2878,77.296475,125,,44300,32600
146110,Kot Abdul Khaliq,31.527375,76.043025,125,,65200,48100
515211,Kirikera,13.75075,77.50072,125,,62200,45900
523372,Thurimella,15.53925,78.903825,125,,59600,44000
691019,Uliyakovil,8.907174999999999,76.606775,125,,83600,61600
573213,Alur,13.00063,75.97729000000001,125,,59000,43500
261404,Parsada,27.479185,80.63528500000001,125,,36400,26800
431707,Osmannagar,18.9836,77.33182500000001,125,,44300,32600
146021,Sadhu Ashram,31.575455,76.00467499999999,125,,65800,48400
642002,Mahalinga Puram,10.69773,77.01723,125,,94800,70000
678512,Kakkayur,10.65353,76.639275,125,,67200,49500
622502,Keeranur,10.605325,78.83187000000001,125,,45400,33500
573219,Salagame,13.12422,76.10055,125,,59000,43500
523357,Giddalur,15.374735,78.865605,125,,59900,44200
686603,Manjoor,9.721845,76.51427,125,,88900,65600
518313,Kosigi,15.86126,77.25083000000001,125,,51500,38000
518349,Tungabhadra,15.888655,77.31362,125,,51900,38200
609807,Pandanallur,11.139125,79.521345,125,,53900,39700
515301,Madakasira,13.94062,77.27623,125,,62200,45900
642109,Kinathukadavoo,10.81366,76.980965,125,,96400,70900
444606,Rukhmini Nagar,20.904735,77.77252999999999,125,,44400,32800
515311,Agali,13.805364999999998,77.03341,125,,62800,46300
761214,Nuagada,19.1966026,84.1930634,125,,46000,34000
532201,Tekkali,18.606715,84.23389499999999,125,,56400,41500
522412,Rajupalem,16.43722,80.070215,125,,64300,47300
518344,Kavuthalam,15.76724,77.15713500000001,125,,51900,38200
416416,Sangli,16.897115,74.54936000000001,125,,55300,40900
678552,Polpulli,10.721925,76.741045,125,,67400,49600
757036,Tato,21.77065,86.096465,125,,38800,28600
272192,Itwa,27.2511724,82.8716528,125,,35600,26200
670008,Alavil,11.892815,75.34565,125,,63000,46300
754105,Kasarda,20.21526,86.07327000000001,125,,49100,36100
682011,Ernakulam,9.97298,76.28235000000001,125,,108200,79800
741123,Bangaljhi,23.4847374,88.5567067,125,,38600,28400
522616,Chilakaluripet,16.079340000000002,80.16694,125,,63400,46800
641407,Arasur,11.08869,77.12223499999999,125,,94900,70000
670502,Pariyaram-kannur,12.078125,75.33716000000001,125,,62300,45900
172028,Delath,31.328945,77.56060500000001,125,,86300,63600
757042,Gorumahisani,22.34397,86.294595,125,,39000,28700
686546,Madappally,9.46086,76.59409500000001,125,,90300,66400
172030,Thanedhar,31.32759,77.48763,125,,85800,63300
678503,Pudunagaram,10.668185,76.671305,124,,66300,49000
614207,Rajaghiri,10.922245,79.24500499999999,124,,53200,39300
413526,Pargaon,18.621945,75.74351,124,,58100,43000
627806,Kilapavur,8.937465,77.39675,124,,64100,47500
676521,Pandikkad,11.098405,76.198115,124,,62000,45900
680615,Engandiyur,10.50464,76.05552499999999,124,,85900,63500
691005,T K M College,8.912775,76.63528500000001,124,,81800,60500
576102,Kunjibettu,13.351525,74.767615,124,,56700,42000
573215,Bikkodu,13.065625,75.89107,124,,57500,42600
841245,Zeradei,26.174655,84.24626,124,,41100,30300
757041,Udala,21.600235,86.57069,124,,38100,28100
600107,Koyambedu,13.06489,80.189605,124,,100500,74200
515341,Chilamathur,13.818955,77.69198499999999,124,,60600,45000
515123,Roddam,14.10344,77.44995,124,,60700,45000
518004,N R Peta KNL,15.85063,78.01434499999999,124,,51000,37700
242307,Tilhar,27.9128583,79.7476254,124,,33000,24400
678545,Pudiyankam,10.635255,76.56147999999999,124,,65800,48700
680683,Kallettumkara,10.34749,76.269935,124,,85200,63100
784504,Borjuli,26.85971,92.61514,124,,39900,29500
784506,Missamari,26.853495,92.52308,124,,39600,29400
416313,Walwa,17.02616,74.361265,124,,54400,40300
416412,Sankh,17.043599999999998,75.511885,124,,54900,40600
799015,Narayanpur Bazar,23.913775,91.262285,124,,63700,47200
416401,Arag,16.79988,74.805005,124,,55200,40800
174301,Santokhgarh,31.36048,76.32275,124,,69300,51300
416306,Kavalapur,16.936149999999998,74.64394,124,,54800,40500
444603,Shivaji Nagar,20.97067,77.77793,124,,44200,32600
764073,Umerkote,19.6096232,82.2987685,124,,21600,16000
614208,Sundaraperumalkoil,10.924695,79.30864,124,,52800,39000
614210,Valoothoor,10.909825,79.21685,124,,53200,39300
515331,Lepakshi,13.83113,77.61793,124,,60600,45000
173023,Sangrah,30.6991321,77.4465304,124,,51000,37800
680661,Nadavaramba,10.32416,76.21699000000001,124,,86100,63600
641202,Vadasithur,10.8411,77.09620000000001,124,,92700,68700
683544,Koovappady,10.15763,76.505655,124,,106100,78600
416309,Kundal,17.13508,74.41652500000001,124,,54400,40300
742140,Jemo Rajbati,23.945275,88.06784999999999,124,,39400,29200
534123,Atchanta,16.59888,81.797065,124,,62700,46400
781126,Mukalmua,26.236325,91.31183,124,,42700,31600
678510,Ayalur,10.548705,76.57846,124,,65800,48700
D301308,"Mainpuri, Uttar Pradesh · D301308",27.2093072,79.0625369,124,,60700,44900
781306,Chamata,26.417485,91.33471,124,,43000,31800
678003,Kalpathi,10.791015,76.646715,124,,65800,48700
678104,Chittur College,10.693375,76.725085,124,,65800,48700
678554,Nattukal,10.73128,76.81974500000001,124,,66200,48900
D195091,"Sitapur, Uttar Pradesh · D195091",27.5026748,80.8335139,124,,60200,44600
125007,Azad Nagar Hisar,29.047765,75.61905,123,,45800,34000
110033,N.S.Mandi,28.71252,77.18909500000001,123,,88400,65700
585104,GB N Gunj,17.483605,76.808945,123,,31800,23700
585103,GB Bahamanipura,17.32628,76.785465,123,,31800,23700
521149,Guduru,16.238084999999998,81.07080500000001,123,,66800,49700
585305,Chandapur,17.435180000000003,77.54499,123,,31900,23700
532404,Srikurmam,18.286075,84.007665,123,,53800,40000
D191344,"Baleshwar, Odisha",21.5197916,86.8790638,123,,58600,43600
110040,Narela,28.84,77.09,123,80.0,66300,49300
680732,Mala-thrissur,10.236955,76.27170000000001,123,,83300,62000
793002,Iewduh,25.581225,91.87305,123,,69400,51500
641601,Tirupur,11.10789,77.343765,123,,91300,67900
416408,Manerajuri,17.0222,74.724465,123,,54000,40000
416410,Miraj,16.899575,74.71463,123,,53900,40000
518390,Tuggali,15.27262,77.56666,123,,49900,37000
793001,Shillong G.P.O.,25.580715,91.890655,123,,69500,51600
585102,GB RS,17.343474999999998,76.837675,123,,31900,23700
535594,Jiyyammavalsa,18.804445,83.62824499999999,123,,53900,40100
757038,Thakurmunda,21.46583,86.23726500000001,123,,36700,27300
172102,Sarahan BSR,31.46976,77.81706,123,,82100,61100
641602,Tirupur North,11.1446,77.349905,123,,91200,67800
515711,Kuderu,14.77947,77.38785,123,,59800,44500
515401,Gooty,15.1354,77.5999,123,,59500,44300
515721,Kandukur,14.587815,77.684845,123,,59300,44200
515731,Garladinne,14.82337,77.509235,123,,59600,44300
515741,Belguppa,14.725915,77.164635,123,,59600,44300
841287,Asaon,26.078135000000003,84.203475,123,,39500,29400
515751,Atmakur,14.6089,77.40545499999999,123,,59800,44500
416303,Bhilavadi,17.00042,74.49348,123,,52900,39400
764039,Pottangi,18.552315,82.94248999999999,123,,33200,24600
756100,Bhadrak,21.060215,86.510625,123,,26700,19900
757047,Badampahar,22.061445,86.05507,123,,36700,27300
670010,Valapattanam,11.920175,75.348265,123,,59700,44400
560047,Hebbal,13.0358,77.5953,123,94.0,111100,82500
416406,Madhavnagar,16.88832,74.58733000000001,123,,53300,39700
416411,Ranjani,16.984209999999997,74.938065,123,,53300,39700
784502,Bindukuri,26.742685,92.713105,123,,39000,29000
784501,Dekargaon,26.68608,92.783425,123,,39300,29200
342601,Pipar,26.415095,73.59812,123,,67500,50100
518165,Sanjamala,15.140605,78.274595,123,,50100,37100
641687,Iduvampalayam,11.08024,77.3006,123,,91400,67900
515212,Hindupur Sevamandir,13.859325,77.49803,123,,59200,44100
515122,Somandepalli,13.97762,77.57235,123,,59800,44500
515110,Penukonda,14.08437,77.64772500000001,123,,59800,44400
515101,Chennekothapalli,14.290425,77.6115,123,,59600,44300
515004,Georgepet,14.697725,77.574125,123,,59800,44400
515435,Singanamala,14.82609,77.72158,123,,59600,44300
515414,Putlur,14.782155,77.99139,123,,59800,44400
515003,Sri Venkateswara Puram,14.615305,77.63269,123,,59400,44300
670141,Taliparamba,12.040500000000002,75.359535,123,,60200,44700
670143,Pattuvam,12.02493,75.32831,123,,60100,44600
146024,Factory Area Chohal,31.63093,75.954775,123,,61800,46100
678504,Vadavannur,10.64078,76.70044,123,,64000,47600
731130,Rajnagar,23.97994,87.31165,123,,37400,27900
431606,SRTMU Nanded,19.09078,77.265495,123,,42500,31600
145022,Dunera,32.43709,75.85755499999999,123,,63000,46900
515134,Prasanthinilayam,14.142305,77.802055,123,,59700,44400
515154,Pamudurthi,14.267075,77.934775,123,,59700,44400
515001,Anantapur,14.6822,77.60394500000001,123,,59500,44300
515002,Anantapur Engg College,14.605065,77.58435499999999,123,,59600,44300
691021,Pattathanam,8.885394999999999,76.61986,123,,79200,59000
515124,Peddamanthur,14.00489,77.46869000000001,123,,59900,44500
110020,Jhatta,28.467484060916792,77.43352940434907,123,,106100,79000
691008,Kadappakada,8.89406,76.605625,123,,79600,59300
233302,Nandganj,25.537595,83.420305,122,,27500,20500
233222,Gangauli,25.740435,83.734335,122,,27500,20500
585101,Gulbarga,17.35817,76.814845,122,,31100,23200
233301,Mubarakpur,25.6832,83.792835,122,,27500,20600
613102,Thogur,10.80504,78.89231000000001,122,,50200,37500
560011,Jayanagar,12.93,77.584,122,114.0,108500,80900
441305,Paradsinga,21.29907,78.48563,122,,67800,50700
441304,Narkher,21.45876,78.52521,122,,67700,50700
384355,Vadnagar,23.803275,72.67595,122,,43300,32400
678553,Nallepilly,10.7195,76.78782000000001,122,,63300,47200
233227,Mohammadabad Yusufpur,25.637865,83.757115,122,,27600,20600
233224,Karanda,25.484755,83.45312000000001,122,,27600,20600
841301,Chapra,25.78713,84.73178,122,,29900,22300
682502,Edavanakad,10.09089,76.20849000000001,122,,101600,75800
233232,Goshandepur,25.439025,83.51012,122,,27600,20600
441210,Mandhal,20.958525,79.53390999999999,122,,67800,50700
686574,Arunapuram,9.733815,76.67206999999999,122,,83900,62600
518124,Banaganapalle,15.286475,78.22078,122,,48200,36000
686548,Nalukody,9.421005,76.560795,122,,82900,62000
172033,Nither,31.393,77.49168,122,,44800,33500
523320,Tokapalle,15.840165,79.257455,122,,55900,41800
521180,Kanchikacharla,16.6672,80.38299,122,,65400,48900
233303,Nonhara,25.673815,83.65965,122,,27600,20600
585105,GB Ggh,17.308155,76.86506,122,,31100,23300
441302,Katol,21.26254,78.62465499999999,122,,67800,50700
441401,Kanhan Pipri,21.44131,79.35263499999999,122,,67800,50700
441306,Sawargaon,21.42152,78.64027999999999,122,,67700,50600
172101,Jeori,31.61685,77.77584,122,,81300,60600
676506,Kottilangadi,11.034015,76.102165,122,,58600,43800
678541,Alathur Mbr,10.65094,76.540245,122,,62800,46900
D197112,"Uttarkashi, Uttarakand",30.9635733,78.6362521,122,,57700,43000
585106,GB Jnanaganga,17.31147,76.89211,122,,31100,23300
233229,Barachawar,25.74798,83.81681,122,,27400,20500
680619,Trithallur,10.48296,76.07618500000001,122,,82000,61200
581314,Ankola,14.71805,74.42606,122,,52700,39300
632514,Ponnai,13.119995,79.26900499999999,122,,58600,43700
781303,Banagram,26.402895,91.37931,122,,40400,30200
D920456,"Mayurbhanj, Odisha · D920456",21.9156338,86.3961824,122,,56900,42600
781138,Bartola,26.28886,91.31936,122,,40900,30500
521148,Elamarru,16.38579,80.934505,122,,65700,49100
232327,Gahmar,25.46848,83.81416999999999,122,,27500,20600
804402,Baidrabad,25.20258,84.61654,122,,32200,24000
678532,Pattancheri,10.64883,76.72528,122,,62900,46900
232325,Bara,25.49786,83.846145,122,,27500,20600
233001,Ghazipur,25.6034863,83.5075888,122,,27500,20600
232331,Zamania RS,25.35747,83.566525,122,,27600,20600
232326,Dildarnagar,25.423545,83.65183999999999,122,,27600,20600
431603,Cidco Nanded,19.112745,77.335315,122,,41300,30900
232336,Dharhni,25.52424,83.60066499999999,122,,27600,20600
233233,Khardiha,25.67077,83.87863,122,,27400,20500
425408,Dondaicha,21.308325,74.49423999999999,122,,43700,32700
233002,Peernagar,25.557720000000003,83.56373500000001,122,,27600,20600
828305,Mohuda,23.736595,86.245835,122,,56500,42200
690573,Alumkadavu,9.044695,76.51414,122,,78200,58400
232329,Zamania,25.438405000000003,83.590745,122,,27600,20600
232332,Tarighat,25.57116,83.652025,122,,27600,20600
680642,Puthenpeedika,10.440955,76.123845,122,,81900,61200
232339,Karahiya,25.489745,83.75788,122,,27600,20600
757049,Shyamakhunta,21.95157,86.63512,122,,36000,26900
232328,Reotipur,25.528305,83.724925,122,,27600,20600
125110,Chopta Nathu Sari,29.353155,75.11628999999999,122,,67500,50500
581343,Kumta,14.41821,74.420535,122,,53200,39600
670103,Tiruvangad,11.749465,75.516625,122,,57700,43200
517504,Tirumala,13.728355,79.342085,122,,60800,45300
764021,Omp Line,18.852905,82.72698500000001,122,,32000,23900
416310,Palus,17.090535,74.48283,122,,52800,39300
232340,Deoria,25.49536,83.562205,122,,27600,20600
244221,Amroha,28.8650459,78.4696233,122,,36000,27000
342602,Bilara,26.195495,73.75335000000001,122,,66200,49300
416311,Savlaj,17.16194,74.80137500000001,122,,52600,39200
441502,Mohpa,21.248425,78.79598,122,,67800,50700
416403,Dhalgaon,17.142345,75.01789,122,,52200,39000
232330,Usia,25.42576,83.71622500000001,122,,27600,20600
711409,Makardaha,22.622535,88.25762499999999,122,,63100,47000
233231,Bhawarkol,25.57438,83.882655,122,,27400,20500
233225,Karimuddinpur,25.732745,83.86429000000001,122,,27500,20600
232333,Satramganj Bazar,25.45031,83.75097500000001,122,,27600,20600
676505,Malappuram,11.042305,76.0855,121,,57800,43400
581193,Dhundashi,15.01923,75.13702,121,,37200,27900
623404,Pandugudi,9.82198,78.97865,121,,57800,43200
425407,Chimthana,21.15628,74.64089,121,,43000,32200
D697137,"Kaithal, Haryana · D697137",29.8536764,76.4684323,121,,55800,41900
D790955,"Bokaro, Jharkhand · D790955",23.6991279,85.9910689,121,,56200,42200
125056,JCD Vidyapeeth Sirsa,29.554415,75.06481,121,,65800,49400
D556250,"Chirang, Assam",26.6464231,90.624157,121,,56000,42000
431604,Itwara Nanded,19.155045,77.33534,121,,40600,30400
581104,Hangal,14.736455,75.10643,121,,37900,28300
441214,Sirsi,20.708515,79.19584499999999,121,,67300,50400
686562,Athirampuzha,9.6689,76.534425,121,,80700,60700
172032,Chowai,31.470265,77.47999999999999,121,,43900,32900
670334,Ezhome,12.04669,75.29849999999999,121,,56700,42600
233221,Aurihar,25.589055,83.13801,121,,27300,20400
233223,Rampur,25.549855,83.115115,121,,27300,20400
233304,Saidpur,25.583275,83.26512,121,,27200,20400
233305,Zangipur,25.647515,83.53491,121,,27400,20500
441303,Mowad,21.462045,78.45129,121,,67300,50400
754100,Biribati,20.41706,85.99704,121,,44200,33200
233306,Deokali,25.536135,83.3318,121,,27300,20400
623406,Sundarapandiapattinam,9.844635,79.071305,121,,57100,42800
781304,Belsor,26.379565,91.354515,121,,39400,29600
622409,Rangiem,10.244295,78.65082000000001,121,,41400,31100
233230,Kasimabad,25.792795,83.70707999999999,121,,27300,20400
670593,Irukkur,11.9863343,75.5479704,121,,57300,42900
742135,Bhagabangola,24.312255,88.39468,121,,37400,28000
518346,Holalagondi,15.470265,77.05597499999999,121,,47700,35700
233310,Malikpura,25.666255,83.45434,121,,27000,20300
518308,Ingaladahal,15.582215,77.130975,121,,47600,35700
233307,Bhimapar,25.63431,83.186415,121,,27100,20400
518112,Panem,15.536865,78.28638000000001,121,,47600,35600
365645,Bhader,21.37917,70.908185,121,,36300,27200
233228,Tajpur Dehma,25.739235,83.92563,121,,27300,20500
583275,Vidyanagar,15.176645,76.661645,121,,65200,48900
384002,Mahesana I E,23.605075,72.36012,121,,42600,32000
385350,Santalpur,23.76724,71.18688499999999,121,,34000,25500
518176,Nandivargam,15.42306,78.27472499999999,121,,47400,35500
518186,Illuri Kotha Peta,15.276725,78.26007,121,,47600,35700
174101,Nalagarh,31.032275,76.71969,121,,69600,52200
441404,Kamthi Colliery,21.269515,79.21669499999999,121,,67100,50300
441301,Jalalkheda,21.343395,78.37419,121,,67300,50400
517526,Papanaidupet,13.595445000000002,79.61418,121,,58500,44000
416308,Kirloskarwadi,17.072645,74.425525,121,,51600,38600
517125,Gangadhara Nellore,13.233985,79.199345,121,,59300,44400
274305,Ramkola,26.9242612,83.8324465,121,,30600,23000
416307,Kavathe Ekand,16.97803,74.62980999999999,121,,51400,38500
522341,Intur,16.076185000000002,80.614345,121,,58400,43800
522309,Cherukupalle,16.03022,80.67245,121,,58600,43900
416405,Kavathe Mahankal,17.064145,74.945735,121,,51500,38500
522311,Chandole,16.0203,80.6114,121,,58500,43900
160062,Chandigarh Sector 62,30.689,76.73675,121,,54800,41000
517132,Nangamangalam,13.08657,79.08777,121,,58300,43800
670018,Thazhe Chovva,11.866505,75.415075,121,,57400,43000
306702,Sadri,25.137645,73.4531,121,,40300,30300
761006,Jayantipur,19.070355,84.61504500000001,121,,31000,23200
670107,Eranholi,11.77156,75.51039,121,,57600,43100
670106,Dharmadam,11.774735,75.46452500000001,121,,56900,42700
757039,Sukruli,21.90777,85.889225,121,,34900,26200
523368,Racherla,15.46884,78.912425,121,,54300,40800
388625,Gudel,22.42082,72.47672,121,,67000,50300
403728,Loliem,14.93505,74.082495,121,,81500,61000
403403,Piedade,15.52616,73.89863,121,,88000,65900
678006,Pallipuram PG,10.78201,76.61680999999999,121,,61200,46000
600106,Arumbakkam,13.071055,80.21083999999999,121,,92800,69600
690524,Thevalakkara,9.013655,76.57153,121,,76900,57600
680584,Erumapetty,10.684195,76.16307499999999,121,,80900,60500
515408,Yadiki,15.0409,77.913355,121,,57600,43200
143101,Raja Sansi,31.726985,74.79171,121,,57300,42900
233311,NSS Mill,25.60199,83.41103,121,,27100,20300
755018,Sukinda,20.95269,85.869235,121,,31600,23700
690561,Sooranad North,9.115215,76.62754,121,,76500,57300
614625,Orattanad,10.615885,79.285765,121,,49000,36700
534451,Lakkavaram,17.022595000000003,81.27501,121,,58200,43700
233226,Mardah,25.795835,83.56319500000001,121,,27300,20400
691304,Pullichira,8.85295,76.65587,121,,76600,57400
711405,Domjur,22.645605,88.21433999999999,121,,60700,45600
691010,Vadakkevila,8.87876,76.623935,121,,76900,57600
670142,Karimbam,12.060885,75.40983,121,,57300,42900
723145,Santaldih,23.60372,86.557265,121,,26100,19600
515445,Ammaladinne,14.874885,77.887055,121,,56800,42700
364005,Bhavnagar Anandnagar,21.78408,72.19952,121,,46400,34900
781009,Bharalumukh,26.173,91.724945,121,,36500,27400
233300,Birno,25.71691,83.532095,121,,27300,20400
622411,Valayapatti,10.299235,78.52588,121,,41800,31300
622401,Koppanapatti,10.332005,78.55378999999999,121,,41300,31000
804403,Belaganj,24.96252,84.97471999999999,121,,31500,23600
521106,Kanumolu,16.55592,80.96004500000001,121,,64400,48300
396469,Ugat,20.953435,73.05666500000001,121,,45800,34300
396475,Vesma,21.022135,72.98651000000001,121,,45400,34100
577523,Chickjajur,14.14138,76.12755999999999,121,,51800,38900
520002,Buckinghampet,16.512105,80.630515,120,,63300,47600
581198,Motebennur,14.742065,75.52843,120,,36600,27600
581317,Asnoti,14.95573,74.247945,120,,50400,38000
515286,Hemavathi,14.004295,76.994285,120,,55800,42000
574253,Mani,12.833975,75.13824500000001,120,,67000,50500
342314,Dechu,26.832245,72.24832,120,,62200,47000
342312,Chadi,27.113735,73.063715,120,,62200,46900
613204,Thiruvaiyaru,10.903885,79.11553,120,,48400,36400
518102,S.S.Dam East,16.080424999999998,78.91406,120,,45800,34600
614201,Ayyampet,10.887535,79.19409999999999,120,,47700,36000
690559,Perungala,9.19118,76.520915,120,,77200,58200
804423,Nagla Kinger,25.21571,84.843995,120,,30700,23100
110004,"New Delhi, Delhi",28.6138954,77.2090057,120,,76200,57500
394105,Utran Power House,21.23952,72.869215,120,,68100,51200
613202,Kandiyur,10.86235,79.12737999999999,120,,47800,36000
176093,Malkher,31.949845,76.49051,120,,54700,41300
805131,Wazirganj,24.8198,85.208185,120,,30700,23100
805128,Tarwan,24.72842,85.26518,120,,31100,23400
311402,Bagore,25.34864,74.405805,120,,53800,40500
690525,Clappana,9.100665,76.498575,120,,75500,56800
643243,Yellanhalli,11.374565,76.742775,120,,96900,73100
670013,Burnacherry,11.857605,75.3653,120,,56100,42200
521331,Kavutaram,16.313375,81.09624500000001,120,,62700,47300
670105,Nettur,11.78502,75.49081000000001,120,,56200,42300
641662,Ksn Puram,11.00031,77.23883000000001,120,,84800,63900
757046,Bahalda,22.36038,86.092595,120,,34700,26100
585210,Kurkunta C.F,17.186355,77.353445,120,,29600,22300
606906,Vilvarani,12.4525,79.03584000000001,120,,43400,32700
441101,Khapa,21.50093,78.990735,120,,65000,49000
441106,Ramtek,21.334205,79.42654,120,,65000,49000
641667,Pongalur,10.94871,77.374285,120,,85100,64100
614628,Tiruchitrambalam,10.39801,79.183795,120,,47600,35900
614019,Vaduvur,10.699365,79.26696999999999,120,,48500,36500
587111,Bagalkot Alokudyog,16.216655,75.743855,120,,37500,28200
441104,Mauda,21.14274,79.38813999999999,120,,65000,49000
757048,Bijatala,22.23715,86.344275,120,,34700,26100
441103,Kondhali,21.12262,78.644945,120,,65000,49000
389110,Mora,23.06274,73.8323,120,,33000,24800
389001,Godhra,22.75422,73.614925,120,,32400,24500
843320,Janakpur Road,26.500275,85.7099,120,,31400,23600
441203,Umred,20.777395,79.31198,120,,65600,49400
441204,Umred Project,20.948765,79.17098999999999,120,,65600,49400
441105,Parseoni,21.47906,79.12425,120,,65100,49000
D549883,"Mandya, Karnataka · D549883",12.6368939,76.7275477,120,,55000,41500
711202,Belur Math,22.62731,88.35136,120,,59700,45000
110065,Lajpat Nagar,28.58094828362955,77.25173950195314,120,,99300,74900
389220,Kothamba,23.021585,73.520265,120,,33100,24900
614802,Kuruvikarambai,10.27043,79.27049500000001,120,,47800,36100
247001,Saharanpur,29.9856799,77.5040646,120,,42100,31800
614202,Ganapathi Agraharam,10.918825,79.18580499999999,120,,48200,36300
532421,Narasannapeta,18.400095,84.050975,120,,50300,37900
534240,Konithiwada,16.59808,81.66409999999999,120,,57300,43100
781310,Jagra,26.358735,91.374175,120,,39000,29400
576105,Santhekatte,13.38903,74.756265,120,,52000,39100
125112,Pabra,29.41759,75.753555,120,,42000,31700
576220,Kollur,13.87066,74.80131,120,,51500,38800
175013,Barot,32.066555,76.863385,120,,55400,41700
441112,Kelod,21.43605,78.87517,120,,65000,49000
643221,Melur Nilgiris,11.27609,76.69827000000001,120,,97200,73300
441107,Saoner,21.388415,78.85639499999999,120,,65100,49000
441108,Bori,20.8955,79.00569999999999,120,,65000,49000
686577,Poovarani,9.65425,76.722635,120,,79100,59700
670101,Thalassery,11.75474,75.486245,120,,55200,41700
606811,Thachampattu,12.07059,79.073395,120,,43900,33000
535558,Bobbili,18.571385,83.347375,120,,50000,37700
670014,Chalad,11.883765,75.35306,120,,56000,42100
606907,Vadamadimangalam,12.56074,79.174115,120,,43700,32900
641668,Somanur,11.079155,77.19664,120,,84400,63700
613601,Alakkudi,10.78312,79.05002,120,,48100,36200
613504,Saliamangalam,10.790315,79.28271000000001,120,,47900,36100
614204,Pandaravadai,10.905945,79.24194,120,,47700,36000
843106,Gidha,26.070965,85.19829,120,,40300,30400
441202,Kuhi,21.030225,79.38063,120,,65600,49400
441122,Industrial Area Butibori,20.97191,78.96726,120,,65100,49000
441113,Patansaongi,21.337445,79.035825,120,,65600,49400
441501,Kalmeshwar,21.22918,78.924875,120,,65800,49500
174315,Mehatpur,31.41909,76.3343,120,,64000,48200
441201,Bhiwapur,20.77135,79.489245,120,,65600,49400
517426,Dravidian University,12.80527,78.288685,120,,57500,43300
441110,Hingna,20.99145,78.85290499999999,120,,65000,49000
524101,Gudur,14.143855,79.83752999999999,119,,46700,35400
754211,Kendrapara,20.50174,86.413275,119,,27000,20400
518380,Pattikonda,15.433765,77.51614000000001,119,,45000,34100
125055,Sirsa,29.48923,74.94349,119,,62900,47700
635116,Royakottah,12.5152075,78.0093769,119,,56100,42500
804428,Usari,25.14296,84.596165,119,,30000,22700
676519,Downhill,11.059545,76.03533999999999,119,,55900,42200
110075,Dwarka,28.5921,77.046,119,99.0,105400,79900
110011,Nirman Bhawan,28.602665,77.210235,119,,75800,57300
581321,Belekeri,14.70043,74.275045,119,,49000,37100
160059,Chandigarh Sector 59,30.714115,76.72058,119,,51600,39100
416420,Soni,16.954105,74.714265,119,,49000,37000
804421,Kurtha,25.08389,84.80317500000001,119,,29900,22700
690542,Athinad North,9.078485,76.50546,119,,73600,55600
572105,Maralur,13.32763,77.07912999999999,119,,48800,36900
680614,Vatanappally,10.48576,76.06737,119,,76600,58000
D851774,"Unnao, Uttar Pradesh · D851774",26.5673264,80.6198193,119,,53800,40700
532195,Kotabommali,18.52336,84.153885,119,,48300,36600
431207,Ranjani,19.66766,76.059985,119,,34900,26400
587102,Gaddankeri Cross,16.21386,75.6676,119,,36900,27900
441001,Kamthi,21.2182,79.19809000000001,119,,64100,48400
591211,Akol,16.456560000000003,74.41933,119,,37700,28600
143002,Khalsa College,31.629895,74.841015,119,,54200,41000
685590,Kudayathur,9.810055,76.79598999999999,119,,75300,56900
752120,Nuapalamhat,20.034505,86.12253000000001,119,,31200,23600
841302,Purwari Telpa,25.79079,84.79353499999999,119,,27700,21000
753008,Tulasipur,20.481245,85.85446,119,,42300,32100
306305,Kushalpura,26.10302,73.94682,119,,38400,29100
682504,Mulavukad,10.0045,76.254425,119,,93900,71200
274001,Deoria,26.4239911,83.7638578,119,,29600,22400
799262,Churaibari,24.40604,92.238625,119,,48500,36800
360510,Bhanvad,21.965605,69.78161,119,,48600,36700
522330,Duggirala,16.349845000000002,80.615875,119,,55100,41700
641669,Sultanpet,10.87593,77.1827,119,,83400,63100
523334,Besthavari  Peta,15.486245,79.0805,119,,52600,39700
535591,Salur,18.471825000000003,83.179715,119,,49300,37300
670017,Kannur District Hospital,11.85952,75.37024500000001,119,,54500,41200
643233,Pandalur,11.47768,76.339365,119,,95300,72100
670012,Kannur Thana,11.8705,75.38760500000001,119,,53900,40900
523329,Vemulakota,15.75338,79.17792499999999,119,,52400,39700
587103,Bagalkot Navanagar,16.176205,75.66490999999999,119,,36600,27700
642104,Anaimalai,10.599505,76.920265,119,,82900,62800
642101,Aliyar Nagar,10.4399,76.998465,119,,84000,63500
670302,Mattul,11.968295,75.28744,119,,55100,41600
641697,Pogalur,11.23128,77.03403499999999,119,,83800,63300
389002,Godhra Bhuravav,22.83579,73.55229,119,,31700,24000
441102,Khaperkheda,21.26926,79.137045,119,,63600,48200
587104,Bagalkot UHS,16.177535,75.61632,119,,36800,27800
587112,Amingad,16.10331,75.982585,119,,36300,27500
361210,Dhrol,22.56582,70.42418,119,,48000,36400
670102,Temple Gate,11.728455,75.511465,119,,54700,41300
441123,Godhani,21.2209,79.05151000000001,119,,63400,48000
307025,Kotra,24.375595,73.164315,119,,45900,34800
441111,Koradi Tps,21.24411,79.071155,119,,63200,47900
686572,Kidangoor,9.688375,76.60526,119,,77400,58600
576221,Kota,13.52507,74.723665,119,,50400,38200
174316,Bhera,31.5834642,76.2351452,119,,62300,47200
517506,Settipalli,13.638295,79.47692,119,,56000,42400
515722,Jayalakshmipuram,14.574465,77.55927,119,,55100,41600
311403,Mandal,25.44551,74.46862,119,,51700,39200
385360,Varahi,23.79261,71.397145,119,,32400,24500
686575,Palai,9.71393,76.686525,119,,78500,59300
685591,Arakulam,9.807415,76.83666500000001,119,,74900,56600
441109,Sillewara Project,21.29584,79.111955,119,,64100,48500
670308,Ramanthali,12.04605,75.20551,119,,55000,41600
670501,Mandur-kannur,12.063535,75.25915499999999,119,,54800,41400
440035,Kalmna Market Yard,21.151985,79.174755,119,,63200,47900
733124,Gangarampur,25.385807,88.5063362,119,,32100,24300
361230,Balachadi,22.582885,70.21970999999999,119,,48200,36500
361306,Bhadthar,22.074985,69.621585,119,,48100,36400
576112,Hebri,13.447415,75.038905,119,,50800,38400
591219,Galataga,16.49846,74.46491,119,,38000,28800
623403,Nambuthalai,9.706895,78.97252,119,,54500,41300
361162,Nikava,22.2543,70.44656499999999,119,,48200,36500
623708,Peraiyur,9.358835,78.43498,119,,54100,41000
804404,Chakand,24.89457,84.97535,119,,30200,22800
804419,Karpi,25.149445,84.713135,119,,29800,22600
587101,Bagalkot,16.178240000000002,75.698125,119,,36800,27900
440023,Wadi,21.084175,78.85781499999999,119,,64500,48700
572125,Kallambella,13.62332,76.88679,119,,48600,36800
784101,Balipara,26.827275,92.7908,119,,35700,27000
341512,Parbatsar,26.77762,74.71732499999999,119,,61000,46200
614623,Avanam,10.31507,79.14167499999999,119,,47000,35500
572140,Urdigere,13.35721,77.252295,119,,48600,36800
680583,Mullurkkara,10.703035,76.27464499999999,119,,76900,58100
623407,Tiruvadanai,9.74747,78.94187500000001,119,,54300,41200
341515,Harsore,26.69852,74.544635,119,,60700,46000
424006,Dhule Midc,20.765115,74.72002,118,,40500,30800
341514,Ren,26.820615,74.116935,118,,59600,45300
341513,Riyan,26.50284,74.259945,118,,60200,45700
576219,Khambadakone,13.79478,74.69047499999999,118,,49700,37800
576106,Krodashrama,13.363905,74.71961999999999,118,,50100,38000
341028,Khajwana,26.941360000000003,73.73667499999999,118,,59900,45500
766001,Bhawanipatna,19.90897,83.167045,118,,26500,20100
581341,Karki,14.31396,74.44440499999999,118,,48000,36500
572138,Tovinakere,13.55362,77.102015,118,,47900,36400
572139,Tavarekere,13.82868,76.82751999999999,118,,47900,36300
389120,Sant Road,22.842035000000003,73.75191,118,,31100,23600
389210,Shehera,22.962085,73.66954000000001,118,,31100,23600
440008,Bagadganj,21.14868,79.128895,118,,62200,47300
759039,Badasuanlo,20.993435,85.66922,118,,29500,22500
440013,Katolroad,21.18832,79.03884500000001,118,,62000,47200
623533,Uthirakosamangai,9.32566,78.72823,118,,53600,40700
591221,Hebbal,16.199975000000002,74.570405,118,,37400,28400
591222,Kabbur,16.37097,74.756595,118,,37000,28100
691015,Mangad,8.918614999999999,76.61660499999999,118,,71600,54400
413404,Pangri,18.263565,75.866725,118,,39900,30300
413403,Pangaon,18.132915,75.77647999999999,118,,39900,30400
587116,Bilgi,16.353675,75.67319499999999,118,,36100,27400
361280,Kanalush,22.28135,69.87058999999999,118,,47000,35800
110055,Swami Ram Tirth Nagar,28.645455,77.209645,118,,74200,56300
110060,Rajender Nagar,28.627025,77.18294,118,,74300,56300
110008,Patel Nagar,28.65413,77.165985,118,,73500,55900
110005,Karol Bagh,28.652945,77.19114,118,,73400,55800
413401,Barshi,18.155535,75.74994,118,,39900,30400
413402,Vairag,18.033465,75.81988,118,,39900,30300
576117,Kukkundur,13.248555,74.9829,118,,49100,37400
607108,Puthupet,11.82437,79.51192,118,,39900,30200
607005,Sipcot Cuddalore,11.66036,79.74195,118,,39500,30000
607101,Anathur,11.811595,79.46919,118,,39900,30300
607102,Chinnapanaickenpalayam,11.7169,79.627165,118,,39400,29900
753012,A D Market,20.454145,85.88773,118,,41700,31700
413216,Akkalkot,17.490135000000002,76.208695,118,,39900,30400
365640,Dhari,21.26131,71.00589,118,,33800,25700
413222,Nanaj,17.846355,75.79941500000001,118,,39900,30300
413223,Kem,18.169655,75.274225,118,,39900,30400
522262,Kuchinapudi,15.906085,80.76475500000001,118,,54500,41400
413108,Malinagar,17.91935,75.09848,118,,39900,30300
413109,Natepute,17.92628,74.76718,118,,39900,30300
413111,Sadashivenagar,17.827075,74.798635,118,,40000,30400
413112,Shreepur,17.871904999999998,75.13123999999999,118,,40000,30400
413113,Velapur,17.785294999999998,75.04185,118,,39900,30400
413101,Akluj,17.901965,74.97128000000001,118,,39800,30300
440024,Ayodhya Nagar,21.123025,79.119025,118,,62100,47200
440026,Uppalwadi,21.195225,79.114495,118,,62400,47400
440037,BESA Road,21.06265,79.09777,118,,62900,47700
670643,Kuthuparamba,11.84553,75.57277,118,,53400,40600
416504,Nesari,16.03547,74.2867,118,,58600,44600
518003,SAP Camp-kNL,15.80856,77.984895,118,,44600,33900
416409,Mhaisal,16.759909999999998,74.7075,118,,48100,36500
413208,Kurduvadi,18.06492,75.395545,118,,39900,30400
413226,Chapalgaon,17.62863,76.17840000000001,118,,39900,30300
413213,Mohol,17.79851,75.649475,118,,39900,30400
413307,Sangola,17.378574999999998,75.14491000000001,118,,39800,30300
413308,Nazara,17.39378,75.04898,118,,39800,30300
413309,Jawala,17.274684999999998,75.212125,118,,39800,30300
416221,Walwa Bk,16.493045000000002,74.18573,118,,59100,44900
416213,Bambavada,16.864375000000003,74.062765,118,,58900,44800
416215,Shahuwadi,16.868545,73.92847,118,,59000,44900
416212,Radhanagari,16.382150000000003,73.96774500000001,118,,58900,44800
416231,Dudhganganagar,16.33712,73.97922,118,,59200,45000
416315,Dudhgaon,16.886105,74.43107499999999,118,,47400,36100
416230,Kotoli,16.799275,74.008475,118,,59000,44900
416235,Sadashivnagar,16.416809999999998,74.292035,118,,59000,44900
736202,Kamakhyaguri,26.516415,89.73816,118,,31700,24000
322702,Chauth Ka Barwara,26.06135,76.148825,118,,35100,26600
322703,Isharda,26.17917,76.082235,118,,34700,26400
670011,Chirakkal,11.92864,75.37212,118,,53200,40500
413253,Kamati Khurd,17.62217,75.64808500000001,118,,39900,30300
413301,Modnimb,17.916265,75.401375,118,,39800,30300
413306,Mahud,17.565620000000003,75.05981,118,,39800,30300
841286,Bakerganj,26.12141,84.363935,118,,35400,26900
413227,Nagansur,17.38156,76.159385,118,,39900,30400
413248,Pennur,17.74088,75.51273499999999,118,,39900,30400
413250,Mahisgaon,18.11878,75.525745,118,,39900,30400
413214,Anagar,17.923595,75.56492,118,,39900,30400
144224,Bhambotar,31.866,75.920945,118,,56000,42500
416508,Kowad,15.991565,74.39809500000001,118,,58900,44800
752108,Kakatpur,20.00895,86.1924,118,,30500,23200
754002,Sundargram,20.28095,85.961455,118,,41300,31400
607104,Melpattambakkam,11.80124,79.622085,118,,39600,30100
757045,Jamda,22.274425,86.074135,118,,32900,25000
440034,Mhalginagar,21.09785,79.138875,118,,62900,47700
413411,K.V.Nagar Barshi,18.2321,75.66489,118,,39800,30300
413412,Tulsidas Nagar,18.02655,75.720495,118,,39900,30400
413319,Marwade,17.368645,75.50705,118,,39900,30400
413322,Bhosa,17.30188,75.41375500000001,118,,39900,30400
587114,Belur,15.872225,75.776585,118,,35900,27300
587115,Bevur,16.196465,75.88666,118,,36000,27400
591214,Bedkihal,16.50864,74.49479,118,,37300,28300
591225,Kanagala,16.31634,74.42382,118,,37000,28200
587118,Hungund,16.10322,76.09971,118,,35700,27200
587121,Konnur,16.362445,75.40880999999999,118,,35700,27100
587125,Ilkal,16.03695,76.17501,118,,35700,27100
413310,Piliv,17.67543,75.03750500000001,118,,39900,30400
413314,Kole,17.261110000000002,74.94894500000001,118,,39800,30300
413251,Sade,18.25678,75.331405,118,,39900,30400
413252,Ropla,18.21033,75.37943000000001,118,,39900,30400
600011,Perambur,13.118225,80.242035,118,,86500,65800
413209,Madha,18.01904,75.53274,118,,39900,30400
413210,Pimpelner,18.06899,75.279265,118,,39900,30400
413211,Tembhurni,18.007550000000002,75.21479500000001,118,,39900,30400
413212,Bhimanagar,18.011865,75.09017,118,,39900,30300
521330,Angaluru,16.38569,81.04039,118,,60400,45800
440030,Mankapur,21.194795,79.06981,118,,61900,47100
754134,Tyandakura,20.39472,86.274775,118,,26400,20100
440021,A.D. Project,21.1529647,79.0145059,118,,61900,47100
754216,Jaria,20.51405,86.58977999999999,118,,26500,20100
440027,Parvati Nagar,21.1063,79.092985,118,,61800,47100
518123,Kolimigundla,15.065985,78.0864,118,,43900,33400
678544,Palampalakode,10.681985,76.469435,118,,57100,43400
572106,Northren Extension,13.41506,77.13467,118,,47700,36200
585421,Santhpur,18.110275,77.49168,118,,27200,20600
416501,Dundage,16.252865,74.41949,118,,58800,44800
416502,Gadhinglaj,16.217235,74.35614,118,,58900,44800
416503,Mahagaon,16.113770000000002,74.34239,118,,58900,44800
440014,Jaripatka,21.191485,79.093755,118,,61800,47000
440002,Nagpur City,21.158700000000003,79.121025,118,,62400,47400
440019,C.R.P.F. Nagpur,21.092605,79.009195,118,,62000,47200
440005,Nagpur Airport,21.093005,79.042175,118,,61700,47000
413218,Wagadari,17.64536,76.33148,118,,39900,30300
413219,Karajagi,17.419024999999998,76.02565,118,,39900,30400
413220,Dudhani,17.368485,76.34015,118,,39900,30300
413221,Mandrup,17.493830000000003,75.72438,118,,39900,30400
413203,Karmala,18.384805,75.101545,118,,39900,30400
413206,Kettur-II,18.28616,74.98692,118,,39900,30300
413107,Malsiras,17.81105,74.87586,118,,39900,30300
413202,Jeur,18.209895,75.14454,118,,39900,30400
690540,Kunnathur East,9.048425000000002,76.67291,118,,71600,54400
413118,Yeshwantnagar,17.857705000000003,75.021765,118,,39900,30400
413217,Maindargi,17.448135,76.313665,118,,39900,30400
413324,Shetphal,17.873739999999998,75.49047,118,,39900,30400
176084,Noura,31.969555,76.425185,118,,52600,40000
413305,Mangalvedha,17.473275,75.46195,118,,39900,30300
413406,Gaudgaon,18.03843,75.92965000000001,118,,39800,30300
413409,Agalgaon,18.360205,75.751125,118,,39900,30300
413410,Manegaon,17.970260000000003,75.66083499999999,118,,39900,30400
416415,Willingdon College Sangli,16.844915,74.600775,118,,47400,36100
394140,Bodhan,21.29708,73.12679,118,,64300,48900
110012,I.A.R.I.,28.631905000000003,77.15882500000001,118,,73700,56000
110002,Indraprastha,28.624715,77.241895,118,,74100,56200
576235,Trasi,13.706115,74.68882500000001,118,,49700,37700
581102,Akkialur,14.70102,75.17853,118,,35300,26800
582114,Gajendragad,15.71056,75.93616499999999,118,,38000,28900
678594,Muttikulangara,10.816075,76.598885,118,,57500,43700
680514,Kadappuram,10.539855,76.03315,118,,73900,56300
676522,Kolaparamba,11.09977,76.24974,118,,53700,40900
676541,Edavanna,11.22795,76.12956,118,,54600,41400
781008,Rehabari,26.175225,91.7451,118,,34400,26100
581322,Bilgi,14.34146,74.743795,118,,48300,36700
782125,Rupahi,26.43351,92.744135,118,,31900,24300
782135,Chapanalla,26.275955,92.88173,118,,32100,24400
622504,Kulathur,10.591605,78.772885,118,,38600,29400
623315,Vellayapuram,9.82514,79.01850999999999,118,,53800,40800
678533,Meenakshipuram,10.65257,76.862985,118,,57900,43900
673580,Kotancheri-tamaracheri,11.442419999999998,76.04631499999999,118,,61400,46600
D573435,"Gumla, Jharkhand · D573435",23.1603759,84.4599565,118,,52800,40100
577524,Doddasiddavvanahalli,14.19049,76.47342,118,,48600,36900
D890225,"Baghpat, Uttar Pradesh",29.0374779,77.3062737,117,,50900,38900
577545,Yerabally,14.066555,76.660065,117,,47600,36300
400010,Haji Malangwadi,18.96916,72.84172000000001,117,,67300,51400
576107,Parkala,13.34046,74.82121000000001,117,,48100,36800
517536,Akkurthi,13.8314,79.67574,117,,54200,41300
682042,Infopark-Kochi,10.008555,76.36596499999999,117,,89900,68700
670504,Pilathara,12.090405,75.26924500000001,117,,51600,39500
670642,Kadirur-tly,11.8006,75.53057000000001,117,,51700,39500
680641,Anthikad,10.453275,76.13227,117,,73300,55900
521165,Vuyyuru,16.362405000000003,80.841695,117,,58800,44900
581325,Dandeli,15.190435,74.59726,117,,46800,35800
574244,Palli,13.252915000000002,74.889655,117,,48800,37200
573218,Palya,12.9343,75.96983,117,,49900,38000
125120,Tohana Mandi,29.65105,75.86973,117,,44100,33700
571105,Hunsur,12.27947,76.264555,117,,61200,46700
572115,Bukkapatna,13.684745,76.73091500000001,117,,46400,35400
572121,Holavanahalli,13.5371,77.329835,117,,46200,35300
413008,SRPF Camp Solapur,17.50539,75.890785,117,,39200,29900
413006,Midc Solapur,17.667815,75.99613,117,,38800,29600
413228,Valsang,17.611134999999997,76.083105,117,,39400,30000
413215,Hotagi,17.533465,75.982645,117,,39300,29900
413224,Shivshahi,17.569719999999997,75.93282500000001,117,,38900,29700
413255,Midc Chincholi,17.736095,75.811115,117,,39000,29800
413302,Karkam,17.8499067,75.2763203,117,,39600,30200
413303,Ashti,17.845115,75.401755,117,,39600,30100
413315,Bhosa,17.780865,75.241315,117,,39500,30100
571114,Heggadedevana Kote,12.028745,76.25664,117,,60700,46400
804435,Main,25.043765,84.86543499999999,117,,28900,22000
570014,Jayanagar,12.290855,76.638135,117,,60900,46500
570016,Metagalli,12.356295,76.626465,117,,61400,46800
361160,Kalavad,22.113665,70.33789999999999,117,,46400,35400
841206,Dayalpur,26.034355,84.61212499999999,117,,26400,20200
413317,Khardi,17.542830000000002,75.25573,117,,39600,30100
415101,Malkapur,16.90531,73.85207,117,,57400,43900
414001,"Ahmadnagar, Maharashtra",19.074352,74.7219979,117,,66700,51000
413527,Renapur,18.55829,76.54346000000001,117,,47200,36100
686587,Vayala,9.718,76.58556,117,,74300,56800
515291,Neelakantapuram,13.883515,77.18425500000001,117,,52200,39900
522303,Nutakki,16.437575000000002,80.65698,117,,52600,40200
686573,Puliyannoor,9.68041,76.66898499999999,117,,75000,57200
683543,Rayonpuram,10.129435,76.46525,117,,89900,68800
685587,Muttom EK,9.83975,76.733685,117,,71700,54700
306704,Ghanerao,25.238860000000003,73.537755,117,,36500,27900
518007,GPRE College,15.764105,78.04963000000001,117,,43500,33100
682311,Kolenchery,9.981805,76.476155,117,,91200,69500
518166,Perusomula,15.011755,78.169205,117,,43000,32900
416114,Kodoli,16.86144,74.149225,117,,57200,43800
591237,Nipani,16.396255,74.390975,117,,36200,27600
591242,Shirguppi,16.617350000000002,74.71983499999999,117,,36200,27600
274704,Bankata,26.27279,84.088455,117,,28400,21600
591244,Yaksamba,16.536189999999998,74.60933,117,,36600,27900
416214,Sarud,17.083545,73.87428,117,,58500,44600
416201,Panhala,16.80952,74.10831999999999,117,,58100,44300
416223,Mhasve,16.336815,74.098795,117,,57800,44100
416203,Hupari,16.605715,74.41324,117,,57800,44100
416205,Kale,16.680844999999998,73.96993499999999,117,,58200,44400
416206,Gaganbavada,16.57701,73.91827,117,,57600,44000
416207,Ispurli,16.553710000000002,74.18338,117,,57400,43900
416144,Akiwate Industrial Estate,16.7643,74.57361,117,,57900,44200
608302,Komaratchi,11.31675,79.644115,117,,38900,29700
591314,Sankeshwar Sugar Factory,16.24023,74.50118,117,,36000,27500
600004,Mylapore,13.03738,80.270325,117,,85200,65000
416234,MIDC Gokul Shirgaon,16.62572,74.273755,117,,57500,43900
416236,5 Star MIDC Kagal,16.61228,74.36716999999999,117,,57500,44000
416216,Kagal,16.534664999999997,74.30075500000001,117,,58100,44300
416218,Kapshi,16.32853,74.26959,117,,57400,43900
416219,Murgud,16.410275,74.21452,117,,57400,43900
416220,Uttur,16.23681,74.2284,117,,57400,43900
606905,Santhavasal,12.667315,79.115175,117,,40900,31200
416208,Bidri,16.457749999999997,74.11743999999999,117,,58200,44400
416209,Gargoti,16.308715,74.141125,117,,58200,44400
416210,Kadgaon Gargoti,16.203125,73.981785,117,,58600,44600
416211,Parite,16.4626695,74.0894749,117,,58400,44500
416527,Tillarinagar,15.81688,74.236355,117,,57600,44000
416506,Halkarni,16.149095,74.436545,117,,58500,44600
416507,Karve,15.86291,74.31738,117,,58200,44400
416509,Chandgad,15.9362,74.163385,117,,58300,44400
613602,Budalur,10.783405,78.964365,117,,45400,34600
422214,Vaitarna Nagar,19.811705,73.489205,117,,43200,33000
416505,Ajara,16.100614999999998,74.13722,117,,58300,44400
416526,Koulage,16.18772,74.291485,117,,57700,44100
445202,Darwha,20.33782,77.685565,117,,37200,28400
445205,Mahagaon,19.802195,77.717035,117,,36700,28000
322701,Bhagwatgarh,26.12147,76.25775,117,,33900,25900
322704,Shiwar,26.222175,76.03963,117,,34300,26100
452001,Indore G.P.O.,22.7108119,75.8076918,117,,69900,53300
711106,Salkia,22.602515,88.342955,117,,56300,42900
711102,Sibpur,22.565075,88.32424499999999,117,,55600,42500
670301,Cherukunnu,11.983955,75.30133000000001,117,,52000,39700
454775,Pithampur,22.61882,75.68381500000001,117,,29700,22700
690539,S R P Market,9.094505,76.56923499999999,117,,69900,53400
515561,Obula Devara Cheruvu,13.981985,78.016445,117,,51900,39700
515411,Tadpatri,14.88784,77.99666500000001,117,,52700,40200
422201,Chandori,20.036545,74.007,117,,43200,33000
422202,Dindori,20.27281,73.82558,117,,43200,33000
422203,Girnara,20.104,73.589375,117,,43200,33000
422204,Harsul,20.09176,73.398935,117,,43200,33000
422205,Khedgaon,20.256995,73.94226,117,,43200,33000
422103,Sinnar,19.84478,74.008355,117,,43200,33000
422104,Wavi,19.85562,74.241465,117,,43200,33000
416551,Nool,16.218629999999997,74.44229999999999,117,,57600,44000
416552,DSF Halkarni,15.90069,74.239795,117,,57700,44100
421302,Khoni,19.30660720441715,73.06594848632814,117,,66900,51200
423102,Devla,20.42595,74.187815,117,,43200,33000
622402,Kulipirai,10.317065,78.62337,117,,37600,28700
754007,Dompara,20.37295,85.63512,117,,41100,31300
641664,Palladam,10.95539,77.29858999999999,117,,79100,60400
641665,Pallikalipalayam,11.02055,77.43812,117,,78900,60400
641666,Perumanallur,11.186545,77.358755,117,,79000,60400
440017,Dr.Ambedkar Marg,21.169395,79.11555999999999,117,,61600,47000
440025,Khamla,21.09991,79.057065,117,,61500,46900
174308,Lathiani,31.523735,76.41654,117,,59500,45400
423111,Vadner Bhairav,20.23681,74.07610500000001,117,,43100,32900
423117,Vadali Bhoi,20.297645000000003,74.074635,117,,43200,32900
422306,Lasalgaon,20.178945,74.24381500000001,117,,43100,32900
422308,K.K.Nagar,20.15421,74.09663,117,,43100,32900
422402,Ghoti,19.711165,73.626835,117,,43200,33000
422403,Igatpuri,19.68926,73.653325,117,,43200,33000
422502,Bhagur,19.83372,73.856455,117,,42900,32800
422606,Nandurshingote,19.728315,74.136855,117,,43200,33000
423101,Chandwad,20.286385000000003,74.21164999999999,117,,43200,33000
422215,Vani,20.365625,73.91576,117,,43200,33000
422301,B.S. Nagar,20.078325,74.067015,117,,43200,33000
422302,Sukena,20.08426,73.99998,117,,43200,33000
422303,Niphad,20.05233,74.14941999999999,117,,43200,33000
422304,Ugaon,20.156910000000003,74.15459,117,,43500,33100
422305,Vinchur,20.047345,74.24253999999999,117,,43200,33000
422207,Ojhar T.S.,20.117805,73.95184,117,,43200,33000
422208,Peint,20.291355000000003,73.57831,117,,43200,33000
422209,Pimpalgaon Baswant,20.181055,73.98303999999999,117,,43200,33000
422210,Saykheda,20.006245,74.029785,117,,43200,33000
422211,Surgana,20.561345,73.616635,117,,43200,33000
422212,Trimbak,19.921065,73.50876,117,,43200,33000
422112,I.A. Musalgaon Sinnar,19.839460000000003,74.07293,117,,43200,33000
422113,Ind. Est. Malegaon Sinnar,19.86933,73.967065,117,,43200,33000
768111,Godbhaga,21.417645,83.850955,117,,38600,29400
341026,Marwar Mundwa,27.0492,73.79553,117,,58500,44700
341027,Rol,27.21607,73.94987,117,,58500,44700
440003,Ajni,21.12513,79.090345,117,,60700,46400
440022,Ranapratap Nagar,21.11682,79.05528,117,,60300,46200
440006,Seminary Hills,21.16601,79.05293,117,,60600,46300
440007,Vayusena Nagar,21.165245,79.03059,117,,61300,46800
440032,Mahal,21.14418,79.10961,117,,61100,46600
423205,Zodga,20.691045,74.594745,117,,43200,33000
423206,Vadner Malegaon,20.72742,74.432115,117,,43200,33000
423208,Saundana,20.44246,74.43485000000001,117,,43200,33000
423212,Nimgaon,20.45892,74.58689,117,,43100,32900
423302,Taharabad,20.77456,74.03724500000001,117,,43100,32900
423303,Jaikheda,20.79406,74.217705,117,,43100,32900
423401,Yeola,20.067970000000003,74.510695,117,,43100,32900
423402,Andarsul,20.01226,74.59799000000001,117,,43100,32900
784103,Chariduar,26.94544,92.79604,117,,34300,26200
782124,Juria,26.43996,92.630195,117,,31600,24100
423203,Malegaon,20.55041,74.53231500000001,117,,43200,33000
423204,Nampur,20.75681,74.293125,117,,43200,33000
423104,Manmad,20.281765,74.408275,117,,43200,33000
423105,Malegaon Camp,20.58731,74.699015,117,,43200,33000
423106,Nandgaon,20.349385,74.723635,117,,43200,33000
423108,Ravalgaon,20.632765,74.383175,117,,43200,33000
423110,Umrana,20.408,74.340665,117,,43200,33000
534004,Chataparru,16.66402,81.193425,117,,53200,40600
781373,Doomni,26.738805,91.29729,117,,36100,27600
782002,Haiborgaon,26.35432,92.63507,117,,31800,24200
424109,Naydongri,20.31311,74.7971,117,,43000,32900
423502,Abhona,20.56399,73.882455,117,,43100,32900
781375,Bangaon,26.439005,91.19612,117,,35900,27500
781377,Thamna,26.62812,91.280075,117,,36400,27800
423403,Nagarsul,20.11785,74.60020499999999,117,,43100,32900
423501,Kalwan,20.48661,74.035405,117,,43100,32900
423201,Dabhadi,20.533645,74.43809,117,,43200,33000
423202,G.S.S.K.,20.58807,74.411165,117,,43200,33000
423213,Lakhamapur,20.53147,74.30718,117,,43100,32900
423301,Satana,20.633845,74.13031000000001,117,,43100,32900
626149,Maharajapuram,9.670925,77.70093,117,,48100,36600
627803,Elathur,9.024185,77.28768500000001,117,,55500,42300
222145,Mahraj Ganj,25.822225,82.305195,117,,28900,22100
625705,Saptur,9.76335,77.73108500000001,117,,66200,50500
148033,Moonak,29.85389,75.89794499999999,117,,48400,37000
400603,Veer Sawarkar Nagar,19.185704938663225,72.99316406250001,117,,66900,51100
576108,Malpe,13.35013,74.705255,117,,48300,36900
576114,Kallianapura,13.40285,74.72816,117,,48100,36800
576231,Tekkatte,13.56219,74.730725,117,,48700,37100
676503,Kottakkal,10.998325,76.02931000000001,117,,53300,40600
676528,Othukkungal,11.02584,76.03096500000001,117,,52600,40200
680555,Amalanagar,10.56238,76.165745,117,,72900,55700
521111,Gollapalli,16.728679999999997,80.92643000000001,117,,59200,45100
394310,Gangadhara RS,21.140455,73.05182500000001,117,,63100,48200
D712176,"Banda, Uttar Pradesh · D712176",25.4438537,80.5595237,117,,51300,39200
521102,Bacon Factory,16.51927,80.77464,117,,58500,44700
521110,Veeravalli,16.63031,80.912265,117,,58900,44900
394130,Sayan,21.33311,72.84914,117,,64000,48700
394185,Kamrej Char Rasta,21.246905,72.986385,117,,63200,48200
D280408,"Azamgarh, Uttar Pradesh · D280408",26.023639,83.0293105,117,,51300,39100
576230,Tallur,13.69772,74.699095,116,,47800,36600
576227,Shankaranarayana,13.63103,74.92252500000001,116,,47700,36600
576121,Mundkur,13.12612,74.8674,116,,47700,36500
686544,Karikkattoor,9.47112,76.775505,116,,72700,55700
686540,Karukachal,9.509025,76.64032,116,,72700,55700
517643,Kovanur,13.5841,79.700095,116,,52100,40000
522401,Siripuram,16.403305,80.283715,116,,51600,39600
522312,Turumella,16.12946,80.621955,116,,51600,39600
396466,Satem,20.90861,73.10406,116,,40700,31200
416101,Jaysingpur,16.8003,74.526475,116,,56600,43400
416102,Nandani,16.740455,74.538855,116,,56500,43300
643224,Naduvattam,11.469755,76.54493500000001,116,,88600,68000
591217,Chinchali,16.55574,74.8365,116,,35700,27300
413528,Shiradhon,18.52662,76.203115,116,,47600,36600
416110,Bahubali,16.828945,74.41375,116,,56700,43400
416111,Kumbhoj,16.836125000000003,74.45603,116,,56600,43400
361140,Digvijaygram,22.39281,69.8586,116,,45200,34700
361220,Latipur,22.704875,70.55145,116,,45400,34700
416103,Shirol,16.740745,74.63337999999999,116,,56800,43500
416104,Narsobawadi,16.677480000000003,74.6366,116,,56800,43500
222149,Sgrd College Dobhi,25.638305,83.00367,116,,28700,22000
781003,Silpukhuri,26.18537,91.769005,116,,32100,24700
431122,"Bid, Maharashtra",18.9892401,75.7526696,116,,65300,50100
332711,Maonda RS,27.82799,75.842115,116,,45100,34500
532219,Akkupalli,18.75876,84.49939499999999,116,,46000,35200
784104,Shalonibari,26.716535,92.775545,116,,33200,25500
440033,University Campus,21.14131,79.0317,116,,59000,45300
759120,Parjang,20.930085,85.33101500000001,116,,28200,21600
781309,Bhella,26.284875,91.053485,116,,32300,24700
781378,Haribhanga,26.438685,91.29975,116,,35600,27300
532426,Saravakota,18.58,84.065775,116,,45200,34700
532220,Brahmanatarla,18.73009,84.34316000000001,116,,45400,34800
532427,Budithi,18.541865,84.00354,116,,45400,34800
670602,Mayyil,11.99217,75.45311000000001,116,,50800,39000
670613,Mowancheri,11.878735,75.45521,116,,51400,39300
533448,Uppada,17.09786,82.34266500000001,116,,48600,37300
341001,Nagaur,27.1899,73.756565,116,,57600,44100
781307,Sarthebari,26.362595,91.21776,116,,32200,24700
670650,Chittariparamba,11.833465,75.70222000000001,116,,51400,39300
682301,Tripunithura,9.9382,76.351455,116,,88400,67800
682033,Changampuzha Nagar,10.039515,76.31881000000001,116,,89200,68300
305628,Nagola,25.971635,74.92448,116,,42700,32700
305811,Kuchil,26.632385,74.76225500000001,116,,42600,32600
521332,Dokiparru,16.29824,81.05181,116,,57100,43800
422401,Devlali,19.901975,73.81871,116,,41800,32100
174306,Dehlan,31.438675,76.330615,116,,58000,44500
443102,"Buldana, Maharashtra",20.8870258,76.2025073,116,,65300,50200
768105,Jujumura,21.203295,84.04914,116,,57100,43800
782001,Nagaon,26.34563,92.68838,116,,31100,23800
782103,Raha,26.26345,92.52314,116,,30400,23400
342308,Khichan,27.159905,72.60054,116,,57300,44000
422221,Ojhar A.F. Stn.,20.1068,73.925525,116,,42600,32600
146102,Bassi Kalan,31.449055,76.06436500000001,116,,52900,40600
534101,Tadepalligudem,16.824534999999997,81.5245,116,,52500,40200
781370,Kaithalkuchi,26.464365,91.358415,116,,35300,27100
160055,Chandigarh Sector 55,30.729935,76.7029,116,,48200,37000
759020,Balimi,20.724575,85.290625,116,,28100,21600
683104,Kalamassery,10.055235,76.31691000000001,116,,88300,67700
683111,Kochi Airport,10.15471,76.393995,116,,87800,67400
416105,Ganeshwadi,16.694325,74.662745,116,,57200,43800
416106,Kurundwad,16.65731,74.59989,116,,56800,43500
416107,Dattawad,16.59017,74.58852999999999,116,,56800,43500
570017,Vijaynagar II Stage,12.334655,76.61129,116,,59400,45600
416011,Sane Guruji Vasahat,16.630875,74.15161499999999,116,,56100,43100
416112,Vadgaon,16.854570000000002,74.29989499999999,116,,56400,43300
416113,Warnanagar,16.85773,74.2072,116,,56400,43300
413515,Ahmedpur,18.727435,76.95788,116,,46200,35400
841101,Sonepur,25.74579,85.124785,116,,26100,20000
411089,"Pune, Maharashtra · 411089",18.6448627,73.9224157,116,,65300,50200
562159,"Ramanagara, Karnataka",12.730859,77.2890624,116,,54900,42100
403717,Carmona,15.206255,73.94706,116,,71800,55100
843321,Katra,26.21957,85.644735,116,,36600,28100
403724,Orlim,15.22412,73.949975,116,,71600,55000
403731,Cavelossim,15.176485,73.94899000000001,116,,71800,55100
754213,Marsaghai,20.41072,86.48873,116,,25400,19500
622404,Nachandupatti,10.346875,78.72527,116,,36700,28200
621716,Tungapuram,11.306785,79.07905,116,,38100,29200
440020,Neeri,21.12433,79.07128,116,,59500,45600
622403,Melasivapuri,10.22899,78.49328,116,,37200,28500
754110,Borikina,20.11961,86.40399500000001,116,,28900,22200
766026,Mukhiguda,19.330395,82.86686499999999,116,,25400,19500
766027,Lanjigarh,19.646880000000003,83.30003,116,,25600,19600
766028,Ampani,19.592175,82.60696999999999,116,,25400,19500
764011,Kolab Nagar,18.81832,82.61939000000001,116,,28200,21600
534460,Chintalapudi,17.124865,80.96429499999999,116,,52300,40100
342307,Bap,27.428645,72.452715,116,,57300,44000
524226,Udayagiri,14.91227,79.24719,116,,43800,33600
524227,Varikuntapadu,15.0127,79.4292,116,,43900,33700
766029,Sosia,19.96862,82.86272500000001,116,,25400,19500
766101,Rupra Road,20.160625000000003,83.33361,116,,25400,19500
606902,Devikapuram,12.446985,79.25667,116,,39400,30200
608301,Kattumannarkoil,11.284005,79.547695,116,,38000,29100
591238,Pattankudi,16.383074999999998,74.460335,116,,35200,27000
416143,ICO Spinning Mills,16.64821,74.48769,116,,57200,43800
416108,Takali,16.618769999999998,74.62812500000001,116,,56900,43600
416109,Hatkalangada,16.774630000000002,74.39976999999999,116,,56200,43200
416232,Sidhnerli,16.542705,74.24519000000001,116,,56600,43400
416437,Subhashnagar,16.82872,74.68834,116,,45700,35000
416146,Parvati Industrial Estate,16.727615,74.494945,116,,57200,43800
799281,Baburbazar,24.362385,92.027395,116,,45900,35200
416229,Ambewadi,16.759975,74.18146999999999,116,,57100,43700
604502,Malayur,12.468395,79.460425,116,,39400,30300
416120,Dattanagar,16.767735000000002,74.603605,116,,56700,43500
416121,R K Nagar Ichalkaranji,16.711045,74.52063,116,,56200,43200
403704,Sanguem,15.1745,74.22146000000001,116,,72700,55700
403705,Quepem,15.15794,74.10176000000001,116,,72000,55300
847107,Keotsa Baruari,26.128735,85.69371,116,,37000,28300
262907,Semra,28.202965,81.006995,116,,29800,22800
416202,Pattankodoli,16.655720000000002,74.357975,116,,57000,43600
416204,Kuditre,16.68488,74.09699499999999,116,,56600,43400
581340,Kansur,14.4995,74.861165,116,,45800,35100
642112,Kurichikottai,10.43264,77.16654500000001,116,,78100,59800
422213,Trimbak Vidya Mandir,19.957195,73.627005,116,,42200,32300
416312,Tasgaon M.D.G,17.1179,74.66418,116,,46000,35200
176092,Daroh,31.985145000000003,76.482355,116,,50900,38900
176085,Sullah,32.054595,76.470185,116,,50900,38900
581329,Haliyal,15.268955,74.78763000000001,116,,46300,35400
575001,Mangalore,12.86004,74.84250499999999,116,,60900,46700
441807,"Gondiya, Maharashtra",21.1456285,80.2683867,116,,65300,50200
440036,Jaitala,21.111595,79.02367,116,,60000,45900
305812,Harmara,26.719005,74.965145,116,,42500,32500
305625,Jalia -II,25.94931,74.52584,116,,42600,32600
305819,Karkeri,26.71324,74.722015,116,,42700,32700
581324,Chendiye,14.7794,74.218205,116,,45800,35200
581326,Gokarn,14.540235,74.34219999999999,116,,45900,35200
754010,Bairoi,20.214555,86.012505,116,,40100,30700
754021,Jagatpur,20.489435,85.91453,116,,40000,30600
754022,Kotasahi,20.61131,85.97707,116,,39400,30200
754027,Chasapara,20.511225000000003,85.80296,116,,39700,30400
403709,Curtorim,15.27409,74.03166,116,,71600,55000
572120,Hebbur,13.13947,77.05626000000001,116,,45700,35000
125113,Uklana Mandi,29.492645000000003,75.899,116,,39100,29900
176089,Molag,31.899495,76.66316,116,,50800,38900
422010,Ambad A.S.,19.85151,73.71255,116,,42600,32600
422102,Nashik Road Camp,19.955505,73.92528,116,,42200,32300
422105,TP Station Eklahre,19.971735,73.88287,116,,41800,32100
422206,Ojhar,20.09669,73.928365,116,,42600,32600
690537,Pullikanakku,9.15691,76.535665,116,,70000,53700
396436,Maroli Bazar,20.994265,72.82236499999999,116,,40800,31300
396409,Alipore,20.79204,73.07987,116,,40600,31100
581330,Hegde,14.4795,74.407865,116,,45700,35100
393002,Ankleshwar IE,21.61135,73.02413,116,,53400,40900
576257,Kumbhashi,13.57082,74.70357,116,,46900,36000
125103,Goriwala,29.72079,74.732905,116,,59100,45400
D267960,"Simdega, Jharkhand · D267960",22.5904573,84.5464805,116,,50400,38600
577521,Bidarakere,14.451025,76.310245,116,,46700,35700
673614,Naduvannur,11.495975,75.781845,116,,57900,44500
577526,Holalkere,14.00322,76.19414,116,,46100,35400
678534,Vandithavalam,10.65866,76.78661,116,,54900,42000
305814,Roopnagar,26.829555,74.82350500000001,116,,42800,32700
305815,Salemabad,26.710955,74.806795,116,,42800,32700
577555,Godabanahal,14.13946,76.341565,116,,46600,35700
396418,Gurukulsupa,20.985705,73.02292,115,,39600,30500
396427,Kaliawadi,20.963355,72.9113,115,,39500,30400
394305,Chalthan,21.141865,72.96954,115,,61000,46900
577542,Srirampura,13.640440000000002,76.40249499999999,115,,45100,34700
521120,Nagayalanka,15.83614,80.962995,115,,56100,43200
577554,Mallappanahalli,13.85832,76.16504,115,,45200,34800
673586,Puduppadi,11.493625,75.996095,115,,57300,44100
673601,Nit  Campus Po.Kozhikode,11.31724,75.93872999999999,115,,57000,43900
676509,Munduparmba,11.07297,76.11852,115,,50000,38500
401404,Palghar,19.69744,72.76439500000001,115,,54800,42100
401405,Satpati,19.71615,72.7572,115,,54800,42100
401501,Boisar,19.8087,72.76557,115,,54800,42100
401502,Tarapur,19.84239,72.68714,115,,54800,42100
401503,Chinchani,19.90533,72.691765,115,,54800,42100
401504,Tarapur App,19.82188,72.73334,115,,54800,42100
401506,Tarapur Ti,19.800805,72.73004,115,,54800,42100
401602,Dahanu Road,19.950575,72.922595,115,,54800,42100
401302,Arnala,19.463205,72.759095,115,,54300,41800
401303,Virar,19.50282,72.913325,115,,54800,42100
401304,Nirmal,19.414340000000003,72.771915,115,,54300,41800
401305,Virar East,19.460585,72.821575,115,,54300,41800
401401,Kelwa,19.63585,72.769215,115,,54200,41800
401402,Kelwa-mahim,19.65577,72.74468999999999,115,,54800,42100
401403,Manor,19.724195,72.92702,115,,54800,42100
401702,Gholvad,20.081515000000003,72.76047,115,,54600,42000
396472,Vedchha,20.879705,72.94251,115,,39500,30500
396430,Kharel,20.86001,73.07745,115,,40000,30800
396433,Khadsupa Boarding,20.903595,73.02588,115,,39800,30600
125006,Hisar Cantt,29.075045000000003,75.81966499999999,115,,38000,29300
396412,Bori Falia,20.8439,72.83651,115,,40000,30800
393120,Umalla,21.837285,73.282925,115,,26400,20300
402004,Balkeshwar,27.203380537607654,78.02228952920916,115,,64800,49800
576103,Ambalapadi,13.339905,74.72907000000001,115,,46500,35800
576210,Barkur,13.512465,74.77798,115,,46000,35500
401603,Jawhar,19.95192,73.221985,115,,54800,42100
401604,Mokhada,19.85933,73.381355,115,,54800,42100
401605,Vikramgad,19.807855,73.08292499999999,115,,54200,41800
401606,Talasari,20.088765,72.95664,115,,54700,42100
401607,Kasa,19.902695,72.96708,115,,54800,42100
401701,Bordi,20.108315,72.795535,115,,54600,42000
403106,Sant Estevam,15.532155,73.944185,115,,70300,54200
401703,Kosbad-hill,20.058415,72.75247999999999,115,,54700,42100
401203,Sopara,19.424115,72.79830000000001,115,,54200,41800
401204,Vajreshwari,19.54746,73.049745,115,,54300,41800
401206,Ganeshpuri,19.48796,73.000685,115,,54300,41800
401207,Papdi,19.349295,72.825005,115,,54000,41600
401208,Vasai East IE,19.375855,72.885015,115,,54200,41800
425410,Sarangkheda,21.45019,74.513295,115,,25000,19200
425412,Nandurbar,21.30972,74.240005,115,,25000,19200
401101,Bhayander West,19.297795,72.83932,115,,54300,41800
176107,Thural,31.91377,76.449095,115,,49000,37700
321611,Todabhim,26.89004,76.839085,115,,64000,49200
477105,Nai Zameen Bhind,26.611525,78.81448499999999,115,,34100,26300
711114,Kona,22.63124,88.286665,115,,53300,41000
422012,Ashok Nagar,20.00798,73.70805,115,,41200,31700
690536,Vadakkumthala East,9.03555,76.54681500000001,115,,67100,51600
503305,Jukkal,18.321345,77.62513,115,,31900,24500
176091,Sanghole,31.890595,76.62925999999999,115,,49000,37700
422101,Nashik Road,19.96053,73.85696999999999,115,,41500,31900
422004,Meri Colony,20.09377,73.80626,115,,41500,31900
403710,Cortalim,15.399045,73.90772000000001,115,,70800,54500
403711,Chicalim,15.409225,73.859265,115,,70300,54200
572137,Sira,13.76747,76.92929000000001,115,,44400,34200
572135,P N Halli,13.942795,76.880435,115,,44200,34000
573212,Mosale Hosahalli,12.917940000000002,76.167855,115,,46800,36100
403712,Cansaulim,15.34639,73.901005,115,,70900,54500
403713,Majorda,15.31009,73.92475,115,,71200,54800
403719,Sem-rachol  Soso,15.31714,74.00266,115,,70600,54400
403720,Raia,15.31107,73.98223,115,,70500,54300
403721,Varca,15.228224999999998,73.94334,115,,71400,54900
403707,Navelim,15.252895,73.97438,115,,70900,54600
403708,Colva,15.27377,73.930395,115,,71400,54900
853204,Naugachia,25.398580000000003,87.180395,115,,35400,27300
523346,Pitikayagulla,15.445295000000002,79.20962,115,,47600,36700
444404,Manora,20.23056,77.57362499999999,115,,31600,24400
444110,Kamargaon,20.647605,77.530945,115,,31600,24400
753013,Kalyani Nagar,20.448395,85.90205499999999,115,,38600,29700
440018,Mahatma Fule Bazar,21.149755,79.095605,115,,58700,45200
581327,Haldipur,14.357295,74.43823499999999,115,,45400,34900
401601,Dahanu,19.989065,72.71106,115,,54800,42100
574234,Sampaje,12.49353,75.544425,115,,60300,46400
574238,Subramanya,12.688655,75.60203000000001,115,,60400,46400
574240,Ujire,12.960875,75.33615,115,,59600,45900
574242,Venur,13.02905,75.14552,115,,59400,45800
442105,Sindi,20.809835,78.907965,115,,41000,31600
416314,Visapur S.O (Sangli),17.1726928,74.5867654,115,,44700,34400
388245,Sevalia  Rs,22.811945,73.338915,115,,57900,44600
583230,Kinhal,15.453235,76.12489500000001,115,,39100,30100
416116,Ganganagar Ichalkaranji,16.712955,74.445715,115,,54700,42200
416118,Rukadi,16.726615,74.35630499999999,115,,55700,42800
416122,MIDC Shiroli,16.761585,74.274485,115,,55600,42800
600023,Aynavaram,13.09826,80.231645,115,,80900,62300
143603,Ramdass,31.984605,74.893765,115,,50200,38600
613501,Mariammancoil,10.78397,79.19919999999999,115,,42600,32900
562114,Hoskote,13.07188,77.84254,115,,55100,42400
591235,Mugalkhod,16.438275,74.966895,115,,34400,26500
591223,Kagvad,16.680605,74.71745,115,,34700,26700
591224,Kalloli,16.271965,74.874415,115,,34800,26800
614701,Adirampattinam,10.33525,79.36236,115,,42900,33100
614626,Pappanad,10.539495,79.28318,115,,43200,33200
768118,Naktideul,21.25331,84.54124999999999,115,,56200,43300
762014,Boudhraj,20.8405426,84.3214765,115,,19900,15300
754210,Danpur,20.453365,86.315805,115,,24700,19000
440012,Patwardhan Ground,21.13858,79.082705,115,,58300,44900
523370,Ravipadu,15.56673,79.17443,115,,47600,36700
524225,Siddanakonduru,14.822285,79.77463,115,,42800,33000
622501,Cauvery Nagar,10.4774,78.81555,115,,36600,28100
613205,Vediapuram,10.8414,79.103785,115,,42700,32900
613010,Tamil University,10.747945,79.088885,115,,42500,32800
754214,Indupur,20.60381,86.38515000000001,115,,24700,19100
754202,Salipur MDG,20.49617,86.11771999999999,115,,38400,29700
621722,Viragalur,10.905205,79.01214,115,,50600,38900
752106,Nimapara MDG,20.05884,86.01164,115,,28800,22200
754001,Fulnakhara,20.34821,85.92437,115,,39200,30100
230130,Laxmanpur,25.89645,81.76076499999999,115,,25000,19300
230131,Katra Medniganj,25.87037,81.969065,115,,25000,19300
560089,Hessarghatta Lake,13.144435,77.50882,115,,54400,41900
562111,Dobbespet,13.23065,77.26056,115,,54900,42200
230142,Shitlaganj,25.927415000000003,82.10569,115,,25000,19300
230144,Ajgara,25.8996,81.83468500000001,115,,25000,19300
403718,Loutolim,15.346985,73.98642000000001,115,,70200,54100
403802,Vasco-Da-Gama,15.40619,73.82262499999999,115,,70500,54300
403803,Mormugao,15.422345,73.796405,115,,70300,54200
410206,"Raigarh, Maharashtra",18.9818971,73.1141545,115,,65000,50000
403722,Verna,15.35354,73.937545,115,,70800,54500
403723,Velim,15.15979,73.967855,115,,71500,55000
413005,Daji Peth,17.674084999999998,75.93313,115,,37000,28600
585412,Chitguppa,17.700945,77.212755,115,,25100,19400
403714,Chandor,15.257515,74.04779500000001,115,,71500,54900
403715,Chinchinim,15.209715,73.98965000000001,115,,71400,54900
403716,Benaulim,15.253145,73.93328500000001,115,,71500,54900
843312,Aurai,26.30751,85.58343500000001,115,,35800,27600
413003,Gurunanak Nagar,17.642525,75.934205,115,,37400,28800
831005,Kadma,22.80543,86.16212,115,,40500,31200
841211,Gultenganj,25.751735,84.820235,115,,25600,19700
562122,Nandagudi,13.186,77.89663,115,,54800,42200
562131,Thippasandra,13.070875,77.12378000000001,115,,54900,42300
562135,Vijayapaura,13.287135,77.775735,115,,54700,42100
230403,Madhoganj,25.964695,82.03383,115,,25000,19300
230134,Oraiyadeeh,25.874865,82.155835,115,,25000,19300
230136,Sagra,25.961640000000003,81.7636,115,,25100,19300
562163,NAGADENAHALLI,13.24831,77.54557,115,,54700,42100
562164,Avathi,13.3146,77.685215,115,,54700,42100
230127,Dalippur,25.87991,82.0496,115,,25000,19300
230128,Derwa,25.814175,81.69163499999999,115,,25000,19300
230001,Pratapgarh,25.91673,81.99529,115,,25100,19300
230002,Pratapgarh City,25.891875,81.940235,115,,25000,19300
591231,Konnur,16.185940000000002,74.741815,115,,35000,26900
571106,Hanagodu,12.20125,76.16188,115,,58500,45000
570028,Alanahalli,12.324485,76.73767000000001,115,,58200,44800
365635,Motasamdhiyala,21.23672,71.22599,115,,31600,24300
364522,Badhada,21.20117,71.345485,115,,31600,24300
831001,Jamshedpur,22.79988,86.19447500000001,115,,40300,31000
570011,Siddarthanagar Nagar,12.304525,76.68231,115,,58600,45100
570030,Vijayanagar III stage,12.322209999999998,76.605455,115,,58400,45000
571103,Bilikere,12.331235,76.451755,115,,58400,45000
416010,Phulewadi,16.687925,74.16680500000001,115,,55500,42700
683101,Aluva,10.101155,76.3634,115,,87500,67200
683108,Thottakkattukara,10.10996,76.34483,115,,87400,67200
361315,Bhatia,22.067135,69.31913,115,,44300,34100
802102,Buxar Jail,25.53213,83.94146,115,,25800,19900
160071,Chandigarh Sector 71,30.703445,76.709735,115,,47800,36800
534001,Eluru,16.697830000000003,81.092415,115,,51100,39300
534002,Venkata Rao Peta,16.714955,81.1034,115,,51200,39400
623401,Anandur,9.72497,78.792405,115,,49600,38200
623537,Pottagavayal,9.540485,78.864155,115,,50100,38500
222129,Chandwak,25.573995,83.00098,115,,27600,21300
784102,Lokra,26.877855,92.836285,115,,32500,25000
533343,Bikkavolu,16.97401,82.03126,115,,46900,36200
533483,Y .Ramavaram,17.74029,81.966935,115,,47400,36500
534102,Tadepalligudem Bazar,16.868895000000002,81.497615,115,,50800,39100
533577,Vilasa,16.613979999999998,82.035595,115,,46800,36100
781371,Tihu,26.478365,91.28224,115,,34600,26700
782003,Itachali,26.355705,92.710215,115,,30400,23300
782101,Nonoi,26.28017,92.7168,115,,30400,23300
782102,Barhampur,26.29699,92.76464,115,,30300,23300
422222,Ycm Open Univesity,20.02914,73.69101,115,,41600,32000
444105,Karanja,20.50368,77.509015,115,,31600,24400
444403,Mangrulpir,20.267555,77.430105,115,,31600,24400
781374,Makhibaha,26.441335,91.263315,115,,34900,26900
306421,Rohat,25.888025,73.04011,115,,35600,27300
682503,Elamkunnapuzha,10.02967,76.227485,115,,87000,66900
670595,Edayannur,11.94922,75.52421,115,,50300,38700
533446,Sankhavaram,17.324475,82.32476,115,,47300,36400
781302,Baharihat,26.230895,91.12794,115,,31400,24200
626204,Ramasamy Raja Nagar,9.4459,77.96707,115,,45600,35100
284403,Lalitpur,24.6999688,78.51862,115,,27400,21100
532429,Polaki,18.364505,84.10603499999999,115,,44500,34300
361250,Jodia,22.67837,70.3112,115,,43800,33700
361305,Khambhalia,22.221735,69.578645,115,,43800,33800
230302,Jamtali,25.8374,82.12477,115,,25000,19300
230304,Raniganj,25.810135,82.045745,115,,25000,19300
413524,Nalegaon,18.41872,76.85615999999999,115,,44900,34600
416005,Gur Market Yard,16.713555,74.292855,115,,54900,42300
416006,Kasba Bavada,16.746275,74.248955,115,,54900,42400
416013,R K Nagar,16.63295,74.226355,115,,55500,42700
416119,Gandhinagar,16.698245,74.318295,115,,55400,42600
591213,Ankali,16.504315,74.67482,115,,34400,26500
591227,Kaujalgi,16.19368,75.04990000000001,115,,35000,26900
591228,Khadaklat,16.453625000000002,74.475115,115,,34500,26600
591230,Kokatnur,16.674115,75.1845,115,,34600,26600
517505,Perumallapalle,13.616285,79.36001,115,,51200,39500
686582,Poonjar Thekkekara,9.64424,76.84874500000001,115,,71400,55000
401102,Umbarpada,19.570175,72.839215,115,,54800,42100
401103,Vangaon,19.903435,72.758935,115,,54800,42100
401105,Bhayander East,19.30844,72.87111,115,,54300,41800
401201,Bassein,19.36699,72.78699,115,,54000,41600
401202,Bassein Road,19.37799,72.82478499999999,115,,54000,41600
401106,Uttan,19.288165,72.80124,115,,54500,41900
401107,Mira Road,19.281935,72.89503500000001,115,,53900,41600
206126,Ekdil,26.73822,79.11997,115,,25700,19800
394221,Pandesara,21.139485,72.83943500000001,115,,59900,46200
393125,Dehali,21.53493,73.268935,115,,43100,33200
576228,Shiruru,13.923085,74.63466,115,,46500,35800
D782578,"Farrukhabad, Uttar Pradesh · D782578",27.4362003,79.4894778,115,,48500,37400
576234,Kokkarne,13.48197,74.87368000000001,115,,46000,35500
205001,Mainpuri,27.18291,79.020015,114,,34500,26700
400605,Reti Bandar,19.19932304572844,73.00140380859376,114,,63200,48800
400606,Jekegram,19.22414,72.95602500000001,114,,53400,41200
400608,Balkum,19.217565,72.99937499999999,114,,53300,41200
400610,Apna Bazar,19.24367,72.9591,114,,53500,41300
400087,"Mumbai Suburban, Maharashtra",19.1309844,72.8894618,114,,62700,48500
400601,Thane,19.209185,72.97627,114,,53100,41100
400706,Nerul Node-III,19.02636,72.97985,114,,52700,40800
400602,Naupada,19.190565,72.97174,114,,52700,40800
400604,Wagle I.E.,19.192405,72.95274,114,,52600,40800
125004,Ha U Hisar,29.11508,75.548645,114,,36700,28500
403004,Nio Dona Paula,15.45161,73.8046,114,,74800,57700
853203,Narayanpur,25.36789,86.880845,114,,34700,26800
576201,Kundapura,13.624960000000002,74.69867500000001,114,,45100,34900
125005,Modle Town Hisar,29.09905,75.82821000000001,114,,37000,28600
396445,Navsari,20.95391,72.92698,114,,39100,30200
121001,Faridabad NIT,28.3584336,77.3268462,114,,97700,75500
577543,Thallak,14.43749,76.724865,114,,43900,34000
686541,Kangazha,9.49206,76.70842999999999,114,,68900,53400
517581,Narayanavaram,13.41583,79.63949500000001,114,,50600,39100
522314,Nizampatnam,15.932415,80.65874500000001,114,,50200,38700
643239,Konnachal,11.557525,76.28678500000001,114,,85300,65900
517214,Piler,13.73151,78.993775,114,,49800,38600
517291,Tarigonda,13.71755,78.63433,114,,50600,39100
306502,Khinwara,25.443255,73.59476000000001,114,,34200,26500
515761,Kalyandurg,14.5466,77.1422,114,,49000,37900
591218,Lolsur,16.239055,74.86905999999999,114,,34300,26400
413531,Tilaknagar Latur,18.38995,76.59438,114,,45800,35500
416007,Kalamba,16.670189999999998,74.22403,114,,53600,41500
230405,Darchhut,26.0106,82.14474,114,,25000,19300
230501,Antu,26.04274,81.91639,114,,25000,19300
230502,Garwara,25.962845,81.94064,114,,25000,19300
230503,Kishunganj,26.013775,81.817545,114,,25000,19300
230306,Suwansa,25.71025,82.140825,114,,25000,19300
230401,Kohdaur,26.02839,82.03551,114,,25000,19300
362110,Bilkha,21.45185,70.610975,114,,40200,31100
361142,Reliance Greens,22.373295,69.83437,114,,43300,33400
802211,Babhnaul,25.330635,84.179735,114,,36400,28100
682505,Narakkal,10.042405,76.22515,114,,85200,65800
683106,Thaikkattukara,10.08084,76.339985,114,,85000,65700
416004,Shivaji University,16.677865,74.269135,114,,54400,42000
802215,Garh Nokha,25.108095,84.04359,114,,36200,28000
802216,Koath,25.331125,84.27432999999999,114,,36500,28200
802217,Meari Bazar,25.039505,84.12295,114,,36300,28000
802218,Natwar,25.252445,84.142745,114,,36500,28200
802219,Rajpur,25.073535,84.20255499999999,114,,36200,28000
802220,Sanjhauli,25.161125,84.19286,114,,36300,28100
802221,Surajpura,25.266625,84.22673,114,,36300,28000
802226,Dawath,25.28294,84.21608499999999,114,,36100,27900
802212,Bikramganj,25.22859,84.27192,114,,36400,28100
802213,Dinara,25.24919,84.038505,114,,36400,28100
802214,Gorari,25.12025,84.293655,114,,36300,28100
841207,Dighwara,25.75182,84.98739499999999,114,,24600,19100
362520,"Diu, Daman  & Diu",20.7159534,70.9785005,114,,48100,37200
364002,Bhavnagar Takhteshwar,21.70032,72.19193,114,,39700,30700
805101,Dhamul,24.97386,85.82244499999999,114,,24500,18900
570027,Infosys Campus,12.36261,76.59776,114,,56800,44000
570018,Belavadi,12.346225,76.57373,114,,56500,43800
571107,Periyapatna,12.328895,76.031815,114,,57500,44400
364320,Dhola,21.849145,71.73738499999999,114,,39700,30800
230121,Pura Dhakwa Chauraha,25.983235,82.372785,114,,24900,19200
591232,Madbhavi,16.81486,74.978125,114,,33800,26200
230137,Sahabganj,25.96139,81.85002,114,,25000,19300
230138,Saifabad,26.00984,82.281985,114,,24900,19200
230139,Sangipur,26.03548,81.63879,114,,24800,19200
230124,Amargarh,25.940945,82.32022,114,,25000,19300
230125,Atheha,26.12029,81.609925,114,,24900,19200
230126,Babuganj,25.889485,81.72588999999999,114,,24900,19200
230202,Garhi Manikpur,25.743025000000003,81.44169,114,,24700,19100
230204,Kunda,25.749255,81.53665000000001,114,,24900,19200
230301,Gaura R S,25.74557,82.11693,114,,25000,19300
230132,Lalganj,25.930525,81.654155,114,,24800,19200
230133,Prithviganj Bazar,25.85287,82.23707,114,,25000,19300
230135,Patti,25.938145,82.22373999999999,114,,25000,19300
562162,Madanayakanahalli,13.06249,77.43906000000001,114,,54000,41700
562125,Sarjapura,12.86532,77.77555,114,,89500,69300
230402,Mandhata,25.79981,81.84105,114,,25000,19300
230404,Vishwanathganj,25.784135,81.94232500000001,114,,25000,19300
841208,Ekma,25.9639,84.546675,114,,25000,19300
841205,Daudpur,25.91375,84.61042,114,,24700,19100
841221,Sitalpur,25.78913,85.043225,114,,25100,19400
383315,"Sabar Kantha, Gujarat",23.5,73.25,114,,48100,37200
843129,Narma,26.24709,85.513755,114,,35100,27200
843130,Kanti T.P.S.,26.19675,85.301175,114,,34900,27000
844120,Kurhani,26.02979,85.26997,114,,35100,27200
844127,Turki,26.020465,85.340235,114,,35200,27200
382620,"Gandhinagar, Gujarat",23.2819525,72.6536309,114,,48000,37100
370001,Bhuj,23.48388,69.84824499999999,114,,41900,32400
388400,"Anand, Gujarat · 388400",22.4739858,72.7361779,114,,48100,37200
560042,Sivan Chetty Gardens,12.98249,77.620165,114,,90300,69800
560048,Mahadevapura,12.987865,77.70961,114,,90000,69600
230141,Sangramgarh,25.85688,81.4757,114,,24600,19000
230143,Babaganj,25.85841,81.561205,114,,24700,19100
230201,Bhadri,25.664085,81.594915,114,,24900,19200
591302,Khanapur,15.610795,74.427385,114,,34200,26400
591240,Satti,16.58414,75.10016999999999,114,,33800,26200
591248,Aigali,16.780305,75.203555,114,,33700,26100
591304,Athani,16.72634,75.081185,114,,33700,26100
591306,Ghataprabha RS,16.25034,74.74551,114,,33700,26100
560067,Kadugodi,12.999205,77.77492000000001,114,,90800,70100
560082,Udaypura,12.82527,77.51237499999999,114,,54100,41800
560071,Domlur,12.95564,77.64054999999999,114,,90600,70000
560093,C.V.Raman Nagar,12.985695,77.668515,114,,89800,69500
560088,Hessarghatta,13.15378,77.47252499999999,114,,53400,41300
560090,Chikkabanavara,13.095135,77.50332499999999,114,,53500,41400
561101,Kudur,13.13983,77.156725,114,,53900,41600
561204,Doddabelavangala,13.3512,77.40359000000001,114,,53700,41500
561205,Melekote,13.369835,77.59978000000001,114,,53600,41500
560107,Achitnagar,13.08685,77.483475,114,,53600,41400
230129,Jethwara,25.782545,81.733945,114,,25000,19300
416436,Kupwad MIDC Area,16.879665000000003,74.64567,114,,43800,33800
275105,Jamal Mirja Pur,26.08771,83.56974500000001,114,,27500,21200
275306,Koiria Par,26.03103,83.46187499999999,114,,27500,21200
794112,Mendipathar,25.894855,90.77269,114,,33800,26100
607006,Kondur,11.77056,79.76010500000001,114,,36300,28000
600005,Tiruvallikkeni,13.057865,80.27991,114,,80000,61700
600006,Greams Road,13.05814,80.25103,114,,78800,61000
600008,Egmore,13.070735,80.256305,114,,79800,61600
600022,Rajbhavan,13.00211,80.22831500000001,114,,78700,60900
600094,Choolaimedu,13.06024,80.223275,114,,79300,61300
796007,Chandmary,23.77396,92.699465,114,,62900,48700
388215,Thamna,22.73144,73.08764,114,,57600,44500
388230,Kalsar,22.70999,73.21100000000001,114,,57400,44400
571252,Murnad,12.321595,75.763875,114,,43500,33600
571606,Belagola,12.39532,76.62956500000001,114,,46800,36200
262724,Jatpurwa,28.10212,81.009645,114,,28200,21800
403005,Santa Cruz,15.47942,73.846785,114,,75000,57900
403102,Chorao,15.53657,73.877305,114,,73700,57100
403726,Zuarinagar,15.381075,73.88527500000001,114,,69900,54000
573125,Javagal,13.30183,76.09749500000001,114,,45700,35400
574237,Siddakatte,12.99766,75.073095,114,,59100,45700
784171,Tetenbari,26.899055,93.51419,114,,32200,24800
422007,Industrial Estate,19.995835,73.72263000000001,114,,40800,31500
503188,Rudrur,18.57103,77.88128499999999,114,,31400,24300
504309,Gumma,19.741155,78.65161499999999,114,,33400,25800
515303,Kallumarri,13.902135,77.35816,114,,48900,37800
314037,Antri,23.714465,73.834305,114,,26600,20500
691016,Thekkevila,8.868120000000001,76.612585,114,,65400,50500
442201,Arvi,21.04415,78.27039500000001,114,,40200,31100
442305,Samudrapur,20.63778,79.053065,114,,40100,31000
581333,Hiregutti,14.563615,74.47068,114,,44200,34100
581334,Honavar,14.28574,74.530545,114,,43600,33800
581335,Hosad,14.264735,74.478415,114,,43700,33800
581323,Chandavar,14.428955,74.55057,114,,44300,34200
581331,Heggarni,14.4565,74.71338499999999,114,,44200,34100
574231,Panemangalore,12.867450000000002,75.037585,114,,58600,45300
574232,Panja,12.66712,75.48724,114,,59200,45700
574233,Punjalkatte,12.934865,75.16825,114,,58900,45500
574235,Sathya Sai Vihar,12.734395,75.09016,114,,59000,45600
574236,Shirthady,13.09344,75.088995,114,,58500,45300
581328,Halge,14.874875,74.205465,114,,44100,34000
678543,Kavasseri,10.671645,76.50143,114,,52300,40500
518101,Srisailam,16.028145000000002,78.79590999999999,114,,40700,31400
305623,Masuda,26.097555,74.483795,114,,40200,31100
305624,Bijainagar,25.978375,74.655795,114,,40100,31000
305405,Kadera,25.81057,75.08903000000001,114,,40200,31100
305901,Beawar [Raj],26.075345,74.33257,114,,40200,31100
305627,Tantoti,26.133615,74.81577,114,,40100,31100
742113,Debipur,24.27541,88.25457,114,,31500,24400
327026,Mahidam,23.68695,74.47570999999999,114,,25200,19500
752077,Khandapadagarh,20.27759,85.15944999999999,114,,29400,22700
754113,Naugaonhat,20.0894,86.20526000000001,114,,27500,21200
621718,Rayambaram,11.22517,79.16713999999999,114,,42400,32700
613105,Poondi-TPL,10.87453,78.953745,114,,42300,32600
612602,Natchar Koil,10.913905,79.45251999999999,114,,42000,32400
612702,Darasuram,10.95542,79.35576,114,,42100,32500
764038,Padwa,18.35294,82.69235499999999,114,,26400,20500
782120,Ambagan,26.546480000000003,92.759915,114,,29100,22600
621719,Asaveerankudikadu,11.340435,79.223485,114,,42000,32500
533430,Dharamavaram,17.301099999999998,82.23138,114,,45800,35500
534005,Eluru R.S,16.726599999999998,81.112695,114,,49200,38100
534006,Narasimharao Peta,16.71259,81.092725,114,,49200,38100
533468,Gollapalem,16.83821,82.164185,114,,46200,35800
784025,Panchmile,26.665205,92.869505,114,,31800,24600
145101,Mirthal,32.144940000000005,75.63244499999999,114,,51400,39800
145001,Pathankot,32.315225,75.71218,114,,51800,40000
781004,Kharguli,26.20455,91.77193,114,,31300,24200
431212,Ankush Nagar,19.39578,75.74447,114,,31600,24400
431208,Tembhurni,20.127265,76.034675,114,,31400,24300
431209,Ghansawangi,19.47448,75.97975,114,,31400,24300
632603,Paradarami,13.049085,78.97527500000001,114,,47900,37100
632516,Vennampalle,13.05473,79.21865,114,,48000,37200
635103,Bagalur,12.823025,77.865665,114,,50000,38700
222125,Badlapur,25.91953,82.43976,114,,27100,21000
626188,Dhalavaipuram,9.398705,77.49807,114,,44000,34100
626203,Sattur,9.353115,77.90705500000001,114,,45000,34700
533238,Ravulapalem,16.738115,81.84916000000001,114,,45800,35500
533285,Kothapalli,17.304495,81.929915,114,,45800,35500
533344,G.Mamidada,16.936145,82.08331999999999,114,,46700,36000
781308,Mandia,26.23121,90.939335,114,,30400,23600
670582,Naduvil,12.14592,75.511485,114,,48700,37700
670594,Varam,11.90004,75.41767999999999,114,,48800,37700
670646,Kartikulam,11.877765,76.03881,114,,41600,32200
305922,Jawaja,25.905425,74.22906,114,,40200,31100
305923,Lotiyana,25.892385,74.16004,114,,40000,31000
680517,Kanippayur,10.626345,76.07156499999999,114,,68600,53000
577520,Bheemasamudra,14.215615,76.285515,114,,44700,34500
673642,Mongam,11.13101,76.03470999999999,114,,49700,38400
D794154,"Shimoga, Karnataka · D794154",14.0556503,75.2380553,114,,48500,37400
673612,Balusseri,11.45863,75.82598,114,,55400,42900
209731,Talgram,27.03893,79.658265,114,,26000,20100
305004,Regional College Ajmer,26.516995,74.62587500000001,114,,40200,31100
305001,Ajmer,26.469375,74.635145,114,,40200,31100
440016,Indl.Area Nagpur,21.128005,79.01993,113,,55500,43200
327034,Jolana,23.49989,74.18782999999999,113,,24700,19200
521125,Mopidevi,16.069095,80.927695,113,,54100,41900
787055,Dhakuakhana,27.188155,94.412565,113,,28500,22200
643241,Uppatti,11.519885,76.36270999999999,113,,83700,64900
754203,Kendupanta,20.458495,86.134495,113,,23900,18600
144806,Pattar Kalan,31.409335,75.468615,113,,51700,40200
742101,Berhampore,24.085765,88.25109,113,,30700,23900
591241,Saundalga,16.462629999999997,74.31987000000001,113,,32800,25500
591247,Chikodi Sugar Factory,16.474510000000002,74.602755,113,,33300,25900
176088,Chadhiar,31.934875,76.649925,113,,47200,36600
754106,Kaduapada,20.221255,86.25547,113,,26800,20800
686667,Pampakuda,9.907915,76.53622999999999,113,,82200,63900
560095,Koramangala VI Bk,12.938555,77.61999,113,,88000,68400
560100,Electronics City,12.85223,77.66426,113,,88500,68700
560102,HSR Layout,12.9098,77.647715,113,,88100,68400
560092,Sahakaranagar,13.057,77.593715,113,,87300,67900
560080,Sadashivanagar,13.01408,77.579705,113,,88200,68500
560081,Chandapura,12.796525,77.70504,113,,89000,69000
442307,Wadner,20.416675,78.73675499999999,113,,38900,30300
532168,Ponduru,18.35821,83.75202,113,,43100,33400
125106,Dharsul Kalan,29.67918,75.73520500000001,113,,40800,31700
560065,G.K.V.K.,13.08418,77.57499,113,,88900,69000
632059,TEL,13.011395,79.121175,113,,47800,37000
560036,Krishnarajapuram,13.022035,77.703735,113,,88300,68600
560043,Kalyananagar,13.020895,77.64411000000001,113,,88000,68400
560084,St. Thomas Town,13.013025,77.62702999999999,113,,89000,69000
421301,Kalyan D.C.,19.256995000000003,73.130365,113,,51800,40300
421505,Netaji Bazar,19.205025,73.21714,113,,52100,40400
421004,Ulhasnagar-4,19.21754,73.162135,113,,51800,40200
361150,Valsura,22.538295,70.04460499999999,113,,42100,32700
421002,Ulhasnagar-2,19.22798,73.162565,113,,51700,40200
799290,Fatikroy,24.18901,91.97307,113,,42800,33200
172201,Jhakri,31.500775,77.70091500000001,113,,65500,50900
422013,Sawarkar Nagar,20.014725,73.75271000000001,113,,39100,30400
400710,Millenium Business Park,19.116025,73.02494999999999,113,,52100,40500
533346,Rayavaram,16.894295,82.00173000000001,113,,45200,35100
125048,Badopal,29.4096,75.555395,113,,40400,31400
176087,Pahra,32.022375,76.53306,113,,47300,36700
670306,Mathamangalam Bazar,12.169165,75.32937999999999,113,,47900,37100
562130,Tavarekere S.O (Bangalore),13.0010872,77.3361225,113,,88100,68400
400709,Kopar Khairne,19.096615,72.991985,113,,51400,40000
442301,Hinganghat,20.60658,78.9433,113,,39100,30400
533447,Kothapalli,17.11063,82.318565,113,,45600,35400
534111,Ananthapallli,16.949565,81.45972499999999,113,,49100,38000
416404,Jath,17.054455,75.21592,113,,42400,32900
591212,Anantpur,16.888255,75.055385,113,,33100,25700
587122,Lokapur,16.179785000000003,75.366955,113,,32200,25000
283145,Makkhanpur,27.16166,78.517675,113,,27300,21200
587113,Belagali,16.378194999999998,75.190365,113,,32000,24900
209203,Chaubepur,26.64251,80.18722,113,,30300,23500
521151,Kankipadu,16.435855,80.75351,113,,54000,41900
521153,Kolavennu,16.444184999999997,80.815455,113,,53700,41700
623135,Kannirajapuram,9.13834,78.36422,113,,47600,37000
560030,Adugodi,12.94755,77.607145,113,,87700,68200
560033,Maruthi Sevanagar,13.00483,77.64392000000001,113,,88400,68600
560016,Doorvaninagar,13.011435,77.67699999999999,113,,88300,68600
560105,Jigani,12.79474,77.650385,113,,87900,68300
560070,B Sk II Stage,12.92423,77.564955,113,,87300,67900
560059,Rv Niketan,12.91925,77.50115500000001,113,,87200,67900
607103,Kadambuliyur,11.685665,79.53723500000001,113,,35500,27600
421603,Bhatsanagar,19.52065,73.395785,113,,52400,40600
560007,Agram,12.94759,77.637755,113,,88400,68700
522325,Amartaluru,16.108289999999997,80.69454999999999,113,,48000,37300
591313,Sankeshwar,16.27054,74.462935,113,,32900,25600
326023,Jhalara Patan City,24.46359,76.226245,113,,30300,23500
591305,Bellad Bagewadi,16.28868,74.717115,113,,33100,25700
410402,Ins Shivaji Lonavale,18.718605,73.37819999999999,113,,66800,52000
560077,Dr. Shivarama Karanth Nagar,13.073865,77.65984,113,,87400,68000
523316,Markapur,15.739785,79.27745,113,,46200,35800
560075,New Thippasandra,12.974635,77.665605,113,,89100,69100
410403,Kaivalyadham,18.773055,73.42267000000001,113,,66800,52000
389175,Sanjeli,23.0,74.0,113,,46900,36400
403114,Reis Magos,15.517215,73.802735,113,,71800,55900
403104,Neura,15.45738,73.92082500000001,113,,72000,56000
560073,Nagasandra,13.04501,77.49282500000001,113,,87800,68300
723101,Purulia,23.333333,86.416667,113,,21600,16800
445001,Yavatmal,20.44792,78.126475,113,,33800,26300
174321,Thanakalan,31.51057,76.360805,113,,54600,42400
711201,Bally,22.649105,88.34916,113,,50900,39500
782122,Batadraba,26.46329,92.571835,113,,28900,22400
560056,Bengaluru Vishwavidyalaya,12.950225,77.49921499999999,113,,87300,68000
560058,Peenya Small Industries,13.020885,77.504925,113,,87900,68300
591287,Kothali,16.41849,74.51408,113,,33100,25700
314030,Chikhli,23.42786,73.92168000000001,113,,26000,20200
524224,Kaligiri,14.867715,79.69831500000001,113,,40900,31800
690534,Chunakara,9.205435,76.60009,113,,65500,50900
431514,Gangakhed,18.930855,76.73808,113,,27400,21200
515241,Budili,13.95657,77.68618000000001,113,,47500,36900
515261,Parigi,13.9204,77.47262,113,,47400,36900
522403,Sattenapalle,16.397975,80.15038,113,,48200,37500
523315,Gajjalakonda,15.756785,79.34833,113,,46100,35700
416402,Daphalapur,17.001325,75.079845,113,,43000,33300
560038,Indiranagar,12.98635,77.64822000000001,113,,89200,69100
132024,Nissing,29.694305,76.81179,113,,43000,33400
783332,Tamarhat,26.28947,89.87058999999999,113,,27800,21500
607105,Nellikkuppam,11.764725,79.661745,113,,35500,27600
560006,J.C.Nagar,13.00961,77.59422,113,,87400,68000
560024,H.A. Farm,13.043425,77.597555,113,,88000,68400
560087,Vartur,12.934335,77.757495,113,,89200,69200
560005,Fraser Town,13.00235,77.61849000000001,113,,88300,68600
560108,Anjanapura,12.85278,77.557395,113,,87300,67900
560045,Arabic College,13.03337,77.61329,113,,87800,68300
534207,Tundurru,16.468069999999997,81.58919499999999,113,,48100,37400
560051,H.K.P. Road,12.98892,77.601855,113,,88500,68700
562106,Anekal,12.70769,77.68810500000001,113,,88600,68700
562107,Attibele,12.780635,77.76056,113,,88500,68700
416316,Ankalkhop,17.01527,74.4422,113,,42200,32800
394125,Hathuran,21.520005,73.010335,113,,57300,44600
396463,Sisodra,20.920235,72.989345,113,,37900,29400
422008,Trimurti Chowk,19.975495,73.758835,113,,39400,30600
574248,Doddathota,12.58452,75.477405,113,,57100,44400
574230,Nettana,12.7638,75.56393,113,,56700,44100
574229,Nellyadi,12.828634999999998,75.473735,113,,56600,44100
421101,Padgha,19.38936,73.178605,113,,51900,40300
421005,Ulhasnagar-5,19.196725,73.16111,113,,51800,40300
421602,Kasara,19.636715,73.46665999999999,113,,52300,40600
570020,Yadavagiri,12.32566,76.63765,113,,56200,43600
421601,Shahapur,19.49926,73.41851500000001,113,,52300,40500
828302,Bhowra,23.680795,86.38182499999999,113,,35300,27400
364525,Vanda,21.377865,71.51336,113,,29800,23200
421506,Additional Ambernath,19.17171,73.188965,113,,52100,40500
571236,Somwarpet,12.61169,75.79546500000001,113,,42500,33000
584127,Rodalbanda,16.170389999999998,76.398195,113,,35000,27200
752110,Gop,19.96459,86.022445,113,,27200,21200
422006,Gandhi Nagar,19.977655,73.80807999999999,113,,39600,30800
571438,Srirangapatna,12.4189,76.68492,113,,45800,35600
442104,Seloo,20.87905,78.70592500000001,113,,39000,30300
574220,Kabaka,12.8226434,75.2265036,113,,57300,44500
305924,Todgarh,25.696425,73.96569,113,,39900,30900
805109,Nardiganj,24.930435000000003,85.399655,113,,24100,18700
804418,Kako,25.25243,85.10881,113,,28100,21900
676510,Randathani,10.965845,76.00681,113,,48100,37400
382711,"Mahesana, Gujarat · 382711",23.5705467,72.4568752,113,,46900,36400
685608,Vengallur,9.91283,76.67664500000001,113,,65400,50800
685588,Kalayanthani,9.861845,76.80439999999999,113,,64800,50400
581339,Kadwad,14.851305,74.2123,113,,43000,33400
802132,Noan,25.33097,83.754535,113,,25800,20100
421202,Vishnunagar,19.22404,73.08784,113,,51500,40100
421401,Murbad,19.27894,73.53538,113,,52200,40500
410302,R P T S Khandala,18.76793,73.38071,113,,66900,52000
532203,Venkateswara Colony,18.628355,84.18488500000001,113,,42400,33000
574243,Vittal,12.73321,75.12005500000001,113,,57900,44900
421605,Manda,19.33126,73.228165,113,,52000,40400
421311,Saravali,19.23205,73.079265,113,,51600,40100
393130,Netrang,21.59513,73.42369,113,,41700,32400
421308,Bhiwandi,19.316665,73.03035,113,,51900,40300
842005,M.I.C.,26.09103,85.4087,113,,34100,26500
421306,Katemanivali,19.171155,73.15172000000001,113,,51600,40100
421305,Vidyashram,19.281625,73.05523,113,,51800,40300
841508,Bijaipur,26.482765,83.975425,113,,31100,24200
582202,Belvanki,15.6751,75.550735,113,,33900,26300
394240,Karchelia,20.960225,73.18163000000001,113,,57700,44800
421303,Wada,19.699065,73.14641,113,,52300,40500
421502,O.E.Ambernath,19.22685,73.18823,113,,52000,40400
421501,Ambernath,19.20315,73.194585,113,,52100,40400
421403,Kinholi,19.380355,73.49954,113,,52200,40500
421402,Dhasai,19.342565,73.60258,113,,52200,40500
847452,Nirmali,26.268125,86.598175,113,,29300,22800
396421,Jalalpore,20.948935,72.891685,113,,38300,29700
384335,Sipor,23.84613,72.735255,113,,35500,27600
387550,Nayka,22.748715,72.59507500000001,113,,55400,43100
847451,Kunauli Bazar,26.412655,86.807675,113,,29200,22700
576122,Pangala,13.25131,74.762115,113,,44300,34400
532425,Urlam,18.444535,83.978745,113,,43000,33300
396450,Eru Ac,20.92169,72.91366500000001,113,,38400,29800
393105,Bhalod,21.834975,73.19076000000001,113,,49900,38700
533214,Ambajipeta,16.59095,81.92505,113,,45300,35200
576101,Udupi,13.33066,74.754145,113,,44700,34600
387130,Mahemdavad,22.811135,72.777555,113,,55300,43000
410406,Pawananagar,18.65256,73.513945,113,,66900,52000
781312,Rampur,26.2871,91.26154,113,,33000,25600
413502,Paranda,18.27421,75.562645,113,,44700,34800
209101,Akbarpur,26.410505,80.0254,113,,30600,23700
175048,Thunag,31.55139,77.18749,113,,45300,35300
737101,Gangtok,27.3338349,88.614658,113,,100100,77600
521109,Telaprolu,16.594955,80.88163,113,,53400,41500
582101,Gadag,15.45324,75.63983999999999,113,,33700,26300
581350,Murdeshwar,14.12536,74.50507999999999,113,,42600,33100
517299,Vayalpad,13.67658,78.66087999999999,113,,49200,38200
686536,Perumpanachy,9.490045,76.593435,113,,67600,52600
410401,Lonavala,18.70811,73.42174,113,,66900,52000
520013,Krishnalanka,16.49244,80.6357,113,,53500,41600
585227,Mannakhelli,17.681649999999998,77.35752500000001,113,,24400,18900
306302,Jaitaran,26.187985,73.89972,113,,33500,26100
383205,"Ahmadabad, Gujarat",23.416667,72.916667,113,,46700,36300
533306,Kotipalli,16.70507,82.04497,112,,43700,34200
412212,Velhe,18.27604,73.607045,112,,65900,51400
796005,Kulikawn,23.655675,92.71763,112,,60200,46900
416407,Malgaon,16.890205,74.77042,112,,41400,32300
533297,Gandepalli,17.14303,81.93216000000001,112,,44200,34500
623532,Thiruppullani,9.284015,78.834295,112,,46800,36500
623534,Uchipuli,9.308475,78.996,112,,46600,36300
533213,Samanasa,16.529895,82.060825,112,,43900,34300
533232,Chintaluru,16.803195000000002,81.89002500000001,112,,44100,34400
623538,Sanaveli,9.70999,78.86869999999999,112,,47100,36700
622503,Konapet,10.18163,78.71576999999999,112,,34100,26600
534216,Vundrajavaram,16.796435000000002,81.6919,112,,48000,37400
623705,Nainarkoil,9.54049,78.737545,112,,46600,36400
621729,Ariyalur Cement Factory,11.13871,79.110545,112,,40100,31300
534318,Dondapudi,17.224975,81.560005,112,,47100,36800
533229,Palivela,16.66461,81.907505,112,,44300,34500
711113,Balitikuri,22.606775,88.29622499999999,112,,49900,38900
626142,Sundaranachiarpuram,9.452,77.47453,112,,42600,33200
421204,Manpada,19.165285,73.08652000000001,112,,51200,39800
582103,Gadag City,15.371845,75.666625,112,,33600,26200
463106,Berasia Bhopal,23.602815,77.397445,112,,43100,33700
582111,Abbigeri,15.54645,75.7718,112,,33500,26100
755019,Jajpur Road RS,21.010355,86.04578000000001,112,,25800,20200
176061,Palampur,32.14971,76.548355,112,,45500,35600
683105,Thottumughom,10.097525,76.404495,112,,80200,62700
422011,Dwarka Corner,19.98804,73.80361500000001,112,,38300,29900
764042,Onukadeli,18.496545,82.39286,112,,25600,20000
560020,Seshadripuram,12.99191,77.57997,112,,86100,67200
683110,Muppathadam,10.09908,76.32158000000001,112,,80800,63100
683102,Union Christian College,10.127535,76.343305,112,,80900,63100
277501,Korantadih,25.615735,83.964155,112,,28100,22000
410405,Kamshet,18.77517,73.52865,112,,66500,51800
841509,Gabhirar,25.97174,84.30619,112,,30800,24000
176065,Rajhoon,32.04055,76.409175,112,,45600,35600
533305,Pamarru,16.7393,81.98950500000001,112,,43900,34300
560009,K. G. Road,12.9776,77.57764,112,,86200,67200
521132,Kodali,16.17886,80.87832499999999,112,,52300,40800
521133,Ghantasala,16.171685,80.94967,112,,52200,40800
623308,Mangalakudi,9.866375,78.961485,112,,46300,36200
560072,Nagarbhavi,12.966385,77.512895,112,,86800,67600
412211,Nhavare,18.60329,74.410375,112,,65500,51100
521134,Tadigadapa,16.465075,80.68589499999999,112,,52500,41000
626201,Elayirampannai,9.287635,77.82637,112,,42500,33200
591312,Mudalgi,16.317574999999998,74.97935,112,,32700,25500
532428,Mukhalingam,18.59496,83.99854500000001,112,,41300,32300
176098,Lahru,31.84216,76.45313,112,,45500,35600
574221,Kadaba,12.76156,75.4479,112,,55600,43400
305005,Crpf Ajmer,26.43852,74.575445,112,,38700,30200
800020,Lohia Nagar,25.593625,85.156955,112,,34900,27200
532405,Gara,18.32904,84.029045,112,,41800,32600
805108,Lalbigha,25.081735,85.66495,112,,23300,18200
532408,Bontalakoduru,18.221785,83.89155,112,,41800,32600
641047,Jothipuram,11.185915,76.93159499999999,112,,70800,55300
413505,Sonari,18.38107,75.40720999999999,112,,44100,34400
787056,Pathalipam,27.4354,94.217355,112,,28200,22000
532312,Ichchapuram,19.09448,84.682155,112,,41900,32600
623409,Tondi,9.78204,79.037265,112,,47100,36700
754111,Biridiroad,20.32942,86.046875,112,,26300,20500
752118,Bangurigaon,19.948805,86.185445,112,,26700,20800
752070,Nayagarh Bazar,20.13002,85.08544,112,,27700,21600
176076,Bhawana,31.986195,76.6006,112,,45500,35600
176064,Paraur,32.080925,76.46167,112,,45600,35600
504101,Basar,18.926,77.94995,112,,31800,24800
176102,Maranda,32.072835,76.50444999999999,112,,45600,35600
581344,Madangeri,14.62128,74.454555,112,,41700,32500
581342,Kasarkod,14.25834,74.44705,112,,42300,32900
176086,Khera,31.96006,76.52043,112,,45600,35600
521130,Pedakallepalli,16.075105,80.968985,112,,52300,40800
754153,Garadpur,20.38629,86.369715,112,,23400,18200
532402,S.M.Puram,18.323255,83.82621499999999,112,,41700,32500
307031,Binanigram,24.80685,73.15779,112,,31000,24200
788701,Bhanga Bazaar,24.81498,92.46899,112,,27900,21700
800008,Patna City,25.58774,85.234195,112,,34800,27200
623519,Mandapam Camp,9.27835,79.09989999999999,112,,46900,36500
533286,Gokaram,17.244684999999997,81.85937,112,,44300,34500
532211,Naupada,18.5445,84.29905,112,,41500,32400
421203,Dombivali I.A.,19.204375,73.10922,112,,51000,39800
682506,Panangad,9.900655,76.326705,112,,81400,63400
412401,Arvi,19.13682,73.922085,112,,65300,51000
515405,Pedda Vadagur,15.014955,77.632895,112,,47000,36600
533292,Dosakayapalli,17.12867,81.82661999999999,112,,43700,34200
306707,Sewari,25.020275,73.348545,112,,33000,25800
754212,Sribaldevjew,20.475935,86.49491,112,,23200,18100
673645,Cheruvayur,11.236245,75.98467500000001,112,,47400,37000
673647,Calicut Airport,11.151525,75.943235,112,,47300,36900
533342,Anaparthy,16.934835,81.973545,112,,44000,34300
176103,Panchrukhi,32.044495,76.56675,112,,45600,35600
800007,Gulzarbagh,25.555855,85.193705,112,,34900,27300
176125,Baijnath,32.090985,76.674195,112,,45600,35600
515133,Kothacheruvu,14.173305,77.72451000000001,112,,46400,36200
176047,Nagrota Bagwan,32.083755,76.39318,112,,45500,35600
800006,Mahendru,25.613455,85.17892,112,,34700,27100
533239,Pulletikurru,16.629885,81.94709499999999,112,,44100,34400
623518,Mandapam,9.244955,79.13472,112,,47100,36600
305003,Hmt Ajmer Dtso,26.40647,74.567155,112,,38700,30200
D552859,"Rampur, Uttar Pradesh · D552859",28.7934728,79.1845806,112,,46000,35900
767038,Harisankar Road,20.60555,82.79547500000001,112,,35500,27700
685561,Adimali,10.036835,76.9142,112,,63000,49200
517297,Gurramkonda,13.844495,78.60928999999999,112,,47900,37300
412108,Paud,18.55164,73.47870499999999,112,,65200,51000
412106,Vadgaon,18.8638,73.53785500000001,112,,65500,51100
412210,Shirur,18.708425,74.421945,112,,65700,51300
412209,Ranjangaon Ganpati,18.72501,74.25974,112,,65600,51300
410509,Dimbhe Colony,19.14223,73.64732000000001,112,,65200,51000
410506,Talegaon Dabhade,18.651490000000003,73.63149000000001,112,,65600,51200
410516,Shinoli,19.091865,73.776805,112,,65300,51000
784027,Kaliabhomora,26.63707,92.838465,112,,30500,23800
587117,Galagali,16.38792,75.49056999999999,112,,31300,24400
841217,Nayagaon,25.756445,85.07923500000001,112,,23900,18700
444006,Tajnapeth Akola,20.6923,76.96511000000001,112,,33000,25800
444004,Gandhinagar,20.67676,77.02104,112,,33000,25800
444002,Akola City,20.71348,76.961105,112,,33000,25800
444117,Mundgaon,21.028895,76.986055,112,,33100,25800
174307,Bangana,31.64694,76.34199,112,,52900,41300
444103,Hiverkhed Ruprao,21.156925,76.87010000000001,112,,33000,25800
410508,Dhamani,18.91779,74.06230500000001,112,,65500,51200
412115,Pirangut,18.509345,73.62629000000001,112,,65300,51000
410515,Kalamb,19.06065,73.95022,112,,65300,51000
444109,Vidyutnagar Paras,20.7709,76.827995,112,,33000,25800
174303,Una,31.489565,76.27598499999999,112,,52600,41100
442001,Wardha,20.7227,78.613795,112,,38300,29900
442111,Paunar,20.773595,78.65706,112,,37900,29600
391250,Sadhli,21.97387,73.28103999999999,112,,48400,37800
391107,Thuwavi,22.171155,73.35563,112,,48700,38000
800014,B.V. College,25.603905,85.08517499999999,112,,34800,27100
801102,Belhauri,25.369545,84.87340499999999,112,,34900,27300
124146,Sahlawas,28.493405000000003,76.48078000000001,112,,36700,28700
686578,Bharananganam,9.697645,76.729255,112,,66400,51800
800010,Sadaquat Ashram,25.640215,85.11409499999999,112,,34800,27200
800009,Begampur,25.556885,85.236245,112,,34800,27200
796004,Mizoram University,23.74175,92.65244,112,,60000,46800
361325,Raval,21.95491,69.522515,112,,40800,31900
800002,Anisabad,25.57774,85.09722500000001,112,,34900,27200
800001,Patna G.P.O.,25.61169,85.12812,112,,35000,27300
800013,Patliputra,25.625985,85.107695,112,,34800,27100
143102,Ajnala,31.851795000000003,74.738305,112,,46800,36500
683503,Hmt Colony,10.05601,76.34224,112,,80600,62900
176128,Chobin,31.97256,76.671865,112,,45500,35500
400701,Ghansoli,19.13363,73.00037499999999,112,,51200,39900
841214,Kopa Bazar,25.841365,84.63468,112,,23700,18500
577544,"Davanagere, Karnataka",14.2558835,75.8303421,112,,50300,39200
396150,Sanjan,20.21257,72.82388,112,,42500,33200
124104,Nehru College Jhajjar,28.5964461,76.6505366,112,,37300,29100
396439,Matvad,20.909325000000003,72.832315,112,,37000,28900
576113,Hiriadka,13.32303,74.871205,112,,43000,33600
387230,Pij,22.677155,72.81635,112,,54900,42800
396415,Dabhel,21.02895,72.94005,112,,37000,28900
124142,Bahu,28.477755,76.342995,112,,36800,28800
412206,Bhor,18.139015,73.745725,112,,65200,51000
124108,Machrauli,28.43737,76.65048,112,,36900,28800
581348,Manki,14.181305,74.51345,112,,42000,32700
581316,Aversa,14.773245,74.345345,112,,41600,32500
574241,Uppinangady,12.816669999999998,75.26212000000001,112,,55400,43300
581349,Mundgod,14.969365,74.976795,112,,42000,32800
841425,Bathubazar,26.492025,84.213975,112,,30300,23600
261302,Kamlapur,27.398275,80.811155,112,,26600,20700
575004,Bijai,12.89069,74.84969000000001,112,,55600,43400
410301,Khandala,18.771795,73.374135,112,,66000,51500
410504,Narayangaon,19.10159,74.08674500000001,112,,65700,51300
124109,Dhakla,28.483575,76.56708499999999,112,,36700,28700
412204,Supa,18.351765,74.37504,112,,65500,51200
412203,Kedgaon,18.45793,74.367875,112,,65300,51000
685595,Udumbannur,9.88819,76.8663,112,,63500,49600
209111,Pukhrayan,26.22821,79.828885,112,,29700,23200
685535,Viswanathapuram,9.65228,77.11049,112,,64100,49900
685584,Thodupuzha,9.891705,76.713355,112,,63800,49700
517592,Ekambarakuppam,13.3211,79.55433500000001,112,,48100,37500
680022,Thiruvambady TSR,10.53965,76.209415,112,,65900,51300
811301,Aliganj,24.939605,85.90722,112,,27500,21500
811213,Haweli Kharagpur,25.095285,86.48121,112,,60100,46800
581332,Herwatta,14.40768,74.443285,112,,42400,33000
842003,M.I.T.,26.14114,85.36472499999999,112,,33400,26100
364070,Koliyak,21.606255,72.26568,112,,37800,29500
416003,Kolhapur,16.718809999999998,74.247105,112,,52000,40500
585292,Malkhed Road,17.137355,77.16688500000001,112,,24600,19300
416002,Shaniwar Peth,16.706605000000003,74.223085,112,,51700,40300
828304,Malkera,23.779335,86.281045,112,,44800,35000
802134,Raghunathpur,25.532625,84.294665,112,,24000,18800
573127,Bykere,12.986305,75.790325,112,,44100,34400
364530,Vijpadi,21.242435,71.479265,112,,29700,23100
365460,Lunidhar,21.749045,71.13272,112,,29500,23000
572103,Kuvempunagara,13.333895,77.124195,112,,41500,32400
560013,Jalahalli,13.057015,77.54957,112,,86600,67500
560012,Science Institute,13.0222347,77.5671832,112,,86400,67300
275101,Mau,25.95111,83.556805,112,,25800,20200
560300,Bangalore International Airport,13.19751,77.70680999999999,112,,86900,67700
560091,Viswaneedam,12.98883,77.48582999999999,112,,87200,67900
560022,Yeswanthpura,13.02828,77.544265,112,,86300,67300
613203,Thillaisthanam,10.88084,79.05001,112,,40200,31400
410502,Junnar,19.21794,73.79816,112,,65600,51200
424306,Pimpalner,20.929865,74.06406999999999,112,,34900,27300
444111,Dahihanda,20.893775,77.06943,112,,33300,26000
152026,Muktsar,30.4655896,74.5209526,112,,44900,35000
412104,Rajewadi,18.42378,74.155665,112,,65400,51100
412103,Vadgaon Nimbalkar,18.092635,74.41551,112,,65400,51100
412202,Urulikanchan,18.4889,74.151925,112,,65400,51100
767061,Duduka,20.95967,83.441885,112,,35300,27600
686580,Teekoy,9.719175,76.84168,112,,66100,51600
683565,Kumarapuram,10.01185,76.408815,112,,80700,63000
176077,Bir,32.24839,76.88384500000001,112,,45700,35700
591301,Londa,15.43189,74.549655,112,,32500,25300
560055,Malleswaram West,13.0119,77.560765,112,,86500,67400
431512,Basmathnagar,19.36981,77.144435,112,,26400,20600
711112,Gip Colony,22.593005,88.290845,112,,50200,39100
734006,Rabindra Sarani,26.713045,88.452985,112,,27200,21300
326502,Bhawanimandi,24.40613,75.86678,112,,29900,23300
642001,Pollachi,10.667705000000002,77.00514000000001,112,,71200,55600
524124,Sriharikota Range,13.690275,80.165415,112,,40000,31300
782123,Dhing,26.467615,92.4833,112,,28200,22000
782482,Bakalighat,25.971465,93.23367,112,,23700,18500
782481,Howraghat,26.112875000000003,93.063755,112,,24000,18700
784010,Tezpur Medical College,26.68421,92.642945,112,,30800,24000
560015,Jalahalli West,13.05531,77.52526499999999,112,,86300,67300
781128,Palashbari,26.13272,91.558495,112,,29500,23000
342309,Peelwa,26.836305,72.480535,112,,52800,41100
783337,Sapatgram,26.287505,90.036235,112,,27000,21000
784001,Tezpur,26.620565,92.79617,112,,30500,23800
783392,Manikpur,26.422575,90.807985,112,,33200,26000
642103,Ambarampalayam,10.61226,76.88456500000001,112,,70800,55300
560041,Jayanagar,12.921135,77.58971,112,,86800,67600
560050,Banashankari,12.94404,77.55588,112,,85500,66800
560110,Ullalu Upanagar,12.949985,77.47905,112,,85900,67100
560109,Thalaghattapura,12.86359,77.52537000000001,112,,87100,67800
783336,Bhowraguri,26.45676,90.080725,112,,26900,21000
523335,Ardhaveedu,15.67366,78.885595,112,,44600,34800
523331,Pedda Dornala,15.936215,79.018365,112,,44700,34900
144805,CRPF Campus Sarai Khas,31.40191,75.50709499999999,112,,51100,39800
209115,Rajpur,26.29856,79.67174,112,,29800,23200
521126,Challapalli,16.12291,80.911765,112,,52400,40900
425426,Visarwadi,21.11989,73.966485,112,,22900,17900
781305,Chenga,26.274715,91.17798,112,,29400,22900
522310,Appikatla,15.98272,80.512445,112,,47400,37000
670310,Ezhimala Naval Academy,12.037765,75.19481999999999,112,,46500,36300
560054,Msrit,13.033025,77.55713499999999,112,,86500,67400
670601,Kolacherry,11.96144,75.412365,112,,46300,36200
673641,Kuzhimanna,11.183795,76.01667499999999,112,,47200,36800
587124,Sulebhavi,16.009255,75.90937,112,,31200,24400
272128,Bishesharganj,26.703115,82.45791,112,,27700,21600
444108,Telhara,20.989965,76.86314,112,,33100,25800
444106,Mana,20.759975,77.522265,112,,33000,25800
444101,Akot,21.083825,77.089125,112,,33400,26100
444311,Nimba,20.84511,76.779225,112,,33100,25800
444126,Adgaon Bk,21.113645,76.959835,112,,33100,25800
442003,Hindinagar,20.729485,78.59525500000001,112,,38300,29900
521135,Movva,16.228,80.92457,112,,52200,40700
560053,Chickpet,12.969375,77.574345,112,,85600,66900
412412,Pimpalwandi,19.1647,74.04245499999999,112,,65900,51400
600010,Kilpauk,13.08463,80.23932500000001,112,,75000,58600
560062,Doddakallasandra,12.883175,77.56461,112,,87200,67800
560061,Subramanyapura,12.902155,77.54269500000001,112,,86600,67500
802208,Sahar,25.256545000000003,84.59751499999999,112,,25200,19700
560079,Basaveshwaranagar,12.98702,77.53327,112,,86000,67100
560086,Mahalakshmipuram Layout,13.006665,77.53989,112,,86300,67300
852129,Sonbersa Raj,25.683145,86.72695999999999,112,,30700,23900
560098,Rajarajeshwarinagar,12.911275,77.517055,112,,86200,67200
522265,Repalle,16.0237,80.84516500000001,112,,47900,37300
800004,Bankipore,25.62219,85.15897000000001,112,,34800,27200
800003,Kadamkuan,25.609735,85.151965,112,,34900,27300
591307,Gokak,16.141045,74.81759,112,,32500,25300
560094,R.M.V. Extension II Stage,13.03714,77.57244,112,,87100,67800
560112,Kodigehalli,12.973115,77.45731,112,,86200,67200
591340,Nerli,16.245265,74.53715,112,,32100,25100
591239,Sadalga,16.522465,74.534625,112,,32100,25100
591303,Ainapur,16.67334,74.928235,112,,32300,25200
425414,Dhadgaon,21.807805,74.23988,112,,22900,17900
522305,Pedapalem,16.388865,80.675295,112,,47500,37000
560096,Nandinilayout,13.014165,77.53619,112,,86100,67200
D263669,"Tikamgarh, Madhya Pradesh · D263669",24.8552105,79.0472546,111,,44400,34800
D838687,"Ratnagiri, Maharashtra · D838687",17.2826079,73.4569787,111,,45300,35400
580032,Hubli Vijayanagar,15.393385,75.13907,111,,43100,33800
396460,Panar,20.818685,72.87739,111,,36400,28500
124506,Mandothi,28.70649,76.84086500000001,111,,36300,28500
124508,Bahadurgarh Mandi,28.662875,76.86344500000001,111,,36200,28300
394210,Udhna,21.134995,72.862105,111,,54600,42900
124105,Badli,28.574,76.815355,111,,36100,28300
124103,Jhajjar,28.568685,76.66751500000001,111,,36500,28600
411044,P.C.N.T.,18.658245,73.771195,111,,65200,51000
411045,N.I.A.,18.568150000000003,73.75637,111,,64400,50400
411046,Katraj,18.43369,73.85905,111,,64600,50600
576217,Hanglur,13.614305,74.715305,111,,41900,32900
411061,Pimple Gurav,18.591695,73.81902500000001,111,,64100,50300
411062,Rupeenagar,18.689735,73.807355,111,,65000,50800
411043,Dhankawadi,18.472355,73.85304,111,,63800,50100
442501,Chandrapur Ord Fact,20.149325,79.193175,111,,32700,25600
442901,Ballarpur Paper Mill,19.878945,79.31717,111,,32600,25600
581363,Ambikanagar,15.15627,74.705235,111,,41200,32300
581362,Kumta Kanara College Road,14.50611,74.51821000000001,111,,41300,32300
394180,Kamrej,21.27893,73.00933,111,,54900,43000
576224,Navunda,13.759055,74.69852,111,,41900,32900
576225,Saligrama,13.51441,74.7298,111,,42800,33400
575003,Kodiyalbail,12.88048,74.83765,111,,54500,42700
575005,Kulshekar,12.884495,74.877195,111,,54800,42900
574239,Sullia,12.55346,75.351775,111,,55000,43100
572126,Kempanahalli,12.96119,77.10707500000001,111,,40900,32000
572129,Koratagere,13.498115,77.25781,111,,41000,32000
574279,Kanyana,12.73711,75.02882500000001,111,,54500,42700
841225,Pratapur,25.776695,84.94869,111,,23200,18100
517561,Kattakindavenkatapuram,13.535105,79.386775,111,,47300,37000
805110,Nawadha,24.889985,85.55066,111,,23000,18000
805111,Babhnaur,24.864965,85.51526000000001,111,,22900,18000
364240,Sihor,21.687055,71.94372999999999,111,,37100,29100
584136,Kalmala,16.192315,77.15939,111,,33600,26300
584139,Gurgunta,16.29724,76.653025,111,,33300,26200
584128,Sindhanur,15.733,76.78977,111,,33700,26400
583282,Sriramnagar,15.47703,76.62619000000001,111,,36000,28200
412205,Khed Shivapur Baug,18.276925,73.864085,111,,65200,51000
412207,Vagholi,18.596695,74.14952,111,,64600,50600
412112,Dasve Lavasa,18.41211,73.5054,111,,64700,50700
412201,Loni Kalbhor,18.48128,74.04416,111,,64400,50500
412208,Talegaon Dhamdhere,18.70135,74.128015,111,,65200,51000
412219,Madhukarnagar Patas,18.42583,74.460455,111,,64200,50300
680515,Edakkaliyur,10.622445,75.993295,111,,64500,50400
517641,Thondamanadu,13.69024,79.66438,111,,46800,36700
444102,Borgaon Manju,20.708555,77.21173999999999,111,,32500,25400
444104,Krishinagar Akola,20.694325,77.076235,111,,32700,25600
271875,Risia,27.705875,81.59522000000001,111,,30400,23800
271881,Rupaidiha,27.97167,81.60881,111,,30000,23500
271882,Matera RS,27.767815,81.52583,111,,30300,23700
676542,Mampad,11.25215,76.17000999999999,111,,46200,36200
676551,Kalpakancheri,10.93046,75.97281000000001,111,,45900,36000
521121,Avanigadda,16.01982,80.908645,111,,51000,40000
444003,Shivaji Park Akola,20.803115,77.10141,111,,32800,25600
442507,H.L.C.,19.8966,79.289815,111,,32600,25600
444005,Jatherpeth Akola,20.73669,77.056185,111,,32900,25700
387560,Radhu,22.70392,72.592025,111,,53100,41600
387570,Ratanpur,22.710515,72.71209999999999,111,,53000,41600
384410,Balol,23.535400000000003,72.233045,111,,34100,26700
442917,Awalpur Cement Project,19.81959,79.152785,111,,32600,25600
741102,Saktinagar,23.368695,88.49625,111,,27600,21700
277504,Sohaon,25.642845,84.02221,111,,27700,21700
412402,Vada,19.0206,73.66346,111,,64200,50300
412403,Pabal,18.801815,74.060325,111,,64100,50300
412404,Kadus,18.926555,73.76443499999999,111,,64200,50300
412405,Avsari KH,18.967820000000003,73.96412000000001,111,,64500,50500
412406,Avasari BK,18.97289,74.09051,111,,64100,50300
412220,MIDC Ranjangaon Ganpati,18.79584,74.26972,111,,64600,50600
534313,Devarapalli,17.013375,81.54903999999999,111,,46700,36600
626205,Uppathur,9.265294999999998,77.938755,111,,42000,32800
477001,Bhind,26.53331,78.769395,111,,31600,24700
483501,Katni,23.847095000000003,80.38617500000001,111,,24100,18900
176038,Daulatpur,32.05394,76.26199500000001,111,,45400,35500
176200,Bhadwar,32.303865,75.9666,111,,44500,34900
176319,Pukhri,32.687235,76.16552999999999,111,,35700,27900
431516,Sonpeth,19.041085,76.520635,111,,26000,20400
524222,Duthalur,14.8622,79.422895,111,,39200,30700
412214,Yavat,18.5139,74.271015,111,,64600,50600
800026,B.H.Colony,25.593535,85.17699,111,,33800,26500
754136,Kanakpur,20.25786,86.298915,111,,25400,19900
752104,Pipili,20.11022,85.836685,111,,26300,20600
486450,Jaypee Nagar,24.55933,81.20289,111,,33500,26300
532407,J.R.Puram,18.190185,83.701655,111,,40500,31800
532410,Etcherla,18.2926,83.841655,111,,40500,31700
626202,Nenmeni,9.323035,78.02784,111,,41900,32800
533295,Maredumilli,17.655340000000002,81.73777000000001,111,,42900,33700
533428,Addatigala,17.505094999999997,82.01304,111,,42900,33700
412215,Varvand,18.478475,74.421675,111,,64200,50300
412218,Malthan,18.88467,74.182315,111,,64200,50300
843105,Dholi,25.97413,85.54862,111,,32700,25600
416413,Umadi,17.180235,75.51756,111,,41100,32100
800027,New Jaganpura,25.577115,85.149685,111,,33800,26600
533293,Torredu,17.09918,81.75037499999999,111,,43600,34100
784522,Khoirabari,26.609385000000003,91.81155,111,,30400,23900
670104,Cherakkara,11.75701,75.4992,111,,45500,35600
784028,Napaam,26.695965,92.83624,111,,29500,23100
560026,Governmemnt Electric Factory,12.94836,77.53249,111,,85100,66500
560029,Basavanagudi,12.937,77.5763,111,109.0,84000,65900
560021,Srirampuram,12.995435,77.562445,111,,84600,66200
560023,Magadi Road,12.97521,77.558525,111,,84800,66300
600003,Park Town,13.091584999999998,80.274935,111,,74500,58300
412301,Saswad,18.338705,73.984335,111,,64200,50300
403206,Goa University,15.450525,73.83971,111,,69600,54500
783124,Dudhnoi,25.990335,90.803675,111,,28200,22000
782139,Salana,26.452655,92.993505,111,,23400,18300
784509,Udalguri,26.75518,92.125465,111,,30800,24100
784111,Darrang Panbari,26.852195,92.443515,111,,29800,23300
784510,Harisinga,26.76604,92.0103,111,,30600,24000
784514,Lalpul Bazar,26.65674,92.18484,111,,30900,24200
441221,Talodhi Balapur,20.45647,79.667735,111,,32600,25600
441222,Sindewahi,20.35157,79.728395,111,,32700,25600
441226,Bembal,19.910305,79.71205,111,,32700,25600
441206,Bramhapuri,20.517885,79.85977500000001,111,,32700,25600
462010,Sikandri Sarai,23.341885,77.505725,111,,42400,33300
473638,Katthamil Shivpuri,25.42728,77.69692,111,,18600,14600
734007,Bhaktinagar,26.68567,88.43526,111,,26700,20900
444402,Shelubazar,20.374705,77.234235,111,,32600,25500
534250,Lankalakoderu,16.529575,81.67953,111,,46000,36100
412303,Jejuri,18.297425,74.17572,111,,65100,50900
412304,Morgaon,18.236465000000003,74.315095,111,,64700,50600
412305,Valha,18.218125,74.201955,111,,64700,50600
412306,Someshwarnagar,18.131905,74.29619,111,,64600,50600
412213,Nasrapur,18.270445,73.790575,111,,64100,50300
534227,Mortha,16.80453,81.71081000000001,111,,46200,36200
600002,Anna Road,13.068965,80.268685,111,,74500,58300
413103,Bawada,17.96591,74.998785,111,,64400,50500
413104,Bhavaninagar,18.145745,74.750205,111,,64300,50400
413105,Bhigwan R S,18.319365,74.80685,111,,64200,50400
413106,Indapur,18.13505,75.04285,111,,64300,50400
413133,MIDC Baramati,18.206335,74.62249,111,,64300,50400
413004,Indiranagar,17.648645000000002,75.89970500000001,111,,34200,26800
600093,Saligramam,13.052885,80.202965,111,,74500,58300
600007,Vepery,13.087875,80.25909,111,,74400,58200
412408,Ghodegaon,19.065585,73.82008,111,,64200,50300
412409,Otur,19.295070000000003,73.947165,111,,64200,50300
412410,Belha,19.133355,74.17488,111,,64200,50300
412411,Ala,19.202515,74.115715,111,,64200,50300
412311,Parinche,18.21878,74.042865,111,,64600,50600
412312,Veer,18.149145,74.06053,111,,64600,50600
413114,Walchandnagar,18.01819,74.84580500000001,111,,64300,50400
413102,Baramati,18.157875,74.5956,111,,64300,50400
431536,Ranisawargaon,18.88586,76.90434,111,,26100,20400
768102,Larambha,21.28881,83.87360000000001,111,,33500,26200
412101,Dehu Road Cantt,18.67704,73.73435,111,,64600,50600
412102,Nira R S,18.12935,74.179145,111,,64600,50600
307512,Dantrai,24.745735,72.50874999999999,111,,30100,23600
515455,Rayalacheruvu,15.034295,77.77904000000001,111,,46000,36000
176208,Rait,32.163875000000004,76.20545000000001,111,,45300,35400
176210,Harchakian,32.16027,76.10319,111,,45200,35300
643005,Indunagar,11.46181,76.66672,111,,79600,62300
132114,Gharunda,29.54454,76.99907999999999,111,,41300,32300
643007,Dr. Basuviah Nagar,11.45465,76.70553000000001,111,,78500,61600
522657,Vellatur,16.14406,79.62949,111,,46100,36200
522415,Gurazalla,16.556939999999997,79.60377,111,,46200,36200
846002,S.H.M.C,26.06754,85.90619000000001,111,,24800,19400
768200,Sasan Rs,21.524885,84.09985,111,,51000,40000
332031,Koodan,27.76946,75.20279500000001,111,,39600,31100
444107,Murtizapur,20.712135,77.353335,111,,32900,25700
442918,Pombhurna,19.908375,79.59231,111,,32700,25600
444001,Akola,20.70597,77.01515,111,,32900,25700
444302,Balapur,20.62485,76.852705,111,,32800,25600
442106,Kharangna,20.95563,78.44045,111,,37700,29500
441914,Andhalgaon,21.378445,79.598075,111,,28700,22500
442503,Shivjinagar,20.109425,79.04154,111,,32600,25600
442303,Pulgaon Camp,20.715805,78.34709,111,,37200,29200
670721,Panamaram,11.7151291,76.1271185,111,,39000,30500
521122,Gandhikshetram,16.029265,80.96663000000001,111,,50900,39900
125053,Bhattu Kalan,29.36097,75.366445,111,,39200,30600
361335,Dwarka,22.221595,69.06881,111,,39900,31300
361345,Mithapur,22.39174,69.0075,111,,40000,31400
587119,Hunnur,16.5295,75.253535,111,,30700,24000
272175,Khalilabad,26.755082,83.0398545,111,,24800,19400
442701,Ballarpur,19.789395,79.463015,111,,32700,25600
311404,Shahpura Raj,25.60743,74.931355,111,,43500,34100
311408,Upreda,25.61061,74.723445,111,,43300,34000
177031,Raipur,31.448535,76.40706499999999,111,,52400,41000
307511,Anadra,24.69425,72.70270500000001,111,,30200,23700
782486,Hamren,25.74655,92.52339,111,,23400,18300
783120,Agia,26.039605,90.501585,111,,28100,22000
522316,Patsalatadiparru,16.107174999999998,80.531715,111,,46000,36100
522413,Piduguralla,16.513514999999998,79.887775,111,,46200,36200
600009,Fort St George,13.076645,80.28606500000001,111,,74700,58400
370040,Sukhpar,23.2006,69.50090499999999,111,,39100,30600
370105,Kukma,23.180095,69.82352,111,,38400,30200
413110,Pandhare,18.15772,74.43876,111,,64400,50400
125111,Bhuna,29.5309,75.744995,111,,38500,30200
853202,Karik Bazar,25.372845,87.00966,111,,32300,25300
802202,Agiaon Bazar,25.356285,84.32806500000001,111,,24800,19400
560078,JP Nagar,12.9044,77.5856,111,107.0,84900,66400
410511,Shiroli B K,19.19902,73.92632,111,,65200,51000
520012,Kamakotinagar,16.56772,80.608695,111,,51900,40500
585443,Mudhol,18.26274,77.290925,111,,22800,17900
585326,Aurad,18.249475,77.44967,111,,23200,18100
442906,Segaon,20.39761,79.227445,111,,32700,25600
442907,Warora,20.323775,78.961895,111,,32700,25600
442702,Gondpipri,19.69228,79.634815,111,,32700,25600
442403,Babupeth,19.952,79.378615,111,,32600,25600
412109,Dehu,18.71588,73.7453,111,,65200,51000
683594,Puthenvelikkara,10.175115,76.26442499999999,111,,78300,61500
686512,Parathode,9.568425,76.836345,111,,64600,50700
517507,Tirupati North,13.67634,79.42704,111,,46500,36500
412107,Panshet,18.34156,73.56205,111,,64900,50800
410501,Chakan,18.802375,73.80990499999999,111,,65200,50900
410507,Talegaon G H,18.78049,73.697475,111,,65200,51000
410510,Loni Dhamani,19.0799,74.00886,111,,64900,50800
391310,Bajwa,22.365305,73.1373,111,,47000,36900
800012,Digha,25.67421,85.074705,111,,34300,26900
143022,Kot Mit Singh,31.55273,74.8962,111,,45900,35900
143103,Chamiari,31.863745,74.85918000000001,111,,44900,35300
306308,Balunda,26.343385,73.87844999999999,111,,31900,25100
686579,Plassanal,9.716645,76.75631,111,,65000,50900
683542,Perumbavoor,10.11373,76.48041,111,,79400,62100
517501,Tirupati,13.63184,79.436365,111,,46400,36400
271901,Jarwal Road,27.126515,81.54845499999999,111,,30100,23600
124202,Dubaldhan,28.709355,76.47375,111,,36600,28600
271904,Jarwal,27.1752,81.53653,111,,29900,23500
272001,Basti,26.799705,82.752505,111,,27300,21400
125033,Hansi,29.125995000000003,76.010345,111,,34700,27200
124201,Beri,28.709205,76.57715999999999,111,,36600,28600
361330,Bet,22.44969,69.11712,111,,40400,31600
802161,Narhi Chandi,25.54281,84.73947000000001,111,,24500,19200
521107,Mustabad,16.54727,80.71909500000001,111,,51800,40500
680513,Toyakkavu,10.506615,76.080975,111,,63500,49800
673616,Chelannur,11.36214,75.801445,111,,52200,40900
410512,Peth,18.94747,73.88205500000001,111,,64700,50600
410513,Chas,18.95165,73.82688999999999,111,,64900,50800
410503,Manchar,19.012385,73.943985,111,,65200,51000
843104,Chandanpatti,25.902055,85.60413,111,,33000,25800
841423,Sidhwalia,26.396385,84.67685499999999,111,,29500,23200
413116,Shivnagar,18.07442,74.58361,111,,64300,50400
413120,Nimgaon Ketki,18.063055,74.970315,111,,64300,50400
413130,Bhigwan,18.3178,74.730805,111,,64300,50400
413132,Palasdeo,18.198085,74.94611499999999,111,,64300,50400
573135,Shravanabelagola,12.835895,76.48235,111,,43100,33800
581351,Gudeangadi,14.47692,74.38062,111,,40900,32000
305021,Karel,26.57191,74.586095,111,,38100,29800
521131,Lakshmipuram,16.13228,80.99575,111,,50700,39800
361350,Okha,22.448735,69.03774,111,,40000,31400
442903,Chimur,20.402645,79.414295,111,,32700,25600
441906,Bhandara Of,21.149435,79.567575,111,,28700,22500
413115,Malegaon BK,18.09899,74.49596,111,,64300,50400
364295,Bhadrod,21.205415,71.84063,111,,37600,29400
364310,Vallabhipur,21.94697,71.936845,111,,37700,29500
573124,Hirisave,12.947275,76.58062,111,,43000,33700
572136,Palavalli,14.23134,77.38038,111,,40800,31900
572107,M C Campus Tumkur,13.375575,77.01298,111,,40300,31600
572114,Biligere,13.30947,76.636075,111,,40100,31500
364505,Gariyadhar,21.530395,71.588525,111,,37300,29300
583281,Hanamsagar,15.89725,76.02392499999999,111,,35400,27800
413801,Daund,18.422195,74.611435,111,,64200,50300
413802,MIDC Kurkumbh,18.33653,74.57295500000001,111,,64200,50300
413522,Aurad Shahajani,18.03432,76.89309,111,,41300,32300
362130,Visavadar,21.27767,70.78754,111,,37900,29700
462002,Vidya Vihar,23.236145,77.37823499999999,111,,42300,33200
176052,Yol Camp,32.19949,76.432885,111,,45300,35400
691011,Eravipuram,8.858575,76.622095,111,,60500,47500
533401,Tuni,17.348010000000002,82.52245500000001,111,,43300,33900
626607,Narikudi,9.609245,78.27919,111,,41600,32600
626612,Viracholan,9.59041,78.353665,111,,41900,32800
626117,Rajapalayam,9.489529999999998,77.50816499999999,111,,41900,32800
533445,Gollaprolu,17.174059999999997,82.26857,111,,42900,33600
761004,Patrapur,19.12977,84.57978499999999,111,,24300,19100
755009,Kabirpur,20.80709,86.23810499999999,111,,25300,19800
411017,Pimpri Colony,18.61053,73.79733,111,,63900,50100
411019,Chinchwad East,18.648445,73.80601,111,,64400,50500
411039,Bhosarigoan,18.63203,73.85542,111,,64700,50600
784523,Panerihat,26.7878,91.89531,111,,30800,24100
784528,Purana Tangla,26.63052,91.8773,111,,30900,24200
462038,M.L. Nagar,23.339405,77.416155,111,,42600,33400
531115,Nathavaram,17.541505,82.45121499999999,111,,55700,43600
533241,Mukkamala,16.629959999999997,81.96673999999999,111,,42700,33600
533223,Kothapeta,16.72824,81.911385,111,,42800,33600
532264,Baruva R S,18.935295,84.50197,111,,41200,32200
752107,Nayahat,20.017115,86.15957,111,,26100,20500
691012,Thirumullavaram,8.89519,76.56215,111,,60600,47500
757106,Salchua,21.425435,86.45677,111,,27900,21900
757050,Hatbadra,22.17563,86.14586,111,,28000,22000
394120,Kosamba,21.463855,72.967145,111,,55300,43300
784117,Sirajuli,26.63261,92.38223,111,,29800,23300
852116,Puraini Bazar,25.60904,87.00155000000001,111,,29600,23200
852122,Murliganj,25.882745,86.983565,111,,29500,23100
626105,Kallurani,9.48585,78.158305,111,,41500,32500
127310,Jhojhu,28.47422,76.130075,111,,54600,42900
533288,Rampachodavaram,17.429365,81.714635,111,,42900,33700
533263,Dangeru,16.73557,82.10469499999999,111,,43500,34100
D711895,"Mau, Uttar Pradesh · D711895",26.0390905,83.4985846,110,,43700,34400
394320,Sevni,21.222625,73.083365,110,,53600,42200
843102,Bariarpur,25.923125,85.48535,110,,32100,25300
841215,Maker,25.963895,85.03182,110,,22600,17800
841216,Naraon,25.762625,84.88545500000001,110,,22900,18000
261402,Naimisharanya,27.34294,80.49717000000001,110,,25800,20300
581201,Amminabhavi,15.591995,75.123225,110,,42100,33200
246439,"Rudraprayag, Uttarakand",30.4915835,79.0366067,110,,44000,34500
246488,"Garhwal, Uttarakand",30.25,79.333333,110,,43700,34400
575008,Konchady,12.915925,74.86706000000001,110,,53600,42100
575010,Panambur,12.920195,74.81873,110,,53600,42200
574313,Ishwaramangala,12.60514,75.23789,110,,53500,42100
249401,"Haridwar, Uttarakand",29.9123514,78.0087178,110,,43700,34400
581207,Aralikatti,15.201605,75.149675,110,,42200,33200
581196,Mishrikoti,15.22284,75.061005,110,,42900,33700
121008,Faridabad Sector 29,28.433335,77.31762,110,,87900,69300
121010,Nhpc Colony Faridabad,28.454815,77.293605,110,,88600,69700
121012,Sector-21D,28.42336,77.291015,110,,88400,69600
121013,Sec-91,28.476285,77.3339,110,,88400,69600
121102,Palwal,28.163525,77.33202,110,,88400,69600
121103,Hathin,28.044025,77.21421000000001,110,,88800,69800
249131,"Tehri Garhwal, Uttarakand",30.4658181,78.4837349,110,,43900,34500
121003,Amarnagar,28.464615,77.326955,110,,88700,69800
121006,Faridabad Sector 7,28.362715,77.34415,110,,88200,69400
814120,Ghormara,24.41828,86.92132000000001,110,,30900,24200
802207,Piru,25.32716,84.440775,110,,24200,19000
831002,Tatanagar,22.73202,86.15015,110,,35800,28200
571121,Sargur,11.89695,76.41540499999999,110,,51700,40700
584138,Balaganur,15.935505,76.764745,110,,32700,25800
804417,Jehanabad R.S.,25.224995,84.994895,110,,26400,20800
814110,Shivpahar,24.350395,87.192475,110,,30600,24000
362530,Girgadhda,20.936265,70.874015,110,,36900,29100
570019,Udayagiri,12.3386,76.69599500000001,110,,51500,40600
570026,Bogadi,12.251135,76.51326,110,,52200,41000
570009,Saraswathipuram,12.30176,76.621555,110,,52100,41000
570010,Ittigegud,12.259175,76.752325,110,,52100,41000
570029,Shakthinagar,12.31987,76.702815,110,,51700,40700
362135,Sasan Gir,21.157255,70.62841,110,,37000,29100
802204,Hasan Bazar,25.271315,84.341215,110,,24300,19100
816115,Sakrigali Ghat,25.239385,87.72048,110,,21300,16800
442904,Neri,20.43963,79.526365,110,,32500,25500
442908,Chandur,19.679925,79.11031,110,,32400,25400
442914,Anandwan,20.31316,79.064085,110,,32400,25500
442703,Allapalli,19.496995,80.110075,110,,35200,27600
570031,J.P.Nagar,12.24979,76.64414,110,,52000,40900
571101,Bannur,12.353455,76.85753,110,,51500,40600
571102,Bettadapura,12.447405,76.08736999999999,110,,51700,40700
571104,Bylakuppe,12.423305,75.97771,110,,51600,40600
272123,Bankati Bazar,26.685475,82.88674499999999,110,,26600,20900
127306,Charkhi  Dadri Hsg-ii,28.580765,76.306165,110,,54300,42600
125077,Odhan,29.70237,74.93556,110,,51300,40400
442916,Vansadi,19.74555,78.98949999999999,110,,32600,25600
442704,Ettapalli,19.73653,80.36014,110,,35200,27600
175017,Slapper,31.40326,76.890855,110,,42600,33600
322252,Suroth,26.7665,77.21252,110,,56900,44700
442603,Chamorshi,19.900265,79.96793,110,,35200,27600
522306,Nandivelugu,16.29858,80.670025,110,,45900,36000
643201,Aravenu,11.37598,76.880515,110,,76800,60500
643202,Aruvankadu,11.37123,76.761485,110,,77800,61200
522315,Machavaram,16.024105,80.52616,110,,45800,35900
522301,Anantavaram,16.243634999999998,80.761455,110,,45800,35900
641653,Annur,11.240145,77.108135,110,,67600,53200
641654,Avanash,11.203765,77.270145,110,,68100,53500
673302,Kadalundi,11.137695,75.831925,110,,50700,40000
209861,Ganga Ghat,26.515745,80.36607000000001,110,,23400,18400
521136,K.P.Centre,16.24897,80.939885,110,,50700,39800
425423,Vadali,21.461755,74.6354,110,,22000,17300
425411,Ranala,21.371175,74.407555,110,,22100,17400
431154,Shendra MIDC Area,19.90535,75.53684,110,,36200,28500
431117,Ajantha,20.50635,75.763795,110,,36300,28600
431118,Phardapur,20.59718,75.74137999999999,110,,36300,28600
431120,Soegaon,20.55934,75.563265,110,,36300,28600
431103,Kannad,20.287505000000003,75.09518,110,,36200,28500
431104,Pishore,20.28862,75.33704,110,,36200,28500
431105,Bidkingaon,19.655945000000003,75.366925,110,,36200,28500
670304,Madayi,12.020355,75.239845,110,,44800,35200
522235,Pedanandipadu,16.066995,80.31994499999999,110,,45500,35800
670645,Mananthavady,11.773924999999998,75.97395,110,,38300,30100
670511,Cherupuzha,12.278255,75.39281,110,,44000,34700
670303,Payangadi,12.03748,75.2723,110,,44900,35300
306603,Nadol,25.34593,73.48734999999999,110,,31200,24600
683521,Vadakkumpuram,10.176555,76.22478000000001,110,,76900,60600
517326,Madanapalle Bazar,13.565865,78.480435,110,,46300,36400
682302,Ambalamugal,9.96872,76.382145,110,,76800,60500
517429,Mogili Venkatagiri,13.139125,78.87054499999999,110,,46200,36300
176083,Bhawarna,32.034465,76.489945,110,,44000,34600
431115,Deogaon Rangari,20.06842,74.96178499999999,110,,36400,28600
431116,Shivar,20.092795,74.82019,110,,36300,28600
783333,Dingdinga,26.376995,89.911505,110,,26000,20400
783335,Agomoni,26.245495,89.7824,110,,26300,20700
423702,Lasur Station,19.879705,75.03867,110,,36200,28500
423703,Parsoda,19.95838,74.872795,110,,36200,28500
784521,Tangla,26.66163,91.937685,110,,30300,23800
784150,Besseria,26.650975000000003,92.73678,110,,29200,23000
524127,Yellasiri,13.9213,80.022925,110,,38200,30100
524121,Sullurpeta,13.690755,80.00651500000001,110,,38400,30200
332405,Shishu,27.58877,75.33138,110,,39100,30700
768103,Remunda,21.26461,83.794005,110,,32600,25700
641652,Anuppapalayam,11.154855,77.30920499999999,110,,68300,53700
643203,Balacola,11.323695,76.68420499999999,110,,78200,61500
643204,Chamraj Estate,11.294595,76.6746,110,,77600,61000
643003,Lovedale,11.345715,76.679835,110,,77200,60800
783331,Gauripur,26.136425,89.953105,110,,26300,20700
783388,A.P.Mill,26.244765,90.547645,110,,31800,25000
431114,Bhokardan,20.273855,75.81112999999999,110,,28400,22400
425413,Taloda,21.62501,74.172935,110,,22300,17500
311030,Rupaheli,25.74536,74.65944999999999,110,,42600,33500
311203,Piplund,25.519945,75.27771,110,,42300,33300
690531,Puthiyavila,9.21849,76.474345,110,,61300,48200
768052,Dunguri Lsq Colony Campus,21.666275,83.62147,110,,33300,26100
768033,Sohella,21.32075,83.418785,110,,33100,26000
765034,Jaganathpur,18.97392,83.75656000000001,110,,26300,20700
144801,Kartarpur,31.47366,75.543555,110,,48200,38000
423701,Vaijapur,19.843955,74.75316000000001,110,,36200,28500
783122,Damra,25.93707,90.76004,110,,27100,21300
431107,Paithan,19.48214,75.415165,110,,36300,28600
425503,Faizpur,21.170445,75.82264,110,,35000,27500
431111,Phulmbri,20.094075,75.438635,110,,36300,28600
431112,Sillod,20.41611,75.688755,110,,36300,28600
431113,Bharadi,20.40128,75.49162000000001,110,,36400,28700
524408,Rapur,14.24981,79.561965,110,,38300,30200
212600,"Fatehpur, Uttar Pradesh · 212600",25.8348023,80.9154547,110,,43300,34100
635114,Mathagondapalli,12.646325,77.73846499999999,110,,46600,36500
635109,Hosur,12.736675,77.838165,110,,46200,36300
632520,Melpadi,13.079275,79.28378000000001,110,,44000,34600
785008,Cinnamara,26.70193,94.228605,110,,38200,30000
422005,H P T College,20.00019,73.75581,110,,37200,29200
784524,Hatigarh,26.83989,91.91291,110,,30100,23700
474020,Maharajpura A.F.,26.29351,78.23352,110,,35900,28300
411033,Chinchwadgaon,18.628845,73.74097499999999,110,,63600,49900
411034,Kasarwadi,18.60311,73.82234,110,,63200,49700
627853,Nallur,8.87986,77.527905,110,,47000,37000
627804,Idaikal,9.022215,77.32624,110,,47000,37000
524410,Kadivedu,14.05708,79.90382,110,,38200,30100
524406,Chennur,14.163155,79.77862999999999,110,,38300,30100
524407,Sydapuram,14.193145,79.71755,110,,38300,30100
411013,Hadpsar I.E.,18.505075,73.91556499999999,110,,62400,49200
388340,Mogar,22.51943,73.022595,110,,52000,41000
411015,Dighi Camp,18.60236,73.882825,110,,62700,49400
688534,Aroor,9.874015,76.3065,110,,61100,48100
515144,Bukkapatnam,14.17453,77.84767,110,,44400,34900
176037,Sunhi,32.035445,76.309985,110,,43700,34400
176094,Jalag,31.97815,76.564475,110,,43900,34600
176026,Lanj,32.082840000000004,76.1433,110,,43500,34300
641670,Karavalur,11.20581,77.19346,110,,67900,53400
530048,Madhurawada,17.829175,83.33857,110,,53900,42400
523115,Peda Pavani,15.009985,79.846985,110,,42800,33600
523002,Lawyer Pet,15.48999,79.99257499999999,110,,42300,33400
767066,Kholan,20.231285,83.097925,110,,34100,26800
431135,Sillod Sakhar Karkhana,20.227315,75.65105,110,,36200,28500
431137,Bihamandwa,19.452505,75.57297,110,,36200,28500
411012,Dapodi,18.586715,73.82809499999999,110,,62800,49400
627852,Ayikudi,9.00421,77.339545,110,,47000,36900
222148,Leorua,25.67703,83.015375,110,,24800,19500
127307,Achina,28.643645,76.38635,110,,54100,42500
127308,Badhara,28.50585,75.93810500000001,110,,54400,42700
127309,Manheru,28.70907,76.23783,110,,54200,42600
127035,Jamalpur,28.97372,75.94004,110,,54200,42600
127040,Tosham,28.835655,75.863575,110,,54200,42600
127041,Mundhal Khurd,29.007175,76.14245500000001,110,,54200,42600
752105,Balanga,20.036585,85.89514,110,,25300,20000
768217,Belpahar Rs,21.804615,83.82123,110,,51000,40000
768214,Laida,21.71828,84.19786500000001,110,,49900,39300
691013,Kollam Cutchery,8.887545,76.576885,110,,59800,47000
345001,Jaisalmer,27.03485,70.45996,110,,41000,32300
533274,Gopalapuram,16.666155,81.83987,110,,42000,33100
533212,Katrenikona,16.57499,82.214005,110,,42600,33500
533264,Kutukuluru,16.879475,81.968215,110,,42500,33400
411027,Aundh Camp,18.585475,73.80411000000001,110,,63100,49600
411028,Hadapsar,18.49423,73.94284999999999,110,,63000,49500
411031,C M E,18.596385,73.84426500000001,110,,62900,49500
411018,Pimpri P F,18.63703,73.811915,110,,63700,50000
411021,Armament,18.532095,73.76934,110,,63100,49600
411022,Srpf,18.487835,73.907515,110,,62800,49500
172116,Ribba,31.593013,78.3281417,110,,49200,38700
757107,Laxmiposi,21.9484,86.800385,110,,27500,21700
784507,Mazbat,26.833495,92.270225,110,,30300,23800
784508,Rowta,26.75059,92.217,110,,30300,23800
411035,Akurdi,18.654555,73.7838,110,,63200,49700
411038,Ex. Serviceman Colony,18.507620000000003,73.80598,110,,63100,49600
314021,Aspur,23.963185000000003,74.10638499999999,110,,24400,19100
411023,N.D.A. Khadakwasla,18.449545,73.744645,110,,63600,49900
411024,Khadakwasla R.S.,18.439915,73.777895,110,,63400,49800
411026,Bhosari I.E.,18.6353,73.83284499999999,110,,63500,49900
534217,Iragavaram,16.69442,81.702405,110,,45800,36000
534218,Mandapaka,16.76957,81.65516,110,,45800,36000
613007,Voc Nagar,10.76875,79.124315,110,,38100,30000
222501,"Bara Banki, Uttar Pradesh",26.9013312,81.2151601,110,,43300,34100
277204,Dallan Chhapra,25.72892,84.548415,110,,26800,21200
534315,Polavaram,17.341045,81.550055,110,,45300,35700
534320,Penugonda,16.661835,81.74607,110,,45900,36100
613503,Sri Pushpam College,10.771265,79.250485,110,,38400,30200
754107,Alanahat,20.160110000000003,86.210125,110,,25100,19700
741505,Hanskhali,23.36714,88.605965,110,,27000,21300
754131,Kishorenagar,20.42,86.099225,110,,34600,27200
800016,Rajendra Nagar,25.608485,85.16248,110,,33800,26500
800024,Keshari Nagar,25.627565,85.09624,110,,33700,26500
800025,Ashiananagar,25.62415,85.0805,110,,33700,26400
277214,Karanchhapa,25.80313,84.5865,110,,27000,21200
534222,Velpur,16.71605,81.6878,110,,45700,35900
843319,Choraut,26.519695,85.77228500000001,110,,24900,19600
785112,Teok,26.843985,94.38212,110,,38400,30200
622407,Ponnamaravathy,10.27661,78.55030500000001,110,,32700,25700
533345,Pandalapaka,16.909395,82.021875,110,,42600,33500
176066,Ghallour,31.84437,76.26387,110,,44300,34800
451440,Un S.O (West Nimar),21.833333,75.5,110,,41700,32800
486446,Beeda,24.67514,81.232475,110,,32800,25800
173208,Arki,31.13794,76.996395,110,,54500,42800
127042,Sanwar,28.699145,76.324025,110,,54200,42600
127043,Rodhan,28.754625,75.752685,110,,54200,42600
127045,Barwa,28.96423,75.601005,110,,54200,42600
127046,Siwani,28.82474,75.6276,110,,54300,42600
127111,Bapora,28.807305,76.03667999999999,110,,54200,42600
788806,Badarpur,24.8415,92.53276,110,,26300,20700
134102,Pinjore,30.830005,76.901645,110,,72900,57400
134104,C.R.P.F. Pinjore,30.778475,76.92306,110,,72400,57100
274802,Raja Bazar Khadda,27.192915,83.88194999999999,110,,24100,18900
591234,Mangsuli,16.73257,74.84293,110,,31200,24500
591236,Nidasoshi,16.307045000000002,74.54273,110,,30800,24300
562109,Muttarayanagudipalya,12.85491644572766,77.37121582031251,110,,47900,37700
560104,Hampinagar,12.96152,77.540615,110,,82700,65000
591246,Yamakanmardi,16.129935,74.54037,110,,31000,24400
127021,Bhiwani,28.8009,76.125075,110,,54200,42600
127022,Chiriya,28.483175,76.272975,110,,54400,42700
441217,Vairagadh,20.465675,80.16887,110,,35100,27600
741506,Krishnaganj,23.444835,88.68511000000001,110,,27100,21300
441208,Armori,20.426105,79.98237499999999,110,,35200,27600
229001,"Rae Bareli, Uttar Pradesh",26.25,81.25,110,,43300,34100
609109,Sattanathapuram,11.186255,79.759705,110,,38300,30100
614203,Kabistalam,10.94906,79.22512499999999,110,,38700,30400
613403,Vallam-TJ,10.71418,79.070025,110,,38000,29900
274801,Chhitauni,27.17556,83.94898,110,,24100,18900
174507,Tahliwal,31.346525,76.27000000000001,110,,50800,39900
176032,Tihri,31.841045,76.39487500000001,110,,43600,34300
691522,Pattazhy,9.073485,76.809215,110,,59000,46500
691303,Mayyanad,8.83513,76.64398,110,,59500,46800
176054,Baroh,31.982765,76.33493,110,,43700,34400
175131,Manali,32.21413,77.154395,110,,34200,26900
722160,Lakshmisagar,22.93293,86.98001500000001,110,,19500,15300
711309,Delta Mil,22.532895,88.221285,110,,47500,37400
613201,Kalyanapuram,10.88554,79.13076,110,,38700,30400
277502,Narhi,25.70062,84.023105,110,,27100,21300
788781,Mahisashan,24.81079,92.327595,110,,26200,20600
788713,Silchar Road,24.83166,92.40013,110,,26200,20600
788711,Karimganj Bazar,24.861925,92.375505,110,,26300,20700
741317,Joania Bhaluka,23.34383,88.39461,110,,27000,21300
741256,Begopara,23.13948,88.57018500000001,110,,27400,21600
174320,Talmehra,31.628585,76.272975,110,,50500,39800
799125,Garjee,23.42382,91.524565,110,,47200,37100
800011,Dighaghat,25.64533,85.091335,110,,33600,26400
822134,Manjhiaon,24.32618,83.72439,110,,25300,19800
802160,Koilwar,25.58672,84.773175,110,,24300,19100
125001,Hisar,29.162275,75.736535,110,,33900,26600
127030,Jui Khurd,28.621875,75.953845,110,,54200,42600
127031,Tigrana,28.88289,76.14808,110,,54200,42600
272002,Purani Basti,26.82516,82.767765,110,,26400,20800
587120,Kamatgi,16.1042,75.90019000000001,110,,30100,23600
272127,Amorha,26.79402,82.361985,110,,26900,21100
127025,Baund,28.76088,76.35567499999999,110,,54100,42500
127026,Birhi Kalan,28.600315,76.10704,110,,54200,42600
127027,Chang,28.863335,76.245435,110,,54200,42600
127028,Behl,28.640015,75.67003,110,,54100,42500
361240,Balambha,22.7452,70.4208,110,,39500,31100
362230,Madhavpur,21.328825,69.92983000000001,110,,44600,35000
441215,Pathari,20.2644,79.873125,110,,32600,25600
442502,Cementnagar,19.914295,79.131665,110,,32600,25600
442504,Sironcha,18.939295,80.106335,110,,35200,27600
441913,Tumsar Road,21.333465,79.761395,110,,28500,22400
441924,Pahela,21.08992,79.682655,110,,28500,22400
444401,Barshitakli,20.53808,77.099605,110,,31700,25000
442605,Gadchiroli,20.191705,80.03520499999999,110,,35200,27600
442606,Dhanora,20.230265000000003,80.35872,110,,35200,27600
127032,Bawani Khera,28.955325,76.048785,110,,54200,42600
127114,Kharak Kalan,28.844495,76.29115,110,,54100,42500
802183,Gaudarh Rudranagar,25.5407,84.389785,110,,24100,19000
360590,Bagvadar,21.8427,69.550795,110,,44000,34600
802210,Udawant Nagar,25.51263,84.628695,110,,23900,18800
370030,Mankuwa,23.239165,69.410645,110,,38300,30100
802163,Naya Mohamad  Pur,25.66205,84.791515,110,,23900,18800
441209,Kurkheda,20.659945,80.37425,110,,35200,27600
121002,Faridabad Sector 16a,28.428545,77.37264,110,,87900,69300
394170,Tadkeshwar,21.3388,73.09924000000001,110,,54200,42600
854306,Sarsi,25.8424,87.29314500000001,110,,26400,20800
394160,Mandvi SR,21.291945,73.34818,110,,54500,42800
D474943,"Satara, Maharashtra · D474943",17.6361289,74.2982781,110,,43800,34500
121105,Aurangabad,28.003955,77.33704,110,,88400,69600
854201,Banaili,25.95044,87.32091,110,,26500,20900
121007,Escortsnagar Faridabad,28.394365,77.34044,110,,88300,69500
441802,Sakoli,21.08418,79.9631,110,,28400,22400
441803,Lakhandur,20.73256,79.882385,110,,28500,22400
441805,Dighori,20.85738,79.87621,110,,28500,22400
411057,Infotech  Park,18.593115,73.73234500000001,110,,63500,49900
411058,Warje,18.48525,73.796675,110,,62700,49400
411060,Mohamadwadi,18.452595,73.914305,110,,63100,49600
411047,Lohogaon,18.602355,73.93776,110,,63500,49900
394107,Amroli,21.25226,72.85849999999999,110,,54600,42800
442709,Kamlapur,19.16891,80.19513,110,,35200,27600
442710,Bhamragadh,19.43407,80.54572999999999,110,,35200,27600
441904,Bhandara,21.169505,79.64722499999999,110,,28500,22400
441907,Gobarwahi,21.54724,79.73175499999999,110,,28200,22200
441908,Konda Kosra,20.84277,79.741345,110,,28500,22400
441910,Pauni,20.76282,79.68083999999999,110,,28700,22500
441912,Tumsar,21.454305,79.6111,110,,28500,22400
411041,Vadgaon Budruk,18.44192,73.82041,110,,63500,49900
805104,Kadirganj,24.9193,85.60109,110,,22500,17700
362550,Sanakhda,20.79974,71.141655,110,,37000,29100
571417,Belakavadi,12.261615,77.11471499999999,110,,42700,33600
581336,Hulekal,14.730705,74.72903,110,,39900,31400
573202,Vidyanagar,13.02923,76.10716500000001,110,,42100,33100
832111,Narwa Mines,22.70819,86.26216,110,,35700,28100
832301,Chakulia,22.45731,86.732925,110,,36100,28400
365421,Babra,21.89859,71.27206,110,,28000,22100
431121,Pachod,19.604645,75.61199,110,,36200,28500
431132,Shivna,20.512845,75.900275,110,,28900,22700
431133,Waluj,19.74727,75.14901,110,,36300,28600
431134,Badod Bazar,20.116225,75.58770999999999,110,,36300,28600
520001,Vijayawada,16.522395,80.61119,110,,50400,39600
411048,N I B M,18.448965,73.890805,110,,63000,49600
411051,Anandnagar,18.4774,73.8228,110,,63400,49800
683587,Malayattoor,10.201245,76.521445,110,,76800,60500
431110,Raghunath Nagar,19.661745,74.96344500000001,110,,36200,28500
781129,Hahimbazar,25.795055,91.17588,110,,28200,22200
431147,Chincholi Limbaji,20.37818,75.31863,110,,36200,28500
431148,Paithan Sakhar Karkhana,19.540415,75.39778,110,,36200,28500
431150,Banoti,20.51525,75.37736,110,,36200,28500
431151,Andhari,20.23491,75.47093,110,,36200,28500
781124,Chhaygaon,25.99961,91.38035,110,,28200,22200
781125,Mirza,26.039430000000003,91.491565,110,,28500,22400
306708,Sanderao,25.347605,73.11319499999999,110,,31500,24800
685620,Maraiyur,10.280915,77.16948500000001,110,,60900,47900
680581,Mulagunnathukavu,10.603695,76.234865,110,,62900,49400
678542,Perinkulam,10.63348,76.545105,110,,47500,37400
678501,Koduvayur,10.684935,76.65746,110,,47500,37400
781134,Kukurmara,26.08609,91.427255,110,,28100,22200
425416,Khandbara,21.286065,74.053535,110,,22000,17300
431109,Gangapur,19.77824,74.918965,110,,36200,28500
121106,Hodal,27.925685,77.343455,110,,88400,69600
121107,Hassanpur,27.956395,77.47984,110,,88200,69400
124141,Power Plant Jharli,28.479895,76.37711999999999,110,,43600,34400
678642,Mannur S.O (Palakkad),10.7873692,76.4742172,110,,47500,37400
673620,Quilandibazar,11.467495,75.716295,110,,51200,40300
682507,Mundamveli,9.928845,76.25361000000001,110,,76800,60500
682508,Ochanthuruth,9.99253,76.231155,110,,78000,61300
305012,Mss Hatundi,26.36057,74.652555,110,,37300,29300
577546,Hariyabbe,14.02977,76.73356,109,,40000,31500
394163,Godsamba,21.309045,73.202535,109,,53000,41800
393110,Jhagadia,21.665755,73.20001500000001,109,,38100,30100
D212378,"Sirsa, Haryana · D212378",29.6063041,74.9036568,109,,43100,34000
124412,Kahnaur,28.768475,76.50684000000001,109,,43400,34200
124501,Sampla,28.768255,76.75346,109,,43300,34200
394110,Kim,21.3973,72.9418,109,,52900,41800
854311,Araria,26.147675,87.500335,109,,24200,19000
842001,Muzaffarpur,26.127085,85.39689,109,,31700,25000
124406,Kansala,28.88766,76.796495,109,,43100,34000
124411,Anwal,28.835105,76.48232999999999,109,,43400,34200
828207,Maithon Dam,23.81432,86.784705,109,,41900,33100
140802,Sanghol,30.80259,76.386435,109,,35500,28000
832302,Dhalbhumgarh,22.429955,86.57136,109,,35300,27900
841222,Sutihar,25.848575,84.96681000000001,109,,22400,17600
841224,Panditpur,26.07396,84.6326,109,,22200,17600
842004,Umanagar,26.202085,85.39726999999999,109,,31400,24800
364510,Jesar,21.360675,71.68827999999999,109,,35600,28100
831016,Rahargora,22.751555,86.24058500000001,109,,35400,27900
572102,Someswarapuram,13.323685,77.11193499999999,109,,39100,30800
583268,Pragathinagar,15.487385,76.565185,109,,34000,26900
263145,"Udham Singh Nagar, Uttarakand",29.0478314,79.4326164,109,,42200,33400
263654,"Almora, Uttarakand",29.702651,79.4326318,109,,42200,33400
262728,Nakha,27.89418,80.945125,109,,25200,19900
571445,Devalapura,12.83067,76.85446999999999,109,,41400,32700
572118,Gulur,13.254515,77.0775,109,,39100,30800
327032,Arthuna,23.48131,74.05974499999999,109,,22600,17900
752068,Itamati,20.16327,85.16734500000001,109,,26100,20600
753006,C R R I,20.461115,85.941375,109,,33700,26600
497346,"Koriya, Chhattisgarh",23.476254,82.4776374,109,,43300,34200
486445,Semariya,24.827995,81.16459,109,,31700,25100
736206,Saontalpur,26.557465,89.69103999999999,109,,25500,20100
741301,Char Brahmanagar,23.39283,88.39289,109,,26900,21200
741508,Khalboalia,23.49472,88.69932,109,,26500,21000
741404,Santipur,23.258905,88.417795,109,,26400,20900
723155,Para,23.524555,86.48086,109,,19800,15600
695543,Vellanad,8.5769705,77.0501246,109,,76700,60600
736204,Mathurabagan,26.56191,89.35299499999999,109,,25400,20100
736205,New Lands,26.67683,89.825165,109,,25500,20200
172103,Nichar,31.55367,77.968815,109,,48600,38300
326515,Chaumahla,23.899345,75.57974999999999,109,,27500,21800
711107,Ghusuri,22.61195,88.351105,109,,46600,36800
711101,Howrah,22.586635,88.32994,109,,46200,36600
814102,Ramgarah,24.540135,87.24921499999999,109,,29600,23500
364313,Ratanpur Bhal,21.95424,72.05155500000001,109,,35800,28300
364330,Umrala,21.857660000000003,71.834705,109,,35800,28200
364210,Amargadh,21.713505,71.83789,109,,35800,28300
571425,Koppa-mandya,12.746105,76.933695,109,,42200,33300
413501,Osmanabad,18.181420000000003,76.01874000000001,109,,41400,32700
364060,Vartej,21.699475,72.056725,109,,35600,28100
571118,Kalale,12.04535,76.648595,109,,50700,40100
585301,Afjalpur,17.21418,76.363045,109,,23200,18400
585226,Kamthana,17.820725000000003,77.424865,109,,22100,17500
571108,Ravandur,12.418675,76.192465,109,,51400,40500
802206,Kasap,25.45977,84.63518,109,,23800,18800
362560,Una,20.93423,71.01052,109,,36100,28500
571119,Tagadur,12.08836,76.81561500000001,109,,50400,39900
571120,Old Sosale,12.279245,76.93286499999999,109,,50700,40100
570022,Ramakrishna Nagar,12.28836,76.61286,109,,51100,40300
570023,Kuvempunagar,12.28639,76.62421,109,,51100,40300
570025,G S Ashram,12.26238,76.663735,109,,51400,40500
755014,Rambag,20.81458,86.407225,109,,24200,19100
431513,Hingoli,19.81655,77.108075,109,,24500,19400
411020,Range Hills,18.559055,73.83762,109,,62200,49100
387370,Uttarsanda,22.658605,72.89336,109,,50700,40100
411032,Iaf Station,18.58188,73.91116500000001,109,,62300,49100
411036,Mundhva AV,18.529675,73.93234000000001,109,,62100,49000
761005,Jaradagada,19.042565,84.457785,109,,23400,18500
765023,Kujendri,19.084545,83.7365,109,,25800,20400
762103,Balliguda,20.099110000000003,84.076115,109,,20600,16300
752091,Satpatna,20.26097,84.819345,109,,26300,20800
768221,Bamra,22.039765,84.33583999999999,109,,49100,38800
768112,Gourpali,21.368105,84.236125,109,,49100,38800
762022,Kalinga,20.16595,84.41862,109,,20500,16200
457119,Kharwa kalan,23.6121,75.42937,109,,28400,22500
413532,Jalkot,18.58927,77.17927,109,,39600,31200
362030,Ranpur,21.571315,70.63585,109,,35800,28300
362037,Dolatpara,21.55825,70.475375,109,,35700,28300
416012,Kolhapur City,16.687725,74.226745,109,,48300,38200
584143,Jawalgera,15.877705,76.89065,109,,32300,25500
584202,Matmari,16.013385,77.275785,109,,31900,25200
571251,Madapura,12.559755,75.76281,109,,38700,30500
124303,Sanghi,29.006395,76.64244,109,,43300,34200
124404,Hassangarh,28.823465,76.85177,109,,43200,34100
400703,Vashi,19.07847,72.99681000000001,109,,47400,37400
143149,Jandiala R.S,31.57454,75.072435,109,,43000,34000
272124,Mahson,26.68693,82.75478000000001,109,,26300,20800
393020,Sajod,21.60954,72.89123000000001,109,,38100,30100
124513,Nindana,29.015085,76.39924500000001,109,,43400,34200
562123,Manchenahalli,13.03509662590784,77.37121582031251,109,,47700,37700
591233,Mamadapur,16.13258,74.935895,109,,30200,23900
125060,Sikander Pur,29.558755,75.152965,109,,50300,39800
768104,Bheden,21.190025,83.79108,109,,32200,25400
768106,Rairakhol,21.118015,84.44145499999999,109,,49100,38800
768107,Jamankira,21.559955,84.449105,109,,49100,38800
683550,Okkal,10.150665,76.448935,109,,74800,59200
690544,Kulasekharapuram,9.08602,76.52663,109,,57900,45800
307514,Reodar,24.559205,72.53315,109,,29000,22900
411009,Parvati,18.481855000000003,73.84650500000001,109,,61800,48800
431521,Daithana,19.12583,76.72626500000001,109,,24800,19600
431214,Ramnagar,19.779505,76.121735,109,,28300,22300
431206,Jaffrabad,20.27,76.035145,109,,28300,22300
176029,Ranital,31.99339,76.239195,109,,43200,34100
515005,Old Town,14.685875,77.632255,109,,43300,34300
411006,Yerwada,18.55807,73.885015,109,,61400,48600
411007,Ganeshkhind,18.55266,73.82570999999999,109,,62200,49000
411008,N.C.L. Pune,18.53694,73.80805000000001,109,,61900,48900
411037,Market Yard,18.48044,73.86822000000001,109,,62100,49000
480337,Seoni Sausar,21.542705,78.65181000000001,109,,38200,30200
486340,Naigarhi,24.82068,81.77203,109,,32000,25300
314036,Damdi,23.86529,73.80925500000001,109,,23700,18700
314032,Saroda,23.719805,74.09728,109,,23600,18700
842002,Ramna,26.070005,85.411095,109,,31500,24900
781103,Soalkuchi,26.185375,91.53981,109,,27700,21900
781133,Dagaon,26.38717,91.71335,109,,27900,22000
185101,"Punch, Jammu And Kashmir",33.7670004,74.0957143,109,,42900,33900
193224,"Kupwara, Jammu And Kashmir",34.5140696,74.191367,109,,42500,33600
683580,Sreemoolanagaram,10.132635,76.41369,109,,76200,60100
384110,Balisana,23.83895,72.280085,109,,25600,20200
384225,Dhinoj,23.671765,72.22996499999999,109,,25800,20400
384229,Lanva,23.689775,72.25497,109,,25800,20400
307801,Jawal,25.10831,72.75431,109,,29200,23000
311201,Jahazpur,25.661745,75.32195999999999,109,,41600,32900
311202,Pander,25.60892,75.119255,109,,41500,32800
686669,Mudavoor,10.018005,76.52168499999999,109,,76000,60000
203200,"Gautam Buddha Nagar, Uttar Pradesh · 203200",28.368716,77.5970121,109,,42300,33500
361006,Khodiyar Colony,22.429545,69.969675,109,,38600,30500
803306,Samyagarh,25.365965,85.813135,109,,32500,25700
125058,Ding,29.48121,75.227435,109,,50400,39800
125047,Agroha,29.35942,75.67072,109,,32900,26000
799261,Kadamtala,24.4824,92.19524,109,,38900,30800
803307,Bhadaur,25.333875,85.77466,109,,32400,25600
803221,Pandarak,25.478895,85.839495,109,,32400,25700
126152,Dhanoda Kalan,29.514495,76.028395,109,,33000,26100
560083,Shanubhoganahalli,12.832393923205135,77.5713529668816,109,,81500,64300
143107,Distrillery Khasa,31.603585,74.705365,109,,43400,34300
799251,Chandrapur,24.412155,92.178175,109,,38800,30700
802201,Agiaon,25.3584,84.62990500000001,109,,23800,18800
143009,Fatahpur,31.573880000000003,74.82861500000001,109,,43100,34100
853205,S.T.Goriar,25.310825,87.17531500000001,109,,31200,24600
852130,Sukhpur,26.06545,86.50938,109,,26500,21000
852131,Supaul,26.12597,86.60332,109,,26500,21000
847303,Jogiara,26.41354,85.7465,109,,23400,18500
411003,Khadki,18.557935,73.85648,109,,61800,48800
148031,Lehragaga,29.905900000000003,75.78730999999999,109,,40700,32100
781132,Rampur,26.079295,91.46482,109,,27700,21900
425305,Varangaon,20.989465000000003,75.910375,109,,34500,27200
682509,Nayarambalam,10.06564,76.217765,109,,75500,59700
680551,Puranattukara,10.552135,76.14605,109,,61200,48300
847240,Umgaon kothi,26.622955,85.978185,109,,25000,19800
847302,Jalley,26.363390000000003,85.73202,109,,23400,18500
518002,KNL-camp-B,15.700355,78.07291000000001,109,,35900,28400
305002,Ie Makhu Pura Ajmer,26.413455,74.66788,109,,36500,28800
521108,Ramavarappadu,16.52854,80.691465,109,,48800,38600
673585,Narikkuni,11.37022,75.857935,109,,50000,39500
206250,Harchandpur,26.707605,79.50813500000001,109,,20000,15800
685566,Rajakad,9.954655,77.10882000000001,109,,59200,46800
685571,Parathode,9.931115,77.052955,109,,59100,46700
201206,Murad Nagar S.O (Ghaziabad),28.7749966,77.4586967,109,,42300,33500
274705,Ghanti,26.40677,84.00277,109,,23400,18500
370205,Adipur,22.991535,70.039245,109,,37100,29300
370020,Madhapar,23.266125,69.826245,109,,37200,29400
143008,Sjs Avenue,31.67133,74.86766,109,,43800,34600
607003,Cuddalore Old Town,11.69599,79.718035,109,,32200,25400
560018,Chamrajpet,12.959575,77.56455,109,,80900,63900
274702,Bhatpar Rani,26.308285,84.06260499999999,109,,23400,18500
274703,Paratappur,26.31869,84.15421,109,,23800,18800
612605,Tiruchirai,10.88051,79.45994999999999,109,,37800,29800
612703,Patteeswaram,10.928415,79.352265,109,,37900,29800
560010,Rajajinagar,12.993615,77.55265,109,,81200,64100
607106,Panruti,11.759205,79.52858499999999,109,,32300,25500
607002,Tirupadiripuliyur,11.74559,79.749145,109,,32400,25600
277216,Lalganj,25.72762,84.48114000000001,109,,26300,20800
534265,Jinnuru,16.556914999999996,81.72416,109,,44100,34900
534275,Narsapur,16.438344999999998,81.69775,109,,44500,35100
144630,Bopa Rai Kalan,31.1914,75.480725,109,,47300,37400
144633,Sarhali,31.178765,75.67284000000001,109,,47300,37400
144701,Malsian,31.154785,75.34296499999999,109,,47900,37700
144702,Shahkot,31.0764,75.266515,109,,47400,37500
144703,Nangal Ambian,31.05589,75.38128499999999,109,,47200,37300
522268,Nagaram,16.004885,80.730595,109,,44400,35100
431102,Ellora,20.07471,75.148485,109,,36100,28400
781017,Azara,26.134065,91.605845,109,,27500,21700
783324,Bidyapara,26.000195,89.903065,109,,26200,20600
783325,Jhagrarpar,26.041545,89.994585,109,,26100,20600
783330,Fakirganj,25.974235,90.08092,109,,26100,20600
303511,Didwana,26.63596,76.36103,109,,34800,27500
522213,Sangamjagarlamudi,16.24957,80.559765,109,,44600,35200
847304,Kamtaul,26.337015,85.81573,109,,23400,18500
847305,Madhwapur,26.5752,85.837265,109,,25000,19700
847308,Sahar,26.51684,85.884425,109,,24900,19700
781136,Pachim Samaria,26.106715,91.1847,109,,27800,21900
425420,Amalgaon,21.14217,75.122375,109,,34000,26900
521329,Pedagonnuru,16.40959,81.184075,109,,48800,38600
521247,Meduru,16.25543,80.837955,109,,48800,38600
786621,Namrup,27.22231,95.29894,109,,35500,28100
277503,Phehpana,25.768365,84.031255,109,,26500,20900
277401,Bharsar,25.71697,84.17711,109,,26500,21000
277207,Maniar,25.999905,84.175545,109,,26400,20900
277208,Raniganj Bazar,25.829320000000003,84.49733499999999,109,,26500,21000
277209,Reoti,25.864165,84.398665,109,,26300,20800
845315,Bhelwa Circle,26.760855,85.059865,109,,28800,22800
133302,Kalka,30.855475,76.91181,109,,72100,56900
623536,Perungulam,9.345665,78.89683,109,,43400,34300
534245,Viravasaram,16.532255,81.631225,109,,44100,34900
783394,Bengtal,26.646885,90.486925,109,,31200,24600
845435,Semra,26.71078,84.817025,109,,28800,22800
847301,Hayaghat Bilashpur,26.000015,85.923,109,,23300,18400
847102,Basaith Chandpura,26.433445,85.8209,109,,24800,19600
846001,Laheriasarai,26.110115,85.91707500000001,109,,23300,18400
783334,Golakganj,26.095395,89.84022,109,,26100,20600
783345,Fakiragram,26.32389,90.221345,109,,25300,20000
643105,Ottupattarai,11.34895,76.77455499999999,109,,76500,60400
424001,Dhule,20.896725,74.77214000000001,109,,32600,25800
424002,Dhule Jaihind Colony,20.951725000000003,74.680695,109,,32600,25800
424004,Dhule Market Yard,20.89801,74.7944,109,,32600,25800
781171,Udayan Vihar,26.16468,91.82637,109,,27500,21700
781301,Barpeta,26.329285,91.008225,109,,27100,21400
424301,Fagana,20.876375,74.883205,109,,32700,25900
670631,Sreekandapuram,12.051055,75.51298,109,,43900,34600
642114,Malayandipattinam,10.541795,76.96369,109,,66900,52800
642005,Zamin Muthur,10.698685,76.92698999999999,109,,66000,52200
785111,Neamatighat,26.836685000000003,94.236245,109,,37600,29600
785630,Titabor,26.57025,94.180875,109,,37100,29300
843322,Majhaulia Estate,26.6743,85.54158000000001,109,,24500,19300
843108,Kolhua Paigambarpur,26.1482548,85.3316097,109,,31200,24700
134205,Morni,30.658485,77.03438,109,,71000,56100
845413,Bakarpur Jagat,26.44961,84.92687,109,,28900,22800
622412,Virachilai,10.310545,78.692895,109,,31700,25000
847421,Laukaha,26.533395,86.448965,109,,25000,19800
847424,Sarisavpahi,26.236955,86.17993999999999,109,,24800,19600
847401,Andhra,26.37516,86.303875,109,,24900,19700
847402,Ghoghardiha,26.28633,86.45599,109,,25100,19800
847403,Jhanjharpur RS,26.194855,86.300525,109,,24900,19700
847404,Jhanjharpur,26.29034,86.245265,109,,24800,19600
785107,Kakajan,26.799145,94.37636,109,,37500,29600
533296,GSL Medical College,17.008445000000002,81.90451999999999,109,,41200,32500
533407,Kotananduru,17.409225,82.405615,109,,41700,32900
533307,Angara,16.78282,81.932425,109,,41400,32700
533432,Prathipadu,17.250865,82.17264,109,,41500,32800
847410,Tamuria,26.240295000000003,86.345245,109,,24900,19700
847411,Rudrapur,26.321455,86.30430000000001,109,,24900,19700
852110,Garh Baruari,26.05299,86.629085,109,,26500,21000
852101,Behariganj,25.756355,86.99524,109,,28600,22500
222202,Mungra Badshahpur,25.699150000000003,82.27476,109,,24100,19000
533294,Rajanagaram,17.0384,81.92104499999999,109,,41200,32600
846006,Subhankarpur,26.14599,85.88493500000001,109,,23300,18400
148002,H R Sangrur,30.20485,75.8389,109,,40700,32100
784178,Kalabari,26.91489,93.70483,109,,28700,22600
524223,Jaladanki,14.900955,79.88137499999999,109,,37500,29700
524123,Kotapolur,13.79289,79.98355000000001,109,,37500,29600
641027,Rathinapuri,11.033684999999998,76.96175,109,,66300,52400
845430,Phenhara,26.525645,85.17039500000001,109,,28700,22700
846003,D.M.C.,26.06963,85.82174,109,,23600,18600
531111,Chintapalli,17.91881,82.34362,109,,52400,41500
530051,Sujatha Nagar,17.797395,83.213775,109,,52700,41700
531001,Anakapalle,17.691825,82.993965,109,,52400,41500
641671,Kettanur,10.853415,77.25721,109,,67000,52800
643004,Fernhill,11.371455,76.61961,109,,76600,60400
522402,Pedakurapadu,16.495525,80.23766,109,,44200,35000
522410,Krosuru,16.51992,80.127445,109,,44400,35100
523305,Donakonda R.S.,15.8416,79.43644,109,,41900,33100
791123,Banderdewa,27.093685,93.81375,109,,64500,50900
788804,Katirail,24.912635,92.60807,109,,29400,23200
785106,Kamalabari,26.911805,94.178415,109,,37200,29400
847409,Phulparas,26.36145,86.47387,109,,25100,19800
530047,Vepagunta,17.77745,83.19934,109,,53000,41800
531116,Narsipatnam,17.66182,82.61431,109,,53400,42100
632203,Melmayil,13.004495,78.97913,109,,42900,33900
524409,Kalichedu,14.27999,79.74739,109,,37400,29600
524412,Chillakur,14.174205,79.9838,109,,37300,29500
530044,Pedagantyada,17.64742,83.21464,109,,52700,41700
530045,Gitam Engg. College,17.790195,83.3644,109,,52700,41600
530046,Vadlapudi,17.689345,83.16297,109,,52700,41700
785108,Kakilamukh,26.811245,94.13081,109,,37500,29600
532409,Pydibheemavaram,18.141875,83.645555,109,,39200,30900
532221,Palasa,18.81808,84.36733000000001,109,,38500,30500
262723,Dhaurahara,28.038185,81.121715,109,,25300,20000
262122,Pooranpur,28.4947158,80.1076122,109,,21300,16800
124111,Madina,28.94799,76.41317000000001,109,,43400,34200
575007,Padil,12.86955,74.90502000000001,109,,52700,41600
574324,Vamadapadavu,12.952535,75.094215,109,,52000,41100
574325,Nekkilady,12.8193,75.20143,109,,52600,41500
574260,Adyanadka,12.70218,75.101275,109,,52200,41300
262722,Aira Estate,27.865505,81.0861,109,,25200,19900
571237,Suntikoppa,12.44327,75.83512999999999,109,,38400,30400
571427,Kyathanahalli,12.445415,76.64509,109,,41400,32800
571428,Maddur,12.573925,77.02238,109,,41400,32800
572117,Chelur,13.458175,76.8939,109,,38400,30400
262721,Lagucha,27.83197,80.84006,109,,25200,19900
574227,Moodbidri,13.04914,74.97621000000001,109,,52600,41500
174102,Ramshahar,31.124375,76.78834499999999,109,,52600,41600
741154,Muragachha,23.548065,88.43959000000001,109,,26400,20900
741139,Dhubulia,23.487795,88.451395,109,,26400,20900
741140,Dhubulia T B Hospital,23.502475,88.49632,109,,26400,20900
442505,Ghugus Colliery,19.96034,79.15655000000001,109,,31600,25000
441224,Mul,20.0748,79.53537,109,,31400,24800
387360,Salun,22.733375,72.91662,109,,50600,40000
387325,Kanjari,22.616955,72.9179,109,,50900,40200
736208,Salsalabari,26.524815,89.60453000000001,109,,25400,20100
736182,New Market Jaigaon,26.832875,89.39200500000001,109,,25400,20100
175047,Janjehli,31.478015,77.22551,109,,42100,33200
174314,Chowki Maniar,31.60842,76.230705,109,,49400,39100
411052,Navsahyadri,18.49262,73.82179500000001,109,,61900,48800
411040,Wanowarie,18.489035,73.89167499999999,109,,62300,49100
124112,Mehem,28.99595,76.29822,109,,43400,34200
124113,Kalanaur,28.828445,76.40433,109,,43400,34200
576226,Sasthan,13.478065,74.71391,109,,40300,31800
248159,"Dehradun, Uttarakand",30.4998157,77.8625457,109,,42900,33900
D939729,"Thane, Maharashtra · D939729",19.3653598,73.3685437,109,,42900,33900
394651,Anumala,21.204565,73.373695,108,,51800,41100
250001,Meerut Cantt,29.0018557,77.7679671,108,,41200,32700
176059,Chachian,32.162940000000006,76.48672,108,,42200,33400
176031,Jawalamukhi,31.89062,76.322995,108,,41600,33000
176036,Kohala,31.805415,76.34282999999999,108,,41900,33200
742134,Bhabta,24.00099,88.268955,108,,27500,21800
742102,Cossimbazar Raj,24.089295,88.29030499999999,108,,27400,21800
741504,Duttapulia,23.247335,88.70372499999999,108,,25800,20500
327603,Chhinch,23.457925000000003,74.28577,108,,22200,17600
752069,Nayagarh,20.12831,85.119425,108,,25400,20200
413514,Shirur Tajband,18.617785,77.011535,108,,39700,31600
812004,Champanagar,25.282635,86.90825000000001,108,,30300,24000
571401,Mandya,12.52036,76.88329999999999,108,,40800,32400
741507,Majdia,23.399045,88.73,108,,25900,20600
466554,Shahganj,22.88912,77.850905,108,,28900,23000
462043,Bag Mungalia,23.189045,77.48334,108,,40200,31900
462101,Dillod,23.46585,77.438045,108,,39700,31500
711203,Bhattanagar,22.62581,88.319605,108,,45800,36300
585437,Mudbi,17.698549999999997,76.936755,108,,21700,17200
585419,Matala,17.80295,76.80123499999999,108,,21600,17100
841218,Paiga,25.908095,84.90833,108,,21700,17200
841220,Parsagarh,25.990315,84.59018499999999,108,,21600,17100
363655,Amran,22.83889,70.52183,108,,37300,29600
362650,Kutiyana,21.65249,69.980445,108,,42500,33700
804422,Makhdumpur,25.05699,84.95367999999999,108,,25300,20100
803302,Mokama,25.37905,85.856235,108,,32300,25600
762012,Khajuripada,20.442905,84.454815,108,,20200,16000
764027,Bandhugam,18.941325,83.30867,108,,23200,18400
762019,Sankarakhole,20.29975,84.26579000000001,108,,20200,16000
762021,Bamunigaon,19.719095,84.05752000000001,108,,20300,16100
411016,Model Colony,18.52947,73.827895,108,,60400,47900
571215,Pollibetta,12.239954999999998,75.93777,108,,37700,29900
571214,Napoklu,12.30794,75.64147,108,,38000,30100
570002,Vani Vilas Mohalla,12.328595,76.626835,108,,50100,39700
134118,Barwala,30.57295,76.942305,108,,70000,55500
846007,Saramohanpur,26.18848,85.966325,108,,23200,18400
846009,Laxmisagar,26.12411,85.98156499999999,108,,23000,18200
784513,Sapongaon,26.864125,92.14118,108,,29000,23000
784529,Chapaichowka,26.420805,92.021835,108,,28500,22600
785001,Jorhat,26.760905,94.210875,108,,36300,28800
851131,Rajaura,25.4725,86.179285,108,,25600,20300
851135,Bihat,25.434485,86.019845,108,,25700,20400
523117,Pedacherlopalli,15.245825,79.53846,108,,40400,32100
641605,Veerapandi,11.036495,77.334705,108,,67200,53300
531149,Araku Colony,18.282805000000003,82.960555,108,,51700,41000
531036,Chodavaram,17.79144,82.926305,108,,51400,40800
524126,Nayudupeta,13.90882,79.911185,108,,36500,29000
524134,Dakkili,14.09992,79.51595,108,,36600,29100
524221,Chakalakonda,14.98989,79.53732,108,,36700,29100
389265,Malvan,23.21522,73.78899,108,,24800,19700
531126,Payakaraopeta,17.408295000000003,82.602395,108,,51600,40900
531127,Satyavaram,17.307785,82.58368999999999,108,,51600,40900
531133,Gudem,17.883290000000002,82.162285,108,,51700,41000
532218,Pundi R S,18.65534,84.37859,108,,38200,30300
786191,Naoholia,27.35622,95.39619,108,,35100,27900
851210,Mahna,25.43334,86.04414,108,,25700,20400
643205,Cherambadi,11.51138,76.270925,108,,74500,59100
523201,Addanki,15.857105,79.95022,108,,40500,32100
531151,Araku Rs,18.284425,82.77202,108,,51300,40700
531162,Chittivalasa,17.95571,83.432605,108,,51400,40800
641048,Kalapatti,11.080035,77.056235,108,,64800,51500
524411,Kota,14.090295,80.083055,108,,36600,29100
630612,Pottapalayam,9.807455,78.18858,108,,36400,28900
533284,Gangavaram,17.359215,81.942645,108,,40300,32000
533234,Yeditha,16.85071,81.864355,108,,40100,31900
531163,Bheemunipatnam,17.865385,83.39954,108,,52100,41300
534225,Relangi,16.70624,81.63671500000001,108,,43800,34700
534236,Yelurupadu,16.477935000000002,81.39242,108,,43000,34200
277211,Sahatwar,25.816405000000003,84.311205,108,,25800,20500
277213,V.B.Narayanpur,25.91147,84.172255,108,,25900,20500
534239,Dirusumarru,16.43287,81.48265,108,,43200,34300
534243,Srungavruksham,16.535195,81.59932,108,,43800,34700
277301,Basantpur,25.837295,84.141175,108,,25700,20400
277302,Kharasara,25.939575,84.12442999999999,108,,25900,20600
783354,Saktiashram,26.41767,90.161015,108,,24800,19700
783390,Bijni,26.53752,90.68787,108,,30900,24500
845428,Pakari Dayal,26.567685,85.085375,108,,28100,22300
132140,Panipat Refinary,29.469415,76.892735,108,,39100,31100
847101,Anandpur,26.036415,85.98936,108,,23000,18200
844122,Mahuwa,25.80975,85.405125,108,,30500,24200
843360,Jajuar,26.30056,85.66986,108,,23900,19000
845412,Bara Chakia,26.4338,85.03933,108,,28100,22300
303501,Bhandarej,26.839285,76.499695,108,,33900,26900
303504,Mandawari,26.48914,76.425235,108,,33700,26800
303325,Kundal,27.010895,76.433005,108,,34400,27200
781150,Chandrapur,26.2212,91.917065,108,,27400,21700
424108,Hirapur,20.36982,74.881505,108,,33400,26500
783339,Alamganj,26.14236,90.027015,108,,25500,20200
145023,Sujanpur,32.320745,75.624415,108,,45100,35700
783362,"Goalpara, Assam · 783362",26.0491877,90.6001859,108,,42200,33500
533406,Annavaram,17.32516,82.43838,108,,40400,32100
533437,Peddapuram,17.076855000000002,82.056125,108,,40200,31900
533440,Samalkot,17.04991,82.162025,108,,40000,31800
533444,Kathipudi,17.23835,82.32807,108,,40300,32000
785631,Borholla,26.41772,94.13019,108,,36200,28800
843318,Budhnagra Deorhi,26.35749,85.62294,108,,23700,18900
670633,Payyavur,12.09505,75.60386,108,,42300,33600
522302,Pedavadlapudi,16.42299,80.60544,108,,43600,34500
277219,Kheosar,25.924595,84.26075,108,,26200,20700
534280,Sitaramapuram,16.35345,81.67256499999999,108,,43100,34200
534281,Mogalturu,16.398445000000002,81.563455,108,,43300,34300
622003,Rajagopalapuram,10.35426,78.802825,108,,31100,24600
277203,Bansdih Road,25.79409,84.200295,108,,25900,20500
274701,Bhatni,26.37975,83.93563499999999,108,,23100,18300
275103,Kushmaur,25.894955000000003,83.484495,108,,23800,18900
600001,Chennai G.P.O.,13.099255,80.28733,108,,69200,54900
847234,Pandaul,26.26105,86.10329,108,,24700,19600
847235,Rajnagar,26.39583,86.14395,108,,24700,19600
847236,Rampatti,26.30953,86.14824999999999,108,,24700,19600
781010,Kamakhya,26.170285,91.704205,108,,27000,21400
783123,Dhupdhara,25.937755,91.039575,108,,26400,20900
303509,Manpur,26.96104,76.71752000000001,108,,33900,26900
673101,Vadakara,11.59714,75.589735,108,,48700,38600
277506,Sagarpali,25.76669,84.07781,108,,26100,20600
788815,Kalain,25.02577,92.541235,108,,28800,22900
609107,Melaiyur TVG,11.139955,79.79924,108,,36400,28800
277403,Majhua,25.77305,84.356335,108,,25900,20500
425427,Vikharan,21.420075,74.76625,108,,32200,25500
425432,Mhasawad,21.81586,74.41049000000001,108,,21000,16700
521170,Veerullapadu,16.82451,80.42236,108,,48000,38100
670307,Payyanur,12.135485,75.22956500000001,108,,42300,33600
670571,Alakode,12.20242,75.47488,108,,42800,33900
277303,Sikanderpur,26.04138,84.057615,108,,25900,20600
277304,Sukhpura,25.854615000000003,84.10587000000001,108,,25800,20500
277402,Haldi,25.721495,84.316605,108,,26100,20700
277205,Dubey Chhapra,25.74451,84.41373999999999,108,,26100,20700
786614,Jeypore,27.27266,95.459085,108,,34700,27600
786610,Naharkatia,27.28834,95.22456,108,,34800,27700
786612,Tingkhong,27.209915,95.16598,108,,34800,27700
786613,Bamunbari,27.23665,95.01487,108,,34700,27600
126102,Jind,29.309465,76.298025,108,,32800,26000
126110,Dharthrath,29.40168,76.45842,108,,32800,26000
126111,Alewa,29.470445,76.43852,108,,32600,25900
126113,Pillukhera,29.31118,76.49814,108,,32400,25800
126115,Uchana,29.481720000000003,76.18859499999999,108,,32800,26000
799143,Manubazar,23.080245,91.65241,108,,44900,35600
798604,Mongkholemba,26.51956,94.38837,108,,51600,40900
803117,Silao,25.090435,85.42906500000001,108,,21900,17300
682511,Malipuram,10.017695,76.22666000000001,108,,73400,58300
305801,Madanganj Kishangarh,26.57405,74.93142,108,,35200,28000
847238,Rahika,26.359265,86.00282999999999,108,,24600,19500
411002,Pune City,18.509635000000003,73.86519000000001,108,,59600,47400
151101,Bhucho Mandi,30.21043,75.07995500000001,108,,42100,33400
425115,Nandra Pachora,20.78762,75.47324,108,,33600,26600
852217,Mangwar,25.74776,86.78062,108,,27800,22000
125201,Kalanwali,29.80879,75.056115,108,,49200,39000
679535,Peringode,10.73831,76.156495,108,,45800,36300
678502,Ettanur,10.6674,76.61354,108,,45600,36200
685605,Muthalakodam,9.924845,76.74195499999999,108,,58600,46400
518006,Balaji Nagar,15.840985,78.01903,108,,35000,27800
517583,Puttur,13.422185,79.5519,108,,44100,35000
682039,Rajagiri Valley,10.00022,76.35887,108,,74200,58800
521105,Hanuman Junction,16.69179,80.98019500000001,108,,47600,37800
683112,Erumathala,10.09372,76.387525,108,,74200,58800
606802,Nayudumangalam,12.38361,79.08092,108,,32900,26100
606003,Budamur,11.53029,79.3289,108,,31200,24800
560040,Vijayanagar,12.967345,77.536495,108,,78900,62600
591265,Telsang,16.841365,75.33616,108,,29700,23600
591344,Khangaon,16.069845,74.83739,108,,29300,23300
143005,Guru Nanak Dev University,31.63842,74.82445,108,,42500,33700
802164,Sandesh,25.387635000000003,84.72459,108,,22900,18200
680516,Tiruvatra,10.5974,76.00304,108,,59600,47300
486341,Deotalab,24.704905,81.74015,108,,31100,24700
176097,Marera,31.899805,76.51732,108,,42300,33500
176022,Rehan,32.151155,75.85486,108,,42000,33300
176030,Khundian,31.900585,76.38313500000001,108,,42000,33300
176115,Paprola,32.102655,76.623085,108,,42200,33500
515159,Krishnapuram,14.358925,77.87589,108,,42400,33700
388335,Kunjrav,22.58639,73.05554,108,,50000,39700
332028,Sihot Badi,27.51966,74.834255,108,,37200,29500
683512,Chendamangalam,10.169625,76.23986,108,,73400,58300
191132,"Badgam, Jammu And Kashmir",34.0016694,74.7936869,108,,42000,33300
193502,"Baramula, Jammu And Kashmir",34.566667,74.75,108,,42400,33500
384220,Chanasma,23.697895000000003,72.104655,108,,25400,20100
781032,Indrapur,26.15884,91.76593,108,,26900,21400
781034,Odalbakra,26.141165,91.742835,108,,27000,21400
781026,Narangi,26.204555,91.84493,108,,26800,21300
781015,Guwahati Airport,26.09207,91.610965,108,,26800,21300
686602,Kaipuzha,9.671285,76.51058499999999,108,,61400,48600
306307,Pipliya Kalan,26.00527,73.94684000000001,108,,29900,23800
306401,Pali Marwar,25.835925000000003,73.262205,108,,30000,23800
517423,Rallabudugur,12.87158,78.36948000000001,108,,43400,34500
517277,Chintaparthi,13.66754,78.711455,108,,43500,34500
688535,Arookutty,9.8647,76.33144,108,,59300,47000
686537,Pallickachirakavala,9.430005,76.58377,108,,60500,48000
686509,Erumely,9.480025,76.8442,108,,61400,48600
803121,Ordnance Factory Rajgir,25.026145,85.451345,108,,21900,17300
803110,Harnaut,25.377465,85.540165,108,,21600,17200
127029,Kairu,28.7328101,75.8928296,108,,52100,41300
125051,Rattia,29.683685,75.49879,108,,36600,29000
125037,Nalwa,28.976705,75.82877500000001,108,,32300,25600
125042,Bass,29.10335,76.20490000000001,108,,32100,25500
686670,Vazhakulam,9.941945,76.6502,108,,73500,58400
686601,Neendoor,9.682245,76.486835,108,,61200,48500
176060,Darang,32.08344,76.422555,108,,42300,33500
462037,Peoples Campus,23.29964,77.424385,108,,39800,31600
462004,Satpura,23.236420000000003,77.419745,108,,39600,31400
151209,Sandhwan,30.6014507,74.7950176,108,,39500,31300
762001,Phulbani,20.475475,84.239855,108,,20200,16100
762002,Contractorpada,20.560155,84.11058,108,,20300,16100
762010,Tikabali,20.24143,84.359715,108,,20200,16000
762011,Phiringia,20.35309,84.06266,108,,20300,16100
802122,Hitawarajpur,25.391405,83.89452,108,,22200,17600
828132,Patherdih Coal Washery,23.68143,86.43689499999999,108,,40700,32400
803114,Parwalpur,25.191,85.39111,108,,21800,17300
176075,Duhak,31.88372,76.46551500000001,108,,42300,33500
176062,Auc Palampur,32.101910000000004,76.55029,108,,42300,33500
176063,Majherna,32.03716,76.602295,108,,42300,33500
176051,Raja Ka Talab,32.22643,75.91124500000001,108,,42000,33300
457772,Khawasa,23.15699,74.736385,108,,15100,12000
125121,Barwala,29.350525,75.961485,108,,32500,25800
272125,Dudhara,26.903415000000003,83.031095,108,,25200,20000
271861,Mathura Bazar,27.559425,82.13713000000001,108,,22600,17900
570005,Mysuru University,12.304535,76.64004,108,,49700,39500
570006,Manasagangothri,12.313965,76.62035,108,,49200,39100
570008,Mysuru South,12.20037,76.57155,108,,49600,39300
361320,Jamkalyanpur,22.00303,69.42517,108,,38100,30200
802159,Jitaura,25.36073,84.37588,108,,23200,18400
332042,Tatanwa,27.575825,75.0224,108,,37500,29700
431705,Aundha Nagnath,19.529215,77.03583,108,,24400,19300
176309,Garola,32.36805,76.45042000000001,108,,33000,26200
176206,Shahpur,32.26872,76.1856,108,,41700,33100
562157,Timmasandra,13.169085434871482,77.58218986498466,108,,79100,62700
231211,Lalganj,24.850715,82.34085999999999,108,,20200,16100
125102,Ellenabad,29.439835,74.683135,108,,48900,38900
125050,Fatehabad,29.529395,75.431065,108,,36700,29100
D634761,"Hisar, Haryana · D634761",29.2396596,75.8174505,108,,41400,32900
854117,Rosna,25.389515,87.735895,108,,24300,19300
577411,Agumbe,13.539385,75.11892,108,,42000,33300
D706630,"Palwal, Haryana",28.0599426,77.3223422,108,,41600,33100
396165,Solsumba,20.153195,72.790625,108,,39000,30900
396105,Bhilad,20.295735,72.87777,108,,38800,30800
394640,Valod,21.036175,73.29155,108,,52100,41300
581308,Karwar Naval Base,14.773565,74.161205,108,,38300,30400
841204,Chainwa,26.018405,84.51022,108,,21700,17200
841426,Bhore,26.450085,84.116045,108,,27800,22100
841223,Mohamadpur,25.95699,84.45880500000001,108,,21800,17300
854312,Araria RS,26.07175,87.35612,108,,23200,18400
854317,Barsoighat,25.711455,87.900545,108,,23900,19000
394190,Kholvad,21.268805,72.9442,108,,51700,41000
394235,Lajpore,21.060185,72.91761,108,,51200,40700
854112,Amdabad,25.298375,87.76778,108,,23800,18900
583231,Koppal,15.34745,76.175635,108,,33700,26700
583116,Kurugodu,15.341295,76.83988500000001,108,,49000,38800
583118,D T Ship,15.04908,76.614255,108,,48300,38300
583278,Dotihal,15.86203,76.25610499999999,108,,33500,26600
583279,Tavargera,15.794615,76.37881,108,,33700,26700
364515,Savarkundla,21.353405,71.34349499999999,108,,26800,21300
829104,Bermo,23.756535,85.97252,108,,31500,25000
829107,Bokaro Thermal,23.82598,85.900925,108,,31200,24800
486550,Govindgarh,24.40136,81.29138499999999,108,,31500,25000
176073,Bairhgat,31.903675,76.490945,108,,42400,33600
572119,Handanakere,13.503795,76.453505,108,,38300,30300
572122,Honnudike,13.216565,77.12830500000001,108,,38100,30200
571807,Kirangoor,12.456775,76.73916,108,,40500,32200
583232,Kuknoor,15.482595,75.96418,108,,33700,26700
583238,Bhagyanagar,15.338645,76.06534500000001,108,,33700,26700
583229,Karatgi,15.631205,76.60768999999999,108,,33700,26700
841440,Thawe,26.4211166,84.3739133,108,,27700,22000
841446,Narendrapur,26.14421,84.245165,108,,28000,22300
841420,Rajapatti,26.214825,84.80052,108,,27600,21900
841503,Nechwajalapur,26.592575,84.31056000000001,108,,27500,21900
841507,Mora,26.1144,84.621495,108,,28000,22300
785007,Jorhat Engg College,26.7392,94.25218,108,,36300,28800
785014,Rajabari,26.743415,94.227755,108,,36600,29100
532148,Sigadam,18.368125,83.66691,108,,38100,30200
571254,Thithimathi,12.2204,75.997815,108,,37800,30000
571248,Chettalli,12.37953,75.805255,108,,37500,29800
571448,Balagangadaranathnagar,12.933915,76.70491,108,,40500,32200
571429,Shivapura Maddur,12.62295,77.039745,108,,40700,32300
583121,Siruguppa,15.61935,76.927895,108,,48200,38300
583123,Toranagallu,15.19077,76.60314,108,,48400,38400
574327,Kurunjibag,12.551705,75.38129,108,,50900,40400
581103,Alnavar,15.43464,74.78762,108,,40700,32300
734015,Mahananda Project,26.625205,88.43172,108,,25200,20000
741232,Cooper's Camp,23.15491,88.583715,108,,26300,20800
442306,Nachangaon,20.63095,78.29818,108,,34800,27700
573129,Kenchammanahosakote,12.847815,75.8966,108,,40600,32100
574213,Belvai,13.12013,75.015565,108,,51000,40500
574199,Mangalagangothri,12.83192,74.93250499999999,108,,51300,40700
571415,Arakere,12.43138,76.83284499999999,108,,40800,32400
571253,Siddapura-Kodagu,12.30715,75.8942,108,,37800,30000
D913218,"Firozabad, Uttar Pradesh · D913218",27.1941954,78.4604956,108,,41600,33100
411042,Swargate,18.50537,73.866685,108,,60300,47800
742237,Manigram,24.349955,88.13553,108,,27400,21800
742161,Panchthupi,23.857775,87.94707,108,,27400,21800
742164,Roshanbagh,24.151945,88.30894,108,,27800,22000
742166,Hariharpara,24.050425,88.43846500000001,108,,27600,21900
742149,Murshidabad,24.16875,88.29284,108,,27800,22000
441905,Bhandara Road,21.25504,79.70284000000001,108,,26800,21300
854116,Mahadevpur,25.477865,87.706895,107,,23400,18600
396045,Atgam,20.634255,73.03515999999999,107,,37700,30000
394715,Pimpri,20.891925,73.5661,107,,50300,40100
394720,Saputara,20.598075,73.733795,107,,18900,15000
577518,Bndurga,14.20183,76.13194,107,,38000,30200
577243,Anaveri,14.03645,75.75655499999999,107,,41700,33200
577301,Bhadravati,13.86227,75.788735,107,,41200,32900
D363985,"Osmanabad, Maharashtra · D363985",18.169844,76.1179632,107,,41400,32900
394115,Panoli,21.553385,72.95503500000001,107,,35900,28700
D501306,"Uttara Kannada, Karnataka · D501306",14.7253795,74.6403389,107,,40500,32300
841501,Kuchaikote,26.56172,84.35006,107,,27100,21600
841421,Sarhwara,26.056725,84.79173499999999,107,,21100,16900
841422,Sahajitpur,26.0539,84.69315499999999,107,,21000,16800
364720,Paliyad,22.29447,71.53780499999999,107,,33900,27000
841210,Gangpur Siswan,25.941955,84.40696,107,,27800,22200
841202,Basant,25.80654,84.9345,107,,21300,16900
832303,Ghatsila,23.51044,85.369395,107,,33600,26800
829201,Bachra,23.71267,85.113925,107,,19200,15300
829132,Bhandaridah,23.77105,86.063485,107,,30600,24400
563138,Yeldur,13.31648,78.304925,107,,39500,31500
563139,Masthi,12.86297,78.00189499999999,107,,39400,31400
563146,Murugamale,13.453145,78.14700500000001,107,,39500,31500
563161,Gownipalli,13.515315,78.241165,107,,39500,31500
563162,Deshihalli Bangarpet,13.01193,78.227935,107,,39500,31500
563127,Devarayasamudra,13.15,78.30472,107,,39700,31600
563128,Kaiwara,13.333545,77.99179,107,,39400,31400
563129,Kamasamudra,12.847055,78.184405,107,,39400,31400
125054,Bahaudin,29.55891,75.22209000000001,107,,48800,38800
125038,Khanda Kheri,29.205475,76.245015,107,,31500,25100
393040,Dediapada,21.686065,73.67887999999999,107,,22200,17700
570004,Lakshmipuram,12.29772,76.64923999999999,107,,48300,38500
570007,Narasimha Raja Mohalla,12.334575,76.66424,107,,49000,39000
563135,Srinivaspur,13.385465,78.25346,107,,39500,31500
563136,Tayalur,13.051760000000002,78.452755,107,,39500,31400
563137,Tekal,12.953695,78.067875,107,,39500,31500
563101,Kolar,13.16079,78.091675,107,,39400,31400
563103,Tamaka,13.129235,78.21803,107,,39500,31500
563113,Andersonpet,12.902215,78.305395,107,,39400,31400
563114,Bangarpet,13.00434,78.140365,107,,39500,31500
563115,Beml Nagar,12.985885,78.23949999999999,107,,39500,31500
563116,Bethamangala,13.02488,78.35525,107,,39500,31500
563117,Championreefs,12.939145,78.259095,107,,39500,31500
272126,Semariyawan,26.920965,82.90584,107,,25100,19900
563118,Coromandel,12.974705,78.256475,107,,39500,31500
563119,Marikuppam,12.921285,78.2629,107,,39500,31500
563120,Oorgaum,12.94966,78.23719,107,,39500,31400
563121,Oorgaumpet,12.94683,78.35859500000001,107,,39400,31400
563122,Robertsonpet,12.955839999999998,78.30129500000001,107,,39500,31500
563123,Batlahalli,13.584765,78.13925,107,,39500,31500
563125,Chintamani,13.485065,78.04508,107,,39600,31500
563126,Dalasanur,13.1805066,78.2669329,107,,39300,31300
785601,Sarupathar,26.065,93.910655,107,,31000,24700
785602,Barpathar,26.28735,93.79913,107,,31200,24800
785609,Kaziranga National Park,26.62176,93.34873,107,,31100,24800
785102,Dakhin Pat Satra,26.91153,94.279835,107,,36000,28700
794104,Fulbari,25.84188,90.043435,107,,29200,23300
793112,Shella,25.16532,91.66381,107,,47600,38000
793113,Mawsynram,25.259245,91.4962,107,,47600,38000
793107,Bholaganj Bazar,25.171715,91.77356,107,,47600,38000
786002,Assam Medical College,27.54532,94.955275,107,,34000,27200
786005,Jalan Nagar,27.502525,94.91975,107,,34400,27400
785633,Khorikotia,26.560815,94.284075,107,,36100,28700
785622,Dhekial,26.598085,93.94935,107,,30800,24600
785625,Kamarbandha Ali,26.521365,94.061375,107,,30600,24500
785632,Purana Titabor,26.5556,94.138225,107,,35500,28300
785610,Furkating,26.39753,94.01211,107,,30900,24700
785611,Badulipaar,26.700275,93.83913,107,,31100,24800
845415,Chiraiya,26.691995,85.062095,107,,28000,22200
844123,Prataptand,25.882675,85.23335,107,,30000,23900
844101,Hajipur,25.68632,85.213955,107,,29500,23600
843324,Parihar,26.775185,85.688605,107,,23400,18700
843119,Silout,26.002,85.467315,107,,30200,24000
136117,Kalayat,29.695535,76.28076,107,,30900,24600
786006,Lepetkata,27.35744,94.86809,107,,34000,27100
785704,Ongc Jorhat,26.709,94.263035,107,,35900,28600
788114,Dholai Bazar,24.586095,92.843845,107,,28000,22400
787001,North Lakhimpur,27.24068,94.105025,107,,25200,20100
786611,Rajgarh,27.186205,95.090835,107,,34400,27400
786622,Namrup Thermal Power Station,27.160895,95.40936,107,,34200,27300
786190,Hansara,27.57627,95.52593,107,,32500,25900
345026,Sankra,26.694105,71.54616,107,,38300,30600
133001,Ambala G.P.O.,30.34917,76.83452,107,,42100,33500
845411,Areraj,26.56348,84.67252500000001,107,,27900,22200
781141,Bamunigaon,26.00412,91.314685,107,,26800,21300
781104,Kulhati,26.248625,91.62794,107,,26800,21300
781120,Borduar,25.914025,91.446785,107,,26500,21100
781102,Hajo,26.280385,91.510445,107,,26500,21100
781030,North Guwahati,26.23563,91.748425,107,,26400,21000
781012,Pandu,26.16694,91.66434,107,,26500,21100
384305,Kada,23.61171,72.5361,107,,31100,24700
384310,Valam,23.728875,72.469555,107,,30900,24600
783348,Bilasipara,26.229795000000003,90.245905,107,,24600,19600
781300,"Barpeta, Assam · 781300",26.345941,91.039708,107,,40700,32500
145025,Malakpur,32.227305,75.55251999999999,107,,44000,35000
145029,Shahpur Kandi Township,32.3945,75.70389,107,,44100,35100
782485,Donkamokam,25.923175,92.66422,107,,21300,17000
781016,Gopinathnagar,26.163375,91.74804,107,,26600,21200
781018,Binovanagar,26.149915,91.739515,107,,26700,21300
425111,Parola,20.851865,75.10284999999999,107,,32900,26200
786184,Chabua,27.53513,95.123105,107,,34400,27400
786125,Tinsukia,27.48719,95.35667,107,,32300,25800
785006,Jorhat Reserch Lab,26.73236,94.129855,107,,36200,28800
785009,Na Ali Dhekiajuli,26.662515,94.19773,107,,35800,28500
784526,Dimakuchi,26.785005,91.80525,107,,27900,22300
144629,Lohian,31.141225,75.12124,107,,44900,35800
783384,Abhayapuri,26.360285,90.704,107,,29700,23700
783371,Chapar,26.25822,90.437655,107,,24800,19800
788817,Behara Bazar,25.004925,92.68097,107,,28500,22700
144530,Jaijon,31.35973,76.11023,107,,43300,34500
345022,Ramgarh,27.428715,70.107715,107,,38300,30600
345024,Bhaniyana,26.6688,71.80067500000001,107,,38300,30600
786192,Hijiguri,27.489725,95.329545,107,,32300,25800
786601,Hoogrijan,27.422505,95.309475,107,,32300,25800
786602,Duliajan,27.342135,95.289995,107,,34400,27400
786182,Ledo,27.31104,95.780925,107,,32300,25800
387115,Alindra,22.701885,72.976725,107,,48600,38800
384360,Dharoi DSC,23.964035000000003,72.81345,107,,31100,24700
387430,Sinhuj,22.8442,72.894025,107,,48300,38500
387520,Limbasi,22.604275,72.61292,107,,48700,38800
387530,Matar,22.65443,72.57067,107,,48700,38800
387345,Narsanda,22.61547,72.87845,107,,49000,39000
387365,Torna,22.9807,72.983035,107,,48300,38600
175011,Karsog,31.368250000000003,77.268495,107,,40300,32100
754103,Jagatsinghpur,20.256205,86.18195499999999,107,,23500,18700
754025,Choudwar,20.550265000000003,85.96414999999999,107,,32100,25600
741502,Bagula,23.35136,88.658105,107,,25300,20200
174302,Dhussara,31.55941,76.21147500000001,107,,47400,37800
754003,Govindpur,20.32454,85.998345,107,,32600,25900
441909,Mohadi,21.32656,79.641835,107,,26400,21100
387305,Alina,22.80706,73.047195,107,,48200,38400
387002,Patel Society Area Tso Nad,22.69848,72.83983,107,,48700,38800
768212,Rengali,21.68399,84.05331000000001,107,,47200,37600
752114,Rench,20.095225,85.9422,107,,23700,18900
752109,Astarang,19.97366,86.293755,107,,24100,19200
752092,Godipada,20.034875,85.208585,107,,25200,20100
752083,Nuagaon,20.2323,84.943445,107,,24900,19800
173205,Baddi,30.975335,76.80527000000001,107,,51000,40600
327601,Bagidora,23.30246,74.204015,107,,21500,17200
327801,Kushalgarh,23.177275,74.51295999999999,107,,21600,17200
765022,Gunupur,19.07285,83.907535,107,,24600,19600
332307,Tihawali,28.1122,75.07948999999999,107,,36200,28900
332027,Piprali,27.65321,75.290175,107,,36700,29200
332030,Singrawat,27.46007,74.89646,107,,36700,29200
172114,Kaza,32.54595,78.06674000000001,107,,35900,28700
755028,Kalaringatta,21.05807,85.79595,107,,23100,18400
760005,Hillpatna,19.2944,84.79997,107,,22400,17800
768218,Belpahar,21.8166,83.86827,107,,47600,37800
480441,Parasia,22.210225,78.81117,107,,37000,29400
480551,Junnardeo,22.117655,78.495985,107,,36500,29100
480108,Lodhikheda,21.57141,78.882285,107,,36400,29000
411030,S.P. College,18.504985,73.841465,107,,59300,47200
177034,Pirsaluhi,31.724595,76.29234500000001,107,,40900,32600
688570,Perumbalam,9.852575,76.35731000000001,107,,57500,45800
508233,Munagala,17.056825,79.847795,107,,41600,33200
508238,Gudibanda,16.92587,79.95189,107,,41300,33000
458220,Sarwania Maharaj,24.6154,74.95715,107,,24800,19800
176053,Fatehpur,32.091134999999994,75.92712,107,,41500,33000
504346,Indervelli,19.49281,78.66644,107,,28400,22600
500023,Yakutpura,17.385699001729336,78.46246719360353,107,,31500,25200
487555,Kaudia,23.002375,78.787075,107,,25500,20300
314403,Simalwara,23.52473,73.70436000000001,107,,22900,18200
314028,Punali,23.809655,73.90951999999999,107,,22900,18200
480559,Tamia,22.42927,78.47565499999999,107,,37100,29500
711109,Danesh Sk.Lane,22.562315,88.281215,107,,45000,35800
175106,Balichowki,31.66108,77.27518,107,,39700,31600
175126,Shamshi,31.889245000000003,77.06887,107,,32000,25400
466445,Budhni T.N.,22.747860000000003,77.65671499999999,107,,28600,22700
466448,Baktara,22.880325,77.974795,107,,28500,22700
466651,Shyampur,23.40185,77.069705,107,,28500,22700
462024,H.E. Hospital,23.219355,77.45083,107,,38900,31000
462026,University,23.20081,77.45569499999999,107,,39300,31300
322241,Karauli,26.521285,77.03183999999999,107,,52500,41900
442604,Ghot,19.77469,80.111205,107,,32500,25900
176055,Thill,31.942065,76.38332,107,,40600,32400
691535,Nilamel,8.826025000000001,76.87591,107,,55100,44000
731127,Md.Bazar,24.020375,87.52857,107,,26000,20800
722205,Indas,23.132455,87.632935,107,,18000,14400
711313,Sankrail,22.555825,88.210375,107,,44900,35700
711104,Santragachi,22.582265,88.3047,107,,44700,35600
673639,Areacode,11.2347,76.06749,107,,41900,33400
673640,Vazhakkad,11.235,75.93252000000001,107,,42100,33500
209622,Amratpur,27.551395,79.57702,107,,20300,16200
521101,Gannavaram,16.57361,80.785505,107,,47300,37600
305816,Tiloniya,26.639515,74.9774,107,,34900,27700
305817,"Central University of Rajasthan,Bandar Sindari",26.625865,75.02468999999999,107,,34400,27500
411005,Shivajinagar,18.53309,73.849885,107,,59100,47100
670612,Anjarakandy,11.884815,75.51691,107,,41900,33400
209112,Amraaudha,26.16713,79.80663,107,,26600,21200
680101,Guruvayur,10.593875,76.04212000000001,107,,58300,46500
679536,Chalisseri,10.751565,76.08884499999999,107,,45100,35900
678573,Paruthipulli,10.754015,76.517275,107,,45200,35900
305802,Kishangarh City,26.5293,74.84398,107,,34700,27600
305415,Baghera,26.059195000000003,75.28044,107,,34400,27400
518145,Nossam,15.02115,78.38946,107,,34600,27600
683501,Udyogamandal,10.07038,76.30781,107,,71600,57200
683579,Kurumassery,10.18567,76.32525000000001,107,,71600,57100
686539,Thottakadu,9.52406,76.60367500000001,107,,58900,47000
306503,Somesar,25.572575,73.490045,107,,29600,23600
682501,Ayyampilly,10.11391,76.19851,107,,71900,57300
517645,Buchinaidu Kandriga,13.686765,79.86433,107,,43000,34200
517541,Varadaiahpalem,13.59472,79.882105,107,,42500,33900
685614,Talliar,10.22502,77.10173,107,,57300,45500
685601,Kulamavu,9.802475,76.894095,107,,57400,45700
176028,Haripur,31.951345,76.138255,107,,40900,32600
176095,Jaisinghpur,31.916,76.59779,107,,40800,32500
176096,Lambagaon,31.926395,76.56006,107,,40800,32500
176101,Dheera,32.01296,76.406195,107,,40800,32600
686672,Arakuzha,9.91958,76.60090500000001,107,,72800,57900
686583,Kidangoor South,9.665565,76.60687999999999,107,,58900,47000
176311,Mehla,32.47764,76.234285,107,,32500,25900
683578,Chengamanad,10.156524999999998,76.318,107,,72500,57800
641049,Chinnavedampatti,11.068225,76.975985,107,,63500,50600
638315,Sakthinagar,11.50491,77.57158999999999,107,,66200,52700
638313,Kugalur,11.487525000000002,77.50383500000001,107,,65100,52000
638314,Olagadam,11.59243,77.65632,107,,66000,52600
636811,Perumbalai,11.983145,77.95770999999999,107,,36400,29000
636813,Biliyanur Agraharam,12.110615,77.961325,107,,36400,29000
636902,Eachambadi,12.16751,78.51604,107,,36300,29000
636903,Harur,11.967715,78.53109,107,,36400,29000
845458,Manguraha,26.575955,84.61057,107,,27900,22200
845429,Pipra Factory,26.55723,84.937465,107,,28000,22200
845431,Raghunathpur Bazar,26.807865,84.84140500000001,107,,27900,22200
845433,Ramgahrwa,26.883470000000003,84.7933,107,,27900,22200
388421,Changa,22.592855,72.80671000000001,107,,48900,38900
389115,Morva Hadaf,22.9684,73.854895,107,,24200,19300
389230,Lunawada,23.21325,73.697825,107,,24600,19600
403204,St. Lourence,15.425445,73.90120999999999,107,,63700,50700
522313,Kuchipudi,16.177750000000003,80.65928,107,,42400,33800
641663,Mangalam,11.08614,77.25254000000001,107,,63400,50500
522617,Rompicherla,16.18884,79.90741,107,,42400,33800
522414,Dachpalle,16.62697,79.737,107,,41900,33500
522435,Machavaram,16.619355,79.845415,107,,42500,33900
522408,Muppalla,16.330655,80.09898000000001,107,,42600,33900
210421,Charkhari State,25.3615938,79.706011,107,,24700,19700
845436,Tetaria Factory,26.406195,85.20619500000001,107,,27700,22100
522233,Edlapadu,16.162975,80.233315,107,,42300,33700
522234,Nadendla,16.196595000000002,80.191615,107,,42400,33800
522202,Morrispeta,16.243395,80.65329,107,,42100,33600
521178,Chillakallu,16.90732,80.18095,107,,47300,37600
676103,Thalakkadathur,10.930945,75.946325,107,,42500,33800
642004,Uthukuli Zamin,10.635285,76.96493,107,,64200,51100
670007,Thottada,11.84143,75.41137,107,,41200,32900
303502,Geejgarh,26.865085,76.6704,107,,32900,26300
632202,Latteri,12.996245,79.058165,107,,41100,32800
531173,Pendurthy,17.83802,83.235265,107,,51100,40700
531219,R P Agraharam,17.984445,83.31959,107,,51200,40700
533237,Vubalanka,16.799965,81.81821,107,,39300,31300
533126,Kadiyam,16.880125,81.822355,107,,39900,31700
852105,Bhaptiyahi Bazar,26.32541,86.707965,107,,25500,20300
847408,Madhepur,26.13755,86.41947,107,,24200,19200
622505,Ramachandrapuram,10.22283,78.78417999999999,107,,30500,24300
530049,Sez,17.710425,83.15348499999999,107,,50800,40500
530016,Akkayyapalem,17.73253,83.30011,107,,50300,40100
530017,L B Colony,17.73348,83.33717999999999,107,,50300,40100
530005,Gandhigram,17.665875,83.27320499999999,107,,50400,40200
524413,Vidyanagar,14.045295,80.015725,107,,35800,28500
524415,Vakadu,14.002385,80.0909,107,,35800,28500
524421,Menakur,13.914725,79.76747,107,,35800,28500
636705,Dharmapuri Collectorate,12.10452,78.12395,107,,36300,29000
636809,Paupparapatti,12.21893,78.04092,107,,36400,29000
636810,Pennagaram,12.086765,77.8331,107,,36400,29000
524132,Venkatagiri Town,13.954275,79.54585,107,,35700,28500
531113,Makavarapalem,17.641795000000002,82.72173,107,,50600,40300
531114,Kothakota,17.725365,82.71039999999999,107,,50900,40500
530052,Anandapuram,17.91207,83.348525,107,,51000,40500
531011,Atchutapuram,17.528750000000002,83.010605,107,,50400,40200
531019,Jawaharlalnehru Pharmacity,17.69652,83.084,107,,50600,40300
636904,Menisi,11.96989,78.37711999999999,107,,36300,29000
636905,Pappireddipatti,11.873955,78.39934,107,,36400,29000
636906,Tirtamalai,12.112275,78.598705,107,,36400,29000
636803,Indur,12.10842,78.040235,107,,36400,29000
636805,Mallupatti,12.415565,78.05769,107,,36300,29000
636806,Marandahalli,12.42735,77.91899000000001,107,,36400,29000
636807,Nallampalli,12.024495,78.063305,107,,36300,29000
636808,Palacode,12.29062,78.00377499999999,107,,36400,29000
126114,Shamlo Kalan,29.226435,76.385785,107,,32100,25500
126116,Narwana,29.6622,76.10162,107,,31800,25300
126101,Julana,29.130915,76.40544,107,,32100,25500
126112,Safidon,29.372745,76.64578,107,,31500,25200
125075,Siri Jiwan Nagar,29.578665,74.690155,107,,48800,38800
125078,Baragudha,29.677135,75.08711,107,,48300,38500
591220,Harugeri,16.527465,74.9863,107,,28800,23000
563134,Rayalpadu,13.528325,78.33085,107,,39400,31400
591316,Ugarkhurd,16.636055,74.80624499999999,107,,28900,23100
591309,Hukeri,16.267445000000002,74.63224500000001,107,,28900,23100
591310,Kulgod,16.273744999999998,75.05738,107,,28800,23000
591311,Kudchi,16.60633,74.886075,107,,29000,23100
561228,Vatadahosahalli,13.72173,77.61788,107,,39400,31400
562103,Nandi,13.380475,77.714335,107,,39400,31400
562104,"Chikkaballapura, Karnataka",13.5897941,77.778793,107,,39300,31300
560085,Banashankari,12.924,77.563,107,102.0,76400,61000
274808,Chakara Gosai,26.28808,83.88114999999999,107,,22600,18000
274602,Bhagalpur,26.155975,83.891885,107,,22800,18200
274603,Gaura Jai Nagar,26.314785,83.68937,107,,22700,18100
274604,Paina,26.251600000000003,83.81337500000001,107,,22800,18100
604504,Tirumani,12.60627,79.36405500000001,107,,32200,25700
600085,Kotturpuram,13.01663,80.24305000000001,107,,67700,53900
600090,Besantnagar,12.999865,80.268895,107,,68000,54100
600036,Indian Institute Of Technology,12.994945,80.233355,107,,68300,54300
533463,Tallarevu,16.745269999999998,82.25359499999999,107,,39200,31300
277210,Chhata,25.83498,84.244835,107,,25600,20400
624621,Pappampatti,10.429695,77.370495,107,,39900,31800
621316,Viralimalai,10.587385,78.54009500000001,107,,30100,24000
534324,Vadali,16.668844999999997,81.78151,107,,42700,34000
534260,Palakol,16.511155000000002,81.72643500000001,107,,42500,33900
591315,Shedbal,16.703090000000003,74.781105,107,,28800,23000
609108,Puthur,11.28933,79.695245,107,,35500,28300
571403,Guthal Colony,12.49208,76.901455,107,,40100,31900
571404,Acetate Town,12.54355,76.95482999999999,107,,40000,31900
581337,Idgundi,14.82164,74.57538500000001,107,,37600,30000
573134,Sakleshpur,12.89406,75.69932,107,,39500,31400
572220,Kallur,13.19148,76.825675,107,,37000,29500
572134,Nagasandra,13.04043,76.93688499999999,107,,37100,29500
583120,Sirigere,15.41299,76.80803,107,,47600,37900
828301,Bhaga,23.72818,86.40399500000001,107,,40500,32200
584167,Dhadesugur,15.651845,76.85081,107,,30600,24400
584126,Mosarkal,16.37743,77.04909,107,,30500,24300
583126,Chikkajogihalli,14.713035,76.48989499999999,107,,47600,37900
583119,Sandur,15.114895,76.526585,107,,47700,37900
572111,Amruthur,12.874965,76.93834,107,,36700,29300
571436,Santhebachahalli,12.78136,76.56503000000001,107,,40000,31800
571446,Keragodu,12.656185,76.92421,107,,40000,31900
571433,Nidaghatta,12.631585,77.08353500000001,107,,40000,31900
585317,Malkhed,17.223464999999997,77.12098499999999,107,,22400,17800
585302,Alund,17.554315000000003,76.51509999999999,107,,22200,17700
571116,Kabini Colony,11.892975,76.29007999999999,107,,48500,38700
570003,Note Mudran Nagar,12.37439,76.65522,107,,48300,38500
571250,Kutta,12.030175,76.096935,107,,37100,29500
571232,Kudige,12.536765,75.9618,107,,37300,29700
571234,Kushalnagar,12.432695,75.90833,107,,36800,29400
584140,Gunjahalli,16.001645,77.414105,107,,30500,24300
563130,Malur,13.014595,77.97012000000001,107,,39500,31400
563131,Mulbagal,13.231785,78.3931,107,,39400,31400
563132,Nangli,13.22828,78.499785,107,,39400,31400
563133,Narasapura,13.14117,78.012035,107,,39500,31500
585436,Thanna Kushnoor,18.16635,77.34156,107,,21200,16900
585413,Halbarga,17.980035,77.304585,107,,21300,16900
585353,Maniknagar,17.82623,77.115525,107,,21000,16800
585329,Hoodgi,17.75975,77.23757499999999,107,,21100,16800
803118,Sohsarai,25.25878,85.50888,107,,21300,17000
802158,Jagdishpur,25.46188,84.43649500000001,107,,22500,17900
370435,Bidada,22.90686,69.49867499999999,107,,35200,28100
370210,Kandla Port,23.010675,70.1756,107,,35200,28100
370110,Anjar,23.106935,70.01139,107,,35800,28500
788712,Settlement Road,24.86702,92.30908,107,,24600,19600
788723,Baraigram,24.738065,92.310355,107,,24500,19500
788710,Karimganj,24.86996,92.35365,107,,24700,19600
413523,Kingaon,18.71437,76.778915,107,,39000,31100
802162,Nawada Ben,25.53489,84.55554000000001,107,,22500,17900
143112,Rayya,31.507240000000003,75.18929,107,,41700,33200
802101,Buxar,25.57251,83.97656,107,,21600,17200
361310,Salaya,22.349825000000003,69.559795,107,,37200,29600
362240,Shil,21.224045,70.05378999999999,107,,34400,27400
803215,NTPC Barh,25.485095,85.738745,107,,21300,17000
803216,Ramchandrapur,25.17237,85.5103,107,,21300,17000
803115,Pawapuri,25.10394,85.54632000000001,107,,21300,17000
803101,Biharsharif,25.202925,85.52895,107,,21300,17000
803107,Asthawan,25.2372,85.63918000000001,107,,21400,17000
362120,Sarsai,21.31281,70.627325,107,,34900,27700
415114,Supane,17.319049999999997,74.093985,107,,39800,31700
415107,Targaon,17.516175,74.152845,107,,39800,31800
413520,Ausa,18.201095,76.44557,107,,38000,30200
413521,Nilanga,18.14756,76.72721999999999,107,,39100,31100
364270,Palitana,21.523155,71.81608,107,,34500,27400
813110,Panjwara,24.92623,87.11440999999999,107,,27000,21600
413516,Killari,18.144685,76.559065,107,,38000,30200
413517,Udgir,18.417630000000003,77.0836,107,,38000,30200
364050,Bhandariya,21.586995,72.12549,107,,33900,27000
841219,Parsa,25.879585,85.04818,107,,21400,17000
803111,Nalanda,25.140735,85.45694,107,,21300,17000
803113,Nursarai,25.298785,85.460665,107,,21400,17000
110023,Sarojini Nagar,28.575245,77.19862499999999,106,,78600,62900
D688159,"Jagatsinghapur, Odisha · D688159",20.1801473,86.3414874,106,,39800,31900
110067,J.N.U.,28.54129,77.16915,106,,79400,63500
394680,Ukai Dam,21.260375000000003,73.52911499999999,106,,49300,39400
394630,Buhari,20.973765,73.34503000000001,106,,49500,39600
D649886,"Chitradurga, Karnataka · D649886",14.3049174,76.5296667,106,,39900,31900
110022,R K Puram Sect-5,28.56351,77.17525499999999,106,,78500,62900
788801,Kalinagar,24.811895,92.632855,106,,22500,18100
574198,Kokkada,12.90037,75.44720000000001,106,,48600,38900
741155,Palashipara,23.803525,88.471145,106,,24700,19800
741125,Belpukur,23.46481,88.433585,106,,24700,19800
741126,Bethuadahari,23.62498,88.40083,106,,24600,19800
741127,Birnagar,23.252635,88.56148,106,,24700,19800
741138,Dharmada,23.560975,88.38654,106,,24600,19700
175016,Ladbharole,31.93299,76.72346999999999,106,,39500,31500
176205,Kotla,32.246595,76.015085,106,,40200,32100
812001,Bhagalpur,25.252005,86.99597,106,,29400,23500
741150,Kaliganj,23.717415,88.221425,106,,24700,19800
741101,Krishnanagar,23.40539,88.47677999999999,106,,24700,19800
741103,Ghurni,23.53443,88.49135999999999,106,,24700,19800
741167,Bhimpur,23.43926,88.6481,106,,24700,19800
176033,Guler,32.00563,76.118075,106,,39900,31900
176209,Gaggal,32.16027,76.273035,106,,40500,32300
686584,Cherpunkal,9.68173,76.63848999999999,106,,58100,46500
201019,Vaishali,28.64445,77.3451,106,,40000,32000
517123,Sodam,13.507575,78.930995,106,,41500,33300
572225,Sampige,13.26514,76.787695,106,,36400,29100
576229,Siddapura,13.70384,74.8878,106,,37900,30300
854203,Barhara Kothi,25.758495,87.086505,106,,24300,19400
396580,Vansda,20.700290000000003,73.36610999999999,106,,32300,25900
788108,Kumbhir,24.98553,93.00517,106,,27600,22100
788109,Kumbhirgram Airport,24.893115,92.959365,106,,27500,22000
572112,Badavanahalli,13.690385,77.0838,106,,36300,29000
577419,Jade,14.560185,75.08513500000001,106,,40400,32400
392170,Kavi,22.173215,72.624755,106,,35900,28700
572212,Banasandra,13.2242,76.611875,106,,36000,28800
788126,Binnakandi Ghat,24.73923,92.975685,106,,27400,22000
788155,Ratanpur Road,24.679055,92.620485,106,,22600,18100
788111,Dalu,24.989735,92.785665,106,,27600,22100
788112,Derby,24.695665,92.808175,106,,27800,22200
788113,Dwarband,24.565075,92.71393,106,,27700,22200
201014,Shipra Sun City,28.649755,77.37695,106,,39700,31800
686538,Vakathanam,9.504915,76.575175,106,,58600,46800
416704,Pachal,16.69934,73.76044,106,,37400,30000
201010,I.E.Sahibabad,28.652875,77.34716,106,,39900,31900
416701,Lanja,16.82777,73.58312000000001,106,,37400,30000
416702,Rajapur,16.611545,73.52019999999999,106,,37400,30000
201011,Chander Nagar,28.663995,77.337175,106,,39900,31900
201012,Vasundhra,28.66006,77.37411499999999,106,,39700,31800
682316,Kunnackal,9.981215,76.535755,106,,71100,56800
682551,Androth,10.811979999999998,73.679085,106,,44800,35800
201005,Sahibabad,28.68256,77.361535,106,,39700,31800
201006,Chikamberpur,28.6935,77.34203,106,,39700,31800
683511,Alangad,10.121875,76.298625,106,,71400,57000
683575,Kanjoor,10.14125,76.43069,106,,71200,56900
306602,Chanod,25.52089,73.10525,106,,28500,22800
787054,Islamgaon,27.03858,94.005825,106,,24300,19500
787057,Dhemaji,27.494095,94.553315,106,,24400,19500
787058,Machkhowa,27.316885,94.58292,106,,24500,19500
787060,Jonai,27.76811,95.264345,106,,24400,19500
571450,Keelara,12.607875,76.94886,106,,39300,31400
571463,Purigali,12.28733,76.98329,106,,38900,31200
571475,Hadli,12.4221,77.131415,106,,39300,31400
572104,Kyathasandra,13.33492,77.16969,106,,36300,29000
571418,Bellur,12.950235,76.774905,106,,39000,31200
271609,Chamrupur,27.298405,82.304885,106,,22000,17600
391761,Rustampura,22.280225,73.51556,106,,42600,34100
391770,Savli,22.58963,73.24783500000001,106,,42200,33800
571422,Bharathinagar,12.520455,77.04346000000001,106,,39300,31400
854316,Bathnaha,26.362015,87.23163,106,,24100,19300
391775,Tundav,22.49383,73.20644,106,,42200,33800
571213,Gonikoppal,12.17012,75.97624,106,,36200,29000
271604,Utraula,27.298485,82.43205,106,,21900,17500
271607,Sriduttganj,27.332140000000003,82.29846,106,,21600,17300
583124,Yeshwantnagar,14.993575,76.44547,106,,46900,37500
583128,Choranur,14.93597,76.556855,106,,46900,37400
571231,Kodlipet,12.79685,75.91604000000001,106,,36500,29100
571247,Bhagamandala,12.343185,75.47995,106,,36000,28800
581205,Shiggaon,15.062185,75.21212,106,,26600,21300
583134,Kottur,14.83692,76.23823,106,,46300,37000
851115,Barauni Urvark Nagar,25.43164,86.03225,106,,24900,19900
851117,Refinery Township,25.422615,86.11281500000001,106,,24800,19800
582113,Dambal,15.285445,75.842015,106,,29000,23200
786170,Makum Junction,27.479935,95.472965,106,,31800,25500
786171,Digboi,27.451655,95.596595,106,,32300,25800
851204,Khagaria Mukhya Dakghar,25.51723,86.39156,106,,27300,21900
787061,Simen Chapori,27.679255,94.973045,106,,24500,19500
786183,Panitola,27.457415,95.26717,106,,31900,25500
786189,Dinjan,27.535185,95.263905,106,,31900,25500
787110,Sissiborgaon,27.515155,94.724935,106,,24400,19500
416713,Bhoo,16.74022,73.47873,106,,37400,30000
685532,Peruvanthanam,9.54164,76.95728,106,,55300,44300
683571,Chowara,10.14033,76.384095,106,,70300,56300
683502,Binanipuram,10.08683,76.303135,106,,69900,56100
685585,Thodupuzha East,9.872355,76.752895,106,,55600,44500
685589,Moolamattom,9.77305,76.85369499999999,106,,55900,44600
685562,Kallarkutty,9.96548,76.988,106,,55700,44500
416705,Oni,16.72788,73.586285,106,,37400,30000
416707,Adivare,16.716715,73.361965,106,,37400,30000
416709,Sagave,16.52711,73.388205,106,,37400,30000
416712,Devadhe,16.860405,73.49314000000001,106,,37400,30000
174103,Barotiwala,30.90549,76.86729,106,,49700,39800
174317,Bhadsali,31.476805,76.175455,106,,46800,37400
422002,Gole Colony,19.99838,73.77006499999999,106,,34000,27100
741401,Dignagar,23.32022,88.467365,106,,24700,19800
741164,Dayer Bazar,23.46966,88.54028,106,,24800,19900
741165,Nazirpur,23.89574,88.55261,106,,24700,19800
583280,Hanumanhal,15.850715,75.90698499999999,106,,32200,25700
441915,Sihora,21.46042,79.846745,106,,26200,20900
786155,Sadiya,27.86497,95.59379,106,,31900,25500
786156,Talap,27.677875,95.547775,106,,31800,25400
585218,Nalwar,16.89114,77.027515,106,,21700,17400
585304,Bijaspur,16.5156,76.85012499999999,106,,17200,13800
561213,Thondebhavi,13.50185,77.482255,106,,38300,30700
391160,Pavijetpur,22.358785,73.849805,106,,42700,34200
561210,Hossur,13.588225,77.434545,106,,38300,30700
561211,Manchennahalli,13.492965,77.605545,106,,38300,30700
585330,Humnabad,17.754635,77.111595,106,,20700,16600
403406,Tisca,15.42067,74.15258499999999,106,,62200,49700
585202,Yadgiri Station,16.773605,77.10379,106,,17200,13800
391780,Bhadarwa,22.51078,73.14998,106,,42600,34100
390017,Wadi S.N. Road,22.295865,73.2145,106,,42600,34100
741503,Banpur,23.462475,88.767915,106,,24700,19800
741509,Chandannagar,23.42001,88.68025,106,,24800,19800
741315,Swarupganj,23.40939,88.40958,106,,24700,19800
360035,Lodhika,22.147265,70.622525,106,,46200,37000
679551,Anakkara,10.811735,76.05336,106,,43600,34900
679335,Nellaya,10.874295,76.27725000000001,106,,44000,35100
679523,Kavalappara,10.7718,76.311195,106,,43500,34800
205247,Ajitganj,27.14964,79.10978,106,,28800,23100
679552,Kumaranellur,10.77368,76.06214,106,,43600,34900
678001,Palakkad,10.771045,76.660105,106,,44200,35300
360021,Rajkot Metoda Gidc,22.243365,70.61634000000001,106,,46100,37000
679505,Chalavara,10.836415,76.303765,106,,43300,34700
360050,Jasdan,22.115625,71.27058,106,,46100,37000
425112,Deogaon,20.805025,75.08243,106,,32300,25800
753002,Chandinchowk,20.46712,85.85827,106,,31800,25400
811302,Barhiya,25.25302,86.04074,106,,25000,20000
811304,Chewara,25.053585,85.918105,106,,25800,20700
753009,Telenga Bazar,20.459905,85.87578500000001,106,,31700,25400
753010,Madhupatna,20.44198,85.905875,106,,31800,25400
209504,Manjhana,27.459565,79.44234,106,,20100,16000
305630,Jamola,26.10777,74.611815,106,,34100,27200
231210,Ghorawal,24.782905,82.72092,106,,19500,15600
848201,B.Bazar,25.57937,86.27906,106,,24900,19900
848202,Meghaul,25.672395,86.066125,106,,24700,19800
231304,Chunar,25.06197,82.69008,106,,19500,15600
231309,Kubari Patehara,24.934255,82.555095,106,,19400,15500
231301,Ahraura,24.99914,83.00169500000001,106,,19500,15600
785626,Maheema,26.61052,94.04575,106,,30000,24100
848204,Garhpura,25.687875,86.15217,106,,24800,19800
851111,Bachhawara,25.568195,85.89878,106,,24800,19800
786010,Lahoal,27.413185,95.016425,106,,33400,26800
786101,Dikom,27.433525,95.10276,106,,33300,26700
786102,Chabua Air Field,27.46289,95.12007,106,,33700,26900
785603,Oating,26.36264,93.99974,106,,30300,24200
786003,Central Revenue Building,27.39747,94.954745,106,,33200,26600
442404,Chandrapur TPS,20.132675,79.35096999999999,106,,29600,23600
521150,Kaja,16.19351,80.98604,106,,46000,36800
425424,Purushottam Nagar,21.580035,74.559865,106,,20100,16100
522009,Perecherla Junction,16.332475000000002,80.368465,106,,41600,33300
172105,Karcham,31.42743,78.156465,106,,44800,35900
753011,Gopalpur,20.40364,85.91775,106,,31800,25400
754004,Niali,20.125475,86.10084,106,,31700,25400
521230,Mylavaram,16.7875,80.688985,106,,45900,36700
521241,Railway Wagon Work Shop,16.586645,80.564595,106,,45900,36700
521245,Akunuru,16.3953,80.817385,106,,46300,37000
522211,Angalakudur,16.222485,80.59418,106,,41800,33400
522212,Chebrole,16.17223,80.490905,106,,41800,33400
425114,Neri BK,20.814395,75.64862,106,,32400,25900
425201,Bhusawal,21.041110000000003,75.7904,106,,31700,25400
604401,Anukkavoor,12.61146,79.560295,106,,31600,25300
604408,Vandavasi,12.52588,79.618675,106,,31500,25200
847405,Kurso Nadiami,26.11523,86.26907,106,,22100,17700
847407,Lohna Road,26.213945,86.2307,106,,22200,17700
132116,Taraori,29.77304,76.910855,106,,36600,29300
847306,Pindaruch,26.24272,85.8414,106,,22000,17600
847307,Ratanpur,26.289405,85.745515,106,,22000,17600
847337,Ryam Factory,26.27901,86.001745,106,,22000,17600
604405,Marudadu,12.4665,79.64840000000001,106,,31500,25200
604406,Tellar,12.402085,79.58248,106,,31500,25200
231207,Dalla,24.391785,83.112845,106,,22200,17700
585416,Hulsoor,18.05909,77.018925,106,,20800,16600
585417,Kamalnagar,18.238175,77.210475,106,,20700,16600
754026,Daulatabad,20.506975,85.899655,106,,31800,25400
754028,Charbatia,20.60935,85.85259500000001,106,,32000,25500
425113,Bahadarpur,20.92402,75.01597,106,,31800,25500
754082,Byree,20.683775,85.977755,106,,22800,18200
754201,Rameswar,20.535765,86.070515,106,,31900,25500
754204,Kuanpal,20.603315,86.168245,106,,31600,25300
425203,Bhusawal Ordnance Factory,21.066885,75.797955,106,,31700,25400
754139,Ersama,20.190545,86.45151999999999,106,,22900,18300
521457,Kumaraswamy Raja Nagar,16.841015,80.11656500000001,106,,45400,36400
803213,Barh,25.413795,85.70446,106,,30300,24300
755005,Brahmabarada,20.71496,86.257915,106,,22300,17900
755011,Mangalpur,20.797385,86.561965,106,,22800,18200
487001,Narsinghpur,22.797395,79.32920999999999,106,,24800,19900
523186,Uppugundur,15.67381,80.19966,106,,39100,31300
757085,Kushalda,21.626060000000003,86.66269,106,,24800,19900
522426,Macherla,16.50319,79.35804999999999,106,,41600,33200
638183,Komarapalayam,11.45139,77.72466,106,,50000,40100
486001,Rewa,24.524435,81.29008,106,,29900,23900
757087,Brundaban Chandrapur,21.68041,86.50353000000001,106,,25000,20000
314402,Dhambola,23.60795,73.77586500000001,106,,22300,17800
638316,Vasavi College,11.43644,77.659205,106,,64600,51700
785615,Numaligarh,26.59965,93.724525,106,,30300,24300
784161,Bihupuria,27.001695,93.95808,106,,24400,19600
847427,Ghanshyampur,26.005675,86.328165,106,,22100,17700
847428,Bharathi,26.163725,85.79959,106,,22000,17600
785010,Chengeli Gaon,26.772295,94.26914,106,,35200,28100
785013,Assam Agriculture University,26.722925,94.19382,106,,34800,27800
785613,Letekujaan,26.498215,93.80879,106,,30200,24200
606904,Mandakolathur,12.458939999999998,79.18560500000001,106,,31500,25200
609301,Akkur,11.104895,79.81108,106,,34300,27500
604501,Desur,12.41942,79.48518,106,,31700,25300
604503,Pernamallur,12.578195,79.42143999999999,106,,32000,25500
606105,Pennadam,11.41551,79.266975,106,,30300,24200
847422,Manigachi,26.181075,86.16824,106,,21900,17500
847423,Putai,26.148575,86.21774500000001,106,,21900,17600
609105,Kaveripattinam,11.14168,79.84191,106,,34500,27600
606801,Chettupattu Polur,12.48743,79.341755,106,,31600,25300
761104,Kabisuryanagar,19.5823,84.761965,106,,21700,17400
761037,Surangi,19.171995000000003,84.54035999999999,106,,22000,17600
482056,Bargi Nagar,22.91325,79.919175,106,,27100,21800
313906,Ogna,24.47265,73.3838,106,,34100,27300
483220,Panagar,23.304815,79.977045,106,,27300,21800
802209,Tarari,25.211375,84.43650500000001,106,,22200,17700
765002,Rayagada S.F.,19.10393,83.332345,106,,24400,19500
332311,Lachhmangarh,27.83378,74.93877,106,,35800,28600
523226,Chimakurty,15.573645,79.86308500000001,106,,38900,31200
415116,Vathar Kiroli,17.501985,74.21891,106,,38900,31100
332029,Ganeri,27.66392,74.734915,106,,35800,28600
332403,Ranoli,27.50043,75.26717500000001,106,,35200,28300
803108,Chandi,25.347935,85.402575,106,,20900,16700
802205,Karath,25.192135,84.36275,106,,21900,17500
523001,Ongole,15.500525,80.060885,106,,38600,31000
638006,Pallipalayam,11.36098,77.75025500000001,106,,51000,40700
413507,Kallam,18.532745,75.996175,106,,38400,30700
845427,Pachpakari,26.613055000000003,85.232095,106,,26800,21500
845432,Rajpur,26.41895,84.881935,106,,27000,21600
614629,Ponbethi,9.918545,79.061935,106,,29900,23800
535145,S Kota,18.16697,83.01463000000001,106,,49200,39400
384340,Sudasana,24.05157,72.68018000000001,106,,30100,24100
384345,Sundhia,23.830525,72.57487,106,,30100,24100
847103,Benipur,26.045875,86.201525,106,,21800,17500
845422,Harsiddhi,26.650825,84.67507,106,,27200,21700
534305,Tadimalla,16.94075,81.557125,106,,41300,33100
471301,Gulganj,24.770395,79.4828,106,,17100,13700
784144,Pathorighat,26.482125,91.895755,106,,27600,22000
384315,Visnagar,23.734815,72.57798,106,,30100,24100
384320,Umta,23.79044,72.5612,106,,30000,24100
384325,Kheralu,23.90717,72.657505,106,,30100,24100
384330,Satlasana,24.03191,72.77696499999999,106,,30100,24100
784525,Kalaigaon,26.58473,91.98253,106,,27400,21900
783393,Boro Bazar,26.683300000000003,90.60426,106,,29400,23500
784154,Ketekibari,26.6617,92.789795,106,,26800,21400
783130,Rangjuli,25.990995,90.93773,106,,25000,20000
841212,Jogia,26.004635,84.45894999999999,106,,20900,16700
638007,Cauvery Railway Station,11.334545,77.78179,106,,50500,40400
638008,Pallipalayamagraharam,11.381775,77.75681,106,,50700,40500
637210,Solasiramani,11.254335,77.85779,106,,50100,40100
637214,Koottapalli,11.33391,77.83591,106,,49900,40000
637215,Kuchi Palayam,11.35875,77.83332,106,,49900,40000
803116,Rajgir,25.030895,85.371605,106,,20600,16500
803119,Rahui,25.277275,85.561185,106,,20800,16700
768040,Tora,21.30843,83.659895,106,,29900,24000
143006,Gandhi Bazar,31.59965,74.90306000000001,106,,41000,32700
802203,Garhani,25.43619,84.56005,106,,22000,17600
765020,Muniguda,19.588225,83.642285,106,,24200,19400
524137,Kovur,14.52055,80.03062,106,,35100,28100
636701,Dharmapuri,12.1596,78.16163,106,,36100,28800
636704,Annasagaram,12.12645,78.19800000000001,106,,36200,28900
636804,Laligam,12.04548,78.183755,106,,36200,28900
637104,Thevur,11.514735,77.74163999999999,106,,49900,40000
413508,Dhoki,18.354135,76.085015,106,,38300,30700
413510,Murud,18.42376,76.22022,106,,38400,30700
413504,Bhoom,18.457055,75.50474,106,,38300,30700
623517,Kilakarai,9.271155,78.77276499999999,106,,41000,32700
283102,Akola,27.090235,77.89518000000001,106,,26000,20800
282002,Sanjay Place,27.196775,77.9921,106,,26000,20800
847104,Bharwara,26.22163,85.763325,106,,21900,17500
847109,Tulapatganj,26.3133,86.34709,106,,23300,18600
845434,Sangrampur,26.466025,84.70898500000001,106,,26800,21500
282006,Yamuna Bridge,27.18789,78.091105,106,,26000,20800
533340,Tapeswaram,16.894655,81.91139,106,,38800,31000
534266,Doddipatla,16.525605,81.83134,106,,41800,33400
533450,Pithapuram,17.10256,82.24540999999999,106,,38800,31000
533308,Mandapeta,16.845615000000002,81.926965,106,,38800,31000
282003,Agra Fort,27.191995,78.01705000000001,106,,26100,20900
282004,Taj Nagari,27.13418,78.062805,106,,26000,20800
282005,Dayal Bagh,27.23665,78.00623,106,,26000,20800
132145,Neoltha,29.29781,76.91163,106,,38000,30400
282008,I. A. F.,27.15728,77.96208,106,,26000,20800
283101,Achnera,27.19645,77.747195,106,,26000,20800
841237,Hussainganj,26.158705,84.31729,106,,27000,21600
523336,Mohiddin Puram,15.61005,78.9196,106,,39400,31400
524129,Pellakur,13.805545,79.810805,106,,34900,28000
524131,Jayampu,14.05188,79.775765,106,,35000,28000
480107,Umaranala,21.874615,78.93468999999999,106,,35600,28500
365450,Kunkavav,21.66608,70.98773,106,,25800,20600
524201,Kavali,14.90107,79.98082,106,,35100,28100
480109,Piplanarayanwar,21.57497,78.710985,106,,35700,28600
768219,Lakhanpur,21.755875,83.73026,106,,46000,36800
768220,Bagdehi,21.92931,84.13842,106,,46300,37000
781022,Khanapara,26.123275,91.823065,106,,26200,20900
384435,Linch,23.502075,72.359715,106,,30100,24100
384221,Vadavali,23.623125,72.120015,106,,24300,19400
384230,Kamboi,23.66076,72.00936,106,,24200,19300
782143,Silghat,26.595125000000003,92.905835,106,,24600,19600
782144,Baligaon,26.27012,92.641065,106,,24700,19800
474004,Birla Nagar,26.233365,78.19055,106,,33000,26400
283104,Bah,26.85031,78.58839499999999,106,,26000,20800
283110,Fatehapursikari,27.09382,77.69126,106,,26000,20800
283111,Fatehabad,27.052715,78.28422,106,,26000,20800
283112,Iradat Nagar,26.93162,78.03147,106,,26000,20800
384421,Jhotana,23.446715,72.31907000000001,106,,30100,24100
384430,Santhal,23.46559,72.22569,106,,30100,24100
283126,Khandauli,27.294885,78.040975,106,,26000,20800
283114,Jaitpur,26.84272,78.74355,106,,26000,20800
283115,Jagner,26.8581,77.565135,106,,26000,20900
283121,Kheragarh,26.97065,77.79516000000001,106,,26000,20800
283123,Pinahat,26.87742,78.30159,106,,26000,20800
283124,Saiyan,26.97039,77.94611499999999,106,,26000,20800
533291,Rangampeta,17.06519,81.99166,106,,39000,31100
845414,Chaita,26.534840000000003,85.10129,106,,27100,21700
845456,Sugauli,26.74927,84.73962,106,,27200,21800
845457,Patahi,26.582125,85.16287,106,,27000,21600
534237,Kalla,16.53594,81.405865,106,,41100,32900
283201,Barhan,27.34566,78.20561000000001,106,,26000,20800
533210,Bendamurlanka,16.436815000000003,82.002335,106,,38600,30900
533211,Mukteswaram,16.674595,82.01454,106,,38800,31000
533287,Sithanagaram,17.183120000000002,81.69861499999999,106,,39000,31200
283113,Bhadrauli,26.88645,78.46002,106,,26000,20800
845401,Motihari,26.64534,84.909265,106,,27100,21700
844501,Basudeopur Chandel,25.663805,85.562775,106,,28900,23200
624703,Guziliamparai,10.68494,78.078385,106,,39600,31600
624704,Idayakottai,10.570915,77.83857499999999,106,,39500,31500
136043,Pai,29.686145,76.53037,106,,30000,24000
781121,Bezera,26.341935,91.78347,106,,26200,20900
370405,Bhujpur,22.929515,69.59860499999999,106,,34700,27700
532122,Vunukuru,18.570965,83.64846,106,,36500,29200
471411,Gadimalehara,25.029645,79.724605,106,,17100,13700
782447,Lumding,25.67063,93.312375,106,,20800,16600
782448,Kheroni,25.861915,92.88052,106,,20800,16600
782427,Kathiatoli,26.174625,92.76373,106,,24300,19500
802133,Purana Bhojpur,25.59158,84.1464,106,,21000,16900
143119,Mattewal,31.711325,75.16583499999999,106,,40700,32600
143201,Beas,31.4968,75.25837,106,,40500,32400
781011,Mlg Rly Hqs,26.13586,91.689575,106,,25900,20700
781019,Kahilipara,26.140735,91.76121,106,,25800,20700
781021,Bamunimaidan,26.18853,91.78632,106,,25600,20600
530004,Waltair R S,17.72423,83.286565,106,,49200,39400
530053,Aganampudi,17.69715,83.12701000000001,106,,49900,39900
531002,Nidanam Doddi,17.69963,83.02800500000001,106,,49700,39700
531022,A Koduru,17.92576,83.040775,106,,50000,39900
532190,P.S.Puram,18.482495,83.92009,106,,36700,29300
625703,Peraiyur,9.725405,77.781205,106,,51300,41100
365650,Khambha,21.11654,71.19368,106,,25800,20600
530011,Malkapuram,17.686935,83.241705,106,,49700,39700
530012,B H P V,17.71405,83.191925,106,,49100,39400
524414,Gundavolu,14.281994999999998,79.44712,106,,35000,28000
844124,Rajapakar,25.735705,85.32518,106,,29000,23300
844125,Sarai,25.78153,85.28265999999999,106,,29000,23200
844102,Hajipur Ind.Area,25.67534,85.242025,106,,29500,23500
530007,Industrial Estate,17.745845,83.26296500000001,106,,49200,39400
575013,Kulur,12.89191,74.83081,106,,48900,39100
175121,Aut,31.732660000000003,77.19072,106,,39300,31400
711105,Dasnagar,22.603195,88.316945,106,,43400,34700
396007,Valsad Sugar Factory,20.58528,72.96547,106,,37000,29600
396020,Atul,20.547655,72.94283,106,,36700,29400
175012,Padhar,31.879095,76.92910499999999,106,,39300,31400
175014,Drubbal,31.84578,76.812615,106,,39300,31400
741121,Badkulla,23.29033,88.53022,106,,24700,19800
788160,Jaffirband,24.60742,92.64931,106,,22600,18100
788116,Palonghat,24.636635,92.91635,106,,27500,22000
788166,Ramkrishnanagar,24.594375,92.47162,106,,24300,19400
854114,Pothia,25.61767,87.29263499999999,106,,23000,18400
D344010,"Koppal, Karnataka · D344010",15.5748238,76.3118494,106,,39800,31900
573214,Ballupet,12.93974,75.87106499999999,106,,38200,30600
855116,Thakurganj,26.414305,88.10793,106,,22100,17700
442902,Bhadrawati,20.085905,79.17768,106,,29600,23700
788168,Rajyeswarpur,24.606205,92.60652,106,,22600,18100
788719,Kayasthagram,24.719145,92.36157,106,,24100,19300
854104,Gurubazar,25.48709,87.398725,106,,23000,18400
788805,Katigorah,24.92487,92.53885,106,,28000,22300
788816,Jalalpur,25.004425,92.461995,106,,27900,22300
110028,Naraina Industrial Estate,28.63597,77.1374,105,,76800,61800
445207,Dhanki,19.545765,77.98989,105,,28300,22700
445102,Ner Parsopant,20.499335,77.85274,105,,28100,22600
445230,Fulsavangi,19.70672,77.928045,105,,28100,22600
788803,Badarpurghat,24.86697,92.572125,105,,23400,18900
788736,Dullabcherra,24.4773,92.42842,105,,22400,18000
788734,Anipur,24.52768,92.40551,105,,22000,17700
788162,Jamira Bazar,24.254185,92.52168,105,,22000,17700
788127,Jarailtala Bazar,24.941675,92.699675,105,,27100,21800
394150,Kathor,21.29878,72.93754000000001,105,,48700,39100
394155,Ghala,21.319365,73.026405,105,,48000,38600
573211,Holenarsipur,12.784665,76.257305,105,,37700,30300
573217,Kandali,13.01351,76.02974,105,,37400,30100
110097,Kapashera,28.5265,77.088345,105,,77000,61900
D335855,"Karimganj, Assam · D335855",24.5828196,92.3725487,105,,38800,31200
854329,Jokihat,26.091415,87.63982,105,,21700,17500
788156,Anilgarh,24.67806,92.42365,105,,22400,18000
788117,Barjalenga,24.67664,92.75496,105,,22300,17900
788163,Lala,24.535945,92.60872,105,,22400,18000
788164,Monacherra,24.60503,92.550505,105,,22400,18000
342302,Lohawat,26.91097,72.644135,105,,44800,36000
342606,Pipar Road,26.492795,73.45939,105,,44900,36000
343002,I.A.Jalore,25.31323,72.637855,105,,31000,24900
788026,Srikona,24.79421,92.720855,105,,27400,22000
788102,Dewan,24.875455,93.01461,105,,27000,21700
788104,Jirighat,24.830975,93.11727,105,,27000,21700
852212,Bangaon,25.86172,86.52440999999999,105,,25700,20700
854109,Katihar Court,25.5754,87.53929500000001,105,,22500,18100
573103,Arsikere,13.32312,76.26546,105,,37900,30400
572132,Madhugiri,13.69642,77.23185000000001,105,,35200,28300
854303,Purnea Polyticnic,25.732605,87.40732,105,,23600,19000
788120,Bhaga Bazar,24.482675,92.903465,105,,27100,21800
788123,Bekirpar,24.63593,92.864145,105,,27000,21700
788150,Kalibari Bazar,24.753775,92.572375,105,,22100,17800
788115,Narsingpur,24.693890000000003,92.8497,105,,26900,21700
458002,Mandsaur City,24.04034,75.01635999999999,105,,23500,18900
788118,Silcuri,24.740695,92.76418,105,,26900,21700
788015,Meherpur,24.78952,92.788775,105,,26900,21700
788025,Arunachal,24.86847,92.68798,105,,27000,21700
416609,Sangve,16.233975,73.85332,105,,33600,27100
201103,Tronica City,28.78457,77.25036,105,,39300,31600
201201,Govindpuri,28.86503,77.590445,105,,38800,31200
201013,Govindpuram,28.695475,77.49273,105,,38600,31100
201016,Crossing Republik,28.62053,77.434775,105,,39300,31500
360320,Gomta,21.85744,70.74356,105,,45500,36600
360330,Moviya,21.87633,70.87036,105,,45400,36500
360360,Jetalsar Jn.,21.68798,70.54955,105,,45500,36600
683561,Edathala,10.060355,76.40327500000001,105,,69000,55400
683562,Kizhakkambalam,10.03355,76.42792,105,,69000,55500
306701,Bali,25.202135,73.293195,105,,28400,22800
682314,Mulanthuruthy,9.900015,76.40746,105,,69900,56000
201004,Hindon Air Field,28.704175,77.36168,105,,39500,31700
686533,Kuzhimattom,9.52805,76.54225,105,,57100,45900
686535,Thuruthy,9.48297,76.53584,105,,56800,45700
201007,Mohan Nagar,28.688255,77.38746499999999,105,,39400,31600
802115,Chaugai,25.484405,84.255295,105,,20700,16700
431510,Yeldari,19.747345,76.66293999999999,105,,22400,18100
431511,Purna,19.19595,77.05328499999999,105,,22500,18100
431537,Pedgaon,19.315385,76.66809,105,,22400,18000
143001,Amritsar G.P.O.,31.637985,74.87255,105,,39600,31800
370450,Godhra,23.030965,69.147335,105,,33500,27000
363621,Wankaner,22.53874,70.98527999999999,105,,45100,36300
363630,Jetpar,23.06366,70.930475,105,,45200,36300
624307,Vellodu,10.29842,77.96674999999999,105,,37900,30500
370485,Dahisara,23.040165,69.474785,105,,34200,27400
844119,Ghataro,25.809695,85.19325,105,,28400,22800
844121,Lalganj,25.8699,85.16393500000001,105,,28700,23000
411011,Kasba Peth,18.523615,73.861825,105,,55800,44900
845417,Dariapur,26.517455,84.76796,105,,26300,21100
133201,Barara,30.212035,77.02293,105,,40500,32400
326035,Sarola,24.55842,76.46979999999999,105,,25200,20300
531085,Kotauratla,17.515535,82.666205,105,,47900,38500
624712,Markkampatti,10.635515,77.76852,105,,37900,30500
624702,Eriyodu,10.527345,78.031205,105,,38200,30700
136042,Fatehpur,29.77476,76.58893499999999,105,,29500,23700
844506,Mahnar,25.578105,85.51204,105,,28600,22900
387001,Nadiad,22.69943,72.86149,105,,46700,37500
844509,Sahdei Buzurg,25.668345,85.453255,105,,28500,22900
844502,Bidupur Rs,25.69297,85.30833000000001,105,,28700,23000
782441,Dokmaka,26.28002,93.32472,105,,20500,16400
781321,Mayanbari,26.20334,90.78007,105,,24800,20000
781040,Sawkuchi,26.074910000000003,91.69427,105,,25600,20500
781101,Changsari,26.261470000000003,91.704515,105,,25400,20400
781135,Singra,25.937125,91.111595,105,,25100,20200
781311,Nagaon Bazar,26.340975,91.146045,105,,24900,20000
474011,R.K Puri Gwalior,26.20842,78.205095,105,,32100,25800
370015,Bhuj B S F Camp,23.17863,69.66015999999999,105,,34200,27400
534267,Gummaluru,16.552419999999998,81.77789,105,,40900,32800
534269,Kodamanchili,16.592435000000002,81.84092,105,,40600,32600
622515,Mathur Ind. Estate,10.657665,78.70202,105,,28900,23200
845426,Mehsi,26.35594,85.08120500000001,105,,26800,21500
632106,Slr Sanatorium,13.000509999999998,79.19313,105,,39200,31600
637202,Elachipalayam,11.367695,78.01592,105,,49100,39500
413509,Ter,18.3142,76.19706500000001,105,,37900,30400
413503,Vashi,18.54259,75.788365,105,,37700,30300
613401,Tirumalaisamudram East,10.718435,79.00627499999999,105,,34000,27400
533433,Mallam,17.115265,82.177065,105,,37600,30200
533435,Jaggampeta,17.1759,82.02587,105,,37700,30300
533449,Chebrolu,17.173115,82.36036,105,,37800,30300
387315,Chaklashi,22.66688,72.946405,105,,46900,37600
533341,Dwarapudi,16.964750000000002,81.90581,105,,37500,30100
533429,Yeleswaram,17.31643,82.15051,105,,37700,30300
223102,Patti Narendra,26.05102,82.518855,105,,22400,17900
524152,Damavaram,14.7396,80.00995499999999,105,,34100,27400
841226,Siwan,26.200505,84.333355,105,,26400,21200
841434,Goreakothi,26.249995,84.562945,105,,26200,21100
841242,Paterhi,26.120285000000003,84.565995,105,,26200,21100
843101,Bakhra,25.99996,85.07627,105,,28900,23200
534301,Nidadavole,16.9053,81.659065,105,,40700,32700
614205,Papanasam,10.9243,79.27227500000001,105,,34500,27700
614301,Melattur,10.841415,79.239385,105,,34200,27500
363641,Morbi MDG,22.81109,70.817255,105,,45200,36400
363642,Morbi Ppw,22.853405,70.90996999999999,105,,45200,36400
363650,Tankara,22.547825,70.731195,105,,45300,36500
363660,Dahisara,22.95282,70.611965,105,,45300,36400
363670,Maliya Miyana,23.070185,70.753725,105,,45400,36500
632115,Thiruvalluvar University,13.019065,79.213405,105,,39900,32000
635110,Hosur Cattle Farm,12.649505,77.799425,105,,40900,32900
524142,Bitragunta,14.79787,79.97393,105,,34200,27500
637405,Muthugapati,11.2318,78.23046500000001,105,,49100,39500
637212,Velagoundampatti,11.292385,78.06318999999999,105,,48800,39300
637213,Jedarpalayam,11.146405,77.89294000000001,105,,49600,39800
637302,Sankaridrug RS,11.448805,77.90351000000001,105,,49300,39600
637303,Sankari West,11.47492,77.80185,105,,49800,39900
637304,Thanneerpandalpalayam,11.402555,77.85636,105,,49700,39900
637204,Kapilamalai,11.151599999999998,77.945605,105,,49300,39600
637205,Kumaramangalam,11.40066,77.946065,105,,49300,39600
767060,Turekela,20.46973,82.84140500000001,105,,30000,24200
767067,Jarasingha,20.57843,83.52200500000001,105,,30000,24100
332316,Beedasar,27.842185,75.166145,105,,34900,28000
803201,Fatwa,25.486805,85.279465,105,,29800,23900
803202,Khushrupur,25.45504,85.43811,105,,30000,24100
803212,Bakhtiyarpur,25.46353,85.544445,105,,30100,24200
637402,Belukurichi,11.389555,78.25273,105,,48900,39300
637404,Kalappanaickenpatti,11.33929,78.251535,105,,49000,39400
524236,Gandipalem,15.011615,79.306995,105,,34300,27600
524303,Revur,14.58982,79.50865,105,,34100,27500
637001,Namakkal,11.226595,78.16998000000001,105,,49000,39400
151503,Boha,29.8764133,75.4889564,105,,36400,29300
802155,Dalippur,25.429835,84.37146000000001,105,,21300,17200
767037,Muribahal,20.417355,83.06502,105,,30000,24100
765024,Ukkamba,19.220455,83.75100499999999,105,,23500,18900
765021,Ambadola,19.85027,83.51294999999999,105,,23600,18900
637101,Idappadi,11.604745,77.82473999999999,105,,49400,39700
637102,Konganapuram,11.56915,77.91268,105,,48800,39300
637105,Vellandivalasai,11.601925,77.851445,105,,49300,39600
637107,Poolampatti,11.612805000000002,77.76547,105,,49100,39500
637201,Chittalandur,11.305305,77.93342000000001,105,,49400,39700
637002,Ganesapuram,11.18833,78.184935,105,,48900,39300
637014,Karaikurichi,11.36106,78.17452499999999,105,,48900,39300
370445,Gadhasisa,23.112165,69.356165,105,,34100,27400
637409,Sendamangalam,11.28527,78.241105,105,,49000,39400
523228,P.G.Palli,15.4636,79.35048499999999,105,,38000,30500
523212,M.M.T. Road,15.73468,80.01824500000001,105,,37800,30400
523224,Veligandla,15.34229,79.28798499999999,105,,38000,30500
764037,Nandapur,18.58783,82.735965,105,,21600,17400
765001,Rayagada,19.17641,83.41107,105,,23500,18900
764041,Jolaput,18.46584,82.601175,105,,21600,17400
332304,Rolsabsar,28.008235,74.82826,105,,34900,28000
387510,Alindra,22.66445,72.697385,105,,46700,37500
614903,Madukkur,10.472735,79.42875000000001,105,,34100,27400
614901,Alathur,10.513585,79.34597500000001,105,,34100,27400
614723,Mallipattinam,10.29091,79.30548,105,,34200,27500
535101,Shreeramnagar,18.27468,83.53080499999999,105,,35900,28800
637503,Mallasamudram,11.460625,78.00961000000001,105,,49000,39400
415202,Latwan,17.952455,73.346145,105,,36900,29600
835206,Chainpur,23.119925,84.34052,105,,13800,11100
783391,Patiladaha,26.574415,90.83018,105,,28700,23000
784113,Kopati,26.607055000000003,92.2674,105,,27000,21700
784153,Bihaguri,26.67783,92.682415,105,,25900,20800
145024,Madhopur,32.360789999999994,75.619405,105,,42400,34000
146023,Bajwara,31.48562,75.96493,105,,41700,33500
783380,Bongaigaon,26.474615,90.549355,105,,28600,23000
622002,Tirugokarnam,10.40318,78.687095,105,,28600,23000
622101,Annavasal,10.467815,78.73606,105,,28700,23100
637206,Nadandai,11.21149,77.98544,105,,49100,39500
637208,Paundamangalam,11.100185,77.943655,105,,48900,39400
637209,Seetharamapalayam,11.35408,77.893365,105,,49500,39800
637211,Tiruchengodu,11.378535,77.890185,105,,49400,39700
413530,Nitoor,18.23065,76.819925,105,,36500,29300
841213,Kopa Samhota,25.83898,84.663235,105,,20200,16200
637203,Kandampalayam,11.257415,77.95114000000001,105,,49300,39600
638053,Perundurai Sanitorium,11.28849,77.5646,105,,62500,50300
639006,Vengamedu,11.01164,78.06777,105,,35200,28300
522421,Rentachintala,16.556215,79.51252,105,,40500,32500
522502,K.C.Works,16.471870000000003,80.57163,105,,40400,32400
415208,Veshvi,17.990115000000003,73.11059,105,,36700,29500
415214,Panderi,18.046305,73.239215,105,,36700,29500
415203,Mandangad,17.977705,73.20185000000001,105,,36700,29500
523171,A.B.V.Palem,16.021715,80.24826,105,,38400,30800
523135,Chinaganjam,15.6878,80.25798,105,,37900,30500
784164,Dikrong,26.93956,93.879505,105,,24100,19300
465693,Machalpur,24.15675,76.361005,105,,24100,19400
785015,Korokatoly,26.785105,94.1727,105,,34400,27600
785105,Jengraimukh,27.056675,94.33004,105,,34300,27500
486005,Rewa Bansagar Coloney,24.493285,81.34265500000001,105,,29100,23400
639008,Andankoil,10.99408,78.027445,105,,35200,28300
829127,Sunday Bazar,23.80882,85.93110999999999,105,,29400,23600
639005,Thanthonimalai,10.8915,78.075245,105,,35300,28400
388220,Umreth,22.708645,73.09623500000001,105,,46800,37600
606106,Tittagudi,11.431535,79.09608499999999,105,,29800,23900
609311,Tirucadaiyur,11.07297,79.810575,105,,34100,27400
847429,Kusothar,26.10392,85.96030999999999,105,,21600,17300
784527,Atterikhat,26.746605,91.742585,105,,26900,21600
785004,Barbheta,26.707035,94.1733,105,,34000,27300
785614,Dergaon,26.771855,93.934135,105,,29700,23800
144403,Ranipur,31.29029,75.74137,105,,43400,34900
314026,Galiakot,23.541400000000003,74.012385,105,,21600,17400
483334,Saroli Majhgawan,23.381675,80.28746,105,,21100,16900
486220,Teonthar,25.058405,81.59971999999999,105,,29100,23400
486223,Jawa,24.968045,81.512005,105,,29300,23500
600092,Virugambakkam,13.055595,80.19625500000001,105,,65200,52300
613502,Pundi-TJ,10.774835,79.238235,105,,34500,27700
613004,Thanjavur Medical College,10.769715,79.08548,105,,34400,27600
613009,Thanjavur West,10.78984,79.12668500000001,105,,34000,27400
431501,Partur,19.671455,76.2773,105,,25400,20400
425302,Sakali,21.24899,75.57696999999999,105,,31300,25100
425303,Adavad,21.2719,75.462625,105,,31300,25100
488051,Barrach,24.4498931,80.1462723,105,,28400,22800
754008,Banki S.O Cuttack,20.36069,85.51805999999999,105,,30800,24800
754009,Kalapathar,20.31828,85.41094,105,,30900,24800
172113,Tabo,32.132945,78.39621,105,,34500,27700
591345,Jamboti,15.675915,74.28316,105,,27400,22100
415621,Bharane,17.770145,73.460615,105,,36700,29500
303510,Ramgarh Pachwara,26.632565,76.230085,105,,31600,25400
304021,Newai,26.35356,75.94145,105,,46200,37100
829144,Phusro Bazar,23.796605,86.013585,105,,29600,23700
829121,Peterbar,23.64086,85.85754,105,,29500,23700
522257,Vellaturu,16.10734,80.83642499999999,105,,40600,32600
431205,Wadigodri,19.48109,75.751385,105,,25600,20500
431211,Kumbhar Pimpalgaon,19.343215,76.02638999999999,105,,25400,20400
415629,Shirgaon,17.042135000000002,73.29538,105,,36800,29500
415634,RGPPL Anjanvel,17.545920000000002,73.15814499999999,105,,36800,29500
415637,Ambed Budruk,17.10994,73.465235,105,,36800,29500
415639,MIDC,17.014110000000002,73.397935,105,,36700,29500
521456,VTPS,16.64618,80.482855,105,,44500,35800
639201,Aravakurichi,10.810875,77.91081,105,,35300,28400
639202,Chinnadharapuram,10.84298,77.829485,105,,35500,28500
415620,Khalgaon,17.162835,73.347335,105,,36800,29500
431509,Jintur,19.604845,76.698475,105,,22500,18100
431204,Ambad,19.617315,75.932495,105,,25400,20400
757082,Garhdeulia,21.606805,86.91413,105,,24500,19700
755043,Panikoili,20.89783,86.245225,105,,22200,17800
803214,Barh Rs,25.38235,85.735705,105,,30200,24200
754248,Iswarpur,20.708175,86.88798499999999,105,,19900,16000
415626,Gavkhadi,16.79808,73.3426,105,,36700,29500
415628,Shiral,17.484180000000002,73.41486,105,,36800,29600
415728,Hedavi,17.34533,73.26172,105,,36700,29500
415603,Alore,17.4817,73.63328999999999,105,,36800,29600
521343,Korukollu,16.48021,81.222925,105,,44400,35800
415729,Welneshwar,17.387455,73.22805,105,,36700,29500
415730,Ambavali,17.797535,73.53134499999999,105,,36700,29500
415801,Sakharpa,16.980425,73.733665,105,,36800,29500
415802,Shiposhi,16.923299999999998,73.673145,105,,36700,29500
415803,Pali,16.98247,73.54599,105,,36700,29500
560035,Electronic City,12.845,77.663,105,87.0,73800,59300
600082,Periyar Nagar,13.116915,80.22429,105,,65200,52300
415804,Devrukh,17.07098,73.63077000000001,105,,36700,29500
415716,Palgad,17.846069999999997,73.343795,105,,36700,29500
415717,Kelshi,17.91473,73.06178,105,,36700,29500
415601,Pophali,17.420555,73.665885,105,,36700,29500
415602,Shirgaon,17.446309999999997,73.635835,105,,36700,29500
415727,Karji,17.622735,73.37645499999999,105,,36700,29500
600034,Nungambakkam,13.06112,80.24094500000001,105,,64500,51800
600038,Icf Colony,13.10131,80.212865,105,,65300,52400
600101,Anna Nagar Western Extn,13.09037,80.19199499999999,105,,65200,52300
600081,Tondiarpet,13.133635,80.28725,105,,64100,51600
606103,Kammapuram,11.460765,79.445495,105,,29200,23500
600026,Vadapalani,13.05254,80.21278,105,,64400,51800
600030,Shenoy Nagar,13.07531,80.22630000000001,105,,65200,52300
600031,Chetput,13.07189,80.24261999999999,105,,64900,52100
586120,Korwar,16.72533,76.23427,105,,35500,28600
585414,Hallikhed,17.86318,77.290325,105,,20100,16200
587201,Badami,15.937585,75.681445,105,,26600,21400
231208,Dudhi,24.121435,83.1108,105,,21900,17600
231209,Gurma Markundi,24.597695,83.070235,105,,21900,17600
132122,Atta,29.241855,77.10533,105,,36800,29600
847239,Sakri,26.182085,86.06588500000001,105,,21700,17400
132113,Madlauda,29.384985,76.78258500000001,105,,37000,29700
415614,Jaigad,17.275244999999998,73.22566499999999,105,,36800,29600
415615,Malgund,17.16207,73.293635,105,,36800,29600
415616,Pawas,16.86618,73.356725,105,,36800,29600
415617,Kotawada,17.084725,73.34742,105,,36800,29500
415619,Hatkhamba,17.014635,73.43499,105,,36800,29500
670622,Mundalur,11.844055,75.48397,105,,39500,31700
415604,Kherdi,17.513939999999998,73.635025,105,,36800,29600
415605,Chiplun,17.534145000000002,73.54633999999999,105,,36800,29600
415712,Dapoli,17.778845,73.21368000000001,105,,36700,29500
673522,Payyoli,11.51448,75.63101499999999,105,,46100,36900
415805,Jaitapur,16.60114,73.35248,105,,36900,29600
415806,Nata,16.658565,73.365825,105,,36800,29500
415807,Devale,16.99449,73.58827500000001,105,,36800,29600
415643,Watul,16.79782,73.67533499999999,105,,36700,29500
415612,Ratnagiri,17.001959999999997,73.32952,105,,36800,29600
415613,Saitavada,17.273580000000003,73.287275,105,,36700,29500
425421,Thalner,21.27257,75.01126,105,,30000,24100
415701,Rampur,17.46998,73.389645,105,,36700,29500
415702,Margatamhane,17.437195,73.369445,105,,36700,29500
415703,Guhagar,17.48514,73.25062,105,,36700,29500
415705,Adur,17.400815,73.19986,105,,36700,29500
415706,Dabhol,17.609295,73.19062,105,,36700,29500
415710,Furus,17.75112,73.33726,105,,36700,29500
415711,Vakavali,17.675874999999998,73.299065,105,,36700,29500
643006,Finger Post,11.41487,76.67398,105,,68700,55300
521311,Indupalli,16.472054999999997,80.879805,105,,44300,35700
522237,Tulluru,16.543925,80.474715,105,,40300,32400
643225,Nellakotta,11.524665,76.39748,105,,69400,55700
643206,Denaducombai,11.481055,76.74474000000001,105,,70000,56200
425415,Akkalkuwa,21.649835,74.02701,105,,19700,15900
425307,Deepnagar,21.02901,75.83207,105,,31200,25100
425419,Khapar,21.605605,73.907535,105,,19800,15900
676101,Tirur,10.91535,75.92999,105,,40000,32200
209831,Ajgain,26.642185,80.62038,105,,20800,16700
209749,Yaqutganj,27.305075,79.63567,105,,19600,15700
828201,Baliapur,23.707605,86.57649,105,,38200,30700
360550,Ranavav,21.71403,69.73762500000001,105,,39000,31400
415722,Lote,17.616685,73.492925,105,,36700,29500
415724,Shringartali,17.47467,73.264625,105,,36700,29500
415726,Abaloli,17.291615,73.365355,105,,36700,29500
786004,Dibrugarh University,27.310830000000003,94.735595,105,,33000,26500
848131,Waini,25.89455,85.668995,105,,21200,17000
848203,Sakarpura,25.66806,86.29567499999999,105,,26900,21600
851112,Barauni,25.486525,86.037925,105,,24000,19300
231212,Amwar,24.102645000000003,83.19883,105,,21900,17600
231206,Churk,24.563075,83.1269,105,,22000,17600
415611,Sangmeshwar,17.17834,73.584395,105,,36800,29500
828303,Bhojudih,23.6488,86.41135,105,,38400,30900
442406,MIDC,20.006305,79.223085,105,,28700,23100
441903,Adyar,20.900195,79.69622,105,,25100,20200
786007,Barbaruah,27.315765,94.81716,105,,32700,26300
786008,Mohanaghat,27.468165,94.83178,105,,32600,26200
786012,Mohanbari Air Field,27.4893,95.024295,105,,33000,26500
143415,Kairon,31.3212453,74.8416687,105,,34000,27300
785612,Bokakhat,26.56288,93.61758,105,,29900,24000
785619,Kamargaon,26.67756,93.76447,105,,29900,23900
415606,Sawarda,17.38465,73.57338,105,,36800,29600
415607,Nandgaon,17.304115,73.60206,105,,36700,29500
415608,Makhajan,17.275995,73.49017,105,,36700,29500
415609,Kadwai,17.275419999999997,73.57431,105,,36800,29500
415610,Kasba,17.218890000000002,73.627095,105,,36800,29500
786159,Sukriting,27.546645,95.58136,105,,31300,25100
786126,Borguri,27.517655,95.357385,105,,31100,25000
786145,Sripuria,27.47213,95.345345,105,,31500,25300
360022,KOTHARIA,22.20956,70.815695,105,,45900,36900
360023,KUVADAVA,22.33977,70.982835,105,,45500,36600
360024,Veraval,22.162295,70.80983499999999,105,,45400,36500
679506,Karalmanna,10.902825,76.294445,105,,42500,34200
679511,Chunangad,10.79953,76.41431,105,,42900,34500
679553,Kumbidi,10.83456,76.04746,105,,43000,34500
679513,Srikrishnapuram,10.93057,76.39665500000001,105,,42500,34200
679514,Thiruvazhiyode,10.89358,76.38394500000001,105,,42800,34400
360030,Kotda Sangani,22.07687,70.89303000000001,105,,45500,36600
360002,Rajkot Bhaktinagar,22.268705,70.89036999999999,105,,45400,36500
360040,Atkot,21.979975000000003,71.102755,105,,46000,36900
360055,Vinchhiya,22.167815,71.36240000000001,105,,46000,36900
360060,Virnagar,22.06794,71.11493,105,,45400,36500
360070,Mengni,22.067905,70.63534,105,,46000,36900
679521,Manisseri,10.765535,76.347345,105,,42900,34500
360020,Kasturbadham,22.19383,70.91522499999999,105,,46000,36900
415641,Niwali,17.31978,73.4346,105,,36600,29400
415718,Dhamanand,17.63372,73.62827,105,,36700,29500
415719,Talavali,17.550435,73.280495,105,,36700,29500
415720,Burondi,17.683484999999997,73.153145,105,,36700,29500
424302,Kusumba,20.8785,74.55906,105,,30000,24100
813101,Amarpur,24.970155,86.83025,105,,25900,20800
752094,Mahipur,20.139715,85.01448500000001,105,,24000,19200
360025,Sardhar,22.14963,71.06685999999999,105,,45300,36500
415708,Lavel,17.63726,73.43471,105,,36700,29500
415709,Khed,17.751089999999998,73.41599,105,,36700,29500
304025,Jhilai,26.388935,76.07552000000001,105,,45400,36500
304501,Avikanagar,26.2725,75.5035,105,,46000,36900
415713,Harnai,17.788400000000003,73.130175,105,,36700,29500
415714,Anjarla,17.85858,73.116265,105,,36700,29500
415715,Khopi,17.726815000000002,73.583275,105,,36700,29500
415640,Khavati,17.836154999999998,73.408215,105,,36700,29500
360452,Chitravad,21.97281,70.370315,105,,45400,36500
360460,Dhank,21.77792,70.141955,105,,45400,36500
360470,Kolki,21.782365,70.196545,105,,45500,36600
360370,Jetpur,21.76007,70.611235,105,,45600,36600
360375,Navagadh,21.77712,70.613855,105,,45400,36500
741313,Sreemayapur,23.44875,88.38643,105,,24100,19400
424309,Songir,21.114445,74.805275,105,,29900,24100
811316,Simultala,24.701645,86.51579,105,,23500,18900
360490,Upleta Lati Plot,21.760505,70.20152999999999,105,,45300,36400
360410,Dhoraji,21.739125,70.39006499999999,105,,45500,36600
360421,Moti Marad,21.66116,70.34779,105,,45500,36600
360430,Patanvav,21.631415,70.27532,105,,45500,36600
360440,Supedi,21.815935,70.36405500000001,105,,45500,36600
360110,Paddhari,22.424635,70.57039,105,,45500,36600
360311,Gondal,22.02492,70.80846500000001,105,,45400,36500
360007,Rajkot  Raiya Road,22.30363,70.76894999999999,105,,45900,36800
360006,Rajkot Bhomeshwar Plot,22.32754,70.74703500000001,105,,45500,36600
360450,Bhayavadar,21.921495,70.271815,105,,45500,36600
679534,Trithala,10.791345,76.120485,105,,42500,34100
517591,Nindra,13.33359,79.67018999999999,105,,41000,32900
680123,Konathukunnu,10.29129,76.202505,105,,55700,44700
680553,Puzhakkal,10.55048,76.17843500000001,105,,55800,44800
360380,Virpur,21.838345,70.697645,105,,45500,36600
360405,Jamkandorna,21.94649,70.49704,105,,45500,36600
206244,Dibiapur,26.619915,79.603155,105,,18400,14800
678557,Kozhipara,10.794005,76.843435,105,,42600,34200
679522,Vaniamkulam,10.790775,76.323245,105,,42800,34400
679503,Cherpalcheri,10.872495,76.33903000000001,105,,42900,34400
679504,Vellinezhi,10.901775,76.339925,105,,42600,34300
360003,Rajkot Bedipara,22.395985,70.855895,105,,45500,36500
360004,Rajkot Postal Colony,22.22913,70.7356,105,,45900,36900
360005,Rajkot Sau Uni Area,22.258495,70.73920000000001,105,,46000,36900
814112,B.Deoghar,24.49726,86.710415,105,,26800,21500
814113,Deoghar College,24.557535,86.74895000000001,105,,26800,21500
814118,Basukinathdham,24.390905,87.0756,105,,27500,22100
741201,Ranaghat,23.18477,88.556175,105,,24600,19700
741222,Chakdah,23.05747,88.57804,105,,24500,19600
683522,Vadakkekara,10.158025,76.19984,105,,68900,55400
683546,Vengoor,10.16159,76.56257500000001,105,,69200,55600
683547,Mudikkal,10.105805,76.44888,105,,69700,55900
786154,Saikhowaghat,27.769555,95.587215,105,,31400,25200
786158,Kundil,27.836725,95.71948,105,,31400,25200
741302,Nabadwip,23.40917,88.367695,105,,24100,19400
741319,Bidyanagar,23.399335,88.32563999999999,105,,24500,19700
741402,Fulia Colony,23.20704,88.50759500000001,105,,24100,19400
741501,Arangahta,23.241765,88.63334,105,,24100,19400
741160,Tehatta,23.72583,88.517215,105,,24100,19400
342304,Mandore,26.36338,73.045375,105,,44500,35800
585201,Yadgiri,16.76687,77.135065,105,,17100,13700
584122,Lingasugur,16.103875000000002,76.5287,105,,29300,23600
583239,Hampi,15.30674,76.437075,105,,45800,36800
585303,Andola,16.920265,76.83840000000001,105,,21200,17000
583214,Hampasagara,15.094825,76.00932499999999,105,,45500,36600
583215,Hampi Power House,15.30207,76.535045,105,,44900,36200
583224,Thambrahalli,15.14223,76.14506,105,,44900,36100
583225,T B Dam,15.260435,76.35479000000001,105,,45700,36700
741257,Nagarukhra,22.947865,88.6363,105,,24600,19700
582112,Bellatti,15.033415,75.654755,105,,28400,22800
581307,Binga,14.78997,74.14309,105,,36000,28900
403203,Pilar,15.44164,73.89361,105,,60900,48900
403402,Velha-goa,15.496575,73.906645,105,,61200,49100
401209,Waliv,19.410147138312617,72.84795679800064,105,,51200,41200
391110,Dabhoi R.S.,22.11479,73.43413000000001,105,,41900,33600
403202,Bambolim Complex,15.464725,73.85556,105,,60600,48700
571424,Kiragavalu,12.36957,76.961285,105,,38500,30900
571811,Chunchanahalli,13.02009,76.74342,105,,38200,30700
444506,Risod,19.981775,76.75586999999999,105,,25400,20400
796751,Tlabung,22.92303,92.46927,105,,51100,41000
788006,Link Road,24.78631,92.80426,105,,26900,21700
788010,Silchar REC,24.757745,92.791215,105,,26900,21700
788011,Assam University,24.69687,92.74813,105,,26900,21600
683556,Valayanchirangara,10.077475,76.469855,105,,69700,55900
581109,Haunsabhavi,14.575215,75.39736500000001,105,,26300,21100
854315,Baisi,25.9147,87.73551499999999,105,,23800,19100
854318,Forbesganj,26.25328,87.25879499999999,105,,21700,17400
391745,Sokhda,22.41894,73.192335,105,,42000,33600
571216,Ponnampet,12.101585,75.955315,105,,35000,28200
581106,Byadgi,14.646215,75.46025,105,,26100,21000
391774,Desar,22.738855,73.32968,105,,41700,33500
571419,Besagarahalli,12.664745,76.985875,105,,37900,30500
787052,Panigaon,27.07348,94.1524,105,,24100,19400
851215,Naya Gaon,25.30898,86.64618,105,,26900,21600
852108,Gamaharia,26.07961,86.70193499999999,105,,24400,19600
391330,Koyali,22.360185,73.09617,105,,41200,33100
583212,Hagaribommanahalli,15.087895,76.2478,105,,45000,36200
582115,Lakkundi,15.42432,75.799395,105,,28400,22800
583136,Oojein,14.70929,76.301355,105,,45000,36200
583129,Devalapura,15.3078,76.679925,105,,45600,36600
683589,Mekkad,10.16563,76.363645,105,,69500,55800
444504,Sirpur,20.117975,76.841625,105,,25600,20500
786181,Margherita,27.270015,95.621645,105,,31300,25100
786188,Jagun,27.276365,95.849795,105,,31000,24900
787031,Khelmati,27.249875,94.0804,105,,23900,19200
462022,Bhel,23.223295,77.52079499999999,105,,37000,29800
462008,Jahangirabad,23.24992,77.41615999999999,105,,36800,29600
462011,Shiksha Mandal,23.235515,77.43021999999999,105,,37600,30100
110038,A F Rajokari,28.50681,77.11386,105,,77100,62000
788737,Olivacherra,24.357375,92.403645,105,,22300,17900
394635,Dolvan,20.88984,73.40322,105,,47900,38600
110066,R K Puram,28.569175,77.18277,105,,77100,62000
D503810,"Sidhi, Madhya Pradesh · D503810",24.2112687,81.7000415,105,,39400,31600
110068,Ignou,28.493605,77.21044499999999,105,,77800,62400
110071,Chhawla,28.554125,77.005195,105,,76800,61800
421604,Vasind,19.419219817029763,73.27262198539482,105,,51400,41300
575015,Kavur,12.92978,74.853065,105,,47500,38200
110037,Gurgaon Road,28.54474,77.10477499999999,105,,77700,62400
445203,Digras,20.09759,77.755185,105,,28100,22600
110054,Civil Lines S.O (North Delhi),28.6990095,77.2314634,105,,44400,35700
110061,Bijwasan,28.538385,77.063835,105,,77900,62500
110046,Nangal Raya,28.60498,77.10471,105,,76900,61800
788802,Panchgram,24.861715,92.61504,105,,22200,17800
110015,Ramesh Nagar,28.652145,77.15277,105,,69000,55500
201002,Kavi Nagar,28.660275,77.46566999999999,105,,39100,31400
177101,Dehra,31.87725,76.217705,105,,39200,31500
177105,Thore,31.86372,76.147985,105,,39100,31400
177039,Sohari,31.67027,76.25910999999999,105,,45200,36300
424005,Dhule Vidya Nagari,20.92939,74.77968999999999,105,,30000,24100
814119,Kurwa,24.20366,87.30723,105,,27200,21900
736201,Hatipotha,26.65177,89.69576,105,,23400,18800
741137,Debagram,23.662585,88.30081,105,,24600,19700
854305,Khuskibagh,25.78543,87.51043000000001,105,,23700,19000
685613,Devikulam,10.04064,77.14823,105,,54900,44000
201017,Raj Nagar Extension,28.699705,77.45361,105,,39200,31400
814141,Jarmundi,24.4258,87.043125,105,,27500,22100
176317,Surangani,32.72985,76.091595,105,,30800,24800
176082,Alampur,31.855075,76.49328,105,,39300,31500
515231,Gorantla,14.02026,77.81303,105,,40000,32100
176214,Tiara,32.135625000000005,76.22190499999999,105,,39000,31400
841238,Mahrajganj,26.117125,84.518925,105,,26200,21100
530001,Visakhapatnam,17.702170000000002,83.28815499999999,105,,47800,38500
530002,Maharanipeta,17.71226,83.30823000000001,105,,48000,38600
530003,Andhra University,17.724905,83.31993,105,,48600,39000
531118,Krishna Bazar,17.7733,82.56922499999999,105,,48900,39200
532243,Haripuram,18.821235,84.505745,105,,35800,28700
802129,Nawanagar,25.37636,84.16993500000001,105,,20900,16800
781020,Noonmati,26.1987,91.79685,105,,25200,20300
793011,Assam Rifles,25.5785,91.901705,105,,45500,36700
793006,Rynjah,25.58051,91.929455,105,,45500,36600
793019,Nongmynsong,25.590815,91.91462,105,,45600,36700
791111,Itanagar,27.04972,93.634585,105,,58400,47000
844503,Bidupur Bazar,25.62074,85.34619,105,,28800,23100
844505,Jhandaha,25.71854,85.54199,105,,28400,22800
530008,Kancharapalem,17.732039999999998,83.271625,105,,48700,39100
530009,N A D,17.729235000000003,83.2353,105,,48400,38900
816129,Taljhari,25.115015,87.731065,105,,19200,15400
176001,Kangra,32.109489999999994,76.27234,105,,39100,31400
110030,Mehrauli,28.499605000000003,77.165485,105,,77200,62100
450771,Chhegaon Makhan,21.89908,76.211095,105,,28700,23000
450116,Naya Harsud,22.138395000000003,76.748385,105,,28700,23000
450119,Narmada Nagar,22.34405,76.483935,105,,28700,23000
110010,Delhi Cantt,28.588295,77.12947,105,,77100,62000
110007,Malka Ganj,28.679225,77.200005,105,,43800,35200
734218,Phuguri,26.834235,88.20331,105,,37900,30400
421312,Budhavali,19.53183242964237,73.06594848632814,105,,51600,41400
421503,Manjarli,19.1849219130874,73.26128087289783,105,,51300,41200
342605,Bhavi,26.204085,73.54339999999999,105,,44800,36000
711108,Netajigarh,22.61048,88.316645,105,,42300,34100
711317,Radhadasi,22.56763,88.25712999999999,105,,42200,33900
731243,Nalhati Township,24.292795,87.770475,105,,25300,20300
731223,R K Sikshapith,24.21245,87.72207,105,,25100,20200
110027,Tagore Garden,28.649405,77.11784,104,,68400,55100
110063,Paschim Vihar,28.66691,77.10683,104,,68800,55400
110064,Maya Puri,28.626495,77.113195,104,,67900,54800
110072,CRPF Jharoda Kalan,28.645395,76.95073500000001,104,,75000,60600
394655,Kapura,21.02503,73.46168499999999,104,,46900,37900
574217,Guruvayanakere,13.014575,75.23394,104,,46900,37800
574267,Badagayedapadavu,13.01066,74.97116,104,,46400,37500
574285,Alankar,12.772545,75.37045,104,,46500,37500
574314,Aranthodu,12.505135,75.440105,104,,46500,37600
574323,Manchi,12.796295,75.02527,104,,46500,37600
574326,Kalleri,12.876785,75.24656,104,,46500,37600
574328,Kaniyur,12.71958,75.392875,104,,46500,37600
575014,Surathkal,12.992795,74.80762999999999,104,,46700,37600
575016,Shakthinagar,12.899755,74.875055,104,,47100,37900
575017,Permannur,12.835655,74.88030499999999,104,,46700,37700
575019,Kulai,12.9696,74.81017,104,,46600,37600
445302,Pandharkawda,20.00052,78.565145,104,,27500,22200
445201,Bori Arab,20.32033,77.91257999999999,104,,27500,22200
575020,Ullal,12.82207,74.84522000000001,104,,46300,37400
575022,Kotekar,12.794685,74.86784499999999,104,,46500,37600
575023,Someshwar Uchil,12.77799,74.88018,104,,46400,37500
575029,Pedamale,12.896755,74.92876000000001,104,,46800,37800
574509,Permude,13.013265,74.87399500000001,104,,46400,37500
854328,Jogbani,26.376935,87.27999,104,,21200,17200
854302,Purnea City,25.82241,87.506585,104,,22900,18500
D262167,"Kannauj, Uttar Pradesh · D262167",26.9986675,79.6927946,104,,38000,30700
788099,Matinagar,24.55415,92.99927,104,,26200,21200
788110,Borkhola,24.93308,92.71024,104,,26700,21500
458001,Mandsaur,24.087625000000003,75.05987,104,,22900,18500
457336,Ringnod,23.771355,75.239175,104,,25500,20600
457661,Jhabua,22.710645,74.6058,104,,13700,11000
788151,Hailakandi,24.679605,92.55811,104,,26400,21300
788165,Manipur Bagan,24.381215,92.58682,104,,22000,17700
574265,Vogga,12.912295,75.12188499999999,104,,46600,37600
393025,Selamba,21.493785000000003,73.88749999999999,104,,20700,16700
393050,Sagbara,21.4019,73.69178,104,,20800,16700
852213,Chausa,25.52689,87.01129,104,,25300,20400
853201,Bihpur,25.35249,86.89438000000001,104,,27800,22400
577427,Shikaripur,14.25654,75.39759,104,,38300,30900
262906,Tikunia,28.39902,80.976635,104,,22800,18300
262908,Chandan Chauki,28.58362,80.67403999999999,104,,22800,18300
580004,Dharwad Vidyagiri,15.433825,75.02328,104,,37200,30000
571402,Sugar Town,12.557785,76.84982,104,,37100,30000
854304,Purnea Chowk,25.844235,87.372215,104,,22900,18500
572223,Nittur,13.35689,76.822055,104,,34300,27700
572201,Tiptur,13.29108,76.45595499999999,104,,34900,28100
261303,Sidhauli,27.252905,80.794655,104,,22400,18100
577401,Sagar,14.20411,74.988475,104,,38400,31000
393010,O.N.G.C. Colony,21.66809,73.02818,104,,33800,27300
392180,Sarod,22.15367,72.74776,104,,34300,27600
515202,Muddireddypalli,13.82391,77.52953500000001,104,,39300,31700
691536,Kadakkal,8.81733,76.928235,104,,52200,42100
176027,Nagrota Surian,32.04061,76.069075,104,,38500,31000
515305,Rallahalli,14.002775,77.14689,104,,39300,31700
313901,Zawar Mines,24.36982,73.755535,104,,32700,26400
313902,Sarara,24.13319,73.82443,104,,32800,26500
313903,Semari,24.065505,73.87532999999999,104,,32700,26400
814142,Jasidih,24.54735,86.62608499999999,104,,25900,20900
313002,Udaipur H Magri,24.56029,73.71819500000001,104,,32700,26400
176216,Dharamsala Cantt,32.289565,76.33666,104,,38700,31200
176203,Ladori,32.36116,75.945355,104,,38600,31100
176308,Bhalei,32.645235,75.96045000000001,104,,30400,24500
176310,Chamba,32.555445,76.12529,104,,30500,24600
176312,Sundla,32.679914999999994,76.00865999999999,104,,30500,24600
176314,Sultanpur,32.55078,76.07680500000001,104,,30400,24500
691020,Thattamala,8.862255,76.63796500000001,104,,52500,42300
741122,Bagchi Jamsherpur,24.026805,88.690815,104,,23600,19100
741124,Bara Andulia,23.631365,88.51272499999999,104,,23600,19100
813202,Belhar,24.90201,86.597005,104,,25300,20500
814101,Dumka,24.26418,87.24741,104,,27000,21800
813208,Mirzachowki,25.174575,87.477135,104,,18400,14800
814131,Chandan,24.61932,86.74253,104,,25500,20600
813211,Shambhuganj,25.046645,86.75354,104,,25700,20700
177043,Rakkar,31.76599,76.24801,104,,38600,31100
343023,Dhansa,25.225340000000003,72.33153999999999,104,,29800,24100
343028,Modran,25.17482,72.42695499999999,104,,30000,24200
343039,Malwara,24.766185,72.324995,104,,29700,24000
343040,Raniwara,24.8672,71.99137999999999,104,,29800,24100
175027,Baggi,31.56009,76.95400000000001,104,,37000,29900
175028,Chachiot,31.530695,77.03156000000001,104,,37000,29900
175030,Dehar,31.46276,76.817905,104,,37200,30000
741166,Seemanagar,23.494635,88.57756,104,,23700,19200
680027,Kanimangalam,10.47357,76.21128999999999,104,,54400,43900
680509,Mullassery,10.534025,76.084195,104,,55000,44300
680510,Venkitangu,10.52064,76.11355,104,,53900,43600
206003,Ram Lila Road,26.749555,79.053225,104,,20400,16400
679554,Kudallur,10.82293,76.07922500000001,104,,42200,34000
679515,Kadambur,10.854,76.409695,104,,41700,33600
679516,Vengasseri,10.825325,76.44311,104,,41800,33700
812006,Nathnagar,25.179235,86.87841,104,,27600,22300
741163,Betai,23.821645,88.550285,104,,23600,19100
505469,"Karimnagar, Telangana",18.4075996,79.2182933,104,,38500,31000
174319,Marwari,31.8023,75.968685,104,,44000,35600
741253,Anishmali,23.185635,88.69124,104,,24100,19400
741254,Kalinarayanpur,23.21328,88.55968,104,,23600,19000
742123,Jiaganj,24.2437,88.306895,104,,25000,20200
741316,Srirampur,23.35984,88.353635,104,,24100,19400
680026,Chiyyaram,10.49916,76.2253,104,,54400,43900
307023,Sarupganj,24.699045,72.89253500000001,104,,25600,20700
682037,Cochin Special Economic Zone,9.996865,76.34545,104,,66900,54000
682553,Agathi,10.85133,72.189405,104,,43000,34700
683549,Asamannoor,10.100415,76.55080000000001,104,,67500,54400
683517,Varapuzha,10.079815,76.25909999999999,104,,68200,54900
683563,Naval Armament Depot - Aluva,10.06473,76.35823500000001,104,,67100,54200
683573,Angamally South,10.182685,76.36784499999999,104,,67400,54400
814116,Satsang,24.47602,86.674425,104,,26300,21200
816109,Sahibganj,25.21328,87.656005,104,,18400,14900
815357,Karogram,24.15864,86.76635999999999,104,,26300,21200
686508,Kalaketty,9.6077,76.77817999999999,104,,56200,45200
686510,Mukkoottuthara,9.438785,76.918095,104,,55000,44400
686505,Theerthapadapuram,9.550675,76.720845,104,,55900,45100
686506,Ponkunnam,9.56712,76.76029,104,,56000,45100
345023,Ramdeora,27.136345,71.953055,104,,35800,28900
686671,Pothanicaud,10.015235,76.70208500000001,104,,68100,54900
335707,Gharsana,28.884365000000003,73.04947999999999,104,,30500,24700
335804,Suratgarh,29.245265000000003,73.967645,104,,30600,24700
500068,Gsi(Sr) Bandlaguda,17.36468,78.59702,104,,29600,23900
500069,R.C.Imarat,17.25305,78.495525,104,,29700,23900
500072,Kukatpally,17.502605,78.40884,104,,29600,23900
500073,Srinagar Colony,17.4313,78.43865,104,,29700,23900
500074,L B Nagar,17.347275,78.553935,104,,29600,23900
500054,HMT Township,17.500439999999998,78.4499,104,,29600,23900
500057,Vijay Nagar Colony,17.39449,78.454965,104,,29700,23900
500058,Kanchanbagh,17.328555,78.502715,104,,29600,23900
500059,Saidabad,17.353054999999998,78.509415,104,,29600,23900
500061,Sitaphalmandi,17.423920000000003,78.51301000000001,104,,29600,23900
500062,Ecil,17.467115,78.57002,104,,29600,23900
500045,Yousufguda,17.439239999999998,78.420255,104,,29600,23900
500046,CUC,17.450834999999998,78.32338,104,,29600,23900
500047,Malkajgiri,17.456429999999997,78.53637,104,,29600,23900
501101,Vikarabad,17.330525,77.90653499999999,104,,29700,23900
500086,Don Bosco Nagar,17.347545,78.390565,104,,29600,23900
501401,Medchal,17.642055,78.493975,104,,29600,23900
500048,Hyderguda,17.357754999999997,78.420355,104,,29600,23900
500049,Miyapur,17.498244999999997,78.35653500000001,104,,29600,23900
500050,Chandanagar,17.499975,78.328885,104,,29600,23900
500051,Hindustan Cables Ltd,17.46435,78.597845,104,,29600,23900
500053,Falaknuma,17.338175,78.47209,104,,29600,23900
500087,JJ Nagar Colony,17.510205,78.56174,104,,29600,23900
500088,Samskruthi,17.416245,78.65080499999999,104,,29600,23900
500090,Nizampet,17.524054999999997,78.38825,104,,29600,23900
500091,Hydershahkote,17.36244,78.37778,104,,29600,23900
500092,Boduppal,17.426105,78.594055,104,,29600,23900
500094,Sainikpuri,17.488685,78.54072,104,,29600,23900
500096,Film Nagar,17.41476,78.41039,104,,29600,23900
500098,Medipalli,17.402145,78.60141,104,,29600,23900
304803,Panwar,25.784065,75.487075,104,,44900,36200
304804,Deoli,25.843960000000003,75.42861500000001,104,,45000,36300
828205,Nirsa Chatti,23.829485,86.69830999999999,104,,37200,30100
828134,Chandan Kiyari,23.5225,86.32889,104,,28900,23300
828135,Chasnalla,23.670015,86.444695,104,,37600,30300
362011,Majevadi,21.61309,70.40310500000001,104,,32400,26100
208022,Udyog Nagar,26.44296,80.27072,104,,33000,26600
521225,Gollapudi,16.545465,80.572265,104,,43400,35100
500077,Kattedan Ie,17.308715,78.43684,104,,29600,23900
500078,Nisa Hakimpet,17.57907,78.59620000000001,104,,29600,23900
500014,Hakimpet,17.552905000000003,78.52083,104,,29700,23900
500015,Trimulgherry,17.478455,78.49714499999999,104,,29600,23900
500016,Begumpet,17.439974999999997,78.459485,104,,29700,23900
500017,Lallaguda,17.434415,78.53015500000001,104,,29600,23900
304502,Malpura,26.32559,75.36036,104,,45000,36200
304507,Nasirda,25.91991,75.34989999999999,104,,44900,36200
500065,Shahalibanda,17.3539,78.468295,104,,29600,23900
500067,Suchitra Junction,17.51336,78.47919999999999,104,,29600,23900
500006,Karwan Sahu,17.381014999999998,78.445565,104,,29700,23900
500007,Jama I Osmania,17.414555,78.53460999999999,104,,29600,23900
500008,Golconda,17.389290000000003,78.405125,104,,29600,23900
500009,Manovikasnagar,17.468735000000002,78.492895,104,,29600,23900
500010,Bolarum,17.52682,78.51412,104,,29700,23900
500011,Bowenpally,17.47317,78.47327,104,,29600,23900
500055,IDA Jeedimetla,17.52677,78.443485,104,,29600,23900
500056,Ramakrishna Puram,17.472495,78.5402,104,,29600,23900
500080,Gandhinagar,17.41852,78.489935,104,,29600,23900
500082,Somajiguda,17.42178,78.45145500000001,104,,29700,23900
500083,Nagaram,17.495555,78.60363,104,,29600,23900
500084,Kothaguda,17.46839,78.36022,104,,29600,23900
500085,Jntu Kukat Pally,17.48545,78.388485,104,,29600,23900
500064,Bahadurpura,17.353355,78.445905,104,,29600,23900
500033,Jubilee Hills,17.434155,78.40534,104,,29700,23900
212657,Khajuha,26.02521,80.47514,104,,21100,17000
210501,Bewar,25.80218,79.94796500000001,104,,24600,19800
643231,Wellington,11.370445,76.7919,104,,67600,54600
643240,Bitherkad,11.6068,76.39857,104,,67800,54700
210201,Atarra,25.31301,80.567005,104,,18800,15100
670562,Kalliasseri,11.996015,75.36526,104,,39200,31600
670621,Kadachira,11.84735,75.446155,104,,38800,31300
500036,Malakpet Colony,17.374795,78.51082500000001,104,,29600,23900
500037,Balanagar Township,17.48875,78.44126,104,,29700,23900
500038,Sanjeev Reddy Nagar,17.44374,78.437625,104,,29600,23900
500040,Ie Moulali,17.454895,78.556485,104,,29600,23900
500042,Hal,17.469769999999997,78.45544000000001,104,,29700,23900
500044,New Nallakunta,17.40135,78.50645,104,,29600,23900
500024,Sahifa,17.372194999999998,78.49164999999999,104,,29600,23900
500026,Nehrunagar,17.45101,78.514555,104,,29600,23900
500027,Stn Kachiguda,17.389535000000002,78.49673,104,,29600,23900
500028,Humayunnagar,17.406170000000003,78.43796499999999,104,,29700,23900
500029,Himayathnagar,17.402845,78.48515,104,,29700,23900
500030,Rajendranagar,17.32318,78.395685,104,,29600,23900
500031,Ibrahim Bagh Lines,17.37416,78.389555,104,,29600,23900
500032,Manuu,17.42964,78.347355,104,,29600,23900
500012,Begumbazar,17.37598,78.478035,104,,29700,23900
500013,Amberpet,17.389609999999998,78.52544,104,,29600,23900
362225,Mangrol,21.138485,70.12950000000001,104,,31900,25800
500018,Sanathnagar I E,17.46104,78.43383,104,,29600,23900
500020,Musheerabad,17.414695000000002,78.501005,104,,29600,23900
500004,Khairatabad,17.414749999999998,78.46859,104,,29700,23900
500005,Pahadi Sharif,17.245101759112192,78.49,104,,29600,23900
805102,Govindpur,24.757075,85.687615,104,,19800,15900
805107,Kosi,24.835405,85.676905,104,,19700,15900
335511,Channibari,29.20833,75.30409499999999,104,,30100,24300
639203,Isanatham,10.70641,77.98040499999999,104,,34400,27800
639205,Pallapatti,10.674,77.87213,104,,34400,27800
212658,Kishanpur,25.63589,81.00434999999999,104,,21100,17000
639207,Pallapatti Bazaar,10.71863,77.87352999999999,104,,34200,27700
334603,Lunkaransar,28.54719,73.76055,104,,28200,22800
334604,Mahajan,28.85142,73.802615,104,,28200,22800
334801,Deshnoke,27.73937,73.40858499999999,104,,28200,22800
334802,Himatsar,27.696335,73.71886,104,,28200,22800
304023,Aligarh,25.917555,76.16774,104,,45000,36300
304024,Uniara,25.97441,75.996805,104,,45000,36300
522258,Dhulipudi,16.03961,80.77512999999999,104,,39400,31800
303506,Paparda,26.8048659,76.4437457,104,,31200,25200
303507,Sainthal,27.05587,76.287075,104,,31400,25300
639111,Paramathi,10.96425,77.91517999999999,104,,34600,27900
639114,Puliyur Cement Factory,10.93792,78.16511,104,,34600,27900
304022,Banasthali Vidya Peeth,26.45155,75.84244000000001,104,,44600,36000
754209,Asureswar,20.45584,86.230715,104,,30400,24500
754206,Mahanga,20.56314,86.21067,104,,30200,24300
334305,Bajju,28.05838,72.301615,104,,28200,22800
334601,Jamsar,28.31956,73.509695,104,,28200,22800
334602,Kalu,28.37126,73.84195,104,,28200,22800
415526,Vathar BK,18.118740000000003,74.07923,104,,37300,30100
831006,Jugsalai,22.773375,86.182075,104,,31300,25300
829205,Khalari,23.62412,85.01088,104,,31500,25400
500034,Banjara Hills,17.418685,78.43157500000001,104,,29700,23900
172104,Tapri,31.55394,78.08456000000001,104,,43400,34900
500001,Hyderabad G.P.O.,17.39097,78.47216,104,,29700,24000
500002,Hyderabad Jubilee,17.362675,78.47502499999999,104,,29600,23900
500003,Secunderabad,17.438855,78.492115,104,,29600,23900
488446,Pawai,24.216455,80.216505,104,,27400,22100
754104,Nalibar,20.300205,86.22579999999999,104,,21800,17600
754109,Debidol,20.175045,86.16507,104,,21600,17500
303503,Lalsot,26.50267,76.283575,104,,31100,25100
639002,Sengunthapuram,10.928265,77.995635,104,,34700,28000
639003,Tirumanilaiyur,10.896965,78.03650999999999,104,,34300,27700
639004,Pasupathipalayam,10.972855,78.138055,104,,34700,28000
639007,Karur Collectorate,10.904445,78.11878999999999,104,,34900,28100
639102,Krishnarayapuram,10.90874,78.25997,104,,34400,27800
639104,Kulittalai,10.940845,78.4209,104,,34500,27800
639105,Lalapet,10.92603,78.351595,104,,34600,27900
485446,Nagod,24.566525,80.612925,104,,27600,22300
638103,Kunnathur,11.266835,77.40274500000001,104,,61500,49600
638105,Muthur,11.037855,77.724805,104,,61400,49600
522626,Murikipudi,16.059134999999998,80.12783999999999,104,,39200,31700
638115,Avalpundurai,11.232885,77.713105,104,,61200,49400
638151,Kodumudi,11.05847,77.854935,104,,61100,49300
638112,Vadamugam Vellodu,11.24671,77.66042,104,,61400,49500
638181,Pothanur,11.11142,77.994635,104,,48200,38900
757083,Bhimda,21.6316,86.781275,104,,24100,19400
803301,Hathidah,25.35728,85.997925,104,,29300,23600
803303,Mokamaghat,25.395085,85.95701500000001,104,,29400,23700
334201,Napasar,27.940335,73.541875,104,,28500,23000
334006,Bichhwal Ind.Area,28.099675,73.350135,104,,28100,22700
334021,Chhatararh,28.704885,73.096525,104,,28200,22800
334022,Udasar,28.15484,73.52892,104,,28200,22800
334023,Khajuwala,28.63799,72.54007,104,,28200,22800
334803,Nokha,27.49408,73.29442,104,,28200,22800
334804,Panchoo,27.537,73.174095,104,,28200,22800
334808,Poogal,28.42792,72.794865,104,,28200,22800
486447,Patehara,24.921885000000003,81.37313,104,,28800,23200
754225,Rajnagar,20.607425,86.8639,104,,19300,15600
486886,Waidhan,24.03509,82.48151,104,,21500,17400
486333,Dhera,24.60419,81.859635,104,,28800,23200
487114,Karakbel,23.066955,79.264645,104,,23800,19200
638012,Thindal,11.32518,77.677295,104,,62000,49900
638055,Tingalur,11.33953,77.489705,104,,61600,49700
638101,Arachalur,11.15515,77.699985,104,,61700,49700
841201,Bareja,25.902395,84.549,104,,19700,15900
835208,Ghaghra,23.253625,84.59555499999999,104,,13700,11000
835210,Khunti,23.075255,85.33936,104,,31900,25700
841209,Fulwaria Tajpur,25.9089,84.4746,104,,19600,15900
637207,Paramathi,11.18742,78.05571499999999,104,,48800,39300
638011,Erode Collectorate,11.33607,77.70505,104,,61600,49700
637410,Vaiappamalai,11.433005,78.07075499999999,104,,48700,39200
637411,Semmedu,11.24437,78.35961499999999,104,,48300,38900
637412,Singalandapuram,11.406405,78.217015,104,,48700,39200
638057,Tudupathi,11.3113,77.53409500000001,104,,61600,49700
638004,Veerappanchatram,11.36198,77.69287,104,,61600,49600
638005,Peria Agraharam,11.38989,77.70201,104,,61400,49500
638108,Nathakadaiyur,11.08852,77.657315,104,,61700,49700
431703,Goregaon,19.907045,77.01754,104,,22300,18000
332302,Dhandhan,28.106515,74.86214000000001,104,,33700,27200
638002,Erode Railway Colony,11.321655,77.74549999999999,104,,61100,49300
832103,Moubhandar,22.59284,86.42914999999999,104,,31500,25400
415112,Dhebewadi,17.21019,73.90497500000001,104,,37200,30000
413506,Bembli,18.13168,76.207675,104,,36400,29400
835203,Bharno,23.233435,84.871375,104,,13600,11000
638009,Surampatti,11.315985,77.700865,104,,61800,49800
639107,Marudur,10.8963,78.44729,104,,34300,27700
415522,Sakharwadi,18.062405,74.352035,104,,36900,29800
160101,Manimajra,30.70452,76.82707500000001,104,,93600,75600
485005,Satna Birla Vikas,24.598845,80.888205,104,,27900,22500
483105,Katangi,23.406085,79.827325,104,,26200,21200
762102,Nuagaon,20.10505,84.04025999999999,104,,18500,14900
764051,Balimela,18.283455,82.13159999999999,104,,15200,12200
332312,Patoda,27.714625,74.89818,104,,34000,27400
637017,Palapatti,11.118035,78.11081999999999,104,,48500,39100
637018,Puduchatram,11.373165,78.135345,104,,48200,38900
637019,Sellappampatti,11.30242,78.16057,104,,48700,39200
637020,Valayapatti,11.12029,78.220715,104,,48500,39100
637021,Varagur,11.15941,78.354975,104,,47900,38700
364001,Bhavnagar,21.77796,72.14975000000001,104,,32000,25800
413624,Kati,17.922060000000002,75.92078000000001,104,,36600,29600
841244,Takipur,26.070925000000003,84.554585,104,,26100,21000
480887,Adegaon,22.52284,79.40877499999999,104,,20500,16600
768045,Bhukta,21.55027,83.407805,104,,28500,23000
768109,Reamal,21.4477962,84.7174204,104,,20300,16400
151501,Bareta,29.85533,75.689965,104,,38700,31200
331801,Momasar,28.12837,74.12086500000001,104,,28100,22700
221309,Koirauna,25.24028,82.269825,104,,17900,14400
637013,Erampatti,11.14431,78.29157000000001,104,,48300,39000
637015,Mohanur,11.068075,78.149955,104,,48000,38700
160001,New Sectt Chandigarh,30.7461,76.81246,104,,94300,76000
481771,Bamni,22.47976,80.37633,104,,12200,9900
160009,Sector 9,30.744155,76.79817,104,,93900,75800
766103,Parla,19.754535,82.64175,104,,19600,15800
480884,Chhapara,22.41748,79.62246999999999,104,,20600,16600
480334,Pandhurna,21.68093,78.58574999999999,104,,34200,27600
480555,Damua,22.232285,78.39860999999999,104,,34300,27600
768037,Gaisilet,20.94401,83.317985,104,,28500,23000
637401,Andagalur,11.448495,78.16661500000001,104,,48400,39000
637403,Gurusamipalayam,11.41822,78.116495,104,,48800,39300
637406,Namagiripettai,11.456665,78.283455,104,,48400,39000
637407,Pudupatti,11.506435,78.268925,104,,47800,38600
637408,Rasipuram,11.473605,78.19729,104,,48000,38800
638001,Erode,11.33458,77.72679,104,,61200,49400
803211,Athmalgola,25.442015,85.61403999999999,104,,29000,23400
481337,Khairlanji,21.581655,79.93585,104,,24200,19600
531061,Dimili,17.48996,82.897895,104,,46800,37800
625603,Vadugapatti,10.095765,77.588425,104,,44800,36100
625605,Tamarakulam,10.142375,77.48453,104,,44800,36100
530040,Govt Dairy Farm,17.76664,83.305015,104,,47800,38500
530043,Visalakshinagar,17.75143,83.34334,104,,47600,38300
626130,Tiruthangal,9.51316,77.79769999999999,104,,35800,28800
627802,Courtallam,8.91456,77.256135,104,,41300,33200
627805,Ilanji,8.971105000000001,77.27949000000001,104,,40700,32800
331803,Shri Dungargarh,28.01752,74.05079,104,,28200,22800
331811,Sudsar,28.10181,73.80969999999999,104,,28100,22700
802103,Buxar Gajadhar Ganj,25.53796,84.01352,104,,20200,16300
328024,Maniya,26.836455,77.94526,104,,25200,20300
328026,Sarmathura,26.45019,77.386875,104,,25200,20300
802128,Manoharpur,25.326410000000003,83.9134,104,,20200,16300
532322,Kaviti,19.012715,84.67668,104,,35200,28300
625527,Sedapatti,9.86366,77.79801499999999,104,,49000,39600
334202,Sinthal,27.95827,73.70000999999999,104,,28600,23000
334302,Sri Kolayat Ji,27.682195,72.86161,104,,28600,23000
334303,Diyatra,27.710525,72.66669,104,,28200,22800
477446,Aswar,26.142515000000003,78.85783,104,,26900,21700
768202,K.M. Road Jharsuguda,21.841635,84.03768500000001,104,,44000,35500
768211,Bandhbahal Colony,21.681040000000003,83.914275,104,,43800,35400
781024,Zoo Road,26.169505,91.787965,104,,24900,20100
781036,Hengrabari,26.154035,91.806895,104,,25000,20200
841236,Hasanpura,26.058965,84.35048499999999,104,,25600,20700
221314,Mahrajganj,25.280085,82.631075,104,,17900,14400
524203,Anemadugu,14.93771,80.025835,104,,33500,27100
523330,Dupadu,15.931115000000002,79.324925,104,,36900,29800
362625,Nanadia,21.42004,70.108725,104,,32400,26100
364740,Dhasa Jn,21.75407,71.61453499999999,104,,32000,25800
365535,Liliya,21.518145,71.39968999999999,104,,24400,19700
365410,Chamaradi,21.86428,71.16975500000001,104,,24700,19900
783323,Amco Road,25.938945,89.906085,104,,23200,18700
783129,Lakhipur,26.074755000000003,90.32336,104,,23900,19300
384240,Harij,23.732205,71.90815,104,,23000,18600
845406,Rajepur Champaran,26.340165,85.21826,104,,25700,20700
133006,Ind-estate,30.319505,76.87463,104,,39500,31800
533221,Bandarlanka,16.589735,81.964565,104,,36600,29600
533290,Kotikesavaram,17.204235,81.762165,104,,36600,29500
533222,Anatavaram,16.550755000000002,82.09746,104,,36500,29500
781131,Rani,25.98571,91.57705,104,,24900,20000
471516,Gaurihar,25.24819,80.213145,104,,16300,13200
441207,Desaiganj,20.6044,80.055785,104,,27900,22600
799253,Rajbari,24.355515,92.19166,104,,35100,28300
799279,Paiturbazar,24.304325,92.03609,104,,34600,28000
473105,Bamori,24.833185,77.09230500000001,104,,21300,17200
473110,Ruthiyai,24.54569,77.20246,104,,21400,17200
471625,Rajnager,24.93984,79.87878,104,,16300,13100
532214,Korasavada,18.693955,84.043695,104,,35000,28200
531117,Vemulapudi,17.560544999999998,82.568265,104,,47300,38100
143202,Baba Bakala,31.56761,75.259575,104,,38700,31200
148029,Cheema,30.12132,75.67058499999999,104,,36200,29200
781314,Santinagar,26.324895,90.992265,104,,24300,19600
781316,Howly,26.435035,90.988275,104,,24300,19600
781317,Sorbhog,26.53072,90.873065,104,,24200,19600
781319,Kalgachia,26.368845,90.86788,104,,24400,19700
632007,Katpadi,12.994895,79.15071499999999,104,,38200,30900
364130,Datha,21.198345,71.93693999999999,104,,32100,25800
364135,Pithalpur,21.194065,72.04979499999999,104,,32100,25900
844128,Vaishali,25.983055,85.132595,104,,28000,22600
624615,Kalayamputhur,10.42558,77.473165,104,,37500,30200
624620,Palayam,10.76457,78.05673,104,,37100,30000
533105,Sriramnagar,17.045335,81.770335,104,,36900,29800
532127,Rajam,18.46516,83.62295,104,,34600,27900
848122,Madhopur Dighrua,25.796335,85.65744,104,,20700,16700
607803,Neyveli 3,11.615225,79.480705,104,,28800,23200
607004,Vandipalayam,11.72069,79.72159500000001,104,,29100,23400
608801,Alapakkam,11.59255,79.7107,104,,29000,23400
388255,Vadasinor,22.98555,73.339855,104,,45900,37000
847212,Bhowara,26.315495,86.06196,104,,22200,17900
847225,Basopatti,26.585085,86.030595,104,,22400,18100
848236,Singhia Ghat,25.77567,85.94969499999999,104,,20600,16700
785104,Garmursatra,26.95993,94.077455,104,,33200,26800
848125,Pusa,26.0118,85.69664499999999,104,,20500,16500
848127,Sarairanjan,25.76467,85.733845,104,,20700,16700
848129,Shambhupatti,25.859725,85.73006,104,,20700,16700
848114,Dalsinghsarai,25.67193,85.82377500000001,104,,20700,16700
848115,Dighra,25.92138,85.68369,104,,20600,16600
848117,Ilmasnagar,25.876405,85.94718,104,,20700,16700
848121,Morwa,25.812895,85.69582,104,,20600,16700
534475,Vijayarai,16.82177,81.048495,104,,40100,32300
535002,Vizianagaram,18.11349,83.438715,104,,34900,28200
473001,Guna,24.64513,77.365785,104,,21400,17200
473101,Aroun,24.379065,77.479595,104,,21300,17200
783385,Dhaligaon,26.51975,90.52765,104,,27900,22500
784149,Thelamara,26.67835,92.58103,104,,25600,20600
784110,Dhekiajuli,26.66641,92.47747,104,,25400,20500
785101,Bahana,26.814485,94.25873,104,,33400,27000
533233,Alamuru,16.795099999999998,81.859745,104,,36800,29700
845425,Malahi,26.56593,84.57788,104,,26100,21100
533408,Thondangi,17.224204999999998,82.45273,104,,36600,29600
847226,Jaynagar,26.55934,86.16556,104,,22400,18100
390010,M.I. Estate,22.259175,73.18107,104,,40800,32900
403706,Curchorem,15.29732,74.121545,104,,55300,44600
613303,Kurungulam Melpathi,10.633780000000002,79.050645,104,,33600,27100
534302,Samisragudem,16.93593,81.714415,104,,39900,32200
786160,Phillobari,27.539585,95.74075,104,,30800,24800
583217,Holalu,14.80557,75.74698000000001,104,,44200,35700
583218,Hosahalli,14.62418,76.50576,104,,44300,35700
583221,Kamalapura,15.31448,76.500255,104,,44300,35700
585221,Saidapur,16.56987,77.29359500000001,104,,16500,13300
585236,Nimbal,17.443855,76.445065,104,,20700,16700
585316,Mahagaon,17.54394,76.81525500000001,104,,20700,16700
848504,Patory,25.640035,85.60188,104,,20800,16800
848216,Bihrha,25.827055,86.035315,104,,20700,16700
465677,Suthalia,23.986735,77.10067,104,,23800,19200
786103,Tengakhat,27.3755,95.1773,104,,32000,25900
464258,Nateran,23.752995,77.76437999999999,104,,24800,20000
786146,Sukhanpukhuri,27.475955,95.390135,104,,30700,24800
786150,Barhapjan,27.536635,95.48994,104,,30200,24400
442202,Ashti,21.23002,78.205535,104,,31900,25700
786157,Chapakhowa,27.89002,95.80466,104,,30600,24700
231307,Vindhyachal,25.10931,82.58245,104,,18600,15000
231217,Renukoot,24.271610000000003,83.053455,104,,21100,17100
591346,Hudli,15.94147,74.65447499999999,104,,27100,21800
389250,Diwda Colony,23.351985,73.79793000000001,104,,23100,18600
403703,Cuncolim,15.139175,74.03696500000001,104,,55500,44800
848130,Tajpur,25.852235,85.67304,104,,20600,16600
848132,Ujiarpur,25.77865,85.83913000000001,104,,20500,16600
848502,Mohiuddin Nagar R.S,25.60189,85.69306,104,,20800,16700
600028,Raja Annamalaipuram,13.020615,80.26151,104,,63800,51400
600035,Nandanam,13.027885,80.238595,104,,63400,51100
606104,Mangalam,11.60872,79.28515999999999,104,,29000,23400
132115,Hathwala,29.182075,77.11015,104,,36200,29200
848101,Samastipur,25.856035,85.778335,104,,20700,16700
848102,Nauraga,25.904435,85.77023,104,,20700,16700
848113,Birouli Rural Institute,25.923165,85.709735,104,,20600,16600
586117,Horti,17.134030000000003,75.74272500000001,104,,34800,28100
245201,Babugarh,28.70602,77.879615,104,,38200,30800
245205,Garhmukhteshwer,28.776225,78.07673,104,,38200,30800
571426,Krishnarajapete,12.64116,76.50522000000001,104,,37600,30300
571455,Chinakurali,12.54505,76.57851500000001,104,,37600,30300
245207,Simbhaoli,28.755415,77.96011,104,,38200,30800
245208,Bahadurgarh,28.680225,78.137495,104,,38200,30800
245304,Pilkhauwa,28.724845,77.643585,104,,38100,30700
571607,Krishnaraja Sagar,12.41351,76.56718000000001,104,,37500,30200
787051,Lilabari A/F,27.373305,94.111985,104,,23700,19100
787053,Ghilamara,27.326655,94.368465,104,,23700,19100
788003,Tarapur,24.862405,92.75931,104,,26600,21400
788004,G C College,24.81803,92.789965,104,,26500,21400
788013,Sonabarighat,24.766095,92.83748,104,,26400,21300
580026,Hubli Tarihal Indl. Estate,15.353925,75.03954999999999,104,,37200,30000
580029,Hubli Traffic Island,15.35537,75.13696,104,,37200,30000
244928,Kemri,28.810855,79.18707,104,,23600,19000
851116,B.T.P.P,25.386705,86.03703999999999,104,,23400,18900
851205,Koshi College,25.5768,86.48170999999999,104,,26100,21100
583201,Hospet,15.27755,76.389675,104,,44500,35900
583203,Hospet N C C,15.236065,76.39780999999999,104,,44100,35600
786174,Pengri,27.429725,95.85865,104,,30300,24500
786179,Tipong,27.312715,95.89611,104,,30800,24800
786187,Makum Pathar,27.31381,95.63502,104,,30700,24700
787026,Bordoloni,27.47952,94.452025,104,,23400,18900
581210,Masur,14.324795,75.51621,104,,25500,20600
581211,Medleri,14.690125,75.753235,104,,25300,20400
583111,Chellakurki,15.1394,77.08381,104,,44400,35800
583122,Tekkalakota,15.529105,76.87284,104,,44300,35700
583130,Gudekota,14.82045,76.617525,104,,44300,35700
583135,Kudligi,14.86795,76.38901000000001,104,,44300,35800
851201,Chautham,25.52668,86.66802,104,,26300,21200
851114,Barauni Oil Refinery,25.43074,86.05982,104,,23400,18900
788735,Ratabari,24.586925,92.398495,104,,21600,17400
445204,Pusad,19.885535,77.652585,104,,27500,22200
110078,N.S.I.T. Dwarka,28.600525,77.03338,104,,76100,61300
110077,Raj Nagar - II,28.557505,77.049295,104,,75700,61000
110074,Chattarpur,28.4851694,77.1963652,104,,76200,61400
394690,Bajipura,21.09516,73.30128,104,,46800,37800
394620,Vankaner,21.073955,73.16418999999999,104,,47000,37900
795130,Lilong,24.6835,93.95055,104,,28700,23200
788724,Patharkandi,24.657195,92.317275,104,,23100,18600
442905,Rajura,19.695485,79.37305,104,,28000,22600
457114,Alote,23.780275,75.56835000000001,104,,25700,20700
456665,Tarana,23.282955,76.02535,104,,28900,23300
456006,Ujjain  City,23.20776,75.75476,104,,29100,23400
456010,Ujjain  M.L.Nagar,23.15597,75.804745,104,,29000,23400
456221,Unhel,23.346255,75.58783500000001,104,,29200,23500
456222,Baledi,23.148045,75.510445,104,,29000,23400
854108,Korha,25.626915,87.40173,104,,22100,17800
396171,Umargam I.E.,20.17217,72.78309999999999,104,,35400,28600
125039,Narnaund,29.28887,76.106785,104,,29300,23700
456224,Khachraud,23.503065,75.26426000000001,104,,28900,23400
456313,Bhatpachlana,23.318525,75.30888999999999,104,,29000,23400
456331,Birlagram  Nagda,23.420185,75.39517000000001,104,,28900,23300
788720,Kaliganj Bazar,24.761635,92.423265,104,,23100,18600
788722,Nilam Bazar,24.771945,92.335265,104,,23100,18600
393115,Rajpardi,21.736935000000003,73.31928500000001,104,,33800,27300
395012,Limbayat,21.17465,72.86667,104,,47000,38000
110087,Sunder Vihar,28.66809,77.08565,104,,67500,54500
573162,Bageshpura,13.16592,76.21476,104,,37200,29900
573136,Keralapura,12.5879,76.158035,104,,36500,29500
247002,Ptc,29.98235,77.50524,104,,29500,23800
576120,Moodubelle,13.282505,74.810615,104,,36400,29300
576214,Byndoor,13.864095,74.702445,104,,36100,29100
734222,Takdah,27.043995,88.365725,104,,36500,29500
175015,Joginder Nagar,31.93612,76.795665,104,,37000,29900
734316,Topkhana,27.099415,88.51753,104,,36600,29600
734427,Khoribari,26.56209,88.16459499999999,104,,37200,30000
342604,Borunda,26.446585,73.789675,104,,43900,35400
343029,Bhinmal,25.06166,72.15896000000001,104,,30100,24300
342801,Dunara,25.97264,72.872255,104,,44100,35500
342802,Luni,26.061495,73.054245,104,,44100,35500
396001,Valsad,20.607295,72.929525,104,,35600,28700
313904,Chawand,24.1954,73.798855,104,,32800,26500
313905,Jhadol,24.2319,73.90509,104,,32800,26500
313802,Rishabhdeo,24.1025,73.648745,104,,32800,26500
313803,Kherwara,24.050875,73.53222500000001,104,,32800,26500
722134,Garhraipur,22.77985,86.90415,104,,17000,13700
723121,Adra,23.521095,86.74907999999999,104,,17600,14200
723126,Anara RS,23.466035,86.504275,104,,17600,14200
793022,Nehu,25.61942,91.91219,104,,45000,36300
445105,Jawala,20.22855,78.00671,104,,27300,22100
795115,Gularthol,24.764065,93.237165,104,,36000,29000
795122,Kalapahar,25.07992,93.916585,104,,25000,20200
D780233,"Dhar, Madhya Pradesh · D780233",22.5786572,75.2258637,104,,38500,31000
110035,Saraswati Vihar Tehsil,28.683281300854784,77.16191808339161,104,,57000,46000
574202,Darbe,12.753855,75.28429,104,,47300,38000
396002,Valsad Abrama,20.5926,72.95017999999999,104,,35300,28500
454001,Dhar,22.62532,75.327065,104,,22400,18000
456001,Ujjain,23.19778,75.792715,104,,29000,23400
456003,Ujjain  Bherugarh,23.264685,75.71082999999999,104,,29200,23500
454441,Amjhera,22.60956,75.11547999999999,104,,22300,18000
793012,Mawpat,25.595495,91.92472,104,,45400,36500
793007,Happy Valley,25.572735,91.937485,104,,45400,36600
793008,Phudmawri,25.603645,91.89191,104,,45400,36500
793021,Madanriting,25.547205,92.00528,104,,45000,36300
829114,Jaridih Bazar,23.748815,85.94957,103,,28000,22700
639108,Mayanur,10.925145,78.210735,103,,34200,27600
638812,Chengapalli,11.19425,77.42187,103,,59700,48400
639001,Karur,10.959895,78.07693499999999,103,,33500,27200
638701,Kangayam,11.017675,77.555995,103,,59800,48500
829113,Jarangdih Colliery,23.75236,85.90904,103,,27900,22600
639119,Panjapatti,10.822515,78.293625,103,,33500,27200
638501,Anthiyur,11.739735,77.55712,103,,59600,48300
638502,Athani,11.54032,77.529615,103,,59900,48500
639110,Nungavaram,10.827305,78.507285,103,,33500,27200
639113,Pugalur Sugar Factory,11.06426,78.051635,103,,33600,27200
639116,Vangal,11.029165,78.116455,103,,34000,27500
639117,Velayuthampalayam,11.05765,77.96615,103,,33700,27300
795116,Jiribam Bazar,24.60044,93.20702,103,,34900,28300
795118,Saikul,25.06674,94.07368,103,,24600,19900
795104,Tadubi,25.459945,94.258835,103,,24400,19800
795106,Senapati,25.27886,94.07868,103,,24500,19800
795112,T Waichong,25.18242,93.823745,103,,24400,19800
854105,Katihar,25.547825000000003,87.58352500000001,103,,21700,17600
451442,Segaon,21.85279,75.36409,103,,35300,28600
451111,Sanawad,22.102235,76.06985,103,,35300,28600
831012,Mango,22.791305,86.25446,103,,30900,25000
522236,Tadikonda,16.469450000000002,80.458395,103,,38800,31400
641659,Karumathampatti,11.14063,77.15690000000001,103,,58300,47200
829123,Right Bank Tenughat,23.702985,85.86957,103,,27800,22500
638459,Punjai Puliampatti,11.35348,77.11871,103,,59800,48500
641655,Cheyur,11.280145,77.21501,103,,58500,47300
641658,Karadibavi,10.95207,77.172765,103,,57700,46800
638453,Karattadipalayam,11.431055,77.38696,103,,60100,48700
522318,Tsunduru,16.155565000000003,80.58525,103,,39000,31600
522324,Kolluru,16.18173,80.81209,103,,39000,31600
638182,Velur,11.11218,78.03941,103,,47500,38400
638312,Jambai,11.49618,77.636145,103,,60200,48800
638462,Vemandampalayam,11.3509,77.242185,103,,60400,48900
638476,Gobichettipalayam South,11.447310000000002,77.4612,103,,60400,48900
638116,Kanjikovil,11.364435,77.585215,103,,59700,48400
638152,Unjalur,11.127415,77.86151000000001,103,,60000,48600
522649,Pedakancherla,16.01867,79.8355,103,,39100,31600
638454,Kasipalayam,11.43133,77.294525,103,,60200,48700
638153,Ganapathipalayam,11.232815,77.82478499999999,103,,60100,48700
638154,Pasur,11.19993,77.85289499999999,103,,60300,48800
638109,Sivagiri,11.121465,77.78159500000001,103,,59500,48300
638110,Getticheyur,11.3288,77.407775,103,,59600,48300
638111,Vellakoil,10.931674999999998,77.69494499999999,103,,59400,48200
521344,Kalidindi,16.477715,81.31980999999999,103,,43100,34900
521345,Mandavalli,16.51691,81.14892499999999,103,,43100,34800
521390,Pedamaddali,16.345415000000003,80.97524,103,,43300,35000
793015,Smit,25.45395,91.98706,103,,44000,35600
643238,Nonsuch,11.30555,76.80031,103,,65900,53400
643253,Kolapalli,11.53605,76.32737,103,,66700,54000
673591,Meenangadi,11.66498,76.15693999999999,103,,32700,26500
673581,Vatuvanchal,11.55071,76.21563499999999,103,,32700,26500
673507,Kakkattil,11.68411,75.731835,103,,43800,35400
521213,Ramanakkapet,16.90065,80.90095,103,,43200,34900
521212,Nunna,16.60655,80.70291,103,,43100,34900
521175,Jaggaiahpet,16.90548,80.06729,103,,42800,34700
670644,Thalappuzha,11.81826,75.880465,103,,32400,26300
415536,Kenjal,17.98929,73.95246,103,,36200,29300
522411,Bellamkonda,16.625230000000002,79.99167499999999,103,,38500,31200
522436,Parastyalluru,16.521195,80.29237,103,,39000,31600
522438,Medikonduru,16.346945,80.264745,103,,39100,31600
523170,Swarna,15.878125,80.27659,103,,36700,29700
522619,Ganapavaram,16.113235,80.21583,103,,39100,31600
673595,Cheeral,11.621485,76.361,103,,32500,26400
673596,Kenichira,11.727545,76.145505,103,,33000,26700
304503,Lamba Hari Singh,26.288885,75.217315,103,,43400,35200
209723,Indergarh,26.94703,79.661735,103,,20200,16400
321203,Deeg,27.50089,77.311725,103,,30700,24900
444510,Rithad,20.048995,76.96471500000001,103,,24100,19500
854113,Manihari,25.38827,87.63908,103,,21400,17300
854115,Semapur Factory,25.50982,87.46929,103,,21400,17400
573121,Halebeedu,13.204565,75.99619999999999,103,,35800,29000
573123,Hethur,12.759755,75.716925,103,,35900,29100
854204,Bhawanipur Rajdham,25.610575,87.129475,103,,22600,18300
854205,Dhamdaha,25.7161,87.20885,103,,22600,18300
396570,Digendranagar,20.82862,73.217495,103,,30100,24400
792111,Sunpura,27.898525,95.84797,103,,41300,33500
362245,Malia Hatina,21.169535,70.34029,103,,31600,25600
362263,Bagdu,21.36026,70.52401,103,,31700,25700
521104,Nidamanuru,16.501935,80.73812,103,,42400,34400
638056,Vijayamangalam,11.23409,77.500305,103,,59800,48500
638104,Modakurichi,11.22055,77.776835,103,,60700,49100
638106,Mulanur,10.753995,77.70929,103,,60100,48700
638107,Nasiyanur,11.325855,77.64158,103,,59600,48300
638051,Chennimalai,11.151425,77.59418500000001,103,,59800,48500
638052,Perundurai,11.264265,77.589995,103,,59900,48500
673638,Kondotti,11.146585,75.98280500000001,103,,38100,30900
638003,Karungalpalayam,11.356735,77.73184,103,,60700,49100
637505,Vennandur,11.50416,78.09707,103,,47700,38600
835103,Tatisilway,23.39069,85.54801499999999,103,,30800,25000
835202,Bero,23.25307,84.986045,103,,30700,24900
828306,Nawagarh,23.82815,86.217845,103,,36400,29500
208019,Rawatpur,26.480425,80.27317,103,,32300,26100
679512,Ambalapara,10.8231,76.416245,103,,40800,33000
679336,Vallapuzha,10.835135,76.236915,103,,41000,33200
676123,Karuvambram,11.170105,76.12564499999999,103,,38500,31200
832112,Boram,22.942425,86.293765,103,,30800,24900
831015,Gobindpur Housing Colony,22.752705,86.25857500000001,103,,31100,25100
523225,Santhanuthalapadu,15.52611,79.937725,103,,36400,29500
680508,Puvathur,10.55935,76.08878999999999,103,,53300,43100
680512,Orumanayur,10.551985,76.02638,103,,53200,43100
788152,Lakshmisahar,24.70569,92.5306,103,,21500,17400
788121,Kabuganj Bazar,24.68114,92.87258,103,,25700,20800
321601,Halena,27.10971,77.180125,103,,30700,24900
321602,Nadbai,27.22689,77.201445,103,,30700,24900
321404,Roopbas,26.9955,77.6268,103,,30700,24900
321405,Band Baretha,26.89548,77.40776,103,,30700,24900
445210,Lohi,20.43656,77.67301,103,,26800,21700
445301,Ghatanji,20.121275,78.31347,103,,26700,21700
445110,Mahagaon Kasba,20.21769,77.87397999999999,103,,26800,21700
445002,Zillla Parishad,20.33524,78.21912,103,,27100,21900
445101,Babhulgaon,20.599960000000003,78.15393,103,,27100,21900
321202,Penghore,27.35402,77.43546,103,,30700,24900
321025,Rareh,27.312710000000003,77.549515,103,,30700,24900
321026,Kanjoli Line,27.25788,77.408285,103,,30700,24900
321028,Kherli Gadasia,27.08112,77.27092999999999,103,,30700,24900
321201,Kumher,27.353235,77.31158500000001,103,,30700,24900
636700,"Dharmapuri, Tamil Nadu · 636700",12.1456131,78.1132217,103,,37100,30100
680021,Thrissur R S,10.51555,76.2115,103,,53200,43100
680028,Kuruchikkara,10.591415,76.27753000000001,103,,53700,43400
679533,Koottanad,10.7678,76.160785,103,,41100,33200
362715,Ambujanagar,20.83557,70.68644499999999,103,,31600,25600
365480,Vadia,21.68953,70.82744,103,,24200,19600
835215,Mesra,23.4198,85.43245,103,,30800,25000
413603,Andora,17.75713,76.144565,103,,36300,29300
140506,Dappar Ad,30.544725,76.813225,103,,31100,25200
140407,Fatehgarh Sahib,30.6634042,76.3803,103,,35100,28400
841203,Chainpur,26.012385,84.37824,103,,25200,20400
365430,Lathi,21.69376,71.354545,103,,24100,19500
517587,Pissatur,13.40136,79.721315,103,,38800,31500
788030,Udarbond,24.95731,92.89264,103,,25800,20900
788001,Silchar,24.824865000000003,92.805575,103,,26100,21100
788007,Vivekananda Road,24.7968,92.76864,103,,25700,20800
788009,Rongpur,24.83353,92.86057,103,,26100,21100
457775,Raipuria,22.865225,74.889125,103,,13500,10900
442705,Aheri,19.35472,79.947385,103,,29700,24100
321614,Akhaigarh,27.206275,77.10362,103,,30600,24900
321615,Pathena,27.124955,77.01410000000001,103,,30700,24900
321642,Sarsena,27.152515,77.170495,103,,30700,24900
795149,Yairipok,24.630495,94.22465,103,,28200,22800
796001,Aizawl,23.726725,92.71677,103,,49500,40000
828130,B.Polytechnic,23.80469,86.41558,103,,37000,30000
632601,Dharanampet,13.023135,78.86649,103,,38000,30700
632510,Minnal,13.094595,79.53514000000001,103,,37500,30400
632204,Vaduganthangal,12.976335,79.01786,103,,37800,30600
841240,Mahuwal Mahal,26.054465,84.428515,103,,25500,20600
841241,Pachrukhi,26.131008,84.3910745,103,,25400,20500
685511,Kanchiyar,9.749375,77.059575,103,,51900,42000
685515,Kattappana South,9.765005,77.08618,103,,51800,42000
683585,Athani,10.14774,76.35588,103,,66400,53700
416805,Vada,16.43848,73.39438,103,,32600,26400
841428,Gopalganj,26.5356,84.47075000000001,103,,24900,20200
682310,Vadavucode,9.991665,76.431165,103,,66300,53600
517551,Vadamalpet,13.542235,79.5232,103,,38800,31500
683577,Mookkannur,10.250925,76.41239999999999,103,,65800,53300
683545,Kuruppampady,10.11492,76.57497,103,,66800,54000
517129,Arugonda,13.30676,78.9508,103,,39600,32000
683520,Mannam Paravur,10.14575,76.25751,103,,65900,53400
841227,Gaushalaroad Siwan,26.25819,84.38800499999999,103,,25500,20700
841232,Barhria,26.321085,84.47775,103,,25200,20400
627856,Sambavarvadakarai,9.01248,77.38871,103,,40300,32600
627857,Serndamangalam,9.05597,77.45670000000001,103,,40300,32600
627858,Sundapandiapuram,8.973054999999999,77.385925,103,,40300,32600
627808,Pavoorchatram,8.894960000000001,77.40245,103,,40300,32600
627851,Alangulam,8.832355,77.519875,103,,40100,32500
686507,Kanjirapally,9.557235,76.78903,103,,53800,43700
627854,Nettur,8.921745,77.54706999999999,103,,40200,32600
627855,Puliyangudi,9.18131,77.35656,103,,40300,32600
325207,Bapawar,24.92499,76.45221000000001,103,,35400,28800
325208,Gadepan,25.184495,76.18399500000001,103,,35500,28800
321205,Nagar,27.447375,77.04604,103,,30600,24800
321206,Janoothar,27.39243,77.214235,103,,30700,24900
796181,Serchhip,23.299965,92.942735,103,,46600,37800
321402,Rudawal,26.979325,77.435105,103,,30700,24900
321403,Banshi Paharpur,26.94738,77.49412,103,,30700,24900
321406,Bhusawar,27.02648,77.048395,103,,30700,24900
321407,Chhonkarwara Kalan,27.11271,77.04899,103,,30700,24900
321408,Weir,27.004965,77.21497,103,,30800,25000
321409,Ballabhgarh,26.94144,77.071,103,,30700,24900
321410,Brahmbad,26.94075,77.34896,103,,31100,25200
321411,Khareri,26.86892,77.17919,103,,30700,24900
788101,Banskandi,24.805300000000003,92.897265,103,,26000,21100
788103,Lakhipur,24.79741,93.015725,103,,25700,20800
321301,Pichuna,27.07387,77.463285,103,,30800,25000
321302,Uchain,27.06668,77.39687,103,,30700,24900
321303,Sewar,27.19335,77.40331,103,,30800,25000
321401,Bayana,26.86146,77.332885,103,,30700,24900
416418,Salgare,16.883744999999998,74.879785,103,,33800,27400
416512,Dodamarg,15.672045,74.035245,103,,32300,26200
416513,Aronda,15.7488,73.722845,103,,32400,26200
627759,Krishnapuram,9.09425,77.34263,103,,40300,32600
627751,Kadayanallur,9.11732,77.31706,103,,40300,32600
627755,Mullikulam,9.18073,77.47208499999999,103,,40200,32500
531035,Subbavaram,17.77279,83.09421,103,,46200,37500
626138,Kunnur,9.570465,77.731155,103,,35000,28300
625529,Sindhupatti,9.89381,77.85383999999999,103,,48700,39400
625708,T.Kunnathur,9.74527,77.893395,103,,48300,39100
625701,Kalligudi,9.693185,78.003515,103,,48400,39200
625702,T.Kallupatti,9.697575,77.838345,103,,47800,38800
577417,Honnesara,14.0948,75.065965,103,,37900,30700
325214,Ayana,25.43905,76.43886,103,,35500,28800
416632,Jambhavade,16.17427,73.85722,103,,32200,26100
625535,Yelumalai,9.850725,77.69154499999999,103,,48800,39400
625514,Checkanurani,9.953955,77.949135,103,,48200,39100
532290,Kanchili,19.00125,84.60051999999999,103,,33900,27500
532401,Arasavilli,18.273785,83.94402,103,,33700,27300
824231,Bodhgaya,24.679389,85.0115833,103,,20900,17000
531105,Sileru Project,18.00076,82.04953,103,,46400,37500
533102,Konthamuru,17.074755,81.847335,103,,36200,29300
177103,Dhaliara,31.83442,76.15959,103,,37800,30600
177104,Nehran Pukhar,31.850165,76.205865,103,,37700,30500
176304,Dalhousie,32.542845,75.99565,103,,29700,24000
176305,Dalhousie Cantt,32.547790000000006,75.960695,103,,29400,23800
686668,Kalloorkkad,9.967105,76.66885500000001,103,,66400,53700
814143,Kunda,24.403155,86.748125,103,,25900,20900
176056,Sunehar,32.09729,76.350295,103,,37800,30600
176071,Bhullanaso,31.972325,76.64535,103,,37900,30600
176081,Taragarh,32.07869,76.60972000000001,103,,37800,30600
625106,Melur,10.008385,78.317635,103,,48700,39400
625019,Nagamalai,9.933845,78.03693,103,,47800,38800
625023,Madras High Court Madurai Bench,9.94791,78.18273,103,,48400,39200
625004,Pasumalai,9.89838,78.06777,103,,48100,39000
625105,Melavlavu,10.11765,78.31485,103,,48200,39000
815352,Karmatar,24.04335,86.622905,103,,16000,12900
313804,Chhani,23.928915,73.454425,103,,32500,26300
625020,Gandhi Nagar,9.89046,78.212965,103,,48300,39100
625003,Palanganatham,9.903355,78.078285,103,,48100,39000
324008,Thermal Colony Kota,25.19768,75.79449500000001,103,,35300,28700
326519,Ram Ganj Mandi,24.63466,75.96566,103,,35400,28700
326520,Aditya Nagar,24.73697,75.93241499999999,103,,35400,28700
326529,Khairabad,24.66168,75.896,103,,35400,28700
326530,Suket,24.67595,76.0561,103,,35400,28700
444505,Washim,20.13642,77.13619,103,,24200,19700
787032,Moidumia,27.27414,94.169655,103,,22900,18600
787033,Bhogpur Chariali,27.033125,93.82555,103,,22800,18500
787034,Gogamukh,27.407365,94.316055,103,,22800,18400
787035,Gerukamukh,27.548445,94.325885,103,,22700,18400
462016,R.S.Nagar,23.213695,77.42743999999999,103,,35500,28700
816104,Hiranpur,24.702865,87.62914,103,,14000,11300
814160,Meharma,25.162955,87.373535,103,,17900,14500
843325,Parsauni,26.513425,85.40520000000001,103,,21200,17200
843328,Runnisaidpur,26.389995,85.502985,103,,21300,17300
843333,Nanpur,26.410895,85.64078,103,,21500,17400
136044,Rajound,29.59248,76.441785,103,,27700,22500
700034,Behala,22.49651,88.31855,103,,50700,41100
844508,Raghopur,25.55209,85.40822,103,,27200,22000
844504,Desari,25.668185,85.41099,103,,27100,22000
844507,Mahnar Road Rs,25.6776,85.491525,103,,27000,21900
624706,Kovilur,10.601775,78.07132,103,,36300,29500
624612,Ambilikai,10.55354,77.74248,103,,36400,29500
175129,Katrain,32.138205,77.0543,103,,28800,23400
844114,Bhagwanpur,25.857515,85.3115,103,,27000,21900
283136,Jasrana,27.226485,78.65419499999999,103,,21900,17700
624215,Silukkuvarpatti,10.180265,77.87156,103,,36800,29800
533236,Ryali,16.768135,81.78658999999999,103,,36100,29300
533242,Razole,16.476125,81.84394,103,,36400,29400
722153,Tiluri,23.584505,86.92456,103,,16400,13300
722156,Panchmura,22.954325,87.181095,103,,16700,13500
533220,Kesanakurrupalem,16.65541,82.22552,103,,36100,29200
711304,Banipur,22.563915,88.23930999999999,103,,40500,32800
711103,B.Garden,22.55841,88.3023,103,,40800,33000
624204,Iyyampalayam,10.246095,77.742185,103,,36300,29400
624208,Nilakottai,10.16681,77.849815,103,,37000,29900
624212,Perumbarai,10.34261,77.71854,103,,36200,29400
845418,Dhaka,26.693475,85.146255,103,,25500,20600
845419,Gobindganj,26.508195,84.648235,103,,25300,20500
134101,H.M.T.Pinjore,30.783435,76.90444500000001,103,,62200,50400
623707,Paramakudi,9.553204999999998,78.58682,103,,38000,30800
534003,Sanivarapu Peta,16.746955,81.052875,103,,38500,31200
852202,Saharsa Collec.,25.86882,86.60256000000001,103,,24700,20000
393030,Hansot,21.5285,72.73933,103,,33100,26800
852216,Mahishi,25.879135,86.44301999999999,103,,24800,20100
464672,Bamhori,23.07951,78.285585,103,,28100,22800
325203,Simlia,25.196683,76.0009687,103,,35400,28700
392220,Palej,21.92477,73.10487499999999,103,,39900,32300
393001,Ankleshwar,21.641905,73.05010999999999,103,,33600,27100
393017,Avidha,21.767685,73.17955,103,,33100,26800
734301,Kalimpong,27.014965,88.512855,103,,36100,29300
722206,Patrasayer,23.185155,87.507115,103,,16400,13300
741152,Karimpur,23.9478,88.61622,103,,23100,18700
731126,Karidhya,23.937135,87.409325,103,,23800,19300
343022,Sayla,25.35873,72.178685,103,,29400,23800
175018,Sunder Nagar-1,31.49176,76.878935,103,,36900,29900
343030,Joojani,25.11181,72.107115,103,,29700,24000
343001,Jalore,25.33351,72.63205500000001,103,,29400,23800
343032,Bagoda,25.24608,72.012165,103,,29400,23800
845416,Damodarpur,26.499265,84.97698,103,,25600,20700
133005,Babyal,30.355755,76.892325,103,,38000,30800
343024,Siana,25.131065,72.67870500000001,103,,29400,23800
343025,Bagra,25.173465,72.58725,103,,29300,23800
343027,Hadecha,24.76745,71.46981,103,,29400,23800
504323,Neradigonda,19.28445,78.426475,103,,25700,20900
533436,Rajavommangi,17.51379,82.250745,103,,36500,29500
533461,Coringa,16.891005,82.28377,103,,36100,29200
504292,Rebbena,19.24407,79.4234,103,,25700,20900
504294,Chirrakunta,19.27408,79.230805,103,,25700,20900
504296,Sirpur Khagaznagar,19.29441,79.64526000000001,103,,25700,20900
173234,Waknaghat,31.015955,77.08736,103,,46600,37700
175001,Mandi,31.73567,76.941475,103,,36900,29900
784168,Gohpur,26.848955,93.62078,103,,25100,20300
784172,Barangabari,26.81639,93.536305,103,,25100,20300
784174,Pabhoi,26.860915,93.099755,103,,25100,20300
470117,Khurai,24.01981,78.34645499999999,103,,22200,18000
470118,Khimlasa,24.20105,78.360165,103,,22300,18000
470119,Rahatgarh,23.783355,78.36786000000001,103,,22000,17800
470120,Sihora,23.789645,78.5758,103,,22100,17900
324010,Engineering College Kota,25.01308,75.74753999999999,103,,35400,28800
470051,Bilahra Raja,23.6654,78.73662999999999,103,,22100,17900
325204,Sultanpur,25.37176,76.21712500000001,103,,35400,28700
785675,Khowang,27.22793,94.891965,103,,31400,25400
799105,Kakraban,23.47381,91.4005,103,,40400,32700
143533,Gharota,32.118875,75.56473500000001,103,,40600,32800
798623,Tzudikong,26.713595,94.627495,103,,45900,37200
785635,Nakachari,26.694825,94.410595,103,,33000,26700
813104,Bounsi,24.710315,86.96708,103,,24700,20100
813106,Katoria,24.774635,86.69548,103,,25100,20300
741221,Barajaguli,22.9398,88.55503,103,,23400,18900
534268,Ellamanchili,16.487685,81.783265,103,,39000,31500
623531,Tirupalaikudi,9.5386,78.89964,103,,38300,31000
623566,Ervadi Dargha,9.227075,78.709565,103,,38000,30800
623603,Kamudi,9.337035,78.3418,103,,38500,31100
224143,Hanswar,26.52302,82.83503,103,,19500,15800
813221,Tarapur,25.062375,86.64370500000001,103,,48600,39400
814103,Kathikund,24.37699,87.49618000000001,103,,26300,21300
387640,Lasundra,22.941285,73.165535,103,,44300,35900
387650,Nirmali,23.112995,73.07865,103,,44500,36100
224133,Dabha Samer,26.741255,82.15938,103,,19600,15900
846004,Darbhanga,26.16269,85.89004,103,,20500,16600
846005,Postal Traning Centre,26.201245,85.879775,103,,20600,16700
742302,Daulatabad,24.15685,88.39899,103,,24700,20000
425003,Audyogik Vasahat Jalgaon,20.97909,75.63628,103,,30200,24400
425004,N M University Jalgaon,21.00672,75.48953,103,,29700,24100
845420,Gulwara Madhuban,26.44831,85.13442,103,,25500,20600
845424,Kesharia,26.34094,84.85826,103,,25200,20400
571432,Nagamangala,12.810975,76.7193,103,,36100,29300
571434,Pandavapura,12.537395,76.68674,103,,36200,29400
571122,Talakad,12.20392,77.05755500000001,103,,44300,35900
571124,T Narasipura,12.148555,76.917685,103,,44500,36100
571125,Hampapura,12.12026,76.44199,103,,44400,36000
580114,Dhumwad,15.322475,75.007655,103,,36400,29500
580008,Dharwad K.C.Park,15.47668,74.994335,103,,36000,29200
245206,Kharkhuda,28.83291,77.71817999999999,103,,36800,29900
577541,Sirigere,14.27513,76.217905,103,,34900,28200
572101,Tumkur,13.338725,77.09522,103,,34200,27600
572116,Channakeshavapura,14.08755,77.130375,103,,34100,27600
325003,Cable Nagar,24.98512,75.925585,103,,35400,28700
325004,Itawa,25.526485,76.40949499999999,103,,35500,28800
325009,Khatoli,25.724525,76.4285,103,,35500,28800
335501,Bhadra,29.05999,75.225255,103,,29800,24100
173024,Sarahan,30.716435,77.16146499999999,103,,32000,25900
741252,Krishivisyavidyalaya,22.94773,88.52861,103,,23100,18700
741255,Anulia,23.150735,88.50417,103,,23500,19000
175002,Bhojpur,31.56098,76.87848,103,,36900,29900
742165,Baruipara,24.02915,88.30586,103,,24400,19800
621705,Kallankurichi,11.162925,79.159765,103,,33200,26800
387620,Kapadwanj,23.06304,73.153065,103,,44500,36100
326517,Morak,24.757825,76.013945,103,,35500,28800
326518,Chechat,24.78474,75.86767499999999,103,,35400,28700
325222,Bohat,25.204545,76.515135,103,,24900,20200
325601,Sangod,24.921525,76.28641999999999,103,,35500,28800
325602,Kanwas,24.856615,76.07606999999999,103,,35400,28800
784105,Ghoramari,26.76723,92.815935,103,,24800,20100
145026,Narot Jailmal Singh,32.264255,75.43854999999999,103,,39900,32400
145027,Bamial,32.29316,75.3745,103,,39900,32400
783301,Dhubri,26.017045000000003,89.98711,103,,22800,18400
813103,Barahat,24.808695,86.872755,103,,24700,20100
811313,Mallehpur,24.96833,86.20238,103,,22800,18500
173218,Diggal,31.070255,76.89806999999999,103,,46000,37300
173220,Parwanoo,30.816345,76.99035,103,,46500,37700
812005,Mirjanhat,25.183045,86.990175,103,,27500,22200
502307,IDA Pashamailaram,17.548205,78.19353,103,,24800,20100
502310,Allipur,18.20483,78.89394,103,,24800,20100
502221,Charakpally,17.635005,77.517505,103,,24800,20100
502228,Madhunagar,17.719725,77.580255,103,,24800,20100
502314,Sirpura,17.817655000000002,78.13755,103,,24800,20100
502316,Kowdipally,17.87133,78.23535,103,,24800,20100
502318,Ranjhole,17.650595,77.623275,103,,24800,20100
502295,P.R.Pally Chowrasta,17.536324999999998,78.05058,103,,24800,20100
502296,Ismailkhanpet,17.686525,78.20335,103,,24800,20100
502302,Tekmal,17.962004999999998,78.01737,103,,24800,20100
502303,Papannapet,18.045325,78.04840999999999,103,,24800,20100
502305,Bdl Bhanur,17.481749999999998,78.16823500000001,103,,24800,20100
502306,Nandikandi,17.56199,77.9987,103,,24800,20100
502311,Pregnapur,17.888205,78.767735,103,,24800,20100
502312,Kodakandla,17.84348,78.798495,103,,24800,20100
502313,Narsapur,17.74121,78.31054,103,,24800,20100
752082,Bahadajhola,20.116055,84.899895,103,,22700,18400
502281,Jagadevpur,17.752935,78.78264,103,,24800,20100
502285,Kandi,17.55079,78.105805,103,,24800,20100
502286,Narayankhed,18.09493,77.71366,103,,24800,20100
502300,Muthangi,17.490095,78.21777,103,,24800,20100
502301,Kuknoorpally,17.906534999999998,78.796545,103,,24800,20100
502290,Regode,17.969785,77.839425,103,,24800,20100
502291,Sadasivpet,17.65782,77.955345,103,,24700,20100
502293,Singoor Project,17.73923,77.987325,103,,24700,20000
502294,Manjira Barrage,17.636515000000003,78.07948999999999,103,,24800,20100
502270,Jogipet,17.85238,77.988725,103,,24800,20100
502271,Shankarampet,18.039445,77.91699,103,,24800,20100
502276,Kodurkurd,18.194565,78.84907,103,,24800,20100
502278,Gujvail,17.894824999999997,78.63678999999999,103,,24700,20100
502279,Pamulaparthy,17.733255,78.653355,103,,24700,20100
502280,Nangnoor,18.052975,79.04799499999999,103,,24800,20100
502247,Makkarajpet,17.997275000000002,78.58821,103,,24800,20100
502248,Narsingee,18.039115,78.43259499999999,103,,24800,20100
502249,Mirzapur,17.782655,77.603785,103,,24900,20100
502251,Hadnur,17.8509,77.63453,103,,24900,20200
502287,Sirgapur,18.147815,77.747845,103,,24800,20100
391750,Fartilizer Nagar,22.37611,73.14267,103,,39800,32200
147111,Devigarh,30.16813,76.53764,103,,30700,24900
782423,"Kamrup Metropolitan, Assam",26.1352638,91.8616706,103,,37700,30500
473793,Berad,25.68382,77.457485,103,,15400,12500
325221,Chhipa Barod,24.562905,76.68563499999999,103,,24900,20200
799289,Ambassa,23.837985,91.876965,103,,34800,28200
502256,Nyalkal,17.887855000000002,77.689375,103,,24900,20100
502267,Ibrahimnagar,18.15616,78.94328999999999,103,,24800,20100
502125,Podichanpally,18.044325,78.18471,103,,24800,20100
502130,Kuchanpally,18.067145,78.209465,103,,24800,20100
502205,O.F.Yeddumailaram,17.506945,78.14192,103,,24800,20100
502210,Kohir,17.57163,77.68739,103,,24800,20100
502220,Zaheerabad,17.678175000000003,77.59758,103,,24800,20100
502277,Duddeda,18.028345,78.894725,103,,24800,20100
335801,Dabli Rathan,29.535835,74.20724,103,,29800,24100
335802,Goluwala,29.620215,74.036435,103,,29500,23900
335803,Pilibangan,29.5,74.0,103,,29600,24000
335805,STPS Suratgarh,29.17468,74.065095,103,,30100,24400
335701,Anupagarh,29.247155,73.22557,103,,30100,24400
502255,Chegunta,17.922285000000002,78.35699,103,,24800,20100
335502,Kalana,28.953815,75.02875,103,,29900,24200
335503,Dabri,29.04473,75.36872500000001,103,,29900,24200
502107,Pullur,18.184525,78.77738,103,,24800,20100
502108,Dubbak,18.150055,78.655825,103,,24800,20100
502109,Machavaram,18.003,78.230725,103,,24800,20100
502110,Medak,18.045395,78.26425,103,,24800,20100
502113,Haveli Ghanpur,18.132645,78.266055,103,,24800,20100
502114,Irkode,18.10203,78.76120499999999,103,,24800,20100
502115,Akkannapet,18.148285,78.3604,103,,24800,20100
502117,Rajpally,18.02281,78.32353499999999,103,,24800,20100
502001,Sangareddy,17.610979999999998,78.08257,103,,24800,20100
502032,Ramachandrapuram He,17.506625,78.30476,103,,24800,20100
502101,Ramayampet,18.11656,78.434135,103,,24800,20100
475220,Bhitarwar,25.877505,78.09889,103,,31100,25200
148021,Ahmedgarh s.O,30.651365,75.807305,103,,35600,28800
571130,Yelwal,12.376214999999998,76.54711,103,,44400,36000
328030,Panch Gaon,26.78736,77.781305,103,,24700,20000
571218,Virajpet,12.178565,75.78876,103,,34000,27500
571129,Nagarle,12.169095,76.77828500000001,103,,44500,36000
535102,Garbham,18.39441,83.45999499999999,103,,34000,27600
224176,Rajesultanpur,26.344355,83.078295,103,,19500,15800
502102,Nizampet,18.10822,78.54229000000001,103,,24800,20100
502103,Siddipet,18.102315,78.84645499999999,103,,24800,20100
500104,"Rangareddy, Telangana",17.4233588,78.3775407,103,,37700,30500
224181,Ram Nagar,26.463195,82.90984499999999,103,,19600,15900
224159,Malipur,26.278285,82.62977,103,,19500,15800
224168,Pahitipur,26.408975,82.46575,103,,19600,15900
224171,Purah,26.705625,82.307155,103,,19600,15900
224145,Iltifatganj,26.597235,82.5412,103,,19600,15900
224147,Jahangirganj,26.432315,83.00438500000001,103,,19500,15800
388430,Dharmaj,22.399235,72.787365,103,,45300,36600
805103,Hasua,24.8335,85.40829500000001,103,,19200,15600
805106,Kawakol,24.836195,85.914035,103,,19400,15600
132001,Karnal,29.687765,76.98305500000001,103,,34000,27600
477557,Mehgoun,26.50983,78.61542,103,,25900,21000
781313,Simlaguri,26.487215,91.028425,103,,23700,19200
581112,Karajagi,14.86841,75.439025,103,,24800,20100
425001,Jalgaon,21.01516,75.57387,103,,29700,24100
425002,M.J.College Jalgaon,21.029645,75.4793,103,,30200,24400
425442,Borad,21.643155,74.32163,103,,18900,15300
425306,Muktainagar,21.06361,76.08105,103,,30200,24400
425401,Amalner,21.06079,75.03697,103,,29700,24100
609312,Tirukkalachery,11.00911,79.794825,103,,32200,26100
609306,Nalladai,11.015365,79.732185,103,,32200,26100
847215,R.K.Collage,26.360875,86.05775,103,,21900,17700
172108,Kalpa,31.52685,78.204965,103,,42000,34100
609302,Arangakudi,11.06075,79.70773,103,,32200,26100
609104,Kadavasal,11.27361,79.762165,103,,32700,26400
335504,Gogameri,29.154395,74.97951499999999,103,,29800,24100
335513,Hanumangarh Town,29.53314,74.34311,103,,29800,24100
335523,Nohar,29.10717,74.73429999999999,103,,29900,24200
335524,Rawatsar,29.26825,74.418385,103,,29900,24200
606751,Kalasapakkam,12.422575,79.117485,103,,29400,23800
132108,Panipat Beas Project,29.320215,77.0042,103,,35500,28700
535573,Bobbili Bazar,18.58083,83.350105,103,,34300,27800
488050,Kakarahti,24.621805,80.276375,103,,26800,21700
754102,Anakhia,20.298945,86.10063,103,,21600,17400
431402,Mau Parbhani,19.236425,76.83333999999999,103,,21400,17400
583223,Papinayakanahalli,15.240485,76.526685,103,,43200,35000
767046,Gudvella,20.43921,83.581485,103,,28600,23200
767070,Of Badmal,20.371265,83.28925000000001,103,,28900,23400
851203,Jamalpur Gogri,25.382395,86.63083,103,,26000,21000
391320,Jawahar Nagar,22.36222,73.133595,103,,40000,32400
391340,Nandesari Ind. Estate,22.42621,73.09625,103,,40100,32400
391345,Petrochemical  T Ship,22.350905,73.140225,103,,39400,32000
391350,Ranoli,22.40235,73.120665,103,,39800,32200
851130,Naokothi,25.52103,86.22309000000001,103,,23300,18800
851134,Ullao,25.433675,86.072395,103,,23300,18900
802117,Dhansoi,25.346215,84.03103,103,,20000,16200
781023,Amerigog,26.115045,91.84834,103,,24400,19700
755026,Dangadi,20.938915,86.02935,103,,21000,17000
755016,Singhpur,20.7262,86.54936000000001,103,,21100,17100
425301,Yawal,21.2514,75.74137999999999,103,,30200,24400
425304,Bhalod,21.168035,75.727215,103,,30200,24400
757084,Kostha,21.990855,86.91462000000001,103,,23600,19100
755025,Barundai,20.991275,86.23239000000001,103,,21200,17200
334403,Bhinasar,27.964995,73.296685,103,,28000,22600
754244,Jampara,20.43744,86.41584,103,,19100,15500
754208,Chandol,20.511735,86.3048,103,,29400,23900
848506,Baghra,25.567835,85.59440000000001,103,,20200,16400
848213,Kuseshwar Asthan,25.815455,86.320145,103,,20700,16700
848301,Kishanpur,25.909875,85.829275,103,,20000,16300
848302,Kalyanpur Chowk,25.97757,85.77454499999999,103,,20000,16200
848205,Hassanpur S. Mill,25.708195,86.205645,103,,20200,16400
848206,Kundal,25.78556,86.19634500000001,103,,20100,16300
848207,Bithan,25.716235,86.330265,103,,20200,16300
848208,Mangalgarh,25.78999,86.10395,103,,20100,16300
848209,Singhia,25.862245,86.15662499999999,103,,20100,16300
848133,Warish Nagar,25.93689,85.86414,103,,20000,16300
848160,Kalyanpur,25.715165,85.90034,103,,20000,16200
389390,Jambughoda,22.37628,73.694895,103,,22200,18000
848211,Narhan,25.681915,85.98676499999999,103,,20100,16300
485775,Amarpatan,24.335165,81.01225500000001,103,,27100,21900
585287,Bheemarayanagudi,16.74902,76.817845,103,,16200,13100
585290,Kumbarpeth,16.417865,76.67315500000001,103,,16200,13100
585291,Rajankollur,16.351205,76.490815,103,,16200,13100
585315,Madhwar,16.65336,77.36821,103,,16100,13100
585318,Mudhol,17.016185,77.37029000000001,103,,20100,16300
585223,Shahapur,16.694485,76.90017,103,,16300,13200
585224,Shorapur,16.52782,76.65780000000001,103,,16200,13100
585306,Chimmanchod,17.529220000000002,77.27918,103,,20200,16400
585309,Gogi,16.728755,76.69039000000001,103,,16200,13100
585237,Kodekal,16.345039999999997,76.38000500000001,103,,16200,13100
583227,Gangavathi,15.43702,76.53061,103,,30100,24300
335063,Sangaria,29.776155,74.449125,103,,29900,24200
335064,Dholipal,29.780565,74.20467,103,,29800,24100
334003,Pawanpuri,28.00113,73.34380999999999,103,,28100,22700
485334,M G  G V chitrakoot,25.143230000000003,80.87534,103,,27200,22100
485441,Sohawal,24.615865,80.710695,103,,27100,22000
485113,Madhogarh,24.563965,80.926265,103,,27400,22100
332710,Khachariawas,27.2051,75.313085,103,,33200,26900
231215,Rajpur,24.70167,82.90845,103,,21000,17000
231216,Robertsganj,24.73697,83.058895,103,,21000,17000
587202,Gudur,15.928765000000002,75.87568,103,,25400,20600
231213,Ram Garh,24.64737,83.35126,103,,21000,17000
586216,Telgi,16.487434999999998,75.8743,103,,34100,27600
231205,Chopan,24.55811,82.931535,103,,21000,17000
231311,Chunar Cement Factory,25.09105,82.88956,103,,18100,14700
483504,Katni Cement Factory,23.80162,80.396945,103,,20400,16500
321001,Bharatpur,27.19266,77.56783999999999,103,,30700,24900
321021,Jaghina,27.249875000000003,77.581245,103,,30700,24900
321022,Kamanlsg,27.609145,77.23809,103,,30700,24900
761103,Pitala,19.531915,84.71455,103,,20300,16400
764003,Prasadraopeta,18.788705,82.568015,103,,20800,16900
483119,Shahpura,23.178565,79.577395,103,,25400,20600
431542,Sengaon,19.83889,76.77384,103,,21700,17600
766106,Komna,20.54547,82.538195,103,,13400,10900
160011,Sector 11,30.755795,76.786435,103,,92700,75000
160012,Sector 12,30.76387,76.780265,103,,91900,74400
481335,Rampaily,21.653445,79.990285,103,,24000,19400
759123,"Anugul, Odisha",20.8444035,85.1137498,103,,37400,30300
761009,Girisola,19.14223,84.73757,103,,20300,16500
391115,Sinor,21.92215,73.343525,103,,39800,32200
586121,Kudgi,16.53085,75.79957,103,,34500,27900
585327,Basavakalyan,17.89339,76.926795,103,,19300,15600
764046,Khairaput,18.402735,82.208175,103,,14900,12000
391101,Sevasi,22.309825,73.09759,103,,39900,32300
391105,Chandod,21.98513,73.417925,103,,39700,32200
261131,Khairabad,27.523535000000003,80.75621,103,,22100,17800
395013,Sarthana,21.23024,72.913195,103,,46300,37500
395017,Althan,21.155065,72.81112999999999,103,,46500,37600
110084,Burari,28.74888,77.20179999999999,103,,42600,34400
575025,Srinivasnagar,13.013565,74.80041,103,,46100,37300
575028,Vamanjoor,12.916255,74.89818,103,,46200,37400
575018,Derlakatte,12.799075,74.91108,103,,46000,37200
574274,Kallamundkur,13.066855,74.91261,103,,45500,36900
829112,I.E.Gomia,23.876325,85.84483,103,,28300,22900
574259,Panaje,12.66569,75.193915,103,,46100,37300
250402,Mawana Factory,29.059445,77.92743999999999,103,,36900,29900
250404,Hastinapur,29.176435,78.019025,103,,37100,30000
250406,Parikshatgarh,28.995375,77.97485499999999,103,,37100,30000
250501,Jani,28.96875,77.55022500000001,103,,37000,30000
250502,Rasulpur Rohta,29.04344,77.529345,103,,37000,30000
250222,Lawar,29.123510000000003,77.78766,103,,36800,29800
250341,Dabathwa,29.0805,77.62128,103,,36900,29900
250342,Sardhana,29.19448,77.5775,103,,36900,29900
250344,Sarurpur Khurd,29.127865,77.50560999999999,103,,36900,29900
250401,Mawana,29.12272,77.94713999999999,103,,36900,29900
250103,I. E. Partapur,28.925915,77.653055,103,,36700,29800
250104,Kithore,28.89301,78.02353,103,,36800,29900
250106,Machhara,28.91896,77.90367,103,,36800,29900
250221,Daurala,29.127565,77.71055000000001,103,,36800,29900
574109,Naravi,13.12424,75.17442,103,,45500,36900
396135,Nargol,20.242635,72.76455,103,,35000,28300
D710636,"Wardha, Maharashtra · D710636",20.8256231,78.6131455,103,,37600,30500
394716,Subir,20.951255,73.781,103,,17500,14200
110018,Tilak Nagar,28.643565,77.0851,103,,66800,54100
638752,Uttukuli Rs,11.15625,77.444625,102,,58800,47800
D997922,"Latur, Maharashtra · D997922",18.3553347,76.7548997,102,,36300,29600
638706,Sankarandampalayam,10.85384,77.57842,102,,58400,47600
638703,Udhiyur,10.88907,77.51454,102,,58500,47600
638702,Kundadam,10.84357,77.400755,102,,58600,47700
638661,Kolathupalayam,10.78917,77.632825,102,,58200,47400
829301,Jaina,23.608045,85.98414500000001,102,,27300,22200
639120,Vaiganallur,10.83631,78.37049999999999,102,,33000,26900
854107,Katihar Mill,25.550385,87.60443000000001,102,,20900,17000
854103,Daharia Molls,25.47582,87.59735,102,,21000,17100
210341,Ingohta,25.771765,80.07085000000001,102,,23400,19000
522256,Bhattiprolu,16.096035,80.761875,102,,37800,30800
829128,Swang Colliery,23.807245,85.84869499999999,102,,27700,22500
639118,Velliyanai,10.831825,78.125585,102,,32900,26800
638451,Bhavanisagar,11.50037,77.04898499999999,102,,59000,48000
638452,Gobichettipalayam,11.460585,77.42449500000001,102,,58500,47600
638457,Kurumandur,11.418025,77.34732,102,,58400,47500
638458,Nambiyur,11.352345,77.327665,102,,58600,47700
638460,Savakattupalayam,11.30705,77.28102,102,,58900,47900
210506,Muskara,25.663835,79.843395,102,,23100,18800
522647,Vinukonda,16.095985,79.67189,102,,37600,30600
638301,Bhavani,11.460025,77.689475,102,,58800,47800
638311,Ammapettai,11.587975,77.723955,102,,58900,47900
638461,Talavadi,11.69009,76.98111499999999,102,,58900,47900
638401,Sathyamangalam,11.63758,77.210055,102,,58900,47900
638402,Rangasamudram,11.43112,77.20383,102,,58600,47700
332301,Fatehpur Shekhawati,27.995965,74.93072000000001,102,,32700,26600
332303,Beswa,27.98635,75.11457,102,,32700,26600
481556,Paraswada,22.122955,80.34271,102,,23300,18900
765029,Ramanaguda,19.21833,83.61781500000001,102,,22000,17900
802312,Chandawa,25.563155,84.633565,102,,20100,16300
802314,Kayamnagar,25.614690000000003,84.74015,102,,20200,16400
802352,Akhagaon,25.48424,84.73175499999999,102,,20300,16500
160015,Sector 15 Chandigarh,30.749265,76.775035,102,,89900,73100
761029,Khallikote RS,19.674095,85.12839500000001,102,,20100,16300
585319,Naikal,16.70566,77.01003,102,,15900,12900
332318,Jajod,27.771175,74.850345,102,,32600,26500
332041,Phagalwa,27.6624156,75.0279971,102,,32600,26500
586125,Sarwad,16.63188,75.55590000000001,102,,33300,27100
586128,Sindgi,16.87569,76.29106,102,,33600,27300
586201,Almatti  Damsite,16.38645,75.85356,102,,33300,27100
586116,Dhavalgi,16.452365,76.11500000000001,102,,33800,27500
759024,Mathakargola,20.9318,85.69025500000001,102,,20600,16800
391145,Sankheda,22.16031,73.60168,102,,38400,31300
390025,Soma Talav,22.28048,73.238815,102,,38800,31500
586118,Kalkeri,16.65686,76.330455,102,,33800,27500
586119,Kannur,16.999525,75.70548,102,,33500,27300
585325,Yedrami,16.839010000000002,76.52835999999999,102,,19700,16000
586123,Moratgi,16.991100000000003,76.37806,102,,33300,27100
586205,Chadchan,17.35179,75.67248000000001,102,,33300,27100
231226,Wyndhamganj,24.320145,83.322105,102,,20200,16500
587207,Rampur,16.30396,75.90372500000001,102,,24900,20300
761045,Matikhalo,19.359575,84.94067,102,,20000,16200
586211,Lachyan,17.297114999999998,75.96410499999999,102,,33200,27100
586202,Almel,17.09644,76.21669,102,,33300,27100
586122,Mangoli,16.672615,75.82142999999999,102,,33600,27400
761105,Polosara,19.71566,84.901355,102,,20100,16300
761124,Gobara,19.826135,84.574475,102,,20100,16300
761035,Sumandala,19.745815,85.03748,102,,20100,16300
761042,Bomokei,19.284165,84.549185,102,,20000,16300
481666,Beejadandi,22.88802,80.12583,102,,11700,9500
766105,Nawapara Tanwat,20.7524,82.52975,102,,13100,10700
766104,Khariar Road,20.95865,82.58197,102,,13100,10700
160002,Ind Area Chandigarh,30.70241,76.80114,102,,89500,72900
761123,Gangapur,19.773515,84.60347,102,,20000,16300
670561,Pappinisseri,11.954845,75.363475,102,,37100,30200
521356,Gudlavalleru,16.34159,81.05464,102,,41900,34100
670567,Kannur University Campus,11.98497,75.36983000000001,102,,37100,30200
670604,Kannadiparamba,11.93785,75.40982500000001,102,,37100,30200
670611,Mamba,11.902095,75.50301,102,,36700,29900
795136,Sekmai,24.963815,93.875795,102,,34200,27800
795144,Somdal,25.2299,94.266045,102,,38900,31600
209866,Bihar,26.29583,80.82543,102,,19400,15800
795132,Mayang Imphal,24.546415,93.872515,102,,34000,27700
450117,Khalwa,21.750965,76.85709,102,,26300,21400
485221,Jaitwara,24.721845,80.87243,102,,26800,21700
331301,Rampura Beri,28.53807,75.580165,102,,34300,28000
151301,Raman,29.961545,74.960005,102,,36900,30100
151302,Talwandi Sabo,29.913835,75.148515,102,,37200,30200
151401,Sangat,30.065465,74.789,102,,36700,29900
160019,Sector 19,30.72886,76.80235,102,,90100,73200
485111,Ramvan,24.57297,81.044835,102,,26400,21500
485112,Babupur,24.64055,80.99501000000001,102,,26200,21400
431508,Bori,19.4733,76.722525,102,,21400,17400
335061,Ridmalsar,29.58861,73.75482,102,,29200,23800
758040,Kiriburu Hill Top,22.04301,85.301635,102,,25500,20700
759019,Hindol Road R.S.,20.735915,85.4188,102,,20500,16700
586213,Nidgundi,16.389145,75.97906499999999,102,,33800,27400
231221,Turra,24.17404,83.04947999999999,102,,20200,16500
231223,Beej Pur,23.98016,82.927885,102,,20200,16500
231225,Anpara Tps,24.29568,82.86581000000001,102,,20200,16500
231219,Obra,24.41165,82.89029,102,,20300,16500
231001,Mirzapur,25.1505,82.565435,102,,17800,14400
792122,Miao,27.47052,96.375015,102,,32800,26700
792102,Chowkham,27.745195,96.268725,102,,40700,33100
792103,Namsai,27.70421,95.875625,102,,40800,33200
792105,Mahadevpur,27.609385,95.823265,102,,41000,33300
793017,Mawlai,25.6194,91.88645,102,,43000,35000
793018,Neigrihms,25.61002,92.06531,102,,43400,35200
670001,Kannur,11.872425,75.360295,102,,37100,30200
670003,Kannur City,11.857735,75.386335,102,,37200,30300
643236,Kotada Estate,11.416395,76.94491500000001,102,,64400,52500
209863,Bara,26.21423,80.642205,102,,19600,15900
673517,Valayam,11.75047,75.68954,102,,42400,34500
521214,Tsanubanda,17.008845,80.847905,102,,42100,34200
521215,Vissannapet,16.899715,80.74748,102,,41600,33900
522659,Ainavole,15.961325,79.628175,102,,37600,30600
673002,Chalapuram,11.24377,75.7887,102,,42800,34800
670662,Muzhappilangad,11.7933,75.448845,102,,37500,30400
415530,Kisanveernagar,17.84498,74.01448500000001,102,,35900,29200
415537,Adarki BK,17.921695,74.259945,102,,36000,29200
415540,Gondawale BK,17.57956,74.622315,102,,36000,29200
848134,Jitwarpur,25.82175,85.84909,102,,20000,16200
600084,Flowers Road,13.080965,80.25551999999999,102,,60700,49300
600039,Vyasarpadi,13.11742,80.259445,102,,59900,48800
600040,Anna Nagar,13.08797,80.20393,102,,60800,49400
604407,Tiruvettipuram,12.721595,79.519485,102,,28900,23500
335073,Srikaranpur,29.839055,73.46148,102,,29200,23800
485661,Unchehara,24.40586,80.74490499999999,102,,26800,21800
584123,Manvi,15.972224999999998,76.98538500000001,102,,27300,22200
583277,Kushtagi,15.725395,76.23190500000001,102,,29500,24000
585321,Ramasamudra,16.73839,77.305635,102,,15900,12900
585355,Wadgera,16.525329999999997,77.13992999999999,102,,15700,12800
331403,Sardarshahar,28.514940000000003,74.38385500000001,102,,34300,27900
331411,Bhanipura,28.69234,74.301755,102,,34300,28000
331501,Bidasar,27.87689,74.319835,102,,34300,27900
331502,Chhapar,27.829315,74.45962,102,,34300,28000
331503,Charwas,27.76872,74.373215,102,,34300,27900
331504,Gogasar,28.254165,74.605435,102,,34400,28000
331029,Dudhwakhara,28.481315,75.138995,102,,34300,27900
331031,Satra,28.222525,74.82598,102,,34400,28000
415021,Kinhai,17.824305000000003,74.22182000000001,102,,35300,28800
523180,Ammanabrolu,15.602395,80.16584499999999,102,,35500,28900
415205,Malharpeth Karad,17.345105,73.98747,102,,35300,28800
415106,Masur,17.436875,74.199285,102,,35700,29000
415108,Shivanagar,17.18222,74.243675,102,,35600,29000
415109,Umbraj,17.413249999999998,74.07103000000001,102,,35300,28800
415110,Karad,17.277185,74.177025,102,,35300,28800
415020,Anewadi,17.790185,73.95653999999999,102,,35300,28700
444507,Ansing,20.019715,77.283445,102,,23900,19400
444409,Asegaon,20.20917,77.30625,102,,24000,19500
323602,Kesoraipatan Sugar Factoy,25.334155000000003,75.953695,102,,24100,19600
209725,Kannauj,27.052195,79.91592,102,,19700,16000
394101,Mota Varachha,21.2399,72.8895,102,,45000,36600
396193,Dadra,20.32885,72.98740000000001,102,,34000,27600
577204,Vinobanagar Shimoga,14.004555,75.55150499999999,102,,36600,29800
577205,Gopala Extension,13.93236,75.51205,102,,36600,29800
768228,Kesaibahal,21.934355,84.46036000000001,102,,42300,34300
768222,Kuchinda,21.749105,84.36963499999999,102,,42300,34400
768224,Garposh,22.12392,84.43178,102,,42300,34300
851128,Mansurchak,25.626935,85.911565,102,,22400,18300
335025,Ganeshgarh,29.73493,73.91358,102,,29200,23800
486775,Rampur Naikin,24.3304,81.498575,102,,20600,16800
486776,Bharatpur,24.324395000000003,81.3779,102,,20500,16700
486670,Sihawal,24.551105,82.149055,102,,20600,16700
486771,Churhat,24.396245,81.78439,102,,20600,16700
804405,Dharaut,25.044455,85.06224499999999,102,,22000,17900
804408,Jehanabad,25.21118,84.98518,102,,22300,18100
335002,Udyog Vihar,29.852445,73.89873499999999,102,,29700,24100
754228,Patakura,20.40221,86.406395,102,,18400,15000
335021,Bishanpura,29.482095,73.277805,102,,29700,24100
335022,Chunawadh,29.78848,73.751845,102,,29700,24100
335024,Gajsinghpur,29.681285000000003,73.431165,102,,29200,23800
604409,Valkadai,12.631145,79.468175,102,,29000,23600
600104,High Court Building,13.08655,80.285685,102,,60400,49100
604302,"Viluppuram, Tamil Nadu",12.1166967,79.5989236,102,,36900,30000
335027,Kesrisinghpur,29.941105,73.587845,102,,29200,23800
754142,Paradip,20.35435,86.71955,102,,21000,17100
132157,Nigdhu,29.807435,76.791495,102,,33500,27200
132117,Nilokheri,29.873925,76.93057,102,,33500,27200
583236,Yelburga,15.59672,76.01844,102,,29200,23800
754141,Kujang,20.279915,86.55801500000001,102,,20700,16900
754032,Narasinghpur,20.511865,85.02816999999999,102,,29000,23600
851202,Gogri,25.40873,86.623205,102,,25500,20700
400612,Anjur,19.207444435609915,73.05461883544923,102,,47700,38800
400615,Bhayander Pada,19.297534525700005,72.95916572908746,102,,47600,38800
851217,Sahebpur Kamal,25.41985,86.40488500000001,102,,22400,18200
583216,Hirehadagali,14.93967,75.80224,102,,42300,34400
391244,Choranda,21.968595,73.153595,102,,39200,31800
792120,Changlang,27.13248,95.818275,102,,32900,26800
792121,Jairampur,27.32645,96.020495,102,,33100,26900
791125,Likabali,27.67505,94.582835,102,,60100,48800
792056,Bordumsa,27.563095,95.98737,102,,33000,26800
396385,Untdi,20.71413,72.901755,102,,33800,27500
396195,Vapi I.E.,20.349915000000003,72.93146,102,,34300,27800
362020,Bhesan,21.54215,70.79171500000001,102,,30900,25100
362002,Junagadh Joshipura,21.52749,70.44188,102,,30700,25000
304801,Peeplu,26.338965,75.69931,102,,43000,34900
523155,Chirala,15.80431,80.318495,102,,35600,29000
638054,Siruvalur,11.36549,77.470235,102,,58700,47800
415206,Patan,17.402915,73.84791999999999,102,,35300,28800
415207,Koyana,17.401395,73.71757,102,,35300,28700
415211,Daulat Nagar,17.297895,73.94315499999999,102,,35300,28800
415212,Marul Haveli,17.302875,74.008405,102,,35300,28800
828307,Nudkhurkee,23.796155,86.192905,102,,35700,29100
829111,Gomia,23.792095000000003,85.80832000000001,102,,27400,22300
835204,Bundu,23.222095,85.633315,102,,30100,24500
835207,Gumla,23.04661,84.53649,102,,13000,10600
638102,Chittode,11.390335,77.65182,102,,59400,48200
208017,Nsi,26.53033,80.275235,102,,31400,25600
208020,Panki,26.47708,80.23099500000001,102,,31600,25700
518343,Nandavaram,15.88163,77.53176,102,,31000,25200
828403,Chandrapura,23.79895,86.111215,102,,27400,22300
828404,Dugdha Coal washery,23.757295,86.16369499999999,102,,27700,22500
208014,Juhi Colony,26.43799,80.31885,102,,31600,25700
208002,Nawabganj,26.494575,80.30706,102,,31400,25600
415115,Yashwantnagar,17.353115000000003,74.174025,102,,35300,28800
208006,Govind Nagar,26.448195,80.31135499999999,102,,31600,25700
208007,Harjinder Nagar,26.401135,80.40172,102,,31500,25600
676106,Ponmundam,10.955855,75.945675,102,,37600,30600
331302,Sahwa,28.80948,74.769215,102,,34400,28000
331303,Sankhu Fort,28.429645,75.411445,102,,34300,28000
146105,Mahilpur,31.361325,76.01944499999999,102,,38700,31500
781326,Patacharkuchi,26.513625,91.23549,102,,23100,18800
781315,Barpeta Road,26.643205,90.841355,102,,23400,19000
781318,Sarupeta,26.553155,91.082285,102,,23400,19000
424208,Fattepur,20.651735,75.911145,102,,29200,23800
424207,Wakadi,20.658205,75.82665,102,,29200,23800
425417,Chinchpada,21.205625,73.87651,102,,18700,15200
410210,410210,19.07230930047477,73.05461883544923,102,,48500,39300
131408,Farmana,28.941955,76.817605,102,,34400,28000
131409,Bhainswal Kalan,29.00589,76.783455,102,,34400,28000
388205,Bhalej,22.64362,73.049545,102,,43700,35500
609106,Mangamadam,11.200795,79.81074,102,,31300,25500
835234,Govindpur,23.064695,84.97864,102,,30100,24500
832304,Mahulia,22.715395,86.43344,102,,29800,24300
834001,Ranchi G.P.O.,23.367015,85.334125,102,,30100,24500
682005,Thoppumpady,9.93861,76.26126500000001,102,,64800,52600
835325,Nagjua,23.41287,84.87621999999999,102,,30100,24500
415122,Wing,17.252405,74.12780000000001,102,,35300,28800
415124,Vidyanagar Karad,17.278515,74.19704,102,,35300,28800
790101,Dirang,27.467705,92.26888,102,,52000,42300
445216,P.N.C. Pusad,19.921245,77.5819,102,,26200,21300
445206,Umarkhed,19.590695,77.74425,102,,26500,21500
457441,Bilpank,23.185695,75.13679,102,,24400,19900
680511,Chittattukara,10.568775,76.08153999999999,102,,51800,42200
790114,Bhalukpong,27.106225,92.630035,102,,51800,42200
791003,Mechuka,28.61915,94.16824,102,,60000,48800
791101,Basar,27.97189,94.67847,102,,60000,48800
790001,Bomdila,27.267635,92.42285,102,,51800,42100
790002,Kalaktang,27.09428,92.17353,102,,52000,42300
790003,Rupa,27.10425,92.34124,102,,52000,42300
804426,S.P Imamganj,25.21523,84.74202,102,,22200,18000
131402,Kharkhauda,28.880055,76.930355,102,,34600,28200
131403,Rohat,28.93143,76.96203,102,,34500,28100
613402,Sengipatti,10.72146,78.94235499999999,102,,31800,25900
388440,Mahelav,22.58077,72.831335,102,,44300,36000
331802,Rajaldesar,28.039665,74.40205,102,,34300,27900
331402,Pulasar,28.432715,74.65712500000001,102,,34300,27900
480221,Amarwara,22.342385,79.189225,102,,32500,26500
802152,Bihia,25.540795,84.48058499999999,102,,20000,16300
768227,Kusumi,21.7712,84.500425,102,,42300,34300
583132,Kampli,15.40486,76.6003,102,,42700,34700
331505,Parihara,27.90753,74.542485,102,,34300,27900
331506,Salasar,27.800985,74.710925,102,,34300,27900
331507,Sujangarh,27.643855,74.382735,102,,34300,27900
331517,Sandwa,27.713375,74.11032499999999,102,,34300,27900
331518,Lalgarh,27.57965,74.096115,102,,34300,28000
331701,Sidhmukh,28.87839,75.29028,102,,34300,27900
475682,Seondha,26.191575,78.746635,102,,25800,21000
581384,Gersoppa Jyothinagar,14.241065,74.68350000000001,102,,33200,27000
581204,Kalghatagi,15.19261,74.984185,102,,35700,29000
271845,Ikauna,27.502755,81.95897500000001,102,,20800,16900
328029,Marena,26.754395,78.054615,102,,24400,19800
331304,Taranagar,28.68588,74.94534999999999,102,,34300,27900
332702,Danta,27.314525,75.180605,102,,32600,26500
332703,Danta Ramgarh,27.24819,75.2025,102,,32700,26600
802125,Kesath,25.42324,84.26631499999999,102,,19400,15700
802126,Koran Sarai,25.464550000000003,84.15594,102,,19200,15700
475001,Antri,26.064925,78.24019999999999,102,,29800,24300
131029,P.S.Rai,28.91001,77.09688,102,,34400,28000
571249,Hudikeri,12.02625,75.907875,102,,33100,26900
328027,Saipau,26.81799,77.65124,102,,24000,19600
328028,Keshar Bagh,26.615525,77.78786500000001,102,,24300,19800
131103,Nahri,28.877505,77.022335,102,,34500,28100
131301,Gohana,29.14357,76.690805,102,,34700,28300
410005,410005,18.61536080368649,73.75934668499661,102,,48500,39400
613904,"Thanjavur, Tamil Nadu · 613904",10.659037,79.2014278,102,,36600,29800
614101,"Thiruvarur, Tamil Nadu",10.6878621,79.4979437,102,,36800,29900
752090,Kural,19.998510000000003,84.9214,102,,22500,18300
131039,Engg College Muthal,29.06509,77.08775,102,,34500,28100
131101,Ganaur,29.129015000000003,77.017435,102,,34600,28200
221306,Khamaria,25.243825,82.530675,102,,17300,14100
680102,Ariyannur,10.600549999999998,76.072755,102,,52000,42300
323603,Lakheri,25.560935,76.18306000000001,102,,24300,19700
323613,Indergarh,25.736395,76.165995,102,,24300,19700
364265,Gheti,21.492675,71.72579,102,,30500,24800
364750,Gadhada Sn,22.020415,71.474215,102,,30500,24800
362720,Kodinar,20.825925,70.783015,102,,30500,24900
362620,Bantwa,21.48842,69.999155,102,,30600,24900
362630,Manavadar,21.490135,70.158285,102,,30900,25100
524307,Karatampadu,14.684275,79.506855,102,,32000,26000
524306,Duvvur,14.58468,79.819525,102,,31800,25900
788107,Joypur Rajabazar,24.89452,93.113295,102,,25400,20600
788031,Salganga,24.92929,92.943755,102,,25300,20600
517520,Renigunta,13.684075,79.52123499999999,102,,38000,30900
364230,Sanosara,21.7012,71.74453,102,,30500,24800
323615,Lakheri Gaon,25.669035,76.173895,102,,24200,19700
323616,Karwar,25.70649,76.03773,102,,24300,19700
323801,Nainwan,25.7754,75.87323,102,,24200,19700
323021,Talera,25.260155,75.716475,102,,24200,19700
323022,Namana,25.181555,75.57338999999999,102,,24300,19700
323023,Hindoli,25.56633,75.48653,102,,24300,19700
788014,Silchar Medical College,24.78018,92.78685,102,,25300,20600
788005,Rangirkhari,24.80916,92.811965,102,,25300,20600
852123,Nauhatta,25.97998,86.46483,102,,24400,19800
852124,Panchgachiya,25.971715,86.61483999999999,102,,24300,19800
752079,Mandhatapur,20.08984,85.19388000000001,102,,22300,18100
472111,Baldeogarh,24.761395,79.106435,102,,16100,13100
148001,Sangrur,30.247085,75.863855,102,,34300,27900
147101,Samana,30.16736,76.251155,102,,30100,24500
147102,Ghagga,30.03853,76.14176,102,,30000,24400
799278,Salema,24.01834,91.8346,102,,33800,27500
799284,Sarma,23.615995,91.828575,102,,34400,28000
799285,Kamalpur,24.18676,91.81471,102,,34400,28000
472246,Orchha,25.326275000000003,78.63428,102,,15900,12900
472336,Prithvipur,25.163755,78.79305500000001,102,,16000,13000
472337,Jeron,25.171075,78.679095,102,,16000,13000
472001,Tikamgarh,24.77261,78.93369,102,,16100,13000
335702,Jetsar,29.329095,73.693115,102,,29700,24100
335703,Ramsinghpur,29.125535,73.41562,102,,29700,24100
335704,Sribijaynagar,29.191415,73.62977000000001,102,,29200,23800
425110,Kasoda,20.79796,75.307715,102,,29200,23800
799286,Halahali,24.090655,91.837065,102,,34000,27700
795146,Lamsang,24.87568,93.87873,102,,34100,27800
795148,Wangjing,24.57152,94.064605,102,,27700,22500
323024,Baranaya Gaon,25.49475,75.44669999999999,102,,24300,19700
323025,Umar,25.609005,75.47748,102,,24300,19700
322023,Bonli,26.32868,76.200815,102,,24400,19800
323614,Sumerganj Mandi,25.750605,76.278415,102,,24300,19700
828121,Sijua,23.793085,86.33200500000001,102,,35700,29100
682002,Mattancherry,9.954820000000002,76.253595,102,,63900,52100
796081,Kolasib,24.226985,92.646095,102,,49900,40600
796091,Bilkhawthlir,24.34059,92.771545,102,,49700,40500
796101,Vairengte,24.45051,92.75226,102,,50300,40900
632509,Melvisharam,12.894495,79.26350500000001,102,,37000,30100
632201,Kilvayathinankuppam,12.96215,78.990385,102,,37100,30100
632209,Ruhsa Campus,12.970335,78.96212499999999,102,,37000,30100
524230,Nandipadu,14.76739,79.303575,102,,32000,26000
524234,Gumparlapadu,14.75811,79.71516,102,,32000,26000
828101,Bansjora,23.78936,86.356685,102,,35600,29000
416549,Konalkatta Colony,15.76122,74.09998999999999,102,,32000,26000
136035,Guhla,29.986255,76.24895,102,,27600,22400
841506,Tarwara,26.20075,84.49679499999999,102,,25000,20300
135103,"Yamunanagar, Haryana",30.2158611,77.3256507,102,,36700,29900
146101,Barian  Kalan,31.385350000000003,75.99792,102,,38500,31300
783383,Salmara North,26.348883,90.6291434,102,,26800,21800
783372,Basugaon,26.429605,90.42675,102,,21400,17500
811106,Surajgaraha,25.256555,86.264455,102,,22500,18300
811311,Lakhisarai,25.13745,86.08131499999999,102,,22900,18600
173229,Kumarhatti,30.82849,77.101665,102,,44900,36600
580118,Hulkoppa,15.35896,74.9077,102,,35400,28800
811309,Kajra,25.16835,86.24188000000001,102,,22800,18600
752085,Gania,20.439495,84.9531,102,,22400,18200
629853,"Kanniyakumari, Tamil Nadu",8.3279814,77.3541173,102,,36900,30000
632014,Vellore Institute Of Technolog,12.97092,79.16263,102,,37100,30100
632006,Gandhinagar,12.951685,79.124525,102,,36700,29900
841231,Andar,26.097675,84.271345,102,,24600,20000
841233,Daronda,26.098685,84.438995,102,,24700,20100
683576,Karukutty,10.24072,76.37170499999999,102,,64800,52700
683518,Koonammavu,10.11008,76.26726,102,,64700,52600
686514,Koottickal,9.60118,76.894135,102,,53500,43500
686516,Meenadom,9.549325,76.617215,102,,52700,42900
311401,Banera,25.48652,74.699405,102,,35600,28900
628001,"Thoothukkudi, Tamil Nadu",8.8003404,78.1333006,102,,36900,30000
797104,Chozuba,25.73582,94.35436,102,,33900,27600
797105,Chiechama,25.835085,94.114325,102,,41400,33700
797107,Pfutsero,25.569525,94.30757,102,,33900,27600
686144,Kudavechoor,9.671365000000002,76.428595,102,,52800,43000
686504,Vazhoor,9.563525,76.712675,102,,53100,43200
788098,Pailapool,24.84446,93.001755,102,,25300,20600
788106,Fulertal,24.733585,93.051305,102,,25300,20600
797001,Kohima,25.686295,94.091455,102,,41500,33800
797002,Kohima Science College,25.637935,94.01353,102,,41500,33800
797003,Kohima Village,25.70494,94.148005,102,,41500,33800
742168,Andi,24.00065,87.910115,102,,24200,19700
742175,Sabdarnagar,23.93283,88.38073,102,,24200,19700
742184,Nabagram,24.21572,88.05297,102,,24200,19700
742187,Radharghat,24.117285000000003,88.19609,102,,24300,19700
535001,Vizianagaram City,18.12226,83.40501,102,,33700,27400
535003,Vizianagaram Contonment,18.155880000000003,83.37460999999999,102,,33700,27400
535004,Industrial Estate,18.08436,83.36963499999999,102,,33500,27200
535005,Apsp Quarters,18.03404,83.41203999999999,102,,33600,27300
621653,Kallagam,11.05852,78.987335,102,,37400,30400
331023,Sadulpur,28.691095,75.334525,102,,34300,28000
799250,Dharmanagar,24.384555,92.157115,102,,33200,27000
326516,Gangdhar,23.914615,75.652005,102,,23600,19200
503223,Zirayathnagar,18.805885,78.269655,102,,23900,19500
331001,Churu,28.366835,74.90784500000001,102,,34300,27900
331021,Ratan Nagar,28.23145,74.96334999999999,102,,34300,27900
331022,Ratangarh,28.09963,74.632245,102,,34400,28000
845423,Hussaini,26.41157,84.758125,102,,24500,20000
387710,Ramol,22.64233,72.7976,102,,43200,35200
223103,Saraimohiddin,26.06557,82.66791,102,,20800,16900
813222,Mathurapur,25.29073,87.327815,102,,26800,21800
342305,Mathania,26.529195,73.03553,102,,41400,33700
581105,Garag,15.5865,74.912575,102,,35200,28700
262726,Sharda Nagar,28.015435,80.90433999999999,102,,21600,17600
391510,Jarod,22.466965,73.342345,102,,38400,31300
742163,Saktipur,23.82299,88.21449000000001,102,,23900,19500
425101,Asoda,21.03919,75.60880499999999,102,,29200,23800
797113,New Nepaligaon,25.897955,93.70061,102,,39800,32500
797114,Meluri,25.61669,94.723155,102,,33800,27500
797115,Artc,25.814805,93.73478,102,,40200,32700
577540,Rampura,14.923165,76.74527499999999,102,,33800,27500
571435,Pandavapura R S,12.467025,76.68829,102,,35800,29100
742159,Nagar,24.10996,87.98059,102,,24100,19600
325201,Digod,25.25818,76.035685,102,,35300,28600
797108,Phek,25.698965,94.498665,102,,33900,27600
797109,Tseminyu,25.91391,94.18551,102,,41600,33900
627761,Panaiyur,9.25343,77.49177,102,,38700,31500
416517,Redi,15.74462,73.67703499999999,102,,31700,25800
625532,Usilampatti,9.96559,77.78034500000001,102,,46700,38100
625706,Tirumangalam,9.82464,77.964915,102,,46800,38100
625704,T.Pudupatti,9.796935,77.890445,102,,47300,38400
626131,Vembakottai,9.347025,77.770505,102,,33800,27500
626132,Watrap,9.64403,77.63737499999999,102,,33900,27600
577422,Konandur,13.826605,75.300095,102,,36600,29800
144002,Basti Guzan,31.33935,75.504875,102,,40400,32900
464881,Begumganj,23.614040000000003,78.51463000000001,102,,27800,22600
572127,Kodigenahalli,13.73997,77.38123,102,,33100,26900
261301,Bhandia,27.240035,80.95534,102,,21200,17300
577430,Talaguppa,14.238545,74.92921,102,,36900,30000
577433,Togarsi,14.458155,75.19784,102,,36600,29800
577434,Ulavi,14.25875,75.10459499999999,102,,36900,30000
577421,Kargal Colony,14.137835,74.763425,102,,36800,29900
387320,Dabhan,22.71369,72.80872,102,,43100,35100
385340,Radhanpur,23.773753,71.6798581,102,,21900,17800
533434,Vetlapalem,17.007565,82.13328,102,,35300,28700
533462,Karapa,16.90327,82.15275500000001,102,,35000,28500
133004,Kuldeep Nagar,30.293765,76.83561499999999,102,,37800,30700
387220,Malataj,22.584385,72.762455,102,,43400,35400
470113,Bina,24.26866,78.19831500000001,102,,21900,17800
784160,Laluk,27.15289,93.899345,102,,22200,18100
144209,Janauri,31.70534,75.9213,102,,39000,31700
173235,Dhundan,31.20222,76.909555,102,,45800,37200
174503,Pubowal,31.372495,76.183605,102,,42500,34600
533431,Kirlampudi,17.180235,82.16461000000001,102,,35400,28800
786147,Rangagora,27.62667,95.367255,102,,29500,23900
786151,Doom Dooma,27.56037,95.57811,102,,29400,23900
786152,Kakapathar,27.664965,95.70992,102,,28900,23500
785702,Bengenakhowa,26.502985,93.924265,102,,27600,22500
470125,Jaisinagar,23.667205,78.562645,102,,21700,17700
470002,Sagar City,23.85335,78.720565,102,,21900,17800
470004,Sagar Makronia Camp,23.85002,78.83809,102,,21700,17600
813212,Sangrampur,24.960835000000003,86.55854500000001,102,,47600,38700
813213,Sultanganj,25.224245,86.75306499999999,102,,26700,21700
785600,"Sivasagar, Assam",26.993972,94.6203887,102,,36900,29900
799120,Radhakishorepur,23.53314,91.4961,102,,39300,32000
460220,Bhainsdehi,21.617735,77.591705,102,,17300,14100
325205,Baran MDG,25.063565,76.51173,102,,24600,20000
577414,Arga,13.782265,75.18375,102,,36800,30000
577424,Megaravalli,13.608655,75.1379,102,,37100,30100
325215,Mangrol,25.322955,76.66375500000001,102,,24300,19800
460554,Bordehi,22.054685,78.318285,102,,17500,14200
460004,Betul Bazaar,21.77757,77.987195,102,,17400,14200
825402,"Hazaribagh, Jharkhand",24.0866962,85.4912231,102,,36200,29500
416612,Jamsande,16.363865,73.42224999999999,102,,31500,25700
625207,Mullipallam,10.04008,77.921875,102,,47600,38700
625205,Karupatti,10.06116,77.935055,102,,47500,38600
734315,Munsong,27.152545,88.56118000000001,102,,35500,28800
734224,Tung,26.927010000000003,88.29399000000001,102,,35200,28700
734311,Pedong,27.14406,88.61364499999999,102,,35600,28900
324009,Dadabari Kota,25.157035,75.827315,102,,35300,28700
131302,Butana,29.21474,76.57997,102,,34400,28000
734104,North Point,27.082305,88.268305,102,,35000,28500
812003,Barari,25.2641,87.0205,102,,26300,21400
741159,Taherpur,23.26041,88.530395,102,,22600,18400
343041,Sanchore,24.821615,71.68907999999999,102,,29000,23500
343042,Mandwala,25.507605,72.58445,102,,29000,23500
343048,Vadgaon,24.6719,72.265375,102,,28900,23500
343049,Kagmala,24.8825,72.268835,102,,29000,23500
533016,Turangi,16.917415,82.20002,102,,34900,28500
688526,Poochackal,9.813315,76.349955,102,,51700,42000
176321,Nakror,32.73276,76.227125,102,,28700,23400
689589,Punnavely,9.475405,76.67817,102,,53200,43300
176041,"Hamirpur, Himachal Pradesh",31.6539866,76.5403633,102,,36500,29700
815315,"Giridih, Jharkhand",24.3314546,86.1548117,102,,37000,30000
814155,Basantrai,25.002775,87.216695,102,,17500,14200
688537,Eramallur,9.824655,76.30632499999999,102,,51600,41900
625107,Othakadai,9.94961,78.20827,102,,47000,38300
625108,Thumbaipatti,10.10073,78.37797499999999,102,,47100,38300
625109,Vellalur,9.99976,78.41143500000001,102,,46900,38200
625122,Therkutheru,9.987865,78.270835,102,,47100,38300
176303,Banikhet,32.545595000000006,75.921435,102,,28800,23500
625201,Silaiman,9.891555,78.203745,102,,46800,38100
625101,Karungalakudi,10.16539,78.35831999999999,102,,47400,38500
625104,Madurai Agricultural College,9.985305,78.20179999999999,102,,47100,38300
625009,Ma Munichalai Road,9.8436,78.160235,102,,47500,38600
625014,Ma Reserve Lines,10.0181,78.15736,102,,47000,38300
625016,Arasaradi,9.92919,78.094225,102,,46700,38100
625017,Anaiyur,9.984535,78.117975,102,,46900,38200
625018,Thathaneri,9.98068,78.08803,102,,46900,38200
324005,P.I.P. Kota,25.12433,75.846945,102,,35300,28700
324006,Kota City,25.183525000000003,75.835815,102,,35300,28700
324007,New Grain Mandi Kota,25.17243,75.84947,102,,35300,28600
816118,Shikaripara,24.20115,87.44921,102,,25400,20700
625002,Tallakulam,9.93853,78.12863,102,,46800,38100
625007,K.Pudur,9.95174,78.15876,102,,46900,38200
323802,Dei,25.61735,75.90505,102,,24300,19700
323803,Khatkar,25.51028,75.90186,102,,24300,19700
324002,Kota Jn.,25.22326,75.92193,102,,35100,28600
324003,Industerial Estate Kota,25.150505,75.88303,102,,35300,28600
324004,Udyog Puri Kota,25.1384,75.899095,102,,35300,28600
534112,Nallajerla,16.920845,81.379295,102,,38300,31100
624219,Vilampatti,10.10358,77.86642,102,,36000,29200
624220,Viruveedu,10.065285,77.76945,102,,35500,28900
624303,N.Panjampatti,10.31667,77.9075,102,,35700,29100
624201,Ammayanaickanur,10.142245,77.92842999999999,102,,35600,29000
711403,Bankra,22.605305,88.276495,102,,39500,32200
797116,Dimapur Bazar,25.90335,93.76392,102,,40400,32800
797117,Circular Road,25.916265,93.722925,102,,40300,32800
797118,Signal Village,25.875155,93.70959,102,,40100,32600
797120,P.R Hill,25.6796,94.07093,102,,41500,33800
133202,Dhin,30.23897,77.11562,102,,37500,30500
623700,"Ramanathapuram, Tamil Nadu · 623700",9.5205576,78.5184635,102,,36800,29900
577453,Avinahalli,14.014745,74.87115,102,,36600,29800
577425,Nagara-shimoga,13.8024,75.01012499999999,102,,36800,30000
577428,Shiralakoppa,14.37985,75.278205,102,,36700,29900
577429,Sorab,14.413495,75.036655,102,,36800,29900
131304,Baroda,29.1321,76.559065,102,,34400,28100
852215,Karjain Bazar,26.386655,86.85408000000001,102,,23000,18700
852218,Pipra Bazar,26.154645,86.81805,102,,23000,18700
854102,Chopra Ram Nagar,25.916595,87.1063,102,,22200,18100
577451,KVV Shankaraghattta,13.720525,75.63188,102,,36700,29900
387210,Dabhou,22.59729,72.70223,102,,43500,35500
624613,Ayakudi,10.48153,77.56514,102,,36000,29200
624614,Chatrapatti,10.50181,77.647025,102,,36000,29200
624306,Siluvathur,10.363255,78.11298500000001,102,,35800,29100
533289,Korukonda,17.17217,81.83588,102,,35400,28700
175102,Bhutti,31.98505,77.029645,102,,28500,23200
175103,Bahang,32.31827,77.14738,102,,28100,22900
175105,Jaree,32.05757,77.48389,102,,28500,23200
624216,Tandigudi,10.32564,77.648395,102,,36100,29300
533235,Atreyapuram,16.883525,81.775995,102,,35400,28800
533216,Mummidivaram,16.640435,82.11188000000001,102,,35200,28600
533217,Allavaram,16.507965,82.030285,102,,35300,28700
533218,Peruru,16.54531,81.96825000000001,102,,35300,28700
624601,Palani,10.44995,77.526745,102,,35900,29200
624610,Balasamudram,10.396585,77.50082,102,,35900,29200
711307,Chackasi,22.495915,88.137065,102,,40300,32700
283203,Firozabad,27.12471,78.416595,102,,21400,17400
462045,Bangrasia,23.143535,77.538185,102,,35100,28500
460440,Shahpur,22.22873,77.963275,102,,17500,14300
460443,Ghoradongari,22.09914,78.02842,102,,17600,14300
323001,Bundi,25.4367659,75.7361471,102,,24200,19700
442402,Chandrapur City,19.964165,79.311815,102,,27100,22000
814166,Fatehpur,24.094905,87.0334,102,,15600,12700
821101,Bhabua,25.0402736,83.6076361,102,,20500,16700
816106,Maheshpur Raj,24.49312,87.688785,102,,13700,11100
816107,Pakur,24.62991,87.805,102,,13600,11100
816108,Rajmahal,24.98582,87.86054,102,,17900,14500
786623,Parbatpur,27.19866,95.37213,102,,30800,25000
787023,Naoboicha,27.176255,93.98856,102,,22600,18400
533124,Industrial Estate,16.95037,81.82352499999999,102,,35000,28500
814165,Lalmatia Colliery,25.066035,87.34152,102,,17500,14200
700032,Jadavpur University,22.49326,88.373875,102,,49200,40100
700036,Baranagar,22.63763,88.36831000000001,102,,50200,40700
638503,Dasappagoundanpudur,11.61592,77.31324,102,,58600,47600
638504,Guruvareddiyur,11.70484,77.67908,102,,58700,47700
638657,Ellisnagar,10.733,77.44239999999999,102,,59100,48000
793014,Nongthymmai,25.560595,91.903615,102,,42600,34700
639136,Kagtithapuram,11.02038,77.990785,102,,32900,26800
639206,Tennilai,10.93818,77.817285,102,,33300,27100
639109,Moolapatti,10.826205,77.99136999999999,102,,33000,26800
795124,Loktak Project,24.5839,93.721215,102,,27100,22000
795126,Bishnupur,24.628145,93.616595,102,,27200,22100
795103,Kakching,24.451285,93.9583,102,,27900,22600
795004,Lamphelpat,24.82824,93.912245,102,,34100,27800
795003,Manipur University,24.750935,93.961295,102,,34000,27700
450337,Rustampur,21.67928,76.28226,102,,26500,21600
795009,Wangoi,24.688095,93.901635,102,,34000,27700
395023,Bhestan,21.125905,72.8514,102,,44700,36400
431702,Kalamnuri,19.65879,77.27339,102,,21100,17100
394515,Kribhconagar,21.1751,72.70581,102,,45300,36800
396170,Umargam,20.172795,72.771825,102,,33800,27500
855115,Sontha,26.138525,87.77876499999999,102,,20200,16400
855117,Taiyabpur,26.34747,88.16723,102,,20100,16400
574228,Mundaje,13.046335,75.43470500000001,102,,45200,36700
394660,Centrap Pulp Mill,21.214835,73.58635,102,,44600,36300
854301,Purnea,25.7802,87.477975,102,,22100,18000
573137,Yeslur,12.755505,75.83417499999999,102,,35400,28800
396145,Pardi Paria,20.432145,73.00783999999999,102,,34200,27800
573220,Shanthigrama,12.93988,76.233965,102,,35000,28500
573130,Konanur,12.631905,76.013545,102,,35000,28500
575030,Katipalla,13.003865,74.835295,102,,44600,36300
415503,Budh,17.790125,74.37958499999999,101,,34500,28200
396126,Nanapondha,20.38901,73.12937,101,,33100,27100
396140,Phansa,20.334405,72.794955,101,,33200,27100
574112,Palimar,13.14907,74.831215,101,,34100,27800
483113,Patan,23.32472,79.69520499999999,101,,24400,19900
431701,Akhada Balapur,19.511560000000003,77.31251,101,,20800,16900
586210,Kolhar S.O (Bijapur(KAR)),16.46249,75.71021999999999,101,,32600,26700
586203,Basavan Bagewadi,16.580935,76.03678500000001,101,,32600,26700
560103,Sarjapur Road,12.9013,77.6791,101,90.0,66900,54700
586214,Talikoti,16.51218,76.32815,101,,33100,27000
586215,Tamba,17.014879999999998,76.0391,101,,32900,26800
586217,Salotgi,17.14752,76.087565,101,,32600,26600
209869,Ganj Moradabad,26.966175,80.19691,101,,19300,15800
670563,Parassinikadavu,11.996505,75.391515,101,,36100,29500
670592,Koodali,11.93282,75.46508,101,,35900,29400
481768,Chiraidongri,22.37968,80.42155,101,,11400,9300
481441,Lalbarra,21.9497,79.969745,101,,22900,18700
481449,Tirodi,21.64115,79.691735,101,,22800,18600
483001,Barela,23.11674,80.139855,101,,24600,20100
764020,Koraput,18.81096,82.70703499999999,101,,19800,16200
795131,Moreh,24.171145,94.189935,101,,26200,21400
445305,Patanbori,19.847385000000003,78.62242499999999,101,,26000,21200
796009,Vaivakawn,23.7684,92.673955,101,,46700,38200
795139,Singhat,24.105715,93.53768,101,,22300,18300
795140,Tulihal,24.753735,93.87902,101,,33900,27600
795142,Ukhrul,25.34771,94.44783,101,,38100,31200
795127,Chandel,24.275595000000003,94.05861,101,,26300,21400
454774,Pithampur III,22.58061,75.60318000000001,101,,20800,17000
793115,Sohiong,25.49931,91.74163,101,,22300,18200
793120,Mairang,25.65307,91.663885,101,,22200,18200
794107,Nangwalbibra,25.484945,90.84564,101,,25800,21100
794108,Resubelpara,25.788565,90.58896,101,,25800,21100
793150,Jowai,25.490145,92.381175,101,,21500,17500
793160,Ladrymbai,25.27249,92.267015,101,,21500,17600
793200,Khliehriat,25.28788,92.507685,101,,21500,17600
795128,Churachandpur,24.412255,93.49938,101,,22400,18300
700028,Dumdum,22.630325,88.41832,101,,48700,39800
700031,Dhakuria,22.50733,88.373695,101,,48800,39800
700037,Belgachia,22.606015,88.38657,101,,48900,39900
136131,Pipli,29.993630000000003,76.914465,101,,33900,27700
136132,Ladwa,30.0326,77.046925,101,,34000,27700
136135,Shahabad,30.15349,76.86964,101,,34000,27700
136136,Thol,30.158875,76.72267,101,,34000,27700
136156,Babain,30.07695,76.964185,101,,34000,27700
700027,Mominpur,22.524075,88.32812000000001,101,,48100,39400
700012,Bowbazar,22.568105000000003,88.359385,101,,48100,39400
700015,Tangra,22.55973,88.38741,101,,48200,39400
700016,Park Street,22.55353,88.35558,101,,48100,39400
700035,Alambazar,22.650125000000003,88.364395,101,,48900,39900
700020,L.R.Sarani,22.535235,88.35264000000001,101,,48500,39600
700021,Fort William,22.55757,88.339015,101,,48700,39700
700022,Hastings,22.54505,88.32957,101,,48300,39500
136030,Gumthala Garhu,29.97455,76.517955,101,,34000,27700
284201,Barwasagar,25.400845,78.740095,101,,30000,24500
284202,Gursarai,25.62199,79.13358,101,,30000,24500
284203,Garautha,25.57867,79.332065,101,,30000,24500
284204,Mauranipur,25.379675,79.18478999999999,101,,30000,24500
284205,Ranipur,25.30849,78.953355,101,,30000,24500
700025,Bhawanipore,22.532445,88.346315,101,,48600,39700
700026,Kalighat,22.517755,88.347525,101,,48200,39400
284301,Chirgaon,25.58183,78.816745,101,,30000,24500
284127,Bhattagaon,25.417515,78.61459500000001,101,,30000,24500
284128,Mlb Medical College,25.49103,78.63105,101,,30000,24500
284135,33 Bn. Pac Jhansi,25.388440000000003,78.535855,101,,30000,24500
624710,Vedasandur,10.575,77.92612,101,,34800,28400
624711,Kasipalayam,10.59988,77.92548500000001,101,,35100,28600
136129,Ismailabad,30.103075,76.671285,101,,34000,27800
136130,Jhansa,30.11409,76.74637,101,,34100,27800
844113,Balukaram,25.93837,85.14920000000001,101,,25900,21200
175104,Larenkelo,32.07495,77.212135,101,,28100,22900
175130,Naggar,32.142275,77.240575,101,,27800,22700
624401,Natham,10.22722,78.21314000000001,101,,34700,28400
624402,Samudrapatti,10.2358,78.28091,101,,34800,28400
624618,Narikalpatti,10.52987,77.44985,101,,35000,28600
284206,Tori Fatehpur,25.50137,79.12868,101,,30000,24500
393041,Ambawadi,21.53596,73.62942000000001,101,,19200,15700
711310,Fortgloster,22.516605,88.1775,101,,38600,31500
711204,Liluah,22.624185,88.329505,101,,39000,31800
722121,Bheduasole,23.0764,86.866145,101,,15900,13000
713150,Srikhanda,23.560985,88.05434,101,,16000,13000
283204,Tundla,27.232995000000003,78.297965,101,,20900,17100
284001,Jhansi,25.44677,78.58774,101,,30000,24500
533215,Bodasakurru,16.52911,81.97682,101,,34200,28000
844103,Anzanpeer Chok,25.742985,85.20375,101,,25900,21200
284401,Babina Cantt.,25.256365,78.43929,101,,30000,24500
815359,Kundahit,23.942505,87.19589500000001,101,,15100,12400
814156,Sarouni Bazar,24.73945,87.35676000000001,101,,17200,14000
814158,Guhiajori,24.383285,87.312545,101,,25100,20500
815351,Jamtara,23.98687,86.81836,101,,15000,12300
796186,Thenzawl,23.24212,92.76151,101,,44400,36300
796290,Ngopa,23.93764,93.217305,101,,36600,29800
796310,Khawzawl,23.486985,93.117405,101,,36500,29800
136119,Kurukshetra University,29.972095,76.76961499999999,101,,34000,27700
136128,Pehowa,30.003985,76.57458,101,,34000,27700
843317,Bhutahi,26.715960000000003,85.57164,101,,20300,16600
843327,Riga,26.6241,85.40409500000001,101,,20300,16600
843332,Majorganj,26.75042,85.44364999999999,101,,20300,16600
284419,Raksa,25.468,78.42309,101,,30000,24500
284304,Samthar,25.8707,78.93408,101,,30000,24500
284305,Parichha Thermal Power Project,25.52947,78.761545,101,,30000,24500
176318,Hardaspura,32.563645,76.10781499999999,101,,28400,23200
176302,Chowari,32.420615,76.03526,101,,28100,23000
695020,Nemom,8.4479,77.002685,101,,63500,52000
814150,Sarwan,24.363495,86.824105,101,,24600,20000
814153,Poraiyahat,24.677295,87.249175,101,,17200,14100
688533,Kuthiathode,9.8016,76.31902500000001,101,,49700,40600
515763,Bommaganipalli,14.610875,77.01914500000001,101,,36400,29800
176320,Salooni,32.81537,75.96972,101,,28000,22900
625011,Subramaniapuram,9.905175,78.111385,101,,46600,38000
625012,Avanivapuram,9.88058,78.117025,101,,46400,37900
625021,Palkalai Nagar,9.918115,78.00847,101,,45700,37400
625022,Postal Training Centre,9.79503,78.094705,101,,45800,37500
625102,Kilavalavu,10.081365,78.41898499999999,101,,46600,38000
532406,Calingapatnam,18.31934,84.10092,101,,32600,26600
532432,Jalumuru,18.49279,84.04290499999999,101,,32300,26400
625110,Tiruvadur,9.93241,78.31349,101,,46500,37900
534124,Penumantra,16.649565000000003,81.64955,101,,37400,30500
624103,Kodaikanal Observatory,10.264315,77.36898,101,,35200,28700
325217,Shahabad,25.24066,77.16167999999999,101,,24200,19800
325219,Salpura,24.773465,76.677505,101,,23900,19500
322249,Langra,26.36643,77.071325,101,,46300,37800
700011,Narkeldanga,22.57597,88.380095,101,,48500,39600
700017,Circus Avenue,22.54254,88.361085,101,,48100,39300
625008,Kappalur Indl.Estate,9.861005,78.021445,101,,46500,37900
125133,Jakhal Mandi,29.77901,75.787555,101,,31400,25600
854101,Ayodhyaganj Bazar,25.52643,87.23355000000001,101,,20700,16900
577511,Adivala,13.88345,76.71608,101,,33100,27000
577426,Ripponpet,13.95959,75.29528,101,,35900,29400
798612,Tuensang,26.201035,94.847915,101,,36000,29400
798622,Naginimora,26.77907,94.825195,101,,23900,19500
798602,Tizit,26.91886,95.02407,101,,23900,19500
388360,Samarkha,22.610235,72.97028,101,,42600,34800
734314,Algarah,27.03777,88.615805,101,,34200,28000
734102,Ghoom,27.02607,88.25918,101,,34600,28200
734103,Jalpahar,27.03265,88.24561,101,,34500,28200
342303,Osian,26.775365,72.94942499999999,101,,41300,33700
734312,Tista Bridge,27.05496,88.40552,101,,34500,28200
392240,Tankaria,21.871505,73.014445,101,,32000,26100
625234,Tiruvedagam,9.992835,77.99719999999999,101,,46400,37900
222141,Saraiharakhu,25.82528,82.46737,101,,20300,16600
813201,Asarganj,25.178705,86.65564499999999,101,,46100,37700
424101,Chalisgaon,20.461035000000003,75.0065,101,,28700,23400
731222,Rajgaon,24.53741,87.84513,101,,23100,18800
731132,Md.Bazar Town Ship,24.04081,87.624475,101,,23100,18800
723215,Baglata,23.492310000000003,86.085905,101,,16400,13400
734201,Bijanbari,27.106135,88.17862,101,,34400,28100
734213,Lopchu,27.07398,88.36256,101,,34600,28200
734313,Mungpoo,26.965055,88.3579,101,,34200,28000
284120,BHEL,25.35509,78.485255,101,,30000,24500
284121,Baragaon,25.51363,78.744985,101,,30000,24500
814147,Pathergama,24.95872,87.31599,101,,17200,14000
175036,Gurkotha,31.548695,76.848025,101,,34600,28300
175039,Jachh,31.50075,77.093345,101,,34600,28300
175029,Gohar,31.59194,77.06810999999999,101,,34800,28400
175035,Bagsaid,31.58113,77.167455,101,,34800,28400
175019,Sunder Nagar Town Ship,31.556605,76.915145,101,,34700,28300
313026,Intali Khera,24.03544,73.94171,101,,30900,25200
176306,Bathri-bazar,32.585455,75.99237500000001,101,,28300,23100
176204,Gangtha,32.21365,75.79362,101,,35800,29200
515413,Bhogasamudram Project,15.020125,78.023335,101,,36500,29800
515415,Chukkalur,14.9475,78.02323,101,,36200,29600
515425,Narapla,14.724045,77.85806,101,,36600,29900
284002,Jhansi City,25.51784,78.57927000000001,101,,30000,24500
284003,Sipri Bazar,25.489365,78.516565,101,,30000,24500
813214,S.T.P. Kahalgaon,25.238805,87.25688,101,,26100,21300
173230,Nauni,30.85171,77.17149,101,,44300,36200
342603,Bhopalgarh,26.652945000000003,73.41781,101,,41300,33700
342301,Phalodi,27.236495,72.28559,101,,41300,33700
261405,Machharehta,27.43833,80.60502,101,,21000,17200
261506,Mahewa Ganj,28.117305,80.77218500000001,101,,21200,17300
144033,Jandiala,31.178065,75.58568500000001,101,,39200,32100
144034,Bundala,31.13519,75.64378500000001,101,,39300,32200
577423,Kumsi,14.063915,75.34896,101,,35900,29300
261401,Mishrikh,27.430625,80.51635999999999,101,,21000,17200
261403,Aurangabad,27.35568,80.54808,101,,21100,17200
798603,Champang,26.46541,94.99373,101,,23900,19500
799150,Rajnagar,23.2939,91.428125,101,,38600,31500
798626,"Tuensang, Nagaland · 798626",26.240075,95.01801,101,,36000,29400
799204,Kulaibazar,23.958255,91.83891,101,,33600,27400
785703,Ptc Dergaon,26.73828,94.028105,101,,26900,22000
416810,Vaibhavwadi,16.536105,73.77283,101,,30800,25200
345021,Pokaran,26.76821,71.95345499999999,101,,33500,27400
625533,Uthamapalayam,9.808215,77.303695,101,,41100,33600
797099,Bhandari,26.242595,94.11993,101,,32700,26600
460447,Sarni,22.140015,78.20592500000001,101,,17200,14000
460551,Amla,21.98582,78.166785,101,,17000,13900
460553,Amla Depot,21.91272,78.05096,101,,17100,14000
460330,Chicholi,22.0232,77.435565,101,,17000,13900
532001,Srikakulam,18.300485,83.89915500000001,101,,32700,26700
532123,S.R.Puram,18.485375,83.748615,101,,32400,26500
531087,Koyyuru,17.67933,82.177315,101,,44100,36000
532186,Vengala Rao Colony,18.43163,83.894455,101,,32500,26500
532216,Chapara,18.751150000000003,84.22703999999999,101,,32900,26800
827004,Sector- IV,23.672855,86.15683999999999,101,,26700,21800
822132,Bishrampur,24.306485,83.97115,101,,20600,16800
822123,"Palamu, Jharkhand",24.2212983,84.1725565,101,,36000,29400
342306,Teori,26.57721,72.7791,101,,41300,33700
783373,Sidli,26.57739,90.39188,101,,26300,21400
783375,Runikhata,26.748575,90.415705,101,,21000,17200
144528,Rampur Bilron,31.270225,76.138555,101,,37600,30800
144409,Goraya,31.105565,75.763975,101,,39500,32200
328041,Kanchanpur,26.716175,77.675445,101,,23900,19500
326512,Pach Pahar,24.20902,75.82444000000001,101,,23200,18900
173201,Garkhal,30.907435,76.99154,101,,44000,36000
797110,Zalukie,25.57449,93.66815,101,,35900,29300
577436,Humcha,13.894575,75.25121,101,,36000,29400
571421,Halagur,12.389105,77.255425,101,,35200,28700
580025,Hubli Navanagar,15.38669,75.076465,101,,35000,28500
571431,Melukote,12.676335,76.668885,101,,35200,28700
391450,Karkhadi,22.224875,72.90309500000001,101,,38100,31100
845440,Jaitapur Laukaria,26.920765000000003,84.73802,101,,24000,19600
813107,Rajoun,25.001655,87.012125,101,,24000,19600
626140,Sevalpatti,9.28787,77.73481,101,,33500,27300
416518,Shiroda,15.787595,73.68909,101,,31100,25400
416511,Banda,15.80429,73.93618000000001,101,,31000,25400
416514,Satarda,15.8136,73.793725,101,,31200,25400
424308,Shirud,20.71268,74.8632,101,,27500,22400
424311,Mohadi Laling,20.764845,74.88839,101,,27500,22400
173031,Dhualakuan,30.49002,77.48375,101,,30700,25000
144311,Dhesian Kahna,31.15257,75.69648000000001,101,,39400,32200
461775,Piparia,22.75707,78.387495,101,,21900,17800
144036,Bilga,31.026855,75.662745,101,,39300,32100
625537,Uthappanayakanur,10.015845,77.83453499999999,101,,46200,37700
625528,Sillamarathupatti,9.953585,77.30981,101,,41300,33700
626127,Tamilnadu Cements Alangulam,9.340735,77.6644,101,,33000,26900
531060,S Rayavaram,17.443145,82.81277,101,,44000,36000
626126,Sundarapandiam,9.59411,77.679625,101,,32900,26900
626139,Cholapuram South,9.380965,77.56156,101,,33100,27100
502329,Rudraram,17.568534999999997,78.15434,101,,23900,19500
502331,Yousufpet,18.032025,78.14665,101,,23900,19500
502334,Toopran,17.826230000000002,78.46968,101,,23900,19500
502335,Masaipet,17.878855,78.48075,101,,23900,19500
502336,Kadlakal,17.72629,78.50448499999999,101,,23900,19500
502371,Nizampet,18.14722,77.859595,101,,23900,19500
502372,Kondapak,18.008435,78.77802,101,,23900,19500
502375,Palamakula,18.08215,78.963285,101,,23900,19500
311407,Phulia Kalan,25.77241,74.93372,101,,35100,28600
630611,Tiruppuvanam,9.76807,78.242485,101,,30600,25100
630552,Kilapungudi,9.93825,78.434815,101,,31000,25300
632009,Sathuvachari,12.939135,79.181665,101,,36100,29500
752080,Sarankul,19.991695,85.078555,101,,21800,17800
503213,Makloor,18.80457,78.162275,101,,23300,19000
502324,Icrisat,17.496935,78.26689999999999,101,,23800,19400
502325,Aie Bollaram,17.550565,78.347295,101,,23900,19500
622005,Pudukkottai Collectrate,10.383185,78.81184999999999,101,,26400,21600
686503,Anikad,9.608675,76.68147,101,,52200,42600
796320,S.Khawbung,23.16813,93.244295,101,,36500,29800
796184,N. Vanlaiphai,23.117725,93.062845,101,,45000,36700
797103,Chumukedima,25.765045,93.790045,101,,39700,32400
797106,Medziphema,25.701915,93.93022,101,,39500,32300
325209,Anta Gas Power Project Anta,25.150675,76.374635,101,,24300,19800
686519,Thekkethukavala,9.530270000000002,76.75649,101,,52200,42600
173206,Subathu,30.987815,77.01884,101,,44700,36400
503202,Edapalli,18.65592,77.999145,101,,23300,19100
173222,Mamlig,31.03759,77.036925,101,,44500,36300
173225,Jubbar,30.930265,76.981455,101,,44000,36000
222204,Nibhapur,25.61691,82.243655,101,,20400,16600
622209,Kilanilaikottai,10.166715,78.83185499999999,101,,26500,21700
622001,Pudukkottai,10.38049,78.820315,101,,26400,21600
622004,Pudukkottai Ind. Estate,10.42538,78.85772499999999,101,,26300,21500
799287,Manikbhander,24.13214,91.791055,101,,33600,27400
799275,Manughat,24.011675,91.986635,101,,33400,27300
147007,New Lal Bagh Colony,30.264415,76.34810999999999,101,,29400,24100
146109,Tuto Mazara,31.318855,76.052965,101,,37900,31000
781380,Baihata,26.34028,91.67971,101,,23100,18900
799153,Radhanagar,23.262105,91.337395,101,,38600,31500
799157,Anandapur,23.13453,91.36994,101,,38600,31500
471510,Jujhar Nagar,25.224725,80.017405,101,,15300,12500
632519,Vellore Sugar Mills,12.983075,79.230365,101,,36500,29700
828129,Moonidih,23.728885,86.340975,101,,35400,28800
827014,Balidih,23.673725,86.05843999999999,101,,27000,22000
680751,Nadathara,10.5175,76.29106999999999,101,,51400,41900
322025,Khandar,26.025915,76.71644,101,,23900,19500
322001,Sawaimadhopur,25.938925,76.41113,101,,23900,19500
335901,Hindumalkote,30.13206,73.90272,101,,29100,23700
326036,Raipur,24.36085,76.12555,101,,23300,19000
470772,Patera,23.986305,79.70229,101,,18100,14800
783389,Boitamari,26.342105,90.508935,101,,26300,21400
783369,Salakati Project,26.470335,90.34939,101,,20900,17100
685602,Idukki Colony,9.876905,76.926,101,,49800,40600
685563,Vellathooval,9.972625,77.04120499999999,101,,49200,40200
841502,Khujhwa,26.04868,84.216095,101,,24000,19600
632104,Virnjipuram,12.919615,79.041945,101,,35700,29200
136038,Amin,29.911735,76.85998000000001,101,,34000,27700
502381,Rangampet,17.940955000000002,78.14249000000001,101,,23900,19500
502321,Digwal,17.680405,77.73573,101,,23900,19500
811317,Khaira,24.799215,86.14024,101,,21600,17600
173221,Domehar,31.14043,76.90831,101,,44800,36500
470672,Bansa Tarkheda,23.73404,79.33159,101,,17900,14600
783346,Serfanguri,26.603235,90.19166,101,,21200,17300
783347,Dotma,26.476845,90.177925,101,,21200,17300
471111,Harpalpur,25.22786,79.37302,101,,15200,12400
802123,Itarhi,25.450125,84.03487999999999,101,,19000,15500
581206,Uppinabetageri,15.58699,75.00789,101,,34600,28200
243601,Budaun,27.95063,79.100395,101,,17600,14400
243630,Samrer,28.11995,79.405995,101,,17900,14600
582206,Konnur,15.842455,75.48166,101,,25700,21000
243631,Allapur,27.846065,79.29458,101,,17500,14300
425311,Kurha,20.958625,75.78104,101,,28700,23500
805112,Parnawada,24.83117,85.51545999999999,101,,18300,14900
131021,Bahalgarh,28.98018,77.1345,101,,34200,27900
131022,Bhatgaon,28.9903,76.89168000000001,101,,34300,27900
131306,Mundlana,29.21186,76.78641,101,,34300,28000
131027,Murthal,29.049995,77.13595000000001,101,,34100,27900
131028,Industrial Estate Kundli,28.86359,77.157585,101,,34300,28000
571235,Shanivarasanthe,12.693625,75.910055,101,,32300,26400
131305,Kanyagurukul Khanpur,29.13966,76.804755,101,,34300,28000
328025,Rajakhera,26.86687,78.14854,101,,23900,19500
365220,Damnagar,21.66734,71.51667,101,,22900,18700
413581,JJJKSSK Nalegaon,18.44613,76.75476499999999,101,,34500,28200
413519,Deoni,18.241835,77.033165,101,,32700,26700
790103,Seijosa,27.071715,93.090865,101,,40400,33000
753001,Cuttack G.P.O.,20.47529,85.879655,101,,28100,23000
752089,Banigochha,20.353085,84.671865,101,,22100,18000
131102,Purkhas,29.12789,76.92506,101,,34200,27900
131001,Sonipat,28.9878,76.96889999999999,101,,34300,27900
131024,Juan,29.07064,76.90224,101,,34300,27900
391530,Sandasal,22.654585,73.32932,101,,37600,30800
391430,Mobha Road,22.12854,72.95576,101,,37600,30700
345025,Phalsund,26.45916,71.821845,101,,33400,27400
306901,Bankli,25.239895,73.00954999999999,101,,25800,21100
682036,Panampilly Nagar,9.959105,76.296335,101,,63300,51700
364521,Jira,21.42649,71.34212500000001,101,,22900,18700
365435,Chavand,21.820985,71.3923,101,,22700,18600
608602,Keerapalayam,11.410505,79.651695,101,,26700,21800
609313,Tarangambadi,11.044195,79.84707499999999,101,,30700,25100
609308,Sankaranpandal,11.018325,79.76693499999999,101,,30600,25100
388310,Ajarpura,22.65409,72.98909499999999,101,,42600,34800
388315,Bakrol,22.569635,72.89957,101,,43400,35400
388210,Ode,22.62499,73.15145000000001,101,,42500,34800
424303,Ner,20.94894,74.50915,101,,27500,22400
424318,Naval Nagar,20.982605,74.89834,101,,27600,22500
834003,Hatia,23.295435,85.31708499999999,101,,29400,24100
832101,Baharagora,22.30458,86.73409,101,,29400,24000
811103,Nimi,25.127495,85.668845,101,,23100,18900
172117,Sagnam,31.8854,77.97073499999999,101,,31900,26000
172107,Reckong Peo,31.54023,78.26256000000001,101,,40100,32800
608703,Srimushnam,11.408305,79.39215,101,,26900,22000
608305,T.Nedunjeri,11.358125,79.58609999999999,101,,27100,22100
608306,Ayangudi,11.222105,79.56854000000001,101,,27200,22200
306115,Rani,25.38154,73.291125,101,,25500,20900
306304,Raipur  Marwar,25.986315,74.03458499999999,101,,25500,20900
305925,Rajiawas,25.982775,74.27532,101,,30000,24500
680552,Parappur,10.566585,76.12990500000001,101,,51000,41700
835212,Kurdeg,22.494255000000003,84.21418,101,,16000,13100
835233,Toto,23.144285,84.529995,101,,12700,10400
835235,Gotra,22.57065,84.37902,101,,16000,13100
834002,Doranda,23.33549,85.3224,101,,29400,24000
805126,Rajhat,24.7343,85.575975,101,,18300,14900
132106,Panipat NFL,29.3276,76.95142999999999,101,,34100,27800
132036,Jundla,29.63079,76.84376,101,,32400,26500
847230,Khirhar,26.5251,85.95376999999999,101,,20900,17000
790104,Tawang,27.669975,92.03499,101,,43600,35600
791102,Pasighat,27.953555,95.300845,101,,33600,27400
788709,Tillabazar,24.89365,92.31893,101,,21700,17700
360579,Bokhira,21.745710000000003,69.53999,101,,35700,29200
415001,Satara,17.693115,74.009275,101,,34700,28300
415002,Sataracity,17.664630000000002,73.850495,101,,34700,28300
415003,Sangamnagar Satara,17.704765000000002,74.060925,101,,34700,28300
415004,MIDC Satara,17.6328,74.079745,101,,35000,28500
415010,Satararoad,17.75601,74.13128,101,,35000,28600
415011,Vaduth,17.788429999999998,74.08904999999999,101,,35000,28500
304504,Diggi,26.333745,75.509805,101,,41900,34200
304802,Duni,25.833865000000003,75.62935999999999,101,,41800,34200
828204,Mugma,23.74051,86.71305000000001,101,,35100,28700
305403,Sarwar,26.060145,74.990235,101,,30000,24500
835201,Bano,22.618405000000003,84.93357,101,,16100,13200
835205,Brambe,23.48505,85.16745499999999,101,,30000,24400
415012,Medha,17.801575,73.83509,101,,35000,28600
415013,Parali,17.619635000000002,73.821245,101,,34700,28300
415209,Bahule,17.30901,74.01452499999999,101,,35000,28600
415022,Vennanagar,17.742315,73.91681,101,,35000,28500
208021,N H Road,26.371895,80.3507,101,,30800,25100
208023,T P Nagar,26.441305,80.33725,101,,30700,25100
208013,COD,26.419195,80.35468499999999,101,,30800,25100
208025,Naveen Nagar,26.481105,80.29015,101,,30800,25200
208026,Indira Nagar,26.508755,80.263025,101,,30800,25100
676552,Valancheri,10.90622,76.063515,101,,37200,30300
208016,Iit,26.513625,80.233735,101,,30700,25100
828309,Jitpur,23.72309,86.38208,101,,35500,28900
424206,Jamner,20.79884,75.78043,101,,28700,23400
425402,Marwad,21.16107,75.020245,101,,28700,23400
781028,Beltola,26.12678,91.797685,101,,23100,18900
782105,"Morigaon, Assam",26.2540561,92.3604704,101,,35700,29200
834009,Ranchi Medical College,23.402765,85.36164500000001,101,,29300,24000
834011,Krishnapuri S O,23.351065,85.33959,101,,29400,24000
835102,Silli,23.34391,85.761305,101,,29600,24200
208004,Kanpur Cantt.,26.44449,80.365715,101,,30600,25000
754005,Barang,20.438565,85.834105,101,,28600,23300
604410,Vembakkam,12.777085,79.61054999999999,101,,28400,23200
600042,Velacheri,12.980250000000002,80.2208,101,,59500,48600
600078,Kalaignar Karunanidhi Nagar,13.037365,80.200485,101,,59600,48600
335037,Lalgarh Jatan,29.80988,74.03737000000001,101,,28800,23500
335038,Mirzewala,29.96503,73.74843000000001,101,,28800,23500
335001,Sriganganagar,29.98118,73.906575,101,,29000,23600
754231,Namouza,20.65265,86.69222500000001,101,,18000,14700
535559,Bobbili Govt.Hospital Road,18.58169,83.357,101,,32500,26600
606111,Pennadam R.S.,11.4369,79.197085,101,,27000,22100
604505,Vallam Arni,12.553015,79.485985,101,,28500,23300
606753,Vanapuram,12.1186,79.008455,101,,28100,23000
606754,Vettavalam,12.10532,79.240695,101,,28200,23100
606755,Avur,12.16438,79.16631000000001,101,,28200,23000
606752,Mangalam,12.324825,79.16907,101,,28100,23000
226301,Mohanlalganj,26.66584,80.957665,101,,33200,27200
583152,Bellary Thermal Power Station,15.10157,76.72777500000001,101,,42000,34200
480996,Ugli,22.18918,79.98805999999999,101,,19300,15800
480888,Dhuma,22.79322,79.724355,101,,19100,15700
754114,Mandasahi,20.27118,86.11608000000001,101,,20200,16600
431215,Rajur,20.054920000000003,75.82183,101,,23300,19000
431101,Khuldabad,20.018755,75.26458,101,,29800,24400
604601,Kilpennathur,12.266575,79.231425,101,,28100,23000
605005,"Puducherry, Puducherry",11.9220116,79.7951365,101,,36000,29400
791103,Hill Top,28.097735,95.395685,101,,33600,27400
791105,Tuting,29.056805,94.76802,101,,36400,29700
791110,Naharlagun,27.096400000000003,93.70422,101,,53500,43700
790106,Lumla,27.617105,91.690935,101,,43600,35600
791120,"Lower Subansiri, Arunachal Pradesh",27.6059753,93.8669707,101,,41600,34000
400607,Kolshet,19.242903890796743,72.99844920418562,101,,46500,38000
391520,Samlaya R S,22.527235,73.30395,101,,37700,30800
583220,Ittigi,14.942325,76.1096,101,,41800,34100
403107,Marcela,15.488115,73.99645,101,,51900,42300
431007,Chikalthana,19.777375,75.469795,101,,30000,24500
335040,Nizampura,29.791855,73.56519499999999,101,,28800,23500
335041,Padampur,29.683125,73.636495,101,,28800,23500
757100,Bahanada Sathilo,21.74903,86.872405,101,,22300,18200
485447,Singhpur,24.800685,80.53550000000001,101,,25700,21000
848210,Rosera,25.782295,86.02566999999999,101,,19400,15900
600033,West Mambalam,13.036015,80.22354,101,,59200,48400
415015,Limbgove,17.76943,74.005555,101,,35000,28500
415019,Angapur Vandan,17.57931,74.132975,101,,34800,28500
415103,Kole,17.23216,74.04656,101,,34700,28300
415104,Kale,17.196655,74.15943,101,,34500,28200
415105,Ogalewadi,17.326235,74.25525999999999,101,,35000,28500
585219,Narayanpur,16.241175,76.39002500000001,101,,15600,12800
585215,Hunasgi,16.420345,76.50577,101,,15600,12700
403501,Porvorim,15.547675,73.83682999999999,101,,54800,44900
577203,Vidyanagar Shimoga,13.875845,75.565095,101,,36500,29700
209825,Purwa,26.4927,80.681155,101,,19200,15700
209734,Thathia,26.91325,79.84949499999999,101,,19300,15800
209739,Jahanganj,27.24545,79.548505,101,,17900,14600
209724,Kamalganj,27.231,79.645725,101,,17900,14600
209202,Bilhaur,26.79979,80.012055,101,,23200,19000
415111,Ond,17.158775,74.0598,101,,35200,28700
415014,Tarale,17.512915,73.95674,101,,34600,28300
804406,Ghosi,25.15304,85.10216,101,,21700,17700
497116,"Surguja, Chhattisgarh",22.9470108,83.1656868,101,,35500,29100
768216,Brajarajnagar,21.873510000000003,83.92728500000001,101,,41200,33600
851214,Mansi,25.55114,86.59133,101,,24500,20000
851129,Mirzapur Banduar,25.395385,86.154345,101,,21800,17900
247341,Gangoh,29.76625,77.258285,101,,27900,22700
247342,Nakur,29.93598,77.28339,101,,27900,22800
573101,Arehalli,13.069315,75.7878,101,,34500,28200
758046,Turumunga,21.80975,85.780135,101,,24600,20100
335051,Raisinghnagar,29.472325,73.460515,101,,28800,23500
335062,Sadulshahar,29.84758,74.18218999999999,101,,28800,23500
485331,Majhgawan,24.956215,80.69271,101,,26100,21300
151211,Mandi Killianwali,29.950585,74.61385,101,,34500,28200
793210,Lumshnong,25.14146,92.49894,101,,21600,17600
793109,Dawki,25.170915,92.105315,101,,21500,17600
793114,Mawkyrwat,25.3749,91.286495,101,,22200,18200
758035,Barbil,22.052715,85.373975,101,,24700,20200
758021,Anandapur,21.319495,86.188215,101,,24600,20100
758015,Ghasipura,21.32649,86.04989499999999,101,,24700,20200
757093,Joka,22.246975,86.496835,101,,22500,18400
758037,Bolani,22.102805,85.31947,101,,24700,20200
758045,Udayapur,21.749335,85.870585,101,,24600,20100
758027,Ghatagaon,21.44092,85.9042,101,,24700,20200
758085,Banspal,21.70609,85.37749500000001,101,,24700,20200
673579,Pulpalli,11.811225,76.181795,101,,31000,25400
210502,Baruwa Sumerpur,25.827935,80.16935,101,,23000,18800
210505,Kurara,26.02292,80.00305,101,,22600,18500
521246,Kapileswarapuram,16.316380000000002,80.87137,101,,40800,33300
210203,Bisanda,25.42072,80.64658,101,,17600,14400
792129,Deomali,27.159185,95.56309,101,,29800,24300
792131,Longding,26.85568,95.33366,101,,29600,24200
758034,Joda,21.97651,85.422695,101,,24700,20200
851101,Begusarai,25.414055,86.135565,101,,21900,17900
604404,Kilkovalavedu,12.56785,79.551135,101,,28400,23200
522501,Tadepalle,16.47312,80.60674499999999,101,,37400,30500
522503,Mangalagiri,16.411595,80.55930000000001,101,,37200,30400
305201,Govind Garh,26.458245,74.40727,101,,30100,24600
673506,Kallachi,11.734655,75.72664,101,,41600,34000
305024,Maday,26.46368,74.70922,101,,30000,24600
209652,Neebkarori,27.34535,79.32563,101,,17700,14500
638672,Dalavoipattinam,10.676595,77.45067,101,,57800,47200
D436336,"Valsad, Gujarat · D436336",20.4321957,73.1409893,101,,36200,29500
D649160,"Ribhoi, Meghalaya",25.723641,92.0426339,101,,35500,29000
394710,Ahwadangs,20.75,73.75,101,,16700,13600
829116,Kathara,23.77289,85.857055,101,,26900,22000
638751,Uttukuli,11.164485,77.49604500000001,101,,57200,46700
D903909,"Dhenkanal, Odisha · D903909",20.8351494,85.6022305,101,,35800,29200
415504,Diskal Mol,17.83262,74.30174500000001,101,,35000,28600
829208,Mc. Cluskiganj,23.661125,84.90958499999999,101,,29900,24400
829209,Ray,23.69035,85.117255,101,,29400,24000
829210,Dakra Colliery,23.675005,85.01021,101,,29800,24300
829202,Balumath,23.856525,84.75193,101,,19300,15800
829203,Chandwa,23.661475000000003,84.772785,101,,19400,15800
829204,Chhipadohar,23.710355,84.2113,101,,19300,15800
829207,Latehar Rsso,23.694945,84.41279,101,,19300,15800
854106,Katihar Bmp Camp,25.609375,87.51112,101,,20600,16800
759026,Anlabereni,20.82231,85.52115,101,,20300,16600
160102,Mauli Jagran,30.691005,76.82611,101,,88600,72200
314022,Sabla,23.87559,74.23065,101,,19800,16200
314023,Bankora,23.811985,73.99585,101,,19600,16000
670521,Karivellur,12.19453,75.2074,101,,36500,29800
638455,Kavindapadi,11.414915,77.570765,101,,57200,46800
638456,Kolappalur,11.387535,77.39863,101,,57700,47100
212656,Khakhreru,25.58,81.119215,101,,20000,16300
586204,Bardol S.O (Bijapur(KAR)),17.27006,75.73039,101,,32900,26800
586206,Devangaon,17.12922,76.335575,101,,32500,26600
231303,Bijaipur,25.159205,82.35997,101,,17300,14100
851118,Baro,25.433975,85.970305,101,,22100,18000
586124,Nalatwad,16.283715,76.272575,101,,32700,26800
586129,Tangadgi,16.248730000000002,76.14965000000001,101,,33100,27000
586130,Tikota,16.85102,75.50098,101,,32800,26800
759023,Marthapur,20.85229,85.68859499999999,101,,20200,16500
445103,Arni,20.00291,77.97112999999999,101,,25700,21000
795114,Pangei Yangdong,24.92561,94.00136,101,,28900,23600
795117,Saikot,24.29827,93.78239,101,,22400,18300
212665,Mauhar,26.137725,80.58092500000001,101,,20000,16400
641041,Pappanaickenpudur,11.02664,76.90862,101,,55400,45200
638505,Kallipatti,11.553585,77.46578,101,,56900,46500
638660,Koduvoi,10.94157,77.443685,101,,56900,46600
394730,Waghai,20.743585000000003,73.58947,101,,16600,13600
794109,Tikrikilla,25.92515,90.322025,101,,25400,20800
794110,Rongjeng,25.739755,90.86662,101,,25800,21100
794114,Rongra,25.248815,90.86917,101,,22700,18600
795001,Imphal,24.802105,93.929935,101,,33700,27500
795002,Mantripukhri,24.923715,93.85825,101,,33800,27600
795107,Motbung,25.00932,93.900095,101,,23200,18900
D965985,"Fatehabad, Haryana · D965985",29.5359209,75.5752901,101,,35800,29300
D853564,"Jamnagar, Gujarat · D853564",22.32997,70.1327524,101,,36100,29400
574144,Ganjimat,12.996495,74.948475,101,,43900,35800
396030,Hanuman Bhagda,20.615865,72.91366500000001,101,,33300,27200
395006,Varachha Road,21.214395000000003,72.862725,101,,44000,35900
395007,Svr College,21.123895,72.763405,101,,44400,36200
391810,Gajera,22.177025,72.85595,101,,31600,25800
391135,Bodeli,22.254055,73.810255,101,,37600,30800
795005,Porompat,24.79983,94.00963,101,,28800,23500
795008,Singjamei,24.77522,93.93603,101,,28900,23500
574218,Guthigar,12.591715,75.58471499999999,101,,43300,35500
574150,Kinnigoli,13.065155,74.850135,101,,44100,36000
854327,Jalalgarh,26.014285,87.52165500000001,101,,21400,17500
393151,Kevadia Colony,21.884725,73.776505,101,,19200,15700
394270,Hajira,21.121145,72.662425,101,,44400,36200
393135,Valia,21.547525,73.19987,101,,31600,25800
393140,Pratap Nagar,21.838325,73.39373,101,,19400,15800
393150,Lachhras,21.938105,73.546985,101,,19200,15700
110051,Krishna Nagar,28.657215,77.28546,100,,52100,42700
D516392,"Nayagarh, Odisha · D516392",20.2393682,85.050728,100,,34600,28400
395005,Rander,21.250365,72.70614,100,,43300,35500
396115,Kolak,20.470805,72.869325,100,,32300,26500
394650,Vyara,21.125925,73.41085,100,,43500,35600
395010,Bombay Market,21.19029,72.87532,100,,42800,35100
572222,Mooganayakana Kote,13.46987,76.796495,100,,31400,25800
572226,Settikere,13.39614,76.555395,100,,31800,26100
572215,Dandinashivara,13.21714,76.72838,100,,31300,25700
795150,Mao,25.52093,94.1247,100,,22800,18700
577202,Shimoga Doddapete,13.868545,75.50731999999999,100,,35500,29100
577211,Ayanur,13.956155,75.429925,100,,35500,29100
796891,Lawngtlai,22.288785,92.745025,100,,41100,33600
796901,Saiha,22.368365,92.96548,100,,45100,37000
796571,Hnahthial,22.97122,92.969185,100,,45800,37500
458118,Rampura,24.549840000000003,75.45457,100,,21400,17600
458116,Kukdeshwar,24.49401,75.33956,100,,21200,17400
788002,Malugram,24.88235,92.80649,100,,24100,19800
577226,Tudur,13.78643,75.390725,100,,35000,28800
577227,Holehonner,13.97295,75.73618,100,,35500,29100
577229,Kawalgundi,13.87405,75.68972,100,,35400,29000
577232,Bejjavalli,13.73133,75.30719500000001,100,,35600,29100
577201,Shimoga,13.939725,75.57639,100,,35500,29100
325206,Siswali,25.29252,76.35302,100,,23300,19100
796770,Chawngte,22.58124,92.655695,100,,45900,37600
212655,Khaga,25.73693,81.129325,100,,19700,16100
522259,Kanagala,16.068345,80.73358999999999,100,,36500,29900
829206,Latehar Hsgii,23.775965,84.56887499999999,100,,19200,15700
415502,Pusegaon,17.710935,74.322535,100,,33900,27800
303327,Baswa,27.12872,76.58253,100,,28200,23100
522261,Vemuru,16.172055,80.71821,100,,36200,29700
212661,Lalauli,25.825035,80.54147499999999,100,,19700,16100
577302,Bhadravathi Paper Town,13.790735,75.68684,100,,35300,28900
577412,Anandapuram,14.07229,75.166975,100,,35600,29200
577413,Anavatti,14.57237,75.197085,100,,35100,28800
577415,Devangi,13.646305,75.334745,100,,35100,28800
577216,Holalur,14.01482,75.659295,100,,35300,28900
577220,Mandagadde,13.77943,75.4556,100,,35300,28900
577222,Nidige,13.88016,75.62278,100,,35200,28900
577416,Harnahalli,14.051495,75.47554,100,,35500,29100
577418,Hosanagar,13.90283,75.14169000000001,100,,35000,28700
577233,Kudligere,13.93441,75.784955,100,,35300,28900
577245,Barandur,13.813115,75.764085,100,,35200,28900
786692,Anandapara,27.37145,95.319365,100,,29600,24200
464990,Goharganj,23.055455,77.72866,100,,26100,21500
464993,Obedullaganj,23.01127,77.63479,100,,26500,21700
325202,Anta,25.1006,76.27406500000001,100,,23300,19100
441809,Pohra,20.966945000000003,79.85903,100,,22900,18700
325216,Kishan Ganj,25.108445,76.709835,100,,23600,19300
325220,Chhabra,24.63034,76.914805,100,,23600,19300
442203,Karanja,21.12229,78.49940000000001,100,,29500,24200
673001,Calicut,11.2537,75.77799,100,,41000,33600
522603,Ravipadu,16.253555,80.02003500000001,100,,36100,29600
522611,Kavuru,16.150779999999997,80.11705,100,,36300,29700
673577,Meppadi,11.534345,76.13494,100,,30800,25200
673523,Payyoli Angadi,11.535844999999998,75.67287,100,,41100,33600
305025,Srinagar,26.399395,74.801705,100,,29400,24200
673315,Atholi,11.39214,75.780085,100,,40500,33300
673303,Elathur,11.34391,75.75836,100,,40400,33200
521301,Gudivada,16.43864,80.99237,100,,40400,33100
210205,Karwi,25.214465,80.95533499999999,100,,17900,14700
210121,Baberu,25.552345,80.64805,100,,17200,14100
643237,Sandynallah,11.47783,76.644405,100,,62500,51200
522646,Savalyapuram,16.107835,79.846025,100,,36100,29600
852214,Jadia,26.102165,87.019785,100,,22000,18000
392215,Urja Nagar,21.82978,73.113775,100,,31000,25400
392230,Ikhar,21.976045,73.01685,100,,31100,25500
464884,Gairatganj,23.419845,78.267135,100,,26300,21600
464886,Silwani,23.271145,78.47921500000001,100,,26300,21600
464986,Sultanpur,23.104415,77.95909499999999,100,,26300,21600
798625,"Longleng, Nagaland",26.5839315,94.8045481,100,,30500,25100
577501,Chitradurga,14.20215,76.397505,100,,32200,26400
125011,B.S.F Hisar,29.20902,75.671385,100,,27000,22200
852219,Shah Alam Nagar,25.580785,86.900405,100,,23000,18900
144206,Dholbaha,31.753805,75.892665,100,,37300,30600
785699,Numaligarh Refinery Project,26.54676,93.76609,100,,26400,21700
785618,Baruabamungaon,26.65373,93.99578,100,,26700,21900
465685,Boda,23.67252,76.871285,100,,21400,17600
465674,Biaora,23.929375,76.9567,100,,21800,17800
577599,Hiriyur  Sugar Factory,13.936835,76.52327,100,,32400,26600
572124,Ittakadibbanahalli,13.79313,77.29851,100,,31700,26000
798611,"Kiphire, Nagaland",25.8117088,94.8474036,100,,34800,28600
144216,Talwara Township,31.936395,75.87561,100,,37200,30500
209310,Mangalpur,26.502585,79.71313,100,,23000,18800
362250,Chorvad,21.06654,70.211395,100,,29400,24100
362205,Shapur,21.453185,70.410765,100,,29200,24000
415023,Mahiamngad,17.70364,74.42784499999999,100,,34400,28100
305407,Sawar,25.77036,75.215305,100,,29600,24200
305408,Para,25.92527,75.235105,100,,29500,24200
305404,Kekri,25.936225,75.09544,100,,29600,24300
209827,Chamiyani,26.41491,80.712045,100,,18500,15200
305022,Pushkar,26.476275,74.51259999999999,100,,29400,24100
522437,Brahmanapalle,16.532125,79.79094,100,,36100,29600
523116,V V Palem,15.127755,79.65309500000001,100,,34400,28200
360575,Porbandar,21.63087,69.629575,100,,35200,28900
673633,Ramanattukara,11.19948,75.893375,100,,35800,29400
146001,Hoshiarpur,31.530685,75.92246,100,,37400,30600
580112,Morab,15.52764,75.14952,100,,33700,27700
784116,Dalgaon,26.5533,92.234495,100,,24000,19700
783370,Kokrajhar,26.59591,90.26539,100,,20400,16800
471201,Nowgong,25.055955,79.503235,100,,14900,12200
471313,Ghaura,24.50859,79.13416000000001,100,,15100,12300
472447,Teharka,25.29352,78.95792,100,,15200,12500
326021,Asnawar,24.4711,76.32848,100,,22800,18600
784146,Dhula,26.495845,92.116745,100,,24000,19700
781376,Darkuchi,26.53808,91.59824,100,,22700,18600
834006,Kanke,23.491705,85.324825,100,,29000,23800
835302,Lohardaga,23.466405,84.64944499999999,100,,19400,15900
835228,Biru,22.728065,84.537965,100,,15700,12900
208015,New Pac Lines,26.40691,80.373505,100,,30000,24600
208001,Kanpur,26.47319,80.347445,100,,29900,24500
676108,Triprangode,10.86249,75.95862,100,,35600,29300
828206,Panchet Dam,23.69545,86.769085,100,,34100,28000
518347,Aspari,15.504015,77.40432,100,,29200,24000
518323,Peddakadubur,15.717375,77.34562,100,,29600,24200
678531,Peruvemba,10.70106,76.68994,100,,38400,31500
206247,Phaphund,26.58269,79.45688,100,,16500,13500
208027,Barra,26.42601,80.29616,100,,30300,24800
828402,Topchanchi,23.90398,86.213795,100,,34300,28200
471515,Laundi,25.07146,79.97646,100,,15100,12400
782450,Baithalangsho,26.014175,92.603165,100,,18300,15000
474002,Gwalior R.S.,26.207215,78.18254,100,,28700,23500
473781,Rannod,25.111395,77.86011500000001,100,,14400,11800
147203,Amloh,30.59371,76.18732,100,,28700,23600
147103,Sanaur,30.28119,76.480095,100,,28700,23600
391421,Masar Road,22.10364,72.89701,100,,36700,30100
799155,Beloniya,23.24471,91.4815,100,,37600,30800
471405,Bijawar,24.560675,79.658465,100,,15000,12300
802127,Murar,25.466500000000003,84.25666000000001,100,,18700,15300
328001,Dholpur,26.69799,77.920965,100,,23100,18900
852128,Singheshwar,26.022640000000003,86.795785,100,,23000,18900
852132,Shankarpur Bazar,26.046605,86.896735,100,,23000,18900
581203,Bommanahalli,14.888485,75.147515,100,,23500,19200
148019,Jitwal Kalan,30.60887,75.866755,100,,33300,27300
271313,Babhnan Sugar Factory,26.9539,82.50892,100,,19100,15700
583117,Moka,15.28761,77.07079999999999,100,,40500,33200
477566,Barhi,26.639865,78.940645,100,,24200,19900
477335,Raun,26.338225,78.90871,100,,24600,20200
431540,Zari,19.39859,76.806555,100,,20400,16700
243632,Asafpur,28.44278,78.92439,100,,17200,14100
143117,Khadoor Sahib,31.425935,75.07162,100,,35200,28900
781029,Basistha,26.010715,91.72474,100,,22700,18600
781038,Hatigaon Chariali,26.134945,91.78019,100,,22500,18500
781039,I I T,26.192185,91.696695,100,,22800,18700
768213,Kolabira,21.831655,84.2042,100,,39900,32800
221310,Jangiganj,25.28589,82.36583999999999,100,,16300,13400
524309,Virur,14.51797,79.735305,100,,31000,25300
524240,Dagadarthi,14.70916,79.879515,100,,30600,25100
364730,Dhasa Gam,21.85796,71.546945,100,,28800,23700
364150,Trapaj,21.44075,72.07134500000001,100,,28900,23700
680561,Cherpu,10.43465,76.197315,100,,49500,40700
680518,Agalad,10.647225,75.994415,100,,50300,41200
680125,Irinjalakuda North,10.366425,76.216325,100,,49300,40500
360545,Adityana,21.7455,69.71840499999999,100,,35200,28900
416522,Pat,15.937495,73.56511499999999,100,,30500,25000
416523,Parula,15.976565,73.53512,100,,30500,25000
416524,Walaval,15.995385,73.58328,100,,30500,25000
416525,Deulwada Nerur,16.004275,73.6439,100,,30500,25000
206127,Lakhana,26.636695,79.11835500000001,100,,18700,15300
680582,Wadakanchery-TC,10.663415,76.24439,100,,49400,40600
835216,Murhu,22.864745,85.34976,100,,29000,23800
835209,Karra,23.15565,85.10826499999999,100,,29300,24000
835211,Kolebira,22.631335,84.760395,100,,15500,12800
416604,Katta,16.090835,73.60031000000001,100,,30500,25000
416605,Chouke,16.06014,73.56188,100,,30500,25000
416606,Malvan,16.02101,73.493935,100,,30500,25000
416608,Masura,16.14738,73.53923,100,,30500,25000
416521,Kadaval,16.12902,73.78921,100,,30500,25000
841243,Sahpur,26.30625,84.21318500000001,100,,23400,19200
841235,Done,26.15549,84.14173,100,,23600,19400
416601,Phondaghat,16.38073,73.75393,100,,30500,25000
416602,Kankavli,16.29845,73.687015,100,,30500,25000
524228,Vinjamur,14.84032,79.53285500000001,100,,30600,25100
635105,Berigai,12.786925,77.99425500000001,100,,37100,30400
828116,Kusunda,23.77288,86.36451,100,,34500,28300
828117,Kustore,23.76341,86.38711,100,,34500,28200
828106,Dhansar,23.77419,86.41149999999999,100,,34400,28200
828103,Bhelatand,23.76301,86.326,100,,34200,28100
828104,Bhuli,23.811445,86.375145,100,,34600,28300
416534,Sukalwadi,16.094515,73.66725,100,,30600,25000
682035,Ernakulam College,9.98159,76.283095,100,,61600,50600
682027,Chittoor-ekm,10.04487,76.26389499999999,100,,61700,50600
682001,Kochi,9.9578,76.240665,100,,61500,50500
583211,Chitwadgi,15.30303,76.38083499999999,100,,40300,33100
851132,Sripur,25.598375,86.09121999999999,100,,21800,17800
480991,Khairapalari,22.35439,79.833675,100,,19100,15600
767041,P.Rampur,20.73375,83.18912,100,,27200,22300
767048,Bhainsa,20.73635,83.255045,100,,26900,22100
767029,Deogaon,20.62234,83.34442,100,,26800,22000
583233,Munirabad,15.28613,76.32659,100,,25400,20800
768038,Bardol,21.39021,83.557545,100,,26600,21700
585214,Gurmitkal,16.89853,77.347825,100,,15300,12500
584133,Yergera,16.095075,77.40634,100,,26300,21600
584134,Yeramarus,16.28711,77.305015,100,,26300,21600
584135,Yeramarus Camp,16.31373,77.43769,100,,26100,21400
583226,Alawandi,15.233075,75.99190999999999,100,,28100,23000
332401,Balaran,27.900275,75.11969500000001,100,,31000,25500
332402,Palsana,27.496375,75.37624,100,,31000,25500
585328,Bhalki,18.106585000000003,77.25613999999999,100,,18200,14900
585220,Rangampeth,16.56216,76.74338,100,,15000,12300
585225,Wadi,17.01907,77.00852,100,,18800,15500
767017,"Subarnapur, Odisha",20.8535784,83.8529159,100,,35000,28700
160003,Aerodrome,30.68135,76.79383,100,,86800,71100
160017,Chandigarh G.P.O.,30.73997,76.782695,100,,86400,70800
802313,Gunari,25.62624,84.648705,100,,19100,15700
764001,Jeypore,18.85774,82.57612,100,,19500,16000
764004,Jeypore(K) Irrigation Colony,18.873045,82.56752499999999,100,,19400,15900
482008,Vidyut Nagar,23.12287,79.92065,100,,23900,19600
631102,Sholingur,13.077295,79.42920000000001,100,,35500,29100
630502,Singampunari,10.19368,78.427915,100,,30600,25000
307501,Abu,24.619615,72.75146000000001,100,,23600,19400
365610,Babapur,21.554360000000003,71.103835,100,,22600,18500
364120,Tansa,21.489375000000003,72.13595,100,,29000,23800
685554,Udumbanchola,9.89691,77.17814,100,,48300,39600
683581,Manjapra,10.238225,76.54836,100,,61700,50600
683574,Kalady,10.1771,76.44763,100,,62300,51000
203001,Bulandshahr,28.3874073,77.9743805,100,,22000,18000
682552,Amini,11.12338,72.72315,100,,39200,32200
682309,Irimbanam,9.973845,76.35879,100,,61600,50600
416803,Mutat,16.491985,73.476635,100,,30500,25000
416804,Padel,16.486605,73.40653,100,,30100,24700
416703,Kharepatan,16.551470000000002,73.643955,100,,30100,24700
416801,Talera,16.458750000000002,73.64736500000001,100,,30500,25000
416620,Kalsuli,16.212825,73.771225,100,,30200,24800
416623,Mond,16.443134999999998,73.46149,100,,30100,24700
685586,Karimkunnam,9.843245,76.700725,100,,48800,40000
392001,Bharuch,21.69784,72.98454000000001,100,,31100,25500
403509,Anjuna,15.585655,73.74726000000001,100,,54600,44700
764005,Jayanagar,18.83493,82.51045500000001,100,,19500,16000
764006,Bariniput,18.854875,82.59932,100,,19700,16100
759027,Govindpur,20.632835,85.66001499999999,100,,20000,16400
851126,Garhara,25.389255,86.014365,100,,21400,17600
391156,Tejgadh,22.349405,73.932575,100,,37000,30300
391125,Bahadarpur,22.27772,73.591565,100,,37400,30600
390019,Ajwa Road,22.327555,73.27455499999999,100,,37100,30400
484110,Burhar,23.186275,81.465375,100,,24000,19700
586209,Indi,17.196675,75.913995,100,,32400,26500
586212,Muddebiahl,16.3645,76.195015,100,,32100,26300
483990,Rithi,23.89071,80.10109,100,,19100,15600
531055,Yellamanchili,17.534655,82.86012,100,,43200,35400
530027,Gopalapatnam,17.7503,83.197835,100,,43300,35500
626115,Sethu Institute of Technology,9.734875,78.110285,100,,32700,26800
627764,Rayagiri,9.29902,77.462455,100,,37500,30800
627753,Karivalamvandanallur,9.27523,77.583395,100,,37000,30400
626141,Malli,9.48657,77.69233,100,,32800,26800
626133,Kummapatti,9.6457,77.58429000000001,100,,32200,26500
626136,Kilarajakularaman,9.364525,77.63659,100,,32300,26500
531034,K Kotapadu,17.85342,83.04095,100,,43500,35700
416528,Industrial Area Pinguli,15.98375,73.69359499999999,100,,30500,25000
416529,Talavade,15.848525,73.69481999999999,100,,30600,25100
416531,Kalmist,16.00986,73.94422,100,,30500,25000
416515,Tulas,15.847205,73.685895,100,,30600,25100
416516,Vengurla,15.87891,73.658905,100,,30500,25000
416519,Mangaon,16.036695,73.872285,100,,30500,25000
416520,Kudal,16.00234,73.703925,100,,30500,25000
416419,Shirdhon,17.01716,74.793065,100,,31600,25900
816116,Tinpahar RS,24.995375,87.73939,100,,17000,13900
311204,Shambhugarh,25.80391,74.46008499999999,100,,33800,27700
311021,Gulabpura,25.84848,74.591335,100,,33800,27800
307510,Shantivan,24.57736,72.83100999999999,100,,23600,19300
686143,Udayanapuram,9.781635,76.39035000000001,100,,51100,41800
685619,Santhanpara,9.96347,77.20085499999999,100,,48300,39600
758036,Matkambeda,22.101045,85.35406,100,,23900,19600
758038,Baneikela,22.01507,85.46241,100,,23900,19600
758043,Sainkul,21.117345,86.131245,100,,24100,19800
758026,Talapada,21.120735,85.814385,100,,24400,20000
586208,Huvin Hippargi,16.576774999999998,76.12737,100,,32400,26500
484220,Chachai,23.156885000000003,81.657325,100,,21300,17500
759018,Kamakhyanagar,20.999495,85.52824000000001,100,,19600,16100
759021,Rasol,20.5938,85.321995,100,,19800,16200
758078,Dhanurnjaypur,21.292445,86.336035,100,,24300,19900
758079,Janghira,21.437105000000003,85.613585,100,,24000,19700
332707,Jharli,27.516885,75.865015,100,,31300,25700
431503,Sailu,19.490885,76.47107,100,,20400,16700
431506,Pathri,19.257125,76.355055,100,,20400,16700
804401,Arwal,25.263945,84.70693,100,,18400,15100
848501,Mohiuddin Nagar,25.538200000000003,85.673725,100,,19100,15600
485114,Sagmania,24.639645,80.877235,100,,25400,20800
332706,Guhala,27.667435,75.63902,100,,31400,25700
416626,Hadi,16.11843,73.4678,100,,30100,24800
416628,Ambrad,16.16233,73.735435,100,,30500,25000
416630,Naringre,16.26633,73.433445,100,,30100,24700
625522,Kombai,9.8219,77.281115,100,,40400,33200
625513,Bodinayakanur,10.013405,77.339055,100,,40600,33300
754239,Bhuinpur,20.682825,86.584625,100,,17600,14500
335039,Mukalawa,29.496285,73.610545,100,,28400,23200
754011,Adaspur,20.21515,86.017045,100,,27900,22900
754112,Bentakar,20.40022,85.959195,100,,27800,22800
403516,Calangute,15.55402,73.768185,100,,54600,44700
403517,Siolim,15.61847,73.776415,100,,54100,44400
431502,Satona,19.51242,76.299475,100,,22800,18700
754132,Raghunathpur,20.334245000000003,86.14115,100,,19800,16300
226104,Mall,27.020835,80.744445,100,,32600,26800
606108,Mangalur,11.490995,79.04989499999999,100,,26400,21600
606302,Nallur,11.521735,79.19987,100,,26300,21600
805132,Dumrawan,24.953095,85.67942500000001,100,,17900,14700
811101,Barbigha,25.218825,85.737475,100,,22700,18700
226201,Bakshi Ka Talab,26.985555,80.914875,100,,32600,26800
226501,Gosainganj,26.75531,81.15532999999999,100,,33100,27100
173022,Dadahu,30.59252,77.469065,100,,29900,24500
142023,Mann,29.3472909,76.8871622,100,,41800,34300
625301,Alagarkoil,10.055975,78.238145,100,,45500,37300
533003,Engg.College,16.975745,82.251465,100,,34000,27800
313031,Nai,24.5024,73.607065,100,,30200,24700
532263,Baruva,18.868065,84.5818,100,,31600,25900
532222,Kasibugga,18.7227,84.44564,100,,31600,25900
532005,Gujarathipeta,18.26268,83.860005,100,,31700,26000
531084,Kd Peta,17.71187,82.35692499999999,100,,42900,35200
625214,Sholavandan,10.02708,77.92131499999999,100,,44700,36700
625221,Thanichiyam,10.04104,78.02246,100,,45000,36900
416813,Umbarde,16.57159,73.76302000000001,100,,30100,24700
344035,Kavas,26.028845,71.56383500000001,100,,25900,21200
344022,Balotra,25.75055,72.16896,100,,25900,21200
416610,Shirgaon,16.35669,73.59276,100,,30100,24700
416611,Talebazar,16.349449999999997,73.509435,100,,30500,25000
416613,Devgad,16.376885,73.38160500000001,100,,30100,24700
416615,Mithbav,16.29551,73.41953000000001,100,,30100,24700
416811,Phanasgaon,16.475785000000002,73.56473,100,,30100,24700
416812,Sindhudurgnagari MDG,16.096905,73.70207500000001,100,,30600,25000
607112,Kilkavarappattu,11.80215,79.591465,100,,26400,21700
609305,Mannampandal,11.10027,79.69139000000001,100,,30600,25000
609203,Nidur,11.143095,79.628,100,,30300,24900
609205,Tiruvalaputhur,11.231685,79.62731500000001,100,,30400,24900
608704,Pinnalur,11.47965,79.55613,100,,26100,21400
608304,Reddiyur,11.20663,79.511,100,,26500,21700
424104,Nagardeola,20.55989,75.19704,100,,27800,22800
424105,Bhadgaon,20.688525,75.21345500000001,100,,28200,23100
424106,Mehunbare,20.62638,74.922155,100,,28200,23100
424201,Pachora,20.6561,75.41244,100,,28200,23100
424203,Pimpalgaon,20.59456,75.499945,100,,28200,23100
609604,"Karaikal, Puducherry",10.9156489,79.8069488,100,,35400,29000
804424,Paibigha,25.053415,84.91316,100,,21400,17500
425310,Bodwad,20.778345,75.970135,100,,28200,23100
425327,Kurha-kakoda,21.02167,76.31886,100,,27900,22900
424204,Shendurni,20.67662,75.58454499999999,100,,27800,22900
424205,Pahur,20.69147,75.7039,100,,28300,23100
691315,"Kollam, Kerala · 691315",8.9674039,76.8585783,100,,34900,28600
176025,Dhameta,32.00974,75.967275,100,,34700,28500
625103,Kottampatti,10.239485,78.36389,100,,44900,36900
625006,Tirunagar,9.8879,78.04489,100,,45000,36900
700018,Bartala,22.53695,88.25411,100,,47500,39000
695021,Karikkakom,8.50815,76.89251,100,,62600,51400
695022,Thiruvananthapuram  ISRO,8.52768,76.87584,100,,63000,51600
695017,Sreekaryam,8.544245,76.915195,100,,63200,51800
695007,Thiruvananthapuram  Beach,8.491055,76.90906000000001,100,,62200,51100
695009,Manacaud,8.466685,76.9499,100,,62000,51000
691559,Chithara,8.81621,76.971035,100,,47600,39000
814149,Sarath,24.25004,86.88253,100,,24200,19800
814151,Saraiyahat,24.56226,87.00913,100,,24400,20000
814154,Mahgama,25.04128,87.31228,100,,16700,13700
695019,Industrial Estate,8.47261,76.997635,100,,62200,51100
313001,Udaipur Shastri Circle,24.55152,73.73300499999999,100,,30200,24700
689588,Vaipur,9.451495,76.707585,100,,51500,42200
689581,Kunnamthanam,9.43837,76.61022,100,,50800,41700
689584,Mallappally East,9.44919,76.66949,100,,51300,42000
689585,Mallappally West,9.45354,76.63948,100,,51300,42000
614615,Aladikkumulai,10.475595,79.2673,100,,30300,24900
614303,Vadakkumangudi,10.87295,79.21585999999999,100,,30900,25300
388410,Bandhani,22.551215,72.83278,100,,41700,34200
132039,Assandh,29.54714,76.615445,100,,32200,26400
752081,Odagaon,20.00651,84.99542,100,,21200,17400
425109,Erandol,20.86746,75.319655,100,,28200,23100
752093,Madhyakhand,20.360925,85.02369,100,,21300,17500
811315,Sikandra,24.941535,86.03659,100,,21000,17300
811214,Jamalpur,25.310585000000003,86.50766,100,,45200,37100
811305,Gidhaur,24.85962,86.30856,100,,21000,17200
811308,Jhajha,24.742465000000003,86.437575,100,,21000,17200
173223,Oachghat,30.911715,77.273835,100,,29700,24400
173204,Kasauli,30.88272,76.972205,100,,43200,35400
412802,Khandala Bavada,18.05529,73.996295,100,,34000,27900
700052,Kolkata Airport,22.647085,88.43861000000001,100,,47100,38700
700053,New Alipore,22.504525,88.328405,100,,47100,38700
700054,Kankurgachi,22.580995,88.391445,100,,47000,38600
843329,"Sheohar, Bihar",26.4934234,85.2717561,100,,19300,15800
843311,Athri,26.43631,85.45897,100,,20200,16500
700003,Baghbazar,22.604905,88.365265,100,,47000,38600
816117,Pakuria,24.332415,87.66168,100,,13000,10700
816120,Borio,25.04876,87.60163,100,,17000,13900
815355,Nala,23.92001,87.04697,100,,14900,12200
533125,Dowlaiswaram,16.944004999999997,81.7816,100,,33900,27800
700004,Shyambazar Mail,22.597835,88.37337,100,,47600,39000
700009,Raja Ram Mohan Sarani,22.575745,88.37192999999999,100,,47000,38600
700010,Beleghata,22.56458,88.397985,100,,47100,38700
700001,Kolkatta G.P.O.,22.57511,88.34708,100,,47100,38700
175004,Bhambla,31.595175,76.76077000000001,100,,34400,28200
175005,Kataula,31.80281,77.04501,100,,34300,28100
387350,Palana,22.70084,72.773065,100,,41400,34000
621601,Lalgudi,10.87541,78.82063,100,,35600,29200
621652,Kallakudi North,11.035305,78.96237500000001,100,,36100,29500
811212,Dharhara,25.23701,86.454165,100,,45100,37000
425105,Dharangaon,21.03827,75.229795,100,,27800,22800
503322,Telangana University,18.618215,78.218475,100,,22700,18600
504001,Adilabad,19.670585000000003,78.52969999999999,100,,24200,19800
700072,Princep Street,22.566955,88.35393,100,,47000,38600
507304,Siripuram,17.045365,80.34888000000001,100,,32700,26900
700068,Jodhpur Park,22.504675,88.36319,100,,47200,38800
700024,Garden Reach,22.542505,88.28461999999999,100,,47500,38900
700013,Dharmatala,22.564285,88.35669,100,,47400,38900
700014,Intally,22.555165,88.368225,100,,47400,38900
624705,Kannivadi,10.37491,77.82768,100,,33900,27800
624619,Oddanchatram,10.463785,77.73768,100,,33900,27900
624308,Vembarpatti,10.24592,78.11057,100,,34100,28000
700041,Paschim Putiari,22.481915,88.33888,100,,47100,38700
700042,Kasba,22.516625,88.38067000000001,100,,47200,38700
700043,South Eastern Railway,22.543645,88.315265,100,,47400,38900
700029,Sarat Bose Road,22.517495,88.36157,100,,47900,39200
700030,Ghugudanga,22.622570000000003,88.395235,100,,47800,39100
700033,Tollygunge,22.49916,88.35081,100,,47900,39200
700023,Khiddirpore,22.53694,88.322885,100,,47600,39000
281005,Mathura Refinery,27.391435,77.704075,100,,27400,22500
281006,Refinery Nagar,27.43681,77.68091,100,,27400,22500
847115,Muria,26.19799,85.99438,100,,19100,15700
388110,Anand Agri Inst,22.529775,72.97849,100,,41500,34100
623513,Chitharkottai,9.425375,78.887855,100,,35700,29200
622507,Tirumayam,10.25739,78.720925,100,,25600,21000
281121,Vrindaban,27.573835,77.68562,100,,27400,22500
281122,Farah,27.31316,77.68643,100,,27400,22500
281123,Sonkh,27.427895,77.52704,100,,27400,22500
281001,Mathura,27.48394,77.690535,100,,27400,22500
281003,Gayatri Tapo Bhoomi,27.54467,77.658225,100,,27400,22500
281004,Krishna Nagar,27.48226,77.621095,100,,27400,22500
623525,Rajasingamangalam,9.60928,78.85263499999999,100,,35900,29400
281206,Sonai,27.568585,77.86798,100,,27400,22500
281301,Baldeo,27.42575,77.83889500000001,100,,27400,22500
281303,Gokul,27.43697,77.72195500000001,100,,27400,22500
281305,Mahaban,27.43659,77.79495,100,,27400,22500
741250,Kataganj,22.947165,88.4766,100,,21800,17900
722148,Ranibandh,22.836615,86.775335,100,,15400,12600
722149,Sabrakone,22.941735,87.273695,100,,15400,12600
384255,Kungher,23.78213,72.02759,100,,20900,17200
384275,Ranuj,23.766095,72.221645,100,,21100,17300
384285,Wagdod,24.036375,72.13888,100,,20900,17200
384290,Kakoshi,24.014135,72.29615000000001,100,,20900,17200
533228,Vanapalli,16.686355,81.96774,100,,33400,27400
722154,Gelia,23.066705,87.52897,100,,15400,12600
722147,Ramsagar,23.10127,87.26753500000001,100,,15400,12600
700047,Naktala,22.476325,88.36839,100,,47200,38800
844117,Dharhara,25.781905,85.22345999999999,100,,25700,21000
844118,Goraul,25.929515,85.328235,100,,25600,21000
844112,Baghi,25.92842,85.41004000000001,100,,25500,20900
844115,Chaksikandar,25.68042,85.360975,100,,25700,21100
700063,Thakurpukur,22.46317,88.30737,100,,47000,38600
700065,Rabindra Nagar,22.6431,88.40732,100,,47000,38600
700045,Lake Gardens,22.506255,88.3588,100,,47200,38700
700046,Gobinda Khatick Road,22.54561,88.385685,100,,47100,38700
281401,Chhata,27.708260000000003,77.461735,100,,27400,22500
281403,Kosi Kalan,27.810535,77.37458000000001,100,,27400,22500
281404,Shergarh,27.812995,77.57394,100,,27400,22500
281405,Barsana,27.676965000000003,77.38988499999999,100,,27400,22500
281501,Aring,27.4774,77.54774,100,,27400,22500
281203,Nauhjhil,27.89407,77.61,100,,27400,22500
281204,Raya,27.574395000000003,77.7825,100,,27400,22500
281205,Surir,27.811095,77.77962500000001,100,,27400,22500
133102,Kesri,30.231965,76.91954,100,,35600,29200
384001,Mahesana,23.630425,72.39740499999999,100,,26300,21600
387240,Sojitra,22.541415,72.72399999999999,100,,41600,34200
281502,Goverdhan,27.54672,77.422855,100,,27400,22500
281504,Radhakund,27.56894,77.56801,100,,27400,22500
281308,Jugasana,27.453145,77.876755,100,,27300,22500
741153,Matiari,23.633985,88.20934,100,,21900,18000
175033,Baldwara,31.557095,76.772795,100,,34500,28200
175034,Samaila,31.52118,76.772625,100,,34500,28300
814146,Palojori,24.21339,87.037735,100,,24300,20000
734105,Lebong,27.06744,88.291935,100,,33600,27600
731237,Lohapur,24.271500000000003,87.950065,100,,22300,18300
731224,Rampurhat,24.138735,87.82768,100,,22300,18300
723103,Namopara,23.37294,86.311285,100,,16300,13300
722150,Sarenga,22.781845,87.004865,100,,15400,12600
388355,Navli,22.494865,72.951195,100,,41700,34200
734216,Pokhriabong,26.95998,88.16567,100,,33900,27800
734217,Pankhabari,26.8221,88.27044000000001,100,,33600,27600
734220,St.Mary's Hill,26.89864,88.26514499999999,100,,33800,27700
624206,Kodairoad R.S.,10.213305,77.906655,100,,34100,28000
624210,Pannaikadu,10.254925,77.64367999999999,100,,34400,28200
624211,Pattiveeranpatti,10.202815,77.788465,100,,34000,27900
623806,Sathaksalai,9.228465,78.77319,100,,35900,29400
281201,Bajna,27.917795,77.687285,100,,27400,22500
281202,Mant,27.66374,77.72219,100,,27400,22500
534122,Maruteru,16.62189,81.74501000000001,100,,36500,29900
624202,Batlagundu,10.15409,77.750275,100,,34600,28300
700074,Motijheel,22.62117,88.40529000000001,100,,47000,38600
700077,Bediapara,22.6305,88.398555,100,,47000,38600
792110,"Lower Dibang Valley, Arunachal Pradesh",28.2149563,95.878774,100,,40500,33300
110031,Gandhi Nagar,28.65674,77.26472,100,,52100,42700
451224,Maheshwar,22.316715,75.56132,100,,33300,27300
125076,Rania,29.57865,74.880795,100,,41400,33900
793016,Mawiong,25.609555,91.821045,100,,41000,33700
793010,Laitkor Peak,25.526485,91.884575,100,,40800,33500
791112,Doimukh,27.13497,93.79048,100,,52200,42900
445306,Parwa,19.95483,78.321555,100,,25200,20600
794105,Garobadha,25.61369,90.02919,100,,24800,20300
791118,"Kurung Kumey, Arunachal Pradesh",27.9863677,93.1578347,100,,36200,29700
855108,Kishanganj Bazar,26.333260000000003,87.95586,100,,19400,15900
574226,Mithabail,13.110435,74.937015,100,,42400,34800
415521,Lonand,18.021495,74.17668,100,,34000,27900
415523,Phaltan,17.949265,74.50422,100,,33900,27800
415528,Taradgaon,18.019045,74.30973,100,,33900,27800
415501,Koregaon,17.69879,74.191475,100,,34300,28100
D280374,"Chhatarpur, Madhya Pradesh · D280374",24.7606089,79.6781776,100,,34900,28600
D312499,"Mahendragarh, Haryana · D312499",28.1326971,76.1697448,100,,35100,28700
D210640,"Rewa, Madhya Pradesh · D210640",24.7560846,81.3810574,100,,34800,28600
393145,Rajpipla,21.844795,73.496425,100,,18900,15500
855101,Bahadurganj,26.330705,87.75584,100,,19500,16000
855107,Kishanganj,26.105105,87.93864500000001,100,,19600,16000
574219,Jodumarga,12.912275,74.994755,100,,42600,34900
D905581,"Rajkot, Gujarat · D905581",22.069288,71.0288686,99,,34100,28100
251320,Ramraj,29.340695,78.03210999999999,99,,28300,23300
251327,Purkazi,29.634265,77.91984500000001,99,,28300,23300
251308,Bhopa,29.47945,77.90353,99,,28400,23400
251309,Budhana,29.287355,77.49047,99,,28400,23400
251310,Basera,29.57627,77.85822,99,,28300,23300
251311,Charthawal,29.545695,77.59645499999999,99,,28300,23300
251314,Jansath,29.321825,77.855475,99,,28300,23300
251315,Miranpur,29.31899,77.95605,99,,28300,23300
251316,Morna,29.45448,77.98506,99,,28300,23300
251318,Shahpur,29.36891,77.586275,99,,28300,23300
251201,Khatauli,29.257165,77.70638,99,,28300,23300
251202,Rohana Mills,29.547615,77.686695,99,,28300,23300
251203,Mansurpur,29.379285,77.716245,99,,28300,23300
251301,Alipur Kheri,29.506590000000003,77.49592,99,,28400,23400
251305,Babri,29.48418,77.42535,99,,28300,23300
251306,Baghra,29.46576,77.59029000000001,99,,28300,23300
251307,Barla,29.596415,77.77601,99,,28300,23300
574222,Kalladka,12.825735,75.05696,99,,41700,34300
574223,Kav,12.639845,75.274715,99,,41800,34400
247771,Ailum,29.269305,77.302095,99,,28100,23200
247772,Jalalabad,29.598095,77.44112,99,,28100,23200
247773,Jhinjhana,29.5629,77.182995,99,,28100,23200
400001,Fort Mumbai,18.934,72.834,99,139.0,63100,52100
791122,"Upper Subansiri, Arunachal Pradesh",28.2596054,94.0938106,99,,43000,35400
453661,Manpur,22.455015000000003,75.639155,99,,46100,38000
791109,Nirjuli,27.114205,93.763495,99,,51700,42500
141203,Narangwal,30.757775,75.79586499999999,99,,41300,34000
141204,Ghungrana,30.702910000000003,75.81909,99,,41300,34000
141205,Latala,30.66968,75.73986,99,,41300,34000
141206,Ghawaddi,30.783375,75.90154000000001,99,,41300,34000
141401,Khanna,30.70146,76.24621,99,,41300,34000
141118,Dehlon,30.74286,75.875885,99,,41300,34000
141119,Maloudh,30.622485,75.940285,99,,41300,34000
141120,Sanehwal,30.834925,75.97788,99,,41300,34000
829130,Prc,23.61128,85.574795,99,,23300,19200
829150,Ramgarh Project,23.581875,85.67524,99,,23300,19200
522007,Chandramoulinagar,16.317935,80.43014500000001,99,,35000,28900
522017,Etukuru,16.214365,80.45749,99,,35500,29200
642120,Negamam,10.754855,77.12499,99,,53000,43700
141127,Koom Kalan,30.943625,76.078435,99,,41300,34000
141201,Kila Raipur,30.761775,75.820425,99,,41300,34000
141202,Gujjarwal,30.74112,75.74678,99,,41300,34000
144008,Grain Market,31.379685,75.57267999999999,99,,37800,31100
144024,Kukar Pind,31.263475,75.6478,99,,37700,31100
143602,Fatehgarh Churian,31.880385,74.99604500000001,99,,37200,30600
577214,Hithla,14.160095,75.375545,99,,34800,28600
638673,Kolinjivadi,10.70371,77.595215,99,,54300,44800
141115,Machhiwara,30.94093,76.20847,99,,41400,34000
141116,Gill,30.789407,75.8269724,99,,41500,34100
141117,Sihar,30.688975,75.920375,99,,41300,34000
461551,Tawa Nagar,22.5457,77.92074500000001,99,,21100,17300
461661,Babai,22.73141,77.94614999999999,99,,20800,17100
461668,Semri Harchand,22.698755,78.08818,99,,20900,17200
461771,Sohagpur R.S.,22.71526,78.17468,99,,21100,17300
461122,OFE Itarsi,22.580345,77.84838500000001,99,,21000,17300
461223,Seoni Malwa,22.444425000000003,77.473015,99,,20900,17200
461446,Of Itarsi,22.545135,77.7971,99,,20700,17100
144028,Chitti,31.245055,75.48261,99,,37700,31100
504303,Srirampur Colony,18.845745,79.50343000000001,99,,23700,19500
504308,Gudihatnoor,19.552725,78.434495,99,,23900,19700
504310,Mamda,19.11884,78.49703,99,,23800,19600
504311,Ootnur,19.475445,78.89930000000001,99,,23800,19600
504293,Asifabad,19.40633,79.18954500000001,99,,23800,19600
504272,Tandur,19.148165,79.467,99,,23800,19600
741235,Kalyani,22.974310000000003,88.44536,99,,21300,17500
813206,Ishipur,25.23144,87.406845,99,,25000,20500
283206,Kotla,27.301540000000003,78.43029999999999,99,,19900,16400
700108,ISI,22.648745,88.379785,99,,46300,38200
711111,Jagacha,22.580465,88.284325,99,,37100,30600
700087,New Market,22.56025,88.35306,99,,46300,38100
700088,Brace Bridge,22.520805,88.30396999999999,99,,46000,37900
700089,Lake Town,22.607100000000003,88.40438,99,,46200,38100
700092,Regent Estate,22.48422,88.369605,99,,46100,38000
504313,Jainoor,19.34345,78.95811499999999,99,,23800,19600
387330,Mohlel,22.753590000000003,72.99110999999999,99,,41000,33700
700061,Sarsoona,22.473035,88.286295,99,,46900,38500
700062,W.B.Governors Camp.,22.56632,88.347185,99,,46900,38500
700066,Bidhangarh,22.528665,88.27144,99,,46500,38300
700067,Ultadanga Main Road,22.592755,88.38698,99,,46900,38600
700050,Sinthee,22.629265,88.38514,99,,46800,38500
844116,Dumari,25.769035,85.34201,99,,24800,20400
843334,Piprarhi,26.55989,85.348455,99,,19500,16000
734011,Kadamtala,26.70504,88.366755,99,,32800,27100
734014,Bagdogra,26.66926,88.31305499999999,99,,33100,27200
733141,Gopalganj,25.43848,88.739655,99,,20400,16800
424102,Patonda,20.51947,75.097805,99,,27300,22500
812002,Bhagalpur City,25.241505,86.95944,99,,24700,20300
343021,Ummedabad,25.396905,72.44181499999999,99,,27100,22200
133101,Bihta,30.28037,76.92062,99,,34700,28600
384012,Ganpat Vidyanagar,23.52514,72.45586,99,,25600,21100
503230,Dharmaram,18.589395,78.10809,99,,22200,18300
503246,Jannepalli,18.84728,78.07611,99,,22300,18300
173233,Patta,30.935345,76.914795,99,,42000,34600
621805,Varadarajampettai,11.32736,79.419505,99,,30100,24800
621312,Thiagesaralai,10.620685000000002,78.469965,99,,34900,28800
621220,Thoramangalam,11.238835,78.88346,99,,26100,21500
621209,Manamedu,10.974915,78.38573,99,,35000,28800
621212,Perambalur,11.24248,78.859115,99,,26200,21500
700073,Chittaranjan Avenue,22.576695,88.36053,99,,46900,38500
175134,Sainj,31.851695,77.53440499999999,99,,26600,21900
175143,Jagatsukh,32.26142,77.283485,99,,26600,21900
175132,Keylong,32.703045,77.237925,99,,30700,25200
175101,Kullu,31.98196,77.11907500000001,99,,26500,21900
425102,Bhadli BK,21.070405,75.64838,99,,27300,22500
425103,Paldhi,21.013325,75.433815,99,,27300,22500
173030,Kala Amb,30.524315,77.233045,99,,29100,24000
507318,V.V.Palem,17.27753,80.25388,99,,32100,26400
507211,Bayyaram,17.651895,80.150175,99,,32000,26400
507301,Aswaraopet,17.345375,81.17704,99,,32200,26500
507302,Penuballi,17.20633,80.68068,99,,32100,26500
507303,Sathupalli,17.2187,80.83904,99,,32100,26500
507305,Tanikella,17.220010000000002,80.275395,99,,32200,26600
700069,Esplanade,22.563875,88.34931499999999,99,,46900,38600
700071,Middleton Row,22.54381,88.34326,99,,46900,38600
813108,Sahkund,25.15349,86.804715,99,,24900,20500
223227,Sanjar Pur,26.01897,83.01077000000001,99,,18200,15000
223104,Khuthan,25.95387,82.557065,99,,19200,15800
388001,Anand,22.560375,72.96366499999999,99,,40600,33500
811201,Munger,25.368355,86.47722,99,,44300,36500
700040,Regent Park,22.48352,88.35316,99,,46800,38500
624701,Attur,10.30135,77.82070999999999,99,,33700,27700
624403,Sendurai,10.3908,78.23815,99,,33800,27800
370145,Lakadia,23.333785,70.80341,99,,29800,24500
370155,Adesar,23.437025,71.18215000000001,99,,29800,24500
370130,Khedoi,23.042365,69.891865,99,,29800,24500
700060,Parnasree Pally,22.504985,88.30420000000001,99,,46900,38500
700038,Sahapur,22.50593,88.32459,99,,46700,38400
503219,Sriramsagar Project,18.95806,78.3934,99,,22300,18400
503180,Shakkarnagar,18.658985,77.91868,99,,22200,18300
503201,Varni,18.507595,77.948035,99,,22200,18300
700002,Cossipore,22.61826,88.37433,99,,46600,38400
814157,Dehijore,24.518705,86.824895,99,,23400,19200
533201,Amalapuram,16.568405,82.009545,99,,33300,27400
843326,Raipur,26.371645,85.64654,99,,19700,16200
843331,Sursand,26.643545,85.71217999999999,99,,19400,16000
843315,Barharwa,26.7057,85.35365999999999,99,,19400,16000
370425,Patri,23.00444,69.7027,99,,29400,24200
370135,Adhoi,23.427525000000003,70.491225,99,,29800,24500
621208,Kolakkudi,11.044795,78.378875,99,,34700,28600
621114,T.Kalathur,11.107845,78.713105,99,,26200,21600
621118,Nakkasalem,11.163055,78.72598500000001,99,,25900,21300
621103,Arumbavur,11.362975,78.724545,99,,25800,21300
700005,Hatkhola,22.59941,88.360825,99,,46600,38300
700006,Beadon Street,22.587865,88.36398,99,,46400,38200
700007,Barabazar,22.58407,88.35612,99,,46300,38200
700008,Barisha,22.48044,88.31666,99,,46600,38400
621214,Thathiengarpet,11.125425,78.42047500000001,99,,35100,28900
534330,Khandavalli,16.72983,81.77418,99,,35100,29000
534327,Poduru,16.586840000000002,81.765885,99,,35100,29000
621133,Eraiyur,11.3402,78.98563999999999,99,,26300,21600
621203,Balasamudram,10.991745000000002,78.292965,99,,35400,29000
621204,Gunasilam,10.93969,78.55605,99,,34700,28600
621205,Jambunathapuram,11.04781,78.48739499999999,99,,34800,28700
621207,Kattuputhur,11.02147,78.22593,99,,35100,28900
695006,Tirumala,8.501175,76.98649,99,,61800,50800
515281,Amarapuram,14.112505,76.97179,99,,35200,28900
691534,Chadayamangalam,8.864315000000001,76.871365,99,,46000,38000
176058,Rey,32.049595,75.835025,99,,34000,28000
804420,Kazisarai,25.1529579,85.0065043,99,,20900,17200
425422,Prakasha,21.528080000000003,74.373715,99,,17300,14200
425308,Varangaon Ord.Factory,21.031985,75.945655,99,,27300,22500
424202,Varkhedi,20.62927,75.47396499999999,99,,27300,22500
690517,Karuvatta,9.321775,76.42159000000001,99,,47400,39100
689676,Makkapuzha,9.43745,76.81431,99,,50000,41200
689594,Chengaroor,9.436325,76.63836,99,,49800,41000
688528,Thycattussery,9.769385,76.34768,99,,47700,39300
688506,Kavalam,9.483735,76.45849,99,,48100,39500
814152,Rohani,24.47249,86.58197,99,,23400,19200
695123,Aralumoodu,8.394925,77.05770000000001,99,,61000,50300
695018,Pappanamcode,8.469570000000001,76.97846,99,,61700,50800
621104,Chettikulam,11.1338,78.77080000000001,99,,25800,21300
621106,Kolakkanatham,11.099095,78.95384999999999,99,,26100,21500
621109,Padalur,11.11811,78.83409499999999,99,,25900,21300
621110,Poolambadi,11.39587,78.67384,99,,26200,21500
388460,Piplav,22.539735,72.773705,99,,40600,33500
388480,Sundarna,22.43417,72.818415,99,,40900,33700
132105,Panipat Thermal Project,29.38357,76.87641500000001,99,,32100,26500
847232,Ladania,26.552885,86.300835,99,,20100,16500
173202,Sanawar,30.899085,76.99371,99,,42000,34600
173207,Kunihar,31.058345000000003,76.996095,99,,42400,34900
811312,Laxmipur,24.966655,86.41241,99,,20900,17100
811303,Chakai,24.52233,86.35925499999999,99,,20700,17000
811105,Sheikhpura,25.093975,85.83857,99,,22200,18300
811107,Sirari,25.15103,85.955815,99,,21400,17600
503218,Kissannagar,18.910505,78.402345,99,,22300,18300
752119,Lataharan,20.019685000000003,86.2491,99,,20000,16500
313011,Badgaon,24.712605,73.648515,99,,29200,24100
142035,Mallah,30.695625,75.417795,99,,41300,34000
142021,Baddowal,30.851265,75.74656999999999,99,,41300,34000
142022,Lalton Kalan,30.843125,75.78957,99,,41300,34000
142024,Sidhwan Khurd,30.86003,75.52017000000001,99,,41300,34000
142025,Sowaddi,30.910865,75.59582499999999,99,,41300,34000
142026,Jagraon,30.78634,75.47558000000001,99,,41300,34000
141415,Jarg,30.59441,76.06685,99,,41300,34000
821115,Sasaram,24.9394143,84.0197031,99,,25700,21200
625515,Chinnamanur,9.73166,77.359065,99,,40100,33000
531083,Pedagummuluru,17.43325,82.79979,99,,42100,34700
625218,Vadipatti,10.122065,78.02611,99,,44300,36400
222131,Sikrara,25.74742,82.505025,99,,19500,16100
533004,Gandhinagar,16.974335,82.22579,99,,33000,27100
176207,Sihunta,32.328540000000004,76.11739,99,,27000,22200
515465,Yellanur,14.66166,78.041255,99,,35100,28900
142032,Bassian,30.638685,75.524985,99,,41300,34000
142033,Sidhwan Bet,30.917225,75.462925,99,,41300,34000
142034,Manuke,30.714525,75.4808,99,,41300,34000
416614,Achara,16.220785,73.490125,99,,29800,24500
416616,Ramgad,16.24898,73.58505500000001,99,,29800,24500
344704,Dhorimana,25.11009,71.412285,99,,25400,20900
344705,Gunga,26.302765,71.13360499999999,99,,25400,20900
344701,Shiv,26.24724,71.2741,99,,25400,20900
388260,Birpur,23.212775,73.447825,99,,40300,33200
609304,Kilaiyur,11.13064,79.733925,99,,29400,24300
609118,Solasakkaranallur,11.137935,79.695075,99,,29400,24200
608901,Kavarapalayam,11.34845,79.328285,99,,30200,24800
608401,Vallampadugai,11.348445,79.68394,99,,26000,21300
607804,Oomangalam,11.56231,79.39706000000001,99,,26000,21400
142030,Kamalpura,30.73189,75.54794,99,,41300,34000
142031,Hathur,30.62361,75.43689,99,,41300,34000
494661,"Narayanpur, Chhattisgarh",19.5842032,81.1136986,99,,34400,28300
487770,Chichli,22.754155,78.92901,99,,21300,17500
487334,Dobhi,23.105125,78.91454,99,,21200,17500
142036,Galib Kalan,30.83234,75.41556,99,,41300,34000
142027,Ayali Kalan,30.90506,75.73376,99,,41300,34000
142029,Jodhan,30.80074,75.76068000000001,99,,41300,34000
141414,Issru,30.66623,76.11458999999999,99,,41300,34000
757014,Chandua Ashram,22.074415,86.77044000000001,99,,21300,17600
403521,Alto-porvorim,15.529265,73.830145,99,,52500,43300
425504,Khiroda,21.28897,75.87128000000001,99,,27300,22500
425508,Raver,21.26642,76.05753,99,,27200,22500
431401,Parbhani,19.27129,76.76192499999999,99,,19600,16200
754108,Balikuda,20.15499,86.27974,99,,19600,16100
495004,"Bilaspur, Chhattisgarh",22.1638486,82.1365923,99,,34400,28300
495668,"Janjgir - Champa, Chhattisgarh",21.986403,82.5536606,99,,34400,28300
496225,"Jashpur, Chhattisgarh",22.770251,83.9708013,99,,34400,28300
226302,Nigohan,26.56783,81.036365,99,,32200,26500
226303,Nagram,26.635435,81.193085,99,,31900,26300
226028,Chinhat,26.873355,81.05082999999999,99,,31900,26300
226029,Vrinda Van Colony,26.762325,80.962765,99,,32000,26400
226030,Sushant Golf City,26.787895,81.002235,99,,32000,26400
226101,Kakori,26.85895,80.780675,99,,31700,26200
226102,Malihabad,26.917425,80.751045,99,,31800,26200
226103,Rahimabad,26.982235,80.58550500000001,99,,31800,26200
141416,Payal,30.72985,76.04357,99,,41300,34000
141417,Rahawan,30.748595,76.22885500000001,99,,41300,34000
141418,Rampur,30.82641,76.06578999999999,99,,41300,34000
141419,Ghudani Kalan,30.72112,75.96448000000001,99,,41300,34000
141421,Doraha,30.77957,76.02343,99,,41300,34000
754018,Bramhansailo,20.27894,86.022115,99,,27000,22300
172115,Bhaba Nagar,31.48226,77.98285999999999,99,,38900,32000
226202,FFTC Indaurabagh,26.98983,80.876475,99,,32300,26600
625556,C.Pudupatti,9.764679999999998,77.30028,99,,39400,32500
625530,Thevaram,9.89807,77.29151999999999,99,,39700,32700
625534,Veerapandi,9.938275,77.44901999999999,99,,40000,32900
625518,Gudalur,9.649425,77.24766,99,,39400,32500
625524,Pannaipuram,9.85773,77.287155,99,,39700,32700
625525,Periyar Project,9.626065,77.21256,99,,40200,33000
190001,"Srinagar, Jammu And Kashmir",34.1178785,74.9659189,99,,34100,28100
192129,"Anantnag, Jammu And Kashmir",33.8096849,75.2494527,99,,34100,28100
285126,Madhogarh,26.277085,79.19623,99,,22900,18800
285127,Rampura,26.355165,79.17309,99,,22900,18800
285128,Hadrukh,26.258785,79.34622,99,,22900,18800
285129,Umri,26.326635,79.30431999999999,99,,22900,18800
531075,Lakkavaram,17.87722,82.97894500000001,99,,42600,35000
531082,Etikoppaka,17.48216,82.74209,99,,42100,34700
285001,Orai,25.99257,79.43536,99,,22900,18800
285121,Bangra,26.20446,79.11555,99,,22900,18800
285204,Kalpi,26.10499,79.74071,99,,22900,18800
285205,Konch,26.01452,79.127135,99,,22900,18900
285206,Nadigaon,26.103185,79.034535,99,,22900,18800
285223,Kotra,25.807645,79.318345,99,,22900,18800
285122,Dakore,25.86439,79.454835,99,,22900,18800
285123,Jalaun,26.151575,79.39154500000001,99,,22900,18800
285124,Jagammanpur,26.39562,79.226925,99,,22900,18800
285125,Kuthond,26.370655,79.44647499999999,99,,22900,18800
755049,Kantigadia,20.68272,86.18518,99,,19100,15800
755020,Ferro Chrome Project,20.9464,86.109335,99,,19100,15800
755024,Haridaspur,20.745295,86.1132,99,,19200,15800
486882,Chitrangi,24.52115,82.46893,99,,19300,15900
486675,Bahri,24.41731,82.14758,99,,19200,15800
425524,M.S.S.K.Faizpur,21.231915,75.81356,99,,27300,22500
276136,Lat Ghat,26.22184,83.377565,99,,18400,15200
276139,Sardaha,26.244225,83.20774,99,,18200,15000
285130,Madaripur,26.25325,79.499175,99,,22900,18800
285202,Ata,26.00396,79.653205,99,,22900,18800
285203,Baoni Estate,25.980665,79.84671,99,,22900,18800
761102,Hinjilicut,19.482045,84.771915,99,,18900,15500
761032,Kodala,19.644665,84.925995,99,,18800,15500
761041,Badakharida,19.565890000000003,84.8535,99,,18900,15500
761043,Pandia,19.50911,84.82738,99,,18900,15500
483770,Barhi,23.86972,80.78867,99,,18700,15400
757105,Kuchei,22.000295,86.68934,99,,21300,17600
587204,Kaladgi,16.211154999999998,75.50668999999999,99,,23600,19400
307802,Kalandari,24.89991,72.63128,99,,23000,18900
307513,Mandar,24.60706,72.355305,99,,23300,19200
626125,Srivilliputhur,9.555395,77.58462,99,,31700,26100
531040,Pedabayalu,18.31924,82.48470499999999,99,,42000,34600
625707,Villur,9.687625,77.91281000000001,99,,44200,36400
625604,Periyakulam East,10.133065,77.586915,99,,39600,32600
141412,Daheru,30.750395,76.153775,99,,41300,34000
141413,Dhamote,30.663690000000003,76.022015,99,,41300,34000
484440,Bijuri,23.31772,82.108385,99,,21100,17300
484446,Rajnagar Colliery,23.18321,82.10845,99,,23600,19400
484117,Amlai Paper Mills,23.210230000000003,81.60461000000001,99,,21000,17300
758076,Sirigida,21.236295,85.489025,99,,23900,19600
758080,Bhagamunda,21.243495000000003,85.88733500000001,99,,23900,19600
758031,Jhumpura,21.84165,85.52523,99,,23900,19600
180017,"Jammu, Jammu And Kashmir",32.7681864,74.9211318,99,,34100,28100
182202,"Doda, Jammu And Kashmir",33.13261,75.5890079,99,,34100,28100
184121,"Samba, Jammu And Kashmir",32.5759118,75.1203446,99,,34100,28100
389310,Delol,22.63286,73.55215999999999,99,,20300,16700
757102,Puruna Baripada,21.640755,86.70247,99,,21200,17500
486003,Rewa APSU,24.56739,81.341985,99,,25500,21000
485773,Amadara,24.094655000000003,80.567005,99,,24800,20400
335065,Manaksar,29.68619,74.424035,99,,27700,22800
630553,Madagupatti,9.99513,78.51029,99,,29600,24400
630501,CVmangalam,10.174445,78.47893,99,,29600,24400
630312,Puliyal,9.854875,78.87343,99,,29500,24300
627813,Puliyara,9.00627,77.19308000000001,99,,36700,30200
763004,"Nad, Sunabeda",18.74512,82.79810499999999,99,,19300,15900
482009,Vehicle Factory,23.20405,79.98052,99,,23700,19500
482051,Bargi,22.98228,79.85584,99,,23300,19200
761144,Konkarada,19.462065,84.673545,99,,18900,15500
682555,Kavaratti,10.56326,72.633525,99,,38400,31600
682041,AIMS Ponekkara,10.03629,76.2958,99,,59800,49400
141003,Millerganj,30.905795,75.93271,99,,41300,34000
141008,Central Post Office,30.95662,75.83381,99,,41300,34000
141101,Dakha Mandi,30.837125,75.66993,99,,41300,34000
632004,Vellore Fort,12.927785,79.12979,99,,34600,28500
632008,Shenbakkam,12.926975,79.117255,99,,34700,28600
630566,Eriyur,10.0438,78.50992500000001,99,,29600,24300
391152,Gadhboriad,22.079425,73.87123,99,,36100,29800
390016,Industrial Estate,22.33891,73.14825,99,,36200,29800
390022,Harni Colony,22.3647,73.23487,99,,36400,29900
403508,Aldona,15.596915,73.86305999999999,99,,52500,43300
764088,Turudihi,19.971035,81.93989,99,,12100,10000
764045,Malkangiri,18.394275,81.882015,99,,13600,11200
416806,Vijaydurg,16.51305,73.34203,99,,29400,24200
517425,Kuppam,12.74945,78.38556,99,,36000,29600
314035,Chitri,23.53447,73.94133,99,,18900,15500
314025,Sagwara,23.67426,73.99266,99,,18900,15600
314027,Khadagda,23.611175,73.960455,99,,19100,15700
761027,Humma,19.44223,85.088665,99,,18800,15500
761028,Rambha,19.540615,85.08407500000001,99,,18800,15500
761010,Chikiti,19.209695,84.62212,99,,18500,15300
759146,Igit Sarang,20.949885,85.256935,99,,19300,15900
851120,Bhagwanpur,25.57066,86.026015,99,,21100,17400
768036,Rajborasamber,21.02027,83.059935,99,,25600,21100
768039,Paikmal,20.896395,82.84589,99,,25600,21100
480994,Keolari,22.41742,79.95349,99,,18300,15100
480224,Harrai,22.581885,79.04838000000001,99,,30400,25100
583228,Ginigera,15.35804,76.30423,99,,27200,22400
583219,Huvinahadagali,15.000525,75.960305,99,,40000,32900
583222,Mariammanahalli,15.15966,76.35893,99,,39500,32500
851216,Parbatta,25.31003,86.70904999999999,99,,23700,19500
585216,Kembhavi,16.625805,76.59079,99,,14800,12200
584132,Turvihal,15.77342,76.546285,99,,25500,21000
768115,Gondturum,21.14265,83.83573,99,,25700,21100
768042,Jharbandh,21.04836,82.79178999999999,99,,25600,21100
768049,Jamla,21.06149,83.209885,99,,25600,21100
768050,Mandosil,20.829135,82.72975,99,,25600,21100
768034,Ghess,21.195395,83.30567500000001,99,,25600,21100
768035,Melchhamunda,21.10454,83.286595,99,,25600,21100
761100,Kukudakhandi,19.395615,84.738685,99,,18700,15400
481879,Shahpur,23.10688,80.99541500000001,99,,12100,10000
481665,Maharajpur,22.61941,80.25127499999999,99,,10900,9000
481551,Lamta,22.17378,80.16026500000001,99,,21700,17900
802302,Anaith,25.53189,84.65843000000001,99,,18900,15600
332317,Roru Badi,27.856065,74.89058,99,,30200,24900
391210,Kandari,22.08327,73.25156999999999,99,,36100,29700
585312,Kalgi,17.337699999999998,77.13713000000001,99,,18500,15200
761125,Badakodanda,19.99687,84.445385,99,,18700,15400
761131,Kullada,20.08117,84.707235,99,,18800,15500
761132,Mujjagada,20.054535,84.48256,99,,18700,15400
761133,Jillundi,19.88942,84.54155499999999,99,,18800,15500
761140,Tanarada,19.90996,84.61776,99,,18800,15500
761121,Jagannath Prasad,19.990815,84.815495,99,,18700,15400
761122,Nimina,19.721185,84.65086,99,,18900,15500
761052,Golabandha,19.23919,84.868325,99,,18700,15400
835213,Kuru,23.55027,84.80583,99,,19000,15600
413623,Malumbra,17.878045,75.97119,99,,32700,27000
524239,Kondapuram,14.9728,79.73161,99,,30100,24800
364250,Songadh,21.6905,71.87895,99,,28700,23600
517569,Pachikapallam,13.432825,79.33251999999999,99,,35800,29500
781031,Amingaon,26.1959,91.677665,99,,21900,18100
781025,Ambari Fatasil,26.144005,91.71987,99,,22300,18400
781014,Guwahati University,26.145165,91.65914,99,,22100,18200
632012,Saidapet,12.926895,79.14821,99,,34600,28400
632013,Konavattam,12.920585,79.10786,99,,34600,28500
841437,Kateya,26.5479,84.08032,99,,22600,18600
841234,Darauli,26.079895,84.13995,99,,23300,19200
680631,Ramavarmapuram,10.558225,76.24445499999999,99,,49200,40500
205262,Bhongaon,27.2564,79.19821999999999,99,,24600,20300
517588,Satyavedu,13.42657,79.917835,99,,36000,29600
680122,Edathirinji,10.333815,76.17526,99,,48300,39900
828128,Tundoo,23.78701,86.25096500000001,99,,33900,27800
827302,Kasmar,23.56105,85.92497,99,,25600,21100
635811,Thuthipattu,12.80626,78.66131999999999,99,,34300,28300
635801,Ambalur,12.68432,78.54436000000001,99,,34200,28200
632604,Erthangal,12.997695,78.77967,99,,34600,28500
632515,Tiruvalam,12.998425,79.262265,99,,34200,28200
221402,Parsipur,25.347845,82.64128,99,,16200,13300
632114,Sathyamangalam (Vellore)S.O,12.905245,79.04976,99,,34800,28600
851218,Suhird Nagar,25.445385,86.14973499999999,99,,21200,17400
852107,Dhabauli,25.819215,86.799635,99,,23000,18900
851212,Mohaddipur,25.422815,86.742395,99,,23800,19500
306504,Nana,24.89903,73.14002,99,,24800,20400
682030,Kakkanad,10.015235,76.352515,99,,60100,49600
682018,Ernakulam North,9.992285,76.27925,99,,60300,49600
416301,Ashte,16.95792,74.401885,99,,31100,25600
828125,Sonardih,23.7909,86.24367,99,,33800,27800
327606,Kalinjara,23.334405,74.308335,99,,18100,14900
328022,Baseri,26.734625,77.488005,99,,22600,18600
571405,V C Farm,12.580855,76.78711,99,,33700,27700
271603,Srinagar,27.26994,82.224625,99,,19000,15600
852137,Surpatganj,26.21079,87.02874,99,,21200,17500
852138,Tharbitta,26.22882,86.69275999999999,99,,21200,17500
391740,Chhani,22.379155,73.17733,99,,36600,30100
799156,Hrishyamukh,23.13208,91.555925,99,,36700,30200
582117,Mulgund,15.27645,75.51038,99,,24700,20400
582118,Mundargi,15.09363,75.817125,99,,24700,20400
244926,Modipur,28.779885,79.027975,99,,21000,17300
581117,Saunshi,15.19444,75.36765,99,,32800,27100
581108,Guttal,14.888365,75.64196,99,,22700,18700
151111,Ghtp Lehra Mohabbat,30.24913,75.16077,99,,34700,28600
151004,Bathinda Cantt,30.21524,75.01264,99,,34500,28400
332601,Baya,27.335695,75.31379000000001,99,,30700,25200
271504,Paraspur,27.012035,81.766975,99,,19000,15700
271601,Bishunpur Bairiya,27.16431,82.05061,99,,19000,15600
271602,Dhaneypur,27.23049,82.15295499999999,99,,19000,15600
271312,Gaura Chawki,27.034295,82.555515,99,,19000,15600
271319,Pure Shivdayal Ganj,26.858220000000003,82.21005500000001,99,,19000,15600
582203,Holealur,15.77085,75.63197500000001,99,,24700,20400
582205,Hulkoti,15.41424,75.514015,99,,24600,20300
582116,Lakshmeshwar,15.159425,75.49926500000001,99,,24700,20400
480112,Mohkhed,21.892585,78.776265,99,,30800,25400
802135,Simari,25.63606,84.12558,99,,18200,15000
802157,Gajrajganj,25.573085,84.539025,99,,18700,15400
271401,Belser,26.958695,81.90140500000001,99,,19000,15600
271402,Begamganj,26.89802,81.79944499999999,99,,19000,15700
271403,Tarabganj,26.897745,81.96525,99,,19100,15700
271502,Colonelganj,27.12808,81.71564000000001,99,,19000,15600
271503,Katra Bazar,27.24773,81.784,99,,19000,15600
147201,Nabha,30.408515,76.13362000000001,99,,28500,23400
147002,University,30.3535,76.445,99,,28100,23200
147003,D C W,30.34986,76.41396,99,,28600,23500
147005,Majithia Enclave,30.352395,76.30884,99,,28200,23200
781381,Baihata Chariali,26.3716,91.7468,99,,21900,18100
783133,Rajapara,26.08242,90.72956,99,,21300,17600
472445,Taricharkala,25.476195,78.85432,99,,14900,12300
799260,Panisagar,24.27495,92.183885,99,,31000,25600
834005,Hehal,23.383345,85.28059,99,,28600,23500
834008,Ranchi University,23.400915,85.314295,99,,28600,23500
835101,Chotamuri,23.392515,85.84349,99,,28300,23300
523227,Hanumanthunipadu,15.46567,79.392185,99,,33500,27600
835301,Itki,23.377545,84.96987999999999,99,,28500,23400
835303,Piskanagri,23.308745,85.167675,99,,28500,23500
147104,Chinarthal Kalan,30.52603,76.34603,99,,28000,23100
147105,Patran,29.924480000000003,76.09405000000001,99,,28200,23200
829110,Gola,23.55094,85.768955,99,,23000,19000
828401,Gomoh,23.868745,86.12805,99,,33800,27800
360570,Ranakandorana,21.66692,69.824355,99,,34100,28100
518385,Maddikera,15.29057,77.385025,99,,28800,23700
208008,Chakeri Aerodrum,26.406075,80.41889,99,,29300,24100
208003,Anwarganj,26.458295,80.330685,99,,29400,24200
208005,Hns Nagar,26.47169,80.298555,99,,29500,24200
834004,Dhurwa,23.28122,85.23472,99,,28600,23500
471318,Buxwaha,24.25606,79.31761,99,,14500,12000
473670,Manpura,25.313845,78.08797,99,,14100,11600
473770,Kolaras,25.07128,77.669545,99,,14100,11600
141108,Pakhowal,30.691025,75.70177,99,,41300,34000
829102,Barkakana,23.617435,85.48354499999999,99,,23300,19200
829103,Barkakana NTS,23.60228,85.44019499999999,99,,23500,19300
829106,Bhurkunda Bazar,23.63551,85.35379499999999,99,,23300,19200
829108,Giddi A,23.68289,85.366375,99,,23200,19100
209125,Sikandra,26.394945,79.6166,99,,22100,18200
141102,Dakha,30.873245,75.68779,99,,41300,34000
141103,Mohie,30.7997,75.705485,99,,41300,34000
141104,KCG Sudhar,30.78914,75.64206999999999,99,,41300,34000
141105,Sarabha,30.75668,75.683945,99,,41300,34000
141106,Halwara Aerodrome,30.74592,75.633075,99,,41300,34000
141107,Halwara,30.71747,75.62908999999999,99,,41300,34000
577597,Belagur,13.66378,76.304085,99,,31400,25900
209801,Unnao,26.587395,80.451215,99,,18500,15200
209729,Sikanderpur,27.12712,79.588865,99,,18300,15100
305007,Gc Road Ajmer,26.455035,74.659065,99,,29100,23900
521002,Chilakalapudi,16.239345,81.19502499999999,99,,39100,32200
521003,Chintaguntapalem,16.094929999999998,81.106415,99,,39300,32300
518598,Rangapuram,15.42024,78.089055,99,,28800,23700
305601,Nasirabad,26.231205000000003,74.83930000000001,99,,28800,23700
305406,Junia,26.095085,75.16023,99,,28800,23700
571605,Akkihebbal,12.59423,76.41285500000001,99,,33200,27300
571478,Kottatti,12.46568,76.900525,99,,33600,27700
571416,Basaralu,12.677555,76.809595,99,,33500,27600
580028,Hubli Mv Galli,15.227255,75.19,99,,33200,27300
522439,Vijayapuri South,16.543685,79.281345,99,,35700,29300
523187,Vetapalem,15.75612,80.32143500000001,99,,33500,27600
360576,Porbandar Birla Sagar,21.516035,69.77982499999999,99,,34500,28400
673592,Sulthan Bathery,11.694635,76.30828500000001,99,,29800,24500
144529,Saila Khurd,31.296885,76.08120500000001,99,,36300,29900
144417,Aur,31.04831,75.99137999999999,99,,37500,31000
144407,Domeli,31.319915,75.789445,99,,37600,31000
784115,Kharupetiaghat,26.5458,92.178565,99,,23500,19300
783376,Choraikhola,26.358455,90.373485,99,,20100,16600
470675,Narsingarh,23.9967,79.3786,99,,17000,14000
470775,Hatta,24.230975,79.61683500000001,99,,17100,14100
470666,Pathariya,23.91874,79.202155,99,,17300,14300
673524,Meppayur,11.54916,75.7128,99,,40100,33000
305202,Kharwa,26.19468,74.433595,99,,28700,23600
673011,Nadakavu,11.27052,75.77076500000001,99,,40100,33000
670641,Ponniam West,11.774909999999998,75.53114,99,,35100,28800
522508,Namburu,16.378065,80.52417,99,,35700,29300
522509,Pedakakani,16.31784,80.518855,99,,35400,29200
522409,Atchampet,16.712584999999997,80.1263,99,,35500,29200
322251,Mandrail,26.31923,77.18394,99,,44400,36500
141114,Samrala,30.833815,76.19978,99,,41300,34000
522317,Stuvartpuram,15.886805,80.419675,99,,35200,29000
670581,Chepparapadava,12.1717,75.41257999999999,99,,34500,28500
670591,Eachur,11.922405,75.44208,99,,35000,28800
521325,Mudinepalli,16.41855,81.117805,99,,39200,32300
521326,Rudrapaka,16.531215,81.114375,99,,39200,32300
209862,Magarwara,26.485085,80.424005,99,,18200,15000
673582,Omasseri,11.365405,75.96989500000001,99,,40200,33000
125104,Mandi Dabwali,29.89654,74.732045,99,,40200,33100
852139,Triveniganj,26.150895,86.899365,99,,21600,17700
852201,Saharsa,25.88191,86.592305,99,,22500,18600
392165,Pakhajan,21.7921,72.680655,99,,30300,25000
141109,Raekot,30.649655000000003,75.619065,99,,41300,34000
141110,Hambran,30.927735,75.65214,99,,41300,34000
141112,Kohara,30.887485,76.02188000000001,99,,41300,34000
141113,Katani Kalan,30.887435,76.09496,99,,41300,34000
577598,Hiriyur,13.860965,76.62182,99,,31700,26100
271123,Khorasha,27.059705,81.992865,99,,18800,15500
797111,Wokha,26.15203,94.186635,99,,31000,25500
466661,Doraha,23.41008,77.186415,99,,24000,19700
466665,Ahmedpur,23.53383,77.2284,99,,23800,19600
465449,Soyat Kalan,24.189755,76.17126,99,,18200,15000
799142,Muhuripur,23.24268,91.599465,99,,36600,30100
799045,Birendranagar,23.833835,91.48759,99,,42200,34800
110095,Jhilmil,28.67872,77.31717,99,,50800,41900
574116,Shirva,13.232295,74.84037000000001,99,,32100,26500
396035,Valsad I.E.,20.627455,72.98158000000001,99,,31400,25900
574113,Pilar,13.17919,74.815955,99,,32100,26500
395009,Navyug College,21.198675,72.78634500000001,99,,42300,34800
D580844,"Amravati, Maharashtra · D580844",21.1545412,77.6442962,99,,34100,28100
396065,Nanivahiyal,20.446545,73.18824000000001,99,,31900,26200
795135,Pallel,24.455275,94.18849,99,,25900,21300
247778,Un,29.618095,77.230325,99,,28100,23200
572214,Chikkanayakana Halli,13.40864,76.666375,99,,30800,25400
251002,Muzaffar Nagar City,29.499755,77.72598500000001,99,,28300,23300
251003,Industrial Estate,29.42279,77.71786499999999,99,,28300,23300
573164,Lalanakere,13.127975,76.322495,99,,32800,27000
573201,Hassan,12.992675,76.110555,99,,33100,27200
573133,Ramanathapura,12.59735,76.089415,99,,33100,27200
251319,Sisauli,29.397625,77.44665499999999,99,,28300,23300
461110,Powarkheda,22.68248,77.755795,99,,20900,17200
445209,Issapur,19.739065,77.43355,99,,24800,20400
790102,Seppa,27.557781,93.0753012,99,,38100,31400
456440,Mehidpur  Road,23.5938,75.5709,99,,25600,21100
247774,Kairana,29.413015,77.197115,99,,28100,23200
247775,Kandhala,29.338235,77.27694,99,,28100,23200
247776,Shamli,29.46667,77.30783,99,,28100,23200
247777,Thanabhawan,29.568595,77.39794499999999,99,,28100,23200
141121,Behlolpur,30.90978,76.28375,99,,41400,34000
141122,Jaspal Banger,30.82726,75.90732,99,,41300,34000
141123,Ramgarh,30.893895,75.962915,99,,41300,34000
141125,Kakrala Kalan,30.858245,76.27664999999999,99,,41400,34000
141126,Sri Bhaini Sahib,30.926285,76.105715,99,,41300,34000
797101,Peren,25.39293,93.62931,99,,34100,28000
796691,Zotlang,23.015245,92.793615,99,,44600,36700
458110,Manasa,24.55856,75.177155,99,,20800,17100
624301,Chinnalapatti,10.27483,77.90283,99,,33600,27700
624302,Gandhigram,10.26186,77.930325,99,,33700,27700
624304,Sanarpatti,10.27713,78.068005,99,,33900,27800
534145,Madhavaram,16.881045,81.571355,99,,35200,29000
387340,Mahisa,22.852915000000003,73.04807,99,,40500,33400
734426,Kamala Bagan,26.57736,88.281665,99,,32800,27000
734429,Naksalbari,26.653665,88.22106,99,,32900,27100
734221,Sukhiapokhari,27.092565,88.09561,99,,32900,27100
700099,Mukundapur,22.493615,88.40255,99,,46800,38500
700075,Santoshpur,22.4935,88.38647,99,,46800,38500
700078,Haltu,22.50515,88.389965,99,,46800,38500
700080,Mall Road,22.628515,88.42643000000001,99,,46700,38400
700082,Haridevpur,22.47682,88.33288,99,,46300,38200
700085,K.G Bose Sarani,22.567680000000003,88.38349500000001,99,,46700,38400
700086,Baghajatin,22.480115,88.38184,99,,46400,38200
507306,Dammapeta,17.302725000000002,80.9813,99,,32100,26500
453001,Betma,22.70905,75.64703,99,,46000,37900
453115,Depalpur,22.861515,75.561095,99,,46100,38000
451225,Piplya Buzurg,22.228875,75.87196,99,,32300,26600
451228,Kasrawad,22.066545,75.64202,99,,32600,26800
450661,Pandhana,21.60493,76.179085,99,,25100,20600
125101,Chautala,29.7988,74.554145,99,,40800,33500
700094,Panchasayar,22.476405,88.39926,99,,46500,38200
700095,Golf Green,22.496445,88.35893999999999,99,,46800,38500
795134,Nambol,24.70263,93.7926,99,,25500,21000
445307,Sindhola Mines,19.831495,79.014815,99,,24800,20400
445308,Wadki,20.258945,78.68047999999999,99,,24600,20300
450221,Nepanagar,21.497535,76.49414999999999,99,,24600,20300
793108,Cherrapunjee,25.329955,91.728655,99,,39800,32800
453220,Gautampura,22.99895,75.57039,99,,46100,38000
453551,Sanwer,22.94008,75.79035,99,,46100,38000
452016,Indore Kanadia Road,22.715465,76.05991499999999,99,,46000,37900
D929596,"Barwani, Madhya Pradesh · D929596",21.7514248,74.8915957,98,,33600,27700
203407,Lakhaoti,28.543075,77.95919,98,,20800,17200
203408,Gulaothi,28.55142,77.81301500000001,98,,20800,17200
D591824,"Ananthapur, Andhra Pradesh · D591824",14.5300827,77.6671997,98,,33600,27800
D656917,"Bhavnagar, Gujarat · D656917",21.5656705,71.9077622,98,,33500,27700
635121,Veppanapalli,12.72806,78.14679000000001,98,,35300,29200
221311,Rajatalab,25.248255,82.86379500000001,98,,20400,16800
761008,Golanthara,19.222625,84.74287000000001,98,,18400,15200
761200,Parlakhemundi,18.775495,84.0918,98,,25500,21000
761201,Station Road Paralakhemundi,18.818815,84.07953,98,,25100,20700
632405,Mukundarayapuram,13.004305,79.31227000000001,98,,33900,28000
632406,Bhel Ranipet,12.97401,79.29246,98,,33700,27900
761143,Karachulli,19.864615,84.88382,98,,18200,15100
517113,Kallur,13.570275,79.013865,98,,35000,28900
110094,"North East, Delhi",28.723308,77.2668565,98,,49900,41300
686011,Puthupalli,9.55235,76.57849999999999,98,,49000,40400
685505,Upputhara,9.725665,76.99819,98,,46600,38500
517417,Chembakur,13.39795,78.42476500000001,98,,34900,28900
574106,Kaup,13.226905,74.769215,98,,31500,26000
203390,Anupshahr,28.347695,78.221245,98,,20800,17200
203391,KSC Mill  Anupshahr,28.335565,78.12106499999999,98,,20800,17200
203392,Danpur,28.22271,78.14676499999999,98,,20800,17200
203393,Debai,28.20015,78.284015,98,,20800,17200
203394,Jahangirabad,28.399755,78.11437000000001,98,,20800,17200
203395,Shikarpur,28.284215000000003,78.01625,98,,20800,17200
203396,Pahasu,28.165005,78.06173000000001,98,,20800,17200
761215,Garabandha,18.8517,84.292625,98,,25100,20800
221313,Kachhwa Road,25.27448,82.70933500000001,98,,20400,16800
761210,Gurandi,18.811645,84.23724,98,,25300,20900
761211,Uppalada,18.83243,84.164425,98,,25200,20800
630309,Pulidipatti,10.336515,78.435095,98,,28900,23900
630408,Tiruvegampet,9.82306,78.786445,98,,28900,23900
762106,Sarangada,20.18406,84.152785,98,,16200,13400
631003,Jothinagar,13.12582,79.66388,98,,33400,27600
630702,Ilayangudi,9.61364,78.61533,98,,29000,24000
764044,Mathili,18.572735,82.17072999999999,98,,13300,11000
764047,Kalimela,18.110445,81.748085,98,,13300,10900
630557,Okkur,9.932659999999998,78.51872,98,,29200,24100
630558,Paganeri,9.960535,78.58549,98,,28700,23800
205267,Sultanganj,27.346385,79.116885,98,,24300,20100
688541,Pallippuram,9.73832,76.36110500000001,98,,47100,38900
680590,Kumaranellur TC,10.686945,76.23749000000001,98,,47700,39400
247343,Titron,29.668895,77.329085,98,,25700,21300
396155,Sarigam,20.295165,72.851115,98,,31100,25700
396235,Naroli,20.244945,72.94901,98,,31100,25700
247231,Chilkana,30.112025,77.47755000000001,98,,25700,21300
515531,Kondakamarla,14.075665,77.95026,98,,34100,28200
630710,Salaigramam,9.632775,78.75159,98,,29100,24000
630713,Suranam,9.70135,78.72576000000001,98,,28900,23900
630559,Periakottai,9.796465,78.40728,98,,28700,23800
630561,Sivaganga,9.84854,78.506115,98,,29000,24000
635810,Pernambut,12.94718,78.7097,98,,33600,27800
635754,Jaffarabad,12.73442,78.608755,98,,34000,28100
630211,Tirupattur,10.111425,78.54761500000001,98,,28800,23900
630210,Tirukoshtiyur,10.06763,78.56514,98,,28800,23800
627420,Manjolai,8.602,77.33303000000001,98,,35400,29300
627809,Sengottai,8.96864,77.22907000000001,98,,36000,29700
630201,A.Thekkur,10.183665,78.529575,98,,28700,23800
627425,Vickramasingapuram,8.70156,77.29774,98,,35500,29400
627427,Nalumukku,8.565065,77.33082999999999,98,,35600,29500
764049,Anchalgumma,19.346665,82.66193,98,,12000,9900
759028,Kankadahad,21.06402,85.423495,98,,19000,15700
484770,Gohparu,23.557515,81.4224,98,,22900,18900
484334,Kotma,23.351355,81.968,98,,20600,17000
484336,Kotma Colliery,23.14033,81.968955,98,,20500,16900
484444,Jamuna Colliery,23.14554,81.93148,98,,20700,17100
626134,Chettikurichi,9.43323,78.092195,98,,31100,25700
626135,Srivilliputhur Court Complexe,9.494555,77.649805,98,,31000,25600
758081,Machhagarh,21.640425,86.02761,98,,23100,19100
484113,Venkatnagar,22.97969,81.850405,98,,20400,16900
484224,Anuppur,23.22651,81.710035,98,,20700,17100
757003,Takatpur,21.94458,86.749675,98,,21100,17400
758028,Harichandanpur,21.27152,85.707005,98,,23100,19100
486002,Rewa Engineering College,24.561265,81.32050000000001,98,,25300,20900
758041,Champua,22.05277,85.67758,98,,23100,19100
758047,Remuli,22.013505,85.5644,98,,23100,19100
481664,Ghughri,22.6289,80.72753,98,,10800,9000
481668,Pindrai,22.542045,80.1368,98,,10700,8900
626119,Sankaralingapuram,9.519255,77.88952,98,,31200,25800
852220,Udakishunganj,25.67115,86.92491,98,,22300,18400
262701,Kheri,27.99313,80.69792,98,,19700,16300
392040,Tankari,21.995655,72.62179,98,,29700,24500
689107,Muthoor,9.407485,76.56108,98,,49300,40700
392015,Narmada Nagar,21.731165,72.990185,98,,29500,24400
206131,Udi,26.71273,78.90999500000001,98,,17800,14700
689103,Kuttapuzha,9.409165000000002,76.58084500000001,98,,49000,40500
480447,Chandametta,22.186255,78.722325,98,,29900,24700
755027,Arei,20.75486,86.37850499999999,98,,18700,15500
767022,Agalpur,21.025815,83.37671,98,,25500,21100
625540,Odaipatti,9.816635,77.441335,98,,38500,31900
625579,Kadamalaikundu,9.691375,77.50795500000001,98,,39300,32400
486441,Baikunthpur,24.71463,81.423575,98,,25300,20900
531081,Nakkapalle,17.376784999999998,82.694705,98,,41800,34500
625521,Kamayakoundanpatti,9.728295,77.329745,98,,38800,32100
625526,Royappanpatti,9.75999,77.345215,98,,38800,32100
221204,Baragaon,25.414405,82.81996000000001,98,,20100,16700
221307,Mirzamurad,25.287185,82.777925,98,,20300,16800
486896,"Singrauli, Madhya Pradesh · 486896",24.2431343,82.3827672,98,,33800,27900
524302,Anantasagaram,14.60657,79.35871499999999,98,,29300,24200
221305,Jakhini,25.203345,82.83968,98,,20400,16800
222181,Thanagaddi,25.5957,82.916425,98,,19000,15700
172106,Sangla,31.290535,78.599255,98,,37500,31100
173001,Nahan,30.576775,77.37648,98,,28500,23500
754145,Ppl Township,20.268395,86.62937,98,,19200,15900
754120,Atharbanki Rly Colony,20.30589,86.652565,98,,19100,15800
151005,Bathinda City,30.16695,74.87233,98,,33900,28000
148027,Pakki Khanauri,29.79677,76.02586,98,,31300,25900
781037,Panjabari,26.141535,91.83777,98,,21600,17900
770011,"Sundargarh, Odisha",22.0605153,83.9359154,98,,33200,27500
781013,Jalukbari,26.144645,91.65857,98,,21700,18000
781325,Pathsala,26.51726,91.16593,98,,21300,17600
781328,Baghmarabazar,26.61938,91.16859,98,,21400,17700
480105,Mohgaon Haveli,21.695125,78.69163499999999,98,,30000,24800
577517,Turuvanur,14.35538,76.45506499999999,98,,30800,25500
271122,Kauria,27.258015,81.89409,98,,18600,15400
851133,Teghra,25.53003,85.93848,98,,20500,17000
852106,Chapraon,25.739615,86.50156,98,,22100,18300
390018,Karelibaug,22.32106,73.19717,98,,35700,29500
390021,T B Sanatorium,22.317485,73.14383,98,,35100,29100
396185,Udvada R.S.,20.45911,72.915745,98,,30800,25500
391150,Naswadi,21.995715,73.80646999999999,98,,35200,29200
151103,Rampura Phul,30.228695,75.2349,98,,33600,27800
781127,Nagarbera,26.11299,91.010645,98,,21600,17900
624617,Keeranur,10.573885,77.497705,98,,32500,26900
283141,Shikohabad RS,27.01078,78.56498,98,,19600,16200
283151,Sirsaganj,27.06668,78.692855,98,,19500,16100
503224,Armoor,18.79097,78.28816,98,,21600,17900
523157,Perala,15.836005,80.376835,98,,32600,26900
523165,Jandrapet,15.807265,80.33559,98,,32500,26900
522549,Satuluru,16.223025,80.115625,98,,34800,28700
522612,Durgi,16.40838,79.539265,98,,34700,28600
523181,Kadavakuduru,15.73625,80.225505,98,,32500,26900
523168,Karamchedu,15.90702,80.35203000000001,98,,32600,27000
522510,Nagarjuna Nagar,16.379669999999997,80.52442500000001,98,,34600,28600
473585,Bamorkalan,24.967795,78.189805,98,,13700,11400
147001,Patiala,30.32731,76.386935,98,,27400,22700
147004,Govt. Printing Press,30.448515,76.43946500000001,98,,27500,22700
147006,RGNUL Punjab Patiala,30.424975,76.335195,98,,27900,23100
147021,Guruteghbahadurgarh,30.368545,76.50274999999999,98,,27400,22700
781338,Solmara,26.379330000000003,91.29437,98,,23400,19400
147202,Bhadson,30.50093,76.19429,98,,27600,22800
689582,Kaviyoor,9.4068,76.608835,98,,48500,40100
689586,Ezhumattoor,9.421,76.71471,98,,48600,40200
689587,Keezhvaipur,9.431435,76.677435,98,,49300,40700
689590,Veliyanadu,9.44642,76.468965,98,,46800,38700
689597,Thuruthicaud,9.418165,76.657095,98,,48500,40200
403115,Cundaim I.E.,15.47174,73.97063,98,,48300,39900
391168,Panvad,22.19913,74.02689,98,,35400,29300
689592,Perumpatty,9.42956,76.75459000000001,98,,49100,40600
580024,Old Hubli,15.27814,75.092615,98,,32100,26600
571477,Ganjam,12.39648,76.71682999999999,98,,32900,27200
391170,Kawant,22.025295,74.03443,98,,35400,29300
580005,Dharwad U A S,15.51538,74.97498999999999,98,,32500,26800
580011,Dharwad High Court,15.528325,74.88918000000001,98,,32200,26600
281406,Chaumuhan,27.633333,77.583333,98,,26200,21700
783132,Jaleswar,26.051895,90.20263,98,,21000,17400
781382,Soneswar,26.337525,91.62397,98,,21900,18000
473775,Pohari,25.5211,77.296825,98,,13800,11400
783126,Krishnai,26.00343,90.62245,98,,21100,17400
472101,Mohangarh,24.9749,78.74202,98,,14700,12100
782480,Bokajan,26.08722,93.781655,98,,17400,14400
173029,Sataun,30.60375,77.653075,98,,28400,23500
470337,Karrapur,23.95797,78.880235,98,,19900,16400
743438,"Hugli, West Bengal",22.7483803,88.7425195,98,,33400,27600
744202,"North  & Middle Andaman, Andaman &Nicobar",13.2277144,92.9394925,98,,33100,27400
744207,"South Andaman, Andaman &Nicobar",10.7056905,92.4874679,98,,33200,27500
534215,Venkatrayapuram,16.73636,81.67459500000001,98,,35000,28900
470669,Shahpur Magrone,23.898715000000003,79.05385000000001,98,,19600,16300
621210,Mettupalayam,11.17092,78.42947000000001,98,,33800,28000
783350,Kachugaon,26.641235,90.02281500000001,98,,19800,16400
470227,Rehli,23.57356,79.167705,98,,20000,16500
622102,Illuppur,10.53582,78.621055,98,,25000,20600
622204,Yembal,10.01157,79.00125,98,,24700,20400
621219,Yesanai,11.298305,78.824975,98,,25500,21100
535006,Denkada,18.097475,83.45845,98,,30500,25300
689711,Ranny Perinad,9.380505,76.86905,98,,48900,40500
689675,Ettichuvadu,9.42214,76.779435,98,,49400,40800
388450,Petlad,22.49405,72.81848,98,,39800,33000
403515,Candolim,15.511295,73.77311,98,,51700,42800
403530,Onda I.E.,15.53122,74.07362,98,,51700,42700
680301,Pudukad,10.42563,76.261845,98,,47100,39000
689602,Puthusserry South,9.42546,76.636795,98,,49100,40500
581101,Adur,14.794045,75.23695000000001,98,,22200,18400
621730,Cement Nagar Dalavoy,11.365655,79.190905,98,,29400,24300
641045,Ramanathapuram Coimbatore,10.998175,76.98950500000001,98,,51700,42800
641046,Bharathiyar University,11.039375,76.867305,98,,52300,43100
742169,"Murshidabad, West Bengal · 742169",24.2904032,88.366432,98,,33500,27700
641035,Saravanampatti,11.08834,76.989405,98,,52400,43200
641021,Coimbatore Industrial Estate,10.928875,76.987545,98,,52000,43000
504002,Dasnapur Colony,19.644525,78.61106000000001,98,,23400,19300
144419,Dayalpur,31.047555,75.881755,98,,36900,30500
621314,Thuvarankurichi,10.384315,78.35885,98,,34400,28400
621315,Vaiyampatti,10.56888,78.250135,98,,34400,28400
621651,Kallakudi TR,11.01049,78.910735,98,,34200,28200
621701,Ambapur,11.046845,79.237065,98,,29500,24400
465697,Sarangpur,23.675695,76.568955,98,,20500,17000
621216,Bikshandarkoil,10.883825,78.69535,98,,34200,28300
621217,Thandalaiputhur,11.00442,78.52036,98,,34300,28400
621702,Ambil,10.88366,78.88944000000001,98,,34100,28200
621703,Angarai,10.87208,78.89118500000001,98,,34100,28200
621305,Kovilpatti,10.480725,78.46424999999999,98,,34200,28300
621308,Palakurichi,10.43046,78.52241000000001,98,,34500,28500
621310,Puthanatham,10.471635,78.370075,98,,34400,28400
621211,Musiri,10.99128,78.45991000000001,98,,33900,28100
621213,Sirugambur,10.917675,78.619985,98,,34000,28100
621215,Thottiam,11.028225,78.30588,98,,34400,28400
518442,Pamulapadu,15.82989,78.49357499999999,98,,28500,23500
176601,Dulehar,31.341035,76.22458,98,,38700,32000
581202,Bankapur,14.9021,75.27613,98,,22300,18400
690508,Keerikad,9.219395,76.48656,98,,47200,39000
690504,Nooranad,9.163585,76.66221,98,,47300,39000
132023,S.S. Kunjpura,29.733485,77.064395,98,,30600,25300
581212,Tadas,15.112915,75.11255,98,,22300,18400
581118,Savanur,14.9762,75.38571999999999,98,,22400,18500
581120,Tilavalli,14.6438,75.26155,98,,22200,18300
621202,Ayyampalayam,10.93965,78.49988,98,,34500,28500
534328,Peravali,16.72841,81.739905,98,,35000,28900
621107,Kurumbalur,11.24802,78.80094,98,,25500,21000
466446,Rehti,22.82351,77.59304499999999,98,,23100,19100
621108,Labbaikudikadu,11.37502,79.040785,98,,25700,21200
621113,Siruvachur,11.177145,78.902065,98,,25600,21200
621116,Veppanthattai,11.372325,78.83113,98,,25700,21200
621117,V.Kalathur,11.415775,78.901855,98,,25700,21200
212663,Bahua,25.80965,80.629745,98,,18700,15400
212654,Jamraon,26.02082,81.005385,98,,18700,15400
212659,Kora Jahanabad,26.084365,80.374705,98,,18700,15500
212651,Husainganj,25.992085,80.95242999999999,98,,18400,15300
464111,Shamshabad,23.865055,77.48308499999999,98,,21600,17900
464220,Gulabganj,23.71425,77.95443499999999,98,,21700,18000
465337,Kalapipal,23.302325,76.86992000000001,98,,17600,14600
465441,Agar Malwa,23.727465,76.009525,98,,17600,14600
464240,Bamora R.S,24.022825,78.12352,98,,21700,17900
464331,Gyaraspur,23.634975,78.185305,98,,21600,17900
465227,Salsalai,23.48625,76.556,98,,17600,14600
785110,Majulibongaon,27.02338,94.398905,98,,29200,24100
313322,Khamnore,24.901595,73.63619,98,,20200,16700
387380,Vaso,22.64073,72.718445,98,,39700,32900
387540,Navagam,22.78835,72.578745,98,,39900,32900
244923,Bilaspur Chini Mill,28.915125000000003,79.34731,98,,20500,17000
313203,Mavli Jn.,24.81923,73.987005,98,,29100,24000
313205,Fatehnagar,24.81194,74.08283,98,,29000,24000
313003,Udaipur Industrial Area,24.487985,73.81654,98,,28500,23600
313004,Udaipur,24.597115,73.675635,98,,28500,23600
388365,Sarsa,22.537,73.108295,98,,40200,33200
387355,Piplag,22.65164,72.85260500000001,98,,39900,33000
690505,Charumoodu,9.171855,76.591935,98,,47300,39000
679337,Kulukkallur,10.88049,76.22762,98,,36500,30200
212206,Karari,25.464565,81.397695,98,,15200,12600
212217,Sirathu,25.62985,81.31381999999999,98,,15400,12700
461990,Bankhedi,22.803015,78.55333999999999,98,,20400,16900
144037,Pasla,31.094045,75.67867,98,,37500,30900
461111,Itarsi,22.492690000000003,77.83845500000001,98,,20400,16900
461115,NYC Itarsi,22.547475,77.70217500000001,98,,20600,17000
212201,Bharwari,25.560425,81.49891500000001,98,,15300,12600
464226,Khamkheda,23.56654,77.640495,98,,21800,18000
464228,Sironj,24.14035,77.699775,98,,21900,18000
791002,Yingkiong,28.7312046,95.0377315,98,,34300,28300
458113,Mahagarh,24.37967,75.2324,98,,20300,16800
453771,Manglia,22.866445,75.96007,98,,45900,37900
456668,Makdone,23.477825000000003,76.08364,98,,25500,21000
452013,Indore Cat,22.672985,75.79840999999999,98,,45600,37700
452014,Khatiwala Tank,22.693845,75.85788,98,,45200,37400
452015,Industrial Estate,22.76022,75.85446,98,,45500,37600
452018,Indore Tillaknagar,22.720795,75.89729,98,,45400,37500
452020,Kasturbagram,22.60169,75.978855,98,,45700,37700
453111,Hatod,22.81878,75.791285,98,,45900,37900
453112,Gandhinagar,22.751245,75.77479500000001,98,,45800,37800
451770,Pansemal,21.66619,74.778355,98,,25500,21100
791119,Ranga Nadi Project,27.2863667,93.6187716,98,,38900,32200
452009,Sudama Nagar,22.688105,75.81128000000001,98,,45600,37600
582119,Naregal,15.57126,75.84045499999999,98,,24200,20000
582120,Shiratti,15.21183,75.65075,98,,24400,20200
582207,Nargund,15.747995,75.44468,98,,24300,20100
844111,Aniruddha Belsar,25.99585,85.21283,98,,24600,20300
844126,Singhara,25.7491703,85.3972164,98,,24300,20100
370630,Daypar,23.61315,68.8905,98,,29300,24200
370655,Naliya,23.42754,68.709805,98,,28800,23800
384003,Mahesana Ongc Colony,23.567055,72.36877,98,,25600,21100
791121,Kimin,27.435895,94.05199,98,,50200,41500
452011,Nanda Nagar,22.741385,75.88608500000001,98,,45300,37500
451331,Bhikangaon,21.90434,75.96855,98,,32000,26400
451001,Khargone,21.888150000000003,75.625095,98,,31800,26300
794102,Baghmara,25.347969,90.5657773,98,,21400,17700
445303,Maregaon Road,20.124165,78.78409500000001,98,,24000,19800
794115,Ampati,25.473835,89.951075,98,,23700,19600
793121,Mawphlang,25.41537,91.654255,98,,39500,32600
451441,Bistan,21.591905,75.72286,98,,32100,26500
451449,Julwania,21.876595,75.246905,98,,25800,21300
453331,Rao,22.623115,75.783245,98,,45600,37700
453441,Mhow,22.487705,75.762085,98,,45700,37800
453446,Rasalpura,22.590145,75.78556499999999,98,,45500,37600
453555,Shri Aurobindo,22.818495,75.857575,98,,45800,37800
453556,IIM CAMPUS RAO,22.62114,75.76952,98,,45600,37700
452012,Rajendra Nagar,22.66087,75.839765,98,,45500,37600
370605,Kotda-N,23.81581,69.100915,98,,28800,23800
370610,Manjal,23.250845,69.3613,98,,28900,23900
365456,Vaghaniya,21.578695,70.95194000000001,98,,21200,17600
370615,Nakhatrana,23.308605,69.25052500000001,98,,28800,23800
370660,Tera,23.293895,68.949145,98,,28800,23800
582210,Shigli,15.03896,75.53065,98,,24200,20000
582211,Sudi,15.77602,75.85072500000001,98,,24200,20000
583101,Bellary,15.13193,76.945465,98,,38800,32100
582209,Ron,15.72211,75.73049499999999,98,,24400,20100
581359,Yellapur,14.968555,74.709,98,,30600,25300
384272,Sariyad,23.94911,71.99738500000001,98,,19900,16500
521402,Vatsavai,16.97739,80.23147,98,,38500,31800
796012,Ramhlun,23.746735,92.72604,98,,43400,35900
210504,Khanna,25.54253,80.098355,98,,21200,17500
175032,Chauntra,32.00234,76.72054,98,,32500,26900
175037,Cholthra,31.717855,76.698385,98,,32500,26900
610204,Tirukuvalai,10.621165,79.73436,98,,29100,24000
796111,Darlawn,24.198825,92.9453,98,,43600,36100
795129,Kangpokpi,25.17846,93.926755,98,,21800,18000
609310,Tillaiyadi,11.037145,79.79273,98,,29100,24000
609314,Vadakarai,11.077295,79.69454999999999,98,,29100,24000
795145,Litan,24.805215,94.403445,98,,35600,29400
796008,Armed Veng,23.733535000000003,92.728595,98,,43400,36000
610201,Kachanam,10.62926,79.66796,98,,29000,24000
442101,Deoli,20.57955,78.480145,98,,28000,23100
796161,Thingsulthliah,23.56889,92.87024,98,,43600,36100
796190,Aibawk,23.46732,92.732115,98,,43600,36100
175026,Tihra,31.75632,76.65948,98,,32600,27000
322213,Gudhachandraji,26.79249,76.666515,98,,43300,35800
322220,Shrimahaveerji,26.69585,76.86207,98,,42700,35400
442302,Pulgaon,20.820015,78.33278,98,,27800,23000
734223,Tindharia,26.84512,88.355805,98,,32100,26600
734226,Rangli Rangliot,27.016615,88.37784500000001,98,,32100,26600
515201,Hindupur,13.82725,77.499955,98,,33900,28100
695008,Vallakkadavoo,8.46701,76.92775,98,,59800,49400
695010,Sasthamangalam,8.5125,76.96813,98,,59700,49400
370160,Bhimasar,23.54013,70.86219,98,,28800,23800
370165,Rahpar,24.052955,70.717065,98,,28800,23800
370201,Gandhidham,23.06167,70.13131,98,,28900,23900
412804,Bavadhan,17.906080000000003,73.885955,98,,32500,26900
412806,Mahabaleshwar,17.82716,73.67122499999999,98,,32400,26800
370115,New Dudhai,23.3003,70.07663500000001,98,,29300,24200
843323,Manikchowk,26.48571,85.50971000000001,98,,19300,15900
843126,Saraiya Factory,26.043135,85.162515,98,,24300,20100
843301,Sitamarhi,26.556135,85.523525,98,,19300,15900
370140,Bhachau,23.3977,70.33975000000001,98,,28800,23800
370150,Samkhiyali,23.26674,70.594415,98,,28800,23800
843103,Bochaha,26.17981,85.52716000000001,98,,24300,20100
370203,Udaynagar,23.070905000000003,70.11851999999999,98,,28900,23900
370230,Kandla Free Trade Zone,23.028485,70.13881,98,,28900,23900
370240,Gopalpuri,23.152415,70.16011499999999,98,,28800,23900
734215,Nagrispur,26.92227,88.20415,98,,32500,26800
799007,Dhaleswar,23.83808,91.29863,98,,41600,34400
799008,Khayerpur,23.87676,91.366255,98,,41500,34400
799009,Agartala Aerodrome,23.888725,91.255845,98,,41500,34400
799010,Agartala Secretariat,23.86806,91.287195,98,,41600,34400
799012,Salbagan,23.89873,91.28561,98,,41500,34400
734423,Belgachi,26.777565000000003,88.235535,98,,32000,26500
143532,Behrampur,32.138785,75.41143,98,,36200,29900
799002,Ramnagar,23.851645,91.260605,98,,41600,34400
799003,Arundhutinagar,23.79667,91.26018,98,,41600,34400
799004,Agartala College,23.790005,91.33621,98,,41600,34400
799005,Abhoynagar,23.846255,91.29112,98,,41700,34400
799006,Kunjaban,23.862995,91.29255,98,,41600,34400
325223,Atone,24.768015,76.520185,98,,22600,18700
798601,Mokokchung,26.3261,94.47107,98,,41500,34200
798613,Chantongia,26.532855,94.69952,98,,40800,33700
798614,Chuchuyimlang,26.43009,94.659485,98,,41400,34200
798615,Impur,26.444555,94.568725,98,,40700,33700
798618,Tuli,26.604915,94.693425,98,,41200,34000
313603,Bhinder,24.54647,74.136885,98,,28500,23600
362640,Sardargadh,21.588325,70.179175,98,,28300,23400
313701,Phalasia,24.228685,73.32464999999999,98,,28500,23600
413405,Yedshi,18.292725,75.97815,98,,32400,26700
583283,Kanakgiri,15.572035,76.40631,98,,26500,22000
362565,Dhokadva,20.94736,71.09229500000001,98,,28400,23500
799201,Khowai,24.116555,91.615975,98,,41700,34500
799014,Agartala ONGC,23.791765,91.269605,98,,41700,34400
799022,Tripura University,23.756145,91.24929,98,,41700,34500
799035,Ranirbazar,23.83786,91.400075,98,,41900,34600
799202,Khowai Court,24.061325,91.610975,98,,41700,34500
799203,Kalyanpur,23.9182,91.59045,98,,41700,34500
609003,Mayiladuthurai R.S,11.09713,79.617185,98,,28700,23800
609101,Achalpuram,11.342805,79.79045500000001,98,,28800,23800
799115,Melaghar,23.52232,91.32771,98,,41700,34500
799130,Sekerkote,23.750705,91.29473,98,,41800,34500
799131,Sonamura,23.46591,91.28823,98,,41700,34500
799141,Jolaibari,23.214935,91.665335,98,,35400,29400
606803,Polur,12.509845,79.107865,98,,26300,21700
799046,NIT Agartala,23.845685,91.424705,98,,41700,34400
799102,Bishalgarh,23.65475,91.278585,98,,41700,34500
799103,Bishramganj,23.61966,91.34205,98,,41800,34500
799205,Teliamura,23.850695,91.67749,98,,41600,34400
799207,Chebri,23.9853,91.597375,98,,41700,34500
799210,Kamalghat,23.93106,91.351855,98,,41600,34400
799211,Mohanpur,23.974095,91.387135,98,,42000,34700
799212,Sidhai,24.061,91.43557,98,,41600,34400
799254,Halflongcherra,24.337925,92.122135,98,,30400,25200
413605,Murum,17.729705,76.44687,98,,32400,26700
829134,Sarubera,23.73043,85.6265,98,,22900,18900
413529,Wadwal Nagnath,18.57298,76.768035,98,,30700,25400
413602,Naldurg,17.76983,76.30886,98,,31900,26400
413513,Chakur,18.549075,76.84871,98,,30700,25400
413518,Wadhona,18.522,76.99919,98,,30700,25400
276135,Kandhara Pur,26.11337,83.14079000000001,98,,17900,14800
226031,Jankipuram Extension,26.93747,80.943435,98,,31200,25800
226203,Itaunja,27.08001,80.93418,98,,31400,26000
226401,Banthra,26.7014,80.78924,98,,31500,26000
326033,Aklera,24.375905,76.55932000000001,98,,21800,18000
326501,Shrichhattarpur,24.499755,75.991365,98,,21500,17800
734101,Darjeeling,27.038400000000003,88.248065,98,,32100,26600
734203,Kurseong,26.87926,88.287365,98,,32500,26800
506329,Sangam,17.89323,79.69998,98,,31900,26400
506244,Raghunath Pally,17.79074,79.28559,98,,31800,26300
802119,Dumraon,25.525705,84.14131499999999,98,,17900,14800
799288,Kanchanbari,24.111155,91.96132,98,,30300,25000
734005,Siliguri Bazar,26.69819,88.41591,98,,31900,26400
734008,Salugarah,26.872655,88.442005,98,,32100,26500
734004,Siliguri Town,26.699725,88.443995,98,,32200,26600
731219,Murarai,24.46052,87.872495,98,,21400,17700
731101,Suri,23.923285,87.52617000000001,98,,21400,17700
802222,Khutahan,25.262905,84.509985,98,,18300,15100
604402,Hasanamapettai,12.76863,79.53044,98,,26200,21700
332713,Nimkathana Town,27.74013,75.81017,98,,29800,24700
332602,Khatushyamjika,27.35845,75.349275,98,,29800,24600
143105,Chheharta,31.603415,74.76481,98,,34100,28200
332305,Sadinsar,28.03801,75.06117,98,,29800,24600
731123,Dubrajpur,23.84793,87.332415,98,,21600,17800
802130,Nimej,25.64335,84.28634,98,,17800,14700
673301,Chaliyam,11.14965,75.81511499999999,98,,38600,32000
431202,Badnapur,19.82189,75.710955,98,,21800,18000
673019,Pantheerankavu,11.23357,75.85341,98,,39100,32300
722132,Chhatna,23.34316,86.98216500000001,98,,14800,12200
276138,Sagari,26.14216,83.315695,98,,17800,14700
243503,Faridpur,28.233035,79.58201,98,,20600,17000
584129,Sirwar,16.163785,76.95034,98,,25200,20800
831017,Baridih Colony,22.800975,86.252005,98,,27500,22700
831020,Pardih,22.850565,86.21172999999999,98,,27500,22700
829133,Sounda D,23.66411,85.33373499999999,98,,22600,18700
415517,Surur,17.983465,73.99357,98,,32800,27100
831007,Burma Mines,22.784275,86.20474,98,,27600,22800
305401,Bhwani Khera,26.264165,74.63343,98,,28000,23200
425428,Boradi,21.54696,74.899405,98,,25500,21100
804425,Sakurabad,25.14461,84.906695,98,,20500,16900
805123,Orhanpur,24.95258,85.52325,98,,17000,14100
805127,Sirdala,24.629385,85.38319000000001,98,,17100,14200
805105,Katrisarai,25.089415,85.61661000000001,98,,17300,14300
231218,Renusagar,24.13853,82.85721000000001,98,,18700,15500
804407,Hulashganj,25.077235,85.144425,98,,20400,16800
425309,Nashirabad,21.00029,75.662455,98,,26900,22200
518599,Bethamcherla,15.505825,78.113225,98,,28500,23500
209625,Farrukhabad,27.432705,79.54385500000001,98,,16500,13700
811211,Bariarpur,25.282735,86.59506,98,,44000,36300
811307,Jamui,24.930570000000003,86.22461999999999,98,,20400,16900
425104,Pimpri Khurd,21.03354,75.34962999999999,98,,26800,22200
518573,Yallur,15.282875,78.46035,98,,28300,23300
673508,Kuttiadi,11.6442,75.74467999999999,98,,39000,32300
273407,Uruwa Bazar,26.464355,83.269845,98,,20600,17000
700107,Madurdaha,22.540055,88.431565,98,,45500,37600
673593,Ambalavayal,11.61859,76.20832,98,,29300,24200
711302,Andul -mouri,22.59552,88.19782000000001,98,,36100,29900
700090,Noapara,22.64114,88.38689,98,,45700,37700
520008,Vj Polytechnic,16.510800000000003,80.66686,98,,38600,31900
813105,Jagdishpur,25.080565,87.021045,98,,24600,20300
507316,Peddireddigudem,17.325195,80.72065,98,,31400,26000
231306,Sikhar,25.153265,82.803545,98,,16300,13500
231312,Chilh,25.19874,82.52557,98,,16100,13300
585314,Khajuri,17.69007,76.601815,98,,18100,15000
415514,Kudal,17.84221,73.868,98,,32200,26700
585331,Rajeshwar,17.775460000000002,77.00499500000001,98,,17100,14200
585265,Gobbur,17.182744999999997,76.61216999999999,98,,18300,15100
585308,Farhatabad,17.15962,76.76664500000001,98,,18300,15100
585310,Jewargi,16.980159999999998,76.68554499999999,98,,18300,15100
585311,Kadaganchi,17.475295,76.65761,98,,18300,15100
821110,Ramgarh S.O (Kaimur (Bhabua)),25.29367,83.656375,98,,18400,15200
825103,Simaria,24.057765,84.927145,98,,15600,12900
814145,Nonihat,24.556785,87.12677,98,,23400,19400
815353,Madhupur,24.29172,86.650395,98,,22900,18900
822114,Garhwa,24.07827,83.68257,98,,19000,15700
175133,Lote,32.72734,77.02642,98,,29500,24400
416807,Tirlot,16.502805000000002,73.39631,98,,29100,24100
518466,Gudur,15.820925,77.841155,98,,28200,23300
176002,Tanda,32.0768665,76.2985872,98,,33300,27500
344034,Baitu,25.922265,71.855645,98,,24500,20300
825403,Jori,24.35294,84.881295,98,,15500,12800
344032,Pachpadra City,26.07445,72.17588,98,,24500,20300
344033,Sindhari,25.57618,71.791395,98,,24500,20300
208024,K P University,26.498795,80.27273500000001,98,,28700,23800
175128,Raison,32.050745000000006,77.09757,98,,26200,21700
208009,Armapore,26.467695,80.26944,98,,28900,23900
208010,Shiwans Tanney,26.421,80.419795,98,,28500,23600
700044,Badartala,22.552795,88.256105,98,,45700,37700
175123,Banjar,31.621945,77.49652499999999,98,,26200,21600
175125,Bhuntar,31.887855,77.163445,98,,26000,21500
585320,Nidgunda,17.2808,77.36203499999999,98,,18300,15100
829105,Bhadaninagar,23.60955,85.392,98,,22900,18900
829109,Giddi C,23.711575,85.372345,98,,22800,18900
574117,Uchila,13.1965,74.7688,98,,31400,26000
D951435,"Ballia, Uttar Pradesh · D951435",25.8749595,84.1210329,98,,33700,27800
203398,Uncha Gaon,28.489715,78.200985,98,,20800,17200
683514,Cherai,10.141295,76.19102000000001,98,,58500,48400
D837649,"Jalna, Maharashtra · D837649",19.918833,75.8708599,98,,33700,27800
D524797,"Porbandar, Gujarat · D524797",21.602975,69.8538067,98,,33300,27500
110053,Seelampur,28.7185203,77.2645076,98,,50400,41600
394670,"Tapi, Gujarat",21.1916567,73.5560631,98,,41400,34200
D770954,"Gadchiroli, Maharashtra · D770954",19.7590704,80.1622807,98,,33400,27600
203132,Khurja  Jn  RS,28.191815,77.81421,98,,20800,17200
683519,Kaitharam,10.10769,76.24211,98,,59000,48800
203397,Chhatary,28.10612,78.1562,98,,20800,17200
203206,Industrial Estate Sikandrabad,28.472955,77.64576500000001,98,,20600,17000
203389,NAPP,28.18407,78.38319,98,,20800,17200
203150,Shahkarinagar,28.371685,78.002455,98,,20800,17200
517325,Madanapalle,13.56567,78.50315499999999,98,,34800,28800
203129,Karora,28.197815,77.98223,98,,20800,17200
203131,Khurja,28.21042,77.89006499999999,98,,20800,17200
203412,Siyana,28.62281,78.03320500000001,98,,20800,17200
203002,Ag  School,28.36368,77.807,98,,20800,17200
110090,Karawal Nagar,28.747315,77.247525,98,,50300,41600
203399,Ramghat,28.114715,78.429565,98,,20800,17200
203401,Aurangabad,28.50961,77.93319,98,,20800,17200
203402,Bb  Nagar,28.649050000000003,77.97021000000001,98,,20800,17200
203403,Bugrasi,28.59468,78.15046,98,,20800,17200
203405,Khanpur,28.53697,78.06882,98,,20800,17200
203409,Sarai  Chhabila,28.455925,77.97216,98,,20800,17200
203411,Saidpur,28.607795000000003,77.884695,98,,20800,17200
D701545,"Munger, Bihar · D701545",25.2202864,86.5161484,97,,32500,27000
394518,Ongc Nagar,21.158865,72.72924,97,,40400,33500
761114,Mundamarai,19.65011,84.60677999999999,97,,17700,14700
761116,Bhetonoi,19.694235,84.686575,97,,17800,14800
685514,Erattayar,9.831025,77.10304,97,,45600,37800
683572,Angamally,10.18827,76.38224,97,,58100,48200
574103,Hejmadi,13.102155,74.78845,97,,30700,25500
574104,Karkala,13.208105,74.999635,97,,30900,25700
762018,Ghantapada,20.493985,83.70507,97,,13100,10900
761206,Kashinagar,18.923205000000003,83.87625,97,,24800,20600
761110,Aska,19.61068,84.65666999999999,97,,17900,14900
761208,Kharada,18.884875,83.96286,97,,24600,20400
762017,Kantamal,20.57438,83.82729499999999,97,,13100,10900
208011,Kidwai Nagar,26.41358,80.340405,97,,28100,23300
313324,Kankroli,25.078385,73.82893,97,,19900,16500
313325,Kelwara,25.06311,73.5974,97,,19900,16500
313328,Kuraj,25.11541,74.10684499999999,97,,19800,16400
313329,Railmagra,24.975720000000003,74.07012499999999,97,,20100,16700
518553,Chagalamarri,14.979145,78.57246,97,,27700,23000
305622,Bhinai,26.047945,74.775505,97,,27800,23000
273007,Fertilizer Factory,26.828755,83.313905,97,,20100,16700
828203,Kumardhubi,23.76084,86.77264,97,,32500,26900
508243,Kondamallepalli,16.692259999999997,79.050805,97,,33400,27700
574118,Udyavara,13.303275,74.758475,97,,31000,25700
261145,Manpur,27.496,80.95036,97,,19200,15900
D706767,"Bargarh, Odisha · D706767",21.2319922,83.5652737,97,,32900,27300
828131,Lodna,23.728085,86.431295,97,,32000,26600
361120,Dhuvav,22.471905,70.191265,97,,29700,24600
630307,Managiri,10.07008,78.708005,97,,28000,23300
630311,Periyakarai,9.907475000000002,78.77904000000001,97,,28400,23500
632055,Ariyur,12.875405,79.087545,97,,32700,27200
630410,Ulagampatti,10.313675,78.46569,97,,28400,23500
630411,Sarakeni,9.84669,78.74558999999999,97,,28500,23600
630551,Kalayarkoil,9.81633,78.65899,97,,28500,23700
530013,P & T Colony,17.73817,83.31257500000001,97,,40200,33400
221403,Sewapuri,25.34004,82.74499499999999,97,,19700,16300
630306,Kallupatti,9.97647,78.75315,97,,28300,23500
763001,Sunabeda-1,18.75651,82.838245,97,,18300,15200
763002,Sunabeda-2,18.72343,82.818855,97,,18300,15200
763003,"D.P.Camp, Sunabeda",18.7419,82.855455,97,,18300,15100
763008,Damanjodi,18.797745,82.96600000000001,97,,18200,15100
630554,Mangalam,9.751175,78.67031,97,,28500,23600
630555,Natarajapuram,9.91906,78.60634,97,,28500,23700
483332,Umaria Pan,23.492615,80.34103999999999,97,,17500,14600
630606,Manamadurai,9.708435,78.476115,97,,28500,23600
630609,Rajagambiram,9.677895,78.45432,97,,28600,23700
630610,Tiruppachetti,9.733145,78.32254,97,,28400,23500
507201,Yerrupalem,16.858719999999998,80.51313,97,,30700,25500
507202,Banigandlapahad,16.89731,80.53558,97,,31000,25700
507203,Madhira,16.898165,80.386405,97,,31100,25800
507204,Bommakal,17.026094999999998,80.267185,97,,30800,25500
209501,Nawabganj,27.436505,79.38086,97,,16100,13400
518468,Pendekallu,15.41463,77.65926,97,,27400,22700
518508,Gadivemula,15.742325,78.41073,97,,27400,22800
175136,Haripur,32.149405,77.18919,97,,25700,21300
507183,Pindipolu,17.357390000000002,79.97817,97,,30500,25400
344012,Ranigaon,25.56543,71.26035999999999,97,,24200,20100
344021,Samdari,25.786675,72.68009,97,,24100,20000
344043,Mokalsar,25.55922,72.520685,97,,24100,20000
344502,Ramsar,25.71355,70.859155,97,,24100,20000
518462,Belagal,15.801605,77.69731999999999,97,,27400,22800
518463,Gonegandla,15.712865,77.61572000000001,97,,27700,22900
242001,Shahjahanpur,27.94228,79.948455,97,,17900,14900
825404,Pratappur,24.314285,84.665535,97,,15200,12600
572224,Nonavinakere,13.116095,76.566115,97,,29500,24500
573113,Basavapatna,12.632865,76.14177000000001,97,,31800,26400
572219,Kadaba,13.24133,76.872115,97,,29900,24800
205268,Kurra,27.03147,79.08144,97,,23600,19600
854333,Madanpur,26.30828,87.554265,97,,18300,15200
515511,Mudigubba,14.418415,77.99028,97,,33300,27600
688527,Thanneermukkom,9.66677,76.3772,97,,46300,38300
854325,Garhbanaili,25.98642,87.51263,97,,19600,16300
630562,Sivaganga Collectorate,9.80909,78.44986,97,,28500,23600
630602,Idaikattur,9.756215,78.396785,97,,28300,23500
630313,Sembanur,10.001615,78.610875,97,,28400,23600
630314,Shanmuganathapuram,9.992605,78.82403500000001,97,,28100,23300
630321,Vethiyur,9.90484,78.706725,97,,28400,23500
630709,Pudur Ilayangudi,9.680665,78.63408,97,,28600,23700
415539,Malakapur Karad,17.194745,74.16367,97,,32000,26500
415524,Vathar,17.878555,74.153235,97,,32200,26600
415525,Pimpode BK,17.936525,74.073885,97,,32100,26600
415507,Katarkhatav,17.54285,74.55502,97,,32100,26600
415508,Dahivadi,17.785655,74.58837,97,,32100,26600
415509,Mhaswad,17.615285,74.77156500000001,97,,32100,26600
415513,Pachvad,17.859215,73.941255,97,,32200,26700
829118,Patratu,23.669865,85.28368,97,,22200,18400
829119,Patratu TPS,23.614765,85.26001,97,,22200,18500
415506,Vaduj,17.60239,74.46139500000001,97,,31700,26300
415538,Mhasurne,17.43069,74.4497,97,,31800,26400
585313,Kamalapur,17.590989999999998,77.057705,97,,17800,14800
829117,Marar,23.663145,85.5776,97,,22300,18500
821105,Durgawati,25.21704,83.470895,97,,18100,15000
761013,Pattapur,19.453815,84.61769,97,,17700,14700
761016,R.Udayagiri,19.175775,84.18451999999999,97,,24500,20300
627812,Vadakarai,9.04949,77.265165,97,,34900,29000
630204,Kandramanickam,10.051995,78.614115,97,,28200,23400
627807,Panpuli,9.04631,77.237025,97,,34900,29000
630301,Amaravathipudur,10.01151,78.764115,97,,28100,23400
764028,Dasamanthpur,19.08783,82.882295,97,,18200,15100
764036,Semiliguda,18.611465,82.91318,97,,18300,15200
764040,Machhkund,18.559805,82.489885,97,,18200,15100
764043,Boipariguda,18.76384,82.32940500000001,97,,18200,15100
630302,Devakottai,9.94432,78.83672,97,,28400,23500
630303,Devakottai Extension,9.96002,78.87537,97,,28500,23600
630305,Kallal,9.98297,78.69359,97,,28300,23500
764014,Narayanpatna,18.88154,83.104705,97,,18200,15100
627414,Cheranmahadevi,8.64045,77.56529,97,,34600,28800
712306,Begampur S.O (Hooghly),22.75,88.25,97,,33100,27400
711308,Chengail,22.489745,88.134785,97,,35700,29600
273411,Gagaha,26.452235,83.46338,97,,20100,16700
273403,Bansgaon,26.56737,83.34233,97,,20200,16800
520011,Satyanarayanapuram,16.52497,80.64528,97,,37400,31100
507208,Chintakani,17.128999999999998,80.23059,97,,30700,25500
676102,Bettath Pudiangadi,10.84203,75.93887000000001,97,,33600,27900
424103,Kajgaon,20.626085,75.116715,97,,26400,21900
508001,Nalgonda,17.054560000000002,79.23987,97,,33400,27700
508002,Ramagiri,17.08692,79.23972499999999,97,,33400,27700
508004,Slbc,16.99546,79.22314,97,,33000,27400
415512,Pusesawali,17.47104,74.34133,97,,31700,26300
828113,Katrasgarh,23.822415,86.30777499999999,97,,32100,26700
416417,Kavathe Piran,16.876669999999997,74.48235,97,,29900,24800
630005,Devakottai Road,10.036415,78.74083,97,,28100,23300
627102,Dohnavur,8.4664,77.60143,97,,34700,28900
630001,Karaikudi,10.061445,78.762635,97,,28000,23300
627107,Mavadi,8.468435,77.56012,97,,34800,28900
627108,Nanguneri,8.480730000000001,77.66452000000001,97,,34600,28800
627103,Eruvadi,8.44345,77.61481,97,,34600,28800
627501,Kalakad,8.52755,77.47902,97,,34700,28800
764077,Chandahandi,19.807825,82.47786500000001,97,,11800,9800
764078,Dongerbheja,19.235225,82.67458500000001,97,,11800,9800
673525,Perampra,11.57217,75.761415,97,,38400,31800
506369,Redlawada,17.766759999999998,79.74097,97,,31200,25900
518583,Gajulapalle,15.42008,78.64983000000001,97,,27700,23000
518593,Kanala,15.400865,78.4257,97,,27400,22700
518594,Rudravaram,15.24676,78.64372,97,,27400,22700
506391,Nadikuda,18.19184,79.661045,97,,31700,26200
273406,Unwal,26.626135,83.29991000000001,97,,20300,16900
273408,Gola,26.36867,83.37993499999999,97,,20300,16900
273409,Deidiha,26.39461,83.305635,97,,20200,16800
424304,Sakri,20.993065,74.27512999999999,97,,25100,20900
673521,Iringal,11.54954,75.61538,97,,38200,31700
273405,Barhi,26.56218,83.490775,97,,20100,16700
273209,Sahajanwa,26.779290000000003,83.18011,97,,20100,16700
273211,Dhakhwa Bazar,26.584565,83.180755,97,,20200,16800
811102,Mehus,25.234985,85.8592,97,,21500,17800
425107,Chopda,21.28356,75.32563999999999,97,,25900,21600
424107,Khedgaon,20.636265,75.033365,97,,26400,21900
627152,Mundradaippu,8.592835000000001,77.66150999999999,97,,34700,28800
160023,Sector 23,30.742130000000003,76.764125,97,,79600,66200
160030,Sector 30,30.70912,76.78431499999999,97,,79700,66200
484664,Bandhavgarh National Park,23.875445,80.99438,97,,16100,13400
160020,Sector 20,30.717665,76.776265,97,,79900,66400
484116,Amai Colliery,23.15759,81.61052000000001,97,,20000,16600
758084,Jagamohanpur,21.502465,85.36462,97,,22400,18600
765026,Gudari,19.37923,83.7313,97,,19700,16400
757086,Jharpokharia,22.184295,86.6603,97,,20400,16900
758044,Karanjia,21.947445,85.723395,97,,22400,18600
758082,Brahmanipal,21.15658,85.89883,97,,22500,18700
626103,Erichanatham,9.602474999999998,77.8554,97,,30500,25300
481445,Katangi,21.767435,79.795535,97,,21000,17400
160014,Sector 14,30.76133,76.73272499999999,97,,79900,66400
852161,Beldaur,25.57425,86.76652,97,,22300,18600
262702,Kheri Town,27.886405,80.82325499999999,97,,19500,16100
262725,Oel,27.851455,80.73285,97,,19400,16100
577115,Bhadra Reservoir Project,13.763945,75.591965,97,,33100,27400
481662,Padariyanarayan Ganj,22.8523,80.196545,97,,10500,8700
833219,"Saraikela-Kharsawan, Jharkhand",22.7464225,85.9168929,97,,33100,27400
415102,Mayani,17.45717,74.53897,97,,32100,26600
415312,Kaledhon,17.445825,74.63682499999999,97,,32100,26600
678574,Peringottukurussi,10.73292,76.48678000000001,97,,36100,29900
508211,Nakrekal,17.181705,79.43771000000001,97,,33300,27600
508212,Sirikonda,17.21783,79.78044,97,,33100,27500
508213,Suryapet,17.150280000000002,79.620535,97,,33100,27500
829143,Balkudra,23.60709,85.328565,97,,22400,18600
829122,Ramgarh Cantt,23.630025,85.51605,97,,22500,18600
829125,Sayal,23.683725,85.32592500000001,97,,22400,18600
829126,Sounda C,23.67611,85.34382500000001,97,,22400,18600
829129,Tenughat Dam,23.704515,85.75761,97,,22500,18600
243502,C.B. Ganj,28.41306,79.338455,97,,20200,16800
415515,Bhuinj,17.89321,73.983695,97,,32200,26700
415516,Kavathe,17.93519,73.97145499999999,97,,32200,26700
415518,Apashinge,17.542295,74.09287,97,,32200,26700
415519,Nagthane,17.562855,74.03733,97,,32200,26700
415520,Chaphal,17.411895,73.99923,97,,32200,26700
229413,Lalgopal Ganj,25.64264,81.60463,97,,23600,19600
425418,Navapur,21.092715,73.74898999999999,97,,16400,13600
392155,Kora,22.0845,72.62718,97,,29100,24100
392025,Samni,21.89986,72.913995,97,,28800,23900
392110,Amod,21.979685,72.818975,97,,28800,23900
688532,Thuravoor,9.770535,76.32211000000001,97,,46200,38300
689105,Manjady Jn,9.38469,76.59340499999999,97,,48200,40000
689111,Tiruvalla RS,9.39682,76.581955,97,,48000,39800
767065,Chandanbhati,20.799355,83.439965,97,,25500,21100
480223,Singodi,22.17772,79.06507,97,,29600,24600
755036,Ahiyas,20.85567,86.543335,97,,18600,15400
755062,Chitalo,20.793965,86.35811000000001,97,,18600,15400
755013,Pritipur,20.773125,86.49173,97,,18500,15400
755023,Jenapur,20.80648,86.05335,97,,18500,15300
688555,Varanam,9.64796,76.37078500000001,97,,45800,38000
689101,Tiruvalla,9.379845,76.574,97,,47800,39700
767033,Titilagarh,20.32291,83.13738000000001,97,,25200,20900
767039,Kantabanji,20.48051,82.960105,97,,25500,21100
767001,Balangir,20.72432,83.49104,97,,25500,21100
767020,Loisingha,20.86513,83.47892,97,,25500,21100
480667,Barghat,22.03879,79.790965,97,,17800,14800
767042,Bhatipara,20.343935,83.15350000000001,97,,25200,20900
723213,Jiudaru,23.480795,86.07346,97,,15000,12400
723129,Bundwan,22.837765,86.524075,97,,14900,12400
327602,Sajjan Garh,23.229705,74.283175,97,,17500,14500
328021,Bari,26.5767,77.65358499999999,97,,21400,17800
327025,Talwara,23.548415,74.330465,97,,17300,14400
673021,Puthiyangadi,11.311125,75.757535,97,,37700,31300
673027,Nallalam,11.212225,75.811185,97,,38200,31700
673309,Azhiyur,11.69256,75.551625,97,,38000,31500
673102,Madappalli College,11.647885,75.56996000000001,97,,37700,31400
673105,Puduppanam,11.571905,75.62386000000001,97,,38000,31600
228120,Baraunsa,26.251620000000003,82.24049500000001,97,,22300,18500
425403,Betawad,21.188450000000003,74.89350999999999,97,,25200,20900
425502,Savda,21.130805,75.913375,97,,26000,21600
431136,Bajaj Nagar Midc Waluj,19.8595,75.23034000000001,97,,27500,22800
431008,Harsool,19.97726,75.38370499999999,97,,27400,22700
722173,Jorda,23.17074,86.81835000000001,97,,14300,11900
673020,Calicut Civil Station,11.281365,75.78998,97,,38400,31800
508217,Vemulapally,16.96104,79.52725000000001,97,,33300,27600
508221,Noothankal,17.352815,79.72953,97,,33200,27600
508224,Arvapally,17.29552,79.588645,97,,33000,27400
332719,Thoi,27.53295,75.74526,97,,29100,24100
734013,North Bengal University,26.72878,88.34391500000001,97,,31800,26300
606701,Chengam,12.324135,78.75799,97,,25700,21400
606703,Melpallipattu,12.208749999999998,78.70990499999999,97,,26100,21600
606704,Pachal,12.275105,78.938215,97,,25800,21400
506223,Chiryal,17.901829999999997,78.94708,97,,31200,25900
734003,Pradhan Nagar,26.789145,88.403695,97,,31700,26300
673006,Eranhipalam,11.2739,75.78151,97,,38500,31900
506310,Panthani,17.825499999999998,79.61973,97,,31100,25900
506313,Wardhannapet,17.788764999999998,79.575955,97,,31100,25800
670331,Mottammal,11.983825,75.344185,97,,33200,27600
332708,Kanwat Town,27.5988,75.67770999999999,97,,29000,24100
332714,Sirohi,27.686745,75.722745,97,,29400,24400
803203,Alawalpur,25.484415,85.211255,97,,25200,20900
625517,Gandamanayakanur,9.90711,77.54622,97,,38400,31800
625523,Lakshmipuram,10.078455,77.506225,97,,38300,31700
625531,Theni,10.024095,77.46942,97,,38300,31800
625536,T.Subbulapuram,10.02209,77.64868,97,,38200,31700
625562,Varadharajnagar,10.05263,77.59923,97,,38200,31700
531077,Hukumpeta,18.124005,82.702035,97,,40300,33500
767028,Khaprakhol,20.819135000000003,82.886885,97,,25500,21100
524314,Indukurpeta,14.4953,80.081165,97,,28900,23900
221206,Pindra,25.502,82.828925,97,,20000,16600
151507,Sardulgarh,29.64287,75.26417000000001,97,,30700,25500
152001,Ferozepur,30.936005,74.61537,97,,35300,29300
754224,Mahakalpara,20.412715,86.63839,97,,16600,13800
768119,Purunagarh,21.497795,84.6526,97,,17300,14400
768108,Deogarh,21.502805,84.804235,97,,17300,14400
768110,Barkote,21.5327,85.033855,97,,17400,14400
625402,Samayanallur,10.00212,78.045845,97,,42300,35100
754140,Rahama,20.30518,86.43675999999999,97,,18900,15600
754130,Sompur,20.401155000000003,86.05257499999999,97,,18900,15600
754138,Tiran,20.204285,86.374525,97,,18800,15600
148020,Sandhaur,30.55858,75.75459000000001,97,,30800,25600
781027,Satgaon,26.156825,91.86402,97,,21000,17500
151001,Bathinda,30.201395,74.93224000000001,97,,33400,27700
284402,Banpur,24.77542,78.69545500000001,97,,18200,15100
284404,Madawra,24.32676,78.82033000000001,97,,18100,15000
689544,Vennikulam,9.40115,76.68836,97,,47800,39700
781327,Jalahghat,26.689515,91.21625,97,,21000,17400
476339,Sheopur Baroda,25.473715,76.687905,97,,17400,14500
480110,Chand,21.827685,79.16181499999999,97,,29600,24600
480111,Bichhua,21.73986,79.121925,97,,29300,24300
152003,Canal Colony Ferozepur,30.900305,74.521665,97,,34900,29000
480001,Chhindwara,22.021355,78.991,97,,29600,24600
680524,Padoor,10.53346,76.06636,97,,46300,38500
306126,Jawai  Bandh,25.09187,73.09192,97,,23300,19400
689113,Azhiyadathuchira,9.404789999999998,76.540955,97,,48300,40000
689115,Thirumoolapuram,9.37003,76.58507,97,,47400,39400
680585,Varavur,10.70767,76.21135,97,,46700,38800
689543,Puramattom,9.400475,76.65332000000001,97,,47800,39700
506330,Dharmaram,17.958115,79.69765,97,,31200,25900
506332,Chennaraopet,17.846085000000002,79.850735,97,,31600,26200
506343,Mulug,18.17527,79.896165,97,,31500,26100
506345,Ghanpur,18.301555,79.88343,97,,31500,26100
276125,Bankat,26.109075,83.23258000000001,97,,17500,14500
276127,Bazar Gosain,26.22942,83.296055,97,,17400,14400
506347,Pasra,18.189665,80.23411,97,,31100,25800
506224,Mustial,17.896250000000002,79.08731499999999,97,,31400,26000
801305,Nagarnausa,25.389065,85.35267999999999,97,,17000,14100
801306,Telhara,25.23255,85.189945,97,,16800,14000
802116,Churamanpur,25.60234,84.02938,97,,17400,14400
143113,Fatehpur Rajputan,31.627455,75.008685,97,,33400,27700
577502,Station Road-chitradurga,14.310755,76.3288,97,,30200,25100
577515,Bagur,13.7698,76.19044500000001,97,,30500,25200
852115,Gwalpara,25.76367,86.87555,97,,21600,17900
271001,Gonda,27.12408,81.938215,97,,18000,14900
396191,Vapi,20.37588,72.985745,97,,30200,25100
403510,Parra,15.575255,73.787575,97,,50300,41800
392012,Maktampur,21.709035,73.019815,97,,28900,24000
403504,Bicholim,15.58771,73.95479,97,,50100,41700
271124,Wazeerganj,26.965915000000003,82.123175,97,,18100,15000
624708,Sithayankottai,10.242965,77.828225,97,,31700,26300
503212,Nandipet,18.93683,78.222985,97,,21200,17600
503217,Balkonda,18.869295,78.342685,97,,21200,17600
475330,Mohna,25.99497,77.94384,97,,26800,22300
835222,Ratu,23.46778,85.23067,97,,27100,22500
413607,Kasarsirsi,17.95161,76.767695,97,,31200,25900
829135,Bhurkunda,23.660575,85.36993000000001,97,,22500,18600
584120,Kowthal,16.079725,76.759745,97,,24800,20500
413511,Borgaon,18.442545000000003,76.34659500000001,97,,30000,25000
413512,Latur,18.39661,76.592635,97,,30100,25000
243403,Iffcotownship,28.23539,79.24159,97,,20200,16700
508116,Bhongir,17.51298,78.89157499999999,97,,33300,27600
206246,Kanchausi Bazar,26.60078,79.64154,97,,15400,12700
206248,Sahar,26.74911,79.601365,97,,15300,12700
678598,Pottasseri,11.00907,76.52875,97,,35500,29500
326037,Manohar Thana,24.281555,76.81154000000001,97,,21100,17500
326038,Khanpur,24.727865,76.357495,97,,21400,17700
227406,Bhadar,26.10462,81.95674,97,,22400,18600
276131,Jahana Ganj,25.960685,83.28056000000001,97,,17500,14500
752111,Konark,19.909305,86.10978,97,,19300,16000
752020,"Khordha, Odisha",20.0538149,85.5023308,97,,33000,27300
503187,Banswada,18.369585,77.92131,97,,21100,17600
303105,Nareda,27.764775,76.08558500000001,97,,43100,35800
523169,Parchur,15.97076,80.26549,97,,31800,26400
523166,Ipurupalem,15.83594,80.433035,97,,31600,26300
623712,Tiruvarangam,9.419915,78.61506,97,,33600,27800
146107,Paldi,31.31871,75.98621,97,,34500,28700
473774,Jagatpur,25.25613,77.60501500000001,97,,13500,11200
503186,Sarangapur,18.71667,78.02732499999999,97,,21100,17600
689591,Mepral,9.40043,76.52645,97,,47700,39600
517642,Peddakannali,13.78103,79.76418000000001,97,,34300,28500
689615,Kottanad,9.40935,76.752285,97,,47900,39800
689583,Kallooppara,9.405155,76.63185,97,,48200,39900
146106,Nangal Kalan,31.33887,75.998835,97,,34600,28700
781367,Tambulpur,26.62811,91.58023,97,,23400,19400
781368,Nagrijuli,26.732785,91.64909,97,,23000,19100
313330,Lawa Sardargarh,25.26071,74.00099,97,,19800,16500
313332,Charbhuja Road,25.290475,73.915645,97,,19900,16500
313333,Charbhuja,25.28995,73.73543,97,,19900,16500
508252,Choutupala,17.285525,78.87954500000001,97,,33300,27600
140702,Ghanur,30.32852,76.6522,97,,27100,22500
364290,Mahuva,21.13189,71.75668999999999,97,,27300,22700
365601,Amreli,21.57733,71.224775,97,,21200,17500
365620,Chital,21.72378,71.20494,97,,21200,17500
326513,Sunel,24.302775,75.99954,97,,21000,17400
313334,Kelwa,25.169245,73.804965,97,,20000,16600
313341,Barar,25.62209,73.92686499999999,97,,20100,16600
695133,Tirupuram,8.358979999999999,77.071415,97,,59000,48900
362610,Vanthali,21.485575,70.301775,97,,27500,22800
227407,Bisesarganj,26.083335,81.809275,97,,22500,18600
609102,Anaikaranchatram,11.31859,79.70921,97,,28500,23700
389330,Kalol,22.579545,73.462435,97,,19700,16300
389260,Santrampur,23.218145,73.92636,97,,19400,16100
389320,Derol R S,22.67042,73.447925,97,,19700,16300
391240,Miyagam Karjan,22.05725,73.106465,97,,34400,28600
851113,B.Deorhi,25.47166,85.95766499999999,97,,20000,16600
391165,Chhota-udepur,22.38818,74.08121,97,,34600,28700
146103,Bham,31.37011,75.94027,97,,34400,28600
580009,Dharwad Sattur,15.411165,75.047845,97,,31700,26300
577557,H.D.Pura,14.03543,76.339215,97,,30500,25300
580023,Hubli Keshwapur,15.393905,75.26684,97,,31900,26400
474005,Gwalior Residency,26.285110000000003,78.183865,97,,26700,22200
783134,Darragiri,25.962825,90.91056,97,,20200,16800
623604,Kottaimedu,9.406665,78.375665,97,,33500,27800
623528,Sikkal,9.21244,78.62925999999999,97,,33400,27700
146022,Piplanwala,31.50055,75.83466,97,,34400,28600
173211,Saproon,30.923605,77.06963,97,,40400,33600
508255,Chandur,16.992784999999998,79.099325,97,,33600,27800
515164,Guttur,14.179675,77.616735,97,,33100,27500
734421,Bagdogra Air Port,26.687625,88.32549499999999,97,,31800,26300
734214,Mirik,26.89601,88.18090000000001,97,,31200,26000
365541,UTCL Kovaya,20.907380000000003,71.45674,97,,21100,17500
370410,Gundala,22.96088,69.84882,97,,28300,23500
370415,Kapaya,22.89571,69.685845,97,,28400,23500
370421,Mundra,22.844610000000003,69.715285,97,,28300,23500
508284,Pochampalli,17.355365,78.807135,97,,33100,27500
734424,Bendubi,26.738935,88.28789499999999,97,,31700,26300
506349,Mallampalli,18.10987,79.877065,97,,31400,26000
508246,Medlacheruvu,16.769640000000003,79.969925,97,,33300,27700
798616,Longkhim,26.2342107,94.741553,97,,33000,27300
609202,Manalmedu,11.193545,79.58353500000001,97,,28600,23700
752002,Puri Station Road,19.8343066,85.6853295,97,,19200,15900
742409,Shaikhpara,24.24531,88.56832,97,,21300,17700
742227,Gankar,24.39607,88.095595,97,,21400,17800
470664,Bandakpur,23.83337,79.68575,97,,16200,13500
470232,Garhakota Nadipar,23.799855,79.151375,97,,19600,16200
173104,Nohra,30.78721,77.4228,97,,27800,23100
173209,Dharampur,30.900445,77.032015,97,,40800,33800
534442,Kovvali,16.740740000000002,81.20475,97,,34100,28300
222301,Koiripur,26.042385,82.360065,97,,22200,18400
146104,Bihala,31.43458,75.95168,97,,34400,28600
783361,Srirampur,26.46562,89.90524500000001,97,,19100,15900
689673,Ranny-pazhavangadi,9.3773,76.803,97,,47500,39500
689674,Angadi,9.389075,76.76814999999999,97,,48000,39800
689677,Chellakkad,9.40527,76.79577499999999,97,,47800,39700
388345,Mogri,22.51233,72.94240500000001,97,,38900,32400
796014,Bawngkawn,23.75475,92.728195,97,,43400,35900
796070,Kawnpui,24.11071,92.72435,97,,43200,35800
795133,Moirang,24.43747,93.765165,97,,24000,20000
442401,Chandrapur,19.993185,79.29744,97,,23900,19900
322234,Kheda,26.64674,77.03453,97,,42400,35200
444503,Malegaon,20.310085,76.96291500000001,97,,21100,17500
796261,Saitual,23.823,93.055005,97,,43000,35700
796370,Lungdar,23.248405,93.08218,97,,40700,33800
796701,Lunglei MDG,23.007915,92.635985,97,,42400,35200
442102,Sewagram,20.68125,78.760265,97,,27500,22800
209864,Bhagwant Nagar,26.21866,80.75475,97,,17600,14600
209865,Bighapur,26.37057,80.658625,97,,17700,14600
643103,Pasteur Institute,11.37728,76.82310000000001,97,,57500,47800
175023,Rewalsar,31.64556,76.82809499999999,97,,32200,26700
175024,Sarkaghat,31.689605,76.75939500000001,97,,32100,26600
735202,Banarhat,26.83494,89.00836,97,,19600,16300
670005,Kakkat,11.898235,75.383405,97,,33200,27600
680013,Kuttur,10.56621,76.19915,97,,46700,38800
680020,Thrissur City,10.53384,76.217525,97,,46800,38800
680104,Thaikkad,10.587475,76.06587999999999,97,,46800,38800
689664,Malayalapuzha Eram,9.29037,76.86834999999999,97,,47500,39500
689613,Theodical,9.39632,76.73241,97,,47400,39400
132107,Israna,29.282125,76.77296,97,,30700,25500
577558,Aimangala,14.05467,76.53419500000001,97,,30500,25300
621801,Andimadam,11.337345,79.37194500000001,97,,28600,23800
621803,Kallathur Thandalai,11.27906,79.383445,97,,28700,23800
621806,Variyankaval,11.24848,79.30309500000001,97,,28900,24000
621851,Thirumazhapadi,10.94519,79.02569,97,,29100,24100
742121,Amtala,23.95387,88.474245,97,,21400,17800
621708,Kunnam,11.21741,78.990535,97,,25000,20800
621711,Pullambadi,10.938735,78.91902,97,,33400,27700
621712,Puvalur,10.953309999999998,78.825345,97,,33100,27500
370601,Shyamji Krishna Varma Nagar,23.77225,68.48940999999999,97,,28300,23500
841239,Mairwa,26.217685,84.12751,97,,21900,18200
365540,Jafrabad,20.904665,71.36012500000001,97,,21100,17500
794101,Araimile,25.51047,90.18054,97,,23200,19200
794103,Barengapara,25.30536,90.25367,97,,23100,19200
843313,Bairgania,26.69892,85.29593,97,,18700,15500
243506,Fateh Ganj,28.127455,79.58658,97,,20100,16700
583104,Bellary Cantonment,15.16187,76.82921,97,,38200,31700
370625,Ravapar,23.56662,68.963315,97,,28300,23500
243504,Meerganj,28.520655,79.17779,97,,20300,16800
243505,Shahi,28.61724,79.325515,97,,20300,16800
370665,Virani,23.479625,69.33479,97,,28300,23500
794005,Dobasipara,25.44692,90.304015,97,,23100,19200
370455,Gundiyali,22.829145,69.441315,97,,28300,23500
370460,Koday,22.90353,69.40919,97,,28400,23500
370465,Kachchh Mandvi,22.955185,69.331625,97,,28400,23500
370475,Laija,22.902775,69.136225,97,,28300,23500
175031,Jaidevi,31.469085,76.99648,97,,32300,26800
735227,Rajabhatkhawa,26.685545,89.5761,97,,19700,16300
737120,Chungthang,27.666667,88.5,97,,68400,56800
212507,Mau Aima,25.7068,81.91196,97,,23800,19700
212601,Fatehpur,25.938455,80.791095,97,,18100,15100
212621,Ghazipur,25.767675,80.77716000000001,97,,18100,15100
742303,Dumkal,24.10903,88.58910499999999,97,,21400,17800
742202,Dhuliyan,24.64674,87.94212,97,,21600,17900
742137,Kandi,23.95611,88.04073,97,,21600,17900
503306,Bichkunda,18.377755,77.736055,97,,21100,17600
503307,Bhimgal,18.693805,78.47686999999999,97,,21100,17600
503308,Kammarpalli,18.868,78.496495,97,,21100,17600
503310,Pitlam,18.267475,77.794815,97,,21300,17600
503311,Vailpur,18.795355,78.385145,97,,21100,17600
175003,Kotli,31.75696,76.854635,97,,32200,26700
503321,Birkur,18.46276,77.82394500000001,97,,21100,17600
503245,Navipet,18.799215,78.00503,97,,21100,17600
534331,Kakaraparru,16.775835,81.75131,97,,33700,28000
621218,Valady,10.87809,78.767845,97,,33300,27700
621704,Ariyalur,11.11078,79.091275,97,,29000,24000
621302,Elangakurichi,10.54676,78.30172999999999,97,,33700,28000
621306,Manaparai,10.62159,78.42951,97,,33700,27900
621307,Manjampatti,10.63989,78.35084499999999,97,,33100,27500
503301,Mirzapur,18.45313,77.90343999999999,97,,21100,17600
503302,Nizamsagar,18.20651,77.921235,97,,21300,17700
518432,Brahmanakotkur,15.839285,78.195175,97,,27400,22700
518452,Gargeyapuram,15.759635,78.15089,97,,27800,23100
176323,Killar Pangi,33.005804999999995,76.50173000000001,97,,26000,21500
144223,Kamahi Devi,31.86476,75.814335,97,,34900,28900
506122,Nekkonda,17.817045,79.828845,97,,31500,26200
506144,Abadighanpur,17.87504,79.39734,97,,31200,25900
795102,Chakpikarong,24.1700959,94.0059673,97,,23900,19800
506006,Deshaipet,18.047115,79.6318,97,,31100,25800
506007,K.M.College,18.002015,79.589105,97,,31100,25800
794001,Tura,25.51427,90.223655,97,,23200,19200
794002,Lower Chandmari,25.6272,90.332425,97,,23200,19200
451551,Barwani,21.98811,74.713195,97,,25000,20700
445304,Wani,19.96573,78.93706499999999,97,,23700,19600
581113,Kundgol,15.206235,75.259985,97,,31700,26300
581115,Ranebennur,14.61848,75.65277499999999,97,,22000,18200
581116,Rattihalli,14.40563,75.516095,97,,21800,18100
690506,Muthukulam South,9.222385,76.44876500000001,97,,45400,37800
690503,Pallickal,9.16423,76.555345,97,,45600,37900
388235,Menpura,22.929725,73.320965,97,,38800,32200
581119,Tumminakatti,14.41026,75.626035,97,,22000,18200
581213,Hosaritti,14.925455,75.568725,97,,21900,18200
581148,Sangur,14.76165,75.286345,97,,21600,18000
581110,Haveri,14.77077,75.43569,97,,21900,18100
621112,Samayapuram,10.93756,78.74837,97,,33200,27600
621206,Kannanur,11.09661,78.534915,97,,33700,27900
534326,Sidhantam,16.66341,81.822225,97,,33700,28000
534329,Kanuru,16.835245,81.701085,97,,33600,28000
388350,Napad,22.47895,72.98033000000001,97,,38900,32300
212664,Malwan R.S.,26.01885,80.718075,97,,18400,15200
503225,Modtad,18.816735,78.47729000000001,97,,21100,17600
506004,R E College,17.98675,79.52884,97,,31100,25800
506005,Rangshaipet,17.909045,79.61401000000001,97,,31100,25800
466331,Nasrllaganj,22.72246,77.196645,97,,22600,18800
508257,Gudipalli,16.78118,79.114615,97,,33500,27800
508277,Mothcore,17.470605,79.315315,97,,33200,27600
176315,Bharmour,32.472685,76.67045,97,,26000,21500
176316,Bhanjraru-Tissa,32.91705,76.20745,97,,26000,21500
176090,Sandhole,31.842365,76.66373,97,,32300,26800
176201,Jassur,32.28909,75.812585,97,,32700,27100
518396,Nemakallu,15.231445,77.26245,97,,27300,22700
518222,Dhone,15.388785,77.87525,97,,27700,23000
518301,Adoni,15.619405,77.27775500000001,97,,27300,22700
792130,Khonsa,27.030169,95.4979175,97,,27100,22500
455118,Sonkutch,23.039665,76.3829,97,,19500,16200
455221,Karnawad,22.742635,76.19167999999999,97,,19500,16200
455227,Bagli,22.560405000000003,76.30617000000001,97,,19600,16200
793005,Upper Shillong,25.566045,91.83711,97,,38600,32000
313038,Jhallara,24.009215,74.141465,97,,28200,23400
506151,Peddapendyal,17.937085,79.377905,97,,31400,26000
506163,Turrur,17.582645,79.680675,97,,31500,26100
506169,Bhupalapalli,18.45448,79.95925,97,,31700,26300
506170,KTPP,18.355315,79.78234499999999,97,,31500,26100
455332,Kannod,22.693205,76.772595,97,,19600,16200
455336,Khategaon,22.60947,76.85605000000001,97,,19600,16200
455339,Nemawar,22.565865,76.97298,97,,19500,16200
455440,Kantaphod,22.56219,76.536505,97,,19600,16200
535126,Therlam,18.49075,83.53488,97,,29900,24900
535124,Uttaravalli,18.48786,83.47108,97,,30100,25000
456664,Narwar,23.07443,75.905865,97,,24500,20400
788725,Chandkhira,24.55117,92.26584,97,,19500,16200
535125,Mettapalli,18.287655,83.651945,97,,29800,24700
455001,Dewas,23.057715,76.07743500000001,97,,19600,16200
455111,Balgarh,22.87966,76.043775,97,,19600,16300
455115,Bhonrasa,22.972585,76.21492,97,,19600,16200
455116,Tonkhurd,23.13291,76.29214999999999,97,,19500,16200
790105,Jang,27.6741942,91.9362059,97,,39800,33000
455459,Satwas,22.475695,76.66973,97,,19600,16200
458553,Narayangarh,24.30389,75.10416000000001,97,,19500,16200
791104,Mebo,28.0742219,95.4178149,97,,30800,25500
791113,Ram Krishna Mission,27.06844,93.449365,97,,48900,40600
456441,Jharda,23.63975,75.75187,97,,25000,20700
581352,Sadashivgad,14.859075,74.13829000000001,97,,29600,24600
581355,Siddapur,14.33613,74.847345,97,,29800,24800
582204,Hombal,15.552845,75.54422,97,,23900,19800
451660,Thikari,22.047065,75.326545,97,,24900,20700
212650,Chheolaha,25.939315,81.05661,97,,18100,15100
212652,Hathgaon,25.90054,81.155905,97,,18400,15200
506001,Hanamkonda,17.993000000000002,79.561455,97,,31100,25800
221006,Babatpur Ad,25.452395,82.86120500000001,97,,19800,16400
465339,Khokra Kalan,23.445945,76.96076,97,,17200,14300
506002,Warangal,17.971885,79.60391,97,,31100,25800
144405,Narur,31.32137,75.85504,97,,36100,30000
465445,Nalkheda,23.85314,76.24542,97,,17200,14300
785700,Lahdoigarh Chariali,26.790865,94.305815,97,,28800,23900
313301,Nathdwara,24.93632,73.75587999999999,97,,19900,16500
313321,Goanguda,25.019855,73.68706,97,,19900,16500
313323,Kotharia,24.95222,73.9051,97,,20000,16600
506175,Jangaon Bazar,17.793355,79.153065,97,,31500,26100
506201,Pembarthy,17.663835,79.157685,97,,31400,26100
387630,Kathlal,22.906015,72.99642499999999,97,,38800,32200
388305,Adas,22.47621,73.0199,97,,39500,32700
388307,Kantharia,22.40503,73.03203,97,,39600,32800
313206,Sanwar,24.87553,74.08215,97,,20100,16600
313207,Gilund,25.03534,74.24993,97,,20000,16600
313211,Dariba,24.959425000000003,74.11886,97,,19900,16500
518405,Midthur,15.759065,78.291245,97,,27500,22800
518411,Konidela,15.96109,78.281515,97,,27400,22800
313201,Khemli,24.73594,73.867395,97,,28400,23500
313202,Delwara,24.764955,73.74128999999999,97,,20000,16600
461001,Hoshangabad,22.748335,77.728195,97,,20000,16600
212203,Charwa,25.50051,81.542125,97,,15100,12500
212207,Manjhanpur,25.49484,81.290565,97,,15100,12500
212214,Pashchim Sarira,25.386345,81.29373000000001,97,,14900,12400
212216,Sarai Akil,25.378315,81.492255,97,,15100,12500
212218,Tilhapur,25.339505,81.589515,97,,14900,12400
143605,Dhianpur,31.94336,75.07365,97,,35500,29400
464661,Sanchi,23.50472,77.73271500000001,97,,25000,20700
458888,Suwasara Mandi,24.072765,75.665105,97,,19500,16200
461116,Dolaria,22.593475,77.597175,97,,20000,16600
314029,Thakarda,23.70475,73.9144,97,,18000,14900
314031,Bhiluda,23.61126,74.074795,97,,17900,14900
307043,Palri M,25.01538,72.92871,97,,22300,18500
314038,Punjpur,23.872705,74.068785,97,,18000,15000
314011,Paldeval,23.87433,73.5983,97,,17900,14900
761146,Burupada,19.48725,84.692115,97,,17700,14700
688502,Moncombu,9.475055,76.42362499999999,97,,45400,37800
688006,Avalukkunnu,9.52803,76.40463,97,,45700,37900
683513,Paravur,10.123015,76.22829,97,,57400,47700
683515,Palliport,10.169125,76.17907500000001,97,,57800,48000
683516,Moothakunnam,10.181825,76.20467,97,,57500,47800
D521581,"Bhadrak, Odisha · D521581",20.9854052,86.5934226,97,,32900,27300
D525821,"Srikakulam, Andhra Pradesh · D525821",18.622438,84.1443764,97,,32400,27000
574114,Sanur,13.165405,75.02138,97,,31200,25800
484001,Shahdol,23.30859,81.35238,97,,22400,18600
D782262,"Vizianagaram, Andhra Pradesh · D782262",18.2760018,83.4662692,97,,32900,27300
682315,Kanjiramattom,9.861625,76.407105,97,,57500,47800
573210,Hallymysore,12.665065,76.261075,97,,31400,26100
682025,Palarivattom,9.99932,76.305515,97,,57600,47800
682017,Kaloor,9.993614999999998,76.295,97,,57500,47800
574151,Kinnikambla,12.965415,74.932075,97,,40200,33300
574201,Puttur,12.761795,75.206075,97,,40000,33200
574211,Bantval,12.913775,75.080445,97,,39600,32900
573216,Hagare,13.13698,75.97695999999999,97,,31800,26300
574224,Madanthyar,12.94407,75.21297999999999,97,,40200,33300
574225,Mijar,13.03696,74.9624,97,,39800,33100
686515,Pulickakavala,9.54787,76.688875,96,,46400,38700
682034,Cheranallur,10.058785,76.288405,96,,56300,47000
396055,Ronvel,20.52547,73.06491,96,,29600,24600
396120,Khatalwada,20.239825,72.80748,96,,29400,24600
635701,Alangayam,12.626550000000002,78.77317500000001,96,,32100,26700
761031,Beguniapada,19.640815,85.00580500000001,96,,17600,14700
632105,Ussoor,12.84516,79.033465,96,,32300,26900
632107,Guruvarajapalayam,12.766105,78.865275,96,,32100,26700
632001,Vellore,12.89733,79.16880499999999,96,,32100,26800
273010,M.M.M.E.College,26.69659,83.452585,96,,20000,16700
273012,Railway Colony,26.7588,83.39218500000001,96,,20000,16700
273013,B.R.D Medical College,26.852565,83.43327500000001,96,,20000,16700
273005,Gita Press,26.746405,83.35388,96,,20000,16700
273006,Gita Vatika,26.773015,83.38624999999999,96,,20100,16700
762030,Baghiabahal,20.7067,83.85228000000001,96,,12800,10700
632002,Thorapadi,12.88378,79.123955,96,,32300,26900
631002,Palanipet,13.042045,79.639275,96,,32100,26700
631004,Ekhunagar,13.086895,79.6987,96,,32100,26700
631005,Winterpet,13.0767,79.65575999999999,96,,32100,26700
631006,Ins Rajali,13.065255,79.692375,96,,32100,26700
632101,Anaikkattu,12.838605,78.961615,96,,32400,27000
632103,Odugathur,12.72909,78.90547000000001,96,,32100,26700
507165,Wyra,17.191229999999997,80.353875,96,,30200,25100
507166,Julurpahad,17.364635,80.52665999999999,96,,30100,25100
507160,Nelakondapalli,17.110365,80.04099,96,,29900,25000
507161,Subled,17.322490000000002,79.874215,96,,29900,25000
507163,Tirumalayapalem,17.2987,80.014735,96,,29900,25000
816105,Kotalpokhar,24.73279,87.83073999999999,96,,15600,13000
314001,Dungarpur,23.781925,73.63817,96,,17800,14800
762026,Sarsara,20.716145,84.25989,96,,12800,10700
825315,Konardam,23.87,85.72745499999999,96,,24200,20100
825321,Tandwa,23.84443,85.07073,96,,15100,12500
825330,Topa Coliery,23.745455,85.45550499999999,96,,21900,18200
344025,Mewanagar,25.792705,72.14543,96,,23600,19700
344037,Swau Padamsingh,26.197195,71.80976000000001,96,,23600,19700
344801,Padru,25.53809,72.16236,96,,23600,19700
209503,Shamsabad,27.54132,79.432985,96,,15700,13100
507164,Vemsur,17.10295,80.7625,96,,30300,25200
504273,Rechini,19.230985,79.623035,96,,22100,18400
504295,Wankidi,19.511845,79.3578,96,,22100,18400
506172,Kamalapur Town Ship,18.206535,80.540025,96,,30900,25700
504301,Ramakrishnapur,18.93256,79.47123,96,,22000,18400
504302,Coal Chemical Complex,18.85729,79.47782000000001,96,,22000,18300
504307,Echoda,19.414025,78.545335,96,,22400,18700
581347,Manchikeri,14.85161,74.83229,96,,29600,24600
581353,Shetgeri,14.634245,74.3224,96,,29200,24400
465220,Kalisindh,23.3864,76.43589,96,,16900,14100
465447,Susner,23.963955,76.100755,96,,17000,14200
465550,Barode,23.792585000000003,75.794195,96,,17000,14100
620101,Mutharasanallur,10.858655,78.659,96,,32500,27100
506003,Kazipet,17.930415,79.50622,96,,30900,25700
504219,Nennel,19.09724,79.74495999999999,96,,22000,18400
504231,Kalyani Khani,19.02846,79.458175,96,,22000,18400
504251,Bellampalli,19.0764,79.549695,96,,22100,18400
518401,Nandikotkur,15.853815,78.32864000000001,96,,27000,22500
387610,Attarsumba,23.06796,72.97597999999999,96,,37800,31500
387635,Chhipdi,22.974815,72.90350000000001,96,,38300,31900
244927,Said Nagar,28.869745,79.00941499999999,96,,19800,16500
506221,Buchannapet,17.80153,79.04275,96,,30900,25700
212402,Phoolpur,25.57766,82.11405500000001,96,,23100,19200
465226,Barodia Kumaria,23.643395,76.353265,96,,16900,14100
465001,Shajapur,23.438985,76.309405,96,,16900,14100
458895,Degaon Mali,24.0001,75.19173,96,,19300,16100
458990,Sitamau,24.053075,75.38292000000001,96,,19200,16000
144039,Nurmahal,31.058875,75.583535,96,,35700,29700
460668,Masod,21.53056,78.06082,96,,15100,12600
212213,Mahgaon,25.52294,81.620335,96,,23000,19200
679561,Punnayurkulam,10.67934,76.000925,96,,45200,37700
679563,Nhamanghat,10.643,76.01948999999999,96,,46000,38300
679502,Trikkatiri,10.854585,76.35597000000001,96,,35100,29200
621009,Tiruvellerai,10.960715,78.66,96,,32800,27400
465110,Berchha,23.295185,76.336845,96,,16800,14000
847223,Benipatti,26.46011,85.93354,96,,18700,15600
388239,Wanakbori .T.P.S.,22.856805,73.35710499999999,96,,38100,31700
132046,Salwan,29.51605,76.73242,96,,29200,24300
581111,Hirekerur,14.444565,75.401295,96,,21400,17800
690507,Cheppaud,9.2455,76.47193999999999,96,,45300,37600
690502,Kayangulam,9.173265,76.499945,96,,44400,37000
518333,Halvi,15.87668,77.10772,96,,26700,22300
370645,Kothara,23.1224,68.889945,96,,27800,23200
370650,Mothara,23.224885,69.12032500000001,96,,27900,23200
581360,Angadi,14.89951,74.13413,96,,29400,24500
175009,Tattapani,31.299865,77.0726,96,,31100,26000
175010,Churag,31.310180000000003,77.15829500000001,96,,31000,25900
621105,Irungalur,10.99826,78.77684500000001,96,,33000,27400
621111,Purathakudi,10.94972,78.78846,96,,33100,27500
506165,Eturunagaram,18.417525,80.29661,96,,30800,25600
506167,Jangaon,17.716775,79.158045,96,,30900,25700
506168,Chelpur,18.40569,79.83962,96,,30900,25700
792104,Hayuliang,27.89694,96.83682,96,,47600,39700
176313,Kakira,32.473600000000005,75.98872,96,,25200,21000
690530,Thamarakulam,9.139365,76.614615,96,,44300,37000
508256,Gurrampode,16.851174999999998,79.09365,96,,32400,27000
508266,Pedavoora,16.673375,79.20753500000001,96,,32800,27300
581354,Shirali,14.048495,74.54743500000001,96,,29300,24400
793009,Nonglyer,25.49599,91.84043,96,,37500,31300
614206,Pasupathikoil,10.875535,79.16659999999999,96,,27900,23300
614211,Chakrapalli,10.89583,79.208065,96,,28100,23400
458667,Dalauda,23.93254,75.063085,96,,19200,16000
791001,Along,28.1970922,94.48407,96,,52300,43600
144043,Sarih,31.13696,75.54860500000001,96,,35700,29700
506164,Parkal,18.18267,79.697525,96,,30900,25700
518412,Prathakota,15.933140000000002,78.35657499999999,96,,27000,22500
518422,Atmakur,15.865185,78.57699500000001,96,,27000,22500
465116,Polai Kalan,23.252395,76.56447,96,,16800,14000
504203,Khanapur,19.14789,78.63134500000001,96,,22100,18400
212503,Holagarh,25.657125,81.76446,96,,23300,19400
737111,Gayzing,27.411055,88.32122,96,,51000,42500
737113,Pelling,27.434995,88.202455,96,,51000,42500
643002,Stone House Hill,11.426290000000002,76.76017,96,,56300,47000
506112,Kesamudram,17.692405,79.872935,96,,30900,25700
506132,Narsampet,17.98463,79.95109,96,,30900,25700
506134,Gudur,17.82125,79.962775,96,,31000,25800
506135,Kothaguda,17.88329,80.11180999999999,96,,30900,25700
506142,Madikonda,17.976615000000002,79.37604,96,,30900,25700
506143,Ghanpur Station,17.819865,79.432155,96,,30800,25600
506145,Malkapur,17.94401,79.269715,96,,30900,25700
689698,Vakayar,9.19076,76.862455,96,,47100,39200
522034,Industrial Estate,16.36654,80.44959499999999,96,,32900,27400
506011,D H Suthoon,18.00215,79.57319000000001,96,,30900,25700
506013,Laxmipur,17.97409,79.629915,96,,30900,25700
506015,K C Colony,18.041785,79.55516,96,,30900,25700
506101,Mahabubabad,17.564529999999998,80.04358500000001,96,,30900,25700
506102,New Abadi,17.640005000000002,79.9229,96,,30900,25700
506104,Neerada,17.539685,79.912405,96,,30900,25700
506105,Kuravi,17.47749,79.98716,96,,30900,25700
450112,Mundi,22.074805,76.45426499999999,96,,23100,19200
794111,Williamnagar,25.6184946,90.6342162,96,,23000,19100
450881,Jaswadi,21.714635,76.524795,96,,23200,19300
451220,Karhi,22.324245,75.857455,96,,30300,25200
795010,Lamlong,24.8326698,94.0168859,96,,25400,21200
506008,Fort Warangal,17.957520000000002,79.62646000000001,96,,30800,25600
506009,Vidyaranyapuri,18.02812,79.555365,96,,30900,25700
522020,Amaravathi,16.56627,80.359115,96,,33200,27700
689663,Chittar,9.314495,76.938005,96,,46900,39100
689666,Malayalapuzha Thazham,9.29051,76.82686,96,,47200,39300
643226,Newhope,11.408415,76.48610500000001,96,,56200,46900
796321,Champhai,23.5443743,93.3479506,96,,32300,26900
322243,Kailadevi,26.262825,76.95371499999999,96,,41500,34600
609303,Ayappadi,11.014679999999998,79.8176,96,,27600,23000
322236,Dhindora,26.758365,77.127985,96,,41100,34300
322238,Balghat,26.81011,76.85275,96,,40900,34100
689612,Ayroor North,9.37855,76.74303499999999,96,,46600,38900
571211,Ammathi,12.24968,75.85029,96,,28900,24100
571212,Cheyandane,12.188235,75.65365,96,,29100,24200
388370,Vadod,22.506705,73.00464,96,,38000,31700
388465,Palaj,22.509195,72.79276,96,,38100,31800
403523,Carona,15.565455,73.874465,96,,49800,41500
388713,Kakanpur,22.792865,73.480415,96,,19300,16000
680012,Pullazhi,10.502445000000002,76.17232,96,,45600,38000
134204,Raipur Rani,30.60541,77.026955,96,,32500,27100
504110,Chincholi,19.212195,78.28657,96,,22100,18400
504201,Chinnoor,18.83982,79.81693,96,,22100,18400
504202,Peddur,19.113315,78.81024,96,,22100,18400
621709,Mathur,11.346385,79.15493000000001,96,,27900,23300
784114,Orang,26.649635,92.307905,96,,21800,18200
784145,Sipajhal,26.34181,91.90552,96,,21800,18200
621802,Jayamkondacholapuram,11.20539,79.36112,96,,28000,23300
737126,Namchi,27.163875,88.37425,96,,59300,49300
737128,Melli Bazar,27.108145,88.40587,96,,58800,49000
133301,B.C.W. Suraj Pur,30.771355,76.899595,96,,53100,44300
370490,Dumara,23.0435,69.00234,96,,27900,23200
843302,Sitamarhi Bazar,26.56845,85.549065,96,,18400,15300
370627,Gaduli,23.95321,68.94642,96,,27800,23200
370670,Khombhadi,23.39937,69.11442500000001,96,,27800,23200
370675,Vithon,23.314195,69.34693,96,,27900,23200
173101,Rajgarh,30.821505,77.323895,96,,27300,22700
303905,Watika,26.709965,75.790435,96,,42000,35000
508245,Marriguda,17.00754,78.85226,96,,32600,27200
508247,Thipparthi,17.01265,79.37965,96,,32600,27200
508112,Valigonda,17.38657,79.076285,96,,32600,27200
441225,Saoli,20.072135000000003,79.84531,96,,23400,19500
609201,Ilanthope,11.21841,79.66247,96,,27900,23200
506352,Jangalapally,18.189155,80.01957999999999,96,,30900,25700
223226,Pushpnagar,26.013335,82.83254,96,,17100,14300
470442,Bandri,24.03594,78.63995,96,,19000,15800
534208,Rayalam,16.50789,81.50306499999999,96,,33400,27800
534206,Kopalle,16.52588,81.46362500000001,96,,33400,27800
144410,Phillaur,31.036985,75.8024,96,,35200,29400
303903,Shivdaspura,26.68196,75.923555,96,,41800,34900
173026,Kw Bhood,30.608365,77.20453,96,,27200,22600
173032,Haripurdhar,30.73832,77.52013,96,,27200,22700
211002,Allahabad Kty.,25.461635,81.85766000000001,96,,23000,19200
689672,Ranny,9.350525,76.78816,96,,46800,39000
689692,Payyanamon,9.25394,76.87268,96,,46300,38700
132037,Madhuban,29.635985,77.023155,96,,29100,24300
222303,Maharani Pachchhim,26.0815,82.31144499999999,96,,21900,18200
223221,Aharaula,26.20352,82.94622,96,,16900,14100
534432,Denduluru,16.792625,81.18845999999999,96,,32800,27400
223224,Didarganj,25.97799,82.79241,96,,17000,14200
322242,Masalpur,26.619995000000003,77.239025,96,,41500,34600
610207,Valivalam,10.660085,79.70557500000001,96,,27400,22900
609307,Porayar,11.025005,79.82478,96,,27600,23000
609309,Sembanarkoil,11.0797,79.745775,96,,27800,23200
611109,Thevur,10.70323,79.74662000000001,96,,27400,22900
796082,"Kolasib, Mizoram · 796082",24.1905469,92.7136595,96,,44200,36800
450001,Khandwa,21.7705,76.49302,96,,23400,19500
322203,Narauli Dang,26.298445,76.60999,96,,41700,34700
689541,Vallamkulam,9.375435,76.61462,96,,46900,39000
580021,Hubli Vidyanagar,15.355664999999998,75.12133,96,,31300,26100
571476,Kestur,12.707795,77.03669500000001,96,,31100,25900
580002,Dharwad Saraswatpur,15.431165,75.00901999999999,96,,30900,25700
608102,Killai,11.45259,79.737705,96,,23900,19900
608201,Orathur,11.40718,79.5873,96,,23900,20000
607205,Tiruthuraiyur,11.832305,79.55462,96,,23800,19900
606804,Tandarai,12.13596,79.16523000000001,96,,25300,21100
173213,Chambaghat,30.938175,77.10441,96,,39200,32700
303904,Chittora Renwal,26.69801,75.66752,96,,42000,35000
782461,Manja,25.99084,93.44406,96,,16600,13800
783101,Goalpara,26.135045,90.58766,96,,20000,16700
783125,Matia,26.066560000000003,90.79718,96,,20000,16700
472331,Lidhora,25.11399,78.97973999999999,96,,14000,11700
472442,Niwari,25.35871,78.832345,96,,14000,11600
689545,Thadiyur,9.382995,76.708875,96,,47000,39200
508253,Narayanpur,17.12516,78.89466,96,,32900,27400
508254,Narketpalli,17.237805,79.219485,96,,32800,27300
508278,Nidmanoor,16.82082,79.362655,96,,32800,27300
695011,Thiruvananthapuram  Medical College,8.524875000000002,76.919865,96,,57000,47500
303908,Kotkhawada,26.622445,76.092275,96,,42000,35000
303806,Samod,27.2304,75.83607,96,,41800,34900
303807,Udaipuria,27.216845,75.73089999999999,96,,41800,34900
173212,Solan,30.89395,77.15429,96,,40100,33300
506355,Marrimuchal,17.947345,78.911825,96,,30900,25700
506356,Chityal,18.380765,79.652845,96,,30900,25700
506365,Parwathagiri,17.739615,79.72951499999999,96,,31000,25800
506366,Mogullapalli,18.30739,79.63029499999999,96,,30900,25700
734434,Phansidewa,26.573175,88.33354,96,,30700,25600
843316,Belsand,26.457815,85.4162,96,,18400,15300
508286,Wangapalli,17.548665,79.030035,96,,32600,27200
508373,Nampalli,16.840995,78.921055,96,,32600,27200
752121,Bamanal,19.9843,85.947755,96,,18900,15700
752084,Daspalla,20.423855,84.804455,96,,19500,16200
752113,Brahmakundi,20.05346,86.08359999999999,96,,18800,15700
752116,Birtung,19.97762,86.07583,96,,18800,15700
227304,Bharkhare,26.121985,82.15538000000001,96,,21700,18100
227405,Amethi,26.132655,81.77503,96,,22000,18300
508113,Ramannnapeta,17.31479,79.123925,96,,32900,27400
508114,Chityala,17.21385,79.097085,96,,32600,27200
303107,Pragpura,27.6376,76.07015,96,,42200,35200
303110,Rajnauta,27.58484,76.177355,96,,42000,35000
523185,Santharavur,15.822275,80.22431499999999,96,,31500,26200
522613,Veldurthy,16.347034999999998,79.3246,96,,33300,27700
522614,Karempudi,16.42863,79.70985999999999,96,,33300,27700
523183,N.G.Padu,15.66018,80.09221,96,,31300,26100
503002,Subhashnagar,18.69683,78.113,96,,21100,17500
303102,Virat Nagar,27.453425,76.146335,96,,41800,34900
584102,Raichur Mukram Gunj,16.26246,77.46087,96,,23800,19900
370430,Kera,23.09433,69.56461,96,,27600,23000
313704,Sayra,24.94051,73.4,96,,19600,16300
313331,Deogarh,25.483,73.921605,96,,19700,16400
508111,Athmakur,17.471305,79.13206,96,,32600,27200
689574,Muttar,9.399415,76.50287,96,,44700,37300
534134,Attili,16.69276,81.59441,96,,33100,27600
473662,T.C.Karera,25.42822,78.01894999999999,96,,13200,11000
608702,Sethiathope,11.415255,79.504215,96,,23900,19900
609001,Mayiladuthurai,11.096375,79.65614500000001,96,,27600,23000
441223,Nawargaon,20.309435,79.581435,96,,23700,19700
313342,T F Kankroli,25.0132,73.923075,96,,19600,16300
362315,Choki,21.64829,70.5318,96,,26700,22300
140412,Bassi,30.71039,76.452225,96,,30200,25200
140417,Shambhu,30.439085,76.70695,96,,26700,22200
271840,Sirsia,27.77996,82.00018,96,,18100,15100
476228,Pahadgarh,26.122995,77.63429500000001,96,,20500,17100
781123,Boko,25.88922,91.236495,96,,20600,17200
396180,Udvada,20.48663,72.877395,96,,29400,24500
392011,Zadeshwar,21.735635,73.04691,96,,28200,23600
572175,Puravara,13.686305,77.310235,96,,28600,23900
852112,Kumarkhand,25.999375,87.003715,96,,20900,17500
852113,Madhepura,25.911945,86.80372,96,,20900,17500
680522,Paluvai,10.577165,76.049995,96,,45900,38200
476111,Ambah,26.72699,78.28316000000001,96,,20500,17100
476229,Sabalgarh,26.21841,77.435575,96,,20500,17100
624707,Sembatti,10.29427,77.840535,96,,31600,26300
625001,Madurai,9.91869,78.11847499999999,96,,41100,34300
476115,Porsa,26.69021,78.419875,96,,20400,17000
476134,Dimni,26.653820000000003,78.128805,96,,20400,17000
476219,Baghchini,26.48649,77.787905,96,,20400,17000
476224,Kelaras,26.356825,77.591235,96,,20400,17100
243201,Baheri,28.7828,79.530585,96,,19800,16500
242407,Nigohi,28.11663,79.88202,96,,17300,14500
413606,Omerga,17.85391,76.62841,96,,31000,25800
835217,Neori Vikas Vidyalaya,23.44466,85.41832500000001,96,,26500,22100
835218,Netarhat,23.400075,84.249635,96,,17700,14800
475675,Indergarh,25.91633,78.582325,96,,22700,18900
475685,Sonagir,25.79182,78.369745,96,,22600,18800
476001,Morena,26.568075,77.99799,96,,20400,17000
508115,Yadgarpalli,17.654980000000002,78.88794999999999,96,,32600,27200
508117,Bhongir Gunj,17.59679,78.811365,96,,32800,27300
206249,Ruruganj,26.77198,79.42152999999999,96,,14800,12400
678612,Parli PG,10.804425,76.55707000000001,96,,34600,28900
678582,Mannarkkad,11.07768,76.50017500000001,96,,34700,29000
243303,Ram Nagar,28.41101,79.091915,96,,19500,16300
243401,Bhamora,28.226605,79.28887499999999,96,,19500,16300
243402,Ballia,28.225725,79.37412499999999,96,,19600,16300
781035,Garchuk,26.11374,91.672435,96,,20900,17400
474010,Moti Jheel,26.267975,78.098015,96,,26400,22000
284405,Mahroni,24.556025,78.731,96,,17600,14700
173021,Majra,30.49635,77.53627,96,,27400,22800
172024,Kingal,31.316405000000003,77.38571999999999,96,,44500,37100
493551,"Mahasamund, Chhattisgarh",21.1922846,82.4890263,96,,31700,26400
754137,Tirtol,20.32763,86.33726999999999,96,,18300,15200
481116,Malanjkhand,21.998185,80.67794,96,,20400,17000
210128,Tindwari,25.635505,80.54639,96,,15800,13100
210129,Naraini,25.12916,80.443705,96,,15500,13000
506342,Atmakur,18.049945,79.717095,96,,30900,25700
506344,Govindaraopet,18.20824,80.25268,96,,30900,25700
680523,Kizhur,10.649745,76.04614000000001,96,,45100,37600
689542,Eraviperoor,9.372215,76.63808,96,,46700,39000
476337,Sheopur,25.672585,76.73943,96,,17300,14400
533107,Satellite City,16.97723,81.83524,96,,30900,25800
210206,Pahari,25.35895,80.95349999999999,96,,16400,13700
506314,Raiparthy,17.68339,79.599975,96,,30900,25700
506316,Zaffargadh,17.718989999999998,79.48769999999999,96,,30900,25700
506317,Peddavangara,17.607644999999998,79.558175,96,,30900,25700
506318,Waddekothapally,17.536,79.586855,96,,30900,25700
506319,Shayampet,18.15198,79.723105,96,,30900,25700
506348,Regonda,18.227775,79.77990500000001,96,,30800,25600
521369,Munjuluru,16.306765,81.204045,96,,36800,30600
606110,Karuvepilankurichi,11.459995,79.32371,96,,24100,20100
801505,Phulwarisharif,25.533535,85.052445,96,,24500,20400
275302,Bhopaura,26.075925,83.4862,96,,18200,15200
506324,Dantalapalli,17.490225,79.720635,96,,30900,25700
506252,Ippaguda,17.742945,79.39878999999999,96,,30900,25700
506301,Chagal,17.834220000000002,79.293635,96,,30900,25700
506302,Devaruppal,17.598135,79.367585,96,,30900,25700
506303,Waddicherla Nawabpet,17.633345,79.2799,96,,30900,25700
731104,Bk.T.P.P,23.854625,87.41757000000001,96,,20300,17000
731241,Chandpara,24.18991,87.93706,96,,20400,17000
731245,Dakshingram,24.050870000000003,87.84174,96,,20500,17100
731301,Ch.Nanoor,23.691015,87.85484,96,,20400,17000
506222,Kodakondla,17.581519999999998,79.459375,96,,30900,25700
670661,Palayad,11.79699,75.47455,96,,32700,27200
734009,Sukna,26.78824,88.331005,96,,30900,25700
734010,Matigara,26.73669,88.34436,96,,30700,25600
332701,Ajitgarh Amarsar,27.437635,75.8489,96,,28600,23800
332315,Khuri Badi,27.732175,75.06370000000001,96,,28700,23900
332404,Ringas,27.35015,75.558345,96,,28700,23900
604403,Kilkodungalur,12.496015,79.709745,96,,25300,21100
731234,Sainthia,23.92273,87.70686,96,,20400,17000
731238,Chatra,24.375785,87.88743,96,,20400,17000
731129,Purundarpur,23.860285,87.60203,96,,20300,17000
731202,Baswa,24.21988,87.85165,96,,20400,17000
221303,Gopiganj,25.26768,82.440245,96,,14800,12400
221202,Mangari,25.450595,82.91684000000001,96,,19200,16000
172021,Nankhari,31.26672,77.59215,96,,44400,37100
221207,Kathiraon,25.5094,82.75113999999999,96,,19400,16200
221208,Sindhora,25.51835,82.906815,96,,19400,16200
172001,Rampur Bushahr,31.37007,77.6412,96,,44600,37200
532242,Mandasa,18.871725,84.455475,96,,29000,24200
142042,Dharamkot,30.95908,75.23396,96,,32700,27200
480997,Ghansore,22.71076,80.07858999999999,96,,17300,14400
768121,Gohira Dam Site,21.375995,84.439375,96,,17100,14200
625203,Genguvarpatti,10.18168,77.68425500000001,96,,37300,31000
476554,Khadiahar,26.509735,78.245855,96,,20400,17000
152002,Ferozepur City,30.90369,74.57568,96,,34200,28500
476444,Banmore,26.40081,78.15366,96,,20400,17000
151210,Alamwala,30.256365,74.36034000000001,96,,31400,26100
171204,Kiari,31.169475,77.543375,96,,44800,37300
392035,Sarbhan,21.980325,72.93695,96,,28200,23500
227413,Tikarmafi,26.135530000000003,81.89419000000001,96,,21900,18300
805121,Nemdarganj,24.81902,85.58892499999999,96,,16400,13700
805122,Nurhat,24.750145000000003,85.389415,96,,16500,13700
507115,Paloncha,17.687334999999997,80.73394,96,,30000,25000
673503,Purameri,11.67525,75.6388,96,,37600,31300
673501,Orkatteri,11.664025,75.593655,96,,37600,31300
507122,Karepalli,17.512755,80.351545,96,,30300,25200
688536,Vayalar,9.72863,76.33958,96,,44800,37300
688538,Mannancherry,9.569845,76.36558,96,,45100,37500
689108,Peringara,9.384645,76.541035,96,,47000,39100
689112,Chathankary,9.386525,76.52125000000001,96,,46800,39000
852127,Simri Bakhtiarpur,25.73586,86.60996,96,,21300,17700
392020,Dayadra,21.800295,72.92128,96,,28500,23800
391440,Padra,22.23706,73.033575,96,,34200,28500
392030,Shuklatirth,21.778815,73.11896,96,,28200,23600
673029,Tiruvannur Nada,11.226105,75.80416,96,,37000,30900
673010,Karaparamba,11.29908,75.795445,96,,36900,30800
731125,Khoyrasole,23.809325,87.19496000000001,96,,20300,16900
723202,Jhalda,23.38031,85.98944499999999,96,,14700,12300
332411,Baori,27.438895,75.48799,96,,28300,23600
767032,Saintala,20.44182,83.33024,96,,24800,20700
480886,Lakhnadon,22.562945,79.63230999999999,96,,17400,14500
689102,Kavumbhagom,9.37178,76.562815,96,,46500,38800
606303,Toludur,11.46028,78.96334,96,,24000,20000
326514,Dag,23.99625,75.846795,96,,20500,17100
508223,Tirumalgiri,17.49299,79.45589000000001,96,,32600,27200
507157,Palair,17.189709999999998,79.91387,96,,30300,25300
722157,Bonradhanagar,23.22297,87.32888,96,,14300,11900
332705,Ganeshwar,27.62743,75.88178500000001,96,,28500,23800
228159,Ramganj,26.139215,82.03903,96,,21600,18000
673028,Arakinar,11.203925,75.798645,96,,37100,30900
531030,Devarapalli,18.028695,82.92752999999999,96,,39800,33100
531031,Kasimkota,17.648805,82.90870000000001,96,,39900,33200
531021,Paravada,17.616819999999997,83.08357,96,,39100,32700
627009,Tirunelveli Collectorate,8.72147,77.71182999999999,96,,34200,28500
627010,Industrial Colony Pettai,8.735534999999999,77.600375,96,,34200,28500
627011,Maharajangar,8.68026,77.784855,96,,34200,28500
627012,Manonmaniam Sundaranar Univers,8.776215,77.62328,96,,34300,28500
627001,Tirunelveli,8.73165,77.70757,96,,34200,28500
757032,Bangriposi,22.14733,86.55556999999999,96,,20200,16800
757023,Garia,21.941965,86.90636,96,,20200,16800
484120,S.K. Nagar,23.147465,81.62507500000001,96,,21900,18300
221105,Harhua,25.39226,82.89739,96,,19300,16100
531028,Kj Puram,17.93584,82.86361,96,,39500,32900
531029,G Madugula,18.054825,82.51088,96,,39200,32700
627003,Vannarpettai,8.734485,77.722385,96,,34200,28500
627004,Tirunelveli Pettai,8.71904,77.66058000000001,96,,34200,28500
481117,Garhi,22.21569,80.85849999999999,96,,20200,16900
531020,Ntpc Simhadri,17.56994,83.09461999999999,96,,39300,32800
152132,Maujgarh,30.04441,73.99063,96,,34500,28700
481778,Samnapur,22.67421,81.08756,96,,11400,9500
481880,Dindori,22.932160000000003,81.04618500000001,96,,11400,9500
532403,Murapaka,18.221825000000003,83.77635000000001,96,,28800,24000
766107,Khariar,20.294165,82.77115,96,,11500,9600
152128,Khuiyan Server,30.15623,74.052975,96,,34000,28400
507140,S.N.Puram,18.060465,80.90066999999999,96,,30000,25000
507154,Siil Campus,17.58191,80.662905,96,,30200,25200
243407,Senthal,28.545415,79.560575,96,,19600,16400
243501,B R Factory,28.460125,79.28541,96,,19600,16300
508202,Hill Colony,16.642165,79.348225,96,,32300,27000
392130,Dahej,21.730765,72.66354,96,,28400,23700
392135,Jolva,21.71467,72.6557,96,,28100,23500
125049,Sisai,29.19773,76.01129499999999,96,,24700,20600
520004,Machavaram,16.528910000000003,80.65975,96,,36300,30300
506367,Maddur,17.96494,79.10540499999999,96,,30700,25600
507116,Hwp Aswapur Colony,17.805349999999997,80.79465,96,,30100,25100
507117,Manuguru Colls,17.97803,80.65501,96,,30200,25200
507119,Rudrampur,17.486745,80.65787499999999,96,,30100,25100
506370,Waddepalli,18.019,79.496475,96,,30900,25700
506371,Hasanparthy,18.06313,79.48055,96,,30900,25700
506381,Dornakal,17.41905,80.091925,96,,30900,25700
627151,Maruthakulam,8.595839999999999,77.725875,96,,34500,28700
627109,Panagudi,8.3127,77.60012499999999,96,,34200,28500
273404,Belghat,26.434255,83.135375,96,,20100,16700
425108,Akulkheda,21.285025,75.136345,96,,25500,21300
811112,Piri Bazar,25.17842,86.35926,96,,19900,16600
518563,Sirvel,15.359825,78.49985000000001,96,,26700,22300
673509,Parakkadavu,11.72987,75.64502999999999,96,,37500,31200
506368,Nallikaddur,17.608674999999998,79.780055,96,,30900,25700
635803,Gudiyattam RS,12.94654,78.91777,96,,32300,26900
171103,Dhami,31.194055,77.06764,96,,44900,37400
759025,Gadasila,20.69864,85.51085499999999,96,,18100,15100
171011,Totu,31.072315,77.09346,96,,44500,37100
627119,Vijayanarayanam Naval Base,8.388819999999999,77.753955,96,,34200,28500
627120,Anuvijay Township,8.156835000000001,77.62383500000001,96,,34200,28500
627127,Kuttapuli,8.148455,77.59640999999999,96,,34200,28500
627133,Mahendragiri,8.2914,77.55738500000001,96,,34200,28500
627002,Palayankottai,8.72419,77.74491,96,,34200,28500
766014,Junagarh,19.78226,82.96656,96,,16300,13600
627005,Melapalayam,8.696290000000001,77.711625,96,,34200,28500
627006,Tirunelveli Town,8.715150000000001,77.678355,96,,34200,28500
627007,Perumalpuram,8.66394,77.725875,96,,34200,28500
627008,Gandhinagar,8.744489999999999,77.66874,96,,34200,28500
160022,Sector 22,30.726505,76.76827,96,,77800,65000
635802,Ambur,12.75823,78.73391000000001,96,,32100,26700
627452,Melaseval,8.654779999999999,77.611485,96,,34600,28800
627453,Pattamadai,8.661069999999999,77.59224499999999,96,,34600,28700
627416,Kallidaikurichi,8.661480000000001,77.478485,96,,34500,28700
627417,Karaikurichi,8.684180000000001,77.535715,96,,34500,28700
627603,Vadakku Ariyanayagipuram Petta,8.732775,77.54415,96,,34200,28500
627604,Suttamally,8.703859999999999,77.64071999999999,96,,34400,28700
627651,Idayangudi,8.29664,77.909175,96,,34200,28500
627652,Ittamozhi,8.391355,77.8267,96,,34200,28500
627202,Ukkirankottai,8.920670000000001,77.61285000000001,96,,34300,28600
764063,Mirganiguda,19.199315,82.51073,96,,11400,9500
764070,Tentulikhunti,19.27839,82.73674,96,,11400,9500
764071,Papadahandi,19.41762,82.52128,96,,11400,9500
764072,Dabugam,19.53625,82.32406,96,,11400,9500
764074,Raighar,19.91699,82.12038999999999,96,,11400,9500
627428,Agasthiyarpatti,8.714985,77.42212,96,,34200,28500
627451,Gopalasamudram,8.666415,77.641165,96,,34500,28700
627117,Vallioor,8.377025,77.610835,96,,34500,28700
627118,Vijayanarayanam,8.402615,77.79599,96,,34200,28500
764075,Kodinga,19.33093,82.34549999999999,96,,11400,9500
764076,Jharigam,19.706085,82.42892499999999,96,,11400,9500
764052,Chitrakonda,18.176695,82.081525,96,,12600,10500
764059,Nabarangpur,19.282885,82.56055,96,,11500,9600
764061,Kosagumuda,19.299965,82.246475,96,,11400,9500
627201,Manur,8.856675,77.62107499999999,96,,34300,28600
142003,Moga Kty,30.85097,75.2116,96,,32700,27300
627110,Parappadi,8.425315,77.73961,96,,34200,28500
627351,Burkitmanagaram,8.769605,77.82992999999999,96,,34200,28500
627352,Gangaikondan,8.86372,77.75915,96,,34200,28500
627353,Kizhanatham,8.753139999999998,77.74827,96,,34200,28500
627354,Mulaikaraipatti,8.580884999999999,77.76912,96,,34200,28500
627355,Munanjipatti,8.49234,77.794535,96,,34200,28500
627356,Munnirpallam,8.661529999999999,77.67283499999999,96,,34500,28700
344001,Barmer,25.745395,71.27932999999999,96,,23600,19700
344011,Bishala,26.027195,70.851615,96,,23600,19700
822129,Bhawnathpur TownShip,24.44534,83.676985,96,,18100,15100
273014,Pac Camp,26.782455,83.42607,96,,20000,16700
231313,Jigna RS,25.21538,82.29728,96,,15500,12900
816101,Barharwa,24.87558,87.822375,96,,15600,13000
342902,Gotan,26.665715,73.73817,96,,36100,30200
508101,Alair,17.640285,79.119775,96,,32600,27100
630002,Sekkalai,10.096975,78.7679,96,,27800,23100
630003,Alagappapuram,10.08245,78.792925,96,,27800,23200
627811,Tenkasi,8.96597,77.31952999999999,96,,34500,28700
630104,Kandanur,10.100225,78.82124,96,,27700,23100
630106,Kottaiyur,10.11659,78.79586,96,,27500,22900
630108,Puduvayal,10.05928,78.9075,96,,27600,23000
627862,Virasigamani,9.114935,77.47927000000001,96,,34400,28600
627951,Devarkulam,9.005385,77.65116,96,,34200,28500
627111,Radhapuram,8.25867,77.72168500000001,96,,34200,28500
627112,Samugarengapuram,8.322285,77.73083,96,,34200,28500
627113,Terkukallikulam,8.35029,77.68512,96,,34200,28500
627114,Terkukarungulam,8.195654999999999,77.597435,96,,34200,28500
627115,Tirukurungudi,8.424035,77.529035,96,,34600,28700
627116,Vadakangulam,8.24191,77.62197,96,,34200,28500
627101,Dalapathisamudram,8.421985,77.64749499999999,96,,34500,28700
627953,Melanilithanallur,9.095255,77.59457,96,,34200,28500
627654,Pettaikulam,8.294525,77.79949500000001,96,,34200,28500
627657,Tisayanvillai,8.306895,77.84873,96,,34200,28500
627426,Viravanallur,8.70573,77.511565,96,,34500,28700
627104,Idindakarai,8.206479999999999,77.757845,96,,34200,28500
627105,Kavalkinaru,8.265460000000001,77.581525,96,,34200,28500
627106,Kudankulam,8.199735,77.7102,96,,34200,28500
627601,Mukkudal,8.75132,77.529945,96,,34300,28500
627602,Pappagudi,8.769874999999999,77.50439499999999,96,,34300,28600
630202,Ariyakudi,10.047355,78.807995,96,,27900,23200
630203,Kandavarayanpatti,10.18232,78.590605,96,,27400,22900
630206,Kunnakudi,10.118035,78.697845,96,,27700,23100
627756,Sankarankovil,9.181435,77.53435999999999,96,,34300,28600
627758,Vasudevanallur,9.226295,77.44196500000001,96,,33900,28300
630212,Viramathi,10.160005,78.64835500000001,96,,27500,22900
627818,Melagaram,8.947945,77.299975,96,,34500,28700
627859,Surandai,8.993145,77.43470500000001,96,,34500,28700
627421,Manimuthar Project,8.65598,77.41910999999999,96,,34200,28500
627422,Papanasam Mills,8.694980000000001,77.39927,96,,34200,28500
627423,Pottalpudur,8.795765,77.42249000000001,96,,34300,28600
627424,Ravanasamudram,8.816794999999999,77.315725,96,,34300,28600
627357,Sankarnagar,8.829180000000001,77.70636999999999,96,,34200,28500
627358,Tachanallur,8.774564999999999,77.68562499999999,96,,34200,28500
630207,Nachiapuram,10.094505,78.6585,96,,27900,23200
630208,O.Siruvayal,10.11842,78.73436000000001,96,,27700,23100
508105,Raghunathpur,17.739065,78.92831,96,,32600,27200
711110,Baksara,22.576095,88.28888,96,,34500,28800
627359,Rajavallipuram,8.793579999999999,77.76580000000001,96,,34200,28500
627401,Ambasamudram,8.70806,77.45397,96,,34200,28500
627412,Alwarkurichi,8.79592,77.30938499999999,96,,34300,28600
627413,Brahmadesam,8.738555,77.45431500000001,96,,34300,28500
627415,Kadayam,8.84717,77.34550999999999,96,,34400,28600
627418,Kila Ambur,8.758295,77.38561,96,,34300,28500
507169,Cheruvumadharam,17.024745,80.112865,96,,30400,25300
209735,Sarai Prayag,27.154515,79.733285,96,,17300,14400
520010,Venkateswarapuram,16.500735,80.64905999999999,96,,36700,30600
507209,Kallur,17.170575,80.528025,96,,30300,25200
507210,Garla,17.484195,80.15808,96,,30000,25000
209121,Sarwankhera,26.308645,80.09624,96,,20900,17400
673635,Calicut University,11.13418,75.882345,96,,33000,27500
209732,Tirwa,26.9655,79.79477,96,,17400,14500
761015,Mohana,19.48848,84.29242500000001,96,,24000,20000
761017,Chandragiri,19.298885,84.259495,96,,24300,20200
760007,Berhampur University,19.321415,84.875775,96,,17600,14600
821102,Bhagwanpur S.O (Kaimur (Bhabua)),24.77237,83.70385999999999,96,,17600,14700
821103,Chainpur S.O (Kaimur (Bhabua)),25.009105,83.46232,96,,17800,14800
814167,Ranga Masalia,24.158895,87.19820999999999,96,,22400,18700
822133,Meral,24.168525,83.66535999999999,96,,18300,15200
822112,Bhawnathpur,24.4183,83.52088,96,,18400,15300
761003,Bhatakumarada,19.40464,84.880405,96,,17600,14600
635813,Valathoor,12.89331,78.80686,96,,32100,26700
635814,Shanankuppam,12.73836,78.72412,96,,32100,26700
635815,Kethandapatti Sugar Mills,12.606825,78.57016,96,,32100,26700
635851,Jolarpettai,12.58291,78.577725,96,,32100,26700
635852,Natrampalli,12.61406,78.507455,96,,32100,26800
761012,Digapahandi,19.380105,84.58202499999999,96,,17600,14600
761014,Pudamari,19.443625,84.46372500000001,96,,17700,14700
635901,Kandili,12.4853,78.480735,96,,32300,26900
635804,Madanur,12.855855,78.869625,96,,32100,26700
635805,Mailpatti,12.87657,78.78261,96,,32100,26700
635806,Melalathur,12.90989,78.828915,96,,32100,26700
635807,Minnur,12.71889,78.68961,96,,32100,26700
635808,Oomerabad,12.864165,78.7142,96,,32100,26700
760010,Engineering School,19.29791,84.83655999999999,96,,17500,14600
761002,Gopalpur,19.27538,84.88478,96,,17600,14600
627860,Uthumalai,9.005205,77.545125,96,,34300,28600
627861,Virakeralmpudur,8.933225,77.458635,96,,34500,28700
635809,Pallikonda,12.88847,78.9307,96,,32400,26900
635812,Vadapudupet,12.8296,78.79154,96,,32100,26700
635751,Vaniyambadi,12.673335,78.63907499999999,96,,32100,26700
635752,Newtown Vaniyambadi,12.640085,78.67159000000001,96,,32100,26700
635853,Pakkirithakka,12.570865,78.62624,96,,32100,26700
635854,Pachur,12.582595,78.460665,96,,32300,26900
854332,Kuari,26.393335,87.45233999999999,96,,17700,14800
247453,Jaroda Panda,29.668075,77.553695,96,,25000,20800
247554,Deoband,29.688735,77.66484,96,,25000,20800
D160859,"Aizawl, Mizoram · D160859",23.8608788,92.864694,96,,32200,26800
688539,Mayithara Market,9.67566,76.35496499999999,96,,44500,37100
688540,Thirumalabhagom,9.774175,76.292275,96,,45000,37500
631001,Arakkonam,13.08783,79.667265,96,,32100,26700
344024,Jasol,25.817075000000003,72.20998,96,,23600,19700
515541,Kutagulla,14.26372,78.13149,96,,32500,27100
688504,Pulincunnu,9.452055,76.44158,96,,45200,37600
688525,Muhamma,9.616755,76.369425,96,,45000,37400
854326,Gulabbagh,25.80942,87.594825,96,,19200,16000
854331,Kursakanta,26.312905,87.40877,96,,17700,14800
396540,Fadvel,20.73332,73.188805,96,,25800,21500
247121,Behat,30.24338,77.66385,96,,24600,20500
247122,Badshahi Bagh,30.35041,77.62722,96,,25000,20800
362255,Sherbaug,21.03336,70.36283,96,,27100,22600
362310,Vadal,21.605815,70.508475,96,,27100,22600
415505,Khatav,17.650965,74.359505,96,,30900,25800
415510,Aundh,17.54639,74.33034,96,,31400,26100
415511,Rahimatpur,17.57542,74.21187,96,,31500,26200
760008,Lanjipalli,19.29791,84.81493,96,,17500,14600
202122,Aligarh Dairy Farm,27.993740000000003,78.06137,96,,22700,18900
202124,Iglas,27.74236,77.94058000000001,96,,22700,18900
821106,Hatta S.O (Kaimur (Bhabua)),25.0751,83.42143,96,,17800,14800
821108,Kudra,25.046525000000003,83.80886,96,,17800,14800
821109,Mohania,25.16983,83.699405,96,,17800,14800
822124,Rehala,24.165075,83.99244,96,,18200,15200
822125,Ranka Raj,23.81088,83.80687499999999,96,,18100,15100
822128,Ramna,24.216855,83.59708499999999,96,,18200,15200
508234,Nadigudem,17.126289999999997,79.885795,96,,32700,27200
585307,Chincholi,17.48361,77.44214,96,,17600,14600
394516,Adityanagar,21.172595,72.68997999999999,96,,39400,32900
394517,Mora,21.178195,72.67086499999999,96,,39300,32800
574110,Nitte,13.183885,74.93105,96,,30000,25000
574111,Padubidri,13.139335,74.79363000000001,96,,29900,25000
685583,Vazhithala,9.87087,76.65567,96,,44200,36900
685603,Idukki Painavu,9.8311,76.934235,96,,44200,36800
685607,Vannapuram,9.97962,76.819305,96,,44300,37000
761054,Ballipada,19.36326,84.67471,96,,17600,14600
762015,Bounsoni,20.7555,84.076655,96,,13000,10800
762016,Manamunda,20.718125,83.957855,96,,13000,10800
762020,Harabhanga,20.59999,84.67206999999999,96,,13000,10800
762023,Jhadrajing,20.54358,84.42779,96,,13000,10800
631101,Guruvarajpet,13.11624,79.581885,96,,32100,26800
482021,R.F.R.C.,23.046435,79.97386499999999,96,,22100,18400
762024,Biranarasinghpur,20.698715,84.351175,96,,13000,10800
517319,Chinnatippasamudram,13.63764,78.55655,96,,33800,28100
241401,Barwan,27.419345,79.85979,96,,18700,15600
241403,Sandi,27.261315000000003,79.94467499999999,96,,18700,15600
241404,Gopamau,27.486285,80.286145,96,,18800,15700
825408,Itkhori,24.223305000000003,85.18376,96,,15000,12500
221405,Hathi Bazar,25.346365,82.84407,96,,19500,16200
761212,Narayanapur,18.92687,84.30154,96,,24400,20300
761213,Rayagada,18.95912,84.162825,96,,24300,20200
762013,Purunakatak,20.667305,84.45448,96,,13000,10800
273008,Kunraghat,26.74388,83.420635,96,,20000,16700
829101,Argada,23.67777,85.439555,96,,21900,18200
508244,Munugode,17.087995,79.08383,96,,32600,27200
313327,Koaria,25.15654,73.99431,96,,19700,16400
209301,Derapur,26.409995,79.77938,96,,20700,17300
209303,Rura,26.499,79.92842999999999,96,,21000,17500
209305,Chakarpur,26.412915,80.23336,96,,27400,22900
241305,Gaus Ganj,27.053535,80.30255,96,,18600,15500
761030,Khallikote,19.63089,85.04612,96,,17600,14700
761011,Nuapada,19.24182,84.476955,96,,17600,14700
635118,Thally,12.57932,77.648575,96,,33800,28200
635602,Tirupattur Bazaar,12.461745,78.566,96,,32100,26800
635651,Pudupettai,12.527685,78.50075,96,,32100,26800
635654,Sundarampalli,12.43166,78.483785,96,,32400,27000
517502,S.V.University,13.62125,79.39322999999999,96,,33200,27700
202129,Kauriyaganj,27.883935,78.32408,96,,22700,18900
632602,Gudiyattam,12.94533,78.870695,96,,32100,26700
632502,Anvardhikhanpet,13.02447,79.566945,96,,32100,26800
632505,Banavaram,13.023525,79.480025,96,,32100,26800
632403,Ranipet Industrial Estate,12.95763,79.31082,96,,32100,26800
632404,Karai,12.928525,79.32005,96,,32100,26800
632517,Ratnagiri Kilminnal,12.931455,79.232325,96,,32300,26900
314404,Vikasnagar,23.660465,73.701515,96,,17800,14800
761020,Chatrapur,19.359325,84.98398,96,,17600,14600
202002,Aligarh Muslim University,27.89481,78.08411000000001,96,,22900,19100
686663,Ramamangalam,9.934855,76.50893,96,,55900,46700
202121,Akrabad,27.82159,78.263205,96,,22800,19000
761119,Bellagunhta,19.895065,84.67032499999999,96,,17600,14700
761120,Baragam,19.856075,84.71455,96,,17600,14700
632501,Ammoor,12.993725,79.39395999999999,96,,32100,26800
761126,Bhanjanagar,19.956655,84.580905,96,,17600,14700
761141,Gallery,20.1248,84.56979000000001,96,,17500,14600
761055,Bissmagiri,19.33835,84.45238499999999,96,,17600,14600
761101,Kanchuru,19.43341,84.76031,96,,17600,14600
635601,Tirupattur,12.5,78.56195500000001,96,,32100,26800
D932553,"Kandhamal, Odisha · D932553",20.1306939,84.0790476,96,,32300,26900
682556,Kadamat,11.21401,72.772345,96,,36000,30000
682557,Kalpeni,10.07038,73.64252,96,,35800,29800
682559,Minicoy,8.274750000000001,73.036085,96,,35800,29800
D832760,"Chittoor, Andhra Pradesh · D832760",13.325036,79.6480611,96,,32000,26700
202134,Gangiri,27.853845,78.461995,95,,22500,18800
202133,Dadon,27.984755,78.51487,95,,22200,18600
202131,Bijauli,28.03082,78.40510499999999,95,,22500,18800
202138,Khair,27.949335,77.8574,95,,22200,18600
396040,Khergam,20.646965,73.123395,95,,25300,21200
576111,Belmannu,13.17777,74.87450000000001,95,,29500,24700
574108,Muniyal,13.362955,75.00882,95,,29500,24700
D254564,"Panchkula, Haryana · D254564",30.689535,76.9947922,95,,31200,26100
D231483,"Rayagada, Odisha · D231483",19.4426698,83.5873053,95,,31300,26200
576115,Kemmannu,13.400965,74.71342,95,,29700,24800
576104,Manipal,13.339585,74.793095,95,,29600,24700
685606,Kanjikuzhi - Idukki,9.965895,76.909305,95,,43600,36400
D361537,"Auraiya, Uttar Pradesh · D361537",26.6558215,79.5160757,95,,31300,26200
D371822,"South Tripura, Tripura · D371822",23.1708278,91.638817,95,,31000,26000
680604,Maruthancode,10.68535,76.11594,95,,44300,37100
202123,Gonda,27.823435,77.88341,95,,22600,18900
311601,Bigod,25.305495,74.987865,95,,30600,25600
307515,Jaswantpura,24.86533,72.403895,95,,24600,20600
761217,Odava,19.48757,84.06956500000001,95,,23700,19800
761207,Gumma,18.96,84.04197500000001,95,,23700,19800
221503,Handia,25.385965,82.20999499999999,95,,22600,18900
221505,Hanumanganj,25.411855000000003,82.021415,95,,22700,19000
221507,Sahson,25.48578,81.97770499999999,95,,22700,19000
221508,Saidabad,25.402295,82.122985,95,,22500,18900
221502,Baraut,25.351265,82.28157999999999,95,,22700,19000
632508,Kaveripak,12.91895,79.45584500000001,95,,31300,26200
632513,Walajapet,12.918665,79.39677499999999,95,,31700,26500
632521,Vilapakkam,12.868965,79.315955,95,,31300,26200
632503,Arcot,12.864785,79.346015,95,,31300,26200
635652,Vishamangalam,12.3952,78.6079,95,,31700,26500
635653,Vengalapuram,12.47943,78.628805,95,,31800,26500
854334,Maryganj,26.088175,87.227395,95,,17400,14600
854335,Narpatganj,26.268665,87.122735,95,,17400,14600
854336,Nawabganj,26.47983,87.117445,95,,17400,14600
247340,Ambehta,29.854775,77.34131,95,,24100,20200
689104,Valanjavattom,9.35222,76.542715,95,,45800,38300
206124,Bakewar,26.66332,79.17706,95,,16600,13900
206241,Achhalda,26.700425000000003,79.411125,95,,14400,12100
206001,Etawah,26.77483,79.006245,95,,16700,13900
206002,I. T. I. Etawah,26.83257,78.99854500000001,95,,16600,13900
515621,Perur,14.350715,77.34237999999999,95,,32200,26900
261505,Maigal Ganj,27.78209,80.256125,95,,18400,15400
576283,Hattiangadi,13.673825,74.81177,95,,29300,24500
392150,Jambusar,22.047595,72.808265,95,,27900,23300
391445,Ranu,22.16246,73.06460999999999,95,,32800,27500
689106,Kuttur,9.359134999999998,76.583045,95,,46100,38500
689110,Podiyadi,9.368675,76.53264,95,,46300,38700
630107,Pallattur,10.13665,78.801345,95,,27300,22800
630101,Attangudi,10.14965,78.7176,95,,27300,22800
764085,Khatiguda,19.278015,82.815615,95,,11300,9400
627754,Kuruvikulam,9.19515,77.61568,95,,33600,28100
627760,Athuvazhi,9.28519,77.37831,95,,33300,27900
630205,Kilasevalpatti,10.194765,78.645905,95,,27100,22700
630102,Chettinad,10.143575,78.77525,95,,27300,22800
631152,Suraksha Cisf Campus,13.042235,79.749225,95,,31800,26600
631501,"Kancheepuram, Tamil Nadu",12.88211,79.8063903,95,,31200,26100
632011,TB Sanatorium,12.83559,79.14055,95,,31200,26200
631051,Namali,12.95621,79.65208,95,,31800,26600
483440,Slleemanabad,23.66517,80.26505499999999,95,,16900,14100
630405,Nerkuppai,10.238995,78.58084500000001,95,,27000,22600
635702,Andiappanur,12.529235,78.668045,95,,31800,26500
635710,Mittur,12.556605,78.75286,95,,31700,26500
632401,Ranipet,12.92948,79.334375,95,,31800,26600
530014,Naval Base,17.70448,83.261975,95,,38400,32200
530018,Marripalem,17.744145,83.25139,95,,38200,32100
632113,Cholavaram,12.792995,79.06700000000001,95,,31200,26200
632057,Munjurpattu,12.849955,79.17566,95,,31400,26300
632058,Pennathur,12.8453,79.10919,95,,31500,26300
631151,Takkolam,13.01909,79.706745,95,,31800,26600
403502,Tivim,15.628115,73.85653500000001,95,,48200,40400
125044,Satroad Khurd,29.111135,75.83763,95,,24200,20200
125052,Mandi Adampur,29.266415,75.49132499999999,95,,24000,20100
392160,Karmad,21.709715,72.8528,95,,27900,23300
392210,Nabipur,21.819285,73.062945,95,,28000,23400
391410,Bhaily,22.26434,73.12625,95,,33200,27800
577536,Nayakanahatti,14.488325,76.558445,95,,28900,24200
577522,Challakere,14.250305,76.72306499999999,95,,28900,24200
852111,Jia Ram Raghopur,26.290635,86.85478,95,,19700,16500
390020,Akota,22.278885,73.14226,95,,33500,28000
391120,Tilakwada,21.99742,73.57997,95,,16900,14100
205119,Tindauli,27.169065,78.910815,95,,22800,19000
680520,Thozhiyur,10.63955,76.03572,95,,44400,37100
680521,Arthat,10.63528,76.050135,95,,44600,37300
689546,Othera,9.34766,76.63203,95,,45800,38300
689514,Kidangannur,9.29246,76.688095,95,,45600,38200
689531,Koipuram,9.337525,76.659535,95,,45600,38200
689503,Kulanada,9.251635,76.69197,95,,45400,38100
221101,Cholapur,25.483745,83.02039500000001,95,,19000,15900
758030,Swampatna,21.61588,85.909505,95,,21700,18100
758025,Kushaleswar,21.20266,86.01219499999999,95,,21700,18100
531032,Thummapala,17.73356,82.95972,95,,38900,32500
531023,Govada,17.801650000000002,82.97937999999999,95,,38400,32100
531024,Paderoo,18.003605,82.72408,95,,38400,32200
531025,Ravikamatham,17.772665,82.687335,95,,38300,32100
531026,Vaddadi,17.793425,82.85485,95,,38500,32200
531027,Madugula,17.86279,82.772715,95,,39000,32600
765033,Dambasora,19.186015,83.897605,95,,19100,16000
766002,Bhawanipatna G.Chowk,19.87469,83.21658500000001,95,,15700,13200
484771,Jaisinghnagar,23.760715,81.43804499999999,95,,21600,18000
484551,Birsinghpur Pali,23.38358,81.11581000000001,95,,15600,13000
484661,Umaria,23.515285,80.83284,95,,15300,12900
759022,Hindol,20.661415,85.19559,95,,17600,14700
481331,Waraseoni,21.749595,80.091825,95,,20000,16700
171001,Shimla G.P.O.,31.101885,77.173085,95,,43500,36400
171002,Shimla East,31.08936,77.17059499999999,95,,43500,36400
171004,Ambedkarchowk,31.09897,77.149295,95,,43900,36700
171006,Sanjauli,31.091205,77.20118,95,,43500,36400
171007,Mashobra,31.16066,77.22004,95,,43400,36400
756171,Dhamara,20.81852,86.9744,95,,14200,11900
756133,Chandbali,20.791595,86.75736,95,,14200,11900
756138,Aradi,20.82461,86.65578,95,,14200,11900
756139,Arasa,20.992205,86.60886500000001,95,,14200,11900
756144,Basantia,21.15629,86.29231,95,,14100,11800
530041,Pothinamallayapalem,17.802585,83.36139,95,,38300,32100
530022,H B Colony,17.743355,83.32424499999999,95,,39000,32500
481663,Mohgaon,22.731160000000003,80.55460500000001,95,,10100,8500
481672,Chabi,22.88159,80.65983,95,,11300,9400
481776,Nainpur,22.371555,80.1699,95,,10100,8500
766031,Risida,20.38774,83.471895,95,,15700,13200
530024,Salagramapuram,17.741125,83.293225,95,,38300,32100
530026,Gajuwaka,17.68304,83.20697,95,,38500,32300
758014,Naranpur,21.617125,85.66984,95,,21400,17900
758016,Saharpada,21.69375,85.95179999999999,95,,21700,18100
756164,Naikanidihi,20.945135,86.87333000000001,95,,14100,11800
577539,Ramagiri,13.956765,76.119025,95,,28900,24200
689549,Maramon,9.34345,76.69060999999999,95,,45700,38300
689550,Kuriannoor,9.361945,76.70235,95,,46200,38600
689551,Otherawest,9.35572,76.60994,95,,46000,38400
389235,Malekpur,23.213135,73.71030999999999,95,,18800,15700
262727,Mitauli,27.839515,80.50776,95,,18400,15400
580003,Dharwad K V V,15.434235,74.979075,95,,30400,25400
580006,Dharwad M J Nagar,15.525815,75.075875,95,,30100,25200
580007,Dharwad R S,15.432125,74.93249,95,,30500,25500
306105,Bar,26.113685,74.071535,95,,22300,18700
689547,Kumbanadu,9.360415,76.65841,95,,46300,38700
689548,Pullad,9.356235,76.67882499999999,95,,46000,38500
391220,Kayavahron,22.103175,73.24269000000001,95,,32900,27600
403401,Ponda,15.397805,74.00489999999999,95,,44900,37600
689621,Niranam,9.344895,76.50424000000001,95,,45500,38100
689625,Elavanthitta,9.26001,76.720675,95,,45600,38200
689641,Kozhencherry,9.34049,76.71439000000001,95,,45600,38200
689595,Ramankary,9.415665,76.469155,95,,44300,37000
689611,Ayroor South,9.36128,76.725855,95,,46300,38700
689614,Kottathoor,9.35922,76.75328999999999,95,,45900,38400
625582,Subburajnagar,10.063475,77.31481,95,,36500,30500
625503,Palamedu,10.122405,78.09092,95,,40400,33800
171224,Summer Kot,31.293595,77.74684500000001,95,,43900,36700
171225,Baghi,31.212115,77.5435,95,,43900,36700
171226,Balag,30.985965,77.428095,95,,43900,36700
171301,Sunni Bhajji,31.22346,77.110395,95,,43800,36600
172022,Nogli,31.379595,77.76795,95,,44300,37000
481111,Baihar,22.14944,80.565395,95,,20000,16700
480880,Korai,21.82269,79.60329,95,,17100,14300
766111,Boden,20.304745,82.550505,95,,11200,9400
766118,Duajhar,20.211595000000003,82.71392,95,,11200,9400
284501,Rajghat Dam Project,24.782245,78.27955,95,,17300,14500
302001,Jaipur G.P.O.,26.9784335,75.7122089,95,,41200,34500
756116,Arnapal,20.99091,86.53538,95,,14200,11900
756117,Dhamnagar,20.93165,86.45193499999999,95,,14100,11800
756118,Kothar,20.92691,86.51454,95,,14100,11800
756163,Guamal,20.964555,86.595375,95,,14100,11800
756127,Dolasahi,21.034465,86.5961,95,,14100,11800
756128,Gujidarada,21.010405,86.55129,95,,14200,11900
756131,Pirahatbazar,20.944875000000003,86.732355,95,,14200,11900
403527,Mandrem,15.66166,73.731405,95,,48200,40400
388710,Timba Road,22.814770000000003,73.420085,95,,18700,15700
390009,Ongc Col,22.250125,73.22145,95,,33300,27900
390011,Manjalpur,22.27446,73.18524500000001,95,,33000,27700
689661,Kumpalampoika,9.318,76.813205,95,,45600,38200
689662,Vadasserikara,9.356095,77.02944,95,,45400,38000
403524,Arambol,15.701905,73.71458000000001,95,,48600,40600
302039,Murlipura,26.963285,75.77216,95,,41100,34400
303001,Andhi,27.060905,76.15732,95,,41100,34400
303002,Achrol,27.15549,75.959515,95,,40900,34200
303003,Med,27.33239,76.12795,95,,40800,34200
303005,Phagi,26.56019,75.48230000000001,95,,41400,34600
303006,Madhorajpura,26.556295,75.698995,95,,40900,34300
171212,Matiana,31.20416,77.35582500000001,95,,43600,36500
171213,Narkanda,31.226355,77.492125,95,,44200,36900
171214,Jangla,31.276335000000003,77.81357,95,,44300,37000
171201,Theog,31.1539,77.337305,95,,43500,36400
171202,Kotkhai,31.12242,77.55712500000001,95,,43500,36400
171203,Tikkar,31.18426,77.63862499999999,95,,43800,36700
171205,Jubbal,31.082045,77.65903,95,,44100,36900
171208,Chirgaon,31.2769,78.04590999999999,95,,44000,36800
221308,Ozh,25.35142,82.34961,95,,14600,12300
221301,Aurai,25.289975,82.55559500000001,95,,14700,12300
524312,Marripadu,14.71494,79.319635,95,,27400,22900
303007,Bagru,26.829285,75.50981,95,,41400,34600
303008,Dudu,26.616655,75.16364999999999,95,,41200,34500
524304,Anumasamudrampeta,14.717345,79.662565,95,,27400,22900
689693,Koodal,9.155155,76.865995,95,,45900,38400
689694,Kalanjoor,9.12075,76.89332,95,,45600,38200
689667,Seethathode,9.304755,76.998965,95,,45900,38400
689668,Churulicode,9.285925,76.76489000000001,95,,45900,38400
689650,Cherukole Kozhencherri,9.33745,76.74615,95,,45400,38100
581107,Gudgeri,15.117674999999998,75.38668,95,,30300,25300
847231,Lohat,26.2744,86.16586000000001,95,,18200,15200
388250,Thasra,22.830525,73.25504000000001,95,,37100,31100
689678,Mylapra Town,9.302735,76.79479,95,,46200,38600
689691,Konny,9.17528,77.04779500000001,95,,46100,38500
679562,Vadakkekad,10.66303,76.00830500000001,95,,44200,37000
134202,Shahzadpur,30.43944,77.00836,95,,31700,26600
134116,Sector-26 Panchkula,30.67763,76.90168499999999,95,,52100,43600
313204,Palana Khurd,24.834565,73.88598999999999,95,,26800,22500
481105,Ukwa,21.811635,80.482585,95,,20100,16800
302021,Vaishali Nagar,26.88809,75.73208,95,,40900,34200
222133,Gaurabadshahpur,25.751345,82.8226,95,,17800,14900
533006,Indrapalem,16.972055,82.195515,95,,30100,25200
284122,Bansi,24.870445,78.50225,95,,17600,14700
481115,Kirnapur,21.606335,80.35626500000001,95,,19900,16700
302026,Bhankrota,26.851565,75.66504,95,,41100,34400
302027,Crpf Campus  Lalwas,26.979835,75.937295,95,,41100,34400
302028,Amer,27.009385,75.88577000000001,95,,41100,34400
302029,Sanganer Bazar,26.784425,75.76924500000001,95,,41100,34400
302031,Jamdoli,26.891995,75.89697000000001,95,,41100,34400
302033,Pratap Nagar Sector 11,26.802335,75.823425,95,,40900,34300
302034,Panchyawala,26.91882,75.716215,95,,41100,34400
302037,Mahindra World City,26.782005,75.62928500000001,95,,41100,34400
388170,Sayma,22.40457,72.673745,95,,37400,31300
388180,Tarapur,22.47561,72.51492999999999,95,,37900,31700
847204,Bishnupur,26.16723,86.26060000000001,95,,17100,14300
847108,Narahiya,26.411685,86.62187,95,,18100,15200
388130,Boria,22.475905,72.86834999999999,95,,37300,31200
388306,Vasad,22.463905,73.067845,95,,37200,31200
244924,Suar,29.080985,79.07785,95,,19200,16100
691551,Manakala,9.133255,76.71395,95,,45400,38000
518221,Peapully,15.232485,77.741225,95,,26600,22200
691523,Adur,9.159,76.731245,95,,45500,38100
691525,Thattayil,9.189985,76.74014,95,,45600,38200
176301,Bakloh,32.484655000000004,75.916955,95,,24800,20700
134107,Chandi Mandir Cantt,30.73243,76.88009,95,,51800,43400
581361,Hadinbal,14.312205,74.565855,95,,28900,24100
387310,Boriavi,22.595295,72.92602500000001,95,,37200,31200
508258,Dindi Project,16.611975,78.791195,95,,31900,26700
768225,Rampur Colliery,21.796555,83.91363000000001,95,,36100,30200
480003,Chandangaon,22.033295,78.91698,95,,28100,23500
477333,Sagra,26.385125,79.0415,95,,21900,18300
477447,Daboh,26.002015,78.883455,95,,21700,18200
151102,Nathana,30.335925,75.077865,95,,31900,26600
284406,Narahat,24.384985,78.51378,95,,17300,14500
533106,Spinning Mills Centre,17.025,81.81801999999999,95,,29900,25000
148017,Bhalwan,30.3523,75.955735,95,,29300,24600
768201,Jharsuguda,21.848725,84.03927,95,,35600,29900
754135,Krishnanandapur,20.34553,86.274095,95,,17800,14900
496111,"Raigarh, Chhattisgarh",22.2361795,83.3529534,95,,31200,26100
172112,Liyo,31.868695,78.529815,95,,35200,29500
302022,Sitapura Industrial Area,26.76395,75.87201,95,,41100,34400
271902,Fakharpur,27.426655,81.503935,95,,21100,17600
583102,Bellary Cowl Bazar,15.074365,76.969015,95,,35900,30100
133207,Mullana Engineering College,30.25099,77.044775,95,,31700,26500
136020,Dhand,29.878465,76.593705,95,,23500,19600
841413,Jamobazar,26.304775,84.57293,95,,20600,17300
370510,Khavda,23.931205,69.70046,95,,27400,22900
370620,Netra,23.426215,69.023705,95,,26900,22600
508279,Nagaram,17.407635,79.490005,95,,31900,26600
508280,Thungathurthi,17.42352,79.63389000000001,95,,32100,26800
508285,Tekula Somaram,17.433355,78.94068,95,,32000,26700
508355,Wadapally,16.74398,79.62432,95,,31500,26400
136021,Kaul,29.82126,76.62509,95,,23400,19600
136027,Kaithal,29.815515,76.364655,95,,23400,19600
136033,Siwan,29.928825,76.35744,95,,23400,19600
695023,Thiruvananthapuram  Fort,8.484169999999999,76.943705,95,,56500,47200
691578,Kalluvathukkal,8.83553,76.744665,95,,42300,35400
311605,Kachola,25.402275000000003,75.1688,95,,30200,25300
691554,Parakode,9.139465,76.740405,95,,45500,38100
691555,Kodumon,9.182965,76.78367,95,,45800,38300
691556,Nedumon,9.1161,76.78723500000001,95,,45600,38200
515402,Gooty R.S.,15.176975,77.63575499999999,95,,31600,26500
303508,Sikrai,26.912335,76.68911,95,,25700,21400
303301,Bassi,26.851765,76.04914500000001,95,,40900,34300
303302,Toonga,26.72974,76.1631,95,,40900,34300
303603,Renwal,27.16999,75.422425,95,,40800,34200
303701,Jahota,27.088610000000003,75.62979,95,,41000,34400
303702,Chomu,27.16288,75.70922999999999,95,,41000,34400
303704,Jaitpura I A,27.107125000000003,75.774235,95,,41100,34400
303706,Kalwad,26.981085,75.58143,95,,40800,34200
303326,Sikandra,26.951735,76.578925,95,,25100,21100
303104,Manoharpur,27.267095,75.93969,95,,41100,34400
522601,Narasaraopet,16.23778,80.04499000000001,95,,32000,26900
523113,Pokur,15.14568,79.83920499999999,95,,30400,25500
523114,Linga Samudram,15.08728,79.682035,95,,30400,25400
523167,Inkollu,15.817415,80.16865,95,,30500,25500
283205,Collectorate -firozabad,27.11376,78.456335,95,,18200,15200
475336,Salon B.,25.921295,78.74004500000001,95,,22200,18600
503001,Nizamabad,18.67078,78.078385,95,,20400,17100
303009,Mozmabad,26.672955,75.462535,95,,41100,34400
303012,Kanota,26.86085,75.97322,95,,41100,34400
303103,Shahpura,27.387305,75.96525,95,,40900,34300
364280,Motakhuntavada,21.223475,71.633515,95,,25900,21700
365440,Bagasra,21.490385,70.939895,95,,19900,16700
365550,Dedan,21.02856,71.23771500000001,95,,19800,16600
365555,Dungar,21.04815,71.596355,95,,19900,16700
362710,Ghantvad,20.89901,70.760755,95,,26200,21900
364760,Ningala,22.012915,71.74244,95,,26300,22000
242406,Rosa,27.76624,79.908575,95,,17200,14400
364006,Bhavnagar Station Road,21.784075,72.11445,95,,26000,21800
206251,Bela,26.844375,79.65555499999999,95,,14700,12200
508126,Bibinagar,17.502765,78.778235,95,,32000,26700
508201,Garidepally,16.927625,79.7176,95,,32100,26800
508248,Deverkonda,16.5806,78.99165500000001,95,,31600,26500
144803,Dialpur,31.470065,75.468335,95,,39000,32600
144804,Dhilwan,31.46668,75.295585,95,,39000,32600
144819,Raipur Pir Bux Wala,31.607155,75.443635,95,,38900,32600
472221,Palera,24.980055,79.21216000000001,95,,13500,11300
623601,Abiramam,9.4614,78.448915,95,,31500,26400
146116,Kandhala Jattan,31.611145,75.726695,95,,33300,27800
781369,Ghograpar,26.50619,91.528305,95,,22000,18400
781347,Kamarkuchi,26.36795,91.489225,95,,22100,18500
144802,Jagatjit Nagar,31.45597,75.400845,95,,38800,32600
623706,Pambur,9.475215,78.54244,95,,31500,26400
534146,Prattipadu,16.825355000000002,81.607025,95,,32600,27200
146108,Sarhala Kalan,31.312295,75.93727,95,,33400,27900
146112,Rajpur Bhayan,31.41122,75.88883999999999,95,,33300,27900
146113,Bulhowal,31.57842,75.82052,95,,33500,28000
146114,Nandachaur,31.57292,75.75425999999999,95,,33300,27800
303305,Banskho,26.89076,76.16969499999999,95,,40900,34300
303106,Paota,27.566015,76.03915,95,,41400,34600
303109,Jamwaramgarh,27.068125,76.08541,95,,41400,34600
303119,Bhabroo,27.464955,76.02213499999999,95,,41500,34700
473660,Karera,25.453815,78.1589,95,,12900,10800
243302,Bisharatganj,28.33149,79.254055,95,,19200,16100
415527,Kuroli Sidheshwar,17.59717,74.345005,95,,30600,25600
140118,Anand Pur Sahib,31.0917102,76.5289701,95,,31300,26200
586109,Bijapur Jalanagar,16.79593,75.71408,95,,28600,23900
508218,Neredcharla,16.818465000000003,79.70057,95,,32100,26800
508204,Huzurnagar,16.8339,79.825155,95,,31500,26400
508208,NSP Camp Miryalaguda,16.799500000000002,79.5428,95,,31600,26500
508210,Vallala,17.272235000000002,79.395355,95,,31900,26700
828112,Jamadoba,23.70334,86.39049,95,,30800,25700
828123,S.I.T.,23.6803,86.469495,95,,30600,25600
828110,Jealgora,23.704790000000003,86.41207,95,,30900,25900
345028,Nachana,27.608985,71.63513499999999,95,,29200,24500
345031,Lathi,27.097335,71.52598499999999,95,,29200,24500
345033,Mohangarh,27.366245,71.227935,95,,29200,24500
361130,Jamwanthali,22.40719,70.342505,95,,27900,23400
828126,Sudamdih,23.662785,86.42748499999999,95,,30800,25700
676107,Pookayil Bazar,10.919085,75.9083,95,,32500,27100
305629,Champaneri,25.93145,74.801895,95,,26500,22200
305813,Arain,26.37086,75.04386500000001,95,,26400,22100
518523,Bandi Atmakur,15.58298,78.51423,95,,26300,22000
362150,Talala,21.059155,70.53652,95,,26100,21900
828202,Chirkunda,23.73405,86.78751500000001,95,,30600,25600
223222,Ambari,26.09597,82.78297,95,,16900,14100
223223,Ataraulia,26.34615,82.89997500000001,95,,16900,14100
223225,Mahul,26.14525,82.815,95,,16600,13900
224001,Faizabad,26.761015,82.110525,95,,21100,17700
224121,Amaniganj,26.661015,81.833045,95,,21200,17700
224123,Ayodhya,26.79098,82.19737,95,,21100,17700
173027,Shillai,30.71868,77.676475,95,,26400,22100
224126,Baragaon RS,26.767635,81.88307,95,,21200,17700
224127,Barun,26.682135,82.04591,95,,21100,17700
224135,Darshan Nagar,26.73192,82.214235,95,,21100,17700
173215,Kandaghat,30.9745,77.13284,95,,39100,32700
173217,Chail,30.939965,77.22700499999999,95,,38800,32500
303801,Kaladera,27.17837,75.58606499999999,95,,41000,34400
303803,Khejroli,27.34711,75.69906499999999,95,,41100,34400
303804,Etwa Bhopji,27.28841,75.742715,95,,40900,34200
303901,Chaksu,26.59534,75.945055,95,,41400,34700
782460,Diphu,25.77394,93.48849,95,,16200,13600
782425,Chaparmukh,26.16843,92.549255,95,,19000,15900
173214,Solan Brewery,30.93599,77.14406,95,,39200,32700
144418,Bara Pind,31.11661,75.824205,95,,34300,28700
621706,Kattur Puvalur,10.888875,78.87632500000001,95,,31800,26600
465106,Maksi,23.2659,76.198115,95,,16700,14000
465113,Sundersi,23.256515,76.47881000000001,95,,16500,13800
534338,Kavitam,16.587335,81.71119999999999,95,,32400,27100
534341,Tallapudi,17.147865000000003,81.62314,95,,32200,27000
470115,Jaruakheda,23.95342,78.5127,95,,18400,15400
144628,Thatha Jadid,31.30232,75.24811,95,,39000,32700
621710,Ponparappi,11.267005,79.22823,95,,27400,22900
212502,Soraon,25.61023,81.87269,95,,22600,18900
641034,Tudiyalur,11.078145,76.938965,95,,48600,40700
641036,Nanjundapuram,10.98107,76.994585,95,,48700,40800
641025,Velandipalayam,11.04069,76.92690999999999,95,,48500,40600
144631,Nangal Lubana,31.621955,75.47599,95,,38900,32600
144632,Chachoki,31.188450000000003,75.7738,95,,38800,32500
222302,Lambhua,26.115785,82.247645,95,,21300,17800
622302,Karambakudi,10.50618,79.11975000000001,95,,23000,19300
518533,Velgode,15.69843,78.61892,95,,26300,22000
344031,Gudamalani,25.18289,71.75580500000001,95,,23200,19400
825401,Chatra,24.281445,84.96222,95,,14700,12300
175140,Gondhla,32.32379,77.306355,95,,27800,23200
175142,Udaipur,32.896445,76.779235,95,,27800,23200
518501,Nandyal,15.49809,78.49849,95,,26600,22300
518510,Yerraguntla,15.260255,78.51652,95,,26500,22100
518467,K.N.Puram,15.730465,77.894215,95,,26400,22100
587206,Kerur,16.038365,75.513605,95,,21500,18000
507168,Enkoor,17.36241,80.434485,95,,29800,24900
175139,Jahalman,32.68579,76.88498,95,,27800,23200
465118,AWANTIPUR BARODIYA,23.205905,76.68455,95,,16600,13900
465230,Kanad,23.668355,76.1961,95,,16500,13800
465333,Shujalpur  Mandi,23.414985,76.712685,95,,16400,13800
465335,Jamner,23.30233,76.740095,95,,16500,13800
212305,Sirsa,25.27202,82.132485,95,,22700,19000
212306,Koraon,24.9248,82.08843999999999,95,,22700,19000
212307,Khain,25.26966,82.03048,95,,22500,18900
212401,Janghai Bazar,25.523845,82.286915,95,,22500,18800
620016,Ordnance Estate - TR,10.74489,78.76792499999999,95,,31600,26500
620019,Pappakurichi Kattur,10.80011,78.74685500000001,95,,32000,26800
620011,Melakalkandarkottai,10.77213,78.74164,95,,31900,26700
175007,Gopalpur,31.6495,76.738895,95,,30400,25500
175008,Ner Chowk,31.614845,76.87509,95,,30300,25400
212631,Amauli,25.974305,80.32551000000001,95,,17500,14600
212635,Bindki,26.000635,80.56642,95,,17500,14600
465661,Rajgarh,24.00611,76.76469499999999,95,,19200,16100
534401,Pulla,16.805725000000002,81.31285,95,,32600,27200
470003,Sagar University,23.82832,78.77441999999999,95,,18700,15600
470021,Bamora,23.86094,78.922505,95,,18700,15600
175006,Gagal,31.63673,76.96564000000001,95,,30600,25600
231302,Adalhat,25.12954,83.069365,95,,15200,12700
341303,Didwana,27.392605,74.56864,95,,35800,29900
341306,Ladnun Lsg,27.56574,74.408695,95,,35500,29700
341502,Borawar,27.040185,74.60283,95,,35200,29500
341503,Degana,26.889755,74.29468,95,,35300,29600
507182,Komminepalli,17.39017,80.279375,95,,29700,24800
814111,Amrapara,24.5325908,87.593232,95,,11700,9800
813209,Pripainti,25.32907,87.47016500000001,95,,23000,19200
424119,C.T. Mill Road,20.456865,74.96664999999999,95,,25100,21000
231501,Kachhwa,25.208115,82.69152500000001,95,,15300,12800
209733,Jalalabad,27.09515,79.78382,95,,16900,14100
304505,Todarai Singh,26.06042,75.497335,95,,36400,30500
507170,Tallampahad,17.218065000000003,80.03450000000001,95,,29800,24900
341301,Bari Khatu,27.07277,74.24770000000001,95,,35200,29500
341302,Chhotikhatu,27.15095,74.386965,95,,35500,29700
811202,Basudeopur,25.391625,86.48879500000001,95,,40300,33800
507101,Kothagudem Colls,17.55511,80.615895,95,,29200,24500
713519,Samudragarh,23.339395,88.316495,95,,13900,11600
722122,Bishnupur,23.095085,87.33949,95,,13900,11600
811310,Kiul-rs,25.10483,86.22878,95,,19200,16100
142011,Dala,30.78381,75.23318,95,,32200,26900
507118,Ramavaram,17.63972,80.616465,95,,29700,24800
507120,Sujathanagar,17.46392,80.54617999999999,95,,29700,24800
507001,Khammam,17.24815,80.147695,95,,29200,24500
507002,Collectorate,17.283479999999997,80.19264000000001,95,,29200,24500
507003,Gandhichowk,17.292845,80.13939500000001,95,,29200,24500
143604,Dera Baba Nanak,31.99872,75.02922000000001,95,,33900,28300
614402,Kokkeri,10.765595,79.32033,95,,27600,23000
460225,Khedisaoligarh,21.80205,77.73234500000001,95,,14900,12500
460557,Sainkheda,21.79827,78.079695,95,,14800,12400
614902,Kottaitheru,10.600825,79.182575,95,,27400,22900
614905,Vadaseri,10.56733,79.34847500000001,95,,27400,22900
614906,Nattuchalai,10.462695,79.36511,95,,27100,22700
212107,Jasra,25.27005,81.691475,95,,22400,18800
212109,Sikandra,25.617565,81.986585,95,,22800,19100
212111,Dandupur,25.335815,81.83267000000001,95,,22600,18900
212404,Ghiya Ngr,25.50251,82.04887,95,,22500,18800
212405,Ugrasen Pur,25.57328,82.19651999999999,95,,22700,19000
212301,Karchhana,25.23972,81.925145,95,,22700,19000
212302,Meja,25.11557,82.099805,95,,22700,19000
212303,Meja Road,25.189625,82.13901,95,,22800,19100
212202,Chail,25.414455,81.608285,95,,14300,12000
212208,Manauri,25.4591,81.692745,95,,22800,19000
805124,Pakaribarwan,24.93875,85.76281499999999,95,,16100,13500
507123,Yellandu,17.58835,80.347415,95,,29800,24900
507124,Yellandu Colls,17.760695,80.29813999999999,95,,29700,24800
507125,P.V.Township,17.913655,80.807725,95,,29800,24900
507128,Sarapaka,17.72972,80.86773500000001,95,,29800,24900
507133,Charla,18.143105,80.764675,95,,29600,24700
507136,Venkatapuram,18.422315,80.57390000000001,95,,29500,24700
507158,Gokinepalli,17.15014,80.11149,95,,29800,24900
507159,Kusumanchi,17.19691,79.94468499999999,95,,29800,24900
673328,Mannur,11.152864999999998,75.84164,95,,36600,30600
795006,New Lamka,24.3095833,93.675022,95,,19600,16400
795101,Sugnu,24.31078,93.91401,95,,23400,19600
794106,Mahendraganj,25.363305,89.941855,95,,22000,18400
450114,Punasa,22.23375,76.459945,95,,22600,18900
793119,Nongstoin,25.5814429,91.0851094,95,,19700,16400
224182,Raunahi,26.761815,82.01196999999999,95,,21300,17800
224158,Kuchera,26.664025,81.95339999999999,95,,21100,17700
224161,Maya,26.650925,82.34073000000001,95,,21100,17700
614302,Tirukkarugavur,10.87904,79.28965,95,,27600,23100
451556,Anjad,22.03901,75.083315,95,,24000,20000
792001,Tezu,28.0350162,96.1713515,95,,34900,29200
792123,Nampong,27.2698797,96.0602442,95,,28100,23500
224164,Milkipur,26.575935,81.88516,95,,21100,17700
332722,Jajod,27.48386,75.49616,95,,27900,23400
332742,Mandha Surera,27.202195,75.170335,95,,28000,23400
431507,Ashti,19.35874,76.21264500000001,95,,20500,17200
722207,Sonamukhi,23.2729,87.44154,95,,13900,11600
722146,Rajagram,23.205245,87.017095,95,,13900,11600
228118,Kamla Nehru Institute,26.29861,82.088885,95,,21100,17700
228119,Gosainganj,26.275295,82.168665,95,,21100,17700
228125,Dwarikaganj,26.34129,82.12958499999999,95,,21100,17700
228132,Deara,26.245855,82.32128499999999,95,,21200,17700
332721,Gurara,27.61407,75.418635,95,,28000,23400
276137,Maharaj Ganj,26.306985,83.14960500000001,95,,16700,14000
228133,Belahari,26.20388,82.23344,95,,21300,17800
228142,Mahmoodpur Semri,26.35428,82.294645,95,,21100,17700
228151,Kurebhar,26.409415000000003,82.156065,95,,21100,17700
228161,Tawakkalpur Nagra,26.06955,82.447055,95,,21400,17900
228171,Akhandnagar,26.196385,82.55967,95,,21100,17700
722201,Akui,23.071185,87.71638999999999,95,,13900,11600
722203,Beliatore,23.332815,87.23611,95,,13900,11600
722204,Hatasuria,23.39024,87.30448999999999,95,,13900,11600
141801,Khamano Kalan,30.826605,76.33161,95,,29300,24500
142002,Purana Moga,30.752335,75.11064999999999,95,,31600,26500
276406,Sathion,26.038305,83.28213,95,,16500,13900
322215,Nadoti,26.68852,76.646845,95,,40200,33700
611102,Andanapettai,10.704545,79.80977,95,,27400,22800
611108,Sikkal,10.75872,79.79823999999999,95,,27400,22800
609805,Komal,11.010545,79.59207,95,,26900,22500
609806,Malliyam,11.07964,79.60271499999999,95,,27100,22700
327022,Garhi,23.617505,74.158945,95,,16600,13900
322024,Khirni,26.2290186,76.3043561,95,,20800,17400
211004,Cavellary Lines,25.482655,81.86819,95,,22800,19100
211006,Daraganj,25.44245,81.86968,95,,22500,18900
211008,Naini,25.37721,81.876165,95,,22500,18900
211011,Dhoomanganj,25.47442,81.78949,95,,22400,18800
722208,Pakhanna,23.388905,87.35811000000001,95,,13900,11600
723130,Hura,23.298255,86.64131,95,,14500,12100
673306,Edakulam  Koyilandi,11.421605,75.722155,95,,36100,30200
673032,Calicut Beach,11.2574,75.77114499999999,95,,36100,30200
722164,Bankadaha,22.98791,87.37753000000001,95,,13900,11600
142046,Patto Hira Singh,30.575315,75.23928000000001,95,,31500,26400
723142,Ramchandrapur Ashram,23.58491,86.765635,95,,14400,12000
332709,Khandela,27.61371,75.513635,95,,27600,23100
332715,Srimadhopur,27.477200000000003,75.644225,95,,27600,23100
431504,Mantha,19.74145,76.41656,95,,20600,17200
274807,Sant Vinoba Marg,26.47569,83.843475,95,,17400,14500
734012,Sushrut Nagar,26.68145,88.38579999999999,95,,30200,25300
733140,Rampur,25.380465,88.64523,95,,18700,15700
734002,Salbari,26.758685,88.38764,95,,30400,25400
733125,Harirampur,25.374445,88.29031,95,,18700,15600
733126,Hili,25.284185,88.95906500000001,95,,18700,15600
733127,Tapan,25.270835,88.591845,95,,18700,15600
733133,Patiram,25.34797,88.805275,95,,18700,15600
143502,Kathunangal,31.736245,75.048165,95,,31500,26400
326001,Jhalawar,24.650905,76.21795,95,,20100,16900
608601,Bhuvanagiri,11.484775,79.62498500000001,95,,23600,19700
607802,Neyveli 2,11.548335000000002,79.47302,95,,23500,19700
226016,Indira Nagar,26.888325,80.993105,95,,29100,24400
226005,Alambagh,26.814455,80.91008,95,,29300,24500
226002,Dilkusha,26.763350000000003,80.9679,95,,29200,24500
226003,Lucknow Chowk,26.8741,80.87808000000001,95,,29100,24400
226004,Rajendranagar,26.84272,80.914535,95,,29600,24700
798621,Mon,26.666667,95.0,95,,20800,17400
643242,Tuttapallam,11.368685,76.92704,95,,55900,46700
734503,Jaldhaka Hydel Project,27.07405,88.80924999999999,95,,30100,25200
735133,Prasannanagar,26.651325,88.597825,95,,18600,15600
143530,Tibri,32.011435,75.47739999999999,95,,33800,28200
322218,Sapotara,26.272135,76.77076500000001,95,,40500,33800
322219,Wazirpur,26.553675,76.87993,95,,20600,17300
735135,Kamarvita,26.636375,88.49915999999999,95,,18800,15700
275307,Semari Jamal Pur,26.068135,83.65114,95,,17800,14900
606304,Veppur,11.52518,79.12036,95,,23700,19800
143111,Khilchian,31.56602,75.171945,95,,31400,26300
143114,Mehta Chowk,31.657235,75.24717,95,,31700,26500
802111,Arak,25.61783,84.22495,95,,16700,14000
275301,Amila,26.15569,83.490445,95,,17800,14900
275303,Dohari  Ghat,26.2323,83.509995,95,,17800,14900
275304,Ghosi,26.142695,83.54149000000001,95,,17900,14900
670305,Vengara-kannur,12.04838,75.226775,95,,31900,26700
506315,Maripeda,17.405835,79.88374,95,,30300,25300
227409,Gauriganj,26.211585,81.66761,95,,21300,17800
574142,Bajpe,12.97442,74.87919,95,,38100,31900
574143,Farangipet,12.8797,74.969275,95,,38000,31800
574145,Gurpur,12.92628,74.93539,95,,38100,31900
573142,Doddamagge,12.68348,76.06326000000001,95,,29900,25000
574153,Kurnad,12.816375,74.95963,95,,37900,31800
394421,Mosali,21.456985,73.17323999999999,95,,38200,32000
394430,Vankal,21.431015,73.247655,95,,38200,32000
394440,Zankhvav,21.436745,73.377545,95,,38200,32000
685565,Chithirapuram,10.079809999999998,77.015375,95,,43300,36300
517432,Kolamasanapalle,13.1588,78.632135,95,,33100,27600
517418,Thamballapalle,13.869055,78.45867,95,,32400,27200
D792405,"Coimbatore, Tamil Nadu · D792405",10.8124445,77.0796084,95,,31600,26400
D862485,"East Khasi Hills, Meghalaya · D862485",25.4023736,91.8317178,95,,31100,26100
202127,Kasimpur,28.03261,78.16947,95,,22500,18800
202128,Jalali,27.900785,78.2293,95,,22400,18700
D842180,"Ujjain, Madhya Pradesh · D842180",23.2933285,75.6263115,95,,31000,26000
202126,Jawan,28.052095,78.085905,95,,22500,18800
574115,Shankarapura,13.25272,74.78217000000001,95,,29900,25000
261141,Maholi,27.673915,80.45833999999999,95,,18400,15400
D888359,"Reasi, Jammu And Kashmir",33.2059909,74.8626794,94,,30400,25500
D693397,"Kalahandi, Odisha · D693397",19.8265757,83.0408702,94,,30900,25900
D629957,"Kulgam, Jammu And Kashmir",33.6250187,74.6949458,94,,30400,25500
D632781,"Udhampur, Jammu And Kashmir",32.911964,75.3265845,94,,30400,25500
D653477,"Solan, Himachal Pradesh · D653477",31.0568119,76.850301,94,,30500,25600
D609641,"Wokha, Nagaland · D609641",26.242251,94.1921153,94,,30500,25700
D629207,"Lunglei, Mizoram · D629207",22.9519972,92.6338827,94,,30800,25800
D958603,"Chamarajanagar, Karnataka",11.9544201,77.1069086,94,,30400,25500
D832430,"North Tripura, Tripura · D832430",24.0921476,92.2451214,94,,30700,25800
D534240,"Durg, Chhattisgarh",21.1982964,81.4007922,94,,30400,25500
202135,Gomat,27.93623,77.7799,94,,22000,18500
202136,Gabhana,28.039445,77.992145,94,,22000,18500
202125,Harduaganj,27.950525,78.17629500000001,94,,22100,18500
682038,Poonithura,9.94528,76.33270999999999,94,,53400,45000
D745712,"Kishtwar, Jammu And Kashmir",33.61562,75.8793972,94,,30400,25500
D750446,"Mamit, Mizoram",23.7564387,92.4515374,94,,30500,25600
D730512,"Raisen, Madhya Pradesh · D730512",23.2675909,78.1727134,94,,30600,25700
D808830,"Raipur, Chhattisgarh",21.2809089,81.8164073,94,,30400,25500
D819057,"Chandrapur, Maharashtra · D819057",20.0967555,79.5045475,94,,30800,25900
D778644,"Bankura, West Bengal · D778644",23.132377,87.2081925,94,,30300,25500
D794573,"Kathua, Jammu And Kashmir",32.5825837,75.6104797,94,,30400,25500
D850617,"Zunheboto, Nagaland",26.0123803,94.5123719,94,,30400,25500
D871865,"Kadapa, Andhra Pradesh",14.5395752,78.6582332,94,,30400,25500
D884563,"Champawat, Uttarakand",29.235032,80.1023068,94,,30400,25500
761106,Seragada,19.537415,84.59083,94,,16600,14000
394510,Bhatha,21.1764,72.74446,94,,37700,31700
517416,Bangarupalem,13.231385,78.91645,94,,31700,26700
482003,Garha,23.09111,79.80684500000001,94,,20800,17500
688524,Cherthala,9.689835,76.33631,94,,43200,36300
688503,Moncombu Thekkekara,9.43449,76.41146,94,,42500,35700
201313,Amity University,28.54425,77.33329499999999,94,,77900,65500
311602,Bijolian,25.16846,75.28566000000001,94,,29500,24800
311001,Bhilwara,25.344165,74.62113500000001,94,,29400,24800
686121,Erattupetta,9.69481,76.786305,94,,44200,37100
685581,Karimannoor,9.91853,76.810285,94,,42300,35500
635107,Denkanikotta,12.485255,77.798115,94,,31900,26800
632507,Kavanur,12.834965,79.243825,94,,30600,25800
761115,Gunthapada,19.672115,84.620905,94,,16700,14000
761117,Ballipadar,19.730745,84.71789,94,,16600,14000
631052,Panapakkam,12.93867,79.56934,94,,31200,26200
482010,Richhai,23.23242,79.97285,94,,21100,17700
483053,Bheraghat,23.163405,79.78278,94,,20900,17600
483110,Kundam,23.23228,80.415505,94,,20800,17500
635207,Uttangarai,12.282265,78.534845,94,,31900,26800
635122,Alapatti,12.532555,78.11832000000001,94,,31900,26800
635113,Kelamangalam,12.582415,77.89525,94,,31900,26800
635119,Uddanapalli,12.61181,77.98315500000001,94,,31800,26800
635120,Varattanapalli,12.61698,78.284345,94,,32000,26900
761018,Purushottampur,19.5446,84.87996,94,,16600,14000
635101,Krishnagiri Project,12.45607,78.19817,94,,31900,26800
635106,Chaparthi,12.402645,78.12815499999999,94,,32000,26900
247551,Nagal,29.84732,77.689145,94,,23600,19800
246763,Najibabad,29.62657,78.39751999999999,94,,20000,16800
246764,Kotwali,29.438565,78.314175,94,,20100,16900
247232,Sarsawa,30.019255,77.385695,94,,23900,20000
D155696,"Mahabubnagar, Telangana",16.6965686,77.9591146,94,,30400,25500
D118911,"Bilaspur, Himachal Pradesh",31.3380959,76.7611631,94,,30300,25500
761109,Badagada,19.58876,84.36608,94,,16600,13900
635655,Matrapalli,12.412425,78.700125,94,,30800,25900
802311,Barahara,25.659080000000003,84.70808,94,,16900,14200
431505,Dhengali Pimpalgaon,19.33931,76.516395,94,,17700,14900
143108,Attari,31.59321,74.596925,94,,31300,26200
142058,Kishanpura,30.946625,75.32657499999999,94,,31100,26100
431541,Rampuri BK,19.17826,76.53043,94,,17500,14700
142054,Kokri Kalan,30.837035,75.316985,94,,31200,26200
802156,Dhamar,25.61958,84.567475,94,,16800,14100
143118,Vairowal,31.419155,75.17346,94,,26500,22200
224284,Shahganj,26.63932,82.04849,94,,20700,17400
143422,Goindwal,31.340945,75.13502500000001,94,,26200,22000
322255,Kurgaon,26.435255,76.80685,94,,39600,33200
441212,Rajoli,20.1522,79.69342,94,,22500,18900
609103,Anandatandavapuram,11.15187,79.6661,94,,26400,22200
799256,Tripura Damcherra,24.16961,92.265095,94,,27700,23300
799269,Jampui,23.87211,92.264605,94,,28100,23600
731233,Chandipur Tarapith,24.125595,87.77909500000001,94,,19600,16500
322034,Chakeri,26.139135,76.4614,94,,20300,17100
175025,Sajao Pipluso,31.769765,76.71103500000001,94,,30100,25300
209859,Nawabganj,26.552295,80.756205,94,,16400,13800
643216,Kil Kotagiri,11.45636,77.00284500000001,94,,53700,45200
211013,Phaphamau,25.54879,81.870375,94,,22400,18800
643212,Gudalur Bazaar,11.57824,76.51052999999999,94,,54100,45500
143529,Tibber,31.9518,75.41252,94,,33100,27700
143534,Taragarh,32.20746,75.46560500000001,94,,33200,27800
143109,Chogawan,31.753305,74.612215,94,,31300,26200
276001,Azamgarh,26.06567,83.17997500000001,94,,16500,13900
276121,Bilaria Ganj,26.19083,83.21938,94,,16500,13800
606702,Kanji,12.35739,79.00076,94,,24100,20300
801304,Karaipersurai,25.402155,85.27569500000001,94,,15800,13300
799280,Sonamukhi Bazar,24.261695,92.0384,94,,28200,23600
799263,Pecharthal,24.168685,92.118345,94,,27900,23500
322033,Malarna R S,26.20268,76.599165,94,,20100,16900
722183,Mejia Th Power Station,23.47228,87.14114000000001,94,,13400,11300
722202,Barjora,23.43026,87.26711499999999,94,,13400,11300
425501,Thorgavan,21.09507,75.872,94,,24800,20800
228145,Kadipur,26.176705,82.40643,94,,21000,17600
228155,Kurwar,26.349865,81.99825,94,,21000,17600
228001,Sultanpur,26.254925,82.107075,94,,21100,17700
228121,Atarsuma,26.431725,82.023615,94,,20900,17600
228131,Dostpur,26.295905,82.46633,94,,21000,17600
611103,Kilaiyur,10.62729,79.77497500000001,94,,26200,22100
609803,Tiruvavaduthurai,11.03826,79.5275,94,,26600,22300
322254,Ghonsla,26.833775,76.982785,94,,39700,33300
276305,Saraimeer,26.01724,82.93304,94,,16300,13700
796421,Lengpui Airport,23.83841,92.57886,94,,40400,33900
796911,"Saiha, Mizoram · 796911",22.2876724,93.01336,94,,30500,25600
797102,"Phek, Nagaland · 797102",25.6700924,94.3843925,94,,28800,24200
322212,Garhmoran,26.662425,76.48538500000001,94,,20200,17000
643101,Coonoor,11.34998,76.80967,94,,54100,45400
735218,Krantihat,26.687045,88.679035,94,,18200,15300
322201,Gangapur,26.46235,76.66635,94,,20200,16900
322205,Piloda,26.614025,76.861075,94,,20400,17100
322211,Bamanwas,26.5799,76.569085,94,,20200,17000
322026,Phalodi Quarry,25.806895,76.393365,94,,20100,16900
322030,Malrna Chaur,26.362095,76.35099,94,,20100,16900
795138,Thoubal,24.63913,93.9953,94,,23200,19500
723156,Murardih,23.571905,86.826505,94,,14100,11800
673305,Koyilandi,11.441585,75.69619499999999,94,,36000,30200
673106,Chorode,11.624770000000002,75.58166499999999,94,,35300,29700
673012,Marikunnu,11.30378,75.83138,94,,35500,29800
211007,Agriculture Institute,25.3995,81.827655,94,,22400,18800
211010,T S L,25.347305,81.89904000000001,94,,22300,18700
211012,Bamrauli,25.403275,81.739285,94,,22400,18800
303505,Nangal Rajawatan,26.716125,76.341195,94,,25000,21000
722140,Khatra,22.930575,86.85457,94,,13400,11300
722141,Kotalpur,23.004055,87.62586999999999,94,,13400,11300
673317,Thalakolathur,11.357075,75.76379,94,,35400,29800
507137,Dummagudem,17.85172,80.978685,94,,29200,24500
507111,Bhadrachalam,17.66585,80.89271500000001,94,,29200,24500
507114,Burgampahad,17.63245,80.84668,94,,29200,24500
341021,Basni,27.1483,73.586405,94,,35000,29300
227809,Jagdishpur,26.403765,81.616175,94,,20900,17500
737102,Tadong,27.340935,88.73592,94,,65300,54800
737103,Rajbhawan,27.362075,88.62087,94,,65500,54900
737106,Pakyong,27.233925,88.621125,94,,65000,54600
737107,Dikchu,27.442500000000003,88.477025,94,,65200,54700
735226,Panabasti,26.81337,89.44651999999999,94,,18100,15200
211003,Allahabad City,25.42952,81.842485,94,,22400,18800
722161,Jayrambati,22.934510000000003,87.60373,94,,13400,11300
722162,Fulkusma,22.724095,86.81743499999999,94,,13400,11300
458669,Kachnara Flag,23.82638,75.06657000000001,94,,18300,15400
458339,Malhargarh,24.304335,74.980275,94,,18400,15500
224153,Khandasa,26.591990000000003,81.770405,94,,20900,17500
737134,Singtam,27.286845,88.485405,94,,65400,54900
737135,Ranipool,27.289545,88.588245,94,,64300,54100
737116,Mangan,27.52503,88.549245,94,,63800,53700
737131,Rangli Bazar,27.21571,88.743975,94,,65300,54800
737133,Rhenock,27.20004,88.64156,94,,64500,54200
722151,Simlapal,22.92381,87.09457,94,,13400,11300
722155,Kesiakole,23.27131,87.096105,94,,13600,11400
722158,Saltora,23.465955,86.9405,94,,13400,11300
614614,Tiruvonam,10.49864,79.19332,94,,27000,22700
457118,Tal,23.764015,75.37523,94,,20600,17300
458556,Budha,24.24298,75.231655,94,,18500,15500
458558,Nahargarh,24.1518,75.31560999999999,94,,18400,15500
458664,Piplia,24.20305,75.00849,94,,18500,15500
458880,Garoth,24.34541,75.62421499999999,94,,18500,15500
144025,Jandu Singha,31.37974,75.647075,94,,34100,28600
144029,Moron,31.07983,75.93341,94,,34100,28600
229411,Anapur,25.592235,81.67548,94,,21900,18500
142038,Baghapurana,30.69241,75.03562500000001,94,,31000,26100
673571,Kunnamangalam,11.302565,75.87209,94,,35500,29900
673526,Kayanna,11.57551,75.81432000000001,94,,35700,30000
341029,Sribalaji,27.47596,73.578015,94,,34600,29100
212108,Shankargarh,25.16124,81.61258000000001,94,,22100,18600
458389,Laduna,23.906255,75.375675,94,,18200,15400
457773,Petlawad,23.00596,74.776445,94,,11000,9200
614804,Peravurni,10.291055,79.20089999999999,94,,26500,22300
614624,Keeramangalam,10.27096,79.07471000000001,94,,22600,19000
458771,Gandhi Sagar,24.676815,75.62619000000001,94,,18500,15500
458775,Bhanpura,24.56903,75.70936,94,,18600,15600
458778,Bhensoda Mandi,24.488545,75.822235,94,,18500,15500
227805,Aliganj Bazar,26.328485,81.89528,94,,20800,17400
227806,Bazar Baldirai,26.463555,81.86057,94,,20700,17400
227807,Pindara,26.3513,81.76607999999999,94,,20800,17500
227808,Hasanpur,26.282625000000003,81.995175,94,,20800,17500
211016,G T B Nagar,25.42275,81.813925,94,,22400,18800
211019,Jhunsi,25.39605,81.96379999999999,94,,22300,18700
212104,Bharatganj,25.063145,82.23354499999999,94,,22300,18700
212106,Jari Bazar,25.182715,81.767445,94,,22200,18600
227811,Sukul Ka Bazar,26.57743,81.57899,94,,20800,17400
227812,Wallipur,26.396115,81.94593,94,,20800,17500
227813,Musafirkhana,26.370765,81.80403,94,,20800,17500
227814,Ataula,26.47418,81.94032,94,,20700,17400
227815,Haliapur,26.49596,81.75773000000001,94,,20800,17500
227816,Raniganj,26.500075,81.67083,94,,20900,17600
227817,Jagdishpur Industrial Area,26.48546,81.56325000000001,94,,20900,17600
227801,Gaura Jamon,26.35494,81.66418999999999,94,,20900,17600
341317,Ratau,27.38452,74.33401,94,,34600,29100
341318,Khunkhuna,27.26128,74.480715,94,,34600,29100
341319,Toshina,27.15033,74.5453,94,,34600,29100
241202,Bharawan,27.157235,80.74324,94,,17800,15000
241203,Dhikunni,27.143535,80.58356,94,,17900,15000
241204,Sandila,27.116095,80.528985,94,,18100,15200
241301,Bilgram,27.16948,80.05375000000001,94,,18100,15200
241302,Madhoganj,27.141825,80.117695,94,,18200,15200
341505,Makrana Rs,27.09826,74.736665,94,,34600,29100
341506,Maulasar,27.29676,74.68238500000001,94,,34600,29100
341507,Maroth,27.123915,75.16011,94,,34600,29100
341508,S.R. Kuchamancity,27.108355,74.907045,94,,34900,29300
591143,Kadoli,15.9524,74.476875,94,,21400,18000
341304,Jaswantgarh,27.614955,74.54327,94,,34600,29100
341305,Koliya,27.329455,74.42952,94,,34900,29300
341316,Nimbijodhan,27.52251,74.29371499999999,94,,34600,29100
209728,Saurikh,26.980870000000003,79.515965,94,,16500,13900
813207,Khesar,24.945045,86.73825500000001,94,,20400,17100
341510,Merta,26.570935,74.00364,94,,34900,29300
341511,Merta Road,26.761245,73.898255,94,,34900,29300
341516,Dhankoli,27.27601,74.8553,94,,35200,29500
341517,Ladariya,27.251935000000003,74.69951499999999,94,,34600,29100
341501,Badu,26.89963,74.557715,94,,34600,29100
341504,Gachhipura,26.97424,74.43608499999999,94,,34600,29100
341030,Tarnau,27.151085,74.12571,94,,34700,29100
341031,Padukallan,26.639315,74.32161500000001,94,,35000,29300
341022,Deh,27.37683,73.9705,94,,35000,29300
341023,Jael,27.30663,74.177295,94,,34600,29100
341024,Kuchera,26.98962,73.97341,94,,34700,29100
341025,Khinwsar,26.9947,73.411545,94,,34600,29100
711227,Ghoshpara,22.64252,88.326075,94,,33400,28100
209727,Saraimira,27.052505,79.87509,94,,16400,13800
344027,Parlu,25.87243,72.44001,94,,22800,19100
242223,Kant,27.774015,79.77076500000001,94,,16700,14000
241304,Beniganj,27.33372,80.49331000000001,94,,18000,15100
241402,Harpalpur,27.318615,79.80576500000001,94,,18200,15200
241201,Behander,27.000480000000003,80.38935000000001,94,,18000,15100
676553,Kadampuzha,10.94516,76.06791,94,,31600,26500
676121,Manjeri-kla,11.1068448,76.1099551,94,,31200,26300
207401,Marehara,27.738390000000003,78.541955,94,,17700,14900
816102,Barhait,24.883515,87.55185,94,,14700,12400
816110,Pathna,24.82777,87.70179999999999,94,,14900,12500
518502,Nandyal R.S.,15.45436,78.50977,94,,25700,21600
209502,Kaimganj,27.564045,79.357635,94,,15200,12800
518464,Kodumur,15.699955,77.72604000000001,94,,25700,21600
209308,Patara,26.23111,80.20209,94,,19700,16600
344044,Siwana,25.654995,72.40471,94,,22800,19100
344708,Sanawara,25.46523,71.36352,94,,22800,19100
620022,Thuvakudimalai,10.76917,78.80541500000001,94,,31100,26100
620023,Khajanagar,10.776685,78.69276500000001,94,,31400,26400
620102,Somarasampettai,10.81489,78.62372,94,,31600,26500
620018,Thillai Nagar,10.826755,78.68292,94,,31100,26200
620008,Tiruchirappalli Fort,10.81396,78.700725,94,,31000,26100
273015,Gorakhnath Mandir,26.772265,83.332345,94,,18800,15800
587203,Guledgudd,16.02489,75.782555,94,,21100,17700
587312,Mahalingpur,16.386195,75.11318,94,,20700,17400
241303,Mallawan,27.015405,80.14749499999999,94,,18100,15200
621010,Turaiyur,11.167375,78.594325,94,,31000,26100
621012,Vyrichettipalayam,11.32743,78.46563499999999,94,,31000,26100
621014,Pagalavadi,11.086,78.59482,94,,31100,26100
621101,Ammapalayam,11.230815,78.738775,94,,23000,19400
641607,Tirupur East,11.13175,77.38790499999999,94,,47600,40000
211015,Subedarganj,25.423485,81.778445,94,,22400,18800
465667,Kurawar,23.57052,76.974355,94,,18900,15900
784148,Duni,26.45916,91.818495,94,,21200,17700
471311,Badamalehara,24.549655,79.38934,94,,13200,11100
784112,Alisinga,26.678765,92.45579,94,,20100,16900
224141,Goshaiganj,26.57155,82.35677000000001,94,,21000,17600
783349,Bagribari,26.132275,90.1249962,94,,18600,15600
470229,Garhakota,23.77615,79.156395,94,,18200,15300
518512,Thimmapuram,15.530815,78.65036,94,,25700,21600
518513,Santajutur,15.603685,78.61126,94,,25700,21600
534340,Vegeswarapuram,17.081495,81.684155,94,,31700,26600
782442,Sankardev Nagar,26.000325,92.955025,94,,18900,15900
782462,Diphu Govt.College,25.83912,93.42172,94,,15800,13300
782470,Dhansripar,25.86294,93.575005,94,,16000,13500
782440,Daboka,26.12228,92.893565,94,,19000,15900
503003,Nizamabad RS,18.69423,78.145235,94,,20000,16800
303805,Morija,27.132705,75.836115,94,,40700,34100
173025,Paonta Sahib,30.48175,77.676165,94,,25800,21700
621713,Rajajinagar,11.173705,79.0626,94,,27300,22900
144624,Nadala,31.551805,75.41576,94,,38100,32000
144531,Moranwali,31.257025,76.059305,94,,32800,27500
144603,PTU Campus Kapurthala,31.3381,75.42733,94,,38500,32300
144606,Talwandi Chaudharian,31.349145,75.23248,94,,38100,32000
144620,Sheikhupur,31.29161,75.30368,94,,38400,32300
144622,Bholath,31.540055,75.523495,94,,38000,31900
144416,Apra,31.100325,75.87771000000001,94,,34100,28600
207402,Neoli,27.88911,78.83692500000001,94,,17800,15000
207403,Soron,27.95273,78.68236,94,,17700,14900
534416,Kaikaram,16.80338,81.35819000000001,94,,31400,26400
534425,Bhimadole,16.847725,81.28412499999999,94,,31400,26400
622104,Vayalogam,10.41126,78.687285,94,,22800,19100
622301,Alangudi,10.385235,78.99255500000001,94,,22400,18800
621715,Tirumanur,10.97892,79.13259,94,,27300,22900
621707,Kilapaluvur,11.035685,79.06991,94,,26800,22500
207124,Bilram,27.871435,78.576665,94,,17900,15000
207125,Mirehachi,27.68582,78.64643000000001,94,,18000,15100
585228,Shahabad,17.171035,76.912575,94,,16700,14000
273016,Shivpurinewcolony,26.672345,83.38186999999999,94,,19100,16000
273017,Siddharth Enclave,26.726915,83.396355,94,,19100,16000
273152,Pipraich,26.81107,83.532415,94,,19000,16000
273158,Campierganj,27.022295,83.26031499999999,94,,19100,16000
273165,Pepeeganj,26.926115,83.31581,94,,18800,15800
207244,Raja Ka Rampur,27.570075000000003,79.158175,94,,17800,15000
207248,Dhumri,27.53665,78.95622499999999,94,,17800,15000
207002,Aruna Nagar,27.521885,78.65468,94,,17900,15000
207003,Brahm Sajiwan,27.512475,78.78779,94,,17900,15000
207120,Pilua,27.61846,78.534145,94,,17900,15000
207121,Sakeet,27.410595,78.76448,94,,18000,15100
207122,Nidholi Kalan,27.565265,78.47238999999999,94,,17900,15000
207123,Kasganj,27.809475,78.69436999999999,94,,17900,15000
508205,Kattangur,17.17875,79.31547499999999,94,,31300,26200
508206,Kodad,17.0238,79.98391000000001,94,,31400,26300
508207,Miryalguda,16.87191,79.56069,94,,31100,26100
207250,Sarai Aghat,27.363545,79.204155,94,,17900,15000
678581,Agali,11.11236,76.671435,94,,33100,27900
207241,Amanpur,27.698895,78.75608,94,,18000,15100
207242,Gunjdundwara,27.726805,78.881065,94,,18000,15100
207243,Patiali,27.65877,79.02696,94,,18000,15100
586115,Devar Hippargi,16.828015,76.11314,94,,27800,23400
828133,Bhulan Bararee,23.70084,86.42675,94,,29800,25100
345027,Fatehgarh,26.397815,71.010205,94,,29100,24400
828122,Sindri,23.68128,86.49819,94,,30100,25300
362275,Sutrapada,20.818335,70.5584,94,,25500,21500
585444,Nittur,18.063025,77.34553500000001,94,,15600,13100
586103,Bijapur Vijaya College,16.876379999999997,75.70644,94,,27800,23400
586108,Bijapur Amc,16.810145,75.774845,94,,28000,23500
313703,Kurawar,24.444575,73.931285,94,,26300,22100
364765,Ugamedi,21.996315000000003,71.65412,94,,25700,21600
584101,Raichur,16.18609,77.341315,94,,22700,19100
584103,Raichur Jawahar Nagar,16.16637,77.40117000000001,94,,23100,19400
584104,Raichur UAS,16.15219,77.27501000000001,94,,22900,19300
584111,Deodurga,16.399659999999997,76.972695,94,,23100,19400
584113,Gabbur,16.35634,77.13685000000001,94,,22900,19200
583234,Munirabad RS,15.34673,76.37946,94,,24600,20700
781360,Kumarikata,26.741315,91.538885,94,,21500,18100
623605,Mandalamanickam,9.482975,78.346695,94,,31300,26300
623502,Achunthanvayal,9.381885,78.80846,94,,31300,26200
782490,Bokajan C F,25.93942,93.74726,94,,15800,13300
242226,M Ashram,27.84719,79.87397,94,,16700,14100
206253,Basrehar,26.89305,79.07057499999999,94,,16300,13700
508250,Chinthapalli,16.861775,78.82418999999999,94,,31200,26200
313604,Kanore,24.32563,74.26230000000001,94,,26300,22100
303304,Dubbi,26.923015,76.50043500000001,94,,25100,21100
303120,Gathwadi,27.24383,76.05885,94,,40600,34100
503206,Mosra,18.59178,77.97113,94,,20100,16800
146111,Purhiran,31.47011,75.860965,94,,32300,27200
146115,Pajjodeotta,31.568355,75.712165,94,,32300,27100
781350,Sanekuchi,26.38516,91.549675,94,,21700,18300
781351,Kalag,26.43538,91.502825,94,,21700,18200
781353,Gopalbazar,26.41668,91.41592,94,,21700,18200
835229,Basia,22.917715,84.813525,94,,10900,9100
835230,Noadih,23.159165,84.11882,94,,10900,9100
835231,Bishunpur,23.410535,84.41077,94,,10800,9100
835220,Palkot,22.886905,84.63003499999999,94,,10900,9100
413604,Dalimb,17.899540000000002,76.48345499999999,94,,29300,24600
243202,Bhojipura,28.512635,79.441685,94,,19000,15900
243203,Deorania,28.641655,79.49371500000001,94,,19000,15900
242405,Khutar,28.225315,80.25166,94,,16800,14100
271210,Gainsari,27.521925,82.564575,94,,16600,13900
583115,Kudathini,15.230095,76.789945,94,,35400,29700
271903,Kaiserganj,27.283495,81.53643,94,,20800,17400
134117,Sector 20 Panchkula,30.673895,76.86213000000001,94,,50800,42700
134201,Jatwar,30.45316,76.95625,94,,31100,26200
133203,Mullana,30.29412,77.078505,94,,31600,26500
133205,Adhoya,30.15339,77.030495,94,,31500,26400
302002,Tripolia Bazar,26.950125,75.83260999999999,94,,40800,34200
303338,Phulera,26.859555,75.36863,94,,40800,34200
303348,Naraina,26.776245000000003,75.1346,94,,40800,34200
303601,Amarsar,27.34688,75.824975,94,,40800,34200
303303,Dausa,26.888045,76.30436,94,,24700,20800
695005,Perurkada,8.534375,76.967885,94,,54200,45600
136026,Pundri,29.705820000000003,76.63483,94,,22900,19300
841505,Sasamusa,26.49489,84.36818,94,,20300,17100
841427,Garhmanjha,26.42162,84.485345,94,,20500,17200
475661,Datia,25.67213,78.496115,94,,21500,18100
474012,S.P. Ashram,26.232125,78.15668500000001,94,,25000,21000
522615,Nekarikallu,16.329835000000003,79.917885,94,,31900,26800
523190,Idupulapadu,15.893265,80.17070000000001,94,,29600,24900
303602,Badhal,27.278945,75.48999,94,,40700,34100
303604,Sambhar Lake,26.88229,75.17323,94,,40800,34200
303712,Govindgarh,27.25,75.60615,94,,40700,34100
303328,Jobner,26.981885,75.33323,94,,40800,34200
271805,Shravasti,27.5027,82.03076,94,,17300,14500
271824,Mahasi Tahsil,27.619355,81.389235,94,,20400,17200
271803,Patna Malhipur,27.83139,81.75830500000001,94,,17300,14500
364260,Tana,21.556175,71.98080999999999,94,,25700,21600
679301,Lakkidi,10.765665,76.432855,94,,33000,27800
679303,Pattambi,10.814475,76.17281,94,,33100,27900
695104,Kizhuvalam,8.66837,76.829705,94,,55100,46200
695030,Kanjirampara,8.519124999999999,76.977745,94,,54300,45700
691530,Mannady,9.09507,76.73251,94,,45100,37800
690533,Krishnapuram,9.143115000000002,76.524285,94,,42700,35900
244925,Tanda Badli,28.9572,78.968265,94,,18800,15800
244602,Surjan Nagar,29.177895,78.726685,94,,19700,16500
244301,Sirsi,28.651135,78.64785499999999,94,,19700,16500
244304,Asmoli,28.70758,78.54466,94,,19700,16500
244236,Rajab Pur,28.86373,78.35997,94,,19200,16100
388160,Pandoli,22.46768,72.769695,94,,36500,30700
151108,Salabatpura,30.5167,75.20775,94,,30800,25900
151105,Mehraj,30.322475,75.17788,94,,31200,26200
384130,Kahoda,23.89195,72.46633,94,,23000,19300
581412,Kirwatti,15.06605,74.87069,94,,27900,23400
581450,Neggu,14.513225,74.768325,94,,28000,23500
387120,Kanij,22.849995,72.67131,94,,36600,30700
691552,Kadambanad,9.102475,76.69075000000001,94,,45100,37800
691526,Enathu,9.10703,76.762025,94,,45300,38000
172027,Baragaon,31.334580000000003,77.39169,94,,43000,36100
172109,Moorang,31.648075,78.49886000000001,94,,34100,28700
172118,Katgaon,31.64722,77.93951,94,,34800,29200
532430,Priyagraharam,18.431735,84.17531,94,,27900,23400
284123,Barh,24.88397,78.59667,94,,17100,14300
148018,Bagrian,30.41238,76.014055,94,,29200,24500
152021,Mallanwala,31.06168,74.806895,94,,33000,27700
152005,Sherkhan Wala,30.9614,74.77891,94,,32500,27300
302003,Jaipur City,26.905255,75.84714,94,,40700,34200
302004,Jawahar Nagar,26.887225,75.839565,94,,40700,34200
302005,Rajasthan Secretariate,26.899925,75.79896500000001,94,,40700,34200
302006,Jaipur R.S.,26.91373,75.78159,94,,40700,34200
302012,Jhotwara,26.99757,75.67835,94,,40700,34100
302013,Vishwakarma Industrial Area,27.00986,75.798895,94,,40700,34100
523109,Ponnalore,15.25295,79.74616,94,,29500,24800
754160,Manijanga,20.294425,86.37361,94,,17600,14800
679531,Cheruthuruthy,10.73792,76.294455,94,,43400,36500
690501,Vallikunnam,9.132295,76.57042,94,,42800,36000
246729,Chandpur Sugar Factory,29.184025,78.29772,94,,19900,16700
246731,Kiratpur,29.502775,78.25388000000001,94,,19900,16700
246732,Nagal,29.636935,78.1949,94,,19900,16700
246701,Bijnor,29.3047,78.125945,94,,20000,16800
246721,Mandawar,29.528925,78.103665,94,,20000,16800
246722,Afzalgarh,29.41196,78.77211,94,,20000,16800
302017,Malviya Nagar,26.835455,75.86397,94,,40700,34100
302018,Durgapura,26.85573,75.78956,94,,40700,34100
302019,Shyam Nagar,26.88608,75.758815,94,,40700,34100
302020,Mansarovar,26.847085,75.75148999999999,94,,40700,34100
134203,Naraingarh,30.443835,77.099615,94,,31500,26500
134108,G.K. Panchkula,30.708725,76.874585,94,,51500,43200
134109,Panchkula Sector 8,30.70022,76.86365,94,,51100,42900
134112,Panchkula Sector 4,30.67944,76.857595,94,,50600,42500
151203,Faridkot,30.671255,74.729525,94,,28600,24000
151204,Kotkapura,30.54936,74.82263499999999,94,,28600,24100
222142,Kerakat,25.675865,82.90477,94,,17400,14600
222161,Mariahun,25.61834,82.621955,94,,17300,14500
768048,Laumunda,21.096005,83.38418,94,,23000,19300
768113,Dhama,21.29773,83.94175,94,,34900,29300
481001,Balaghat,21.87735,80.19232,94,,19400,16300
481051,Birsa,21.85873,80.75898000000001,94,,19300,16200
847203,Biraul,25.917965,86.27041,94,,16900,14100
388120,Vallabh  Vidyanagar,22.54359,72.93239500000001,94,,36400,30600
302015,Gandhi Nagar,26.88448,75.79205999999999,94,,40800,34200
302016,Shastri Nagar,26.942405,75.79817,94,,40800,34200
151502,Budhlada,29.969165,75.57566,94,,28600,24000
151504,Bhikhi,30.082325,75.55019999999999,94,,28500,24000
151201,Goniana Mandi,30.3317,74.899085,94,,31100,26100
151202,Jaitu,30.43359,74.82533000000001,94,,28800,24200
390012,Atladara,22.264715,73.15804,94,,32600,27300
246733,Nehtaur,29.32908,78.37854,94,,19900,16700
246734,Noorpur,29.122325,78.354925,94,,19900,16700
246735,Raja-ka-tajpur,29.160835,78.50202,94,,19900,16700
246736,Bashta,29.078935,78.16801,94,,19900,16700
246745,Sahaspur,29.125225,78.586035,94,,19900,16700
246746,Seohara,29.21864,78.60745499999999,94,,19900,16700
246747,Sherkot,29.374575,78.6551,94,,19900,16700
523213,Ravinuthala,15.72894,80.11833,94,,29600,24900
523214,J.Pangulur,15.808435,80.121565,94,,29600,24900
689654,Kozhencherry  Thekkemala,9.323615,76.71535,94,,45200,37900
689656,Vallicode Kottayam,9.196575,76.816825,94,,45000,37800
679587,Eramangalam,10.716975,75.9827,94,,31400,26400
689642,Naranganam,9.31682,76.743905,94,,45100,37800
689643,Elanthur,9.291605,76.736275,94,,44900,37700
390007,Racecourse,22.2985,73.160195,94,,32500,27300
171217,Kupvi,30.821375,77.572835,94,,42800,35900
171219,Shoghi,31.03992,77.150185,94,,42600,35800
171221,Kawar,31.2374,78.156515,94,,43000,36100
171222,Sandhu,31.140405,77.370065,94,,42500,35800
171209,Fagu,31.03966,77.331955,94,,42900,36100
171210,Nerwa,30.924795000000003,77.692075,94,,43000,36100
171211,Chopal,30.96806,77.50819,94,,42500,35800
171206,Hatkoti,31.053925,77.773295,94,,42500,35700
246723,Balawali,29.61657,78.142425,94,,19900,16800
132104,Panipat Khadi Ashram,29.376235,77.068,94,,29100,24400
388270,Vardhari,23.109165,73.46338,94,,18100,15200
689671,Mylapra,9.290365,76.805695,94,,45300,38000
689652,Punnakkad,9.310375,76.71112500000001,94,,44900,37700
689653,Kumbazhamuri,9.27082,76.82089500000001,94,,45200,37900
524310,Seetaramapuram,15.000555,79.155975,94,,26800,22500
524313,Mypadu,14.517725,80.135155,94,,26900,22600
689626,Parumala,9.33333,76.54496499999999,94,,45300,38000
306104,Sojat,26.00626,73.576795,94,,22200,18600
680317,Kallur,10.45609,76.31008,94,,44000,36900
403507,Mapusa,15.601495,73.808985,94,,47800,40100
389340,Vejalpur,22.71787,73.58439,94,,18000,15200
389232,Bakor,23.37638,73.635865,94,,18200,15300
577596,Dharmapura,14.08955,76.87241499999999,94,,28000,23500
577537,Obalapura,14.417655,76.822025,94,,28100,23600
756120,Bhandari Pokhari,20.93739,86.378285,94,,14000,11800
756121,Manjuri Road,21.02256,86.2859,94,,14000,11700
756122,Akhuapada,20.92768,86.31482,94,,13900,11700
756113,Barapada,21.10666,86.427765,94,,13900,11600
756114,Bant,21.121295,86.33329,94,,14000,11700
756115,B T Pur,21.22947,86.403915,94,,13800,11600
486885,Vindhyanagar,24.09579,82.67153,94,,25400,21300
689649,Kadammanitta,9.303920000000002,76.77453,94,,45100,37900
689646,Mallasseri,9.241585,76.80418499999999,94,,45000,37800
689647,Omallur-kla,9.249425,76.75408999999999,94,,44800,37600
689648,Kaipattur,9.20534,76.78090499999999,94,,44900,37700
756125,Basudevpur,21.08513,86.790355,94,,13700,11600
756129,Ghanteswar,20.935425,86.82518,94,,14000,11700
756130,Tihidi,20.987655,86.683945,94,,14100,11800
756132,Motto,20.83049,86.78356500000001,94,,13800,11600
756119,Dhusuri,20.88133,86.58374,94,,13900,11700
246749,Sahanpur,29.69156,78.302115,94,,19900,16700
246724,Badhapur,29.566555,78.57234,94,,20000,16800
246725,Chandpur,29.157310000000003,78.195115,94,,19900,16700
246726,Haldaur,29.275225,78.28499500000001,94,,19900,16700
246727,Hassupura,29.118830000000003,78.45712499999999,94,,19900,16700
246728,Jhalu,29.34165,78.234365,94,,19900,16700
689644,Kuzhikala,9.297495,76.70264,94,,44700,37600
689645,Pathanamthitta,9.26313,76.78315,94,,44900,37700
766012,Kesinga,20.2291,83.27535499999999,94,,15600,13100
221108,Bhulanpur Pac,25.280365,82.93863,94,,18500,15500
221011,Dafi,25.23576,82.96437,94,,18500,15500
758032,Ukhunda,21.818105000000003,85.69921,94,,21000,17700
758019,Telkoi,21.35884,85.419565,94,,21000,17700
758013,Raisuan,21.714225,85.525965,94,,21000,17700
689533,Aranmula,9.316395,76.689825,94,,45200,37900
689513,Nariapuram,9.220145,76.742795,94,,44700,37600
756181,Madhabnagar,21.076555,86.51226,94,,13900,11700
756137,Asurali,20.94583,86.533715,94,,14000,11800
756162,Eram,21.173965000000003,86.79038,94,,13700,11600
171019,Jalog,31.24405,77.32506000000001,94,,42500,35800
171005,Summerhill,31.105025,77.13265,94,,43000,36100
171008,Jutogh,31.104925,77.108195,94,,43100,36100
484665,Manpur,23.725735,81.105265,94,,15200,12700
152022,Guruharsahai,30.666335,74.37438499999999,94,,33100,27800
766036,Borda,20.141475,82.97974500000001,94,,15500,13000
766108,Sinhapalli,20.10562,82.58709,94,,11000,9200
152121,Khui Khera,30.28321,74.09006,94,,33100,27800
152124,Arniwala Sheikh Subhan,30.353655,74.231035,94,,33100,27800
152113,Lambi,30.030305,74.61229499999999,94,,29400,24800
530029,R R V Puram,17.757199999999997,83.209235,94,,37900,31800
481661,Mandla,22.683825,80.43548,94,,9800,8200
481226,Hatta,21.72459,80.34116499999999,94,,19600,16500
689571,Neerattupuram,9.378105,76.50627499999999,94,,43300,36300
689572,Thalavady,9.36613,76.497885,94,,42700,35900
689532,Edayarnmula,9.31512,76.664225,94,,44900,37700
757021,Deuli,22.049205,86.849995,94,,19200,16100
756165,Brahmanigaon,21.113885000000003,86.684815,94,,14000,11700
756167,Paliabindha,21.038535000000003,86.624385,94,,14000,11700
756168,Betada,21.16039,86.68565,94,,14000,11800
766032,Karlamunda,20.354965,83.46617499999999,94,,15600,13100
206128,Mandir Mahewa,26.603105,79.2319,94,,16200,13600
206129,Muradganj,26.4967,79.37991,94,,14100,11900
688529,Kadakkarapally,9.712715,76.30323,94,,43200,36200
688531,Pattanacaud,9.73352,76.308345,94,,42800,36000
D171306,"Lawngtlai, Mizoram · D171306",22.3913377,92.7397189,94,,30500,25600
573111,Bagur,13.05427,76.367955,94,,29400,24700
573112,Banavara,13.403845,76.16698500000001,94,,29400,24700
247451,Rampur,29.82395,77.469135,94,,23800,20000
630103,Kanadukathan,10.18148,78.77926,94,,26700,22400
630105,Kothamangalam,10.19469,78.805185,94,,26400,22200
171009,Kasumpti,31.07826,77.16929,94,,42600,35800
171010,Tara Devi,31.08178,77.14211,94,,42600,35800
171012,Dhalli,31.05208,77.26269500000001,94,,42500,35700
171013,Mehli,31.054125,77.17987,94,,43000,36100
852126,Salkhua Bazar,25.63271,86.58828,94,,20500,17200
689109,Tiruvanvandur,9.346625,76.56733,94,,42600,35800
403513,Colvale,15.666365,73.869925,94,,47300,39700
390014,Makarpura,22.21654,73.20574500000001,94,,32600,27300
403503,Assonora,15.665765,73.92726,94,,47500,39900
262406,Nawabganj,28.52173,79.66603,94,,18900,15900
530020,Dabagardens,17.717734999999998,83.30291,94,,38000,31900
627713,Ilyarasanendal,9.219815,77.74824000000001,94,,32600,27400
627719,Tiruvengadam,9.240065,77.649355,94,,32600,27400
524343,Kaluvoya,14.453485,79.44071,94,,26800,22500
689502,Thumpamon,9.21653,76.71477,94,,44600,37500
689506,Pandanad,9.32711,76.57708,94,,43100,36200
689507,Mezhuveli,9.283494999999998,76.698925,94,,44600,37500
680541,Mundur-TC,10.599615,76.18581,94,,43500,36600
689501,Pandalam,9.20492,76.68233000000001,94,,44500,37400
852121,Mathahi,25.90366,86.719315,94,,20300,17000
852125,Pratapganj,26.2861,86.973465,94,,19100,16100
577533,Mathodu,13.751125,76.442485,94,,28000,23600
306902,Sumerpur,25.164865,73.066085,94,,22200,18600
517503,Tiruchanoor,13.598025,79.45841999999999,94,,32300,27100
202130,Chharra,27.94392,78.389805,94,,22000,18500
D910402,"Kasaragod, Kerala",12.4221964,75.1904446,94,,30400,25500
202132,Chandaus,28.098775,77.85698,94,,21900,18400
D976610,"Chennai, Tamil Nadu · D976610",13.0008413,80.2023035,94,,30300,25500
D989489,"Nainital, Uttarakand",29.294995,79.4162511,94,,30400,25500
517422,Yadamari,13.125925,78.99123499999999,94,,32100,26900
202281,J D Singh,28.0988,78.344105,94,,21900,18400
202282,Malviya Nagar,28.0789,78.248025,94,,21900,18400
D681670,"Mokokchung, Nagaland · D681670",26.4795861,94.5105275,94,,30900,25900
202139,K G W Sasni,27.70831,78.142665,94,,21900,18400
202140,Lodha,27.918715,77.951385,94,,21900,18400
202142,Birpura,28.02531,77.90899999999999,94,,21800,18300
202143,Somna,28.068245,77.948615,94,,21900,18400
202145,Beswan,27.66258,77.88743,94,,22000,18500
574102,Bailur,13.28552,74.920455,94,,29200,24500
574105,Katapadi,13.29115,74.75412,94,,28800,24200
D226277,"Serchhip, Mizoram · D226277",23.3052514,92.8455124,94,,30600,25700
D237982,"Peren, Nagaland · D237982",25.4499691,93.6001738,94,,30500,25700
574146,Haleangady,13.040475,74.809625,94,,37600,31500
574148,Kateel,13.04552,74.87326,94,,37600,31600
D692292,"Ukhrul, Manipur · D692292",25.3121261,94.4754982,94,,30600,25700
202280,Atrauli,28.00506,78.30776,94,,21800,18300
685509,Kumily,9.46826,77.269845,94,,42000,35300
D340635,"Banas Kantha, Gujarat",24.25,72.5,94,,30400,25500
D272288,"Jaisalmer, Rajasthan · D272288",27.0264162,70.777512,94,,30400,25500
D285577,"Pulwama, Jammu And Kashmir",33.9490472,75.0418335,94,,30400,25500
576211,Basrur,13.630285,74.79124,94,,28900,24300
576216,Ganguli,13.648265,74.66574499999999,94,,28900,24300
576218,Hungarcutta,13.444295,74.705475,94,,28900,24300
246761,Dhampur,29.30774,78.50731999999999,94,,19900,16800
276124,Ajamat Garh Estate,26.145200000000003,83.40041,94,,16300,13700
276128,Chandesar,25.96961,83.17886,94,,16500,13800
326034,Pirawa,24.136815,75.98475,94,,19800,16600
210202,Badausa,25.122715,80.75857500000001,94,,15000,12600
210204,Chitrakot,25.15866,80.85254,94,,15800,13200
210207,Rajapur,25.375655,81.12815499999999,94,,15600,13100
143115,Jandiala Guru,31.538055,75.036115,94,,31100,26100
143116,Tarsika,31.629665000000003,75.121125,94,,31300,26200
574212,Bellare,12.659385,75.379075,94,,37300,31400
574141,Aikala,13.073595,74.87548,94,,37400,31400
227408,Dhammaur,26.232885,81.917495,94,,20900,17600
227411,Shahgarh,26.26395,81.78912,94,,20900,17600
227412,H A L Korwa,26.217655,81.81649,94,,20800,17500
226025,B R A University,26.76328,80.93118,94,,29000,24300
226024,Aliganj,26.89522,80.94351,94,,28800,24200
276122,Rauna Par,26.311685,83.31428,94,,16200,13600
573144,Kanakatte,13.462635,76.291165,94,,29400,24700
573225,Agriculture College Campus Dly,12.990535,76.31098499999999,94,,29500,24800
574214,Belthangady,13.04482,75.32423499999999,94,,37200,31300
574216,Dharmasthala,12.965065,75.441665,94,,37200,31300
574154,Mulki,13.09638,74.81754000000001,94,,37100,31200
574197,Kodangallu,13.04732,75.06201999999999,94,,37400,31400
574203,Nehrunagar,12.76599,75.207355,94,,37600,31500
574210,Aryapu,12.70853,75.26744,94,,37400,31400
517257,Chowdepalle,13.419175,78.75849500000001,94,,31900,26800
202150,Palirajapur,27.790305,78.12597500000001,94,,22100,18500
202165,Tappal,28.005565,77.562795,94,,21900,18400
202170,Bijaigarh,27.7187,78.25735,94,,21800,18300
D483105,"Harda, Madhya Pradesh · D483105",22.2427973,77.1179173,94,,30400,25500
D427457,"Chamoli, Uttarakand",30.4985956,79.6190537,94,,30400,25500
D433744,"Anjaw, Arunachal Pradesh",28.1553856,96.8407212,94,,30400,25500
D447102,"Pithoragarh, Uttarakand",30.1264975,80.4816989,94,,30400,25500
221103,Manduadih,25.303795,82.96695500000001,93,,18000,15200
756135,Randiahat,21.11475,86.412385,93,,13700,11500
171018,Basanatpur,31.220535,77.2187,93,,41500,35000
484114,Dhanpuri,23.182625,81.56712999999999,93,,20700,17400
761001,Nimakhandi,19.363005,84.81073,93,,16500,13900
761007,Padmanavapur,19.333905,84.5692,93,,16500,13900
761019,Pratapur,19.50896,84.965795,93,,16500,13900
761025,Jayashree,19.39578,85.05295000000001,93,,16500,13900
761026,Ganjam,19.40461,85.01464999999999,93,,16500,13900
756124,Ertal,21.07911,86.70316,93,,13700,11600
396403,Aat,20.89209,72.87199,93,,24200,20400
262202,Bilsanda,28.21418,79.952695,93,,14800,12500
262203,Barkhera,28.45521,79.86075,93,,14800,12500
262302,Majhola,28.83803,79.840205,93,,14800,12500
262305,Neoria,28.71735,79.89715000000001,93,,14800,12500
517305,Cherlopalle,13.8477,78.627215,93,,31200,26300
202137,Jattari,28.04622,77.668465,93,,21500,18100
202141,Dayal Nagar,28.00159,77.74144,93,,21700,18200
202155,Pisawah,28.09064,77.74991,93,,21500,18100
517234,Kalikiri,13.638265,78.81925,93,,31400,26500
573102,Arkalgud,12.740335,76.06076,93,,28800,24300
635206,Pochampalli,12.356205,78.37023500000001,93,,31700,26700
314034,Ramgarh,23.91934,73.93796499999999,93,,16600,14000
314401,Obri,23.614305,73.883475,93,,16600,14000
635112,Kaveripattinam,12.40238,78.21536,93,,31800,26800
635115,Ramapuram,12.61136,78.15125,93,,31800,26800
635117,Shoolagiri,12.682215,78.02203,93,,31800,26800
635123,Pannandur,12.30791,78.259255,93,,31700,26700
635307,Singarapettai,12.279145,78.63044500000001,93,,31800,26700
756123,Sabrang,21.06694,86.61242,93,,13700,11600
635203,Mathur,12.41872,78.35252,93,,31700,26700
635204,Nagarasampatti,12.391205,78.291825,93,,31700,26700
483775,Vijayraghavgarh,23.953845,80.63655,93,,16100,13600
761107,Dharakote,19.655955,84.50874999999999,93,,16500,13900
761108,Surada,19.807525,84.44572,93,,16500,13900
761118,Buguda,19.803775,84.7799,93,,16500,13900
635304,Kallavi,12.23789,78.41045,93,,31800,26700
635306,Samalpatti R.S,12.33311,78.48405500000001,93,,31800,26800
632531,Ocheri,12.89424,79.514895,93,,30500,25700
635001,Krishnagiri,12.544495,78.23506499999999,93,,31800,26800
635002,Krishnagiri Indl. Estate,12.53491,78.21441,93,,31800,26800
635102,Anchetty,12.285385,77.673665,93,,31800,26800
635104,Barugur,12.538475,78.38261,93,,31700,26700
635108,Elathagiri,12.52237,78.29039,93,,31800,26800
517390,Mulakalacheruvu R.S.,13.86896,78.337005,93,,31000,26200
517421,Thugundram,13.193475,79.310205,93,,31600,26600
576233,Vandse,13.769975,74.80534,93,,28600,24000
576282,Hosangadi,13.68461,74.97238999999999,93,,28400,23900
391243,POR,22.16203,73.17708999999999,93,,31700,26700
262001,Pilibhit,28.626085,79.810825,93,,14800,12500
262121,Amaria,28.76752,79.71466,93,,14800,12500
262124,Kali Nagar,28.67467,80.05369999999999,93,,14800,12500
262201,Bisalpur,28.32142,79.878135,93,,14800,12500
573117,Doddamettikurke,13.49931,76.36799500000001,93,,28700,24200
635111,Karimangalam,12.3218,78.19224500000001,93,,31800,26800
632512,Timiri,12.79874,79.286595,93,,30000,25300
632102,Kaniyambadi,12.72469,79.05967,93,,30200,25500
482001,Jabalpur,23.236510000000003,80.104345,93,,20400,17200
482004,Adhartal,23.218265,79.94906,93,,20600,17400
221302,Gangapur,25.293775,82.87481,93,,18200,15300
764087,Lachipeta,17.92641,81.551155,93,,11800,10000
524404,Bangarupeta,14.07589,79.638925,93,,26200,22100
627757,Sivagiri,9.33409,77.43417500000001,93,,31700,26800
171218,Junga,31.003015,77.21285,93,,41600,35100
523104,Woollapalem,15.221195,80.04565500000001,93,,29400,24700
171220,Bagain,31.105435,77.42911,93,,42000,35400
171223,Arhal,31.21524,77.70532,93,,42000,35400
524305,Buchireddypalem,14.54856,79.881305,93,,26300,22200
524308,Sangam,14.62737,79.73891,93,,26100,22000
754289,Derabish,20.55147,86.30480499999999,93,,15300,12900
171215,Mandhole,31.140725,77.70105000000001,93,,42300,35600
171216,Mandal,31.10808,77.80429000000001,93,,41700,35200
152028,Manawan,30.93352,75.073435,93,,32400,27200
766011,Utkela,20.06713,83.0993,93,,15300,12900
766013,Kalampur,19.610235,82.894275,93,,15200,12800
766015,Dharamgarh,19.82202,82.78701,93,,15200,12800
766016,Golamunda,20.042925,82.84000499999999,93,,15200,12800
766017,Charbahal,19.684835,82.76297500000001,93,,15200,12800
389360,Pavagadh,22.446045,73.539005,93,,17800,15000
389370,Shivrajpur,22.412295,73.62295,93,,18000,15200
580001,Dharwad,15.460685,75.011365,93,,29000,24500
390003,Chemical Industries,22.327625,73.167315,93,,31500,26600
403404,Mardol,15.438205,73.98198500000001,93,,43200,36400
389341,Adadra,22.652675,73.68423,93,,18000,15100
517351,Burakayalakota,13.7622,78.35894,93,,31500,26600
271002,Bargaon,27.17369,81.99242000000001,93,,16400,13900
577531,Malladihalli,14.04111,76.09223,93,,27800,23400
391140,Kosindra,22.15078,73.80143,93,,31800,26800
625602,Devadanapatti,10.144205,77.63979,93,,34900,29400
766019,Koksara,19.6295,82.693625,93,,15200,12800
766020,Biswanathpur,19.782965,83.33026,93,,15200,12800
152023,Mamdot,30.857515,74.418635,93,,32400,27300
152024,Jalalabad,30.62128,74.278525,93,,32400,27300
523263,Tellapadu,15.674705,79.95727500000001,93,,29400,24700
152116,Abohar,30.081275,74.16703000000001,93,,32400,27300
530031,Visakhapatnam Steel Project,17.616575,83.17465,93,,36600,30900
481884,Gorakhpur,22.64636,81.546425,93,,10700,9000
766037,Thuamul Rampur,19.58875,83.06067999999999,93,,15200,12800
766100,Narla,20.085675,83.466195,93,,15200,12800
766102,Madanpur Rampur,20.24439,83.58517,93,,15200,12800
152033,Mandi Amin Ganj,30.468625,74.285105,93,,32400,27300
388320,Chikhodra,22.566825,73.00753,93,,35500,30000
244414,Narauly,28.50066,78.682975,93,,19500,16400
244415,Raja Ka Sahaspur,28.625835,78.77713,93,,19500,16400
244501,Kanth,29.037075,78.617765,93,,18800,15900
244504,Aghwanpur,28.97248,78.681465,93,,19600,16500
244601,Thakurdwara,29.13092,78.87586999999999,93,,19600,16500
581126,Hulgur,15.0727,75.309395,93,,19900,16800
581128,Agadi,14.81979,75.52365499999999,93,,19900,16800
581145,Chalageri,14.563665,75.72724,93,,19800,16700
132040,Ballah,29.532825000000003,76.82379499999999,93,,27400,23100
311011,Suwana,25.350775,74.72685,93,,29200,24600
581123,Kumarapattanam,14.549875,75.74169499999999,93,,19900,16800
571802,Bindiganavile,12.901685,76.64375,93,,29400,24800
152117,Balluana,30.166045,74.30575999999999,93,,32300,27200
152122,Nihal Khera,30.23168,74.17553,93,,32400,27300
152123,Fazilka,30.37234,74.039515,93,,32400,27300
768006,Remed,21.519545,83.997005,93,,34100,28800
151208,Bargari,30.51783,74.976085,93,,28100,23700
151212,Sadiq,30.727895,74.58714499999999,93,,28100,23700
222170,Muftiganj,25.69306,82.832635,93,,16800,14200
151213,Harindra Nagar,30.684235,74.763935,93,,28300,23900
151506,Jhunir,29.77186,75.31962999999999,93,,27600,23300
151205,Baja Khana,30.429425,74.981895,93,,28300,23900
151207,Panj Grain Kalan,30.637365000000003,74.918775,93,,28100,23700
477555,Phoop,26.673555,78.830165,93,,20800,17600
768215,Laikera,21.922445,84.284035,93,,34400,29000
477441,Mihona,26.290335,78.993335,93,,21000,17700
532484,Dusi Rs,18.37833,83.874365,93,,27100,22900
768234,Itps Banaharpali,21.673595,83.80708,93,,34100,28800
284124,Jakhaura,24.88369,78.31173000000001,93,,16800,14100
284125,Lake-view-camp,25.06856,78.396875,93,,16500,13900
284126,Talbehat,25.06233,78.472325,93,,16700,14100
284136,Matatila,25.069955,78.384635,93,,16700,14100
151002,Gndtp Bathinda,30.263065,74.89176,93,,30200,25500
847201,Bahera,26.07671,86.11422999999999,93,,16500,13900
134114,Mansa  Devi Sec-5,30.734085,76.848855,93,,50300,42400
388140,Bochasan RS,22.39978,72.85144500000001,93,,35900,30300
388150,Nar,22.459965,72.709965,93,,35600,30100
384241,Mujpur,23.5545,71.73696000000001,93,,18100,15200
244413,Kundarki,28.69238,78.791765,93,,19500,16400
244235,Gajraula,28.811235,78.221475,93,,18900,15900
244241,Hasanpur,28.697665,78.288455,93,,18900,15900
244242,Ujhari,28.657805,78.38152,93,,18900,15900
244245,Kundan Nagar,28.886485,78.475515,93,,19100,16100
244251,Nawgawan,28.98706,78.44129,93,,18900,16000
244255,Rehra,28.463895,78.34251,93,,18800,15900
244302,Sambhal,28.59514,78.538385,93,,19500,16400
244303,Sarai Tarin,28.516405,78.51867999999999,93,,19500,16400
244401,Dilari,29.045155,78.75189499999999,93,,19500,16500
244402,Pipalsana R.S.,28.95018,78.81419500000001,93,,19600,16500
244410,Bahjoi,28.388965,78.5958,93,,19500,16400
244411,Bilari,28.57355,78.84517,93,,19500,16400
244412,Chandausi,28.4431,78.77613500000001,93,,19600,16500
475115,Pichhore Gird,25.959295,78.445175,93,,24500,20700
148035,Dirba,30.08619,76.002985,93,,28200,23800
624709,Tadicombu,10.46217,77.947015,93,,29500,24800
624801,Ayyalur,10.477845,78.176855,93,,29600,24900
624802,Vadamadurai,10.44398,78.09303,93,,29400,24800
147301,Mandigobindgarh,30.657035,76.261765,93,,28400,23900
473665,Dinara,25.460795,78.285815,93,,12400,10400
782136,Jakhalabandha,26.55005,93.147285,93,,18200,15400
581346,Malgi,14.78456,75.003015,93,,27500,23200
384246,Sankheshwar,23.46794,71.83214000000001,93,,18100,15200
134005,Jandli,30.342905,76.79413,93,,30300,25600
581440,Mirjan,14.495345,74.45006000000001,93,,27400,23100
581453,Ramnagar,15.46287,74.338205,93,,27500,23200
783128,Sukchar,25.785215,89.88763,93,,18200,15300
224125,Bandipur,26.253305,82.83654,93,,15700,13300
224129,Baskhari,26.4883,82.76735,93,,15600,13200
224132,Bhiti,26.47503,82.30926,93,,15700,13200
224137,Deoria,26.359205,83.01726500000001,93,,15700,13200
224139,Dulahoopur,26.33876,82.831895,93,,15700,13300
470235,Kesli,23.33216,78.70696,93,,17600,14800
144408,Panchhat,31.331255,75.870695,93,,37600,31700
621714,Sendurai,11.274335,79.16660999999999,93,,26600,22400
144602,Rail Coach Factory,31.31463,75.34006500000001,93,,37800,31800
223101,Shahganj,26.02981,82.690395,93,,16900,14200
534426,Dwaraka Tirumala,16.941249999999997,81.27334,93,,31300,26400
144621,Begowal,31.603905,75.545285,93,,37500,31600
144625,Sidhwan Dona,31.230675,75.347795,93,,37100,31400
144626,Sultanpur Lodhi,31.22756,75.175205,93,,37200,31400
784163,Pathalipahar,27.0706,93.860805,93,,18400,15500
144411,University Campus Nanak Nagri,31.26155,75.69374,93,,37100,31400
470221,Surkhi,23.59187,78.83068,93,,17700,14900
470226,Deori,23.373945,79.042605,93,,17600,14800
784176,Chariali,26.740085,93.20017,93,,20100,16900
534411,Vunguturu,16.83157,81.45246499999999,93,,31300,26300
212641,Dhata,25.534,81.20562000000001,93,,16600,14000
620007,Tiruchirappalli Airport,10.745625,78.712315,93,,30700,25900
620009,Ramjeenagar,10.718425,78.58967,93,,30300,25600
144221,Hajipur,31.950445,75.72766,93,,31900,26800
620015,National Institute of Technology,10.74349,78.8412,93,,30400,25700
144401,Phagwara,31.257725,75.77021500000001,93,,37300,31500
144402,Satnampura,31.22965,75.80554000000001,93,,37300,31500
244102,Pakbara,28.80888,78.61739,93,,19500,16400
244103,Majhola,28.828905,78.72623,93,,19500,16400
244104,Mundha,28.807175,78.90641500000001,93,,19500,16400
244222,Joya,28.81167,78.4658,93,,18800,15900
244223,Bhartiya Gram,28.822305,78.230865,93,,18800,15900
244225,Bachhraon,28.915385,78.1803,93,,19100,16100
244231,Dhanaura,28.969535,78.206175,93,,19000,16000
272165,Hainsar Bazar,26.48907,83.10079,93,,16300,13800
272172,Mahuli,26.6164,82.97554,93,,16400,13800
272173,Maghar,26.73552,83.09495000000001,93,,16500,13900
272176,Ganpatganj,26.61225,83.073995,93,,16500,13900
272189,Domariaganj,27.20587,82.6164,93,,17400,14700
843113,Patahi,26.12811,85.28176500000001,93,,21900,18500
621001,Erakudi,11.170185,78.50897,93,,30900,26000
620010,Industrial Colony,10.81887,78.741725,93,,30600,25800
620013,Thiruverumbur,10.816495,78.803425,93,,30600,25800
621008,Sikkathambur,11.193195,78.55010999999999,93,,30500,25800
620024,Bharathidasan University,10.68194,78.74114,93,,30400,25700
620025,Hapf Township,10.692145,78.78996,93,,30400,25700
521403,Gampalagudem,16.965380000000003,80.555905,93,,34200,28800
737136,Majitar,27.193905,88.50293500000001,93,,63800,53800
210422,Jaria,25.815715,79.574015,93,,19000,16000
210423,Jaitpur,25.18823,79.517775,93,,18000,15200
210424,Kabrai,25.43089,80.00004,93,,18000,15200
210425,Kharela,25.544635,79.89197,93,,18000,15200
210426,Kulpahar,25.30873,79.643485,93,,17900,15100
210427,Mahoba,25.282865,79.90349,93,,17900,15100
210429,Panwari,25.394435,79.441225,93,,17900,15100
210433,Srinagar,25.169495,79.750675,93,,18000,15100
736123,Alipurduar Junction,26.531145,89.523335,93,,18100,15200
737132,Rangpo,27.173215,88.500255,93,,64200,54000
140108,Mian Pur,30.939525,76.608785,93,,28600,24200
841504,Raghunathpur,26.02107,84.271275,93,,20100,17000
140001,Ropar,30.962085,76.528505,93,,28700,24200
205121,Ghiror,27.204015,78.77410499999999,93,,21400,18100
735211,Falakata,26.51884,89.199475,93,,18100,15200
735213,Gopalbagan,26.678745,89.19443,93,,18000,15200
210120,Khurand R.S.,25.374695,80.49871999999999,93,,14700,12400
735203,Binnaguri,26.75446,89.04084,93,,18000,15200
735217,Kalchini,26.67994,89.460845,93,,18100,15200
735207,Chamurchi,26.86474,89.070255,93,,18100,15200
735220,Madarihat,26.725055,89.28521,93,,18100,15200
457887,Alirajpur,22.317065,74.31514,93,,10700,9000
521324,Bantumilli,16.35975,81.28678,93,,34500,29000
790116,Tenga Market,27.2915853,92.4619174,93,,42500,35900
209867,Patan,26.332,80.75001,93,,15900,13400
209870,Rasulabad,26.85109,80.45877,93,,16100,13600
733142,Nayabazar,25.291055,88.491375,93,,17900,15100
733145,Teor,25.25102,88.89299500000001,93,,17800,15100
733158,Atrai,25.326255,88.71336,93,,17900,15100
734001,Siliguri,26.724875,88.460825,93,,29100,24500
670731,Vellamunda,11.73647,75.89854,93,,26300,22100
454773,Dehri Ghata Billod,22.63441,75.48062999999999,93,,17300,14600
521312,Vunguturu,16.520364999999998,80.88862,93,,34600,29100
210125,Kamasin,25.565175,80.90816000000001,93,,14600,12300
224155,Kichhauccha,26.407355000000003,82.747045,93,,15600,13200
224157,Khemapur,26.546425,82.41931,93,,15500,13100
224172,Rasulabad,26.652215,82.25713999999999,93,,15600,13200
224186,Sikandarpur,26.4018,82.64411000000001,93,,15700,13200
224201,Motinagar,26.688185,82.1549,93,,20400,17200
224146,Jafarganj,26.35882,82.59942000000001,93,,15600,13100
224149,Jalalpur,26.27002,82.75886,93,,15600,13200
224152,Mijhaura,26.482235000000003,82.39082,93,,15600,13200
224207,Majurddinpur,26.53642,82.09027499999999,93,,20400,17200
670651,Kottiyur,11.89586,75.90641,93,,30200,25500
733103,Beltala Park,25.235605,88.828525,93,,17800,15100
733121,Buniadpur,25.456415,88.41737,93,,17900,15100
733132,Kushmandi,25.522295,88.370935,93,,17900,15100
271841,Girijapuri Coloney,28.26447,81.156725,93,,19900,16800
272195,Bayara,27.12063,82.534965,93,,17400,14700
271804,Laxman Nagar Bazar,27.63506,81.797505,93,,17000,14300
841409,Dighwdubauli,26.296935,84.75359499999999,93,,20000,16800
841405,Barauli,26.427605,84.59284,93,,19900,16800
271835,Gilaula,27.557995,81.82007,93,,16900,14200
689121,Chengannur,9.321635,76.61037999999999,93,,41600,35100
680589,Enkakad,10.635325000000002,76.31975,93,,42600,35900
841436,Hathwa,26.325345,84.29225,93,,19900,16800
689123,Puthencavu,9.328145,76.635685,93,,42000,35400
689124,Kallisserry,9.338435,76.594675,93,,42300,35600
689126,Ala,9.29926,76.60057,93,,42300,35600
688582,Sreenarayanapuram,9.62931,76.32737,93,,41700,35200
450331,Burhanpur,21.30669,76.32001,93,,21600,18300
611110,Tirupundi,10.61902,79.821815,93,,26000,21900
611112,Vettaikaraniruppu,10.54229,79.82781499999999,93,,25900,21800
224204,Bikapur,26.60359,82.13259,93,,20300,17200
673121,Kalpetta,11.608055,76.08191,93,,25900,21900
673122,Kalpetta North,11.633814999999998,76.08253,93,,25900,21900
673123,Chundale,11.574595,76.06705500000001,93,,26000,21900
673304,Chemancheri,11.382485,75.72912,93,,35100,29600
723132,Panchakotraj,23.398580000000003,86.67586,93,,13800,11600
451335,Gogawa,21.932165,75.79039,93,,28500,24000
673007,Mankavu,11.23964,75.813695,93,,34700,29300
521182,Chandarlapadu,16.695535,80.22531000000001,93,,34400,29000
322230,Hindaun,26.72688,77.02197000000001,93,,38500,32500
609704,Tirukannapuram,10.864925,79.715845,93,,25900,21900
673103,Vadakara Beach,11.58829,75.582845,93,,34800,29400
611003,Nagapattinam Collectorate,10.79754,79.837635,93,,25900,21800
611106,Manjakollai,10.746375,79.83418,93,,26000,21900
609402,Kiliyanur,11.035755,79.693585,93,,26100,22000
609404,Manganallur Bazaar,11.017785,79.64207,93,,25800,21800
322214,Piplai,26.465405,76.52126,93,,19600,16600
322027,Soorwal,26.1146,76.3595,93,,20000,16800
680562,Urakam,10.426555,76.22372,93,,42200,35700
140116,Kotla Power House,31.231905,76.550545,93,,28800,24300
689573,Edathua,9.375645,76.45836499999999,93,,42100,35500
140402,Rajpura Township,30.50344,76.569345,93,,25000,21000
689520,Pennukkara,9.28854,76.61528000000001,93,,42000,35400
272191,Hallaur,27.159875,82.609665,93,,17400,14700
272193,Bhanwapur,27.26727,82.63988499999999,93,,17500,14700
322202,Mahukala,26.39946,76.68242000000001,93,,19800,16700
276304,Phool Pur,26.08832,82.908305,93,,15800,13400
209602,Central Jail,27.321015000000003,79.56314,93,,14800,12500
520007,Autonagar,16.49019,80.679345,93,,34600,29100
143419,Khem Karan,31.192715,74.59984,93,,26000,21900
224208,Harringtonganj,26.54246,82.022215,93,,20300,17200
224209,Chaurebazar,26.473935,82.122075,93,,20300,17100
224225,Achhora,26.560275,81.95853,93,,20300,17100
327001,Banswara,23.500915,74.560865,93,,15700,13300
327021,Ganoda,23.72312,74.28228999999999,93,,15700,13300
143416,Patti,31.20189,74.75961000000001,93,,26000,21900
711410,Munshirhat,22.651525,88.06021,93,,32500,27400
711205,Samabaypalli,22.64931,88.32089500000001,93,,32600,27500
224228,Inayatnagar,26.634165,81.94543,93,,20400,17200
224229,Kumarganj,26.52535,81.83574,93,,20300,17100
226011,Manaknagar,26.81504,80.878635,93,,28200,23800
226012,L D A Colony,26.785515,80.907505,93,,28200,23800
226013,Iim Mubarakpur,26.916425,80.899485,93,,27800,23500
713513,Purbasthali,23.45125,88.28929,93,,13300,11200
521229,G Konduru,16.68448,80.606045,93,,34600,29100
673513,Kavilampara,11.683095,75.82941500000001,93,,34500,29200
711401,Amta,22.58425,87.98810499999999,93,,32500,27400
711404,Bargachia,22.642105,88.144625,93,,32800,27700
226006,Mahanagar,26.872395,80.955625,93,,28200,23800
226007,New Hyderabad,26.864455,80.940035,93,,28300,23800
226008,Sarojini Nagar,26.77693,80.80827,93,,27900,23500
226009,Amausi Ad,26.76413,80.89327499999999,93,,28200,23700
679584,Kanhiramukku,10.76361,75.96605500000001,93,,31100,26200
584115,Hutti,16.201065,76.658185,93,,22400,18900
584118,Kallur,16.095750000000002,77.163595,93,,22600,19000
584124,Maski,15.931435,76.59322,93,,22400,18900
835227,Torpa,22.830425,85.046435,93,,25100,21100
243301,Aonla,28.267695,79.161265,93,,18600,15700
413534,Ieet,18.66828,75.59022,93,,28800,24300
413608,Lohara,18.008725,76.32176000000001,93,,28800,24200
140117,Nurpur Bedi,31.153605,76.47097500000001,93,,28700,24200
140123,Ganugwal,31.277105,76.483695,93,,28800,24300
209302,Jhinjhak,26.561275,79.77341,93,,19400,16400
799013,Matabari,23.530395,91.52794,93,,31700,26800
226015,Cimap,26.913465,81.003985,93,,27900,23600
518511,Polur,15.586145,78.402035,93,,25400,21400
673634,Chelembra,11.153335,75.886335,93,,31100,26200
226022,Vikas Nagar,26.899875,80.96802500000001,93,,28000,23600
799114,Gakulpur,23.62615,91.525465,93,,31900,26900
207301,Awagarh,27.448355,78.47569,93,,17700,14900
207302,Jalesar,27.463045,78.31594,93,,17700,14900
207245,Sahawar,27.80824,78.84115,93,,17600,14900
207246,Sirhpura,27.644095,78.860435,93,,17700,14900
207247,Aliganj,27.469575,79.15518,93,,17700,14900
207249,Jaithra,27.495265,79.028715,93,,17700,14900
799270,Kanchanpur,24.083745,92.21042,93,,27200,23000
801113,Neora,25.577915,84.986245,93,,22800,19200
680005,Thrissur East,10.521185,76.236695,93,,42300,35700
273201,Chauri Chaura,26.645525,83.57995,93,,18700,15800
141411,Bhari,30.747845,76.33424500000001,93,,28200,23800
586111,Agarkhed,17.273685,76.06243,93,,27400,23100
680001,Thrissur,10.51847,76.2185,93,,42900,36200
680003,Ayyanthole,10.530175,76.183515,93,,42800,36100
690104,Cherukole,9.273435,76.5361,93,,41500,35100
680006,Kuriachira,10.50271,76.23264,93,,43000,36200
680010,Viyyur,10.563535,76.21595500000001,93,,42800,36100
327027,Khamera,23.84582,74.45503500000001,93,,15800,13300
327031,Anandpuri,23.364375,74.07251,93,,15800,13300
678595,Karakurissi,10.93741,76.47636,93,,32700,27600
142060,Mudki,30.788695,74.87718,93,,32300,27200
142044,Makhu,31.093885,74.96424999999999,93,,32200,27200
142048,Ghall Kalan,30.82535,75.035845,93,,30500,25700
142049,Guru Teg Bahadur Garh,30.611125,75.020365,93,,30400,25600
142053,Dhudike,30.77233,75.32796,93,,30100,25500
142055,Nihal Singh Wala,30.577060000000003,75.29735,93,,30500,25700
313706,Bambora,24.3839,74.05424,93,,25500,21600
425406,Shindkheda,21.285845,74.72327,93,,23100,19500
229412,Atrampur,25.54831,81.72191000000001,93,,21800,18400
142039,Bilaspur,30.585005,75.354625,93,,30600,25800
805125,Rajauli,24.63442,85.542905,93,,15200,12800
425404,Nardana,21.2153,74.85454999999999,93,,23100,19500
425405,Shirpur,21.40016,74.98058,93,,23100,19400
273212,Khajni,26.636685,83.216965,93,,18400,15500
273213,Sikriganj,26.4881,83.212445,93,,18400,15500
273401,Bhowapar,26.66549,83.35455999999999,93,,18400,15600
273402,Barhalganj,26.286165,83.53206,93,,18600,15700
679304,Thiruvegapura,10.86388,76.12429499999999,93,,32400,27400
362015,Timbavadi,21.48142,70.44371,93,,25500,21500
679564,Andathode,10.67922,75.966835,93,,43000,36200
690509,Kollakadavu,9.248225,76.59056000000001,93,,41500,35000
586104,Bijapur Railway Station,16.891845,75.71634,93,,27500,23200
272152,Daldala,27.09951,82.993945,93,,17400,14700
272153,Bansi,27.152895,82.87567,93,,17400,14700
272162,Dhanghata,26.527575,82.952335,93,,16400,13800
272164,Hariharpur,26.67246,83.052825,93,,16300,13700
586112,Atharga,16.956025,75.84742,93,,27400,23100
362265,Veraval,20.93647,70.34325000000001,93,,25200,21300
585411,Bhatambra,18.11074,77.116885,93,,15300,12900
273202,Sardar Nagar,26.652925,83.54296,93,,18600,15700
273203,Brahmpur,26.54994,83.58875499999999,93,,18600,15700
695124,Perumkadavila,8.434855,77.126025,93,,53500,45200
695125,Ottasekharamangalam,8.476064999999998,77.14061000000001,93,,54000,45500
695134,Vlathankara,8.351890000000001,77.09957,93,,53600,45200
695015,Nalanchira,8.553844999999999,76.93877,93,,53200,44900
695033,Vikas Bhavan,8.50596,76.95452,93,,53800,45300
695012,Poojapura,8.489435,76.97679500000001,93,,54200,45600
695013,Vattiyoorkavu,8.538295000000002,77.00497,93,,54000,45500
341509,Nawacity Lsg,26.97039,75.07417000000001,93,,33900,28600
813109,Punsia,24.959955,87.04872499999999,93,,20000,16800
813210,Sabour,25.201315,87.0372,93,,22000,18500
815354,Mihijam,23.888415,86.88728,93,,12800,10700
691541,Madathara,8.815349999999999,77.02709999999999,93,,40800,34400
822111,Barwadih,23.81932,84.111055,93,,16100,13600
822119,Mahuwadand,23.48225,84.134235,93,,16100,13600
824219,Amas,24.662275,84.662055,93,,16600,14000
825101,Chittarpur,23.551475,85.58389,93,,20100,17000
691533,Ayur,8.897665,76.856985,93,,40200,34000
241405,Hariyawan,27.52443,80.17951,93,,17600,14800
241406,Pihani,27.646235,80.19164,93,,17500,14800
241407,Saadat Nagar,27.70759,80.19239999999999,93,,17500,14800
241121,Aihrori,27.3261,80.27067,93,,17500,14800
241122,Baghauli,27.224675,80.26106,93,,17500,14800
241126,Kachhauna,27.17496,80.34483,93,,17500,14800
344026,Kalyanpur,26.090805,72.50060500000001,93,,22400,18800
344501,Gadra Road,25.891365,70.43107,93,,22400,18800
344706,Sedwa,24.89547,71.096215,93,,22400,18800
272203,Naugarh,27.319885,83.099175,93,,17400,14700
272204,Udairajganj,27.316925,82.99718999999999,93,,17400,14700
272205,Shoharatgarh,27.385595,82.95780500000001,93,,17400,14600
586113,Bableshwar,16.567445,75.51753,93,,27300,23100
690529,Padanilam,9.202555,76.63127,93,,41600,35100
272199,Bakhira,26.91012,83.064845,93,,16400,13800
272201,Barhni,27.44752,82.84213,93,,17400,14700
272202,Birdpur,27.396155,83.12266500000001,93,,17400,14700
272271,Menhdawal,26.94911,83.14694,93,,16300,13800
272206,Sheopatinagar,27.35054,83.19522,93,,17400,14700
272207,Tetari Bazar,27.267545,83.06006,93,,17500,14700
272208,Uska Bazar,27.232875,83.109695,93,,17400,14700
D823806,"Karnal, Haryana · D823806",29.7255766,76.9106924,93,,29700,25100
D890490,"Cuttack, Odisha · D890490",20.3700655,85.4697256,93,,30300,25500
574119,Yermal,13.16927,74.77868,93,,28300,23800
D717069,"Kullu, Himachal Pradesh · D717069",31.8778325,77.4495659,93,,30200,25400
D622904,"Bastar, Chhattisgarh",19.1191283,81.8291865,93,,30000,25300
485771,Maihar,24.24984,80.70254,93,,21700,18300
485774,Nadan,24.286045,80.886995,93,,21800,18400
485881,Ramnagar,24.19134,81.12469,93,,21600,18200
576213,Brahmavara,13.43623,74.75964,93,,28500,24000
574101,Ajekar,13.302775,75.031815,93,,28400,23900
574107,Miyar,13.175335,75.1072,93,,28200,23800
D179875,"Ashoknagar, Madhya Pradesh",24.6186095,77.8786983,93,,30000,25300
573115,Belur Hassan,13.17149,75.82663,93,,28800,24300
D734356,"Sambalpur, Odisha · D734356",21.5570606,84.1528515,93,,29800,25100
D734885,"Umaria, Madhya Pradesh · D734885",23.6431837,80.9419078,93,,29600,25000
396051,Amba Talat,20.576285,73.30954,93,,27600,23300
396050,Dharampur,20.48665,73.29219,93,,27500,23300
D404179,"Shahdol, Madhya Pradesh · D404179",23.3002343,81.364771,93,,30200,25400
576212,Belve,13.55079,74.96653,93,,28100,23700
573141,Didaga,13.039635,76.557155,93,,29100,24500
396125,Killa Pardi,20.48702,72.979905,93,,27500,23200
396130,Maroli Sanjan,20.300455,72.795805,93,,27400,23200
D980667,"Uttar Bastar Kanker, Chhattisgarh",20.1286893,80.98453,93,,30000,25300
D841188,"Korba, Chhattisgarh",22.5198217,82.6350029,93,,30000,25300
D458966,"Lakshadweep, Lakshadweep · D458966",10.8132489,73.6804621,93,,30100,25300
573131,Nuggihalli,13.05515,76.47196,93,,29100,24500
D582880,"Karur, Tamil Nadu · D582880",10.8217671,78.3828654,92,,29500,25000
758018,Suakati,21.50336,85.51729499999999,92,,20400,17300
620017,Tennur,10.813865,78.67873,92,,30000,25400
620020,Jamal Mohamed College,10.788025,78.69688,92,,29800,25300
620021,K.K.Nagar,10.749945,78.68536499999999,92,,29800,25200
221106,Industrial Estate,25.29383,82.95985,92,,17700,15000
221107,Lohta,25.322615,82.917395,92,,17800,15000
759016,Gondiapatna,20.75238,85.866505,92,,16500,14000
504297,Tiryani,19.156725,79.19782000000001,92,,20500,17300
144404,Ajnoha,31.340325,75.86415500000001,92,,31000,26200
144306,Bhangala,32.03333,75.630465,92,,30700,26100
534342,Chagallu,16.992870000000003,81.662375,92,,30300,25700
243638,Sahaswan,28.096535,78.760325,92,,14300,12100
641037,Pappanaickenpalayam,11.015365,76.985845,92,,45400,38400
504299,Sirpur,19.43352,79.69985,92,,20500,17300
504306,Dilawarpur,19.08796,78.235335,92,,20400,17300
212645,Haswa,25.889175,80.917485,92,,16200,13700
221002,Varanasi Cantt,25.34624,82.993065,92,,17600,15000
221004,D.L.W.,25.284585,82.96032,92,,17800,15100
504218,Devapur Cement Works,19.05452,79.36519,92,,20400,17300
504220,Madaram Township,19.179295,79.369025,92,,20500,17300
621011,Uppliapuram,11.310645,78.57672500000001,92,,30000,25400
784182,Naharbari,26.85169,92.947065,92,,19300,16300
784169,Howajair,26.81882,93.728885,92,,19600,16600
641033,Neelikonampalayam,11.01217,77.042225,92,,45800,38700
824211,Sherghati,24.574350000000003,84.779155,92,,16300,13800
824217,Bankey Bajar,24.553405,84.62233,92,,16500,14000
242221,Jalalabad,27.726725,79.600705,92,,15900,13500
825314,Ghatotand,23.781385,85.55421,92,,20100,17000
586114,Bijjargi,16.921979999999998,75.45109,92,,26700,22600
691579,Karamcode,8.85325,76.74097,92,,39500,33500
241127,Sandila I. Estate,27.08595,80.45246,92,,17300,14600
691319,Thekkumbhagom,8.78773,76.66794,92,,39600,33500
828108,Fri,23.691650000000003,86.41292999999999,92,,28900,24500
242220,Allaganj,27.540735,79.69349,92,,15800,13400
176211,Saliali,32.365405,75.88296,92,,29100,24700
825325,Kedla,23.80204,85.60332,92,,19700,16700
241123,Pali,27.56365,79.82365,92,,17200,14600
241124,Shahabad,27.647145,79.939355,92,,17000,14500
754296,Sunguda,20.667105,86.144545,92,,16300,13900
762100,G.Udayagiri,20.088610000000003,84.347365,92,,14300,12100
762101,Raikia,19.996635,84.24229,92,,14200,12000
762104,Daringbadiso,19.89296,84.090525,92,,14100,11900
762110,Barakhama,20.307845,83.79183499999999,92,,14100,11900
341520,Besroli,26.98389,74.57312999999999,92,,33200,28100
762112,Paburia,20.16704,84.2793,92,,14100,12000
762027,Linepada,20.34633,84.36555999999999,92,,14100,12000
762028,Chakapada,20.251195,84.48662,92,,14200,12000
762029,Gumagarh,20.39694,84.26016,92,,14100,12000
632312,Kattukanur,12.76314,79.10732,92,,29500,25000
761209,Khariaguda,19.161125,84.44011499999999,92,,16100,13600
221601,Dubari,26.22148,83.72904,92,,16400,14000
221602,Maryad Pur.,26.1186,83.752145,92,,16500,14000
221603,Madhu Ban,26.149115,83.67525499999999,92,,16600,14000
632319,Kammavanpettai,12.775445,79.18294,92,,29400,24900
691510,Oyur,8.873585,76.76773,92,,40100,33900
261208,Tambour,27.713035,81.156005,92,,17300,14600
573119,Gandasi,13.19156,76.33674,92,,28400,24000
573122,Haranahalli,13.267445,76.183565,92,,28400,24000
470339,Shahgarh,24.272785,79.099635,92,,17300,14700
504105,Soan,19.00198,78.36827,92,,20300,17200
504106,Nirmal,19.047245,78.40749500000001,92,,20400,17300
504109,Kuntala,19.15403,78.109715,92,,20400,17300
641026,Komarapalayam Coimbatore,10.983145,76.9436,92,,45400,38500
504205,Jannaram,19.19587,78.89770999999999,92,,20500,17300
504206,Dandepalli,19.028985,79.187795,92,,20400,17300
212620,Asother,25.75047,80.88782,92,,16400,13900
223105,Soithakalan,26.102375,82.584915,92,,16500,14000
534456,Jeelugumilli,17.21633,81.15411,92,,30400,25700
212622,Bahrampur,25.80835,81.00679,92,,16400,13900
504204,Bheemaram,18.891075,79.657535,92,,20400,17300
783131,Mankachar,25.570135,89.90875,92,,17900,15100
623520,Marine Fisheries,9.273575,79.123265,92,,29500,25000
621004,Kottathur,11.10548,78.648465,92,,29700,25200
737139,Ravangla,27.333333,88.416667,92,,54100,45800
522006,Pattabhipuram,16.332050000000002,80.391755,92,,30400,25700
642154,Gandhinagar,10.556295,77.263915,92,,45700,38600
642133,Sethumadai,10.441485,76.889005,92,,45500,38500
621007,Puthanampatti,11.055505,78.69423,92,,29800,25200
695034,Thiruvananthapuram  University,8.50296,76.95067,92,,52200,44200
695014,Thycaud,8.495864999999998,76.962215,92,,52200,44200
695016,Thiruvananthapuram  Engg College,8.543625,76.90487999999999,92,,52900,44700
695043,Kudappanakunnu,8.558915,76.96049,92,,52100,44200
508374,Madgulapally,17.02742,79.491055,92,,30100,25400
508376,Tekumatla,17.184269999999998,79.5716,92,,30100,25400
515271,Gudibanda,13.92422,77.078375,92,,29500,25100
515321,Rolla,13.81017,77.114225,92,,29700,25200
342310,Nokh,27.60713,72.284055,92,,27300,23200
341533,Mithri,27.03894,74.90922499999999,92,,33500,28300
341551,Berichhoti,27.39526,74.78867,92,,33400,28300
341518,Jasnagar,26.470115,74.050915,92,,33300,28200
341519,Kukanwali,27.17052,74.49418,92,,33200,28100
843330,Sonbersa,26.80116,85.565325,92,,16700,14200
465680,Talen,23.509495,76.76948,92,,18100,15300
620026,Annanagar,10.72576,78.758565,92,,30000,25400
621003,Kottapalayam,11.238595,78.45501,92,,29800,25300
535502,Parvatipuram Bus Stand,18.79244,83.43164999999999,92,,26500,22500
843127,Birihma Bazar,26.246615,85.047405,92,,21600,18200
688523,Sethulekshmipuram,9.60975,76.31936999999999,92,,40800,34500
620012,Edamalaipatti Pudur,10.690755,78.63306,92,,30000,25400
210507,Ragaul,25.68769,80.13326,92,,18700,15900
737121,Naya Bazar,27.18125,88.19923,92,,47100,39800
136034,Chika,30.075445,76.33771,92,,21700,18400
140101,Morinda,30.797395,76.5001,92,,28200,23900
782446,Lanka,25.864895,93.163035,92,,17800,15100
144035,Partappura,31.045755,75.708325,92,,32700,27600
144040,Nakoder,31.126375000000003,75.44527500000001,92,,32500,27500
144041,Mehatpur,31.02862,75.426935,92,,32300,27400
144042,Shankar,31.15603,75.525285,92,,32600,27600
690516,Karthikappally,9.259375,76.436465,92,,40900,34700
403701,Assolna,15.18176,73.96939,92,,41800,35400
152031,Doda,30.362485,74.6508,92,,28400,24000
403506,Valpoi,15.560325,74.151495,92,,45400,38400
524366,Northrajupalem,14.547685,79.96837,92,,25900,21900
626189,Sivakasi East,9.435625,77.821945,92,,26800,22800
523108,Pamur,15.156655,79.368045,92,,28500,24100
695101,Attingal,8.697424999999999,76.814805,92,,52600,44500
765025,Padmapur,19.303125,83.91032,92,,17900,15100
764086,Saradhapalli,18.239515,81.781885,92,,11400,9700
524345,Podalakur,14.40044,79.69594000000001,92,,25500,21600
384151,Sidhpur,23.932335,72.35963,92,,17500,14800
688011,Alappuzha Iron Bridge,9.500085,76.36072,92,,41100,34800
782435,Hojai,25.961755,92.841395,92,,17800,15100
782445,Nilbagan,26.05963,92.914535,92,,17800,15100
384120,Bhandu,23.694555,72.38278,92,,22300,18800
688012,Alappuzha Bazar,9.49057,76.32239000000001,92,,40600,34400
688505,Champakulam,9.421415,76.39737500000001,92,,41200,34800
688001,Alappuzha,9.49355,76.334625,92,,40800,34500
134003,Ambala City,30.36704,76.773825,92,,30000,25400
243723,Islamnagar,28.250615,78.717635,92,,14300,12100
243724,Rudauin,28.301195,78.81046,92,,14300,12100
243725,Saidpur,28.27455,79.04376500000001,92,,14300,12100
243634,Binawar,28.110660000000003,79.25008,92,,14300,12100
243635,Dataganj,27.975815,79.37313,92,,14300,12100
243639,Ujhani,28.00467,79.00142,92,,14400,12200
581411,Tibetan Colony,15.027975,74.975965,92,,26900,22700
243637,Kakrala,27.90244,79.2013,92,,14400,12200
205261,Baranahal,27.06537,78.845965,92,,21200,17900
205263,Jeonti,27.305725,78.872165,92,,21100,17900
243641,Usehat,27.77173,79.243825,92,,14400,12200
243720,Bisauli,28.30526,78.95487,92,,14300,12100
243722,Gunnaur,28.182325,78.48408,92,,14400,12200
425452,Molgi,21.761885,73.945415,92,,14900,12600
274303,Kath Kuiyan,26.81205,84.063805,92,,16200,13700
274304,Padrauna,26.901995,83.98855,92,,15900,13500
274306,Laxmiganj,26.95593,83.796075,92,,16200,13700
274401,Fazilnagar,26.68184,84.04772,92,,16200,13700
274402,Kasia,26.768345,83.92043000000001,92,,16200,13700
274403,Kushinagar,26.72221,83.90028,92,,16200,13700
431213,Jalna Railway Station,19.845165,75.9379,92,,19300,16300
679501,Panamanna,10.817425,76.35628,92,,32000,27100
274206,Hetimpur,26.713435,83.824235,92,,16100,13600
274207,Sukrauli,26.753545000000003,83.655675,92,,15900,13500
274149,Bodarwar,26.868705,83.631155,92,,16100,13600
274203,Hata,26.734695,83.733805,92,,15900,13500
362227,Kevadra,21.241635,70.259355,92,,24600,20900
362268,Prabhas Patan,20.91821,70.53568,92,,24900,21100
690513,Nangiarkulangara,9.262575,76.46596,92,,41000,34700
585418,Dubalgundi,17.874885,77.13688,92,,15100,12800
272154,Dharamsinghwa,27.085885,83.102255,92,,17100,14500
515611,Tarimala,14.921245,77.70233,92,,29500,25000
515631,Tadimarri,14.56992,77.87922,92,,29700,25200
688530,Arthingal,9.669575,76.29787,92,,40600,34500
515501,Patnam,14.186915,78.032455,92,,30100,25400
515521,Gandlapenta,14.080915,78.31428,92,,29700,25200
140103,Kurali,30.83178,76.55540500000001,92,,28000,23800
140111,Bela,30.945965,76.40469999999999,92,,28300,24000
243636,Kichhla,27.9265,78.93221,92,,14300,12100
474003,Gwalior City,26.237205000000003,78.18626,92,,24200,20500
782142,Bebejia,26.340335,92.59339,92,,18100,15300
782426,Kampur,26.148055,92.651625,92,,18000,15200
782429,Jogijan Bazar,26.04151,92.81148,92,,18000,15200
641013,Govt.College Of Technology,11.018925,76.9337,92,,45300,38400
641015,Uppilipalayam,11.01253,77.023535,92,,45500,38500
641001,Coimbatore,10.99806,76.959315,92,,45400,38400
474001,Lashkar,26.200805000000003,78.0767,92,,23900,20300
457226,Jaora,23.623705,75.161135,92,,19600,16600
454010,Mandu,22.40555,75.40602,92,,16900,14300
782137,Kuworitul,26.5442,92.90493,92,,18000,15300
782138,Missa,26.49062,92.95835,92,,18100,15300
782140,Samaguri,26.439495,92.86352,92,,18000,15200
474008,Gwalior Fort,26.224585,78.16707,92,,24000,20400
530032,Ukkunagaram,17.648760000000003,83.142875,92,,36000,30500
523245,Pedarikatla,15.518145,79.507155,92,,28600,24200
132103,Panipat,29.39581,76.96742499999999,92,,27400,23300
571219,Balele,12.146115,76.08025,92,,26500,22400
132041,Indri,29.84539,77.0489,92,,26900,22700
523223,Mogallur,15.33524,79.33821,92,,28700,24200
152032,Rupana,30.37871,74.45438,92,,28400,24000
152112,Ram Nagar,30.310375,74.46569,92,,28400,24000
152114,Tappa Khera,30.09381,74.524365,92,,28300,24000
152115,Bhaika Khera,30.05127,74.42905999999999,92,,28300,24000
152025,Bariwala,30.509525,74.671255,92,,28400,24000
577532,Maradihalli,14.157885,76.53676999999999,92,,27200,23000
391130,Bhatpur,22.142965,73.66719499999999,92,,31100,26300
805130,Warisaliganj,24.99896,85.641065,92,,15000,12700
274301,Captainganj,26.895685,83.719605,92,,16100,13600
273306,Bhathat,26.91222,83.47768500000001,92,,18400,15500
242305,Khudaganj,28.148575,79.71417,92,,16100,13600
832102,Jadugoda Mines,22.623335,86.335505,92,,24100,20400
690103,Thattarambalam,9.25477,76.52123,92,,41300,34900
275305,Kopa Ganj,25.96447,83.551135,92,,16600,14000
332712,Mundru,27.418570000000003,75.69482500000001,92,,26000,22000
690106,Chettikulangara,9.225395,76.509175,92,,41200,34900
680121,Irinjalakuda,10.3445,76.205165,92,,41800,35400
680002,Punkunnu,10.540845,76.19771,92,,42000,35500
242303,Khera Bajhera,27.964555,79.53800000000001,92,,16000,13600
142056,Gholia Khurd,30.67962,75.200635,92,,30000,25300
142057,Samadh Bhai,30.58135,75.108345,92,,29900,25300
142043,Kot Ise Khan,31.007615,75.10711,92,,30000,25300
132102,Patti Kalyana,29.199635,77.04269,92,,27700,23500
152101,Gidderbaha,30.22108,74.678815,92,,28300,24000
152107,Malout,30.17239,74.50623999999999,92,,28400,24000
142040,Butter,30.727555,75.233575,92,,30000,25400
142052,Ferozeshah,30.861085,74.78747,92,,31000,26300
457550,Sailana,23.447975,74.830165,92,,19400,16400
521328,Koduru,15.9899,81.044155,92,,33500,28400
620002,Teppakulam,10.831595,78.69902,92,,29600,25100
620003,Woriur,10.8314,78.670525,92,,30100,25500
457779,Meghnagar,22.921115,74.57796,92,,10500,8900
457882,Bhabhra,22.52074,74.35986,92,,10500,8900
457888,Sondwa,22.06827,74.30437,92,,10600,8900
535281,Vepada,18.003325,83.06179499999999,92,,26700,22600
535128,Chipurupalle,18.320500000000003,83.552675,92,,26800,22700
535183,Kothavalasa,17.90231,83.168565,92,,26600,22500
673004,Puthiyara,11.258015,75.79141999999999,92,,33900,28700
734501,Bagrakote,26.86697,88.5373,92,,17600,14900
454552,Dhamnod,22.261425,75.434845,92,,16900,14300
731236,Sriniketan,23.692425,87.62554,92,,18600,15800
731240,Bahiri,23.602905,87.79039,92,,18600,15800
365455,Mota-ankadiya,21.660035,71.11214000000001,92,,18600,15800
365630,Chalala,21.40963,71.152945,92,,18800,15900
271851,Kharighat,27.717825,81.40321,92,,19600,16600
673003,Kallai-kozhikode,11.230515,75.78842,92,,33900,28700
731244,Bishnupur,24.147535,87.9106,92,,18800,15900
224183,Saidahi,26.30169,82.82383,92,,15300,13000
224151,Katehari,26.515065,82.475585,92,,15500,13100
731215,Khujutipara,23.615255,87.92111,92,,18600,15700
731220,Nalhati,24.297575,87.87135,92,,18700,15800
731235,Santiniketan,23.689965,87.69758999999999,92,,18600,15800
451666,Sendhwa,21.595835,75.247255,92,,22600,19100
535240,Alamanda R S,17.981535,83.23384,92,,26700,22600
535250,Jami,18.04653,83.25669500000001,92,,27000,22800
535260,Bondapalli,18.239795,83.29876,92,,26600,22600
535270,Gajapathinagaram,18.29569,83.35521,92,,26600,22600
731242,Kurumgram,24.24649,87.886555,92,,18700,15900
608701,Palayamkottai,11.36345,79.484625,92,,22000,18600
571217,Srimangala,12.002395,75.956445,92,,26300,22300
768005,Dhanupali,21.417225,84.023775,92,,33500,28400
768016,Hirakud,21.55466,83.87131500000001,92,,33300,28200
768032,Bijepur,21.15716,83.47691,92,,21800,18500
143408,Chohla Sahib,31.24056,75.026025,92,,25200,21400
327024,Partapur,23.621705,74.23954499999999,92,,15500,13100
201304,Maharishi Nagar,28.49196,77.41078,92,,74000,62700
686122,Aruvithura,9.6816,76.77069499999999,92,,42500,36000
686123,Thidanad,9.66106,76.773915,92,,42600,36000
802112,Brahampur,25.662555,84.34496,92,,15400,13100
275102,Indara,25.97644,83.626695,92,,16700,14100
242301,Miranpur Katra,27.947835,79.65646,92,,16100,13600
332406,Kochhore,27.40984,75.20619500000001,92,,26200,22200
332603,Mahroli,27.3928,75.59514999999999,92,,25900,21900
143401,Tarn Taran,31.43282,74.928905,92,,25300,21400
242306,Rosa RS,27.850575,80.02108000000001,92,,16100,13600
242401,Powayan,28.07275,80.10045500000001,92,,16100,13600
143514,Ghoman,31.6801,75.35536,92,,31600,26800
140119,Takhatgarh,31.0731,76.49224000000001,92,,28400,24100
535546,Seethanagaram,18.66613,83.41594,92,,26700,22600
835223,Simdega,22.61194,84.39949999999999,92,,13200,11200
835226,Thethaitangar,22.459110000000003,84.48837,92,,13200,11200
835232,Nawagarh,22.907145,84.443995,92,,10300,8700
243126,Bhuta,28.327125,79.60618,92,,18100,15300
226023,Manasnagar,26.78723,80.877335,92,,27300,23100
680004,Poothole,10.52075,76.20245,92,,41300,35000
831009,Agrico,22.80817,86.22701,92,,24300,20500
831011,Sonari,22.826135,86.16904,92,,24300,20600
361013,Khandhera,22.3193,70.236465,92,,26400,22300
676122,Manjeri College,11.12573,76.13331,92,,29800,25300
781341,Kazipara,26.446765,91.41468,92,,20600,17500
781348,Marowa,26.37003,91.46132,92,,20600,17500
781349,Nizdhamdhama,26.551885,91.46088,92,,20600,17400
781355,Assam Syntex,26.544345,91.300035,92,,20500,17400
535463,Garugubilli,18.71231,83.49037,92,,26600,22500
475005,Tekanpur,25.98952,78.294365,92,,24000,20400
781333,Barimakha,26.59458,91.39775,92,,20800,17600
781339,Karia,26.332415,91.496285,92,,20900,17600
731204,Bolpur,23.682635,87.703335,92,,18600,15800
244901,Rampur,28.74865,79.05402000000001,92,,18100,15300
581306,Habbuwada,14.81314,74.168175,92,,26800,22700
151104,Phul,30.355025,75.241195,92,,29500,25000
151106,Bhai Rupa,30.425305,75.221195,92,,29400,24900
624616,Kallimandayam,10.642125,77.66029499999999,92,,28500,24100
673307,Kollam,11.483655,75.67692500000001,92,,34200,28900
673308,Chombala,11.66624,75.566705,92,,34400,29100
795007,Karong,25.431025,94.02876,92,,19200,16200
450991,Jawar,21.98112,76.44291,92,,21100,17900
612903,Minsuritti,11.23853,79.46283,92,,25600,21700
151508,Bhaini Bagha,30.058295,75.37233,92,,27000,22900
523182,Karavadi,15.53935,80.13908,92,,28500,24100
523184,Pandillapalli,15.746455,80.261735,92,,28800,24300
523211,Maddipadu,15.61906,80.01525000000001,92,,28400,24100
222203,Rampur,25.474575,82.57694000000001,92,,16700,14100
172110,Speelo,31.70028,78.46831,92,,33100,28000
768226,Panchgaon,21.74643,83.538795,92,,33500,28400
151505,Mansa,29.927095,75.34420499999999,92,,27000,22900
799104,Jatanbari,23.34591,91.821225,92,,31600,26700
326022,Bakani,24.285665,76.26839,92,,19000,16100
151510,Joga,30.158125,75.39814000000001,92,,27200,23000
606805,Turinjapuram,12.31366,79.07498000000001,92,,23400,19800
521001,Machilipatnam,16.186025,81.12855,92,,33600,28400
799101,Amarpur,23.57238,91.664965,92,,31400,26600
793151,Thadlaskein,25.5,92.25,92,,17500,14800
450332,Khaknar,21.386655,76.656665,92,,21400,18100
688562,Thakazhy,9.368425,76.421935,92,,40900,34700
723152,Bagmundi,23.2228,86.076925,92,,13400,11400
723127,Barabhum,23.085045,86.412485,92,,13500,11400
680545,Peramangalam,10.57931,76.163985,92,,41900,35400
689122,Angadical Chengannur,9.30784,76.63153,92,,41200,34900
206243,Bidhuna,26.79282,79.54910000000001,92,,13500,11400
689505,Mulakuzha,9.293115,76.63672,92,,40700,34500
689510,Puliyoor,9.308085,76.56995,92,,41300,34900
140113,Ghanauli,31.03191,76.578485,92,,28600,24100
140114,Bharatgarh,31.12794,76.59951000000001,92,,28500,24100
322216,Kemri,26.722705,76.766035,92,,38200,32300
321612,Paota,26.98508,76.95439,92,,23700,20100
689627,Melpadom,9.312735,76.49072,92,,40900,34600
140133,Bhanupali,31.28156,76.4298,92,,28400,24000
689504,Karakkad,9.275715,76.65384,92,,40600,34400
322029,Kundera,26.09757,76.52995,92,,19500,16500
679581,Marancheri,10.739775,75.97811,92,,30400,25700
226018,Aminabad Park,26.85341,80.92711,92,,27400,23200
226010,Gomtinagar,26.84508,81.002545,92,,27500,23300
243006,R.K.University,28.370980000000003,79.46809,92,,18100,15300
243122,Izzat Nagar,28.437985,79.481295,92,,18000,15200
689622,Mannar,9.320545,76.52293,92,,41200,34900
689623,Kuttemperur,9.306785,76.54373,92,,41000,34700
276306,Suraj Pur,26.20046,83.60343499999999,92,,15700,13300
673502,Edacheri,11.68072,75.61056500000001,92,,34400,29100
686532,Sachivothamapuram,9.5045,76.53668,92,,42500,36000
201309,Noida Sector 62,28.61756,77.386895,92,,74900,63400
134113,Sector 15 Panchkula,30.680805,76.84027499999999,92,,48900,41400
520003,Gandhinagaram,16.525785,80.63588999999999,92,,33600,28400
276301,Bardah,25.848295,82.820705,92,,15700,13300
276302,Gambhirpur,25.94556,82.98241,92,,15600,13200
673008,Calicut Medical College,11.27023,75.87624500000001,92,,34200,28900
722139,Kenjakura,23.2653,86.92363499999999,92,,13000,11000
722142,Maliara,23.471975,87.2208,92,,13000,11000
722133,Gangajalghati,23.407085,87.07848,92,,13000,11000
722135,Gorabari,22.88699,86.722695,92,,13000,11000
322028,Malrna Doongar,26.25688,76.45573999999999,92,,19200,16300
276403,Mohammadabad Gohna,25.99585,83.42665,92,,16500,14000
276404,Mubarak Pur,26.08881,83.29094,92,,15600,13200
276205,Mohammad Pur,25.956545,83.05719,92,,15500,13200
276208,Tika Pur,26.114265,83.08151000000001,92,,15800,13400
276288,Pawai,26.165730000000003,82.73164,92,,15700,13300
758029,Dhenkikote,21.55359,85.83297999999999,92,,20400,17300
757051,Saraskana,22.277410000000003,86.558865,92,,18500,15600
757052,Jugpura,21.706255,86.913345,92,,18200,15400
757074,Basipitha,21.7765,86.59158500000001,92,,18200,15400
D726977,"Sonipat, Haryana · D726977",29.0414186,76.922715,92,,29500,24900
D569194,"Satna, Madhya Pradesh · D569194",24.6954445,80.7770348,92,,29400,24800
D817915,"Jalor, Rajasthan · D817915",25.166667,72.25,92,,29100,24700
D939856,"Nagaur, Rajasthan · D939856",26.9873443,73.7389011,92,,29400,24900
261203,Mahmudabad,27.28375,81.105235,92,,17300,14600
261204,Rampur Mathura,27.33889,81.316135,92,,17300,14600
574122,Bajegoli,13.23198,75.10621,92,,27400,23200
307030,Gudabalotan,25.382445,72.9428,92,,22900,19400
345034,Khoohri,26.479925,70.51035,92,,27300,23200
272270,Santha,26.985275,83.04508,92,,16200,13700
484660,Chandia,23.54952,80.68005500000001,92,,14300,12200
221007,Sarnath,25.37345,83.00692000000001,92,,17800,15000
314024,Padwa,23.76461,74.02039500000001,92,,16300,13800
517236,Kalakada,13.83017,78.777975,92,,30600,25900
247129,Muzaffrabad,30.160955,77.788205,92,,22600,19100
517408,Palamaner,13.196225,78.74145,92,,30900,26200
632504,Damarapakkam,12.7548,79.31768500000001,92,,29200,24800
632506,Kalavai,12.7816,79.40744000000001,92,,29700,25100
685582,Kodikulam,9.957445,76.74679,92,,40600,34400
685604,Murickassery,9.908675,77.02395,92,,41000,34700
685503,Vagamon,9.714524999999998,76.90153000000001,92,,41000,34600
517401,Ramakuppam,12.878675,78.530225,92,,30700,26000
855106,Galgalia,26.51309,88.11199500000001,92,,16400,13800
517350,Kurabalakota,13.70561,78.49954,92,,30800,26100
755044,Chandikhol,20.708625,86.070075,92,,16600,14000
755061,Govindpur Kutchery,20.6757,86.514785,92,,14700,12500
314406,Peeth,23.49961,73.77402000000001,92,,16000,13600
D167300,"Dhamtari, Chhattisgarh",20.5326259,81.7155987,92,,29600,25000
576215,Cherkadi,13.43246,74.864035,92,,27800,23500
D309783,"Sehore, Madhya Pradesh · D309783",23.1150041,77.0665356,92,,29100,24700
247662,Chutmalpur,30.119215,77.829465,92,,22600,19100
D846953,"Churu, Rajasthan · D846953",28.2047781,74.6912996,92,,29000,24600
D566928,"Burhanpur, Madhya Pradesh",21.334867,76.3708803,92,,29000,24600
573165,Hanbalu,12.986875,75.67821,92,,28100,23800
306705,Mundara,25.23092,73.438365,92,,21200,18000
758022,Fakirpur,21.139805,86.2013,91,,19700,16700
D958583,"Chamba, Himachal Pradesh · D958583",32.6923316,76.1631552,91,,28600,24300
D420466,"Dindori, Madhya Pradesh · D420466",22.9070871,80.8846924,91,,28600,24300
D445699,"Hanumangarh, Rajasthan · D445699",29.3659533,74.298429,91,,28500,24300
307001,Sirohi,24.8114047,72.8300257,91,,19300,16400
396060,Rumla,20.68164,73.202495,91,,23000,19600
D343352,"Koraput, Odisha · D343352",18.7232023,82.6100596,91,,28500,24300
758017,Rajanagar,21.71934,85.78979,91,,19800,16800
758020,Salapada,21.172025,86.155155,91,,19600,16700
D140377,"Kurukshetra, Haryana · D140377",30.0606702,76.7631053,91,,28500,24200
682026,Elamakkara,10.018545,76.287815,91,,50600,43000
524315,Allur,14.710405,80.0575,91,,25100,21300
221104,Chaubeypur,25.41327,83.10373,91,,17400,14800
396370,Kachholi,20.83637,72.97707,91,,23200,19700
524316,Kodavaluru,14.57799,80.029165,91,,25200,21400
171003,AGPO,31.11791,77.179495,91,,40400,34300
517237,Medikurthi,13.70711,78.81723500000001,91,,30100,25500
307019,Jkpuram,24.70272,73.023685,91,,19300,16400
307026,Aburoad,24.457155,72.75899,91,,19500,16500
307028,Posalia,25.168535,72.915335,91,,19200,16300
273002,A.P.Station,26.7544,83.519415,91,,17900,15200
273003,Arogyamandir,26.792545,83.38331500000001,91,,17900,15200
261201,Biswan,27.479895,81.03002000000001,91,,16800,14300
D963453,"Jharsuguda, Odisha · D963453",21.8019368,83.9713964,91,,28900,24600
394550,Dumas,21.104685,72.716715,91,,35100,29800
470335,Banda Belai,24.051865,78.96572,91,,17100,14500
823002,Gaya R.S,24.83003,84.96648,91,,15900,13500
823003,Buniyad Ganj,24.849045,85.03816,91,,16100,13700
824235,Mow,25.031815,84.798255,91,,16000,13600
824206,Imamganj,24.44703,84.60967500000001,91,,16100,13700
852114,Budhma,25.91744,86.88805500000001,91,,19000,16200
483222,Gosalpur,23.38864,80.05449,91,,15400,13100
483225,Sihora,23.52058,80.07082,91,,15300,13000
470441,Malthone,24.270065,78.601785,91,,16900,14300
470673,Batiagarh,24.110075,79.3212,91,,14500,12300
470880,Tendukheda,23.40327,79.41966,91,,14200,12100
742174,Sarbangapur,23.86782,88.36568,91,,18700,15900
742189,Barua,23.89704,88.272055,91,,18900,16100
622103,Muckanamalaipatti,10.470805,78.65787,91,,21000,17800
622201,Arimalam,10.26132,78.901515,91,,21000,17900
471315,Isanagar,24.897655,79.432605,91,,12200,10400
342025,Setrawa,26.567075,72.3967,91,,32500,27600
518345,Mantralaya,15.89868,77.44205,91,,24200,20600
695313,Kudavur,8.655104999999999,76.862185,91,,51400,43600
695317,Thonnakkal,8.631595,76.854085,91,,51100,43400
695042,Kalliyoor,8.421115,77.008625,91,,51000,43300
465691,Zeerapur,23.92452,76.367655,91,,17800,15100
621006,Pulivalam,11.019925,78.632045,91,,29000,24700
783127,Salmara South,25.892535,89.95261500000001,91,,17400,14800
342011,Jodhpur Residency Road,26.26245,73.03393,91,,32500,27600
342012,Boranada,26.191545,72.93502000000001,91,,32500,27600
342013,Sangaria,26.194495,73.00089,91,,32500,27600
342037,Lavera Baori,26.575845,73.17275000000001,91,,32500,27600
342015,Saran Nagar,26.26496,73.11726,91,,32500,27600
342021,Somesar,26.608495,72.14896999999999,91,,32500,27600
342023,Balesar,26.403345,72.59675,91,,32500,27600
342024,Soorsagar,26.341955,72.81938,91,,32500,27600
209214,Bidhnoo,26.32635,80.24398,91,,24700,20900
799144,Santirbazar,23.3461,91.615505,91,,30900,26200
799145,Sabroom,23.03965,91.69538,91,,30700,26100
607805,Perperiyankuppam,11.661895,79.44096,91,,21400,18200
608501,B.Mutlur,11.49697,79.70331,91,,21500,18200
151206,Bhagta Bhai,30.455575,75.08536000000001,91,,29300,24800
222165,Meerganj,25.55885,82.38325,91,,16400,13900
768203,Industrial Estate Jharsuguda S,21.88142,84.01608999999999,91,,32900,28000
723102,Dulmi-nadiha,23.254225,86.36581,91,,13100,11100
611111,Vailankanni,10.682635,79.833375,91,,24700,21000
841438,Mirganj,26.434085,84.30275499999999,91,,18900,16000
723201,Garjaipur,23.37706,86.14771999999999,91,,13100,11100
140124,Nangal Township,31.38675,76.3834,91,,27600,23400
175138,Babeli,32.0184,77.09247500000001,91,,22400,19000
175141,Garsa,31.856325,77.31938500000001,91,,22100,18800
209722,Gurusahaiganj,27.096415,79.722415,91,,15600,13200
689508,Kodukulanji,9.2692,76.611805,91,,40300,34200
689509,Venmony,9.25015,76.626785,91,,40100,34000
689511,Cheriyanadu,9.279685,76.576625,91,,40400,34300
680519,Karikkad,10.693485,76.096615,91,,40900,34700
206242,Bharthana,26.806275,79.24717000000001,91,,15100,12900
205303,Kishni,27.026225,79.26616,91,,20700,17600
205304,Kusmara,27.10294,79.28893500000001,91,,20600,17500
206125,Chakar Nagar,26.530995,79.104775,91,,15100,12800
689512,Kudassanad,9.186635,76.669445,91,,40100,34100
689521,Kozhuvallur,9.26134,76.635435,91,,40400,34300
722136,Indpur,23.16993,86.873295,91,,12600,10700
722137,Jhantipahari,23.32591,86.85329,91,,12600,10700
322204,Shahar,26.601935,76.718815,91,,36700,31200
450051,Kharkalan,21.760095,76.655215,91,,20700,17600
609811,Kali,11.138635,79.57639,91,,24600,20900
611001,Nagapattinam,10.769405,79.8377,91,,24600,20900
801302,Hilsa,25.312145,85.26054500000001,91,,14800,12600
801303,Islampur,25.109555,85.23407,91,,15000,12700
799271,Dasdabazar,23.825065,92.162075,91,,26100,22100
799277,Kailashahar,24.29477,91.976255,91,,26300,22300
800081,Ward 107 Madhapur,17.449402315349744,78.3957142685449,91,,28900,24500
606601,Tiruvannamalai,12.229605,79.07243,91,,22600,19200
535534,Mondemkhallu,18.87218,83.725495,91,,26100,22200
140126,Fertilizer Factory Nangal,31.371855,76.3597,91,,27500,23300
781343,Dhanbil,26.672985,91.397015,91,,20200,17200
781346,Barama,26.53569,91.372325,91,,20100,17100
303313,Bandikui,27.034495,76.599725,91,,23500,19900
799264,Kumarghat,24.184035,92.04419,91,,26300,22300
799266,Kanchancherra,24.07695,92.079755,91,,26100,22200
676302,Tanur-MBR,10.966585,75.87905,91,,29700,25200
535547,Makkuva,18.68878,83.20942,91,,26300,22400
801301,Ekangersarai,25.225045,85.25339,91,,14800,12600
612902,Kodalikaruppur,11.13014,79.39606,91,,25000,21300
148106,Longowal,30.20903,75.67443499999999,91,,27000,22900
177209,Saloh,31.446465,76.189565,91,,33100,28100
533255,Ramachandrapuram,16.834600000000002,82.033445,91,,27400,23300
283142,Pariyar,26.96154,78.728795,91,,16600,14100
303315,Bewai,27.068465000000003,76.73341500000001,91,,23400,19900
303323,Gudha Katla,27.073825,76.45704,91,,23100,19700
781334,Chowkbazar,26.41457,91.447275,91,,20200,17200
477227,Amayan,26.379935,78.736245,91,,20000,17000
477332,Akoda,26.48162,78.82034999999999,91,,19800,16900
151003,Nfl Bathinda,30.259465,74.93707,91,,29200,24700
522663,Bandlamottu,16.240925,79.64004,91,,29500,25100
532440,Palakonda,18.60223,83.742835,91,,25900,22100
177210,Nehri Nauranga,31.68558,76.21901,91,,33500,28500
673104,Nut Street,11.613015,75.62121,91,,33000,28100
609401,Elandangudi,11.05242,79.637005,91,,24700,21000
841407,Bishunpura,26.316665,84.62988999999999,91,,18900,16100
271855,Mihinpurwa,28.076785,81.33666,91,,19400,16500
670006,Chovva,11.87366,75.39821,91,,29300,24800
454446,Manawar,22.29631,75.09527,91,,16700,14200
454449,Dharampuri,22.251475,75.30657,91,,16700,14200
454660,Badnawar,23.001240000000003,75.174125,91,,16700,14200
454665,Kanwan,22.84678,75.23551,91,,16700,14200
210208,Manikpur,25.031575,81.06391500000001,91,,14600,12400
678571,Mathur PG,10.74387,76.57346000000001,91,,31500,26700
226019,Industria Area Chinhat,26.91462,81.06239,91,,26800,22800
226020,Niralanagar,26.890795,80.93140500000001,91,,26900,22800
226021,Jankipuram,26.914165,80.94289,91,,26600,22600
535501,Parvatipuram,18.772845,83.42759000000001,91,,26200,22300
535221,Pedamajjipalem,18.19396,83.237195,91,,26300,22400
452006,Army Head Quarter,22.73982,75.83175,91,,39000,33200
613301,Ghandarvakottai,10.59238,79.02481,91,,21200,18000
625501,Alanganallur,10.063595,78.09455,91,,37000,31500
271801,Bahraich,27.56043,81.60579999999999,91,,19100,16200
532212,Naupada RS,18.5844,84.28061,91,,26100,22200
222127,Baderi,25.627235,82.492475,91,,16200,13700
533005,APSP Camp,17.024124999999998,82.25339,91,,27500,23400
768018,Engineering College Burla,21.51012,83.90387999999999,91,,33100,28100
768019,Jyoti Vihar Burla,21.47392,83.884425,91,,32800,27900
209505,Kampil,27.645555,79.204905,91,,14100,12000
209217,Mandhana,26.574605,80.23231000000001,91,,24600,20900
209304,Sachendi,26.401825,80.1717,91,,24600,20900
226014,Sgpgi,26.75002,80.932005,91,,26900,22800
226017,Avas Vikas Colony,26.84112,80.860945,91,,26900,22900
801307,Bhathar,25.29361,85.36612,91,,14900,12700
802118,Dulahpur,25.6163,84.081025,91,,15100,12900
327604,Barodia,23.33795,74.50915,91,,15200,12900
390013,Maneja,22.23294,73.17414,91,,30400,25800
802223,Charpokhari,25.36193,84.50924,91,,15700,13300
274409,Tarya Sujan,26.674715,84.318825,91,,15700,13300
142045,Manoke,30.586125,75.20283,91,,29400,25000
695568,Panavoor,8.670179999999998,76.986815,91,,51100,43400
695561,Pazhakutty,8.652249999999999,76.98958999999999,91,,51000,43300
690107,Thekkekara,9.206225,76.563275,91,,40000,34000
690108,Kunnam,9.25148,76.571675,91,,40100,34100
679591,Kokkur,10.72714,76.05033,91,,29300,24900
454331,Kukshi,22.207295,74.68530999999999,91,,16700,14200
788726,Hatikhira,24.52658,92.300065,91,,17100,14500
457333,Sukheda,23.685785,74.98075,91,,19000,16200
457339,Dhodhar RS,23.79008,75.11762999999999,91,,19200,16300
521322,Golvepalli,16.394915,80.974355,91,,32800,27900
695584,Pothencode,8.61346,76.895985,91,,51500,43700
678583,Mannarkad College,10.991375,76.38653500000001,91,,31200,26500
143412,Harike,31.19464,74.940895,91,,24700,21000
535204,Pusapatirega,18.115465,83.57444000000001,91,,26300,22400
535213,Singavaram,18.049765,83.53961000000001,91,,26300,22400
535214,Ss Korukonda,18.051755,83.322115,91,,26500,22500
535215,Gantyada,18.139335,83.30002999999999,91,,26400,22400
535216,Bhogapuram,18.001095,83.50109499999999,91,,26500,22500
457885,Katthiwada,22.49683,74.15575000000001,91,,10300,8800
454116,Rajgarh,22.64736,74.87359000000001,91,,16700,14200
454221,Bagh,22.400415,74.83579,91,,16700,14200
210209,Mauchhibu,25.209835,81.370725,91,,14600,12400
535217,Nellimarla,18.200275,83.47661500000001,91,,26500,22500
535218,Ramathirtam,18.1914,83.532975,91,,26200,22300
535220,Kotagandredu,18.24962,83.45757,91,,26000,22100
535161,L Kota,18.010685000000002,83.146085,91,,26300,22300
454335,Nisarpur,22.160955,74.85538,91,,16700,14200
535273,Mentada,18.323465,83.17934,91,,26500,22500
535280,Moida,18.21508,83.41323,91,,26200,22300
742406,Basantpur,24.05652,88.546405,91,,19000,16100
742226,Sagardighi,24.2876,88.06941,91,,19000,16100
474006,Morar,26.22956,78.39552,91,,23800,20200
271306,Rehra Bazar,27.15689,82.30485,91,,15700,13300
471606,Khajuraho,24.828055,79.96226,91,,12300,10400
782428,Jamunamukh,26.102845,92.7433,91,,17700,15000
690110,Kallumala,9.235095,76.567125,91,,40000,34000
690510,Olakettiambalam,9.19806,76.532625,91,,40100,34100
481224,Karanja,21.441360000000003,80.471785,91,,18300,15500
481882,Gadasarai,22.792985,81.33325,91,,10200,8600
626121,Seithur,9.429144999999998,77.41296,91,,26400,22400
132022,Kunjpura,29.71753,77.103105,91,,26400,22400
454111,Sardarpur,22.75418,75.05577500000001,91,,16700,14200
283103,Oef  Firozabad,27.194165,78.323235,91,,16900,14300
473551,Shivpuri,25.56898,77.651685,91,,11800,10100
473865,Magroni,25.708605,78.02583999999999,91,,11800,10000
690514,Haripad,9.30847,76.46584,91,,40400,34300
679306,Melepattambi,10.821335,76.20673500000001,91,,31400,26700
577535,Molakalmuru,14.735515,76.71727,91,,26200,22300
577527,Hosadurga,13.898325,76.33933999999999,91,,26600,22600
523253,Uppalapadu,15.55822,79.73697,91,,27700,23600
523261,Muppavaram,15.84798,80.07567,91,,27800,23600
754220,Rajkanika,20.698835,86.7295,91,,14400,12200
481222,Lanji,21.46503,80.586705,91,,18200,15500
690101,Mavelikara,9.244025,76.541215,91,,40000,34000
690102,Thazhakara,9.25897,76.55901,91,,40100,34100
690105,Chennithala,9.284405,76.51811000000001,91,,40300,34200
328023,Basai Nabab,26.878615,77.805975,91,,19000,16100
425409,Shahada,21.5141622,74.5405513,91,,14400,12200
804427,Tehta,25.12377,84.97919999999999,91,,17300,14700
804429,Nehalpur,25.23232,84.911715,91,,17200,14600
591201,Chikodi,16.422845,74.58899,91,,20100,17100
695028,Vattappara,8.5939,76.950445,91,,51200,43500
764062,Bikrampur,19.068255,83.793205,91,,17200,14600
524346,Brahmadevam,14.35102,80.056815,91,,25200,21400
524317,Gandavaram,14.591555,79.93868,91,,25200,21400
523111,Peda alavalapadu,15.33653,79.66805500000001,91,,27700,23600
523112,C.S.Puram,15.160515,79.189085,91,,27700,23500
754245,Barpada,20.49469,86.67401000000001,91,,14400,12200
765018,Therubali,19.40356,83.58283,91,,17300,14700
688014,Punnapra North,9.45037,76.35415,91,,39900,33900
581423,Melin Idgunji,14.197025,74.55123499999999,91,,26000,22100
582201,Annigeri,15.44709,75.442395,91,,28000,23800
688009,Pazhaveedu,9.484545,76.35110499999999,91,,40000,34000
623501,Ramanathapuram,9.37311,78.822075,91,,29300,24900
782439,Murazar Bazar,26.03787,93.04117,91,,17600,14900
695102,Alamcode,8.72189,76.81528,91,,51400,43700
695103,Avanavancherry,8.69542,76.85729,91,,51700,43900
425506,Nimbhora,21.14018,75.96119,91,,22800,19400
425507,Khirdi,21.145695,76.012065,91,,22700,19300
142037,Badhni Kalan,30.667035,75.30460500000001,91,,29000,24700
678732,Kottekkad,10.80147,76.687545,91,,31100,26500
205264,Karhal,27.045285,78.917735,91,,20900,17700
205265,Kuraoli,27.389415,78.963935,91,,20800,17700
581400,Kaiga,14.842935,74.361955,91,,26500,22500
688013,Thathampally,9.50986,76.34712999999999,91,,40400,34300
690511,Muttom-alleppey,9.250495,76.49308500000001,91,,39800,33800
690512,Pallipad,9.276605,76.48602,91,,40000,34000
585402,Bidar G.N.Jhira,18.011024999999997,77.48882,91,,14900,12600
272155,Harraiya,26.804205,82.48157499999999,91,,17400,14800
695144,Moongode,8.71665,76.78060500000001,91,,50800,43200
695581,Karyavattom,8.566189999999999,76.89187,91,,50900,43300
695562,Pacha,8.72336,77.01574,91,,50900,43300
425505,Chinawal,21.2814,75.95187,91,,22700,19300
843122,Hardi,26.16815,85.11059,91,,21000,17800
843123,Jaintpur Estate,26.124825,85.13653500000001,91,,21000,17900
591118,M.K.Hubli,15.72527,74.73432,91,,20100,17100
342003,Jodhpur Shastri Nagar,26.278465,72.99923,91,,32500,27700
342005,Jodhpur K.U.M. Bhagat Ki Kothi,26.21584,73.013275,91,,32500,27600
342006,Jodhpur Kachery,26.301545,73.05580499999999,91,,32500,27700
342007,Jodhpur K.U.M. Mandore Road,26.320565,73.05332,91,,32600,27700
342008,Nandanwan,26.275305000000003,72.975325,91,,32500,27700
735223,Matelli,26.961225,88.81404,91,,17000,14500
140112,Chamkaur Sahib,30.878725,76.39674,91,,27800,23600
614711,Pamani-TTP,10.540755,79.71535499999999,91,,24600,20900
843125,Kurnowl,26.264765,84.941035,91,,21200,18000
843128,Minapur,26.28918,85.3106,91,,20900,17800
688522,Kalavoor,9.577295,76.316115,91,,40300,34200
271307,Sadullanagar,27.10711,82.422175,91,,15400,13100
271207,Shivpura,27.70954,82.27772,91,,15600,13200
403103,Shiroda S.O (North Goa),15.3376121,73.9937035,91,,44600,37900
679532,Desamangalam,10.749195,76.22095999999999,91,,40400,34400
176502,Ghamroor,31.938995,75.99622,91,,28900,24500
471408,Satai,24.74287,79.61589000000001,91,,12200,10300
471501,Maharajpur,25.022585,79.836525,91,,12200,10400
461331,Harda,22.39324,76.97434999999999,91,,17500,14900
735231,Fagu,27.031955,88.705815,91,,27600,23400
535522,Mrutyunjayarayanagaram,18.76945,83.355085,91,,26100,22200
390001,Vadodara,22.29534,73.19156,91,,30300,25700
571601,Hampapura,12.56256,76.369395,91,,34300,29100
847233,Nehra,26.12091,86.091655,91,,15600,13200
403505,Sanquelim,15.549755,74.0231,91,,44200,37600
403512,Pernem,15.7033,73.82929,91,,44700,38000
390023,Subhanpura,22.32242,73.140245,91,,30500,25900
390024,Chhani Rd,22.349985,73.187735,91,,30600,25900
685615,Ellapatti,10.17896,77.218535,91,,39600,33700
144527,Garhshanker,31.206205,76.15731500000001,91,,30300,25700
622304,Vadakadu,10.376945,79.09035,91,,21000,17800
784170,Halem,26.87158,93.468975,91,,18900,16100
243726,Wazirganj,28.187625,79.06714,91,,14200,12100
243727,Rajpura,28.36312,78.376855,91,,14200,12100
243751,Babrala,28.34399,78.43284,91,,14200,12100
620014,Boiler Project - TR,10.76269,78.795615,91,,29500,25000
394601,Bardoli,21.12717,73.10433499999999,91,,35100,29800
311801,Gangapur,25.22413,74.298165,91,,27600,23400
823004,Civil Aerodram,24.74418,84.95584500000001,91,,16100,13700
824118,Guraru Mills,24.793215,84.757525,91,,16000,13600
824201,Barachatti,24.52379,85.082905,91,,16100,13700
824207,Konch,24.91775,84.78954999999999,91,,16200,13800
824209,Paraiya,24.809545,84.88083,91,,16100,13700
824210,Raniganj,24.37441,84.56304,91,,16000,13600
144520,Binjon,31.284925,76.008125,91,,30400,25800
241125,Behta Gokul,27.559895,80.035775,91,,17000,14400
691334,Nedungolam,8.838180000000001,76.687635,91,,38600,32800
242021,I.A. Babrala,28.28962,78.423205,91,,14200,12000
242042,Banda,28.273035,80.080145,91,,15700,13300
242127,R B Kalan,27.749995,79.45025000000001,91,,15700,13400
690527,Puthuppally,9.1525,76.49032,91,,40100,34100
311802,Pur,25.28936,74.475545,91,,27500,23400
274302,Dudhai,26.796645,84.13999,91,,15600,13300
261207,Talgaon,27.578665,80.91705999999999,91,,16900,14300
483330,Bahori Band,23.6852,80.045535,91,,15400,13000
483331,Bakal,23.75513,79.91143,91,,15400,13000
636401,Metturdam,11.7933,77.800445,91,,38000,32300
524318,Vidavalur,14.63182,80.11677499999999,91,,25100,21300
691311,Channapettah,8.882864999999999,76.964495,91,,38800,33000
587330,Savalagi,16.653109999999998,75.383935,91,,19500,16600
825326,Tapin,23.837295,85.50086999999999,91,,19500,16600
209209,B.B.Gaon,26.189405,80.298215,91,,18600,15800
224235,U.P.S.S. Mill,26.378675,82.566105,91,,15200,12900
224238,Vidhut Nagar,26.595335,82.59373500000001,91,,15200,12900
276405,Walid Pur,26.07637,83.39753999999999,91,,16400,13900
535526,Merangi,18.8078,83.552375,91,,26300,22300
584116,Jalahalli,16.33291,76.79145,91,,21500,18300
689624,Ennakkad,9.277615,76.55786,91,,40300,34300
140405,Sangatpur Sodhian,30.582815,76.334195,91,,26800,22800
611002,Nagore,10.82731,79.794235,91,,24600,20900
611104,Kilvelur,10.77141,79.75957500000001,91,,24700,21000
611105,Kuthur,10.763335,79.721095,91,,24700,21000
609703,Tittachery,10.862765,79.801005,91,,24700,21000
673009,Malaparamba,11.2892,75.804415,91,,33100,28200
384245,Sami,23.644385,71.63199499999999,91,,17200,14600
276303,Thekma,25.901375,82.901195,91,,15400,13100
673637,Pulikkal,11.1855,75.91384,91,,29400,25000
276202,Lal Ganj,25.815710000000003,83.031225,91,,15200,12900
276204,Mehnagar,25.88142,83.13930500000001,91,,15200,12900
276206,Nizamabad,26.07717,83.06492,91,,15400,13000
276207,Rani Ki Sarai,25.98441,83.103265,91,,15300,13000
722143,Mejhia,23.556795,87.09277499999999,91,,12600,10700
521211,Aukiripalli,16.68984,80.84657,91,,32500,27600
445211,Mulawa,19.685675,77.58069,91,,20600,17500
535527,Pedabondapalli,18.736510000000003,83.30326,91,,26000,22100
271830,Shivpur,27.8379,81.394485,91,,19200,16300
362510,Delvada,20.76516,70.98443,91,,23900,20300
140406,Sirhind,30.607565,76.42493999999999,91,,27000,23000
140603,Zirakpur,30.63227,76.8063,91,,23900,20300
140701,Kauli,30.419225,76.548935,91,,23700,20200
797004,New Sectt Complex,25.7169804,94.0982194,91,,32600,27700
535524,Kurupam,18.96365,83.56398,91,,26000,22100
276143,Mittupur,26.241155,82.71569500000001,91,,15200,12900
D324734,"Karauli, Rajasthan · D324734",26.5158329,77.0565965,90,,28200,24000
D902798,"Tiruvannamalai, Tamil Nadu · D902798",12.4289282,78.99915,90,,28100,23900
D680704,"Nuapada, Odisha · D680704",20.5412657,82.5292352,90,,27900,23700
261135,Laharpur,27.728275,80.92172500000001,90,,16300,13900
394810,Ilav,21.46825,72.827695,90,,24800,21100
D898467,"Malkangiri, Odisha · D898467",18.2744685,81.9520316,90,,27900,23700
D794663,"Bhilwara, Rajasthan · D794663",25.470994,74.6961316,90,,27900,23800
D848859,"Virudhunagar, Tamil Nadu · D848859",9.4926289,77.8631831,90,,28200,24000
362222,Agatrai,21.390425,70.240995,90,,23600,20100
273004,Basharatpur,26.784215,83.37808,90,,17500,14800
311805,Koshithal,25.306315,74.15618,90,,27500,23300
311806,Sahada,25.145185,74.190845,90,,27400,23300
313022,Dabok,24.64116,73.906645,90,,24300,20600
313024,Zinc Smelter,24.581985,73.83239499999999,90,,24300,20700
307024,Rohida,24.56754,73.015405,90,,19100,16300
679332,Pookkottumpadam,11.242095,76.355295,90,,28800,24500
679334,Chungathara,11.41674,76.21922,90,,29100,24700
518122,Owk,15.203915,78.11218,90,,23600,20100
824220,Dobhi,24.5302,84.904195,90,,15900,13500
823311,Atri,24.91116,85.225325,90,,15900,13500
824116,Anti,24.890575,84.69074,90,,15900,13500
824205,Gurua,24.67723,84.76156,90,,15900,13500
821308,Indrapuri,24.85451,84.13483,90,,21000,17900
524320,Venkatachalasatram,14.32084,79.865685,90,,24700,21000
632315,Onnupuram,12.704515,79.15843,90,,22100,18800
261501,Behjam,27.842855,80.601295,90,,16700,14200
573120,Gorur,12.831675,76.10118,90,,27300,23200
573116,Channarayapatna,12.92465,76.41292999999999,90,,26900,22900
271203,Jarwa,27.633985000000003,82.531695,90,,15200,12900
824234,Magadh University,24.64503,84.91588999999999,90,,15900,13500
824236,Tekari,24.91623,84.874365,90,,15700,13300
695312,Melvettoor,8.713474999999999,76.73411,90,,50100,42600
695143,Vadasserikonam,8.74914,76.75907,90,,50600,43000
816103,Benagaria,24.190385,87.599445,90,,19700,16700
821107,Kargahar,25.139435,83.92278999999999,90,,21100,18000
821111,Sheosagar,25.005565,83.89877,90,,21200,18000
821112,Kochas,25.237455,83.919195,90,,21300,18100
695038,PTP Nagar,8.512665,76.98687000000001,90,,50300,42800
695040,Kaimanam,8.47306,76.974075,90,,50200,42700
695004,Pattom Palace,8.52011,76.93992,90,,50300,42800
695316,Pallipuram,8.60443,76.8554,90,,50700,43100
695318,Vennicode,8.708169999999999,76.754095,90,,50300,42800
695305,Perunguzhi,8.636050000000001,76.81513,90,,50800,43200
695306,Kadakkavur,8.677904999999999,76.778535,90,,50600,43000
695307,Nedunganda,8.695425,76.74148500000001,90,,50200,42600
695308,Vakkom,8.69163,76.761245,90,,50300,42800
695309,Anjengo,8.664815,76.76144500000001,90,,50300,42800
688002,Thiruvampady Junction,9.474925,76.33106000000001,90,,39400,33500
688003,Sanathanapuram,9.464895,76.344675,90,,39700,33700
688004,Punnapra,9.43437,76.35412,90,,39700,33700
688005,Alappuzha Medical College,9.406105,76.367595,90,,39600,33700
688007,Alappuzha North,9.512675,76.32169999999999,90,,39500,33600
581401,Sirsi,14.611165,74.84736,90,,25800,22000
387110,Ghodasar,22.903175,72.81210999999999,90,,33300,28300
735206,Chalsa,26.83291,88.82224500000001,90,,16700,14200
735221,Mal,26.860985,88.73702,90,,16800,14300
461228,Timarni,22.247505,77.31371,90,,24000,20400
144030,Padhiana,31.3935,75.794485,90,,31100,26400
144031,Rurka Kalan,31.12231,75.69591,90,,31400,26700
471525,Chandla,25.109055,80.23201499999999,90,,12000,10200
134007,Baldev Nagar,30.402585,76.78987000000001,90,,28900,24600
688008,Thumpoly,9.51897,76.319565,90,,39500,33600
688521,Pathirappally,9.54189,76.31757999999999,90,,39700,33800
736121,Alipurduar MDG,26.491795,89.522435,90,,16700,14200
736122,Alipurduar Court,26.523055,89.509105,90,,16700,14200
735224,Maynaguri,26.57477,88.86914999999999,90,,16700,14200
735225,Nagrakata,26.848845,88.928875,90,,16700,14200
735228,Ramjhora,26.761535,89.20313999999999,90,,16700,14200
735232,Binnaguri Cantt,26.754365,88.985615,90,,16700,14200
210430,Gohand,25.72291,79.50650999999999,90,,18000,15300
210431,Rath,25.57725,79.62324000000001,90,,17900,15200
272181,Paikolia,26.8789,82.48501999999999,90,,17000,14400
680602,Mattom,10.595575,76.09853000000001,90,,40300,34200
680612,Kanjani,10.47882,76.13037,90,,39700,33700
614801,Arasarkulam,10.204585,79.11465,90,,20900,17700
614622,Silattur,10.25859,78.959915,90,,20700,17600
787059,Silapathar,27.5945155,94.7192098,90,,17200,14600
535521,Komarada,18.961025,83.440835,90,,25900,22000
462042,Kolar Road,23.12343,77.40914000000001,90,,26700,22700
458336,Jeeran,24.274905,74.8414,90,,17100,14500
458468,Nayagaon C F,24.559405,74.77747,90,,17300,14700
457990,Jobat,22.411015,74.573185,90,,10100,8600
458226,Ratangarh,24.805905000000003,75.039635,90,,17100,14500
457770,Bamnia,23.063745,74.831715,90,,10000,8500
620004,Golden Rock,10.789455,78.72004,90,,28500,24200
735214,Hamiltonganj,26.65478,89.415835,90,,16700,14200
735215,Hasimara,26.705585,89.357765,90,,16700,14200
473112,Gail Complex,24.456265,77.155795,90,,15600,13300
473113,Myana,24.819295,77.40487,90,,15500,13200
473115,Binaganj,24.167535,77.03914,90,,15600,13200
473118,Chachauda,24.21822,76.97508,90,,15600,13200
735102,Jpg.Govt Engg College,26.520455,88.652215,90,,16700,14200
735121,Danguajhar,26.59679,88.67752,90,,16800,14300
735132,Pandapara Kalibari,26.432895,88.69749999999999,90,,16700,14200
457331,Piploda,23.59449,74.923045,90,,18900,16100
515671,Dharmavaram,14.40464,77.715105,90,,28500,24200
271310,Bankatwa Dehat,27.033605,82.07677000000001,90,,15400,13100
271215,Purani Bazar Pachperwa,27.408055,82.63522499999999,90,,15400,13100
474009,Lashkar City,26.197965,78.164015,90,,23200,19700
473222,Kumbhraj,24.383745,76.993855,90,,15700,13300
473226,Raghogarh,24.42419,77.21853,90,,15500,13200
473249,Bajranggarh,24.554085,77.375935,90,,15600,13300
473287,Maksudangarh,24.13148,77.15448,90,,15600,13200
735208,Dalsingpara,26.77927,89.39469,90,,16700,14200
735209,Damdim,26.838245,88.67618999999999,90,,16700,14200
735210,Dhupguri,26.61376,89.01305500000001,90,,16700,14200
735212,Gairkata,26.68825,89.01922,90,,16700,14200
735134,Rajganj,26.528785,88.53515999999999,90,,16700,14200
735205,Carron,26.900135,88.997645,90,,16700,14200
515672,Dharmavaram R.S,14.40627,77.66256,90,,28700,24400
515765,Kambadur,14.411855,77.175915,90,,28800,24500
177219,Sunkali,31.73456,76.1053,90,,32400,27600
177220,Haroli,31.416545,76.22355999999999,90,,32300,27500
612504,Tirupanandal,11.09397,79.45891,90,,24600,20900
723149,Manguria,23.40011,86.331365,90,,13000,11100
723153,Kantadih,23.19084,86.27782,90,,13100,11100
723147,Vivekananda Nagar,23.40627,86.39792,90,,13000,11000
612303,Tirupirambiyam,11.005145,79.342525,90,,24600,20900
688561,Ambalapuzha,9.35508,76.379165,90,,39600,33700
781372,"Baksa, Assam",26.6275689,91.3388551,90,,20000,17000
781344,Baganpara,26.670815,91.467685,90,,19900,16900
503174,APSP Camp,18.59324,78.21212499999999,90,,18400,15600
781337,Milanpur,26.481325,91.46642,90,,19900,16900
283152,Eka,27.401960000000003,78.58702,90,,16400,13900
283207,Phariha,27.304360000000003,78.54556500000001,90,,16500,14000
283130,Parham,27.312395,78.704425,90,,16500,14000
283135,Shikohabad,27.1245,78.60162,90,,16400,13900
271802,Kalpipara,27.612795,81.649215,90,,19000,16100
271821,Bisheswarganj,27.35012,81.830975,90,,19000,16200
271825,Barnapur,27.541600000000003,81.443325,90,,18900,16100
224205,Khapradih,26.46793,82.23678,90,,14600,12400
224206,Khajurahat,26.532400000000003,82.16257,90,,14600,12400
614401,Ammapet,10.79766,79.339675,90,,24600,20900
224189,Deorhi,26.732955,81.945465,90,,14700,12500
224203,Rampur Bhagan,26.587485,82.22923,90,,14700,12500
735216,Jateswar,26.59858,89.137405,90,,16700,14200
735219,Lataguri,26.706765,88.80763999999999,90,,16700,14200
535160,Bonangi,18.13988,83.221225,90,,25800,21900
210301,Hamirpur,25.952365,80.20221000000001,90,,17900,15200
673005,West Hill,11.29311,75.76890499999999,90,,32500,27600
670004,Pallikunnu,11.89832,75.3651,90,,28500,24200
209841,Hasanganj,26.76403,80.61025000000001,90,,14900,12700
735101,Jalpaiguri,26.527315,88.72357,90,,16800,14200
475002,Behat,26.095765,78.52449,90,,23000,19500
752078,Kantilo,20.368195,85.187595,90,,17200,14600
477660,Gormi,26.596835,78.51957,90,,19700,16800
477222,Mau,26.310255,78.642735,90,,19700,16800
222162,Barsathi,25.53388,82.49178,90,,15900,13500
222180,Zafarabad,25.68824,82.7253,90,,15900,13500
488448,Sahanagar,24.071275,80.26807,90,,20200,17200
607807,"Block 29, Neyveli",11.582685,79.46592,90,,21300,18100
143507,Aliwal,31.80973,75.1352,90,,30300,25700
322240,Kherla,26.90521,77.00514,90,,23000,19500
673504,Nadapuram,11.68772,75.65235999999999,90,,32400,27600
673505,Tuneri,11.713215000000002,75.616875,90,,32800,27900
276402,Karaha,25.946715,83.37428499999999,90,,15900,13500
686531,Chingavanam,9.520025,76.52269000000001,90,,40400,34400
201310,Knowledge Park-I,28.47106,77.53482,90,,72000,61200
201311,Container Depot,28.526295,77.52864,90,,71700,61000
140401,Rajpura,30.483715,76.59165,90,,23400,19900
680308,Koratti,10.256995,76.361505,90,,40100,34100
680309,Kinfra Park Koratti,10.275995,76.32950500000001,90,,40000,34000
243002,Air Force Station Bareilly,28.4172,79.44351,90,,17200,14600
243003,Bareilly City,28.36557,79.405175,90,,17200,14600
306022,Jojawar,25.51069,73.72,90,,20200,17200
306114,Bagri Nagar,25.907085,73.88596000000001,90,,20200,17200
143506,Govt. Poly. Tech Batala,31.77796,75.276835,90,,30300,25700
206130,Saifai,26.934755,78.959575,90,,14800,12600
205301,Bewar,27.21278,79.30472,90,,20200,17200
680507,Pavaratty,10.55668,76.05610999999999,90,,39900,33900
276203,Mehanazpur,25.687465,83.11317,90,,15100,12900
535525,Ravivalasa,18.76571,83.54131,90,,25500,21700
276201,Dev Gaon,25.753455,82.98339999999999,90,,15100,12800
364275,Parvadi,21.605865,71.668055,90,,23500,19900
272190,Saltauwa,26.948915,82.681455,90,,17100,14500
581304,Nandangadda,14.8343,74.1515,90,,25500,21700
262801,Bankey Ganj,28.195415,80.45331,90,,16600,14100
311022,Hurda,25.848735,74.71930499999999,90,,27100,23000
686141,Vaikom,9.754365,76.39753,90,,40600,34500
327023,Ghatol,23.761105,74.36791500000001,90,,15000,12800
327605,Luharia,23.74006,74.17622,90,,15000,12700
584125,Mudgal,15.977060000000002,76.41263000000001,90,,21100,17900
272131,Captainganj,26.746025,82.583125,90,,17000,14500
767024,Churapali,20.72546,83.369245,90,,21700,18500
767027,Jogimunda,20.767135,83.006055,90,,21700,18500
767002,Rajendra College,20.70068,83.547005,90,,21700,18500
625516,Cumbum,9.70751,77.28305499999999,90,,32400,27500
625601,Periyakulam,10.14087,77.51269500000001,90,,32600,27700
403801,A.P.Dabolim,15.37895,73.838715,90,,40600,34500
388470,Sunav,22.530685,72.81726,90,,33400,28400
571134,Kattemalalavadi,12.36922,76.26867999999999,90,,33200,28300
676301,Tirunavaya,10.89337,75.999975,90,,28700,24400
678572,Kottayi,10.764315,76.550605,90,,30700,26100
206245,Jaswant Nagar,26.87612,78.863035,90,,14900,12700
172111,Pooh,31.96972,78.739285,90,,31600,26900
222139,Khetasarai,25.938245,82.68375499999999,90,,15900,13600
222109,Naupedwa,25.83484,82.55569,90,,15800,13500
480771,Ari,21.94837,79.70133000000001,90,,15200,12900
480990,Kanhiwada,22.20242,79.762295,90,,15300,13000
209747,Sakrawa,26.98873,79.39169000000001,90,,15200,12900
209736,Khairnagar,26.828225,79.84477000000001,90,,15200,12900
209307,Bhaupur,26.48964,80.07711499999999,90,,18300,15500
835219,Ormanjhi,23.518765,85.46505,90,,23200,19700
415412,Chikurde,16.91558,74.18819500000001,90,,25400,21600
226026,Sanatan Dharam Vidya Peeth,26.956505,81.00564499999999,90,,26600,22600
676105,Thekkummuri,10.896835,75.916665,90,,29000,24600
676109,Niramaruthur,10.924785,75.89609,90,,28700,24400
852109,Ganpatganj,26.2435,86.834225,90,,17400,14800
577529,Kondlahalli,14.58104,76.71760499999999,90,,26100,22200
690515,Thrikkunnapuzha,9.27091,76.41466,90,,39700,33700
362220,Keshod,21.295135,70.205355,90,,23600,20100
273412,Shivpur,26.425555,83.47527,90,,17300,14700
679305,Pallipuram,10.832055,76.11588499999999,90,,30400,25800
679308,Naduvattom,10.874425,76.14971,90,,30700,26100
805129,Tungi,24.813445,85.30837,90,,14300,12200
695585,Sainik School,8.585975000000001,76.87221500000001,90,,50700,43100
695586,St.Xavier's College,8.56082,76.85050000000001,90,,50300,42700
802154,Chaurasta Bihia,25.60129,84.47811999999999,90,,15500,13200
142041,Bhinder,30.89059,75.302765,90,,29800,25400
847227,Khutauna,26.487985,86.420125,90,,16300,13900
626111,Muhavur,9.368105,77.511865,90,,25900,22000
754219,Aul,20.68101,86.64202,90,,14200,12000
271201,Balrampur,27.43394,82.18085500000001,90,,15400,13100
274407,Tamkuhi,26.685155,84.171525,90,,15600,13200
142047,Zira,30.98638,74.944095,90,,30300,25800
142050,Talwandi Bhai,30.889335000000003,74.91609500000001,90,,30300,25800
678632,Pulappatta,10.90032,76.490485,90,,30600,26000
678592,Mundur Palakkad,10.885595,76.57983,90,,30400,25800
678593,Tachampara,10.970775,76.511955,90,,30400,25900
695582,Kazhakuttam,8.563289999999999,76.8652,90,,50400,42900
695583,Kulathur,8.537535,76.889905,90,,50500,43000
680011,Kanattukara,10.527875,76.19887,90,,40300,34300
680103,Puthanpalli,10.616975,76.043025,90,,40300,34200
695571,Malayinkil,8.487884999999999,77.03834499999999,90,,49900,42400
695573,Peyad,8.517895,77.031705,90,,50000,42500
695541,Nedumangad,8.6212,77.02328,90,,50600,43000
695542,Aryanad,8.60256,77.090575,90,,49900,42400
695522,Vellayani,8.42679,76.98182,90,,49900,42400
274406,Seorahi,26.702225,84.24830499999999,90,,15500,13200
695035,Vanchiyur,8.499780000000001,76.939645,90,,50200,42700
695036,Thiruvananthapuram  Chalai,8.484935,76.955405,90,,50200,42700
695024,Thiruvananthapuram  Pettah,8.49306,76.92895999999999,90,,50300,42700
695025,Muttada,8.531555,76.94802,90,,50400,42800
695026,Poonthura,8.445920000000001,76.949085,90,,50000,42500
695001,Thiruvananthapuram G.P.O.,8.49348,76.94866999999999,90,,50200,42700
695002,Karamana,8.469584999999999,76.968885,90,,50100,42600
695003,Kaudiar,8.522755,76.95931999999999,90,,50300,42800
389350,Halol,22.50439,73.502585,90,,16600,14100
572113,Baragur,13.964605,76.96704,90,,25400,21600
754246,Madanpur,20.58643,86.70713,90,,14300,12100
626123,Sivakasi,9.45053,77.78629000000001,90,,26100,22200
524405,Manubolu,14.241005,79.85470000000001,90,,24700,21000
695027,Thiruvallom,8.43,76.966095,90,,49900,42400
695029,Anayara,8.510065,76.9134,90,,50400,42800
695032,Aramada,8.48404,76.995575,90,,50200,42600
695142,Cherunniyur,8.72452,76.75971999999999,90,,50500,42900
424307,Kapadna,21.02107,74.681995,90,,21400,18200
273413,Kauriram,26.544545,83.4743,90,,17300,14700
361007,Gulabnagar,22.4889,70.084765,90,,25500,21700
585324,Sulahpeth,17.422150000000002,77.28837,90,,15200,12900
585322,Ratkal,17.460195,77.0679,90,,15200,12900
403410,Collem,15.352885,74.2442,90,,40500,34500
403702,Canacona,14.999335,74.10242,90,,40700,34600
695563,Peringamala,8.734825,77.06524999999999,90,,50100,42600
695564,Karakulam,8.577375,76.99674,90,,50400,42800
695145,Sreenivasapuram,8.754285,76.74566999999999,90,,50200,42600
695146,Palayamkunnu,8.779060000000001,76.746905,90,,50000,42500
695301,Kaniyapuram,8.58623,76.83856,90,,50500,42900
695302,Murukumpuzhaa,8.61087,76.835825,90,,50600,43000
695303,Puthencurichy,8.617895,76.80530999999999,90,,50500,42900
695304,Chirayinkeezhu,8.654945000000001,76.797335,90,,50800,43100
203209,Rabupura,28.2507,77.56977,90,,71200,60500
632518,Pennagar,12.709985,79.39511999999999,90,,28400,24100
761151,Asura Bandha,19.834855,84.320115,90,,15400,13100
755050,Jaraka,20.774275000000003,86.136675,90,,15700,13400
247452,Nanauta,29.710605,77.449175,90,,21800,18500
203135,Jewar,28.159615,77.552315,90,,71300,60600
203141,Jahangirpur,28.17822,77.72168500000001,90,,71400,60700
307027,Sheoganj,25.1003,73.069525,90,,19100,16200
824233,Khizersarai,24.961265,85.17129,90,,15900,13500
271204,Khargoopur,27.35054,81.93951,90,,15200,12900
271205,Mahrajganj,27.54498,82.29513,90,,15400,13100
685531,Peermade,9.58182,76.999525,90,,39300,33400
517403,Ramapuram,13.11183,79.20032,90,,29300,24900
203155,Thora,28.146515,77.635055,90,,71400,60700
203201,Dankaur,28.331105,77.56283,90,,71400,60700
203203,Kakore,28.29181,77.723645,90,,71300,60600
311803,Raipur,25.398815,74.17659499999999,90,,27400,23300
311804,Raja Ji Ka Kareda,25.581285,74.212245,90,,27500,23400
690518,Karunagappaly,9.05275,76.535155,90,,38200,32500
828124,A.C.C. Colony,23.669345,86.514865,90,,27400,23300
691306,Anchal,8.916285,76.90942,90,,38100,32300
690532,Chingoli,9.24805,76.45354,90,,39700,33700
824221,Dumaria,24.45215,84.38753,90,,15800,13400
824232,Fatehpur,24.61481,85.22254,90,,15900,13500
821309,Kachhwa,25.15085,84.3939,90,,21200,18000
821310,Nasriganj,25.079320000000003,84.355815,90,,21100,18000
821311,Rohtas,24.666125,83.90599499999999,90,,21000,17900
823001,Gaya,24.77897,84.98606000000001,90,,15900,13500
821303,Banjari,24.680115,84.001385,90,,21000,17900
821306,Darihat,24.97208,84.24598,90,,21100,17900
821307,Dehri-on-sone,24.88773,84.17381499999999,90,,21000,17900
313027,Salumber,24.17941,74.08707000000001,90,,24300,20600
473111,N.F.L.Vijaipur,24.50172,77.06791,90,,15600,13300
463111,Lalariya,23.697765,77.48116,90,,26700,22700
465679,Khilchipur,24.06957,76.57238000000001,90,,17200,14600
465687,Khujner,23.79144,76.59282999999999,90,,17200,14600
621002,Kirambur,11.241165,78.68191999999999,90,,28900,24600
621005,Manachanalloor,10.970185,78.68020999999999,90,,28800,24500
271206,Pachperwa,27.59768,82.67194,90,,15200,12900
271208,Tulsipur,27.53731,82.39006499999999,90,,15200,13000
221005,Hindu Vishwa Vidhyalaya,25.27485,82.995205,90,,17100,14500
641107,Sarkarsamakulam,11.139045,77.07806,90,,43500,37000
741158,Shikarpur,23.980735000000003,88.73259999999999,90,,17500,14900
144104,Daroli Kalan,31.40744,75.76974,90,,31000,26300
622303,Tiruvarankulam,10.355754999999998,78.88421,90,,20800,17700
784026,Khalihamari,26.73566,92.83838,90,,18700,15900
783135,Fekamari,25.703355,89.90770499999999,90,,17100,14600
470228,Dhana,23.729645,78.91867500000001,90,,16700,14200
636303,Kolathur (Salem)S.O,11.78974,77.72333499999999,90,,37000,31400
636306,Sinnappampatti,11.64681,77.934975,90,,37200,31600
636308,Veerapandi Salem,11.568639999999998,78.07065,90,,36800,31300
636309,Kamalapuram,11.783305,78.04701,90,,36700,31200
758002,Keonjhar Bazar,21.641615,85.62695,90,,19300,16400
620006,Srirangam,10.863309999999998,78.664315,90,,28500,24200
144302,Beas Pind,31.46444,75.65206,90,,31100,26400
144303,Kala Bakra,31.50026,75.616635,90,,31200,26600
396380,Devsar,20.78676,72.986725,90,,22800,19400
396310,Amalsad,20.80144,72.90118,90,,22800,19400
760001,Berhampur,19.3168,84.797735,90,,15500,13200
160025,Maloya Colony,30.751415,76.720445,90,,69100,58700
636013,Salem Steel Plant,11.668165,78.030745,90,,36700,31200
759001,Dhenkanal,20.6529,85.599985,90,,15800,13400
759014,Mahimagadi,20.78825,85.71088,90,,15800,13400
221010,Mahmoorganj,25.3078,82.98769,90,,17100,14600
757077,Nudadiha,21.57748,86.44631000000001,89,,17400,14800
757075,Dukura,21.7942,86.65055000000001,89,,17400,14800
757054,Bahalda Rd RS,22.426250000000003,86.177855,89,,17500,14800
503175,Dichpalli RS,18.67201,78.273895,89,,18000,15300
503101,Bhiknoor,18.176755,78.413205,89,,18100,15400
753003,College Square,20.46868,85.901085,89,,21800,18500
522658,Ipuru,16.246305,79.78678,89,,28500,24200
585222,Sedam,17.07675,77.275035,89,,14900,12700
680306,Ollur,10.46715,76.26024000000001,89,,39200,33400
272148,Rayath,26.97569,82.86886000000001,89,,16700,14200
272150,Hanumanganj,26.957465,82.808535,89,,16700,14200
361002,Bedeshwar,22.490455,70.04397,89,,24800,21100
272301,Kalwari,26.618635,82.66485,89,,16700,14200
272302,Nagar Bazar,26.718005,82.65972,89,,16800,14300
362215,Lushala,21.37928,70.35076000000001,89,,23500,19900
362226,Mangrol Bundar,21.107945,70.101595,89,,23200,19700
272129,Shankarpur,26.829645,82.28302500000001,89,,16800,14200
572142,Yediyur,12.991715,76.85992,89,,25200,21400
636119,Puthiragoundampalayam,11.631175,78.473405,89,,36200,30800
636121,Vadachennimalai,11.574895,78.67588,89,,36200,30800
636122,Sukkampatti,11.730085,78.2564,89,,36300,30900
636138,Karumanthurai,11.74811,78.62296,89,,36200,30800
636139,Kootathupatti,11.720405,78.33076,89,,36300,30900
636110,Sendarapatti,11.427245,78.526625,89,,36100,30700
636111,Seshanchavadi,11.652185,78.320245,89,,36300,30800
636112,Talaivasal,11.610465,78.7776,89,,36200,30800
636113,Thammampatti,11.44418,78.4536,89,,36200,30800
636114,Thumbal,11.775905,78.52491,89,,36300,30800
636115,Valapady,11.641525,78.411915,89,,36200,30800
636117,Yethapur,11.694575,78.48888500000001,89,,36200,30800
636102,Atur,11.588765,78.587275,89,,36200,30800
636103,Ayodhiyapattinam,11.66919,78.24080000000001,89,,36200,30800
636104,Belur,11.7764,78.39785,89,,36300,30900
636105,Gangavalli,11.443505,78.60949500000001,89,,36100,30700
636106,Karipatti,11.67476,78.28542,89,,36300,30800
636107,Malliakarai,11.547765,78.499275,89,,36200,30800
636108,Narasingapuram,11.62758,78.56997,89,,36200,30800
636109,Pethanaickenpalayam,11.648415,78.52508499999999,89,,36200,30800
221112,Chiraigaon,25.36953,83.055865,89,,16800,14300
759015,Bhapur,20.583730000000003,85.4793,89,,15500,13100
636203,Mullur,11.54733,78.16441,89,,36700,31200
636204,Panamarathupatti,11.574125,78.21378,89,,36400,31000
682028,Vennala,9.9926,76.323595,89,,48300,41000
759017,Bhuban,20.90939,85.83848,89,,15500,13200
484776,Bansagar,24.182145,81.34916,89,,18700,15900
160047,Sector 47 Chandigarh,30.691905,76.75819,89,,67300,57200
759121,Meramandali,20.80557,85.27339,89,,15500,13200
757022,Suliapada,22.00864,86.950905,89,,17400,14800
757016,Rasgovindpur,21.770035,87.04453,89,,17400,14700
636011,Govt. College Of Engg,11.72533,78.07895500000001,89,,36600,31100
636012,Karuppur,11.74543,78.127915,89,,36500,31000
175038,Nihri,31.36938,76.989675,89,,26800,22700
457993,Ranapur,22.60219,74.500065,89,,9800,8300
458441,Neemuch,24.428815,74.932245,89,,16900,14300
261206,Saraiyan Raja Saheb,27.383125,81.07986,89,,16300,13800
445106,Sawali Sadoba,19.974255,78.1011,89,,19900,16900
445109,Akola Bazar,20.147125000000003,78.14962,89,,19800,16800
445215,Soot Girni,19.92482,77.47478,89,,19900,16900
451113,Bedia,22.094445,75.87313,89,,26300,22400
620001,Tiruchirappalli,10.797,78.68613500000001,89,,28200,23900
210123,Chillatara,25.738765,80.51664500000001,89,,13600,11500
396406,Abrama,20.860925,72.8995,89,,22200,18900
451332,Jhirnia,21.584815,75.98500000000001,89,,26200,22300
795015,"Senapati, Manipur · 795015",25.35924,94.265525,89,,17800,15100
612901,Gangaikondacholapuram,11.188375,79.45163,89,,24500,20800
177109,Bharwain,31.7521,76.13098,89,,31700,27000
416302,Bagani,16.908645,74.365875,89,,25200,21400
222146,Kutir Chakkey,25.6087,82.82777999999999,89,,15600,13200
271831,Bhinga,27.711975,81.93664000000001,89,,15600,13300
477331,Umri,26.502385,78.96279,89,,19200,16300
824237,Cherki,24.70041,84.87716499999999,89,,15600,13200
243123,P.A.C.Dso,28.33307,79.51501,89,,16900,14400
271865,Nanpara,27.91187,81.55374499999999,89,,18500,15700
271870,Chilwaria,27.484245,81.65225,89,,18400,15600
140306,"Sahibzada Ajit Singh Nagar, Punjab",30.6488449,76.7412738,89,,26900,22900
587155,Kulgeri Cross,15.90404,75.48593,89,,18700,15900
587205,Katageri,16.088540000000002,75.66291000000001,89,,18800,16000
587301,Jamkhandi,16.542505,75.358745,89,,18700,15900
587311,Banahatti,16.472369999999998,75.179205,89,,18800,15900
587313,Mudhol,16.32029,75.292425,89,,18800,15900
587314,Rabkavi,16.466079999999998,75.10943,89,,18800,16000
587315,Terdal,16.49296,75.05160000000001,89,,19000,16200
587316,Sameerwadi,16.358735000000003,75.04584,89,,18800,16000
535523,Gummalakshmipuram,18.991915,83.65094500000001,89,,25200,21400
797112,Dimapur,25.9041378,93.7177609,89,,30300,25800
636008,Kannankurichi,11.708295,78.176705,89,,36300,30800
636001,Salem,11.657765,78.16448,89,,36300,30900
755022,Korei,20.99055,86.184495,89,,15500,13200
636003,Ammapettai Salem,11.663435,78.184735,89,,36200,30800
636004,Alagapuram,11.69536,78.13550000000001,89,,36400,30900
685616,Mattuppatti,10.09343,77.13362000000001,89,,38500,32700
636002,Shevapet,11.64706,78.13734,89,,36300,30900
271126,B.B..Singh,27.125775,81.78939,89,,15200,12900
271129,Chandapur,26.92775,82.13325499999999,89,,15300,13000
636005,Suramangalam,11.66172,78.10840999999999,89,,36400,31000
636006,Salem South,11.639435,78.152275,89,,36400,30900
636015,Kitchipalayam,11.61626,78.20514,89,,36200,30800
636016,Fairlands,11.697305,78.149305,89,,36300,30900
636030,Mohan Nagar,11.675350000000002,78.056105,89,,36600,31100
636101,Aragalur,11.533895,78.801455,89,,36100,30700
757019,Khunta,21.702295,86.610105,89,,17400,14800
686106,Changanacherry Industrialnagar,9.47119,76.560925,89,,39800,33800
608002,Annamalainagar,11.39174,79.76763,89,,20700,17600
209743,Khimseypur,27.24463,79.387775,89,,13800,11700
305412,Fathegarh,26.18101,75.06862,89,,23400,19900
483442,Niwar,23.678325,80.396485,89,,15000,12700
389365,Ghoghmba,22.529915,73.668085,89,,16600,14100
222003,Purvanchal Vishwa Vidyalaya,25.835030000000003,82.709145,89,,15500,13200
388540,Borsad,22.42729,72.929445,89,,32900,27900
571812,Bukkinakere,12.50566,76.50786500000001,89,,27100,23000
143504,Chawinda Devi,31.7087,75.091905,89,,27900,23700
224230,Kedarnagar,26.53136,82.55606,89,,14400,12300
224231,Maharuwa Gola,26.411990000000003,82.35694000000001,89,,14600,12400
224232,Hakeem Pur,26.58134,82.619935,89,,14400,12200
224234,Mahboobganj,26.616185,82.456685,89,,14500,12300
679333,Manimooly,11.36287,76.427435,89,,28300,24100
587154,Ilkal  Alampurpet,15.972265,76.206705,89,,18800,15900
206122,Auraiya,26.45493,79.50632999999999,89,,12900,10900
222138,Kajgaon,25.707285,82.6735,89,,15500,13200
754029,Athagarh,20.51019,85.620755,89,,21900,18600
222128,Bazar Neorhia,25.49538,82.68481,89,,15600,13200
487551,Gadarwara,22.889945,78.77394,89,,17000,14400
821113,Takia Bazar,24.97747,83.98629500000001,89,,20900,17800
821301,Akorhi Bazar,24.99058,84.17447,89,,20900,17800
821302,Amjhore Camp,24.711865,83.995115,89,,20800,17700
821304,Baulia,24.592045,83.73819,89,,20800,17700
821305,Dalmianagar,24.93775,84.13028,89,,20900,17700
821312,Tilouthu,24.79586,84.070945,89,,20800,17700
691537,Pooyapally,8.905365,76.765905,89,,37700,32100
691571,Kottiyam,8.863130000000002,76.68127,89,,37800,32100
691573,Adichanallur,8.879925,76.71892,89,,37800,32100
311603,Kotri,25.36651,74.962765,89,,26800,22800
311604,Mandalgarh,25.22178,75.058595,89,,26800,22800
821104,Chenari,24.925305,83.812805,89,,20700,17600
472339,Digoda,24.909375,78.90369000000001,89,,12000,10200
814144,Massanjore,24.056985,87.29832999999999,89,,19200,16400
641043,Sahs College,11.02657,76.946965,89,,43000,36500
206120,Aheripur,26.634825,79.27407500000001,89,,14500,12400
206121,Ajitmal,26.53441,79.299005,89,,12800,10900
695310,Ayroor-varkala,8.7814,76.720935,89,,49500,42100
695311,Edava,8.76897,76.69827000000001,89,,49400,42000
695501,Balaramapuram,8.399075,77.041185,89,,49700,42200
695502,Parassala,8.3418,77.15211500000001,89,,49400,42000
695503,Dhanuvachapuram,8.396235,77.14113,89,,49500,42100
591136,Yadwad,16.225215,75.168665,89,,19500,16600
695504,Karakonam,8.40596,77.16785,89,,49400,42000
695121,Neyyattinkara,8.39396,77.083925,89,,49600,42200
311024,Railagaon,25.639,74.57179,89,,26900,22800
764002,Jeypore(K) R.S.,18.937975,82.418545,89,,15500,13200
244701,Milak,28.63711,79.163955,89,,16900,14300
244921,Bilaspur,28.87037,79.20873,89,,17000,14500
388325,Karamsad,22.549715,72.87954500000001,89,,32900,28000
311023,Kothian,25.821805,74.83937499999999,89,,27000,22900
535557,Balijipeta,18.592035,83.529825,89,,25400,21600
678591,Kanhirapuzha,10.984665,76.59729999999999,89,,30000,25500
144210,Bhunga,31.675835,75.771195,89,,29400,25000
144213,Bhanowal,31.7973,75.83812499999999,89,,29200,24800
462120,Nazirabad,23.76375,77.26474,89,,26500,22500
801103,Bihta,25.566795,84.955345,89,,21200,18000
518543,Allagadda MDG,15.1031,78.59634,89,,23000,19600
209601,Fatehgarh,27.347725,79.67022499999999,89,,13600,11600
676561,Mangalam-MLP,10.839685,75.922285,89,,28100,23900
802120,Dumari,25.648255,84.17895,89,,14700,12500
626116,W Pudupatti,9.61599,77.63996,89,,25500,21700
384265,Patan,23.85483,72.11548,89,,16600,14100
695126,Perumpazhuthoor,8.425550000000001,77.083235,89,,49600,42200
695132,Chenkal,8.372910000000001,77.10239,89,,49600,42100
695141,Varkala,8.73825,76.716865,89,,49900,42400
271311,Bargadi Kot,27.113925,81.59043,89,,15300,13000
272177,Banpur,26.606205,82.89667,89,,16800,14300
626122,Settiyarpatti,9.384905,77.5034,89,,25800,21900
523240,Podili,15.63027,79.60469,89,,27000,23000
766110,Narla Road,19.99408,83.35409,89,,14100,12000
783381,New Bongaigaon,26.470735,90.5155,89,,20100,17100
695122,Amaravila,8.369534999999999,77.11473000000001,89,,49500,42100
274205,Madanpur,26.37873,83.64769000000001,89,,15100,12900
470881,Jabera,23.569995,79.766665,89,,13800,11700
274201,Baitalpur,26.576595,83.713885,89,,15300,13000
274202,Gauri Bazar,26.59103,83.67314999999999,89,,15200,12900
144623,Kala Sanghian,31.226345,75.43429,89,,30300,25800
695512,Kuvalassery,8.475095,77.07826,89,,49700,42300
695513,Pozhiyoor,8.302309999999999,77.08758,89,,49400,42000
695521,Vizhinjam,8.377765,76.99741,89,,49600,42200
695523,Venganur,8.4019,77.00218000000001,89,,49700,42200
695524,Kanjiramkulam,8.369835,77.050465,89,,49600,42200
641038,Kuppakonanpudur,11.0311,76.942735,89,,42900,36500
695527,Kovalam,8.40054,76.978195,89,,49600,42200
695525,Puvar,8.330485,77.074325,89,,49500,42100
695526,Pulluvila,8.342894999999999,77.04724999999999,89,,49600,42100
802301,Arrah,25.56814,84.67617999999999,89,,15000,12800
695575,Poovachal,8.54331,77.09711999999999,89,,49700,42300
695508,Parasuvaickal,8.36979,77.14334,89,,49500,42000
486889,Singrauli Colliery,24.20932,82.69124500000001,89,,22900,19500
524322,Atmakur,14.634665,79.59756999999999,89,,24100,20500
177208,Panjawar,31.56211,76.136765,89,,31700,27000
177211,Thathal,31.61531,76.15731500000001,89,,32200,27400
274404,Patherdewa,26.570300000000003,83.94835499999999,89,,15300,13000
311026,Mod Ka Nimbahera,25.590055,74.452825,89,,26600,22600
636354,Danishpet,11.89308,78.18275,89,,36300,30900
754240,Dandisahi,20.622015,86.4761,89,,14100,12000
804432,Bandhuganj,25.225975,85.153285,89,,16800,14300
765017,J.K.Pur,19.229,83.3895,89,,16800,14300
531033,Munagapaka,17.601215,82.99924,89,,34200,29100
626124,Sivakasi West,9.45767,77.743815,89,,25400,21600
626128,Thayilpatti,9.371035,77.811075,89,,25700,21800
581421,Kaikini,14.09093,74.56291999999999,89,,25400,21600
384140,Kamli,23.866705,72.404205,89,,20900,17800
271309,D.P.Ghat,26.857035,82.04366999999999,89,,15400,13100
754215,Pattamundai,20.5475164,86.5296168,89,,14000,11900
765016,K.Singhpur,19.52975,83.32508,89,,16800,14200
524403,Mallam,13.873525,80.14979,89,,24200,20500
627814,Kizhapuliyur,8.924995,77.322445,89,,29700,25300
271301,Motiganj,27.11009,82.127225,89,,15200,12900
695528,Naruvamoodu,8.451405000000001,77.036635,89,,49700,42300
695551,Vithura,8.677115,77.154635,89,,49400,42000
695572,Kattakada,8.51025,77.11472,89,,49600,42100
695574,Kuttichal,8.579245,77.147835,89,,49400,42000
271302,Mankapur Bazar,27.084725,82.25760500000001,89,,15200,13000
271303,Nawabganj,26.840365,82.137585,89,,15300,13000
271304,Nawabganj S F,26.88881,82.16769,89,,15300,13000
271305,Maskanwa Rs,27.002455,82.409905,89,,15300,13000
742224,Nimtita,24.62034,87.988815,89,,18100,15400
695505,Vellarada,8.505495,77.21157,89,,49300,41900
695506,Uchakada,8.325099999999999,77.10419999999999,89,,49500,42100
695507,Ooruttambalam,8.461549999999999,77.055525,89,,49700,42300
231314,Jamua,25.230155,82.784175,89,,13400,11400
783382,Jogighopa,26.24265,90.62395,89,,20200,17100
583113,Emmiganur,15.397985,76.713475,89,,31700,27000
481332,Budbuda,21.788415,79.93892,89,,17600,15000
626106,Kariapatti,9.68401,78.143085,89,,25700,21800
626109,Mallanginar,9.60652,78.029125,89,,25600,21800
641023,Podanur,10.96897,76.98151,89,,43100,36600
271209,Jaiprabha Gram,27.35573,82.095535,89,,15100,12900
843124,Kathaiya,26.201055,85.12439,89,,20400,17400
523333,Cumbum,15.71735,78.978235,89,,27100,23000
591173,Yallammahill,15.74387,75.15634499999999,89,,19400,16500
591215,Benadi,16.529525,74.39077,89,,19500,16600
641112,Amritanagar,10.89763,76.90673000000001,89,,43200,36700
466113,Amlaha,23.14545,76.93207,89,,19300,16400
466114,Kotri,23.081965,76.8158,89,,19000,16200
641022,N.G.G.O Colony,11.11242,76.96169,89,,43100,36600
733102,Chakvrigu,25.242485,88.7154,89,,16500,14000
682022,Kochi University,10.04194,76.328315,89,,48500,41300
D254856,"Gwalior, Madhya Pradesh · D254856",26.0287495,78.1570654,89,,27400,23300
757053,Tiring,22.48387,86.04397,89,,17400,14800
D461093,"Balangir, Odisha · D461093",20.6095183,83.1673029,89,,27500,23400
224190,Tanda,26.520435,82.67547,89,,14500,12300
224195,Tikari,26.57388,82.281705,89,,14400,12300
224202,Bharatkund,26.65434,82.127565,89,,14500,12400
210126,Pailani,25.803095,80.41554500000001,89,,13500,11500
148030,Chhajli,30.019855,75.85329,89,,26000,22100
474015,AB VIII TM Gwalior,26.25005,78.17609999999999,89,,22900,19500
261202,Jahangirabad,27.51782,81.128275,89,,16300,13800
D579372,"Rajnandgaon, Chhattisgarh",21.0684425,80.7970779,89,,27800,23600
475335,Bhandair,25.76551,78.80937,89,,19700,16700
475671,Unnao,25.636565,78.6669,89,,19500,16600
148022,Amargarh,30.491095,76.004705,89,,26300,22300
148024,Dhuri,30.383175,75.77914,89,,25900,22000
148025,Sherpur,30.444955,75.684195,89,,25900,22000
636302,Jagir Ammapalayam,11.68283,78.10075499999999,89,,36500,31000
636304,Muthunaickenpatti,11.704875,78.03989,89,,36700,31200
636305,Pannapatti,11.831335,78.05571499999999,89,,36700,31200
636307,Sivadapuram,11.644185,78.065695,89,,36600,31100
636351,Kadayampatti,11.894385,78.084165,89,,36400,30900
758023,Hadagarh,21.26268,86.312395,89,,19000,16200
636141,Pudupet,11.55316,78.57760999999999,89,,36200,30800
321608,Mahwa,27.04794,76.88729000000001,89,,22400,19000
636201,Dasanaickenpatti,11.606795,78.13907499999999,89,,36400,31000
396560,Rankuva,20.81165,73.21761000000001,89,,22400,19100
307022,Pindwara,24.80148,73.04783,89,,18800,16000
723128,Balakdih,23.15073,86.54663500000001,89,,12800,10900
723131,Manbazar,22.99058,86.635315,89,,12800,10900
723148,Hutmura,23.34373,86.50229,89,,12800,10900
457222,Namli,23.47072,75.077745,89,,18500,15700
723104,Sainik School,23.349065,86.5974,89,,12800,10900
450445,Shahpur,21.180165,76.26543000000001,89,,20000,17000
614613,Tamarankottai,10.385685,79.40598,89,,24300,20700
535148,Dharmavaram,18.119775,83.220805,89,,25100,21300
457555,Bajna,23.33907,74.66508999999999,89,,18500,15700
D797660,"Kanpur Dehat, Uttar Pradesh · D797660",26.4585639,79.8548052,88,,27000,22900
D629821,"Bharatpur, Rajasthan · D629821",27.0246959,77.2920116,88,,27200,23100
788727,Bazaricherra Bazar,24.42972,92.327355,88,,16400,13900
723143,Rangadih,23.09028,86.18026,88,,12500,10600
723151,Puncha,23.178225,86.676515,88,,12500,10600
723154,Sirkabad,23.301435,86.256905,88,,12500,10700
521323,Moturu,16.454614999999997,81.05203,88,,31100,26400
731121,Abinashpur,23.75879,87.56658,88,,17300,14700
731214,Illambazar,23.656725,87.53478000000001,88,,17300,14700
643209,Emerald,11.30792,76.58696499999999,88,,47900,40700
682016,Kochi M.G.Road,9.969485,76.28773,88,,47400,40300
636140,Odayapatti,11.646565,78.20527999999999,88,,35600,30200
533002,Jagannaickpur,16.934855,82.23839,88,,26100,22200
533250,Mori,16.38455,81.87691000000001,88,,25900,22000
148026,Bhawanigarh,30.238795,76.08035000000001,88,,25700,21800
148028,Sunam,30.08924,75.77822,88,,25700,21800
475673,Tharet,26.047945,78.71759,88,,19400,16500
D502821,"Etawah, Uttar Pradesh · D502821",26.7155629,79.0917098,88,,26900,22800
306709,Dlf Rabriyawas,26.30966,74.05464,88,,19600,16600
613702,Attikkadai,10.75247,79.50582,88,,23600,20000
731221,Paikar,24.46141,87.93143,88,,17300,14700
731302,Kirnahar,23.751475,87.88847,88,,17300,14700
209868,Bangermau,26.880875000000003,80.18758,88,,14600,12400
731303,Labpur,23.79703,87.83795,88,,17300,14700
123200,Kushal Pura,28.483578046620867,75.750732421875,88,,32400,27500
573126,Jaya Chamaraja Pura,13.39352,76.338295,88,,26100,22200
641113,Seeliyur,11.20732,76.82057499999999,88,,42200,35900
466001,Sehore,23.21474,77.079465,88,,18900,16100
741247,Pritinagar,23.130145,88.54124,88,,16900,14400
466221,Jawar,23.049935,76.508155,88,,18700,15900
271872,Huzoorpur,27.320845,81.67926,88,,18100,15400
583112,Deogiri,14.98769,76.60679,88,,31500,26800
271871,Payagpur,27.42553,81.79701,88,,18200,15500
754217,Alba,20.55446,86.64656,88,,13900,11800
626102,Chatrapatti,9.398085,77.58902,88,,25100,21300
626104,Kalkurichi,9.61732,78.11258000000001,88,,25100,21300
679121,Shornur,10.78281,76.25557,88,,29300,24900
678701,Kannadi,10.73566,76.65169,88,,29500,25100
754207,Nischintakoili,20.52281,86.22844,88,,21600,18400
581396,Kadra,14.89785,74.42916,88,,24800,21100
765019,Bissamcuttack,19.44844,83.459985,88,,16300,13900
523110,Botlagudur,15.08701,79.52380500000001,88,,26300,22400
274208,Saraon,26.43304,83.51989,88,,14900,12700
313801,Parsad,24.323865,73.703165,88,,23200,19700
784173,Mijikajan,26.86994,93.16865,88,,17900,15200
784180,Jamugurihat,26.69128,92.926445,88,,18100,15400
466116,Ashta,22.95396,76.757695,88,,18800,16000
466118,Metwada,22.94294,76.523125,88,,18800,16000
221705,Haldharpur,25.954485,83.634975,88,,15400,13100
388510,Anklav,22.365245,73.008185,88,,32700,27800
571187,Kanagal,12.51842,76.03408999999999,88,,32100,27300
524341,Chejerla,14.503175,79.598155,88,,23700,20100
221304,Gyanpur,25.355655,82.44574,88,,12800,10900
686518,Koovapally,9.53602,76.82555500000001,88,,39100,33200
177207,Pandogha,31.505775,76.15184500000001,88,,31300,26600
388330,Khambholej,22.56615,73.092185,88,,32600,27700
177203,Amb,31.672545,76.129805,88,,31700,26900
144301,Alawalpur,31.435265,75.63039,88,,30000,25500
620005,Tiruvanaikoil,10.849625,78.73872499999999,88,,27900,23700
313602,Kheroda,24.59757,74.06235000000001,88,,23200,19700
470223,Gaurjhamar,23.5479,78.91737499999999,88,,16100,13700
622202,Kilanilai,10.166715,78.92077499999999,88,,20000,17000
470663,Nohata,23.674945,79.65728,88,,13600,11500
144511,Dosanjh Khurd,31.13286,75.99373,88,,29800,25300
144519,Kotfathui,31.281545,75.966745,88,,28800,24500
274204,Rudrapur,26.45971,83.65452,88,,15000,12700
811314,Sono,24.7562514,86.3011128,88,,16300,13800
679302,Perur-OPM,10.76636,76.467495,88,,29400,25000
523252,Pothakamur,15.74747,79.77765,88,,26300,22400
523254,Sankhavaram,15.38603,79.56802,88,,26300,22400
272171,Lalganj,26.62955,82.824555,88,,16500,14000
523246,Gotlagattu,15.569125,79.381955,88,,26400,22400
523247,Darsi,15.754650000000002,79.68316999999999,88,,26400,22400
625512,Aundipatti,9.948095,77.61049,88,,31600,26900
272182,Walterganj,26.83268,82.75107,88,,16600,14100
680734,Kuzhur,10.200305,76.290165,88,,38800,33000
801109,Naubatpur,25.47137,84.960305,88,,20500,17500
206252,Airwa Katra,26.880265,79.41038,88,,12600,10700
678622,Elapulli,10.76147,76.768775,88,,29500,25100
678624,Walayar Dam,10.84662,76.823905,88,,29600,25100
678631,Kongad,10.860495,76.514195,88,,29600,25200
143411,Dhotian,31.377995,74.99527,88,,27300,23200
144222,Datarpur,31.935785,75.81396000000001,88,,28900,24600
221001,Varanasi,25.3159,83.023215,88,,16500,14000
132054,Garhi Birbal,29.869655,77.15229,88,,24600,20900
132101,Samalkha,29.24221,76.995915,88,,25300,21500
311025,Hamirgarh,25.20798,74.68979,88,,26500,22600
847228,Khajauli,26.49368,86.17523,88,,15800,13400
632311,Kannamangalam,12.744115,79.129465,88,,21600,18300
481998,Anjania,22.468345,80.531,88,,8700,7400
221401,Bhadohi,25.39573,82.55952500000001,88,,12800,10900
221404,Suriyawan,25.464965,82.38329999999999,88,,12800,10900
641042,Kovaipudur,10.93765,76.93218,88,,42200,35900
306422,Gundoj,25.562155,73.24826999999999,88,,19400,16500
515556,Amadagur,13.895535,78.04141999999999,88,,27600,23500
515641,Kanaganapalli,14.45587,77.53556,88,,27600,23500
767030,Tusra,20.466545,83.488665,88,,21000,17900
768017,Burla,21.497355,83.84081,88,,31000,26400
768020,Jagruti Vihar Burla,21.49573,83.90808,88,,31200,26500
768027,Attabira,21.40434,83.767155,88,,20300,17300
518348,Halaharvi,15.293735,77.1378,88,,22800,19400
691540,Veliyam,8.92466,76.75949,88,,36600,31100
814133,Godda,24.8645886,87.2984838,88,,12900,10900
691576,Kannanallur,8.898705,76.70055500000001,88,,36900,31400
623521,Pamban,9.276045,79.209165,88,,27700,23500
623526,Rameswaram,9.249585,79.35128,88,,27600,23500
623527,Chathirakudi,9.409765,78.70304999999999,88,,27700,23500
222132,Fatehganj,25.74878,82.602715,88,,15300,13000
488443,Raipura,23.974025,80.004255,88,,19400,16500
487330,Barman,23.124095,79.05705499999999,88,,16700,14200
487337,Sagoni Tendukheda,23.136195,78.882705,88,,16800,14300
488001,Panna,24.682235,80.20229499999999,88,,19400,16500
488059,Gunnor,24.443075,80.23111499999999,88,,19500,16500
488220,Ajaigarh,24.89763,80.242765,88,,19400,16500
488222,Dharampur,25.010915,80.41329,88,,19400,16500
488333,Devendra Nagar,24.386375,80.47429,88,,19400,16500
488441,Amangang,24.42979,79.97003,88,,19400,16500
488442,Simariya,24.198895,79.976005,88,,19400,16500
518155,Uyyalawada,15.074825,78.37707499999999,88,,22900,19500
679330,Nilambur RS,11.28733,76.362745,88,,27900,23700
752001,Puri,19.800455,85.807395,88,,15800,13400
752003,Srivihar,19.816085,85.85963,88,,15800,13400
752011,Brahmagiri,19.837925,85.63844499999999,88,,15800,13400
752012,Chandanpur,19.898665,85.773425,88,,15800,13400
711314,Shyampur,22.2732,88.029485,88,,29300,24900
711315,Uluberia,22.378005,88.085465,88,,29300,24900
209204,Sheoli,26.60792,80.00657000000001,88,,17500,14900
209206,Ghatampur,26.12425,80.18530999999999,88,,17500,14900
388543,Alarsa,22.349795,72.95345499999999,88,,32400,27500
388550,Kathana RS,22.289445,72.794565,88,,32800,27900
577538,Parasurampura,14.235915,76.857425,88,,25100,21400
221116,Kaithi,25.49126,83.136205,88,,16400,14000
632318,Valapandal,12.661115,79.403915,88,,27500,23300
143525,Marara,32.179045,75.378125,88,,29200,24800
143511,Bhagowal,31.918135,75.16850500000001,88,,29300,24900
143513,Kala Afgana,31.887055,75.04471000000001,88,,29200,24800
143515,Srihargobindpur,31.664955,75.45371499999999,88,,28900,24600
209721,Chhibramau,27.13322,79.47772,88,,14500,12300
209210,Uttaripura,26.728545,80.07261,88,,17600,14900
209306,Rasulabad,26.68991,79.82292000000001,88,,17500,14900
209401,Narwal,26.234805,80.382425,88,,23400,19900
608001,Chidambaram,11.40513,79.68639999999999,88,,20400,17300
209402,Sarsaul,26.28808,80.50727499999999,88,,23400,19900
686022,Chengalam South,9.598695,76.47056,88,,39200,33300
403409,Betora I.E.,15.38255,74.023505,88,,39300,33400
262903,Nighasan,28.202145,80.832015,88,,16100,13600
271125,Balpur,27.125275,81.871815,88,,15100,12800
487118,Gotegaon,22.9813,79.544475,88,,16900,14300
609702,Tirumarugal,10.87493,79.74168499999999,88,,23600,20100
609801,Kuttalam,11.07133,79.551995,88,,23300,19800
609808,Terizhandur,11.047595,79.581275,88,,23400,19900
796017,Zemabawk,23.852545,92.868635,88,,35500,30200
609701,Enangudi,10.86556,79.67228,88,,23500,20000
614707,Ayakkarambalam Ii Sethi,10.35397,79.77458,88,,23300,19800
144102,Adampur Doaba,31.41347,75.711825,88,,29900,25400
209208,Musa Nagar,26.16441,79.98266000000001,88,,17600,14900
679583,Ponani Nagaram,10.77892,75.91796,88,,27700,23500
243005,Shamat Ganj,28.36337,79.43325999999999,88,,16700,14200
272194,Asnahra,27.090945,82.672825,88,,16400,13900
477111,Attair,26.686795,78.62578500000001,88,,19000,16200
477116,Gohad,26.408485,78.440485,88,,19000,16200
222143,Machhali Shahar,25.65434,82.359245,88,,15200,12900
222135,Gulzarganj,25.68627,82.4991,88,,15300,13000
477117,Malanpur,26.382845,78.33299,88,,18900,16100
477445,Lahar,26.144815,78.908795,88,,18900,16000
691014,Chandanathope,8.928899999999999,76.63963000000001,88,,36700,31200
176215,Dharamsala,32.206175,76.330485,88,,27000,23000
176202,Nurpur,32.325554999999994,75.88530499999999,88,,27400,23300
690521,Sasthamcottah,9.03091,76.616715,88,,36900,31400
177110,Chintpurni,31.82699,76.06905,88,,31200,26500
396350,Gadat,20.86851,73.00462,88,,21800,18500
451447,Rajpur Barwani,21.85604,74.92912,88,,20600,17500
731102,Hatjanbazar,23.86071,87.52833,88,,17300,14700
731103,Barabagan,23.9031,87.5134,88,,17300,14700
522124,Ponnur,16.076405,80.49881500000001,88,,27800,23600
643102,Coonoor RS,11.349,76.795425,88,,48100,40800
458228,Singoli,24.922,75.26967,88,,16400,14000
458470,Khor,24.594035,74.80805,88,,16600,14100
271202,Intyathok,27.264455,82.03331,88,,15000,12800
755007,Debidwar,20.855545,86.324715,88,,15300,13000
301703,Majari Kalan,28.027145,76.281095,88,,35500,30200
636010,Kondalampatti,11.61011,78.08967,88,,35900,30600
636009,Leigh Bazaar,11.66066,78.141915,88,,35600,30300
636116,Viraganur,11.462815,78.75162499999999,88,,35900,30500
572168,Hirehalli,13.27754,77.19487,88,,24400,20800
396321,Bilimora,20.76683,72.96723499999999,88,,21900,18600
177202,Mubarikpur,31.71855,76.093695,88,,31400,26700
362140,Akolvadi,21.016615,70.78037499999999,88,,22900,19500
272130,Parasrampur,26.938835,82.296195,88,,16600,14100
680007,Kurkancheri,10.497915,76.19816499999999,88,,38800,33000
364004,Bhavnagar Chitra,21.76338,72.089595,88,,22600,19200
415411,Yelur,16.91308,74.28551999999999,88,,24500,20800
752017,Kanas,19.97357,85.62711,88,,15800,13400
752045,Gabakunda,19.94857,85.89862,88,,15900,13500
752046,Satasankha,20.006485,85.822595,88,,15800,13500
752013,Basudevpur,19.856905,85.73790500000001,88,,15800,13400
752014,Sakhigopal,19.947665,85.773865,88,,15800,13400
781335,Nalbari,26.446905,91.444675,88,,19300,16400
781340,Banekuchi,26.487625,91.387025,88,,19200,16300
752015,Delang,20.076605,85.70815999999999,88,,15800,13400
752016,Berboi,20.031255,85.74661,88,,15800,13400
176402,Kandrori,32.211815,75.69834,88,,27300,23200
272163,Gaur Rs,26.86273,82.60704,88,,16400,14000
361011,Hadiana,22.592135,70.28227,88,,24200,20600
110029,Kidwai Nagar,28.58281293610369,77.20460647484697,88,,53900,45800
D877003,"Shahid Bhagat, Punjab",30.9993627,74.5484257,88,,27300,23200
274501,Khukhundoo,26.417340000000003,83.8583,87,,14600,12500
261205,Reosa,27.569335,81.18283,87,,15400,13100
757081,Kumbharmundakata,22.11655,86.67443,87,,16700,14200
757055,Amarda,21.803835,87.120405,87,,16600,14100
D325346,"Dhule, Maharashtra · D325346",21.1305215,74.4900614,87,,26600,22600
612904,Thathampettai Palur,11.091575,79.34596,87,,23500,19900
396325,Antalia,20.74804,73.006095,87,,21500,18300
458330,Jawad,24.685465,74.84838500000001,87,,16300,13800
321605,Kathumar,27.324710000000003,77.05761000000001,87,,34500,29300
321606,Kherli,27.22905,77.01736,87,,34500,29400
521181,Juzzuru,16.726399999999998,80.44686,87,,30400,25900
755008,Dharmasala,20.9027962,86.1539076,87,,15000,12800
757026,Barsahi,21.712955,86.722835,87,,16600,14200
301706,Shahjahanpur,28.01059,76.47154499999999,87,,35000,29700
301415,Rajpur,27.148065,76.51192,87,,34500,29300
301427,Karni Kot,27.886985,76.460455,87,,34900,29600
679575,Nannamukku,10.71387,76.01859999999999,87,,27100,23100
831004,Telco Works,22.75838,86.26773,87,,21800,18600
533256,Ramachandrapuram Old Town,16.83797,82.03186,87,,25600,21800
533247,Nagaram,16.5161,81.93316,87,,25700,21800
261136,Singhnapur,27.74098,81.011905,87,,15500,13200
261151,Pisawan,27.555725,80.42349999999999,87,,15500,13200
533251,Sakhinetipalli,16.39394,81.73252,87,,25600,21800
585217,Mashal,17.28034,76.17543,87,,14500,12300
272151,Rudranagar,27.029075,82.79949500000001,87,,16200,13800
831019,Birsanagar,22.78624,86.24831499999999,87,,21900,18600
680008,Cherur,10.547305,76.228055,87,,38200,32400
641019,Coimbatore Press Colony,11.181159999999998,76.99908500000001,87,,40900,34800
753004,Nayabazar,20.456995,85.92015,87,,21100,18000
503144,Ramareddy,18.40525,78.453115,87,,17400,14800
503108,Nagireddypet,18.13282,78.128225,87,,17300,14700
757020,Moroda,21.822545,86.98903,87,,16600,14100
801110,Paliganj,25.31316,84.80777499999999,87,,20200,17200
799273,Chailengta,23.8253158,91.9732227,87,,24800,21100
801105,Khagaul,25.576915,85.034715,87,,20300,17300
244922,Shahabad,28.542725,78.99696,87,,16300,13800
388265,Pandva,23.103415,73.31007,87,,31700,26900
641103,Irugur,11.01783,77.08664999999999,87,,41200,35000
678611,Edathara,10.79009,76.577035,87,,29100,24700
221406,Mondh,25.412315,82.500395,87,,12500,10600
221409,Nai Bazar,25.4206,82.603715,87,,12600,10700
390004,Pratapnagar,22.25772,73.25225,87,,28200,23900
755003,Bari Cuttack,20.68596,86.350645,87,,15000,12800
177213,Gondpur Banera,31.70246,76.06296,87,,31100,26400
847214,M G Bazar,26.379475,86.05154,87,,15400,13100
757024,Sankerko,21.86503,86.63385500000001,87,,16700,14200
757025,Betnoti,21.73788,86.808415,87,,16600,14200
487110,Singhpur S.O (Narsinghpur),22.916667,79.166667,87,,16600,14100
636007,Hasthampatti,11.675885,78.15610000000001,87,,35400,30100
757029,Krushnachandrapur,21.837695,86.79968,87,,16600,14100
673014,Guruvayurappan College,11.24041,75.83586,87,,31100,26400
755010,Kaipara,20.6433,86.39975,87,,15000,12800
305023,Gagwana,26.5323,74.7345,87,,22600,19200
413601,Tuljapur,17.960955,76.167945,87,,25400,21600
590011,Hindawadi,15.83636,74.511485,87,,18800,16000
532443,Seethampeta,18.646035,83.799245,87,,24000,20400
768204,O.M.P. Line Jharsuguda,21.912885000000003,84.040385,87,,30700,26100
828107,Domgarh,23.64082,86.50464500000001,87,,26300,22400
360540,Kharedi,22.084105,70.498295,87,,24100,20500
361001,Jamnagar,22.468165,70.08552,87,,23700,20200
523230,Kanigiri,15.31743,79.47138000000001,87,,25700,21800
523241,Konakanamitla,15.672295,79.458065,87,,25700,21900
680596,Thrissur Medical College,10.624255,76.19872000000001,87,,37500,31900
680611,Elthuruth,10.502195,76.18212,87,,38100,32400
515701,Bukkarayasamudram,14.7424,77.71067500000001,87,,27300,23200
486892,Gorbi,24.279735,82.60363000000001,87,,15000,12700
274505,Lar Road,26.22846,83.89536,87,,14600,12400
274508,Pindi,26.14783,83.98288500000001,87,,14700,12500
582208,Navalgund,15.579615,75.3905,87,,25600,21700
466111,Bilkisganj,23.012205,77.230555,87,,18400,15600
466120,Siddikganj,22.86465,76.63083,87,,18400,15700
431203,Jalna,19.859885,75.90540999999999,87,,17400,14800
431004,Dr. B.A. Marathwada University,19.91286,75.29345,87,,22100,18800
843120,Deoria,26.16293,84.980205,87,,19600,16700
843121,D.A.College,26.00716,85.58406500000001,87,,19400,16500
466125,Maina,23.134275,76.67108999999999,87,,18600,15800
464113,Pipalkheda,23.71942,77.720835,87,,17200,14600
462041,Ayodhaya Nagar,23.282135,77.46518,87,,25400,21600
210432,Sarila State,25.807965,79.77666500000001,87,,17100,14500
735222,Manabari,26.86265,88.63501,87,,15800,13400
735229,Sailihat,26.90538,88.687905,87,,15800,13500
735234,Gajaldoba,26.782605,88.617065,87,,15800,13400
462036,Gandhi Nagar,23.354965,77.28769,87,,25500,21700
711305,Bauria,22.48955,88.167685,87,,29000,24700
143501,Verka,31.663490000000003,74.98264,87,,26900,22900
224210,Bariyawan,26.44813,82.6762,87,,14100,12000
212204,Daranagar,25.655175,81.39558,87,,12100,10300
464224,Kurwai,24.137985,78.01148,87,,17000,14500
462001,Bhopal G.P.O.,23.256165,77.34353999999999,87,,25200,21400
487221,Kareli,22.94654,79.06857,87,,16600,14100
487441,Sihora,22.90725,78.93855500000001,87,,16400,13900
626114,Paralachi,9.34279,78.272795,87,,24500,20800
691589,Umayanallur I E,8.87379,76.654055,87,,36300,30900
742104,D.L.S.S.J.dham,24.186845,88.210475,87,,17500,14800
641062,Sinniampalayam,11.062365,77.06852,87,,41100,35000
342014,Pal,26.0808,72.806685,87,,30400,25800
342022,Shergarh,26.35679,72.266445,87,,30400,25800
342026,Jodhpur BSF Trg Centre,26.337205,73.03258500000001,87,,30600,26000
680594,Kaniyarkod,10.738725,76.409535,87,,37900,32200
306119,Khod,25.494295,73.36335,87,,19200,16300
742151,Rajarampur,24.36598,88.20675,87,,17400,14800
742160,Nashipur Rajbati,24.20748,88.27502,87,,17600,14900
742103,Khagra,24.117805,88.255195,87,,17400,14800
754250,Thakurpatna,20.5494,86.396945,87,,13500,11500
754292,Charinangal,20.63744,86.293015,87,,15000,12800
843118,Sarfuddinpur,26.129035,85.593035,87,,19400,16500
626107,Kovilangulam,9.564845,78.09881999999999,87,,24500,20800
626108,Kumarasamy Raja Nagar,9.43605,77.57704000000001,87,,24500,20900
679313,Kalladipatta,10.79696,76.216435,87,,29200,24800
274182,Bhaluani,26.368985,83.757365,87,,14700,12500
144406,Baddon,31.35382,75.88727,87,,28300,24000
172025,Dalash,31.390245,77.439995,87,,20600,17500
841410,Dumarshan Bangra,26.194000000000003,84.846245,87,,13700,11700
691520,Cheppara,8.937940000000001,76.805905,87,,35900,30500
301019,Bhiwari Ind. Area. Alwar,28.191535,76.85587,87,,34600,29400
515571,Tanakallu,13.89912,78.242435,87,,26900,22800
767026,Belpara,20.59318,83.069925,87,,20500,17400
480331,Saori Bazaar,21.965805,78.699785,87,,23800,20200
342027,Banar,26.299815,73.260985,87,,30400,25800
342028,Tena,26.38816,72.368405,87,,30400,25800
768025,C.A. Chiplima,21.371565,83.89212,87,,30400,25800
480882,Bandol,22.312795,79.51212000000001,87,,14400,12200
641014,Coimbatore Aerodrome,11.035565,77.037645,87,,40900,34800
301412,Harsora,27.783035,76.401945,87,,34900,29700
301035,Ronijathan,27.229705000000003,76.91916,87,,34500,29300
301402,Bansur,27.694105,76.37206,87,,34600,29400
301406,Malakhera,27.4140049,76.6170387,87,,34600,29400
301409,Reni,27.138935,76.72936,87,,34500,29400
143528,Kahnuwan,31.914905,75.478985,87,,28600,24300
143512,Kalanaur,32.01969,75.156555,87,,28700,24400
403601,Margao,15.274895,73.968995,87,,38000,32300
143519,Dhariwal,31.96301,75.29111499999999,87,,28700,24400
274601,Barhaj,26.310745,83.78567000000001,87,,14600,12400
274405,Rampur,26.604415,83.81923,87,,14600,12400
831003,Golmuri,22.787765,86.22646499999999,87,,21800,18600
274502,Lar,26.215875,83.94997000000001,87,,14700,12500
847222,Arerhat,26.394725,85.98065,87,,15400,13100
261121,H.S. Mills,27.74687,80.722725,87,,15500,13200
123506,Farrukhnagar,28.48425493015016,76.8431854248047,87,,31800,27000
457001,Ratlam,23.28262,75.049655,87,,17800,15100
456443,Mehidpur,23.480355,75.69065499999999,87,,20200,17200
457340,Khalukheda,23.73143,75.03018,87,,17700,15100
126100,126100,29.37045035348906,76.33300781250001,87,,32300,27400
643207,Devarshola,11.53541,76.4302,87,,47300,40200
643211,Gudalur Nilgiris,11.57218,76.50643,87,,47400,40300
643213,Katary,11.3255,76.73479,87,,46900,39900
456776,Runija,23.14904,75.33027000000001,87,,20000,17000
682023,Vaduthala,10.01877,76.27136999999999,87,,47000,39900
396360,Gandevi,20.81465,73.023205,87,,21500,18300
484555,Nowrozabad,23.322355,80.86371,87,,13100,11100
759013,Dhenkanal R S,20.640225,85.603575,87,,14900,12700
682024,Edapally,10.027225,76.306575,87,,47100,40100
682040,Nettoor,9.92945,76.314455,87,,46800,39800
261125,Husainganj,27.545115000000003,80.70176000000001,87,,15700,13300
733101,Balurghat,25.22458,88.76655,87,,15900,13500
572221,Mayasandra,13.076995,76.747825,87,,23900,20300
572227,Turuvekere,13.135815,76.666245,87,,23900,20300
247120,Babail Buzurg,30.08704,77.61205,87,,20400,17300
854338,Bhimnagar Bairrage,26.479555,86.94536,87,,16700,14200
854339,Balua Bazar,26.4195,87.011465,87,,16500,14000
854340,Birpur,26.516435,87.02318,87,,16700,14200
123500,Fauladpur,27.991311385811468,76.45308320271185,87,,32200,27400
123503,Pataudi,28.26068469079272,76.7849340720306,87,,31800,27000
D163852,"Ratlam, Madhya Pradesh · D163852",23.50222,74.9551534,87,,26600,22600
572211,Ammasandra,13.297835,76.757155,87,,23900,20300
572213,Chandrashekarapura,13.134835,76.91267500000001,87,,23800,20300
572216,Gubbi,13.279025,76.9533,87,,23900,20300
572217,Honnavalli,13.3613,76.41103,87,,23800,20300
D896586,"Yavatmal, Maharashtra · D896586",20.0638677,78.3565663,86,,26300,22300
613103,Thiruppanthuruthi,10.8559,79.07762500000001,86,,23000,19600
572228,Kandikere,13.52867,76.617795,86,,23800,20200
682303,Ambalamedu,9.99221,76.380095,86,,46100,39200
682021,Thrikkakara,10.03783,76.34627,86,,46500,39500
643218,Kullakamby,11.266865,76.773315,86,,46100,39200
643220,Mangorange,11.493235,76.30345,86,,46200,39300
521401,Penugolanu,17.009695,80.43797,86,,30000,25500
484669,Jaitpur,23.449495,81.64958,86,,18000,15300
758083,Hatadihi,21.155265,86.24216,86,,18100,15300
451881,Khetia,21.787255,74.62640999999999,86,,20000,17000
D470467,"Bhopal, Madhya Pradesh · D470467",23.4839759,77.3928507,86,,26100,22200
306703,Desuri,25.275065,73.571465,86,,18700,15900
682020,Kadavanthara,9.961875,76.30362500000001,86,,46000,39100
395011,Puna Kumbharia,21.2048,72.88077,86,,32000,27200
321607,Laxman Garh,27.34827,76.91545500000001,86,,34400,29300
612302,Swamimalai,10.95275,79.334045,86,,22700,19300
682019,Vyttila,9.96941,76.31566000000001,86,,45900,39000
465683,Pachore,23.741255,76.727645,86,,16000,13600
670309,Kunhimangalam,12.07793,75.23080999999999,86,,26500,22500
395001,Nanpura,21.181535,72.815955,86,,32200,27300
395003,Surat,21.199045,72.83079000000001,86,,32100,27300
D731829,"Tiruchirappalli, Tamil Nadu · D731829",10.8504608,78.724533,86,,26100,22200
177206,Oel,31.606115,76.086935,86,,30100,25600
486666,Majauli,24.054045,81.69038499999999,86,,14800,12500
486669,Madwas,24.051405000000003,81.9658,86,,14700,12500
274509,Salaempur,26.301485,83.937065,86,,14400,12300
274408,Tarkulwa,26.64304,83.91757,86,,14500,12300
222001,Jaunpur,25.765035,82.68918,86,,14800,12600
606806,Pavithiram,12.082635,79.12651,86,,20800,17700
676562,Kuttayi,10.82805,75.902925,86,,26700,22700
143527,Harchowal,31.76668,75.46091,86,,28200,23900
843117,Rampur Hari,26.2711,85.414535,86,,19100,16200
481990,Shahpura Niwas,23.19051,80.62724499999999,86,,9400,8000
301028,Bahadurpur,27.64683,76.72377499999999,86,,34400,29200
301410,Tehla,27.229295,76.400095,86,,34400,29200
143516,Qadian,31.81124,75.39054999999999,86,,28100,23900
403602,Fatorda,15.29555,73.971565,86,,37700,32100
390002,Fateganj,22.32799,73.18492,86,,27700,23600
301030,Matasya Ind. Area,27.50488,76.679095,86,,34400,29200
301403,Harsauli,27.88933,76.634375,86,,34400,29200
301404,Khairthal,27.761825,76.621015,86,,34400,29200
483880,Kymore,24.03834,80.61039500000001,86,,14000,11900
301408,Rajgarh,27.23052,76.6214,86,,34400,29300
691509,Kuzhimathicaud,8.94243,76.719525,86,,35500,30100
641011,Saibaba Mission,11.02398,76.94245,86,,40800,34700
691577,Mukathala,8.90619,76.65827,86,,35500,30200
301411,Tizara,27.93245,76.85303,86,,34400,29300
301413,Garhi Sawai Ram,27.24104,76.79737,86,,34400,29300
841435,Guthni,26.1521,84.06065,86,,17800,15100
768004,Budharaja,21.4868,83.982395,86,,30000,25500
301001,Alwar,27.530595,76.619725,86,,34400,29200
742401,Salar,23.79811,88.08663,86,,17300,14700
742305,Jalangi,24.14995,88.676665,86,,17100,14500
301018,Khazuri Bass,28.1527,76.79404500000001,86,,34500,29300
301021,Barodameo,27.457265,76.88165000000001,86,,34400,29300
301022,Thanagazi,27.340755,76.31651500000001,86,,34400,29200
515651,Medapuram,14.32029,77.73569,86,,26800,22700
473880,Narwar,25.639945,78.07156,86,,10800,9200
691512,Odanavattom,8.945889999999999,76.768025,86,,35300,30000
691515,Nallila,8.929345000000001,76.70701,86,,35600,30300
691532,Valakom,8.947515,76.83729,86,,35500,30200
306021,Auwa,25.58918,73.641165,86,,18600,15900
641002,Rathinasabapathy Puram,11.010665,76.94876,86,,40800,34700
641009,Ramnagar Coimbatore,11.008915,76.962605,86,,40800,34700
172026,Anni,31.477325,77.39486,86,,20400,17300
754006,Mundali Colony,20.44306,85.75201,86,,20500,17500
206123,Baralokpur,26.904475,79.21079,86,,13800,11700
841411,Ishuwapur,26.012120000000003,84.804325,86,,13400,11400
841414,Khaira,25.84265,84.760765,86,,13500,11400
742306,Sagarpara,24.25789,88.67353,86,,17100,14600
301023,Vijay Mandir,27.67614,76.600505,86,,34300,29200
301024,Narainpur,27.55164,76.305,86,,34400,29300
622203,Perungalur,10.52383,78.955055,86,,19400,16500
742201,Aurangabad,24.59635,88.03682,86,,17100,14500
626137,Pillayarkulam,9.442585,77.6351,86,,24100,20500
570001,Mysuru,12.328986,76.6635208,86,,31300,26600
754218,Batipada,20.640385,86.548775,86,,13300,11300
841441,Baghibazar,26.55767,84.211265,86,,17200,14600
626118,M.Reddiapatti,9.42454,78.20761999999999,86,,24000,20400
682012,Pachalam,10.00374,76.27906999999999,86,,45900,39000
641050,Malumichampatti,10.92075,77.001165,86,,40800,34600
472115,Khargapur,24.79442,79.15765,86,,11400,9700
143517,Bhattian,31.842005,75.503545,86,,28100,23800
711322,Panchla,22.54254,88.13265,86,,28500,24200
464337,Pathari,23.96326,78.204705,86,,17000,14500
464551,Raisen,23.258025,77.74915,86,,19700,16800
464651,Salamatpur,23.425005,77.712485,86,,19500,16600
464668,Bareli,22.938205,78.17727500000001,86,,19800,16800
464671,Khargone,23.112805,78.37776,86,,19700,16700
464770,Udaipura,23.09235,78.60122,86,,19700,16800
464774,Deori,23.14872,78.699885,86,,19500,16600
464221,Ganjbasoda,23.896715,77.925855,86,,17000,14400
301405,Kishan Garh Bass,27.817345,76.79002,86,,34400,29200
209205,Sheorajpur,26.66226,80.13492500000001,86,,16900,14300
143505,Batala,31.8214,75.20303,86,,28100,23900
305206,Saradhana,26.350205,74.55022,86,,22200,18900
614617,Ammapattinam,10.016565,79.22211,86,,19300,16400
614630,Attani,10.12224,79.16118499999999,86,,19400,16500
464665,Badi,23.06215,78.2008,86,,19900,16900
462039,Trilanga,23.17939,77.440695,86,,24800,21100
641024,Sundarapuram,10.95609,76.97059,86,,40600,34500
641029,Gnanambika Mills,11.067915,76.948865,86,,40800,34700
641110,Vaiyampalayam,11.139245,77.00254000000001,86,,40800,34700
175050,Marhi,31.824655,76.704485,86,,25400,21600
464001,Vidisha,23.5323,77.96542,86,,17000,14400
464114,Lateri,24.12124,77.42865,86,,17000,14400
765015,Kashipur,19.302945,83.09385,86,,15900,13500
313708,Nandeshma,24.79008,73.33562,86,,22700,19300
524342,Dachur,14.426165,79.598985,86,,22800,19400
581403,Nilekani,14.612,74.73333500000001,86,,24100,20500
754200,Bahugram,20.48547,86.001275,86,,20500,17400
784189,Karsontala,26.7421,92.97763,86,,17400,14800
274506,Majhauli Raj,26.290415000000003,83.97194999999999,86,,14500,12400
742223,Jangipur Barrage,24.51713,88.03847,86,,17100,14500
813102,Banka,24.8328273,86.8161114,86,,17500,14800
301025,Nogaon,27.675255,76.88379,86,,34500,29300
301026,Ramgarh,27.58068,76.858025,86,,34400,29200
301027,Pratap Garh,27.251665,76.224305,86,,34400,29300
827001,Bokaro Steel City,23.67441,86.11554000000001,86,,19700,16800
321633,Mauj Pur,27.35398,76.76883,86,,34400,29300
680565,Peringottukara,10.412775,76.13253,86,,37000,31400
680566,Nattika,10.420134999999998,76.097055,86,,36900,31400
680567,Valapad,10.398205,76.11056500000001,86,,36900,31400
480106,Sausar,21.64872,78.85045,86,,23600,20000
444407,Pinjar,20.59117,77.246915,86,,19000,16100
673016,Kuthiravattom,11.26495,75.81628,86,,30200,25700
521185,Nandigama,16.732255,80.269765,86,,30000,25500
209720,Bishungarh,27.112070000000003,79.41219000000001,86,,14000,11900
321613,Rasidpur,27.110915,76.90823,86,,21200,18000
755017,Sujanpur,20.77023,86.29368,86,,14800,12500
262901,Bhira,28.3753,80.51075499999999,86,,15300,13000
262902,Pallia,28.472735,80.60331500000001,86,,15300,13000
486884,Nigahi Project,24.1244,82.620255,86,,14800,12600
755001,Jajpur,20.849645,86.32618,86,,14700,12500
524319,Kammapalem,14.60958,79.96837500000001,86,,23000,19600
177204,Daulatpurchowk,31.766215,76.022825,86,,30300,25800
177205,Ambota,31.662575,76.06697,86,,30200,25700
221706,Ratan Pura,25.93292,83.72052,86,,14700,12500
686521,Pampady South,9.54715,76.656275,86,,37800,32100
581301,Karwar,14.812585,74.131845,86,,23800,20200
517127,Murukambattu,13.27228,79.12838500000001,86,,27200,23100
632314,Kunnathur Arni,12.72599,79.24151,86,,20700,17600
741181,Paglachandi,23.735925,88.31772000000001,86,,16300,13800
143413,Bundala,31.55011,75.00123500000001,86,,26300,22400
642108,Iyerpadi,10.359315,76.97769,86,,40700,34600
785636,Selenghat,26.766295,94.51241,86,,23000,19600
608502,Parangipettai,11.516005,79.750925,86,,19700,16700
607301,Kullanchavadi,11.598195,79.65624,86,,19700,16700
143204,D.B.J.Singh,31.556725,75.335215,86,,26600,22600
801503,Danapur Cantt,25.651105,85.015895,86,,19900,16900
606611,Somasipadi,12.246095,79.140895,86,,20700,17600
503102,Jangampalli,18.262645,78.382115,86,,16900,14400
503110,Rajampet,18.224705,78.258715,86,,17100,14500
262904,Sampurna Nagar,28.5614,80.41514000000001,86,,15300,13000
686006,Nattassery S H Mount,9.60728,76.53686,86,,37800,32100
686012,Pakkil,9.559675,76.525335,86,,37600,31900
832107,Sundarnagar,22.69296,86.20100500000001,86,,21600,18400
415401,Aitawade BK,16.94587,74.20150000000001,86,,23900,20300
641018,Coimbatore Central,11.00384,76.976065,86,,40800,34700
503125,Bibipet,18.207875,78.52584,86,,17100,14500
D577760,"Mandla, Madhya Pradesh · D577760",22.6871074,80.5816341,86,,25900,22000
396110,Bigri,20.746405000000003,72.92874499999999,86,,21100,17900
533252,Antarvedipalem,16.368949999999998,81.769305,86,,25400,21600
415305,Kadepur,17.310865,74.40327500000001,86,,23900,20300
415306,Kargani,17.317565000000002,74.87886499999999,86,,23800,20200
679340,Cherukara,10.922035,76.23870500000001,86,,26900,22800
533240,D.Gannavaram,16.580475,81.89142000000001,86,,25400,21600
415415,Warnavati Vasahat,17.137655000000002,73.88858,86,,23700,20200
301416,Rampur,27.60828,76.420805,86,,34400,29200
301604,Govind Garh Alwar,27.503575,76.99594,86,,34500,29300
679341,Talekode,10.968855,76.32199,86,,26800,22800
679339,Vaniyambalam,11.20002,76.264235,86,,27000,23000
306912,Tagatgarh,25.325185,73.018485,86,,18800,15900
261502,Isanagar,27.83909,81.23021,86,,15300,13000
685533,Vandiperiyar,9.527360000000002,77.11021500000001,86,,36100,30700
521201,Nuzvid,16.79232,80.84708,86,,30000,25500
521202,APIIIT,16.789405000000002,80.80993000000001,86,,30000,25500
301414,Dhigawara,27.31601,76.625,86,,34400,29200
396530,Degam,20.819545,73.09268499999999,86,,21100,17900
852221,Sour Bazar,25.8330757,86.6143751,86,,17300,14700
175040,Dharampur,31.804275,76.77809,86,,25300,21500
175042,Rakhoh,31.6875,76.708485,86,,25500,21700
395008,A. K. Road,21.22174,72.84643,86,,32200,27300
572218,Huliyar,13.61282,76.58269,86,,23800,20200
855102,Barsoi,25.56044,87.97978,85,,14700,12500
855105,Durgaganj,25.696545,87.66284999999999,85,,14700,12500
855114,Sonali,25.62338,87.71634,85,,14700,12500
D552582,"Sangrur, Punjab · D552582",30.135717,75.8533326,85,,25500,21700
484774,Beohari,24.030105,81.285665,85,,17600,15000
221110,Basant Nagar,25.253145,83.062175,85,,15500,13200
396590,Unai,20.825665,73.372705,85,,20900,17800
521333,Kaikalur,16.56812,81.24694,85,,29400,25000
321609,Mahwa Road,27.16136,76.866055,85,,20900,17800
612204,Tirunageswaram,10.958745,79.4333,85,,22300,19000
612103,Tirupuvanam,10.986515,79.420345,85,,22300,19000
177212,Ghanari,31.686265,76.03168,85,,29600,25200
486881,Jiawan,24.20976,82.28761,85,,14500,12300
172002,Arsu,31.542085,77.55548,85,,20000,17000
172023,Nirmand,31.443395,77.54523499999999,85,,20000,17000
524323,Nidiguntapalem,14.27916,80.06185500000001,85,,22500,19100
686517,Chakompathal,9.53533,76.726055,85,,37000,31400
686520,Chirakadavu,9.524415,76.79310000000001,85,,37400,31800
847213,Mdb. Bara Bazar,26.357875,86.07126500000001,85,,15000,12800
388520,Bamangam,22.30444,72.997445,85,,30600,26000
483336,Majholi,23.473135,79.90835,85,,13800,11700
517001,Chittoor,13.21814,79.11119500000001,85,,26800,22700
517002,Ctr Collectorate,13.173915,79.11422999999999,85,,26800,22800
847229,Kaluahi,26.453065,86.05986999999999,85,,15000,12700
465689,Chhapiheda,23.8739,76.45593500000001,85,,15800,13500
802136,Dumraon Textiles,25.5044834,84.1097525,85,,13600,11600
143305,Khalra,31.366265,74.61179999999999,85,,26100,22200
802113,Barkarajpur,25.68603,84.10489,85,,13600,11500
384260,Manund,23.737495,72.290805,85,,19300,16400
504102,Mudhole,19.02168,77.90971,85,,17900,15300
641606,Vijayapuram,11.09301,77.436785,85,,39500,33600
466115,Ichawar,22.985745,77.04455,85,,17900,15200
313705,Gogunda,24.7111,73.51684,85,,22200,18800
784177,Biswanathghat,26.68159,93.174515,85,,17000,14500
384170,Unjha,23.79755,72.41399999999999,85,,19400,16500
523105,Kandukur,15.18194,79.943595,85,,25000,21200
754227,Olavar,20.75284,86.63902999999999,85,,13100,11100
626129,Tiruchuli,9.53034,78.22365500000001,85,,23900,20300
764081,Lamtaput,18.57709,82.580345,85,,14300,12200
626110,Mohamed Sahibpuram,9.508105,77.55829499999999,85,,23900,20300
679307,Pulasseri,10.867005,76.18932000000001,85,,28200,24000
470661,Damoh,23.816785,79.41194,85,,12800,10900
470771,Hindoriya,23.85951,79.539265,85,,12900,11000
504103,Bhainsa,19.19498,77.927675,85,,17900,15300
754162,Kolar,20.356115000000003,86.396365,85,,14700,12500
766018,Jaipatna,19.468185,82.754955,85,,13100,11100
766023,Mahichala,19.7796,82.84508,85,,13100,11100
626101,Aruppukottai,9.510305,78.09095500000001,85,,23900,20300
754253,Bedari,20.38413,86.4281,85,,13000,11000
523332,Tarlupadu,15.646225,79.211805,85,,25200,21400
841417,Masrakh,26.125175,84.797075,85,,13400,11400
472010,Badagaon,24.54213,78.96004500000001,85,,11100,9400
813203,Kahalgaon,25.27947,87.251925,85,,18700,15900
691590,Koivila,8.987295,76.57804,85,,34600,29400
691601,Perinad,8.951855,76.60385,85,,34700,29500
691602,Kanjavely,8.952745,76.58624,85,,34700,29500
682013,Thevara,9.934395,76.298665,85,,45100,38400
843115,Piar,26.049415,85.61182500000001,85,,19000,16100
626112,Palayampatti,9.48036,78.070225,85,,24000,20400
626113,Pandalgudi,9.393505,78.110355,85,,23900,20300
523265,Mundlamur,15.849015,79.819665,85,,25100,21300
209745,Roshnabad,27.496115,79.49269,85,,12800,10900
520015,Azitnagar,16.55081,80.64179,85,,29400,25000
209738,Umarda,26.854565,79.723995,85,,13700,11700
209312,Baraur,26.25544,79.87713,85,,16800,14200
222002,Jaunpur Kty.,25.743595,82.692755,85,,14500,12300
632511,Sakkaramallur,12.833655,79.48830000000001,85,,20100,17100
632317,Sathiyaviziyanagaram,12.695915,79.316415,85,,20200,17100
483773,Badwara,23.667855,80.608125,85,,13900,11800
623529,Thangachimadam,9.27745,79.26856000000001,85,,26200,22200
623608,Parthibanur,9.564265,78.45345,85,,26100,22200
623522,Panaikulam,9.383035,78.93598,85,,26200,22300
623524,Pudumadam,9.27809,78.999295,85,,26300,22300
691581,Sakthikulangara,8.933254999999999,76.550895,85,,35000,29800
691582,Neendakara,8.95385,76.54145,85,,34600,29400
691584,Chavara South,8.95955,76.566195,85,,34600,29400
768031,Ambabhana,21.629595,83.49756500000001,85,,19300,16400
768001,Sambalpur,21.469615,83.98324,85,,29700,25200
768003,Khetrajpur,21.481335,83.96036,85,,29600,25200
767025,Patnagarh,20.786345,83.18894499999999,85,,19800,16800
480449,Eklehra,22.230695,78.670745,85,,23000,19600
682015,Perumanur,9.951325,76.290855,85,,45600,38800
518225,Erukalacheruvu,15.548605,77.741725,85,,21600,18400
518302,Adoni Arts College,15.638085,77.2745,85,,21700,18500
825102,Dhori,23.81533,85.97441,85,,19300,16400
679326,Melattur,11.04244,76.28734499999999,85,,26500,22500
679331,Edakkara-nilambur,11.381905,76.315185,85,,26500,22600
841412,Jalalpur Bazar,25.889255,84.70141,85,,13300,11300
841415,Khodaibagh,25.86745,84.82106,85,,13400,11400
841402,Aphar,25.91739,84.9484,85,,13300,11300
841403,Baniapur,25.98483,84.69108,85,,13400,11400
487225,Amgaon Bada,22.817975,79.08384000000001,85,,16000,13600
487661,Sainkheda,22.96707,78.59327,85,,16000,13600
487881,Sali Choka Road,22.763215,78.688545,85,,16000,13600
210428,Majhagawan,25.62105,79.432105,85,,16500,14000
462044,Suraj Nagar,23.161455,77.321235,85,,24500,20800
360520,Dhrafa,22.09767,70.169525,85,,23200,19700
360530,Jamjodhpur,21.996775,70.02658500000001,85,,23000,19500
360531,Vansjalia,21.85021,69.96027000000001,85,,23000,19500
361003,Aerodromme,22.47243,70.02145999999999,85,,22900,19500
360480,Paneli,21.905455,70.17264,85,,23200,19700
360515,Verad,22.03611,69.877775,85,,23000,19600
690523,Thazhava,9.08717,76.567125,85,,34900,29700
361004,Udyognagar,22.42912,70.047595,85,,23000,19600
828111,Jharia,23.755775,86.418385,85,,25300,21500
826004,Indian School Of Mines,23.824855,86.47095999999999,85,,25300,21500
827003,Sector- III,23.65902,86.149025,85,,19300,16400
590019,Belgaum Doordarshan Nagar,15.87879,74.49597,85,,18200,15500
222136,Jalalpur,25.57923,82.74539,85,,14500,12300
680570,Vadakkummuri,10.427335,76.1179,85,,36500,31000
680571,Kilakkummuri,10.43292,76.151515,85,,36400,31000
140307,Landran,30.66465,76.637385,85,,24700,21000
680569,Talikulam,10.448075,76.086885,85,,36500,31000
209651,Mohamdabad,27.30946,79.45421,85,,12700,10800
673576,Vythiri,11.54332,76.014985,85,,22400,19000
444502,Vadegaon,20.606070000000003,76.85915,85,,18500,15700
442304,Allipur,20.566495000000003,78.714845,85,,21300,18100
442707,Ashti,19.6741,79.875235,85,,20400,17400
609810,Tiruvalangadu,11.052915,79.53130999999999,85,,22300,19000
755012,Mashra,20.709785,86.456475,85,,14500,12300
757030,Kuliana,22.06085,86.64812,85,,16000,13600
757031,Shirsa,22.212285,86.634455,85,,16100,13700
262804,Mohammadi,28.00363,80.23135500000001,85,,15200,12900
686020,Kiliroor North,9.56053,76.482955,85,,37400,31800
503145,Sadasivanagar,18.42807,78.22763499999999,85,,16700,14200
503111,Kamareddy,18.319815,78.33558,85,,16800,14300
503112,Kamareddy RS,18.332795,78.392065,85,,16700,14200
781330,Simla,26.75132,91.198075,85,,16300,13900
534156,Duvva,16.784545,81.61912000000001,85,,26300,22400
503164,Indalwai RS,18.54793,78.26874000000001,85,,16700,14200
306023,Ranawas,25.78248,73.9101,85,,18400,15600
517589,Nagalapuram,13.41462,79.795635,85,,26900,22900
522660,Nuzendla,15.91509,79.77932,85,,26600,22600
415408,Shirala,17.0,74.09967,85,,23200,19700
832104,Mosabani Mines,22.428330000000003,86.39503500000001,85,,21000,17900
415402,Bilashi,17.00436,74.02798999999999,85,,23200,19700
680009,Thrissur Engg College,10.55462,76.22441,85,,36800,31300
680302,Alagappanagar,10.435105,76.292455,85,,36600,31100
415307,Khanapur,17.26959,74.76471000000001,85,,23400,19900
415308,Kharsundi,17.360599999999998,74.78372,85,,23100,19600
415309,Lengare,17.34228,74.639005,85,,23100,19700
533254,Lakkavaram,16.42558,81.874875,85,,24800,21100
533260,Velangi,16.86723,82.1104,85,,24800,21100
533248,Ponnamanda,16.44558,81.917995,85,,24800,21100
533249,Tatipaka,16.514400000000002,81.879265,85,,24500,20900
415414,S S K Sakharale,17.06854,74.293875,85,,23200,19700
415301,Atpadi,17.42577,74.88907499999999,85,,23500,20000
415302,Bhavaninagar,17.16395,74.297695,85,,23100,19700
361008,Patel Colony,22.4922,70.0555,85,,23000,19500
361010,Vadinar,22.38568,69.708415,85,,23000,19600
361012,Chela,22.308445,70.088725,85,,23000,19500
679571,Kuttippuram,10.859705,76.03338500000001,85,,26400,22500
176403,Damtal,32.147925,75.68381,85,,25700,21800
503114,Gandhari,18.416465,78.09856500000001,85,,16700,14200
503120,Yerrapahad,18.325845,78.20876,85,,16700,14200
503122,Yellareddy,18.214585,78.01167,85,,16800,14300
760004,Medical College,19.314275,84.811845,85,,14100,11900
572130,Kunigal,12.97061,76.993595,85,,23400,19900
517370,Beerangi Kothakota,13.658225,78.25273,85,,27000,23000
457777,Thandla,23.053215,74.52051,85,,9200,7800
210001,Banda,25.483355000000003,80.314615,85,,12600,10700
451115,Barwaha,22.367205,76.072295,85,,24300,20700
613005,Raja Serfoji Govt College,10.741505,79.11071,85,,22600,19200
396521,Chikhli,20.726415,73.067485,85,,20700,17600
572141,Y N Hoskote,14.26365,77.20694,85,,23400,19900
D690011,"Jalaun, Uttar Pradesh · D690011",26.1048633,79.3919136,85,,25500,21700
757073,Nalagaja,21.847785,87.055835,84,,15900,13500
783360,Gossaigaon,26.4912104,90.1215209,84,,14700,12500
679309,Vilayur,10.892465,76.178585,84,,27500,23400
424305,Nizampur,21.12617,74.37321,84,,19200,16300
591128,Uchgaon,15.892465,74.408965,84,,18000,15300
679327,Tuvvur,11.138185,76.28312,84,,25700,21900
679328,Wandoor,11.1969,76.218265,84,,25700,21900
813204,Ekchari,25.19672,87.214195,84,,18300,15600
635201,Barur,12.289535,78.33302499999999,84,,22400,19000
635202,Kambainallore,12.195935,78.28259,84,,22400,19100
635205,Periyanahalli,12.241255,78.20417499999999,84,,22500,19100
635301,Bommidi,11.958965,78.23495,84,,22500,19100
635302,Buddireddipatti,12.044545,78.33069499999999,84,,22400,19100
517415,Baireddipalle,13.102525,78.582605,84,,26500,22600
517424,Venkatagirikota,12.99009,78.53383,84,,26400,22500
685609,Thankamany,9.858445,77.038165,84,,35100,29900
784147,Deomornoi,26.51285,91.901435,84,,17300,14700
741245,Madanpur,22.99428,88.489855,84,,15600,13300
741249,Subarnapur,22.966285,88.56841,84,,15600,13300
425444,Mandana,21.56741,74.67366,84,,12800,10900
590009,Belgaum Records MLI,15.88402,74.49861,84,,17800,15100
691312,Eroor,8.935875,76.977115,84,,34200,29000
590016,Belgaum Shivaji Nagar,15.866865,74.52849499999999,84,,17800,15100
691500,West Kallada,9.019355,76.635705,84,,34400,29200
691501,Kundara,8.96482,76.681355,84,,34200,29100
691502,East Kallada,9.004365,76.6457,84,,34300,29200
691503,Mulavana,8.986049999999999,76.66509500000001,84,,34200,29100
691504,Perumpuzha,8.937345,76.67754,84,,34500,29300
741151,Dhakshinpara,23.378545,88.57503,84,,15500,13200
784184,Gingia,26.860905,93.250465,84,,16600,14100
827013,Chas,23.58275,86.24533,84,,18900,16100
828114,Katras Bazar,23.82485,86.27654,84,,24800,21100
361005,Digvijay Plot,22.43567,70.09086500000001,84,,22800,19400
827006,Sector-VI,23.67365,86.17183499999999,84,,19000,16100
691505,Ezhukone,8.98072,76.72616,84,,34400,29200
691506,Kottarakara,8.99805,76.767955,84,,33900,28800
686016,Kumaranalloor,9.621705,76.53965500000001,84,,36300,30800
686007,Pallom,9.52389,76.50145,84,,36900,31300
686104,Kurisummoodu,9.465915,76.54558,84,,36500,31100
456771,Barnagar,22.983205,75.41942,84,,18900,16100
757028,Baisinga,21.634625,86.91174000000001,84,,15700,13400
731201,Ahmadpur,23.819325,87.71036,84,,16100,13700
690528,Vavvakkavu,9.103715,76.51900499999999,84,,33900,28800
361110,Aliabada,22.448105,70.232575,84,,22800,19400
176325,Samleu,32.62702,75.923975,84,,20000,17000
690519,Mynagappally,9.04697,76.572575,84,,33900,28800
690522,Sooranad,9.09205,76.63381,84,,34400,29300
784175,Sootea,26.74747,93.049265,84,,16800,14200
313601,Vallabhnagar,24.693785,74.05663,84,,21700,18400
641032,Othakkalmandapam,10.85859,76.94927,84,,38700,32900
176501,Sansarpur Terrace,31.916885,75.95536,84,,25200,21400
781329,Nityananda,26.58475,91.21781,84,,16100,13700
465669,Narsinghgarh,23.70431,77.10881,84,,15600,13200
148023,Malerkotla,30.521745,75.92645,84,,23800,20300
679338,Kolathur-MLP,10.94293,76.12367499999999,84,,25900,22000
679573,Tavanur,10.829075,75.98604,84,,26100,22100
585401,Bidar,17.91787,77.51049499999999,84,,12900,10900
533253,Malikipuram,16.424475,81.79547,84,,24300,20700
415304,Kadegaon,17.33253,74.31797,84,,23100,19600
415310,Mahuli,17.385655,74.586025,84,,22900,19500
415413,Borgaon,17.10063,74.33854,84,,22700,19300
415303,Devrashtra,17.198535,74.35161,84,,23100,19600
533001,Kakinada,16.952325000000002,82.23915,84,,24300,20600
678601,Alanallur,11.052495,76.366795,84,,27400,23300
415407,Peth,17.03405,74.187675,84,,22900,19500
415410,Wategaon,17.10002,74.15614500000001,84,,22900,19500
415313,Takari,17.136815,74.3552,84,,22700,19300
415315,Dighanchi,17.538365,74.92195000000001,84,,23000,19500
680502,Choondal,10.626965,76.09845,84,,35600,30300
415403,Kameri,16.99267,74.281925,84,,23000,19600
415405,Kokrud,17.05658,73.991685,84,,22800,19400
762105,Kothagarh,19.786295000000003,83.74000000000001,84,,12100,10300
762107,Tumudibandha,19.98003,83.66973,84,,12100,10300
762109,Kurtamgarh,20.091875,83.76829000000001,84,,12100,10300
522201,Tenali,16.23398,80.671645,84,,26300,22300
388530,Bhadran,22.30334,72.885025,84,,30200,25700
460449,Pathakheda,22.137935,78.14026,84,,11900,10100
571603,Mirle,12.533385,76.34016,84,,30200,25600
635303,Kadathur,12.09408,78.28524,84,,22500,19100
635305,Morappur,12.100805,78.388255,84,,22400,19000
390006,Fatepura,22.310045,73.216295,84,,26600,22700
522661,Muppalla,16.254665,79.850745,84,,25800,22000
332026,Nechhwa,27.645205,74.834415,84,,22300,18900
801104,Bikram,25.43275,84.845045,84,,19200,16300
413544,Shirur Anantpal,18.3123,76.829645,84,,24300,20700
243004,ITBP Bareilly,28.281275,79.4094,84,,15600,13300
680563,Ammadam,10.465915,76.187265,84,,35900,30500
140301,Kharar,30.74948,76.6464,84,,24300,20700
753014,Avinab Bidanasi,20.480975,85.81507,84,,20000,17000
754119,Machhagaon,20.04321,86.345785,84,,14400,12200
206255,Malhosi,26.775185,79.704405,84,,11700,9900
841424,Taraiya,26.081525,84.90606,84,,13100,11100
841460,Bhatha Sonho,25.94731,84.992365,84,,13100,11100
143526,Dorangla,32.10707,75.275335,84,,27000,22900
143531,Dinanagar,32.09914,75.495665,84,,27300,23200
841419,Mirzapur,25.929375,84.84652500000001,84,,13100,11200
209821,Maurawan,26.46588,80.92434499999999,84,,13600,11500
143520,Sohal,32.024874999999994,75.305935,84,,27100,23000
515581,Talupula,14.256585,78.32235,84,,25400,21600
486338,Raghunathganj,24.65652,81.64863,84,,19000,16100
486440,Laxmanpur,24.648825,81.34716,84,,18700,15900
486661,Sidhi,24.361635,81.87232,84,,14200,12000
636352,Thoppur,11.94185,78.04095,84,,22500,19200
444511,Alegaon,20.35899,76.8446,84,,18300,15600
486887,Amlori Project,24.10693,82.58851999999999,84,,14200,12100
673316,Kariyad South,11.690905,75.57518999999999,84,,25600,21700
632301,Arni,12.67033,79.27856,84,,19700,16800
481996,Sijhora,22.38888,80.95438,84,,8100,6900
523273,Peridepi,15.420995,79.91859,84,,24300,20700
481885,Niwas,23.00239,80.40115499999999,84,,8200,6900
680601,Velur Thrissur,10.629705,76.16438,84,,36000,30600
480999,Kahani,22.5892,79.83948,84,,13600,11500
462030,Bairagarh,23.26549,77.25995499999999,84,,23900,20300
462031,3 EME Centre,23.29162,77.31705,84,,24100,20500
754222,Chaudakulat,20.583075,86.475125,84,,12900,11000
754223,Karilopatna,20.462245000000003,86.378,84,,12700,10800
462003,C.T.T.Nagar,23.224625,77.39113499999999,84,,24000,20400
486890,Jayant Colliery,24.13657,82.65706,84,,14200,12100
144101,Patara,31.31936,75.67907,84,,28100,23900
754293,Lemalo,20.410025,86.19393500000001,84,,20100,17100
201308,Knowledge Park III,28.475205180457223,77.49237637383759,84,,25000,21300
518395,Alur,15.417575,77.27236500000001,84,,21400,18200
691543,Kaithacode,9.023155,76.68225,84,,34300,29200
691553,Kadambanad South,9.08023,76.691975,84,,34300,29100
691583,Chavara,8.991795,76.54047,84,,34500,29300
641010,Perur,10.94959,76.895645,84,,39300,33400
641012,Tatabad,11.021975,76.96383,84,,38800,33000
691585,Mukundapuram,8.979009999999999,76.555865,84,,34500,29300
691511,Vellimon,8.956150000000001,76.645825,84,,34500,29300
691521,Kulakada,9.065925,76.73903999999999,84,,34000,28900
782402,Sonapur,26.07356,91.92611,84,,16300,13800
517128,Iruvaram,13.167575,79.037065,84,,26600,22600
757017,Mantri,21.652435,86.82725500000001,84,,15600,13300
854330,Kasba,25.90656,87.567735,84,,15300,13000
854337,Ranipatra,25.672285,87.56635,84,,15200,13000
855113,Salmari,25.559145,87.821925,84,,14500,12300
D754715,"Patiala, Punjab · D754715",30.2092778,76.3397231,84,,25100,21300
D270808,"Katni, Madhya Pradesh · D270808",23.7176393,80.2610181,84,,25000,21300
793003,Laitumkhrah,25.561895,91.89176,83,,28900,24500
670649,Ummenchira,11.779665,75.50094,83,,25300,21500
484887,Igntu Amarkantak,22.81498,81.71233000000001,83,,15200,12900
484886,Amarkantak,22.744045,81.6522,83,,15200,12900
757002,Bhanjpur,21.950395,86.733485,83,,15400,13100
484881,Rajendragram,22.972665,81.43662,83,,15200,12900
143414,Sarai Amant Khan,31.49446,74.67802,83,,24800,21100
641109,Thondamuthur,10.995785,76.78972,83,,38400,32700
533244,Sivakodu,16.454565,81.83207,83,,23800,20200
533261,Chelluru,16.835430000000002,81.984595,83,,23800,20300
641039,Telungupalayam,10.993615,76.925745,83,,38300,32500
503123,Domakonda,18.257045,78.461385,83,,16200,13800
503124,Lingampet,18.252665,78.148015,83,,16100,13700
456337,Piploda  Baghla,23.28138,75.474945,83,,18600,15800
690520,Poruvazhy,9.077665,76.645655,83,,33500,28500
690526,Ochira,9.12938,76.52163,83,,33900,28800
177201,Gagret,31.644615,76.05292,83,,28700,24400
600083,Ashoknagar,13.035485,80.20818,83,,40600,34500
601103,"Thiruvallur, Tamil Nadu",13.2537619,80.0562572,83,,24800,21100
781352,Bhowanipur,26.437945,91.085365,83,,15800,13400
503165,Darpalli,18.56093,78.488475,83,,16000,13600
581402,Sirsi Market,14.730525,74.810855,83,,22800,19400
583114,Hatcholi,15.73432,77.028735,83,,28400,24200
711414,Maju,22.596705,88.089875,83,,27000,22900
462023,Govindpura,23.24903,77.450945,83,,23700,20200
221713,Chitbaragaon,25.739575,83.97879,83,,15300,13000
517004,Chittoor North,13.23246,79.06419,83,,25800,22000
523260,Valaparla,15.91961,80.032795,83,,23900,20300
144026,Lambra,31.25639,75.532005,83,,27100,23100
342311,Aau,27.16607,72.877125,83,,28400,24200
632316,Chevur,12.63387,79.30025499999999,83,,19500,16500
614616,Arantangi,10.157165,79.05324999999999,83,,18200,15400
614618,Tirupperunthurai,10.060295,79.07912999999999,83,,18100,15400
614619,Kottaipattinam,9.988105,79.18029000000001,83,,18100,15400
614805,Subramaniapuram,10.194575,79.14386,83,,18300,15600
571423,Kikkeri,12.749485,76.42617,83,,24200,20600
262802,Gola Gokaran Nath,28.12698,80.49557,83,,14600,12400
460110,Athanair,21.552145000000003,77.888455,83,,11900,10100
415311,Vite,17.263215000000002,74.55276,83,,22500,19100
679586,Ponani South,10.75362,75.93133,83,,25500,21700
680504,Koonamoochi,10.614225,76.092315,83,,35100,29900
415404,Kasegaon,17.118785000000003,74.20928,83,,22500,19200
460666,Rai Amla,21.714485,78.12624500000001,83,,11800,10000
456770,Kanasia,23.363095,76.1396,83,,18800,16000
686103,Vazhappally West,9.45815,76.514345,83,,35800,30500
415406,Nerla,17.090135,74.20342,83,,22500,19200
415409,Urun Islampur,17.088115000000002,74.291485,83,,22600,19200
689695,Pathanapuram,9.09238,76.88224500000001,83,,33700,28600
691508,Kunnicode,9.027885,76.84713500000001,83,,33500,28500
686105,Thrickodithanam,9.445835,76.57333,83,,35600,30300
403511,Saligao,15.529605,73.79545,83,,38500,32800
686008,Gandhi Nagar,9.64166,76.49937,83,,36000,30600
486448,Sirmour,24.81511,81.35701,83,,18400,15600
486553,Gurh,24.46683,81.494245,83,,18500,15800
673575,Pozhuthana,11.6361,75.97404,83,,21700,18400
444501,Patur,20.460975,76.85117,83,,18000,15300
450110,Bir,22.09546,76.60001,83,,18000,15300
444405,Mahan,20.483915,77.229615,83,,18100,15400
209311,Jainpur I A,26.360045,80.026185,83,,16000,13600
767021,Salebhata,20.93899,83.550715,83,,19000,16200
515551,Nallacheruvu,14.0002,78.17912000000001,83,,25100,21300
276129,Chiraia Kot,25.869055000000003,83.34685,83,,14000,11900
486335,Hanumana,24.70693,82.13899,83,,18500,15700
804453,Punpun,25.47211,85.09050500000001,83,,18900,16000
591156,Bhutaramanahatti,15.985415,74.520655,83,,17500,14900
606710,Paramanandal,12.416645,78.786715,83,,19400,16500
143521,Gurdaspur,32.031485,75.387565,83,,26500,22600
572133,Medigeshi,13.847275,77.20625000000001,83,,22400,19000
473995,Pichhore,25.21828,78.25651,83,,10200,8700
231220,Beena Project,24.149035,82.77103500000001,83,,13700,11600
691507,Puthur-kollam,9.04486,76.726295,83,,33900,28800
306103,Sojat  Road,25.824485,73.79951,83,,17900,15200
679582,Kaladi-MLP,10.816865,76.002955,83,,25300,21500
680564,Pazhuvil,10.41494,76.161305,83,,35000,29700
680544,Kattakampal,10.683525,76.02865,83,,34900,29700
752065,Rajsunakhala,20.14407,85.30239499999999,83,,15000,12800
752024,Chandapur,19.969625,85.40898,83,,15000,12700
752025,Gopalpur,19.96948,85.278625,83,,15200,12900
752026,Rajranpur,20.079115,85.3305,83,,15000,12800
606604,Vengikkal,12.279855,79.05429000000001,83,,19400,16500
175052,Saigaloo,31.734485,76.889995,83,,24000,20400
175124,Pandoh,31.688405,77.09176,83,,24000,20400
843112,Paroo,26.10631,85.072935,83,,18300,15500
841442,Nagra,25.91315,84.76423,83,,12900,11000
841443,Gaura,25.95575,84.77792,83,,12700,10800
752063,Bhapur,20.300185,85.29202000000001,83,,15000,12800
676303,Parpanangadi,11.04842,75.868065,83,,25400,21600
606705,Pudupalayam,12.36889,78.87972500000001,83,,19400,16500
642105,Water Falls Estate,10.402695,76.96542,83,,38500,32800
306306,Chandawal,26.02121,73.81066,83,,17900,15200
691310,Kulathupuzha,8.874590000000001,77.10589999999999,83,,33600,28500
691322,Elampal,8.990615,76.89577,83,,33700,28600
691332,Punalur Paper Mills,9.03884,76.885965,83,,33300,28300
583235,Wadderhatti,15.440655,76.431975,83,,19800,16800
590018,VTU Campus Belgaum,15.77457,74.41212,83,,17500,14900
590003,Belgaum Shahapur,15.84155,74.51771,83,,17300,14700
691333,Tholicode,8.98024,76.927315,83,,33600,28500
590006,Tilakwadi,15.838349999999998,74.47988000000001,83,,17600,14900
590008,Udyambag,15.81378,74.47765000000001,83,,17400,14800
590010,Belgaum Nehru Nagar,15.90174,74.51831999999999,83,,17600,15000
560076,Malleshwaram,13.004,77.572,83,110.0,46500,39500
590017,Belgaum MalMaruti Extension,15.887585,74.54727500000001,83,,17500,14900
691538,Vettikavala,8.990549999999999,76.84615,83,,33700,28700
691531,Pulamon,8.990794999999999,76.78646499999999,83,,33900,28800
623504,Velipattanam,9.37886,78.84621,83,,24900,21200
691557,Chengamanad Jn,9.019875,76.81725,83,,33500,28500
691560,Kalayapuram,9.04656,76.78046,83,,33700,28600
691566,Pallickal-kottarakara,9.02647,76.76531,83,,33600,28600
486114,Raipur Karchulion,24.60484,81.457195,83,,18400,15700
591113,Kakati,15.93533,74.535945,83,,17500,14800
342901,Asop,26.78847,73.536435,83,,28400,24200
518360,Yemmiganur,15.75193,77.49233000000001,83,,20900,17800
591108,Hindalga,15.828665,74.4263,83,,17600,15000
472005,Kundshwer,24.65694,78.82036500000001,83,,10700,9100
160036,Sector 36,30.728775,76.74258,83,,60500,51400
685552,Kallar,9.810905,77.20109,83,,34200,29100
679329,Nilambur,11.29806,76.207885,83,,25600,21800
755004,Binjharpur,20.701575,86.41314,83,,13900,11800
755006,Dasarathpur,20.828045,86.46242,83,,13900,11800
635703,Jamanamarathur,12.527825,78.946585,83,,19600,16600
851213,Maheshkhunt,25.4930513,86.6982264,83,,17100,14500
262803,Mailani,28.260845000000003,80.38909000000001,83,,14600,12400
262805,Sikandrabad,27.95335,80.47739,83,,14600,12500
486111,Mangawan,24.6869,81.55586500000001,83,,18400,15600
486006,Chorahata,24.4799,81.24705,83,,18400,15600
814114,Deosang B.T,24.3284257,86.7182506,83,,16800,14300
394380,Kukurmunda,21.482135,74.03219,82,,29900,25400
591131,Pariswad,15.687485,74.632515,82,,17300,14700
591147,Deshnur,15.89094,74.733765,82,,17100,14500
591122,Pachhapur,16.072525,74.685655,82,,17200,14600
591123,Ramdurg,16.00263,75.325785,82,,17100,14500
591124,Sambra,15.865655,74.578805,82,,17200,14700
591125,Sampgaon,15.80078,74.7145,82,,17100,14500
591126,Saundatti,15.755125,75.12492,82,,17100,14500
517391,Peddatippasamudram,13.752765,78.172465,82,,25400,21600
591130,Salahalli,16.084049999999998,75.222655,82,,17100,14500
517414,Royalpet,13.32878,78.717365,82,,25300,21500
685551,Vandanmettu,9.721255,77.167595,82,,33700,28700
203207,203207,28.570549319816863,77.53746379312402,82,,62300,52900
517352,Rishivalley,13.65182,78.44856,82,,25300,21500
521321,Janardhanapuram,16.510715,81.00516999999999,82,,28000,23800
735305,Bhotepatty,26.470080000000003,88.826265,82,,14500,12400
144044,Sidhwan R.S.,31.08561,75.50871000000001,82,,26700,22700
764057,Bhairabsinghpur,19.088325,82.71592000000001,82,,13400,11400
764058,Kotpad,19.10519,82.29953499999999,82,,13500,11500
765013,Laxmipur,18.97724,83.03258500000001,82,,13500,11500
486123,Manikwar,24.558405,81.621725,82,,18300,15500
486226,Chak,24.929395,81.820055,82,,18100,15400
504207,Donabanda,18.89016,79.3054,82,,16900,14300
504208,Mancherial,18.87992,79.459975,82,,16900,14400
504209,Mancherial Cement Works,18.92125,79.39083,82,,16900,14400
591120,Nandgad,15.570635,74.57369499999999,82,,17100,14500
591121,Nesargi,15.915115,74.78988,82,,17100,14500
591107,Hidkal Dam,16.133305,74.63859500000001,82,,17300,14700
591109,Hirebagewadi,15.75932,74.63824,82,,17100,14600
591110,Hirekumbi,15.687325,75.242915,82,,17100,14500
591111,Hosur,15.81311,74.98868999999999,82,,17100,14500
591127,Sureban,15.86586,75.36389,82,,17100,14500
591129,Yargatti,16.038345,75.006155,82,,17100,14500
591112,Itagi,15.65349,74.69635,82,,17100,14500
591114,Katkol,16.045005,75.15367,82,,17100,14500
591115,Kittur,15.607824999999998,74.76948,82,,17100,14600
591117,Manoli,15.88472,75.137985,82,,17100,14500
591119,Murgod,15.90824,74.93638,82,,17100,14500
518350,Kadivella,15.64196,77.454115,82,,20500,17400
623523,Periyapattinam,9.296955,78.92273,82,,24900,21100
504104,Narsapur,19.0522,78.11674,82,,16900,14300
590014,Peeranwadi,15.76322,74.50662,82,,17200,14600
590015,Kanabargi,15.90972,74.59208000000001,82,,17200,14600
176218,Khaniara,32.24199,76.38548,82,,24500,20800
176225,Tilokpur,32.248459999999994,76.08556,82,,24400,20700
590005,Belgaum M. Vadgaon,15.79617,74.531635,82,,17200,14600
176023,Jawali,32.128654999999995,76.03728000000001,82,,24500,20800
691305,Punalur,9.028715,76.90482,82,,33200,28200
691307,Edamon,8.99617,77.00907000000001,82,,33000,28000
691308,Thenmala,8.969765,77.062485,82,,32800,27900
621102,Annamangalam,11.31959,78.77178,82,,18500,15800
691331,Valacode,9.001069999999999,76.9538,82,,33000,28100
754030,Tigiria,20.463015,85.52061,82,,19300,16400
680546,Kaiparamba,10.59875,76.137455,82,,34400,29200
462047,Misord,23.160225,77.48691,82,,22900,19500
841311,Garkha,25.844115,84.881035,82,,12600,10700
841401,Amnour,25.97705,84.926805,82,,12700,10800
841404,Bagaura,26.038865,84.47263000000001,82,,16300,13900
801108,Maner,25.678895,84.915675,82,,18700,15900
801112,Lai,25.493830000000003,84.808615,82,,18500,15700
517640,Panagal,13.721445,79.68451999999999,82,,25200,21400
143203,Butala,31.611035,75.345,82,,24800,21100
143303,Bhikhiwind,31.34882,74.71728999999999,82,,24800,21100
306101,Babra,26.316525,74.256765,82,,17500,14900
591103,Balekundri,15.873024999999998,74.66298,82,,17200,14600
591153,M.K.Hubli S.F.,15.68971,74.760695,82,,17100,14500
741156,Plassey,23.77504,88.37057,82,,15100,12800
741157,Plassey Sugar Mill,23.76546,88.259465,82,,15100,12900
685618,Surianalle,10.066475,77.220445,82,,33500,28500
591104,Belvadi,15.697500000000002,74.91555,82,,17100,14600
591106,Bidi,15.532865,74.65061,82,,17100,14600
518218,Ulindakonda,15.69134,77.98618,82,,20600,17500
760002,Berhampur City,19.30468,84.73115,82,,13300,11300
760003,Gosaninuagam,19.247595,84.81238,82,,13300,11300
742407,Chaltia,24.068765,88.25505000000001,82,,15900,13500
473885,Badarwas,25.191205,77.472805,82,,10100,8600
679104,Kanniampuram,10.77491,76.362595,82,,26300,22400
591263,Bhoj,16.555619999999998,74.439795,82,,17200,14600
607308,Gandhi Nagar,11.62247,79.55533,82,,18100,15400
607801,Neyveli 1,11.59613,79.514235,82,,18100,15400
176021,Bharmar,32.164835,75.95653,82,,24500,20900
606709,Thukkapettai,12.259525,78.79421500000001,82,,19000,16200
767040,Banganmura,20.33415,82.923385,82,,18800,16000
480338,Teegaon,21.610565,78.418025,82,,21900,18600
632326,Susainagar,12.57357,79.26135,82,,19100,16300
518674,Gospadu,15.36575,78.41229,82,,20300,17200
590020,Suvarna Soudha Belgaum,15.811565,74.606065,82,,17200,14600
591101,Ankalgi,16.02733,74.73264499999999,82,,17100,14600
591102,Bailhongal,15.8311,74.80252,82,,17100,14500
686014,Olessa,9.612995000000002,76.47891,82,,35300,30000
685612,Munnar,10.150205,77.02608000000001,82,,33600,28600
456550,Ghattia,23.44557,75.8577,82,,18500,15700
689696,Piravanthur,9.071325000000002,77.03389,82,,33000,28000
482005,Khamaria,23.204975,80.051185,82,,16600,14100
460663,Dunawa,21.87891,78.46811,82,,11600,9800
175046,Pangna,31.40759,77.107035,82,,23800,20300
735204,Birpara,26.715995,89.11552499999999,82,,14600,12400
388545,Kavitha,22.442045,72.88179500000001,82,,28900,24600
673015,Beypore,11.18076,75.80477,82,,28000,23800
460661,Multai,21.78813,78.292325,82,,11500,9800
643215,Ketti,11.37634,76.72704999999999,82,,42600,36200
523274,Tangutur,15.34505,80.023125,82,,23700,20200
305205,Raj Garh,26.297585,74.61318,82,,20400,17400
735230,Baradighi,26.776535000000003,88.74695,82,,14600,12400
735233,Nathuahat,26.736495,88.91918000000001,82,,14500,12400
711226,Udaynarayanpur,22.71566,87.97119,82,,26500,22500
209881,Mohan,26.790725,80.65196499999999,82,,12900,11000
523291,Ramapatnam,15.041995,80.018045,82,,23700,20100
384160,Unava,23.75994,72.35054,82,,18300,15600
768028,Bargarh,21.33371,83.626245,82,,18200,15500
632313,Kolappalur,12.539575,79.33943500000001,82,,19300,16400
532215,Meliaputti,18.73532,84.17977,82,,22300,18900
462027,Arera Hills,23.243455,77.424115,82,,22900,19500
711301,Anantapur,22.29187,87.97904,82,,26500,22600
522018,Ponnekallu,16.422515,80.370485,82,,25100,21300
481995,Bhuabichhia,22.48988,80.715195,82,,7800,6600
764055,Ambaguda,18.990545,82.477835,82,,13500,11500
711411,Begri,22.607,88.19815,82,,26500,22500
518217,Ramalla Kota,15.572095,78.031475,82,,20500,17400
534166,Pentapadu,16.768459999999997,81.53342,82,,25300,21500
534176,Pothavaram,16.99837,81.389715,82,,25400,21600
784167,Borgong,26.83799,93.295345,82,,16300,13800
624003,Nagalnagar,10.250995,77.98992999999999,82,,24000,20400
679574,Mookkuthala,10.728025,76.00650999999999,82,,25200,21400
504215,Luxettipet,18.92596,79.21475000000001,82,,16900,14300
585213,Station Ghanagapur,17.34066,76.609955,82,,13200,11200
533262,Draksharamam,16.78337,82.08725,82,,23500,20000
148034,Ladda,30.31732,75.815465,82,,23100,19600
679357,Anamangad,10.93498,76.293865,82,,25200,21400
678597,Karimba,10.932915,76.551035,82,,26500,22500
143402,Police Lines Tarn Taran,31.464665,74.908525,82,,24700,21000
143406,Kang,31.476755,75.03391500000001,82,,24800,21000
534198,Ganapavaram,16.678905,81.392055,82,,25200,21400
110096,110096,28.60266817633609,77.34779895283803,82,,36000,30600
486115,Garh,24.769535,81.64672,82,,18300,15500
486117,Katra,24.863785,81.60886500000001,82,,18300,15600
517571,Sri Bommarajapuram,13.48949,79.49667,82,,25300,21500
394350,Sarbhon,21.04733,73.08986,82,,30100,25600
757079,Sarat,21.41504,86.373705,82,,15400,13000
394340,Madhi,21.13606,73.236545,82,,29700,25300
395004,Katargam,21.231990000000003,72.81983500000001,82,,29700,25300
394530,Mor,21.40537,72.653785,82,,30000,25500
793004,Laban,25.56197,91.869575,82,,28300,24000
643217,Kotagiri,11.47995,76.89762,81,,42100,35800
484330,Jaithari,23.0346179,81.7510255,81,,14600,12400
814148,Raghunathpur,24.067895,87.43381,81,,16600,14100
742132,Barwan,23.91877,87.95582999999999,81,,15600,13200
742133,Beldanga,23.95113,88.28830500000001,81,,15700,13300
534244,Vissakoderu,16.548344999999998,81.570405,81,,24500,20900
795113,CRPF Camp Langjing,24.7590802,93.8617365,81,,22300,18900
451221,Mandleshwar,22.262505,75.71623,81,,22500,19100
460001,Betul,21.8797472,77.8753651,81,,11400,9700
614904,Melauluvur,10.705915,79.2278,81,,20700,17600
742136,Gokarna,24.07023,88.124465,81,,15600,13300
110034,Pitampura,28.699,77.131,81,97.0,35800,30400
742122,Azimganj,24.266,88.20035,81,,15800,13400
641044,Siddhapudur,11.019405,76.975335,81,,36800,31300
641105,Madukkarai,10.87515,76.884635,81,,36800,31300
585212,Ghanagapur T,17.15965,76.493975,81,,13000,11000
585211,Chittapur,17.077755,77.106525,81,,13000,11100
534126,Alamuru,16.627035,81.6953,81,,24900,21200
678633,Katambazhipuram,10.87842,76.44644,81,,26000,22100
643214,Kattabettu,11.42072,76.81117499999999,81,,42200,35800
534195,P.N.Kolanu,16.728949999999998,81.413445,81,,24500,20800
456661,Tajpur,23.19511,75.907265,81,,18100,15400
827010,B.S.City R.S.,23.613215,86.08454,81,,17700,15100
262905,Singahi,28.34802,80.88815500000001,81,,14100,11900
613003,Vennar Bank,10.826265,79.16577,81,,21000,17800
757027,Kuamara,21.63042,86.73775,81,,15000,12700
679585,Alankode,10.75149,76.020905,81,,24500,20800
680501,Kecheri,10.63834,76.11396500000001,81,,34200,29100
631702,Mamandur Kanchipuram,12.732395,79.68484,81,,18800,16000
631701,Akkur,12.69818,79.64277,81,,18900,16000
521327,Tamirisa,16.496595,81.03484,81,,27300,23200
679322,Perintalmanna,10.96877,76.255825,81,,24400,20700
805141,Roh,24.851265,85.72847,81,,12300,10400
221701,Chilkahar,25.82132,83.981005,81,,14900,12600
209621,Aligarh,27.44963,79.669335,81,,11900,10100
486331,Mauganj,24.71,81.91253499999999,81,,17900,15200
515591,Kadiri,14.07814,78.11316500000001,81,,24200,20600
480881,Khawasa,21.75821,79.46670499999999,81,,12900,11000
364710,Botad,22.158105,71.69051999999999,81,,19800,16800
583237,Bewoor,15.59525,76.21116,81,,19200,16300
754071,Kapaleswar,20.52792,85.908355,81,,19000,16100
642107,Gomangalam,10.618835,77.115705,81,,36700,31200
144106,Adda Kathar,31.473635,75.75201999999999,81,,26600,22600
691309,Kalthuruthy,8.976984999999999,77.11746,81,,32300,27500
754031,Barambagarh,20.43375,85.32308499999999,81,,18700,15900
811104,Sarmera,25.26901,85.806115,81,,12400,10500
523286,Kothapatnam,15.46734,80.13773499999999,81,,23100,19700
480661,Seoni,22.05686,79.42139499999999,81,,13000,11100
680587,Pazhayannur,10.66859,76.42356000000001,81,,33900,28800
841418,Marhowrah,25.971215,84.86469500000001,81,,12300,10400
680591,Killimangalam,10.718975,76.31336,81,,33800,28700
306116,Falna,25.27048,73.252925,81,,17200,14600
841406,Basantpur,26.175980000000003,84.66385,81,,16200,13800
306303,Nimaj,26.19255,74.016535,81,,17200,14600
332001,Sikar,27.61284,75.14925,81,,21300,18100
332002,Dhod,27.517305,74.99937,81,,21300,18100
332024,Katrathal,27.70838,75.190955,81,,21100,18000
332025,Losal,27.3936,74.941675,81,,21300,18100
364003,Bhavnagar Para,21.759765,72.11758499999999,81,,20000,17000
606603,Sriramanashramam,12.222874999999998,79.046885,81,,19000,16100
328031,Barauli S.O (Dholpur),26.6530332,77.6241037,81,,15700,13300
306102,Sendra,26.151895000000003,74.146335,81,,17200,14600
431006,Chikalthana Industrial Area,19.864875,75.38121,81,,19700,16700
680568,Edamuttam,10.368745,76.11460500000001,81,,33800,28700
306001,Marwar Jn.,25.75643,73.59871,81,,17200,14600
680542,Pazhanji,10.68697,76.06379000000001,81,,33800,28700
231222,Shaktinagar,24.112585000000003,82.758535,81,,13200,11300
686009,Rubber Board,9.57592,76.57386,81,,34700,29500
723133,Raghunathpur,23.57835,86.74521,81,,11100,9400
612301,Pullabudangudi,10.99578,79.312325,81,,20700,17600
277001,Ballia,25.759500000000003,84.145685,81,,14800,12500
277121,Garwar,25.82861,84.043105,81,,14600,12400
614808,Kuruvapulam,10.449465,79.81473500000001,81,,20500,17400
277201,Bairia,25.743925,84.45962,81,,14900,12600
742147,Khargram,24.014925,87.98398,81,,15600,13200
742148,Lalgola,24.416205,88.263635,81,,15700,13400
742138,Bagdanga,23.95757,88.092795,81,,15700,13400
641030,Kavundampalayam Colony,11.04301,76.94144,81,,36800,31200
523279,Uppalapadu,15.3718,79.95326,81,,23200,19700
523292,Ulavapadu,15.131495,80.01234,81,,23100,19700
D450640,"Bathinda, Punjab · D450640",30.1794814,75.0471098,81,,23700,20200
394540,Olpad,21.361075,72.73119,81,,29500,25100
755015,Sankhachilla,20.862755,86.14142000000001,81,,13400,11400
518196,Akumalla,15.163285,78.18356,81,,20200,17200
793106,Balat,25.25758,91.232785,81,,27900,23700
670692,Panoor,11.77279,75.5985,81,,24300,20700
D625702,"Hamirpur, Uttar Pradesh · D625702",25.75,80.0,81,,23800,20200
394370,Nijhar,21.512345,74.22556,81,,29300,24900
306706,Lunawa,25.139075,73.310605,81,,17200,14600
534201,Bhimavaram,16.539659999999998,81.544355,81,,24500,20800
523271,Kamepalli,15.34885,79.81386499999999,81,,23100,19700
144005,Jalandhar Cantt,31.297175000000003,75.623445,81,,26200,22300
523270,Kondepi,15.440785,79.81507500000001,81,,23200,19700
523264,Tallur,15.731415,79.826735,81,,23200,19700
518216,Veldurthi,15.52601,77.945205,81,,20100,17100
473990,Khaniyadhana,25.02426,78.15429,81,,9900,8400
742301,Bharatpur,23.886065,88.09530000000001,81,,15700,13300
742238,Palsandamore,24.188865,88.147265,81,,15600,13300
742304,Islampore,24.210905,88.467345,81,,15800,13400
641004,Peelamedu,11.035,77.00724,81,,36700,31200
471001,Chhatarpur,24.928105,79.616195,81,,10100,8600
534238,Polamuru,16.618524999999998,81.63404,81,,24600,20900
804454,Nadaul,25.298855,84.99004,81,,18200,15500
782141,Puranigudam,26.3313646,92.7524763,80,,14200,12100
757001,Baripada,21.928375000000003,86.73719,80,,14700,12500
D121313,"Seoni, Madhya Pradesh · D121313",22.2748109,79.7202522,80,,23600,20000
394330,Orna,21.255925,73.10437999999999,80,,28800,24500
643219,Kundah Bridge,11.24456,76.568825,80,,41400,35200
682029,Matsyapuri,9.93216,76.280825,80,,41000,34800
679580,Perumbadappu,10.70283,75.97946999999999,80,,24000,20400
679579,Veliankode,10.72,75.95129,80,,24100,20500
802316,Sinha,25.69715,84.652005,80,,12800,10900
600086,Gopalapuram,13.049865,80.25416,80,,38400,32700
600017,Thygarayanagar,13.041845,80.23721499999999,80,,38300,32600
784166,Behali,26.78782,93.357905,80,,15600,13300
784179,Bedeti,26.84855,93.39681,80,,15600,13300
827012,Marafari Colony,23.63574,86.1374,80,,17600,15000
854202,Banmankhi,25.7806118,86.9364753,80,,14300,12100
678621,Kanjikode,10.828905,76.77830499999999,80,,25400,21600
394410,Mota Miya Mangrol,21.478825,73.12541999999999,80,,28900,24500
534199,Undi,16.605905,81.470225,80,,24300,20700
534197,Pippara,16.70008,81.53012,80,,24400,20700
472118,Jatara,24.956365,79.03912,80,,10200,8700
679572,Irimbiliyam,10.86011,76.08697000000001,80,,24100,20400
802165,Shahpurpatti,25.6159,84.40668500000001,80,,13000,11000
331024,Ramgarh Shekhawati,28.136605,74.986665,80,,20600,17500
144211,Mukerian,31.954555,75.61074500000001,80,,24800,21100
144207,Garhdiwala,31.77385,75.75595,80,,24900,21100
534186,Yandagandi,16.646875,81.53553,80,,24200,20600
641101,Alandurai,10.929185,76.800445,80,,36200,30800
623701,Emaneswaram,9.55121,78.57323,80,,23600,20100
534196,Ch.Agraharam,16.749045000000002,81.52813499999999,80,,24500,20800
534007,Industrial Estate,16.693565,81.035825,80,,24100,20500
534165,West Vipparru,16.74724,81.476485,80,,24400,20700
680303,Varandarappilly,10.43208,76.33773,80,,33400,28400
680503,Kunnamkulam,10.64715,76.06362999999999,80,,33300,28300
482011,Gokulpur,23.18095,79.98216,80,,16000,13600
788728,Isabeel,24.355805,92.27432,80,,14000,11900
403526,Tivim Ie,15.61598,73.82486,80,,36000,30600
221717,Nawanagar,26.06495,83.966525,80,,14400,12200
456335,Nagda,23.48168,75.46607,80,,17600,14900
522002,Guntur,16.31127,80.441765,80,,24200,20600
641111,Vellalore,10.96608,77.018855,80,,36500,31000
843111,Motipur,26.25455,85.15841,80,,17300,14700
524321,Survepalli,14.28611,79.96997999999999,80,,20600,17500
686522,Koorali,9.605665,76.73533,80,,33900,28800
686146,Padinjarekkara,9.76975,76.41836,80,,34200,29100
534311,Kannapuram,17.25252,81.43814499999999,80,,24400,20800
784190,Bhakatpara,26.590555,92.0828,80,,16000,13600
221718,Khandwa,26.05518,83.80835,80,,14400,12300
144205,Dasuya,31.822945,75.64493999999999,80,,24800,21100
413582,Anandnagar,18.176365,76.132455,80,,22600,19200
686019,Manarcaudu,9.606175,76.59477000000001,80,,34200,29000
686015,Aymanam,9.624065,76.48379,80,,33700,28600
801111,Sadisopur,25.556445,84.927065,80,,17700,15000
332021,Bajajgram,27.550605,75.144135,80,,20600,17600
686102,Perunna,9.43018,76.515505,80,,34000,28900
612501,Koranattukkaruppur,11.01034,79.382595,80,,20500,17400
680586,Chelakkara,10.671505,76.36082,80,,33300,28300
175051,Seoh,31.86766,76.7136,80,,22900,19400
175049,Jamni,31.674785,76.80224000000001,80,,22800,19400
754035,Nuapatna,20.441180000000003,85.46785,80,,18500,15800
534316,Gopalapuram,17.1072,81.55284499999999,80,,24400,20700
144201,Bhogpur,31.55844,75.64367,80,,25800,21900
686001,Kottayam,9.592965,76.52067,80,,34100,29000
534211,Tanuku,16.757635,81.69369,80,,24100,20500
221715,Bilthra Road RS,26.111985,83.876135,80,,14400,12200
221712,Rasra,25.848275,83.846755,80,,14500,12300
221709,Garhmalpur,25.94901,83.95643000000001,80,,14400,12200
680689,Perambra-thrissur,10.3591,76.334,80,,33400,28400
680741,Annamanada,10.23226,76.31128000000001,80,,33100,28100
212205,Kara,25.74798,81.32677000000001,80,,10700,9100
144032,Samrai,31.205235,75.641775,80,,26100,22200
532213,Pathapatnam,18.71393,84.10746,80,,21400,18200
518220,Jaladurgam,15.233955000000002,77.968155,80,,19800,16900
754133,Tarpur,20.3358,86.24197000000001,80,,13500,11400
462020,AIIMS,23.205455,77.46134,80,,22200,18900
534210,Palakoderu,16.579555,81.57045500000001,80,,24400,20800
784165,Dhalpur,26.931330000000003,93.776615,80,,14300,12100
742225,Raghunathganj,24.45747,88.07192,80,,15500,13200
742213,Jangipur,24.482095,88.116835,80,,15500,13200
742235,Barala,24.434710000000003,88.01111,80,,15500,13200
641114,Karunyanagar,10.95837,76.714735,80,,36000,30600
534209,Mogallu,16.603135,81.57696,80,,24300,20700
534235,Akividu,16.61182,81.377925,80,,24400,20700
793110,Pynursla,25.313635,91.90594,80,,27500,23400
534202,Sivaraopeta,16.552549999999997,81.533795,80,,24400,20800
277202,Bansdih,25.876345,84.21031500000001,80,,14400,12300
277123,Ratsar,25.8942,84.030365,80,,14500,12300
614621,Mimisal,9.93741,79.12147999999999,80,,17300,14700
612102,Tirumangalakudi,11.03403,79.462255,80,,20600,17500
394405,Velachha,21.447585,73.053825,80,,29100,24700
670741,Pinarayi,11.83561,75.499465,80,,23800,20200
517419,Narasingarayanipettah,13.17507,79.179645,80,,24700,21000
394375,Uchchhal,21.28418,73.78830500000001,80,,28600,24300
394355,Varad,21.170885,73.14131,80,,28800,24500
394445,Umarpada,21.43554,73.541275,80,,28700,24400
574129,Kanthavara,13.141565,74.95139,80,,22000,18700
517582,Karvetinagar,13.39363,79.37985,79,,24000,20400
395002,Sagrampura Putli,21.17776,72.83872,79,,28300,24000
394345,Mota,21.1673,73.07307499999999,79,,28200,24000
670358,Payangadi R S,12.016485,75.25766999999999,79,,23300,19800
623512,Alagankulam,9.351735,78.96561,79,,23500,20000
534247,Rayakuduru,16.573765,81.64202,79,,24000,20400
623530,Toruvalur,9.471555,78.80442,79,,23500,20000
D248418,"Jhansi, Uttar Pradesh · D248418",25.529855,78.6527802,79,,22900,19500
D213047,"Chhindwara, Madhya Pradesh · D213047",22.2071897,78.798833,79,,23100,19600
686004,Muttambalam,9.58855,76.55516499999999,79,,33100,28100
581302,Karwar Baitkhol,14.797645,74.11766,79,,21100,17900
760006,Panigrahipentho,19.32534,84.77049,79,,12600,10700
614601,Pattukottai,10.435635,79.330485,79,,20200,17200
685553,Nedumkandam,9.83617,77.15116499999999,79,,31700,27000
176217,Charri,32.244730000000004,76.27433500000001,79,,23000,19500
534312,Koyyalagudem,17.078065000000002,81.42389,79,,23600,20100
231224,Kakari Project,24.176655,82.764995,79,,12900,11000
679576,Edapal,10.779445,75.99619,79,,23700,20100
642102,Amaravathi Nagar,10.3642,77.283905,79,,35800,30500
768030,Bhatli,21.51514,83.58301,79,,17400,14800
731124,Hetampur Rajbati,23.723195,87.43903,79,,14600,12400
686101,Changanacherry,9.44603,76.535495,79,,33300,28300
686003,Kottayam West,9.572525,76.50297499999999,79,,33000,28100
534204,S.R.K.R .Engg.college,16.54079,81.488275,79,,23700,20100
670704,Payam,11.98608,75.75663499999999,79,,23300,19800
679123,Ganeshgiri,10.757085,76.262045,79,,24900,21100
768029,Barpali,21.169025,83.594795,79,,17100,14600
679577,Ponani,10.782945,75.94077,79,,23400,19900
828119,Patherdih,23.677755,86.42693,79,,22500,19100
460665,Prabhat Pattan,21.626165,78.27439,79,,10900,9300
523101,S.Konda,15.25878,79.99068,79,,22500,19200
485115,Rampur Baghelan,24.516155,81.123735,79,,16800,14200
504214,Kotapalli,19.051915,79.8039,79,,15800,13500
485772,Sarlanagar,24.12372,80.821835,79,,16700,14200
485551,Jaso,24.45151,80.57764,79,,16700,14200
532474,Tilaru RS,18.46654,84.07952,79,,20800,17700
D840134,"Amritsar, Punjab · D840134",31.7685759,74.8315603,79,,22900,19500
517235,Mahal,13.77159,78.76428999999999,79,,24200,20600
485001,Satna,24.538965,80.819265,79,,16600,14100
532445,Burja,18.506145,83.820785,79,,20700,17600
231305,Narainpur,25.17421,83.02362500000001,79,,11100,9500
222137,Jamalapur,25.52754,82.584105,79,,13100,11100
143205,Sathiala,31.60399,75.28205,79,,23100,19600
793104,Sumer,25.72689,91.95933,79,,27100,23100
523281,Gudluru,15.06101,79.916315,79,,22500,19200
504216,Jaipur,18.825805,79.60666,79,,15900,13500
581357,Vandige,14.62582,74.36789999999999,79,,21000,17900
682009,North End,9.970395,76.26165,79,,40300,34300
600025,Engineering College,13.012625,80.23778999999999,79,,38200,32500
600032,Guindy Industrial Estate,13.01279,80.20957,79,,37900,32200
482020,Bilhari,23.129415,79.966075,79,,15800,13400
221711,Nagra,25.98877,83.870795,79,,14200,12100
221716,Kidihirapur,26.0443,83.72726,79,,14300,12100
143409,Naushehra Pannuan,31.321215,74.98760999999999,79,,23300,19800
722101,Bankura,23.22695,87.069535,79,,10200,8700
686501,Velloor,9.589355,76.61139,79,,33500,28500
176401,Indora,32.12218,75.7341,79,,23200,19700
678731,Puduppariyaram,10.80837,76.62005500000001,79,,25200,21500
221008,Ramnagar,25.281495,83.03988,79,,13900,11900
641108,Tadagam,11.09576,76.83173500000001,79,,35800,30400
614803,Ottangadu,10.35116,79.280395,79,,20200,17200
277124,Pur,25.941415,83.99345,79,,14300,12200
686021,Pariyaram,9.535645,76.58929,79,,33100,28200
686002,Kottayam Collectorate,9.58853,76.534165,79,,33600,28600
144202,Miani,31.710815,75.53834499999999,78,,23700,20200
686017,Kudamaloor,9.61205,76.50704999999999,78,,32900,28000
686005,Thazhathangady,9.595415,76.49712,78,,32700,27800
686041,Malloossery,9.609315,76.52006499999999,78,,32600,27700
843109,Kanti,26.20551,85.262445,78,,16600,14100
607401,Tiruvendhipuram,11.733885,79.70101,78,,16900,14400
841313,Manjhi,25.842165,84.573305,78,,11600,9900
515601,Kodikonda,13.8701,77.77073,78,,23000,19500
678623,Kanjikode West,10.83088,76.744425,78,,24800,21100
828115,Khasjeena Gora,23.69883,86.450635,78,,22300,18900
614612,Perumagalur,10.200825,79.21186499999999,78,,19600,16600
394520,Variav,21.2725,72.804465,78,,28000,23800
261001,Sitapur,27.62602,80.64783,78,,13200,11200
521207,Musunuru,16.809635,80.94837000000001,78,,25800,22000
722152,Taldangra,23.078505,87.06504,78,,10000,8500
144204,Urmar,31.64676,75.64941,78,,23800,20300
641028,Sowripalayam,11.00941,77.00537499999999,78,,34800,29600
621115,Valikondapuram,11.2902641,78.9300404,78,,17300,14700
851211,Lakhminia,25.42257,86.31136000000001,78,,13800,11700
680304,Palappilly,10.422105,76.43602,78,,32000,27200
276123,Tarawa,25.76445,83.191325,78,,12000,10200
515801,Guntakal,15.176395,77.36391,78,,22800,19400
485666,Kothi,24.755845,80.717755,78,,16500,14000
485226,Birsinghpur,24.856925,81.01015,78,,16300,13900
614807,Kodiakkarai,10.316925,79.83361,78,,19500,16600
394335,Kadod,21.21422,73.21363,78,,28000,23800
394352,Puni,21.042885,73.03143499999999,78,,27900,23700
757018,Chitrada,21.828905,86.9062,78,,14000,11900
523272,Vallur,15.42496,80.002985,78,,22000,18700
522019,Prathipadu,16.215314999999997,80.32671500000001,78,,23500,20000
461441,Khirkiyan R.S.,22.07055,77.01123,78,,13700,11600
523280,Ethamukkala,15.37639,80.102,78,,22000,18700
614806,Kariyapattinam,10.46041,79.74052499999999,78,,19600,16700
144103,Adampur AD,31.428705,75.7518,78,,24800,21100
680505,Kottappadi,10.62461,76.02684500000001,78,,32200,27400
641003,Lawley Road,11.00829,76.93031,78,,34800,29600
754037,Kanpur,20.469125,85.21222,78,,17700,15100
757104,Bahanada,21.74022,86.55348000000001,78,,14100,11900
518206,Cement Nagar,15.47399,78.202365,78,,19100,16300
140308,Sohana,30.678085,76.698835,78,,21900,18600
D529633,"Jhabua, Madhya Pradesh · D529633",22.8869652,74.7243249,78,,22600,19200
682031,Shanmugham Road,9.979,76.272895,78,,40000,34000
673312,Peringadi,11.710065,75.54518,78,,22800,19400
713331,Chittaranjan,23.86034,86.90171000000001,78,,22600,19200
686502,Pampady,9.592395,76.6497,78,,32600,27700
486556,Dabhaura,25.01251,81.32624,78,,17000,14500
388225,Dakor,22.819965,73.132365,78,,26900,22800
485778,Kathaha,24.34553,81.15795,78,,16300,13900
144020,Jamsher,31.232865,75.59639,78,,25200,21400
461221,Banapura,22.54061,77.50715,78,,13700,11600
581365,Ganeshgudi,15.278015,74.51191,78,,20500,17400
325218,ATRU,24.9208165,76.6821985,78,,15100,12800
757103,Pratappur,21.800315,86.7256,78,,14100,12000
D344259,"Alirajpur, Madhya Pradesh",22.2859525,74.3545628,78,,22600,19200
757101,Radho,21.562445,86.616465,78,,14100,12000
613101,Nadukaveri,10.8433,79.042445,77,,19500,16500
722102,Kenduadihi,23.25873,87.01921999999999,77,,9800,8300
713514,Singhi,23.51538,88.18832499999999,77,,9800,8300
600024,Kodambakkam,13.052015,80.22304,77,,36600,31100
623503,Ramanathapuram Collectorate,9.36559,78.86444,77,,22400,19100
623515,Ervadi,9.222695,78.72146000000001,77,,22400,19000
D654726,"Akola, Maharashtra · D654726",20.7618122,77.1921157,77,,22200,18800
D889929,"Damoh, Madhya Pradesh · D889929",23.7981005,79.5419356,77,,22200,18900
D469416,"Amreli, Gujarat · D469416",21.4176122,71.249609,77,,22200,18900
D145034,"Thoubal, Manipur · D145034",24.6203931,94.0104782,77,,22000,18700
222144,Baraipar,25.745725,82.42436000000001,77,,12600,10700
477449,Alampur,26.03009,78.81837999999999,77,,15300,13000
847106,Kansi Simri,26.12441,85.74034,77,,12000,10200
711225,Pacharul,22.70008,87.95192,77,,24000,20400
144212,Budhipind,31.683725,75.683785,77,,23700,20100
680310,Parappukkara,10.403775,76.251155,77,,31600,26900
532462,Neelanagaram,18.633435,83.67711,77,,20200,17100
757033,Bisoi,22.12377,86.345435,77,,14000,11900
143301,Chabhal,31.472005000000003,74.79329999999999,77,,22400,19000
680311,Melur,10.298435,76.38001,77,,31600,26900
462046,Mandideep,23.040245,77.45276,77,,21000,17900
411072,Bavdhan,18.520945279397644,73.77334637412804,77,,29200,24800
461881,Pachmarhi,22.4737,78.445335,77,,13600,11600
711316,Uluberia R.S,22.459235,88.07726500000001,77,,24100,20500
803109,Giriak,25.1250741,85.8160771,77,,11300,9600
607302,Kurinjipadi,11.58338,79.61833,77,,16700,14200
680588,Thiruvilwamala,10.73511,76.44798,77,,31800,27000
722138,Joypur,23.01437,87.44876500000001,77,,9800,8300
670706,Kiliyanthara,12.05027,75.74602999999999,77,,22400,19000
521340,Pallevada,16.599899999999998,81.28184,77,,25100,21300
515661,Bathalapalli,14.523205,77.768855,77,,22500,19100
522005,Nallapadu,16.285204999999998,80.36828,77,,22800,19400
607303,Vadalur,11.559905,79.55243,77,,16700,14200
521263,Ventrapragada,16.451925,80.934775,77,,25500,21700
521228,Kondapalli,16.638265,80.55992499999999,77,,25400,21600
686010,Vadavathoor,9.592755,76.558765,77,,32200,27400
711303,Bagnan,22.512765,87.95704,77,,24000,20400
581358,Yekkambi,14.6767,74.947605,77,,20400,17300
845304,Kundwa Chainpur,26.751755000000003,85.212965,77,,15000,12800
143407,Fatehabad,31.332035,75.081355,77,,22300,19000
845302,Chauradano,26.814145,84.95037500000001,77,,15100,12800
600014,Royapettah,13.053535,80.263885,77,,36400,30900
600012,Perambur Barracks,13.0993,80.25717,77,,36400,31000
686018,Manganam,9.571805,76.557805,77,,32400,27600
686616,Newsprint Nagar,9.82967,76.466955,77,,31900,27200
845303,Ghora Sahan,26.828655,85.10835,77,,15000,12800
521183,Muppalla,16.687624999999997,80.268235,76,,25000,21300
827009,Sector- IX,23.70509,86.14351500000001,76,,16500,14000
731133,Panchrahat,23.752975,87.315465,76,,13800,11700
314801,Bichhiwara,23.78996,73.455465,76,,11900,10100
670705,Ulikkal,12.06629,75.66298,76,,22200,18800
678596,Kalladikode,10.894205,76.543025,76,,23900,20300
D211386,"Bishnupur, Manipur · D211386",24.5263926,93.800487,76,,21700,18500
394327,Kadodara,21.17323,72.95898,76,,26700,22700
D170869,"East Nimar, Madhya Pradesh · D170869",21.75,76.583333,76,,21600,18400
209871,Safipur,26.732,80.29538,76,,11500,9800
682032,Thammanam,9.98622,76.310505,76,,38400,32600
534230,Aravalli,16.636395,81.59489500000001,76,,22600,19200
471105,Bamitha,24.78767,79.779785,76,,9400,8000
841439,Mustfabad,26.21433,84.566675,76,,14600,12400
326039,Ghatoli,24.3132368,76.5221078,76,,14200,12100
841312,Gariba Tola,25.739925,84.67889,76,,11300,9600
606708,Tanipadi,12.06895,78.84233499999999,76,,17100,14600
515766,Kundurpi,14.32766,77.030615,76,,21900,18600
471101,Chandra Nagar,24.726015,79.91743,76,,9300,7900
623516,Irumeni,9.284395,79.03734,76,,22300,18900
678651,Malampuzha Dam,10.8578,76.69283999999999,76,,23700,20100
600015,Saidapet,13.019794999999998,80.22411,76,,35900,30500
623704,Mudukulathur,9.340465,78.507185,76,,22200,18900
624001,Dindigul,10.37377,77.97534999999999,76,,21300,18100
600018,Teynampet,13.038055,80.25214,76,,36100,30700
845305,Raxaul,26.975555,84.81867,76,,14700,12500
581356,Tergaon,15.37726,74.725775,76,,19900,16900
144214,Tanda Ram Sahai,31.872535,75.601815,76,,22900,19500
711408,Jagatballavpur,22.68245,88.089775,76,,23800,20200
754290,Mouda,20.567595,86.112775,76,,17100,14500
680697,Thazhekkad,10.307845,76.27443500000001,76,,30900,26300
680722,Potta,10.323785,76.327355,76,,30900,26300
600118,Kodungaiyur,13.13382,80.2569,76,,35600,30300
600113,TTTI Taramani,12.990975,80.242865,76,,35600,30300
673018,Calicut Arts & Science College,11.21422,75.79395,76,,25100,21300
673017,Chevayur,11.27045,75.82249999999999,76,,25300,21500
482002,Jabalpur City,23.232175,79.88038,76,,14800,12600
600021,Washermanpet,13.115075,80.28222500000001,76,,35700,30300
754295,Athgarh Bazar,20.498855,85.645805,76,,17200,14600
606707,Tandarampattu,12.16795,78.96909,76,,17300,14700
847211,Madhubani,26.35706,86.082135,76,,12700,10800
606706,Sathanurdam,12.19845,78.834705,76,,17200,14600
614809,Topputhurai,10.447925,79.83729,76,,18700,15900
614714,Takattur,10.358425,79.680635,76,,18700,15900
847105,Baheri,25.928615,86.05784499999999,76,,11900,10100
641104,Karamadai,11.217255000000002,76.851455,76,,33500,28500
813205,Ghogha,25.13482,87.156015,76,,15800,13400
301714,Bhojpuri,27.965328583377616,76.4707946777344,76,,21600,18300
332023,Khoor,27.433085,75.06923499999999,76,,19300,16400
222105,Ramdayalganj,25.669335,82.637,76,,12200,10400
143304,Kacha Pacca,31.30254,74.736145,76,,22200,18900
400201,Kopar,19.21651711432706,73.06594848632814,76,,28300,24000
742405,Satui,23.97101,88.174455,76,,14200,12100
757092,Kusumbandi,22.072625,86.48222,76,,13600,11600
D340613,"Vidisha, Madhya Pradesh · D340613",23.8463004,77.8370209,75,,21400,18200
452010,Vijay Nagar,22.774205,75.89668499999999,75,,29000,24600
D576228,"Washim, Maharashtra · D576228",20.2874178,77.2369655,75,,21200,18000
517247,Punganur,13.36338,78.583575,75,,22200,18900
679122,S G Press,10.80561,76.27637999999999,75,,23200,19700
641005,Singanallur,10.99865,77.024765,75,,33000,28000
742308,Raninagar,24.254085,88.57885,75,,14100,12000
641006,Ganapathy,11.03746,76.9747,75,,33200,28200
642106,Cinchona,10.27581,77.01971499999999,75,,33300,28300
612104,Tiruvidamarudur,10.99182,79.452465,75,,18700,15900
614620,Manamelkudii,10.05148,79.20503,75,,15800,13500
123106,Dharuhera,28.15273211642041,76.7449951171875,75,,16800,14300
680543,Kadavallur,10.72019,76.07515,75,,30500,25900
673541,Thiruvallur,11.590425,75.67222,75,,25000,21200
571311,Kadakola,12.20979,76.6665,75,,25300,21500
517101,Chandragiri,13.592315,79.308135,75,,22200,18900
571302,Thandavapura,12.150905,76.682835,75,,25400,21600
600041,Tiruvanmiyur,12.97684,80.25709,75,,35200,29900
431002,Aurangabad Cantonment,19.8717769,75.321076,75,,17700,15000
515803,Old Guntakal,15.1626,77.416425,75,,21800,18500
480557,Newton Chikhali,22.289425,78.790655,75,,19000,16100
515767,Shettur,14.454245,76.96697,75,,21900,18600
673636,Tenhipalam,11.12073,75.89325,75,,21900,18600
785676,Khowang Ghat,27.27866,94.92389,75,,17800,15100
843107,Geyaspur,26.064680000000003,85.002945,75,,15700,13300
612402,Tippirajapuram,10.91585,79.408335,75,,18700,15900
612202,Murukkangudi,10.95169,79.47505000000001,75,,18700,15900
521235,Tiruvuru,17.074730000000002,80.588945,75,,24500,20800
612401,Sakkottai,10.943365,79.403785,75,,18800,16000
670703,Iritty,11.988295,75.662705,75,,21700,18400
461005,Sp Mills Hoshangabad,22.6503147,77.7509281,75,,12900,11000
828120,Motinagar,23.655355,86.46318,75,,20900,17700
581303,Kodibag,14.83588,74.1339,75,,19600,16600
201003,201003,28.70553403753221,77.38386115498587,75,,21400,18200
394325,Umbhel,21.181275,72.97223,75,,26200,22200
D734014,"Karbi Anglong, Assam · D734014",26.0712781,93.4552969,75,,21300,18100
247669,Gagalheri,29.975865,77.697285,75,,16400,14000
802131,Niazipur,25.680035,84.15297,75,,11300,9600
723212,Tulin,23.278745,85.896375,75,,9900,8400
641017,Vadamadurai Kurudampalayam,11.09142,76.91919,74,,32600,27700
680701,Thanissery,10.37534,76.181805,74,,29600,25100
641031,Narasimhanaickenpalayam,11.121665,76.92159000000001,74,,32500,27600
686651,Anthinad,9.776935,76.71067,74,,30400,25800
641016,Ondipudur,10.95845,77.08461,74,,32600,27700
847122,Bisfi,26.327155,85.903925,74,,11400,9700
D952324,"Bhind, Madhya Pradesh · D952324",26.3518828,78.6863189,74,,21100,18000
678721,Kuttanur,10.710935,76.54161500000001,74,,23000,19600
143302,Sur Singh,31.429540000000003,74.772085,74,,21100,18000
441804,Lakhni,21.1225869,79.794509,74,,13500,11400
585367,"Central University of Karnataka,Kad",17.433079999999997,76.670875,74,,11300,9600
571315,Hura,11.98473,76.55770000000001,74,,25100,21300
673527,Koorachundu,11.529815,75.871195,74,,24200,20600
585403,Bidar Gandhi Gunj,17.91535,77.57371499999999,74,,10700,9100
764056,Borigumma,19.05823,82.543995,74,,11700,9900
403529,Bicholim Industrial Estate,15.6038925,73.9967006,74,,32600,27700
321024,Chandoopura,27.63477710786925,77.11303710937501,74,,17200,14600
522113,Cheruvu,15.96881,80.42872,74,,21900,18600
679578,Vattamkulam,10.79458,76.03101000000001,74,,21700,18400
784505,Rangapara,26.7677707,92.7014089,74,,14000,11900
685501,Elappara,9.658975,76.968385,74,,29300,24900
614602,Nadimuthunagar,10.41397,79.30401499999999,74,,18400,15600
144305,Khudda,31.781805,75.62654,74,,22300,18900
670503,Pariyaram Medical College,12.0875,75.296645,74,,21100,17900
678613,Mankarai,10.799125,76.508465,74,,22900,19500
678641,Keralasseri,10.83359,76.48677,74,,22700,19300
D815885,"Pratapgarh, Rajasthan",24.0232221,74.6250275,74,,20800,17700
623703,Kadaladi,9.208475,78.54926,73,,20900,17800
835221,Tupudana,23.19377,85.334475,73,,17100,14500
835214,Mandar,23.546315,85.04938999999999,73,,17000,14500
304001,Tonk Raj,26.1223198,75.6632235,73,,24100,20500
685507,Ayyappancoil,9.71045,77.061155,73,,28300,24100
571314,Hullahalli,12.07868,76.529695,73,,24300,20600
571312,Kavalande,12.050335,76.76858,73,,24300,20600
680688,Aripalam,10.313745,76.18941000000001,73,,29500,25100
680724,Kuttichira,10.37845,76.52165,73,,29300,24900
560064,Yelahanka,13.1067,77.5955,73,86.0,38700,32900
600020,Adyar,13.00175,80.26135,73,,33700,28600
532284,Sompeta,18.958060000000003,84.54918,73,,18800,16000
517619,Yerpedu,13.70268,79.582,73,,21700,18400
835225,Tamar,23.04359,85.65889999999999,73,,16900,14400
624101,Kodaikanal,10.279655,77.498665,73,,20300,17200
571602,Krishna Raja Nagar,12.447055,76.375985,73,,24600,20900
673311,New Mahe,11.71426,75.53246999999999,73,,20900,17800
403725,Dramapur,15.23561,73.986555,73,,29800,25300
403804,Sada,15.400815,73.79256,73,,29600,25100
841316,Naini,25.81847,84.711635,73,,10600,9000
678722,Tolanur,10.714575,76.49718,73,,22500,19100
D280075,"Mandsaur, Madhya Pradesh · D280075",24.2628148,75.385692,73,,20500,17400
686637,Peroor,9.638835,76.56559,73,,30000,25500
670002,Civil Station Kannur,11.87617,75.37136,73,,21000,17900
623514,Devipattinam,9.483545,78.87997,73,,21100,17900
686636,Monippally,9.806855,76.579785,73,,30000,25500
686653,Kadanad Meenachil,9.78587,76.70154,73,,29800,25400
686633,Kuravilangadu,9.74179,76.56901500000001,73,,30000,25500
686634,Ozhavur,9.800775000000002,76.61635000000001,73,,29800,25300
517280,Nimmanapalle,13.567645,78.7273,73,,21400,18200
680307,Chalakudi,10.30009,76.32851,73,,29500,25100
785616,Gatanga,26.638855,94.10839,73,,17900,15200
673632,Farook College,11.20406,75.865265,73,,21100,17900
673313,Olavilam,11.70516,75.56119,73,,20900,17800
450551,Nimarkhedi,22.112805,76.28355,72,,14700,12500
600013,Rayapuram,13.118115,80.293975,72,,33400,28400
682003,Willingdon Island,9.957465,76.27082,72,,35800,30400
680721,Pariyaram,10.351255,76.62077500000001,72,,28600,24300
480115,Chourai,22.08598,79.281105,72,,18000,15300
D306068,"Guna, Madhya Pradesh · D306068",24.5001772,77.2600959,72,,20400,17300
452007,Indore Nagar,22.714605,75.85607,72,,27200,23100
670675,Peringathur,11.706735,75.585115,72,,20400,17300
670671,Paral,11.738445,75.548925,72,,20500,17400
686632,Kanakari,9.70534,76.538725,72,,29500,25100
110062,Pushpa Bhawan,28.52191,77.2399,72,,36500,31100
521226,A.Konduru,16.91581,80.66394,72,,23000,19500
D727621,"Senapati, Manipur · D727621",25.3933697,94.1501773,72,,20100,17000
841416,Kishunpura,26.24937,84.660405,72,,13700,11700
571189,Rathnapuri Colony,12.205425,76.362385,72,,23800,20300
561202,Pavagada,14.08626,77.215405,72,,18200,15400
678671,Thenkurussi,10.69782,76.63261499999999,72,,22000,18700
307803,Ramseen,25.025125000000003,72.515325,72,,15900,13500
673528,Peruvannamuzhi,11.6051,75.87018499999999,72,,23500,20000
305207,Jethana,26.323065,74.441845,72,,17000,14400
679321,Angadipuram,10.97018,76.164185,72,,20900,17800
140601,Banur,30.548455,76.72245,72,,16700,14200
144105,Sham Chaurasi,31.51019,75.755495,72,,21500,18300
571301,Nanjangud,12.117835,76.679915,72,,24200,20600
678688,Pallavur,10.627245,76.632195,72,,22200,18900
110025,New Friends Colony,28.55941,77.287745,72,,36600,31100
276126,Bansgaon,25.8425,83.27832000000001,72,,10900,9300
283125,Shamsabad,26.995421188850504,78.13416056229262,71,,13100,11100
678705,Mudappallur,10.596665000000002,76.52013,71,,21500,18300
641008,Kuniamuthur,10.95318,76.95334,71,,30900,26200
641007,S.B.Institute,10.99663,76.89283499999999,71,,30600,26000
711312,Mugkalyan,22.38972,87.9929,71,,21700,18500
641020,Sri Ramakrishna Vidyalaya,11.144185,76.880645,71,,30600,26000
626005,Amathur,9.569735,77.877805,71,,18300,15600
624002,Begampur,10.368765,77.929765,71,,19200,16400
522102,Bapatla Engg College,15.88581,80.47772,71,,20400,17400
283122,Kiraoli,27.108033801463115,77.81383117698762,71,,13100,11100
431010,Satara Parisar,19.84205,75.345625,71,,16500,14000
283202,Etmadpur,27.220646414075727,78.13416056229262,71,,13100,11100
581121,Castlerock,15.313785,74.3493,71,,18300,15600
678687,Puthucode,10.64281,76.44727,71,,21500,18200
517620,Pallam,13.84181,79.51711,71,,20800,17600
581187,Kumbarwada,15.091575,74.42066,71,,18000,15300
522015,Abbineniguntapalem,16.123215000000002,80.339945,71,,20600,17500
522112,Kakumanu,16.05224,80.44482500000001,71,,20600,17500
670325,Mattul North,11.99465,75.26823,71,,20300,17200
686013,Nattakom,9.565675,76.51594499999999,71,,28600,24300
612101,Aduthurai,10.998595,79.49256,71,,17300,14700
522004,Guntur Collectorate,16.290165000000002,80.42117,71,,20700,17600
642126,Udamalpet,10.58777,77.248705,71,,30500,26000
305204,Pisangan,26.339335,74.35281,71,,16600,14100
403806,Bogmalo,15.36916,73.85245,71,,28400,24100
515774,Kallur R.S.,14.90198,77.53806,71,,20400,17300
841408,Bhagwanpur Hat,26.112685,84.68288000000001,71,,13300,11300
305600,"Ajmer, Rajasthan · 305600",26.3318872,74.7169752,71,,20000,17000
686635,Marangattupally,9.75036,76.62573499999999,71,,28800,24500
686652,Melukavumattom,9.77122,76.761225,71,,28600,24400
784125,Mangaldoi,26.4373481,92.0047145,71,,13600,11500
532457,Nivagam,18.79121,83.97596,71,,18000,15300
D686330,"Narmada, Gujarat · D686330",21.7392624,73.6262458,71,,19700,16800
D728012,"Gulbarga, Karnataka · D728012",17.166667,77.083333,71,,20000,17000
678706,Vandali,10.516015,76.557035,71,,21700,18400
452005,Bijasan Road,22.72982,75.809875,71,,27200,23100
307029,Ahore,25.572775,72.83937,71,,15600,13300
110019,Kalkaji,28.535875,77.25903,71,,36200,30800
D982573,"Dima Hasao, Assam",25.4003625,93.0752292,71,,19900,16900
D169177,"Datia, Madhya Pradesh · D169177",25.9182947,78.6644962,71,,20000,17000
110049,Andrewsganj,28.55816,77.22044,71,,36300,30900
110076,Sarita Vihar,28.528575,77.30830499999999,71,,36400,30900
D806886,"Bidar, Karnataka · D806886",18.0207297,77.2487204,70,,19600,16700
110080,Sangam Vihar,28.49274,77.23536999999999,70,,35700,30300
679106,Kondazhi,10.72281,76.3986,70,,27800,23700
670674,Kelakam,11.91712,75.81922,70,,19800,16800
110044,Badarpur,28.50961,77.29921999999999,70,,35500,30200
832105,Patamda,22.89329,86.39282,70,,16200,13700
682008,Kannamali,9.85629,76.26801,70,,34100,29000
845301,Adapur,26.8836,84.93416500000001,70,,13300,11300
678702,Coyalmanna,10.70763,76.584015,70,,21400,18200
626002,Virudhunagar Collectorate,9.5984,77.93855500000001,70,,18200,15400
686612,Njizhoor,9.79304,76.534425,70,,28100,23900
686631,Ettumanur,9.6758,76.569815,70,,28100,23900
143410,Sarhali,31.258685,74.93727000000001,70,,19800,16800
680702,Kattoor,10.38279,76.15413000000001,70,,28000,23800
670353,CRPF Camp Aravanchal,12.19919,75.280915,70,,19900,16900
333001,"Jhunjhununu, Rajasthan",28.1071434,75.3755202,70,,19600,16700
682007,Kumbalangi,9.875725,76.28132,70,,34500,29300
612503,Sholapuram,11.054575,79.397235,70,,17100,14600
455223,Hatpipliya,22.8057498,76.2940408,70,,11800,10000
515872,Herial,15.02572,76.83146500000001,70,,19900,16900
515775,Pamidi,14.9612,77.53142,70,,19800,16900
788161,Katlacherra,24.5076094,92.6267589,70,,11000,9400
521190,Penuganchiprolu,16.90677,80.241465,70,,22100,18800
522016,Lemalle,16.476210000000002,80.384015,70,,20000,17000
591216,Borgaon,16.610435,74.510835,70,,13800,11700
110014,Jungpura,28.58227,77.262945,70,,35800,30400
110013,Hazrat Nizamuddin,28.591605,77.261015,70,,35800,30400
686613,Muttuchira,9.74783,76.48106,69,,27600,23400
571604,Saligrama,12.576665,76.251245,69,,22700,19300
785621,Golaghat,26.3689557,94.0086553,69,,14400,12200
533103,Danavaipeta,17.010945,81.794245,69,,18300,15600
517586,Pannur,13.270785,79.73651000000001,69,,20200,17200
D559536,"Raichur, Karnataka · D559536",16.0547194,76.9003647,69,,19000,16100
452003,Vallabhnagar,22.73724,75.869515,69,,25900,22000
680703,Edathuruthy,10.374055,76.141285,69,,27000,23000
680712,Madayikonam,10.376505000000002,76.22914,69,,27400,23300
670327,Edat,12.102265,75.24119999999999,69,,19400,16500
515867,Udegolam,14.67352,76.96843000000001,69,,19500,16600
686630,Thellakom,9.643015,76.54563999999999,69,,27700,23500
532458,L.N.Peta,18.56627,83.91312500000001,69,,17400,14800
685508,Kattappana,9.76142,77.11572000000001,69,,26400,22400
680711,Karuvannur,10.40166,76.204285,69,,27400,23300
680699,Pady,10.375039999999998,76.393125,68,,27000,22900
517644,Srikalahasti,13.75457,79.70694,68,,19500,16600
532461,Seetharampuram Inam,18.65387,83.595745,68,,17000,14400
532459,Hiramandalam,18.69927,83.925325,68,,17000,14500
517599,Vengalrajukuppam,13.238325,79.392995,68,,19500,16600
624004,Dindigul Collectorate,10.397065,77.96246,68,,18200,15500
581186,Joida,15.182465,74.46222,68,,17200,14600
522111,Karlapalem,15.92228,80.57106,68,,19400,16500
803120,Asta,25.211599,85.4484611,68,,9800,8300
517590,Nagari,13.308285,79.590785,68,,19500,16600
679103,Palappuram,10.765365,76.40566000000001,68,,20500,17500
475110,Dabra,25.918750000000003,78.26686,67,,15200,13000
670694,Champad,11.76865,75.55612500000001,67,,18700,15900
522101,Bapatla,15.920765,80.47065,67,,19200,16300
452002,Indore City-2,22.708635,75.822845,67,,25000,21200
D516565,"Banswara, Rajasthan · D516565",23.4915047,74.3502172,67,,18300,15600
571610,Gavadagere,12.384105,76.34907000000001,67,,21900,18600
515865,Rayadurg,14.80774,76.87911,67,,18900,16000
515787,Nuthimadugu,14.513715,77.271045,67,,18600,15800
532456,Battili,18.934215,83.796885,67,,16700,14200
613002,Karuntattankudi,10.802499999999998,79.117475,67,,16200,13700
515870,Vidapanakal,15.06063,77.14489,67,,18600,15900
305402,Ramsar,26.301485,74.91734,67,,15400,13100
612203,Palaiyur,10.99125,79.568225,67,,16000,13600
624005,Balakrishnapurampudur,10.427295,78.02265,67,,18100,15400
380054,Vastrapur,23.05115,72.522515,67,,18500,15700
678703,Melarcode,10.610985,76.58549500000001,67,,20000,17000
680312,Chengallur,10.408555,76.3344,67,,26100,22200
314804,Kanba,23.81414,73.60301999999999,67,,10300,8700
D944990,"Chittaurgarh, Rajasthan",24.5,74.5,66,,18000,15300
613001,Thanjavur,10.78264,79.15280999999999,66,,16000,13600
522001,Kothapeta,16.304515000000002,80.46416500000001,66,,18800,16000
532460,Veeraghattam,18.714975,83.668935,66,,16500,14000
515832,Vajrakarur,14.992555,77.35521,66,,18500,15700
612502,Lower Anicut,11.12852,79.45863,66,,15700,13400
678704,Chittilancheri,10.605555,76.54992999999999,66,,19900,16900
711412,Chitrasenpur,22.659195,87.96073,66,,19700,16800
670701,Nirmalagiri,11.86238,75.59549,66,,18400,15600
515863,Gummaghatta,14.54258,76.86171999999999,66,,18500,15700
515871,Kanekal,14.87697,77.01003,66,,18400,15600
711413,Gazipur,22.551405000000003,87.95078000000001,66,,19700,16800
522003,Guntur Bazar,16.280465,80.453215,66,,18800,16000
678681,Kunisseri,10.645945,76.593475,66,,19600,16700
515812,Uravakonda,14.9619,77.20218,66,,18400,15600
642202,Jakkarpalayam,10.784885,77.16849500000001,66,,28100,23900
612105,Veppathur,11.02841,79.43423,66,,15700,13300
711306,Kulgachia,22.46534,88.02534,66,,19800,16800
D466715,"Neemuch, Madhya Pradesh · D466715",24.6305517,75.1829,65,,17900,15200
682304,Maradu,9.93415,76.32495499999999,65,,31400,26700
680305,Nellayi-thrissur,10.38885,76.27421,65,,25200,21400
670676,Kadavathur,11.734585,75.61064999999999,65,,18200,15400
571617,Chunchunakatte,12.501765,76.23855499999999,65,,21100,17900
515842,Konakondla,15.10962,77.33869999999999,65,,18000,15300
680506,Chavakkad,10.593045,76.02339,65,,25100,21400
680691,Koolimuttam,10.284605,76.13898499999999,65,,25400,21600
847121,Keoti Ranway,26.294095,85.931885,65,,9800,8300
679324,Mankada,11.042575,76.162245,65,,18200,15500
D655706,"Jabalpur, Madhya Pradesh · D655706",23.2230231,79.9825642,64,,17400,14800
364140,Talaja,21.33181,72.03938,64,,14600,12400
623711,Teriruveli,9.29864,78.6383,64,,17800,15100
754294,Chatra,20.237625,86.16911,64,,10000,8500
364145,Thaliya,21.338135,71.843205,64,,14600,12400
D904225,"Surendranagar, Gujarat",22.8251395,71.6209736,64,,17500,14800
D740403,"Shivpuri, Madhya Pradesh · D740403",25.3741215,77.8278866,64,,17500,14900
123411,Kanwali,28.31053916983876,76.40282902302272,64,,13700,11600
613104,Tirukattupalli,10.852405,78.958725,64,,15400,13100
521256,Mantada,16.365375,80.88577000000001,64,,20100,17100
521261,Mudunuru,16.40861,80.90502000000001,64,,20100,17100
612201,Konerirajapuram,10.96221,79.53881,64,,15200,12900
515822,Amidyaya,14.829935,77.23146,64,,17600,15000
151509,Maur Mandi,30.04694,75.202765,64,,17500,14900
561201,Matta,12.88130322219734,77.3058513019564,64,,18900,16100
670663,Etakkad,11.817695,75.44252499999999,64,,17800,15100
782403,Khetri,26.099025,92.05757,64,,11300,9600
673573,Tamaracheri,11.44727,75.949055,64,,20500,17400
678682,Anjumoorthy,10.61964,76.508,64,,19000,16200
642201,Gudimangalam,10.716025,77.286705,64,,26800,22800
679105,Mayannur,10.753575,76.37511,63,,24400,20700
614810,Vedaraniam,10.363865,79.841125,63,,14900,12700
562120,Belagavadi,12.832393923205135,77.17107867374342,63,,18900,16000
673572,Kotuvalli,11.373475,75.898985,63,,19900,16900
642205,Pedappampatti,10.68534,77.16186,63,,26800,22700
533104,Aryapuram,17.010215,81.762655,63,,16500,14000
781366,Goreswar,26.528645,91.72898,63,,11100,9400
521286,Pedavutapalli,16.584845,80.83451,63,,19800,16800
305203,Mangliawas,26.245315,74.54447,63,,14300,12200
847123,Singhwara,26.1881,85.729555,62,,9200,7800
802351,Benwalia,25.658725,84.53450000000001,62,,9200,7900
458883,Shamgarh,23.8716707,76.7744703,62,,10100,8600
562117,Angarahalli,12.46982,77.40273,62,,18200,15500
673542,Villyappalli,11.63455,75.64194,62,,19600,16600
673314,Kadalundinagaram,11.12462,75.845675,62,,17400,14800
621313,Thogaimalai,10.734995,78.429125,62,,15100,12800
621301,Chinthamanipatti,10.77287,78.22517500000001,62,,15200,12900
621311,Tharagampatti,10.617025,78.188665,62,,15100,12900
305621,Bandanwara,26.131985,74.69484,62,,14200,12100
678683,Vadakkancherry MBR,10.584065,76.450085,62,,18300,15500
612106,Kadiramangalam,11.084454999999998,79.51980499999999,62,,14800,12600
781122,Bijoynagar,26.107725,91.479935,62,,10800,9200
843314,Bajpatti,26.5712894,85.6001549,62,,9700,8200
678686,Kannambra,10.61049,76.45009,62,,18300,15600
562112,Muninagara,12.677375,77.50151500000001,62,,18500,15700
670702,Mattanur,11.930805,75.613605,62,,17100,14600
753007,Medical College,20.476815,85.895655,61,,13100,11100
D370250,"Adilabad, Telangana · D370250",19.5457038,78.6086759,61,,16600,14100
670672,Chokli,11.729605,75.57271499999999,61,,16600,14100
802166,Umraonganj,25.666805,84.453355,61,,9100,7700
642204,Komaralingam,10.504575,77.34496,61,,25700,21900
670693,Thuvakunnu,11.771895,75.64826,61,,16700,14200
642134,Somandurai,10.581255,76.971035,61,,25600,21700
673529,Tikkoti,11.48496,75.632075,61,,19300,16400
678685,Mannapra,10.62844,76.47120000000001,61,,17900,15200
678684,Kilakkancheri,10.54083,76.47435,61,,17900,15200
781364,Maharipara,26.618235,91.70167,61,,10700,9100
176324,Gehra,32.50156,76.42115,60,,12800,10900
678661,Parambikulam,10.432765,76.76768,60,,17600,14900
532455,Kotturu,18.775345,83.84019,60,,14700,12500
679325,Pattikkad,11.03579,76.22888,60,,16600,14100
122002,Gurgaon City,28.4738,77.034,60,93.0,35700,30300
843114,Patepur,25.88018,85.53041,60,,11700,10000
607109,Varakalpattu,11.778735,79.69724500000001,60,,12200,10400
122016,Kapashera,28.525708783283093,77.07293093848189,60,,35400,30100
679101,Ottapalam,10.776245,76.384965,60,,17800,15100
782401,Digaru,26.17746,91.946945,60,,10500,9000
670673,Peravoor,11.922945,75.73348,60,,16400,13900
521366,Pedana,16.293455,81.144845,59,,18100,15400
670691,Pathayakunnu,11.799285,75.56815,59,,16300,13800
365560,Rajula,21.044795,71.454475,59,,10200,8600
843110,Kumar Bajitpur,25.79799,85.565015,59,,11600,9900
682004,Kochi Naval Base,9.94689,76.281195,59,,28300,24100
679102,Thottakkara,10.80119,76.37788,59,,17300,14700
786001,Dibrugarh,27.400599,94.9950865,59,,13300,11300
481102,Bharveli,21.8611589,80.3237105,59,,10100,8600
533101,Rajahmundry,16.985860000000002,81.775395,59,,15400,13100
741161,Assannagar,23.43594,88.58502999999999,58,,9800,8300
741202,Nasra,23.1919,88.6163,58,,9700,8300
679323,Pulamanthole,10.91941,76.18552,58,,16000,13600
682306,Eroor,9.971775,76.33813,58,,27600,23400
682006,Palluruthy,9.913015,76.273725,58,,27500,23400
D331294,"Pali, Rajasthan · D331294",25.4552211,73.419389,58,,15700,13400
D563785,"Parbhani, Maharashtra · D563785",19.2901981,76.6026443,58,,15700,13400
305926,Barakhera,25.7917,74.02323,57,,13000,11000
305927,Kabra,26.012255,74.21223,57,,13000,11100
636014,Kamaraj Nagar Colony,11.6469616,78.2106958,57,,20200,17100
D988234,"Rajsamand, Rajasthan · D988234",25.2892459,73.8241077,57,,15300,13000
562102,Bhaktarahalli,13.324225,77.85929999999999,57,,16700,14200
122004,Sector 77,28.36082913811331,77.01322236056504,57,,33900,28900
785634,Mariani,26.6500766,94.2700644,57,,13400,11400
781365,Rangia R.S.,26.47456,91.593285,57,,10000,8500
562105,562105,13.376140586173996,77.84019470214845,57,,16700,14200
421201,Dombivli East,19.205879248702324,73.11167912593477,57,,17000,14500
682305,Thiruvamkulam,9.932965,76.38447,57,,26900,22900
682308,Puthencruz,9.95382,76.43497500000001,56,,26400,22400
741248,Simurali,23.036755,88.502595,56,,9300,7900
741238,Gangnapur,23.13933,88.64797,56,,9300,7900
212653,Erayan,25.831895,81.246595,56,,8400,7100
678762,Perimbadari,10.9697,76.44438,56,,16600,14100
D532364,"Agra, Uttar Pradesh · D532364",27.0755504,77.8753832,56,,15200,12900
581129,Jagalbet,15.35946,74.493425,56,,13800,11700
741246,Mohanpur,22.952435,88.52306,55,,9200,7800
741251,Netajisubhas Sanatorium,22.973735,88.44309,55,,9100,7800
110058,Janakpuri,28.6282,77.0847,55,87.0,26100,22200
636301,Attanur,11.50635,78.15888,55,,18600,15800
D107542,"Hingoli, Maharashtra · D107542",19.5431163,77.1739432,55,,14700,12500
D415026,"Lakhimpur, Assam · D415026",27.1763356,94.1992932,55,,14800,12600
781354,Rangia,26.472525,91.664215,55,,9700,8200
680733,Poyya,10.204294999999998,76.249605,55,,20900,17800
465223,Akodia,23.4171002,76.6074794,55,,7900,6700
851127,Manjhaul,25.5125411,86.0883392,55,,9200,7800
804452,Mashaurhi,25.35016,85.010665,54,,11000,9400
741223,Purbabishnupur,23.075055,88.63783,54,,9000,7600
848503,Vidhyapati Nagar,25.7747885,85.8672314,54,,7900,6700
636142,Mullukurichi,11.42087,78.370395,54,,18300,15500
D469019,"Sheopur, Madhya Pradesh · D469019",25.7499267,76.9212945,54,,14400,12300
682307,Udayamperoor,9.87925,76.364165,54,,25800,21900
636118,Ulipuram,11.485425,78.43055,54,,18100,15400
636202,Mangalapuram,11.54267,78.35469499999999,54,,18200,15500
845437,Turkaulia,26.583333,84.833333,53,,9700,8200
D525018,"Barmer, Rajasthan · D525018",25.5814853,71.1924922,52,,13900,11800
741234,Gayeshpur,22.955735,88.49640500000001,52,,8700,7400
140602,Manakpur,30.58854,76.59607,52,,11600,9900
804451,Hazrat Sain,25.37329,85.147325,52,,10600,9000
171102,Darla,31.265775,76.96345,51,,17000,14500
D417644,"Dungarpur, Rajasthan · D417644",23.6723053,73.8166419,51,,13900,11800
524402,Vojili,13.982005,79.88789,51,,12000,10200
D501341,"Bikaner, Rajasthan · D501341",28.1161617,73.110567,51,,13700,11700
560039,Bangarappa Nagara,12.941660539489432,77.52674102783205,51,,25700,21800
524344,Muthukur,14.300975,80.09882999999999,51,,12000,10200
431009,Garkheda,19.86112,75.343925,50,,11200,9500
521227,Khambhampadu,17.021005,80.668155,50,,15500,13200
524401,Tada,13.553565,80.13328,50,,11900,10100
642130,Karamalai Bazaar,10.33167,76.99499,50,,20900,17800
323600,Deolimachhiyan,25.24469595130604,75.96019838407484,50,,13600,11500
622506,Rayavaram S.O (Pudukkottai),10.2903072,78.8173617,49,,9800,8300
847224,Baboobarhi,26.3503076,86.2296424,49,,7800,6600
643001,Udagamandalam,11.4,76.7,49,,23300,19800
754221,Sungura,20.524685,86.160115,49,,10500,8900
781137,Aggumi,26.1468861,91.2227397,49,,8600,7400
848505,P.Pur Halai,25.5586421,87.6457196,49,,7200,6100
642203,Kaniyur,10.62985,77.33836,49,,20400,17300
560004,Rajajinagar,12.9952,77.55,49,102.0,24900,21200
560117,Bisanahalli,13.010532405502614,77.81066894531251,48,,14200,12100
335711,Mandi Gharsana,29.038635,73.03414000000001,48,,10500,8900
110043,Najafgarh,28.64561631089953,77.01416015625001,47,,25200,21400
680731,Ashtamichira,10.28797,76.28739,47,,18300,15600
613006,Thanjavur P&t Colony,10.707555,79.137685,46,,10900,9300
177107,Pragpur,31.804145,76.196965,46,,12500,10700
177108,Garli,31.80594,76.22186500000001,46,,12600,10700
123501,Bawal,28.11912198708812,76.54298030095654,46,,15100,12800
575211,Mallenahalli,12.701673046706226,76.31300864683259,45,,13400,11400
571483,Maragonahalli,12.765376360326636,76.37832641601564,45,,13400,11400
786153,Rupaisiding,27.5971709,95.5668529,45,,9700,8300
470001,Sagar Cantt,23.8083076,78.758254,44,,7200,6100
177114,Bankhandi,31.948415,76.22365500000001,44,,12200,10300
177117,Muhal,31.89294,76.245215,44,,12200,10400
521260,Manikonda,16.502110000000002,80.830535,43,,13500,11500
110059,Uttam Nagar,28.62,77.06,43,83.0,21000,17900
560063,Akash Ward,13.105382121251072,77.60928930328595,42,,22000,18700
177113,Chanour,31.893805,76.13744500000001,42,,11800,10000
400702,Uran,18.868041410864485,72.90527343750001,42,,15400,13100
400050,Bandra East,19.058,72.843,42,115.0,21800,18500
560060,560060,12.945006535817749,77.46365520866972,41,,12900,11000
D809540,"Nizamabad, Telangana · D809540",18.7248422,78.1921833,41,,11400,9700
D912916,"Medak, Telangana · D912916",17.9375095,78.211745,41,,11500,9800
122011,Sector 59,28.420391085674304,77.1165958765329,40,,24700,21000
123023,123023,27.82675781009686,76.12838745117189,40,,8500,7300
123001,Patikara,28.05174614107476,76.12838745117189,40,,8500,7300
123412,Tankri,28.055418673467702,76.4707946777344,40,,13600,11600
123110,Devlavas,28.1761387642634,76.60217285156251,40,,8800,7500
221115,Tanda Kalan,25.480695,83.181185,40,,5400,4600
124021,Baliana,28.881957139774222,76.69407411442795,40,,11300,9600
400027,Darukhana,18.96181814124214,72.88089752197267,40,,14700,12500
400063,Malad West,19.186,72.848,40,95.0,20900,17800
400068,Powai,19.117,72.905,40,101.0,20900,17800
122051,Gurgaon,28.32496073857172,76.90579868759424,40,,24700,21000
122052,Industrial Modern Township Manesar,28.35668777205389,76.94172716380226,40,,24700,21000
122102,122102,28.35668777205389,77.08659314869777,40,,24700,21000
122505,Sector 95,28.420391085674304,76.91172443596713,40,,24700,21000
121005,Pali,28.41234286410261,77.23937988281251,40,,22700,19300
509218,509218,17.284587743508688,78.39010122590004,40,,11200,9600
280001,280001,27.108033801463115,78.01624694801241,40,,11200,9500
638656,"Tiruppur, Tamil Nadu",10.7915267,77.5325466,40,,18000,15300
501301,Lalanguda,17.498311614341947,78.66685545014336,40,,8700,7400
500101,Girmapur,17.610924226954562,78.46246719360353,40,,8700,7400
522307,Kolakaluru,16.2853547,80.5686143,40,,11600,9900
502269,Jagriyal,17.979976908715415,77.88757324218751,40,,7500,6400
250609,Baghpat,28.959945,77.24138500000001,40,,11200,9500
502345,Nagulpalle,17.664661593400098,77.88757324218751,40,,7500,6400
502319,Ramachandrapuram,17.498311614341947,78.2580789370637,40,,7500,6400
251001,Muzaffarnagar,29.47,77.7,40,71.0,9300,7900
250005,Kithauli,28.96609636803482,77.59646125869716,40,,11100,9500
210310,Sector 20,28.467484060916792,77.53601074218751,40,,11200,9500
444602,Amravati Camp,20.932,77.785,40,72.0,8200,6900
323301,323301,25.35730856391865,76.07624183309399,40,,7500,6300
411001,Pune Camp / GPO,18.5196,73.8553,40,95.0,16200,13700
250611,Barauli,29.08601,77.246515,40,,11200,9500
502246,Chilepalle,17.799796728535235,77.88757324218751,40,,7500,6400
333029,Kasni,28.34844291148573,75.750732421875,40,,11200,9600
411004,Deccan Gymkhana,18.5195,73.841,40,99.0,16200,13700
334001,334001,27.94588622176197,73.34472656250001,40,,8300,7100
334004,Choudhary Bhimsen Nagar,28.094191920458744,73.27606201171876,40,,8300,7100
282009,Karaundhana,27.044330487842707,77.98660384465538,40,,7400,6300
523262,Throvagunta,15.5641955,80.0066786,40,,10900,9300
410701,Shill Phata,19.12290070140192,73.07545482808841,40,,14700,12500
638506,Thuckanaickenpalayam,11.4905282,77.3505274,40,,18000,15300
562110,Shetterahalli,13.259175524961572,77.67471313476564,40,,12600,10700
422009,College Road / Gangapur Road,19.9975,73.7649,40,80.0,9500,8000
502273,Almaipet,17.777274206012713,78.09253414730384,40,,7500,6400
500089,Narsingi,17.385699001729336,78.36806430165755,40,,8700,7400
500097,Jillelaguda,17.321995688108927,78.52922011866215,40,,8700,7400
121101,Chirsi,28.403780747296384,77.46354549325689,40,,22700,19300
281112,Lahrauli,27.326818871967053,77.78909292200198,40,,11200,9500
281302,Bisawar,27.333259026688346,77.91503906250001,40,,8900,7500
431001,Aurangabad City Center (Kranti Chowk),19.8762,75.3433,40,77.0,14700,12500
334005,Ganesh Vihar,28.00958953538238,73.27261427855751,40,,11200,9600
521156,Nidumolu,16.2135466,81.0277844,40,,12900,10900
431003,CIDCO Aurangabad,19.902,75.345,40,73.0,14700,12500
201204,201204,28.853483755422207,77.47649337083975,40,,11200,9500
201303,Hazipur,28.534866970958088,77.34844207763672,40,,11200,9500
201015,Nigrawati Nigrayti,28.71160418031827,77.58925161588506,40,,11200,9500
431005,Osmanpura / Garkheda,19.855,75.332,40,74.0,14700,12500
323601,Ishwarnagar,25.308399264926447,75.931025434249,40,,7500,6300
444601,Amravati City Center,20.9374,77.7796,40,72.0,8200,6900
562127,Pemmanahalli,13.00870984943816,77.3058513019564,40,,12600,10700
562129,Somattanahalli,13.169085434871482,77.76723640454662,40,,12600,10700
413001,Solapur City Center,17.6599,75.9064,40,73.0,8600,7300
413002,Solapur Railway Lines,17.661,75.907,40,73.0,8600,7300
201305,Kakrala,28.55135414040336,77.42099761962892,40,,28600,24300
201102,Rameshwar Park,28.788641512986167,77.30581283569337,40,,11200,9500
431602,Nanded Shivaji Nagar,19.15,77.305,40,71.0,8100,6900
431601,Nanded Vazirabad,19.1383,77.321,40,71.0,8100,6900
300101,Nagla Samawadi,27.61297692241589,76.62414550781251,40,,11200,9600
560057,560057,13.0460477,77.5131117,40,,21100,18000
382470,Gota,23.11031,72.558515,40,,11200,9600
382428,Bhat,23.108905,72.631215,40,,11200,9600
382430,Kanbha,23.02026,72.74728999999999,40,,11200,9600
285201,Ait,25.90261217548624,79.2632589243779,40,,7500,6400
382440,Narol gam,22.948457364503582,72.62786865234376,40,,11200,9600
382450,Dhinkwali,22.16968,71.90142,40,,11200,9600
441205,Nagbhid,20.62373,79.66925499999999,40,,8300,7000
518465,Devanakonda,15.5478804,77.554259,40,,9500,8000
301401,Silgaon,27.991311385811468,76.59745390666318,40,,14700,12500
301407,Mandawar,27.82978947420665,76.52526855468751,40,,14700,12500
321023,Bhandara,27.72486719795934,77.21481176508378,40,,9300,7900
444906,Warud,21.46,78.276,40,67.0,8200,6900
245101,Hapur,28.740871142809592,77.69943237304688,40,,11200,9500
201306,Surajpur,28.521494383998657,77.47421264648439,40,,28600,24300
245408,Gulavthi,28.580096673529404,77.75788934714228,40,,11200,9500
245301,Dhaulana,28.663966753015973,77.64305270936072,40,,11200,9500
177111,Qusba Kotla,31.87407,75.99897,40,,11300,9600
334401,Udai Ramsar,27.914011740278564,73.27606201171876,40,,8300,7100
334402,Palana,27.88218290814156,73.27261427855751,40,,8300,7100
561203,Dargajogihalli,13.307713227732052,77.54013061523439,40,,12600,10700
421100,Padagha,19.375494679934004,73.16873515021356,40,,14700,12500
421102,Ambivali,19.268235,73.18473,40,,12400,10600
421103,Maskal,19.3117913663136,73.23623657226564,40,,12400,10600
136118,Chander Bhanpur,29.935895213372444,76.87683105468751,40,,10600,9000
382305,Dahegam,23.1559,72.81986,40,,11200,9600
382405,Piplaj,22.96195,72.568265,40,,11200,9600
208012,R K Nagar S.O (Kanpur Nagar),26.4410107,80.2652803,40,,9700,8200
421003,Vitthalwadi,19.248088052693188,73.16873515021356,40,,14700,12500
562132,Isuvanahalli,13.195100615119442,77.33988244663844,40,,12600,10700
562149,Bande Kodigehalli,13.169085434871482,77.67471313476564,40,,21100,18000
560097,Singapura,13.082488002506828,77.54013061523439,40,,21100,18000
741162,Kasiadanga,23.5551,88.332295,40,,7000,5900
410505,Gulani,18.858783117235483,73.97918701171876,40,,16200,13700
177112,Tipri,31.879635,76.056095,40,,11300,9600
201307,Mamura,28.59899156770566,77.36709594726564,40,,28600,24300
201312,Murshadpur,28.377393970826702,77.53601074218751,40,,28600,24300
201314,Beel Akbarpur,28.5311873745372,77.60847599111814,40,,28600,24300
530028,Simhachalam,17.8053222,83.2827677,40,,13900,11800
560068,Vijayanagar,12.965,77.536,40,96.0,21100,18000
282010,Shahganj,27.171737115083523,77.98660384465538,40,,7400,6300
431605,Nanded CIDCO / Taroda,19.12,77.295,40,69.0,8100,6900
122506,Sector 97,28.4203051479877,76.8607760162296,40,,24700,21000
422003,Panchavati,20.0176,73.791,40,75.0,9500,8000
123502,Dohki,28.239842077883804,76.67443978421706,40,,13500,11500
411014,Kalyani Nagar,18.558,73.9012,40,94.0,16200,13700
686693,Nellimattam,10.046695,76.77043499999999,40,,19800,16900
325001,Kaithoon,25.18099263768563,75.931025434249,40,,10700,9100
324001,324001,25.15460586121595,75.86059570312501,40,,10700,9100
201008,201008,28.56282838550213,77.64461617553248,40,,28600,24300
201001,Ghaziabad,28.66597993573544,77.49257330894815,40,,11200,9500
637003,Nallipalayam,11.3033889,78.118604,40,,14200,12000
501359,Mohabat Nagar,17.16047377650411,78.46246719360353,40,,11200,9600
524311,Thotapalliguduru,14.557001,79.7234781,40,,9800,8400
380023,Shastri Nagar,23.03854745459368,72.62786865234376,40,,11200,9600
412105,Alandi,18.697261205630664,73.91195974099524,40,,16200,13700
411025,411025,18.4245859996766,73.75945888889335,40,,16200,13700
501505,501505,17.379950294913925,78.63135167595722,40,,11200,9600
560049,Jyotipura,13.105382121251072,77.74013696624533,40,,21100,18000
533309,Kapileswarapuram S.O (East Godavari),16.6443029,81.5885247,40,,10800,9200
387335,Mahudha,22.8532503,72.9953586,40,,13400,11400
335526,5 GGR,29.520890519025382,74.52026367187501,40,,8900,7600
229408,Kalakankar,25.82053,81.39398,40,,5800,4900
229410,Kaithola,25.9596,81.54294,40,,5800,4900
401301,Kaman,19.31849186131494,72.90527343750001,40,,12400,10600
788119,Sonaimukh,24.75864,92.8816648,40,,7800,6600
321204,Jot Gaweti,27.661163884338933,77.04107156017042,40,,9300,7900
734431,Sahabad,26.75,88.25,40,,10800,9200
402105,402105,18.12867,73.15193500000001,40,,14700,12500
560003,Chamrajpet,12.962,77.5632,40,100.0,21100,18000
331305,Gudan,28.461055524098345,75.52863025012786,40,,10600,9000
700019,Ballygunge,22.5354262,88.3633146,40,,15200,13000
412110,Bhosari,18.633557892010256,73.88411329370022,40,,16200,13700
412216,412216,18.63261261261261,74.06570357093172,40,74.0,16200,13700
412307,412307,18.51994680349436,74.00226575260659,40,,16200,13700
335512,Satipura,29.633503131638,74.29611275870339,40,,8900,7600
533464,"Yanam, Puducherry",16.7385032,82.2106199,40,,10800,9200
284303,Moth,25.69457380962044,78.94077633439716,40,,9400,8000
284306,Poonch,25.78999956287362,79.04663085937501,40,,9400,8000
402300,Mahad,18.05053495173088,73.42437744140626,40,,14700,12500
625005,Thiruparankundram,9.9369266,78.007823,40,,14500,12300
453485,Datoda,22.54297510222975,75.87158203125001,40,,11200,9600
400097,Malad East,19.1776,72.8681,40,91.0,20900,17800
521250,Virankilock,16.266675,80.864295,40,,12900,10900
203202,Bilaspur,28.403780747296384,77.60847599111814,40,,28600,24300
203205,Sanwli,28.467484060916792,77.63849208002596,40,,7000,5900
560074,Kaniminike,12.88130322219734,77.43658033866863,40,,21100,18000
283105,Mahaur,27.171737115083523,77.84347428034465,40,,7400,6300
283119,283119,27.012605773210016,77.80797124389846,40,,7400,6300
400074,Chembur East,19.0488,72.9302,40,92.0,20900,17800
400080,Mulund West,19.168,72.951,40,91.0,20900,17800
400086,Borivali West,19.234,72.858,40,92.0,20900,17800
282007,Sikandra,27.198123891553205,77.91503906250001,40,,7400,6300
422001,Nashik City Center,19.9975,73.7898,40,77.0,9500,8000
301702,Gangapuri,27.99400685907465,76.74224853515626,40,,14700,12500
301704,Adeend,28.11912198708812,76.39860905451226,40,,11200,9600
301705,Kanhawas,28.055418673467702,76.36870879036529,40,,11200,9600
301707,Mirchooni,28.08409694916474,76.84436167481472,40,,14700,12500
301708,Nangli Balai,28.1455087635578,76.4707946777344,40,,11200,9600
713200,713200,23.642569153500027,87.32370187958661,40,,11200,9600
713366,Barabani,23.75518176611264,87.01216617644816,40,,11200,9600
686673,Muvattupuzha Market,9.990189999999998,76.59462500000001,40,,19800,16900
686681,Chelad Junction,10.17347,76.7701,40,,19800,16900
686691,Kothamangalam,10.046905,76.619995,40,,19800,16900
440001,Nagpur Sadar / Civil Lines,21.159,79.087,40,80.0,13300,11300
501511,Injapur,17.284587743508688,78.58989877409994,40,,11200,9600
500081,Gachibowli,17.4401,78.3489,40,,8700,7400
284302,Khadaini,25.726296249253213,79.11738128913815,40,,9400,8000
335525,Ramzanpura,29.45718720540497,74.44705629018843,40,,8900,7600
476332,476332,25.79989118208833,77.13619737878263,40,,6000,5100
476221,Alapur,26.344099789955827,77.83813476562501,40,,7200,6100
534350,Kovvur,16.9956639,81.7154378,40,,11600,9900
177106,Dadasiba,31.92469,76.069755,40,,11300,9600
686692,Thrikkariyoor,10.11262,76.60125,40,,19800,16900
416001,Kolhapur City Center,16.705,74.2433,40,76.0,12700,10800
416115,Ichalkaranji,16.691,74.46,40,72.0,12700,10800
476335,476335,25.79989118208833,77.03613281250001,40,,6000,5100
303122,Keriya Ka Bas,26.811162118874712,75.5145263671875,40,,14800,12600
201009,Masuri,28.69270928614202,77.53601074218751,40,,11200,9500
410221,Somatne,18.97513000046636,73.13804626464845,40,,14700,12500
410208,Valap,19.05919738778152,73.14285278320314,40,,14700,12500
410500,Chakan,18.745225225225223,73.86,40,87.0,10600,9000
400071,Chembur,19.052,72.9,40,95.0,20900,17800
416008,Rajarampuri,16.692,74.232,40,78.0,12700,10800
360001,360001,22.332467352694376,70.7929789507673,40,,13100,11100
391400,Padra,22.20266340800921,73.15246582031251,40,,11200,9600
127201,Sham Kalyan,28.57366813671096,75.85331702079165,40,,13800,11800
131023,Sewli,28.94050601417393,77.12539672851564,40,,10700,9100
250400,Mawana,29.07870898064743,77.922371375254,40,,11200,9500
250601,Meetli,28.96639742981878,77.31594085693361,40,,11200,9500
364700,Nagalpar,22.12126604542579,71.65283203125001,40,,11200,9600
413304,Pandharpur,17.6792,75.3316,40,68.0,8600,7300
563102,Madhava Gurjena Halli,13.211130184603103,78.08876037597658,40,,10800,9200
476355,476355,25.73618786846793,77.10688914587493,40,,6000,5100
141001,Ludhiana City,30.9,75.85,40,74.0,13500,11500
275201,Bahadurganj,25.8531,83.678015,40,,5400,4600
275202,Dullahpur,25.771865,83.410325,40,,5400,4600
275203,Jakhania,25.751705,83.34905,40,,5400,4600
275204,Sadat,25.69626,83.270465,40,,5400,4600
400614,Vashi,19.0771,73.0028,40,89.0,12400,10600
400708,Airoli,19.1553,72.9984,40,84.0,12400,10600
440010,Ramdaspeth,21.1392,79.0698,40,83.0,13300,11300
275205,Shadiabad,25.65348,83.382285,40,,5400,4600
440015,Trimurti Nagar,21.128,79.027,40,77.0,13300,11300
518001,Kurnool,15.828755,78.04997499999999,40,,9500,8000
110085,Rohini,28.7495,77.0737,40,81.0,16800,14300
221009,Sahupuri,25.28747,83.06972999999999,40,,5400,4600
606001,Vriddhachalam,11.5202071,79.3396356,40,,8500,7200
400070,Ghatkopar,19.074,72.907,40,90.0,20900,17800
250205,محی الدین پور,28.90239305441441,77.62662079982385,40,,11100,9500
250223,Sakoti,29.19132159326005,77.69943237304688,40,,11100,9500
250345,Pichokra,29.0966,77.40045,40,,11200,9500
110032,Vivek Vihar,28.6724,77.3078,40,83.0,16800,14200
282001,282001,27.10795250959734,78.0665846886099,40,,7400,6300
110006,Chandni Chowk,28.6562,77.23,40,115.0,15700,13400
250101,250101,28.862793314553063,77.23937988281251,40,,11200,9500
250110,Modipuram,29.05618645812491,77.69943237304688,40,,11100,9500
110073,Rawata Mor,28.60266817633609,76.90299450419325,40,,22200,18900
110009,Model Town,28.7143,77.1908,40,92.0,12700,10800
281306,Sadabad,27.431755000000003,77.98521,40,,11200,9500
110041,Mundka,28.693560896242165,77.02914354701153,40,,20000,17000
250002,Lisari,28.96609636803482,77.69943237304688,40,,11100,9500
250004,Hasanpur,28.96609636803482,77.80240348739659,40,,11100,9500
110045,Mahavir Enclave,28.60454052249523,77.08886105243033,40,,22200,18900
517584,Vepagunta,13.35966,79.51319000000001,40,,11800,10000
124106,Matenhail,28.556536442585504,76.52213710694525,40,,9100,7700
110047,Dera,28.45805607562956,77.16191808339161,40,,22200,18900
124401,124401,28.88186954087157,76.74524727769312,40,,11300,9600
124107,Dighal,28.762323624312952,76.66266868624093,40,,9100,7700
124504,Dulhera,28.65365145951716,76.80016168623509,40,,9100,7700
124507,Saulda,28.68003823598684,76.87271118164062,40,,9100,7700
124102,Gudha,28.615870539671818,76.61006927490236,40,,9100,7700
124022,124022,28.88186954087157,76.43712576918189,40,,11300,9600
