pincode,name,district,state
110001,New Delhi G.P.O.,New Delhi,DELHI
110002,Indraprastha,Central Delhi,DELHI
110003,Lodi Road,South Delhi,DELHI
110004,Rashtrapati Bhawan,Central Delhi,DELHI
110005,Karol Bagh,Central Delhi,DELHI
110006,Delhi G.P.O.,North Delhi,DELHI
110007,Malka Ganj,North Delhi,DELHI
110008,Patel Nagar,Central Delhi,DELHI
110009,G.T.B.Nagar,North West Delhi,DELHI
110010,Delhi Cantt,South West Delhi,DELHI
110011,Nirman Bhawan,Central Delhi,DELHI
110012,I.A.R.I.,Central Delhi,DELHI
110013,Hazrat Nizamuddin,South Delhi,DELHI
110014,Jungpura,South Delhi,DELHI
110015,Ramesh Nagar,West Delhi,DELHI
110016,Hauz Khas,South West Delhi,DELHI
110017,Malviya Nagar,South Delhi,DELHI
110018,Tilak Nagar,West Delhi,DELHI
110019,Kalkaji,South Delhi,DELHI
110020,Okhla Industrial Estate,South Delhi,DELHI
110021,Chanakya Puri,South West Delhi,DELHI
110022,R K Puram Sect-5,South West Delhi,DELHI
110023,Sarojini Nagar,South West Delhi,DELHI
110024,Lajpat Nagar,South Delhi,DELHI
110025,New Friends Colony,South Delhi,DELHI
110026,Punjabi Bagh,West Delhi,DELHI
110027,Tagore Garden,West Delhi,DELHI
110028,Naraina Industrial Estate,South West Delhi,DELHI
110029,Safdarjung Enclave,South West Delhi,DELHI
110030,Mehrauli,South West Delhi,DELHI
110031,Gandhi Nagar,East Delhi,DELHI
110032,Shahdara,East Delhi,DELHI
110033,N.S.Mandi,North West Delhi,DELHI
110034,Saraswati Vihar,North West Delhi,DELHI
110035,Onkar Nagar,North West Delhi,DELHI
110036,Alipur,North West Delhi,DELHI
110037,Gurgaon Road,South West Delhi,DELHI
110038,A F Rajokari,South West Delhi,DELHI
110039,Bawana,North West Delhi,DELHI
110040,Narela,North West Delhi,DELHI
110041,Nangloi,West Delhi,DELHI
110042,Samai Pur,North West Delhi,DELHI
110043,Najafgarh,South West Delhi,DELHI
110044,Badarpur,South Delhi,DELHI
110045,Palam Village,South West Delhi,DELHI
110046,Nangal Raya,South West Delhi,DELHI
110047,Arjungarh,South West Delhi,DELHI
110048,Greater Kailash,South Delhi,DELHI
110049,Andrewsganj,South Delhi,DELHI
110050,Safdarjung Sorting Delivery Office,South Delhi,DELHI
110051,Krishna Nagar,East Delhi,DELHI
110052,Ashok Vihar,North West Delhi,DELHI
110053,Seelampur,East Delhi,DELHI
110054,Civil Lines,North Delhi,DELHI
110055,Swami Ram Tirth Nagar,Central Delhi,DELHI
110056,Shakur Basti Depot,North West Delhi,DELHI
110057,Vasant Vihar-1,South West Delhi,DELHI
110058,Janakpuri B-1,West Delhi,DELHI
110059,D. K. Mohan Garden,West Delhi,DELHI
110060,Rajender Nagar,Central Delhi,DELHI
110061,Bijwasan,South West Delhi,DELHI
110062,Pushpa Bhawan,South Delhi,DELHI
110063,Paschim Vihar,West Delhi,DELHI
110064,Maya Puri,South West Delhi,DELHI
110065,Sriniwaspuri,South Delhi,DELHI
110066,R K Puram,South West Delhi,DELHI
110067,J.N.U.,South West Delhi,DELHI
110068,Ignou,South West Delhi,DELHI
110069,Union Public Service Commission,Central Delhi,DELHI
110070,Vasant Kunj,South West Delhi,DELHI
110071,Chhawla,South West Delhi,DELHI
110072,CRPF Jharoda Kalan,South West Delhi,DELHI
110073,Ujwa,South West Delhi,DELHI
110074,Chattarpur,South West Delhi,DELHI
110075,Dwarka Sec-6,South West Delhi,DELHI
110076,Sarita Vihar,South Delhi,DELHI
110077,Raj Nagar - II,South West Delhi,DELHI
110078,N.S.I.T. Dwarka,South West Delhi,DELHI
110080,Sangam Vihar,South Delhi,DELHI
110081,Kanjhawla,North West Delhi,DELHI
110082,Khera Kalan,North West Delhi,DELHI
110083,Mangolpuri N Block,North West Delhi,DELHI
110084,Burari,North Delhi,DELHI
110085,Rohini Sector-7,North West Delhi,DELHI
110086,Sultanpuri C Block,North West Delhi,DELHI
110087,Sunder Vihar,West Delhi,DELHI
110088,Shalimar Bagh,North West Delhi,DELHI
110089,Rohini Sector 15,North West Delhi,DELHI
110090,Karawal Nagar,East Delhi,DELHI
110091,Patparganj,East Delhi,DELHI
110092,Laxmi Nagar,East Delhi,DELHI
110093,"Nand Nagri ""C""",East Delhi,DELHI
110094,Gokal Puri,East Delhi,DELHI
110095,Jhilmil,East Delhi,DELHI
110096,Vasundhra Enclave,East Delhi,DELHI
110097,Kapashera,South West Delhi,DELHI
110098,AMPC Delivery,New Delhi,DELHI
110100,Foreign Post Delhi IBC,Central Delhi,DELHI
121001,Faridabad NIT,Faridabad,HARYANA
121002,Faridabad Sector 16a,Faridabad,HARYANA
121003,Amarnagar,Faridabad,HARYANA
121004,Ballabgarh,Faridabad,HARYANA
121005,Faridabad Sector 22,Faridabad,HARYANA
121006,Faridabad Sector 7,Faridabad,HARYANA
121007,Escortsnagar Faridabad,Faridabad,HARYANA
121008,Faridabad Sector 29,Faridabad,HARYANA
121009,Surajkund Faridabad,Faridabad,HARYANA
121010,Nhpc Colony Faridabad,Faridabad,HARYANA
121012,Sector-21D,Faridabad,HARYANA
121013,Sec-91,Faridabad,HARYANA
121014,Greater Faridabad,Faridabad,HARYANA
121015,Sector 55,Faridabad,HARYANA
121101,Tigaon,Faridabad,HARYANA
121102,Palwal,Faridabad,HARYANA
121103,Hathin,Faridabad,HARYANA
121105,Aurangabad,Faridabad,HARYANA
121106,Hodal,Faridabad,HARYANA
121107,Hassanpur,Faridabad,HARYANA
122001,Gurgaon,Gurgaon,HARYANA
122002,DLF QE,Gurgaon,HARYANA
122003,Gurgaon Sector 45,Gurgaon,HARYANA
122004,Narsinghpur,Gurgaon,HARYANA
122005,Air Force,Gurgaon,HARYANA
122006,Railwary Road,Gurgaon,HARYANA
122007,Industrial Estate,Gurgaon,HARYANA
122008,DLF Ph-II,Gurgaon,HARYANA
122009,Galleria DLF-IV,Gurgaon,HARYANA
122010,DLF Ph-III,Gurgaon,HARYANA
122011,Gurgaon Sector 56,Gurgaon,HARYANA
122012,Vatika India Sector 82 Gurgaon,Gurgaon,HARYANA
122015,Palam Road,Gurgaon,HARYANA
122016,Industrial Complex Dundahera,Gurgaon,HARYANA
122017,Palam Vihar,Gurgaon,HARYANA
122018,Gurgaon South City II,Gurgaon,HARYANA
122051,Nsg Camp Manesar,Gurgaon,HARYANA
122052,IMT Manesar,Gurgaon,HARYANA
122098,CRPF Kadarpur,Gurgaon,HARYANA
122101,Badshahpur,Gurgaon,HARYANA
122102,Bhondsi,Gurgaon,HARYANA
122103,Sohna,Gurgaon,HARYANA
122104,Ferozepur Jhirka,Gurgaon,HARYANA
122105,Tauru,Gurgaon,HARYANA
122107,Nuh,Gurgaon,HARYANA
122108,Nagina,Gurgaon,HARYANA
122413,Bhorakalan,Gurgaon,HARYANA
122414,Nanukalan,Gurgaon,HARYANA
122502,Khalilpur,Gurgaon,HARYANA
122503,Pataudi,Gurgaon,HARYANA
122504,Haillymandi,Gurgaon,HARYANA
122505,Garhi Harsaru,Gurgaon,HARYANA
122506,Farrukh Nagar,Gurgaon,HARYANA
122508,Punhana,Gurgaon,HARYANA
123001,Narnaul,Mahendragarh,HARYANA
123021,Mandi Ateli,Rewari,HARYANA
123023,Nangal Chaudhry,Mahendragarh,HARYANA
123024,Satnali,Mahendragarh,HARYANA
123027,Kanina,Mahendragarh,HARYANA
123028,Nangal Sirohi,Mahendragarh,HARYANA
123029,Mohindergarh,Mahendragarh,HARYANA
123031,CUH M.Garh,Mahendragarh,HARYANA
123034,Bawania,Mahendragarh,HARYANA
123035,Palhawas,Rewari,HARYANA
123101,Khori,Rewari,HARYANA
123102,Kund,Rewari,HARYANA
123103,Khol,Rewari,HARYANA
123106,Dharuhera,Rewari,HARYANA
123110,Industrial Area Dharuhera,Rewari,HARYANA
123301,Guriani,Rewari,HARYANA
123302,Kosli,Rewari,HARYANA
123303,Nahar,Rewari,HARYANA
123401,Rewari,Rewari,HARYANA
123411,Dahina,Mahendragarh,HARYANA
123412,Dharan,Mahendragarh,HARYANA
123501,Bawal,Mahendragarh,HARYANA
124001,Rohtak,Rohtak,HARYANA
124010,Police Training College Sunaria,Rohtak,HARYANA
124021,Asthal Bohar,Rohtak,HARYANA
124022,Mokhra,Rohtak,HARYANA
124102,Dujana,Jhajjar,HARYANA
124103,Jhajjar,Jhajjar,HARYANA
124104,Nehru College Jhajjar,Jhajjar,HARYANA
124105,Badli,Jhajjar,HARYANA
124106,Matanhail,Jhajjar,HARYANA
124107,Dighal,Jhajjar,HARYANA
124108,Machrauli,Jhajjar,HARYANA
124109,Dhakla,Jhajjar,HARYANA
124111,Madina,Rohtak,HARYANA
124112,Mehem,Rohtak,HARYANA
124113,Kalanaur,Rohtak,HARYANA
124141,Power Plant Jharli,Rohtak,HARYANA
124142,Bahu,Jhajjar,HARYANA
124146,Sahlawas,Jhajjar,HARYANA
124201,Beri,Jhajjar,HARYANA
124202,Dubaldhan,Jhajjar,HARYANA
124303,Sanghi,Rohtak,HARYANA
124401,Bhalaut,Rohtak,HARYANA
124404,Hassangarh,Jhajjar,HARYANA
124406,Kansala,Rohtak,HARYANA
124411,Anwal,Rohtak,HARYANA
124412,Kahnaur,Rohtak,HARYANA
124501,Sampla,Jhajjar,HARYANA
124504,Charra,Jhajjar,HARYANA
124505,Assaudha,Jhajjar,HARYANA
124506,Mandothi,Jhajjar,HARYANA
124507,Bahadurgarh,Jhajjar,HARYANA
124508,Bahadurgarh Mandi,Jhajjar,HARYANA
124513,Nindana,Rohtak,HARYANA
124514,Lakhan Majra,Rohtak,HARYANA
125001,Hisar,Hisar,HARYANA
125004,Ha U Hisar,Hisar,HARYANA
125005,Modle Town Hisar,Hisar,HARYANA
125006,Hisar Cantt,Hisar,HARYANA
125007,Azad Nagar Hisar,Hisar,HARYANA
125011,B.S.F Hisar,Hisar,HARYANA
125033,Hansi,Hisar,HARYANA
125037,Nalwa,Hisar,HARYANA
125038,Khanda Kheri,Hisar,HARYANA
125039,Narnaund,Hisar,HARYANA
125042,Bass,Hisar,HARYANA
125044,Satroad Khurd,Hisar,HARYANA
125047,Agroha,Hisar,HARYANA
125048,Badopal,Fatehabad,HARYANA
125049,Sisai,Hisar,HARYANA
125050,Fatehabad,Fatehabad,HARYANA
125051,Rattia,Fatehabad,HARYANA
125052,Mandi Adampur,Hisar,HARYANA
125053,Bhattu Kalan,Fatehabad,HARYANA
125054,Bahaudin,Sirsa,HARYANA
125055,Sirsa,Sirsa,HARYANA
125056,JCD Vidyapeeth Sirsa,Sirsa,HARYANA
125058,Ding,Sirsa,HARYANA
125060,Sikander Pur,Sirsa,HARYANA
125075,Siri Jiwan Nagar,Sirsa,HARYANA
125076,Rania,Sirsa,HARYANA
125077,Odhan,Sirsa,HARYANA
125078,Baragudha,Sirsa,HARYANA
125101,Chautala,Sirsa,HARYANA
125102,Ellenabad,Sirsa,HARYANA
125103,Goriwala,Sirsa,HARYANA
125104,Mandi Dabwali,Sirsa,HARYANA
125106,Dharsul Kalan,Fatehabad,HARYANA
125110,Chopta Nathu Sari,Sirsa,HARYANA
125111,Bhuna,Fatehabad,HARYANA
125112,Pabra,Hisar,HARYANA
125113,Uklana Mandi,Hisar,HARYANA
125120,Tohana Mandi,Fatehabad,HARYANA
125121,Barwala,Hisar,HARYANA
125133,Jakhal Mandi,Fatehabad,HARYANA
125201,Kalanwali,Sirsa,HARYANA
126101,Julana,Jind,HARYANA
126102,Jind,Jind,HARYANA
126110,Dharthrath,Jind,HARYANA
126111,Alewa,Jind,HARYANA
126112,Safidon,Jind,HARYANA
126113,Pillukhera,Jind,HARYANA
126114,Shamlo Kalan,Jind,HARYANA
126115,Uchana,Jind,HARYANA
126116,Narwana,Jind,HARYANA
126125,Naguran,Jind,HARYANA
126152,Dhanoda Kalan,Jind,HARYANA
127021,Bhiwani,Bhiwani,HARYANA
127022,Chiriya,Bhiwani,HARYANA
127025,Baund,Bhiwani,HARYANA
127026,Birhi Kalan,Bhiwani,HARYANA
127027,Chang,Bhiwani,HARYANA
127028,Behl,Bhiwani,HARYANA
127029,Kairu,Bhiwani,HARYANA
127030,Jui Khurd,Bhiwani,HARYANA
127031,Tigrana,Bhiwani,HARYANA
127032,Bawani Khera,Bhiwani,HARYANA
127035,Jamalpur,Bhiwani,HARYANA
127040,Tosham,Bhiwani,HARYANA
127041,Mundhal Khurd,Bhiwani,HARYANA
127042,Sanwar,Bhiwani,HARYANA
127043,Rodhan,Bhiwani,HARYANA
127045,Barwa,Bhiwani,HARYANA
127046,Siwani,Bhiwani,HARYANA
127111,Bapora,Bhiwani,HARYANA
127114,Kharak Kalan,Bhiwani,HARYANA
127201,Loharu,Bhiwani,HARYANA
127306,Charkhi  Dadri Hsg-ii,Bhiwani,HARYANA
127307,Achina,Bhiwani,HARYANA
127308,Badhara,Bhiwani,HARYANA
127309,Manheru,Bhiwani,HARYANA
127310,Jhojhu,Bhiwani,HARYANA
127311,Neemariwali,Bhiwani,HARYANA
127312,Nihalgarh,Bhiwani,HARYANA
131001,Sonipat,Sonipat,HARYANA
131021,Bahalgarh,Sonipat,HARYANA
131022,Bhatgaon,Sonipat,HARYANA
131023,Jakhauli,Sonipat,HARYANA
131024,Juan,Sonipat,HARYANA
131027,Murthal,Sonipat,HARYANA
131028,Industrial Estate Kundli,Sonipat,HARYANA
131029,P.S.Rai,Sonipat,HARYANA
131030,TDI City Kundli,Sonipat,HARYANA
131039,Engg College Muthal,Sonipat,HARYANA
131101,Ganaur,Sonipat,HARYANA
131102,Purkhas,Sonipat,HARYANA
131103,Nahri,Sonipat,HARYANA
131301,Gohana,Sonipat,HARYANA
131302,Butana,Sonipat,HARYANA
131304,Baroda,Sonipat,HARYANA
131305,Kanyagurukul Khanpur,Sonipat,HARYANA
131306,Mundlana,Sonipat,HARYANA
131402,Kharkhauda,Sonipat,HARYANA
131403,Rohat,Sonipat,HARYANA
131408,Farmana,Sonipat,HARYANA
131409,Bhainswal Kalan,Sonipat,HARYANA
132001,Karnal,Karnal,HARYANA
132022,Kunjpura,Karnal,HARYANA
132023,S.S. Kunjpura,Karnal,HARYANA
132024,Nissing,Karnal,HARYANA
132036,Jundla,Karnal,HARYANA
132037,Madhuban,Karnal,HARYANA
132039,Assandh,Karnal,HARYANA
132040,Ballah,Karnal,HARYANA
132041,Indri,Karnal,HARYANA
132046,Salwan,Karnal,HARYANA
132054,Garhi Birbal,Karnal,HARYANA
132101,Samalkha,Panipat,HARYANA
132102,Patti Kalyana,Panipat,HARYANA
132103,Panipat,Panipat,HARYANA
132104,Panipat Khadi Ashram,Panipat,HARYANA
132105,Panipat Thermal Project,Panipat,HARYANA
132106,Panipat NFL,Panipat,HARYANA
132107,Israna,Panipat,HARYANA
132108,Panipat Beas Project,Panipat,HARYANA
132113,Madlauda,Panipat,HARYANA
132114,Gharunda,Karnal,HARYANA
132115,Hathwala,Panipat,HARYANA
132116,Taraori,Karnal,HARYANA
132117,Nilokheri,Karnal,HARYANA
132122,Atta,Panipat,HARYANA
132140,Panipat Refinary,Panipat,HARYANA
132145,Neoltha,Panipat,HARYANA
132157,Nigdhu,Karnal,HARYANA
133001,Ambala G.P.O.,Ambala,HARYANA
133004,Kuldeep Nagar,Ambala,HARYANA
133005,Babyal,Ambala,HARYANA
133006,Ind-estate,Ambala,HARYANA
133008,Majri,Ambala,HARYANA
133010,Defence Colony,Ambala,HARYANA
133101,Bihta,Ambala,HARYANA
133102,Kesri,Ambala,HARYANA
133103,Mustafabad,Yamuna Nagar,HARYANA
133104,Saha,Ambala,HARYANA
133201,Barara,Ambala,HARYANA
133202,Dhin,Ambala,HARYANA
133203,Mullana,Ambala,HARYANA
133204,Sadhaura,Yamuna Nagar,HARYANA
133205,Adhoya,Ambala,HARYANA
133206,Sarawan,Yamuna Nagar,HARYANA
133207,Mullana Engineering College,Ambala,HARYANA
133301,B.C.W. Suraj Pur,Panchkula,HARYANA
133302,Kalka,Panchkula,HARYANA
134003,Ambala City,Ambala,HARYANA
134005,Jandli,Ambala,HARYANA
134007,Baldev Nagar,Ambala,HARYANA
134008,Durga Nagar,Ambala,HARYANA
134101,H.M.T.Pinjore,Panchkula,HARYANA
134102,Pinjore,Panchkula,HARYANA
134103,I.T.B.P.  Bhanu,Panchkula,HARYANA
134104,C.R.P.F. Pinjore,Panchkula,HARYANA
134105,Amravati Enclave,Panchkula,HARYANA
134107,Chandi Mandir Cantt,Panchkula,HARYANA
134108,G.K. Panchkula,Panchkula,HARYANA
134109,Panchkula Sector 8,Panchkula,HARYANA
134112,Panchkula Sector 4,Panchkula,HARYANA
134113,Sector 15 Panchkula,Panchkula,HARYANA
134114,Mansa  Devi Sec-5,Panchkula,HARYANA
134116,Sector-26 Panchkula,Panchkula,HARYANA
134117,Sector 20 Panchkula,Panchkula,HARYANA
134118,Barwala,Panchkula,HARYANA
134201,Jatwar,Ambala,HARYANA
134202,Shahzadpur,Ambala,HARYANA
134203,Naraingarh,Ambala,HARYANA
134204,Raipur Rani,Panchkula,HARYANA
134205,Morni,Panchkula,HARYANA
135001,Yamunanagar,Yamuna Nagar,HARYANA
135002,Jagdhari Work Shop,Yamuna Nagar,HARYANA
135003,Jagadhri,Yamuna Nagar,HARYANA
135004,Thermal Colony Yamuna Nagar,Yamuna Nagar,HARYANA
135021,Khirzrabad  East,Yamuna Nagar,HARYANA
135101,Buriya,Yamuna Nagar,HARYANA
135102,Bilaspur,Yamuna Nagar,HARYANA
135103,Chhachrauli,Yamuna Nagar,HARYANA
135106,Bhudkalan,Yamuna Nagar,HARYANA
135133,Radaur,Yamuna Nagar,HARYANA
136020,Dhand,Kaithal,HARYANA
136021,Kaul,Kaithal,HARYANA
136026,Pundri,Kaithal,HARYANA
136027,Kaithal,Kaithal,HARYANA
136030,Gumthala Garhu,Kurukshetra,HARYANA
136033,Siwan,Kaithal,HARYANA
136034,Chika,Kaithal,HARYANA
136035,Guhla,Kaithal,HARYANA
136038,Amin,Kurukshetra,HARYANA
136042,Fatehpur,Kaithal,HARYANA
136043,Pai,Kaithal,HARYANA
136044,Rajound,Kaithal,HARYANA
136117,Kalayat,Kaithal,HARYANA
136118,Kurukshetra,Kurukshetra,HARYANA
136119,Kurukshetra University,Kurukshetra,HARYANA
136128,Pehowa,Kurukshetra,HARYANA
136129,Ismailabad,Kurukshetra,HARYANA
136130,Jhansa,Kurukshetra,HARYANA
136131,Pipli,Kurukshetra,HARYANA
136132,Ladwa,Kurukshetra,HARYANA
136135,Shahabad,Kurukshetra,HARYANA
136136,Thol,Kurukshetra,HARYANA
136156,Babain,Kurukshetra,HARYANA
140001,Ropar,Rupnagar,PUNJAB
140101,Morinda,Ropar,PUNJAB
140102,Lutheri,Ropar,PUNJAB
140103,Kurali,Mohali,PUNJAB
140108,Mian Pur,Rupnagar,PUNJAB
140109,Khizrabad West,Mohali,PUNJAB
140110,Sialba Majri,Mohali,PUNJAB
140111,Bela,Rupnagar,PUNJAB
140112,Chamkaur Sahib,Rupnagar,PUNJAB
140113,Ghanauli,Rupnagar,PUNJAB
140114,Bharatgarh,Rupnagar,PUNJAB
140115,Kiratpur Sahib,Ropar,PUNJAB
140116,Kotla Power House,Rupnagar,PUNJAB
140117,Nurpur Bedi,Rupnagar,PUNJAB
140118,Anand Pur Sahib,Ropar,PUNJAB
140119,Takhatgarh,Rupnagar,PUNJAB
140123,Ganugwal,Rupnagar,PUNJAB
140124,Nangal Township,Rupnagar,PUNJAB
140125,Pratap Nagar Nangal,Rupnagar,PUNJAB
140126,Fertilizer Factory Nangal,Rupnagar,PUNJAB
140133,Bhanupali,Ropar,PUNJAB
140201,Mubarakpur,Mohali,PUNJAB
140301,Kharar,Mohali,PUNJAB
140306,Manauli,Mohali,PUNJAB
140307,Landran,Mohali,PUNJAB
140308,Sohana,Mohali,PUNJAB
140401,Rajpura,Patiala,PUNJAB
140402,Rajpura Township,Patiala,PUNJAB
140405,Sangatpur Sodhian,Fatehgarh Sahib,PUNJAB
140406,Sirhind,Fatehgarh Sahib,PUNJAB
140407,Fatehgarh Sahib,Fatehgarh Sahib,PUNJAB
140408,Chuni Kalan,Fatehgarh Sahib,PUNJAB
140412,Bassi,Fatehgarh Sahib,PUNJAB
140413,Gharuan,Mohali,PUNJAB
140417,Shambhu,Patiala,PUNJAB
140501,Lalru,Mohali,PUNJAB
140506,Dappar Ad,Mohali,PUNJAB
140507,Derabassi,Mohali,PUNJAB
140601,Banur,Patiala,PUNJAB
140602,Manakpur,Patiala,PUNJAB
140603,Zirakpur,Mohali,PUNJAB
140604,Baltana,Mohali,PUNJAB
140701,Kauli,Patiala,PUNJAB
140702,Ghanur,Patiala,PUNJAB
140802,Sanghol,Fatehgarh Sahib,PUNJAB
140901,Mullanpur,Mohali,PUNJAB
141001,Ludhiana,Ludhiana,PUNJAB
141002,Model Town,Ludhiana,PUNJAB
141003,Millerganj,Ludhiana,PUNJAB
141004,P.A.U.,Ludhiana,PUNJAB
141006,Gne College,Ludhiana,PUNJAB
141007,Basti Jodhewal,Ludhiana,PUNJAB
141008,Central Post Office,Ludhiana,PUNJAB
141010,Focal Point,Ludhiana,PUNJAB
141012,Rajguru Nagar,Ludhiana,PUNJAB
141013,Basant Avenue,Ludhiana,PUNJAB
141014,Dhandari Kalan,Ludhiana,PUNJAB
141015,Mundian Kalan,Ludhiana,PUNJAB
141016,Lohora,Ludhiana,PUNJAB
141017,Jugiana,Ludhiana,PUNJAB
141101,Dakha Mandi,Ludhiana,PUNJAB
141102,Dakha,Ludhiana,PUNJAB
141103,Mohie,Ludhiana,PUNJAB
141104,KCG Sudhar,Ludhiana,PUNJAB
141105,Sarabha,Ludhiana,PUNJAB
141106,Halwara Aerodrome,Ludhiana,PUNJAB
141107,Halwara,Ludhiana,PUNJAB
141108,Pakhowal,Ludhiana,PUNJAB
141109,Raekot,Ludhiana,PUNJAB
141110,Hambran,Ludhiana,PUNJAB
141112,Kohara,Ludhiana,PUNJAB
141113,Katani Kalan,Ludhiana,PUNJAB
141114,Samrala,Ludhiana,PUNJAB
141115,Machhiwara,Ludhiana,PUNJAB
141116,Gill,Ludhiana,PUNJAB
141117,Sihar,Ludhiana,PUNJAB
141118,Dehlon,Ludhiana,PUNJAB
141119,Maloudh,Ludhiana,PUNJAB
141120,Sanehwal,Ludhiana,PUNJAB
141121,Behlolpur,Ludhiana,PUNJAB
141122,Jaspal Banger,Ludhiana,PUNJAB
141123,Ramgarh,Ludhiana,PUNJAB
141125,Kakrala Kalan,Ludhiana,PUNJAB
141126,Sri Bhaini Sahib,Ludhiana,PUNJAB
141127,Koom Kalan,Ludhiana,PUNJAB
141201,Kila Raipur,Ludhiana,PUNJAB
141202,Gujjarwal,Ludhiana,PUNJAB
141203,Narangwal,Ludhiana,PUNJAB
141204,Ghungrana,Ludhiana,PUNJAB
141205,Latala,Ludhiana,PUNJAB
141206,Ghawaddi,Ludhiana,PUNJAB
141401,Khanna,Ludhiana,PUNJAB
141411,Bhari,Fatehgarh Sahib,PUNJAB
141412,Daheru,Ludhiana,PUNJAB
141413,Dhamote,Ludhiana,PUNJAB
141414,Issru,Ludhiana,PUNJAB
141415,Jarg,Ludhiana,PUNJAB
141416,Payal,Ludhiana,PUNJAB
141417,Rahawan,Ludhiana,PUNJAB
141418,Rampur,Ludhiana,PUNJAB
141419,Ghudani Kalan,Ludhiana,PUNJAB
141421,Doraha,Ludhiana,PUNJAB
141422,Bopa Rai Kalan,Ludhiana,PUNJAB
141801,Khamano Kalan,Fatehgarh Sahib,PUNJAB
142001,Moga,Moga,PUNJAB
142002,Purana Moga,Moga,PUNJAB
142003,Moga Kty,Moga,PUNJAB
142011,Dala,Moga,PUNJAB
142021,Baddowal,Ludhiana,PUNJAB
142022,Lalton Kalan,Ludhiana,PUNJAB
142023,Mann,Ludhiana,PUNJAB
142024,Sidhwan Khurd,Ludhiana,PUNJAB
142025,Sowaddi,Ludhiana,PUNJAB
142026,Jagraon,Ludhiana,PUNJAB
142027,Ayali Kalan,Ludhiana,PUNJAB
142028,Threeke,Ludhiana,PUNJAB
142029,Jodhan,Ludhiana,PUNJAB
142030,Kamalpura,Ludhiana,PUNJAB
142031,Hathur,Ludhiana,PUNJAB
142032,Bassian,Ludhiana,PUNJAB
142033,Sidhwan Bet,Ludhiana,PUNJAB
142034,Manuke,Ludhiana,PUNJAB
142035,Mallah,Ludhiana,PUNJAB
142036,Galib Kalan,Ludhiana,PUNJAB
142037,Badhni Kalan,Moga,PUNJAB
142038,Baghapurana,Moga,PUNJAB
142039,Bilaspur,Moga,PUNJAB
142040,Butter,Moga,PUNJAB
142041,Bhinder,Firozpur,PUNJAB
142042,Dharamkot,Moga,PUNJAB
142043,Kot Ise Khan,Moga,PUNJAB
142044,Makhu,Firozpur,PUNJAB
142045,Manoke,Moga,PUNJAB
142046,Patto Hira Singh,Moga,PUNJAB
142047,Zira,Firozpur,PUNJAB
142048,Ghall Kalan,Moga,PUNJAB
142049,Guru Teg Bahadur Garh,Moga,PUNJAB
142050,Talwandi Bhai,Firozpur,PUNJAB
142052,Ferozeshah,Firozpur,PUNJAB
142053,Dhudike,Moga,PUNJAB
142054,Kokri Kalan,Moga,PUNJAB
142055,Nihal Singh Wala,Moga,PUNJAB
142056,Gholia Khurd,Moga,PUNJAB
142057,Samadh Bhai,Moga,PUNJAB
142058,Kishanpura,Moga,PUNJAB
142060,Mudki,Firozpur,PUNJAB
143001,Amritsar G.P.O.,Amritsar,PUNJAB
143002,Khalsa College,Amritsar,PUNJAB
143003,Nodal Delivery Office Amritsar,Amritsar,PUNJAB
143005,Guru Nanak Dev University,Amritsar,PUNJAB
143006,Gandhi Bazar,Amritsar,PUNJAB
143008,Sjs Avenue,Amritsar,PUNJAB
143009,Fatahpur,Amritsar,PUNJAB
143022,Kot Mit Singh,Amritsar,PUNJAB
143101,Raja Sansi,Amritsar,PUNJAB
143102,Ajnala,Amritsar,PUNJAB
143103,Chamiari,Amritsar,PUNJAB
143105,Chheharta,Amritsar,PUNJAB
143107,Distrillery Khasa,Amritsar,PUNJAB
143108,Attari,Amritsar,PUNJAB
143109,Chogawan,Amritsar,PUNJAB
143111,Khilchian,Amritsar,PUNJAB
143112,Rayya,Amritsar,PUNJAB
143113,Fatehpur Rajputan,Amritsar,PUNJAB
143114,Mehta Chowk,Amritsar,PUNJAB
143115,Jandiala Guru,Amritsar,PUNJAB
143116,Tarsika,Amritsar,PUNJAB
143117,Khadoor Sahib,Amritsar,PUNJAB
143118,Vairowal,Tarn Taran,PUNJAB
143119,Mattewal,Amritsar,PUNJAB
143149,Jandiala R.S,Amritsar,PUNJAB
143201,Beas,Amritsar,PUNJAB
143202,Baba Bakala,Amritsar,PUNJAB
143203,Butala,Amritsar,PUNJAB
143204,D.B.J.Singh,Amritsar,PUNJAB
143205,Sathiala,Amritsar,PUNJAB
143301,Chabhal,Tarn Taran,PUNJAB
143302,Sur Singh,Tarn Taran,PUNJAB
143303,Bhikhiwind,Tarn Taran,PUNJAB
143304,Kacha Pacca,Tarn Taran,PUNJAB
143305,Khalra,Tarn Taran,PUNJAB
143401,Tarn Taran,Tarn Taran,PUNJAB
143402,Police Lines Tarn Taran,Tarn Taran,PUNJAB
143406,Kang,Tarn Taran,PUNJAB
143407,Fatehabad,Tarn Taran,PUNJAB
143408,Chohla Sahib,Tarn Taran,PUNJAB
143409,Naushehra Pannuan,Tarn Taran,PUNJAB
143410,Sarhali,Tarn Taran,PUNJAB
143411,Dhotian,Tarn Taran,PUNJAB
143412,Harike,Tarn Taran,PUNJAB
143413,Bundala,Amritsar,PUNJAB
143414,Sarai Amant Khan,Amritsar,PUNJAB
143415,Kairon,Tarn Taran,PUNJAB
143416,Patti,Tarn Taran,PUNJAB
143419,Khem Karan,Tarn Taran,PUNJAB
143422,Goindwal,Tarn Taran,PUNJAB
143501,Verka,Amritsar,PUNJAB
143502,Kathunangal,Amritsar,PUNJAB
143504,Chawinda Devi,Amritsar,PUNJAB
143505,Batala,Gurdaspur,PUNJAB
143506,Govt. Poly. Tech Batala,Gurdaspur,PUNJAB
143507,Aliwal,Gurdaspur,PUNJAB
143511,Bhagowal,Gurdaspur,PUNJAB
143512,Kalanaur,Gurdaspur,PUNJAB
143513,Kala Afgana,Gurdaspur,PUNJAB
143514,Ghoman,Gurdaspur,PUNJAB
143515,Srihargobindpur,Gurdaspur,PUNJAB
143516,Qadian,Gurdaspur,PUNJAB
143517,Bhattian,Gurdaspur,PUNJAB
143518,Naushera Majja Singh,Gurdaspur,PUNJAB
143519,Dhariwal,Gurdaspur,PUNJAB
143520,Sohal,Gurdaspur,PUNJAB
143521,Gurdaspur,Gurdaspur,PUNJAB
143525,Marara,Gurdaspur,PUNJAB
143526,Dorangla,Gurdaspur,PUNJAB
143527,Harchowal,Gurdaspur,PUNJAB
143528,Kahnuwan,Gurdaspur,PUNJAB
143529,Tibber,Gurdaspur,PUNJAB
143530,Tibri,Gurdaspur,PUNJAB
143531,Dinanagar,Gurdaspur,PUNJAB
143532,Behrampur,Gurdaspur,PUNJAB
143533,Gharota,Pathankot,PUNJAB
143534,Taragarh,Pathankot,PUNJAB
143601,Majitha,Amritsar,PUNJAB
143602,Fatehgarh Churian,Gurdaspur,PUNJAB
143603,Ramdass,Amritsar,PUNJAB
143604,Dera Baba Nanak,Gurdaspur,PUNJAB
143605,Dhianpur,Gurdaspur,PUNJAB
143606,Chetanpura,Amritsar,PUNJAB
144001,Jalandhar City,Jalandhar,PUNJAB
144002,Basti Guzan,Jalandhar,PUNJAB
144003,Model Town,Jalandhar,PUNJAB
144004,Industrial Town,Jalandhar,PUNJAB
144005,Jalandhar Cantt,Jalandhar,PUNJAB
144006,P.A.P. Lines Jalandhar Cantt,Jalandhar,PUNJAB
144007,Ladhewali,Jalandhar,PUNJAB
144008,Grain Market,Jalandhar,PUNJAB
144009,Chogitti,Jalandhar,PUNJAB
144010,Dhanowali,Jalandhar,PUNJAB
144011,R.E.C. Jalandhar,Jalandhar,PUNJAB
144012,Reru,Jalandhar,PUNJAB
144020,Jamsher,Jalandhar,PUNJAB
144021,Basti Bawa Khel,Jalandhar,PUNJAB
144022,Urban Estate,Jalandhar,PUNJAB
144023,Dakoha,Jalandhar,PUNJAB
144024,Kukar Pind,Jalandhar,PUNJAB
144025,Jandu Singha,Jalandhar,PUNJAB
144026,Lambra,Jalandhar,PUNJAB
144027,Suranussi,Jalandhar,PUNJAB
144028,Chitti,Jalandhar,PUNJAB
144029,Moron,Jalandhar,PUNJAB
144030,Padhiana,Jalandhar,PUNJAB
144031,Rurka Kalan,Jalandhar,PUNJAB
144032,Samrai,Jalandhar,PUNJAB
144033,Jandiala,Jalandhar,PUNJAB
144034,Bundala,Jalandhar,PUNJAB
144035,Partappura,Jalandhar,PUNJAB
144036,Bilga,Jalandhar,PUNJAB
144037,Pasla,Jalandhar,PUNJAB
144039,Nurmahal,Jalandhar,PUNJAB
144040,Nakoder,Jalandhar,PUNJAB
144041,Mehatpur,Jalandhar,PUNJAB
144042,Shankar,Jalandhar,PUNJAB
144043,Sarih,Jalandhar,PUNJAB
144044,Sidhwan R.S.,Jalandhar,PUNJAB
144101,Patara,Jalandhar,PUNJAB
144102,Adampur Doaba,Jalandhar,PUNJAB
144103,Adampur AD,Jalandhar,PUNJAB
144104,Daroli Kalan,Jalandhar,PUNJAB
144105,Sham Chaurasi,Hoshiarpur,PUNJAB
144106,Adda Kathar,Jalandhar,PUNJAB
144201,Bhogpur,Jalandhar,PUNJAB
144202,Miani,Hoshiarpur,PUNJAB
144204,Urmar,Hoshiarpur,PUNJAB
144205,Dasuya,Hoshiarpur,PUNJAB
144206,Dholbaha,Hoshiarpur,PUNJAB
144207,Garhdiwala,Hoshiarpur,PUNJAB
144208,Hariana,Hoshiarpur,PUNJAB
144209,Janauri,Hoshiarpur,PUNJAB
144210,Bhunga,Hoshiarpur,PUNJAB
144211,Mukerian,Hoshiarpur,PUNJAB
144212,Budhipind,Hoshiarpur,PUNJAB
144213,Bhanowal,Hoshiarpur,PUNJAB
144214,Tanda Ram Sahai,Hoshiarpur,PUNJAB
144216,Talwara Township,Hoshiarpur,PUNJAB
144221,Hajipur,Hoshiarpur,PUNJAB
144222,Datarpur,Hoshiarpur,PUNJAB
144223,Kamahi Devi,Hoshiarpur,PUNJAB
144224,Bhambotar,Hoshiarpur,PUNJAB
144301,Alawalpur,Jalandhar,PUNJAB
144302,Beas Pind,Jalandhar,PUNJAB
144303,Kala Bakra,Jalandhar,PUNJAB
144305,Khudda,Hoshiarpur,PUNJAB
144306,Bhangala,Hoshiarpur,PUNJAB
144311,Dhesian Kahna,Jalandhar,PUNJAB
144401,Phagwara,Kapurthala,PUNJAB
144402,Satnampura,Kapurthala,PUNJAB
144403,Ranipur,Kapurthala,PUNJAB
144404,Ajnoha,Hoshiarpur,PUNJAB
144405,Narur,Kapurthala,PUNJAB
144406,Baddon,Hoshiarpur,PUNJAB
144407,Domeli,Kapurthala,PUNJAB
144408,Panchhat,Kapurthala,PUNJAB
144409,Goraya,Jalandhar,PUNJAB
144410,Phillaur,Jalandhar,PUNJAB
144411,University Campus Nanak Nagri,Kapurthala,PUNJAB
144415,Lassara,Nawanshahr,PUNJAB
144416,Apra,Jalandhar,PUNJAB
144417,Aur,Nawanshahr,PUNJAB
144418,Bara Pind,Jalandhar,PUNJAB
144419,Dayalpur,Jalandhar,PUNJAB
144421,Sahlon,Nawanshahr,PUNJAB
144422,Urapar,Nawanshahr,PUNJAB
144501,Kultham,Nawanshahr,PUNJAB
144502,Dosanjh Kalan,Jalandhar,PUNJAB
144503,Pharala,Nawanshahr,PUNJAB
144504,Behram,Nawanshahr,PUNJAB
144505,Banga,Nawanshahr,PUNJAB
144506,Mahil Gailan,Nawanshahr,PUNJAB
144507,Mokandpur,Nawanshahr,PUNJAB
144508,Naura,Nawanshahr,PUNJAB
144509,Khankhana,Nawanshahr,PUNJAB
144510,Ladhana Jhikka,Nawanshahr,PUNJAB
144511,Dosanjh Khurd,Nawanshahr,PUNJAB
144512,Kahma,Nawanshahr,PUNJAB
144513,Musapur,Nawanshahr,PUNJAB
144514,Nawanshahar,Nawanshahr,PUNJAB
144515,Jadla,Nawanshahr,PUNJAB
144516,Langroya,Nawanshahr,PUNJAB
144517,Rahon,Nawanshahr,PUNJAB
144518,Garcha,Nawanshahr,PUNJAB
144519,Kotfathui,Hoshiarpur,PUNJAB
144520,Binjon,Hoshiarpur,PUNJAB
144521,Balachaur,Nawanshahr,PUNJAB
144522,Kathagrh,Nawanshahr,PUNJAB
144523,Binewal,Hoshiarpur,PUNJAB
144524,Saroa,Nawanshahr,PUNJAB
144525,Sahiba,Nawanshahr,PUNJAB
144526,Mehandpur,Nawanshahr,PUNJAB
144527,Garhshanker,Hoshiarpur,PUNJAB
144528,Rampur Bilron,Hoshiarpur,PUNJAB
144529,Saila Khurd,Hoshiarpur,PUNJAB
144530,Jaijon,Hoshiarpur,PUNJAB
144531,Moranwali,Hoshiarpur,PUNJAB
144532,Samundra,Nawanshahr,PUNJAB
144533,Asron,Nawanshahr,PUNJAB
144601,Kapurthala,Kapurthala,PUNJAB
144602,Rail Coach Factory,Kapurthala,PUNJAB
144603,PTU Campus Kapurthala,Kapurthala,PUNJAB
144606,Talwandi Chaudharian,Kapurthala,PUNJAB
144620,Sheikhupur,Kapurthala,PUNJAB
144621,Begowal,Kapurthala,PUNJAB
144622,Bholath,Kapurthala,PUNJAB
144623,Kala Sanghian,Jalandhar,PUNJAB
144624,Nadala,Kapurthala,PUNJAB
144625,Sidhwan Dona,Kapurthala,PUNJAB
144626,Sultanpur Lodhi,Kapurthala,PUNJAB
144628,Thatha Jadid,Kapurthala,PUNJAB
144629,Lohian,Jalandhar,PUNJAB
144630,Bopa Rai Kalan,Jalandhar,PUNJAB
144631,Nangal Lubana,Kapurthala,PUNJAB
144632,Chachoki,Kapurthala,PUNJAB
144633,Sarhali,Jalandhar,PUNJAB
144701,Malsian,Jalandhar,PUNJAB
144702,Shahkot,Jalandhar,PUNJAB
144703,Nangal Ambian,Jalandhar,PUNJAB
144801,Kartarpur,Jalandhar,PUNJAB
144802,Jagatjit Nagar,Kapurthala,PUNJAB
144803,Dialpur,Kapurthala,PUNJAB
144804,Dhilwan,Kapurthala,PUNJAB
144805,CRPF Campus Sarai Khas,Jalandhar,PUNJAB
144806,Pattar Kalan,Jalandhar,PUNJAB
144819,Raipur Pir Bux Wala,Kapurthala,PUNJAB
145001,Pathankot,Gurdaspur,PUNJAB
145022,Dunera,Pathankot,PUNJAB
145023,Sujanpur,Pathankot,PUNJAB
145024,Madhopur,Pathankot,PUNJAB
145025,Malakpur,Pathankot,PUNJAB
145026,Narot Jailmal Singh,Pathankot,PUNJAB
145027,Bamial,Pathankot,PUNJAB
145029,Shahpur Kandi Township,Pathankot,PUNJAB
145101,Mirthal,Pathankot,PUNJAB
146001,Hoshiarpur,Hoshiarpur,PUNJAB
146021,Sadhu Ashram,Hoshiarpur,PUNJAB
146022,Piplanwala,Hoshiarpur,PUNJAB
146023,Bajwara,Hoshiarpur,PUNJAB
146024,Factory Area Chohal,Hoshiarpur,PUNJAB
146101,Barian  Kalan,Hoshiarpur,PUNJAB
146102,Bassi Kalan,Hoshiarpur,PUNJAB
146103,Bham,Hoshiarpur,PUNJAB
146104,Bihala,Hoshiarpur,PUNJAB
146105,Mahilpur,Hoshiarpur,PUNJAB
146106,Nangal Kalan,Hoshiarpur,PUNJAB
146107,Paldi,Hoshiarpur,PUNJAB
146108,Sarhala Kalan,Hoshiarpur,PUNJAB
146109,Tuto Mazara,Hoshiarpur,PUNJAB
146110,Kot Abdul Khaliq,Hoshiarpur,PUNJAB
146111,Purhiran,Hoshiarpur,PUNJAB
146112,Rajpur Bhayan,Hoshiarpur,PUNJAB
146113,Bulhowal,Hoshiarpur,PUNJAB
146114,Nandachaur,Hoshiarpur,PUNJAB
146115,Pajjodeotta,Hoshiarpur,PUNJAB
146116,Kandhala Jattan,Hoshiarpur,PUNJAB
147001,Patiala,Patiala,PUNJAB
147002,University,Patiala,PUNJAB
147003,D C W,Patiala,PUNJAB
147004,Govt. Printing Press,Patiala,PUNJAB
147005,Majithia Enclave,Patiala,PUNJAB
147006,RGNUL Punjab Patiala,Patiala,PUNJAB
147007,New Lal Bagh Colony,Patiala,PUNJAB
147021,Guruteghbahadurgarh,Patiala,PUNJAB
147101,Samana,Patiala,PUNJAB
147102,Ghagga,Patiala,PUNJAB
147103,Sanaur,Patiala,PUNJAB
147104,Chinarthal Kalan,Patiala,PUNJAB
147105,Patran,Patiala,PUNJAB
147111,Devigarh,Patiala,PUNJAB
147201,Nabha,Patiala,PUNJAB
147202,Bhadson,Patiala,PUNJAB
147203,Amloh,Fatehgarh Sahib,PUNJAB
147301,Mandigobindgarh,Fatehgarh Sahib,PUNJAB
148001,Sangrur,Sangrur,PUNJAB
148002,H R Sangrur,Sangrur,PUNJAB
148017,Bhalwan,Sangrur,PUNJAB
148018,Bagrian,Sangrur,PUNJAB
148019,Jitwal Kalan,Sangrur,PUNJAB
148020,Sandhaur,Sangrur,PUNJAB
148021,Ahmedgarh s.O,Sangrur,PUNJAB
148022,Amargarh,Sangrur,PUNJAB
148023,Malerkotla,Sangrur,PUNJAB
148024,Dhuri,Sangrur,PUNJAB
148025,Sherpur,Sangrur,PUNJAB
148026,Bhawanigarh,Sangrur,PUNJAB
148027,Pakki Khanauri,Sangrur,PUNJAB
148028,Sunam,Sangrur,PUNJAB
148029,Cheema,Sangrur,PUNJAB
148030,Chhajli,Sangrur,PUNJAB
148031,Lehragaga,Sangrur,PUNJAB
148033,Moonak,Sangrur,PUNJAB
148034,Ladda,Sangrur,PUNJAB
148035,Dirba,Sangrur,PUNJAB
148100,Tallewal,Barnala,PUNJAB
148101,Barnala,Barnala,PUNJAB
148102,Bhadaur,Sangrur,PUNJAB
148103,Shaina,Barnala,PUNJAB
148104,Mehal Kalan,Barnala,PUNJAB
148105,Dhanaula,Barnala,PUNJAB
148106,Longowal,Sangrur,PUNJAB
148107,Handiaya,Ludhiana,PUNJAB
148108,Tapa,Sangrur,PUNJAB
148109,Sanghera,Barnala,PUNJAB
151001,Bathinda,Bathinda,PUNJAB
151002,Gndtp Bathinda,Bathinda,PUNJAB
151003,Nfl Bathinda,Bathinda,PUNJAB
151004,Bathinda Cantt,Bathinda,PUNJAB
151005,Bathinda City,Bathinda,PUNJAB
151101,Bhucho Mandi,Bathinda,PUNJAB
151102,Nathana,Bathinda,PUNJAB
151103,Rampura Phul,Bathinda,PUNJAB
151104,Phul,Bathinda,PUNJAB
151105,Mehraj,Bathinda,PUNJAB
151106,Bhai Rupa,Bathinda,PUNJAB
151108,Salabatpura,Bathinda,PUNJAB
151111,Ghtp Lehra Mohabbat,Bathinda,PUNJAB
151201,Goniana Mandi,Bathinda,PUNJAB
151202,Jaitu,Faridkot,PUNJAB
151203,Faridkot,Faridkot,PUNJAB
151204,Kotkapura,Faridkot,PUNJAB
151205,Baja Khana,Faridkot,PUNJAB
151206,Bhagta Bhai,Bathinda,PUNJAB
151207,Panj Grain Kalan,Faridkot,PUNJAB
151208,Bargari,Faridkot,PUNJAB
151209,Sandhwan,Faridkot,PUNJAB
151210,Alamwala,Muktsar,PUNJAB
151211,Mandi Killianwali,Muktsar,PUNJAB
151212,Sadiq,Faridkot,PUNJAB
151213,Harindra Nagar,Faridkot,PUNJAB
151301,Raman,Bathinda,PUNJAB
151302,Talwandi Sabo,Bathinda,PUNJAB
151401,Sangat,Bathinda,PUNJAB
151501,Bareta,Mansa,PUNJAB
151502,Budhlada,Mansa,PUNJAB
151503,Boha,Mansa,PUNJAB
151504,Bhikhi,Mansa,PUNJAB
151505,Mansa,Mansa,PUNJAB
151506,Jhunir,Mansa,PUNJAB
151507,Sardulgarh,Mansa,PUNJAB
151508,Bhaini Bagha,Mansa,PUNJAB
151509,Maur Mandi,Mansa,PUNJAB
151510,Joga,Mansa,PUNJAB
152001,Ferozepur,Firozpur,PUNJAB
152002,Ferozepur City,Firozpur,PUNJAB
152003,Canal Colony Ferozepur,Firozpur,PUNJAB
152004,S.B.S Engg Colleger Ferozpeur,Firozpur,PUNJAB
152005,Sherkhan Wala,Firozpur,PUNJAB
152020,Railway Road Mandi Ladhuka,Fazilka,PUNJAB
152021,Mallanwala,Firozpur,PUNJAB
152022,Guruharsahai,Firozpur,PUNJAB
152023,Mamdot,Firozpur,PUNJAB
152024,Jalalabad,Firozpur,PUNJAB
152025,Bariwala,Muktsar,PUNJAB
152026,Muktsar,Muktsar,PUNJAB
152028,Manawan,Firozpur,PUNJAB
152031,Doda,Muktsar,PUNJAB
152032,Rupana,Muktsar,PUNJAB
152033,Mandi Amin Ganj,Firozpur,PUNJAB
152101,Gidderbaha,Muktsar,PUNJAB
152107,Malout,Muktsar,PUNJAB
152112,Ram Nagar,Muktsar,PUNJAB
152113,Lambi,Muktsar,PUNJAB
152114,Tappa Khera,Muktsar,PUNJAB
152115,Bhaika Khera,Muktsar,PUNJAB
152116,Abohar,Firozpur,PUNJAB
152117,Balluana,Firozpur,PUNJAB
152118,Sitto,Fazilka,PUNJAB
152121,Khui Khera,Firozpur,PUNJAB
152122,Nihal Khera,Firozpur,PUNJAB
152123,Fazilka,Firozpur,PUNJAB
152124,Arniwala Sheikh Subhan,Firozpur,PUNJAB
152128,Khuiyan Server,Firozpur,PUNJAB
152132,Maujgarh,Firozpur,PUNJAB
160001,New Sectt Chandigarh,Chandigarh,CHANDIGARH
160002,Ind Area Chandigarh,Chandigarh,CHANDIGARH
160003,Aerodrome,Chandigarh,CHANDIGARH
160004,Airforce Highground,Chandigarh,CHANDIGARH
160005,IBC Chandigarh,Chandigarh,CHANDIGARH
160009,Sector 9,Chandigarh,CHANDIGARH
160011,Sector 11,Chandigarh,CHANDIGARH
160012,Sector 12,Chandigarh,CHANDIGARH
160014,Sector 14,Chandigarh,CHANDIGARH
160015,Sector 15 Chandigarh,Chandigarh,CHANDIGARH
160016,Nodal Delivery Office Chandigarh,Chandigarh,CHANDIGARH
160017,Chandigarh G.P.O.,Chandigarh,CHANDIGARH
160018,Sector 18,Chandigarh,CHANDIGARH
160019,Sector 19,Chandigarh,CHANDIGARH
160020,Sector 20,Chandigarh,CHANDIGARH
160022,Sector 22,Chandigarh,CHANDIGARH
160023,Sector 23,Chandigarh,CHANDIGARH
160025,Maloya Colony,Chandigarh,CHANDIGARH
160030,Sector 30,Chandigarh,CHANDIGARH
160036,Sector 36,Chandigarh,CHANDIGARH
160043,"District Court Sector-43, Chandigar",Chandigarh,CHANDIGARH
160047,Sector 47 Chandigarh,Chandigarh,CHANDIGARH
160055,Chandigarh Sector 55,Mohali,PUNJAB
160059,Chandigarh Sector 59,Mohali,PUNJAB
160062,Chandigarh Sector 62,Mohali,PUNJAB
160071,Chandigarh Sector 71,Mohali,PUNJAB
160101,Manimajra,Chandigarh,CHANDIGARH
160102,Mauli Jagran,Chandigarh,CHANDIGARH
160103,Naya Gaon,Mohali,PUNJAB
160104,Dhakaoli,Mohali,PUNJAB
171001,Shimla G.P.O.,Shimla,HIMACHAL PRADESH
171002,Shimla East,Shimla,HIMACHAL PRADESH
171003,AGPO,Shimla,HIMACHAL PRADESH
171004,Ambedkarchowk,Shimla,HIMACHAL PRADESH
171005,Summerhill,Shimla,HIMACHAL PRADESH
171006,Sanjauli,Shimla,HIMACHAL PRADESH
171007,Mashobra,Shimla,HIMACHAL PRADESH
171008,Jutogh,Shimla,HIMACHAL PRADESH
171009,Kasumpti,Shimla,HIMACHAL PRADESH
171010,Tara Devi,Shimla,HIMACHAL PRADESH
171011,Totu,Shimla,HIMACHAL PRADESH
171012,Dhalli,Shimla,HIMACHAL PRADESH
171013,Mehli,Shimla,HIMACHAL PRADESH
171014,Ghanahatti,Shimla,HIMACHAL PRADESH
171015,Baldeyan,Shimla,HIMACHAL PRADESH
171018,Basanatpur,Shimla,HIMACHAL PRADESH
171019,Jalog,Shimla,HIMACHAL PRADESH
171102,Darla,Solan,HIMACHAL PRADESH
171103,Dhami,Shimla,HIMACHAL PRADESH
171201,Theog,Shimla,HIMACHAL PRADESH
171202,Kotkhai,Shimla,HIMACHAL PRADESH
171203,Tikkar,Shimla,HIMACHAL PRADESH
171204,Kiari,Shimla,HIMACHAL PRADESH
171205,Jubbal,Shimla,HIMACHAL PRADESH
171206,Hatkoti,Shimla,HIMACHAL PRADESH
171207,Rohru,Shimla,HIMACHAL PRADESH
171208,Chirgaon,Shimla,HIMACHAL PRADESH
171209,Fagu,Shimla,HIMACHAL PRADESH
171210,Nerwa,Shimla,HIMACHAL PRADESH
171211,Chopal,Shimla,HIMACHAL PRADESH
171212,Matiana,Shimla,HIMACHAL PRADESH
171213,Narkanda,Shimla,HIMACHAL PRADESH
171214,Jangla,Shimla,HIMACHAL PRADESH
171215,Mandhole,Shimla,HIMACHAL PRADESH
171216,Mandal,Shimla,HIMACHAL PRADESH
171217,Kupvi,Shimla,HIMACHAL PRADESH
171218,Junga,Shimla,HIMACHAL PRADESH
171219,Shoghi,Shimla,HIMACHAL PRADESH
171220,Bagain,Shimla,HIMACHAL PRADESH
171221,Kawar,Shimla,HIMACHAL PRADESH
171222,Sandhu,Shimla,HIMACHAL PRADESH
171223,Arhal,Shimla,HIMACHAL PRADESH
171224,Summer Kot,Shimla,HIMACHAL PRADESH
171225,Baghi,Shimla,HIMACHAL PRADESH
171226,Balag,Shimla,HIMACHAL PRADESH
171301,Sunni Bhajji,Shimla,HIMACHAL PRADESH
172001,Rampur Bushahr,Shimla,HIMACHAL PRADESH
172002,Arsu,Kullu,HIMACHAL PRADESH
172021,Nankhari,Shimla,HIMACHAL PRADESH
172022,Nogli,Shimla,HIMACHAL PRADESH
172023,Nirmand,Kullu,HIMACHAL PRADESH
172024,Kingal,Shimla,HIMACHAL PRADESH
172025,Dalash,Kullu,HIMACHAL PRADESH
172026,Anni,Kullu,HIMACHAL PRADESH
172027,Baragaon,Shimla,HIMACHAL PRADESH
172028,Delath,Shimla,HIMACHAL PRADESH
172029,Kumarsain,Shimla,HIMACHAL PRADESH
172030,Thanedhar,Shimla,HIMACHAL PRADESH
172031,Kotgarh,Shimla,HIMACHAL PRADESH
172032,Chowai,Kullu,HIMACHAL PRADESH
172033,Nither,Kullu,HIMACHAL PRADESH
172034,Bonda,Shimla,HIMACHAL PRADESH
172101,Jeori,Shimla,HIMACHAL PRADESH
172102,Sarahan BSR,Shimla,HIMACHAL PRADESH
172103,Nichar,Kinnaur,HIMACHAL PRADESH
172104,Tapri,Kinnaur,HIMACHAL PRADESH
172105,Karcham,Kinnaur,HIMACHAL PRADESH
172106,Sangla,Kinnaur,HIMACHAL PRADESH
172107,Reckong Peo,Kinnaur,HIMACHAL PRADESH
172108,Kalpa,Kinnaur,HIMACHAL PRADESH
172109,Moorang,Kinnaur,HIMACHAL PRADESH
172110,Speelo,Kinnaur,HIMACHAL PRADESH
172111,Pooh,Kinnaur,HIMACHAL PRADESH
172112,Liyo,Kinnaur,HIMACHAL PRADESH
172113,Tabo,Lahul & Spiti,HIMACHAL PRADESH
172114,Kaza,Lahul & Spiti,HIMACHAL PRADESH
172115,Bhaba Nagar,Kinnaur,HIMACHAL PRADESH
172116,Ribba,Kinnaur,HIMACHAL PRADESH
172117,Sagnam,Lahul & Spiti,HIMACHAL PRADESH
172118,Katgaon,Kinnaur,HIMACHAL PRADESH
172201,Jhakri,Shimla,HIMACHAL PRADESH
173001,Nahan,Sirmaur,HIMACHAL PRADESH
173021,Majra,Sirmaur,HIMACHAL PRADESH
173022,Dadahu,Sirmaur,HIMACHAL PRADESH
173023,Sangrah,Sirmaur,HIMACHAL PRADESH
173024,Sarahan,Sirmaur,HIMACHAL PRADESH
173025,Paonta Sahib,Sirmaur,HIMACHAL PRADESH
173026,Kw Bhood,Sirmaur,HIMACHAL PRADESH
173027,Shillai,Sirmaur,HIMACHAL PRADESH
173029,Sataun,Sirmaur,HIMACHAL PRADESH
173030,Kala Amb,Sirmaur,HIMACHAL PRADESH
173031,Dhualakuan,Sirmaur,HIMACHAL PRADESH
173032,Haripurdhar,Sirmaur,HIMACHAL PRADESH
173101,Rajgarh,Sirmaur,HIMACHAL PRADESH
173104,Nohra,Sirmaur,HIMACHAL PRADESH
173201,Garkhal,Solan,HIMACHAL PRADESH
173202,Sanawar,Solan,HIMACHAL PRADESH
173204,Kasauli,Solan,HIMACHAL PRADESH
173205,Baddi,Solan,HIMACHAL PRADESH
173206,Subathu,Solan,HIMACHAL PRADESH
173207,Kunihar,Solan,HIMACHAL PRADESH
173208,Arki,Solan,HIMACHAL PRADESH
173209,Dharampur,Solan,HIMACHAL PRADESH
173210,Dagshai,Solan,HIMACHAL PRADESH
173211,Saproon,Solan,HIMACHAL PRADESH
173212,Solan,Solan,HIMACHAL PRADESH
173213,Chambaghat,Solan,HIMACHAL PRADESH
173214,Solan Brewery,Solan,HIMACHAL PRADESH
173215,Kandaghat,Solan,HIMACHAL PRADESH
173217,Chail,Solan,HIMACHAL PRADESH
173218,Diggal,Solan,HIMACHAL PRADESH
173220,Parwanoo,Solan,HIMACHAL PRADESH
173221,Domehar,Solan,HIMACHAL PRADESH
173222,Mamlig,Solan,HIMACHAL PRADESH
173223,Oachghat,Solan,HIMACHAL PRADESH
173225,Jubbar,Solan,HIMACHAL PRADESH
173229,Kumarhatti,Solan,HIMACHAL PRADESH
173230,Nauni,Solan,HIMACHAL PRADESH
173233,Patta,Solan,HIMACHAL PRADESH
173234,Waknaghat,Solan,HIMACHAL PRADESH
173235,Dhundan,Solan,HIMACHAL PRADESH
173236,Kuthar,Solan,HIMACHAL PRADESH
174001,Bilaspur,Bilaspur (HP),HIMACHAL PRADESH
174002,Bassi Kehloor,Bilaspur (HP),HIMACHAL PRADESH
174003,Harlog,Bilaspur (HP),HIMACHAL PRADESH
174004,Kandraur,Bilaspur (HP),HIMACHAL PRADESH
174005,Raghunath Pura,Bilaspur (HP),HIMACHAL PRADESH
174011,Swarghat,Bilaspur (HP),HIMACHAL PRADESH
174012,Panjgain,Bilaspur (HP),HIMACHAL PRADESH
174013,Barmana,Bilaspur (HP),HIMACHAL PRADESH
174015,Behal,Bilaspur (HP),HIMACHAL PRADESH
174017,Jejwin,Bilaspur (HP),HIMACHAL PRADESH
174021,Ghumarwin,Bilaspur (HP),HIMACHAL PRADESH
174023,Dadhol,Bilaspur (HP),HIMACHAL PRADESH
174024,Auhar,Bilaspur (HP),HIMACHAL PRADESH
174026,Kuthera BLP,Bilaspur (HP),HIMACHAL PRADESH
174027,Lehri Sarail,Bilaspur (HP),HIMACHAL PRADESH
174028,Hatwar,Bilaspur (HP),HIMACHAL PRADESH
174029,Berthin,Bilaspur (HP),HIMACHAL PRADESH
174030,Tallai,Bilaspur (HP),HIMACHAL PRADESH
174031,Jhandutta,Bilaspur (HP),HIMACHAL PRADESH
174032,Namhol,Bilaspur (HP),HIMACHAL PRADESH
174033,Jukhala,Bilaspur (HP),HIMACHAL PRADESH
174034,Geharwin,Bilaspur (HP),HIMACHAL PRADESH
174035,Kalol S.O (Bilaspur (HP))),Bilaspur (HP),HIMACHAL PRADESH
174036,NTPC Jamthal,Bilaspur (HP),HIMACHAL PRADESH
174101,Nalagarh,Solan,HIMACHAL PRADESH
174102,Ramshahar,Solan,HIMACHAL PRADESH
174103,Barotiwala,Solan,HIMACHAL PRADESH
174201,Bhakra Dam,Bilaspur (HP),HIMACHAL PRADESH
174301,Santokhgarh,Una,HIMACHAL PRADESH
174302,Dhussara,Una,HIMACHAL PRADESH
174303,Una,Una,HIMACHAL PRADESH
174304,Bani S.O (Hamirpur(HP)),Hamirpur(HP),HIMACHAL PRADESH
174305,Barsar,Hamirpur(HP),HIMACHAL PRADESH
174306,Dehlan,Una,HIMACHAL PRADESH
174307,Bangana,Una,HIMACHAL PRADESH
174308,Lathiani,Una,HIMACHAL PRADESH
174309,Bahina,Hamirpur(HP),HIMACHAL PRADESH
174310,Naina Devi,Bilaspur (HP),HIMACHAL PRADESH
174311,Salauni,Hamirpur(HP),HIMACHAL PRADESH
174312,Jaure Amb,Hamirpur(HP),HIMACHAL PRADESH
174314,Chowki Maniar,Una,HIMACHAL PRADESH
174315,Mehatpur,Una,HIMACHAL PRADESH
174316,Bhera,Una,HIMACHAL PRADESH
174317,Bhadsali,Una,HIMACHAL PRADESH
174319,Marwari,Una,HIMACHAL PRADESH
174320,Talmehra,Una,HIMACHAL PRADESH
174321,Thanakalan,Una,HIMACHAL PRADESH
174405,Hareta,Hamirpur(HP),HIMACHAL PRADESH
174503,Pubowal,Una,HIMACHAL PRADESH
174505,Dhaned,Hamirpur(HP),HIMACHAL PRADESH
174507,Tahliwal,Una,HIMACHAL PRADESH
175001,Mandi,Mandi,HIMACHAL PRADESH
175002,Bhojpur,Mandi,HIMACHAL PRADESH
175003,Kotli,Mandi,HIMACHAL PRADESH
175004,Bhambla,Mandi,HIMACHAL PRADESH
175005,Kataula,Mandi,HIMACHAL PRADESH
175006,Gagal,Mandi,HIMACHAL PRADESH
175007,Gopalpur,Mandi,HIMACHAL PRADESH
175008,Ner Chowk,Mandi,HIMACHAL PRADESH
175009,Tattapani,Mandi,HIMACHAL PRADESH
175010,Churag,Mandi,HIMACHAL PRADESH
175011,Karsog,Mandi,HIMACHAL PRADESH
175012,Padhar,Mandi,HIMACHAL PRADESH
175013,Barot,Mandi,HIMACHAL PRADESH
175014,Drubbal,Mandi,HIMACHAL PRADESH
175015,Joginder Nagar,Mandi,HIMACHAL PRADESH
175016,Ladbharole,Mandi,HIMACHAL PRADESH
175017,Slapper,Mandi,HIMACHAL PRADESH
175018,Sunder Nagar-1,Mandi,HIMACHAL PRADESH
175019,Sunder Nagar Town Ship,Mandi,HIMACHAL PRADESH
175021,Bhangrotu,Mandi,HIMACHAL PRADESH
175023,Rewalsar,Mandi,HIMACHAL PRADESH
175024,Sarkaghat,Mandi,HIMACHAL PRADESH
175025,Sajao Pipluso,Mandi,HIMACHAL PRADESH
175026,Tihra,Mandi,HIMACHAL PRADESH
175027,Baggi,Mandi,HIMACHAL PRADESH
175028,Chachiot,Mandi,HIMACHAL PRADESH
175029,Gohar,Mandi,HIMACHAL PRADESH
175030,Dehar,Mandi,HIMACHAL PRADESH
175031,Jaidevi,Mandi,HIMACHAL PRADESH
175032,Chauntra,Mandi,HIMACHAL PRADESH
175033,Baldwara,Mandi,HIMACHAL PRADESH
175034,Samaila,Mandi,HIMACHAL PRADESH
175035,Bagsaid,Mandi,HIMACHAL PRADESH
175036,Gurkotha,Mandi,HIMACHAL PRADESH
175037,Cholthra,Mandi,HIMACHAL PRADESH
175038,Nihri,Mandi,HIMACHAL PRADESH
175039,Jachh,Mandi,HIMACHAL PRADESH
175040,Dharampur,Mandi,HIMACHAL PRADESH
175042,Rakhoh,Mandi,HIMACHAL PRADESH
175045,ChailChowk,Mandi,HIMACHAL PRADESH
175046,Pangna,Mandi,HIMACHAL PRADESH
175047,Janjehli,Mandi,HIMACHAL PRADESH
175048,Thunag,Mandi,HIMACHAL PRADESH
175049,Jamni,Mandi,HIMACHAL PRADESH
175050,Marhi,Mandi,HIMACHAL PRADESH
175051,Seoh,Mandi,HIMACHAL PRADESH
175052,Saigaloo,Mandi,HIMACHAL PRADESH
175101,Kullu,Kullu,HIMACHAL PRADESH
175102,Bhutti,Kullu,HIMACHAL PRADESH
175103,Bahang,Kullu,HIMACHAL PRADESH
175104,Larenkelo,Kullu,HIMACHAL PRADESH
175105,Jaree,Kullu,HIMACHAL PRADESH
175106,Balichowki,Mandi,HIMACHAL PRADESH
175121,Aut,Mandi,HIMACHAL PRADESH
175122,Larji,Kullu,HIMACHAL PRADESH
175123,Banjar,Kullu,HIMACHAL PRADESH
175124,Pandoh,Mandi,HIMACHAL PRADESH
175125,Bhuntar,Kullu,HIMACHAL PRADESH
175126,Shamshi,Kullu,HIMACHAL PRADESH
175128,Raison,Kullu,HIMACHAL PRADESH
175129,Katrain,Kullu,HIMACHAL PRADESH
175130,Naggar,Kullu,HIMACHAL PRADESH
175131,Manali,Kullu,HIMACHAL PRADESH
175132,Keylong,Lahul & Spiti,HIMACHAL PRADESH
175133,Lote,Lahul & Spiti,HIMACHAL PRADESH
175134,Sainj,Kullu,HIMACHAL PRADESH
175136,Haripur,Kullu,HIMACHAL PRADESH
175138,Babeli,Kullu,HIMACHAL PRADESH
175139,Jahalman,Lahul & Spiti,HIMACHAL PRADESH
175140,Gondhla,Lahul & Spiti,HIMACHAL PRADESH
175141,Garsa,Kullu,HIMACHAL PRADESH
175142,Udaipur,Lahul & Spiti,HIMACHAL PRADESH
175143,Jagatsukh,Kullu,HIMACHAL PRADESH
176001,Kangra,Kangra,HIMACHAL PRADESH
176002,Tanda,Kangra,HIMACHAL PRADESH
176021,Bharmar,Kangra,HIMACHAL PRADESH
176022,Rehan,Kangra,HIMACHAL PRADESH
176023,Jawali,Kangra,HIMACHAL PRADESH
176025,Dhameta,Kangra,HIMACHAL PRADESH
176026,Lanj,Kangra,HIMACHAL PRADESH
176027,Nagrota Surian,Kangra,HIMACHAL PRADESH
176028,Haripur,Kangra,HIMACHAL PRADESH
176029,Ranital,Kangra,HIMACHAL PRADESH
176030,Khundian,Kangra,HIMACHAL PRADESH
176031,Jawalamukhi,Kangra,HIMACHAL PRADESH
176032,Tihri,Kangra,HIMACHAL PRADESH
176033,Guler,Kangra,HIMACHAL PRADESH
176036,Kohala,Kangra,HIMACHAL PRADESH
176037,Sunhi,Kangra,HIMACHAL PRADESH
176038,Daulatpur,Kangra,HIMACHAL PRADESH
176039,Chakmoh,Hamirpur(HP),HIMACHAL PRADESH
176040,Bijhari,Hamirpur(HP),HIMACHAL PRADESH
176041,Bhota,Hamirpur(HP),HIMACHAL PRADESH
176042,Mair,Hamirpur(HP),HIMACHAL PRADESH
176043,Ladraur,Hamirpur(HP),HIMACHAL PRADESH
176044,Mundkhar,Hamirpur(HP),HIMACHAL PRADESH
176045,Bhoranj,Hamirpur(HP),HIMACHAL PRADESH
176047,Nagrota Bagwan,Kangra,HIMACHAL PRADESH
176048,Jahu,Hamirpur(HP),HIMACHAL PRADESH
176049,Maharal,Hamirpur(HP),HIMACHAL PRADESH
176051,Raja Ka Talab,Kangra,HIMACHAL PRADESH
176052,Yol Camp,Kangra,HIMACHAL PRADESH
176053,Fatehpur,Kangra,HIMACHAL PRADESH
176054,Baroh,Kangra,HIMACHAL PRADESH
176055,Thill,Kangra,HIMACHAL PRADESH
176056,Sunehar,Kangra,HIMACHAL PRADESH
176057,Dari,Kangra,HIMACHAL PRADESH
176058,Rey,Kangra,HIMACHAL PRADESH
176059,Chachian,Kangra,HIMACHAL PRADESH
176060,Darang,Kangra,HIMACHAL PRADESH
176061,Palampur,Kangra,HIMACHAL PRADESH
176062,Auc Palampur,Kangra,HIMACHAL PRADESH
176063,Majherna,Kangra,HIMACHAL PRADESH
176064,Paraur,Kangra,HIMACHAL PRADESH
176065,Rajhoon,Kangra,HIMACHAL PRADESH
176066,Ghallour,Kangra,HIMACHAL PRADESH
176071,Bhullanaso,Kangra,HIMACHAL PRADESH
176073,Bairhgat,Kangra,HIMACHAL PRADESH
176075,Duhak,Kangra,HIMACHAL PRADESH
176076,Bhawana,Kangra,HIMACHAL PRADESH
176077,Bir,Kangra,HIMACHAL PRADESH
176081,Taragarh,Kangra,HIMACHAL PRADESH
176082,Alampur,Kangra,HIMACHAL PRADESH
176083,Bhawarna,Kangra,HIMACHAL PRADESH
176084,Noura,Kangra,HIMACHAL PRADESH
176085,Sullah,Kangra,HIMACHAL PRADESH
176086,Khera,Kangra,HIMACHAL PRADESH
176087,Pahra,Kangra,HIMACHAL PRADESH
176088,Chadhiar,Kangra,HIMACHAL PRADESH
176089,Molag,Kangra,HIMACHAL PRADESH
176090,Sandhole,Mandi,HIMACHAL PRADESH
176091,Sanghole,Kangra,HIMACHAL PRADESH
176092,Daroh,Kangra,HIMACHAL PRADESH
176093,Malkher,Kangra,HIMACHAL PRADESH
176094,Jalag,Kangra,HIMACHAL PRADESH
176095,Jaisinghpur,Kangra,HIMACHAL PRADESH
176096,Lambagaon,Kangra,HIMACHAL PRADESH
176097,Marera,Kangra,HIMACHAL PRADESH
176098,Lahru,Kangra,HIMACHAL PRADESH
176101,Dheera,Kangra,HIMACHAL PRADESH
176102,Maranda,Kangra,HIMACHAL PRADESH
176103,Panchrukhi,Kangra,HIMACHAL PRADESH
176107,Thural,Kangra,HIMACHAL PRADESH
176108,Bhaleth,Hamirpur(HP),HIMACHAL PRADESH
176109,Jangal Beri,Hamirpur(HP),HIMACHAL PRADESH
176110,Sujanpur Tira,Hamirpur(HP),HIMACHAL PRADESH
176111,Patlander,Hamirpur(HP),HIMACHAL PRADESH
176115,Paprola,Kangra,HIMACHAL PRADESH
176125,Baijnath,Kangra,HIMACHAL PRADESH
176128,Chobin,Kangra,HIMACHAL PRADESH
176200,Bhadwar,Kangra,HIMACHAL PRADESH
176201,Jassur,Kangra,HIMACHAL PRADESH
176202,Nurpur,Kangra,HIMACHAL PRADESH
176203,Ladori,Kangra,HIMACHAL PRADESH
176204,Gangtha,Kangra,HIMACHAL PRADESH
176205,Kotla,Kangra,HIMACHAL PRADESH
176206,Shahpur,Kangra,HIMACHAL PRADESH
176207,Sihunta,Chamba,HIMACHAL PRADESH
176208,Rait,Kangra,HIMACHAL PRADESH
176209,Gaggal,Kangra,HIMACHAL PRADESH
176210,Harchakian,Kangra,HIMACHAL PRADESH
176211,Saliali,Kangra,HIMACHAL PRADESH
176213,Hpbose Dharamsala,Kangra,HIMACHAL PRADESH
176214,Tiara,Kangra,HIMACHAL PRADESH
176215,Dharamsala,Kangra,HIMACHAL PRADESH
176216,Dharamsala Cantt,Kangra,HIMACHAL PRADESH
176217,Charri,Kangra,HIMACHAL PRADESH
176218,Khaniara,Kangra,HIMACHAL PRADESH
176219,Mcleodganj,Kangra,HIMACHAL PRADESH
176225,Tilokpur,Kangra,HIMACHAL PRADESH
176301,Bakloh,Chamba,HIMACHAL PRADESH
176302,Chowari,Chamba,HIMACHAL PRADESH
176303,Banikhet,Chamba,HIMACHAL PRADESH
176304,Dalhousie,Chamba,HIMACHAL PRADESH
176305,Dalhousie Cantt,Chamba,HIMACHAL PRADESH
176306,Bathri-bazar,Chamba,HIMACHAL PRADESH
176308,Bhalei,Chamba,HIMACHAL PRADESH
176309,Garola,Chamba,HIMACHAL PRADESH
176310,Chamba,Chamba,HIMACHAL PRADESH
176311,Mehla,Chamba,HIMACHAL PRADESH
176312,Sundla,Chamba,HIMACHAL PRADESH
176313,Kakira,Chamba,HIMACHAL PRADESH
176314,Sultanpur,Chamba,HIMACHAL PRADESH
176315,Bharmour,Chamba,HIMACHAL PRADESH
176316,Bhanjraru-Tissa,Chamba,HIMACHAL PRADESH
176317,Surangani,Chamba,HIMACHAL PRADESH
176318,Hardaspura,Chamba,HIMACHAL PRADESH
176319,Pukhri,Chamba,HIMACHAL PRADESH
176320,Salooni,Chamba,HIMACHAL PRADESH
176321,Nakror,Chamba,HIMACHAL PRADESH
176323,Killar Pangi,Chamba,HIMACHAL PRADESH
176324,Gehra,Chamba,HIMACHAL PRADESH
176325,Samleu,Chamba,HIMACHAL PRADESH
176326,Holi,Chamba,HIMACHAL PRADESH
176401,Indora,Kangra,HIMACHAL PRADESH
176402,Kandrori,Kangra,HIMACHAL PRADESH
176403,Damtal,Kangra,HIMACHAL PRADESH
176501,Sansarpur Terrace,Kangra,HIMACHAL PRADESH
176502,Ghamroor,Kangra,HIMACHAL PRADESH
176601,Dulehar,Una,HIMACHAL PRADESH
177001,Hamirpur,Hamirpur(HP),HIMACHAL PRADESH
177005,Govt Degree College Hamirpur,Hamirpur(HP),HIMACHAL PRADESH
177006,Kashmir,Hamirpur(HP),HIMACHAL PRADESH
177007,Chabutra,Hamirpur(HP),HIMACHAL PRADESH
177020,Kuthera,Hamirpur(HP),HIMACHAL PRADESH
177021,Bagwara,Hamirpur(HP),HIMACHAL PRADESH
177022,Uhal,Hamirpur(HP),HIMACHAL PRADESH
177023,Tauni Devi,Hamirpur(HP),HIMACHAL PRADESH
177024,Bhareri,Hamirpur(HP),HIMACHAL PRADESH
177025,Kanjian,Hamirpur(HP),HIMACHAL PRADESH
177026,Galore,Hamirpur(HP),HIMACHAL PRADESH
177027,Kot S.O (Hamirpur(HP)),Hamirpur(HP),HIMACHAL PRADESH
177028,Kakkar,Hamirpur(HP),HIMACHAL PRADESH
177029,Lambloo,Hamirpur(HP),HIMACHAL PRADESH
177031,Raipur,Una,HIMACHAL PRADESH
177033,Nadaun,Hamirpur(HP),HIMACHAL PRADESH
177034,Pirsaluhi,Kangra,HIMACHAL PRADESH
177038,Sera,Hamirpur(HP),HIMACHAL PRADESH
177039,Sohari,Una,HIMACHAL PRADESH
177040,Kangoo,Hamirpur(HP),HIMACHAL PRADESH
177041,Dhaneta,Hamirpur(HP),HIMACHAL PRADESH
177042,Jalari,Hamirpur(HP),HIMACHAL PRADESH
177043,Rakkar,Kangra,HIMACHAL PRADESH
177044,Bara S.O (Hamirpur(HP)),Hamirpur(HP),HIMACHAL PRADESH
177045,Rail,Hamirpur(HP),HIMACHAL PRADESH
177048,Rangas,Hamirpur(HP),HIMACHAL PRADESH
177101,Dehra,Kangra,HIMACHAL PRADESH
177103,Dhaliara,Kangra,HIMACHAL PRADESH
177104,Nehran Pukhar,Kangra,HIMACHAL PRADESH
177105,Thore,Kangra,HIMACHAL PRADESH
177106,Dadasiba,Kangra,HIMACHAL PRADESH
177107,Pragpur,Kangra,HIMACHAL PRADESH
177108,Garli,Kangra,HIMACHAL PRADESH
177109,Bharwain,Una,HIMACHAL PRADESH
177110,Chintpurni,Una,HIMACHAL PRADESH
177111,Qusba Kotla,Kangra,HIMACHAL PRADESH
177112,Tipri,Kangra,HIMACHAL PRADESH
177113,Chanour,Kangra,HIMACHAL PRADESH
177114,Bankhandi,Kangra,HIMACHAL PRADESH
177117,Muhal,Kangra,HIMACHAL PRADESH
177118,Bahanwin,Hamirpur(HP),HIMACHAL PRADESH
177119,Bumbloo,Hamirpur(HP),HIMACHAL PRADESH
177201,Gagret,Una,HIMACHAL PRADESH
177202,Mubarikpur,Una,HIMACHAL PRADESH
177203,Amb,Una,HIMACHAL PRADESH
177204,Daulatpurchowk,Una,HIMACHAL PRADESH
177205,Ambota,Una,HIMACHAL PRADESH
177206,Oel,Una,HIMACHAL PRADESH
177207,Pandogha,Una,HIMACHAL PRADESH
177208,Panjawar,Una,HIMACHAL PRADESH
177209,Saloh,Una,HIMACHAL PRADESH
177210,Nehri Nauranga,Una,HIMACHAL PRADESH
177211,Thathal,Una,HIMACHAL PRADESH
177212,Ghanari,Una,HIMACHAL PRADESH
177213,Gondpur Banera,Una,HIMACHAL PRADESH
177219,Sunkali,Una,HIMACHAL PRADESH
177220,Haroli,Una,HIMACHAL PRADESH
177301,Basaral,Hamirpur(HP),HIMACHAL PRADESH
177401,Didwin,Hamirpur(HP),HIMACHAL PRADESH
177501,Parol,Hamirpur(HP),HIMACHAL PRADESH
177601,Awah Devi,Hamirpur(HP),HIMACHAL PRADESH
180001,Jammu,Jammu,JAMMU & KASHMIR
180002,Talab Tillo,Jammu,JAMMU & KASHMIR
180003,Jammu Cantt,Jammu,JAMMU & KASHMIR
180004,Gandhinagar,Jammu,JAMMU & KASHMIR
180005,Rehari Mohalla,Jammu,JAMMU & KASHMIR
180006,New University Campus,Jammu,JAMMU & KASHMIR
180007,Janipur,Jammu,JAMMU & KASHMIR
180009,SKUAST,Jammu,JAMMU & KASHMIR
180010,Gangyal,Jammu,JAMMU & KASHMIR
180011,Sainik Colony,Jammu,JAMMU & KASHMIR
180012,Railway Station,Jammu,JAMMU & KASHMIR
180013,Roopnagar Jammu Tawi,Jammu,JAMMU & KASHMIR
180015,Chani Himat,Jammu,JAMMU & KASHMIR
180016,Vinaik Bazar,Jammu,JAMMU & KASHMIR
180017,Majeen,Jammu,JAMMU & KASHMIR
180018,Udheywala,Jammu,JAMMU & KASHMIR
180019,Sidhra Housing Colony,Jammu,JAMMU & KASHMIR
180020,Trikuta Nagar,Jammu,JAMMU & KASHMIR
181101,Miran Sahib,Jammu,JAMMU & KASHMIR
181102,R.S.Pura,Jammu,JAMMU & KASHMIR
181111,Dablehar,Jammu,JAMMU & KASHMIR
181121,Paloura,Jammu,JAMMU & KASHMIR
181122,Bhalwal,Jammu,JAMMU & KASHMIR
181123,Bantalab,Jammu,JAMMU & KASHMIR
181124,Bsf Camp Paloura,Jammu,JAMMU & KASHMIR
181131,Arnia,Jammu,JAMMU & KASHMIR
181132,Bishnah Adda,Jammu,JAMMU & KASHMIR
181133,Bari Brahmna I/complex,Jammu,JAMMU & KASHMIR
181141,Ramgarh,Jammu,JAMMU & KASHMIR
181143,Gurah Salathia,Jammu,JAMMU & KASHMIR
181145,Purmandal,Jammu,JAMMU & KASHMIR
181152,Bathindi,Jammu,JAMMU & KASHMIR
181201,Akhnoor,Jammu,JAMMU & KASHMIR
181202,Jourian,Jammu,JAMMU & KASHMIR
181203,Khour,Jammu,JAMMU & KASHMIR
181204,Pallanwala,Jammu,JAMMU & KASHMIR
181205,Muthi,Jammu,JAMMU & KASHMIR
181206,Dumana,Jammu,JAMMU & KASHMIR
181207,Pargwal,Jammu,JAMMU & KASHMIR
181221,Kandoli Nagrota,Jammu,JAMMU & KASHMIR
181224,Dansal,Jammu,JAMMU & KASHMIR
182101,Udhampur,Udhampur,JAMMU & KASHMIR
182104,PTC Udhampur,Udhampur,JAMMU & KASHMIR
182121,Garhi,Udhampur,JAMMU & KASHMIR
182122,Ramnagar,Udhampur,JAMMU & KASHMIR
182124,Jaganoo,Udhampur,JAMMU & KASHMIR
182125,Mir,Udhampur,JAMMU & KASHMIR
182126,Roan,Udhampur,JAMMU & KASHMIR
182127,Majalta,Udhampur,JAMMU & KASHMIR
182128,Majouri,Udhampur,JAMMU & KASHMIR
182141,Chenani,Udhampur,JAMMU & KASHMIR
182142,Kud,Udhampur,JAMMU & KASHMIR
182143,Batote,Doda,JAMMU & KASHMIR
182144,Ramban,Doda,JAMMU & KASHMIR
182145,Ramsu,Doda,JAMMU & KASHMIR
182146,Banihal,Doda,JAMMU & KASHMIR
182147,Kastigarh,Doda,JAMMU & KASHMIR
182148,Chanderkot,Doda,JAMMU & KASHMIR
182161,Mantalai,Udhampur,JAMMU & KASHMIR
182201,Khellani,Doda,JAMMU & KASHMIR
182202,Doda,Doda,JAMMU & KASHMIR
182203,Thathri,Doda,JAMMU & KASHMIR
182204,Kishtwar,Doda,JAMMU & KASHMIR
182205,Palmar,Doda,JAMMU & KASHMIR
182206,Dul Hasti Project,Doda,JAMMU & KASHMIR
182221,Udrana,Doda,JAMMU & KASHMIR
182222,Bhaderwah,Doda,JAMMU & KASHMIR
182301,Katra,Udhampur,JAMMU & KASHMIR
182311,Reasi,Udhampur,JAMMU & KASHMIR
182312,Jyotipuram,Udhampur,JAMMU & KASHMIR
182313,Arnas,Udhampur,JAMMU & KASHMIR
182315,Mahore,Udhampur,JAMMU & KASHMIR
182320,SMVDU,Reasi,JAMMU & KASHMIR
184101,Kathua,Kathua,JAMMU & KASHMIR
184102,I/e Kathua,Kathua,JAMMU & KASHMIR
184104,Mini Sectt Kathua,Kathua,JAMMU & KASHMIR
184120,Vijaypur,Jammu,JAMMU & KASHMIR
184121,Samba,Jammu,JAMMU & KASHMIR
184141,Ghagwal,Kathua,JAMMU & KASHMIR
184142,Hiranagar,Kathua,JAMMU & KASHMIR
184143,Barwal,Kathua,JAMMU & KASHMIR
184144,Dialachak,Kathua,JAMMU & KASHMIR
184145,Rajpura,Kathua,JAMMU & KASHMIR
184148,Sanjimore,Kathua,JAMMU & KASHMIR
184151,Parole,Kathua,JAMMU & KASHMIR
184152,Lakhanpur,Kathua,JAMMU & KASHMIR
184201,Basoli,Kathua,JAMMU & KASHMIR
184202,Mahanpur,Kathua,JAMMU & KASHMIR
184203,Bhaddu,Kathua,JAMMU & KASHMIR
184204,Billawar,Kathua,JAMMU & KASHMIR
184205,Ramkot,Kathua,JAMMU & KASHMIR
184206,Bani,Kathua,JAMMU & KASHMIR
184210,Nagrota Gujroo,Jammu,JAMMU & KASHMIR
185101,Poonch,Poonch,JAMMU & KASHMIR
185102,Mandi,Poonch,JAMMU & KASHMIR
185121,Samote,Poonch,JAMMU & KASHMIR
185131,Rajouri,Rajauri,JAMMU & KASHMIR
185132,Jawaharnagar,Rajauri,JAMMU & KASHMIR
185133,Post Graduate College Rajouri,Rajauri,JAMMU & KASHMIR
185135,Darhal Malkan,Rajauri,JAMMU & KASHMIR
185151,Naushera,Rajauri,JAMMU & KASHMIR
185152,Lamberi,Rajauri,JAMMU & KASHMIR
185153,Sunderbani,Rajauri,JAMMU & KASHMIR
185154,Chowki Choura,Jammu,JAMMU & KASHMIR
185155,Bhawani,Rajauri,JAMMU & KASHMIR
185156,Kangri,Rajauri,JAMMU & KASHMIR
185201,Solki,Rajauri,JAMMU & KASHMIR
185202,Kalakot,Rajauri,JAMMU & KASHMIR
185203,Poni,Udhampur,JAMMU & KASHMIR
185211,Dharamsal Mendhar,Poonch,JAMMU & KASHMIR
185212,Thanamandi,Rajauri,JAMMU & KASHMIR
185233,Budhal,Rajauri,JAMMU & KASHMIR
185234,Baba Ghulam Shah Badshah University,Rajauri,JAMMU & KASHMIR
190001,Srinagar G.P.O.,Srinagar,JAMMU & KASHMIR
190002,S.R Gunj,Srinagar,JAMMU & KASHMIR
190003,Rainawari,Srinagar,JAMMU & KASHMIR
190004,Batwara,Srinagar,JAMMU & KASHMIR
190005,Sanat Nagar,Budgam,JAMMU & KASHMIR
190006,Kashmir University,Srinagar,JAMMU & KASHMIR
190007,Sk Airport,Budgam,JAMMU & KASHMIR
190008,Jawahar Nagar,Srinagar,JAMMU & KASHMIR
190009,New Secretariat Srinagar,Srinagar,JAMMU & KASHMIR
190010,Karan Nagar,Srinagar,JAMMU & KASHMIR
190011,Noushara,Srinagar,JAMMU & KASHMIR
190012,Zainakote,Srinagar,JAMMU & KASHMIR
190014,Hyderpora,Budgam,JAMMU & KASHMIR
190015,Natipora,Budgam,JAMMU & KASHMIR
190017,Parimpora,Srinagar,JAMMU & KASHMIR
190018,Bemina,Srinagar,JAMMU & KASHMIR
190019,Bagh Mehtab,Srinagar,JAMMU & KASHMIR
190020,Bachpora,Srinagar,JAMMU & KASHMIR
190021,Hamhama,Budgam,JAMMU & KASHMIR
190023,Lal Bazar,Srinagar,JAMMU & KASHMIR
190024,Zakoora,Srinagar,JAMMU & KASHMIR
190025,Skuast,Srinagar,JAMMU & KASHMIR
191101,Pantha Chowk,Srinagar,JAMMU & KASHMIR
191102,Wuyan,Srinagar,JAMMU & KASHMIR
191103,Khrew,Srinagar,JAMMU & KASHMIR
191111,Budgam,Budgam,JAMMU & KASHMIR
191112,Char-sharief,Budgam,JAMMU & KASHMIR
191113,Chadoora,Budgam,JAMMU & KASHMIR
191121,Brein,Srinagar,JAMMU & KASHMIR
191131,Tulmulla,Srinagar,JAMMU & KASHMIR
191132,Rangreth,Budgam,JAMMU & KASHMIR
191201,Ganderbal,Srinagar,JAMMU & KASHMIR
191202,Kangan,Srinagar,JAMMU & KASHMIR
191203,Sonamarg,Srinagar,JAMMU & KASHMIR
192101,Anantnag,Ananthnag,JAMMU & KASHMIR
192121,Pampore,Srinagar,JAMMU & KASHMIR
192122,Awantipora,Pulwama,JAMMU & KASHMIR
192123,Tral,Pulwama,JAMMU & KASHMIR
192124,Bijbehara,Ananthnag,JAMMU & KASHMIR
192125,Martand,Ananthnag,JAMMU & KASHMIR
192126,Phalgam,Ananthnag,JAMMU & KASHMIR
192129,Seer Kanil Gund,Ananthnag,JAMMU & KASHMIR
192201,Achabal,Ananthnag,JAMMU & KASHMIR
192202,Kokarnag,Ananthnag,JAMMU & KASHMIR
192210,Dialgam,Ananthnag,JAMMU & KASHMIR
192211,Dooru,Ananthnag,JAMMU & KASHMIR
192212,Verinaag,Ananthnag,JAMMU & KASHMIR
192221,Qazigund,Ananthnag,JAMMU & KASHMIR
192230,Sheshanag,Ananthnag,JAMMU & KASHMIR
192231,Kulgam,Pulwama,JAMMU & KASHMIR
192232,Yaripora,Ananthnag,JAMMU & KASHMIR
192233,Damhal Hanji Pora,Kulgam,JAMMU & KASHMIR
192301,Pulwama,Pulwama,JAMMU & KASHMIR
192302,Hawl,Pulwama,JAMMU & KASHMIR
192303,Shopin,Pulwama,JAMMU & KASHMIR
192304,Kakapora,Pulwama,JAMMU & KASHMIR
192305,Achan,Ananthnag,JAMMU & KASHMIR
192306,Rajpora,Pulwama,JAMMU & KASHMIR
192401,Srigufwaea,Ananthnag,JAMMU & KASHMIR
193101,Baramulla,Baramulla,JAMMU & KASHMIR
193103,Khawaja Bagh,Baramulla,JAMMU & KASHMIR
193108,Kreeri,Baramulla,JAMMU & KASHMIR
193109,Wagoora,Baramulla,JAMMU & KASHMIR
193121,Pattan,Baramulla,JAMMU & KASHMIR
193122,Boniyar,Baramulla,JAMMU & KASHMIR
193123,Uri,Baramulla,JAMMU & KASHMIR
193201,Sopore,Baramulla,JAMMU & KASHMIR
193221,Handwara,Kupwara,JAMMU & KASHMIR
193222,Kupwara,Kupwara,JAMMU & KASHMIR
193223,Sogam,Kupwara,JAMMU & KASHMIR
193224,Trehgam,Kupwara,JAMMU & KASHMIR
193225,Tangdhar,Kupwara,JAMMU & KASHMIR
193301,Rohama,Baramulla,JAMMU & KASHMIR
193302,Langate,Baramulla,JAMMU & KASHMIR
193303,Dangiwacha,Baramulla,JAMMU & KASHMIR
193306,Rajpora,Pulwama,JAMMU & KASHMIR
193401,Magam,Budgam,JAMMU & KASHMIR
193402,Tangmarg,Baramulla,JAMMU & KASHMIR
193403,Gulmarg,Baramulla,JAMMU & KASHMIR
193404,Kunzer,Baramulla,JAMMU & KASHMIR
193411,Beerwah,Budgam,JAMMU & KASHMIR
193501,Sonawari,Baramulla,JAMMU & KASHMIR
193502,Bandipora,Baramulla,JAMMU & KASHMIR
193503,Gurez,Baramulla,JAMMU & KASHMIR
193504,Safapora,Baramulla,JAMMU & KASHMIR
193505,Aloosa,Bandipur,JAMMU & KASHMIR
194101,Leh,Leh,JAMMU & KASHMIR
194102,Drass,Kargil,JAMMU & KASHMIR
194103,Kargil,Kargil,JAMMU & KASHMIR
194104,Chuglamsar,Leh,JAMMU & KASHMIR
194105,Baroo,Kargil,JAMMU & KASHMIR
194106,Khalsi,Leh,JAMMU & KASHMIR
194107,Saspol,Leh,JAMMU & KASHMIR
194109,Mulbek,Kargil,JAMMU & KASHMIR
194201,Thiksay,Leh,JAMMU & KASHMIR
194202,Nyoma Mud,Leh,JAMMU & KASHMIR
194301,Sankoo,Kargil,JAMMU & KASHMIR
194302,Padum,Kargil,JAMMU & KASHMIR
194303,Panikhar,Kargil,JAMMU & KASHMIR
194401,Diskit,Leh,JAMMU & KASHMIR
201001,Ghaziabad,Ghaziabad,UTTAR PRADESH
201002,Kavi Nagar,Ghaziabad,UTTAR PRADESH
201003,Meerut Road,Ghaziabad,UTTAR PRADESH
201004,Hindon Air Field,Ghaziabad,UTTAR PRADESH
201005,Sahibabad,Ghaziabad,UTTAR PRADESH
201006,Chikamberpur,Ghaziabad,UTTAR PRADESH
201007,Mohan Nagar,Ghaziabad,UTTAR PRADESH
201008,Vidyut Nagar,Gautam Buddha Nagar,UTTAR PRADESH
201009,Ghaziabad City,Ghaziabad,UTTAR PRADESH
201010,I.E.Sahibabad,Ghaziabad,UTTAR PRADESH
201011,Chander Nagar,Ghaziabad,UTTAR PRADESH
201012,Vasundhra,Ghaziabad,UTTAR PRADESH
201013,Govindpuram,Ghaziabad,UTTAR PRADESH
201014,Shipra Sun City,Ghaziabad,UTTAR PRADESH
201015,Hindan Nagar,Ghaziabad,UTTAR PRADESH
201016,Crossing Republik,Ghaziabad,UTTAR PRADESH
201017,Raj Nagar Extension,Ghaziabad,UTTAR PRADESH
201018,Model Town,Ghaziabad,UTTAR PRADESH
201019,Vaishali,Ghaziabad,UTTAR PRADESH
201020,Khora,Ghaziabad,UTTAR PRADESH
201102,Loni,Ghaziabad,UTTAR PRADESH
201103,Tronica City,Ghaziabad,UTTAR PRADESH
201201,Govindpuri,Ghaziabad,UTTAR PRADESH
201204,Modi Nagar,Ghaziabad,UTTAR PRADESH
201206,Murad Nagar,Ghaziabad,UTTAR PRADESH
201301,Noida,Gautam Buddha Nagar,UTTAR PRADESH
201303,Noida Sector 37,Gautam Buddha Nagar,UTTAR PRADESH
201304,Maharishi Nagar,Gautam Buddha Nagar,UTTAR PRADESH
201305,Nepz Post Office,Gautam Buddha Nagar,UTTAR PRADESH
201306,I.A. Surajpur,Gautam Buddha Nagar,UTTAR PRADESH
201307,Noida Sector 34,Gautam Buddha Nagar,UTTAR PRADESH
201309,Noida Sector 62,Gautam Buddha Nagar,UTTAR PRADESH
201310,Knowledge Park-I,Gautam Buddha Nagar,UTTAR PRADESH
201311,Container Depot,Gautam Buddha Nagar,UTTAR PRADESH
201312,Gautam Budh University,Gautam Buddha Nagar,UTTAR PRADESH
201313,Amity University,Gautam Buddha Nagar,UTTAR PRADESH
201314,Shiv Nadar University,Gautam Buddha Nagar,UTTAR PRADESH
201315,Gurjinder Vihar,Gautam Buddha Nagar,UTTAR PRADESH
201316,Sector-122 Noida,Gautam Buddha Nagar,UTTAR PRADESH
201317,Sector-128 Noida,Gautam Buddha Nagar,UTTAR PRADESH
201318,"Sector-1, Greater Noida",Gautam Buddha Nagar,UTTAR PRADESH
202001,Aligarh,Aligarh,UTTAR PRADESH
202002,Aligarh Muslim University,Aligarh,UTTAR PRADESH
202121,Akrabad,Aligarh,UTTAR PRADESH
202122,Aligarh Dairy Farm,Aligarh,UTTAR PRADESH
202123,Gonda,Aligarh,UTTAR PRADESH
202124,Iglas,Aligarh,UTTAR PRADESH
202125,Harduaganj,Aligarh,UTTAR PRADESH
202126,Jawan,Aligarh,UTTAR PRADESH
202127,Kasimpur,Aligarh,UTTAR PRADESH
202128,Jalali,Aligarh,UTTAR PRADESH
202129,Kauriyaganj,Aligarh,UTTAR PRADESH
202130,Chharra,Aligarh,UTTAR PRADESH
202131,Bijauli,Aligarh,UTTAR PRADESH
202132,Chandaus,Aligarh,UTTAR PRADESH
202133,Dadon,Aligarh,UTTAR PRADESH
202134,Gangiri,Aligarh,UTTAR PRADESH
202135,Gomat,Aligarh,UTTAR PRADESH
202136,Gabhana,Aligarh,UTTAR PRADESH
202137,Jattari,Aligarh,UTTAR PRADESH
202138,Khair,Aligarh,UTTAR PRADESH
202139,K G W Sasni,Hathras,UTTAR PRADESH
202140,Lodha,Aligarh,UTTAR PRADESH
202141,Dayal Nagar,Aligarh,UTTAR PRADESH
202142,Birpura,Aligarh,UTTAR PRADESH
202143,Somna,Aligarh,UTTAR PRADESH
202145,Beswan,Aligarh,UTTAR PRADESH
202146,Mangalayatan University,Aligarh,UTTAR PRADESH
202150,Palirajapur,Aligarh,UTTAR PRADESH
202155,Pisawah,Aligarh,UTTAR PRADESH
202165,Tappal,Aligarh,UTTAR PRADESH
202170,Bijaigarh,Aligarh,UTTAR PRADESH
202280,Atrauli,Aligarh,UTTAR PRADESH
202281,J D Singh,Aligarh,UTTAR PRADESH
202282,Malviya Nagar,Aligarh,UTTAR PRADESH
203001,Bulandshahr,Bulandshahr,UTTAR PRADESH
203002,Ag  School,Bulandshahr,UTTAR PRADESH
203129,Karora,Bulandshahr,UTTAR PRADESH
203131,Khurja,Bulandshahr,UTTAR PRADESH
203132,Khurja  Jn  RS,Bulandshahr,UTTAR PRADESH
203135,Jewar,Gautam Buddha Nagar,UTTAR PRADESH
203141,Jahangirpur,Gautam Buddha Nagar,UTTAR PRADESH
203150,Shahkarinagar,Bulandshahr,UTTAR PRADESH
203155,Thora,Gautam Buddha Nagar,UTTAR PRADESH
203201,Dankaur,Bulandshahr,UTTAR PRADESH
203202,Gurukul  Sikandrabad,Bulandshahr,UTTAR PRADESH
203203,Kakore,Gautam Buddha Nagar,UTTAR PRADESH
203205,Sikandrabad,Bulandshahr,UTTAR PRADESH
203206,Industrial Estate Sikandrabad,Bulandshahr,UTTAR PRADESH
203207,Dadri,Gautam Buddha Nagar,UTTAR PRADESH
203209,Rabupura,Gautam Buddha Nagar,UTTAR PRADESH
203389,NAPP,Bulandshahr,UTTAR PRADESH
203390,Anupshahr,Bulandshahr,UTTAR PRADESH
203391,KSC Mill  Anupshahr,Bulandshahr,UTTAR PRADESH
203392,Danpur,Bulandshahr,UTTAR PRADESH
203393,Debai,Bulandshahr,UTTAR PRADESH
203394,Jahangirabad,Bulandshahr,UTTAR PRADESH
203395,Shikarpur,Bulandshahr,UTTAR PRADESH
203396,Pahasu,Bulandshahr,UTTAR PRADESH
203397,Chhatary,Bulandshahr,UTTAR PRADESH
203398,Uncha Gaon,Bulandshahr,UTTAR PRADESH
203399,Ramghat,Bulandshahr,UTTAR PRADESH
203401,Aurangabad,Bulandshahr,UTTAR PRADESH
203402,Bb  Nagar,Bulandshahr,UTTAR PRADESH
203403,Bugrasi,Bulandshahr,UTTAR PRADESH
203405,Khanpur,Bulandshahr,UTTAR PRADESH
203407,Lakhaoti,Bulandshahr,UTTAR PRADESH
203408,Gulaothi,Bulandshahr,UTTAR PRADESH
203409,Sarai  Chhabila,Bulandshahr,UTTAR PRADESH
203411,Saidpur,Bulandshahr,UTTAR PRADESH
203412,Siyana,Bulandshahr,UTTAR PRADESH
204101,Hathras,Hathras,UTTAR PRADESH
204102,Hathras Jn RS,Hathras,UTTAR PRADESH
204211,Kachaura,Hathras,UTTAR PRADESH
204212,Hasayan,Hathras,UTTAR PRADESH
204213,Mursan,Hathras,UTTAR PRADESH
204214,Purdilpur,Hathras,UTTAR PRADESH
204215,Sikandra Rao,Hathras,UTTAR PRADESH
204216,Sasni,Hathras,UTTAR PRADESH
205001,Mainpuri,Mainpuri,UTTAR PRADESH
205119,Tindauli,Mainpuri,UTTAR PRADESH
205121,Ghiror,Mainpuri,UTTAR PRADESH
205247,Ajitganj,Mainpuri,UTTAR PRADESH
205261,Baranahal,Mainpuri,UTTAR PRADESH
205262,Bhongaon,Mainpuri,UTTAR PRADESH
205263,Jeonti,Mainpuri,UTTAR PRADESH
205264,Karhal,Mainpuri,UTTAR PRADESH
205265,Kuraoli,Mainpuri,UTTAR PRADESH
205267,Sultanganj,Mainpuri,UTTAR PRADESH
205268,Kurra,Mainpuri,UTTAR PRADESH
205301,Bewar,Mainpuri,UTTAR PRADESH
205303,Kishni,Mainpuri,UTTAR PRADESH
205304,Kusmara,Mainpuri,UTTAR PRADESH
206001,Etawah,Etawah,UTTAR PRADESH
206002,I. T. I. Etawah,Etawah,UTTAR PRADESH
206003,Ram Lila Road,Etawah,UTTAR PRADESH
206120,Aheripur,Etawah,UTTAR PRADESH
206121,Ajitmal,Auraiya,UTTAR PRADESH
206122,Auraiya,Auraiya,UTTAR PRADESH
206123,Baralokpur,Etawah,UTTAR PRADESH
206124,Bakewar,Etawah,UTTAR PRADESH
206125,Chakar Nagar,Etawah,UTTAR PRADESH
206126,Ekdil,Etawah,UTTAR PRADESH
206127,Lakhana,Etawah,UTTAR PRADESH
206128,Mandir Mahewa,Etawah,UTTAR PRADESH
206129,Muradganj,Auraiya,UTTAR PRADESH
206130,Saifai,Etawah,UTTAR PRADESH
206131,Udi,Etawah,UTTAR PRADESH
206241,Achhalda,Auraiya,UTTAR PRADESH
206242,Bharthana,Etawah,UTTAR PRADESH
206243,Bidhuna,Auraiya,UTTAR PRADESH
206244,Dibiapur,Auraiya,UTTAR PRADESH
206245,Jaswant Nagar,Etawah,UTTAR PRADESH
206246,Kanchausi Bazar,Auraiya,UTTAR PRADESH
206247,Phaphund,Auraiya,UTTAR PRADESH
206248,Sahar,Auraiya,UTTAR PRADESH
206249,Ruruganj,Auraiya,UTTAR PRADESH
206250,Harchandpur,Auraiya,UTTAR PRADESH
206251,Bela,Auraiya,UTTAR PRADESH
206252,Airwa Katra,Auraiya,UTTAR PRADESH
206253,Basrehar,Etawah,UTTAR PRADESH
206255,Malhosi,Auraiya,UTTAR PRADESH
207001,Etah,Etah,UTTAR PRADESH
207002,Aruna Nagar,Etah,UTTAR PRADESH
207003,Brahm Sajiwan,Etah,UTTAR PRADESH
207120,Pilua,Etah,UTTAR PRADESH
207121,Sakeet,Etah,UTTAR PRADESH
207122,Nidholi Kalan,Etah,UTTAR PRADESH
207123,Kasganj,Etah,UTTAR PRADESH
207124,Bilram,Etah,UTTAR PRADESH
207125,Mirehachi,Etah,UTTAR PRADESH
207241,Amanpur,Etah,UTTAR PRADESH
207242,Gunjdundwara,Etah,UTTAR PRADESH
207243,Patiali,Etah,UTTAR PRADESH
207244,Raja Ka Rampur,Etah,UTTAR PRADESH
207245,Sahawar,Etah,UTTAR PRADESH
207246,Sirhpura,Etah,UTTAR PRADESH
207247,Aliganj,Etah,UTTAR PRADESH
207248,Dhumri,Etah,UTTAR PRADESH
207249,Jaithra,Etah,UTTAR PRADESH
207250,Sarai Aghat,Etah,UTTAR PRADESH
207301,Awagarh,Etah,UTTAR PRADESH
207302,Jalesar,Etah,UTTAR PRADESH
207401,Marehara,Etah,UTTAR PRADESH
207402,Neoli,Etah,UTTAR PRADESH
207403,Soron,Etah,UTTAR PRADESH
208001,Kanpur,Kanpur Nagar,UTTAR PRADESH
208002,Nawabganj,Kanpur Nagar,UTTAR PRADESH
208003,Anwarganj,Kanpur Nagar,UTTAR PRADESH
208004,Kanpur Cantt.,Kanpur Nagar,UTTAR PRADESH
208005,Hns Nagar,Kanpur Nagar,UTTAR PRADESH
208006,Govind Nagar,Kanpur Nagar,UTTAR PRADESH
208007,Harjinder Nagar,Kanpur Nagar,UTTAR PRADESH
208008,Chakeri Aerodrum,Kanpur Nagar,UTTAR PRADESH
208009,Armapore,Kanpur Nagar,UTTAR PRADESH
208010,Shiwans Tanney,Kanpur Nagar,UTTAR PRADESH
208011,Kidwai Nagar,Kanpur Nagar,UTTAR PRADESH
208012,R K Nagar,Kanpur Nagar,UTTAR PRADESH
208013,COD,Kanpur Nagar,UTTAR PRADESH
208014,Juhi Colony,Kanpur Nagar,UTTAR PRADESH
208015,New Pac Lines,Kanpur Nagar,UTTAR PRADESH
208016,Iit,Kanpur Nagar,UTTAR PRADESH
208017,Nsi,Kanpur Nagar,UTTAR PRADESH
208019,Rawatpur,Kanpur Nagar,UTTAR PRADESH
208020,Panki,Kanpur Nagar,UTTAR PRADESH
208021,N H Road,Kanpur Nagar,UTTAR PRADESH
208022,Udyog Nagar,Kanpur Nagar,UTTAR PRADESH
208023,T P Nagar,Kanpur Nagar,UTTAR PRADESH
208024,K P University,Kanpur Nagar,UTTAR PRADESH
208025,Naveen Nagar,Kanpur Nagar,UTTAR PRADESH
208026,Indira Nagar,Kanpur Nagar,UTTAR PRADESH
208027,Barra,Kanpur Nagar,UTTAR PRADESH
209101,Akbarpur,Kanpur Dehat,UTTAR PRADESH
209111,Pukhrayan,Kanpur Dehat,UTTAR PRADESH
209112,Amraaudha,Kanpur Dehat,UTTAR PRADESH
209115,Rajpur,Kanpur Dehat,UTTAR PRADESH
209121,Sarwankhera,Kanpur Dehat,UTTAR PRADESH
209125,Sikandra,Kanpur Dehat,UTTAR PRADESH
209202,Bilhaur,Kanpur Dehat,UTTAR PRADESH
209203,Chaubepur,Kanpur Nagar,UTTAR PRADESH
209204,Sheoli,Kanpur Dehat,UTTAR PRADESH
209205,Sheorajpur,Kanpur Dehat,UTTAR PRADESH
209206,Ghatampur,Kanpur Nagar,UTTAR PRADESH
209208,Musa Nagar,Kanpur Dehat,UTTAR PRADESH
209209,B.B.Gaon,Kanpur Dehat,UTTAR PRADESH
209210,Uttaripura,Kanpur Dehat,UTTAR PRADESH
209214,Bidhnoo,Kanpur Nagar,UTTAR PRADESH
209217,Mandhana,Kanpur Nagar,UTTAR PRADESH
209301,Derapur,Kanpur Dehat,UTTAR PRADESH
209302,Jhinjhak,Kanpur Dehat,UTTAR PRADESH
209303,Rura,Kanpur Dehat,UTTAR PRADESH
209304,Sachendi,Kanpur Nagar,UTTAR PRADESH
209305,Chakarpur,Kanpur Nagar,UTTAR PRADESH
209306,Rasulabad,Kanpur Dehat,UTTAR PRADESH
209307,Bhaupur,Kanpur Dehat,UTTAR PRADESH
209308,Patara,Kanpur Nagar,UTTAR PRADESH
209310,Mangalpur,Kanpur Dehat,UTTAR PRADESH
209311,Jainpur I A,Kanpur Dehat,UTTAR PRADESH
209312,Baraur,Kanpur Dehat,UTTAR PRADESH
209401,Narwal,Kanpur Nagar,UTTAR PRADESH
209402,Sarsaul,Kanpur Nagar,UTTAR PRADESH
209501,Nawabganj,Farrukhabad,UTTAR PRADESH
209502,Kaimganj,Farrukhabad,UTTAR PRADESH
209503,Shamsabad,Farrukhabad,UTTAR PRADESH
209504,Manjhana,Farrukhabad,UTTAR PRADESH
209505,Kampil,Farrukhabad,UTTAR PRADESH
209601,Fatehgarh,Farrukhabad,UTTAR PRADESH
209602,Central Jail,Farrukhabad,UTTAR PRADESH
209621,Aligarh,Farrukhabad,UTTAR PRADESH
209622,Amratpur,Farrukhabad,UTTAR PRADESH
209625,Farrukhabad,Farrukhabad,UTTAR PRADESH
209651,Mohamdabad,Farrukhabad,UTTAR PRADESH
209652,Neebkarori,Farrukhabad,UTTAR PRADESH
209720,Bishungarh,Kannauj,UTTAR PRADESH
209721,Chhibramau,Kannauj,UTTAR PRADESH
209722,Gurusahaiganj,Kannauj,UTTAR PRADESH
209723,Indergarh,Kannauj,UTTAR PRADESH
209724,Kamalganj,Farrukhabad,UTTAR PRADESH
209725,Kannauj,Kannauj,UTTAR PRADESH
209726,Makrand Nagar,Kannauj,UTTAR PRADESH
209727,Saraimira,Kannauj,UTTAR PRADESH
209728,Saurikh,Kannauj,UTTAR PRADESH
209729,Sikanderpur,Kannauj,UTTAR PRADESH
209731,Talgram,Kannauj,UTTAR PRADESH
209732,Tirwa,Kannauj,UTTAR PRADESH
209733,Jalalabad,Kannauj,UTTAR PRADESH
209734,Thathia,Kannauj,UTTAR PRADESH
209735,Sarai Prayag,Kannauj,UTTAR PRADESH
209736,Khairnagar,Kannauj,UTTAR PRADESH
209738,Umarda,Kannauj,UTTAR PRADESH
209739,Jahanganj,Farrukhabad,UTTAR PRADESH
209743,Khimseypur,Farrukhabad,UTTAR PRADESH
209745,Roshnabad,Farrukhabad,UTTAR PRADESH
209747,Sakrawa,Kannauj,UTTAR PRADESH
209749,Yaqutganj,Farrukhabad,UTTAR PRADESH
209801,Unnao,Unnao,UTTAR PRADESH
209821,Maurawan,Unnao,UTTAR PRADESH
209825,Purwa,Unnao,UTTAR PRADESH
209827,Chamiyani,Unnao,UTTAR PRADESH
209831,Ajgain,Unnao,UTTAR PRADESH
209841,Hasanganj,Unnao,UTTAR PRADESH
209859,Nawabganj,Unnao,UTTAR PRADESH
209860,Achalganj,Unnao,UTTAR PRADESH
209861,Ganga Ghat,Unnao,UTTAR PRADESH
209862,Magarwara,Unnao,UTTAR PRADESH
209863,Bara,Unnao,UTTAR PRADESH
209864,Bhagwant Nagar,Unnao,UTTAR PRADESH
209865,Bighapur,Unnao,UTTAR PRADESH
209866,Bihar,Unnao,UTTAR PRADESH
209867,Patan,Unnao,UTTAR PRADESH
209868,Bangermau,Unnao,UTTAR PRADESH
209869,Ganj Moradabad,Unnao,UTTAR PRADESH
209870,Rasulabad,Unnao,UTTAR PRADESH
209871,Safipur,Unnao,UTTAR PRADESH
209881,Mohan,Unnao,UTTAR PRADESH
210001,Banda,Banda,UTTAR PRADESH
210120,Khurand R.S.,Banda,UTTAR PRADESH
210121,Baberu,Banda,UTTAR PRADESH
210123,Chillatara,Banda,UTTAR PRADESH
210125,Kamasin,Banda,UTTAR PRADESH
210126,Pailani,Banda,UTTAR PRADESH
210128,Tindwari,Banda,UTTAR PRADESH
210129,Naraini,Banda,UTTAR PRADESH
210201,Atarra,Banda,UTTAR PRADESH
210202,Badausa,Banda,UTTAR PRADESH
210203,Bisanda,Banda,UTTAR PRADESH
210204,Chitrakot,Chitrakoot,UTTAR PRADESH
210205,Karwi,Chitrakoot,UTTAR PRADESH
210206,Pahari,Chitrakoot,UTTAR PRADESH
210207,Rajapur,Chitrakoot,UTTAR PRADESH
210208,Manikpur,Chitrakoot,UTTAR PRADESH
210209,Mauchhibu,Chitrakoot,UTTAR PRADESH
210301,Hamirpur,Hamirpur,UTTAR PRADESH
210341,Ingohta,Hamirpur,UTTAR PRADESH
210421,Charkhari State,Mahoba,UTTAR PRADESH
210422,Jaria,Hamirpur,UTTAR PRADESH
210423,Jaitpur,Mahoba,UTTAR PRADESH
210424,Kabrai,Mahoba,UTTAR PRADESH
210425,Kharela,Mahoba,UTTAR PRADESH
210426,Kulpahar,Mahoba,UTTAR PRADESH
210427,Mahoba,Mahoba,UTTAR PRADESH
210428,Majhagawan,Hamirpur,UTTAR PRADESH
210429,Panwari,Mahoba,UTTAR PRADESH
210430,Gohand,Hamirpur,UTTAR PRADESH
210431,Rath,Hamirpur,UTTAR PRADESH
210432,Sarila State,Hamirpur,UTTAR PRADESH
210433,Srinagar,Mahoba,UTTAR PRADESH
210501,Bewar,Hamirpur,UTTAR PRADESH
210502,Baruwa Sumerpur,Hamirpur,UTTAR PRADESH
210504,Khanna,Mahoba,UTTAR PRADESH
210505,Kurara,Hamirpur,UTTAR PRADESH
210506,Muskara,Hamirpur,UTTAR PRADESH
210507,Ragaul,Hamirpur,UTTAR PRADESH
211001,Allahabad,Allahabad,UTTAR PRADESH
211002,Allahabad Kty.,Allahabad,UTTAR PRADESH
211003,Allahabad City,Allahabad,UTTAR PRADESH
211004,Cavellary Lines,Allahabad,UTTAR PRADESH
211005,Allahabad Fort,Allahabad,UTTAR PRADESH
211006,Daraganj,Allahabad,UTTAR PRADESH
211007,Agriculture Institute,Allahabad,UTTAR PRADESH
211008,Naini,Allahabad,UTTAR PRADESH
211010,T S L,Allahabad,UTTAR PRADESH
211011,Dhoomanganj,Allahabad,UTTAR PRADESH
211012,Bamrauli,Allahabad,UTTAR PRADESH
211013,Phaphamau,Allahabad,UTTAR PRADESH
211014,C D A,Allahabad,UTTAR PRADESH
211015,Subedarganj,Allahabad,UTTAR PRADESH
211016,G T B Nagar,Allahabad,UTTAR PRADESH
211017,Allahabad High Court,Allahabad,UTTAR PRADESH
211018,Public Service Commission,Allahabad,UTTAR PRADESH
211019,Jhunsi,Allahabad,UTTAR PRADESH
211021,Rajarshi Tandon Open University Pha,Allahabad,UTTAR PRADESH
211022,C.R.P.F Group Centre Ismailganj,Allahabad,UTTAR PRADESH
212104,Bharatganj,Allahabad,UTTAR PRADESH
212105,Chheoki,Allahabad,UTTAR PRADESH
212106,Jari Bazar,Allahabad,UTTAR PRADESH
212107,Jasra,Allahabad,UTTAR PRADESH
212108,Shankargarh,Allahabad,UTTAR PRADESH
212109,Sikandra,Allahabad,UTTAR PRADESH
212111,Dandupur,Allahabad,UTTAR PRADESH
212201,Bharwari,Kaushambi,UTTAR PRADESH
212202,Chail,Kaushambi,UTTAR PRADESH
212203,Charwa,Allahabad,UTTAR PRADESH
212204,Daranagar,Allahabad,UTTAR PRADESH
212205,Kara,Kaushambi,UTTAR PRADESH
212206,Karari,Kaushambi,UTTAR PRADESH
212207,Manjhanpur,Kaushambi,UTTAR PRADESH
212208,Manauri,Allahabad,UTTAR PRADESH
212212,Manauri AF,Allahabad,UTTAR PRADESH
212213,Mahgaon,Kaushambi,UTTAR PRADESH
212214,Pashchim Sarira,Kaushambi,UTTAR PRADESH
212216,Sarai Akil,Kaushambi,UTTAR PRADESH
212217,Sirathu,Kaushambi,UTTAR PRADESH
212218,Tilhapur,Kaushambi,UTTAR PRADESH
212301,Karchhana,Allahabad,UTTAR PRADESH
212302,Meja,Allahabad,UTTAR PRADESH
212303,Meja Road,Allahabad,UTTAR PRADESH
212305,Sirsa,Allahabad,UTTAR PRADESH
212306,Koraon,Allahabad,UTTAR PRADESH
212307,Khain,Allahabad,UTTAR PRADESH
212308,NTPC Kohdar Meja,Allahabad,UTTAR PRADESH
212401,Janghai Bazar,Allahabad,UTTAR PRADESH
212402,Phoolpur,Allahabad,UTTAR PRADESH
212404,Ghiya Ngr,Allahabad,UTTAR PRADESH
212405,Ugrasen Pur,Allahabad,UTTAR PRADESH
212502,Soraon,Allahabad,UTTAR PRADESH
212503,Holagarh,Allahabad,UTTAR PRADESH
212507,Mau Aima,Allahabad,UTTAR PRADESH
212601,Fatehpur,Fatehpur,UTTAR PRADESH
212620,Asother,Fatehpur,UTTAR PRADESH
212621,Ghazipur,Fatehpur,UTTAR PRADESH
212622,Bahrampur,Fatehpur,UTTAR PRADESH
212631,Amauli,Fatehpur,UTTAR PRADESH
212635,Bindki,Fatehpur,UTTAR PRADESH
212641,Dhata,Fatehpur,UTTAR PRADESH
212645,Haswa,Fatehpur,UTTAR PRADESH
212650,Chheolaha,Fatehpur,UTTAR PRADESH
212651,Husainganj,Fatehpur,UTTAR PRADESH
212652,Hathgaon,Fatehpur,UTTAR PRADESH
212653,Erayan,Fatehpur,UTTAR PRADESH
212654,Jamraon,Fatehpur,UTTAR PRADESH
212655,Khaga,Fatehpur,UTTAR PRADESH
212656,Khakhreru,Fatehpur,UTTAR PRADESH
212657,Khajuha,Fatehpur,UTTAR PRADESH
212658,Kishanpur,Fatehpur,UTTAR PRADESH
212659,Kora Jahanabad,Fatehpur,UTTAR PRADESH
212661,Lalauli,Fatehpur,UTTAR PRADESH
212663,Bahua,Fatehpur,UTTAR PRADESH
212664,Malwan R.S.,Fatehpur,UTTAR PRADESH
212665,Mauhar,Fatehpur,UTTAR PRADESH
221001,Varanasi,Varanasi,UTTAR PRADESH
221002,Varanasi Cantt,Varanasi,UTTAR PRADESH
221003,Vsi Shivpur,Varanasi,UTTAR PRADESH
221004,D.L.W.,Varanasi,UTTAR PRADESH
221005,Hindu Vishwa Vidhyalaya,Varanasi,UTTAR PRADESH
221006,Babatpur Ad,Varanasi,UTTAR PRADESH
221007,Sarnath,Varanasi,UTTAR PRADESH
221008,Ramnagar,Varanasi,UTTAR PRADESH
221009,Sahupuri,Chandauli,UTTAR PRADESH
221010,Mahmoorganj,Varanasi,UTTAR PRADESH
221011,Dafi,Varanasi,UTTAR PRADESH
221012,Kustha Seva Ashram,Varanasi,UTTAR PRADESH
221101,Cholapur,Varanasi,UTTAR PRADESH
221103,Manduadih,Varanasi,UTTAR PRADESH
221104,Chaubeypur,Varanasi,UTTAR PRADESH
221105,Harhua,Varanasi,UTTAR PRADESH
221106,Industrial Estate,Varanasi,UTTAR PRADESH
221107,Lohta,Varanasi,UTTAR PRADESH
221108,Bhulanpur Pac,Varanasi,UTTAR PRADESH
221109,Jayapur,Varanasi,UTTAR PRADESH
221110,Basant Nagar,Varanasi,UTTAR PRADESH
221112,Chiraigaon,Varanasi,UTTAR PRADESH
221115,Tanda Kalan,Chandauli,UTTAR PRADESH
221116,Kaithi,Varanasi,UTTAR PRADESH
221201,Anai,Varanasi,UTTAR PRADESH
221202,Mangari,Varanasi,UTTAR PRADESH
221204,Baragaon,Varanasi,UTTAR PRADESH
221206,Pindra,Varanasi,UTTAR PRADESH
221207,Kathiraon,Varanasi,UTTAR PRADESH
221208,Sindhora,Varanasi,UTTAR PRADESH
221301,Aurai,Sant Ravidas Nagar,UTTAR PRADESH
221302,Gangapur,Varanasi,UTTAR PRADESH
221303,Gopiganj,Sant Ravidas Nagar,UTTAR PRADESH
221304,Gyanpur,Sant Ravidas Nagar,UTTAR PRADESH
221305,Jakhini,Varanasi,UTTAR PRADESH
221306,Khamaria,Varanasi,UTTAR PRADESH
221307,Mirzamurad,Varanasi,UTTAR PRADESH
221308,Ozh,Sant Ravidas Nagar,UTTAR PRADESH
221309,Koirauna,Sant Ravidas Nagar,UTTAR PRADESH
221310,Jangiganj,Sant Ravidas Nagar,UTTAR PRADESH
221311,Rajatalab,Varanasi,UTTAR PRADESH
221313,Kachhwa Road,Varanasi,UTTAR PRADESH
221314,Mahrajganj,Sant Ravidas Nagar,UTTAR PRADESH
221401,Bhadohi,Sant Ravidas Nagar,UTTAR PRADESH
221402,Parsipur,Sant Ravidas Nagar,UTTAR PRADESH
221403,Sewapuri,Varanasi,UTTAR PRADESH
221404,Suriyawan,Sant Ravidas Nagar,UTTAR PRADESH
221405,Hathi Bazar,Varanasi,UTTAR PRADESH
221406,Mondh,Sant Ravidas Nagar,UTTAR PRADESH
221409,Nai Bazar,Sant Ravidas Nagar,UTTAR PRADESH
221502,Baraut,Allahabad,UTTAR PRADESH
221503,Handia,Allahabad,UTTAR PRADESH
221505,Hanumanganj,Allahabad,UTTAR PRADESH
221507,Sahson,Allahabad,UTTAR PRADESH
221508,Saidabad,Allahabad,UTTAR PRADESH
221601,Dubari,Mau,UTTAR PRADESH
221602,Maryad Pur.,Mau,UTTAR PRADESH
221603,Madhu Ban,Mau,UTTAR PRADESH
221701,Chilkahar,Ballia,UTTAR PRADESH
221705,Haldharpur,Mau,UTTAR PRADESH
221706,Ratan Pura,Mau,UTTAR PRADESH
221709,Garhmalpur,Ballia,UTTAR PRADESH
221711,Nagra,Ballia,UTTAR PRADESH
221712,Rasra,Ballia,UTTAR PRADESH
221713,Chitbaragaon,Ballia,UTTAR PRADESH
221715,Bilthra Road RS,Ballia,UTTAR PRADESH
221716,Kidihirapur,Ballia,UTTAR PRADESH
221717,Nawanagar,Ballia,UTTAR PRADESH
221718,Khandwa,Ballia,UTTAR PRADESH
222001,Jaunpur,Jaunpur,UTTAR PRADESH
222002,Jaunpur Kty.,Jaunpur,UTTAR PRADESH
222003,Purvanchal Vishwa Vidyalaya,Jaunpur,UTTAR PRADESH
222105,Ramdayalganj,Jaunpur,UTTAR PRADESH
222109,Naupedwa,Jaunpur,UTTAR PRADESH
222125,Badlapur,Jaunpur,UTTAR PRADESH
222127,Baderi,Jaunpur,UTTAR PRADESH
222128,Bazar Neorhia,Jaunpur,UTTAR PRADESH
222129,Chandwak,Jaunpur,UTTAR PRADESH
222131,Sikrara,Jaunpur,UTTAR PRADESH
222132,Fatehganj,Jaunpur,UTTAR PRADESH
222133,Gaurabadshahpur,Jaunpur,UTTAR PRADESH
222135,Gulzarganj,Jaunpur,UTTAR PRADESH
222136,Jalalpur,Jaunpur,UTTAR PRADESH
222137,Jamalapur,Jaunpur,UTTAR PRADESH
222138,Kajgaon,Jaunpur,UTTAR PRADESH
222139,Khetasarai,Jaunpur,UTTAR PRADESH
222141,Saraiharakhu,Jaunpur,UTTAR PRADESH
222142,Kerakat,Jaunpur,UTTAR PRADESH
222143,Machhali Shahar,Jaunpur,UTTAR PRADESH
222144,Baraipar,Jaunpur,UTTAR PRADESH
222145,Mahraj Ganj,Jaunpur,UTTAR PRADESH
222146,Kutir Chakkey,Jaunpur,UTTAR PRADESH
222148,Leorua,Jaunpur,UTTAR PRADESH
222149,Sgrd College Dobhi,Jaunpur,UTTAR PRADESH
222161,Mariahun,Jaunpur,UTTAR PRADESH
222162,Barsathi,Jaunpur,UTTAR PRADESH
222165,Meerganj,Jaunpur,UTTAR PRADESH
222170,Muftiganj,Jaunpur,UTTAR PRADESH
222175,Singramau,Jaunpur,UTTAR PRADESH
222180,Zafarabad,Jaunpur,UTTAR PRADESH
222181,Thanagaddi,Jaunpur,UTTAR PRADESH
222201,Balwarganj,Jaunpur,UTTAR PRADESH
222202,Mungra Badshahpur,Jaunpur,UTTAR PRADESH
222203,Rampur,Jaunpur,UTTAR PRADESH
222204,Nibhapur,Jaunpur,UTTAR PRADESH
222301,Koiripur,Sultanpur,UTTAR PRADESH
222302,Lambhua,Sultanpur,UTTAR PRADESH
222303,Maharani Pachchhim,Sultanpur,UTTAR PRADESH
223101,Shahganj,Jaunpur,UTTAR PRADESH
223102,Patti Narendra,Jaunpur,UTTAR PRADESH
223103,Saraimohiddin,Jaunpur,UTTAR PRADESH
223104,Khuthan,Jaunpur,UTTAR PRADESH
223105,Soithakalan,Jaunpur,UTTAR PRADESH
223221,Aharaula,Azamgarh,UTTAR PRADESH
223222,Ambari,Azamgarh,UTTAR PRADESH
223223,Ataraulia,Azamgarh,UTTAR PRADESH
223224,Didarganj,Azamgarh,UTTAR PRADESH
223225,Mahul,Azamgarh,UTTAR PRADESH
223226,Pushpnagar,Azamgarh,UTTAR PRADESH
223227,Sanjar Pur,Azamgarh,UTTAR PRADESH
224001,Faizabad,Faizabad,UTTAR PRADESH
224116,Bhilsar,Faizabad,UTTAR PRADESH
224117,Mawai,Faizabad,UTTAR PRADESH
224118,Meermau,Faizabad,UTTAR PRADESH
224119,Patranga R.S.,Faizabad,UTTAR PRADESH
224120,Rudauli,Faizabad,UTTAR PRADESH
224121,Amaniganj,Faizabad,UTTAR PRADESH
224122,Akbarpur,Ambedkar Nagar,UTTAR PRADESH
224123,Ayodhya,Ambedkar Nagar,UTTAR PRADESH
224125,Bandipur,Ambedkar Nagar,UTTAR PRADESH
224126,Baragaon RS,Faizabad,UTTAR PRADESH
224127,Barun,Faizabad,UTTAR PRADESH
224129,Baskhari,Ambedkar Nagar,UTTAR PRADESH
224132,Bhiti,Ambedkar Nagar,UTTAR PRADESH
224133,Dabha Samer,Faizabad,UTTAR PRADESH
224135,Darshan Nagar,Faizabad,UTTAR PRADESH
224137,Deoria,Ambedkar Nagar,UTTAR PRADESH
224139,Dulahoopur,Ambedkar Nagar,UTTAR PRADESH
224141,Goshaiganj,Faizabad,UTTAR PRADESH
224143,Hanswar,Ambedkar Nagar,UTTAR PRADESH
224145,Iltifatganj,Ambedkar Nagar,UTTAR PRADESH
224146,Jafarganj,Ambedkar Nagar,UTTAR PRADESH
224147,Jahangirganj,Ambedkar Nagar,UTTAR PRADESH
224149,Jalalpur,Ambedkar Nagar,UTTAR PRADESH
224151,Katehari,Ambedkar Nagar,UTTAR PRADESH
224152,Mijhaura,Ambedkar Nagar,UTTAR PRADESH
224153,Khandasa,Faizabad,UTTAR PRADESH
224155,Kichhauccha,Ambedkar Nagar,UTTAR PRADESH
224157,Khemapur,Ambedkar Nagar,UTTAR PRADESH
224158,Kuchera,Faizabad,UTTAR PRADESH
224159,Malipur,Ambedkar Nagar,UTTAR PRADESH
224161,Maya,Faizabad,UTTAR PRADESH
224164,Milkipur,Faizabad,UTTAR PRADESH
224168,Pahitipur,Ambedkar Nagar,UTTAR PRADESH
224171,Purah,Faizabad,UTTAR PRADESH
224172,Rasulabad,Faizabad,UTTAR PRADESH
224176,Rajesultanpur,Ambedkar Nagar,UTTAR PRADESH
224181,Ram Nagar,Ambedkar Nagar,UTTAR PRADESH
224182,Raunahi,Faizabad,UTTAR PRADESH
224183,Saidahi,Ambedkar Nagar,UTTAR PRADESH
224186,Sikandarpur,Ambedkar Nagar,UTTAR PRADESH
224188,Sohawal RS,Faizabad,UTTAR PRADESH
224189,Deorhi,Faizabad,UTTAR PRADESH
224190,Tanda,Ambedkar Nagar,UTTAR PRADESH
224195,Tikari,Faizabad,UTTAR PRADESH
224201,Motinagar,Faizabad,UTTAR PRADESH
224202,Bharatkund,Faizabad,UTTAR PRADESH
224203,Rampur Bhagan,Faizabad,UTTAR PRADESH
224204,Bikapur,Faizabad,UTTAR PRADESH
224205,Khapradih,Faizabad,UTTAR PRADESH
224206,Khajurahat,Faizabad,UTTAR PRADESH
224207,Majurddinpur,Faizabad,UTTAR PRADESH
224208,Harringtonganj,Faizabad,UTTAR PRADESH
224209,Chaurebazar,Faizabad,UTTAR PRADESH
224210,Bariyawan,Ambedkar Nagar,UTTAR PRADESH
224225,Achhora,Faizabad,UTTAR PRADESH
224227,Surapur,Ambedkar Nagar,UTTAR PRADESH
224228,Inayatnagar,Faizabad,UTTAR PRADESH
224229,Kumarganj,Faizabad,UTTAR PRADESH
224230,Kedarnagar,Ambedkar Nagar,UTTAR PRADESH
224231,Maharuwa Gola,Ambedkar Nagar,UTTAR PRADESH
224232,Hakeem Pur,Ambedkar Nagar,UTTAR PRADESH
224234,Mahboobganj,Faizabad,UTTAR PRADESH
224235,U.P.S.S. Mill,Ambedkar Nagar,UTTAR PRADESH
224238,Vidhut Nagar,Ambedkar Nagar,UTTAR PRADESH
224284,Shahganj,Faizabad,UTTAR PRADESH
225001,Barabanki,Barabanki,UTTAR PRADESH
225002,Barabanki Sugar Mill,Barabanki,UTTAR PRADESH
225003,Gandhi Aashram,Barabanki,UTTAR PRADESH
225119,Kothi,Barabanki,UTTAR PRADESH
225120,Usmanpur,Barabanki,UTTAR PRADESH
225121,Harakh,Barabanki,UTTAR PRADESH
225122,Satrikh,Barabanki,UTTAR PRADESH
225123,Somaiya Nagar,Barabanki,UTTAR PRADESH
225124,Haidergarh,Barabanki,UTTAR PRADESH
225125,Subeha,Barabanki,UTTAR PRADESH
225126,Trivediganj,Barabanki,UTTAR PRADESH
225201,Bahramghat,Barabanki,UTTAR PRADESH
225202,Burhwal Sugar Mill,Barabanki,UTTAR PRADESH
225203,Jahangeerabad Raj,Barabanki,UTTAR PRADESH
225204,Masauli,Barabanki,UTTAR PRADESH
225205,Ramnagar,Barabanki,UTTAR PRADESH
225206,Saadatganj,Barabanki,UTTAR PRADESH
225207,Sirauli Gaus Pur,Barabanki,UTTAR PRADESH
225208,Tilokpur,Barabanki,UTTAR PRADESH
225301,Dewa Sharif,Barabanki,UTTAR PRADESH
225302,Kursi,Barabanki,UTTAR PRADESH
225303,Mohammad Pur Khaley,Barabanki,UTTAR PRADESH
225304,Suratganj,Barabanki,UTTAR PRADESH
225305,Tehsil Fateh Pur,Barabanki,UTTAR PRADESH
225306,Shahpur Bhagauli,Barabanki,UTTAR PRADESH
225401,Aliabad,Barabanki,UTTAR PRADESH
225403,Dariya Bad,Barabanki,UTTAR PRADESH
225404,Dariyabad R.S.,Barabanki,UTTAR PRADESH
225405,Hathaunda,Barabanki,UTTAR PRADESH
225409,Ram Sanehi Ghat,Barabanki,UTTAR PRADESH
225412,Safderganj,Barabanki,UTTAR PRADESH
225413,Sidhaur,Barabanki,UTTAR PRADESH
225414,Zaidpur,Barabanki,UTTAR PRADESH
225415,Tikait Nagar,Barabanki,UTTAR PRADESH
225416,Asandra,Barabanki,UTTAR PRADESH
226001,Lucknow G.P.O.,Lucknow,UTTAR PRADESH
226002,Dilkusha,Lucknow,UTTAR PRADESH
226003,Lucknow Chowk,Lucknow,UTTAR PRADESH
226004,Rajendranagar,Lucknow,UTTAR PRADESH
226005,Alambagh,Lucknow,UTTAR PRADESH
226006,Mahanagar,Lucknow,UTTAR PRADESH
226007,New Hyderabad,Lucknow,UTTAR PRADESH
226008,Sarojini Nagar,Lucknow,UTTAR PRADESH
226009,Amausi Ad,Lucknow,UTTAR PRADESH
226010,Gomtinagar,Lucknow,UTTAR PRADESH
226011,Manaknagar,Lucknow,UTTAR PRADESH
226012,L D A Colony,Lucknow,UTTAR PRADESH
226013,Iim Mubarakpur,Lucknow,UTTAR PRADESH
226014,Sgpgi,Lucknow,UTTAR PRADESH
226015,Cimap,Lucknow,UTTAR PRADESH
226016,Indira Nagar,Lucknow,UTTAR PRADESH
226017,Avas Vikas Colony,Lucknow,UTTAR PRADESH
226018,Aminabad Park,Lucknow,UTTAR PRADESH
226019,Industria Area Chinhat,Lucknow,UTTAR PRADESH
226020,Niralanagar,Lucknow,UTTAR PRADESH
226021,Jankipuram,Lucknow,UTTAR PRADESH
226022,Vikas Nagar,Lucknow,UTTAR PRADESH
226023,Manasnagar,Lucknow,UTTAR PRADESH
226024,Aliganj,Lucknow,UTTAR PRADESH
226025,B R A University,Lucknow,UTTAR PRADESH
226026,Sanatan Dharam Vidya Peeth,Lucknow,UTTAR PRADESH
226027,U P Governer Camp,Lucknow,UTTAR PRADESH
226028,Chinhat,Lucknow,UTTAR PRADESH
226029,Vrinda Van Colony,Lucknow,UTTAR PRADESH
226030,Sushant Golf City,Lucknow,UTTAR PRADESH
226031,Jankipuram Extension,Lucknow,UTTAR PRADESH
226101,Kakori,Lucknow,UTTAR PRADESH
226102,Malihabad,Lucknow,UTTAR PRADESH
226103,Rahimabad,Lucknow,UTTAR PRADESH
226104,Mall,Lucknow,UTTAR PRADESH
226201,Bakshi Ka Talab,Lucknow,UTTAR PRADESH
226202,FFTC Indaurabagh,Lucknow,UTTAR PRADESH
226203,Itaunja,Lucknow,UTTAR PRADESH
226301,Mohanlalganj,Lucknow,UTTAR PRADESH
226302,Nigohan,Lucknow,UTTAR PRADESH
226303,Nagram,Lucknow,UTTAR PRADESH
226401,Banthra,Lucknow,UTTAR PRADESH
226501,Gosainganj,Lucknow,UTTAR PRADESH
227304,Bharkhare,Sultanpur,UTTAR PRADESH
227405,Amethi,Sultanpur,UTTAR PRADESH
227406,Bhadar,Sultanpur,UTTAR PRADESH
227407,Bisesarganj,Sultanpur,UTTAR PRADESH
227408,Dhammaur,Sultanpur,UTTAR PRADESH
227409,Gauriganj,Sultanpur,UTTAR PRADESH
227411,Shahgarh,Sultanpur,UTTAR PRADESH
227412,H A L Korwa,Sultanpur,UTTAR PRADESH
227413,Tikarmafi,Sultanpur,UTTAR PRADESH
227801,Gaura Jamon,Sultanpur,UTTAR PRADESH
227805,Aliganj Bazar,Sultanpur,UTTAR PRADESH
227806,Bazar Baldirai,Sultanpur,UTTAR PRADESH
227807,Pindara,Sultanpur,UTTAR PRADESH
227808,Hasanpur,Sultanpur,UTTAR PRADESH
227809,Jagdishpur,Sultanpur,UTTAR PRADESH
227811,Sukul Ka Bazar,Sultanpur,UTTAR PRADESH
227812,Wallipur,Sultanpur,UTTAR PRADESH
227813,Musafirkhana,Sultanpur,UTTAR PRADESH
227814,Ataula,Sultanpur,UTTAR PRADESH
227815,Haliapur,Sultanpur,UTTAR PRADESH
227816,Raniganj,Sultanpur,UTTAR PRADESH
227817,Jagdishpur Industrial Area,Sultanpur,UTTAR PRADESH
228001,Sultanpur,Sultanpur,UTTAR PRADESH
228118,Kamla Nehru Institute,Sultanpur,UTTAR PRADESH
228119,Gosainganj,Sultanpur,UTTAR PRADESH
228120,Baraunsa,Sultanpur,UTTAR PRADESH
228121,Atarsuma,Sultanpur,UTTAR PRADESH
228125,Dwarikaganj,Sultanpur,UTTAR PRADESH
228131,Dostpur,Sultanpur,UTTAR PRADESH
228132,Deara,Sultanpur,UTTAR PRADESH
228133,Belahari,Sultanpur,UTTAR PRADESH
228141,Jaisinghpur,Sultanpur,UTTAR PRADESH
228142,Mahmoodpur Semri,Sultanpur,UTTAR PRADESH
228145,Kadipur,Sultanpur,UTTAR PRADESH
228151,Kurebhar,Sultanpur,UTTAR PRADESH
228155,Kurwar,Sultanpur,UTTAR PRADESH
228159,Ramganj,Sultanpur,UTTAR PRADESH
228161,Tawakkalpur Nagra,Sultanpur,UTTAR PRADESH
228171,Akhandnagar,Sultanpur,UTTAR PRADESH
228178,Belwai,Sultanpur,UTTAR PRADESH
229001,Raebarely,Raebareli,UTTAR PRADESH
229010,ITI,Raebareli,UTTAR PRADESH
229103,Hallaur,Raebareli,UTTAR PRADESH
229120,Rail Coach Factory Lalganj,Raebareli,UTTAR PRADESH
229121,Aihar,Raebareli,UTTAR PRADESH
229122,Gurbuxganj,Raebareli,UTTAR PRADESH
229123,Hardoi,Raebareli,UTTAR PRADESH
229124,K K Bajar,Raebareli,UTTAR PRADESH
229125,Kathgar,Raebareli,UTTAR PRADESH
229126,Semrauta,Raebareli,UTTAR PRADESH
229127,Salon,Raebareli,UTTAR PRADESH
229128,Mejarganj,Raebareli,UTTAR PRADESH
229129,Parsadepur,Raebareli,UTTAR PRADESH
229130,Malik Mau Chaubara,Raebareli,UTTAR PRADESH
229135,Aharwabhawani,Raebareli,UTTAR PRADESH
229201,Behta,Raebareli,UTTAR PRADESH
229202,Bhojpur,Raebareli,UTTAR PRADESH
229203,Dalmau,Raebareli,UTTAR PRADESH
229204,Gaura,Raebareli,UTTAR PRADESH
229205,Khiro,Raebareli,UTTAR PRADESH
229206,Lalganj,Raebareli,UTTAR PRADESH
229207,Murai Ka Bagh,Raebareli,UTTAR PRADESH
229208,Nihastha,Raebareli,UTTAR PRADESH
229209,Paho,Raebareli,UTTAR PRADESH
229210,Atarhar,Raebareli,UTTAR PRADESH
229211,Semri,Raebareli,UTTAR PRADESH
229212,Sareni,Raebareli,UTTAR PRADESH
229215,Purepandey,Raebareli,UTTAR PRADESH
229216,Cheolaha,Raebareli,UTTAR PRADESH
229301,Bachrawan,Raebareli,UTTAR PRADESH
229302,Fursatganj,Raebareli,UTTAR PRADESH
229303,Harchandpur,Raebareli,UTTAR PRADESH
229304,Harbansganj,Raebareli,UTTAR PRADESH
229305,Jais,Raebareli,UTTAR PRADESH
229306,Mahrajganj,Raebareli,UTTAR PRADESH
229307,Nasirabad,Raebareli,UTTAR PRADESH
229308,Shivgarh,Raebareli,UTTAR PRADESH
229309,Tiloi,Raebareli,UTTAR PRADESH
229310,Deeh,Raebareli,UTTAR PRADESH
229311,Sehgon,Raebareli,UTTAR PRADESH
229316,Ratapur,Raebareli,UTTAR PRADESH
229401,Itaurabujurg,Raebareli,UTTAR PRADESH
229402,Jagatpur,Raebareli,UTTAR PRADESH
229404,Mustafabad,Raebareli,UTTAR PRADESH
229405,Munshiganj,Raebareli,UTTAR PRADESH
229406,Fgtp Unchahar,Raebareli,UTTAR PRADESH
229408,Kalakankar,Pratapgarh,UTTAR PRADESH
229410,Kaithola,Pratapgarh,UTTAR PRADESH
229411,Anapur,Allahabad,UTTAR PRADESH
229412,Atrampur,Allahabad,UTTAR PRADESH
229413,Lalgopal Ganj,Allahabad,UTTAR PRADESH
229801,Inhauna,Raebareli,UTTAR PRADESH
229802,Sheoratanganj,Raebareli,UTTAR PRADESH
230001,Pratapgarh,Pratapgarh,UTTAR PRADESH
230002,Pratapgarh City,Pratapgarh,UTTAR PRADESH
230121,Pura Dhakwa Chauraha,Pratapgarh,UTTAR PRADESH
230124,Amargarh,Pratapgarh,UTTAR PRADESH
230125,Atheha,Pratapgarh,UTTAR PRADESH
230126,Babuganj,Pratapgarh,UTTAR PRADESH
230127,Dalippur,Pratapgarh,UTTAR PRADESH
230128,Derwa,Pratapgarh,UTTAR PRADESH
230129,Jethwara,Pratapgarh,UTTAR PRADESH
230130,Laxmanpur,Pratapgarh,UTTAR PRADESH
230131,Katra Medniganj,Pratapgarh,UTTAR PRADESH
230132,Lalganj,Pratapgarh,UTTAR PRADESH
230133,Prithviganj Bazar,Pratapgarh,UTTAR PRADESH
230134,Oraiyadeeh,Pratapgarh,UTTAR PRADESH
230135,Patti,Pratapgarh,UTTAR PRADESH
230136,Sagra,Pratapgarh,UTTAR PRADESH
230137,Sahabganj,Pratapgarh,UTTAR PRADESH
230138,Saifabad,Pratapgarh,UTTAR PRADESH
230139,Sangipur,Pratapgarh,UTTAR PRADESH
230141,Sangramgarh,Pratapgarh,UTTAR PRADESH
230142,Shitlaganj,Pratapgarh,UTTAR PRADESH
230143,Babaganj,Pratapgarh,UTTAR PRADESH
230144,Ajgara,Pratapgarh,UTTAR PRADESH
230201,Bhadri,Pratapgarh,UTTAR PRADESH
230202,Garhi Manikpur,Pratapgarh,UTTAR PRADESH
230204,Kunda,Pratapgarh,UTTAR PRADESH
230301,Gaura R S,Pratapgarh,UTTAR PRADESH
230302,Jamtali,Pratapgarh,UTTAR PRADESH
230304,Raniganj,Pratapgarh,UTTAR PRADESH
230306,Suwansa,Pratapgarh,UTTAR PRADESH
230401,Kohdaur,Pratapgarh,UTTAR PRADESH
230402,Mandhata,Pratapgarh,UTTAR PRADESH
230403,Madhoganj,Pratapgarh,UTTAR PRADESH
230404,Vishwanathganj,Pratapgarh,UTTAR PRADESH
230405,Darchhut,Pratapgarh,UTTAR PRADESH
230501,Antu,Pratapgarh,UTTAR PRADESH
230502,Garwara,Pratapgarh,UTTAR PRADESH
230503,Kishunganj,Pratapgarh,UTTAR PRADESH
231001,Mirzapur,Mirzapur,UTTAR PRADESH
231205,Chopan,Sonbhadra,UTTAR PRADESH
231206,Churk,Sonbhadra,UTTAR PRADESH
231207,Dalla,Sonbhadra,UTTAR PRADESH
231208,Dudhi,Sonbhadra,UTTAR PRADESH
231209,Gurma Markundi,Sonbhadra,UTTAR PRADESH
231210,Ghorawal,Sonbhadra,UTTAR PRADESH
231211,Lalganj,Mirzapur,UTTAR PRADESH
231212,Amwar,Sonbhadra,UTTAR PRADESH
231213,Ram Garh,Sonbhadra,UTTAR PRADESH
231215,Rajpur,Sonbhadra,UTTAR PRADESH
231216,Robertsganj,Sonbhadra,UTTAR PRADESH
231217,Renukoot,Sonbhadra,UTTAR PRADESH
231218,Renusagar,Sonbhadra,UTTAR PRADESH
231219,Obra,Sonbhadra,UTTAR PRADESH
231220,Beena Project,Sonbhadra,UTTAR PRADESH
231221,Turra,Sonbhadra,UTTAR PRADESH
231222,Shaktinagar,Sonbhadra,UTTAR PRADESH
231223,Beej Pur,Sonbhadra,UTTAR PRADESH
231224,Kakari Project,Sonbhadra,UTTAR PRADESH
231225,Anpara Tps,Sonbhadra,UTTAR PRADESH
231226,Wyndhamganj,Sonbhadra,UTTAR PRADESH
231301,Ahraura,Mirzapur,UTTAR PRADESH
231302,Adalhat,Mirzapur,UTTAR PRADESH
231303,Bijaipur,Mirzapur,UTTAR PRADESH
231304,Chunar,Mirzapur,UTTAR PRADESH
231305,Narainpur,Mirzapur,UTTAR PRADESH
231306,Sikhar,Mirzapur,UTTAR PRADESH
231307,Vindhyachal,Mirzapur,UTTAR PRADESH
231309,Kubari Patehara,Mirzapur,UTTAR PRADESH
231311,Chunar Cement Factory,Mirzapur,UTTAR PRADESH
231312,Chilh,Mirzapur,UTTAR PRADESH
231313,Jigna RS,Mirzapur,UTTAR PRADESH
231314,Jamua,Mirzapur,UTTAR PRADESH
231501,Kachhwa,Mirzapur,UTTAR PRADESH
232101,Mugalsarai,Chandauli,UTTAR PRADESH
232102,Baburi,Chandauli,UTTAR PRADESH
232103,Chakia,Chandauli,UTTAR PRADESH
232104,Chandauli,Chandauli,UTTAR PRADESH
232105,Dhanapur,Chandauli,UTTAR PRADESH
232106,Kamalpur,Chandauli,UTTAR PRADESH
232107,Ramgarh,Chandauli,UTTAR PRADESH
232108,Sakaldiha,Chandauli,UTTAR PRADESH
232109,Sakaldiha Bazar,Chandauli,UTTAR PRADESH
232110,Saiyadraja,Chandauli,UTTAR PRADESH
232111,Naugarh,Chandauli,UTTAR PRADESH
232118,Sahabganj,Chandauli,UTTAR PRADESH
232120,Sadalpura,Chandauli,UTTAR PRADESH
232325,Bara,Ghazipur,UTTAR PRADESH
232326,Dildarnagar,Ghazipur,UTTAR PRADESH
232327,Gahmar,Ghazipur,UTTAR PRADESH
232328,Reotipur,Ghazipur,UTTAR PRADESH
232329,Zamania,Ghazipur,UTTAR PRADESH
232330,Usia,Ghazipur,UTTAR PRADESH
232331,Zamania RS,Ghazipur,UTTAR PRADESH
232332,Tarighat,Ghazipur,UTTAR PRADESH
232333,Satramganj Bazar,Ghazipur,UTTAR PRADESH
232336,Dharhni,Ghazipur,UTTAR PRADESH
232339,Karahiya,Ghazipur,UTTAR PRADESH
232340,Deoria,Ghazipur,UTTAR PRADESH
233001,Ghazipur,Ghazipur,UTTAR PRADESH
233002,Peernagar,Ghazipur,UTTAR PRADESH
233221,Aurihar,Ghazipur,UTTAR PRADESH
233222,Gangauli,Ghazipur,UTTAR PRADESH
233223,Rampur,Ghazipur,UTTAR PRADESH
233224,Karanda,Ghazipur,UTTAR PRADESH
233225,Karimuddinpur,Ghazipur,UTTAR PRADESH
233226,Mardah,Ghazipur,UTTAR PRADESH
233227,Mohammadabad Yusufpur,Ghazipur,UTTAR PRADESH
233228,Tajpur Dehma,Ghazipur,UTTAR PRADESH
233229,Barachawar,Ghazipur,UTTAR PRADESH
233230,Kasimabad,Ghazipur,UTTAR PRADESH
233231,Bhawarkol,Ghazipur,UTTAR PRADESH
233232,Goshandepur,Ghazipur,UTTAR PRADESH
233233,Khardiha,Ghazipur,UTTAR PRADESH
233300,Birno,Ghazipur,UTTAR PRADESH
233301,Mubarakpur,Ghazipur,UTTAR PRADESH
233302,Nandganj,Ghazipur,UTTAR PRADESH
233303,Nonhara,Ghazipur,UTTAR PRADESH
233304,Saidpur,Ghazipur,UTTAR PRADESH
233305,Zangipur,Ghazipur,UTTAR PRADESH
233306,Deokali,Ghazipur,UTTAR PRADESH
233307,Bhimapar,Ghazipur,UTTAR PRADESH
233310,Malikpura,Ghazipur,UTTAR PRADESH
233311,NSS Mill,Ghazipur,UTTAR PRADESH
241001,Hardoi,Hardoi,UTTAR PRADESH
241121,Aihrori,Hardoi,UTTAR PRADESH
241122,Baghauli,Hardoi,UTTAR PRADESH
241123,Pali,Hardoi,UTTAR PRADESH
241124,Shahabad,Hardoi,UTTAR PRADESH
241125,Behta Gokul,Hardoi,UTTAR PRADESH
241126,Kachhauna,Hardoi,UTTAR PRADESH
241127,Sandila I. Estate,Hardoi,UTTAR PRADESH
241201,Behander,Hardoi,UTTAR PRADESH
241202,Bharawan,Hardoi,UTTAR PRADESH
241203,Dhikunni,Hardoi,UTTAR PRADESH
241204,Sandila,Hardoi,UTTAR PRADESH
241301,Bilgram,Hardoi,UTTAR PRADESH
241302,Madhoganj,Hardoi,UTTAR PRADESH
241303,Mallawan,Hardoi,UTTAR PRADESH
241304,Beniganj,Hardoi,UTTAR PRADESH
241305,Gaus Ganj,Hardoi,UTTAR PRADESH
241401,Barwan,Hardoi,UTTAR PRADESH
241402,Harpalpur,Hardoi,UTTAR PRADESH
241403,Sandi,Hardoi,UTTAR PRADESH
241404,Gopamau,Hardoi,UTTAR PRADESH
241405,Hariyawan,Hardoi,UTTAR PRADESH
241406,Pihani,Hardoi,UTTAR PRADESH
241407,Saadat Nagar,Hardoi,UTTAR PRADESH
242001,Shahjahanpur,Shahjahanpur,UTTAR PRADESH
242021,I.A. Babrala,Budaun,UTTAR PRADESH
242042,Banda,Shahjahanpur,UTTAR PRADESH
242123,Jograjpur,Shahjahanpur,UTTAR PRADESH
242127,R B Kalan,Shahjahanpur,UTTAR PRADESH
242220,Allaganj,Shahjahanpur,UTTAR PRADESH
242221,Jalalabad,Shahjahanpur,UTTAR PRADESH
242223,Kant,Shahjahanpur,UTTAR PRADESH
242226,M Ashram,Shahjahanpur,UTTAR PRADESH
242301,Miranpur Katra,Shahjahanpur,UTTAR PRADESH
242303,Khera Bajhera,Shahjahanpur,UTTAR PRADESH
242305,Khudaganj,Shahjahanpur,UTTAR PRADESH
242306,Rosa RS,Shahjahanpur,UTTAR PRADESH
242307,Tilhar,Shahjahanpur,UTTAR PRADESH
242401,Powayan,Shahjahanpur,UTTAR PRADESH
242405,Khutar,Shahjahanpur,UTTAR PRADESH
242406,Rosa,Shahjahanpur,UTTAR PRADESH
242407,Nigohi,Shahjahanpur,UTTAR PRADESH
243001,Bareilly,Bareilly,UTTAR PRADESH
243002,Air Force Station Bareilly,Bareilly,UTTAR PRADESH
243003,Bareilly City,Bareilly,UTTAR PRADESH
243004,ITBP Bareilly,Bareilly,UTTAR PRADESH
243005,Shamat Ganj,Bareilly,UTTAR PRADESH
243006,R.K.University,Bareilly,UTTAR PRADESH
243122,Izzat Nagar,Bareilly,UTTAR PRADESH
243123,P.A.C.Dso,Bareilly,UTTAR PRADESH
243126,Bhuta,Bareilly,UTTAR PRADESH
243201,Baheri,Bareilly,UTTAR PRADESH
243202,Bhojipura,Bareilly,UTTAR PRADESH
243203,Deorania,Bareilly,UTTAR PRADESH
243301,Aonla,Bareilly,UTTAR PRADESH
243302,Bisharatganj,Bareilly,UTTAR PRADESH
243303,Ram Nagar,Bareilly,UTTAR PRADESH
243401,Bhamora,Bareilly,UTTAR PRADESH
243402,Ballia,Bareilly,UTTAR PRADESH
243403,Iffcotownship,Bareilly,UTTAR PRADESH
243407,Senthal,Bareilly,UTTAR PRADESH
243501,B R Factory,Bareilly,UTTAR PRADESH
243502,C.B. Ganj,Bareilly,UTTAR PRADESH
243503,Faridpur,Bareilly,UTTAR PRADESH
243504,Meerganj,Bareilly,UTTAR PRADESH
243505,Shahi,Bareilly,UTTAR PRADESH
243506,Fateh Ganj,Bareilly,UTTAR PRADESH
243601,Budaun,Budaun,UTTAR PRADESH
243630,Samrer,Budaun,UTTAR PRADESH
243631,Allapur,Budaun,UTTAR PRADESH
243632,Asafpur,Budaun,UTTAR PRADESH
243633,Bilsi,Budaun,UTTAR PRADESH
243634,Binawar,Budaun,UTTAR PRADESH
243635,Dataganj,Budaun,UTTAR PRADESH
243636,Kichhla,Budaun,UTTAR PRADESH
243637,Kakrala,Budaun,UTTAR PRADESH
243638,Sahaswan,Budaun,UTTAR PRADESH
243639,Ujhani,Budaun,UTTAR PRADESH
243641,Usehat,Budaun,UTTAR PRADESH
243720,Bisauli,Budaun,UTTAR PRADESH
243722,Gunnaur,Budaun,UTTAR PRADESH
243723,Islamnagar,Budaun,UTTAR PRADESH
243724,Rudauin,Budaun,UTTAR PRADESH
243725,Saidpur,Budaun,UTTAR PRADESH
243726,Wazirganj,Budaun,UTTAR PRADESH
243727,Rajpura,Budaun,UTTAR PRADESH
243751,Babrala,Budaun,UTTAR PRADESH
244001,Moradabad,Moradabad,UTTAR PRADESH
244102,Pakbara,Moradabad,UTTAR PRADESH
244103,Majhola,Moradabad,UTTAR PRADESH
244104,Mundha,Moradabad,UTTAR PRADESH
244105,Vikas Bhavan Moradabad,Moradabad,UTTAR PRADESH
244221,Amroha,Jyotiba Phule Nagar,UTTAR PRADESH
244222,Joya,Jyotiba Phule Nagar,UTTAR PRADESH
244223,Bhartiya Gram,Jyotiba Phule Nagar,UTTAR PRADESH
244225,Bachhraon,Jyotiba Phule Nagar,UTTAR PRADESH
244231,Dhanaura,Jyotiba Phule Nagar,UTTAR PRADESH
244235,Gajraula,Jyotiba Phule Nagar,UTTAR PRADESH
244236,Rajab Pur,Jyotiba Phule Nagar,UTTAR PRADESH
244241,Hasanpur,Jyotiba Phule Nagar,UTTAR PRADESH
244242,Ujhari,Jyotiba Phule Nagar,UTTAR PRADESH
244245,Kundan Nagar,Jyotiba Phule Nagar,UTTAR PRADESH
244251,Nawgawan,Jyotiba Phule Nagar,UTTAR PRADESH
244255,Rehra,Jyotiba Phule Nagar,UTTAR PRADESH
244301,Sirsi,Moradabad,UTTAR PRADESH
244302,Sambhal,Moradabad,UTTAR PRADESH
244303,Sarai Tarin,Moradabad,UTTAR PRADESH
244304,Asmoli,Jyotiba Phule Nagar,UTTAR PRADESH
244401,Dilari,Moradabad,UTTAR PRADESH
244402,Pipalsana R.S.,Moradabad,UTTAR PRADESH
244410,Bahjoi,Moradabad,UTTAR PRADESH
244411,Bilari,Moradabad,UTTAR PRADESH
244412,Chandausi,Moradabad,UTTAR PRADESH
244413,Kundarki,Moradabad,UTTAR PRADESH
244414,Narauly,Moradabad,UTTAR PRADESH
244415,Raja Ka Sahaspur,Moradabad,UTTAR PRADESH
244501,Kanth,Moradabad,UTTAR PRADESH
244504,Aghwanpur,Moradabad,UTTAR PRADESH
244601,Thakurdwara,Moradabad,UTTAR PRADESH
244602,Surjan Nagar,Moradabad,UTTAR PRADESH
244701,Milak,Rampur,UTTAR PRADESH
244712,Jaspur,Udham Singh Nagar,UTTARAKHAND
244713,Kashipur,Udham Singh Nagar,UTTARAKHAND
244715,Ramnagar,Nainital,UTTARAKHAND
244716,R.T.C. Hempur,Udham Singh Nagar,UTTARAKHAND
244717,S.M. Nadehi,Udham Singh Nagar,UTTARAKHAND
244901,Rampur,Rampur,UTTAR PRADESH
244921,Bilaspur,Rampur,UTTAR PRADESH
244922,Shahabad,Rampur,UTTAR PRADESH
244923,Bilaspur Chini Mill,Rampur,UTTAR PRADESH
244924,Suar,Rampur,UTTAR PRADESH
244925,Tanda Badli,Rampur,UTTAR PRADESH
244926,Modipur,Rampur,UTTAR PRADESH
244927,Said Nagar,Rampur,UTTAR PRADESH
244928,Kemri,Rampur,UTTAR PRADESH
245101,Hapur,Ghaziabad,UTTAR PRADESH
245201,Babugarh,Ghaziabad,UTTAR PRADESH
245205,Garhmukhteshwer,Ghaziabad,UTTAR PRADESH
245206,Kharkhuda,Meerut,UTTAR PRADESH
245207,Simbhaoli,Ghaziabad,UTTAR PRADESH
245208,Bahadurgarh,Ghaziabad,UTTAR PRADESH
245301,Dhaulana,Hapur,UTTAR PRADESH
245304,Pilkhauwa,Hapur,UTTAR PRADESH
246001,Pauri,Pauri Garhwal,UTTARAKHAND
246113,Kalzikhal,Pauri Garhwal,UTTARAKHAND
246121,Bhrigukhal,Pauri Garhwal,UTTARAKHAND
246123,Chipalghat,Pauri Garhwal,UTTARAKHAND
246124,Dadamandi,Pauri Garhwal,UTTARAKHAND
246125,Dehalchauri,Pauri Garhwal,UTTARAKHAND
246127,Dugadda,Pauri Garhwal,UTTARAKHAND
246128,Dwarikhal,Pauri Garhwal,UTTARAKHAND
246129,Dudharkhal,Pauri Garhwal,UTTARAKHAND
246130,Chakisain,Pauri Garhwal,UTTARAKHAND
246131,Ekeshwar,Pauri Garhwal,UTTARAKHAND
246141,Jakholi,Rudraprayag,UTTARAKHAND
246142,Kalagarh,Pauri Garhwal,UTTARAKHAND
246144,Kandakhal,Pauri Garhwal,UTTARAKHAND
246146,Kanskhet,Pauri Garhwal,UTTARAKHAND
246147,Khirshu,Pauri Garhwal,UTTARAKHAND
246148,Kot,Pauri Garhwal,UTTARAKHAND
246149,Kotdwara,Pauri Garhwal,UTTARAKHAND
246150,Padampur Sukhro,Pauri Garhwal,UTTARAKHAND
246155,Lansdowne,Pauri Garhwal,UTTARAKHAND
246159,Lwali,Pauri Garhwal,UTTARAKHAND
246161,Nainidanda,Pauri Garhwal,UTTARAKHAND
246162,Naugaonkhal,Pauri Garhwal,UTTARAKHAND
246163,Mawadhar,Pauri Garhwal,UTTARAKHAND
246164,Pabau,Pauri Garhwal,UTTARAKHAND
246165,Paidul,Pauri Garhwal,UTTARAKHAND
246166,Parsundakhal,Pauri Garhwal,UTTARAKHAND
246167,Patisain,Pauri Garhwal,UTTARAKHAND
246169,Pokhra,Pauri Garhwal,UTTARAKHAND
246171,Rudraprayag,Rudraprayag,UTTARAKHAND
246172,Satpuli,Pauri Garhwal,UTTARAKHAND
246173,Silogi,Pauri Garhwal,UTTARAKHAND
246174,Srinagar,Pauri Garhwal,UTTARAKHAND
246175,Naithana,Pauri Garhwal,UTTARAKHAND
246176,Toli,Pauri Garhwal,UTTARAKHAND
246177,Vedikhal,Pauri Garhwal,UTTARAKHAND
246178,Srikot,Pauri Garhwal,UTTARAKHAND
246179,Rikhnikhal,Pauri Garhwal,UTTARAKHAND
246193,Jahrikhal,Pauri Garhwal,UTTARAKHAND
246194,G.B. Pant Engg. College,Pauri Garhwal,UTTARAKHAND
246275,Baijrao,Pauri Garhwal,UTTARAKHAND
246276,Bironkhal,Pauri Garhwal,UTTARAKHAND
246277,Dhumakot,Pauri Garhwal,UTTARAKHAND
246278,Syunsinagar,Pauri Garhwal,UTTARAKHAND
246279,Dungri,Pauri Garhwal,UTTARAKHAND
246285,Thalisain,Pauri Garhwal,UTTARAKHAND
246401,Gopeshwar,Chamoli,UTTARAKHAND
246419,Bhiri,Rudraprayag,UTTARAKHAND
246421,Augustmuni,Rudraprayag,UTTARAKHAND
246422,Badrinath Seasonal,Chamoli,UTTARAKHAND
246424,Chamoli,Chamoli,UTTARAKHAND
246425,Chandrapuri,Rudraprayag,UTTARAKHAND
246426,Chhinka,Chamoli,UTTARAKHAND
246427,Debal,Chamoli,UTTARAKHAND
246428,Gairsain,Chamoli,UTTARAKHAND
246429,Gauchar,Chamoli,UTTARAKHAND
246431,Mehalchauri,Chamoli,UTTARAKHAND
246435,Ghat,Chamoli,UTTARAKHAND
246439,Guptkashi,Rudraprayag,UTTARAKHAND
246440,Adibadri,Chamoli,UTTARAKHAND
246441,Gwaldam,Chamoli,UTTARAKHAND
246442,Jakhani,Rudraprayag,UTTARAKHAND
246443,Joshimath,Chamoli,UTTARAKHAND
246444,Karanprayag,Chamoli,UTTARAKHAND
246445,Kedarnath Seasional,Rudraprayag,UTTARAKHAND
246446,Langasu,Chamoli,UTTARAKHAND
246448,Maikoti,Rudraprayag,UTTARAKHAND
246449,Nandprayag,Chamoli,UTTARAKHAND
246453,Nalgaun,Chamoli,UTTARAKHAND
246455,Narainbagar,Chamoli,UTTARAKHAND
246469,Okhimath,Rudraprayag,UTTARAKHAND
246471,Phata,Rudraprayag,UTTARAKHAND
246472,Pipalkoti,Chamoli,UTTARAKHAND
246473,Pokhari Nagnath,Chamoli,UTTARAKHAND
246474,Simali,Chamoli,UTTARAKHAND
246475,Tilwara,Rudraprayag,UTTARAKHAND
246481,Tharali,Chamoli,UTTARAKHAND
246482,Talwari,Chamoli,UTTARAKHAND
246483,Tapoban,Chamoli,UTTARAKHAND
246486,Bachhuwaban,Chamoli,UTTARAKHAND
246487,Nauti,Chamoli,UTTARAKHAND
246488,Nainisain,Chamoli,UTTARAKHAND
246495,Chopra,Rudraprayag,UTTARAKHAND
246701,Bijnor,Bijnor,UTTAR PRADESH
246721,Mandawar,Bijnor,UTTAR PRADESH
246722,Afzalgarh,Bijnor,UTTAR PRADESH
246723,Balawali,Bijnor,UTTAR PRADESH
246724,Badhapur,Bijnor,UTTAR PRADESH
246725,Chandpur,Bijnor,UTTAR PRADESH
246726,Haldaur,Bijnor,UTTAR PRADESH
246727,Hassupura,Bijnor,UTTAR PRADESH
246728,Jhalu,Bijnor,UTTAR PRADESH
246729,Chandpur Sugar Factory,Bijnor,UTTAR PRADESH
246731,Kiratpur,Bijnor,UTTAR PRADESH
246732,Nagal,Bijnor,UTTAR PRADESH
246733,Nehtaur,Bijnor,UTTAR PRADESH
246734,Noorpur,Bijnor,UTTAR PRADESH
246735,Raja-ka-tajpur,Bijnor,UTTAR PRADESH
246736,Bashta,Bijnor,UTTAR PRADESH
246737,Rahu Nagli,Bijnor,UTTAR PRADESH
246745,Sahaspur,Bijnor,UTTAR PRADESH
246746,Seohara,Bijnor,UTTAR PRADESH
246747,Sherkot,Bijnor,UTTAR PRADESH
246749,Sahanpur,Bijnor,UTTAR PRADESH
246761,Dhampur,Bijnor,UTTAR PRADESH
246762,Nagina,Bijnor,UTTAR PRADESH
246763,Najibabad,Bijnor,UTTAR PRADESH
246764,Kotwali,Bijnor,UTTAR PRADESH
247001,Saharanpur,Saharanpur,UTTAR PRADESH
247002,Ptc,Saharanpur,UTTAR PRADESH
247120,Babail Buzurg,Saharanpur,UTTAR PRADESH
247121,Behat,Saharanpur,UTTAR PRADESH
247122,Badshahi Bagh,Saharanpur,UTTAR PRADESH
247129,Muzaffrabad,Saharanpur,UTTAR PRADESH
247231,Chilkana,Saharanpur,UTTAR PRADESH
247232,Sarsawa,Saharanpur,UTTAR PRADESH
247340,Ambehta,Saharanpur,UTTAR PRADESH
247341,Gangoh,Saharanpur,UTTAR PRADESH
247342,Nakur,Saharanpur,UTTAR PRADESH
247343,Titron,Saharanpur,UTTAR PRADESH
247451,Rampur,Saharanpur,UTTAR PRADESH
247452,Nanauta,Saharanpur,UTTAR PRADESH
247453,Jaroda Panda,Saharanpur,UTTAR PRADESH
247551,Nagal,Saharanpur,UTTAR PRADESH
247554,Deoband,Saharanpur,UTTAR PRADESH
247656,Manglour Town,Haridwar,UTTARAKHAND
247661,Bhagwanpur,Haridwar,UTTARAKHAND
247662,Chutmalpur,Saharanpur,UTTAR PRADESH
247663,Laksar,Haridwar,UTTARAKHAND
247664,Landhaura,Haridwar,UTTARAKHAND
247665,Jhabrera,Haridwar,UTTARAKHAND
247666,Milap Nagar,Haridwar,UTTARAKHAND
247667,Roorkee,Haridwar,UTTARAKHAND
247668,Iqbalpur,Haridwar,UTTARAKHAND
247669,Gagalheri,Saharanpur,UTTAR PRADESH
247670,Gurkul Narsan,Haridwar,UTTARAKHAND
247671,Raisi,Haridwar,UTTARAKHAND
247771,Ailum,Muzaffarnagar,UTTAR PRADESH
247772,Jalalabad,Muzaffarnagar,UTTAR PRADESH
247773,Jhinjhana,Muzaffarnagar,UTTAR PRADESH
247774,Kairana,Muzaffarnagar,UTTAR PRADESH
247775,Kandhala,Muzaffarnagar,UTTAR PRADESH
247776,Shamli,Muzaffarnagar,UTTAR PRADESH
247777,Thanabhawan,Muzaffarnagar,UTTAR PRADESH
247778,Un,Muzaffarnagar,UTTAR PRADESH
248001,Dehradun G.P.O.,Dehradun,UTTARAKHAND
248002,Clementtown,Dehradun,UTTARAKHAND
248003,Dehradun Cantt,Dehradun,UTTARAKHAND
248005,I.I.P.,Dehradun,UTTARAKHAND
248006,Newforest,Dehradun,UTTARAKHAND
248007,Prem Nagar,Dehradun,UTTARAKHAND
248008,Raipur,Dehradun,UTTARAKHAND
248009,Rajpur,Dehradun,UTTARAKHAND
248011,Selaqui,Dehradun,UTTARAKHAND
248012,Defence Colony,Dehradun,UTTARAKHAND
248013,Sahastradhara Road,Dehradun,UTTARAKHAND
248014,Nehrugram,Dehradun,UTTARAKHAND
248015,Sudhowala,Dehradun,UTTARAKHAND
248016,Jollygrant,Dehradun,UTTARAKHAND
248018,Mehunwala,Dehradun,UTTARAKHAND
248121,Ajabpur,Dehradun,UTTARAKHAND
248122,Barlowganj,Dehradun,UTTARAKHAND
248123,Chakrata,Dehradun,UTTARAKHAND
248124,Barontha,Dehradun,UTTARAKHAND
248125,Dakpathar,Dehradun,UTTARAKHAND
248140,Doiwala,Dehradun,UTTARAKHAND
248142,Herbertpur,Dehradun,UTTARAKHAND
248143,Bhogpur,Dehradun,UTTARAKHAND
248145,Rani Pokhari,Dehradun,UTTARAKHAND
248146,Seemadwar,Dehradun,UTTARAKHAND
248158,Kalsi,Dehradun,UTTARAKHAND
248159,Kalsi Gate,Dehradun,UTTARAKHAND
248165,Koti,Dehradun,UTTARAKHAND
248171,Majra,Dehradun,UTTARAKHAND
248179,Mussoorie,Dehradun,UTTARAKHAND
248195,I.P.E.,Dehradun,UTTARAKHAND
248196,Sahiya,Dehradun,UTTARAKHAND
248197,Sahaspur,Dehradun,UTTARAKHAND
248198,Vikasnagar,Dehradun,UTTARAKHAND
248199,Tuini,Dehradun,UTTARAKHAND
249001,Tehri,Tehri Garhwal,UTTARAKHAND
249121,Anjanisain,Tehri Garhwal,UTTARAKHAND
249122,Hindolakhal,Tehri Garhwal,UTTARAKHAND
249123,Jakhnidhar,Tehri Garhwal,UTTARAKHAND
249124,Bhagirathipuram,Tehri Garhwal,UTTARAKHAND
249125,Chamiyala,Tehri Garhwal,UTTARAKHAND
249126,Bhallegaon,Tehri Garhwal,UTTARAKHAND
249127,Rajakhet,Tehri Garhwal,UTTARAKHAND
249128,Mori,Tehri Garhwal,UTTARAKHAND
249130,V.K.Puram,Tehri Garhwal,UTTARAKHAND
249131,Bhladiana,Tehri Garhwal,UTTARAKHAND
249132,Chham,Tehri Garhwal,UTTARAKHAND
249135,Bhatwari,Uttarkashi,UTTARAKHAND
249136,Gangotri,Uttarkashi,UTTARAKHAND
249137,Munikireti,Tehri Garhwal,UTTARAKHAND
249141,Burkot,Uttarkashi,UTTARAKHAND
249145,Chamma,Tehri Garhwal,UTTARAKHAND
249146,Gajja,Tehri Garhwal,UTTARAKHAND
249151,Dunda,Uttarkashi,UTTARAKHAND
249152,Geonla,Uttarkashi,UTTARAKHAND
249155,Ghansali,Tehri Garhwal,UTTARAKHAND
249161,Kirtinagar,Tehri Garhwal,UTTARAKHAND
249165,Lambgaon,Tehri Garhwal,UTTARAKHAND
249171,Naugaon,Uttarkashi,UTTARAKHAND
249175,Narendra Nagar,Tehri Garhwal,UTTARAKHAND
249180,Thatyur,Tehri Garhwal,UTTARAKHAND
249181,Pilkhi,Tehri Garhwal,UTTARAKHAND
249185,Purola,Uttarkashi,UTTARAKHAND
249186,Sigunisera,Tehri Garhwal,UTTARAKHAND
249192,Shivanand Nagar,Tehri Garhwal,UTTARAKHAND
249193,Uttarkashi,Uttarkashi,UTTARAKHAND
249194,M.D. Colony,Uttarkashi,UTTARAKHAND
249195,Mahidanda,Uttarkashi,UTTARAKHAND
249196,Chiniyalisour,Uttarkashi,UTTARAKHAND
249199,Ranichauri,Tehri Garhwal,UTTARAKHAND
249201,Rishikesh,Dehradun,UTTARAKHAND
249202,Virbhadra,Dehradun,UTTARAKHAND
249203,Pashulok,Dehradun,UTTARAKHAND
249204,S.N. Temple,Dehradun,UTTARAKHAND
249205,Raiwala,Dehradun,UTTARAKHAND
249301,Devprayag,Pauri Garhwal,UTTARAKHAND
249302,Laxmanjhula,Pauri Garhwal,UTTARAKHAND
249304,Swargashram,Pauri Garhwal,UTTARAKHAND
249306,Chila Colony,Pauri Garhwal,UTTARAKHAND
249401,Haridwar,Haridwar,UTTARAKHAND
249402,Bahadrabad,Haridwar,UTTARAKHAND
249403,BHEL,Haridwar,UTTARAKHAND
249404,Gurukul Kangri,Haridwar,UTTARAKHAND
249405,Patanjali Yogpeeth,Haridwar,UTTARAKHAND
249407,Jwalapur,Haridwar,UTTARAKHAND
249408,Kankhal,Haridwar,UTTARAKHAND
249410,Sadhubela Bhupatwala,Haridwar,UTTARAKHAND
249411,Shantikunj,Haridwar,UTTARAKHAND
250001,Meerut Cantt,Meerut,UTTAR PRADESH
250002,Meerut City,Meerut,UTTAR PRADESH
250003,Meerut Kutchery,Meerut,UTTAR PRADESH
250004,L. L. R. M. Med.college,Meerut,UTTAR PRADESH
250005,MIET,Meerut,UTTAR PRADESH
250101,Khekra,Bagpat,UTTAR PRADESH
250103,I. E. Partapur,Meerut,UTTAR PRADESH
250104,Kithore,Meerut,UTTAR PRADESH
250106,Machhara,Meerut,UTTAR PRADESH
250110,Modipuram,Meerut,UTTAR PRADESH
250205,Mohiuddinpur,Meerut,UTTAR PRADESH
250221,Daurala,Meerut,UTTAR PRADESH
250222,Lawar,Meerut,UTTAR PRADESH
250223,Sakoti Tanda,Meerut,UTTAR PRADESH
250341,Dabathwa,Meerut,UTTAR PRADESH
250342,Sardhana,Meerut,UTTAR PRADESH
250344,Sarurpur Khurd,Meerut,UTTAR PRADESH
250345,Binauli,Bagpat,UTTAR PRADESH
250401,Mawana,Meerut,UTTAR PRADESH
250402,Mawana Factory,Meerut,UTTAR PRADESH
250404,Hastinapur,Meerut,UTTAR PRADESH
250406,Parikshatgarh,Meerut,UTTAR PRADESH
250501,Jani,Meerut,UTTAR PRADESH
250502,Rasulpur Rohta,Meerut,UTTAR PRADESH
250601,Agarwal Mandi,Bagpat,UTTAR PRADESH
250606,Aminagar Sarai,Bagpat,UTTAR PRADESH
250609,Baghpat,Bagpat,UTTAR PRADESH
250611,Baraut,Bagpat,UTTAR PRADESH
250615,Dhikauli,Bagpat,UTTAR PRADESH
250617,Chhaprauli,Bagpat,UTTAR PRADESH
250619,Sarurpur Kalan,Bagpat,UTTAR PRADESH
250620,Bamnauli,Bagpat,UTTAR PRADESH
250621,Baoli,Bagpat,UTTAR PRADESH
250622,Doghat,Bagpat,UTTAR PRADESH
250623,Kishanpur Baral,Bagpat,UTTAR PRADESH
250625,Tikri,Bagpat,UTTAR PRADESH
250626,Baleni,Bagpat,UTTAR PRADESH
251001,Muzaffarnagar,Muzaffarnagar,UTTAR PRADESH
251002,Muzaffar Nagar City,Muzaffarnagar,UTTAR PRADESH
251003,Industrial Estate,Muzaffarnagar,UTTAR PRADESH
251201,Khatauli,Muzaffarnagar,UTTAR PRADESH
251202,Rohana Mills,Muzaffarnagar,UTTAR PRADESH
251203,Mansurpur,Muzaffarnagar,UTTAR PRADESH
251301,Alipur Kheri,Muzaffarnagar,UTTAR PRADESH
251305,Babri,Muzaffarnagar,UTTAR PRADESH
251306,Baghra,Muzaffarnagar,UTTAR PRADESH
251307,Barla,Muzaffarnagar,UTTAR PRADESH
251308,Bhopa,Muzaffarnagar,UTTAR PRADESH
251309,Budhana,Muzaffarnagar,UTTAR PRADESH
251310,Basera,Muzaffarnagar,UTTAR PRADESH
251311,Charthawal,Muzaffarnagar,UTTAR PRADESH
251314,Jansath,Muzaffarnagar,UTTAR PRADESH
251315,Miranpur,Muzaffarnagar,UTTAR PRADESH
251316,Morna,Muzaffarnagar,UTTAR PRADESH
251318,Shahpur,Muzaffarnagar,UTTAR PRADESH
251319,Sisauli,Muzaffarnagar,UTTAR PRADESH
251320,Ramraj,Muzaffarnagar,UTTAR PRADESH
251327,Purkazi,Muzaffarnagar,UTTAR PRADESH
261001,Sitapur,Sitapur,UTTAR PRADESH
261121,H.S. Mills,Sitapur,UTTAR PRADESH
261125,Husainganj,Sitapur,UTTAR PRADESH
261131,Khairabad,Sitapur,UTTAR PRADESH
261135,Laharpur,Sitapur,UTTAR PRADESH
261136,Singhnapur,Sitapur,UTTAR PRADESH
261141,Maholi,Sitapur,UTTAR PRADESH
261145,Manpur,Sitapur,UTTAR PRADESH
261151,Pisawan,Sitapur,UTTAR PRADESH
261201,Biswan,Sitapur,UTTAR PRADESH
261202,Jahangirabad,Sitapur,UTTAR PRADESH
261203,Mahmudabad,Sitapur,UTTAR PRADESH
261204,Rampur Mathura,Sitapur,UTTAR PRADESH
261205,Reosa,Sitapur,UTTAR PRADESH
261206,Saraiyan Raja Saheb,Sitapur,UTTAR PRADESH
261207,Talgaon,Sitapur,UTTAR PRADESH
261208,Tambour,Sitapur,UTTAR PRADESH
261301,Bhandia,Sitapur,UTTAR PRADESH
261302,Kamlapur,Sitapur,UTTAR PRADESH
261303,Sidhauli,Sitapur,UTTAR PRADESH
261401,Mishrikh,Sitapur,UTTAR PRADESH
261402,Naimisharanya,Sitapur,UTTAR PRADESH
261403,Aurangabad,Sitapur,UTTAR PRADESH
261404,Parsada,Sitapur,UTTAR PRADESH
261405,Machharehta,Sitapur,UTTAR PRADESH
261501,Behjam,Kheri,UTTAR PRADESH
261502,Isanagar,Kheri,UTTAR PRADESH
261505,Maigal Ganj,Kheri,UTTAR PRADESH
261506,Mahewa Ganj,Kheri,UTTAR PRADESH
262001,Pilibhit,Pilibhit,UTTAR PRADESH
262121,Amaria,Pilibhit,UTTAR PRADESH
262122,Pooranpur,Pilibhit,UTTAR PRADESH
262124,Kali Nagar,Pilibhit,UTTAR PRADESH
262201,Bisalpur,Pilibhit,UTTAR PRADESH
262202,Bilsanda,Pilibhit,UTTAR PRADESH
262203,Barkhera,Pilibhit,UTTAR PRADESH
262302,Majhola,Bareilly,UTTAR PRADESH
262305,Neoria,Pilibhit,UTTAR PRADESH
262308,Khatima,Udham Singh Nagar,UTTARAKHAND
262309,Tanakpur,Champawat,UTTARAKHAND
262310,Chandani,Champawat,UTTARAKHAND
262311,Nanakmatta,Udham Singh Nagar,UTTARAKHAND
262401,Bazpur,Udham Singh Nagar,UTTARAKHAND
262402,Lalkua,Nainital,UTTARAKHAND
262405,Sittarganj,Udham Singh Nagar,UTTARAKHAND
262406,Nawabganj,Bareilly,UTTAR PRADESH
262501,Pithoragarh,Pithoragarh,UTTARAKHAND
262502,Degree College,Pithoragarh,UTTARAKHAND
262520,Bharkatia,Pithoragarh,UTTARAKHAND
262521,Wadda,Pithoragarh,UTTARAKHAND
262522,Gangolihat,Pithoragarh,UTTARAKHAND
262523,Champawat,Champawat,UTTARAKHAND
262524,Lohaghat,Champawat,UTTARAKHAND
262525,Abbotmount,Champawat,UTTARAKHAND
262526,Jhulaghat,Pithoragarh,UTTARAKHAND
262527,Barakote,Champawat,UTTARAKHAND
262528,Khetikhan,Champawat,UTTARAKHAND
262529,Gurna,Pithoragarh,UTTARAKHAND
262530,Aincholi,Pithoragarh,UTTARAKHAND
262531,Berinag,Pithoragarh,UTTARAKHAND
262532,Ganai Gangoli,Pithoragarh,UTTARAKHAND
262533,Pankhu,Pithoragarh,UTTARAKHAND
262534,Agar,Pithoragarh,UTTARAKHAND
262540,Jajardewal,Pithoragarh,UTTARAKHAND
262541,Kanalichina,Pithoragarh,UTTARAKHAND
262542,Dewalthal,Pithoragarh,UTTARAKHAND
262543,Askote,Pithoragarh,UTTARAKHAND
262544,Jauljibi,Pithoragarh,UTTARAKHAND
262545,Dharchula,Pithoragarh,UTTARAKHAND
262546,Garbyang,Pithoragarh,UTTARAKHAND
262547,Pangu,Pithoragarh,UTTARAKHAND
262550,Merthi,Pithoragarh,UTTARAKHAND
262551,Didihat,Pithoragarh,UTTARAKHAND
262552,Thal,Pithoragarh,UTTARAKHAND
262553,Tejam,Pithoragarh,UTTARAKHAND
262554,Munsiari,Pithoragarh,UTTARAKHAND
262555,Bansbagar,Pithoragarh,UTTARAKHAND
262561,Pati,Pithoragarh,UTTARAKHAND
262572,Muwani,Pithoragarh,UTTARAKHAND
262576,Baluwakote,Pithoragarh,UTTARAKHAND
262580,Devidhura,Champawat,UTTARAKHAND
262701,Kheri,Kheri,UTTAR PRADESH
262702,Kheri Town,Kheri,UTTAR PRADESH
262721,Lagucha,Kheri,UTTAR PRADESH
262722,Aira Estate,Kheri,UTTAR PRADESH
262723,Dhaurahara,Kheri,UTTAR PRADESH
262724,Jatpurwa,Kheri,UTTAR PRADESH
262725,Oel,Kheri,UTTAR PRADESH
262726,Sharda Nagar,Kheri,UTTAR PRADESH
262727,Mitauli,Kheri,UTTAR PRADESH
262728,Nakha,Kheri,UTTAR PRADESH
262801,Bankey Ganj,Kheri,UTTAR PRADESH
262802,Gola Gokaran Nath,Kheri,UTTAR PRADESH
262803,Mailani,Kheri,UTTAR PRADESH
262804,Mohammadi,Kheri,UTTAR PRADESH
262805,Sikandrabad,Kheri,UTTAR PRADESH
262901,Bhira,Kheri,UTTAR PRADESH
262902,Pallia,Kheri,UTTAR PRADESH
262903,Nighasan,Kheri,UTTAR PRADESH
262904,Sampurna Nagar,Kheri,UTTAR PRADESH
262905,Singahi,Kheri,UTTAR PRADESH
262906,Tikunia,Kheri,UTTAR PRADESH
262907,Semra,Kheri,UTTAR PRADESH
262908,Chandan Chauki,Kheri,UTTAR PRADESH
263001,Nainital,Nainital,UTTARAKHAND
263126,Kathgodam,Nainital,UTTARAKHAND
263127,Jeolikote,Nainital,UTTARAKHAND
263128,Patwadanger,Nainital,UTTARAKHAND
263132,Bhowali,Nainital,UTTARAKHAND
263134,Betalghat,Nainital,UTTARAKHAND
263135,Garampani,Nainital,UTTARAKHAND
263136,Bhimtal,Nainital,UTTARAKHAND
263137,Ramgarh,Nainital,UTTARAKHAND
263138,Mukteshwar,Nainital,UTTARAKHAND
263139,Haldwani,Nainital,UTTARAKHAND
263140,Kaladhungi,Nainital,UTTARAKHAND
263142,Halduchaur,Nainital,UTTARAKHAND
263145,Pantnagar,Udham Singh Nagar,UTTARAKHAND
263148,Kichha,Udham Singh Nagar,UTTARAKHAND
263149,D.F. Nagla,Udham Singh Nagar,UTTARAKHAND
263150,Kelakhera,Udham Singh Nagar,UTTARAKHAND
263151,Shaktifarm,Udham Singh Nagar,UTTARAKHAND
263152,Gadarpur,Udham Singh Nagar,UTTARAKHAND
263153,Rudarpur,Udham Singh Nagar,UTTARAKHAND
263156,Ghorakhal,Nainital,UTTARAKHAND
263157,Okhalkanda,Nainital,UTTARAKHAND
263158,Narain Swamy Ashram,Nainital,UTTARAKHAND
263159,Kotabagh,Nainital,UTTARAKHAND
263160,Dineshpur,Udham Singh Nagar,UTTARAKHAND
263601,Almora,Almora,UTTARAKHAND
263619,Ghingartola,Bageshwar,UTTARAKHAND
263620,Kausani Estate,Almora,UTTARAKHAND
263621,Bagwalipokhar,Almora,UTTARAKHAND
263622,Dania,Almora,UTTARAKHAND
263623,Panuwanaula,Almora,UTTARAKHAND
263624,Barechhina,Almora,UTTARAKHAND
263625,Jalna,Almora,UTTARAKHAND
263626,Jainti,Almora,UTTARAKHAND
263628,Takula,Almora,UTTARAKHAND
263629,Chanoda,Almora,UTTARAKHAND
263630,Billori,Bageshwar,UTTARAKHAND
263631,Kanda,Bageshwar,UTTARAKHAND
263632,Kapkote,Bageshwar,UTTARAKHAND
263633,Shama,Bageshwar,UTTARAKHAND
263634,Dofar,Bageshwar,UTTARAKHAND
263635,Dangoli,Bageshwar,UTTARAKHAND
263636,Hawalbagh,Almora,UTTARAKHAND
263637,Someshwar,Almora,UTTARAKHAND
263638,Manan,Almora,UTTARAKHAND
263639,Kausani,Almora,UTTARAKHAND
263640,Kameridevi,Bageshwar,UTTARAKHAND
263641,Baijnath,Bageshwar,UTTARAKHAND
263642,Bageshwar,Bageshwar,UTTARAKHAND
263643,Kosi,Almora,UTTARAKHAND
263645,Ranikhet,Almora,UTTARAKHAND
263646,Bhatronjkhan,Almora,UTTARAKHAND
263651,Chaubattia,Almora,UTTARAKHAND
263652,Majkhali,Almora,UTTARAKHAND
263653,Dwarahat,Almora,UTTARAKHAND
263655,Daulaghat,Almora,UTTARAKHAND
263656,Ganai,Almora,UTTARAKHAND
263658,Masi,Almora,UTTARAKHAND
263659,Deghat,Almora,UTTARAKHAND
263660,Daula,Almora,UTTARAKHAND
263661,Syalde,Almora,UTTARAKHAND
263663,Tarikhet,Almora,UTTARAKHAND
263664,Deolikhet,Almora,UTTARAKHAND
263665,Matela,Almora,UTTARAKHAND
263667,Bhikiyasen,Almora,UTTARAKHAND
263676,Maulekhal,Almora,UTTARAKHAND
263678,Shitalakhet,Almora,UTTARAKHAND
263679,Bharari,Bageshwar,UTTARAKHAND
263680,Chaunallia,Almora,UTTARAKHAND
271001,Gonda,Gonda,UTTAR PRADESH
271002,Bargaon,Gonda,UTTAR PRADESH
271003,Bus Station,Gonda,UTTAR PRADESH
271122,Kauria,Gonda,UTTAR PRADESH
271123,Khorasha,Gonda,UTTAR PRADESH
271124,Wazeerganj,Gonda,UTTAR PRADESH
271125,Balpur,Gonda,UTTAR PRADESH
271126,B.B..Singh,Gonda,UTTAR PRADESH
271129,Chandapur,Gonda,UTTAR PRADESH
271201,Balrampur,Balrampur,UTTAR PRADESH
271202,Intyathok,Gonda,UTTAR PRADESH
271203,Jarwa,Balrampur,UTTAR PRADESH
271204,Khargoopur,Gonda,UTTAR PRADESH
271205,Mahrajganj,Balrampur,UTTAR PRADESH
271206,Pachperwa,Balrampur,UTTAR PRADESH
271207,Shivpura,Balrampur,UTTAR PRADESH
271208,Tulsipur,Balrampur,UTTAR PRADESH
271209,Jaiprabha Gram,Gonda,UTTAR PRADESH
271210,Gainsari,Balrampur,UTTAR PRADESH
271215,Purani Bazar Pachperwa,Balrampur,UTTAR PRADESH
271301,Motiganj,Gonda,UTTAR PRADESH
271302,Mankapur Bazar,Gonda,UTTAR PRADESH
271303,Nawabganj,Gonda,UTTAR PRADESH
271304,Nawabganj S F,Gonda,UTTAR PRADESH
271305,Maskanwa Rs,Gonda,UTTAR PRADESH
271306,Rehra Bazar,Balrampur,UTTAR PRADESH
271307,Sadullanagar,Balrampur,UTTAR PRADESH
271308,Iti Mankapur,Gonda,UTTAR PRADESH
271309,D.P.Ghat,Gonda,UTTAR PRADESH
271310,Bankatwa Dehat,Gonda,UTTAR PRADESH
271311,Bargadi Kot,Gonda,UTTAR PRADESH
271312,Gaura Chawki,Gonda,UTTAR PRADESH
271313,Babhnan Sugar Factory,Gonda,UTTAR PRADESH
271319,Pure Shivdayal Ganj,Gonda,UTTAR PRADESH
271401,Belser,Gonda,UTTAR PRADESH
271402,Begamganj,Gonda,UTTAR PRADESH
271403,Tarabganj,Gonda,UTTAR PRADESH
271502,Colonelganj,Gonda,UTTAR PRADESH
271503,Katra Bazar,Gonda,UTTAR PRADESH
271504,Paraspur,Gonda,UTTAR PRADESH
271601,Bishunpur Bairiya,Gonda,UTTAR PRADESH
271602,Dhaneypur,Gonda,UTTAR PRADESH
271603,Srinagar,Gonda,UTTAR PRADESH
271604,Utraula,Balrampur,UTTAR PRADESH
271607,Sriduttganj,Balrampur,UTTAR PRADESH
271609,Chamrupur,Balrampur,UTTAR PRADESH
271801,Bahraich,Bahraich,UTTAR PRADESH
271802,Kalpipara,Bahraich,UTTAR PRADESH
271803,Patna Malhipur,Shrawasti,UTTAR PRADESH
271804,Laxman Nagar Bazar,Shrawasti,UTTAR PRADESH
271805,Shravasti,Shrawasti,UTTAR PRADESH
271806,Khutehna Chauraha,Bahraich,UTTAR PRADESH
271821,Bisheswarganj,Bahraich,UTTAR PRADESH
271824,Mahasi Tahsil,Bahraich,UTTAR PRADESH
271825,Barnapur,Bahraich,UTTAR PRADESH
271830,Shivpur,Bahraich,UTTAR PRADESH
271831,Bhinga,Shrawasti,UTTAR PRADESH
271835,Gilaula,Shrawasti,UTTAR PRADESH
271840,Sirsia,Shrawasti,UTTAR PRADESH
271841,Girijapuri Coloney,Bahraich,UTTAR PRADESH
271845,Ikauna,Bahraich,UTTAR PRADESH
271851,Kharighat,Bahraich,UTTAR PRADESH
271855,Mihinpurwa,Bahraich,UTTAR PRADESH
271861,Mathura Bazar,Balrampur,UTTAR PRADESH
271865,Nanpara,Bahraich,UTTAR PRADESH
271870,Chilwaria,Bahraich,UTTAR PRADESH
271871,Payagpur,Bahraich,UTTAR PRADESH
271872,Huzoorpur,Bahraich,UTTAR PRADESH
271875,Risia,Bahraich,UTTAR PRADESH
271881,Rupaidiha,Bahraich,UTTAR PRADESH
271882,Matera RS,Bahraich,UTTAR PRADESH
271901,Jarwal Road,Bahraich,UTTAR PRADESH
271902,Fakharpur,Bahraich,UTTAR PRADESH
271903,Kaiserganj,Bahraich,UTTAR PRADESH
271904,Jarwal,Bahraich,UTTAR PRADESH
272001,Basti,Basti,UTTAR PRADESH
272002,Purani Basti,Basti,UTTAR PRADESH
272123,Bankati Bazar,Basti,UTTAR PRADESH
272124,Mahson,Basti,UTTAR PRADESH
272125,Dudhara,Basti,UTTAR PRADESH
272126,Semariyawan,Basti,UTTAR PRADESH
272127,Amorha,Basti,UTTAR PRADESH
272128,Bishesharganj,Basti,UTTAR PRADESH
272129,Shankarpur,Basti,UTTAR PRADESH
272130,Parasrampur,Basti,UTTAR PRADESH
272131,Captainganj,Basti,UTTAR PRADESH
272148,Rayath,Basti,UTTAR PRADESH
272150,Hanumanganj,Basti,UTTAR PRADESH
272151,Rudranagar,Basti,UTTAR PRADESH
272152,Daldala,Siddharthnagar,UTTAR PRADESH
272153,Bansi,Basti,UTTAR PRADESH
272154,Dharamsinghwa,Sant Kabir Nagar,UTTAR PRADESH
272155,Harraiya,Basti,UTTAR PRADESH
272161,Babhnan,Basti,UTTAR PRADESH
272162,Dhanghata,Sant Kabir Nagar,UTTAR PRADESH
272163,Gaur Rs,Basti,UTTAR PRADESH
272164,Hariharpur,Sant Kabir Nagar,UTTAR PRADESH
272165,Hainsar Bazar,Sant Kabir Nagar,UTTAR PRADESH
272171,Lalganj,Basti,UTTAR PRADESH
272172,Mahuli,Sant Kabir Nagar,UTTAR PRADESH
272173,Maghar,Sant Kabir Nagar,UTTAR PRADESH
272175,Khalilabad,Sant Kabir Nagar,UTTAR PRADESH
272176,Ganpatganj,Sant Kabir Nagar,UTTAR PRADESH
272177,Banpur,Basti,UTTAR PRADESH
272178,Munderwa,Basti,UTTAR PRADESH
272181,Paikolia,Basti,UTTAR PRADESH
272182,Walterganj,Basti,UTTAR PRADESH
272189,Domariaganj,Siddharthnagar,UTTAR PRADESH
272190,Saltauwa,Basti,UTTAR PRADESH
272191,Hallaur,Siddharthnagar,UTTAR PRADESH
272192,Itwa,Siddharthnagar,UTTAR PRADESH
272193,Bhanwapur,Siddharthnagar,UTTAR PRADESH
272194,Asnahra,Basti,UTTAR PRADESH
272195,Bayara,Siddharthnagar,UTTAR PRADESH
272199,Bakhira,Sant Kabir Nagar,UTTAR PRADESH
272201,Barhni,Basti,UTTAR PRADESH
272202,Birdpur,Siddharthnagar,UTTAR PRADESH
272203,Naugarh,Siddharthnagar,UTTAR PRADESH
272204,Udairajganj,Siddharthnagar,UTTAR PRADESH
272205,Shoharatgarh,Siddharthnagar,UTTAR PRADESH
272206,Sheopatinagar,Siddharthnagar,UTTAR PRADESH
272207,Tetari Bazar,Siddharthnagar,UTTAR PRADESH
272208,Uska Bazar,Siddharthnagar,UTTAR PRADESH
272270,Santha,Sant Kabir Nagar,UTTAR PRADESH
272271,Menhdawal,Sant Kabir Nagar,UTTAR PRADESH
272301,Kalwari,Basti,UTTAR PRADESH
272302,Nagar Bazar,Basti,UTTAR PRADESH
273001,Gorakhpur,Gorakhpur,UTTAR PRADESH
273002,A.P.Station,Gorakhpur,UTTAR PRADESH
273003,Arogyamandir,Gorakhpur,UTTAR PRADESH
273004,Basharatpur,Gorakhpur,UTTAR PRADESH
273005,Gita Press,Gorakhpur,UTTAR PRADESH
273006,Gita Vatika,Gorakhpur,UTTAR PRADESH
273007,Fertilizer Factory,Gorakhpur,UTTAR PRADESH
273008,Kunraghat,Gorakhpur,UTTAR PRADESH
273009,Gorakhpur University,Gorakhpur,UTTAR PRADESH
273010,M.M.M.E.College,Gorakhpur,UTTAR PRADESH
273012,Railway Colony,Gorakhpur,UTTAR PRADESH
273013,B.R.D Medical College,Gorakhpur,UTTAR PRADESH
273014,Pac Camp,Gorakhpur,UTTAR PRADESH
273015,Gorakhnath Mandir,Gorakhpur,UTTAR PRADESH
273016,Shivpurinewcolony,Gorakhpur,UTTAR PRADESH
273017,Siddharth Enclave,Gorakhpur,UTTAR PRADESH
273151,Ghughli R.S.,Maharajganj,UTTAR PRADESH
273152,Pipraich,Gorakhpur,UTTAR PRADESH
273155,Anandnagar,Maharajganj,UTTAR PRADESH
273157,Bribgemanganj,Maharajganj,UTTAR PRADESH
273158,Campierganj,Gorakhpur,UTTAR PRADESH
273161,Dhani Bazar,Maharajganj,UTTAR PRADESH
273162,Laxmipur,Maharajganj,UTTAR PRADESH
273163,Siswa Bazar,Gorakhpur,UTTAR PRADESH
273164,Nautanwa Bazar,Maharajganj,UTTAR PRADESH
273165,Pepeeganj,Gorakhpur,UTTAR PRADESH
273201,Chauri Chaura,Gorakhpur,UTTAR PRADESH
273202,Sardar Nagar,Gorakhpur,UTTAR PRADESH
273203,Brahmpur,Gorakhpur,UTTAR PRADESH
273207,Mithaura Bazar,Maharajganj,UTTAR PRADESH
273209,Sahajanwa,Gorakhpur,UTTAR PRADESH
273211,Dhakhwa Bazar,Gorakhpur,UTTAR PRADESH
273212,Khajni,Gorakhpur,UTTAR PRADESH
273213,Sikriganj,Gorakhpur,UTTAR PRADESH
273301,Partawal Bazar,Maharajganj,UTTAR PRADESH
273302,Bhitauli Bazar,Maharajganj,UTTAR PRADESH
273303,Maharajganj MDG,Maharajganj,UTTAR PRADESH
273304,Nichlaul,Maharajganj,UTTAR PRADESH
273305,Thuthibari,Maharajganj,UTTAR PRADESH
273306,Bhathat,Gorakhpur,UTTAR PRADESH
273308,Sonauli,Maharajganj,UTTAR PRADESH
273309,Koluhi,Maharajganj,UTTAR PRADESH
273310,Paniyara,Maharajganj,UTTAR PRADESH
273311,Orwalliya,Maharajganj,UTTAR PRADESH
273401,Bhowapar,Gorakhpur,UTTAR PRADESH
273402,Barhalganj,Gorakhpur,UTTAR PRADESH
273403,Bansgaon,Gorakhpur,UTTAR PRADESH
273404,Belghat,Gorakhpur,UTTAR PRADESH
273405,Barhi,Gorakhpur,UTTAR PRADESH
273406,Unwal,Gorakhpur,UTTAR PRADESH
273407,Uruwa Bazar,Gorakhpur,UTTAR PRADESH
273408,Gola,Gorakhpur,UTTAR PRADESH
273409,Deidiha,Gorakhpur,UTTAR PRADESH
273411,Gagaha,Gorakhpur,UTTAR PRADESH
273412,Shivpur,Gorakhpur,UTTAR PRADESH
273413,Kauriram,Gorakhpur,UTTAR PRADESH
274001,Deoria,Deoria,UTTAR PRADESH
274149,Bodarwar,Kushinagar,UTTAR PRADESH
274182,Bhaluani,Deoria,UTTAR PRADESH
274201,Baitalpur,Deoria,UTTAR PRADESH
274202,Gauri Bazar,Deoria,UTTAR PRADESH
274203,Hata,Kushinagar,UTTAR PRADESH
274204,Rudrapur,Deoria,UTTAR PRADESH
274205,Madanpur,Deoria,UTTAR PRADESH
274206,Hetimpur,Kushinagar,UTTAR PRADESH
274207,Sukrauli,Kushinagar,UTTAR PRADESH
274208,Saraon,Deoria,UTTAR PRADESH
274301,Captainganj,Kushinagar,UTTAR PRADESH
274302,Dudhai,Kushinagar,UTTAR PRADESH
274303,Kath Kuiyan,Kushinagar,UTTAR PRADESH
274304,Padrauna,Kushinagar,UTTAR PRADESH
274305,Ramkola,Kushinagar,UTTAR PRADESH
274306,Laxmiganj,Kushinagar,UTTAR PRADESH
274307,Padrauna Sugar Factory,Kushinagar,UTTAR PRADESH
274308,Padrauna City,Kushinagar,UTTAR PRADESH
274309,Padrauna Chhavani,Kushinagar,UTTAR PRADESH
274401,Fazilnagar,Kushinagar,UTTAR PRADESH
274402,Kasia,Kushinagar,UTTAR PRADESH
274403,Kushinagar,Kushinagar,UTTAR PRADESH
274404,Patherdewa,Deoria,UTTAR PRADESH
274405,Rampur,Deoria,UTTAR PRADESH
274406,Seorahi,Kushinagar,UTTAR PRADESH
274407,Tamkuhi,Kushinagar,UTTAR PRADESH
274408,Tarkulwa,Deoria,UTTAR PRADESH
274409,Tarya Sujan,Kushinagar,UTTAR PRADESH
274501,Khukhundoo,Deoria,UTTAR PRADESH
274502,Lar,Deoria,UTTAR PRADESH
274505,Lar Road,Deoria,UTTAR PRADESH
274506,Majhauli Raj,Deoria,UTTAR PRADESH
274508,Pindi,Deoria,UTTAR PRADESH
274509,Salaempur,Deoria,UTTAR PRADESH
274601,Barhaj,Deoria,UTTAR PRADESH
274602,Bhagalpur,Deoria,UTTAR PRADESH
274603,Gaura Jai Nagar,Deoria,UTTAR PRADESH
274604,Paina,Deoria,UTTAR PRADESH
274701,Bhatni,Deoria,UTTAR PRADESH
274702,Bhatpar Rani,Deoria,UTTAR PRADESH
274703,Paratappur,Deoria,UTTAR PRADESH
274704,Bankata,Deoria,UTTAR PRADESH
274705,Ghanti,Deoria,UTTAR PRADESH
274801,Chhitauni,Kushinagar,UTTAR PRADESH
274802,Raja Bazar Khadda,Kushinagar,UTTAR PRADESH
274806,Deoria Railway Station,Deoria,UTTAR PRADESH
274807,Sant Vinoba Marg,Deoria,UTTAR PRADESH
274808,Chakara Gosai,Deoria,UTTAR PRADESH
275101,Mau,Mau,UTTAR PRADESH
275102,Indara,Mau,UTTAR PRADESH
275103,Kushmaur,Mau,UTTAR PRADESH
275105,Jamal Mirja Pur,Mau,UTTAR PRADESH
275201,Bahadurganj,Ghazipur,UTTAR PRADESH
275202,Dullahpur,Ghazipur,UTTAR PRADESH
275203,Jakhania,Ghazipur,UTTAR PRADESH
275204,Sadat,Ghazipur,UTTAR PRADESH
275205,Shadiabad,Ghazipur,UTTAR PRADESH
275301,Amila,Mau,UTTAR PRADESH
275302,Bhopaura,Mau,UTTAR PRADESH
275303,Dohari  Ghat,Mau,UTTAR PRADESH
275304,Ghosi,Mau,UTTAR PRADESH
275305,Kopa Ganj,Mau,UTTAR PRADESH
275306,Koiria Par,Azamgarh,UTTAR PRADESH
275307,Semari Jamal Pur,Mau,UTTAR PRADESH
276001,Azamgarh,Azamgarh,UTTAR PRADESH
276121,Bilaria Ganj,Azamgarh,UTTAR PRADESH
276122,Rauna Par,Azamgarh,UTTAR PRADESH
276123,Tarawa,Azamgarh,UTTAR PRADESH
276124,Ajamat Garh Estate,Azamgarh,UTTAR PRADESH
276125,Bankat,Azamgarh,UTTAR PRADESH
276126,Bansgaon,Azamgarh,UTTAR PRADESH
276127,Bazar Gosain,Azamgarh,UTTAR PRADESH
276128,Chandesar,Azamgarh,UTTAR PRADESH
276129,Chiraia Kot,Mau,UTTAR PRADESH
276131,Jahana Ganj,Azamgarh,UTTAR PRADESH
276135,Kandhara Pur,Azamgarh,UTTAR PRADESH
276136,Lat Ghat,Azamgarh,UTTAR PRADESH
276137,Maharaj Ganj,Azamgarh,UTTAR PRADESH
276138,Sagari,Azamgarh,UTTAR PRADESH
276139,Sardaha,Azamgarh,UTTAR PRADESH
276140,Jiyanpur,Azamgarh,UTTAR PRADESH
276141,Terahi,Azamgarh,UTTAR PRADESH
276142,Koilsa,Azamgarh,UTTAR PRADESH
276143,Mittupur,Azamgarh,UTTAR PRADESH
276201,Dev Gaon,Azamgarh,UTTAR PRADESH
276202,Lal Ganj,Azamgarh,UTTAR PRADESH
276203,Mehanazpur,Azamgarh,UTTAR PRADESH
276204,Mehnagar,Azamgarh,UTTAR PRADESH
276205,Mohammad Pur,Azamgarh,UTTAR PRADESH
276206,Nizamabad,Azamgarh,UTTAR PRADESH
276207,Rani Ki Sarai,Azamgarh,UTTAR PRADESH
276208,Tika Pur,Azamgarh,UTTAR PRADESH
276288,Pawai,Azamgarh,UTTAR PRADESH
276301,Bardah,Azamgarh,UTTAR PRADESH
276302,Gambhirpur,Azamgarh,UTTAR PRADESH
276303,Thekma,Azamgarh,UTTAR PRADESH
276304,Phool Pur,Azamgarh,UTTAR PRADESH
276305,Saraimeer,Azamgarh,UTTAR PRADESH
276306,Suraj Pur,Azamgarh,UTTAR PRADESH
276402,Karaha,Mau,UTTAR PRADESH
276403,Mohammadabad Gohna,Mau,UTTAR PRADESH
276404,Mubarak Pur,Azamgarh,UTTAR PRADESH
276405,Walid Pur,Mau,UTTAR PRADESH
276406,Sathion,Azamgarh,UTTAR PRADESH
277001,Ballia,Ballia,UTTAR PRADESH
277121,Garwar,Ballia,UTTAR PRADESH
277123,Ratsar,Ballia,UTTAR PRADESH
277124,Pur,Ballia,UTTAR PRADESH
277201,Bairia,Ballia,UTTAR PRADESH
277202,Bansdih,Ballia,UTTAR PRADESH
277203,Bansdih Road,Ballia,UTTAR PRADESH
277204,Dallan Chhapra,Ballia,UTTAR PRADESH
277205,Dubey Chhapra,Ballia,UTTAR PRADESH
277207,Maniar,Ballia,UTTAR PRADESH
277208,Raniganj Bazar,Ballia,UTTAR PRADESH
277209,Reoti,Ballia,UTTAR PRADESH
277210,Chhata,Ballia,UTTAR PRADESH
277211,Sahatwar,Ballia,UTTAR PRADESH
277213,V.B.Narayanpur,Ballia,UTTAR PRADESH
277214,Karanchhapa,Ballia,UTTAR PRADESH
277216,Lalganj,Ballia,UTTAR PRADESH
277219,Kheosar,Ballia,UTTAR PRADESH
277301,Basantpur,Ballia,UTTAR PRADESH
277302,Kharasara,Ballia,UTTAR PRADESH
277303,Sikanderpur,Ballia,UTTAR PRADESH
277304,Sukhpura,Ballia,UTTAR PRADESH
277401,Bharsar,Ballia,UTTAR PRADESH
277402,Haldi,Ballia,UTTAR PRADESH
277403,Majhua,Ballia,UTTAR PRADESH
277501,Korantadih,Ballia,UTTAR PRADESH
277502,Narhi,Ballia,UTTAR PRADESH
277503,Phehpana,Ballia,UTTAR PRADESH
277504,Sohaon,Ballia,UTTAR PRADESH
277506,Sagarpali,Ballia,UTTAR PRADESH
281001,Mathura,Mathura,UTTAR PRADESH
281003,Gayatri Tapo Bhoomi,Mathura,UTTAR PRADESH
281004,Krishna Nagar,Mathura,UTTAR PRADESH
281005,Mathura Refinery,Mathura,UTTAR PRADESH
281006,Refinery Nagar,Mathura,UTTAR PRADESH
281104,Jalesar R.S.,Hathras,UTTAR PRADESH
281121,Vrindaban,Mathura,UTTAR PRADESH
281122,Farah,Mathura,UTTAR PRADESH
281123,Sonkh,Mathura,UTTAR PRADESH
281201,Bajna,Mathura,UTTAR PRADESH
281202,Mant,Mathura,UTTAR PRADESH
281203,Nauhjhil,Mathura,UTTAR PRADESH
281204,Raya,Mathura,UTTAR PRADESH
281205,Surir,Mathura,UTTAR PRADESH
281206,Sonai,Mathura,UTTAR PRADESH
281301,Baldeo,Mathura,UTTAR PRADESH
281302,Bisawar,Mathura,UTTAR PRADESH
281303,Gokul,Mathura,UTTAR PRADESH
281305,Mahaban,Mathura,UTTAR PRADESH
281306,Sadabad,Hathras,UTTAR PRADESH
281307,Sahpau,Hathras,UTTAR PRADESH
281308,Jugasana,Hathras,UTTAR PRADESH
281401,Chhata,Mathura,UTTAR PRADESH
281403,Kosi Kalan,Mathura,UTTAR PRADESH
281404,Shergarh,Mathura,UTTAR PRADESH
281405,Barsana,Mathura,UTTAR PRADESH
281406,Chaumuhan,Mathura,UTTAR PRADESH
281501,Aring,Mathura,UTTAR PRADESH
281502,Goverdhan,Mathura,UTTAR PRADESH
281504,Radhakund,Mathura,UTTAR PRADESH
282001,Agra,Agra,UTTAR PRADESH
282002,Sanjay Place,Agra,UTTAR PRADESH
282003,Agra Fort,Agra,UTTAR PRADESH
282004,Taj Nagari,Agra,UTTAR PRADESH
282005,Dayal Bagh,Agra,UTTAR PRADESH
282006,Yamuna Bridge,Agra,UTTAR PRADESH
282007,Sikandra,Agra,UTTAR PRADESH
282008,I. A. F.,Agra,UTTAR PRADESH
282009,C.O.D.,Agra,UTTAR PRADESH
282010,Shahaganj,Agra,UTTAR PRADESH
283101,Achnera,Agra,UTTAR PRADESH
283102,Akola,Agra,UTTAR PRADESH
283103,Oef  Firozabad,Firozabad,UTTAR PRADESH
283104,Bah,Agra,UTTAR PRADESH
283105,B.V. Bichpuri,Agra,UTTAR PRADESH
283110,Fatehapursikari,Agra,UTTAR PRADESH
283111,Fatehabad,Agra,UTTAR PRADESH
283112,Iradat Nagar,Agra,UTTAR PRADESH
283113,Bhadrauli,Agra,UTTAR PRADESH
283114,Jaitpur,Agra,UTTAR PRADESH
283115,Jagner,Agra,UTTAR PRADESH
283119,Kagrol,Agra,UTTAR PRADESH
283121,Kheragarh,Agra,UTTAR PRADESH
283122,Kiraoli,Agra,UTTAR PRADESH
283123,Pinahat,Agra,UTTAR PRADESH
283124,Saiyan,Agra,UTTAR PRADESH
283125,Samsabad,Agra,UTTAR PRADESH
283126,Khandauli,Agra,UTTAR PRADESH
283130,Parham,Firozabad,UTTAR PRADESH
283135,Shikohabad,Firozabad,UTTAR PRADESH
283136,Jasrana,Firozabad,UTTAR PRADESH
283141,Shikohabad RS,Firozabad,UTTAR PRADESH
283142,Pariyar,Firozabad,UTTAR PRADESH
283145,Makkhanpur,Firozabad,UTTAR PRADESH
283151,Sirsaganj,Firozabad,UTTAR PRADESH
283152,Eka,Firozabad,UTTAR PRADESH
283201,Barhan,Agra,UTTAR PRADESH
283202,Etmadpur,Agra,UTTAR PRADESH
283203,Firozabad,Firozabad,UTTAR PRADESH
283204,Tundla,Firozabad,UTTAR PRADESH
283205,Collectorate -firozabad,Firozabad,UTTAR PRADESH
283206,Kotla,Firozabad,UTTAR PRADESH
283207,Phariha,Firozabad,UTTAR PRADESH
284001,Jhansi,Jhansi,UTTAR PRADESH
284002,Jhansi City,Jhansi,UTTAR PRADESH
284003,Sipri Bazar,Jhansi,UTTAR PRADESH
284120,BHEL,Jhansi,UTTAR PRADESH
284121,Baragaon,Jhansi,UTTAR PRADESH
284122,Bansi,Lalitpur,UTTAR PRADESH
284123,Barh,Lalitpur,UTTAR PRADESH
284124,Jakhaura,Lalitpur,UTTAR PRADESH
284125,Lake-view-camp,Lalitpur,UTTAR PRADESH
284126,Talbehat,Lalitpur,UTTAR PRADESH
284127,Bhattagaon,Jhansi,UTTAR PRADESH
284128,Mlb Medical College,Jhansi,UTTAR PRADESH
284135,33 Bn. Pac Jhansi,Jhansi,UTTAR PRADESH
284136,Matatila,Lalitpur,UTTAR PRADESH
284201,Barwasagar,Jhansi,UTTAR PRADESH
284202,Gursarai,Jhansi,UTTAR PRADESH
284203,Garautha,Jhansi,UTTAR PRADESH
284204,Mauranipur,Jhansi,UTTAR PRADESH
284205,Ranipur,Jhansi,UTTAR PRADESH
284206,Tori Fatehpur,Jhansi,UTTAR PRADESH
284301,Chirgaon,Jhansi,UTTAR PRADESH
284302,Erich,Jhansi,UTTAR PRADESH
284303,Moth,Jhansi,UTTAR PRADESH
284304,Samthar,Jhansi,UTTAR PRADESH
284305,Parichha Thermal Power Project,Jhansi,UTTAR PRADESH
284306,Poonchh,Jhansi,UTTAR PRADESH
284401,Babina Cantt.,Jhansi,UTTAR PRADESH
284402,Banpur,Lalitpur,UTTAR PRADESH
284403,Lalitpur,Lalitpur,UTTAR PRADESH
284404,Madawra,Lalitpur,UTTAR PRADESH
284405,Mahroni,Lalitpur,UTTAR PRADESH
284406,Narahat,Lalitpur,UTTAR PRADESH
284419,Raksa,Jhansi,UTTAR PRADESH
284501,Rajghat Dam Project,Lalitpur,UTTAR PRADESH
285001,Orai,Jalaun,UTTAR PRADESH
285121,Bangra,Jalaun,UTTAR PRADESH
285122,Dakore,Jalaun,UTTAR PRADESH
285123,Jalaun,Jalaun,UTTAR PRADESH
285124,Jagammanpur,Jalaun,UTTAR PRADESH
285125,Kuthond,Jalaun,UTTAR PRADESH
285126,Madhogarh,Jalaun,UTTAR PRADESH
285127,Rampura,Jalaun,UTTAR PRADESH
285128,Hadrukh,Jalaun,UTTAR PRADESH
285129,Umri,Jalaun,UTTAR PRADESH
285130,Madaripur,Jalaun,UTTAR PRADESH
285201,Ait,Jalaun,UTTAR PRADESH
285202,Ata,Jalaun,UTTAR PRADESH
285203,Baoni Estate,Jalaun,UTTAR PRADESH
285204,Kalpi,Jalaun,UTTAR PRADESH
285205,Konch,Jalaun,UTTAR PRADESH
285206,Nadigaon,Jalaun,UTTAR PRADESH
285223,Kotra,Jalaun,UTTAR PRADESH
301001,Alwar,Alwar,RAJASTHAN
301002,MOTIDOONGRI,Alwar,RAJASTHAN
301018,Khazuri Bass,Alwar,RAJASTHAN
301019,Bhiwari Ind. Area. Alwar,Alwar,RAJASTHAN
301020,Barrod,Alwar,RAJASTHAN
301021,Barodameo,Alwar,RAJASTHAN
301022,Thanagazi,Alwar,RAJASTHAN
301023,Vijay Mandir,Alwar,RAJASTHAN
301024,Narainpur,Alwar,RAJASTHAN
301025,Nogaon,Alwar,RAJASTHAN
301026,Ramgarh,Alwar,RAJASTHAN
301027,Pratap Garh,Alwar,RAJASTHAN
301028,Bahadurpur,Alwar,RAJASTHAN
301030,Matasya Ind. Area,Alwar,RAJASTHAN
301035,Ronijathan,Alwar,RAJASTHAN
301401,Ajerka,Alwar,RAJASTHAN
301402,Bansur,Alwar,RAJASTHAN
301403,Harsauli,Alwar,RAJASTHAN
301404,Khairthal,Alwar,RAJASTHAN
301405,Kishan Garh Bass,Alwar,RAJASTHAN
301406,Malakhera,Alwar,RAJASTHAN
301407,Mandawar,Alwar,RAJASTHAN
301408,Rajgarh,Alwar,RAJASTHAN
301409,Reni,Alwar,RAJASTHAN
301410,Tehla,Alwar,RAJASTHAN
301411,Tizara,Alwar,RAJASTHAN
301412,Harsora,Alwar,RAJASTHAN
301413,Garhi Sawai Ram,Alwar,RAJASTHAN
301414,Dhigawara,Alwar,RAJASTHAN
301415,Rajpur,Alwar,RAJASTHAN
301416,Rampur,Alwar,RAJASTHAN
301427,Karni Kot,Alwar,RAJASTHAN
301604,Govind Garh Alwar,Alwar,RAJASTHAN
301701,Bahror,Alwar,RAJASTHAN
301702,Kotkassim,Alwar,RAJASTHAN
301703,Majari Kalan,Alwar,RAJASTHAN
301704,Mandhan,Alwar,RAJASTHAN
301705,Neemrana,Alwar,RAJASTHAN
301706,Shahjahanpur,Alwar,RAJASTHAN
301707,Tapukara,Alwar,RAJASTHAN
301708,Kutina,Alwar,RAJASTHAN
301709,Gandala,Alwar,RAJASTHAN
301713,Jakhrana,Alwar,RAJASTHAN
301714,Bahror Jat,Alwar,RAJASTHAN
302001,Jaipur G.P.O.,Jaipur,RAJASTHAN
302002,Tripolia Bazar,Jaipur,RAJASTHAN
302003,Jaipur City,Jaipur,RAJASTHAN
302004,Jawahar Nagar,Jaipur,RAJASTHAN
302005,Rajasthan Secretariate,Jaipur,RAJASTHAN
302006,Jaipur R.S.,Jaipur,RAJASTHAN
302012,Jhotwara,Jaipur,RAJASTHAN
302013,Vishwakarma Industrial Area,Jaipur,RAJASTHAN
302015,Gandhi Nagar,Jaipur,RAJASTHAN
302016,Shastri Nagar,Jaipur,RAJASTHAN
302017,Malviya Nagar,Jaipur,RAJASTHAN
302018,Durgapura,Jaipur,RAJASTHAN
302019,Shyam Nagar,Jaipur,RAJASTHAN
302020,Mansarovar,Jaipur,RAJASTHAN
302021,Vaishali Nagar,Jaipur,RAJASTHAN
302022,Sitapura Industrial Area,Jaipur,RAJASTHAN
302026,Bhankrota,Jaipur,RAJASTHAN
302027,Crpf Campus  Lalwas,Jaipur,RAJASTHAN
302028,Amer,Jaipur,RAJASTHAN
302029,Sanganer Bazar,Jaipur,RAJASTHAN
302031,Jamdoli,Jaipur,RAJASTHAN
302033,Pratap Nagar Sector 11,Jaipur,RAJASTHAN
302034,Panchyawala,Jaipur,RAJASTHAN
302036,Jaisinghpura Khore,Jaipur,RAJASTHAN
302037,Mahindra World City,Jaipur,RAJASTHAN
302038,Kookas,Jaipur,RAJASTHAN
302039,Murlipura,Jaipur,RAJASTHAN
302040,Nangal Jaisabohara,Jaipur,RAJASTHAN
302041,Bindayaka,Jaipur,RAJASTHAN
302042,Bad ke Balaji,Jaipur,RAJASTHAN
302043,Muhana,Jaipur,RAJASTHAN
303001,Andhi,Jaipur,RAJASTHAN
303002,Achrol,Jaipur,RAJASTHAN
303003,Med,Jaipur,RAJASTHAN
303004,Lawain,Dausa,RAJASTHAN
303005,Phagi,Jaipur,RAJASTHAN
303006,Madhorajpura,Jaipur,RAJASTHAN
303007,Bagru,Jaipur,RAJASTHAN
303008,Dudu,Jaipur,RAJASTHAN
303009,Mozmabad,Jaipur,RAJASTHAN
303012,Kanota,Jaipur,RAJASTHAN
303102,Virat Nagar,Jaipur,RAJASTHAN
303103,Shahpura,Jaipur,RAJASTHAN
303104,Manoharpur,Jaipur,RAJASTHAN
303105,Nareda,Jaipur,RAJASTHAN
303106,Paota,Jaipur,RAJASTHAN
303107,Pragpura,Jaipur,RAJASTHAN
303108,Kotputli,Jaipur,RAJASTHAN
303109,Jamwaramgarh,Jaipur,RAJASTHAN
303110,Rajnauta,Jaipur,RAJASTHAN
303119,Bhabroo,Jaipur,RAJASTHAN
303120,Gathwadi,Jaipur,RAJASTHAN
303121,NIMS University,Jaipur,RAJASTHAN
303122,Vedaant Gyan Valley,Jaipur,RAJASTHAN
303123,Karansar,Jaipur,RAJASTHAN
303301,Bassi,Jaipur,RAJASTHAN
303302,Toonga,Dausa,RAJASTHAN
303303,Dausa,Dausa,RAJASTHAN
303304,Dubbi,Dausa,RAJASTHAN
303305,Banskho,Dausa,RAJASTHAN
303313,Bandikui,Dausa,RAJASTHAN
303315,Bewai,Dausa,RAJASTHAN
303323,Gudha Katla,Dausa,RAJASTHAN
303325,Kundal,Dausa,RAJASTHAN
303326,Sikandra,Dausa,RAJASTHAN
303327,Baswa,Dausa,RAJASTHAN
303328,Jobner,Jaipur,RAJASTHAN
303329,A C Jobner,Jaipur,RAJASTHAN
303338,Phulera,Jaipur,RAJASTHAN
303348,Naraina,Jaipur,RAJASTHAN
303501,Bhandarej,Dausa,RAJASTHAN
303502,Geejgarh,Dausa,RAJASTHAN
303503,Lalsot,Dausa,RAJASTHAN
303504,Mandawari,Dausa,RAJASTHAN
303505,Nangal Rajawatan,Dausa,RAJASTHAN
303506,Paparda,Dausa,RAJASTHAN
303507,Sainthal,Dausa,RAJASTHAN
303508,Sikrai,Dausa,RAJASTHAN
303509,Manpur,Dausa,RAJASTHAN
303510,Ramgarh Pachwara,Dausa,RAJASTHAN
303511,Didwana,Dausa,RAJASTHAN
303601,Amarsar,Jaipur,RAJASTHAN
303602,Badhal,Jaipur,RAJASTHAN
303603,Renwal,Jaipur,RAJASTHAN
303604,Sambhar Lake,Jaipur,RAJASTHAN
303701,Jahota,Jaipur,RAJASTHAN
303702,Chomu,Jaipur,RAJASTHAN
303704,Jaitpura I A,Jaipur,RAJASTHAN
303706,Kalwad,Jaipur,RAJASTHAN
303712,Govindgarh,Jaipur,RAJASTHAN
303801,Kaladera,Jaipur,RAJASTHAN
303803,Khejroli,Jaipur,RAJASTHAN
303804,Etwa Bhopji,Jaipur,RAJASTHAN
303805,Morija,Jaipur,RAJASTHAN
303806,Samod,Jaipur,RAJASTHAN
303807,Udaipuria,Jaipur,RAJASTHAN
303901,Chaksu,Jaipur,RAJASTHAN
303903,Shivdaspura,Jaipur,RAJASTHAN
303904,Chittora Renwal,Jaipur,RAJASTHAN
303905,Watika,Jaipur,RAJASTHAN
303908,Kotkhawada,Jaipur,RAJASTHAN
304001,Tonk Raj,Tonk,RAJASTHAN
304021,Newai,Tonk,RAJASTHAN
304022,Banasthali Vidya Peeth,Tonk,RAJASTHAN
304023,Aligarh,Tonk,RAJASTHAN
304024,Uniara,Tonk,RAJASTHAN
304025,Jhilai,Tonk,RAJASTHAN
304026,Nagarfort,Tonk,RAJASTHAN
304501,Avikanagar,Tonk,RAJASTHAN
304502,Malpura,Tonk,RAJASTHAN
304503,Lamba Hari Singh,Tonk,RAJASTHAN
304504,Diggi,Tonk,RAJASTHAN
304505,Todarai Singh,Tonk,RAJASTHAN
304507,Nasirda,Tonk,RAJASTHAN
304801,Peeplu,Tonk,RAJASTHAN
304802,Duni,Tonk,RAJASTHAN
304803,Panwar,Tonk,RAJASTHAN
304804,Deoli,Tonk,RAJASTHAN
305001,Ajmer,Ajmer,RAJASTHAN
305002,Ie Makhu Pura Ajmer,Ajmer,RAJASTHAN
305003,Hmt Ajmer Dtso,Ajmer,RAJASTHAN
305004,Regional College Ajmer,Ajmer,RAJASTHAN
305005,Crpf Ajmer,Ajmer,RAJASTHAN
305007,Gc Road Ajmer,Ajmer,RAJASTHAN
305009,Mds University Ajmer,Ajmer,RAJASTHAN
305012,Mss Hatundi,Ajmer,RAJASTHAN
305021,Karel,Ajmer,RAJASTHAN
305022,Pushkar,Ajmer,RAJASTHAN
305023,Gagwana,Ajmer,RAJASTHAN
305024,Maday,Ajmer,RAJASTHAN
305025,Srinagar,Ajmer,RAJASTHAN
305026,Thanwala,Nagaur,RAJASTHAN
305201,Govind Garh,Ajmer,RAJASTHAN
305202,Kharwa,Ajmer,RAJASTHAN
305203,Mangliawas,Ajmer,RAJASTHAN
305204,Pisangan,Ajmer,RAJASTHAN
305205,Raj Garh,Ajmer,RAJASTHAN
305206,Saradhana,Ajmer,RAJASTHAN
305207,Jethana,Ajmer,RAJASTHAN
305401,Bhwani Khera,Ajmer,RAJASTHAN
305402,Ramsar,Ajmer,RAJASTHAN
305403,Sarwar,Ajmer,RAJASTHAN
305404,Kekri,Ajmer,RAJASTHAN
305405,Kadera,Ajmer,RAJASTHAN
305406,Junia,Ajmer,RAJASTHAN
305407,Sawar,Ajmer,RAJASTHAN
305408,Para,Ajmer,RAJASTHAN
305412,Fathegarh,Ajmer,RAJASTHAN
305415,Baghera,Ajmer,RAJASTHAN
305601,Nasirabad,Ajmer,RAJASTHAN
305621,Bandanwara,Ajmer,RAJASTHAN
305622,Bhinai,Ajmer,RAJASTHAN
305623,Masuda,Ajmer,RAJASTHAN
305624,Bijainagar,Ajmer,RAJASTHAN
305625,Jalia -II,Ajmer,RAJASTHAN
305627,Tantoti,Ajmer,RAJASTHAN
305628,Nagola,Ajmer,RAJASTHAN
305629,Champaneri,Ajmer,RAJASTHAN
305630,Jamola,Ajmer,RAJASTHAN
305631,Ramgarh,Ajmer,RAJASTHAN
305801,Madanganj Kishangarh,Ajmer,RAJASTHAN
305802,Kishangarh City,Ajmer,RAJASTHAN
305811,Kuchil,Ajmer,RAJASTHAN
305812,Harmara,Ajmer,RAJASTHAN
305813,Arain,Ajmer,RAJASTHAN
305814,Roopnagar,Ajmer,RAJASTHAN
305815,Salemabad,Ajmer,RAJASTHAN
305816,Tiloniya,Ajmer,RAJASTHAN
305817,"Central University of Rajasthan,Bandar Sindari",Ajmer,RAJASTHAN
305819,Karkeri,Ajmer,RAJASTHAN
305901,Beawar [Raj],Ajmer,RAJASTHAN
305921,Bhim,Rajsamand,RAJASTHAN
305922,Jawaja,Ajmer,RAJASTHAN
305923,Lotiyana,Ajmer,RAJASTHAN
305924,Todgarh,Ajmer,RAJASTHAN
305925,Rajiawas,Ajmer,RAJASTHAN
305926,Barakhera,Ajmer,RAJASTHAN
305927,Kabra,Ajmer,RAJASTHAN
306001,Marwar Jn.,Pali,RAJASTHAN
306021,Auwa,Pali,RAJASTHAN
306022,Jojawar,Pali,RAJASTHAN
306023,Ranawas,Pali,RAJASTHAN
306101,Babra,Pali,RAJASTHAN
306102,Sendra,Pali,RAJASTHAN
306103,Sojat  Road,Pali,RAJASTHAN
306104,Sojat,Pali,RAJASTHAN
306105,Bar,Pali,RAJASTHAN
306114,Bagri Nagar,Pali,RAJASTHAN
306115,Rani,Pali,RAJASTHAN
306116,Falna,Pali,RAJASTHAN
306119,Khod,Pali,RAJASTHAN
306126,Jawai  Bandh,Pali,RAJASTHAN
306301,Anandpur Kalu,Pali,RAJASTHAN
306302,Jaitaran,Pali,RAJASTHAN
306303,Nimaj,Pali,RAJASTHAN
306304,Raipur  Marwar,Pali,RAJASTHAN
306305,Kushalpura,Pali,RAJASTHAN
306306,Chandawal,Pali,RAJASTHAN
306307,Pipliya Kalan,Pali,RAJASTHAN
306308,Balunda,Pali,RAJASTHAN
306401,Pali Marwar,Pali,RAJASTHAN
306421,Rohat,Pali,RAJASTHAN
306422,Gundoj,Pali,RAJASTHAN
306501,Khairwa,Pali,RAJASTHAN
306502,Khinwara,Pali,RAJASTHAN
306503,Somesar,Pali,RAJASTHAN
306504,Nana,Pali,RAJASTHAN
306601,Bijowa,Pali,RAJASTHAN
306602,Chanod,Pali,RAJASTHAN
306603,Nadol,Pali,RAJASTHAN
306701,Bali,Pali,RAJASTHAN
306702,Sadri,Pali,RAJASTHAN
306703,Desuri,Pali,RAJASTHAN
306704,Ghanerao,Pali,RAJASTHAN
306705,Mundara,Pali,RAJASTHAN
306706,Lunawa,Pali,RAJASTHAN
306707,Sewari,Pali,RAJASTHAN
306708,Sanderao,Pali,RAJASTHAN
306709,Dlf Rabriyawas,Pali,RAJASTHAN
306901,Bankli,Pali,RAJASTHAN
306902,Sumerpur,Pali,RAJASTHAN
306912,Tagatgarh,Pali,RAJASTHAN
307001,Sirohi,Sirohi,RAJASTHAN
307019,Jkpuram,Sirohi,RAJASTHAN
307022,Pindwara,Sirohi,RAJASTHAN
307023,Sarupganj,Sirohi,RAJASTHAN
307024,Rohida,Sirohi,RAJASTHAN
307025,Kotra,Udaipur,RAJASTHAN
307026,Aburoad,Sirohi,RAJASTHAN
307027,Sheoganj,Sirohi,RAJASTHAN
307028,Posalia,Sirohi,RAJASTHAN
307029,Ahore,Jalor,RAJASTHAN
307030,Gudabalotan,Jalor,RAJASTHAN
307031,Binanigram,Sirohi,RAJASTHAN
307032,Bharja,Sirohi,RAJASTHAN
307043,Palri M,Sirohi,RAJASTHAN
307501,Abu,Sirohi,RAJASTHAN
307510,Shantivan,Sirohi,RAJASTHAN
307511,Anadra,Sirohi,RAJASTHAN
307512,Dantrai,Sirohi,RAJASTHAN
307513,Mandar,Sirohi,RAJASTHAN
307514,Reodar,Sirohi,RAJASTHAN
307515,Jaswantpura,Jalor,RAJASTHAN
307801,Jawal,Sirohi,RAJASTHAN
307802,Kalandari,Sirohi,RAJASTHAN
307803,Ramseen,Jalor,RAJASTHAN
311001,Bhilwara,Bhilwara,RAJASTHAN
311011,Suwana,Bhilwara,RAJASTHAN
311021,Gulabpura,Bhilwara,RAJASTHAN
311022,Hurda,Bhilwara,RAJASTHAN
311023,Kothian,Bhilwara,RAJASTHAN
311024,Railagaon,Bhilwara,RAJASTHAN
311025,Hamirgarh,Bhilwara,RAJASTHAN
311026,Mod Ka Nimbahera,Bhilwara,RAJASTHAN
311030,Rupaheli,Bhilwara,RAJASTHAN
311201,Jahazpur,Bhilwara,RAJASTHAN
311202,Pander,Bhilwara,RAJASTHAN
311203,Piplund,Bhilwara,RAJASTHAN
311204,Shambhugarh,Bhilwara,RAJASTHAN
311301,Asind,Bhilwara,RAJASTHAN
311302,Badnore,Bhilwara,RAJASTHAN
311401,Banera,Bhilwara,RAJASTHAN
311402,Bagore,Bhilwara,RAJASTHAN
311403,Mandal,Bhilwara,RAJASTHAN
311404,Shahpura Raj,Bhilwara,RAJASTHAN
311407,Phulia Kalan,Bhilwara,RAJASTHAN
311408,Upreda,Bhilwara,RAJASTHAN
311601,Bigod,Bhilwara,RAJASTHAN
311602,Bijolian,Bhilwara,RAJASTHAN
311603,Kotri,Bhilwara,RAJASTHAN
311604,Mandalgarh,Bhilwara,RAJASTHAN
311605,Kachola,Bhilwara,RAJASTHAN
311606,Shyampura,Bhilwara,RAJASTHAN
311801,Gangapur,Bhilwara,RAJASTHAN
311802,Pur,Bhilwara,RAJASTHAN
311803,Raipur,Bhilwara,RAJASTHAN
311804,Raja Ji Ka Kareda,Bhilwara,RAJASTHAN
311805,Koshithal,Bhilwara,RAJASTHAN
311806,Sahada,Bhilwara,RAJASTHAN
312001,Chittorgarh,Chittorgarh,RAJASTHAN
312021,Cement Factory,Chittorgarh,RAJASTHAN
312022,Bassi,Chittorgarh,RAJASTHAN
312023,Begun,Chittorgarh,RAJASTHAN
312024,Bhadsaura,Chittorgarh,RAJASTHAN
312025,Senthi,Chittorgarh,RAJASTHAN
312027,Mandfia,Chittorgarh,RAJASTHAN
312201,Gosunda,Chittorgarh,RAJASTHAN
312202,Kapasan,Chittorgarh,RAJASTHAN
312203,Rashmi,Chittorgarh,RAJASTHAN
312204,Bhoopal sagar,Chittorgarh,RAJASTHAN
312205,Akola,Chittorgarh,RAJASTHAN
312206,Pahuna,Chittorgarh,RAJASTHAN
312207,Singhpur,Chittorgarh,RAJASTHAN
312401,Bansi,Chittorgarh,RAJASTHAN
312402,Doongla,Chittorgarh,RAJASTHAN
312403,Barisadari,Chittorgarh,RAJASTHAN
312404,Bohera,Chittorgarh,RAJASTHAN
312601,Nimbahera,Chittorgarh,RAJASTHAN
312602,Bhadesar,Chittorgarh,RAJASTHAN
312603,Nikumbh,Chittorgarh,RAJASTHAN
312604,Chhoti Sadari,Chittorgarh,RAJASTHAN
312605,Pratap garh,Chittorgarh,RAJASTHAN
312606,Kanera,Chittorgarh,RAJASTHAN
312612,Shabhupura,Chittorgarh,RAJASTHAN
312613,Sawa,Chittorgarh,RAJASTHAN
312614,Binota,Chittorgarh,RAJASTHAN
312615,Arnod,Chittorgarh,RAJASTHAN
312616,Dhamotar,Chittorgarh,RAJASTHAN
312617,Kailash  Nagar,Chittorgarh,RAJASTHAN
312619,Dalot,Chittorgarh,RAJASTHAN
312620,Mangrol,Chittorgarh,RAJASTHAN
312622,Adityapuram,Chittorgarh,RAJASTHAN
312623,Rathajana,Chittorgarh,RAJASTHAN
312624,Peepalkhunt,Chittorgarh,RAJASTHAN
312625,Dhariawad,Chittorgarh,RAJASTHAN
312626,Parsola,Chittorgarh,RAJASTHAN
312627,Sadas,Chittorgarh,RAJASTHAN
312901,Gangrar,Chittorgarh,RAJASTHAN
313001,Udaipur Shastri Circle,Udaipur,RAJASTHAN
313002,Udaipur H Magri,Udaipur,RAJASTHAN
313003,Udaipur Industrial Area,Udaipur,RAJASTHAN
313004,Udaipur,Udaipur,RAJASTHAN
313011,Badgaon,Udaipur,RAJASTHAN
313015,Jhamar Kotra,Udaipur,RAJASTHAN
313022,Dabok,Udaipur,RAJASTHAN
313024,Zinc Smelter,Udaipur,RAJASTHAN
313026,Intali Khera,Udaipur,RAJASTHAN
313027,Salumber,Udaipur,RAJASTHAN
313031,Nai,Udaipur,RAJASTHAN
313038,Jhallara,Udaipur,RAJASTHAN
313201,Khemli,Udaipur,RAJASTHAN
313202,Delwara,Rajsamand,RAJASTHAN
313203,Mavli Jn.,Udaipur,RAJASTHAN
313204,Palana Khurd,Udaipur,RAJASTHAN
313205,Fatehnagar,Udaipur,RAJASTHAN
313206,Sanwar,Udaipur,RAJASTHAN
313207,Gilund,Rajsamand,RAJASTHAN
313211,Dariba,Rajsamand,RAJASTHAN
313301,Nathdwara,Rajsamand,RAJASTHAN
313321,Goanguda,Rajsamand,RAJASTHAN
313322,Khamnore,Rajsamand,RAJASTHAN
313323,Kotharia,Rajsamand,RAJASTHAN
313324,Kankroli,Rajsamand,RAJASTHAN
313325,Kelwara,Rajsamand,RAJASTHAN
313327,Koaria,Rajsamand,RAJASTHAN
313328,Kuraj,Rajsamand,RAJASTHAN
313329,Railmagra,Rajsamand,RAJASTHAN
313330,Lawa Sardargarh,Rajsamand,RAJASTHAN
313331,Deogarh,Rajsamand,RAJASTHAN
313332,Charbhuja Road,Rajsamand,RAJASTHAN
313333,Charbhuja,Rajsamand,RAJASTHAN
313334,Kelwa,Rajsamand,RAJASTHAN
313341,Barar,Rajsamand,RAJASTHAN
313342,T F Kankroli,Rajsamand,RAJASTHAN
313601,Vallabhnagar,Udaipur,RAJASTHAN
313602,Kheroda,Udaipur,RAJASTHAN
313603,Bhinder,Udaipur,RAJASTHAN
313604,Kanore,Udaipur,RAJASTHAN
313701,Phalasia,Udaipur,RAJASTHAN
313702,Jhadol,Udaipur,RAJASTHAN
313703,Kurawar,Udaipur,RAJASTHAN
313704,Sayra,Udaipur,RAJASTHAN
313705,Gogunda,Udaipur,RAJASTHAN
313706,Bambora,Udaipur,RAJASTHAN
313708,Nandeshma,Udaipur,RAJASTHAN
313801,Parsad,Udaipur,RAJASTHAN
313802,Rishabhdeo,Udaipur,RAJASTHAN
313803,Kherwara,Udaipur,RAJASTHAN
313804,Chhani,Udaipur,RAJASTHAN
313901,Zawar Mines,Udaipur,RAJASTHAN
313902,Sarara,Udaipur,RAJASTHAN
313903,Semari,Udaipur,RAJASTHAN
313904,Chawand,Udaipur,RAJASTHAN
313905,Jhadol,Udaipur,RAJASTHAN
313906,Ogna,Udaipur,RAJASTHAN
314001,Dungarpur,Dungarpur,RAJASTHAN
314011,Paldeval,Dungarpur,RAJASTHAN
314021,Aspur,Dungarpur,RAJASTHAN
314022,Sabla,Dungarpur,RAJASTHAN
314023,Bankora,Dungarpur,RAJASTHAN
314024,Padwa,Dungarpur,RAJASTHAN
314025,Sagwara,Dungarpur,RAJASTHAN
314026,Galiakot,Dungarpur,RAJASTHAN
314027,Khadagda,Dungarpur,RAJASTHAN
314028,Punali,Dungarpur,RAJASTHAN
314029,Thakarda,Dungarpur,RAJASTHAN
314030,Chikhli,Dungarpur,RAJASTHAN
314031,Bhiluda,Dungarpur,RAJASTHAN
314032,Saroda,Dungarpur,RAJASTHAN
314034,Ramgarh,Dungarpur,RAJASTHAN
314035,Chitri,Dungarpur,RAJASTHAN
314036,Damdi,Dungarpur,RAJASTHAN
314037,Antri,Dungarpur,RAJASTHAN
314038,Punjpur,Dungarpur,RAJASTHAN
314401,Obri,Dungarpur,RAJASTHAN
314402,Dhambola,Dungarpur,RAJASTHAN
314403,Simalwara,Dungarpur,RAJASTHAN
314404,Vikasnagar,Dungarpur,RAJASTHAN
314406,Peeth,Dungarpur,RAJASTHAN
314801,Bichhiwara,Dungarpur,RAJASTHAN
314804,Kanba,Dungarpur,RAJASTHAN
321001,Bharatpur,Bharatpur,RAJASTHAN
321021,Jaghina,Bharatpur,RAJASTHAN
321022,Kamanlsg,Bharatpur,RAJASTHAN
321023,Jurhera,Bharatpur,RAJASTHAN
321024,Sikri,Bharatpur,RAJASTHAN
321025,Rareh,Bharatpur,RAJASTHAN
321026,Kanjoli Line,Bharatpur,RAJASTHAN
321028,Kherli Gadasia,Bharatpur,RAJASTHAN
321201,Kumher,Bharatpur,RAJASTHAN
321202,Penghore,Bharatpur,RAJASTHAN
321203,Deeg,Bharatpur,RAJASTHAN
321204,Pahari,Bharatpur,RAJASTHAN
321205,Nagar,Bharatpur,RAJASTHAN
321206,Janoothar,Bharatpur,RAJASTHAN
321301,Pichuna,Bharatpur,RAJASTHAN
321302,Uchain,Bharatpur,RAJASTHAN
321303,Sewar,Bharatpur,RAJASTHAN
321401,Bayana,Bharatpur,RAJASTHAN
321402,Rudawal,Bharatpur,RAJASTHAN
321403,Banshi Paharpur,Bharatpur,RAJASTHAN
321404,Roopbas,Bharatpur,RAJASTHAN
321405,Band Baretha,Bharatpur,RAJASTHAN
321406,Bhusawar,Bharatpur,RAJASTHAN
321407,Chhonkarwara Kalan,Bharatpur,RAJASTHAN
321408,Weir,Bharatpur,RAJASTHAN
321409,Ballabhgarh,Bharatpur,RAJASTHAN
321410,Brahmbad,Bharatpur,RAJASTHAN
321411,Khareri,Bharatpur,RAJASTHAN
321601,Halena,Bharatpur,RAJASTHAN
321602,Nadbai,Bharatpur,RAJASTHAN
321605,Kathumar,Alwar,RAJASTHAN
321606,Kherli,Alwar,RAJASTHAN
321607,Laxman Garh,Alwar,RAJASTHAN
321608,Mahwa,Dausa,RAJASTHAN
321609,Mahwa Road,Dausa,RAJASTHAN
321610,Ghatabalaji,Karauli,RAJASTHAN
321611,Todabhim,Karauli,RAJASTHAN
321612,Paota,Dausa,RAJASTHAN
321613,Rasidpur,Dausa,RAJASTHAN
321614,Akhaigarh,Bharatpur,RAJASTHAN
321615,Pathena,Bharatpur,RAJASTHAN
321633,Mauj Pur,Alwar,RAJASTHAN
321642,Sarsena,Bharatpur,RAJASTHAN
322001,Sawaimadhopur,Sawai Madhopur,RAJASTHAN
322021,Sawaimadhopur Town,Sawai Madhopur,RAJASTHAN
322023,Bonli,Sawai Madhopur,RAJASTHAN
322024,Khirni,Sawai Madhopur,RAJASTHAN
322025,Khandar,Sawai Madhopur,RAJASTHAN
322026,Phalodi Quarry,Sawai Madhopur,RAJASTHAN
322027,Soorwal,Sawai Madhopur,RAJASTHAN
322028,Malrna Doongar,Sawai Madhopur,RAJASTHAN
322029,Kundera,Sawai Madhopur,RAJASTHAN
322030,Malrna Chaur,Sawai Madhopur,RAJASTHAN
322033,Malarna R S,Sawai Madhopur,RAJASTHAN
322034,Chakeri,Sawai Madhopur,RAJASTHAN
322201,Gangapur,Sawai Madhopur,RAJASTHAN
322202,Mahukala,Sawai Madhopur,RAJASTHAN
322203,Narauli Dang,Karauli,RAJASTHAN
322204,Shahar,Karauli,RAJASTHAN
322205,Piloda,Sawai Madhopur,RAJASTHAN
322211,Bamanwas,Sawai Madhopur,RAJASTHAN
322212,Garhmoran,Karauli,RAJASTHAN
322213,Gudhachandraji,Karauli,RAJASTHAN
322214,Piplai,Sawai Madhopur,RAJASTHAN
322215,Nadoti,Karauli,RAJASTHAN
322216,Kemri,Karauli,RAJASTHAN
322218,Sapotara,Karauli,RAJASTHAN
322219,Wazirpur,Sawai Madhopur,RAJASTHAN
322220,Shrimahaveerji,Karauli,RAJASTHAN
322230,Hindaun,Karauli,RAJASTHAN
322234,Kheda,Karauli,RAJASTHAN
322236,Dhindora,Karauli,RAJASTHAN
322238,Balghat,Karauli,RAJASTHAN
322240,Kherla,Dausa,RAJASTHAN
322241,Karauli,Karauli,RAJASTHAN
322242,Masalpur,Karauli,RAJASTHAN
322243,Kailadevi,Karauli,RAJASTHAN
322249,Langra,Karauli,RAJASTHAN
322251,Mandrail,Karauli,RAJASTHAN
322252,Suroth,Karauli,RAJASTHAN
322254,Ghonsla,Karauli,RAJASTHAN
322255,Kurgaon,Karauli,RAJASTHAN
322701,Bhagwatgarh,Sawai Madhopur,RAJASTHAN
322702,Chauth Ka Barwara,Sawai Madhopur,RAJASTHAN
322703,Isharda,Sawai Madhopur,RAJASTHAN
322704,Shiwar,Sawai Madhopur,RAJASTHAN
323001,Bundi,Bundi,RAJASTHAN
323021,Talera,Bundi,RAJASTHAN
323022,Namana,Bundi,RAJASTHAN
323023,Hindoli,Bundi,RAJASTHAN
323024,Baranaya Gaon,Bundi,RAJASTHAN
323025,Umar,Bundi,RAJASTHAN
323026,Dablana,Bundi,RAJASTHAN
323301,Kapren,Bundi,RAJASTHAN
323303,Anushakti,Chittorgarh,RAJASTHAN
323304,Bhenshroadgarh,Chittorgarh,RAJASTHAN
323305,Rawatbhatta  Bazar,Chittorgarh,RAJASTHAN
323306,Vikram Nagar,Chittorgarh,RAJASTHAN
323307,Bhabhanagar,Chittorgarh,RAJASTHAN
323601,Kesoraipatan,Bundi,RAJASTHAN
323602,Kesoraipatan Sugar Factoy,Bundi,RAJASTHAN
323603,Lakheri,Bundi,RAJASTHAN
323613,Indergarh,Bundi,RAJASTHAN
323614,Sumerganj Mandi,Bundi,RAJASTHAN
323615,Lakheri Gaon,Bundi,RAJASTHAN
323616,Karwar,Bundi,RAJASTHAN
323801,Nainwan,Bundi,RAJASTHAN
323802,Dei,Bundi,RAJASTHAN
323803,Khatkar,Bundi,RAJASTHAN
324001,Kota,Kota,RAJASTHAN
324002,Kota Jn.,Kota,RAJASTHAN
324003,Industerial Estate Kota,Kota,RAJASTHAN
324004,Udyog Puri Kota,Kota,RAJASTHAN
324005,P.I.P. Kota,Kota,RAJASTHAN
324006,Kota City,Kota,RAJASTHAN
324007,New Grain Mandi Kota,Kota,RAJASTHAN
324008,Thermal Colony Kota,Kota,RAJASTHAN
324009,Dadabari Kota,Kota,RAJASTHAN
324010,Engineering College Kota,Kota,RAJASTHAN
325001,Kaithun,Kota,RAJASTHAN
325003,Cable Nagar,Kota,RAJASTHAN
325004,Itawa,Kota,RAJASTHAN
325009,Khatoli,Kota,RAJASTHAN
325201,Digod,Kota,RAJASTHAN
325202,Anta,Baran,RAJASTHAN
325203,Simlia,Kota,RAJASTHAN
325204,Sultanpur,Kota,RAJASTHAN
325205,Baran MDG,Baran,RAJASTHAN
325206,Siswali,Baran,RAJASTHAN
325207,Bapawar,Kota,RAJASTHAN
325208,Gadepan,Kota,RAJASTHAN
325209,Anta Gas Power Project Anta,Baran,RAJASTHAN
325214,Ayana,Kota,RAJASTHAN
325215,Mangrol,Baran,RAJASTHAN
325216,Kishan Ganj,Baran,RAJASTHAN
325217,Shahabad,Baran,RAJASTHAN
325218,ATRU,Baran,RAJASTHAN
325219,Salpura,Baran,RAJASTHAN
325220,Chhabra,Baran,RAJASTHAN
325221,Chhipa Barod,Baran,RAJASTHAN
325222,Bohat,Baran,RAJASTHAN
325223,Atone,Baran,RAJASTHAN
325224,Kelwara,Baran,RAJASTHAN
325601,Sangod,Kota,RAJASTHAN
325602,Kanwas,Kota,RAJASTHAN
326001,Jhalawar,Jhalawar,RAJASTHAN
326021,Asnawar,Jhalawar,RAJASTHAN
326022,Bakani,Jhalawar,RAJASTHAN
326023,Jhalara Patan City,Jhalawar,RAJASTHAN
326024,KSTPP Jhalawar,Jhalawar,RAJASTHAN
326033,Aklera,Jhalawar,RAJASTHAN
326034,Pirawa,Jhalawar,RAJASTHAN
326035,Sarola,Jhalawar,RAJASTHAN
326036,Raipur,Jhalawar,RAJASTHAN
326037,Manohar Thana,Jhalawar,RAJASTHAN
326038,Khanpur,Jhalawar,RAJASTHAN
326039,Ghatoli,Jhalawar,RAJASTHAN
326501,Shrichhattarpur,Jhalawar,RAJASTHAN
326502,Bhawanimandi,Jhalawar,RAJASTHAN
326512,Pach Pahar,Jhalawar,RAJASTHAN
326513,Sunel,Jhalawar,RAJASTHAN
326514,Dag,Jhalawar,RAJASTHAN
326515,Chaumahla,Jhalawar,RAJASTHAN
326516,Gangdhar,Jhalawar,RAJASTHAN
326517,Morak,Jhalawar,RAJASTHAN
326518,Chechat,Kota,RAJASTHAN
326519,Ram Ganj Mandi,Kota,RAJASTHAN
326520,Aditya Nagar,Kota,RAJASTHAN
326529,Khairabad,Kota,RAJASTHAN
326530,Suket,Kota,RAJASTHAN
327001,Banswara,Banswara,RAJASTHAN
327021,Ganoda,Banswara,RAJASTHAN
327022,Garhi,Banswara,RAJASTHAN
327023,Ghatol,Banswara,RAJASTHAN
327024,Partapur,Banswara,RAJASTHAN
327025,Talwara,Banswara,RAJASTHAN
327026,Mahidam,Banswara,RAJASTHAN
327027,Khamera,Banswara,RAJASTHAN
327031,Anandpuri,Banswara,RAJASTHAN
327032,Arthuna,Banswara,RAJASTHAN
327034,Jolana,Banswara,RAJASTHAN
327601,Bagidora,Banswara,RAJASTHAN
327602,Sajjan Garh,Banswara,RAJASTHAN
327603,Chhinch,Banswara,RAJASTHAN
327604,Barodia,Banswara,RAJASTHAN
327605,Luharia,Banswara,RAJASTHAN
327606,Kalinjara,Banswara,RAJASTHAN
327801,Kushalgarh,Banswara,RAJASTHAN
328001,Dholpur,Dholpur,RAJASTHAN
328021,Bari,Dholpur,RAJASTHAN
328022,Baseri,Dholpur,RAJASTHAN
328023,Basai Nabab,Dholpur,RAJASTHAN
328024,Maniya,Dholpur,RAJASTHAN
328025,Rajakhera,Dholpur,RAJASTHAN
328026,Sarmathura,Dholpur,RAJASTHAN
328027,Saipau,Dholpur,RAJASTHAN
328028,Keshar Bagh,Dholpur,RAJASTHAN
328029,Marena,Dholpur,RAJASTHAN
328030,Panch Gaon,Dholpur,RAJASTHAN
328031,Barauli,Dholpur,RAJASTHAN
328041,Kanchanpur,Dholpur,RAJASTHAN
331001,Churu,Churu,RAJASTHAN
331021,Ratan Nagar,Churu,RAJASTHAN
331022,Ratangarh,Churu,RAJASTHAN
331023,Sadulpur,Churu,RAJASTHAN
331024,Ramgarh Shekhawati,Sikar,RAJASTHAN
331025,Alsisar,Jhujhunu,RAJASTHAN
331026,Tamkore,Jhujhunu,RAJASTHAN
331027,Bissau,Jhujhunu,RAJASTHAN
331028,Malsisar,Jhujhunu,RAJASTHAN
331029,Dudhwakhara,Churu,RAJASTHAN
331030,Mahansar,Jhujhunu,RAJASTHAN
331031,Satra,Churu,RAJASTHAN
331301,Rampura Beri,Churu,RAJASTHAN
331302,Sahwa,Churu,RAJASTHAN
331303,Sankhu Fort,Churu,RAJASTHAN
331304,Taranagar,Churu,RAJASTHAN
331305,Hamirwas,Churu,RAJASTHAN
331402,Pulasar,Churu,RAJASTHAN
331403,Sardarshahar,Churu,RAJASTHAN
331411,Bhanipura,Churu,RAJASTHAN
331501,Bidasar,Churu,RAJASTHAN
331502,Chhapar,Churu,RAJASTHAN
331503,Charwas,Churu,RAJASTHAN
331504,Gogasar,Churu,RAJASTHAN
331505,Parihara,Churu,RAJASTHAN
331506,Salasar,Churu,RAJASTHAN
331507,Sujangarh,Churu,RAJASTHAN
331517,Sandwa,Churu,RAJASTHAN
331518,Lalgarh,Churu,RAJASTHAN
331701,Sidhmukh,Churu,RAJASTHAN
331801,Momasar,Bikaner,RAJASTHAN
331802,Rajaldesar,Churu,RAJASTHAN
331803,Shri Dungargarh,Bikaner,RAJASTHAN
331811,Sudsar,Bikaner,RAJASTHAN
332001,Sikar,Sikar,RAJASTHAN
332002,Dhod,Sikar,RAJASTHAN
332021,Bajajgram,Sikar,RAJASTHAN
332023,Khoor,Sikar,RAJASTHAN
332024,Katrathal,Sikar,RAJASTHAN
332025,Losal,Sikar,RAJASTHAN
332026,Nechhwa,Sikar,RAJASTHAN
332027,Piprali,Sikar,RAJASTHAN
332028,Sihot Badi,Sikar,RAJASTHAN
332029,Ganeri,Sikar,RAJASTHAN
332030,Singrawat,Sikar,RAJASTHAN
332031,Koodan,Sikar,RAJASTHAN
332041,Phagalwa,Sikar,RAJASTHAN
332042,Tatanwa,Sikar,RAJASTHAN
332301,Fatehpur Shekhawati,Sikar,RAJASTHAN
332302,Dhandhan,Sikar,RAJASTHAN
332303,Beswa,Sikar,RAJASTHAN
332304,Rolsabsar,Sikar,RAJASTHAN
332305,Sadinsar,Sikar,RAJASTHAN
332307,Tihawali,Sikar,RAJASTHAN
332311,Lachhmangarh,Sikar,RAJASTHAN
332312,Patoda,Sikar,RAJASTHAN
332315,Khuri Badi,Sikar,RAJASTHAN
332316,Beedasar,Sikar,RAJASTHAN
332317,Roru Badi,Sikar,RAJASTHAN
332318,Jajod,Sikar,RAJASTHAN
332401,Balaran,Sikar,RAJASTHAN
332402,Palsana,Sikar,RAJASTHAN
332403,Ranoli,Sikar,RAJASTHAN
332404,Ringas,Sikar,RAJASTHAN
332405,Shishu,Sikar,RAJASTHAN
332406,Kochhore,Sikar,RAJASTHAN
332411,Baori,Sikar,RAJASTHAN
332601,Baya,Sikar,RAJASTHAN
332602,Khatushyamjika,Sikar,RAJASTHAN
332603,Mahroli,Sikar,RAJASTHAN
332701,Ajitgarh Amarsar,Sikar,RAJASTHAN
332702,Danta,Sikar,RAJASTHAN
332703,Danta Ramgarh,Sikar,RAJASTHAN
332705,Ganeshwar,Sikar,RAJASTHAN
332706,Guhala,Sikar,RAJASTHAN
332707,Jharli,Sikar,RAJASTHAN
332708,Kanwat Town,Sikar,RAJASTHAN
332709,Khandela,Sikar,RAJASTHAN
332710,Khachariawas,Sikar,RAJASTHAN
332711,Maonda RS,Sikar,RAJASTHAN
332712,Mundru,Sikar,RAJASTHAN
332713,Nimkathana Town,Sikar,RAJASTHAN
332714,Sirohi,Sikar,RAJASTHAN
332715,Srimadhopur,Sikar,RAJASTHAN
332716,Sefragunwar,Jhujhunu,RAJASTHAN
332718,Patan,Sikar,RAJASTHAN
332719,Thoi,Sikar,RAJASTHAN
332721,Gurara,Sikar,RAJASTHAN
332722,Jajod,Sikar,RAJASTHAN
332742,Mandha Surera,Sikar,RAJASTHAN
332746,Shimala,Jhujhunu,RAJASTHAN
333001,Jhunjhunu,Jhujhunu,RAJASTHAN
333011,Dhanuri,Jhujhunu,RAJASTHAN
333012,Titanwar,Jhujhunu,RAJASTHAN
333021,Baragaon (Jhunjhunu)S.O,Jhujhunu,RAJASTHAN
333022,Gudhagorjika,Jhujhunu,RAJASTHAN
333023,Bagar,Jhujhunu,RAJASTHAN
333024,Islampur,Jhujhunu,RAJASTHAN
333025,Mandrella,Jhujhunu,RAJASTHAN
333026,Chirawa,Jhujhunu,RAJASTHAN
333027,Ardawata,Jhujhunu,RAJASTHAN
333028,Sultana,Jhujhunu,RAJASTHAN
333029,Surajgarh,Jhujhunu,RAJASTHAN
333030,Kajara,Jhujhunu,RAJASTHAN
333031,Pilani,Jhujhunu,RAJASTHAN
333032,Bhorki,Jhujhunu,RAJASTHAN
333033,Jakhod,Jhujhunu,RAJASTHAN
333034,Kuharwas,Jhujhunu,RAJASTHAN
333035,Narhar,Jhujhunu,RAJASTHAN
333036,Tibabasai,Jhujhunu,RAJASTHAN
333041,Nua,Jhujhunu,RAJASTHAN
333042,Nawalgarh,Jhujhunu,RAJASTHAN
333053,Ponkh,Jhujhunu,RAJASTHAN
333302,Chhapoli,Jhujhunu,RAJASTHAN
333303,Chirana,Jhujhunu,RAJASTHAN
333304,Jhajhar,Jhujhunu,RAJASTHAN
333305,Jakhal,Jhujhunu,RAJASTHAN
333307,Udaipurwati,Jhujhunu,RAJASTHAN
333308,Parasrampura,Jhujhunu,RAJASTHAN
333501,Babai,Jhujhunu,RAJASTHAN
333502,Buhana,Jhujhunu,RAJASTHAN
333503,Khetri,Jhujhunu,RAJASTHAN
333504,Khetri Nagar,Jhujhunu,RAJASTHAN
333514,Jasrapur,Jhujhunu,RAJASTHAN
333515,Pacheri Badi,Jhujhunu,RAJASTHAN
333516,Singhana,Jhujhunu,RAJASTHAN
333701,Churiajitgarh,Jhujhunu,RAJASTHAN
333702,Dundlod,Jhujhunu,RAJASTHAN
333704,Mandawa,Jhujhunu,RAJASTHAN
333705,Mukundgarh,Jhujhunu,RAJASTHAN
333707,Doomra,Jhujhunu,RAJASTHAN
333801,Saraisurpura,Jhujhunu,RAJASTHAN
334001,Bikaner,Bikaner,RAJASTHAN
334003,Pawanpuri,Bikaner,RAJASTHAN
334004,Bangalanagar,Bikaner,RAJASTHAN
334006,Bichhwal Ind.Area,Bikaner,RAJASTHAN
334021,Chhatararh,Bikaner,RAJASTHAN
334022,Udasar,Bikaner,RAJASTHAN
334023,Khajuwala,Bikaner,RAJASTHAN
334201,Napasar,Bikaner,RAJASTHAN
334202,Sinthal,Bikaner,RAJASTHAN
334302,Sri Kolayat Ji,Bikaner,RAJASTHAN
334303,Diyatra,Bikaner,RAJASTHAN
334305,Bajju,Bikaner,RAJASTHAN
334401,Gangashahar,Bikaner,RAJASTHAN
334402,Udairamsar,Bikaner,RAJASTHAN
334403,Bhinasar,Bikaner,RAJASTHAN
334601,Jamsar,Bikaner,RAJASTHAN
334602,Kalu,Bikaner,RAJASTHAN
334603,Lunkaransar,Bikaner,RAJASTHAN
334604,Mahajan,Bikaner,RAJASTHAN
334801,Deshnoke,Bikaner,RAJASTHAN
334802,Himatsar,Bikaner,RAJASTHAN
334803,Nokha,Bikaner,RAJASTHAN
334804,Panchoo,Bikaner,RAJASTHAN
334808,Poogal,Bikaner,RAJASTHAN
335001,Sriganganagar,Ganganagar,RAJASTHAN
335002,Udyog Vihar,Ganganagar,RAJASTHAN
335021,Bishanpura,Ganganagar,RAJASTHAN
335022,Chunawadh,Ganganagar,RAJASTHAN
335023,Dalpatsinghpur,Ganganagar,RAJASTHAN
335024,Gajsinghpur,Ganganagar,RAJASTHAN
335025,Ganeshgarh,Ganganagar,RAJASTHAN
335027,Kesrisinghpur,Ganganagar,RAJASTHAN
335037,Lalgarh Jatan,Ganganagar,RAJASTHAN
335038,Mirzewala,Ganganagar,RAJASTHAN
335039,Mukalawa,Ganganagar,RAJASTHAN
335040,Nizampura,Ganganagar,RAJASTHAN
335041,Padampur,Ganganagar,RAJASTHAN
335051,Raisinghnagar,Ganganagar,RAJASTHAN
335061,Ridmalsar,Ganganagar,RAJASTHAN
335062,Sadulshahar,Ganganagar,RAJASTHAN
335063,Sangaria,Hanumangarh,RAJASTHAN
335064,Dholipal,Hanumangarh,RAJASTHAN
335065,Manaksar,Hanumangarh,RAJASTHAN
335073,Srikaranpur,Ganganagar,RAJASTHAN
335501,Bhadra,Hanumangarh,RAJASTHAN
335502,Kalana,Hanumangarh,RAJASTHAN
335503,Dabri,Hanumangarh,RAJASTHAN
335504,Gogameri,Hanumangarh,RAJASTHAN
335511,Channibari,Hanumangarh,RAJASTHAN
335512,Hanumangarh Jn.,Hanumangarh,RAJASTHAN
335513,Hanumangarh Town,Hanumangarh,RAJASTHAN
335523,Nohar,Hanumangarh,RAJASTHAN
335524,Rawatsar,Hanumangarh,RAJASTHAN
335525,Talwara Jheel,Hanumangarh,RAJASTHAN
335526,Tibbi,Hanumangarh,RAJASTHAN
335701,Anupagarh,Ganganagar,RAJASTHAN
335702,Jetsar,Ganganagar,RAJASTHAN
335703,Ramsinghpur,Ganganagar,RAJASTHAN
335704,Sribijaynagar,Ganganagar,RAJASTHAN
335705,Sardargarh,Ganganagar,RAJASTHAN
335707,Gharsana,Ganganagar,RAJASTHAN
335711,Mandi Gharsana,Ganganagar,RAJASTHAN
335801,Dabli Rathan,Hanumangarh,RAJASTHAN
335802,Goluwala,Hanumangarh,RAJASTHAN
335803,Pilibangan,Hanumangarh,RAJASTHAN
335804,Suratgarh,Ganganagar,RAJASTHAN
335805,STPS Suratgarh,Ganganagar,RAJASTHAN
335901,Hindumalkote,Ganganagar,RAJASTHAN
341001,Nagaur,Nagaur,RAJASTHAN
341021,Basni,Nagaur,RAJASTHAN
341022,Deh,Nagaur,RAJASTHAN
341023,Jael,Nagaur,RAJASTHAN
341024,Kuchera,Nagaur,RAJASTHAN
341025,Khinwsar,Nagaur,RAJASTHAN
341026,Marwar Mundwa,Nagaur,RAJASTHAN
341027,Rol,Nagaur,RAJASTHAN
341028,Khajwana,Nagaur,RAJASTHAN
341029,Sribalaji,Nagaur,RAJASTHAN
341030,Tarnau,Nagaur,RAJASTHAN
341031,Padukallan,Nagaur,RAJASTHAN
341301,Bari Khatu,Nagaur,RAJASTHAN
341302,Chhotikhatu,Nagaur,RAJASTHAN
341303,Didwana,Nagaur,RAJASTHAN
341304,Jaswantgarh,Nagaur,RAJASTHAN
341305,Koliya,Nagaur,RAJASTHAN
341306,Ladnun Lsg,Nagaur,RAJASTHAN
341316,Nimbijodhan,Nagaur,RAJASTHAN
341317,Ratau,Nagaur,RAJASTHAN
341318,Khunkhuna,Nagaur,RAJASTHAN
341319,Toshina,Nagaur,RAJASTHAN
341501,Badu,Nagaur,RAJASTHAN
341502,Borawar,Nagaur,RAJASTHAN
341503,Degana,Nagaur,RAJASTHAN
341504,Gachhipura,Nagaur,RAJASTHAN
341505,Makrana Rs,Nagaur,RAJASTHAN
341506,Maulasar,Nagaur,RAJASTHAN
341507,Maroth,Nagaur,RAJASTHAN
341508,S.R. Kuchamancity,Nagaur,RAJASTHAN
341509,Nawacity Lsg,Nagaur,RAJASTHAN
341510,Merta,Nagaur,RAJASTHAN
341511,Merta Road,Nagaur,RAJASTHAN
341512,Parbatsar,Nagaur,RAJASTHAN
341513,Riyan,Nagaur,RAJASTHAN
341514,Ren,Nagaur,RAJASTHAN
341515,Harsore,Nagaur,RAJASTHAN
341516,Dhankoli,Nagaur,RAJASTHAN
341517,Ladariya,Nagaur,RAJASTHAN
341518,Jasnagar,Nagaur,RAJASTHAN
341519,Kukanwali,Nagaur,RAJASTHAN
341520,Besroli,Nagaur,RAJASTHAN
341533,Mithri,Nagaur,RAJASTHAN
341542,I.A.Bidiad,Nagaur,RAJASTHAN
341551,Berichhoti,Nagaur,RAJASTHAN
342001,Jodhpur,Jodhpur,RAJASTHAN
342003,Jodhpur Shastri Nagar,Jodhpur,RAJASTHAN
342005,Jodhpur K.U.M. Bhagat Ki Kothi,Jodhpur,RAJASTHAN
342006,Jodhpur Kachery,Jodhpur,RAJASTHAN
342007,Jodhpur K.U.M. Mandore Road,Jodhpur,RAJASTHAN
342008,Nandanwan,Jodhpur,RAJASTHAN
342011,Jodhpur Residency Road,Jodhpur,RAJASTHAN
342012,Boranada,Jodhpur,RAJASTHAN
342013,Sangaria,Jodhpur,RAJASTHAN
342014,Pal,Jodhpur,RAJASTHAN
342015,Saran Nagar,Jodhpur,RAJASTHAN
342021,Somesar,Jodhpur,RAJASTHAN
342022,Shergarh,Jodhpur,RAJASTHAN
342023,Balesar,Jodhpur,RAJASTHAN
342024,Soorsagar,Jodhpur,RAJASTHAN
342025,Setrawa,Jodhpur,RAJASTHAN
342026,Jodhpur BSF Trg Centre,Jodhpur,RAJASTHAN
342027,Banar,Jodhpur,RAJASTHAN
342028,Tena,Jodhpur,RAJASTHAN
342029,Soyla,Jodhpur,RAJASTHAN
342037,Lavera Baori,Jodhpur,RAJASTHAN
342301,Phalodi,Jodhpur,RAJASTHAN
342302,Lohawat,Jodhpur,RAJASTHAN
342303,Osian,Jodhpur,RAJASTHAN
342304,Mandore,Jodhpur,RAJASTHAN
342305,Mathania,Jodhpur,RAJASTHAN
342306,Teori,Jodhpur,RAJASTHAN
342307,Bap,Jodhpur,RAJASTHAN
342308,Khichan,Jodhpur,RAJASTHAN
342309,Peelwa,Jodhpur,RAJASTHAN
342310,Nokh,Jaisalmer,RAJASTHAN
342311,Aau,Jodhpur,RAJASTHAN
342312,Chadi,Jodhpur,RAJASTHAN
342314,Dechu,Jodhpur,RAJASTHAN
342601,Pipar,Jodhpur,RAJASTHAN
342602,Bilara,Jodhpur,RAJASTHAN
342603,Bhopalgarh,Jodhpur,RAJASTHAN
342604,Borunda,Jodhpur,RAJASTHAN
342605,Bhavi,Jodhpur,RAJASTHAN
342606,Pipar Road,Jodhpur,RAJASTHAN
342801,Dunara,Jodhpur,RAJASTHAN
342802,Luni,Jodhpur,RAJASTHAN
342901,Asop,Jodhpur,RAJASTHAN
342902,Gotan,Nagaur,RAJASTHAN
343001,Jalore,Jalor,RAJASTHAN
343002,I.A.Jalore,Jalor,RAJASTHAN
343021,Ummedabad,Jalor,RAJASTHAN
343022,Sayla,Jalor,RAJASTHAN
343023,Dhansa,Jalor,RAJASTHAN
343024,Siana,Jalor,RAJASTHAN
343025,Bagra,Jalor,RAJASTHAN
343027,Hadecha,Jalor,RAJASTHAN
343028,Modran,Jalor,RAJASTHAN
343029,Bhinmal,Jalor,RAJASTHAN
343030,Joojani,Jalor,RAJASTHAN
343032,Bagoda,Jalor,RAJASTHAN
343039,Malwara,Jalor,RAJASTHAN
343040,Raniwara,Jalor,RAJASTHAN
343041,Sanchore,Jalor,RAJASTHAN
343042,Mandwala,Jalor,RAJASTHAN
343048,Vadgaon,Jalor,RAJASTHAN
343049,Kagmala,Jalor,RAJASTHAN
344001,Barmer,Barmer,RAJASTHAN
344011,Bishala,Barmer,RAJASTHAN
344012,Ranigaon,Barmer,RAJASTHAN
344021,Samdari,Barmer,RAJASTHAN
344022,Balotra,Barmer,RAJASTHAN
344024,Jasol,Barmer,RAJASTHAN
344025,Mewanagar,Barmer,RAJASTHAN
344026,Kalyanpur,Barmer,RAJASTHAN
344027,Parlu,Barmer,RAJASTHAN
344031,Gudamalani,Barmer,RAJASTHAN
344032,Pachpadra City,Barmer,RAJASTHAN
344033,Sindhari,Barmer,RAJASTHAN
344034,Baitu,Barmer,RAJASTHAN
344035,Kavas,Barmer,RAJASTHAN
344037,Swau Padamsingh,Barmer,RAJASTHAN
344043,Mokalsar,Barmer,RAJASTHAN
344044,Siwana,Barmer,RAJASTHAN
344501,Gadra Road,Barmer,RAJASTHAN
344502,Ramsar,Barmer,RAJASTHAN
344701,Shiv,Barmer,RAJASTHAN
344702,Chohtan,Barmer,RAJASTHAN
344703,Rawatsar,Barmer,RAJASTHAN
344704,Dhorimana,Barmer,RAJASTHAN
344705,Gunga,Barmer,RAJASTHAN
344706,Sedwa,Barmer,RAJASTHAN
344708,Sanawara,Barmer,RAJASTHAN
344801,Padru,Barmer,RAJASTHAN
345001,Jaisalmer,Jaisalmer,RAJASTHAN
345021,Pokaran,Jaisalmer,RAJASTHAN
345022,Ramgarh,Jaisalmer,RAJASTHAN
345023,Ramdeora,Jaisalmer,RAJASTHAN
345024,Bhaniyana,Jaisalmer,RAJASTHAN
345025,Phalsund,Jaisalmer,RAJASTHAN
345026,Sankra,Jaisalmer,RAJASTHAN
345027,Fatehgarh,Jaisalmer,RAJASTHAN
345028,Nachana,Jaisalmer,RAJASTHAN
345031,Lathi,Jaisalmer,RAJASTHAN
345033,Mohangarh,Jaisalmer,RAJASTHAN
345034,Khoohri,Jaisalmer,RAJASTHAN
360001,Rajkot,Rajkot,GUJARAT
360002,Rajkot Bhaktinagar,Rajkot,GUJARAT
360003,Rajkot Bedipara,Rajkot,GUJARAT
360004,Rajkot Postal Colony,Rajkot,GUJARAT
360005,Rajkot Sau Uni Area,Rajkot,GUJARAT
360006,Rajkot Bhomeshwar Plot,Rajkot,GUJARAT
360007,Rajkot  Raiya Road,Rajkot,GUJARAT
360020,Kasturbadham,Rajkot,GUJARAT
360021,Rajkot Metoda Gidc,Rajkot,GUJARAT
360022,KOTHARIA,Rajkot,GUJARAT
360023,KUVADAVA,Rajkot,GUJARAT
360024,Veraval,Rajkot,GUJARAT
360025,Sardhar,Rajkot,GUJARAT
360026,Sapar,Rajkot,GUJARAT
360030,Kotda Sangani,Rajkot,GUJARAT
360035,Lodhika,Rajkot,GUJARAT
360040,Atkot,Rajkot,GUJARAT
360050,Jasdan,Rajkot,GUJARAT
360055,Vinchhiya,Rajkot,GUJARAT
360060,Virnagar,Rajkot,GUJARAT
360070,Mengni,Rajkot,GUJARAT
360110,Paddhari,Rajkot,GUJARAT
360311,Gondal,Rajkot,GUJARAT
360320,Gomta,Rajkot,GUJARAT
360330,Moviya,Rajkot,GUJARAT
360360,Jetalsar Jn.,Rajkot,GUJARAT
360370,Jetpur,Rajkot,GUJARAT
360375,Navagadh,Rajkot,GUJARAT
360380,Virpur,Rajkot,GUJARAT
360405,Jamkandorna,Rajkot,GUJARAT
360410,Dhoraji,Rajkot,GUJARAT
360421,Moti Marad,Rajkot,GUJARAT
360430,Patanvav,Rajkot,GUJARAT
360440,Supedi,Rajkot,GUJARAT
360450,Bhayavadar,Rajkot,GUJARAT
360452,Chitravad,Rajkot,GUJARAT
360460,Dhank,Rajkot,GUJARAT
360470,Kolki,Rajkot,GUJARAT
360480,Paneli,Rajkot,GUJARAT
360490,Upleta Lati Plot,Rajkot,GUJARAT
360510,Bhanvad,Jamnagar,GUJARAT
360515,Verad,Jamnagar,GUJARAT
360520,Dhrafa,Jamnagar,GUJARAT
360530,Jamjodhpur,Jamnagar,GUJARAT
360531,Vansjalia,Jamnagar,GUJARAT
360540,Kharedi,Jamnagar,GUJARAT
360545,Adityana,Porbandar,GUJARAT
360550,Ranavav,Porbandar,GUJARAT
360570,Ranakandorana,Porbandar,GUJARAT
360575,Porbandar,Porbandar,GUJARAT
360576,Porbandar Birla Sagar,Porbandar,GUJARAT
360577,Porbandar G.I.D.C.,Porbandar,GUJARAT
360578,Chhaya,Porbandar,GUJARAT
360579,Bokhira,Porbandar,GUJARAT
360590,Bagvadar,Porbandar,GUJARAT
361001,Jamnagar,Jamnagar,GUJARAT
361002,Bedeshwar,Jamnagar,GUJARAT
361003,Aerodromme,Jamnagar,GUJARAT
361004,Udyognagar,Jamnagar,GUJARAT
361005,Digvijay Plot,Jamnagar,GUJARAT
361006,Khodiyar Colony,Jamnagar,GUJARAT
361007,Gulabnagar,Jamnagar,GUJARAT
361008,Patel Colony,Jamnagar,GUJARAT
361009,Bedi,Jamnagar,GUJARAT
361010,Vadinar,Jamnagar,GUJARAT
361011,Hadiana,Jamnagar,GUJARAT
361012,Chela,Jamnagar,GUJARAT
361013,Khandhera,Jamnagar,GUJARAT
361110,Aliabada,Jamnagar,GUJARAT
361120,Dhuvav,Jamnagar,GUJARAT
361130,Jamwanthali,Jamnagar,GUJARAT
361140,Digvijaygram,Jamnagar,GUJARAT
361141,Sikka Tps,Jamnagar,GUJARAT
361142,Reliance Greens,Jamnagar,GUJARAT
361150,Valsura,Jamnagar,GUJARAT
361160,Kalavad,Jamnagar,GUJARAT
361162,Nikava,Jamnagar,GUJARAT
361170,Lalpur,Jamnagar,GUJARAT
361210,Dhrol,Jamnagar,GUJARAT
361220,Latipur,Jamnagar,GUJARAT
361230,Balachadi,Jamnagar,GUJARAT
361240,Balambha,Jamnagar,GUJARAT
361250,Jodia,Jamnagar,GUJARAT
361280,Kanalush,Jamnagar,GUJARAT
361305,Khambhalia,Jamnagar,GUJARAT
361306,Bhadthar,Jamnagar,GUJARAT
361310,Salaya,Jamnagar,GUJARAT
361315,Bhatia,Jamnagar,GUJARAT
361320,Jamkalyanpur,Jamnagar,GUJARAT
361325,Raval,Jamnagar,GUJARAT
361330,Bet,Jamnagar,GUJARAT
361335,Dwarka,Jamnagar,GUJARAT
361345,Mithapur,Jamnagar,GUJARAT
361347,Surajkaradi,Jamnagar,GUJARAT
361350,Okha,Jamnagar,GUJARAT
362001,Junagadh Azad Chowk,Junagadh,GUJARAT
362002,Junagadh Joshipura,Junagadh,GUJARAT
362004,Junagadh Bhavnath,Junagadh,GUJARAT
362011,Majevadi,Junagadh,GUJARAT
362015,Timbavadi,Junagadh,GUJARAT
362020,Bhesan,Junagadh,GUJARAT
362030,Ranpur,Junagadh,GUJARAT
362037,Dolatpara,Junagadh,GUJARAT
362110,Bilkha,Junagadh,GUJARAT
362120,Sarsai,Junagadh,GUJARAT
362130,Visavadar,Junagadh,GUJARAT
362135,Sasan Gir,Junagadh,GUJARAT
362140,Akolvadi,Junagadh,GUJARAT
362150,Talala,Junagadh,GUJARAT
362205,Shapur,Junagadh,GUJARAT
362215,Lushala,Junagadh,GUJARAT
362220,Keshod,Junagadh,GUJARAT
362222,Agatrai,Junagadh,GUJARAT
362225,Mangrol,Junagadh,GUJARAT
362226,Mangrol Bundar,Junagadh,GUJARAT
362227,Kevadra,Junagadh,GUJARAT
362229,Keshod Akshaygadh,Junagadh,GUJARAT
362230,Madhavpur,Porbandar,GUJARAT
362235,Shardagram,Junagadh,GUJARAT
362240,Shil,Junagadh,GUJARAT
362245,Malia Hatina,Junagadh,GUJARAT
362250,Chorvad,Junagadh,GUJARAT
362255,Sherbaug,Junagadh,GUJARAT
362260,Mendarda,Junagadh,GUJARAT
362263,Bagdu,Junagadh,GUJARAT
362265,Veraval,Junagadh,GUJARAT
362266,Veraval Rayon Factory,Junagadh,GUJARAT
362268,Prabhas Patan,Junagadh,GUJARAT
362275,Sutrapada,Junagadh,GUJARAT
362276,Siddhigram,Junagadh,GUJARAT
362310,Vadal,Junagadh,GUJARAT
362315,Choki,Junagadh,GUJARAT
362510,Delvada,Junagadh,GUJARAT
362520,Diu,Diu,DAMAN & DIU
362530,Girgadhda,Junagadh,GUJARAT
362540,Ghoghla,Diu,DAMAN & DIU
362550,Sanakhda,Junagadh,GUJARAT
362560,Una,Junagadh,GUJARAT
362565,Dhokadva,Junagadh,GUJARAT
362570,Wanakbara,Diu,DAMAN & DIU
362610,Vanthali,Junagadh,GUJARAT
362620,Bantwa,Junagadh,GUJARAT
362625,Nanadia,Junagadh,GUJARAT
362630,Manavadar,Junagadh,GUJARAT
362640,Sardargadh,Junagadh,GUJARAT
362650,Kutiyana,Porbandar,GUJARAT
362710,Ghantvad,Junagadh,GUJARAT
362715,Ambujanagar,Junagadh,GUJARAT
362720,Kodinar,Junagadh,GUJARAT
362725,Kodinar Khadudyog,Junagadh,GUJARAT
362730,Timbi,Amreli,GUJARAT
363001,Surendranagar,Surendra Nagar,GUJARAT
363002,Surendranagar Station Road,Surendra Nagar,GUJARAT
363020,Joravarnagar,Surendra Nagar,GUJARAT
363030,Wadhwancity,Surendra Nagar,GUJARAT
363035,Wadhwancity Ind. Estate,Surendra Nagar,GUJARAT
363040,Dudhrej,Surendra Nagar,GUJARAT
363110,Vana,Surendra Nagar,GUJARAT
363115,Vitthalgadh,Surendra Nagar,GUJARAT
363310,Dhrangadhra,Surendra Nagar,GUJARAT
363320,Rajsitapur,Surendra Nagar,GUJARAT
363330,Halvad,Surendra Nagar,GUJARAT
363331,Charadva,MORBI,GUJARAT
363351,Mayurnagar,Surendra Nagar,GUJARAT
363410,Chuda,Surendra Nagar,GUJARAT
363421,Limbdi,Surendra Nagar,GUJARAT
363423,Panshina,Surendra Nagar,GUJARAT
363425,Hadalabhal,Surendra Nagar,GUJARAT
363427,Shiyani,Surendra Nagar,GUJARAT
363430,Sayla,Surendra Nagar,GUJARAT
363435,Kholadiyad,Surendra Nagar,GUJARAT
363440,Sudamada,Surendra Nagar,GUJARAT
363510,Muli,Surendra Nagar,GUJARAT
363520,Chotila,Surendra Nagar,GUJARAT
363530,Thangadh,Surendra Nagar,GUJARAT
363621,Wankaner,Rajkot,GUJARAT
363630,Jetpar,Rajkot,GUJARAT
363635,Khakhrechi,Rajkot,GUJARAT
363641,Morbi MDG,Rajkot,GUJARAT
363642,Morbi Ppw,Rajkot,GUJARAT
363643,Sakat Sanala,Rajkot,GUJARAT
363650,Tankara,Rajkot,GUJARAT
363655,Amran,Jamnagar,GUJARAT
363660,Dahisara,Rajkot,GUJARAT
363670,Maliya Miyana,Rajkot,GUJARAT
364001,Bhavnagar,Bhavnagar,GUJARAT
364002,Bhavnagar Takhteshwar,Bhavnagar,GUJARAT
364003,Bhavnagar Para,Bhavnagar,GUJARAT
364004,Bhavnagar Chitra,Bhavnagar,GUJARAT
364005,Bhavnagar Anandnagar,Bhavnagar,GUJARAT
364006,Bhavnagar Station Road,Bhavnagar,GUJARAT
364050,Bhandariya,Bhavnagar,GUJARAT
364060,Vartej,Bhavnagar,GUJARAT
364070,Koliyak,Bhavnagar,GUJARAT
364081,Alang SBY,Bhavnagar,GUJARAT
364110,Gogha,Bhavnagar,GUJARAT
364120,Tansa,Bhavnagar,GUJARAT
364130,Datha,Bhavnagar,GUJARAT
364135,Pithalpur,Bhavnagar,GUJARAT
364140,Talaja,Bhavnagar,GUJARAT
364145,Thaliya,Bhavnagar,GUJARAT
364150,Trapaj,Bhavnagar,GUJARAT
364210,Amargadh,Bhavnagar,GUJARAT
364230,Sanosara,Bhavnagar,GUJARAT
364240,Sihor,Bhavnagar,GUJARAT
364250,Songadh,Bhavnagar,GUJARAT
364260,Tana,Bhavnagar,GUJARAT
364265,Gheti,Bhavnagar,GUJARAT
364270,Palitana,Bhavnagar,GUJARAT
364275,Parvadi,Bhavnagar,GUJARAT
364280,Motakhuntavada,Bhavnagar,GUJARAT
364290,Mahuva,Bhavnagar,GUJARAT
364295,Bhadrod,Bhavnagar,GUJARAT
364310,Vallabhipur,Bhavnagar,GUJARAT
364313,Ratanpur Bhal,Bhavnagar,GUJARAT
364320,Dhola,Bhavnagar,GUJARAT
364330,Umrala,Bhavnagar,GUJARAT
364465,Derdi Kumbaji,Rajkot,GUJARAT
364470,Sultanpur,Rajkot,GUJARAT
364485,Amarnagar,Rajkot,GUJARAT
364490,Vasavad,Rajkot,GUJARAT
364505,Gariyadhar,Bhavnagar,GUJARAT
364510,Jesar,Bhavnagar,GUJARAT
364515,Savarkundla,Amreli,GUJARAT
364521,Jira,Amreli,GUJARAT
364522,Badhada,Amreli,GUJARAT
364525,Vanda,Amreli,GUJARAT
364530,Vijpadi,Amreli,GUJARAT
364710,Botad,Bhavnagar,GUJARAT
364720,Paliyad,Bhavnagar,GUJARAT
364730,Dhasa Gam,Bhavnagar,GUJARAT
364740,Dhasa Jn,Bhavnagar,GUJARAT
364750,Gadhada Sn,Bhavnagar,GUJARAT
364760,Ningala,Bhavnagar,GUJARAT
364765,Ugamedi,Bhavnagar,GUJARAT
365220,Damnagar,Amreli,GUJARAT
365410,Chamaradi,Amreli,GUJARAT
365421,Babra,Amreli,GUJARAT
365430,Lathi,Amreli,GUJARAT
365435,Chavand,Amreli,GUJARAT
365440,Bagasra,Amreli,GUJARAT
365450,Kunkavav,Amreli,GUJARAT
365455,Mota-ankadiya,Amreli,GUJARAT
365456,Vaghaniya,Amreli,GUJARAT
365460,Lunidhar,Amreli,GUJARAT
365480,Vadia,Amreli,GUJARAT
365535,Liliya,Amreli,GUJARAT
365540,Jafrabad,Amreli,GUJARAT
365541,UTCL Kovaya,Amreli,GUJARAT
365545,Nageshri,Amreli,GUJARAT
365550,Dedan,Amreli,GUJARAT
365555,Dungar,Amreli,GUJARAT
365560,Rajula,Amreli,GUJARAT
365565,Krankach,Amreli,GUJARAT
365601,Amreli,Amreli,GUJARAT
365610,Babapur,Amreli,GUJARAT
365620,Chital,Amreli,GUJARAT
365630,Chalala,Amreli,GUJARAT
365635,Motasamdhiyala,Amreli,GUJARAT
365640,Dhari,Amreli,GUJARAT
365645,Bhader,Amreli,GUJARAT
365650,Khambha,Amreli,GUJARAT
365660,Sarsiya,Amreli,GUJARAT
370001,Bhuj,Kachchh,GUJARAT
370015,Bhuj B S F Camp,Kachchh,GUJARAT
370020,Madhapar,Kachchh,GUJARAT
370030,Mankuwa,Kachchh,GUJARAT
370040,Sukhpar,Kachchh,GUJARAT
370105,Kukma,Kachchh,GUJARAT
370110,Anjar,Kachchh,GUJARAT
370115,New Dudhai,Kachchh,GUJARAT
370130,Khedoi,Kachchh,GUJARAT
370135,Adhoi,Kachchh,GUJARAT
370140,Bhachau,Kachchh,GUJARAT
370145,Lakadia,Kachchh,GUJARAT
370150,Samkhiyali,Kachchh,GUJARAT
370155,Adesar,Kachchh,GUJARAT
370160,Bhimasar,Kachchh,GUJARAT
370165,Rahpar,Kachchh,GUJARAT
370201,Gandhidham,Kachchh,GUJARAT
370203,Udaynagar,Kachchh,GUJARAT
370205,Adipur,Kachchh,GUJARAT
370210,Kandla Port,Kachchh,GUJARAT
370230,Kandla Free Trade Zone,Kachchh,GUJARAT
370240,Gopalpuri,Kachchh,GUJARAT
370405,Bhujpur,Kachchh,GUJARAT
370410,Gundala,Kachchh,GUJARAT
370415,Kapaya,Kachchh,GUJARAT
370421,Mundra,Kachchh,GUJARAT
370425,Patri,Kachchh,GUJARAT
370427,Baladia,Kachchh,GUJARAT
370430,Kera,Kachchh,GUJARAT
370435,Bidada,Kachchh,GUJARAT
370445,Gadhasisa,Kachchh,GUJARAT
370450,Godhra,Kachchh,GUJARAT
370455,Gundiyali,Kachchh,GUJARAT
370460,Koday,Kachchh,GUJARAT
370465,Kachchh Mandvi,Kachchh,GUJARAT
370475,Laija,Kachchh,GUJARAT
370485,Dahisara,Kachchh,GUJARAT
370490,Dumara,Kachchh,GUJARAT
370510,Khavda,Kachchh,GUJARAT
370511,Sanghipuram,Kachchh,GUJARAT
370601,Shyamji Krishna Varma Nagar,Kachchh,GUJARAT
370602,ATPS Nani Chher,Kachchh,GUJARAT
370605,Kotda-N,Kachchh,GUJARAT
370610,Manjal,Kachchh,GUJARAT
370615,Nakhatrana,Kachchh,GUJARAT
370620,Netra,Kachchh,GUJARAT
370625,Ravapar,Kachchh,GUJARAT
370627,Gaduli,Kachchh,GUJARAT
370630,Daypar,Kachchh,GUJARAT
370640,Jakhau,Kachchh,GUJARAT
370645,Kothara,Kachchh,GUJARAT
370650,Mothara,Kachchh,GUJARAT
370655,Naliya,Kachchh,GUJARAT
370660,Tera,Kachchh,GUJARAT
370665,Virani,Kachchh,GUJARAT
370670,Khombhadi,Kachchh,GUJARAT
370675,Vithon,Kachchh,GUJARAT
380001,Ahmedabad G.P.O.,Ahmedabad,GUJARAT
380002,Railwaypura,Ahmedabad,GUJARAT
380003,Delivery Hub Ahmedabad,Ahmedabad,GUJARAT
380004,Shahibag,Ahmedabad,GUJARAT
380005,Sabarmati,Ahmedabad,GUJARAT
380006,Ellisbridge,Ahmedabad,GUJARAT
380007,Paldi,Ahmedabad,GUJARAT
380008,Maninagar,Ahmedabad,GUJARAT
380009,Navrangpura,Ahmedabad,GUJARAT
380013,Naranpura Vistar,Ahmedabad,GUJARAT
380014,Navjivan,Ahmedabad,GUJARAT
380015,Manekbag,Ahmedabad,GUJARAT
380016,Civil Hospital,Ahmedabad,GUJARAT
380018,Saraspur,Ahmedabad,GUJARAT
380019,Railway Colony,Ahmedabad,GUJARAT
380021,Rajpur Gomtipur,Ahmedabad,GUJARAT
380022,Behrampura,Ahmedabad,GUJARAT
380023,Rakhial Udyog Vistar,Ahmedabad,GUJARAT
380024,I E Bapunagar,Ahmedabad,GUJARAT
380026,Amraiwadi,Ahmedabad,GUJARAT
380027,Gandhi Ashram,Ahmedabad,GUJARAT
380028,Shah Alam Roza,Ahmedabad,GUJARAT
380049,Nikol,Ahmedabad,GUJARAT
380050,Ghodasar,Ahmedabad,GUJARAT
380051,Jivraj Park,Ahmedabad,GUJARAT
380052,Memnagar,Ahmedabad,GUJARAT
380054,Bodakdev,Ahmedabad,GUJARAT
380055,Juhapura,Ahmedabad,GUJARAT
380058,Bopal,Ahmedabad,GUJARAT
380059,Thaltej,Ahmedabad,GUJARAT
380060,Gujrat High Court,Gandhi Nagar,GUJARAT
380061,Ghatlodia,Ahmedabad,GUJARAT
380063,Sola H B C,Ahmedabad,GUJARAT
382006,(Gandhinagar) Sector 6,Gandhi Nagar,GUJARAT
382007,(Gandhinagar) Sector 7,Gandhi Nagar,GUJARAT
382010,Gandhinagar,Gandhi Nagar,GUJARAT
382016,(Gandhinagar) Sector 16,Gandhi Nagar,GUJARAT
382021,(Gandhinagar) Sector 21,Gandhi Nagar,GUJARAT
382024,(Gandhinagar) Sector 24,Gandhi Nagar,GUJARAT
382028,(Gandhinagar) Sector 28,Gandhi Nagar,GUJARAT
382030,(Gandhinagar) Sector 30,Gandhi Nagar,GUJARAT
382041,Thermal Power Station,Gandhi Nagar,GUJARAT
382042,CRPF Campus G Nagar,Gandhi Nagar,GUJARAT
382045,BSF GANDHINAGAR,Gandhi Nagar,GUJARAT
382110,Sanand,Ahmedabad,GUJARAT
382115,Godhavi,Ahmedabad,GUJARAT
382120,Detroj,Ahmedabad,GUJARAT
382130,Mandal,Ahmedabad,GUJARAT
382140,Rampura,Ahmedabad,GUJARAT
382145,Katosan Road,Ahmedabad,GUJARAT
382150,Viramgam,Ahmedabad,GUJARAT
382165,Kalyanpura,Mahesana,GUJARAT
382170,Virochannagar,Ahmedabad,GUJARAT
382210,Sarkhej,Ahmedabad,GUJARAT
382213,Changodar,Ahmedabad,GUJARAT
382220,Bavla,Ahmedabad,GUJARAT
382225,Dholka,Ahmedabad,GUJARAT
382230,Lothal Bhurkhi RS,Ahmedabad,GUJARAT
382240,Koth,Ahmedabad,GUJARAT
382245,Ranpur,Ahmedabad,GUJARAT
382250,Polarpur,Ahmedabad,GUJARAT
382255,Jalila,Ahmedabad,GUJARAT
382260,Chaloda,Ahmedabad,GUJARAT
382265,Kauka,Ahmedabad,GUJARAT
382305,Dehgam,Gandhi Nagar,GUJARAT
382308,Bahiyal,Gandhi Nagar,GUJARAT
382315,Rakhial RS,Gandhi Nagar,GUJARAT
382320,Sadra,Gandhi Nagar,GUJARAT
382321,Chhala,Gandhi Nagar,GUJARAT
382330,Naroda I E,Ahmedabad,GUJARAT
382340,Kubernagar,Ahmedabad,GUJARAT
382345,Saijpur Bogha,Ahmedabad,GUJARAT
382350,T B Nagar,Ahmedabad,GUJARAT
382355,Dabhoda,Gandhi Nagar,GUJARAT
382405,Narol,Ahmedabad,GUJARAT
382415,Odhav Industrial Estate,Ahmedabad,GUJARAT
382418,Vastral,Ahmedabad,GUJARAT
382421,Adalaj,Gandhi Nagar,GUJARAT
382422,Uvarsad,Gandhi Nagar,GUJARAT
382423,Kasturinagar,Gandhi Nagar,GUJARAT
382424,Chandkheda Society Area,Ahmedabad,GUJARAT
382425,Bareja,Ahmedabad,GUJARAT
382426,Koba,Gandhi Nagar,GUJARAT
382427,Aslali,Ahmedabad,GUJARAT
382428,Bhat,Gandhi Nagar,GUJARAT
382430,Kathwada Maize Product,Ahmedabad,GUJARAT
382433,Kuha,Ahmedabad,GUJARAT
382435,Nandej,Ahmedabad,GUJARAT
382443,Isanpur,Ahmedabad,GUJARAT
382445,Vatva Industrial Eastate,Ahmedabad,GUJARAT
382449,Jantanagar,Ahmedabad,GUJARAT
382450,Barwala Ghelasha,Ahmedabad,GUJARAT
382455,Dholera,Ahmedabad,GUJARAT
382460,Dhandhuka,Ahmedabad,GUJARAT
382463,Bhadiad,Ahmedabad,GUJARAT
382465,Fedra,Ahmedabad,GUJARAT
382470,Digvijaynagar,Ahmedabad,GUJARAT
382475,Sardarnagar,Ahmedabad,GUJARAT
382480,Ranip,Ahmedabad,GUJARAT
382481,Chandlodia,Ahmedabad,GUJARAT
382610,Pethapur,Gandhi Nagar,GUJARAT
382620,Randheja,Gandhi Nagar,GUJARAT
382630,Rupal,Gandhi Nagar,GUJARAT
382640,Sardhav,Gandhi Nagar,GUJARAT
382650,Unava  Balva,Gandhi Nagar,GUJARAT
382705,Dangarwa,Mahesana,GUJARAT
382710,Jagudan,Mahesana,GUJARAT
382715,Kadi,Mahesana,GUJARAT
382721,Kalol,Gandhi Nagar,GUJARAT
382725,Kalol Industrial Estate,Gandhi Nagar,GUJARAT
382728,Thol I E,Mahesana,GUJARAT
382729,Chhatral,Gandhi Nagar,GUJARAT
382730,Langhnaj,Mahesana,GUJARAT
382732,Ambaliasan,Mahesana,GUJARAT
382735,Nardipur,Gandhi Nagar,GUJARAT
382740,Pansar,Gandhi Nagar,GUJARAT
382745,Bajana,Surendra Nagar,GUJARAT
382750,Dasada,Surendra Nagar,GUJARAT
382755,Zinzuwada,Surendra Nagar,GUJARAT
382760,Kharaghoda,Surendra Nagar,GUJARAT
382765,Patdi,Surendra Nagar,GUJARAT
382775,Lakhtar,Surendra Nagar,GUJARAT
382780,Adariyana,Surendra Nagar,GUJARAT
382810,Charada,Gandhi Nagar,GUJARAT
382815,Gavada,Mahesana,GUJARAT
382820,Gerita Kolavda RS,Mahesana,GUJARAT
382825,Gozaria,Mahesana,GUJARAT
382830,Kukarwada,Mahesana,GUJARAT
382835,Lodra,Gandhi Nagar,GUJARAT
382840,Ladol,Mahesana,GUJARAT
382845,Mansa,Gandhi Nagar,GUJARAT
382850,Pilvai,Mahesana,GUJARAT
382855,Pundhara,Gandhi Nagar,GUJARAT
382860,Sardarpur,Mahesana,GUJARAT
382865,Vasai Dabhala,Mahesana,GUJARAT
382870,Vijapur,Mahesana,GUJARAT
383001,Himatnagar,Sabarkantha,GUJARAT
383006,Boria,Sabarkantha,GUJARAT
383010,Vaktapur,Sabarkantha,GUJARAT
383030,Gambhoi,Sabarkantha,GUJARAT
383110,Jadar,Sabarkantha,GUJARAT
383120,Salal,Sabarkantha,GUJARAT
383205,Prantij,Sabarkantha,GUJARAT
383210,Sonasan,Sabarkantha,GUJARAT
383215,Talod,Sabarkantha,GUJARAT
383220,Ilol,Sabarkantha,GUJARAT
383225,Davad,Sabarkantha,GUJARAT
383230,Umedgadh,Sabarkantha,GUJARAT
383235,Vadali,Sabarkantha,GUJARAT
383240,Bamna,Sabarkantha,GUJARAT
383245,Bhiloda,Sabarkantha,GUJARAT
383246,Takatuka,Sabarkantha,GUJARAT
383250,Tintoi,Sabarkantha,GUJARAT
383251,Lusadia,Sabarkantha,GUJARAT
383255,Khedbrahma,Sabarkantha,GUJARAT
383260,Akrund,Sabarkantha,GUJARAT
383270,Radhiwad,Sabarkantha,GUJARAT
383275,Laxmipura,Sabarkantha,GUJARAT
383276,Raigadh,Sabarkantha,GUJARAT
383305,Harsol,Sabarkantha,GUJARAT
383307,Vadagam,Sabarkantha,GUJARAT
383310,Dhansura,Sabarkantha,GUJARAT
383315,Modasa,Sabarkantha,GUJARAT
383316,Limbhoi,Sabarkantha,GUJARAT
383317,Dadhalia,Sabarkantha,GUJARAT
383320,Sardoi,Sabarkantha,GUJARAT
383325,Bayad,Sabarkantha,GUJARAT
383330,Demai,Sabarkantha,GUJARAT
383335,Gabat,Sabarkantha,GUJARAT
383340,Sathamba,Sabarkantha,GUJARAT
383345,Malpur,Sabarkantha,GUJARAT
383350,Meghraj,Sabarkantha,GUJARAT
383355,Shamlaji,Sabarkantha,GUJARAT
383410,Badoli,Sabarkantha,GUJARAT
383421,Chitroda,Sabarkantha,GUJARAT
383422,Poshina,Sabarkantha,GUJARAT
383430,Idar,Sabarkantha,GUJARAT
383434,Verabar,Sabarkantha,GUJARAT
383440,Kadiadra,Sabarkantha,GUJARAT
383450,Vasai,Sabarkantha,GUJARAT
383460,Vijaynagar,Sabarkantha,GUJARAT
383462,Kodiawada,Sabarkantha,GUJARAT
384001,Mahesana,Mahesana,GUJARAT
384002,Mahesana I E,Mahesana,GUJARAT
384003,Mahesana Ongc Colony,Mahesana,GUJARAT
384012,Ganpat Vidyanagar,Mahesana,GUJARAT
384110,Balisana,Patan,GUJARAT
384120,Bhandu,Mahesana,GUJARAT
384130,Kahoda,Mahesana,GUJARAT
384140,Kamli,Mahesana,GUJARAT
384151,Sidhpur,Patan,GUJARAT
384160,Unava,Mahesana,GUJARAT
384170,Unjha,Mahesana,GUJARAT
384205,Panchot,Mahesana,GUJARAT
384210,Becharaji,Mahesana,GUJARAT
384212,Modhera,Mahesana,GUJARAT
384215,Brahmanwada,Mahesana,GUJARAT
384220,Chanasma,Patan,GUJARAT
384221,Vadavali,Patan,GUJARAT
384225,Dhinoj,Patan,GUJARAT
384229,Lanva,Patan,GUJARAT
384230,Kamboi,Patan,GUJARAT
384240,Harij,Patan,GUJARAT
384241,Mujpur,Patan,GUJARAT
384245,Sami,Patan,GUJARAT
384246,Sankheshwar,Patan,GUJARAT
384255,Kungher,Patan,GUJARAT
384260,Manund,Patan,GUJARAT
384265,Patan,Patan,GUJARAT
384272,Sariyad,Patan,GUJARAT
384275,Ranuj,Patan,GUJARAT
384285,Wagdod,Patan,GUJARAT
384290,Kakoshi,Patan,GUJARAT
384305,Kada,Mahesana,GUJARAT
384310,Valam,Mahesana,GUJARAT
384315,Visnagar,Mahesana,GUJARAT
384320,Umta,Mahesana,GUJARAT
384325,Kheralu,Mahesana,GUJARAT
384330,Satlasana,Mahesana,GUJARAT
384335,Sipor,Mahesana,GUJARAT
384340,Sudasana,Mahesana,GUJARAT
384345,Sundhia,Mahesana,GUJARAT
384355,Vadnagar,Mahesana,GUJARAT
384360,Dharoi DSC,Mahesana,GUJARAT
384410,Balol,Mahesana,GUJARAT
384421,Jhotana,Mahesana,GUJARAT
384430,Santhal,Mahesana,GUJARAT
384435,Linch,Mahesana,GUJARAT
385001,Palanpur,Banaskantha,GUJARAT
385010,Chitrasani,Banaskantha,GUJARAT
385110,Ambaji,Banaskantha,GUJARAT
385120,Danta Bhavangadh,Banaskantha,GUJARAT
385130,Shri Amirgadh,Banaskantha,GUJARAT
385135,Iqbalgadh,Banaskantha,GUJARAT
385210,Chhapi,Banaskantha,GUJARAT
385310,Dhanera,Banaskantha,GUJARAT
385320,Bhabhar,Banaskantha,GUJARAT
385330,Deodar,Banaskantha,GUJARAT
385340,Radhanpur,Patan,GUJARAT
385350,Santalpur,Patan,GUJARAT
385360,Varahi,Patan,GUJARAT
385410,Vadgam,Banaskantha,GUJARAT
385421,Memadpur,Banaskantha,GUJARAT
385505,Dantiwada Colony,Banaskantha,GUJARAT
385506,Sardar Krishinagar,Banaskantha,GUJARAT
385510,Chandisar,Banaskantha,GUJARAT
385515,Gadh,Banaskantha,GUJARAT
385520,Kanodar,Banaskantha,GUJARAT
385530,Bhildi,Banaskantha,GUJARAT
385535,Disa Mukhya Dak Ghar,Banaskantha,GUJARAT
385540,Junadisa,Banaskantha,GUJARAT
385545,Khimat,Banaskantha,GUJARAT
385550,Sihori,Banaskantha,GUJARAT
385555,Thara,Banaskantha,GUJARAT
385560,Un,Banaskantha,GUJARAT
385565,Tharad,Banaskantha,GUJARAT
385566,Dhima,Banaskantha,GUJARAT
385570,Suigam,Banaskantha,GUJARAT
385575,Vav,Banaskantha,GUJARAT
387001,Nadiad,Kheda,GUJARAT
387002,Patel Society Area Tso Nad,Kheda,GUJARAT
387003,Petlad Road,Kheda,GUJARAT
387110,Ghodasar,Kheda,GUJARAT
387115,Alindra,Kheda,GUJARAT
387120,Kanij,Kheda,GUJARAT
387130,Mahemdavad,Kheda,GUJARAT
387210,Dabhou,Anand,GUJARAT
387220,Malataj,Anand,GUJARAT
387230,Pij,Kheda,GUJARAT
387240,Sojitra,Anand,GUJARAT
387305,Alina,Kheda,GUJARAT
387310,Boriavi,Anand,GUJARAT
387315,Chaklashi,Kheda,GUJARAT
387320,Dabhan,Kheda,GUJARAT
387325,Kanjari,Kheda,GUJARAT
387330,Mohlel,Kheda,GUJARAT
387335,Mahudha,Kheda,GUJARAT
387340,Mahisa,Kheda,GUJARAT
387345,Narsanda,Kheda,GUJARAT
387350,Palana,Kheda,GUJARAT
387355,Piplag,Kheda,GUJARAT
387360,Salun,Kheda,GUJARAT
387365,Torna,Kheda,GUJARAT
387370,Uttarsanda,Kheda,GUJARAT
387375,Vadtal,Kheda,GUJARAT
387380,Vaso,Kheda,GUJARAT
387411,Kheda,Kheda,GUJARAT
387430,Sinhuj,Kheda,GUJARAT
387510,Alindra,Kheda,GUJARAT
387520,Limbasi,Kheda,GUJARAT
387530,Matar,Kheda,GUJARAT
387540,Navagam,Kheda,GUJARAT
387550,Nayka,Kheda,GUJARAT
387560,Radhu,Kheda,GUJARAT
387570,Ratanpur,Kheda,GUJARAT
387610,Attarsumba,Kheda,GUJARAT
387620,Kapadwanj,Kheda,GUJARAT
387630,Kathlal,Kheda,GUJARAT
387635,Chhipdi,Kheda,GUJARAT
387640,Lasundra,Kheda,GUJARAT
387650,Nirmali,Kheda,GUJARAT
387710,Ramol,Anand,GUJARAT
388001,Anand,Anand,GUJARAT
388110,Anand Agri Inst,Anand,GUJARAT
388120,Vallabh  Vidyanagar,Anand,GUJARAT
388121,Vithal Udyognagar,Anand,GUJARAT
388130,Boria,Anand,GUJARAT
388140,Bochasan RS,Anand,GUJARAT
388150,Nar,Anand,GUJARAT
388160,Pandoli,Anand,GUJARAT
388170,Sayma,Anand,GUJARAT
388180,Tarapur,Anand,GUJARAT
388205,Bhalej,Anand,GUJARAT
388210,Ode,Anand,GUJARAT
388215,Thamna,Anand,GUJARAT
388220,Umreth,Anand,GUJARAT
388225,Dakor,Kheda,GUJARAT
388230,Kalsar,Kheda,GUJARAT
388235,Menpura,Anand,GUJARAT
388239,Wanakbori .T.P.S.,Kheda,GUJARAT
388245,Sevalia  Rs,Kheda,GUJARAT
388250,Thasra,Kheda,GUJARAT
388255,Vadasinor,Kheda,GUJARAT
388260,Birpur,Kheda,GUJARAT
388265,Pandva,Kheda,GUJARAT
388270,Vardhari,Panch Mahals,GUJARAT
388305,Adas,Anand,GUJARAT
388306,Vasad,Anand,GUJARAT
388307,Kantharia,Anand,GUJARAT
388310,Ajarpura,Anand,GUJARAT
388315,Bakrol,Anand,GUJARAT
388320,Chikhodra,Anand,GUJARAT
388325,Karamsad,Anand,GUJARAT
388330,Khambholej,Anand,GUJARAT
388335,Kunjrav,Anand,GUJARAT
388340,Mogar,Anand,GUJARAT
388345,Mogri,Anand,GUJARAT
388350,Napad,Anand,GUJARAT
388355,Navli,Anand,GUJARAT
388360,Samarkha,Anand,GUJARAT
388365,Sarsa,Anand,GUJARAT
388370,Vadod,Anand,GUJARAT
388410,Bandhani,Kheda,GUJARAT
388421,Changa,Kheda,GUJARAT
388430,Dharmaj,Anand,GUJARAT
388440,Mahelav,Anand,GUJARAT
388450,Petlad,Anand,GUJARAT
388460,Piplav,Anand,GUJARAT
388465,Palaj,Anand,GUJARAT
388470,Sunav,Anand,GUJARAT
388480,Sundarna,Anand,GUJARAT
388510,Anklav,Anand,GUJARAT
388520,Bamangam,Anand,GUJARAT
388530,Bhadran,Anand,GUJARAT
388540,Borsad,Anand,GUJARAT
388543,Alarsa,Anand,GUJARAT
388545,Kavitha,Anand,GUJARAT
388550,Kathana RS,Anand,GUJARAT
388560,Napa,Anand,GUJARAT
388570,Ras,Anand,GUJARAT
388580,Virsad,Anand,GUJARAT
388590,Jharola,Anand,GUJARAT
388610,Dhuvaran Power Station,Anand,GUJARAT
388620,Khambhat,Anand,GUJARAT
388625,Gudel,Anand,GUJARAT
388630,Kansari,Anand,GUJARAT
388640,Undel,Anand,GUJARAT
388710,Timba Road,Panch Mahals,GUJARAT
388713,Kakanpur,Panch Mahals,GUJARAT
389001,Godhra,Panch Mahals,GUJARAT
389002,Godhra Bhuravav,Panch Mahals,GUJARAT
389110,Mora,Panch Mahals,GUJARAT
389115,Morva Hadaf,Panch Mahals,GUJARAT
389120,Sant Road,Panch Mahals,GUJARAT
389130,Piplod,Dahod,GUJARAT
389140,Limkheda,Dahod,GUJARAT
389146,Dudhia,Dahod,GUJARAT
389151,Dahod,Dahod,GUJARAT
389152,Jesawada,Dahod,GUJARAT
389154,Katwara,Dahod,GUJARAT
389155,Garbada,Dahod,GUJARAT
389160,Freelandganj,Dahod,GUJARAT
389170,Jhalod,Dahod,GUJARAT
389172,Fatepura,Dahod,GUJARAT
389175,Sanjeli,Dahod,GUJARAT
389180,Limdi,Dahod,GUJARAT
389190,Sukhsar,Dahod,GUJARAT
389210,Shehera,Panch Mahals,GUJARAT
389220,Kothamba,Panch Mahals,GUJARAT
389230,Lunawada,Panch Mahals,GUJARAT
389232,Bakor,Panch Mahals,GUJARAT
389235,Malekpur,Panch Mahals,GUJARAT
389240,Kadana,Panch Mahals,GUJARAT
389250,Diwda Colony,Panch Mahals,GUJARAT
389260,Santrampur,Panch Mahals,GUJARAT
389265,Malvan,Panch Mahals,GUJARAT
389310,Delol,Panch Mahals,GUJARAT
389320,Derol R S,Panch Mahals,GUJARAT
389330,Kalol,Panch Mahals,GUJARAT
389340,Vejalpur,Panch Mahals,GUJARAT
389341,Adadra,Panch Mahals,GUJARAT
389350,Halol,Panch Mahals,GUJARAT
389360,Pavagadh,Panch Mahals,GUJARAT
389365,Ghoghmba,Panch Mahals,GUJARAT
389370,Shivrajpur,Panch Mahals,GUJARAT
389380,Devgadh Baria,Dahod,GUJARAT
389382,Dhanpur,Dahod,GUJARAT
389390,Jambughoda,Panch Mahals,GUJARAT
390001,Vadodara,Vadodara,GUJARAT
390002,Fateganj,Vadodara,GUJARAT
390003,Chemical Industries,Vadodara,GUJARAT
390004,Pratapnagar,Vadodara,GUJARAT
390006,Fatepura,Vadodara,GUJARAT
390007,Racecourse,Vadodara,GUJARAT
390008,Eme,Vadodara,GUJARAT
390009,Ongc Col,Vadodara,GUJARAT
390010,M.I. Estate,Vadodara,GUJARAT
390011,Manjalpur,Vadodara,GUJARAT
390012,Atladara,Vadodara,GUJARAT
390013,Maneja,Vadodara,GUJARAT
390014,Makarpura,Vadodara,GUJARAT
390016,Industrial Estate,Vadodara,GUJARAT
390017,Wadi S.N. Road,Vadodara,GUJARAT
390018,Karelibaug,Vadodara,GUJARAT
390019,Ajwa Road,Vadodara,GUJARAT
390020,Akota,Vadodara,GUJARAT
390021,T B Sanatorium,Vadodara,GUJARAT
390022,Harni Colony,Vadodara,GUJARAT
390023,Subhanpura,Vadodara,GUJARAT
390024,Chhani Rd,Vadodara,GUJARAT
390025,Soma Talav,Vadodara,GUJARAT
391101,Sevasi,Vadodara,GUJARAT
391105,Chandod,Vadodara,GUJARAT
391107,Thuwavi,Vadodara,GUJARAT
391110,Dabhoi R.S.,Vadodara,GUJARAT
391115,Sinor,Vadodara,GUJARAT
391120,Tilakwada,Narmada,GUJARAT
391121,Devaliya,Narmada,GUJARAT
391125,Bahadarpur,Vadodara,GUJARAT
391130,Bhatpur,Vadodara,GUJARAT
391135,Bodeli,Vadodara,GUJARAT
391140,Kosindra,Vadodara,GUJARAT
391145,Sankheda,Vadodara,GUJARAT
391150,Naswadi,Vadodara,GUJARAT
391152,Gadhboriad,Vadodara,GUJARAT
391155,Jabugam,Vadodara,GUJARAT
391156,Tejgadh,Vadodara,GUJARAT
391160,Pavijetpur,Vadodara,GUJARAT
391165,Chhota-udepur,Vadodara,GUJARAT
391168,Panvad,Vadodara,GUJARAT
391170,Kawant,Vadodara,GUJARAT
391175,Kadipani,Vadodara,GUJARAT
391210,Kandari,Vadodara,GUJARAT
391220,Kayavahron,Vadodara,GUJARAT
391240,Miyagam Karjan,Vadodara,GUJARAT
391243,POR,Vadodara,GUJARAT
391244,Choranda,Vadodara,GUJARAT
391250,Sadhli,Vadodara,GUJARAT
391310,Bajwa,Vadodara,GUJARAT
391320,Jawahar Nagar,Vadodara,GUJARAT
391330,Koyali,Vadodara,GUJARAT
391340,Nandesari Ind. Estate,Vadodara,GUJARAT
391345,Petrochemical  T Ship,Vadodara,GUJARAT
391346,Petrochemical,Vadodara,GUJARAT
391350,Ranoli,Vadodara,GUJARAT
391410,Bhaily,Vadodara,GUJARAT
391421,Masar Road,Vadodara,GUJARAT
391430,Mobha Road,Vadodara,GUJARAT
391440,Padra,Vadodara,GUJARAT
391445,Ranu,Vadodara,GUJARAT
391450,Karkhadi,Vadodara,GUJARAT
391510,Jarod,Vadodara,GUJARAT
391520,Samlaya R S,Vadodara,GUJARAT
391530,Sandasal,Vadodara,GUJARAT
391740,Chhani,Vadodara,GUJARAT
391745,Sokhda,Vadodara,GUJARAT
391750,Fartilizer Nagar,Vadodara,GUJARAT
391760,Vaghodia,Vadodara,GUJARAT
391761,Rustampura,Vadodara,GUJARAT
391770,Savli,Vadodara,GUJARAT
391774,Desar,Vadodara,GUJARAT
391775,Tundav,Vadodara,GUJARAT
391776,Manjusar GIDC,Vadodara,GUJARAT
391780,Bhadarwa,Vadodara,GUJARAT
391810,Gajera,Bharuch,GUJARAT
392001,Bharuch,Bharuch,GUJARAT
392011,Zadeshwar,Bharuch,GUJARAT
392012,Maktampur,Bharuch,GUJARAT
392015,Narmada Nagar,Bharuch,GUJARAT
392020,Dayadra,Bharuch,GUJARAT
392025,Samni,Bharuch,GUJARAT
392030,Shuklatirth,Bharuch,GUJARAT
392035,Sarbhan,Bharuch,GUJARAT
392040,Tankari,Bharuch,GUJARAT
392110,Amod,Bharuch,GUJARAT
392130,Dahej,Bharuch,GUJARAT
392135,Jolva,Bharuch,GUJARAT
392140,Vagra,Bharuch,GUJARAT
392150,Jambusar,Bharuch,GUJARAT
392155,Kora,Bharuch,GUJARAT
392160,Karmad,Bharuch,GUJARAT
392165,Pakhajan,Bharuch,GUJARAT
392170,Kavi,Bharuch,GUJARAT
392180,Sarod,Bharuch,GUJARAT
392210,Nabipur,Bharuch,GUJARAT
392215,Urja Nagar,Bharuch,GUJARAT
392220,Palej,Bharuch,GUJARAT
392230,Ikhar,Bharuch,GUJARAT
392240,Tankaria,Bharuch,GUJARAT
392310,Valan,Vadodara,GUJARAT
393001,Ankleshwar,Bharuch,GUJARAT
393002,Ankleshwar IE,Vadodara,GUJARAT
393010,O.N.G.C. Colony,Bharuch,GUJARAT
393017,Avidha,Bharuch,GUJARAT
393020,Sajod,Bharuch,GUJARAT
393025,Selamba,Bharuch,GUJARAT
393030,Hansot,Bharuch,GUJARAT
393040,Dediapada,Bharuch,GUJARAT
393041,Ambawadi,Bharuch,GUJARAT
393050,Sagbara,Bharuch,GUJARAT
393105,Bhalod,Vadodara,GUJARAT
393110,Jhagadia,Bharuch,GUJARAT
393115,Rajpardi,Bharuch,GUJARAT
393120,Umalla,Bharuch,GUJARAT
393125,Dehali,Bharuch,GUJARAT
393130,Netrang,Bharuch,GUJARAT
393135,Valia,Bharuch,GUJARAT
393140,Pratap Nagar,Narmada,GUJARAT
393145,Rajpipla,Narmada,GUJARAT
393150,Lachhras,Narmada,GUJARAT
393151,Kevadia Colony,Narmada,GUJARAT
393155,Gora Colony,Bharuch,GUJARAT
394101,Mota Varachha,Surat,GUJARAT
394105,Utran Power House,Surat,GUJARAT
394107,Amroli,Surat,GUJARAT
394110,Kim,Surat,GUJARAT
394111,Kim Char Rasta,Surat,GUJARAT
394115,Panoli,Bharuch,GUJARAT
394116,Panoli I.E.,Bharuch,GUJARAT
394120,Kosamba,Surat,GUJARAT
394125,Hathuran,Surat,GUJARAT
394130,Sayan,Surat,GUJARAT
394140,Bodhan,Surat,GUJARAT
394150,Kathor,Surat,GUJARAT
394155,Ghala,Surat,GUJARAT
394160,Mandvi SR,Surat,GUJARAT
394163,Godsamba,Surat,GUJARAT
394170,Tadkeshwar,Surat,GUJARAT
394180,Kamrej,Surat,GUJARAT
394185,Kamrej Char Rasta,Surat,GUJARAT
394190,Kholvad,Surat,GUJARAT
394210,Udhna,Surat,GUJARAT
394221,Pandesara,Surat,GUJARAT
394230,Sachin,Surat,GUJARAT
394235,Lajpore,Surat,GUJARAT
394240,Karchelia,Surat,GUJARAT
394245,Zervavra,Surat,GUJARAT
394246,Sugar Factory Bamania,Surat,GUJARAT
394248,Valvada,Surat,GUJARAT
394250,Mahuva,Surat,GUJARAT
394270,Hajira,Surat,GUJARAT
394305,Chalthan,Surat,GUJARAT
394310,Gangadhara RS,Surat,GUJARAT
394315,Palsana,Surat,GUJARAT
394317,Baleshwar,Surat,GUJARAT
394320,Sevni,Surat,GUJARAT
394325,Umbhel,Surat,GUJARAT
394326,Vav Kathodara,Surat,GUJARAT
394327,Kadodara,Surat,GUJARAT
394330,Orna,Surat,GUJARAT
394335,Kadod,Surat,GUJARAT
394340,Madhi,Surat,GUJARAT
394345,Mota,Surat,GUJARAT
394350,Sarbhon,Surat,GUJARAT
394352,Puni,Surat,GUJARAT
394355,Varad,Surat,GUJARAT
394360,Kakrapar,Surat,GUJARAT
394365,Raniamba,Tapi,GUJARAT
394370,Nijhar,Surat,GUJARAT
394375,Uchchhal,Tapi,GUJARAT
394380,Kukurmunda,Tapi,GUJARAT
394405,Velachha,Surat,GUJARAT
394410,Mota Miya Mangrol,Surat,GUJARAT
394421,Mosali,Surat,GUJARAT
394430,Vankal,Surat,GUJARAT
394440,Zankhvav,Surat,GUJARAT
394445,Umarpada,Surat,GUJARAT
394510,Bhatha,Surat,GUJARAT
394515,Kribhconagar,Surat,GUJARAT
394516,Adityanagar,Surat,GUJARAT
394517,Mora,Surat,GUJARAT
394518,Ongc Nagar,Surat,GUJARAT
394520,Variav,Surat,GUJARAT
394530,Mor,Surat,GUJARAT
394540,Olpad,Surat,GUJARAT
394541,Saras,Surat,GUJARAT
394550,Dumas,Surat,GUJARAT
394601,Bardoli,Surat,GUJARAT
394620,Vankaner,Surat,GUJARAT
394630,Buhari,Tapi,GUJARAT
394633,Gadat,Tapi,GUJARAT
394635,Dolvan,Tapi,GUJARAT
394640,Valod,Surat,GUJARAT
394641,Vedchhi,Tapi,GUJARAT
394650,Vyara,Surat,GUJARAT
394651,Anumala,Tapi,GUJARAT
394652,Panwadi,Tapi,GUJARAT
394655,Kapura,Tapi,GUJARAT
394660,Centrap Pulp Mill,Surat,GUJARAT
394670,Fort Songadh,Surat,GUJARAT
394680,Ukai Dam,Tapi,GUJARAT
394690,Bajipura,Surat,GUJARAT
394710,Ahwadangs,The Dangs,GUJARAT
394715,Pimpri,The Dangs,GUJARAT
394716,Subir,The Dangs,GUJARAT
394720,Saputara,The Dangs,GUJARAT
394730,Waghai,Navsari,GUJARAT
394810,Ilav,Bharuch,GUJARAT
395001,Nanpura,Surat,GUJARAT
395002,Sagrampura Putli,Surat,GUJARAT
395003,Surat,Surat,GUJARAT
395004,Katargam,Surat,GUJARAT
395005,Rander,Surat,GUJARAT
395006,Varachha Road,Surat,GUJARAT
395007,Svr College,Surat,GUJARAT
395008,A. K. Road,Surat,GUJARAT
395009,Navyug College,Surat,GUJARAT
395010,Bombay Market,Surat,GUJARAT
395011,Puna Kumbharia,Surat,GUJARAT
395012,Limbayat,Surat,GUJARAT
395013,Sarthana,Surat,GUJARAT
395017,Althan,Surat,GUJARAT
395023,Bhestan,Surat,GUJARAT
396001,Valsad,Valsad,GUJARAT
396002,Valsad Abrama,Valsad,GUJARAT
396007,Valsad Sugar Factory,Valsad,GUJARAT
396020,Atul,Valsad,GUJARAT
396030,Hanuman Bhagda,Valsad,GUJARAT
396035,Valsad I.E.,Valsad,GUJARAT
396040,Khergam,Navsari,GUJARAT
396045,Atgam,Valsad,GUJARAT
396050,Dharampur,Valsad,GUJARAT
396051,Amba Talat,Valsad,GUJARAT
396055,Ronvel,Valsad,GUJARAT
396060,Rumla,Navsari,GUJARAT
396065,Nanivahiyal,Valsad,GUJARAT
396067,Kaprada,Valsad,GUJARAT
396105,Bhilad,Valsad,GUJARAT
396110,Bigri,Navsari,GUJARAT
396115,Kolak,Valsad,GUJARAT
396120,Khatalwada,Valsad,GUJARAT
396125,Killa Pardi,Valsad,GUJARAT
396126,Nanapondha,Valsad,GUJARAT
396130,Maroli Sanjan,Valsad,GUJARAT
396135,Nargol,Valsad,GUJARAT
396140,Phansa,Valsad,GUJARAT
396145,Pardi Paria,Valsad,GUJARAT
396150,Sanjan,Valsad,GUJARAT
396155,Sarigam,Valsad,GUJARAT
396165,Solsumba,Valsad,GUJARAT
396170,Umargam,Valsad,GUJARAT
396171,Umargam I.E.,Valsad,GUJARAT
396180,Udvada,Valsad,GUJARAT
396185,Udvada R.S.,Valsad,GUJARAT
396191,Vapi,Valsad,GUJARAT
396193,Dadra,Dadra & Nagar Haveli,DADRA & NAGAR HAVELI
396195,Vapi I.E.,Valsad,GUJARAT
396210,Daman,Daman,DAMAN & DIU
396215,Daman I.E.,Daman,DAMAN & DIU
396220,Moti Daman,Daman,DAMAN & DIU
396230,Silvassa,Dadra & Nagar Haveli,DADRA & NAGAR HAVELI
396235,Naroli,Dadra & Nagar Haveli,DADRA & NAGAR HAVELI
396240,Karad Daman Project,Dadra & Nagar Haveli,DADRA & NAGAR HAVELI
396310,Amalsad,Navsari,GUJARAT
396321,Bilimora,Navsari,GUJARAT
396325,Antalia,Navsari,GUJARAT
396350,Gadat,Navsari,GUJARAT
396360,Gandevi,Navsari,GUJARAT
396370,Kachholi,Navsari,GUJARAT
396375,Dungri,Valsad,GUJARAT
396380,Devsar,Navsari,GUJARAT
396385,Untdi,Valsad,GUJARAT
396403,Aat,Navsari,GUJARAT
396406,Abrama,Navsari,GUJARAT
396409,Alipore,Navsari,GUJARAT
396412,Bori Falia,Navsari,GUJARAT
396415,Dabhel,Navsari,GUJARAT
396418,Gurukulsupa,Navsari,GUJARAT
396421,Jalalpore,Navsari,GUJARAT
396424,Kabilpore,Navsari,GUJARAT
396427,Kaliawadi,Navsari,GUJARAT
396430,Kharel,Navsari,GUJARAT
396433,Khadsupa Boarding,Navsari,GUJARAT
396436,Maroli Bazar,Navsari,GUJARAT
396439,Matvad,Navsari,GUJARAT
396440,Karadi,Navsari,GUJARAT
396445,Navsari,Navsari,GUJARAT
396450,Eru Ac,Navsari,GUJARAT
396460,Panar,Navsari,GUJARAT
396463,Sisodra,Navsari,GUJARAT
396466,Satem,Navsari,GUJARAT
396469,Ugat,Navsari,GUJARAT
396472,Vedchha,Navsari,GUJARAT
396475,Vesma,Navsari,GUJARAT
396510,Anaval,Surat,GUJARAT
396521,Chikhli,Navsari,GUJARAT
396530,Degam,Navsari,GUJARAT
396540,Fadvel,Navsari,GUJARAT
396560,Rankuva,Navsari,GUJARAT
396570,Digendranagar,Navsari,GUJARAT
396580,Vansda,Navsari,GUJARAT
396590,Unai,Navsari,GUJARAT
400001,Mumbai G.P.O.,Mumbai,MAHARASHTRA
400002,Kalbadevi,Mumbai,MAHARASHTRA
400003,Mandvi,Mumbai,MAHARASHTRA
400004,Girgaon,Mumbai,MAHARASHTRA
400005,Colaba,Mumbai,MAHARASHTRA
400006,Malabar Hill,Mumbai,MAHARASHTRA
400007,Grant Road,Mumbai,MAHARASHTRA
400008,Mumbai Central,Mumbai,MAHARASHTRA
400009,Chinchbunder,Mumbai,MAHARASHTRA
400010,Mazgaon,Mumbai,MAHARASHTRA
400011,Jacob Circle,Mumbai,MAHARASHTRA
400012,Parel,Mumbai,MAHARASHTRA
400013,Delisle Road,Mumbai,MAHARASHTRA
400014,Dadar,Mumbai,MAHARASHTRA
400015,Sewri,Mumbai,MAHARASHTRA
400016,Mahim,Mumbai,MAHARASHTRA
400017,Dharavi,Mumbai,MAHARASHTRA
400018,Worli,Mumbai,MAHARASHTRA
400019,Matunga,Mumbai,MAHARASHTRA
400020,Marine Lines,Mumbai,MAHARASHTRA
400021,Nariman Point,Mumbai,MAHARASHTRA
400022,Sion,Mumbai,MAHARASHTRA
400024,Nehru Nagar,Mumbai,MAHARASHTRA
400025,Prabhadevi,Mumbai,MAHARASHTRA
400026,Cumballa Hill,Mumbai,MAHARASHTRA
400027,V J B Udyan,Mumbai,MAHARASHTRA
400028,Bhawani Shankar,Mumbai,MAHARASHTRA
400029,Santacruz P&t Colony,Mumbai,MAHARASHTRA
400030,Worli Colony,Mumbai,MAHARASHTRA
400031,Wadala,Mumbai,MAHARASHTRA
400032,Mantralaya,Mumbai,MAHARASHTRA
400033,Tank Road,Mumbai,MAHARASHTRA
400034,Tulsiwadi,Mumbai,MAHARASHTRA
400035,Rajbhavan,Mumbai,MAHARASHTRA
400037,Antop Hill,Mumbai,MAHARASHTRA
400042,Bhandup East,Mumbai,MAHARASHTRA
400043,Shivaji Nagar,Mumbai,MAHARASHTRA
400049,Juhu,Mumbai,MAHARASHTRA
400050,Bandra West,Mumbai,MAHARASHTRA
400051,Bandra,Mumbai,MAHARASHTRA
400052,Khar Delivery,Mumbai,MAHARASHTRA
400053,Azad Nagar,Mumbai,MAHARASHTRA
400054,Santacruz,Mumbai,MAHARASHTRA
400055,Santacruz,Mumbai,MAHARASHTRA
400056,Vileparle,Mumbai,MAHARASHTRA
400057,Vileeparle,Mumbai,MAHARASHTRA
400058,Andheri Railway Station,Mumbai,MAHARASHTRA
400059,J.B. Nagar,Mumbai,MAHARASHTRA
400060,Jogeshwari East,Mumbai,MAHARASHTRA
400061,Vesava,Mumbai,MAHARASHTRA
400063,Goregaon East,Mumbai,MAHARASHTRA
400064,Malad West Dely,Mumbai,MAHARASHTRA
400065,Aareymilk Colony,Mumbai,MAHARASHTRA
400066,Borivali East,Mumbai,MAHARASHTRA
400067,Kandivali West,Mumbai,MAHARASHTRA
400068,Dahisar,Mumbai,MAHARASHTRA
400069,Andheri East,Mumbai,MAHARASHTRA
400070,Kurla,Mumbai,MAHARASHTRA
400071,Chembur,Mumbai,MAHARASHTRA
400072,Sakinaka,Mumbai,MAHARASHTRA
400074,FCI,Mumbai,MAHARASHTRA
400075,Pant Nagar,Mumbai,MAHARASHTRA
400076,Powai Iit,Mumbai,MAHARASHTRA
400077,Rajawadi,Mumbai,MAHARASHTRA
400078,Bhandup West,Mumbai,MAHARASHTRA
400079,Vikhroli,Mumbai,MAHARASHTRA
400080,Mulund West,Mumbai,MAHARASHTRA
400081,Mulund East,Mumbai,MAHARASHTRA
400082,Bhandup Complex,Mumbai,MAHARASHTRA
400083,Tagore Nagar,Mumbai,MAHARASHTRA
400084,Barve Nagar,Mumbai,MAHARASHTRA
400085,BARC,Mumbai,MAHARASHTRA
400086,Ghatkopar West,Mumbai,MAHARASHTRA
400087,NITIE,Mumbai,MAHARASHTRA
400088,T.F.Donar,Mumbai,MAHARASHTRA
400089,Tilak Nagar,Mumbai,MAHARASHTRA
400091,Borivali,Mumbai,MAHARASHTRA
400092,Borivali West,Mumbai,MAHARASHTRA
400093,Chakala Midc,Mumbai,MAHARASHTRA
400094,Anushakti Nagar,Mumbai,MAHARASHTRA
400095,Kharodi,Mumbai,MAHARASHTRA
400096,Seepz,Mumbai,MAHARASHTRA
400097,Malad East,Mumbai,MAHARASHTRA
400098,Vidyanagari,Mumbai,MAHARASHTRA
400099,Sahar P & T Colony,Mumbai,MAHARASHTRA
400101,Kandivali East,Mumbai,MAHARASHTRA
400102,Jogeshwari West,Mumbai,MAHARASHTRA
400103,Mandapeshwar,Mumbai,MAHARASHTRA
400104,Motilal Nagar,Mumbai,MAHARASHTRA
400601,Thane,Thane,MAHARASHTRA
400602,Naupada,Thane,MAHARASHTRA
400603,Thane East,Thane,MAHARASHTRA
400604,Wagle I.E.,Thane,MAHARASHTRA
400605,Kalwa,Thane,MAHARASHTRA
400606,Jekegram,Thane,MAHARASHTRA
400607,Sandozbaugh,Thane,MAHARASHTRA
400608,Balkum,Thane,MAHARASHTRA
400610,Apna Bazar,Thane,MAHARASHTRA
400612,Mumbra,Thane,MAHARASHTRA
400614,Konkan Bhavan,Thane,MAHARASHTRA
400615,Kasarvadavali,Thane,MAHARASHTRA
400701,Ghansoli,Thane,MAHARASHTRA
400702,Uran,Raigarh(MH),MAHARASHTRA
400703,Vashi,Thane,MAHARASHTRA
400704,N.S.Karanja,Raigarh(MH),MAHARASHTRA
400706,Nerul Node-III,Thane,MAHARASHTRA
400707,Jnpt,Raigarh(MH),MAHARASHTRA
400708,Airoli,Thane,MAHARASHTRA
400709,Kopar Khairne,Thane,MAHARASHTRA
400710,Millenium Business Park,Thane,MAHARASHTRA
401101,Bhayander West,Thane,MAHARASHTRA
401102,Umbarpada,Thane,MAHARASHTRA
401103,Vangaon,Thane,MAHARASHTRA
401105,Bhayander East,Thane,MAHARASHTRA
401106,Uttan,Thane,MAHARASHTRA
401107,Mira Road,Thane,MAHARASHTRA
401201,Bassein,Thane,MAHARASHTRA
401202,Bassein Road,Thane,MAHARASHTRA
401203,Sopara,Thane,MAHARASHTRA
401204,Vajreshwari,Thane,MAHARASHTRA
401206,Ganeshpuri,Thane,MAHARASHTRA
401207,Papdi,Thane,MAHARASHTRA
401208,Vasai East IE,Thane,MAHARASHTRA
401209,Nallosapare E,Thane,MAHARASHTRA
401301,Agashi,Thane,MAHARASHTRA
401302,Arnala,Thane,MAHARASHTRA
401303,Virar,Thane,MAHARASHTRA
401304,Nirmal,Thane,MAHARASHTRA
401305,Virar East,Thane,MAHARASHTRA
401401,Kelwa,Thane,MAHARASHTRA
401402,Kelwa-mahim,Thane,MAHARASHTRA
401403,Manor,Thane,MAHARASHTRA
401404,Palghar,Thane,MAHARASHTRA
401405,Satpati,Thane,MAHARASHTRA
401501,Boisar,Thane,MAHARASHTRA
401502,Tarapur,Thane,MAHARASHTRA
401503,Chinchani,Thane,MAHARASHTRA
401504,Tarapur App,Thane,MAHARASHTRA
401506,Tarapur Ti,Thane,MAHARASHTRA
401601,Dahanu,Thane,MAHARASHTRA
401602,Dahanu Road,Thane,MAHARASHTRA
401603,Jawhar,Thane,MAHARASHTRA
401604,Mokhada,Thane,MAHARASHTRA
401605,Vikramgad,Thane,MAHARASHTRA
401606,Talasari,Thane,MAHARASHTRA
401607,Kasa,Thane,MAHARASHTRA
401608,Dahanu TPS,Thane,MAHARASHTRA
401609,Suryanagar,Thane,MAHARASHTRA
401610,Dapchari,Thane,MAHARASHTRA
401701,Bordi,Thane,MAHARASHTRA
401702,Gholvad,Thane,MAHARASHTRA
401703,Kosbad-hill,Thane,MAHARASHTRA
402101,Ambet,Raigarh(MH),MAHARASHTRA
402102,Dasgaon,Raigarh(MH),MAHARASHTRA
402103,Goregaon S.O (Raigarh(MH)),Raigarh(MH),MAHARASHTRA
402104,Mangaon S.O (Raigarh(MH)),Raigarh(MH),MAHARASHTRA
402105,Mhasla,Raigarh(MH),MAHARASHTRA
402106,Nagothane,Raigarh(MH),MAHARASHTRA
402107,Pen,Raigarh(MH),MAHARASHTRA
402108,Poynad,Raigarh(MH),MAHARASHTRA
402109,Roha,Raigarh(MH),MAHARASHTRA
402110,Shriwardhan,Raigarh(MH),MAHARASHTRA
402111,Tala S.O (Raigarh(MH)),Raigarh(MH),MAHARASHTRA
402112,Talashet,Raigarh(MH),MAHARASHTRA
402113,Walwati,Raigarh(MH),MAHARASHTRA
402114,Bagmandla,Raigarh(MH),MAHARASHTRA
402115,Upper Tudul,Raigarh(MH),MAHARASHTRA
402116,Roha AV,Raigarh(MH),MAHARASHTRA
402117,Morba,Raigarh(MH),MAHARASHTRA
402120,Nizampur S.O (Raigarh(MH)),Raigarh(MH),MAHARASHTRA
402122,Sai,Raigarh(MH),MAHARASHTRA
402125,PCTS Nagothane,Raigarh(MH),MAHARASHTRA
402126,Pipenagar,Raigarh(MH),MAHARASHTRA
402201,Alibag,Raigarh(MH),MAHARASHTRA
402202,Revdanda,Raigarh(MH),MAHARASHTRA
402203,Chaul,Raigarh(MH),MAHARASHTRA
402204,Nagaon,Raigarh(MH),MAHARASHTRA
402207,Thal S.O (Raigarh(MH)),Raigarh(MH),MAHARASHTRA
402208,RCF Thal,Raigarh(MH),MAHARASHTRA
402209,Kurul RCF Colony,Raigarh(MH),MAHARASHTRA
402301,Mahad,Raigarh(MH),MAHARASHTRA
402302,Birwadi,Raigarh(MH),MAHARASHTRA
402303,Poladpur,Raigarh(MH),MAHARASHTRA
402304,Kolad,Raigarh(MH),MAHARASHTRA
402305,Nate,Raigarh(MH),MAHARASHTRA
402306,Varandh,Raigarh(MH),MAHARASHTRA
402307,Vinhere,Raigarh(MH),MAHARASHTRA
402308,Bhira S.O (Raigarh(MH)),Raigarh(MH),MAHARASHTRA
402309,Midc Mahad,Raigarh(MH),MAHARASHTRA
402401,Janjira Murud,Raigarh(MH),MAHARASHTRA
402402,Dighi,Raigarh(MH),MAHARASHTRA
402403,Borlipanchatan,Raigarh(MH),MAHARASHTRA
402404,Diveagar,Raigarh(MH),MAHARASHTRA
403001,Panaji,North Goa,GOA
403002,Caranzalem,North Goa,GOA
403004,Nio Dona Paula,North Goa,GOA
403005,Santa Cruz,North Goa,GOA
403006,Ribandar,North Goa,GOA
403101,Betim,North Goa,GOA
403102,Chorao,North Goa,GOA
403103,Shiroda,North Goa,GOA
403104,Neura,North Goa,GOA
403105,Pale,North Goa,GOA
403106,Sant Estevam,South Goa,GOA
403107,Marcela,South Goa,GOA
403108,Goa -velha,North Goa,GOA
403109,N B Verem,North Goa,GOA
403110,Corlim IE,North Goa,GOA
403114,Reis Magos,North Goa,GOA
403115,Cundaim I.E.,South Goa,GOA
403201,Bambolim Camp,North Goa,GOA
403202,Bambolim Complex,North Goa,GOA
403203,Pilar,North Goa,GOA
403204,St. Lourence,North Goa,GOA
403206,Goa University,North Goa,GOA
403401,Ponda,North Goa,GOA
403402,Velha-goa,North Goa,GOA
403403,Piedade,North Goa,GOA
403404,Mardol,South Goa,GOA
403406,Tisca,South Goa,GOA
403409,Betora I.E.,South Goa,GOA
403410,Collem,South Goa,GOA
403501,Porvorim,North Goa,GOA
403502,Tivim,North Goa,GOA
403503,Assonora,North Goa,GOA
403504,Bicholim,North Goa,GOA
403505,Sanquelim,North Goa,GOA
403506,Valpoi,North Goa,GOA
403507,Mapusa,North Goa,GOA
403508,Aldona,North Goa,GOA
403509,Anjuna,North Goa,GOA
403510,Parra,North Goa,GOA
403511,Saligao,North Goa,GOA
403512,Pernem,North Goa,GOA
403513,Colvale,North Goa,GOA
403515,Candolim,North Goa,GOA
403516,Calangute,North Goa,GOA
403517,Siolim,North Goa,GOA
403521,Alto-porvorim,North Goa,GOA
403523,Carona,North Goa,GOA
403524,Arambol,North Goa,GOA
403526,Tivim Ie,North Goa,GOA
403527,Mandrem,North Goa,GOA
403529,Bicholim Industrial Estate,North Goa,GOA
403530,Onda I.E.,North Goa,GOA
403601,Margao,South Goa,GOA
403602,Fatorda,South Goa,GOA
403701,Assolna,South Goa,GOA
403702,Canacona,South Goa,GOA
403703,Cuncolim,South Goa,GOA
403704,Sanguem,South Goa,GOA
403705,Quepem,South Goa,GOA
403706,Curchorem,South Goa,GOA
403707,Navelim,South Goa,GOA
403708,Colva,South Goa,GOA
403709,Curtorim,South Goa,GOA
403710,Cortalim,South Goa,GOA
403711,Chicalim,South Goa,GOA
403712,Cansaulim,South Goa,GOA
403713,Majorda,South Goa,GOA
403714,Chandor,South Goa,GOA
403715,Chinchinim,South Goa,GOA
403716,Benaulim,South Goa,GOA
403717,Carmona,South Goa,GOA
403718,Loutolim,South Goa,GOA
403719,Sem-rachol  Soso,South Goa,GOA
403720,Raia,South Goa,GOA
403721,Varca,South Goa,GOA
403722,Verna,South Goa,GOA
403723,Velim,South Goa,GOA
403724,Orlim,South Goa,GOA
403725,Dramapur,South Goa,GOA
403726,Zuarinagar,South Goa,GOA
403728,Loliem,South Goa,GOA
403729,Navelim Camp,South Goa,GOA
403731,Cavelossim,South Goa,GOA
403801,A.P.Dabolim,South Goa,GOA
403802,Vasco-Da-Gama,South Goa,GOA
403803,Mormugao,South Goa,GOA
403804,Sada,South Goa,GOA
403806,Bogmalo,South Goa,GOA
410101,Neral,Raigarh(MH),MAHARASHTRA
410102,Matheran,Raigarh(MH),MAHARASHTRA
410201,Karjat S.O (Raigarh(MH)),Raigarh(MH),MAHARASHTRA
410202,Khalapur,Raigarh(MH),MAHARASHTRA
410203,Shilphata,Raigarh(MH),MAHARASHTRA
410204,Khopoli Power House,Raigarh(MH),MAHARASHTRA
410205,Pali S.O (Raigarh(MH)),Raigarh(MH),MAHARASHTRA
410206,Panvel,Raigarh(MH),MAHARASHTRA
410207,Rasayani,Raigarh(MH),MAHARASHTRA
410208,Taloja A.V.,Raigarh(MH),MAHARASHTRA
410210,Kharghar,Raigarh(MH),MAHARASHTRA
410216,Jagdish Nagar,Raigarh(MH),MAHARASHTRA
410218,Kalamboli Node,Raigarh(MH),MAHARASHTRA
410220,Patalganga,Raigarh(MH),MAHARASHTRA
410221,"Ongc Complex,panvel",Raigarh(MH),MAHARASHTRA
410222,Mohopada,Raigarh(MH),MAHARASHTRA
410301,Khandala,Pune,MAHARASHTRA
410302,R P T S Khandala,Pune,MAHARASHTRA
410401,Lonavala,Pune,MAHARASHTRA
410402,Ins Shivaji Lonavale,Pune,MAHARASHTRA
410403,Kaivalyadham,Pune,MAHARASHTRA
410405,Kamshet,Pune,MAHARASHTRA
410406,Pawananagar,Pune,MAHARASHTRA
410501,Chakan,Pune,MAHARASHTRA
410502,Junnar,Pune,MAHARASHTRA
410503,Manchar,Pune,MAHARASHTRA
410504,Narayangaon,Pune,MAHARASHTRA
410505,Rajgurunagar,Pune,MAHARASHTRA
410506,Talegaon Dabhade,Pune,MAHARASHTRA
410507,Talegaon G H,Pune,MAHARASHTRA
410508,Dhamani,Pune,MAHARASHTRA
410509,Dimbhe Colony,Pune,MAHARASHTRA
410510,Loni Dhamani,Pune,MAHARASHTRA
410511,Shiroli B K,Pune,MAHARASHTRA
410512,Peth,Pune,MAHARASHTRA
410513,Chas,Pune,MAHARASHTRA
410515,Kalamb,Pune,MAHARASHTRA
410516,Shinoli,Pune,MAHARASHTRA
411001,Pune,Pune,MAHARASHTRA
411002,Pune City,Pune,MAHARASHTRA
411003,Khadki,Pune,MAHARASHTRA
411004,Deccan Gymkhana,Pune,MAHARASHTRA
411005,Shivajinagar,Pune,MAHARASHTRA
411006,Yerwada,Pune,MAHARASHTRA
411007,Ganeshkhind,Pune,MAHARASHTRA
411008,N.C.L. Pune,Pune,MAHARASHTRA
411009,Parvati,Pune,MAHARASHTRA
411011,Kasba Peth,Pune,MAHARASHTRA
411012,Dapodi,Pune,MAHARASHTRA
411013,Hadpsar I.E.,Pune,MAHARASHTRA
411014,Dukirkline,Pune,MAHARASHTRA
411015,Dighi Camp,Pune,MAHARASHTRA
411016,Model Colony,Pune,MAHARASHTRA
411017,Pimpri Colony,Pune,MAHARASHTRA
411018,Pimpri P F,Pune,MAHARASHTRA
411019,Chinchwad East,Pune,MAHARASHTRA
411020,Range Hills,Pune,MAHARASHTRA
411021,Armament,Pune,MAHARASHTRA
411022,Srpf,Pune,MAHARASHTRA
411023,N.D.A. Khadakwasla,Pune,MAHARASHTRA
411024,Khadakwasla R.S.,Pune,MAHARASHTRA
411025,I.A.T,Pune,MAHARASHTRA
411026,Bhosari I.E.,Pune,MAHARASHTRA
411027,Aundh Camp,Pune,MAHARASHTRA
411028,Hadapsar,Pune,MAHARASHTRA
411030,S.P. College,Pune,MAHARASHTRA
411031,C M E,Pune,MAHARASHTRA
411032,Iaf Station,Pune,MAHARASHTRA
411033,Chinchwadgaon,Pune,MAHARASHTRA
411034,Kasarwadi,Pune,MAHARASHTRA
411035,Akurdi,Pune,MAHARASHTRA
411036,Mundhva AV,Pune,MAHARASHTRA
411037,Market Yard,Pune,MAHARASHTRA
411038,Ex. Serviceman Colony,Pune,MAHARASHTRA
411039,Bhosarigoan,Pune,MAHARASHTRA
411040,Wanowarie,Pune,MAHARASHTRA
411041,Vadgaon Budruk,Pune,MAHARASHTRA
411042,Swargate,Pune,MAHARASHTRA
411043,Dhankawadi,Pune,MAHARASHTRA
411044,P.C.N.T.,Pune,MAHARASHTRA
411045,N.I.A.,Pune,MAHARASHTRA
411046,Katraj,Pune,MAHARASHTRA
411047,Lohogaon,Pune,MAHARASHTRA
411048,N I B M,Pune,MAHARASHTRA
411051,Anandnagar,Pune,MAHARASHTRA
411052,Navsahyadri,Pune,MAHARASHTRA
411057,Infotech  Park,Pune,MAHARASHTRA
411058,Warje,Pune,MAHARASHTRA
411060,Mohamadwadi,Pune,MAHARASHTRA
411061,Pimple Gurav,Pune,MAHARASHTRA
411062,Rupeenagar,Pune,MAHARASHTRA
411067,Aundh,Pune,MAHARASHTRA
411068,Nanded,Pune,MAHARASHTRA
412101,Dehu Road Cantt,Pune,MAHARASHTRA
412102,Nira R S,Pune,MAHARASHTRA
412103,Vadgaon Nimbalkar,Pune,MAHARASHTRA
412104,Rajewadi,Pune,MAHARASHTRA
412105,Alandi Devachi,Pune,MAHARASHTRA
412106,Vadgaon,Pune,MAHARASHTRA
412107,Panshet,Pune,MAHARASHTRA
412108,Paud,Pune,MAHARASHTRA
412109,Dehu,Pune,MAHARASHTRA
412110,Theur,Pune,MAHARASHTRA
412112,Dasve Lavasa,Pune,MAHARASHTRA
412115,Pirangut,Pune,MAHARASHTRA
412201,Loni Kalbhor,Pune,MAHARASHTRA
412202,Urulikanchan,Pune,MAHARASHTRA
412203,Kedgaon,Pune,MAHARASHTRA
412204,Supa,Pune,MAHARASHTRA
412205,Khed Shivapur Baug,Pune,MAHARASHTRA
412206,Bhor,Pune,MAHARASHTRA
412207,Vagholi,Pune,MAHARASHTRA
412208,Talegaon Dhamdhere,Pune,MAHARASHTRA
412209,Ranjangaon Ganpati,Pune,MAHARASHTRA
412210,Shirur,Pune,MAHARASHTRA
412211,Nhavare,Pune,MAHARASHTRA
412212,Velhe,Pune,MAHARASHTRA
412213,Nasrapur,Pune,MAHARASHTRA
412214,Yavat,Pune,MAHARASHTRA
412215,Varvand,Pune,MAHARASHTRA
412216,Koregaon Bhima,Pune,MAHARASHTRA
412218,Malthan,Pune,MAHARASHTRA
412219,Madhukarnagar Patas,Pune,MAHARASHTRA
412220,MIDC Ranjangaon Ganpati,Pune,MAHARASHTRA
412301,Saswad,Pune,MAHARASHTRA
412303,Jejuri,Pune,MAHARASHTRA
412304,Morgaon,Pune,MAHARASHTRA
412305,Valha,Pune,MAHARASHTRA
412306,Someshwarnagar,Pune,MAHARASHTRA
412307,Manjari Farm,Pune,MAHARASHTRA
412308,Phursungi,Pune,MAHARASHTRA
412311,Parinche,Pune,MAHARASHTRA
412312,Veer,Pune,MAHARASHTRA
412401,Arvi,Pune,MAHARASHTRA
412402,Vada,Pune,MAHARASHTRA
412403,Pabal,Pune,MAHARASHTRA
412404,Kadus,Pune,MAHARASHTRA
412405,Avsari KH,Pune,MAHARASHTRA
412406,Avasari BK,Pune,MAHARASHTRA
412408,Ghodegaon,Pune,MAHARASHTRA
412409,Otur,Pune,MAHARASHTRA
412410,Belha,Pune,MAHARASHTRA
412411,Ala,Pune,MAHARASHTRA
412412,Pimpalwandi,Pune,MAHARASHTRA
412801,Shirwal,Satara,MAHARASHTRA
412802,Khandala Bavada,Satara,MAHARASHTRA
412803,Wai,Satara,MAHARASHTRA
412804,Bavadhan,Satara,MAHARASHTRA
412805,Panchagani,Satara,MAHARASHTRA
412806,Mahabaleshwar,Satara,MAHARASHTRA
413001,Solapur,Solapur,MAHARASHTRA
413002,Solapur Mkt,Solapur,MAHARASHTRA
413003,Gurunanak Nagar,Solapur,MAHARASHTRA
413004,Indiranagar,Solapur,MAHARASHTRA
413005,Daji Peth,Solapur,MAHARASHTRA
413006,Midc Solapur,Solapur,MAHARASHTRA
413007,Solapur City,Solapur,MAHARASHTRA
413008,SRPF Camp Solapur,Solapur,MAHARASHTRA
413101,Akluj,Solapur,MAHARASHTRA
413102,Baramati,Pune,MAHARASHTRA
413103,Bawada,Pune,MAHARASHTRA
413104,Bhavaninagar,Pune,MAHARASHTRA
413105,Bhigwan R S,Pune,MAHARASHTRA
413106,Indapur,Pune,MAHARASHTRA
413107,Malsiras,Solapur,MAHARASHTRA
413108,Malinagar,Solapur,MAHARASHTRA
413109,Natepute,Solapur,MAHARASHTRA
413110,Pandhare,Pune,MAHARASHTRA
413111,Sadashivenagar,Solapur,MAHARASHTRA
413112,Shreepur,Solapur,MAHARASHTRA
413113,Velapur,Solapur,MAHARASHTRA
413114,Walchandnagar,Pune,MAHARASHTRA
413115,Malegaon BK,Pune,MAHARASHTRA
413116,Shivnagar,Pune,MAHARASHTRA
413118,Yeshwantnagar,Solapur,MAHARASHTRA
413120,Nimgaon Ketki,Pune,MAHARASHTRA
413130,Bhigwan,Pune,MAHARASHTRA
413132,Palasdeo,Pune,MAHARASHTRA
413133,MIDC Baramati,Pune,MAHARASHTRA
413201,Jamkhed,Ahmed Nagar,MAHARASHTRA
413202,Jeur,Solapur,MAHARASHTRA
413203,Karmala,Solapur,MAHARASHTRA
413204,Kharda,Ahmed Nagar,MAHARASHTRA
413205,Nanaj,Ahmed Nagar,MAHARASHTRA
413206,Kettur-II,Solapur,MAHARASHTRA
413207,Amalner,Beed,MAHARASHTRA
413208,Kurduvadi,Solapur,MAHARASHTRA
413209,Madha,Solapur,MAHARASHTRA
413210,Pimpelner,Solapur,MAHARASHTRA
413211,Tembhurni,Solapur,MAHARASHTRA
413212,Bhimanagar,Solapur,MAHARASHTRA
413213,Mohol,Solapur,MAHARASHTRA
413214,Anagar,Solapur,MAHARASHTRA
413215,Hotagi,Solapur,MAHARASHTRA
413216,Akkalkot,Solapur,MAHARASHTRA
413217,Maindargi,Solapur,MAHARASHTRA
413218,Wagadari,Solapur,MAHARASHTRA
413219,Karajagi,Solapur,MAHARASHTRA
413220,Dudhani,Solapur,MAHARASHTRA
413221,Mandrup,Solapur,MAHARASHTRA
413222,Nanaj,Solapur,MAHARASHTRA
413223,Kem,Solapur,MAHARASHTRA
413224,Shivshahi,Solapur,MAHARASHTRA
413226,Chapalgaon,Solapur,MAHARASHTRA
413227,Nagansur,Solapur,MAHARASHTRA
413228,Valsang,Solapur,MAHARASHTRA
413229,Pimpalwandi,Beed,MAHARASHTRA
413248,Pennur,Solapur,MAHARASHTRA
413249,Shirur,Beed,MAHARASHTRA
413250,Mahisgaon,Solapur,MAHARASHTRA
413251,Sade,Solapur,MAHARASHTRA
413252,Ropla,Solapur,MAHARASHTRA
413253,Kamati Khurd,Solapur,MAHARASHTRA
413255,Midc Chincholi,Solapur,MAHARASHTRA
413301,Modnimb,Solapur,MAHARASHTRA
413302,Karkam,Solapur,MAHARASHTRA
413303,Ashti,Solapur,MAHARASHTRA
413304,Pandharpur,Solapur,MAHARASHTRA
413305,Mangalvedha,Solapur,MAHARASHTRA
413306,Mahud,Solapur,MAHARASHTRA
413307,Sangola,Solapur,MAHARASHTRA
413308,Nazara,Solapur,MAHARASHTRA
413309,Jawala,Solapur,MAHARASHTRA
413310,Piliv,Solapur,MAHARASHTRA
413314,Kole,Solapur,MAHARASHTRA
413315,Bhosa,Solapur,MAHARASHTRA
413317,Khardi,Solapur,MAHARASHTRA
413319,Marwade,Solapur,MAHARASHTRA
413322,Bhosa,Solapur,MAHARASHTRA
413324,Shetphal,Solapur,MAHARASHTRA
413401,Barshi,Solapur,MAHARASHTRA
413402,Vairag,Solapur,MAHARASHTRA
413403,Pangaon,Solapur,MAHARASHTRA
413404,Pangri,Solapur,MAHARASHTRA
413405,Yedshi,Osmanabad,MAHARASHTRA
413406,Gaudgaon,Solapur,MAHARASHTRA
413409,Agalgaon,Solapur,MAHARASHTRA
413410,Manegaon,Solapur,MAHARASHTRA
413411,K.V.Nagar Barshi,Solapur,MAHARASHTRA
413412,Tulsidas Nagar,Solapur,MAHARASHTRA
413501,Osmanabad,Osmanabad,MAHARASHTRA
413502,Paranda,Osmanabad,MAHARASHTRA
413503,Vashi,Osmanabad,MAHARASHTRA
413504,Bhoom,Osmanabad,MAHARASHTRA
413505,Sonari,Osmanabad,MAHARASHTRA
413506,Bembli,Osmanabad,MAHARASHTRA
413507,Kallam,Osmanabad,MAHARASHTRA
413508,Dhoki,Osmanabad,MAHARASHTRA
413509,Ter,Osmanabad,MAHARASHTRA
413510,Murud,Latur,MAHARASHTRA
413511,Borgaon,Latur,MAHARASHTRA
413512,Latur,Latur,MAHARASHTRA
413513,Chakur,Latur,MAHARASHTRA
413514,Shirur Tajband,Latur,MAHARASHTRA
413515,Ahmedpur,Latur,MAHARASHTRA
413516,Killari,Latur,MAHARASHTRA
413517,Udgir,Latur,MAHARASHTRA
413518,Wadhona,Latur,MAHARASHTRA
413519,Deoni,Latur,MAHARASHTRA
413520,Ausa,Latur,MAHARASHTRA
413521,Nilanga,Latur,MAHARASHTRA
413522,Aurad Shahajani,Latur,MAHARASHTRA
413523,Kingaon,Latur,MAHARASHTRA
413524,Nalegaon,Latur,MAHARASHTRA
413525,Yermala,Osmanabad,MAHARASHTRA
413526,Pargaon,Osmanabad,MAHARASHTRA
413527,Renapur,Latur,MAHARASHTRA
413528,Shiradhon,Osmanabad,MAHARASHTRA
413529,Wadwal Nagnath,Latur,MAHARASHTRA
413530,Nitoor,Latur,MAHARASHTRA
413531,Tilaknagar Latur,Latur,MAHARASHTRA
413532,Jalkot,Latur,MAHARASHTRA
413534,Ieet,Osmanabad,MAHARASHTRA
413544,Shirur Anantpal,Latur,MAHARASHTRA
413581,JJJKSSK Nalegaon,Latur,MAHARASHTRA
413582,Anandnagar,Osmanabad,MAHARASHTRA
413601,Tuljapur,Osmanabad,MAHARASHTRA
413602,Naldurg,Osmanabad,MAHARASHTRA
413603,Andora,Osmanabad,MAHARASHTRA
413604,Dalimb,Osmanabad,MAHARASHTRA
413605,Murum,Osmanabad,MAHARASHTRA
413606,Omerga,Osmanabad,MAHARASHTRA
413607,Kasarsirsi,Latur,MAHARASHTRA
413608,Lohara,Osmanabad,MAHARASHTRA
413623,Malumbra,Osmanabad,MAHARASHTRA
413624,Kati,Osmanabad,MAHARASHTRA
413701,Shrigonda,Ahmed Nagar,MAHARASHTRA
413702,Belwandi,Ahmed Nagar,MAHARASHTRA
413703,Visapur,Ahmed Nagar,MAHARASHTRA
413704,Vambori,Ahmed Nagar,MAHARASHTRA
413705,Rahuri,Ahmed Nagar,MAHARASHTRA
413706,Rahuri Factory,Ahmed Nagar,MAHARASHTRA
413707,Puntamba,Ahmed Nagar,MAHARASHTRA
413708,Sakarwadi,Ahmed Nagar,MAHARASHTRA
413709,Shrirampur,Ahmed Nagar,MAHARASHTRA
413710,Kolhar,Ahmed Nagar,MAHARASHTRA
413711,Songaon,Ahmed Nagar,MAHARASHTRA
413712,Pravaranagar,Ahmed Nagar,MAHARASHTRA
413713,Loni Kd,Ahmed Nagar,MAHARASHTRA
413714,Ashvi BK,Ahmed Nagar,MAHARASHTRA
413715,Belapur,Ahmed Nagar,MAHARASHTRA
413716,Deolali Pravara,Ahmed Nagar,MAHARASHTRA
413717,Karegaon Factory,Ahmed Nagar,MAHARASHTRA
413718,Harigaon,Ahmed Nagar,MAHARASHTRA
413719,Ranjangaon Kd,Ahmed Nagar,MAHARASHTRA
413720,Tilaknagar,Ahmed Nagar,MAHARASHTRA
413721,Padhegaon,Ahmed Nagar,MAHARASHTRA
413722,Rahuri MPKV,Ahmed Nagar,MAHARASHTRA
413723,Changdeonagar,Ahmed Nagar,MAHARASHTRA
413725,Takalibhan,Ahmed Nagar,MAHARASHTRA
413726,Shrigonda SSK,Ahmed Nagar,MAHARASHTRA
413728,Kolgaon,Ahmed Nagar,MAHARASHTRA
413736,Loni Bk,Ahmed Nagar,MAHARASHTRA
413737,Babhleshwar,Ahmed Nagar,MAHARASHTRA
413738,Ashvi KH,Ahmed Nagar,MAHARASHTRA
413739,Vadala Mahadeo,Ahmed Nagar,MAHARASHTRA
413801,Daund,Pune,MAHARASHTRA
413802,MIDC Kurkumbh,Pune,MAHARASHTRA
414001,Ahmednagar,Ahmed Nagar,MAHARASHTRA
414002,Ahmednagar Camp,Ahmed Nagar,MAHARASHTRA
414003,Savedi Road,Ahmed Nagar,MAHARASHTRA
414005,Ahmednagar R.S.,Ahmed Nagar,MAHARASHTRA
414006,Vahannagar,Ahmed Nagar,MAHARASHTRA
414101,Mandavgan,Ahmed Nagar,MAHARASHTRA
414102,Pathardi,Ahmed Nagar,MAHARASHTRA
414103,Jamgaon,Ahmed Nagar,MAHARASHTRA
414105,Sonai,Ahmed Nagar,MAHARASHTRA
414106,Tisgaon,Ahmed Nagar,MAHARASHTRA
414110,MIRC,Ahmed Nagar,MAHARASHTRA
414111,MIDC,Ahmed Nagar,MAHARASHTRA
414113,Kharwandi Kasar,Ahmed Nagar,MAHARASHTRA
414201,Chichondi Patil,Ahmed Nagar,MAHARASHTRA
414202,Kada,Beed,MAHARASHTRA
414203,Ashti,Beed,MAHARASHTRA
414204,Patoda,Beed,MAHARASHTRA
414205,Rajuri Navgan,Beed,MAHARASHTRA
414208,Kadasakhar,Beed,MAHARASHTRA
414301,Supa,Ahmed Nagar,MAHARASHTRA
414302,Parner,Ahmed Nagar,MAHARASHTRA
414303,Kanhur,Ahmed Nagar,MAHARASHTRA
414304,Takali Dhokeshwar,Ahmed Nagar,MAHARASHTRA
414305,Alkuti,Ahmed Nagar,MAHARASHTRA
414306,Nighoj,Ahmed Nagar,MAHARASHTRA
414401,Mirajgaon,Ahmed Nagar,MAHARASHTRA
414402,Karjat,Ahmed Nagar,MAHARASHTRA
414403,Rashin,Ahmed Nagar,MAHARASHTRA
414501,Miri,Ahmed Nagar,MAHARASHTRA
414502,Shevgaon,Ahmed Nagar,MAHARASHTRA
414503,Bodhegaon,Ahmed Nagar,MAHARASHTRA
414504,Balamtakali,Ahmed Nagar,MAHARASHTRA
414505,Vridheshwar SSK,Ahmed Nagar,MAHARASHTRA
414601,Jeur,Ahmed Nagar,MAHARASHTRA
414602,Vadalamission,Ahmed Nagar,MAHARASHTRA
414603,Nevasa,Ahmed Nagar,MAHARASHTRA
414604,Kukana,Ahmed Nagar,MAHARASHTRA
414605,Bhende SK,Ahmed Nagar,MAHARASHTRA
414606,Chanda,Ahmed Nagar,MAHARASHTRA
414607,Ghodegaon,Ahmed Nagar,MAHARASHTRA
414609,Bhanashivara,Ahmed Nagar,MAHARASHTRA
414701,Kashti,Ahmed Nagar,MAHARASHTRA
415001,Satara,Satara,MAHARASHTRA
415002,Sataracity,Satara,MAHARASHTRA
415003,Sangamnagar Satara,Satara,MAHARASHTRA
415004,MIDC Satara,Satara,MAHARASHTRA
415010,Satararoad,Satara,MAHARASHTRA
415011,Vaduth,Satara,MAHARASHTRA
415012,Medha,Satara,MAHARASHTRA
415013,Parali,Satara,MAHARASHTRA
415014,Tarale,Satara,MAHARASHTRA
415015,Limbgove,Satara,MAHARASHTRA
415019,Angapur Vandan,Satara,MAHARASHTRA
415020,Anewadi,Satara,MAHARASHTRA
415021,Kinhai,Satara,MAHARASHTRA
415022,Vennanagar,Satara,MAHARASHTRA
415023,Mahiamngad,Satara,MAHARASHTRA
415101,Malkapur,Kolhapur,MAHARASHTRA
415102,Mayani,Satara,MAHARASHTRA
415103,Kole,Satara,MAHARASHTRA
415104,Kale,Satara,MAHARASHTRA
415105,Ogalewadi,Satara,MAHARASHTRA
415106,Masur,Satara,MAHARASHTRA
415107,Targaon,Satara,MAHARASHTRA
415108,Shivanagar,Satara,MAHARASHTRA
415109,Umbraj,Satara,MAHARASHTRA
415110,Karad,Satara,MAHARASHTRA
415111,Ond,Satara,MAHARASHTRA
415112,Dhebewadi,Satara,MAHARASHTRA
415114,Supane,Satara,MAHARASHTRA
415115,Yashwantnagar,Satara,MAHARASHTRA
415116,Vathar Kiroli,Satara,MAHARASHTRA
415122,Wing,Satara,MAHARASHTRA
415124,Vidyanagar Karad,Satara,MAHARASHTRA
415202,Latwan,Ratnagiri,MAHARASHTRA
415203,Mandangad,Ratnagiri,MAHARASHTRA
415205,Malharpeth Karad,Satara,MAHARASHTRA
415206,Patan,Satara,MAHARASHTRA
415207,Koyana,Satara,MAHARASHTRA
415208,Veshvi,Ratnagiri,MAHARASHTRA
415209,Bahule,Satara,MAHARASHTRA
415211,Daulat Nagar,Satara,MAHARASHTRA
415212,Marul Haveli,Satara,MAHARASHTRA
415213,Chimbhave,Raigarh(MH),MAHARASHTRA
415214,Panderi,Ratnagiri,MAHARASHTRA
415301,Atpadi,Sangli,MAHARASHTRA
415302,Bhavaninagar,Sangli,MAHARASHTRA
415303,Devrashtra,Sangli,MAHARASHTRA
415304,Kadegaon,Sangli,MAHARASHTRA
415305,Kadepur,Sangli,MAHARASHTRA
415306,Kargani,Sangli,MAHARASHTRA
415307,Khanapur,Sangli,MAHARASHTRA
415308,Kharsundi,Sangli,MAHARASHTRA
415309,Lengare,Sangli,MAHARASHTRA
415310,Mahuli,Sangli,MAHARASHTRA
415311,Vite,Sangli,MAHARASHTRA
415312,Kaledhon,Satara,MAHARASHTRA
415313,Takari,Sangli,MAHARASHTRA
415315,Dighanchi,Sangli,MAHARASHTRA
415401,Aitawade BK,Sangli,MAHARASHTRA
415402,Bilashi,Sangli,MAHARASHTRA
415403,Kameri,Sangli,MAHARASHTRA
415404,Kasegaon,Sangli,MAHARASHTRA
415405,Kokrud,Sangli,MAHARASHTRA
415406,Nerla,Sangli,MAHARASHTRA
415407,Peth,Sangli,MAHARASHTRA
415408,Shirala,Sangli,MAHARASHTRA
415409,Urun Islampur,Sangli,MAHARASHTRA
415410,Wategaon,Sangli,MAHARASHTRA
415411,Yelur,Sangli,MAHARASHTRA
415412,Chikurde,Sangli,MAHARASHTRA
415413,Borgaon,Sangli,MAHARASHTRA
415414,S S K Sakharale,Sangli,MAHARASHTRA
415415,Warnavati Vasahat,Sangli,MAHARASHTRA
415501,Koregaon,Satara,MAHARASHTRA
415502,Pusegaon,Satara,MAHARASHTRA
415503,Budh,Satara,MAHARASHTRA
415504,Diskal Mol,Satara,MAHARASHTRA
415505,Khatav,Satara,MAHARASHTRA
415506,Vaduj,Satara,MAHARASHTRA
415507,Katarkhatav,Satara,MAHARASHTRA
415508,Dahivadi,Satara,MAHARASHTRA
415509,Mhaswad,Satara,MAHARASHTRA
415510,Aundh,Satara,MAHARASHTRA
415511,Rahimatpur,Satara,MAHARASHTRA
415512,Pusesawali,Satara,MAHARASHTRA
415513,Pachvad,Satara,MAHARASHTRA
415514,Kudal,Satara,MAHARASHTRA
415515,Bhuinj,Satara,MAHARASHTRA
415516,Kavathe,Satara,MAHARASHTRA
415517,Surur,Satara,MAHARASHTRA
415518,Apashinge,Satara,MAHARASHTRA
415519,Nagthane,Satara,MAHARASHTRA
415520,Chaphal,Satara,MAHARASHTRA
415521,Lonand,Satara,MAHARASHTRA
415522,Sakharwadi,Satara,MAHARASHTRA
415523,Phaltan,Satara,MAHARASHTRA
415524,Vathar,Satara,MAHARASHTRA
415525,Pimpode BK,Satara,MAHARASHTRA
415526,Vathar BK,Satara,MAHARASHTRA
415527,Kuroli Sidheshwar,Satara,MAHARASHTRA
415528,Taradgaon,Satara,MAHARASHTRA
415530,Kisanveernagar,Satara,MAHARASHTRA
415536,Kenjal,Satara,MAHARASHTRA
415537,Adarki BK,Satara,MAHARASHTRA
415538,Mhasurne,Satara,MAHARASHTRA
415539,Malakapur Karad,Satara,MAHARASHTRA
415540,Gondawale BK,Satara,MAHARASHTRA
415601,Pophali,Ratnagiri,MAHARASHTRA
415602,Shirgaon,Ratnagiri,MAHARASHTRA
415603,Alore,Ratnagiri,MAHARASHTRA
415604,Kherdi,Ratnagiri,MAHARASHTRA
415605,Chiplun,Ratnagiri,MAHARASHTRA
415606,Sawarda,Ratnagiri,MAHARASHTRA
415607,Nandgaon,Ratnagiri,MAHARASHTRA
415608,Makhajan,Ratnagiri,MAHARASHTRA
415609,Kadwai,Ratnagiri,MAHARASHTRA
415610,Kasba,Ratnagiri,MAHARASHTRA
415611,Sangmeshwar,Ratnagiri,MAHARASHTRA
415612,Ratnagiri,Ratnagiri,MAHARASHTRA
415613,Saitavada,Ratnagiri,MAHARASHTRA
415614,Jaigad,Ratnagiri,MAHARASHTRA
415615,Malgund,Ratnagiri,MAHARASHTRA
415616,Pawas,Ratnagiri,MAHARASHTRA
415617,Kotawada,Ratnagiri,MAHARASHTRA
415619,Hatkhamba,Ratnagiri,MAHARASHTRA
415620,Khalgaon,Ratnagiri,MAHARASHTRA
415621,Bharane,Ratnagiri,MAHARASHTRA
415626,Gavkhadi,Ratnagiri,MAHARASHTRA
415628,Shiral,Ratnagiri,MAHARASHTRA
415629,Shirgaon,Ratnagiri,MAHARASHTRA
415634,RGPPL Anjanvel,Ratnagiri,MAHARASHTRA
415637,Ambed Budruk,Ratnagiri,MAHARASHTRA
415639,MIDC,Ratnagiri,MAHARASHTRA
415640,Khavati,Ratnagiri,MAHARASHTRA
415641,Niwali,Ratnagiri,MAHARASHTRA
415643,Watul,Ratnagiri,MAHARASHTRA
415701,Rampur,Ratnagiri,MAHARASHTRA
415702,Margatamhane,Ratnagiri,MAHARASHTRA
415703,Guhagar,Ratnagiri,MAHARASHTRA
415705,Adur,Ratnagiri,MAHARASHTRA
415706,Dabhol,Ratnagiri,MAHARASHTRA
415708,Lavel,Ratnagiri,MAHARASHTRA
415709,Khed,Ratnagiri,MAHARASHTRA
415710,Furus,Ratnagiri,MAHARASHTRA
415711,Vakavali,Ratnagiri,MAHARASHTRA
415712,Dapoli,Ratnagiri,MAHARASHTRA
415713,Harnai,Ratnagiri,MAHARASHTRA
415714,Anjarla,Ratnagiri,MAHARASHTRA
415715,Khopi,Ratnagiri,MAHARASHTRA
415716,Palgad,Ratnagiri,MAHARASHTRA
415717,Kelshi,Ratnagiri,MAHARASHTRA
415718,Dhamanand,Ratnagiri,MAHARASHTRA
415719,Talavali,Ratnagiri,MAHARASHTRA
415720,Burondi,Ratnagiri,MAHARASHTRA
415722,Lote,Ratnagiri,MAHARASHTRA
415724,Shringartali,Ratnagiri,MAHARASHTRA
415726,Abaloli,Ratnagiri,MAHARASHTRA
415727,Karji,Ratnagiri,MAHARASHTRA
415728,Hedavi,Ratnagiri,MAHARASHTRA
415729,Welneshwar,Ratnagiri,MAHARASHTRA
415730,Ambavali,Ratnagiri,MAHARASHTRA
415801,Sakharpa,Ratnagiri,MAHARASHTRA
415802,Shiposhi,Ratnagiri,MAHARASHTRA
415803,Pali,Ratnagiri,MAHARASHTRA
415804,Devrukh,Ratnagiri,MAHARASHTRA
415805,Jaitapur,Ratnagiri,MAHARASHTRA
415806,Nata,Ratnagiri,MAHARASHTRA
415807,Devale,Ratnagiri,MAHARASHTRA
416001,Kolhapur RS,Kolhapur,MAHARASHTRA
416002,Shaniwar Peth,Kolhapur,MAHARASHTRA
416003,Kolhapur,Kolhapur,MAHARASHTRA
416004,Shivaji University,Kolhapur,MAHARASHTRA
416005,Gur Market Yard,Kolhapur,MAHARASHTRA
416006,Kasba Bavada,Kolhapur,MAHARASHTRA
416007,Kalamba,Kolhapur,MAHARASHTRA
416008,Pratibhanagar,Kolhapur,MAHARASHTRA
416010,Phulewadi,Kolhapur,MAHARASHTRA
416011,Sane Guruji Vasahat,Kolhapur,MAHARASHTRA
416012,Kolhapur City,Kolhapur,MAHARASHTRA
416013,R K Nagar,Kolhapur,MAHARASHTRA
416101,Jaysingpur,Kolhapur,MAHARASHTRA
416102,Nandani,Kolhapur,MAHARASHTRA
416103,Shirol,Kolhapur,MAHARASHTRA
416104,Narsobawadi,Kolhapur,MAHARASHTRA
416105,Ganeshwadi,Kolhapur,MAHARASHTRA
416106,Kurundwad,Kolhapur,MAHARASHTRA
416107,Dattawad,Kolhapur,MAHARASHTRA
416108,Takali,Kolhapur,MAHARASHTRA
416109,Hatkalangada,Kolhapur,MAHARASHTRA
416110,Bahubali,Kolhapur,MAHARASHTRA
416111,Kumbhoj,Kolhapur,MAHARASHTRA
416112,Vadgaon,Kolhapur,MAHARASHTRA
416113,Warnanagar,Kolhapur,MAHARASHTRA
416114,Kodoli,Kolhapur,MAHARASHTRA
416115,Ichalkaranji,Kolhapur,MAHARASHTRA
416116,Ganganagar Ichalkaranji,Kolhapur,MAHARASHTRA
416118,Rukadi,Kolhapur,MAHARASHTRA
416119,Gandhinagar,Kolhapur,MAHARASHTRA
416120,Dattanagar,Kolhapur,MAHARASHTRA
416121,R K Nagar Ichalkaranji,Kolhapur,MAHARASHTRA
416122,MIDC Shiroli,Kolhapur,MAHARASHTRA
416138,Kabnur,Kolhapur,MAHARASHTRA
416143,ICO Spinning Mills,Kolhapur,MAHARASHTRA
416144,Akiwate Industrial Estate,Kolhapur,MAHARASHTRA
416146,Parvati Industrial Estate,Kolhapur,MAHARASHTRA
416201,Panhala,Kolhapur,MAHARASHTRA
416202,Pattankodoli,Kolhapur,MAHARASHTRA
416203,Hupari,Kolhapur,MAHARASHTRA
416204,Kuditre,Kolhapur,MAHARASHTRA
416205,Kale,Kolhapur,MAHARASHTRA
416206,Gaganbavada,Kolhapur,MAHARASHTRA
416207,Ispurli,Kolhapur,MAHARASHTRA
416208,Bidri,Kolhapur,MAHARASHTRA
416209,Gargoti,Kolhapur,MAHARASHTRA
416210,Kadgaon Gargoti,Kolhapur,MAHARASHTRA
416211,Parite,Kolhapur,MAHARASHTRA
416212,Radhanagari,Kolhapur,MAHARASHTRA
416213,Bambavada,Kolhapur,MAHARASHTRA
416214,Sarud,Kolhapur,MAHARASHTRA
416215,Shahuwadi,Kolhapur,MAHARASHTRA
416216,Kagal,Kolhapur,MAHARASHTRA
416218,Kapshi,Kolhapur,MAHARASHTRA
416219,Murgud,Kolhapur,MAHARASHTRA
416220,Uttur,Kolhapur,MAHARASHTRA
416221,Walwa Bk,Kolhapur,MAHARASHTRA
416223,Mhasve,Kolhapur,MAHARASHTRA
416229,Ambewadi,Kolhapur,MAHARASHTRA
416230,Kotoli,Kolhapur,MAHARASHTRA
416231,Dudhganganagar,Kolhapur,MAHARASHTRA
416232,Sidhnerli,Kolhapur,MAHARASHTRA
416234,MIDC Gokul Shirgaon,Kolhapur,MAHARASHTRA
416235,Sadashivnagar,Kolhapur,MAHARASHTRA
416236,5 Star MIDC Kagal,Kolhapur,MAHARASHTRA
416301,Ashte,Sangli,MAHARASHTRA
416302,Bagani,Sangli,MAHARASHTRA
416303,Bhilavadi,Sangli,MAHARASHTRA
416304,Budhgaon,Sangli,MAHARASHTRA
416305,Digraj Kasaba,Sangli,MAHARASHTRA
416306,Kavalapur,Sangli,MAHARASHTRA
416307,Kavathe Ekand,Sangli,MAHARASHTRA
416308,Kirloskarwadi,Sangli,MAHARASHTRA
416309,Kundal,Sangli,MAHARASHTRA
416310,Palus,Sangli,MAHARASHTRA
416311,Savlaj,Sangli,MAHARASHTRA
416312,Tasgaon M.D.G,Sangli,MAHARASHTRA
416313,Walwa,Sangli,MAHARASHTRA
416314,Visapur,Sangli,MAHARASHTRA
416315,Dudhgaon,Sangli,MAHARASHTRA
416316,Ankalkhop,Sangli,MAHARASHTRA
416401,Arag,Sangli,MAHARASHTRA
416402,Daphalapur,Sangli,MAHARASHTRA
416403,Dhalgaon,Sangli,MAHARASHTRA
416404,Jath,Sangli,MAHARASHTRA
416405,Kavathe Mahankal,Sangli,MAHARASHTRA
416406,Madhavnagar,Sangli,MAHARASHTRA
416407,Malgaon,Sangli,MAHARASHTRA
416408,Manerajuri,Sangli,MAHARASHTRA
416409,Mhaisal,Sangli,MAHARASHTRA
416410,Miraj,Sangli,MAHARASHTRA
416411,Ranjani,Sangli,MAHARASHTRA
416412,Sankh,Sangli,MAHARASHTRA
416413,Umadi,Sangli,MAHARASHTRA
416414,Wanlsswadi,Sangli,MAHARASHTRA
416415,Willingdon College Sangli,Sangli,MAHARASHTRA
416416,Sangli,Sangli,MAHARASHTRA
416417,Kavathe Piran,Sangli,MAHARASHTRA
416418,Salgare,Sangli,MAHARASHTRA
416419,Shirdhon,Sangli,MAHARASHTRA
416420,Soni,Sangli,MAHARASHTRA
416436,Kupwad MIDC Area,Sangli,MAHARASHTRA
416437,Subhashnagar,Sangli,MAHARASHTRA
416501,Dundage,Kolhapur,MAHARASHTRA
416502,Gadhinglaj,Kolhapur,MAHARASHTRA
416503,Mahagaon,Kolhapur,MAHARASHTRA
416504,Nesari,Kolhapur,MAHARASHTRA
416505,Ajara,Kolhapur,MAHARASHTRA
416506,Halkarni,Kolhapur,MAHARASHTRA
416507,Karve,Kolhapur,MAHARASHTRA
416508,Kowad,Kolhapur,MAHARASHTRA
416509,Chandgad,Kolhapur,MAHARASHTRA
416510,Sawantwadi,Sindhudurg,MAHARASHTRA
416511,Banda,Sindhudurg,MAHARASHTRA
416512,Dodamarg,Sindhudurg,MAHARASHTRA
416513,Aronda,Sindhudurg,MAHARASHTRA
416514,Satarda,Sindhudurg,MAHARASHTRA
416515,Tulas,Sindhudurg,MAHARASHTRA
416516,Vengurla,Sindhudurg,MAHARASHTRA
416517,Redi,Sindhudurg,MAHARASHTRA
416518,Shiroda,Sindhudurg,MAHARASHTRA
416519,Mangaon,Sindhudurg,MAHARASHTRA
416520,Kudal,Sindhudurg,MAHARASHTRA
416521,Kadaval,Sindhudurg,MAHARASHTRA
416522,Pat,Sindhudurg,MAHARASHTRA
416523,Parula,Sindhudurg,MAHARASHTRA
416524,Walaval,Sindhudurg,MAHARASHTRA
416525,Deulwada Nerur,Sindhudurg,MAHARASHTRA
416526,Koulage,Kolhapur,MAHARASHTRA
416527,Tillarinagar,Kolhapur,MAHARASHTRA
416528,Industrial Area Pinguli,Sindhudurg,MAHARASHTRA
416529,Talavade,Sindhudurg,MAHARASHTRA
416531,Kalmist,Sindhudurg,MAHARASHTRA
416534,Sukalwadi,Sindhudurg,MAHARASHTRA
416549,Konalkatta Colony,Sindhudurg,MAHARASHTRA
416550,Kudal Audyogik Samuha,Sindhudurg,MAHARASHTRA
416551,Nool,Kolhapur,MAHARASHTRA
416552,DSF Halkarni,Kolhapur,MAHARASHTRA
416601,Phondaghat,Sindhudurg,MAHARASHTRA
416602,Kankavli,Sindhudurg,MAHARASHTRA
416603,Kasal,Sindhudurg,MAHARASHTRA
416604,Katta,Sindhudurg,MAHARASHTRA
416605,Chouke,Sindhudurg,MAHARASHTRA
416606,Malvan,Sindhudurg,MAHARASHTRA
416608,Masura,Sindhudurg,MAHARASHTRA
416609,Sangve,Sindhudurg,MAHARASHTRA
416610,Shirgaon,Sindhudurg,MAHARASHTRA
416611,Talebazar,Sindhudurg,MAHARASHTRA
416612,Jamsande,Sindhudurg,MAHARASHTRA
416613,Devgad,Sindhudurg,MAHARASHTRA
416614,Achara,Sindhudurg,MAHARASHTRA
416615,Mithbav,Sindhudurg,MAHARASHTRA
416616,Ramgad,Sindhudurg,MAHARASHTRA
416620,Kalsuli,Sindhudurg,MAHARASHTRA
416623,Mond,Sindhudurg,MAHARASHTRA
416626,Hadi,Sindhudurg,MAHARASHTRA
416628,Ambrad,Sindhudurg,MAHARASHTRA
416630,Naringre,Sindhudurg,MAHARASHTRA
416632,Jambhavade,Sindhudurg,MAHARASHTRA
416701,Lanja,Ratnagiri,MAHARASHTRA
416702,Rajapur,Ratnagiri,MAHARASHTRA
416703,Kharepatan,Sindhudurg,MAHARASHTRA
416704,Pachal,Ratnagiri,MAHARASHTRA
416705,Oni,Ratnagiri,MAHARASHTRA
416707,Adivare,Ratnagiri,MAHARASHTRA
416709,Sagave,Ratnagiri,MAHARASHTRA
416712,Devadhe,Ratnagiri,MAHARASHTRA
416713,Bhoo,Ratnagiri,MAHARASHTRA
416801,Talera,Sindhudurg,MAHARASHTRA
416803,Mutat,Sindhudurg,MAHARASHTRA
416804,Padel,Sindhudurg,MAHARASHTRA
416805,Vada,Sindhudurg,MAHARASHTRA
416806,Vijaydurg,Sindhudurg,MAHARASHTRA
416807,Tirlot,Sindhudurg,MAHARASHTRA
416810,Vaibhavwadi,Sindhudurg,MAHARASHTRA
416811,Phanasgaon,Sindhudurg,MAHARASHTRA
416812,Sindhudurgnagari MDG,Sindhudurg,MAHARASHTRA
416813,Umbarde,Sindhudurg,MAHARASHTRA
421002,Ulhasnagar-2,Thane,MAHARASHTRA
421004,Ulhasnagar-4,Thane,MAHARASHTRA
421005,Ulhasnagar-5,Thane,MAHARASHTRA
421101,Padgha,Thane,MAHARASHTRA
421102,Mohone,Thane,MAHARASHTRA
421103,Shahad,Thane,MAHARASHTRA
421201,Tilaknagar,Thane,MAHARASHTRA
421202,Vishnunagar,Thane,MAHARASHTRA
421203,Dombivali I.A.,Thane,MAHARASHTRA
421204,Manpada,Thane,MAHARASHTRA
421301,Kalyan D.C.,Thane,MAHARASHTRA
421302,Dandekarwadi,Thane,MAHARASHTRA
421303,Wada,Thane,MAHARASHTRA
421305,Vidyashram,Thane,MAHARASHTRA
421306,Katemanivali,Thane,MAHARASHTRA
421308,Bhiwandi,Thane,MAHARASHTRA
421311,Saravali,Thane,MAHARASHTRA
421312,Kudus,Thane,MAHARASHTRA
421401,Murbad,Thane,MAHARASHTRA
421402,Dhasai,Thane,MAHARASHTRA
421403,Kinholi,Thane,MAHARASHTRA
421501,Ambernath,Thane,MAHARASHTRA
421502,O.E.Ambernath,Thane,MAHARASHTRA
421503,Kulgaon,Thane,MAHARASHTRA
421505,Netaji Bazar,Thane,MAHARASHTRA
421506,Additional Ambernath,Thane,MAHARASHTRA
421601,Shahapur,Thane,MAHARASHTRA
421602,Kasara,Thane,MAHARASHTRA
421603,Bhatsanagar,Thane,MAHARASHTRA
421605,Manda,Thane,MAHARASHTRA
422001,Nashik,Nashik,MAHARASHTRA
422002,Gole Colony,Nashik,MAHARASHTRA
422003,Panchvati,Nashik,MAHARASHTRA
422004,Meri Colony,Nashik,MAHARASHTRA
422005,H P T College,Nashik,MAHARASHTRA
422006,Gandhi Nagar,Nashik,MAHARASHTRA
422007,Industrial Estate,Nashik,MAHARASHTRA
422008,Trimurti Chowk,Nashik,MAHARASHTRA
422009,Cidco Colony,Nashik,MAHARASHTRA
422010,Ambad A.S.,Nashik,MAHARASHTRA
422011,Dwarka Corner,Nashik,MAHARASHTRA
422012,Ashok Nagar,Nashik,MAHARASHTRA
422013,Sawarkar Nagar,Nashik,MAHARASHTRA
422101,Nashik Road,Nashik,MAHARASHTRA
422102,Nashik Road Camp,Nashik,MAHARASHTRA
422103,Sinnar,Nashik,MAHARASHTRA
422104,Wavi,Nashik,MAHARASHTRA
422105,TP Station Eklahre,Nashik,MAHARASHTRA
422112,I.A. Musalgaon Sinnar,Nashik,MAHARASHTRA
422113,Ind. Est. Malegaon Sinnar,Nashik,MAHARASHTRA
422201,Chandori,Nashik,MAHARASHTRA
422202,Dindori,Nashik,MAHARASHTRA
422203,Girnara,Nashik,MAHARASHTRA
422204,Harsul,Nashik,MAHARASHTRA
422205,Khedgaon,Nashik,MAHARASHTRA
422206,Ojhar,Nashik,MAHARASHTRA
422207,Ojhar T.S.,Nashik,MAHARASHTRA
422208,Peint,Nashik,MAHARASHTRA
422209,Pimpalgaon Baswant,Nashik,MAHARASHTRA
422210,Saykheda,Nashik,MAHARASHTRA
422211,Surgana,Nashik,MAHARASHTRA
422212,Trimbak,Nashik,MAHARASHTRA
422213,Trimbak Vidya Mandir,Nashik,MAHARASHTRA
422214,Vaitarna Nagar,Nashik,MAHARASHTRA
422215,Vani,Nashik,MAHARASHTRA
422221,Ojhar A.F. Stn.,Nashik,MAHARASHTRA
422222,Ycm Open Univesity,Nashik,MAHARASHTRA
422301,B.S. Nagar,Nashik,MAHARASHTRA
422302,Sukena,Nashik,MAHARASHTRA
422303,Niphad,Nashik,MAHARASHTRA
422304,Ugaon,Nashik,MAHARASHTRA
422305,Vinchur,Nashik,MAHARASHTRA
422306,Lasalgaon,Nashik,MAHARASHTRA
422308,K.K.Nagar,Nashik,MAHARASHTRA
422401,Devlali,Nashik,MAHARASHTRA
422402,Ghoti,Nashik,MAHARASHTRA
422403,Igatpuri,Nashik,MAHARASHTRA
422501,Devlali Air Force,Nashik,MAHARASHTRA
422502,Bhagur,Nashik,MAHARASHTRA
422601,Akole,Ahmed Nagar,MAHARASHTRA
422602,Bota,Ahmed Nagar,MAHARASHTRA
422603,Dhandharphal,Ahmed Nagar,MAHARASHTRA
422604,Rajur,Ahmed Nagar,MAHARASHTRA
422605,Sangamner,Ahmed Nagar,MAHARASHTRA
422606,Nandurshingote,Nashik,MAHARASHTRA
422608,Sangamner SK,Ahmed Nagar,MAHARASHTRA
422610,Kotul,Ahmed Nagar,MAHARASHTRA
422611,Talegaon Dighe,Ahmed Nagar,MAHARASHTRA
422620,Ghargaon,Ahmed Nagar,MAHARASHTRA
422622,Sakur,Ahmed Nagar,MAHARASHTRA
423101,Chandwad,Nashik,MAHARASHTRA
423102,Devla,Nashik,MAHARASHTRA
423104,Manmad,Nashik,MAHARASHTRA
423105,Malegaon Camp,Nashik,MAHARASHTRA
423106,Nandgaon,Nashik,MAHARASHTRA
423107,Rahata,Ahmed Nagar,MAHARASHTRA
423108,Ravalgaon,Nashik,MAHARASHTRA
423109,Shirdi,Ahmed Nagar,MAHARASHTRA
423110,Umrana,Nashik,MAHARASHTRA
423111,Vadner Bhairav,Nashik,MAHARASHTRA
423117,Vadali Bhoi,Nashik,MAHARASHTRA
423201,Dabhadi,Nashik,MAHARASHTRA
423202,G.S.S.K.,Nashik,MAHARASHTRA
423203,Malegaon,Nashik,MAHARASHTRA
423204,Nampur,Nashik,MAHARASHTRA
423205,Zodga,Nashik,MAHARASHTRA
423206,Vadner Malegaon,Nashik,MAHARASHTRA
423208,Saundana,Nashik,MAHARASHTRA
423212,Nimgaon,Nashik,MAHARASHTRA
423213,Lakhamapur,Nashik,MAHARASHTRA
423301,Satana,Nashik,MAHARASHTRA
423302,Taharabad,Nashik,MAHARASHTRA
423303,Jaikheda,Nashik,MAHARASHTRA
423401,Yeola,Nashik,MAHARASHTRA
423402,Andarsul,Nashik,MAHARASHTRA
423403,Nagarsul,Nashik,MAHARASHTRA
423501,Kalwan,Nashik,MAHARASHTRA
423502,Abhona,Nashik,MAHARASHTRA
423601,Kopargaon,Ahmed Nagar,MAHARASHTRA
423602,Kolpewadi,Ahmed Nagar,MAHARASHTRA
423603,Shinganapur,Ahmed Nagar,MAHARASHTRA
423604,Chasnali,Ahmed Nagar,MAHARASHTRA
423605,Pohegaon,Ahmed Nagar,MAHARASHTRA
423607,Dhamori,Ahmed Nagar,MAHARASHTRA
423701,Vaijapur,Aurangabad,MAHARASHTRA
423702,Lasur Station,Aurangabad,MAHARASHTRA
423703,Parsoda,Aurangabad,MAHARASHTRA
424001,Dhule,Dhule,MAHARASHTRA
424002,Dhule Jaihind Colony,Dhule,MAHARASHTRA
424004,Dhule Market Yard,Dhule,MAHARASHTRA
424005,Dhule Vidya Nagari,Dhule,MAHARASHTRA
424006,Dhule Midc,Dhule,MAHARASHTRA
424101,Chalisgaon,Jalgaon,MAHARASHTRA
424102,Patonda,Jalgaon,MAHARASHTRA
424103,Kajgaon,Jalgaon,MAHARASHTRA
424104,Nagardeola,Jalgaon,MAHARASHTRA
424105,Bhadgaon,Jalgaon,MAHARASHTRA
424106,Mehunbare,Jalgaon,MAHARASHTRA
424107,Khedgaon,Jalgaon,MAHARASHTRA
424108,Hirapur,Jalgaon,MAHARASHTRA
424109,Naydongri,Nashik,MAHARASHTRA
424119,C.T. Mill Road,Jalgaon,MAHARASHTRA
424201,Pachora,Jalgaon,MAHARASHTRA
424202,Varkhedi,Jalgaon,MAHARASHTRA
424203,Pimpalgaon,Jalgaon,MAHARASHTRA
424204,Shendurni,Jalgaon,MAHARASHTRA
424205,Pahur,Jalgaon,MAHARASHTRA
424206,Jamner,Jalgaon,MAHARASHTRA
424207,Wakadi,Jalgaon,MAHARASHTRA
424208,Fattepur,Jalgaon,MAHARASHTRA
424301,Fagana,Dhule,MAHARASHTRA
424302,Kusumba,Dhule,MAHARASHTRA
424303,Ner,Dhule,MAHARASHTRA
424304,Sakri,Dhule,MAHARASHTRA
424305,Nizampur,Dhule,MAHARASHTRA
424306,Pimpalner,Dhule,MAHARASHTRA
424307,Kapadna,Dhule,MAHARASHTRA
424308,Shirud,Dhule,MAHARASHTRA
424309,Songir,Dhule,MAHARASHTRA
424310,Kasara,Dhule,MAHARASHTRA
424311,Mohadi Laling,Dhule,MAHARASHTRA
424318,Naval Nagar,Dhule,MAHARASHTRA
425001,Jalgaon,Jalgaon,MAHARASHTRA
425002,M.J.College Jalgaon,Jalgaon,MAHARASHTRA
425003,Audyogik Vasahat Jalgaon,Jalgaon,MAHARASHTRA
425004,N M University Jalgaon,Jalgaon,MAHARASHTRA
425101,Asoda,Jalgaon,MAHARASHTRA
425102,Bhadli BK,Jalgaon,MAHARASHTRA
425103,Paldhi,Jalgaon,MAHARASHTRA
425104,Pimpri Khurd,Jalgaon,MAHARASHTRA
425105,Dharangaon,Jalgaon,MAHARASHTRA
425107,Chopda,Jalgaon,MAHARASHTRA
425108,Akulkheda,Jalgaon,MAHARASHTRA
425109,Erandol,Jalgaon,MAHARASHTRA
425110,Kasoda,Jalgaon,MAHARASHTRA
425111,Parola,Jalgaon,MAHARASHTRA
425112,Deogaon,Jalgaon,MAHARASHTRA
425113,Bahadarpur,Jalgaon,MAHARASHTRA
425114,Neri BK,Jalgaon,MAHARASHTRA
425115,Nandra Pachora,Jalgaon,MAHARASHTRA
425116,Mhasawad,Jalgaon,MAHARASHTRA
425201,Bhusawal,Jalgaon,MAHARASHTRA
425203,Bhusawal Ordnance Factory,Jalgaon,MAHARASHTRA
425301,Yawal,Jalgaon,MAHARASHTRA
425302,Sakali,Jalgaon,MAHARASHTRA
425303,Adavad,Jalgaon,MAHARASHTRA
425304,Bhalod,Jalgaon,MAHARASHTRA
425305,Varangaon,Jalgaon,MAHARASHTRA
425306,Muktainagar,Jalgaon,MAHARASHTRA
425307,Deepnagar,Jalgaon,MAHARASHTRA
425308,Varangaon Ord.Factory,Jalgaon,MAHARASHTRA
425309,Nashirabad,Jalgaon,MAHARASHTRA
425310,Bodwad,Jalgaon,MAHARASHTRA
425311,Kurha,Jalgaon,MAHARASHTRA
425327,Kurha-kakoda,Jalgaon,MAHARASHTRA
425401,Amalner,Jalgaon,MAHARASHTRA
425402,Marwad,Jalgaon,MAHARASHTRA
425403,Betawad,Dhule,MAHARASHTRA
425404,Nardana,Dhule,MAHARASHTRA
425405,Shirpur,Dhule,MAHARASHTRA
425406,Shindkheda,Dhule,MAHARASHTRA
425407,Chimthana,Dhule,MAHARASHTRA
425408,Dondaicha,Dhule,MAHARASHTRA
425409,Shahada,Nandurbar,MAHARASHTRA
425410,Sarangkheda,Nandurbar,MAHARASHTRA
425411,Ranala,Nandurbar,MAHARASHTRA
425412,Nandurbar,Nandurbar,MAHARASHTRA
425413,Taloda,Nandurbar,MAHARASHTRA
425414,Dhadgaon,Nandurbar,MAHARASHTRA
425415,Akkalkuwa,Nandurbar,MAHARASHTRA
425416,Khandbara,Nandurbar,MAHARASHTRA
425417,Chinchpada,Nandurbar,MAHARASHTRA
425418,Navapur,Nandurbar,MAHARASHTRA
425419,Khapar,Nandurbar,MAHARASHTRA
425420,Amalgaon,Jalgaon,MAHARASHTRA
425421,Thalner,Dhule,MAHARASHTRA
425422,Prakasha,Nandurbar,MAHARASHTRA
425423,Vadali,Nandurbar,MAHARASHTRA
425424,Purushottam Nagar,Nandurbar,MAHARASHTRA
425426,Visarwadi,Nandurbar,MAHARASHTRA
425427,Vikharan,Dhule,MAHARASHTRA
425428,Boradi,Dhule,MAHARASHTRA
425432,Mhasawad,Nandurbar,MAHARASHTRA
425442,Borad,Nandurbar,MAHARASHTRA
425444,Mandana,Nandurbar,MAHARASHTRA
425452,Molgi,Nandurbar,MAHARASHTRA
425501,Thorgavan,Jalgaon,MAHARASHTRA
425502,Savda,Jalgaon,MAHARASHTRA
425503,Faizpur,Jalgaon,MAHARASHTRA
425504,Khiroda,Jalgaon,MAHARASHTRA
425505,Chinawal,Jalgaon,MAHARASHTRA
425506,Nimbhora,Jalgaon,MAHARASHTRA
425507,Khirdi,Jalgaon,MAHARASHTRA
425508,Raver,Jalgaon,MAHARASHTRA
425524,M.S.S.K.Faizpur,Jalgaon,MAHARASHTRA
431001,Aurangabad,Aurangabad,MAHARASHTRA
431002,Aurangabad Cantonment,Aurangabad,MAHARASHTRA
431003,Cidco Colony,Aurangabad,MAHARASHTRA
431004,Dr. B.A. Marathwada University,Aurangabad,MAHARASHTRA
431005,Kranti Chowk,Aurangabad,MAHARASHTRA
431006,Chikalthana Industrial Area,Aurangabad,MAHARASHTRA
431007,Chikalthana,Aurangabad,MAHARASHTRA
431008,Harsool,Aurangabad,MAHARASHTRA
431009,Garkheda,Aurangabad,MAHARASHTRA
431010,Satara Parisar,Aurangabad,MAHARASHTRA
431011,Kanchanwadi,Aurangabad,MAHARASHTRA
431101,Khuldabad,Aurangabad,MAHARASHTRA
431102,Ellora,Aurangabad,MAHARASHTRA
431103,Kannad,Aurangabad,MAHARASHTRA
431104,Pishore,Aurangabad,MAHARASHTRA
431105,Bidkingaon,Aurangabad,MAHARASHTRA
431107,Paithan,Aurangabad,MAHARASHTRA
431109,Gangapur,Aurangabad,MAHARASHTRA
431110,Raghunath Nagar,Aurangabad,MAHARASHTRA
431111,Phulmbri,Aurangabad,MAHARASHTRA
431112,Sillod,Aurangabad,MAHARASHTRA
431113,Bharadi,Aurangabad,MAHARASHTRA
431114,Bhokardan,Aurangabad,MAHARASHTRA
431115,Deogaon Rangari,Aurangabad,MAHARASHTRA
431116,Shivar,Aurangabad,MAHARASHTRA
431117,Ajantha,Aurangabad,MAHARASHTRA
431118,Phardapur,Aurangabad,MAHARASHTRA
431120,Soegaon,Aurangabad,MAHARASHTRA
431121,Pachod,Aurangabad,MAHARASHTRA
431122,Beed,Beed,MAHARASHTRA
431123,Kaij,Beed,MAHARASHTRA
431124,Kille Dharur,Beed,MAHARASHTRA
431125,Naiknoor,Beed,MAHARASHTRA
431126,Chousala,Beed,MAHARASHTRA
431127,Gevrai,Beed,MAHARASHTRA
431128,Dindrood,Beed,MAHARASHTRA
431129,Talkhed,Beed,MAHARASHTRA
431130,Umapur,Beed,MAHARASHTRA
431131,Majalgaon,Beed,MAHARASHTRA
431132,Shivna,Aurangabad,MAHARASHTRA
431133,Waluj,Aurangabad,MAHARASHTRA
431134,Badod Bazar,Aurangabad,MAHARASHTRA
431135,Sillod Sakhar Karkhana,Aurangabad,MAHARASHTRA
431136,Bajaj Nagar Midc Waluj,Aurangabad,MAHARASHTRA
431137,Bihamandwa,Aurangabad,MAHARASHTRA
431142,Kesapuri Camp,Beed,MAHARASHTRA
431143,JBSSK GADI,Beed,MAHARASHTRA
431144,Wadwani,Beed,MAHARASHTRA
431147,Chincholi Limbaji,Aurangabad,MAHARASHTRA
431148,Paithan Sakhar Karkhana,Aurangabad,MAHARASHTRA
431150,Banoti,Aurangabad,MAHARASHTRA
431151,Andhari,Aurangabad,MAHARASHTRA
431152,Sawangi Bazar,Aurangabad,MAHARASHTRA
431153,Beed ST Stand,Beed,MAHARASHTRA
431154,Shendra MIDC Area,Aurangabad,MAHARASHTRA
431202,Badnapur,Aurangabad,MAHARASHTRA
431203,Jalna,Jalna,MAHARASHTRA
431204,Ambad,Jalna,MAHARASHTRA
431205,Wadigodri,Jalna,MAHARASHTRA
431206,Jaffrabad,Jalna,MAHARASHTRA
431207,Ranjani,Jalna,MAHARASHTRA
431208,Tembhurni,Jalna,MAHARASHTRA
431209,Ghansawangi,Jalna,MAHARASHTRA
431211,Kumbhar Pimpalgaon,Jalna,MAHARASHTRA
431212,Ankush Nagar,Jalna,MAHARASHTRA
431213,Jalna Railway Station,Jalna,MAHARASHTRA
431214,Ramnagar,Jalna,MAHARASHTRA
431215,Rajur,Jalna,MAHARASHTRA
431401,Parbhani,Parbhani,MAHARASHTRA
431402,Mau Parbhani,Parbhani,MAHARASHTRA
431501,Partur,Jalna,MAHARASHTRA
431502,Satona,Jalna,MAHARASHTRA
431503,Sailu,Parbhani,MAHARASHTRA
431504,Mantha,Jalna,MAHARASHTRA
431505,Dhengali Pimpalgaon,Parbhani,MAHARASHTRA
431506,Pathri,Parbhani,MAHARASHTRA
431507,Ashti,Jalna,MAHARASHTRA
431508,Bori,Parbhani,MAHARASHTRA
431509,Jintur,Parbhani,MAHARASHTRA
431510,Yeldari,Parbhani,MAHARASHTRA
431511,Purna,Parbhani,MAHARASHTRA
431512,Basmathnagar,Hingoli,MAHARASHTRA
431513,Hingoli,Hingoli,MAHARASHTRA
431514,Gangakhed,Parbhani,MAHARASHTRA
431515,Parli Vaijinath,Beed,MAHARASHTRA
431516,Sonpeth,Parbhani,MAHARASHTRA
431517,Ambajogai,Beed,MAHARASHTRA
431518,Bansorala,Beed,MAHARASHTRA
431519,Ghatnandur,Beed,MAHARASHTRA
431520,Parli Tps,Beed,MAHARASHTRA
431521,Daithana,Parbhani,MAHARASHTRA
431522,Pangaon,Latur,MAHARASHTRA
431523,Ambasakhar,Beed,MAHARASHTRA
431530,Vssk Pangri,Beed,MAHARASHTRA
431536,Ranisawargaon,Parbhani,MAHARASHTRA
431537,Pedgaon,Parbhani,MAHARASHTRA
431540,Zari,Parbhani,MAHARASHTRA
431541,Rampuri BK,Parbhani,MAHARASHTRA
431542,Sengaon,Hingoli,MAHARASHTRA
431601,Nanded,Nanded,MAHARASHTRA
431602,Shivajinagar,Nanded,MAHARASHTRA
431603,Cidco Nanded,Nanded,MAHARASHTRA
431604,Itwara Nanded,Nanded,MAHARASHTRA
431605,Taroda Road Nanded,Nanded,MAHARASHTRA
431606,SRTMU Nanded,Nanded,MAHARASHTRA
431701,Akhada Balapur,Hingoli,MAHARASHTRA
431702,Kalamnuri,Hingoli,MAHARASHTRA
431703,Goregaon,Hingoli,MAHARASHTRA
431704,Ardhapur,Nanded,MAHARASHTRA
431705,Aundha Nagnath,Hingoli,MAHARASHTRA
431707,Osmannagar,Nanded,MAHARASHTRA
431708,Loha,Nanded,MAHARASHTRA
431709,Naigaon,Nanded,MAHARASHTRA
431710,Biloli,Nanded,MAHARASHTRA
431711,Kundalwadi,Nanded,MAHARASHTRA
431712,Hadgaon,Nanded,MAHARASHTRA
431713,Tamsa,Nanded,MAHARASHTRA
431714,Kandhar,Nanded,MAHARASHTRA
431715,Mukhed,Nanded,MAHARASHTRA
431716,Jamb B K,Nanded,MAHARASHTRA
431717,Degloor,Nanded,MAHARASHTRA
431718,Kardkhed,Nanded,MAHARASHTRA
431719,Mukaramabad,Nanded,MAHARASHTRA
431720,Palam,Parbhani,MAHARASHTRA
431721,Mahore,Nanded,MAHARASHTRA
431722,Gadga,Nanded,MAHARASHTRA
431723,Shahapur,Nanded,MAHARASHTRA
431731,Sagroli,Nanded,MAHARASHTRA
431736,Shankarnagar,Nanded,MAHARASHTRA
431741,Hanegaon,Nanded,MAHARASHTRA
431742,Kurula,Nanded,MAHARASHTRA
431743,Niwagha,Nanded,MAHARASHTRA
431745,Barad,Nanded,MAHARASHTRA
431746,Barul,Nanded,MAHARASHTRA
431750,Malegaon,Nanded,MAHARASHTRA
431801,Bhokar,Nanded,MAHARASHTRA
431802,Himayatnagar,Nanded,MAHARASHTRA
431803,Islapur,Nanded,MAHARASHTRA
431804,Kinwat,Nanded,MAHARASHTRA
431805,Mandvi,Nanded,MAHARASHTRA
431806,Mudkhed Station,Nanded,MAHARASHTRA
431807,Umari,Nanded,MAHARASHTRA
431808,Karkheli,Nanded,MAHARASHTRA
431809,Dharmabad,Nanded,MAHARASHTRA
431810,Bodhadi,Nanded,MAHARASHTRA
431811,Gokunda,Nanded,MAHARASHTRA
440001,Nagpur GPO,Nagpur,MAHARASHTRA
440002,Nagpur City,Nagpur,MAHARASHTRA
440003,Ajni,Nagpur,MAHARASHTRA
440005,Nagpur Airport,Nagpur,MAHARASHTRA
440006,Seminary Hills,Nagpur,MAHARASHTRA
440007,Vayusena Nagar,Nagpur,MAHARASHTRA
440008,Bagadganj,Nagpur,MAHARASHTRA
440010,Shankar Nagar,Nagpur,MAHARASHTRA
440012,Patwardhan Ground,Nagpur,MAHARASHTRA
440013,Katolroad,Nagpur,MAHARASHTRA
440014,Jaripatka,Nagpur,MAHARASHTRA
440015,Vivekanand Nagar,Nagpur,MAHARASHTRA
440016,Indl.Area Nagpur,Nagpur,MAHARASHTRA
440017,Dr.Ambedkar Marg,Nagpur,MAHARASHTRA
440018,Mahatma Fule Bazar,Nagpur,MAHARASHTRA
440019,C.R.P.F. Nagpur,Nagpur,MAHARASHTRA
440020,Neeri,Nagpur,MAHARASHTRA
440021,A.D. Project,Nagpur,MAHARASHTRA
440022,Ranapratap Nagar,Nagpur,MAHARASHTRA
440023,Wadi,Nagpur,MAHARASHTRA
440024,Ayodhya Nagar,Nagpur,MAHARASHTRA
440025,Khamla,Nagpur,MAHARASHTRA
440026,Uppalwadi,Nagpur,MAHARASHTRA
440027,Parvati Nagar,Nagpur,MAHARASHTRA
440030,Mankapur,Nagpur,MAHARASHTRA
440032,Mahal,Nagpur,MAHARASHTRA
440033,University Campus,Nagpur,MAHARASHTRA
440034,Mhalginagar,Nagpur,MAHARASHTRA
440035,Kalmna Market Yard,Nagpur,MAHARASHTRA
440036,Jaitala,Nagpur,MAHARASHTRA
440037,BESA Road,Nagpur,MAHARASHTRA
441001,Kamthi,Nagpur,MAHARASHTRA
441101,Khapa,Nagpur,MAHARASHTRA
441102,Khaperkheda,Nagpur,MAHARASHTRA
441103,Kondhali,Nagpur,MAHARASHTRA
441104,Mauda,Nagpur,MAHARASHTRA
441105,Parseoni,Nagpur,MAHARASHTRA
441106,Ramtek,Nagpur,MAHARASHTRA
441107,Saoner,Nagpur,MAHARASHTRA
441108,Bori,Nagpur,MAHARASHTRA
441109,Sillewara Project,Nagpur,MAHARASHTRA
441110,Hingna,Nagpur,MAHARASHTRA
441111,Koradi Tps,Nagpur,MAHARASHTRA
441112,Kelod,Nagpur,MAHARASHTRA
441113,Patansaongi,Nagpur,MAHARASHTRA
441122,Industrial Area Butibori,Nagpur,MAHARASHTRA
441123,Godhani,Nagpur,MAHARASHTRA
441201,Bhiwapur,Nagpur,MAHARASHTRA
441202,Kuhi,Nagpur,MAHARASHTRA
441203,Umred,Nagpur,MAHARASHTRA
441204,Umred Project,Nagpur,MAHARASHTRA
441205,Nagbhid,Chandrapur,MAHARASHTRA
441206,Bramhapuri,Chandrapur,MAHARASHTRA
441207,Desaiganj,Gadchiroli,MAHARASHTRA
441208,Armori,Gadchiroli,MAHARASHTRA
441209,Kurkheda,Gadchiroli,MAHARASHTRA
441210,Mandhal,Nagpur,MAHARASHTRA
441212,Rajoli,Chandrapur,MAHARASHTRA
441214,Sirsi,Nagpur,MAHARASHTRA
441215,Pathari,Chandrapur,MAHARASHTRA
441217,Vairagadh,Gadchiroli,MAHARASHTRA
441221,Talodhi Balapur,Chandrapur,MAHARASHTRA
441222,Sindewahi,Chandrapur,MAHARASHTRA
441223,Nawargaon,Chandrapur,MAHARASHTRA
441224,Mul,Chandrapur,MAHARASHTRA
441225,Saoli,Chandrapur,MAHARASHTRA
441226,Bembal,Chandrapur,MAHARASHTRA
441301,Jalalkheda,Nagpur,MAHARASHTRA
441302,Katol,Nagpur,MAHARASHTRA
441303,Mowad,Nagpur,MAHARASHTRA
441304,Narkher,Nagpur,MAHARASHTRA
441305,Paradsinga,Nagpur,MAHARASHTRA
441306,Sawargaon,Nagpur,MAHARASHTRA
441401,Kanhan Pipri,Nagpur,MAHARASHTRA
441404,Kamthi Colliery,Nagpur,MAHARASHTRA
441501,Kalmeshwar,Nagpur,MAHARASHTRA
441502,Mohpa,Nagpur,MAHARASHTRA
441601,Gondia,Gondia,MAHARASHTRA
441614,Gondia City,Gondia,MAHARASHTRA
441701,Arjuni Morgaon,Gondia,MAHARASHTRA
441702,Navegaon Bandh,Gondia,MAHARASHTRA
441801,Goregaon,Gondia,MAHARASHTRA
441802,Sakoli,Bhandara,MAHARASHTRA
441803,Lakhandur,Bhandara,MAHARASHTRA
441804,Lakhni,Bhandara,MAHARASHTRA
441805,Dighori,Bhandara,MAHARASHTRA
441806,Soundad,Gondia,MAHARASHTRA
441807,Sadak Arjuni,Gondia,MAHARASHTRA
441809,Pohra,Bhandara,MAHARASHTRA
441901,Deori,Gondia,MAHARASHTRA
441902,Amgaon,Gondia,MAHARASHTRA
441903,Adyar,Bhandara,MAHARASHTRA
441904,Bhandara,Bhandara,MAHARASHTRA
441905,Bhandara Road,Bhandara,MAHARASHTRA
441906,Bhandara Of,Bhandara,MAHARASHTRA
441907,Gobarwahi,Bhandara,MAHARASHTRA
441908,Konda Kosra,Bhandara,MAHARASHTRA
441909,Mohadi,Bhandara,MAHARASHTRA
441910,Pauni,Bhandara,MAHARASHTRA
441911,Tirora,Gondia,MAHARASHTRA
441912,Tumsar,Bhandara,MAHARASHTRA
441913,Tumsar Road,Bhandara,MAHARASHTRA
441914,Andhalgaon,Bhandara,MAHARASHTRA
441915,Sihora,Bhandara,MAHARASHTRA
441916,Salekasa,Gondia,MAHARASHTRA
441924,Pahela,Bhandara,MAHARASHTRA
442001,Wardha,Wardha,MAHARASHTRA
442003,Hindinagar,Wardha,MAHARASHTRA
442101,Deoli,Wardha,MAHARASHTRA
442102,Sewagram,Wardha,MAHARASHTRA
442104,Seloo,Wardha,MAHARASHTRA
442105,Sindi,Wardha,MAHARASHTRA
442106,Kharangna,Wardha,MAHARASHTRA
442107,Sawangi Meghe,Wardha,MAHARASHTRA
442111,Paunar,Wardha,MAHARASHTRA
442201,Arvi,Wardha,MAHARASHTRA
442202,Ashti,Wardha,MAHARASHTRA
442203,Karanja,Wardha,MAHARASHTRA
442301,Hinganghat,Wardha,MAHARASHTRA
442302,Pulgaon,Wardha,MAHARASHTRA
442303,Pulgaon Camp,Wardha,MAHARASHTRA
442304,Allipur,Wardha,MAHARASHTRA
442305,Samudrapur,Wardha,MAHARASHTRA
442306,Nachangaon,Wardha,MAHARASHTRA
442307,Wadner,Wardha,MAHARASHTRA
442401,Chandrapur,Chandrapur,MAHARASHTRA
442402,Chandrapur City,Chandrapur,MAHARASHTRA
442403,Babupeth,Chandrapur,MAHARASHTRA
442404,Chandrapur TPS,Chandrapur,MAHARASHTRA
442406,MIDC,Chandrapur,MAHARASHTRA
442501,Chandrapur Ord Fact,Chandrapur,MAHARASHTRA
442502,Cementnagar,Chandrapur,MAHARASHTRA
442503,Shivjinagar,Chandrapur,MAHARASHTRA
442504,Sironcha,Gadchiroli,MAHARASHTRA
442505,Ghugus Colliery,Chandrapur,MAHARASHTRA
442507,H.L.C.,Chandrapur,MAHARASHTRA
442603,Chamorshi,Gadchiroli,MAHARASHTRA
442604,Ghot,Gadchiroli,MAHARASHTRA
442605,Gadchiroli,Gadchiroli,MAHARASHTRA
442606,Dhanora,Gadchiroli,MAHARASHTRA
442701,Ballarpur,Chandrapur,MAHARASHTRA
442702,Gondpipri,Chandrapur,MAHARASHTRA
442703,Allapalli,Gadchiroli,MAHARASHTRA
442704,Ettapalli,Gadchiroli,MAHARASHTRA
442705,Aheri,Gadchiroli,MAHARASHTRA
442707,Ashti,Gadchiroli,MAHARASHTRA
442709,Kamlapur,Gadchiroli,MAHARASHTRA
442710,Bhamragadh,Gadchiroli,MAHARASHTRA
442901,Ballarpur Paper Mill,Chandrapur,MAHARASHTRA
442902,Bhadrawati,Chandrapur,MAHARASHTRA
442903,Chimur,Chandrapur,MAHARASHTRA
442904,Neri,Chandrapur,MAHARASHTRA
442905,Rajura,Chandrapur,MAHARASHTRA
442906,Segaon,Chandrapur,MAHARASHTRA
442907,Warora,Chandrapur,MAHARASHTRA
442908,Chandur,Chandrapur,MAHARASHTRA
442914,Anandwan,Chandrapur,MAHARASHTRA
442916,Vansadi,Chandrapur,MAHARASHTRA
442917,Awalpur Cement Project,Chandrapur,MAHARASHTRA
442918,Pombhurna,Chandrapur,MAHARASHTRA
442919,Mulchera,Gadchiroli,MAHARASHTRA
443001,Buldana,Buldhana,MAHARASHTRA
443002,Chaitanya Wadi,Buldhana,MAHARASHTRA
443101,Malkapur,Buldhana,MAHARASHTRA
443102,Datala,Buldhana,MAHARASHTRA
443103,Motala,Buldhana,MAHARASHTRA
443104,Dhamangaon Badhe,Buldhana,MAHARASHTRA
443106,Dhad,Buldhana,MAHARASHTRA
443112,Dharangaon,Buldhana,MAHARASHTRA
443201,Chikhli,Buldhana,MAHARASHTRA
443202,Sakhar Kherda,Buldhana,MAHARASHTRA
443203,Sindkhed Raja,Buldhana,MAHARASHTRA
443204,Deulgaon Raja,Buldhana,MAHARASHTRA
443206,Deulgaon Mahi,Buldhana,MAHARASHTRA
443301,Mehkar,Buldhana,MAHARASHTRA
443302,Lonar,Buldhana,MAHARASHTRA
443303,Dongaon,Buldhana,MAHARASHTRA
443304,Janephal,Buldhana,MAHARASHTRA
443308,Dusarbid,Buldhana,MAHARASHTRA
443401,Chandur Biswa,Buldhana,MAHARASHTRA
443402,Jalgaon,Buldhana,MAHARASHTRA
443403,Pimpalgaon Kale,Buldhana,MAHARASHTRA
443404,Nandura,Buldhana,MAHARASHTRA
444001,Akola,Akola,MAHARASHTRA
444002,Akola City,Akola,MAHARASHTRA
444003,Shivaji Park Akola,Akola,MAHARASHTRA
444004,Gandhinagar,Akola,MAHARASHTRA
444005,Jatherpeth Akola,Akola,MAHARASHTRA
444006,Tajnapeth Akola,Akola,MAHARASHTRA
444101,Akot,Akola,MAHARASHTRA
444102,Borgaon Manju,Akola,MAHARASHTRA
444103,Hiverkhed Ruprao,Akola,MAHARASHTRA
444104,Krishinagar Akola,Akola,MAHARASHTRA
444105,Karanja,Washim,MAHARASHTRA
444106,Mana,Akola,MAHARASHTRA
444107,Murtizapur,Akola,MAHARASHTRA
444108,Telhara,Akola,MAHARASHTRA
444109,Vidyutnagar Paras,Akola,MAHARASHTRA
444110,Kamargaon,Washim,MAHARASHTRA
444111,Dahihanda,Akola,MAHARASHTRA
444117,Mundgaon,Akola,MAHARASHTRA
444126,Adgaon Bk,Akola,MAHARASHTRA
444201,Paturda,Buldhana,MAHARASHTRA
444202,Sangrampur,Buldhana,MAHARASHTRA
444203,Shegaon,Buldhana,MAHARASHTRA
444204,Sonala,Buldhana,MAHARASHTRA
444301,Amdapur,Buldhana,MAHARASHTRA
444302,Balapur,Akola,MAHARASHTRA
444303,Khamgaon,Buldhana,MAHARASHTRA
444304,Matergaon,Buldhana,MAHARASHTRA
444306,Pimpalgaon Raja,Buldhana,MAHARASHTRA
444311,Nimba,Akola,MAHARASHTRA
444312,G.S.College Khamgaon,Buldhana,MAHARASHTRA
444401,Barshitakli,Akola,MAHARASHTRA
444402,Shelubazar,Akola,MAHARASHTRA
444403,Mangrulpir,Washim,MAHARASHTRA
444404,Manora,Washim,MAHARASHTRA
444405,Mahan,Akola,MAHARASHTRA
444407,Pinjar,Akola,MAHARASHTRA
444409,Asegaon,Washim,MAHARASHTRA
444501,Patur,Akola,MAHARASHTRA
444502,Vadegaon,Akola,MAHARASHTRA
444503,Malegaon,Washim,MAHARASHTRA
444504,Sirpur,Washim,MAHARASHTRA
444505,Washim,Washim,MAHARASHTRA
444506,Risod,Washim,MAHARASHTRA
444507,Ansing,Washim,MAHARASHTRA
444510,Rithad,Washim,MAHARASHTRA
444511,Alegaon,Akola,MAHARASHTRA
444601,Amravati,Amravati,MAHARASHTRA
444602,Amravati Camp,Amravati,MAHARASHTRA
444603,Shivaji Nagar,Amravati,MAHARASHTRA
444604,V.M.V.,Amravati,MAHARASHTRA
444605,H. V. Nagar,Amravati,MAHARASHTRA
444606,Rukhmini Nagar,Amravati,MAHARASHTRA
444607,Sai Nagar,Amravati,MAHARASHTRA
444701,Badnera,Amravati,MAHARASHTRA
444702,Dharni,Amravati,MAHARASHTRA
444704,Chandur Bazar,Amravati,MAHARASHTRA
444705,Anjangaon,Amravati,MAHARASHTRA
444706,Yeoda,Amravati,MAHARASHTRA
444707,Nerpingalai,Amravati,MAHARASHTRA
444708,Nandgaon Khandeshwar,Amravati,MAHARASHTRA
444709,Dhamangaon R.S.,Amravati,MAHARASHTRA
444710,Talegaon Dashasar,Amravati,MAHARASHTRA
444711,Mangrul Dastgir,Amravati,MAHARASHTRA
444717,Dhamangaon Gadhi,Amravati,MAHARASHTRA
444719,Kalamkhar,Amravati,MAHARASHTRA
444720,Brahmanwada Thadi,Amravati,MAHARASHTRA
444723,Sirajgaon Band,Amravati,MAHARASHTRA
444801,Walgaon,Amravati,MAHARASHTRA
444802,Kholapur,Amravati,MAHARASHTRA
444803,Daryapur,Amravati,MAHARASHTRA
444804,Purna Nagar,Amravati,MAHARASHTRA
444805,Paratwada,Amravati,MAHARASHTRA
444806,Achalpur City,Amravati,MAHARASHTRA
444807,Chikhaldara,Amravati,MAHARASHTRA
444808,Pathrot,Amravati,MAHARASHTRA
444809,Karajgaon,Amravati,MAHARASHTRA
444810,Sirasgaon Kasba,Amravati,MAHARASHTRA
444813,Semadoh,Amravati,MAHARASHTRA
444901,Nandgaon Peth,Amravati,MAHARASHTRA
444902,Gurukunj Ashram,Amravati,MAHARASHTRA
444903,Tiosa,Amravati,MAHARASHTRA
444904,Chandur Railway,Amravati,MAHARASHTRA
444905,Morshi,Amravati,MAHARASHTRA
444906,Warud,Amravati,MAHARASHTRA
444907,Shendurjana Ghat,Amravati,MAHARASHTRA
444908,Jarud,Amravati,MAHARASHTRA
444915,Yawali,Amravati,MAHARASHTRA
445001,Yavatmal,Yavatmal,MAHARASHTRA
445002,Zillla Parishad,Yavatmal,MAHARASHTRA
445101,Babhulgaon,Yavatmal,MAHARASHTRA
445102,Ner Parsopant,Yavatmal,MAHARASHTRA
445103,Arni,Yavatmal,MAHARASHTRA
445105,Jawala,Yavatmal,MAHARASHTRA
445106,Sawali Sadoba,Yavatmal,MAHARASHTRA
445109,Akola Bazar,Yavatmal,MAHARASHTRA
445110,Mahagaon Kasba,Yavatmal,MAHARASHTRA
445201,Bori Arab,Yavatmal,MAHARASHTRA
445202,Darwha,Yavatmal,MAHARASHTRA
445203,Digras,Yavatmal,MAHARASHTRA
445204,Pusad,Yavatmal,MAHARASHTRA
445205,Mahagaon,Yavatmal,MAHARASHTRA
445206,Umarkhed,Yavatmal,MAHARASHTRA
445207,Dhanki,Yavatmal,MAHARASHTRA
445209,Issapur,Yavatmal,MAHARASHTRA
445210,Lohi,Yavatmal,MAHARASHTRA
445211,Mulawa,Yavatmal,MAHARASHTRA
445215,Soot Girni,Yavatmal,MAHARASHTRA
445216,P.N.C. Pusad,Yavatmal,MAHARASHTRA
445230,Fulsavangi,Yavatmal,MAHARASHTRA
445301,Ghatanji,Yavatmal,MAHARASHTRA
445302,Pandharkawda,Yavatmal,MAHARASHTRA
445303,Maregaon Road,Yavatmal,MAHARASHTRA
445304,Wani,Yavatmal,MAHARASHTRA
445305,Patanbori,Yavatmal,MAHARASHTRA
445306,Parwa,Yavatmal,MAHARASHTRA
445307,Sindhola Mines,Yavatmal,MAHARASHTRA
445308,Wadki,Yavatmal,MAHARASHTRA
445323,Mohda,Yavatmal,MAHARASHTRA
445324,Zari Jamani,Yavatmal,MAHARASHTRA
445401,Kalamb,Yavatmal,MAHARASHTRA
445402,Ralegaon,Yavatmal,MAHARASHTRA
450001,Khandwa,East Nimar,MADHYA PRADESH
450051,Kharkalan,East Nimar,MADHYA PRADESH
450110,Bir,East Nimar,MADHYA PRADESH
450112,Mundi,East Nimar,MADHYA PRADESH
450114,Punasa,East Nimar,MADHYA PRADESH
450116,Naya Harsud,East Nimar,MADHYA PRADESH
450117,Khalwa,East Nimar,MADHYA PRADESH
450119,Narmada Nagar,East Nimar,MADHYA PRADESH
450221,Nepanagar,Burhanpur,MADHYA PRADESH
450331,Burhanpur,Burhanpur,MADHYA PRADESH
450332,Khaknar,Burhanpur,MADHYA PRADESH
450337,Rustampur,East Nimar,MADHYA PRADESH
450445,Shahpur,Burhanpur,MADHYA PRADESH
450551,Nimarkhedi,Khandwa,MADHYA PRADESH
450554,Mandhata Omkareshwar,Khandwa,MADHYA PRADESH
450661,Pandhana,East Nimar,MADHYA PRADESH
450771,Chhegaon Makhan,East Nimar,MADHYA PRADESH
450881,Jaswadi,East Nimar,MADHYA PRADESH
450991,Jawar,East Nimar,MADHYA PRADESH
451001,Khargone,West Nimar,MADHYA PRADESH
451111,Sanawad,West Nimar,MADHYA PRADESH
451113,Bedia,West Nimar,MADHYA PRADESH
451115,Barwaha,West Nimar,MADHYA PRADESH
451220,Karhi,West Nimar,MADHYA PRADESH
451221,Mandleshwar,West Nimar,MADHYA PRADESH
451224,Maheshwar,West Nimar,MADHYA PRADESH
451225,Piplya Buzurg,West Nimar,MADHYA PRADESH
451228,Kasrawad,West Nimar,MADHYA PRADESH
451331,Bhikangaon,West Nimar,MADHYA PRADESH
451332,Jhirnia,West Nimar,MADHYA PRADESH
451335,Gogawa,West Nimar,MADHYA PRADESH
451440,Un,West Nimar,MADHYA PRADESH
451441,Bistan,West Nimar,MADHYA PRADESH
451442,Segaon,West Nimar,MADHYA PRADESH
451447,Rajpur Barwani,Barwani,MADHYA PRADESH
451449,Julwania,Barwani,MADHYA PRADESH
451551,Barwani,Barwani,MADHYA PRADESH
451556,Anjad,Barwani,MADHYA PRADESH
451660,Thikari,Barwani,MADHYA PRADESH
451666,Sendhwa,Barwani,MADHYA PRADESH
451770,Pansemal,Barwani,MADHYA PRADESH
451881,Khetia,Barwani,MADHYA PRADESH
452001,Indore G.P.O.,Indore,MADHYA PRADESH
452002,Indore City-2,Indore,MADHYA PRADESH
452003,Vallabhnagar,Indore,MADHYA PRADESH
452005,Bijasan Road,Indore,MADHYA PRADESH
452006,Army Head Quarter,Indore,MADHYA PRADESH
452007,Indore Nagar,Indore,MADHYA PRADESH
452009,Sudama Nagar,Indore,MADHYA PRADESH
452010,Vijay Nagar,Indore,MADHYA PRADESH
452011,Nanda Nagar,Indore,MADHYA PRADESH
452012,Rajendra Nagar,Indore,MADHYA PRADESH
452013,Indore Cat,Indore,MADHYA PRADESH
452014,Khatiwala Tank,Indore,MADHYA PRADESH
452015,Industrial Estate,Indore,MADHYA PRADESH
452016,Indore Kanadia Road,Indore,MADHYA PRADESH
452018,Indore Tillaknagar,Indore,MADHYA PRADESH
452020,Kasturbagram,Indore,MADHYA PRADESH
453001,Betma,Indore,MADHYA PRADESH
453111,Hatod,Indore,MADHYA PRADESH
453112,Gandhinagar,Indore,MADHYA PRADESH
453115,Depalpur,Indore,MADHYA PRADESH
453220,Gautampura,Indore,MADHYA PRADESH
453331,Rao,Indore,MADHYA PRADESH
453441,Mhow,Indore,MADHYA PRADESH
453446,Rasalpura,Indore,MADHYA PRADESH
453551,Sanwer,Indore,MADHYA PRADESH
453552,Simrol,Indore,MADHYA PRADESH
453555,Shri Aurobindo,Indore,MADHYA PRADESH
453556,IIM CAMPUS RAO,Indore,MADHYA PRADESH
453661,Manpur,Indore,MADHYA PRADESH
453771,Manglia,Indore,MADHYA PRADESH
454001,Dhar,Dhar,MADHYA PRADESH
454010,Mandu,Dhar,MADHYA PRADESH
454111,Sardarpur,Dhar,MADHYA PRADESH
454116,Rajgarh,Dhar,MADHYA PRADESH
454221,Bagh,Dhar,MADHYA PRADESH
454331,Kukshi,Dhar,MADHYA PRADESH
454335,Nisarpur,Dhar,MADHYA PRADESH
454441,Amjhera,Dhar,MADHYA PRADESH
454446,Manawar,Dhar,MADHYA PRADESH
454449,Dharampuri,Dhar,MADHYA PRADESH
454552,Dhamnod,Dhar,MADHYA PRADESH
454660,Badnawar,Dhar,MADHYA PRADESH
454665,Kanwan,Dhar,MADHYA PRADESH
454773,Dehri Ghata Billod,Dhar,MADHYA PRADESH
454774,Pithampur III,Dhar,MADHYA PRADESH
454775,Pithampur,Dhar,MADHYA PRADESH
455001,Dewas,Dewas,MADHYA PRADESH
455111,Balgarh,Dewas,MADHYA PRADESH
455115,Bhonrasa,Dewas,MADHYA PRADESH
455116,Tonkhurd,Dewas,MADHYA PRADESH
455118,Sonkutch,Dewas,MADHYA PRADESH
455221,Karnawad,Dewas,MADHYA PRADESH
455223,Hatpipliya,Dewas,MADHYA PRADESH
455227,Bagli,Dewas,MADHYA PRADESH
455332,Kannod,Dewas,MADHYA PRADESH
455336,Khategaon,Dewas,MADHYA PRADESH
455339,Nemawar,Dewas,MADHYA PRADESH
455440,Kantaphod,Dewas,MADHYA PRADESH
455459,Satwas,Dewas,MADHYA PRADESH
456001,Ujjain,Ujjain,MADHYA PRADESH
456003,Ujjain  Bherugarh,Ujjain,MADHYA PRADESH
456006,Ujjain  City,Ujjain,MADHYA PRADESH
456010,Ujjain  M.L.Nagar,Ujjain,MADHYA PRADESH
456221,Unhel,Ujjain,MADHYA PRADESH
456222,Baledi,Ujjain,MADHYA PRADESH
456224,Khachraud,Ujjain,MADHYA PRADESH
456313,Bhatpachlana,Ujjain,MADHYA PRADESH
456331,Birlagram  Nagda,Ujjain,MADHYA PRADESH
456335,Nagda,Ujjain,MADHYA PRADESH
456337,Piploda  Baghla,Ujjain,MADHYA PRADESH
456440,Mehidpur  Road,Ujjain,MADHYA PRADESH
456441,Jharda,Ujjain,MADHYA PRADESH
456443,Mehidpur,Ujjain,MADHYA PRADESH
456550,Ghattia,Ujjain,MADHYA PRADESH
456661,Tajpur,Ujjain,MADHYA PRADESH
456664,Narwar,Ujjain,MADHYA PRADESH
456665,Tarana,Ujjain,MADHYA PRADESH
456668,Makdone,Ujjain,MADHYA PRADESH
456770,Kanasia,Ujjain,MADHYA PRADESH
456771,Barnagar,Ujjain,MADHYA PRADESH
456776,Runija,Ujjain,MADHYA PRADESH
457001,Ratlam,Ratlam,MADHYA PRADESH
457114,Alote,Ratlam,MADHYA PRADESH
457118,Tal,Ratlam,MADHYA PRADESH
457119,Kharwa kalan,Ratlam,MADHYA PRADESH
457222,Namli,Ratlam,MADHYA PRADESH
457226,Jaora,Ratlam,MADHYA PRADESH
457331,Piploda,Ratlam,MADHYA PRADESH
457333,Sukheda,Ratlam,MADHYA PRADESH
457336,Ringnod,Ratlam,MADHYA PRADESH
457339,Dhodhar RS,Ratlam,MADHYA PRADESH
457340,Khalukheda,Ratlam,MADHYA PRADESH
457441,Bilpank,Ratlam,MADHYA PRADESH
457550,Sailana,Ratlam,MADHYA PRADESH
457555,Bajna,Ratlam,MADHYA PRADESH
457661,Jhabua,Jhabua,MADHYA PRADESH
457770,Bamnia,Jhabua,MADHYA PRADESH
457772,Khawasa,Jhabua,MADHYA PRADESH
457773,Petlawad,Jhabua,MADHYA PRADESH
457775,Raipuria,Jhabua,MADHYA PRADESH
457777,Thandla,Jhabua,MADHYA PRADESH
457779,Meghnagar,Jhabua,MADHYA PRADESH
457882,Bhabhra,Jhabua,MADHYA PRADESH
457885,Katthiwada,Alirajpur,MADHYA PRADESH
457887,Alirajpur,Alirajpur,MADHYA PRADESH
457888,Sondwa,Alirajpur,MADHYA PRADESH
457990,Jobat,Jhabua,MADHYA PRADESH
457993,Ranapur,Jhabua,MADHYA PRADESH
458001,Mandsaur,Mandsaur,MADHYA PRADESH
458002,Mandsaur City,Mandsaur,MADHYA PRADESH
458110,Manasa,Neemuch,MADHYA PRADESH
458113,Mahagarh,Neemuch,MADHYA PRADESH
458116,Kukdeshwar,Neemuch,MADHYA PRADESH
458118,Rampura,Neemuch,MADHYA PRADESH
458220,Sarwania Maharaj,Neemuch,MADHYA PRADESH
458226,Ratangarh,Neemuch,MADHYA PRADESH
458228,Singoli,Neemuch,MADHYA PRADESH
458330,Jawad,Neemuch,MADHYA PRADESH
458336,Jeeran,Neemuch,MADHYA PRADESH
458339,Malhargarh,Mandsaur,MADHYA PRADESH
458389,Laduna,Mandsaur,MADHYA PRADESH
458441,Neemuch,Neemuch,MADHYA PRADESH
458468,Nayagaon C F,Neemuch,MADHYA PRADESH
458470,Khor,Neemuch,MADHYA PRADESH
458553,Narayangarh,Mandsaur,MADHYA PRADESH
458556,Budha,Mandsaur,MADHYA PRADESH
458558,Nahargarh,Mandsaur,MADHYA PRADESH
458664,Piplia,Mandsaur,MADHYA PRADESH
458667,Dalauda,Mandsaur,MADHYA PRADESH
458669,Kachnara Flag,Mandsaur,MADHYA PRADESH
458771,Gandhi Sagar,Mandsaur,MADHYA PRADESH
458775,Bhanpura,Mandsaur,MADHYA PRADESH
458778,Bhensoda Mandi,Mandsaur,MADHYA PRADESH
458880,Garoth,Mandsaur,MADHYA PRADESH
458883,Shamgarh,Mandsaur,MADHYA PRADESH
458888,Suwasara Mandi,Mandsaur,MADHYA PRADESH
458895,Degaon Mali,Mandsaur,MADHYA PRADESH
458990,Sitamau,Mandsaur,MADHYA PRADESH
460001,Betul,Betul,MADHYA PRADESH
460004,Betul Bazaar,Betul,MADHYA PRADESH
460110,Athanair,Betul,MADHYA PRADESH
460220,Bhainsdehi,Betul,MADHYA PRADESH
460225,Khedisaoligarh,Betul,MADHYA PRADESH
460330,Chicholi,Betul,MADHYA PRADESH
460440,Shahpur,Betul,MADHYA PRADESH
460443,Ghoradongari,Betul,MADHYA PRADESH
460447,Sarni,Betul,MADHYA PRADESH
460449,Pathakheda,Betul,MADHYA PRADESH
460551,Amla,Betul,MADHYA PRADESH
460553,Amla Depot,Betul,MADHYA PRADESH
460554,Bordehi,Betul,MADHYA PRADESH
460557,Sainkheda,Betul,MADHYA PRADESH
460661,Multai,Betul,MADHYA PRADESH
460663,Dunawa,Betul,MADHYA PRADESH
460665,Prabhat Pattan,Betul,MADHYA PRADESH
460666,Rai Amla,Betul,MADHYA PRADESH
460668,Masod,Betul,MADHYA PRADESH
461001,Hoshangabad,Hoshangabad,MADHYA PRADESH
461005,Sp Mills Hoshangabad,Hoshangabad,MADHYA PRADESH
461110,Powarkheda,Hoshangabad,MADHYA PRADESH
461111,Itarsi,Hoshangabad,MADHYA PRADESH
461114,Cpe Itarsi,Hoshangabad,MADHYA PRADESH
461115,NYC Itarsi,Hoshangabad,MADHYA PRADESH
461116,Dolaria,Hoshangabad,MADHYA PRADESH
461122,OFE Itarsi,Hoshangabad,MADHYA PRADESH
461221,Banapura,Hoshangabad,MADHYA PRADESH
461223,Seoni Malwa,Hoshangabad,MADHYA PRADESH
461228,Timarni,Harda,MADHYA PRADESH
461331,Harda,Harda,MADHYA PRADESH
461441,Khirkiyan R.S.,Harda,MADHYA PRADESH
461446,Of Itarsi,Hoshangabad,MADHYA PRADESH
461551,Tawa Nagar,Hoshangabad,MADHYA PRADESH
461661,Babai,Hoshangabad,MADHYA PRADESH
461668,Semri Harchand,Hoshangabad,MADHYA PRADESH
461771,Sohagpur R.S.,Hoshangabad,MADHYA PRADESH
461775,Piparia,Hoshangabad,MADHYA PRADESH
461881,Pachmarhi,Hoshangabad,MADHYA PRADESH
461990,Bankhedi,Hoshangabad,MADHYA PRADESH
462001,Bhopal G.P.O.,Bhopal,MADHYA PRADESH
462002,Vidya Vihar,Bhopal,MADHYA PRADESH
462003,C.T.T.Nagar,Bhopal,MADHYA PRADESH
462004,Satpura,Bhopal,MADHYA PRADESH
462008,Jahangirabad,Bhopal,MADHYA PRADESH
462010,Sikandri Sarai,Bhopal,MADHYA PRADESH
462011,Shiksha Mandal,Bhopal,MADHYA PRADESH
462016,R.S.Nagar,Bhopal,MADHYA PRADESH
462020,AIIMS,Bhopal,MADHYA PRADESH
462022,Bhel,Bhopal,MADHYA PRADESH
462023,Govindpura,Bhopal,MADHYA PRADESH
462024,H.E. Hospital,Bhopal,MADHYA PRADESH
462026,University,Bhopal,MADHYA PRADESH
462027,Arera Hills,Bhopal,MADHYA PRADESH
462030,Bairagarh,Bhopal,MADHYA PRADESH
462031,3 EME Centre,Bhopal,MADHYA PRADESH
462033,RGPV,Bhopal,MADHYA PRADESH
462036,Gandhi Nagar,Bhopal,MADHYA PRADESH
462037,Peoples Campus,Bhopal,MADHYA PRADESH
462038,M.L. Nagar,Bhopal,MADHYA PRADESH
462039,Trilanga,Bhopal,MADHYA PRADESH
462040,IBD Hallmark City Kolar Road,Bhopal,MADHYA PRADESH
462041,Ayodhaya Nagar,Bhopal,MADHYA PRADESH
462042,Kolar Road,Bhopal,MADHYA PRADESH
462043,Bag Mungalia,Bhopal,MADHYA PRADESH
462044,Suraj Nagar,Bhopal,MADHYA PRADESH
462045,Bangrasia,Bhopal,MADHYA PRADESH
462046,Mandideep,Raisen,MADHYA PRADESH
462047,Misord,Bhopal,MADHYA PRADESH
462066,IISER Bhouri,Bhopal,MADHYA PRADESH
462100,Nariyal Kheda,Bhopal,MADHYA PRADESH
462101,Dillod,Bhopal,MADHYA PRADESH
462120,Nazirabad,Bhopal,MADHYA PRADESH
463106,Berasia Bhopal,Bhopal,MADHYA PRADESH
463111,Lalariya,Bhopal,MADHYA PRADESH
464001,Vidisha,Vidisha,MADHYA PRADESH
464111,Shamshabad,Vidisha,MADHYA PRADESH
464113,Pipalkheda,Vidisha,MADHYA PRADESH
464114,Lateri,Vidisha,MADHYA PRADESH
464220,Gulabganj,Vidisha,MADHYA PRADESH
464221,Ganjbasoda,Vidisha,MADHYA PRADESH
464224,Kurwai,Vidisha,MADHYA PRADESH
464226,Khamkheda,Vidisha,MADHYA PRADESH
464228,Sironj,Vidisha,MADHYA PRADESH
464240,Bamora R.S,Sagar,MADHYA PRADESH
464258,Nateran,Vidisha,MADHYA PRADESH
464331,Gyaraspur,Vidisha,MADHYA PRADESH
464334,Tyonda,Vidisha,MADHYA PRADESH
464337,Pathari,Vidisha,MADHYA PRADESH
464551,Raisen,Raisen,MADHYA PRADESH
464570,Sultanaganj,Raisen,MADHYA PRADESH
464573,Dehgaon,Raisen,MADHYA PRADESH
464651,Salamatpur,Raisen,MADHYA PRADESH
464661,Sanchi,Raisen,MADHYA PRADESH
464665,Badi,Raisen,MADHYA PRADESH
464668,Bareli,Raisen,MADHYA PRADESH
464671,Khargone,Raisen,MADHYA PRADESH
464672,Bamhori,Raisen,MADHYA PRADESH
464770,Udaipura,Raisen,MADHYA PRADESH
464774,Deori,Raisen,MADHYA PRADESH
464776,Panjra,Raisen,MADHYA PRADESH
464881,Begumganj,Raisen,MADHYA PRADESH
464884,Gairatganj,Raisen,MADHYA PRADESH
464886,Silwani,Raisen,MADHYA PRADESH
464986,Sultanpur,Raisen,MADHYA PRADESH
464990,Goharganj,Raisen,MADHYA PRADESH
464993,Obedullaganj,Raisen,MADHYA PRADESH
465001,Shajapur,Shajapur,MADHYA PRADESH
465106,Maksi,Shajapur,MADHYA PRADESH
465110,Berchha,Shajapur,MADHYA PRADESH
465113,Sundersi,Shajapur,MADHYA PRADESH
465116,Polai Kalan,Shajapur,MADHYA PRADESH
465118,AWANTIPUR BARODIYA,Shajapur,MADHYA PRADESH
465220,Kalisindh,Shajapur,MADHYA PRADESH
465223,Akodia,Shajapur,MADHYA PRADESH
465226,Barodia Kumaria,Shajapur,MADHYA PRADESH
465227,Salsalai,Shajapur,MADHYA PRADESH
465230,Kanad,Shajapur,MADHYA PRADESH
465333,Shujalpur  Mandi,Shajapur,MADHYA PRADESH
465335,Jamner,Shajapur,MADHYA PRADESH
465337,Kalapipal,Shajapur,MADHYA PRADESH
465339,Khokra Kalan,Shajapur,MADHYA PRADESH
465441,Agar Malwa,Shajapur,MADHYA PRADESH
465445,Nalkheda,Shajapur,MADHYA PRADESH
465447,Susner,Shajapur,MADHYA PRADESH
465449,Soyat Kalan,Shajapur,MADHYA PRADESH
465550,Barode,Shajapur,MADHYA PRADESH
465661,Rajgarh,Rajgarh,MADHYA PRADESH
465667,Kurawar,Rajgarh,MADHYA PRADESH
465669,Narsinghgarh,Rajgarh,MADHYA PRADESH
465674,Biaora,Rajgarh,MADHYA PRADESH
465677,Suthalia,Rajgarh,MADHYA PRADESH
465679,Khilchipur,Rajgarh,MADHYA PRADESH
465680,Talen,Rajgarh,MADHYA PRADESH
465683,Pachore,Rajgarh,MADHYA PRADESH
465685,Boda,Rajgarh,MADHYA PRADESH
465687,Khujner,Rajgarh,MADHYA PRADESH
465689,Chhapiheda,Rajgarh,MADHYA PRADESH
465691,Zeerapur,Rajgarh,MADHYA PRADESH
465693,Machalpur,Rajgarh,MADHYA PRADESH
465697,Sarangpur,Rajgarh,MADHYA PRADESH
466001,Sehore,Sehore,MADHYA PRADESH
466111,Bilkisganj,Sehore,MADHYA PRADESH
466113,Amlaha,Sehore,MADHYA PRADESH
466114,Kotri,Sehore,MADHYA PRADESH
466115,Ichawar,Sehore,MADHYA PRADESH
466116,Ashta,Sehore,MADHYA PRADESH
466118,Metwada,Sehore,MADHYA PRADESH
466120,Siddikganj,Sehore,MADHYA PRADESH
466125,Maina,Sehore,MADHYA PRADESH
466221,Jawar,Sehore,MADHYA PRADESH
466331,Nasrllaganj,Sehore,MADHYA PRADESH
466445,Budhni T.N.,Sehore,MADHYA PRADESH
466446,Rehti,Sehore,MADHYA PRADESH
466448,Baktara,Sehore,MADHYA PRADESH
466554,Shahganj,Sehore,MADHYA PRADESH
466651,Shyampur,Sehore,MADHYA PRADESH
466661,Doraha,Sehore,MADHYA PRADESH
466665,Ahmedpur,Sehore,MADHYA PRADESH
470001,Sagar Cantt,Sagar,MADHYA PRADESH
470002,Sagar City,Sagar,MADHYA PRADESH
470003,Sagar University,Sagar,MADHYA PRADESH
470004,Sagar Makronia Camp,Sagar,MADHYA PRADESH
470021,Bamora,Sagar,MADHYA PRADESH
470051,Bilahra Raja,Sagar,MADHYA PRADESH
470113,Bina,Sagar,MADHYA PRADESH
470115,Jaruakheda,Sagar,MADHYA PRADESH
470117,Khurai,Sagar,MADHYA PRADESH
470118,Khimlasa,Sagar,MADHYA PRADESH
470119,Rahatgarh,Sagar,MADHYA PRADESH
470120,Sihora,Sagar,MADHYA PRADESH
470124,Bina BORL,Sagar,MADHYA PRADESH
470125,Jaisinagar,Sagar,MADHYA PRADESH
470221,Surkhi,Sagar,MADHYA PRADESH
470223,Gaurjhamar,Sagar,MADHYA PRADESH
470226,Deori,Sagar,MADHYA PRADESH
470227,Rehli,Sagar,MADHYA PRADESH
470228,Dhana,Sagar,MADHYA PRADESH
470229,Garhakota,Sagar,MADHYA PRADESH
470232,Garhakota Nadipar,Sagar,MADHYA PRADESH
470235,Kesli,Sagar,MADHYA PRADESH
470335,Banda Belai,Sagar,MADHYA PRADESH
470337,Karrapur,Sagar,MADHYA PRADESH
470339,Shahgarh,Sagar,MADHYA PRADESH
470441,Malthone,Sagar,MADHYA PRADESH
470442,Bandri,Sagar,MADHYA PRADESH
470661,Damoh,Damoh,MADHYA PRADESH
470663,Nohata,Damoh,MADHYA PRADESH
470664,Bandakpur,Damoh,MADHYA PRADESH
470666,Pathariya,Damoh,MADHYA PRADESH
470669,Shahpur Magrone,Sagar,MADHYA PRADESH
470672,Bansa Tarkheda,Damoh,MADHYA PRADESH
470673,Batiagarh,Damoh,MADHYA PRADESH
470675,Narsingarh,Damoh,MADHYA PRADESH
470771,Hindoriya,Damoh,MADHYA PRADESH
470772,Patera,Damoh,MADHYA PRADESH
470775,Hatta,Damoh,MADHYA PRADESH
470880,Tendukheda,Damoh,MADHYA PRADESH
470881,Jabera,Damoh,MADHYA PRADESH
471001,Chhatarpur,Chhatarpur,MADHYA PRADESH
471101,Chandra Nagar,Chhatarpur,MADHYA PRADESH
471105,Bamitha,Chhatarpur,MADHYA PRADESH
471111,Harpalpur,Chhatarpur,MADHYA PRADESH
471201,Nowgong,Chhatarpur,MADHYA PRADESH
471301,Gulganj,Chhatarpur,MADHYA PRADESH
471311,Badamalehara,Chhatarpur,MADHYA PRADESH
471313,Ghaura,Chhatarpur,MADHYA PRADESH
471315,Isanagar,Chhatarpur,MADHYA PRADESH
471318,Buxwaha,Chhatarpur,MADHYA PRADESH
471405,Bijawar,Chhatarpur,MADHYA PRADESH
471408,Satai,Chhatarpur,MADHYA PRADESH
471411,Gadimalehara,Chhatarpur,MADHYA PRADESH
471501,Maharajpur,Chhatarpur,MADHYA PRADESH
471510,Jujhar Nagar,Chhatarpur,MADHYA PRADESH
471515,Laundi,Chhatarpur,MADHYA PRADESH
471516,Gaurihar,Chhatarpur,MADHYA PRADESH
471525,Chandla,Chhatarpur,MADHYA PRADESH
471606,Khajuraho,Chhatarpur,MADHYA PRADESH
471625,Rajnager,Chhatarpur,MADHYA PRADESH
472001,Tikamgarh,Tikamgarh,MADHYA PRADESH
472005,Kundshwer,Tikamgarh,MADHYA PRADESH
472010,Badagaon,Tikamgarh,MADHYA PRADESH
472101,Mohangarh,Tikamgarh,MADHYA PRADESH
472111,Baldeogarh,Tikamgarh,MADHYA PRADESH
472115,Khargapur,Tikamgarh,MADHYA PRADESH
472118,Jatara,Tikamgarh,MADHYA PRADESH
472221,Palera,Tikamgarh,MADHYA PRADESH
472246,Orchha,Tikamgarh,MADHYA PRADESH
472331,Lidhora,Tikamgarh,MADHYA PRADESH
472336,Prithvipur,Tikamgarh,MADHYA PRADESH
472337,Jeron,Tikamgarh,MADHYA PRADESH
472339,Digoda,Tikamgarh,MADHYA PRADESH
472442,Niwari,Tikamgarh,MADHYA PRADESH
472445,Taricharkala,Tikamgarh,MADHYA PRADESH
472446,Sendri,Tikamgarh,MADHYA PRADESH
472447,Teharka,Tikamgarh,MADHYA PRADESH
473001,Guna,Guna,MADHYA PRADESH
473101,Aroun,Guna,MADHYA PRADESH
473105,Bamori,Guna,MADHYA PRADESH
473110,Ruthiyai,Guna,MADHYA PRADESH
473111,N.F.L.Vijaipur,Guna,MADHYA PRADESH
473112,Gail Complex,Guna,MADHYA PRADESH
473113,Myana,Guna,MADHYA PRADESH
473115,Binaganj,Guna,MADHYA PRADESH
473118,Chachauda,Guna,MADHYA PRADESH
473222,Kumbhraj,Guna,MADHYA PRADESH
473226,Raghogarh,Guna,MADHYA PRADESH
473249,Bajranggarh,Guna,MADHYA PRADESH
473287,Maksudangarh,Guna,MADHYA PRADESH
473330,Shadora,Ashok Nagar,MADHYA PRADESH
473331,Ashoknagar,Guna,MADHYA PRADESH
473332,Naisarai,Ashok Nagar,MADHYA PRADESH
473335,Esagarh,Ashok Nagar,MADHYA PRADESH
473440,Piprai,Ashok Nagar,MADHYA PRADESH
473443,Mungaoli,Ashok Nagar,MADHYA PRADESH
473444,Sehrai,Ashok Nagar,MADHYA PRADESH
473445,Bahadurpur,Ashok Nagar,MADHYA PRADESH
473446,Chanderi,Ashok Nagar,MADHYA PRADESH
473551,Shivpuri,Shivpuri,MADHYA PRADESH
473585,Bamorkalan,Shivpuri,MADHYA PRADESH
473638,Katthamil Shivpuri,Shivpuri,MADHYA PRADESH
473660,Karera,Shivpuri,MADHYA PRADESH
473662,T.C.Karera,Shivpuri,MADHYA PRADESH
473665,Dinara,Shivpuri,MADHYA PRADESH
473670,Manpura,Shivpuri,MADHYA PRADESH
473770,Kolaras,Shivpuri,MADHYA PRADESH
473774,Jagatpur,Shivpuri,MADHYA PRADESH
473775,Pohari,Shivpuri,MADHYA PRADESH
473781,Rannod,Shivpuri,MADHYA PRADESH
473793,Berad,Shivpuri,MADHYA PRADESH
473865,Magroni,Shivpuri,MADHYA PRADESH
473880,Narwar,Shivpuri,MADHYA PRADESH
473885,Badarwas,Shivpuri,MADHYA PRADESH
473990,Khaniyadhana,Shivpuri,MADHYA PRADESH
473995,Pichhore,Shivpuri,MADHYA PRADESH
474001,Lashkar,Gwalior,MADHYA PRADESH
474002,Gwalior R.S.,Gwalior,MADHYA PRADESH
474003,Gwalior City,Gwalior,MADHYA PRADESH
474004,Birla Nagar,Gwalior,MADHYA PRADESH
474005,Gwalior Residency,Gwalior,MADHYA PRADESH
474006,Morar,Gwalior,MADHYA PRADESH
474007,Moti Mahal,Gwalior,MADHYA PRADESH
474008,Gwalior Fort,Gwalior,MADHYA PRADESH
474009,Lashkar City,Gwalior,MADHYA PRADESH
474010,Moti Jheel,Gwalior,MADHYA PRADESH
474011,R.K Puri Gwalior,Gwalior,MADHYA PRADESH
474012,S.P. Ashram,Gwalior,MADHYA PRADESH
474015,AB VIII TM Gwalior,Gwalior,MADHYA PRADESH
474020,Maharajpura A.F.,Gwalior,MADHYA PRADESH
475001,Antri,Gwalior,MADHYA PRADESH
475002,Behat,Gwalior,MADHYA PRADESH
475005,Tekanpur,Gwalior,MADHYA PRADESH
475110,Dabra,Gwalior,MADHYA PRADESH
475115,Pichhore Gird,Gwalior,MADHYA PRADESH
475220,Bhitarwar,Gwalior,MADHYA PRADESH
475330,Mohna,Gwalior,MADHYA PRADESH
475335,Bhandair,Datia,MADHYA PRADESH
475336,Salon B.,Datia,MADHYA PRADESH
475661,Datia,Datia,MADHYA PRADESH
475671,Unnao,Datia,MADHYA PRADESH
475673,Tharet,Datia,MADHYA PRADESH
475675,Indergarh,Datia,MADHYA PRADESH
475682,Seondha,Datia,MADHYA PRADESH
475685,Sonagir,Datia,MADHYA PRADESH
475686,Baroni Datia,Datia,MADHYA PRADESH
476001,Morena,Morena,MADHYA PRADESH
476111,Ambah,Morena,MADHYA PRADESH
476115,Porsa,Morena,MADHYA PRADESH
476134,Dimni,Morena,MADHYA PRADESH
476219,Baghchini,Morena,MADHYA PRADESH
476221,Joura,Morena,MADHYA PRADESH
476224,Kelaras,Morena,MADHYA PRADESH
476228,Pahadgarh,Morena,MADHYA PRADESH
476229,Sabalgarh,Morena,MADHYA PRADESH
476332,Bijaipur,Sheopur,MADHYA PRADESH
476335,Beerpur,Sheopur,MADHYA PRADESH
476337,Sheopur,Sheopur,MADHYA PRADESH
476339,Sheopur Baroda,Sheopur,MADHYA PRADESH
476355,Karhal,Sheopur,MADHYA PRADESH
476444,Banmore,Morena,MADHYA PRADESH
476554,Khadiahar,Morena,MADHYA PRADESH
477001,Bhind,Bhind,MADHYA PRADESH
477105,Nai Zameen Bhind,Bhind,MADHYA PRADESH
477111,Attair,Bhind,MADHYA PRADESH
477116,Gohad,Bhind,MADHYA PRADESH
477117,Malanpur,Bhind,MADHYA PRADESH
477222,Mau,Bhind,MADHYA PRADESH
477227,Amayan,Bhind,MADHYA PRADESH
477331,Umri,Bhind,MADHYA PRADESH
477332,Akoda,Bhind,MADHYA PRADESH
477333,Sagra,Bhind,MADHYA PRADESH
477335,Raun,Bhind,MADHYA PRADESH
477441,Mihona,Bhind,MADHYA PRADESH
477445,Lahar,Bhind,MADHYA PRADESH
477446,Aswar,Bhind,MADHYA PRADESH
477447,Daboh,Bhind,MADHYA PRADESH
477449,Alampur,Bhind,MADHYA PRADESH
477555,Phoop,Bhind,MADHYA PRADESH
477557,Mehgoun,Bhind,MADHYA PRADESH
477566,Barhi,Bhind,MADHYA PRADESH
477660,Gormi,Bhind,MADHYA PRADESH
480001,Chhindwara,Chhindwara,MADHYA PRADESH
480003,Chandangaon,Chhindwara,MADHYA PRADESH
480105,Mohgaon Haveli,Chhindwara,MADHYA PRADESH
480106,Sausar,Chhindwara,MADHYA PRADESH
480107,Umaranala,Chhindwara,MADHYA PRADESH
480108,Lodhikheda,Chhindwara,MADHYA PRADESH
480109,Piplanarayanwar,Chhindwara,MADHYA PRADESH
480110,Chand,Chhindwara,MADHYA PRADESH
480111,Bichhua,Chhindwara,MADHYA PRADESH
480112,Mohkhed,Chhindwara,MADHYA PRADESH
480115,Chourai,Chhindwara,MADHYA PRADESH
480221,Amarwara,Chhindwara,MADHYA PRADESH
480223,Singodi,Chhindwara,MADHYA PRADESH
480224,Harrai,Chhindwara,MADHYA PRADESH
480331,Saori Bazaar,Chhindwara,MADHYA PRADESH
480334,Pandhurna,Chhindwara,MADHYA PRADESH
480337,Seoni Sausar,Chhindwara,MADHYA PRADESH
480338,Teegaon,Chhindwara,MADHYA PRADESH
480441,Parasia,Betul,MADHYA PRADESH
480447,Chandametta,Chhindwara,MADHYA PRADESH
480449,Eklehra,Chhindwara,MADHYA PRADESH
480551,Junnardeo,Chhindwara,MADHYA PRADESH
480555,Damua,Chhindwara,MADHYA PRADESH
480557,Newton Chikhali,Chhindwara,MADHYA PRADESH
480559,Tamia,Chhindwara,MADHYA PRADESH
480661,Seoni,Seoni,MADHYA PRADESH
480667,Barghat,Seoni,MADHYA PRADESH
480771,Ari,Seoni,MADHYA PRADESH
480880,Korai,Seoni,MADHYA PRADESH
480881,Khawasa,Seoni,MADHYA PRADESH
480882,Bandol,Seoni,MADHYA PRADESH
480884,Chhapara,Seoni,MADHYA PRADESH
480886,Lakhnadon,Seoni,MADHYA PRADESH
480887,Adegaon,Seoni,MADHYA PRADESH
480888,Dhuma,Seoni,MADHYA PRADESH
480990,Kanhiwada,Seoni,MADHYA PRADESH
480991,Khairapalari,Seoni,MADHYA PRADESH
480994,Keolari,Seoni,MADHYA PRADESH
480996,Ugli,Seoni,MADHYA PRADESH
480997,Ghansore,Seoni,MADHYA PRADESH
480999,Kahani,Seoni,MADHYA PRADESH
481001,Balaghat,Balaghat,MADHYA PRADESH
481051,Birsa,Balaghat,MADHYA PRADESH
481102,Bharveli,Balaghat,MADHYA PRADESH
481105,Ukwa,Balaghat,MADHYA PRADESH
481111,Baihar,Balaghat,MADHYA PRADESH
481115,Kirnapur,Balaghat,MADHYA PRADESH
481116,Malanjkhand,Balaghat,MADHYA PRADESH
481117,Garhi,Balaghat,MADHYA PRADESH
481222,Lanji,Balaghat,MADHYA PRADESH
481224,Karanja,Balaghat,MADHYA PRADESH
481226,Hatta,Balaghat,MADHYA PRADESH
481331,Waraseoni,Balaghat,MADHYA PRADESH
481332,Budbuda,Balaghat,MADHYA PRADESH
481335,Rampaily,Balaghat,MADHYA PRADESH
481337,Khairlanji,Balaghat,MADHYA PRADESH
481441,Lalbarra,Balaghat,MADHYA PRADESH
481445,Katangi,Balaghat,MADHYA PRADESH
481449,Tirodi,Balaghat,MADHYA PRADESH
481551,Lamta,Balaghat,MADHYA PRADESH
481556,Paraswada,Balaghat,MADHYA PRADESH
481661,Mandla,Mandla,MADHYA PRADESH
481662,Padariyanarayan Ganj,Mandla,MADHYA PRADESH
481663,Mohgaon,Mandla,MADHYA PRADESH
481664,Ghughri,Mandla,MADHYA PRADESH
481665,Maharajpur,Mandla,MADHYA PRADESH
481666,Beejadandi,Mandla,MADHYA PRADESH
481668,Pindrai,Mandla,MADHYA PRADESH
481672,Chabi,Mandla,MADHYA PRADESH
481768,Chiraidongri,Mandla,MADHYA PRADESH
481771,Bamni,Mandla,MADHYA PRADESH
481776,Nainpur,Mandla,MADHYA PRADESH
481778,Samnapur,Dindori,MADHYA PRADESH
481879,Shahpur,Dindori,MADHYA PRADESH
481880,Dindori,Dindori,MADHYA PRADESH
481882,Gadasarai,Dindori,MADHYA PRADESH
481883,Bajag,Dindori,MADHYA PRADESH
481884,Gorakhpur,Dindori,MADHYA PRADESH
481885,Niwas,Mandla,MADHYA PRADESH
481990,Shahpura Niwas,Dindori,MADHYA PRADESH
481995,Bhuabichhia,Mandla,MADHYA PRADESH
481996,Sijhora,Mandla,MADHYA PRADESH
481998,Anjania,Mandla,MADHYA PRADESH
482001,Jabalpur,Jabalpur,MADHYA PRADESH
482002,Jabalpur City,Jabalpur,MADHYA PRADESH
482003,Garha,Jabalpur,MADHYA PRADESH
482004,Adhartal,Jabalpur,MADHYA PRADESH
482005,Khamaria,Jabalpur,MADHYA PRADESH
482008,Vidyut Nagar,Jabalpur,MADHYA PRADESH
482009,Vehicle Factory,Jabalpur,MADHYA PRADESH
482010,Richhai,Jabalpur,MADHYA PRADESH
482011,Gokulpur,Jabalpur,MADHYA PRADESH
482020,Bilhari,Jabalpur,MADHYA PRADESH
482021,R.F.R.C.,Jabalpur,MADHYA PRADESH
482051,Bargi,Jabalpur,MADHYA PRADESH
482056,Bargi Nagar,Jabalpur,MADHYA PRADESH
483001,Barela,Jabalpur,MADHYA PRADESH
483053,Bheraghat,Jabalpur,MADHYA PRADESH
483105,Katangi,Jabalpur,MADHYA PRADESH
483110,Kundam,Jabalpur,MADHYA PRADESH
483113,Patan,Jabalpur,MADHYA PRADESH
483119,Shahpura,Jabalpur,MADHYA PRADESH
483220,Panagar,Jabalpur,MADHYA PRADESH
483222,Gosalpur,Katni,MADHYA PRADESH
483225,Sihora,Katni,MADHYA PRADESH
483330,Bahori Band,Katni,MADHYA PRADESH
483331,Bakal,Katni,MADHYA PRADESH
483332,Umaria Pan,Katni,MADHYA PRADESH
483334,Saroli Majhgawan,Jabalpur,MADHYA PRADESH
483336,Majholi,Katni,MADHYA PRADESH
483440,Slleemanabad,Katni,MADHYA PRADESH
483442,Niwar,Katni,MADHYA PRADESH
483501,Katni,Katni,MADHYA PRADESH
483504,Katni Cement Factory,Katni,MADHYA PRADESH
483770,Barhi,Katni,MADHYA PRADESH
483773,Badwara,Katni,MADHYA PRADESH
483775,Vijayraghavgarh,Katni,MADHYA PRADESH
483880,Kymore,Jabalpur,MADHYA PRADESH
483990,Rithi,Katni,MADHYA PRADESH
484001,Shahdol,Shahdol,MADHYA PRADESH
484110,Burhar,Shahdol,MADHYA PRADESH
484113,Venkatnagar,Anuppur,MADHYA PRADESH
484114,Dhanpuri,Shahdol,MADHYA PRADESH
484116,Amai Colliery,Anuppur,MADHYA PRADESH
484117,Amlai Paper Mills,Shahdol,MADHYA PRADESH
484120,S.K. Nagar,Shahdol,MADHYA PRADESH
484220,Chachai,Anuppur,MADHYA PRADESH
484224,Anuppur,Anuppur,MADHYA PRADESH
484330,Jaithari,Anuppur,MADHYA PRADESH
484334,Kotma,Anuppur,MADHYA PRADESH
484336,Kotma Colliery,Anuppur,MADHYA PRADESH
484440,Bijuri,Shahdol,MADHYA PRADESH
484444,Jamuna Colliery,Shahdol,MADHYA PRADESH
484446,Rajnagar Colliery,Shahdol,MADHYA PRADESH
484447,Amadand,Anuppur,MADHYA PRADESH
484551,Birsinghpur Pali,Umaria,MADHYA PRADESH
484555,Nowrozabad,Umaria,MADHYA PRADESH
484660,Chandia,Umaria,MADHYA PRADESH
484661,Umaria,Umaria,MADHYA PRADESH
484664,Bandhavgarh National Park,Umaria,MADHYA PRADESH
484665,Manpur,Umaria,MADHYA PRADESH
484669,Jaitpur,Shahdol,MADHYA PRADESH
484770,Gohparu,Shahdol,MADHYA PRADESH
484771,Jaisinghnagar,Shahdol,MADHYA PRADESH
484774,Beohari,Shahdol,MADHYA PRADESH
484776,Bansagar,Shahdol,MADHYA PRADESH
484881,Rajendragram,Shahdol,MADHYA PRADESH
484886,Amarkantak,Anuppur,MADHYA PRADESH
484887,Igntu Amarkantak,Anuppur,MADHYA PRADESH
485001,Satna,Satna,MADHYA PRADESH
485005,Satna Birla Vikas,Satna,MADHYA PRADESH
485111,Ramvan,Satna,MADHYA PRADESH
485112,Babupur,Satna,MADHYA PRADESH
485113,Madhogarh,Satna,MADHYA PRADESH
485114,Sagmania,Satna,MADHYA PRADESH
485115,Rampur Baghelan,Satna,MADHYA PRADESH
485221,Jaitwara,Satna,MADHYA PRADESH
485226,Birsinghpur,Satna,MADHYA PRADESH
485331,Majhgawan,Satna,MADHYA PRADESH
485334,M G  G V chitrakoot,Satna,MADHYA PRADESH
485441,Sohawal,Satna,MADHYA PRADESH
485446,Nagod,Satna,MADHYA PRADESH
485447,Singhpur,Satna,MADHYA PRADESH
485551,Jaso,Satna,MADHYA PRADESH
485661,Unchehara,Satna,MADHYA PRADESH
485666,Kothi,Satna,MADHYA PRADESH
485771,Maihar,Satna,MADHYA PRADESH
485772,Sarlanagar,Satna,MADHYA PRADESH
485773,Amadara,Satna,MADHYA PRADESH
485774,Nadan,Satna,MADHYA PRADESH
485775,Amarpatan,Satna,MADHYA PRADESH
485778,Kathaha,Satna,MADHYA PRADESH
485881,Ramnagar,Satna,MADHYA PRADESH
486001,Rewa,Rewa,MADHYA PRADESH
486002,Rewa Engineering College,Rewa,MADHYA PRADESH
486003,Rewa APSU,Rewa,MADHYA PRADESH
486004,Rewa City,Rewa,MADHYA PRADESH
486005,Rewa Bansagar Coloney,Rewa,MADHYA PRADESH
486006,Chorahata,Rewa,MADHYA PRADESH
486111,Mangawan,Rewa,MADHYA PRADESH
486114,Raipur Karchulion,Rewa,MADHYA PRADESH
486115,Garh,Rewa,MADHYA PRADESH
486117,Katra,Rewa,MADHYA PRADESH
486123,Manikwar,Rewa,MADHYA PRADESH
486220,Teonthar,Rewa,MADHYA PRADESH
486223,Jawa,Rewa,MADHYA PRADESH
486226,Chak,Rewa,MADHYA PRADESH
486331,Mauganj,Rewa,MADHYA PRADESH
486333,Dhera,Rewa,MADHYA PRADESH
486335,Hanumana,Rewa,MADHYA PRADESH
486338,Raghunathganj,Rewa,MADHYA PRADESH
486340,Naigarhi,Rewa,MADHYA PRADESH
486341,Deotalab,Rewa,MADHYA PRADESH
486440,Laxmanpur,Rewa,MADHYA PRADESH
486441,Baikunthpur,Rewa,MADHYA PRADESH
486445,Semariya,Rewa,MADHYA PRADESH
486446,Beeda,Rewa,MADHYA PRADESH
486447,Patehara,Rewa,MADHYA PRADESH
486448,Sirmour,Rewa,MADHYA PRADESH
486450,Jaypee Nagar,Rewa,MADHYA PRADESH
486550,Govindgarh,Rewa,MADHYA PRADESH
486553,Gurh,Rewa,MADHYA PRADESH
486556,Dabhaura,Rewa,MADHYA PRADESH
486661,Sidhi,Sidhi,MADHYA PRADESH
486666,Majauli,Sidhi,MADHYA PRADESH
486669,Madwas,Sidhi,MADHYA PRADESH
486670,Sihawal,Sidhi,MADHYA PRADESH
486675,Bahri,Sidhi,MADHYA PRADESH
486771,Churhat,Sidhi,MADHYA PRADESH
486775,Rampur Naikin,Sidhi,MADHYA PRADESH
486776,Bharatpur,Sidhi,MADHYA PRADESH
486881,Jiawan,Sidhi,MADHYA PRADESH
486882,Chitrangi,Sidhi,MADHYA PRADESH
486884,Nigahi Project,Sidhi,MADHYA PRADESH
486885,Vindhyanagar,Singrauli,MADHYA PRADESH
486886,Waidhan,Singrauli,MADHYA PRADESH
486887,Amlori Project,Singrauli,MADHYA PRADESH
486888,Dudhichua Project,Singrauli,MADHYA PRADESH
486889,Singrauli Colliery,Singrauli,MADHYA PRADESH
486890,Jayant Colliery,Sidhi,MADHYA PRADESH
486892,Gorbi,Sidhi,MADHYA PRADESH
487001,Narsinghpur,Narsinghpur,MADHYA PRADESH
487110,Singhpur,Narsinghpur,MADHYA PRADESH
487114,Karakbel,Narsinghpur,MADHYA PRADESH
487118,Gotegaon,Narsinghpur,MADHYA PRADESH
487221,Kareli,Narsinghpur,MADHYA PRADESH
487225,Amgaon Bada,Narsinghpur,MADHYA PRADESH
487330,Barman,Narsinghpur,MADHYA PRADESH
487334,Dobhi,Narsinghpur,MADHYA PRADESH
487337,Sagoni Tendukheda,Narsinghpur,MADHYA PRADESH
487441,Sihora,Narsinghpur,MADHYA PRADESH
487551,Gadarwara,Narsinghpur,MADHYA PRADESH
487555,Kaudia,Narsinghpur,MADHYA PRADESH
487661,Sainkheda,Narsinghpur,MADHYA PRADESH
487770,Chichli,Narsinghpur,MADHYA PRADESH
487881,Sali Choka Road,Narsinghpur,MADHYA PRADESH
488001,Panna,Panna,MADHYA PRADESH
488050,Kakarahti,Panna,MADHYA PRADESH
488051,Barrach,Panna,MADHYA PRADESH
488059,Gunnor,Panna,MADHYA PRADESH
488220,Ajaigarh,Panna,MADHYA PRADESH
488222,Dharampur,Panna,MADHYA PRADESH
488333,Devendra Nagar,Panna,MADHYA PRADESH
488441,Amangang,Panna,MADHYA PRADESH
488442,Simariya,Panna,MADHYA PRADESH
488443,Raipura,Panna,MADHYA PRADESH
488446,Pawai,Panna,MADHYA PRADESH
488448,Sahanagar,Panna,MADHYA PRADESH
490001,Bhilai 1,Durg,CHATTISGARH
490006,Civic Centre Bhilai,Durg,CHATTISGARH
490009,Bhilai West,Durg,CHATTISGARH
490011,Khursipar Bhilai,Durg,CHATTISGARH
490020,Motilal Nehru Nagr Bhilai,Durg,CHATTISGARH
490021,Bhilai East,Durg,CHATTISGARH
490022,S A F Lines Bhilai,Durg,CHATTISGARH
490023,Supela Bhilai,Durg,CHATTISGARH
490024,Jamul Cement Works,Durg,CHATTISGARH
490025,Bhilai Marshalling Yard,Durg,CHATTISGARH
490026,I E Bhilai,Durg,CHATTISGARH
490036,Nandini,Durg,CHATTISGARH
490042,Kumhari,Durg,CHATTISGARH
491001,Durg,Durg,CHATTISGARH
491107,Utai,Durg,CHATTISGARH
491111,Patan,Durg,CHATTISGARH
491221,Anda,Durg,CHATTISGARH
491222,Sikosa,Durg,CHATTISGARH
491223,Gunderdehi,Durg,CHATTISGARH
491225,Arjunda,Durg,CHATTISGARH
491226,Balod,Durg,CHATTISGARH
491227,Gurur,Durg,CHATTISGARH
491228,Dallirajhara,Durg,CHATTISGARH
491229,Manpur,Rajnandgaon,CHATTISGARH
491230,Dondi,Durg,CHATTISGARH
491331,Dhamdha,Durg,CHATTISGARH
491332,Berla,Durg,CHATTISGARH
491335,Bemetara,Durg,CHATTISGARH
491336,Dashrangpur,Kawardha,CHATTISGARH
491337,Nawagarh,Durg,CHATTISGARH
491338,Khamaria,Durg,CHATTISGARH
491340,Nandghat,Durg,CHATTISGARH
491441,Rajnandgaon,Rajnandgaon,CHATTISGARH
491444,Ghumka,Rajnandgaon,CHATTISGARH
491445,Dongargarh,Rajnandgaon,CHATTISGARH
491557,Chichola,Rajnandgaon,CHATTISGARH
491558,Chhuria,Rajnandgaon,CHATTISGARH
491559,Pandaria,Kawardha,CHATTISGARH
491661,Dongargaon,Rajnandgaon,CHATTISGARH
491665,Ambagarh Chowki,Rajnandgaon,CHATTISGARH
491666,Mohla,Rajnandgaon,CHATTISGARH
491668,Bandha Bazar,Rajnandgaon,CHATTISGARH
491771,Dondi Lohara,Durg,CHATTISGARH
491881,Khairagah Raj,Rajnandgaon,CHATTISGARH
491885,Chhuikhadan,Rajnandgaon,CHATTISGARH
491888,Gandai Pandaria,Rajnandgaon,CHATTISGARH
491993,Saja,Durg,CHATTISGARH
491995,Kawardha,Kawardha,CHATTISGARH
491996,Sahaspur Lohara,Kabirdham,CHATTISGARH
492001,Raipur,Raipur,CHATTISGARH
492002,Mantralaya Raipur,Raipur,CHATTISGARH
492003,Urla,Raipur,CHATTISGARH
492004,Pandri,Raipur,CHATTISGARH
492005,Vidhan Sabha,Raipur,CHATTISGARH
492008,W.R.S.Colony,Raipur,CHATTISGARH
492009,Raipur Ganj,Raipur,CHATTISGARH
492010,Ravi Shankar University,Raipur,CHATTISGARH
492012,Krishak Nagar,Raipur,CHATTISGARH
492013,Sunder Nagar,Raipur,CHATTISGARH
492014,Saddu,Raipur,CHATTISGARH
492015,Mana Camp,Raipur,CHATTISGARH
492016,Mana Basti,Raipur,CHATTISGARH
492017,IBC Raipur,Raipur,CHATTISGARH
492099,Tatibandh,Raipur,CHATTISGARH
492101,Mandir Hasod,Raipur,CHATTISGARH
492109,Panduka,Raipur,CHATTISGARH
492112,Sankra,Mahasamund,CHATTISGARH
493101,Simga,Raipur,CHATTISGARH
493111,Mandhar Cement Factory,Raipur,CHATTISGARH
493113,Hathband,Raipur,CHATTISGARH
493114,Neora,Raipur,CHATTISGARH
493116,Baikunth,Raipur,CHATTISGARH
493118,Bhatapara,Raipur,CHATTISGARH
493195,Hirmi,Raipur,CHATTISGARH
493196,Grasim Vihar Rawan,Raipur,CHATTISGARH
493221,Birgaon,Raipur,CHATTISGARH
493222,Bhatgaon,Raipur,CHATTISGARH
493225,Kharora,Raipur,CHATTISGARH
493228,Pallari,Raipur,CHATTISGARH
493229,Watgan,Raipur,CHATTISGARH
493331,Rawan,Raipur,CHATTISGARH
493332,Baloda Bazar,Raipur,CHATTISGARH
493335,Kasdol,Raipur,CHATTISGARH
493338,Bilaigarh,Raipur,CHATTISGARH
493344,Katgi,Raipur,CHATTISGARH
493441,Arang,Raipur,CHATTISGARH
493445,Mahasamund,Mahasamund,CHATTISGARH
493448,Komakhan,Mahasamund,CHATTISGARH
493449,Bagbahra,Mahasamund,CHATTISGARH
493526,Lawan,Raipur,CHATTISGARH
493551,Pithora,Mahasamund,CHATTISGARH
493554,Basna,Mahasamund,CHATTISGARH
493555,Jagdishpur,Mahasamund,CHATTISGARH
493558,Saraipali,Mahasamund,CHATTISGARH
493559,Sarsiwa,Raipur,CHATTISGARH
493661,Abhanpur,Raipur,CHATTISGARH
493662,Magarlod,Dhamtari,CHATTISGARH
493663,Kurud,Dhamtari,CHATTISGARH
493770,Bhakhara,Dhamtari,CHATTISGARH
493773,Dhamtari,Dhamtari,CHATTISGARH
493776,Rudri,Dhamtari,CHATTISGARH
493778,Nagri,Dhamtari,CHATTISGARH
493881,Nawapara Rajim,Raipur,CHATTISGARH
493885,Rajim,Raipur,CHATTISGARH
493887,Kopra,Gariaband,CHATTISGARH
493888,Mainpur,Raipur,CHATTISGARH
493889,Gariaband,Raipur,CHATTISGARH
493890,Deobhog,Raipur,CHATTISGARH
493891,Gohrapadar,Gariaband,CHATTISGARH
493992,Phingeshwar,Raipur,CHATTISGARH
493996,Chhura,Raipur,CHATTISGARH
494001,Jagdalpur,Bastar,CHATTISGARH
494010,Lohandiguda,Bastar,CHATTISGARH
494111,Sukma,Dantewada,CHATTISGARH
494114,Konta,Dantewada,CHATTISGARH
494115,Tongpal,Dantewada,CHATTISGARH
494122,Dornapal,Dantewada,CHATTISGARH
494221,Asna,Bastar,CHATTISGARH
494222,Bakawand,Bastar,CHATTISGARH
494223,Bastar,Bastar,CHATTISGARH
494224,Bhanpuri,Bastar,CHATTISGARH
494226,Kondagaon,Bastar,CHATTISGARH
494228,Pharasgaon,Bastar,CHATTISGARH
494229,Pharasgaon Camp,Bastar,CHATTISGARH
494230,Piprabahigaon,Bastar,CHATTISGARH
494237,Makdi,Bastar,CHATTISGARH
494331,Keshkal,Bastar,CHATTISGARH
494332,Govindpur,Kanker,CHATTISGARH
494333,Narharpur,Kanker,CHATTISGARH
494334,Kanker,Kanker,CHATTISGARH
494335,Sarona,Kanker,CHATTISGARH
494336,Lakhanpuri,Kanker,CHATTISGARH
494337,Charama,Kanker,CHATTISGARH
494347,Vishrampuri,Bastar,CHATTISGARH
494441,Geedam,Dantewada,CHATTISGARH
494442,Tokapal Rajoor,Bastar,CHATTISGARH
494444,Bijapur,Bijapur(CGH),CHATTISGARH
494446,Bhopalpatnam,Bijapur(CGH),CHATTISGARH
494447,Awapalli,Bijapur(CGH),CHATTISGARH
494448,Madded,Bijapur(CGH),CHATTISGARH
494449,Dantewada,Dantewada,CHATTISGARH
494450,Bhairamgarh,Bijapur(CGH),CHATTISGARH
494552,Nakulnar,Dantewada,CHATTISGARH
494553,Bacheli,Dantewada,CHATTISGARH
494556,Kirandul,Dantewada,CHATTISGARH
494635,Sambalpur,Kanker,CHATTISGARH
494661,Narayanpur,Narayanpur,CHATTISGARH
494665,Antagarh,Kanker,CHATTISGARH
494669,Bhanupratappur,Kanker,CHATTISGARH
494670,Korar,Kanker,CHATTISGARH
494771,Chotekapsi,Kanker,CHATTISGARH
494776,Pakhanjore Camp,Kanker,CHATTISGARH
494777,Bandecolony,Kanker,CHATTISGARH
495001,Bilaspur,Bilaspur(CGH),CHATTISGARH
495003,Sakri,Bilaspur(CGH),CHATTISGARH
495004,Bilaspur R.S.,Bilaspur(CGH),CHATTISGARH
495006,South Eastern Coal Limited Bilaspur,Bilaspur(CGH),CHATTISGARH
495009,Koni,Bilaspur(CGH),CHATTISGARH
495112,Ganiyari,Bilaspur(CGH),CHATTISGARH
495113,Kargi Road,Bilaspur(CGH),CHATTISGARH
495115,Lormi,Bilaspur(CGH),CHATTISGARH
495116,Belgahana,Bilaspur(CGH),CHATTISGARH
495117,Pendra Road,Bilaspur(CGH),CHATTISGARH
495118,Marwahi,Bilaspur(CGH),CHATTISGARH
495119,Pendra,Bilaspur(CGH),CHATTISGARH
495220,Chakarbhata Camp,Bilaspur(CGH),CHATTISGARH
495222,Hirri Mines,Bilaspur(CGH),CHATTISGARH
495224,Bilha,Bilaspur(CGH),CHATTISGARH
495330,Takhatpur,Bilaspur(CGH),CHATTISGARH
495334,Mungeli,Bilaspur(CGH),CHATTISGARH
495335,Patharia,Bilaspur(CGH),CHATTISGARH
495442,Ratanpur,Bilaspur(CGH),CHATTISGARH
495444,Dhelwadih,Korba,CHATTISGARH
495445,Katghora,Korba,CHATTISGARH
495446,Hardi Bazar,Korba,CHATTISGARH
495447,Banki Mongra,Korba,CHATTISGARH
495448,Pondi-Uproda,Korba,CHATTISGARH
495449,Pali,Korba,CHATTISGARH
495450,Jamnipali,Korba,CHATTISGARH
495452,Wcl Gevra Project,Korba,CHATTISGARH
495454,Kusmunda Colliery,Korba,CHATTISGARH
495455,Balgi Project Korba,Korba,CHATTISGARH
495550,Jairam Nagar,Bilaspur(CGH),CHATTISGARH
495551,Masturi,Bilaspur(CGH),CHATTISGARH
495552,Akaltara,Janjgir-champa,CHATTISGARH
495553,Nariyara,Janjgir-champa,CHATTISGARH
495554,Pamgarh,Janjgir-champa,CHATTISGARH
495555,Ujwal Nagar,Bilaspur(CGH),CHATTISGARH
495556,Kharod,Janjgir-champa,CHATTISGARH
495557,Seorinarayan,Janjgir-champa,CHATTISGARH
495559,Baloda,Janjgir-champa,CHATTISGARH
495660,Bamhni Bazar,Janjgir-champa,CHATTISGARH
495661,Birra,Janjgir-champa,CHATTISGARH
495663,Gopal Nagar,Bilaspur(CGH),CHATTISGARH
495668,Janjgir,Janjgir-champa,CHATTISGARH
495671,Champa,Janjgir-champa,CHATTISGARH
495674,Bhaisma,Korba,CHATTISGARH
495677,Korba,Korba,CHATTISGARH
495682,Manikpur Colliery,Korba,CHATTISGARH
495683,Rajgamar Colliery,Korba,CHATTISGARH
495684,Balco Nagar Korba,Janjgir-champa,CHATTISGARH
495686,Saragaon,Janjgir-champa,CHATTISGARH
495687,Baradwar,Janjgir-champa,CHATTISGARH
495688,Dabhra,Janjgir-champa,CHATTISGARH
495689,Sakti,Janjgir-champa,CHATTISGARH
495690,Jaijaipur,Janjgir-champa,CHATTISGARH
495691,Malkharoda,Janjgir-champa,CHATTISGARH
495692,Chandrapur,Janjgir-champa,CHATTISGARH
495695,Adbhar,Janjgir-champa,CHATTISGARH
496001,Raigarh,Raigarh,CHATTISGARH
496005,JSPL Patrapli,Raigarh,CHATTISGARH
496100,Kondatarai,Raigarh,CHATTISGARH
496107,Tamnar,Raigarh,CHATTISGARH
496108,Urjanagar Telirampur,Raigarh,CHATTISGARH
496109,Punjipathra,Raigarh,CHATTISGARH
496111,Gharghoda,Raigarh,CHATTISGARH
496113,Lailunga,Raigarh,CHATTISGARH
496115,Rajpur,Raigarh,CHATTISGARH
496116,Dharmajaigarh,Raigarh,CHATTISGARH
496118,Pathalgoan,Jashpur,CHATTISGARH
496220,Ludeg,Jashpur,CHATTISGARH
496223,Kansabel,Jashpur,CHATTISGARH
496224,Bagicha,Jashpur,CHATTISGARH
496225,Kunkuri,Jashpur,CHATTISGARH
496227,Tapkara,Jashpur,CHATTISGARH
496242,Farsabahar,Raigarh,CHATTISGARH
496245,Lawakera,Jashpur,CHATTISGARH
496330,Manora,Jashpur,CHATTISGARH
496331,Jashpurnagar,Jashpur,CHATTISGARH
496334,Duldula,Jashpur,CHATTISGARH
496336,Sanna,Jashpur,CHATTISGARH
496338,Gholeng,Jashpur,CHATTISGARH
496440,Pussore,Raigarh,CHATTISGARH
496445,Sarangarh,Raigarh,CHATTISGARH
496450,Hardi,Raigarh,CHATTISGARH
496551,Baramkela,Raigarh,CHATTISGARH
496554,Saria,Raigarh,CHATTISGARH
496661,Kharsia,Raigarh,CHATTISGARH
496665,Chhal,Raigarh,CHATTISGARH
497001,Ambikapur,Surguja,CHATTISGARH
497101,Batouli,Surguja,CHATTISGARH
497111,Sitapur,Surguja,CHATTISGARH
497114,Pratapgarh,Surguja,CHATTISGARH
497116,Lakhanpur,Surguja,CHATTISGARH
497117,Udaipur,Surguja,CHATTISGARH
497118,Rajpur,Surguja,CHATTISGARH
497119,Balrampur,Surguja,CHATTISGARH
497220,Ramanujganj,Surguja,CHATTISGARH
497223,Pratappur,Surguja,CHATTISGARH
497224,Kusmi,Surguja,CHATTISGARH
497225,Wadrafnagar,Surguja,CHATTISGARH
497226,Bishrampur,Surguja,CHATTISGARH
497229,Surajpur,Surguja,CHATTISGARH
497231,Bhaiyathan,Surguja,CHATTISGARH
497235,Bhatgaon Colly,Surguja,CHATTISGARH
497331,Patna,Koriya,CHATTISGARH
497333,Ramanujnagar,Surguja,CHATTISGARH
497335,Baikunthapur,Koriya,CHATTISGARH
497339,Churcha Colly,Koriya,CHATTISGARH
497442,Manendragarh,Koriya,CHATTISGARH
497446,Jhagrakhand Colly,Koriya,CHATTISGARH
497447,West Jhagrakhand Colly,Koriya,CHATTISGARH
497448,South Jhagrakhand Colly,Koriya,CHATTISGARH
497449,Chirimiri Colly,Koriya,CHATTISGARH
497450,Khadgawan,Koriya,CHATTISGARH
497451,Haldibadi,Koriya,CHATTISGARH
497553,Kurasia Colly,Koriya,CHATTISGARH
497555,Godripara,Koriya,CHATTISGARH
497557,Sonawani Colly,Koriya,CHATTISGARH
497559,Korea Colly,Koriya,CHATTISGARH
497773,West Chirimiri,Koriya,CHATTISGARH
497778,Janakpur,Koriya,CHATTISGARH
500001,Hyderabad G.P.O.,Hyderabad,TELANGANA
500002,Hyderabad Jubilee,Hyderabad,TELANGANA
500003,Secunderabad,Hyderabad,TELANGANA
500004,Khairatabad,Hyderabad,TELANGANA
500005,Keshogiri,Hyderabad,TELANGANA
500006,Karwan Sahu,Hyderabad,TELANGANA
500007,Jama I Osmania,Hyderabad,TELANGANA
500008,Golconda,Hyderabad,TELANGANA
500009,Manovikasnagar,Hyderabad,TELANGANA
500010,Bolarum,Hyderabad,TELANGANA
500011,Bowenpally,Hyderabad,TELANGANA
500012,Begumbazar,Hyderabad,TELANGANA
500013,Amberpet,Hyderabad,TELANGANA
500014,Hakimpet,Hyderabad,TELANGANA
500015,Trimulgherry,Hyderabad,TELANGANA
500016,Begumpet,Hyderabad,TELANGANA
500017,Lallaguda,Hyderabad,TELANGANA
500018,Sanathnagar I E,Hyderabad,TELANGANA
500019,Lingampalli,K.V.Rangareddy,TELANGANA
500020,Musheerabad,Hyderabad,TELANGANA
500022,Central Secretariat,Hyderabad,TELANGANA
500023,Yakutpura,Hyderabad,TELANGANA
500024,Sahifa,Hyderabad,TELANGANA
500025,Himmatnagar,Hyderabad,TELANGANA
500026,Nehrunagar,Hyderabad,TELANGANA
500027,Stn Kachiguda,Hyderabad,TELANGANA
500028,Humayunnagar,Hyderabad,TELANGANA
500029,Himayathnagar,Hyderabad,TELANGANA
500030,Rajendranagar,Hyderabad,TELANGANA
500031,Ibrahim Bagh Lines,Hyderabad,TELANGANA
500032,Manuu,K.V.Rangareddy,TELANGANA
500033,Jubilee Hills,Hyderabad,TELANGANA
500034,Banjara Hills,Hyderabad,TELANGANA
500035,Saroornagar,Hyderabad,TELANGANA
500036,Malakpet Colony,Hyderabad,TELANGANA
500037,Balanagar Township,Hyderabad,TELANGANA
500038,Sanjeev Reddy Nagar,Hyderabad,TELANGANA
500039,Uppal,K.V.Rangareddy,TELANGANA
500040,Ie Moulali,Hyderabad,TELANGANA
500041,Raj Bhawan,Hyderabad,TELANGANA
500042,Hal,Hyderabad,TELANGANA
500043,Airforce Academy,Hyderabad,TELANGANA
500044,New Nallakunta,Hyderabad,TELANGANA
500045,Yousufguda,Hyderabad,TELANGANA
500046,CUC,Hyderabad,TELANGANA
500047,Malkajgiri,Hyderabad,TELANGANA
500048,Hyderguda,Hyderabad,TELANGANA
500049,Miyapur,Hyderabad,TELANGANA
500050,Chandanagar,Hyderabad,TELANGANA
500051,Hindustan Cables Ltd,Hyderabad,TELANGANA
500052,Svpnpa,Hyderabad,TELANGANA
500053,Falaknuma,Hyderabad,TELANGANA
500054,HMT Township,Hyderabad,TELANGANA
500055,IDA Jeedimetla,Hyderabad,TELANGANA
500056,Ramakrishna Puram,Hyderabad,TELANGANA
500057,Vijay Nagar Colony,Hyderabad,TELANGANA
500058,Kanchanbagh,Hyderabad,TELANGANA
500059,Saidabad,Hyderabad,TELANGANA
500060,P & T Colony,Hyderabad,TELANGANA
500061,Sitaphalmandi,Hyderabad,TELANGANA
500062,Ecil,Hyderabad,TELANGANA
500063,LIC Division,Hyderabad,TELANGANA
500064,Bahadurpura,Hyderabad,TELANGANA
500065,Shahalibanda,Hyderabad,TELANGANA
500066,High Court,Hyderabad,TELANGANA
500067,Suchitra Junction,Hyderabad,TELANGANA
500068,Gsi(Sr) Bandlaguda,Hyderabad,TELANGANA
500069,R.C.Imarat,Hyderabad,TELANGANA
500070,Vanastalipuram,Hyderabad,TELANGANA
500072,Kukatpally,Hyderabad,TELANGANA
500073,Srinagar Colony,Hyderabad,TELANGANA
500074,L B Nagar,Hyderabad,TELANGANA
500075,C.B.I.T,Hyderabad,TELANGANA
500076,I.E.Nacharam,Hyderabad,TELANGANA
500077,Kattedan Ie,Hyderabad,TELANGANA
500078,Nisa Hakimpet,Hyderabad,TELANGANA
500079,Vaishalinagar,Hyderabad,TELANGANA
500080,Gandhinagar,Hyderabad,TELANGANA
500081,Cyberabad,Hyderabad,TELANGANA
500082,Somajiguda,Hyderabad,TELANGANA
500083,Nagaram,Hyderabad,TELANGANA
500084,Kothaguda,Hyderabad,TELANGANA
500085,Jntu Kukat Pally,Hyderabad,TELANGANA
500086,Don Bosco Nagar,Hyderabad,TELANGANA
500087,JJ Nagar Colony,Hyderabad,TELANGANA
500088,Samskruthi,Hyderabad,TELANGANA
500089,Manikonda,Hyderabad,TELANGANA
500090,Nizampet,Hyderabad,TELANGANA
500091,Hydershahkote,K.V.Rangareddy,TELANGANA
500092,Boduppal,Hyderabad,TELANGANA
500093,Vikasnagar,Hyderabad,TELANGANA
500094,Sainikpuri,Hyderabad,TELANGANA
500095,Putlibowli,Hyderabad,TELANGANA
500096,Film Nagar,Hyderabad,TELANGANA
500097,Meerpet,Hyderabad,TELANGANA
500098,Medipalli,Hyderabad,TELANGANA
500100,Komplly,Hyderabad,TELANGANA
500101,Shamirpet,Hyderabad,TELANGANA
500103,Jai Jawan Colony,Hyderabad,TELANGANA
500104,Chitrapuri Colony,K.V.Rangareddy,TELANGANA
500105,Vengal Rao Nagar,Hyderabad,TELANGANA
500107,Gopanpally,Hyderabad,TELANGANA
500108,R.G.I. Airport,K.V.Rangareddy,TELANGANA
500110,Prashasan Nagar,Hyderabad,TELANGANA
500111,I S B Campus,K.V.Rangareddy,TELANGANA
501101,Vikarabad,Hyderabad,TELANGANA
501102,Allampalli,Hyderabad,TELANGANA
501106,Kotpalli,K.V.Rangareddy,TELANGANA
501111,Nawabpet,K.V.Rangareddy,TELANGANA
501121,Dharur,K.V.Rangareddy,TELANGANA
501141,Tandur,K.V.Rangareddy,TELANGANA
501142,Peddimal,K.V.Rangareddy,TELANGANA
501143,Basheerabad,K.V.Rangareddy,TELANGANA
501144,Yalal,K.V.Rangareddy,TELANGANA
501158,CCI Tandur,K.V.Rangareddy,TELANGANA
501202,Mominpet,K.V.Rangareddy,TELANGANA
501203,Shankarpalli,K.V.Rangareddy,TELANGANA
501218,Shamshabad,K.V.Rangareddy,TELANGANA
501301,Ghatkesar,K.V.Rangareddy,TELANGANA
501359,Mankhal,K.V.Rangareddy,TELANGANA
501401,Medchal,K.V.Rangareddy,TELANGANA
501501,Purgi,K.V.Rangareddy,TELANGANA
501502,Bompalli,K.V.Rangareddy,TELANGANA
501503,Chevella,K.V.Rangareddy,TELANGANA
501504,Moinabad,K.V.Rangareddy,TELANGANA
501505,Hayatnagar,K.V.Rangareddy,TELANGANA
501506,Ibrahimpatnam,K.V.Rangareddy,TELANGANA
501508,Raipole,K.V.Rangareddy,TELANGANA
501509,Yacharam,K.V.Rangareddy,TELANGANA
501510,Ragannaguda X Roads,K.V.Rangareddy,TELANGANA
501511,Sanghinagar,K.V.Rangareddy,TELANGANA
501512,Ramoji Film City,K.V.Rangareddy,TELANGANA
502001,Sangareddy,Medak,TELANGANA
502032,Ramachandrapuram He,Medak,TELANGANA
502101,Ramayampet,Medak,TELANGANA
502102,Nizampet,Medak,TELANGANA
502103,Siddipet,Medak,TELANGANA
502107,Pullur,Medak,TELANGANA
502108,Dubbak,Medak,TELANGANA
502109,Machavaram,Medak,TELANGANA
502110,Medak,Medak,TELANGANA
502113,Haveli Ghanpur,Medak,TELANGANA
502114,Irkode,Medak,TELANGANA
502115,Akkannapet,Medak,TELANGANA
502117,Rajpally,Medak,TELANGANA
502125,Podichanpally,Medak,TELANGANA
502130,Kuchanpally,Medak,TELANGANA
502205,O.F.Yeddumailaram,Medak,TELANGANA
502210,Kohir,Medak,TELANGANA
502220,Zaheerabad,Medak,TELANGANA
502221,Charakpally,Medak,TELANGANA
502228,Madhunagar,Medak,TELANGANA
502246,Zarasangam,Medak,TELANGANA
502247,Makkarajpet,Medak,TELANGANA
502248,Narsingee,Medak,TELANGANA
502249,Mirzapur,Medak,TELANGANA
502251,Hadnur,Medak,TELANGANA
502255,Chegunta,Medak,TELANGANA
502256,Nyalkal,Medak,TELANGANA
502257,Raikode,Medak,TELANGANA
502267,Ibrahimnagar,Medak,TELANGANA
502269,Alladurg,Medak,TELANGANA
502270,Jogipet,Medak,TELANGANA
502271,Shankarampet,Medak,TELANGANA
502273,Andole,Medak,TELANGANA
502276,Kodurkurd,Medak,TELANGANA
502277,Duddeda,Medak,TELANGANA
502278,Gujvail,Medak,TELANGANA
502279,Pamulaparthy,Medak,TELANGANA
502280,Nangnoor,Medak,TELANGANA
502281,Jagadevpur,Medak,TELANGANA
502285,Kandi,Medak,TELANGANA
502286,Narayankhed,Medak,TELANGANA
502287,Sirgapur,Medak,TELANGANA
502290,Regode,Medak,TELANGANA
502291,Sadasivpet,Medak,TELANGANA
502293,Singoor Project,Medak,TELANGANA
502294,Manjira Barrage,Medak,TELANGANA
502295,P.R.Pally Chowrasta,Medak,TELANGANA
502296,Ismailkhanpet,Medak,TELANGANA
502300,Muthangi,Medak,TELANGANA
502301,Kuknoorpally,Medak,TELANGANA
502302,Tekmal,Medak,TELANGANA
502303,Papannapet,Medak,TELANGANA
502305,Bdl Bhanur,Medak,TELANGANA
502306,Nandikandi,Medak,TELANGANA
502307,IDA Pashamailaram,Medak,TELANGANA
502310,Allipur,Medak,TELANGANA
502311,Pregnapur,Medak,TELANGANA
502312,Kodakandla,Medak,TELANGANA
502313,Narsapur,Medak,TELANGANA
502314,Sirpura,Medak,TELANGANA
502316,Kowdipally,Medak,TELANGANA
502318,Ranjhole,Medak,TELANGANA
502319,Patancheru,Medak,TELANGANA
502321,Digwal,Medak,TELANGANA
502324,Icrisat,Medak,TELANGANA
502325,Aie Bollaram,Medak,TELANGANA
502329,Rudraram,Medak,TELANGANA
502331,Yousufpet,Medak,TELANGANA
502334,Toopran,Medak,TELANGANA
502335,Masaipet,Medak,TELANGANA
502336,Kadlakal,Medak,TELANGANA
502345,Kamkole,Medak,TELANGANA
502371,Nizampet,Medak,TELANGANA
502372,Kondapak,Medak,TELANGANA
502375,Palamakula,Medak,TELANGANA
502381,Rangampet,Medak,TELANGANA
503001,Nizamabad,Nizamabad,TELANGANA
503002,Subhashnagar,Nizamabad,TELANGANA
503003,Nizamabad RS,Nizamabad,TELANGANA
503101,Bhiknoor,Nizamabad,TELANGANA
503102,Jangampalli,Nizamabad,TELANGANA
503108,Nagireddypet,Nizamabad,TELANGANA
503110,Rajampet,Nizamabad,TELANGANA
503111,Kamareddy,Nizamabad,TELANGANA
503112,Kamareddy RS,Nizamabad,TELANGANA
503114,Gandhari,Nizamabad,TELANGANA
503120,Yerrapahad,Nizamabad,TELANGANA
503122,Yellareddy,Nizamabad,TELANGANA
503123,Domakonda,Nizamabad,TELANGANA
503124,Lingampet,Nizamabad,TELANGANA
503125,Bibipet,Nizamabad,TELANGANA
503144,Ramareddy,Nizamabad,TELANGANA
503145,Sadasivanagar,Nizamabad,TELANGANA
503164,Indalwai RS,Nizamabad,TELANGANA
503165,Darpalli,Nizamabad,TELANGANA
503174,APSP Camp,Nizamabad,TELANGANA
503175,Dichpalli RS,Nizamabad,TELANGANA
503180,Shakkarnagar,Nizamabad,TELANGANA
503185,Bodhan,Nizamabad,TELANGANA
503186,Sarangapur,Nizamabad,TELANGANA
503187,Banswada,Nizamabad,TELANGANA
503188,Rudrur,Nizamabad,TELANGANA
503201,Varni,Nizamabad,TELANGANA
503202,Edapalli,Nizamabad,TELANGANA
503206,Mosra,Nizamabad,TELANGANA
503207,Kotgir,Nizamabad,TELANGANA
503212,Nandipet,Nizamabad,TELANGANA
503213,Makloor,Nizamabad,TELANGANA
503217,Balkonda,Nizamabad,TELANGANA
503218,Kissannagar,Nizamabad,TELANGANA
503219,Sriramsagar Project,Nizamabad,TELANGANA
503223,Zirayathnagar,Nizamabad,TELANGANA
503224,Armoor,Nizamabad,TELANGANA
503225,Modtad,Nizamabad,TELANGANA
503230,Dharmaram,Nizamabad,TELANGANA
503235,Renjal,Nizamabad,TELANGANA
503245,Navipet,Nizamabad,TELANGANA
503246,Jannepalli,Nizamabad,TELANGANA
503301,Mirzapur,Nizamabad,TELANGANA
503302,Nizamsagar,Nizamabad,TELANGANA
503305,Jukkal,Nizamabad,TELANGANA
503306,Bichkunda,Nizamabad,TELANGANA
503307,Bhimgal,Nizamabad,TELANGANA
503308,Kammarpalli,Nizamabad,TELANGANA
503309,Madnoor,Nizamabad,TELANGANA
503310,Pitlam,Nizamabad,TELANGANA
503311,Vailpur,Nizamabad,TELANGANA
503321,Birkur,Nizamabad,TELANGANA
503322,Telangana University,Nizamabad,TELANGANA
504001,Adilabad,Adilabad,TELANGANA
504002,Dasnapur Colony,Adilabad,TELANGANA
504101,Basar,Adilabad,TELANGANA
504102,Mudhole,Adilabad,TELANGANA
504103,Bhainsa,Adilabad,TELANGANA
504104,Narsapur,Adilabad,TELANGANA
504105,Soan,Adilabad,TELANGANA
504106,Nirmal,Adilabad,TELANGANA
504107,RGU IIIT Campus Basar,Adilabad,TELANGANA
504109,Kuntala,Adilabad,TELANGANA
504110,Chincholi,Adilabad,TELANGANA
504201,Chinnoor,Adilabad,TELANGANA
504202,Peddur,Adilabad,TELANGANA
504203,Khanapur,Adilabad,TELANGANA
504204,Bheemaram,Adilabad,TELANGANA
504205,Jannaram,Adilabad,TELANGANA
504206,Dandepalli,Adilabad,TELANGANA
504207,Donabanda,Adilabad,TELANGANA
504208,Mancherial,Adilabad,TELANGANA
504209,Mancherial Cement Works,Adilabad,TELANGANA
504214,Kotapalli,Adilabad,TELANGANA
504215,Luxettipet,Adilabad,TELANGANA
504216,Jaipur,Adilabad,TELANGANA
504218,Devapur Cement Works,Adilabad,TELANGANA
504219,Nennel,Adilabad,TELANGANA
504220,Madaram Township,Adilabad,TELANGANA
504231,Kalyani Khani,Adilabad,TELANGANA
504251,Bellampalli,Adilabad,TELANGANA
504272,Tandur,Adilabad,TELANGANA
504273,Rechini,Adilabad,TELANGANA
504292,Rebbena,Adilabad,TELANGANA
504293,Asifabad,Adilabad,TELANGANA
504294,Chirrakunta,Adilabad,TELANGANA
504295,Wankidi,Adilabad,TELANGANA
504296,Sirpur Khagaznagar,Adilabad,TELANGANA
504297,Tiryani,Adilabad,TELANGANA
504299,Sirpur,Adilabad,TELANGANA
504301,Ramakrishnapur,Adilabad,TELANGANA
504302,Coal Chemical Complex,Adilabad,TELANGANA
504303,Srirampur Colony,Adilabad,TELANGANA
504304,Boath,Adilabad,TELANGANA
504306,Dilawarpur,Adilabad,TELANGANA
504307,Echoda,Adilabad,TELANGANA
504308,Gudihatnoor,Adilabad,TELANGANA
504309,Gumma,Adilabad,TELANGANA
504310,Mamda,Adilabad,TELANGANA
504311,Ootnur,Adilabad,TELANGANA
504312,Tamsi,Adilabad,TELANGANA
504313,Jainoor,Adilabad,TELANGANA
504323,Neradigonda,Adilabad,TELANGANA
504346,Indervelli,Adilabad,TELANGANA
505001,Karimnagar,Karim Nagar,TELANGANA
505002,Mukharampura,Karim Nagar,TELANGANA
505101,Uppal,Karim Nagar,TELANGANA
505102,Kamalapur,Karim Nagar,TELANGANA
505122,Jammikunta,Karim Nagar,TELANGANA
505129,Kareemabadi,Karim Nagar,TELANGANA
505152,Pothkapalli,Karim Nagar,TELANGANA
505153,Kalvasrirampur,Karim Nagar,TELANGANA
505162,Kolanur,Karim Nagar,TELANGANA
505172,Peddapalli,Karim Nagar,TELANGANA
505174,Pp Colony,Karim Nagar,TELANGANA
505184,Manthani,Karim Nagar,TELANGANA
505185,Sultanabad,Karim Nagar,TELANGANA
505186,Garepalli,Karim Nagar,TELANGANA
505187,Basanthnagar,Karim Nagar,TELANGANA
505188,Kamanpur,Karim Nagar,TELANGANA
505208,Ramagundam,Karim Nagar,TELANGANA
505209,Godavarikhani,Karim Nagar,TELANGANA
505210,Fertilizercity,Karim Nagar,TELANGANA
505211,Gv8incline,Karim Nagar,TELANGANA
505212,Centinary Colony,Karim Nagar,TELANGANA
505214,Vittalanagar,Karim Nagar,TELANGANA
505215,Jyothinagar,Karim Nagar,TELANGANA
505301,Sirsilla,Karim Nagar,TELANGANA
505302,Vemulawada,Karim Nagar,TELANGANA
505303,Kishandaspet,Karim Nagar,TELANGANA
505304,Gambhiraopet,Karim Nagar,TELANGANA
505305,Racherla Boppapur,Karim Nagar,TELANGANA
505306,Ambaripet,Karim Nagar,TELANGANA
505307,Rudrangi,Karim Nagar,TELANGANA
505325,Metpalli,Karim Nagar,TELANGANA
505326,Koratla,Karim Nagar,TELANGANA
505327,Jagtial,Karim Nagar,TELANGANA
505330,Ailapur,Karim Nagar,TELANGANA
505331,Muthyampet,Karim Nagar,TELANGANA
505401,Elgandal,Karim Nagar,TELANGANA
505402,Ellanthakunta,Karim Nagar,TELANGANA
505403,Marripalli,Karim Nagar,TELANGANA
505404,Mustabad,Karim Nagar,TELANGANA
505405,Tadoor,Karim Nagar,TELANGANA
505415,Choppadandi,Karim Nagar,TELANGANA
505416,Dharmaram,Peddapalli,ANDHRA PRADESH
505425,Dharmapuri,Karim Nagar,TELANGANA
505445,Gangadhara,Karim Nagar,TELANGANA
505450,Ibrahimpatnam,Karim Nagar,TELANGANA
505451,Kothapalli,Karim Nagar,TELANGANA
505452,Mallial,Karim Nagar,TELANGANA
505453,Medpalli,Karim Nagar,TELANGANA
505454,Nerella,Karim Nagar,TELANGANA
505455,Pochampad Project Colony,Karim Nagar,TELANGANA
505460,Raikal,Karim Nagar,TELANGANA
505462,Sirikonda,Karim Nagar,TELANGANA
505466,Anthakpet,Karim Nagar,TELANGANA
505467,Husnabad,Karim Nagar,TELANGANA
505468,Huzurabad,Karim Nagar,TELANGANA
505469,Manakondur,Karim Nagar,TELANGANA
505470,Molangur,Karim Nagar,TELANGANA
505471,Mulkanur,Karim Nagar,TELANGANA
505472,Saidapur,Karim Nagar,TELANGANA
505473,Shanigaram,Karim Nagar,TELANGANA
505474,Tadikal,Karim Nagar,TELANGANA
505475,Vavilala,Karim Nagar,TELANGANA
505476,Yelkathurthi,Karim Nagar,TELANGANA
505480,Vangara,Karim Nagar,TELANGANA
505481,Nustulapur,Karim Nagar,TELANGANA
505490,Keshavapatnam,Karim Nagar,TELANGANA
505497,Bheemadevarapally,Karim Nagar,TELANGANA
505498,Kakathiya Canal Campus,Karim Nagar,TELANGANA
505501,Kodimial,Karim Nagar,TELANGANA
505502,Veenavanka,Karim Nagar,TELANGANA
505503,Kataram,Karim Nagar,TELANGANA
505504,Mahadevpur,Karim Nagar,TELANGANA
505505,Ootur,Karim Nagar,TELANGANA
505514,Anthergan Textiles,Karim Nagar,TELANGANA
505524,Boenpalli,Karim Nagar,TELANGANA
505525,Eligaid,Karim Nagar,TELANGANA
505526,Endapalli,Karim Nagar,TELANGANA
505527,Lower Manair Dam Colony,Karim Nagar,TELANGANA
505528,Bejjanki,Karim Nagar,TELANGANA
505529,Polas,Karim Nagar,TELANGANA
505530,Thotapalli,Karim Nagar,TELANGANA
505531,Ramadugu,Karim Nagar,TELANGANA
505532,Gollapalli,Karim Nagar,TELANGANA
506001,Hanamkonda,Warangal,TELANGANA
506002,Warangal,Warangal,TELANGANA
506003,Kazipet,Warangal,TELANGANA
506004,R E College,Warangal,TELANGANA
506005,Rangshaipet,Warangal,TELANGANA
506006,Deshaipet,Warangal,TELANGANA
506007,K.M.College,Warangal,TELANGANA
506008,Fort Warangal,Warangal,TELANGANA
506009,Vidyaranyapuri,Warangal,TELANGANA
506011,D H Suthoon,Warangal,TELANGANA
506013,Laxmipur,Warangal,TELANGANA
506015,K C Colony,Warangal,TELANGANA
506101,Mahabubabad,Warangal,TELANGANA
506102,New Abadi,Warangal,TELANGANA
506103,Kambalapalli,Mahabubabad,TELANGANA
506104,Neerada,Warangal,TELANGANA
506105,Kuravi,Warangal,TELANGANA
506112,Kesamudram,Warangal,TELANGANA
506122,Nekkonda,Warangal,TELANGANA
506132,Narsampet,Warangal,TELANGANA
506134,Gudur,Warangal,TELANGANA
506135,Kothaguda,Warangal,TELANGANA
506142,Madikonda,Warangal,TELANGANA
506143,Ghanpur Station,Warangal,TELANGANA
506144,Abadighanpur,Warangal,TELANGANA
506145,Malkapur,Warangal,TELANGANA
506146,Palakurthy,Warangal,TELANGANA
506151,Peddapendyal,Warangal,TELANGANA
506163,Turrur,Warangal,TELANGANA
506164,Parkal,Warangal,TELANGANA
506165,Eturunagaram,Warangal,TELANGANA
506166,Mamnoor,Warangal,TELANGANA
506167,Jangaon,Warangal,TELANGANA
506168,Chelpur,Warangal,TELANGANA
506169,Bhupalapalli,Warangal,TELANGANA
506170,KTPP,Warangal,TELANGANA
506172,Kamalapur Town Ship,Warangal,TELANGANA
506175,Jangaon Bazar,Warangal,TELANGANA
506201,Pembarthy,Warangal,TELANGANA
506221,Buchannapet,Warangal,TELANGANA
506222,Kodakondla,Warangal,TELANGANA
506223,Chiryal,Warangal,TELANGANA
506224,Mustial,Warangal,TELANGANA
506244,Raghunath Pally,Warangal,TELANGANA
506252,Ippaguda,Warangal,TELANGANA
506301,Chagal,Warangal,TELANGANA
506302,Devaruppal,Warangal,TELANGANA
506303,Waddicherla Nawabpet,Warangal,TELANGANA
506310,Panthani,Warangal,TELANGANA
506313,Wardhannapet,Warangal,TELANGANA
506314,Raiparthy,Warangal,TELANGANA
506315,Maripeda,Warangal,TELANGANA
506316,Zaffargadh,Warangal,TELANGANA
506317,Peddavangara,Warangal,TELANGANA
506318,Waddekothapally,Warangal,TELANGANA
506319,Shayampet,Warangal,TELANGANA
506324,Dantalapalli,Warangal,TELANGANA
506329,Sangam,Warangal,TELANGANA
506330,Dharmaram,Warangal,TELANGANA
506331,Togarrai,Warangal,TELANGANA
506332,Chennaraopet,Warangal,TELANGANA
506342,Atmakur,Warangal,TELANGANA
506343,Mulug,Warangal,TELANGANA
506344,Govindaraopet,Warangal,TELANGANA
506345,Ghanpur,Warangal,TELANGANA
506347,Pasra,Warangal,TELANGANA
506348,Regonda,Warangal,TELANGANA
506349,Mallampalli,Warangal,TELANGANA
506352,Jangalapally,Warangal,TELANGANA
506355,Marrimuchal,Warangal,TELANGANA
506356,Chityal,Warangal,TELANGANA
506365,Parwathagiri,Warangal,TELANGANA
506366,Mogullapalli,Warangal,TELANGANA
506367,Maddur,Warangal,TELANGANA
506368,Nallikaddur,Warangal,TELANGANA
506369,Redlawada,Warangal,TELANGANA
506370,Waddepalli,Warangal,TELANGANA
506371,Hasanparthy,Warangal,TELANGANA
506381,Dornakal,Warangal,TELANGANA
506391,Nadikuda,Warangal,TELANGANA
507001,Khammam,Khammam,TELANGANA
507002,Collectorate,Khammam,TELANGANA
507003,Gandhichowk,Khammam,TELANGANA
507101,Kothagudem Colls,Khammam,TELANGANA
507103,Venkateshkhani,Khammam,TELANGANA
507111,Bhadrachalam,Khammam,TELANGANA
507114,Burgampahad,Khammam,TELANGANA
507115,Paloncha,Khammam,TELANGANA
507116,Hwp Aswapur Colony,Khammam,TELANGANA
507117,Manuguru Colls,Khammam,TELANGANA
507118,Ramavaram,Khammam,TELANGANA
507119,Rudrampur,Khammam,TELANGANA
507120,Sujathanagar,Khammam,TELANGANA
507122,Karepalli,Khammam,TELANGANA
507123,Yellandu,Khammam,TELANGANA
507124,Yellandu Colls,Khammam,TELANGANA
507125,P.V.Township,Khammam,TELANGANA
507128,Sarapaka,Khammam,TELANGANA
507133,Charla,Khammam,TELANGANA
507136,Venkatapuram,Khammam,TELANGANA
507137,Dummagudem,Khammam,TELANGANA
507138,Gouthampur,Khammam,TELANGANA
507140,S.N.Puram,Khammam,TELANGANA
507154,Siil Campus,Khammam,TELANGANA
507157,Palair,Khammam,TELANGANA
507158,Gokinepalli,Khammam,TELANGANA
507159,Kusumanchi,Khammam,TELANGANA
507160,Nelakondapalli,Khammam,TELANGANA
507161,Subled,Khammam,TELANGANA
507163,Tirumalayapalem,Khammam,TELANGANA
507164,Vemsur,Khammam,TELANGANA
507165,Wyra,Khammam,TELANGANA
507166,Julurpahad,Khammam,TELANGANA
507167,Tallada,Khammam,TELANGANA
507168,Enkoor,Khammam,TELANGANA
507169,Cheruvumadharam,Khammam,TELANGANA
507170,Tallampahad,Khammam,TELANGANA
507182,Komminepalli,Khammam,TELANGANA
507183,Pindipolu,Khammam,TELANGANA
507201,Yerrupalem,Khammam,TELANGANA
507202,Banigandlapahad,Khammam,TELANGANA
507203,Madhira,Khammam,TELANGANA
507204,Bommakal,Khammam,TELANGANA
507208,Chintakani,Khammam,TELANGANA
507209,Kallur,Khammam,TELANGANA
507210,Garla,Khammam,TELANGANA
507211,Bayyaram,Khammam,TELANGANA
507301,Aswaraopet,Khammam,TELANGANA
507302,Penuballi,Khammam,TELANGANA
507303,Sathupalli,Khammam,TELANGANA
507304,Siripuram,Khammam,TELANGANA
507305,Tanikella,Khammam,TELANGANA
507306,Dammapeta,Khammam,TELANGANA
507316,Peddireddigudem,Khammam,TELANGANA
507318,V.V.Palem,Khammam,TELANGANA
508001,Nalgonda,Nalgonda,TELANGANA
508002,Ramagiri,Nalgonda,TELANGANA
508004,Slbc,Nalgonda,TELANGANA
508101,Alair,Nalgonda,TELANGANA
508105,Raghunathpur,Nalgonda,TELANGANA
508111,Athmakur,Nalgonda,TELANGANA
508112,Valigonda,Nalgonda,TELANGANA
508113,Ramannnapeta,Nalgonda,TELANGANA
508114,Chityala,Nalgonda,TELANGANA
508115,Yadgarpalli,Nalgonda,TELANGANA
508116,Bhongir,Nalgonda,TELANGANA
508117,Bhongir Gunj,Nalgonda,TELANGANA
508126,Bibinagar,Nalgonda,TELANGANA
508201,Garidepally,Nalgonda,TELANGANA
508202,Hill Colony,Nalgonda,TELANGANA
508204,Huzurnagar,Nalgonda,TELANGANA
508205,Kattangur,Nalgonda,TELANGANA
508206,Kodad,Nalgonda,TELANGANA
508207,Miryalguda,Nalgonda,TELANGANA
508208,NSP Camp Miryalaguda,Nalgonda,TELANGANA
508210,Vallala,Nalgonda,TELANGANA
508211,Nakrekal,Nalgonda,TELANGANA
508212,Sirikonda,Nalgonda,TELANGANA
508213,Suryapet,Nalgonda,TELANGANA
508214,I.E.Suryapet,Nalgonda,TELANGANA
508217,Vemulapally,Nalgonda,TELANGANA
508218,Neredcharla,Nalgonda,TELANGANA
508221,Noothankal,Nalgonda,TELANGANA
508223,Tirumalgiri,Nalgonda,TELANGANA
508224,Arvapally,Suryapet,TELANGANA
508233,Munagala,Nalgonda,TELANGANA
508234,Nadigudem,Nalgonda,TELANGANA
508238,Gudibanda,Nalgonda,TELANGANA
508243,Kondamallepalli,Nalgonda,TELANGANA
508244,Munugode,Nalgonda,TELANGANA
508245,Marriguda,Nalgonda,TELANGANA
508246,Medlacheruvu,Nalgonda,TELANGANA
508247,Thipparthi,Nalgonda,TELANGANA
508248,Deverkonda,Nalgonda,TELANGANA
508250,Chinthapalli,Nalgonda,TELANGANA
508252,Choutupala,Nalgonda,TELANGANA
508253,Narayanpur,Nalgonda,TELANGANA
508254,Narketpalli,Nalgonda,TELANGANA
508255,Chandur,Nalgonda,TELANGANA
508256,Gurrampode,Nalgonda,TELANGANA
508257,Gudipalli,Nalgonda,TELANGANA
508258,Dindi Project,Nalgonda,TELANGANA
508266,Pedavoora,Nalgonda,TELANGANA
508277,Mothcore,Nalgonda,TELANGANA
508278,Nidmanoor,Nalgonda,TELANGANA
508279,Nagaram,Suryapet,TELANGANA
508280,Thungathurthi,Nalgonda,TELANGANA
508284,Pochampalli,Nalgonda,TELANGANA
508285,Tekula Somaram,Nalgonda,TELANGANA
508286,Wangapalli,Nalgonda,TELANGANA
508355,Wadapally,Nalgonda,TELANGANA
508373,Nampalli,Nalgonda,TELANGANA
508374,Madgulapally,Nalgonda,TELANGANA
508376,Tekumatla,Nalgonda,TELANGANA
508377,Halia,Nalgonda,TELANGANA
509001,Mahabubnagar,Mahabub Nagar,TELANGANA
509002,Ind. Estate,Mahabub Nagar,TELANGANA
509102,Kollapur,Mahabub Nagar,TELANGANA
509103,Wanaparthy,Mahabub Nagar,TELANGANA
509104,Pebbair,Mahabub Nagar,TELANGANA
509105,Pentlavally,Mahabub Nagar,TELANGANA
509106,Gandhichowk,Mahabub Nagar,TELANGANA
509110,Madanapuram,Mahabub Nagar,TELANGANA
509120,Srirangapur,Mahabub Nagar,TELANGANA
509125,Gadwal,Mahabub Nagar,TELANGANA
509126,Rajoli,Mahabub Nagar,TELANGANA
509127,Ieeja,Mahabub Nagar,TELANGANA
509128,Manavapad,Mahabub Nagar,TELANGANA
509129,Macherla,Mahabub Nagar,TELANGANA
509130,Amerchinta,Mahabub Nagar,TELANGANA
509131,Atmakur So,Mahabub Nagar,TELANGANA
509132,Muldakal,Mahabub Nagar,TELANGANA
509133,Krishna Nagar,Mahabub Nagar,TELANGANA
509135,Uppal Camp,Mahabub Nagar,TELANGANA
509152,Alampur,Mahabub Nagar,TELANGANA
509153,Undavelly,Mahabub Nagar,TELANGANA
509201,Amrabad,Mahabub Nagar,TELANGANA
509202,Balanagar,Mahabub Nagar,TELANGANA
509203,Bijnapally,Mahabub Nagar,TELANGANA
509204,Devarkadra,Mahabub Nagar,TELANGANA
509205,Dhanwada,Mahabub Nagar,TELANGANA
509206,Gopalpet,Mahabub Nagar,TELANGANA
509207,Kondurgu,Mahabub Nagar,TELANGANA
509208,Makthal,Mahabub Nagar,TELANGANA
509209,Nagarkurnool,Mahabub Nagar,TELANGANA
509210,Narayanpet,Mahabub Nagar,TELANGANA
509215,Palem,Mahabub Nagar,TELANGANA
509216,Shadnagar,Mahabub Nagar,TELANGANA
509217,Shahabad,K.V.Rangareddy,TELANGANA
509219,Koukuntla,Mahabub Nagar,TELANGANA
509228,Kothur,Mahabub Nagar,TELANGANA
509235,Thoodukurthy,Mahabub Nagar,TELANGANA
509301,Stn. Jadcherla,Mahabub Nagar,TELANGANA
509302,Town Jadcherla,Mahabub Nagar,TELANGANA
509311,Utkur,Mahabub Nagar,TELANGANA
509320,Marchala,Mahabub Nagar,TELANGANA
509321,Amangal,Mahabub Nagar,TELANGANA
509324,Kalwakurthy,Mahabub Nagar,TELANGANA
509325,Palmakole,Mahabub Nagar,TELANGANA
509326,Srisailam Dam,Mahabub Nagar,TELANGANA
509327,Madgul,Mahabub Nagar,TELANGANA
509334,Hunwada,Mahabub Nagar,TELANGANA
509335,Kulakcherla,Mahabub Nagar,TELANGANA
509336,Rawulapally,Mahabub Nagar,TELANGANA
509337,Mohammadabad,Mahabub Nagar,TELANGANA
509338,Kodangal,Mahabub Nagar,TELANGANA
509339,Kosgi,Mahabub Nagar,TELANGANA
509340,Nawabpet,Mahabub Nagar,TELANGANA
509349,Vangoor,Mahabub Nagar,TELANGANA
509350,Husnabad,Mahabub Nagar,TELANGANA
509351,Marrikal,Mahabub Nagar,TELANGANA
509352,Krishna,Mahabub Nagar,TELANGANA
509353,Jaklair,Mahabub Nagar,TELANGANA
509357,Midjil,Mahabub Nagar,TELANGANA
509358,Kadthal,Mahabub Nagar,TELANGANA
509360,Veldanda,Mahabub Nagar,TELANGANA
509371,Koilkonda,Mahabub Nagar,TELANGANA
509375,Achampet,Mahabub Nagar,TELANGANA
509376,Uppununthala,Mahabub Nagar,TELANGANA
509380,Musapet,Mahabub Nagar,TELANGANA
509381,Kothakota,Mahabub Nagar,TELANGANA
509382,Bhutpur,Mahabub Nagar,TELANGANA
509385,Thelkapally,Mahabub Nagar,TELANGANA
509401,Lingala,Mahabub Nagar,TELANGANA
509406,Thimmajipet,Mahabub Nagar,TELANGANA
509407,Damargidda,Mahabub Nagar,TELANGANA
509408,Keshampet,Mahabub Nagar,TELANGANA
509409,Lalkot,Mahabub Nagar,TELANGANA
509410,Mogalgidda,Mahabub Nagar,TELANGANA
509411,Maddur,Mahabub Nagar,TELANGANA
509412,Peddakothapally,Mahabub Nagar,TELANGANA
515001,Anantapur,Ananthapur,ANDHRA PRADESH
515002,Anantapur Engg College,Ananthapur,ANDHRA PRADESH
515003,Sri Venkateswara Puram,Ananthapur,ANDHRA PRADESH
515004,Georgepet,Ananthapur,ANDHRA PRADESH
515005,Old Town,Ananthapur,ANDHRA PRADESH
515101,Chennekothapalli,Ananthapur,ANDHRA PRADESH
515110,Penukonda,Ananthapur,ANDHRA PRADESH
515122,Somandepalli,Ananthapur,ANDHRA PRADESH
515123,Roddam,Ananthapur,ANDHRA PRADESH
515124,Peddamanthur,Ananthapur,ANDHRA PRADESH
515133,Kothacheruvu,Ananthapur,ANDHRA PRADESH
515134,Prasanthinilayam,Ananthapur,ANDHRA PRADESH
515144,Bukkapatnam,Ananthapur,ANDHRA PRADESH
515154,Pamudurthi,Ananthapur,ANDHRA PRADESH
515159,Krishnapuram,Ananthapur,ANDHRA PRADESH
515164,Guttur,Ananthapur,ANDHRA PRADESH
515201,Hindupur,Ananthapur,ANDHRA PRADESH
515202,Muddireddypalli,Ananthapur,ANDHRA PRADESH
515211,Kirikera,Ananthapur,ANDHRA PRADESH
515212,Hindupur Sevamandir,Ananthapur,ANDHRA PRADESH
515231,Gorantla,Ananthapur,ANDHRA PRADESH
515241,Budili,Ananthapur,ANDHRA PRADESH
515261,Parigi,Ananthapur,ANDHRA PRADESH
515271,Gudibanda,Ananthapur,ANDHRA PRADESH
515281,Amarapuram,Ananthapur,ANDHRA PRADESH
515286,Hemavathi,Ananthapur,ANDHRA PRADESH
515291,Neelakantapuram,Ananthapur,ANDHRA PRADESH
515301,Madakasira,Ananthapur,ANDHRA PRADESH
515303,Kallumarri,Ananthapur,ANDHRA PRADESH
515305,Rallahalli,Ananthapur,ANDHRA PRADESH
515311,Agali,Ananthapur,ANDHRA PRADESH
515321,Rolla,Ananthapur,ANDHRA PRADESH
515331,Lepakshi,Ananthapur,ANDHRA PRADESH
515341,Chilamathur,Ananthapur,ANDHRA PRADESH
515401,Gooty,Ananthapur,ANDHRA PRADESH
515402,Gooty R.S.,Ananthapur,ANDHRA PRADESH
515405,Pedda Vadagur,Ananthapur,ANDHRA PRADESH
515408,Yadiki,Ananthapur,ANDHRA PRADESH
515411,Tadpatri,Ananthapur,ANDHRA PRADESH
515413,Bhogasamudram Project,Ananthapur,ANDHRA PRADESH
515414,Putlur,Ananthapur,ANDHRA PRADESH
515415,Chukkalur,Ananthapur,ANDHRA PRADESH
515425,Narapla,Ananthapur,ANDHRA PRADESH
515435,Singanamala,Ananthapur,ANDHRA PRADESH
515445,Ammaladinne,Ananthapur,ANDHRA PRADESH
515455,Rayalacheruvu,Ananthapur,ANDHRA PRADESH
515465,Yellanur,Ananthapur,ANDHRA PRADESH
515501,Patnam,Ananthapur,ANDHRA PRADESH
515511,Mudigubba,Ananthapur,ANDHRA PRADESH
515521,Gandlapenta,Ananthapur,ANDHRA PRADESH
515531,Kondakamarla,Ananthapur,ANDHRA PRADESH
515541,Kutagulla,Ananthapur,ANDHRA PRADESH
515551,Nallacheruvu,Ananthapur,ANDHRA PRADESH
515556,Amadagur,Ananthapur,ANDHRA PRADESH
515561,Obula Devara Cheruvu,Ananthapur,ANDHRA PRADESH
515571,Tanakallu,Ananthapur,ANDHRA PRADESH
515581,Talupula,Ananthapur,ANDHRA PRADESH
515591,Kadiri,Ananthapur,ANDHRA PRADESH
515601,Kodikonda,Ananthapur,ANDHRA PRADESH
515611,Tarimala,Ananthapur,ANDHRA PRADESH
515621,Perur,Ananthapur,ANDHRA PRADESH
515631,Tadimarri,Ananthapur,ANDHRA PRADESH
515641,Kanaganapalli,Ananthapur,ANDHRA PRADESH
515651,Medapuram,Ananthapur,ANDHRA PRADESH
515661,Bathalapalli,Ananthapur,ANDHRA PRADESH
515671,Dharmavaram,Ananthapur,ANDHRA PRADESH
515672,Dharmavaram R.S,Ananthapur,ANDHRA PRADESH
515701,Bukkarayasamudram,Ananthapur,ANDHRA PRADESH
515711,Kuderu,Ananthapur,ANDHRA PRADESH
515721,Kandukur,Ananthapur,ANDHRA PRADESH
515722,Jayalakshmipuram,Ananthapur,ANDHRA PRADESH
515731,Garladinne,Ananthapur,ANDHRA PRADESH
515741,Belguppa,Ananthapur,ANDHRA PRADESH
515751,Atmakur,Ananthapur,ANDHRA PRADESH
515761,Kalyandurg,Ananthapur,ANDHRA PRADESH
515763,Bommaganipalli,Ananthapur,ANDHRA PRADESH
515765,Kambadur,Ananthapur,ANDHRA PRADESH
515766,Kundurpi,Ananthapur,ANDHRA PRADESH
515767,Shettur,Ananthapur,ANDHRA PRADESH
515774,Kallur R.S.,Ananthapur,ANDHRA PRADESH
515775,Pamidi,Ananthapur,ANDHRA PRADESH
515787,Nuthimadugu,Ananthapur,ANDHRA PRADESH
515801,Guntakal,Ananthapur,ANDHRA PRADESH
515803,Old Guntakal,Ananthapur,ANDHRA PRADESH
515812,Uravakonda,Ananthapur,ANDHRA PRADESH
515822,Amidyaya,Ananthapur,ANDHRA PRADESH
515832,Vajrakarur,Ananthapur,ANDHRA PRADESH
515842,Konakondla,Ananthapur,ANDHRA PRADESH
515863,Gummaghatta,Ananthapur,ANDHRA PRADESH
515865,Rayadurg,Ananthapur,ANDHRA PRADESH
515867,Udegolam,Ananthapur,ANDHRA PRADESH
515870,Vidapanakal,Ananthapur,ANDHRA PRADESH
515871,Kanekal,Ananthapur,ANDHRA PRADESH
515872,Herial,Ananthapur,ANDHRA PRADESH
516001,Cuddapah,Cuddapah,ANDHRA PRADESH
516002,Shankarapuram,Cuddapah,ANDHRA PRADESH
516003,Ravindra Nagar,Cuddapah,ANDHRA PRADESH
516004,Yerramukkapalli,Cuddapah,ANDHRA PRADESH
516005,Yogi Vemana University,Cuddapah,ANDHRA PRADESH
516101,Kodur,Cuddapah,ANDHRA PRADESH
516104,Chitvel,Cuddapah,ANDHRA PRADESH
516105,Anantharajupet,Cuddapah,ANDHRA PRADESH
516107,Pullampet,Cuddapah,ANDHRA PRADESH
516108,Obulavaripalli,Cuddapah,ANDHRA PRADESH
516110,Peddarachapalli,Cuddapah,ANDHRA PRADESH
516115,Rajampet,Cuddapah,ANDHRA PRADESH
516126,Mannur,Cuddapah,ANDHRA PRADESH
516127,Penagalur,Cuddapah,ANDHRA PRADESH
516128,Chakrapunayanipet,Cuddapah,ANDHRA PRADESH
516129,Rayavaram,Cuddapah,ANDHRA PRADESH
516130,T. Sundupalli,Cuddapah,ANDHRA PRADESH
516150,Nandalur,Cuddapah,ANDHRA PRADESH
516151,Tangatur,Cuddapah,ANDHRA PRADESH
516152,Mantapampalli,Cuddapah,ANDHRA PRADESH
516162,Chennur,Cuddapah,ANDHRA PRADESH
516163,Cuddapah Coop Sugars,Cuddapah,ANDHRA PRADESH
516172,Mydekur,Cuddapah,ANDHRA PRADESH
516173,Onipenta,Cuddapah,ANDHRA PRADESH
516175,Duvvur,Cuddapah,ANDHRA PRADESH
516193,Porumamilla,Cuddapah,ANDHRA PRADESH
516203,Khajipet,Cuddapah,ANDHRA PRADESH
516213,Vontimitta,Cuddapah,ANDHRA PRADESH
516214,Chinnamandem,Cuddapah,ANDHRA PRADESH
516215,Sambepalli,Cuddapah,ANDHRA PRADESH
516216,Pendlimarri,Cuddapah,ANDHRA PRADESH
516217,Kalasapadu,Cuddapah,ANDHRA PRADESH
516218,Nandimandalam,Cuddapah,ANDHRA PRADESH
516227,Badvel,Cuddapah,ANDHRA PRADESH
516228,Anantharajupuram,Cuddapah,ANDHRA PRADESH
516233,Gopavaram Project Site,Cuddapah,ANDHRA PRADESH
516237,Siddavattam,Cuddapah,ANDHRA PRADESH
516247,Madhavaram,Cuddapah,ANDHRA PRADESH
516257,Lakkireddy Palli,Cuddapah,ANDHRA PRADESH
516259,Balathimmayyagaripalli,Cuddapah,ANDHRA PRADESH
516267,Galiveedu,Cuddapah,ANDHRA PRADESH
516268,Veeraballi,Cuddapah,ANDHRA PRADESH
516269,Rayachoti,Cuddapah,ANDHRA PRADESH
516270,Masapet Bazar,Cuddapah,ANDHRA PRADESH
516289,Kamalapuram,Cuddapah,ANDHRA PRADESH
516293,Vallur,Cuddapah,ANDHRA PRADESH
516309,Yerraguntla,Cuddapah,ANDHRA PRADESH
516310,Chilamakur,Cuddapah,ANDHRA PRADESH
516311,Krishna Nagar,Cuddapah,ANDHRA PRADESH
516312,Vv Reddy Nagar,Cuddapah,ANDHRA PRADESH
516321,Veerapunayanipalle,Cuddapah,ANDHRA PRADESH
516329,Vaimpalle,Cuddapah,ANDHRA PRADESH
516330,Idupulapaya,Cuddapah,ANDHRA PRADESH
516339,Payasampalle,Cuddapah,ANDHRA PRADESH
516349,Vemula,Cuddapah,ANDHRA PRADESH
516350,Tallapalle,Cuddapah,ANDHRA PRADESH
516355,Kallur,Cuddapah,ANDHRA PRADESH
516356,Chapadu,Cuddapah,ANDHRA PRADESH
516359,Korrapadu,Cuddapah,ANDHRA PRADESH
516360,Proddatur,Cuddapah,ANDHRA PRADESH
516361,Holmespet,Cuddapah,ANDHRA PRADESH
516362,Khadarabad,Cuddapah,ANDHRA PRADESH
516380,Muddanur,Cuddapah,ANDHRA PRADESH
516390,Pulivendla,Cuddapah,ANDHRA PRADESH
516391,Pulivendla Bus-stand,Cuddapah,ANDHRA PRADESH
516396,Lingala,Cuddapah,ANDHRA PRADESH
516401,Tondur,Cuddapah,ANDHRA PRADESH
516411,Peddapasupula,Cuddapah,ANDHRA PRADESH
516421,Agadur,Cuddapah,ANDHRA PRADESH
516431,Dommaranandyala,Cuddapah,ANDHRA PRADESH
516432,Vaddirala,Cuddapah,ANDHRA PRADESH
516433,Chinnakomerla,Cuddapah,ANDHRA PRADESH
516434,Jammalamadugu,Cuddapah,ANDHRA PRADESH
516439,Mylavaram,Cuddapah,ANDHRA PRADESH
516444,Kondapuram,Cuddapah,ANDHRA PRADESH
516454,Simhadripuram,Cuddapah,ANDHRA PRADESH
516464,Lavanur,Cuddapah,ANDHRA PRADESH
516474,Tallaproddatur,Cuddapah,ANDHRA PRADESH
516484,Balapanur,Cuddapah,ANDHRA PRADESH
516501,Atlur,Cuddapah,ANDHRA PRADESH
516502,Chennampalli,Cuddapah,ANDHRA PRADESH
516503,Kandimallayapalli,Cuddapah,ANDHRA PRADESH
516504,Neelakantaraopet,Cuddapah,ANDHRA PRADESH
516505,Tekurpet,Cuddapah,ANDHRA PRADESH
517001,Chittoor,Chittoor,ANDHRA PRADESH
517002,Ctr Collectorate,Chittoor,ANDHRA PRADESH
517004,Chittoor North,Chittoor,ANDHRA PRADESH
517101,Chandragiri,Chittoor,ANDHRA PRADESH
517102,Narasingapuram,Chittoor,ANDHRA PRADESH
517112,Pakala,Chittoor,ANDHRA PRADESH
517113,Kallur,Chittoor,ANDHRA PRADESH
517123,Sodam,Chittoor,ANDHRA PRADESH
517124,Puthalapattu,Chittoor,ANDHRA PRADESH
517125,Gangadhara Nellore,Chittoor,ANDHRA PRADESH
517126,Penumur,Chittoor,ANDHRA PRADESH
517127,Murukambattu,Chittoor,ANDHRA PRADESH
517128,Iruvaram,Chittoor,ANDHRA PRADESH
517129,Arugonda,Chittoor,ANDHRA PRADESH
517130,Iral,Chittoor,ANDHRA PRADESH
517131,Kanipakam,Chittoor,ANDHRA PRADESH
517132,Nangamangalam,Chittoor,ANDHRA PRADESH
517152,Damalacheruvu,Chittoor,ANDHRA PRADESH
517167,Kothapalle,Chittoor,ANDHRA PRADESH
517172,Mangalampet,Chittoor,ANDHRA PRADESH
517192,Rompicherla,Chittoor,ANDHRA PRADESH
517193,Chinnagottigallu,Chittoor,ANDHRA PRADESH
517194,Bhakarapet,Chittoor,ANDHRA PRADESH
517213,Gyarampalle-kothapalle,Chittoor,ANDHRA PRADESH
517214,Piler,Chittoor,ANDHRA PRADESH
517234,Kalikiri,Chittoor,ANDHRA PRADESH
517235,Mahal,Chittoor,ANDHRA PRADESH
517236,Kalakada,Chittoor,ANDHRA PRADESH
517237,Medikurthi,Chittoor,ANDHRA PRADESH
517247,Punganur,Chittoor,ANDHRA PRADESH
517257,Chowdepalle,Chittoor,ANDHRA PRADESH
517277,Chintaparthi,Chittoor,ANDHRA PRADESH
517280,Nimmanapalle,Chittoor,ANDHRA PRADESH
517291,Tarigonda,Chittoor,ANDHRA PRADESH
517297,Gurramkonda,Chittoor,ANDHRA PRADESH
517299,Vayalpad,Chittoor,ANDHRA PRADESH
517305,Cherlopalle,Chittoor,ANDHRA PRADESH
517319,Chinnatippasamudram,Chittoor,ANDHRA PRADESH
517325,Madanapalle,Chittoor,ANDHRA PRADESH
517326,Madanapalle Bazar,Chittoor,ANDHRA PRADESH
517350,Kurabalakota,Chittoor,ANDHRA PRADESH
517351,Burakayalakota,Chittoor,ANDHRA PRADESH
517352,Rishivalley,Chittoor,ANDHRA PRADESH
517370,Beerangi Kothakota,Chittoor,ANDHRA PRADESH
517390,Mulakalacheruvu R.S.,Chittoor,ANDHRA PRADESH
517391,Peddatippasamudram,Chittoor,ANDHRA PRADESH
517401,Ramakuppam,Chittoor,ANDHRA PRADESH
517403,Ramapuram,Chittoor,ANDHRA PRADESH
517408,Palamaner,Chittoor,ANDHRA PRADESH
517414,Royalpet,Chittoor,ANDHRA PRADESH
517415,Baireddipalle,Chittoor,ANDHRA PRADESH
517416,Bangarupalem,Chittoor,ANDHRA PRADESH
517417,Chembakur,Chittoor,ANDHRA PRADESH
517418,Thamballapalle,Chittoor,ANDHRA PRADESH
517419,Narasingarayanipettah,Chittoor,ANDHRA PRADESH
517421,Thugundram,Chittoor,ANDHRA PRADESH
517422,Yadamari,Chittoor,ANDHRA PRADESH
517423,Rallabudugur,Chittoor,ANDHRA PRADESH
517424,Venkatagirikota,Chittoor,ANDHRA PRADESH
517425,Kuppam,Chittoor,ANDHRA PRADESH
517426,Dravidian University,Chittoor,ANDHRA PRADESH
517429,Mogili Venkatagiri,Chittoor,ANDHRA PRADESH
517432,Kolamasanapalle,Chittoor,ANDHRA PRADESH
517501,Tirupati,Chittoor,ANDHRA PRADESH
517502,S.V.University,Chittoor,ANDHRA PRADESH
517503,Tiruchanoor,Chittoor,ANDHRA PRADESH
517504,Tirumala,Chittoor,ANDHRA PRADESH
517505,Perumallapalle,Chittoor,ANDHRA PRADESH
517506,Settipalli,Chittoor,ANDHRA PRADESH
517507,Tirupati North,Chittoor,ANDHRA PRADESH
517520,Renigunta,Chittoor,ANDHRA PRADESH
517526,Papanaidupet,Chittoor,ANDHRA PRADESH
517536,Akkurthi,Chittoor,ANDHRA PRADESH
517541,Varadaiahpalem,Chittoor,ANDHRA PRADESH
517551,Vadamalpet,Chittoor,ANDHRA PRADESH
517561,Kattakindavenkatapuram,Chittoor,ANDHRA PRADESH
517569,Pachikapallam,Chittoor,ANDHRA PRADESH
517571,Sri Bommarajapuram,Chittoor,ANDHRA PRADESH
517581,Narayanavaram,Chittoor,ANDHRA PRADESH
517582,Karvetinagar,Chittoor,ANDHRA PRADESH
517583,Puttur,Chittoor,ANDHRA PRADESH
517584,Vepagunta,Chittoor,ANDHRA PRADESH
517586,Pannur,Chittoor,ANDHRA PRADESH
517587,Pissatur,Chittoor,ANDHRA PRADESH
517588,Satyavedu,Chittoor,ANDHRA PRADESH
517589,Nagalapuram,Chittoor,ANDHRA PRADESH
517590,Nagari,Chittoor,ANDHRA PRADESH
517591,Nindra,Chittoor,ANDHRA PRADESH
517592,Ekambarakuppam,Chittoor,ANDHRA PRADESH
517599,Vengalrajukuppam,Chittoor,ANDHRA PRADESH
517619,Yerpedu,Chittoor,ANDHRA PRADESH
517620,Pallam,Chittoor,ANDHRA PRADESH
517640,Panagal,Chittoor,ANDHRA PRADESH
517641,Thondamanadu,Chittoor,ANDHRA PRADESH
517642,Peddakannali,Chittoor,ANDHRA PRADESH
517643,Kovanur,Chittoor,ANDHRA PRADESH
517644,Srikalahasti,Chittoor,ANDHRA PRADESH
517645,Buchinaidu Kandriga,Chittoor,ANDHRA PRADESH
517646,Sricity S E Z,Chittoor,ANDHRA PRADESH
518001,Kurnool,Kurnool,ANDHRA PRADESH
518002,KNL-camp-B,Kurnool,ANDHRA PRADESH
518003,SAP Camp-kNL,Kurnool,ANDHRA PRADESH
518004,N R Peta KNL,Kurnool,ANDHRA PRADESH
518005,Ashoknagar,Kurnool,ANDHRA PRADESH
518006,Balaji Nagar,Kurnool,ANDHRA PRADESH
518007,GPRE College,Kurnool,ANDHRA PRADESH
518010,Vorvakallu,Kurnool,ANDHRA PRADESH
518101,Srisailam,Kurnool,ANDHRA PRADESH
518102,S.S.Dam East,Kurnool,ANDHRA PRADESH
518112,Panem,Kurnool,ANDHRA PRADESH
518122,Owk,Kurnool,ANDHRA PRADESH
518123,Kolimigundla,Kurnool,ANDHRA PRADESH
518124,Banaganapalle,Kurnool,ANDHRA PRADESH
518134,Koilakuntla,Kurnool,ANDHRA PRADESH
518135,Dornipadu,Kurnool,ANDHRA PRADESH
518145,Nossam,Kurnool,ANDHRA PRADESH
518155,Uyyalawada,Kurnool,ANDHRA PRADESH
518165,Sanjamala,Kurnool,ANDHRA PRADESH
518166,Perusomula,Kurnool,ANDHRA PRADESH
518176,Nandivargam,Kurnool,ANDHRA PRADESH
518186,Illuri Kotha Peta,Kurnool,ANDHRA PRADESH
518196,Akumalla,Kurnool,ANDHRA PRADESH
518206,Cement Nagar,Kurnool,ANDHRA PRADESH
518216,Veldurthi,Kurnool,ANDHRA PRADESH
518217,Ramalla Kota,Kurnool,ANDHRA PRADESH
518218,Ulindakonda,Kurnool,ANDHRA PRADESH
518220,Jaladurgam,Kurnool,ANDHRA PRADESH
518221,Peapully,Kurnool,ANDHRA PRADESH
518222,Dhone,Kurnool,ANDHRA PRADESH
518225,Erukalacheruvu,Kurnool,ANDHRA PRADESH
518301,Adoni,Kurnool,ANDHRA PRADESH
518302,Adoni Arts College,Kurnool,ANDHRA PRADESH
518308,Ingaladahal,Kurnool,ANDHRA PRADESH
518313,Kosigi,Kurnool,ANDHRA PRADESH
518323,Peddakadubur,Kurnool,ANDHRA PRADESH
518333,Halvi,Kurnool,ANDHRA PRADESH
518343,Nandavaram,Kurnool,ANDHRA PRADESH
518344,Kavuthalam,Kurnool,ANDHRA PRADESH
518345,Mantralaya,Kurnool,ANDHRA PRADESH
518346,Holalagondi,Kurnool,ANDHRA PRADESH
518347,Aspari,Kurnool,ANDHRA PRADESH
518348,Halaharvi,Kurnool,ANDHRA PRADESH
518349,Tungabhadra,Kurnool,ANDHRA PRADESH
518350,Kadivella,Kurnool,ANDHRA PRADESH
518360,Yemmiganur,Kurnool,ANDHRA PRADESH
518380,Pattikonda,Kurnool,ANDHRA PRADESH
518385,Maddikera,Kurnool,ANDHRA PRADESH
518390,Tuggali,Kurnool,ANDHRA PRADESH
518395,Alur,Kurnool,ANDHRA PRADESH
518396,Nemakallu,Kurnool,ANDHRA PRADESH
518401,Nandikotkur,Kurnool,ANDHRA PRADESH
518405,Midthur,Kurnool,ANDHRA PRADESH
518411,Konidela,Kurnool,ANDHRA PRADESH
518412,Prathakota,Kurnool,ANDHRA PRADESH
518422,Atmakur,Kurnool,ANDHRA PRADESH
518432,Brahmanakotkur,Kurnool,ANDHRA PRADESH
518442,Pamulapadu,Kurnool,ANDHRA PRADESH
518452,Gargeyapuram,Kurnool,ANDHRA PRADESH
518462,Belagal,Kurnool,ANDHRA PRADESH
518463,Gonegandla,Kurnool,ANDHRA PRADESH
518464,Kodumur,Kurnool,ANDHRA PRADESH
518465,Devanakonda,Kurnool,ANDHRA PRADESH
518466,Gudur,Kurnool,ANDHRA PRADESH
518467,K.N.Puram,Kurnool,ANDHRA PRADESH
518468,Pendekallu,Kurnool,ANDHRA PRADESH
518501,Nandyal,Kurnool,ANDHRA PRADESH
518502,Nandyal R.S.,Kurnool,ANDHRA PRADESH
518508,Gadivemula,Kurnool,ANDHRA PRADESH
518510,Yerraguntla,Kurnool,ANDHRA PRADESH
518511,Polur,Kurnool,ANDHRA PRADESH
518512,Thimmapuram,Kurnool,ANDHRA PRADESH
518513,Santajutur,Kurnool,ANDHRA PRADESH
518523,Bandi Atmakur,Kurnool,ANDHRA PRADESH
518533,Velgode,Kurnool,ANDHRA PRADESH
518543,Allagadda MDG,Kurnool,ANDHRA PRADESH
518553,Chagalamarri,Kurnool,ANDHRA PRADESH
518563,Sirvel,Kurnool,ANDHRA PRADESH
518573,Yallur,Kurnool,ANDHRA PRADESH
518583,Gajulapalle,Kurnool,ANDHRA PRADESH
518593,Kanala,Kurnool,ANDHRA PRADESH
518594,Rudravaram,Kurnool,ANDHRA PRADESH
518598,Rangapuram,Kurnool,ANDHRA PRADESH
518599,Bethamcherla,Kurnool,ANDHRA PRADESH
518674,Gospadu,Kurnool,ANDHRA PRADESH
520001,Vijayawada,Krishna,ANDHRA PRADESH
520002,Buckinghampet,Krishna,ANDHRA PRADESH
520003,Gandhinagaram,Krishna,ANDHRA PRADESH
520004,Machavaram,Krishna,ANDHRA PRADESH
520007,Autonagar,Krishna,ANDHRA PRADESH
520008,Vj Polytechnic,Krishna,ANDHRA PRADESH
520010,Venkateswarapuram,Krishna,ANDHRA PRADESH
520011,Satyanarayanapuram,Krishna,ANDHRA PRADESH
520012,Kamakotinagar,Krishna,ANDHRA PRADESH
520013,Krishnalanka,Krishna,ANDHRA PRADESH
520015,Azitnagar,Krishna,ANDHRA PRADESH
521001,Machilipatnam,Krishna,ANDHRA PRADESH
521002,Chilakalapudi,Krishna,ANDHRA PRADESH
521003,Chintaguntapalem,Krishna,ANDHRA PRADESH
521101,Gannavaram,Krishna,ANDHRA PRADESH
521102,Bacon Factory,Krishna,ANDHRA PRADESH
521104,Nidamanuru,Krishna,ANDHRA PRADESH
521105,Hanuman Junction,Krishna,ANDHRA PRADESH
521106,Kanumolu,Krishna,ANDHRA PRADESH
521107,Mustabad,Krishna,ANDHRA PRADESH
521108,Ramavarappadu,Krishna,ANDHRA PRADESH
521109,Telaprolu,Krishna,ANDHRA PRADESH
521110,Veeravalli,Krishna,ANDHRA PRADESH
521111,Gollapalli,Krishna,ANDHRA PRADESH
521120,Nagayalanka,Krishna,ANDHRA PRADESH
521121,Avanigadda,Krishna,ANDHRA PRADESH
521122,Gandhikshetram,Krishna,ANDHRA PRADESH
521125,Mopidevi,Krishna,ANDHRA PRADESH
521126,Challapalli,Krishna,ANDHRA PRADESH
521130,Pedakallepalli,Krishna,ANDHRA PRADESH
521131,Lakshmipuram,Krishna,ANDHRA PRADESH
521132,Kodali,Krishna,ANDHRA PRADESH
521133,Ghantasala,Krishna,ANDHRA PRADESH
521134,Tadigadapa,Krishna,ANDHRA PRADESH
521135,Movva,Krishna,ANDHRA PRADESH
521136,K.P.Centre,Krishna,ANDHRA PRADESH
521137,Poranki,Krishna,ANDHRA PRADESH
521138,Pedasanagallu,Krishna,ANDHRA PRADESH
521139,Penamaluru,Krishna,ANDHRA PRADESH
521148,Elamarru,Krishna,ANDHRA PRADESH
521149,Guduru,Krishna,ANDHRA PRADESH
521150,Kaja,Krishna,ANDHRA PRADESH
521151,Kankipadu,Krishna,ANDHRA PRADESH
521153,Kolavennu,Krishna,ANDHRA PRADESH
521156,Nidumolu,Krishna,ANDHRA PRADESH
521157,Pamarru,Krishna,ANDHRA PRADESH
521158,Nimmakuru,Krishna,ANDHRA PRADESH
521162,Polavaram,Krishna,ANDHRA PRADESH
521163,Thotlavalluru,Krishna,ANDHRA PRADESH
521164,Katuru,Krishna,ANDHRA PRADESH
521165,Vuyyuru,Krishna,ANDHRA PRADESH
521170,Veerullapadu,Krishna,ANDHRA PRADESH
521175,Jaggaiahpet,Krishna,ANDHRA PRADESH
521178,Chillakallu,Krishna,ANDHRA PRADESH
521180,Kanchikacharla,Krishna,ANDHRA PRADESH
521181,Juzzuru,Krishna,ANDHRA PRADESH
521182,Chandarlapadu,Krishna,ANDHRA PRADESH
521183,Muppalla,Krishna,ANDHRA PRADESH
521185,Nandigama,Krishna,ANDHRA PRADESH
521190,Penuganchiprolu,Krishna,ANDHRA PRADESH
521201,Nuzvid,Krishna,ANDHRA PRADESH
521202,APIIIT,Krishna,ANDHRA PRADESH
521207,Musunuru,Krishna,ANDHRA PRADESH
521211,Aukiripalli,Krishna,ANDHRA PRADESH
521212,Nunna,Krishna,ANDHRA PRADESH
521213,Ramanakkapet,Krishna,ANDHRA PRADESH
521214,Tsanubanda,Krishna,ANDHRA PRADESH
521215,Vissannapet,Krishna,ANDHRA PRADESH
521225,Gollapudi,Krishna,ANDHRA PRADESH
521226,A.Konduru,Krishna,ANDHRA PRADESH
521227,Khambhampadu,Krishna,ANDHRA PRADESH
521228,Kondapalli,Krishna,ANDHRA PRADESH
521229,G Konduru,Krishna,ANDHRA PRADESH
521230,Mylavaram,Krishna,ANDHRA PRADESH
521235,Tiruvuru,Krishna,ANDHRA PRADESH
521241,Railway Wagon Work Shop,Krishna,ANDHRA PRADESH
521245,Akunuru,Krishna,ANDHRA PRADESH
521246,Kapileswarapuram,Krishna,ANDHRA PRADESH
521247,Meduru,Krishna,ANDHRA PRADESH
521250,Virankilock,Krishna,ANDHRA PRADESH
521256,Mantada,Krishna,ANDHRA PRADESH
521260,Manikonda,Krishna,ANDHRA PRADESH
521261,Mudunuru,Krishna,ANDHRA PRADESH
521263,Ventrapragada,Krishna,ANDHRA PRADESH
521286,Pedavutapalli,Krishna,ANDHRA PRADESH
521301,Gudivada,Krishna,ANDHRA PRADESH
521311,Indupalli,Krishna,ANDHRA PRADESH
521312,Vunguturu,Krishna,ANDHRA PRADESH
521321,Janardhanapuram,Krishna,ANDHRA PRADESH
521322,Golvepalli,Krishna,ANDHRA PRADESH
521323,Moturu,Krishna,ANDHRA PRADESH
521324,Bantumilli,Krishna,ANDHRA PRADESH
521325,Mudinepalli,Krishna,ANDHRA PRADESH
521326,Rudrapaka,Krishna,ANDHRA PRADESH
521327,Tamirisa,Krishna,ANDHRA PRADESH
521328,Koduru,Krishna,ANDHRA PRADESH
521329,Pedagonnuru,Krishna,ANDHRA PRADESH
521330,Angaluru,Krishna,ANDHRA PRADESH
521331,Kavutaram,Krishna,ANDHRA PRADESH
521332,Dokiparru,Krishna,ANDHRA PRADESH
521333,Kaikalur,Krishna,ANDHRA PRADESH
521340,Pallevada,Krishna,ANDHRA PRADESH
521343,Korukollu,Krishna,ANDHRA PRADESH
521344,Kalidindi,Krishna,ANDHRA PRADESH
521345,Mandavalli,Krishna,ANDHRA PRADESH
521356,Gudlavalleru,Krishna,ANDHRA PRADESH
521366,Pedana,Krishna,ANDHRA PRADESH
521369,Munjuluru,Krishna,ANDHRA PRADESH
521390,Pedamaddali,Krishna,ANDHRA PRADESH
521401,Penugolanu,Krishna,ANDHRA PRADESH
521402,Vatsavai,Krishna,ANDHRA PRADESH
521403,Gampalagudem,Krishna,ANDHRA PRADESH
521456,VTPS,Krishna,ANDHRA PRADESH
521457,Kumaraswamy Raja Nagar,Krishna,ANDHRA PRADESH
522001,Kothapeta,Guntur,ANDHRA PRADESH
522002,Guntur,Guntur,ANDHRA PRADESH
522003,Guntur Bazar,Guntur,ANDHRA PRADESH
522004,Guntur Collectorate,Guntur,ANDHRA PRADESH
522005,Nallapadu,Guntur,ANDHRA PRADESH
522006,Pattabhipuram,Guntur,ANDHRA PRADESH
522007,Chandramoulinagar,Guntur,ANDHRA PRADESH
522009,Perecherla Junction,Guntur,ANDHRA PRADESH
522015,Abbineniguntapalem,Guntur,ANDHRA PRADESH
522016,Lemalle,Guntur,ANDHRA PRADESH
522017,Etukuru,Guntur,ANDHRA PRADESH
522018,Ponnekallu,Guntur,ANDHRA PRADESH
522019,Prathipadu,Guntur,ANDHRA PRADESH
522020,Amaravathi,Guntur,ANDHRA PRADESH
522034,Industrial Estate,Guntur,ANDHRA PRADESH
522101,Bapatla,Guntur,ANDHRA PRADESH
522102,Bapatla Engg College,Guntur,ANDHRA PRADESH
522111,Karlapalem,Guntur,ANDHRA PRADESH
522112,Kakumanu,Guntur,ANDHRA PRADESH
522113,Cheruvu,Guntur,ANDHRA PRADESH
522124,Ponnur,Guntur,ANDHRA PRADESH
522201,Tenali,Guntur,ANDHRA PRADESH
522202,Morrispeta,Guntur,ANDHRA PRADESH
522211,Angalakudur,Guntur,ANDHRA PRADESH
522212,Chebrole,Guntur,ANDHRA PRADESH
522213,Sangamjagarlamudi,Guntur,ANDHRA PRADESH
522233,Edlapadu,Guntur,ANDHRA PRADESH
522234,Nadendla,Guntur,ANDHRA PRADESH
522235,Pedanandipadu,Guntur,ANDHRA PRADESH
522236,Tadikonda,Guntur,ANDHRA PRADESH
522237,Tulluru,Guntur,ANDHRA PRADESH
522238,A P Secretariat,Guntur,ANDHRA PRADESH
522256,Bhattiprolu,Guntur,ANDHRA PRADESH
522257,Vellaturu,Guntur,ANDHRA PRADESH
522258,Dhulipudi,Guntur,ANDHRA PRADESH
522259,Kanagala,Guntur,ANDHRA PRADESH
522261,Vemuru,Guntur,ANDHRA PRADESH
522262,Kuchinapudi,Guntur,ANDHRA PRADESH
522264,Chodayapalem,Guntur,ANDHRA PRADESH
522265,Repalle,Guntur,ANDHRA PRADESH
522268,Nagaram,Guntur,ANDHRA PRADESH
522301,Anantavaram,Guntur,ANDHRA PRADESH
522302,Pedavadlapudi,Guntur,ANDHRA PRADESH
522303,Nutakki,Guntur,ANDHRA PRADESH
522304,Kollipara,Guntur,ANDHRA PRADESH
522305,Pedapalem,Guntur,ANDHRA PRADESH
522306,Nandivelugu,Guntur,ANDHRA PRADESH
522307,Kolakaluru,Guntur,ANDHRA PRADESH
522308,Emani,Guntur,ANDHRA PRADESH
522309,Cherukupalle,Guntur,ANDHRA PRADESH
522310,Appikatla,Guntur,ANDHRA PRADESH
522311,Chandole,Guntur,ANDHRA PRADESH
522312,Turumella,Guntur,ANDHRA PRADESH
522313,Kuchipudi,Guntur,ANDHRA PRADESH
522314,Nizampatnam,Guntur,ANDHRA PRADESH
522315,Machavaram,Guntur,ANDHRA PRADESH
522316,Patsalatadiparru,Guntur,ANDHRA PRADESH
522317,Stuvartpuram,Guntur,ANDHRA PRADESH
522318,Tsunduru,Guntur,ANDHRA PRADESH
522324,Kolluru,Guntur,ANDHRA PRADESH
522325,Amartaluru,Guntur,ANDHRA PRADESH
522329,Pittalavanipalem,Guntur,ANDHRA PRADESH
522330,Duggirala,Guntur,ANDHRA PRADESH
522341,Intur,Guntur,ANDHRA PRADESH
522401,Siripuram,Guntur,ANDHRA PRADESH
522402,Pedakurapadu,Guntur,ANDHRA PRADESH
522403,Sattenapalle,Guntur,ANDHRA PRADESH
522408,Muppalla,Guntur,ANDHRA PRADESH
522409,Atchampet,Guntur,ANDHRA PRADESH
522410,Krosuru,Guntur,ANDHRA PRADESH
522411,Bellamkonda,Guntur,ANDHRA PRADESH
522412,Rajupalem,Guntur,ANDHRA PRADESH
522413,Piduguralla,Guntur,ANDHRA PRADESH
522414,Dachpalle,Guntur,ANDHRA PRADESH
522415,Gurazalla,Guntur,ANDHRA PRADESH
522421,Rentachintala,Guntur,ANDHRA PRADESH
522426,Macherla,Guntur,ANDHRA PRADESH
522435,Machavaram,Guntur,ANDHRA PRADESH
522436,Parastyalluru,Guntur,ANDHRA PRADESH
522437,Brahmanapalle,Guntur,ANDHRA PRADESH
522438,Medikonduru,Guntur,ANDHRA PRADESH
522439,Vijayapuri South,Guntur,ANDHRA PRADESH
522501,Tadepalle,Guntur,ANDHRA PRADESH
522502,K.C.Works,Guntur,ANDHRA PRADESH
522503,Mangalagiri,Guntur,ANDHRA PRADESH
522508,Namburu,Guntur,ANDHRA PRADESH
522509,Pedakakani,Guntur,ANDHRA PRADESH
522510,Nagarjuna Nagar,Guntur,ANDHRA PRADESH
522529,Phirangipuram,Guntur,ANDHRA PRADESH
522549,Satuluru,Guntur,ANDHRA PRADESH
522601,Narasaraopet,Guntur,ANDHRA PRADESH
522603,Ravipadu,Guntur,ANDHRA PRADESH
522611,Kavuru,Guntur,ANDHRA PRADESH
522612,Durgi,Guntur,ANDHRA PRADESH
522613,Veldurthy,Guntur,ANDHRA PRADESH
522614,Karempudi,Guntur,ANDHRA PRADESH
522615,Nekarikallu,Guntur,ANDHRA PRADESH
522616,Chilakaluripet,Guntur,ANDHRA PRADESH
522617,Rompicherla,Guntur,ANDHRA PRADESH
522619,Ganapavaram,Guntur,ANDHRA PRADESH
522626,Murikipudi,Guntur,ANDHRA PRADESH
522646,Savalyapuram,Guntur,ANDHRA PRADESH
522647,Vinukonda,Guntur,ANDHRA PRADESH
522649,Pedakancherla,Guntur,ANDHRA PRADESH
522657,Vellatur,Guntur,ANDHRA PRADESH
522658,Ipuru,Guntur,ANDHRA PRADESH
522659,Ainavole,Guntur,ANDHRA PRADESH
522660,Nuzendla,Guntur,ANDHRA PRADESH
522661,Muppalla,Guntur,ANDHRA PRADESH
522663,Bandlamottu,Guntur,ANDHRA PRADESH
523001,Ongole,Prakasam,ANDHRA PRADESH
523002,Lawyer Pet,Prakasam,ANDHRA PRADESH
523101,S.Konda,Prakasam,ANDHRA PRADESH
523104,Woollapalem,Prakasam,ANDHRA PRADESH
523105,Kandukur,Prakasam,ANDHRA PRADESH
523108,Pamur,Prakasam,ANDHRA PRADESH
523109,Ponnalore,Prakasam,ANDHRA PRADESH
523110,Botlagudur,Prakasam,ANDHRA PRADESH
523111,Peda alavalapadu,Prakasam,ANDHRA PRADESH
523112,C.S.Puram,Prakasam,ANDHRA PRADESH
523113,Pokur,Prakasam,ANDHRA PRADESH
523114,Linga Samudram,Prakasam,ANDHRA PRADESH
523115,Peda Pavani,Prakasam,ANDHRA PRADESH
523116,V V Palem,Prakasam,ANDHRA PRADESH
523117,Pedacherlopalli,Prakasam,ANDHRA PRADESH
523135,Chinaganjam,Prakasam,ANDHRA PRADESH
523155,Chirala,Prakasam,ANDHRA PRADESH
523156,Mgc Market,Prakasam,ANDHRA PRADESH
523157,Perala,Prakasam,ANDHRA PRADESH
523165,Jandrapet,Prakasam,ANDHRA PRADESH
523166,Ipurupalem,Prakasam,ANDHRA PRADESH
523167,Inkollu,Prakasam,ANDHRA PRADESH
523168,Karamchedu,Prakasam,ANDHRA PRADESH
523169,Parchur,Prakasam,ANDHRA PRADESH
523170,Swarna,Prakasam,ANDHRA PRADESH
523171,A.B.V.Palem,Prakasam,ANDHRA PRADESH
523180,Ammanabrolu,Prakasam,ANDHRA PRADESH
523181,Kadavakuduru,Prakasam,ANDHRA PRADESH
523182,Karavadi,Prakasam,ANDHRA PRADESH
523183,N.G.Padu,Prakasam,ANDHRA PRADESH
523184,Pandillapalli,Prakasam,ANDHRA PRADESH
523185,Santharavur,Prakasam,ANDHRA PRADESH
523186,Uppugundur,Prakasam,ANDHRA PRADESH
523187,Vetapalem,Prakasam,ANDHRA PRADESH
523190,Idupulapadu,Prakasam,ANDHRA PRADESH
523201,Addanki,Prakasam,ANDHRA PRADESH
523211,Maddipadu,Prakasam,ANDHRA PRADESH
523212,M.M.T. Road,Prakasam,ANDHRA PRADESH
523213,Ravinuthala,Prakasam,ANDHRA PRADESH
523214,J.Pangulur,Prakasam,ANDHRA PRADESH
523223,Mogallur,Prakasam,ANDHRA PRADESH
523224,Veligandla,Prakasam,ANDHRA PRADESH
523225,Santhanuthalapadu,Prakasam,ANDHRA PRADESH
523226,Chimakurty,Prakasam,ANDHRA PRADESH
523227,Hanumanthunipadu,Prakasam,ANDHRA PRADESH
523228,P.G.Palli,Prakasam,ANDHRA PRADESH
523230,Kanigiri,Prakasam,ANDHRA PRADESH
523240,Podili,Prakasam,ANDHRA PRADESH
523241,Konakanamitla,Prakasam,ANDHRA PRADESH
523245,Pedarikatla,Prakasam,ANDHRA PRADESH
523246,Gotlagattu,Prakasam,ANDHRA PRADESH
523247,Darsi,Prakasam,ANDHRA PRADESH
523252,Pothakamur,Prakasam,ANDHRA PRADESH
523253,Uppalapadu,Prakasam,ANDHRA PRADESH
523254,Sankhavaram,Prakasam,ANDHRA PRADESH
523260,Valaparla,Prakasam,ANDHRA PRADESH
523261,Muppavaram,Prakasam,ANDHRA PRADESH
523262,Throvagunta,Prakasam,ANDHRA PRADESH
523263,Tellapadu,Prakasam,ANDHRA PRADESH
523264,Tallur,Prakasam,ANDHRA PRADESH
523265,Mundlamur,Prakasam,ANDHRA PRADESH
523270,Kondepi,Prakasam,ANDHRA PRADESH
523271,Kamepalli,Prakasam,ANDHRA PRADESH
523272,Vallur,Prakasam,ANDHRA PRADESH
523273,Peridepi,Prakasam,ANDHRA PRADESH
523274,Tangutur,Prakasam,ANDHRA PRADESH
523279,Uppalapadu,Prakasam,ANDHRA PRADESH
523280,Ethamukkala,Prakasam,ANDHRA PRADESH
523281,Gudluru,Prakasam,ANDHRA PRADESH
523286,Kothapatnam,Prakasam,ANDHRA PRADESH
523291,Ramapatnam,Prakasam,ANDHRA PRADESH
523292,Ulavapadu,Prakasam,ANDHRA PRADESH
523301,Marturu,Prakasam,ANDHRA PRADESH
523302,Santhamagulur,Prakasam,ANDHRA PRADESH
523303,Kommalapadu,Prakasam,ANDHRA PRADESH
523304,Kurichedu,Prakasam,ANDHRA PRADESH
523305,Donakonda R.S.,Prakasam,ANDHRA PRADESH
523315,Gajjalakonda,Prakasam,ANDHRA PRADESH
523316,Markapur,Prakasam,ANDHRA PRADESH
523320,Tokapalle,Prakasam,ANDHRA PRADESH
523326,Tripurantakam,Prakasam,ANDHRA PRADESH
523327,Erragondapalem,Prakasam,ANDHRA PRADESH
523328,Pullala Cheruvu,Prakasam,ANDHRA PRADESH
523329,Vemulakota,Prakasam,ANDHRA PRADESH
523330,Dupadu,Prakasam,ANDHRA PRADESH
523331,Pedda Dornala,Prakasam,ANDHRA PRADESH
523332,Tarlupadu,Prakasam,ANDHRA PRADESH
523333,Cumbum,Prakasam,ANDHRA PRADESH
523334,Besthavari  Peta,Prakasam,ANDHRA PRADESH
523335,Ardhaveedu,Prakasam,ANDHRA PRADESH
523336,Mohiddin Puram,Prakasam,ANDHRA PRADESH
523346,Pitikayagulla,Prakasam,ANDHRA PRADESH
523356,Edavalli,Prakasam,ANDHRA PRADESH
523357,Giddalur,Prakasam,ANDHRA PRADESH
523367,Mundlapadu,Prakasam,ANDHRA PRADESH
523368,Racherla,Prakasam,ANDHRA PRADESH
523369,Rajupalem,Prakasam,ANDHRA PRADESH
523370,Ravipadu,Prakasam,ANDHRA PRADESH
523371,Thummalacheruvu,Prakasam,ANDHRA PRADESH
523372,Thurimella,Prakasam,ANDHRA PRADESH
523373,Komarole,Prakasam,ANDHRA PRADESH
524001,Nellore,Nellore,ANDHRA PRADESH
524002,Stonehousepet,Nellore,ANDHRA PRADESH
524003,Dargamitta,Nellore,ANDHRA PRADESH
524004,Andhrakesari Nagar,Nellore,ANDHRA PRADESH
524005,Polytechnic,Nellore,ANDHRA PRADESH
524101,Gudur,Nellore,ANDHRA PRADESH
524121,Sullurpeta,Nellore,ANDHRA PRADESH
524123,Kotapolur,Nellore,ANDHRA PRADESH
524124,Sriharikota Range,Nellore,ANDHRA PRADESH
524126,Nayudupeta,Nellore,ANDHRA PRADESH
524127,Yellasiri,Nellore,ANDHRA PRADESH
524129,Pellakur,Nellore,ANDHRA PRADESH
524131,Jayampu,Nellore,ANDHRA PRADESH
524132,Venkatagiri Town,Nellore,ANDHRA PRADESH
524134,Dakkili,Nellore,ANDHRA PRADESH
524137,Kovur,Nellore,ANDHRA PRADESH
524142,Bitragunta,Nellore,ANDHRA PRADESH
524152,Damavaram,Nellore,ANDHRA PRADESH
524201,Kavali,Nellore,ANDHRA PRADESH
524203,Anemadugu,Nellore,ANDHRA PRADESH
524221,Chakalakonda,Nellore,ANDHRA PRADESH
524222,Duthalur,Nellore,ANDHRA PRADESH
524223,Jaladanki,Nellore,ANDHRA PRADESH
524224,Kaligiri,Nellore,ANDHRA PRADESH
524225,Siddanakonduru,Nellore,ANDHRA PRADESH
524226,Udayagiri,Nellore,ANDHRA PRADESH
524227,Varikuntapadu,Nellore,ANDHRA PRADESH
524228,Vinjamur,Nellore,ANDHRA PRADESH
524230,Nandipadu,Nellore,ANDHRA PRADESH
524234,Gumparlapadu,Nellore,ANDHRA PRADESH
524236,Gandipalem,Nellore,ANDHRA PRADESH
524239,Kondapuram,Nellore,ANDHRA PRADESH
524240,Dagadarthi,Nellore,ANDHRA PRADESH
524301,Somasila Project,Nellore,ANDHRA PRADESH
524302,Anantasagaram,Nellore,ANDHRA PRADESH
524303,Revur,Nellore,ANDHRA PRADESH
524304,Anumasamudrampeta,Nellore,ANDHRA PRADESH
524305,Buchireddypalem,Nellore,ANDHRA PRADESH
524306,Duvvur,Nellore,ANDHRA PRADESH
524307,Karatampadu,Nellore,ANDHRA PRADESH
524308,Sangam,Nellore,ANDHRA PRADESH
524309,Virur,Nellore,ANDHRA PRADESH
524310,Seetaramapuram,Nellore,ANDHRA PRADESH
524311,Thotapalliguduru,Nellore,ANDHRA PRADESH
524312,Marripadu,Nellore,ANDHRA PRADESH
524313,Mypadu,Nellore,ANDHRA PRADESH
524314,Indukurpeta,Nellore,ANDHRA PRADESH
524315,Allur,Nellore,ANDHRA PRADESH
524316,Kodavaluru,Nellore,ANDHRA PRADESH
524317,Gandavaram,Nellore,ANDHRA PRADESH
524318,Vidavalur,Nellore,ANDHRA PRADESH
524319,Kammapalem,Nellore,ANDHRA PRADESH
524320,Venkatachalasatram,Nellore,ANDHRA PRADESH
524321,Survepalli,Nellore,ANDHRA PRADESH
524322,Atmakur,Nellore,ANDHRA PRADESH
524323,Nidiguntapalem,Nellore,ANDHRA PRADESH
524341,Chejerla,Nellore,ANDHRA PRADESH
524342,Dachur,Nellore,ANDHRA PRADESH
524343,Kaluvoya,Nellore,ANDHRA PRADESH
524344,Muthukur,Nellore,ANDHRA PRADESH
524345,Podalakur,Nellore,ANDHRA PRADESH
524346,Brahmadevam,Nellore,ANDHRA PRADESH
524347,APGENCO Nelatur,Nellore,ANDHRA PRADESH
524366,Northrajupalem,Nellore,ANDHRA PRADESH
524401,Tada,Nellore,ANDHRA PRADESH
524402,Vojili,Nellore,ANDHRA PRADESH
524403,Mallam,Nellore,ANDHRA PRADESH
524404,Bangarupeta,Nellore,ANDHRA PRADESH
524405,Manubolu,Nellore,ANDHRA PRADESH
524406,Chennur,Nellore,ANDHRA PRADESH
524407,Sydapuram,Nellore,ANDHRA PRADESH
524408,Rapur,Nellore,ANDHRA PRADESH
524409,Kalichedu,Nellore,ANDHRA PRADESH
524410,Kadivedu,Nellore,ANDHRA PRADESH
524411,Kota,Nellore,ANDHRA PRADESH
524412,Chillakur,Nellore,ANDHRA PRADESH
524413,Vidyanagar,Nellore,ANDHRA PRADESH
524414,Gundavolu,Nellore,ANDHRA PRADESH
524415,Vakadu,Nellore,ANDHRA PRADESH
524421,Menakur,Nellore,ANDHRA PRADESH
530001,Visakhapatnam,Visakhapatnam,ANDHRA PRADESH
530002,Maharanipeta,Visakhapatnam,ANDHRA PRADESH
530003,Andhra University,Visakhapatnam,ANDHRA PRADESH
530004,Waltair R S,Visakhapatnam,ANDHRA PRADESH
530005,Gandhigram,Visakhapatnam,ANDHRA PRADESH
530007,Industrial Estate,Visakhapatnam,ANDHRA PRADESH
530008,Kancharapalem,Visakhapatnam,ANDHRA PRADESH
530009,N A D,Visakhapatnam,ANDHRA PRADESH
530011,Malkapuram,Visakhapatnam,ANDHRA PRADESH
530012,B H P V,Visakhapatnam,ANDHRA PRADESH
530013,P & T Colony,Visakhapatnam,ANDHRA PRADESH
530014,Naval Base,Visakhapatnam,ANDHRA PRADESH
530015,Zinc Smelter P,Visakhapatnam,ANDHRA PRADESH
530016,Akkayyapalem,Visakhapatnam,ANDHRA PRADESH
530017,L B Colony,Visakhapatnam,ANDHRA PRADESH
530018,Marripalem,Visakhapatnam,ANDHRA PRADESH
530020,Dabagardens,Visakhapatnam,ANDHRA PRADESH
530022,H B Colony,Visakhapatnam,ANDHRA PRADESH
530024,Salagramapuram,Visakhapatnam,ANDHRA PRADESH
530026,Gajuwaka,Visakhapatnam,ANDHRA PRADESH
530027,Gopalapatnam,Visakhapatnam,ANDHRA PRADESH
530028,Simhachalam,Visakhapatnam,ANDHRA PRADESH
530029,R R V Puram,Visakhapatnam,ANDHRA PRADESH
530031,Visakhapatnam Steel Project,Visakhapatnam,ANDHRA PRADESH
530032,Ukkunagaram,Visakhapatnam,ANDHRA PRADESH
530040,Govt Dairy Farm,Visakhapatnam,ANDHRA PRADESH
530041,Pothinamallayapalem,Visakhapatnam,ANDHRA PRADESH
530043,Visalakshinagar,Visakhapatnam,ANDHRA PRADESH
530044,Pedagantyada,Visakhapatnam,ANDHRA PRADESH
530045,Gitam Engg. College,Visakhapatnam,ANDHRA PRADESH
530046,Vadlapudi,Visakhapatnam,ANDHRA PRADESH
530047,Vepagunta,Visakhapatnam,ANDHRA PRADESH
530048,Madhurawada,Visakhapatnam,ANDHRA PRADESH
530049,Sez,Visakhapatnam,ANDHRA PRADESH
530051,Sujatha Nagar,Visakhapatnam,ANDHRA PRADESH
530052,Anandapuram,Visakhapatnam,ANDHRA PRADESH
530053,Aganampudi,Visakhapatnam,ANDHRA PRADESH
531001,Anakapalle,Visakhapatnam,ANDHRA PRADESH
531002,Nidanam Doddi,Visakhapatnam,ANDHRA PRADESH
531011,Atchutapuram,Visakhapatnam,ANDHRA PRADESH
531019,Jawaharlalnehru Pharmacity,Visakhapatnam,ANDHRA PRADESH
531020,Ntpc Simhadri,Visakhapatnam,ANDHRA PRADESH
531021,Paravada,Visakhapatnam,ANDHRA PRADESH
531022,A Koduru,Visakhapatnam,ANDHRA PRADESH
531023,Govada,Visakhapatnam,ANDHRA PRADESH
531024,Paderoo,Visakhapatnam,ANDHRA PRADESH
531025,Ravikamatham,Visakhapatnam,ANDHRA PRADESH
531026,Vaddadi,Visakhapatnam,ANDHRA PRADESH
531027,Madugula,Visakhapatnam,ANDHRA PRADESH
531028,Kj Puram,Visakhapatnam,ANDHRA PRADESH
531029,G Madugula,Visakhapatnam,ANDHRA PRADESH
531030,Devarapalli,Visakhapatnam,ANDHRA PRADESH
531031,Kasimkota,Visakhapatnam,ANDHRA PRADESH
531032,Thummapala,Visakhapatnam,ANDHRA PRADESH
531033,Munagapaka,Visakhapatnam,ANDHRA PRADESH
531034,K Kotapadu,Visakhapatnam,ANDHRA PRADESH
531035,Subbavaram,Visakhapatnam,ANDHRA PRADESH
531036,Chodavaram,Visakhapatnam,ANDHRA PRADESH
531040,Pedabayalu,Visakhapatnam,ANDHRA PRADESH
531055,Yellamanchili,Visakhapatnam,ANDHRA PRADESH
531060,S Rayavaram,Visakhapatnam,ANDHRA PRADESH
531061,Dimili,Visakhapatnam,ANDHRA PRADESH
531075,Lakkavaram,Visakhapatnam,ANDHRA PRADESH
531077,Hukumpeta,Visakhapatnam,ANDHRA PRADESH
531081,Nakkapalle,Visakhapatnam,ANDHRA PRADESH
531082,Etikoppaka,Visakhapatnam,ANDHRA PRADESH
531083,Pedagummuluru,Visakhapatnam,ANDHRA PRADESH
531084,Kd Peta,Visakhapatnam,ANDHRA PRADESH
531085,Kotauratla,Visakhapatnam,ANDHRA PRADESH
531087,Koyyuru,Visakhapatnam,ANDHRA PRADESH
531105,Sileru Project,Visakhapatnam,ANDHRA PRADESH
531111,Chintapalli,Visakhapatnam,ANDHRA PRADESH
531113,Makavarapalem,Visakhapatnam,ANDHRA PRADESH
531114,Kothakota,Visakhapatnam,ANDHRA PRADESH
531115,Nathavaram,Visakhapatnam,ANDHRA PRADESH
531116,Narsipatnam,Visakhapatnam,ANDHRA PRADESH
531117,Vemulapudi,Visakhapatnam,ANDHRA PRADESH
531118,Krishna Bazar,Visakhapatnam,ANDHRA PRADESH
531126,Payakaraopeta,Visakhapatnam,ANDHRA PRADESH
531127,Satyavaram,Visakhapatnam,ANDHRA PRADESH
531133,Gudem,Visakhapatnam,ANDHRA PRADESH
531149,Araku Colony,Visakhapatnam,ANDHRA PRADESH
531151,Araku Rs,Visakhapatnam,ANDHRA PRADESH
531162,Chittivalasa,Visakhapatnam,ANDHRA PRADESH
531163,Bheemunipatnam,Visakhapatnam,ANDHRA PRADESH
531173,Pendurthy,Visakhapatnam,ANDHRA PRADESH
531219,R P Agraharam,Visakhapatnam,ANDHRA PRADESH
532001,Srikakulam,Srikakulam,ANDHRA PRADESH
532005,Gujarathipeta,Srikakulam,ANDHRA PRADESH
532122,Vunukuru,Srikakulam,ANDHRA PRADESH
532123,S.R.Puram,Srikakulam,ANDHRA PRADESH
532127,Rajam,Srikakulam,ANDHRA PRADESH
532148,Sigadam,Srikakulam,ANDHRA PRADESH
532168,Ponduru,Srikakulam,ANDHRA PRADESH
532185,Amadalavalasa,Srikakulam,ANDHRA PRADESH
532186,Vengala Rao Colony,Srikakulam,ANDHRA PRADESH
532190,P.S.Puram,Srikakulam,ANDHRA PRADESH
532195,Kotabommali,Srikakulam,ANDHRA PRADESH
532201,Tekkali,Srikakulam,ANDHRA PRADESH
532203,Venkateswara Colony,Srikakulam,ANDHRA PRADESH
532211,Naupada,Srikakulam,ANDHRA PRADESH
532212,Naupada RS,Srikakulam,ANDHRA PRADESH
532213,Pathapatnam,Srikakulam,ANDHRA PRADESH
532214,Korasavada,Srikakulam,ANDHRA PRADESH
532215,Meliaputti,Srikakulam,ANDHRA PRADESH
532216,Chapara,Srikakulam,ANDHRA PRADESH
532218,Pundi R S,Srikakulam,ANDHRA PRADESH
532219,Akkupalli,Srikakulam,ANDHRA PRADESH
532220,Brahmanatarla,Srikakulam,ANDHRA PRADESH
532221,Palasa,Srikakulam,ANDHRA PRADESH
532222,Kasibugga,Srikakulam,ANDHRA PRADESH
532242,Mandasa,Srikakulam,ANDHRA PRADESH
532243,Haripuram,Srikakulam,ANDHRA PRADESH
532263,Baruva,Srikakulam,ANDHRA PRADESH
532264,Baruva R S,Srikakulam,ANDHRA PRADESH
532284,Sompeta,Srikakulam,ANDHRA PRADESH
532290,Kanchili,Srikakulam,ANDHRA PRADESH
532291,Ms Palli,Srikakulam,ANDHRA PRADESH
532292,Manikyapuram,Srikakulam,ANDHRA PRADESH
532312,Ichchapuram,Srikakulam,ANDHRA PRADESH
532322,Kaviti,Srikakulam,ANDHRA PRADESH
532401,Arasavilli,Srikakulam,ANDHRA PRADESH
532402,S.M.Puram,Srikakulam,ANDHRA PRADESH
532403,Murapaka,Srikakulam,ANDHRA PRADESH
532404,Srikurmam,Srikakulam,ANDHRA PRADESH
532405,Gara,Srikakulam,ANDHRA PRADESH
532406,Calingapatnam,Srikakulam,ANDHRA PRADESH
532407,J.R.Puram,Srikakulam,ANDHRA PRADESH
532408,Bontalakoduru,Srikakulam,ANDHRA PRADESH
532409,Pydibheemavaram,Srikakulam,ANDHRA PRADESH
532410,Etcherla,Srikakulam,ANDHRA PRADESH
532421,Narasannapeta,Srikakulam,ANDHRA PRADESH
532425,Urlam,Srikakulam,ANDHRA PRADESH
532426,Saravakota,Srikakulam,ANDHRA PRADESH
532427,Budithi,Srikakulam,ANDHRA PRADESH
532428,Mukhalingam,Srikakulam,ANDHRA PRADESH
532429,Polaki,Srikakulam,ANDHRA PRADESH
532430,Priyagraharam,Srikakulam,ANDHRA PRADESH
532432,Jalumuru,Srikakulam,ANDHRA PRADESH
532440,Palakonda,Srikakulam,ANDHRA PRADESH
532443,Seethampeta,Srikakulam,ANDHRA PRADESH
532445,Burja,Srikakulam,ANDHRA PRADESH
532455,Kotturu,Srikakulam,ANDHRA PRADESH
532456,Battili,Srikakulam,ANDHRA PRADESH
532457,Nivagam,Srikakulam,ANDHRA PRADESH
532458,L.N.Peta,Srikakulam,ANDHRA PRADESH
532459,Hiramandalam,Srikakulam,ANDHRA PRADESH
532460,Veeraghattam,Srikakulam,ANDHRA PRADESH
532461,Seetharampuram Inam,Srikakulam,ANDHRA PRADESH
532462,Neelanagaram,Srikakulam,ANDHRA PRADESH
532474,Tilaru RS,Srikakulam,ANDHRA PRADESH
532484,Dusi Rs,Srikakulam,ANDHRA PRADESH
533001,Kakinada,East Godavari,ANDHRA PRADESH
533002,Jagannaickpur,East Godavari,ANDHRA PRADESH
533003,Engg.College,East Godavari,ANDHRA PRADESH
533004,Gandhinagar,East Godavari,ANDHRA PRADESH
533005,APSP Camp,East Godavari,ANDHRA PRADESH
533006,Indrapalem,East Godavari,ANDHRA PRADESH
533016,Turangi,East Godavari,ANDHRA PRADESH
533101,Rajahmundry,East Godavari,ANDHRA PRADESH
533102,Konthamuru,East Godavari,ANDHRA PRADESH
533103,Danavaipeta,East Godavari,ANDHRA PRADESH
533104,Aryapuram,East Godavari,ANDHRA PRADESH
533105,Sriramnagar,East Godavari,ANDHRA PRADESH
533106,Spinning Mills Centre,East Godavari,ANDHRA PRADESH
533107,Satellite City,East Godavari,ANDHRA PRADESH
533124,Industrial Estate,East Godavari,ANDHRA PRADESH
533125,Dowlaiswaram,East Godavari,ANDHRA PRADESH
533126,Kadiyam,East Godavari,ANDHRA PRADESH
533201,Amalapuram,East Godavari,ANDHRA PRADESH
533210,Bendamurlanka,East Godavari,ANDHRA PRADESH
533211,Mukteswaram,East Godavari,ANDHRA PRADESH
533212,Katrenikona,East Godavari,ANDHRA PRADESH
533213,Samanasa,East Godavari,ANDHRA PRADESH
533214,Ambajipeta,East Godavari,ANDHRA PRADESH
533215,Bodasakurru,East Godavari,ANDHRA PRADESH
533216,Mummidivaram,East Godavari,ANDHRA PRADESH
533217,Allavaram,East Godavari,ANDHRA PRADESH
533218,Peruru,East Godavari,ANDHRA PRADESH
533220,Kesanakurrupalem,East Godavari,ANDHRA PRADESH
533221,Bandarlanka,East Godavari,ANDHRA PRADESH
533222,Anatavaram,East Godavari,ANDHRA PRADESH
533223,Kothapeta,East Godavari,ANDHRA PRADESH
533228,Vanapalli,East Godavari,ANDHRA PRADESH
533229,Palivela,East Godavari,ANDHRA PRADESH
533232,Chintaluru,East Godavari,ANDHRA PRADESH
533233,Alamuru,East Godavari,ANDHRA PRADESH
533234,Yeditha,East Godavari,ANDHRA PRADESH
533235,Atreyapuram,East Godavari,ANDHRA PRADESH
533236,Ryali,East Godavari,ANDHRA PRADESH
533237,Vubalanka,East Godavari,ANDHRA PRADESH
533238,Ravulapalem,East Godavari,ANDHRA PRADESH
533239,Pulletikurru,East Godavari,ANDHRA PRADESH
533240,D.Gannavaram,East Godavari,ANDHRA PRADESH
533241,Mukkamala,East Godavari,ANDHRA PRADESH
533242,Razole,East Godavari,ANDHRA PRADESH
533244,Sivakodu,East Godavari,ANDHRA PRADESH
533247,Nagaram,East Godavari,ANDHRA PRADESH
533248,Ponnamanda,East Godavari,ANDHRA PRADESH
533249,Tatipaka,East Godavari,ANDHRA PRADESH
533250,Mori,East Godavari,ANDHRA PRADESH
533251,Sakhinetipalli,East Godavari,ANDHRA PRADESH
533252,Antarvedipalem,East Godavari,ANDHRA PRADESH
533253,Malikipuram,East Godavari,ANDHRA PRADESH
533254,Lakkavaram,East Godavari,ANDHRA PRADESH
533255,Ramachandrapuram,East Godavari,ANDHRA PRADESH
533256,Ramachandrapuram Old Town,East Godavari,ANDHRA PRADESH
533260,Velangi,East Godavari,ANDHRA PRADESH
533261,Chelluru,East Godavari,ANDHRA PRADESH
533262,Draksharamam,East Godavari,ANDHRA PRADESH
533263,Dangeru,East Godavari,ANDHRA PRADESH
533264,Kutukuluru,East Godavari,ANDHRA PRADESH
533274,Gopalapuram,East Godavari,ANDHRA PRADESH
533284,Gangavaram,East Godavari,ANDHRA PRADESH
533285,Kothapalli,East Godavari,ANDHRA PRADESH
533286,Gokaram,East Godavari,ANDHRA PRADESH
533287,Sithanagaram,East Godavari,ANDHRA PRADESH
533288,Rampachodavaram,East Godavari,ANDHRA PRADESH
533289,Korukonda,East Godavari,ANDHRA PRADESH
533290,Kotikesavaram,East Godavari,ANDHRA PRADESH
533291,Rangampeta,East Godavari,ANDHRA PRADESH
533292,Dosakayapalli,East Godavari,ANDHRA PRADESH
533293,Torredu,East Godavari,ANDHRA PRADESH
533294,Rajanagaram,East Godavari,ANDHRA PRADESH
533295,Maredumilli,East Godavari,ANDHRA PRADESH
533296,GSL Medical College,East Godavari,ANDHRA PRADESH
533297,Gandepalli,East Godavari,ANDHRA PRADESH
533305,Pamarru,East Godavari,ANDHRA PRADESH
533306,Kotipalli,East Godavari,ANDHRA PRADESH
533307,Angara,East Godavari,ANDHRA PRADESH
533308,Mandapeta,East Godavari,ANDHRA PRADESH
533309,Kapileswarapuram,East Godavari,ANDHRA PRADESH
533339,Devipatnam,East Godavari,ANDHRA PRADESH
533340,Tapeswaram,East Godavari,ANDHRA PRADESH
533341,Dwarapudi,East Godavari,ANDHRA PRADESH
533342,Anaparthy,East Godavari,ANDHRA PRADESH
533343,Bikkavolu,East Godavari,ANDHRA PRADESH
533344,G.Mamidada,East Godavari,ANDHRA PRADESH
533345,Pandalapaka,East Godavari,ANDHRA PRADESH
533346,Rayavaram,East Godavari,ANDHRA PRADESH
533347,Mothugudem,East Godavari,ANDHRA PRADESH
533348,Donkarayi,East Godavari,ANDHRA PRADESH
533349,V R Puram,East Godavari,ANDHRA PRADESH
533350,Kunavaram,East Godavari,ANDHRA PRADESH
533351,Thotapalli,East Godavari,ANDHRA PRADESH
533352,Nellipaka,East Godavari,ANDHRA PRADESH
533401,Tuni,East Godavari,ANDHRA PRADESH
533406,Annavaram,East Godavari,ANDHRA PRADESH
533407,Kotananduru,East Godavari,ANDHRA PRADESH
533408,Thondangi,East Godavari,ANDHRA PRADESH
533428,Addatigala,East Godavari,ANDHRA PRADESH
533429,Yeleswaram,East Godavari,ANDHRA PRADESH
533430,Dharamavaram,East Godavari,ANDHRA PRADESH
533431,Kirlampudi,East Godavari,ANDHRA PRADESH
533432,Prathipadu,East Godavari,ANDHRA PRADESH
533433,Mallam,East Godavari,ANDHRA PRADESH
533434,Vetlapalem,East Godavari,ANDHRA PRADESH
533435,Jaggampeta,East Godavari,ANDHRA PRADESH
533436,Rajavommangi,East Godavari,ANDHRA PRADESH
533437,Peddapuram,East Godavari,ANDHRA PRADESH
533440,Samalkot,East Godavari,ANDHRA PRADESH
533444,Kathipudi,East Godavari,ANDHRA PRADESH
533445,Gollaprolu,East Godavari,ANDHRA PRADESH
533446,Sankhavaram,East Godavari,ANDHRA PRADESH
533447,Kothapalli,East Godavari,ANDHRA PRADESH
533448,Uppada,East Godavari,ANDHRA PRADESH
533449,Chebrolu,East Godavari,ANDHRA PRADESH
533450,Pithapuram,East Godavari,ANDHRA PRADESH
533461,Coringa,East Godavari,ANDHRA PRADESH
533462,Karapa,East Godavari,ANDHRA PRADESH
533463,Tallarevu,East Godavari,ANDHRA PRADESH
533464,Yanam,Pondicherry,PONDICHERRY
533468,Gollapalem,East Godavari,ANDHRA PRADESH
533483,Y .Ramavaram,East Godavari,ANDHRA PRADESH
533577,Vilasa,East Godavari,ANDHRA PRADESH
534001,Eluru,West Godavari,ANDHRA PRADESH
534002,Venkata Rao Peta,West Godavari,ANDHRA PRADESH
534003,Sanivarapu Peta,West Godavari,ANDHRA PRADESH
534004,Chataparru,West Godavari,ANDHRA PRADESH
534005,Eluru R.S,West Godavari,ANDHRA PRADESH
534006,Narasimharao Peta,West Godavari,ANDHRA PRADESH
534007,Industrial Estate,West Godavari,ANDHRA PRADESH
534101,Tadepalligudem,West Godavari,ANDHRA PRADESH
534102,Tadepalligudem Bazar,West Godavari,ANDHRA PRADESH
534111,Ananthapallli,West Godavari,ANDHRA PRADESH
534112,Nallajerla,West Godavari,ANDHRA PRADESH
534122,Maruteru,West Godavari,ANDHRA PRADESH
534123,Atchanta,West Godavari,ANDHRA PRADESH
534124,Penumantra,West Godavari,ANDHRA PRADESH
534126,Alamuru,West Godavari,ANDHRA PRADESH
534134,Attili,West Godavari,ANDHRA PRADESH
534145,Madhavaram,West Godavari,ANDHRA PRADESH
534146,Prattipadu,West Godavari,ANDHRA PRADESH
534156,Duvva,West Godavari,ANDHRA PRADESH
534165,West Vipparru,West Godavari,ANDHRA PRADESH
534166,Pentapadu,West Godavari,ANDHRA PRADESH
534176,Pothavaram,West Godavari,ANDHRA PRADESH
534186,Yandagandi,West Godavari,ANDHRA PRADESH
534195,P.N.Kolanu,West Godavari,ANDHRA PRADESH
534196,Ch.Agraharam,West Godavari,ANDHRA PRADESH
534197,Pippara,West Godavari,ANDHRA PRADESH
534198,Ganapavaram,West Godavari,ANDHRA PRADESH
534199,Undi,West Godavari,ANDHRA PRADESH
534201,Bhimavaram,West Godavari,ANDHRA PRADESH
534202,Sivaraopeta,West Godavari,ANDHRA PRADESH
534204,S.R.K.R .Engg.college,West Godavari,ANDHRA PRADESH
534206,Kopalle,West Godavari,ANDHRA PRADESH
534207,Tundurru,West Godavari,ANDHRA PRADESH
534208,Rayalam,West Godavari,ANDHRA PRADESH
534209,Mogallu,West Godavari,ANDHRA PRADESH
534210,Palakoderu,West Godavari,ANDHRA PRADESH
534211,Tanuku,West Godavari,ANDHRA PRADESH
534215,Venkatrayapuram,West Godavari,ANDHRA PRADESH
534216,Vundrajavaram,West Godavari,ANDHRA PRADESH
534217,Iragavaram,West Godavari,ANDHRA PRADESH
534218,Mandapaka,West Godavari,ANDHRA PRADESH
534222,Velpur,West Godavari,ANDHRA PRADESH
534225,Relangi,West Godavari,ANDHRA PRADESH
534227,Mortha,West Godavari,ANDHRA PRADESH
534230,Aravalli,West Godavari,ANDHRA PRADESH
534235,Akividu,West Godavari,ANDHRA PRADESH
534236,Yelurupadu,West Godavari,ANDHRA PRADESH
534237,Kalla,West Godavari,ANDHRA PRADESH
534238,Polamuru,West Godavari,ANDHRA PRADESH
534239,Dirusumarru,West Godavari,ANDHRA PRADESH
534240,Konithiwada,West Godavari,ANDHRA PRADESH
534243,Srungavruksham,West Godavari,ANDHRA PRADESH
534244,Vissakoderu,West Godavari,ANDHRA PRADESH
534245,Viravasaram,West Godavari,ANDHRA PRADESH
534247,Rayakuduru,West Godavari,ANDHRA PRADESH
534250,Lankalakoderu,West Godavari,ANDHRA PRADESH
534260,Palakol,West Godavari,ANDHRA PRADESH
534265,Jinnuru,West Godavari,ANDHRA PRADESH
534266,Doddipatla,West Godavari,ANDHRA PRADESH
534267,Gummaluru,West Godavari,ANDHRA PRADESH
534268,Ellamanchili,West Godavari,ANDHRA PRADESH
534269,Kodamanchili,West Godavari,ANDHRA PRADESH
534275,Narsapur,West Godavari,ANDHRA PRADESH
534280,Sitaramapuram,West Godavari,ANDHRA PRADESH
534281,Mogalturu,West Godavari,ANDHRA PRADESH
534301,Nidadavole,West Godavari,ANDHRA PRADESH
534302,Samisragudem,West Godavari,ANDHRA PRADESH
534305,Tadimalla,West Godavari,ANDHRA PRADESH
534311,Kannapuram,West Godavari,ANDHRA PRADESH
534312,Koyyalagudem,West Godavari,ANDHRA PRADESH
534313,Devarapalli,West Godavari,ANDHRA PRADESH
534315,Polavaram,West Godavari,ANDHRA PRADESH
534316,Gopalapuram,West Godavari,ANDHRA PRADESH
534318,Dondapudi,West Godavari,ANDHRA PRADESH
534320,Penugonda,West Godavari,ANDHRA PRADESH
534324,Vadali,West Godavari,ANDHRA PRADESH
534326,Sidhantam,West Godavari,ANDHRA PRADESH
534327,Poduru,West Godavari,ANDHRA PRADESH
534328,Peravali,West Godavari,ANDHRA PRADESH
534329,Kanuru,West Godavari,ANDHRA PRADESH
534330,Khandavalli,West Godavari,ANDHRA PRADESH
534331,Kakaraparru,West Godavari,ANDHRA PRADESH
534338,Kavitam,West Godavari,ANDHRA PRADESH
534340,Vegeswarapuram,West Godavari,ANDHRA PRADESH
534341,Tallapudi,West Godavari,ANDHRA PRADESH
534342,Chagallu,West Godavari,ANDHRA PRADESH
534350,Kovvur,West Godavari,ANDHRA PRADESH
534401,Pulla,West Godavari,ANDHRA PRADESH
534406,Chebrole,West Godavari,ANDHRA PRADESH
534411,Vunguturu,West Godavari,ANDHRA PRADESH
534416,Kaikaram,West Godavari,ANDHRA PRADESH
534425,Bhimadole,West Godavari,ANDHRA PRADESH
534426,Dwaraka Tirumala,West Godavari,ANDHRA PRADESH
534427,Gundugolanu So.,West Godavari,ANDHRA PRADESH
534432,Denduluru,West Godavari,ANDHRA PRADESH
534435,Pedavegi,West Godavari,ANDHRA PRADESH
534437,Pedapadu,West Godavari,ANDHRA PRADESH
534442,Kovvali,West Godavari,ANDHRA PRADESH
534444,Kukunoor,West Godavari,ANDHRA PRADESH
534447,Jangareddygudem,West Godavari,ANDHRA PRADESH
534448,Buttayagudem,West Godavari,ANDHRA PRADESH
534449,Kamavarapukota,West Godavari,ANDHRA PRADESH
534450,Gopannapalem,West Godavari,ANDHRA PRADESH
534451,Lakkavaram,West Godavari,ANDHRA PRADESH
534452,Tadikalapudi,West Godavari,ANDHRA PRADESH
534455,Gowrisankara Puram,West Godavari,ANDHRA PRADESH
534456,Jeelugumilli,West Godavari,ANDHRA PRADESH
534460,Chintalapudi,West Godavari,ANDHRA PRADESH
534461,Pragadavaram,West Godavari,ANDHRA PRADESH
534462,Dharmajigudem,West Godavari,ANDHRA PRADESH
534467,T.Narasapuram,West Godavari,ANDHRA PRADESH
534475,Vijayarai,West Godavari,ANDHRA PRADESH
535001,Vizianagaram City,Vizianagaram,ANDHRA PRADESH
535002,Vizianagaram,Vizianagaram,ANDHRA PRADESH
535003,Vizianagaram Contonment,Vizianagaram,ANDHRA PRADESH
535004,Industrial Estate,Vizianagaram,ANDHRA PRADESH
535005,Apsp Quarters,Vizianagaram,ANDHRA PRADESH
535006,Denkada,Vizianagaram,ANDHRA PRADESH
535101,Shreeramnagar,Vizianagaram,ANDHRA PRADESH
535102,Garbham,Vizianagaram,ANDHRA PRADESH
535124,Uttaravalli,Vizianagaram,ANDHRA PRADESH
535125,Mettapalli,Vizianagaram,ANDHRA PRADESH
535126,Therlam,Vizianagaram,ANDHRA PRADESH
535128,Chipurupalle,Vizianagaram,ANDHRA PRADESH
535145,S Kota,Vizianagaram,ANDHRA PRADESH
535148,Dharmavaram,Vizianagaram,ANDHRA PRADESH
535160,Bonangi,Vizianagaram,ANDHRA PRADESH
535161,L Kota,Vizianagaram,ANDHRA PRADESH
535183,Kothavalasa,Vizianagaram,ANDHRA PRADESH
535204,Pusapatirega,Vizianagaram,ANDHRA PRADESH
535213,Singavaram,Vizianagaram,ANDHRA PRADESH
535214,Ss Korukonda,Vizianagaram,ANDHRA PRADESH
535215,Gantyada,Vizianagaram,ANDHRA PRADESH
535216,Bhogapuram,Vizianagaram,ANDHRA PRADESH
535217,Nellimarla,Vizianagaram,ANDHRA PRADESH
535218,Ramathirtam,Vizianagaram,ANDHRA PRADESH
535220,Kotagandredu,Vizianagaram,ANDHRA PRADESH
535221,Pedamajjipalem,Vizianagaram,ANDHRA PRADESH
535240,Alamanda R S,Vizianagaram,ANDHRA PRADESH
535250,Jami,Vizianagaram,ANDHRA PRADESH
535260,Bondapalli,Vizianagaram,ANDHRA PRADESH
535270,Gajapathinagaram,Vizianagaram,ANDHRA PRADESH
535273,Mentada,Vizianagaram,ANDHRA PRADESH
535280,Moida,Vizianagaram,ANDHRA PRADESH
535281,Vepada,Vizianagaram,ANDHRA PRADESH
535463,Garugubilli,Vizianagaram,ANDHRA PRADESH
535501,Parvatipuram,Vizianagaram,ANDHRA PRADESH
535502,Parvatipuram Bus Stand,Vizianagaram,ANDHRA PRADESH
535521,Komarada,Vizianagaram,ANDHRA PRADESH
535522,Mrutyunjayarayanagaram,Vizianagaram,ANDHRA PRADESH
535523,Gummalakshmipuram,Vizianagaram,ANDHRA PRADESH
535524,Kurupam,Vizianagaram,ANDHRA PRADESH
535525,Ravivalasa,Vizianagaram,ANDHRA PRADESH
535526,Merangi,Vizianagaram,ANDHRA PRADESH
535527,Pedabondapalli,Vizianagaram,ANDHRA PRADESH
535534,Mondemkhallu,Vizianagaram,ANDHRA PRADESH
535546,Seethanagaram,Vizianagaram,ANDHRA PRADESH
535547,Makkuva,Vizianagaram,ANDHRA PRADESH
535557,Balijipeta,Vizianagaram,ANDHRA PRADESH
535558,Bobbili,Vizianagaram,ANDHRA PRADESH
535559,Bobbili Govt.Hospital Road,Vizianagaram,ANDHRA PRADESH
535568,Piridi,Vizianagaram,ANDHRA PRADESH
535573,Bobbili Bazar,Vizianagaram,ANDHRA PRADESH
535578,Donkinavalasa,Vizianagaram,ANDHRA PRADESH
535579,Ramabhadrapuram,Vizianagaram,ANDHRA PRADESH
535580,Pedamanapuram,Vizianagaram,ANDHRA PRADESH
535581,Challapeta,Vizianagaram,ANDHRA PRADESH
535591,Salur,Vizianagaram,ANDHRA PRADESH
535592,Pachipenta,Vizianagaram,ANDHRA PRADESH
535593,Mamidipalle,Vizianagaram,ANDHRA PRADESH
535594,Jiyyammavalsa,Vizianagaram,ANDHRA PRADESH
560001,Bangalore G.P.O.,Bengaluru,KARNATAKA
560002,Bangalore City,Bengaluru,KARNATAKA
560003,Malleswaram,Bengaluru,KARNATAKA
560004,Basavanagudi,Bengaluru,KARNATAKA
560005,Fraser Town,Bengaluru,KARNATAKA
560006,J.C.Nagar,Bengaluru,KARNATAKA
560007,Agram,Bengaluru,KARNATAKA
560008,H.A.L II Stage,Bengaluru,KARNATAKA
560009,K. G. Road,Bengaluru,KARNATAKA
560010,Rajajinagar,Bengaluru,KARNATAKA
560011,Jayangar III Block,Bengaluru,KARNATAKA
560012,Science Institute,Bengaluru,KARNATAKA
560013,Jalahalli,Bengaluru,KARNATAKA
560015,Jalahalli West,Bengaluru,KARNATAKA
560016,Doorvaninagar,Bengaluru,KARNATAKA
560017,Vimanapura,Bengaluru,KARNATAKA
560018,Chamrajpet,Bengaluru,KARNATAKA
560020,Seshadripuram,Bengaluru,KARNATAKA
560021,Srirampuram,Bengaluru,KARNATAKA
560022,Yeswanthpura,Bengaluru,KARNATAKA
560023,Magadi Road,Bengaluru,KARNATAKA
560024,H.A. Farm,Bengaluru,KARNATAKA
560025,Museum Road,Bengaluru,KARNATAKA
560026,Governmemnt Electric Factory,Bengaluru,KARNATAKA
560027,Wilson Garden,Bengaluru,KARNATAKA
560029,Dharmaram College,Bengaluru,KARNATAKA
560030,Adugodi,Bengaluru,KARNATAKA
560032,R T Nagar,Bengaluru,KARNATAKA
560033,Maruthi Sevanagar,Bengaluru,KARNATAKA
560034,Koramangala,Bengaluru,KARNATAKA
560035,Carmelram,Bengaluru,KARNATAKA
560036,Krishnarajapuram,Bengaluru,KARNATAKA
560037,Marathahalli Colony,Bengaluru,KARNATAKA
560038,Indiranagar,Bengaluru,KARNATAKA
560040,Vijayanagar,Bengaluru,KARNATAKA
560041,Jayanagar,Bengaluru,KARNATAKA
560042,Sivan Chetty Gardens,Bengaluru,KARNATAKA
560043,Kalyananagar,Bengaluru,KARNATAKA
560045,Arabic College,Bengaluru,KARNATAKA
560046,Benson Town,Bengaluru,KARNATAKA
560047,Viveknagar,Bengaluru,KARNATAKA
560048,Mahadevapura,Bengaluru,KARNATAKA
560049,Virgonagar,Bengaluru,KARNATAKA
560050,Banashankari,Bengaluru,KARNATAKA
560051,H.K.P. Road,Bengaluru,KARNATAKA
560053,Chickpet,Bengaluru,KARNATAKA
560054,Msrit,Bengaluru,KARNATAKA
560055,Malleswaram West,Bengaluru,KARNATAKA
560056,Bengaluru Vishwavidyalaya,Bengaluru,KARNATAKA
560057,Peenya Dasarahalli,Bengaluru,KARNATAKA
560058,Peenya Small Industries,Bengaluru,KARNATAKA
560059,Rv Niketan,Bengaluru,KARNATAKA
560060,Kengeri,Bangalore Rural,KARNATAKA
560061,Subramanyapura,Bengaluru,KARNATAKA
560062,Doddakallasandra,Bengaluru,KARNATAKA
560063,A F Station Yelahanka,Bengaluru,KARNATAKA
560064,Yelahanka,Bengaluru,KARNATAKA
560065,G.K.V.K.,Bengaluru,KARNATAKA
560066,Whitefield,Bengaluru,KARNATAKA
560067,Kadugodi,Bengaluru,KARNATAKA
560068,Bommanahalli,Bengaluru,KARNATAKA
560070,B Sk II Stage,Bengaluru,KARNATAKA
560071,Domlur,Bengaluru,KARNATAKA
560072,Nagarbhavi,Bengaluru,KARNATAKA
560073,Nagasandra,Bengaluru,KARNATAKA
560074,Kumbalagodu,Bengaluru,KARNATAKA
560075,New Thippasandra,Bengaluru,KARNATAKA
560076,Bannerghatta Road,Bengaluru,KARNATAKA
560077,Dr. Shivarama Karanth Nagar,Bengaluru,KARNATAKA
560078,J P Nagar,Bengaluru,KARNATAKA
560079,Basaveshwaranagar,Bengaluru,KARNATAKA
560080,Sadashivanagar,Bengaluru,KARNATAKA
560081,Chandapura,Bengaluru,KARNATAKA
560082,Udaypura,Bangalore Rural,KARNATAKA
560083,Bannerghatta,Bengaluru,KARNATAKA
560084,St. Thomas Town,Bengaluru,KARNATAKA
560085,Banashankari III Stage,Bengaluru,KARNATAKA
560086,Mahalakshmipuram Layout,Bengaluru,KARNATAKA
560087,Vartur,Bengaluru,KARNATAKA
560088,Hessarghatta,Bangalore Rural,KARNATAKA
560089,Hessarghatta Lake,Bangalore Rural,KARNATAKA
560090,Chikkabanavara,Bangalore Rural,KARNATAKA
560091,Viswaneedam,Bengaluru,KARNATAKA
560092,Sahakaranagar,Bengaluru,KARNATAKA
560093,C.V.Raman Nagar,Bengaluru,KARNATAKA
560094,R.M.V. Extension II Stage,Bengaluru,KARNATAKA
560095,Koramangala VI Bk,Bengaluru,KARNATAKA
560096,Nandinilayout,Bengaluru,KARNATAKA
560097,Vidyaranyapura,Bengaluru,KARNATAKA
560098,Rajarajeshwarinagar,Bengaluru,KARNATAKA
560099,Bommasandra Industrial Estate,Bengaluru,KARNATAKA
560100,Electronics City,Bengaluru,KARNATAKA
560102,HSR Layout,Bengaluru,KARNATAKA
560103,Bellandur,Bengaluru,KARNATAKA
560104,Hampinagar,Bengaluru,KARNATAKA
560105,Jigani,Bengaluru,KARNATAKA
560107,Achitnagar,Bangalore Rural,KARNATAKA
560108,Anjanapura,Bengaluru,KARNATAKA
560109,Thalaghattapura,Bengaluru,KARNATAKA
560110,Ullalu Upanagar,Bengaluru,KARNATAKA
560111,Kumaraswamy Layout,Bengaluru,KARNATAKA
560112,Kodigehalli,Bengaluru,KARNATAKA
560113,Horamavu,Bengaluru,KARNATAKA
560114,Begur,Bengaluru,KARNATAKA
560115,Kannamangala,Bengaluru,KARNATAKA
560116,Kaggalipura,Bengaluru,KARNATAKA
560117,Doddadunnasandra,Bengaluru,KARNATAKA
560300,Bangalore International Airport,Bengaluru,KARNATAKA
560500,CPC Income Tax Department,Bengaluru,KARNATAKA
561101,Kudur,Bangalore Rural,KARNATAKA
561201,Veeregowdanadoddi,Ramanagar,KARNATAKA
561202,Pavagada,Tumakuru,KARNATAKA
561203,Dodballapura,Bangalore Rural,KARNATAKA
561204,Doddabelavangala,Bangalore Rural,KARNATAKA
561205,Melekote,Bangalore Rural,KARNATAKA
561206,Dn Palya,Chikkaballapur,KARNATAKA
561207,Bagepalli,Kolar,KARNATAKA
561208,Gauribidanur,Kolar,KARNATAKA
561209,Gudibanda,Kolar,KARNATAKA
561210,Hossur,Kolar,KARNATAKA
561211,Manchennahalli,Kolar,KARNATAKA
561212,Pathapalya,Kolar,KARNATAKA
561213,Thondebhavi,Kolar,KARNATAKA
561228,Vatadahosahalli,Kolar,KARNATAKA
562101,Chickballapur,Chikkaballapur,KARNATAKA
562102,Melur,Kolar,KARNATAKA
562103,Nandi,Kolar,KARNATAKA
562104,Peresandra,Chikkaballapur,KARNATAKA
562105,Sidlaghatta,Kolar,KARNATAKA
562106,Anekal,Bengaluru,KARNATAKA
562107,Attibele,Bengaluru,KARNATAKA
562108,Bevur,Ramanagar,KARNATAKA
562109,Bidadi,Ramanagar,KARNATAKA
562110,Devanahalli,Bangalore Rural,KARNATAKA
562111,Dobbespet,Bangalore Rural,KARNATAKA
562112,Harohalli,Ramanagar,KARNATAKA
562114,Hoskote,Bangalore Rural,KARNATAKA
562117,Kanakapura,Ramanagar,KARNATAKA
562119,Kodihalli,Ramanagar,KARNATAKA
562120,Magadi,Ramanagar,KARNATAKA
562121,Maralavadi,Ramanagar,KARNATAKA
562122,Nandagudi,Bangalore Rural,KARNATAKA
562123,Nelamangala,Bangalore Rural,KARNATAKA
562125,Sarjapura,Bengaluru,KARNATAKA
562126,Sathanur,Ramanagar,KARNATAKA
562127,Solur,Bangalore Rural,KARNATAKA
562128,Sugganahalli,Ramanagar,KARNATAKA
562129,Sulebele,Bangalore Rural,KARNATAKA
562130,Tavarekere,Bengaluru,KARNATAKA
562131,Thippasandra,Bangalore Rural,KARNATAKA
562132,Tyamagondlu,Bangalore Rural,KARNATAKA
562135,Vijayapaura,Bangalore Rural,KARNATAKA
562138,Honganur,Ramanagar,KARNATAKA
562149,Bagalur,Bengaluru,KARNATAKA
562157,Bettahalsur,Bengaluru,KARNATAKA
562159,Ramanagaram,Ramanagar,KARNATAKA
562160,Channapatna,Ramanagar,KARNATAKA
562161,Government Silk Farm,Ramanagar,KARNATAKA
562162,Madanayakanahalli,Bengaluru,KARNATAKA
562163,NAGADENAHALLI,Bangalore Rural,KARNATAKA
562164,Avathi,Bengaluru,KARNATAKA
563101,Kolar,Kolar,KARNATAKA
563102,Kolar Extension,Kolar,KARNATAKA
563103,Tamaka,Kolar,KARNATAKA
563113,Andersonpet,Kolar,KARNATAKA
563114,Bangarpet,Kolar,KARNATAKA
563115,Beml Nagar,Kolar,KARNATAKA
563116,Bethamangala,Kolar,KARNATAKA
563117,Championreefs,Kolar,KARNATAKA
563118,Coromandel,Kolar,KARNATAKA
563119,Marikuppam,Kolar,KARNATAKA
563120,Oorgaum,Kolar,KARNATAKA
563121,Oorgaumpet,Kolar,KARNATAKA
563122,Robertsonpet,Kolar,KARNATAKA
563123,Batlahalli,Kolar,KARNATAKA
563124,Chelur,Kolar,KARNATAKA
563125,Chintamani,Kolar,KARNATAKA
563126,Dalasanur,Kolar,KARNATAKA
563127,Devarayasamudra,Kolar,KARNATAKA
563128,Kaiwara,Kolar,KARNATAKA
563129,Kamasamudra,Kolar,KARNATAKA
563130,Malur,Kolar,KARNATAKA
563131,Mulbagal,Kolar,KARNATAKA
563132,Nangli,Kolar,KARNATAKA
563133,Narasapura,Kolar,KARNATAKA
563134,Rayalpadu,Kolar,KARNATAKA
563135,Srinivaspur,Kolar,KARNATAKA
563136,Tayalur,Kolar,KARNATAKA
563137,Tekal,Kolar,KARNATAKA
563138,Yeldur,Kolar,KARNATAKA
563139,Masthi,Kolar,KARNATAKA
563146,Murugamale,Kolar,KARNATAKA
563147,Budikote,Kolar,KARNATAKA
563157,Vemagal,Kolar,KARNATAKA
563159,Burudugunte,Kolar,KARNATAKA
563161,Gownipalli,Kolar,KARNATAKA
563162,Deshihalli Bangarpet,Kolar,KARNATAKA
570001,Mysuru,Mysuru,KARNATAKA
570002,Vani Vilas Mohalla,Mysuru,KARNATAKA
570003,Note Mudran Nagar,Mysuru,KARNATAKA
570004,Lakshmipuram,Mysuru,KARNATAKA
570005,Mysuru University,Mysuru,KARNATAKA
570006,Manasagangothri,Mysuru,KARNATAKA
570007,Narasimha Raja Mohalla,Mysuru,KARNATAKA
570008,Mysuru South,Mysuru,KARNATAKA
570009,Saraswathipuram,Mysuru,KARNATAKA
570010,Ittigegud,Mysuru,KARNATAKA
570011,Siddarthanagar Nagar,Mysuru,KARNATAKA
570012,Jayalakshmipuram,Mysuru,KARNATAKA
570014,Jayanagar,Mysuru,KARNATAKA
570015,Bannimantap,Mysuru,KARNATAKA
570016,Metagalli,Mysuru,KARNATAKA
570017,Vijaynagar II Stage,Mysuru,KARNATAKA
570018,Belavadi,Mysuru,KARNATAKA
570019,Udayagiri,Mysuru,KARNATAKA
570020,Yadavagiri,Mysuru,KARNATAKA
570022,Ramakrishna Nagar,Mysuru,KARNATAKA
570023,Kuvempunagar,Mysuru,KARNATAKA
570025,G S Ashram,Mysuru,KARNATAKA
570026,Bogadi,Mysuru,KARNATAKA
570027,Infosys Campus,Mysuru,KARNATAKA
570028,Alanahalli,Mysuru,KARNATAKA
570029,Shakthinagar,Mysuru,KARNATAKA
570030,Vijayanagar III stage,Mysuru,KARNATAKA
570031,J.P.Nagar,Mysuru,KARNATAKA
570032,Vijayanagar IV Stage,Mysuru,KARNATAKA
571101,Bannur,Mysuru,KARNATAKA
571102,Bettadapura,Mysuru,KARNATAKA
571103,Bilikere,Mysuru,KARNATAKA
571104,Bylakuppe,Mysuru,KARNATAKA
571105,Hunsur,Mysuru,KARNATAKA
571106,Hanagodu,Mysuru,KARNATAKA
571107,Periyapatna,Mysuru,KARNATAKA
571108,Ravandur,Mysuru,KARNATAKA
571109,Begur,Chamrajnagar,KARNATAKA
571110,Gargeshwari,Mysuru,KARNATAKA
571111,Gundlupet,Chamrajnagar,KARNATAKA
571114,Heggadedevana Kote,Mysuru,KARNATAKA
571115,Santhemaranahalli,Chamrajnagar,KARNATAKA
571116,Kabini Colony,Mysuru,KARNATAKA
571117,Kagalavadi,Chamrajnagar,KARNATAKA
571118,Kalale,Mysuru,KARNATAKA
571119,Tagadur,Mysuru,KARNATAKA
571120,Old Sosale,Mysuru,KARNATAKA
571121,Sargur,Mysuru,KARNATAKA
571122,Talakad,Mysuru,KARNATAKA
571123,Tirukanambi,Chamrajnagar,KARNATAKA
571124,T Narasipura,Mysuru,KARNATAKA
571125,Hampapura,Mysuru,KARNATAKA
571126,Hangala,Chamrajnagar,KARNATAKA
571127,Haradanahalli,Chamrajnagar,KARNATAKA
571128,Harave,Chamrajnagar,KARNATAKA
571129,Nagarle,Mysuru,KARNATAKA
571130,Yelwal,Mysuru,KARNATAKA
571134,Kattemalalavadi,Mysuru,KARNATAKA
571187,Kanagal,Mysuru,KARNATAKA
571189,Rathnapuri Colony,Mysuru,KARNATAKA
571201,Madikeri,Kodagu,KARNATAKA
571211,Ammathi,Kodagu,KARNATAKA
571212,Cheyandane,Kodagu,KARNATAKA
571213,Gonikoppal,Kodagu,KARNATAKA
571214,Napoklu,Kodagu,KARNATAKA
571215,Pollibetta,Kodagu,KARNATAKA
571216,Ponnampet,Kodagu,KARNATAKA
571217,Srimangala,Kodagu,KARNATAKA
571218,Virajpet,Kodagu,KARNATAKA
571219,Balele,Kodagu,KARNATAKA
571231,Kodlipet,Kodagu,KARNATAKA
571232,Kudige,Kodagu,KARNATAKA
571234,Kushalnagar,Kodagu,KARNATAKA
571235,Shanivarasanthe,Kodagu,KARNATAKA
571236,Somwarpet,Kodagu,KARNATAKA
571237,Suntikoppa,Kodagu,KARNATAKA
571247,Bhagamandala,Kodagu,KARNATAKA
571248,Chettalli,Kodagu,KARNATAKA
571249,Hudikeri,Kodagu,KARNATAKA
571250,Kutta,Kodagu,KARNATAKA
571251,Madapura,Kodagu,KARNATAKA
571252,Murnad,Kodagu,KARNATAKA
571253,Siddapura-Kodagu,Kodagu,KARNATAKA
571254,Thithimathi,Kodagu,KARNATAKA
571301,Nanjangud,Mysuru,KARNATAKA
571302,Thandavapura,Mysuru,KARNATAKA
571311,Kadakola,Mysuru,KARNATAKA
571312,Kavalande,Mysuru,KARNATAKA
571313,Chamarajanagara,Chamrajnagar,KARNATAKA
571314,Hullahalli,Mysuru,KARNATAKA
571315,Hura,Mysuru,KARNATAKA
571316,Kuderu,Chamrajnagar,KARNATAKA
571320,Cowdalli,Chamrajnagar,KARNATAKA
571342,Ramasamudra,Chamrajnagar,KARNATAKA
571401,Mandya,Mandya,KARNATAKA
571402,Sugar Town,Mandya,KARNATAKA
571403,Guthal Colony,Mandya,KARNATAKA
571404,Acetate Town,Mandya,KARNATAKA
571405,V C Farm,Mandya,KARNATAKA
571415,Arakere,Mandya,KARNATAKA
571416,Basaralu,Mandya,KARNATAKA
571417,Belakavadi,Mandya,KARNATAKA
571418,Bellur,Mandya,KARNATAKA
571419,Besagarahalli,Mandya,KARNATAKA
571421,Halagur,Mandya,KARNATAKA
571422,Bharathinagar,Mandya,KARNATAKA
571423,Kikkeri,Mandya,KARNATAKA
571424,Kiragavalu,Mandya,KARNATAKA
571425,Koppa-mandya,Mandya,KARNATAKA
571426,Krishnarajapete,Mandya,KARNATAKA
571427,Kyathanahalli,Mandya,KARNATAKA
571428,Maddur,Mandya,KARNATAKA
571429,Shivapura Maddur,Mandya,KARNATAKA
571430,Malavalli,Mandya,KARNATAKA
571431,Melukote,Mandya,KARNATAKA
571432,Nagamangala,Mandya,KARNATAKA
571433,Nidaghatta,Mandya,KARNATAKA
571434,Pandavapura,Mandya,KARNATAKA
571435,Pandavapura R S,Mandya,KARNATAKA
571436,Santhebachahalli,Mandya,KARNATAKA
571438,Srirangapatna,Mandya,KARNATAKA
571439,Hanur,Chamrajnagar,KARNATAKA
571440,Kollegal,Chamrajnagar,KARNATAKA
571441,Yelandur,Chamrajnagar,KARNATAKA
571442,Mamballi,Chamrajnagar,KARNATAKA
571443,Kamakerai,Chamrajnagar,KARNATAKA
571444,Ramapuram Ghat,Chamrajnagar,KARNATAKA
571445,Devalapura,Mandya,KARNATAKA
571446,Keragodu,Mandya,KARNATAKA
571448,Balagangadaranathnagar,Mandya,KARNATAKA
571450,Keelara,Mandya,KARNATAKA
571455,Chinakurali,Mandya,KARNATAKA
571457,Tibetan Settlement,Chamrajnagar,KARNATAKA
571463,Purigali,Mandya,KARNATAKA
571475,Hadli,Mandya,KARNATAKA
571476,Kestur,Mandya,KARNATAKA
571477,Ganjam,Mandya,KARNATAKA
571478,Kottatti,Mandya,KARNATAKA
571490,Mahadeshwara Malai,Chamrajnagar,KARNATAKA
571601,Hampapura,Mysuru,KARNATAKA
571602,Krishna Raja Nagar,Mysuru,KARNATAKA
571603,Mirle,Mysuru,KARNATAKA
571604,Saligrama,Mysuru,KARNATAKA
571605,Akkihebbal,Mandya,KARNATAKA
571606,Belagola,Mandya,KARNATAKA
571607,Krishnaraja Sagar,Mandya,KARNATAKA
571610,Gavadagere,Mysuru,KARNATAKA
571617,Chunchunakatte,Mysuru,KARNATAKA
571802,Bindiganavile,Mandya,KARNATAKA
571807,Kirangoor,Mandya,KARNATAKA
571811,Chunchanahalli,Mandya,KARNATAKA
571812,Bukkinakere,Mandya,KARNATAKA
572101,Tumkur,Tumakuru,KARNATAKA
572102,Someswarapuram,Tumakuru,KARNATAKA
572103,Kuvempunagara,Tumakuru,KARNATAKA
572104,Kyathasandra,Tumakuru,KARNATAKA
572105,Maralur,Tumakuru,KARNATAKA
572106,Northren Extension,Tumakuru,KARNATAKA
572107,M C Campus Tumkur,Tumakuru,KARNATAKA
572111,Amruthur,Tumakuru,KARNATAKA
572112,Badavanahalli,Tumakuru,KARNATAKA
572113,Baragur,Tumakuru,KARNATAKA
572114,Biligere,Tumakuru,KARNATAKA
572115,Bukkapatna,Tumakuru,KARNATAKA
572116,Channakeshavapura,Tumakuru,KARNATAKA
572117,Chelur,Tumakuru,KARNATAKA
572118,Gulur,Tumakuru,KARNATAKA
572119,Handanakere,Tumakuru,KARNATAKA
572120,Hebbur,Tumakuru,KARNATAKA
572121,Holavanahalli,Tumakuru,KARNATAKA
572122,Honnudike,Tumakuru,KARNATAKA
572123,Huliyur Durga,Tumakuru,KARNATAKA
572124,Ittakadibbanahalli,Tumakuru,KARNATAKA
572125,Kallambella,Tumakuru,KARNATAKA
572126,Kempanahalli,Tumakuru,KARNATAKA
572127,Kodigenahalli,Tumakuru,KARNATAKA
572128,Kora,Tumakuru,KARNATAKA
572129,Koratagere,Tumakuru,KARNATAKA
572130,Kunigal,Tumakuru,KARNATAKA
572132,Madhugiri,Tumakuru,KARNATAKA
572133,Medigeshi,Tumakuru,KARNATAKA
572134,Nagasandra,Tumakuru,KARNATAKA
572135,P N Halli,Tumakuru,KARNATAKA
572136,Palavalli,Tumakuru,KARNATAKA
572137,Sira,Tumakuru,KARNATAKA
572138,Tovinakere,Tumakuru,KARNATAKA
572139,Tavarekere,Tumakuru,KARNATAKA
572140,Urdigere,Tumakuru,KARNATAKA
572141,Y N Hoskote,Tumakuru,KARNATAKA
572142,Yediyur,Tumakuru,KARNATAKA
572168,Hirehalli,Tumakuru,KARNATAKA
572175,Puravara,Tumakuru,KARNATAKA
572201,Tiptur,Tumakuru,KARNATAKA
572211,Ammasandra,Tumakuru,KARNATAKA
572212,Banasandra,Tumakuru,KARNATAKA
572213,Chandrashekarapura,Tumakuru,KARNATAKA
572214,Chikkanayakana Halli,Tumakuru,KARNATAKA
572215,Dandinashivara,Tumakuru,KARNATAKA
572216,Gubbi,Tumakuru,KARNATAKA
572217,Honnavalli,Tumakuru,KARNATAKA
572218,Huliyar,Tumakuru,KARNATAKA
572219,Kadaba,Tumakuru,KARNATAKA
572220,Kallur,Tumakuru,KARNATAKA
572221,Mayasandra,Tumakuru,KARNATAKA
572222,Mooganayakana Kote,Tumakuru,KARNATAKA
572223,Nittur,Tumakuru,KARNATAKA
572224,Nonavinakere,Tumakuru,KARNATAKA
572225,Sampige,Tumakuru,KARNATAKA
572226,Settikere,Tumakuru,KARNATAKA
572227,Turuvekere,Tumakuru,KARNATAKA
572228,Kandikere,Tumakuru,KARNATAKA
573101,Arehalli,Hassan,KARNATAKA
573102,Arkalgud,Hassan,KARNATAKA
573103,Arsikere,Hassan,KARNATAKA
573111,Bagur,Hassan,KARNATAKA
573112,Banavara,Hassan,KARNATAKA
573113,Basavapatna,Hassan,KARNATAKA
573115,Belur Hassan,Hassan,KARNATAKA
573116,Channarayapatna,Hassan,KARNATAKA
573117,Doddamettikurke,Hassan,KARNATAKA
573118,Dudda R S,Hassan,KARNATAKA
573119,Gandasi,Hassan,KARNATAKA
573120,Gorur,Hassan,KARNATAKA
573121,Halebeedu,Hassan,KARNATAKA
573122,Haranahalli,Hassan,KARNATAKA
573123,Hethur,Hassan,KARNATAKA
573124,Hirisave,Hassan,KARNATAKA
573125,Javagal,Hassan,KARNATAKA
573126,Jaya Chamaraja Pura,Hassan,KARNATAKA
573127,Bykere,Hassan,KARNATAKA
573128,Kattaya,Hassan,KARNATAKA
573129,Kenchammanahosakote,Hassan,KARNATAKA
573130,Konanur,Hassan,KARNATAKA
573131,Nuggihalli,Hassan,KARNATAKA
573133,Ramanathapura,Hassan,KARNATAKA
573134,Sakleshpur,Hassan,KARNATAKA
573135,Shravanabelagola,Hassan,KARNATAKA
573136,Keralapura,Hassan,KARNATAKA
573137,Yeslur,Hassan,KARNATAKA
573141,Didaga,Hassan,KARNATAKA
573142,Doddamagge,Hassan,KARNATAKA
573144,Kanakatte,Hassan,KARNATAKA
573162,Bageshpura,Hassan,KARNATAKA
573164,Lalanakere,Hassan,KARNATAKA
573165,Hanbalu,Hassan,KARNATAKA
573201,Hassan,Hassan,KARNATAKA
573202,Vidyanagar,Hassan,KARNATAKA
573210,Hallymysore,Hassan,KARNATAKA
573211,Holenarsipur,Hassan,KARNATAKA
573212,Mosale Hosahalli,Hassan,KARNATAKA
573213,Alur,Hassan,KARNATAKA
573214,Ballupet,Hassan,KARNATAKA
573215,Bikkodu,Hassan,KARNATAKA
573216,Hagare,Hassan,KARNATAKA
573217,Kandali,Hassan,KARNATAKA
573218,Palya,Hassan,KARNATAKA
573219,Salagame,Hassan,KARNATAKA
573220,Shanthigrama,Hassan,KARNATAKA
573225,Agriculture College Campus Dly,Hassan,KARNATAKA
573226,Boovanahalli,Hassan,KARNATAKA
574101,Ajekar,Udupi,KARNATAKA
574102,Bailur,Udupi,KARNATAKA
574103,Hejmadi,Udupi,KARNATAKA
574104,Karkala,Udupi,KARNATAKA
574105,Katapadi,Udupi,KARNATAKA
574106,Kaup,Udupi,KARNATAKA
574107,Miyar,Udupi,KARNATAKA
574108,Muniyal,Udupi,KARNATAKA
574109,Naravi,Dakshina Kannada,KARNATAKA
574110,Nitte,Udupi,KARNATAKA
574111,Padubidri,Udupi,KARNATAKA
574112,Palimar,Udupi,KARNATAKA
574113,Pilar,Udupi,KARNATAKA
574114,Sanur,Udupi,KARNATAKA
574115,Shankarapura,Udupi,KARNATAKA
574116,Shirva,Udupi,KARNATAKA
574117,Uchila,Udupi,KARNATAKA
574118,Udyavara,Udupi,KARNATAKA
574119,Yermal,Udupi,KARNATAKA
574122,Bajegoli,Udupi,KARNATAKA
574129,Kanthavara,Udupi,KARNATAKA
574141,Aikala,Dakshina Kannada,KARNATAKA
574142,Bajpe,Dakshina Kannada,KARNATAKA
574143,Farangipet,Dakshina Kannada,KARNATAKA
574144,Ganjimat,Dakshina Kannada,KARNATAKA
574145,Gurpur,Dakshina Kannada,KARNATAKA
574146,Haleangady,Dakshina Kannada,KARNATAKA
574148,Kateel,Dakshina Kannada,KARNATAKA
574150,Kinnigoli,Dakshina Kannada,KARNATAKA
574151,Kinnikambla,Dakshina Kannada,KARNATAKA
574153,Kurnad,Dakshina Kannada,KARNATAKA
574154,Mulki,Dakshina Kannada,KARNATAKA
574197,Kodangallu,Dakshina Kannada,KARNATAKA
574198,Kokkada,Dakshina Kannada,KARNATAKA
574199,Mangalagangothri,Dakshina Kannada,KARNATAKA
574201,Puttur,Dakshina Kannada,KARNATAKA
574202,Darbe,Dakshina Kannada,KARNATAKA
574203,Nehrunagar,Dakshina Kannada,KARNATAKA
574210,Aryapu,Dakshina Kannada,KARNATAKA
574211,Bantval,Dakshina Kannada,KARNATAKA
574212,Bellare,Dakshina Kannada,KARNATAKA
574213,Belvai,Dakshina Kannada,KARNATAKA
574214,Belthangady,Dakshina Kannada,KARNATAKA
574216,Dharmasthala,Dakshina Kannada,KARNATAKA
574217,Guruvayanakere,Dakshina Kannada,KARNATAKA
574218,Guthigar,Dakshina Kannada,KARNATAKA
574219,Jodumarga,Dakshina Kannada,KARNATAKA
574220,Kabaka,Dakshina Kannada,KARNATAKA
574221,Kadaba,Dakshina Kannada,KARNATAKA
574222,Kalladka,Dakshina Kannada,KARNATAKA
574223,Kav,Dakshina Kannada,KARNATAKA
574224,Madanthyar,Dakshina Kannada,KARNATAKA
574225,Mijar,Dakshina Kannada,KARNATAKA
574226,Mithabail,Dakshina Kannada,KARNATAKA
574227,Moodbidri,Dakshina Kannada,KARNATAKA
574228,Mundaje,Dakshina Kannada,KARNATAKA
574229,Nellyadi,Dakshina Kannada,KARNATAKA
574230,Nettana,Dakshina Kannada,KARNATAKA
574231,Panemangalore,Dakshina Kannada,KARNATAKA
574232,Panja,Dakshina Kannada,KARNATAKA
574233,Punjalkatte,Dakshina Kannada,KARNATAKA
574234,Sampaje,Dakshina Kannada,KARNATAKA
574235,Sathya Sai Vihar,Dakshina Kannada,KARNATAKA
574236,Shirthady,Dakshina Kannada,KARNATAKA
574237,Siddakatte,Dakshina Kannada,KARNATAKA
574238,Subramanya,Dakshina Kannada,KARNATAKA
574239,Sullia,Dakshina Kannada,KARNATAKA
574240,Ujire,Dakshina Kannada,KARNATAKA
574241,Uppinangady,Dakshina Kannada,KARNATAKA
574242,Venur,Dakshina Kannada,KARNATAKA
574243,Vittal,Dakshina Kannada,KARNATAKA
574244,Palli,Udupi,KARNATAKA
574248,Doddathota,Dakshina Kannada,KARNATAKA
574253,Mani,Dakshina Kannada,KARNATAKA
574259,Panaje,Dakshina Kannada,KARNATAKA
574260,Adyanadka,Dakshina Kannada,KARNATAKA
574265,Vogga,Dakshina Kannada,KARNATAKA
574267,Badagayedapadavu,Dakshina Kannada,KARNATAKA
574274,Kallamundkur,Dakshina Kannada,KARNATAKA
574279,Kanyana,Dakshina Kannada,KARNATAKA
574285,Alankar,Dakshina Kannada,KARNATAKA
574313,Ishwaramangala,Dakshina Kannada,KARNATAKA
574314,Aranthodu,Dakshina Kannada,KARNATAKA
574323,Manchi,Dakshina Kannada,KARNATAKA
574324,Vamadapadavu,Dakshina Kannada,KARNATAKA
574325,Nekkilady,Dakshina Kannada,KARNATAKA
574326,Kalleri,Dakshina Kannada,KARNATAKA
574327,Kurunjibag,Dakshina Kannada,KARNATAKA
574328,Kaniyur,Dakshina Kannada,KARNATAKA
574509,Permude,Dakshina Kannada,KARNATAKA
575001,Mangalore,Dakshina Kannada,KARNATAKA
575002,Kankanady,Dakshina Kannada,KARNATAKA
575003,Kodiyalbail,Dakshina Kannada,KARNATAKA
575004,Bijai,Dakshina Kannada,KARNATAKA
575005,Kulshekar,Dakshina Kannada,KARNATAKA
575006,Ashoknagar,Dakshina Kannada,KARNATAKA
575007,Padil,Dakshina Kannada,KARNATAKA
575008,Konchady,Dakshina Kannada,KARNATAKA
575010,Panambur,Dakshina Kannada,KARNATAKA
575011,Baikampady,Dakshina Kannada,KARNATAKA
575013,Kulur,Dakshina Kannada,KARNATAKA
575014,Surathkal,Dakshina Kannada,KARNATAKA
575015,Kavur,Dakshina Kannada,KARNATAKA
575016,Shakthinagar,Dakshina Kannada,KARNATAKA
575017,Permannur,Dakshina Kannada,KARNATAKA
575018,Derlakatte,Dakshina Kannada,KARNATAKA
575019,Kulai,Dakshina Kannada,KARNATAKA
575020,Ullal,Dakshina Kannada,KARNATAKA
575022,Kotekar,Dakshina Kannada,KARNATAKA
575023,Someshwar Uchil,Dakshina Kannada,KARNATAKA
575025,Srinivasnagar,Dakshina Kannada,KARNATAKA
575028,Vamanjoor,Dakshina Kannada,KARNATAKA
575029,Pedamale,Dakshina Kannada,KARNATAKA
575030,Katipalla,Dakshina Kannada,KARNATAKA
576101,Udupi,Udupi,KARNATAKA
576102,Kunjibettu,Udupi,KARNATAKA
576103,Ambalapadi,Udupi,KARNATAKA
576104,Manipal,Udupi,KARNATAKA
576105,Santhekatte,Udupi,KARNATAKA
576106,Krodashrama,Udupi,KARNATAKA
576107,Parkala,Udupi,KARNATAKA
576108,Malpe,Udupi,KARNATAKA
576111,Belmannu,Udupi,KARNATAKA
576112,Hebri,Udupi,KARNATAKA
576113,Hiriadka,Udupi,KARNATAKA
576114,Kallianapura,Udupi,KARNATAKA
576115,Kemmannu,Udupi,KARNATAKA
576117,Kukkundur,Udupi,KARNATAKA
576120,Moodubelle,Udupi,KARNATAKA
576121,Mundkur,Udupi,KARNATAKA
576122,Pangala,Udupi,KARNATAKA
576124,Perdur,Udupi,KARNATAKA
576201,Kundapura,Udupi,KARNATAKA
576210,Barkur,Udupi,KARNATAKA
576211,Basrur,Udupi,KARNATAKA
576212,Belve,Udupi,KARNATAKA
576213,Brahmavara,Udupi,KARNATAKA
576214,Byndoor,Udupi,KARNATAKA
576215,Cherkadi,Udupi,KARNATAKA
576216,Ganguli,Udupi,KARNATAKA
576217,Hanglur,Udupi,KARNATAKA
576218,Hungarcutta,Udupi,KARNATAKA
576219,Khambadakone,Udupi,KARNATAKA
576220,Kollur,Udupi,KARNATAKA
576221,Kota,Udupi,KARNATAKA
576222,Koteshwara,Udupi,KARNATAKA
576223,Mandarthi,Udupi,KARNATAKA
576224,Navunda,Udupi,KARNATAKA
576225,Saligrama,Udupi,KARNATAKA
576226,Sasthan,Udupi,KARNATAKA
576227,Shankaranarayana,Udupi,KARNATAKA
576228,Shiruru,Udupi,KARNATAKA
576229,Siddapura,Udupi,KARNATAKA
576230,Tallur,Udupi,KARNATAKA
576231,Tekkatte,Udupi,KARNATAKA
576232,Uppunda,Udupi,KARNATAKA
576233,Vandse,Udupi,KARNATAKA
576234,Kokkarne,Udupi,KARNATAKA
576235,Trasi,Udupi,KARNATAKA
576247,Gujjadi,Udupi,KARNATAKA
576257,Kumbhashi,Udupi,KARNATAKA
576282,Hosangadi,Udupi,KARNATAKA
576283,Hattiangadi,Udupi,KARNATAKA
577001,Davangere,Davangere,KARNATAKA
577002,Jayadeva Circle-Davanagere,Davangere,KARNATAKA
577003,Rm Yard- Davanagere,Davangere,KARNATAKA
577004,Southern Extension-DVG,Davangere,KARNATAKA
577005,Bapuji Vidyanagara,Davangere,KARNATAKA
577006,Devaraj Urs Layout-Dvg,Davangere,KARNATAKA
577007,Davangere University Campus,Davangere,KARNATAKA
577101,Chikmagalur,Chikkamagaluru,KARNATAKA
577102,Jyothinagar,Chikkamagaluru,KARNATAKA
577111,Aldur,Chikkamagaluru,KARNATAKA
577112,Balehonnur,Chikkamagaluru,KARNATAKA
577113,Banakal,Chikkamagaluru,KARNATAKA
577114,Basarikatte,Chikkamagaluru,KARNATAKA
577115,Bhadra Reservoir Project,Shivamogga,KARNATAKA
577116,Birur,Chikkamagaluru,KARNATAKA
577117,C.R.Station,Chikkamagaluru,KARNATAKA
577120,Hariharapura,Chikkamagaluru,KARNATAKA
577121,Hirebyle,Chikkamagaluru,KARNATAKA
577122,Javali,Chikkamagaluru,KARNATAKA
577123,Jayapura,Chikkamagaluru,KARNATAKA
577124,Kalasa,Chikkamagaluru,KARNATAKA
577125,Kammaradi,Chikkamagaluru,KARNATAKA
577126,Koppa,Chikkamagaluru,KARNATAKA
577127,Kudregundi,Chikkamagaluru,KARNATAKA
577128,Lakkavalli,Chikkamagaluru,KARNATAKA
577129,Lingadahalli,Chikkamagaluru,KARNATAKA
577130,Mallandur,Chikkamagaluru,KARNATAKA
577131,Mallenahalli,Chikkamagaluru,KARNATAKA
577132,Mudigere,Chikkamagaluru,KARNATAKA
577133,Mugthihalli,Chikkamagaluru,KARNATAKA
577134,Narasimharajapura,Chikkamagaluru,KARNATAKA
577135,Sakrepatna,Chikkamagaluru,KARNATAKA
577136,Sangameshwarapete,Chikkamagaluru,KARNATAKA
577137,Santaveri,Chikkamagaluru,KARNATAKA
577138,Singatagere,Chikkamagaluru,KARNATAKA
577139,Sringeri,Chikkamagaluru,KARNATAKA
577140,Yagati,Chikkamagaluru,KARNATAKA
577142,Kudremukh,Chikkamagaluru,KARNATAKA
577144,Rangenahalli,Chikkamagaluru,KARNATAKA
577145,Bukkambudhi,Chikkamagaluru,KARNATAKA
577146,Kalasapura,Chikkamagaluru,KARNATAKA
577160,Magundi,Chikkamagaluru,KARNATAKA
577168,Uddeboranahalli,Chikkamagaluru,KARNATAKA
577175,Devanur,Chikkamagaluru,KARNATAKA
577179,Balehole,Chikkamagaluru,KARNATAKA
577180,Chowlahiriyur,Chikkamagaluru,KARNATAKA
577181,Horanadu,Chikkamagaluru,KARNATAKA
577182,Panchanahalli,Chikkamagaluru,KARNATAKA
577201,Shimoga,Shivamogga,KARNATAKA
577202,Shimoga Doddapete,Shivamogga,KARNATAKA
577203,Vidyanagar Shimoga,Shivamogga,KARNATAKA
577204,Vinobanagar Shimoga,Shivamogga,KARNATAKA
577205,Gopala Extension,Shivamogga,KARNATAKA
577211,Ayanur,Shivamogga,KARNATAKA
577213,Channagiri,Davangere,KARNATAKA
577214,Hithla,Shivamogga,KARNATAKA
577215,Hodikere,Davangere,KARNATAKA
577216,Holalur,Shivamogga,KARNATAKA
577217,Honnali,Davangere,KARNATAKA
577218,Kerebilichi,Davangere,KARNATAKA
577219,Kundur,Davangere,KARNATAKA
577220,Mandagadde,Shivamogga,KARNATAKA
577221,Nallur,Davangere,KARNATAKA
577222,Nidige,Shivamogga,KARNATAKA
577223,Nyamthi,Davangere,KARNATAKA
577224,Sasvehalli,Davangere,KARNATAKA
577225,Saualanga,Davangere,KARNATAKA
577226,Tudur,Shivamogga,KARNATAKA
577227,Holehonner,Shivamogga,KARNATAKA
577228,Tarikere,Chikkamagaluru,KARNATAKA
577229,Kawalgundi,Shivamogga,KARNATAKA
577230,Chilur,Davangere,KARNATAKA
577231,Kanivebilichi,Davangere,KARNATAKA
577232,Bejjavalli,Shivamogga,KARNATAKA
577233,Kudligere,Shivamogga,KARNATAKA
577243,Anaveri,Shivamogga,KARNATAKA
577245,Barandur,Shivamogga,KARNATAKA
577301,Bhadravati,Shivamogga,KARNATAKA
577302,Bhadravathi Paper Town,Shivamogga,KARNATAKA
577401,Sagar,Shivamogga,KARNATAKA
577411,Agumbe,Shivamogga,KARNATAKA
577412,Anandapuram,Shivamogga,KARNATAKA
577413,Anavatti,Shivamogga,KARNATAKA
577414,Arga,Shivamogga,KARNATAKA
577415,Devangi,Shivamogga,KARNATAKA
577416,Harnahalli,Shivamogga,KARNATAKA
577417,Honnesara,Shivamogga,KARNATAKA
577418,Hosanagar,Shivamogga,KARNATAKA
577419,Jade,Shivamogga,KARNATAKA
577421,Kargal Colony,Shivamogga,KARNATAKA
577422,Konandur,Shivamogga,KARNATAKA
577423,Kumsi,Shivamogga,KARNATAKA
577424,Megaravalli,Shivamogga,KARNATAKA
577425,Nagara-shimoga,Shivamogga,KARNATAKA
577426,Ripponpet,Shivamogga,KARNATAKA
577427,Shikaripur,Shivamogga,KARNATAKA
577428,Shiralakoppa,Shivamogga,KARNATAKA
577429,Sorab,Shivamogga,KARNATAKA
577430,Talaguppa,Shivamogga,KARNATAKA
577431,Thagarthi,Shivamogga,KARNATAKA
577432,Thirthahalli,Shivamogga,KARNATAKA
577433,Togarsi,Shivamogga,KARNATAKA
577434,Ulavi,Shivamogga,KARNATAKA
577435,Jog Falls,Shivamogga,KARNATAKA
577436,Humcha,Shivamogga,KARNATAKA
577451,KVV Shankaraghattta,Shivamogga,KARNATAKA
577452,Nittur,Shivamogga,KARNATAKA
577453,Avinahalli,Shivamogga,KARNATAKA
577501,Chitradurga,Chitradurga,KARNATAKA
577502,Station Road-chitradurga,Chitradurga,KARNATAKA
577511,Adivala,Chitradurga,KARNATAKA
577512,Anaji,Davangere,KARNATAKA
577513,Asagodu,Davangere,KARNATAKA
577515,Bagur,Chitradurga,KARNATAKA
577516,Bhanuvally,Davangere,KARNATAKA
577517,Turuvanur,Chitradurga,KARNATAKA
577518,Bndurga,Davangere,KARNATAKA
577519,Bharamasagara,Chitradurga,KARNATAKA
577520,Bheemasamudra,Chitradurga,KARNATAKA
577521,Bidarakere,Chitradurga,KARNATAKA
577522,Challakere,Chitradurga,KARNATAKA
577523,Chickjajur,Chitradurga,KARNATAKA
577524,Doddasiddavvanahalli,Chitradurga,KARNATAKA
577525,Hadadi,Davangere,KARNATAKA
577526,Holalkere,Chitradurga,KARNATAKA
577527,Hosadurga,Chitradurga,KARNATAKA
577528,Jagalur,Davangere,KARNATAKA
577529,Kondlahalli,Chitradurga,KARNATAKA
577530,Malebennur,Davangere,KARNATAKA
577531,Malladihalli,Chitradurga,KARNATAKA
577532,Maradihalli,Chitradurga,KARNATAKA
577533,Mathodu,Chitradurga,KARNATAKA
577534,Mayakonda,Davangere,KARNATAKA
577535,Molakalmuru,Chitradurga,KARNATAKA
577536,Nayakanahatti,Chitradurga,KARNATAKA
577537,Obalapura,Chitradurga,KARNATAKA
577538,Parasurampura,Chitradurga,KARNATAKA
577539,Ramagiri,Chitradurga,KARNATAKA
577540,Rampura,Chitradurga,KARNATAKA
577541,Sirigere,Chitradurga,KARNATAKA
577542,Srirampura,Chitradurga,KARNATAKA
577543,Thallak,Chitradurga,KARNATAKA
577544,Thyavanige,Davangere,KARNATAKA
577545,Yerabally,Chitradurga,KARNATAKA
577546,Hariyabbe,Chitradurga,KARNATAKA
577547,Ajjampura,Chikkamagaluru,KARNATAKA
577548,Kadur,Chikkamagaluru,KARNATAKA
577549,Sivane,Chikkamagaluru,KARNATAKA
577550,Sollapura,Chikkamagaluru,KARNATAKA
577551,Basavapatna,Davangere,KARNATAKA
577552,Santhebennur,Davangere,KARNATAKA
577553,Bilichodu,Davangere,KARNATAKA
577554,Mallappanahalli,Chitradurga,KARNATAKA
577555,Godabanahal,Chitradurga,KARNATAKA
577556,Anagodu,Davangere,KARNATAKA
577557,H.D.Pura,Davangere,KARNATAKA
577558,Aimangala,Chitradurga,KARNATAKA
577566,Doddabathi,Davangere,KARNATAKA
577589,Kondajji,Davangere,KARNATAKA
577596,Dharmapura,Chitradurga,KARNATAKA
577597,Belagur,Chitradurga,KARNATAKA
577598,Hiriyur,Chitradurga,KARNATAKA
577599,Hiriyur  Sugar Factory,Chitradurga,KARNATAKA
577601,Harihara,Davangere,KARNATAKA
580001,Dharwad,Dharwad,KARNATAKA
580002,Dharwad Saraswatpur,Dharwad,KARNATAKA
580003,Dharwad K V V,Dharwad,KARNATAKA
580004,Dharwad Vidyagiri,Dharwad,KARNATAKA
580005,Dharwad U A S,Dharwad,KARNATAKA
580006,Dharwad M J Nagar,Dharwad,KARNATAKA
580007,Dharwad R S,Dharwad,KARNATAKA
580008,Dharwad K.C.Park,Dharwad,KARNATAKA
580009,Dharwad Sattur,Dharwad,KARNATAKA
580011,Dharwad High Court,Dharwad,KARNATAKA
580020,Hubli,Dharwad,KARNATAKA
580021,Hubli Vidyanagar,Dharwad,KARNATAKA
580023,Hubli Keshwapur,Dharwad,KARNATAKA
580024,Old Hubli,Dharwad,KARNATAKA
580025,Hubli Navanagar,Dharwad,KARNATAKA
580026,Hubli Tarihal Indl. Estate,Dharwad,KARNATAKA
580027,Gokul,Dharwad,KARNATAKA
580028,Hubli Mv Galli,Dharwad,KARNATAKA
580029,Hubli Traffic Island,Dharwad,KARNATAKA
580030,Hubli Udyamnagar,Dharwad,KARNATAKA
580031,Hubli Eng College,Dharwad,KARNATAKA
580032,Hubli Vijayanagar,Dharwad,KARNATAKA
580112,Morab,Dharwad,KARNATAKA
580114,Dhumwad,Dharwad,KARNATAKA
580118,Hulkoppa,Dharwad,KARNATAKA
581101,Adur,Haveri,KARNATAKA
581102,Akkialur,Haveri,KARNATAKA
581103,Alnavar,Dharwad,KARNATAKA
581104,Hangal,Haveri,KARNATAKA
581105,Garag,Dharwad,KARNATAKA
581106,Byadgi,Haveri,KARNATAKA
581107,Gudgeri,Dharwad,KARNATAKA
581108,Guttal,Haveri,KARNATAKA
581109,Haunsabhavi,Haveri,KARNATAKA
581110,Haveri,Haveri,KARNATAKA
581111,Hirekerur,Haveri,KARNATAKA
581112,Karajagi,Haveri,KARNATAKA
581113,Kundgol,Dharwad,KARNATAKA
581115,Ranebennur,Haveri,KARNATAKA
581116,Rattihalli,Haveri,KARNATAKA
581117,Saunshi,Dharwad,KARNATAKA
581118,Savanur,Haveri,KARNATAKA
581119,Tumminakatti,Haveri,KARNATAKA
581120,Tilavalli,Haveri,KARNATAKA
581121,Castlerock,Uttara Kannada,KARNATAKA
581123,Kumarapattanam,Haveri,KARNATAKA
581126,Hulgur,Haveri,KARNATAKA
581128,Agadi,Haveri,KARNATAKA
581129,Jagalbet,Uttara Kannada,KARNATAKA
581145,Chalageri,Haveri,KARNATAKA
581148,Sangur,Haveri,KARNATAKA
581186,Joida,Uttara Kannada,KARNATAKA
581187,Kumbarwada,Uttara Kannada,KARNATAKA
581193,Dhundashi,Haveri,KARNATAKA
581195,Koliwad,Dharwad,KARNATAKA
581196,Mishrikoti,Dharwad,KARNATAKA
581198,Motebennur,Haveri,KARNATAKA
581199,Belagalapete,Haveri,KARNATAKA
581201,Amminabhavi,Dharwad,KARNATAKA
581202,Bankapur,Haveri,KARNATAKA
581203,Bommanahalli,Haveri,KARNATAKA
581204,Kalghatagi,Dharwad,KARNATAKA
581205,Shiggaon,Haveri,KARNATAKA
581206,Uppinabetageri,Dharwad,KARNATAKA
581207,Aralikatti,Dharwad,KARNATAKA
581208,Halageri,Haveri,KARNATAKA
581209,Hebsur,Dharwad,KARNATAKA
581210,Masur,Haveri,KARNATAKA
581211,Medleri,Haveri,KARNATAKA
581212,Tadas,Haveri,KARNATAKA
581213,Hosaritti,Haveri,KARNATAKA
581237,Kadkol,Haveri,KARNATAKA
581301,Karwar,Uttara Kannada,KARNATAKA
581302,Karwar Baitkhol,Uttara Kannada,KARNATAKA
581303,Kodibag,Uttara Kannada,KARNATAKA
581304,Nandangadda,Uttara Kannada,KARNATAKA
581305,Kathinkon,Uttara Kannada,KARNATAKA
581306,Habbuwada,Uttara Kannada,KARNATAKA
581307,Binga,Uttara Kannada,KARNATAKA
581308,Karwar Naval Base,Uttara Kannada,KARNATAKA
581314,Ankola,Uttara Kannada,KARNATAKA
581315,Aminalli,Uttara Kannada,KARNATAKA
581316,Aversa,Uttara Kannada,KARNATAKA
581317,Asnoti,Uttara Kannada,KARNATAKA
581318,Banavasi,Uttara Kannada,KARNATAKA
581319,Bankikodla,Uttara Kannada,KARNATAKA
581320,Bhatkal,Uttara Kannada,KARNATAKA
581321,Belekeri,Uttara Kannada,KARNATAKA
581322,Bilgi,Uttara Kannada,KARNATAKA
581323,Chandavar,Uttara Kannada,KARNATAKA
581324,Chendiye,Uttara Kannada,KARNATAKA
581325,Dandeli,Uttara Kannada,KARNATAKA
581326,Gokarn,Uttara Kannada,KARNATAKA
581327,Haldipur,Uttara Kannada,KARNATAKA
581328,Halge,Uttara Kannada,KARNATAKA
581329,Haliyal,Uttara Kannada,KARNATAKA
581330,Hegde,Uttara Kannada,KARNATAKA
581331,Heggarni,Uttara Kannada,KARNATAKA
581332,Herwatta,Uttara Kannada,KARNATAKA
581333,Hiregutti,Uttara Kannada,KARNATAKA
581334,Honavar,Uttara Kannada,KARNATAKA
581335,Hosad,Uttara Kannada,KARNATAKA
581336,Hulekal,Uttara Kannada,KARNATAKA
581337,Idgundi,Uttara Kannada,KARNATAKA
581338,Kadtoka,Uttara Kannada,KARNATAKA
581339,Kadwad,Uttara Kannada,KARNATAKA
581340,Kansur,Uttara Kannada,KARNATAKA
581341,Karki,Uttara Kannada,KARNATAKA
581342,Kasarkod,Uttara Kannada,KARNATAKA
581343,Kumta,Uttara Kannada,KARNATAKA
581344,Madangeri,Uttara Kannada,KARNATAKA
581345,Majali,Uttara Kannada,KARNATAKA
581346,Malgi,Uttara Kannada,KARNATAKA
581347,Manchikeri,Uttara Kannada,KARNATAKA
581348,Manki,Uttara Kannada,KARNATAKA
581349,Mundgod,Uttara Kannada,KARNATAKA
581350,Murdeshwar,Uttara Kannada,KARNATAKA
581351,Gudeangadi,Uttara Kannada,KARNATAKA
581352,Sadashivgad,Uttara Kannada,KARNATAKA
581353,Shetgeri,Uttara Kannada,KARNATAKA
581354,Shirali,Uttara Kannada,KARNATAKA
581355,Siddapur,Uttara Kannada,KARNATAKA
581356,Tergaon,Uttara Kannada,KARNATAKA
581357,Vandige,Uttara Kannada,KARNATAKA
581358,Yekkambi,Uttara Kannada,KARNATAKA
581359,Yellapur,Uttara Kannada,KARNATAKA
581360,Angadi,Uttara Kannada,KARNATAKA
581361,Hadinbal,Uttara Kannada,KARNATAKA
581362,Kumta Kanara College Road,Uttara Kannada,KARNATAKA
581363,Ambikanagar,Uttara Kannada,KARNATAKA
581365,Ganeshgudi,Uttara Kannada,KARNATAKA
581384,Gersoppa Jyothinagar,Uttara Kannada,KARNATAKA
581396,Kadra,Uttara Kannada,KARNATAKA
581400,Kaiga,Uttara Kannada,KARNATAKA
581401,Sirsi,Uttara Kannada,KARNATAKA
581402,Sirsi Market,Uttara Kannada,KARNATAKA
581403,Nilekani,Uttara Kannada,KARNATAKA
581411,Tibetan Colony,Uttara Kannada,KARNATAKA
581412,Kirwatti,Uttara Kannada,KARNATAKA
581421,Kaikini,Uttara Kannada,KARNATAKA
581423,Melin Idgunji,Uttara Kannada,KARNATAKA
581440,Mirjan,Uttara Kannada,KARNATAKA
581450,Neggu,Uttara Kannada,KARNATAKA
581453,Ramnagar,Uttara Kannada,KARNATAKA
582101,Gadag,Gadag,KARNATAKA
582102,Gadag Betgeri,Gadag,KARNATAKA
582103,Gadag City,Gadag,KARNATAKA
582104,GIMS Gadag,Gadag,KARNATAKA
582111,Abbigeri,Gadag,KARNATAKA
582112,Bellatti,Gadag,KARNATAKA
582113,Dambal,Gadag,KARNATAKA
582114,Gajendragad,Gadag,KARNATAKA
582115,Lakkundi,Gadag,KARNATAKA
582116,Lakshmeshwar,Gadag,KARNATAKA
582117,Mulgund,Gadag,KARNATAKA
582118,Mundargi,Gadag,KARNATAKA
582119,Naregal,Gadag,KARNATAKA
582120,Shiratti,Gadag,KARNATAKA
582201,Annigeri,Dharwad,KARNATAKA
582202,Belvanki,Gadag,KARNATAKA
582203,Holealur,Gadag,KARNATAKA
582204,Hombal,Gadag,KARNATAKA
582205,Hulkoti,Gadag,KARNATAKA
582206,Konnur,Gadag,KARNATAKA
582207,Nargund,Gadag,KARNATAKA
582208,Navalgund,Dharwad,KARNATAKA
582209,Ron,Gadag,KARNATAKA
582210,Shigli,Gadag,KARNATAKA
582211,Sudi,Gadag,KARNATAKA
583101,Bellary,Ballari,KARNATAKA
583102,Bellary Cowl Bazar,Ballari,KARNATAKA
583103,Bellary Gandhinagar,Ballari,KARNATAKA
583104,Bellary Cantonment,Ballari,KARNATAKA
583105,Bellary Jnanasagara,Ballari,KARNATAKA
583111,Chellakurki,Ballari,KARNATAKA
583112,Deogiri,Ballari,KARNATAKA
583113,Emmiganur,Ballari,KARNATAKA
583114,Hatcholi,Ballari,KARNATAKA
583115,Kudathini,Ballari,KARNATAKA
583116,Kurugodu,Ballari,KARNATAKA
583117,Moka,Ballari,KARNATAKA
583118,D T Ship,Ballari,KARNATAKA
583119,Sandur,Ballari,KARNATAKA
583120,Sirigere,Ballari,KARNATAKA
583121,Siruguppa,Ballari,KARNATAKA
583122,Tekkalakota,Ballari,KARNATAKA
583123,Toranagallu,Ballari,KARNATAKA
583124,Yeshwantnagar,Ballari,KARNATAKA
583125,Arasikere,Davangere,KARNATAKA
583126,Chikkajogihalli,Ballari,KARNATAKA
583127,Chigatere,Davangere,KARNATAKA
583128,Choranur,Ballari,KARNATAKA
583129,Devalapura,Ballari,KARNATAKA
583130,Gudekota,Ballari,KARNATAKA
583131,Harapanahalli,Davangere,KARNATAKA
583132,Kampli,Ballari,KARNATAKA
583134,Kottur,Ballari,KARNATAKA
583135,Kudligi,Ballari,KARNATAKA
583136,Oojein,Ballari,KARNATAKA
583137,Teligi,Davangere,KARNATAKA
583152,Bellary Thermal Power Station,Ballari,KARNATAKA
583153,Shankar Hill Town Colony,Ballari,KARNATAKA
583154,Karur,Ballari,KARNATAKA
583201,Hospet,Ballari,KARNATAKA
583203,Hospet N C C,Ballari,KARNATAKA
583211,Chitwadgi,Ballari,KARNATAKA
583212,Hagaribommanahalli,Ballari,KARNATAKA
583213,Halavagalu,Davangere,KARNATAKA
583214,Hampasagara,Ballari,KARNATAKA
583215,Hampi Power House,Ballari,KARNATAKA
583216,Hirehadagali,Ballari,KARNATAKA
583217,Holalu,Ballari,KARNATAKA
583218,Hosahalli,Ballari,KARNATAKA
583219,Huvinahadagali,Ballari,KARNATAKA
583220,Ittigi,Ballari,KARNATAKA
583221,Kamalapura,Ballari,KARNATAKA
583222,Mariammanahalli,Ballari,KARNATAKA
583223,Papinayakanahalli,Ballari,KARNATAKA
583224,Thambrahalli,Ballari,KARNATAKA
583225,T B Dam,Ballari,KARNATAKA
583226,Alawandi,Koppal,KARNATAKA
583227,Gangavathi,Koppal,KARNATAKA
583228,Ginigera,Koppal,KARNATAKA
583229,Karatgi,Koppal,KARNATAKA
583230,Kinhal,Koppal,KARNATAKA
583231,Koppal,Koppal,KARNATAKA
583232,Kuknoor,Koppal,KARNATAKA
583233,Munirabad,Gadag,KARNATAKA
583234,Munirabad RS,Koppal,KARNATAKA
583235,Wadderhatti,Gadag,KARNATAKA
583236,Yelburga,Koppal,KARNATAKA
583237,Bewoor,Koppal,KARNATAKA
583238,Bhagyanagar,Koppal,KARNATAKA
583239,Hampi,Ballari,KARNATAKA
583268,Pragathinagar,Gadag,KARNATAKA
583275,Vidyanagar,Ballari,KARNATAKA
583276,K U Campus,Ballari,KARNATAKA
583277,Kushtagi,Koppal,KARNATAKA
583278,Dotihal,Koppal,KARNATAKA
583279,Tavargera,Koppal,KARNATAKA
583280,Hanumanhal,Koppal,KARNATAKA
583281,Hanamsagar,Koppal,KARNATAKA
583282,Sriramnagar,Koppal,KARNATAKA
583283,Kanakgiri,Koppal,KARNATAKA
583284,Mudhol,Koppal,KARNATAKA
583285,Hiresindogi,Koppal,KARNATAKA
583286,Siddapur,Gadag,KARNATAKA
583287,Irkalgad,Koppal,KARNATAKA
584101,Raichur,Raichur,KARNATAKA
584102,Raichur Mukram Gunj,Raichur,KARNATAKA
584103,Raichur Jawahar Nagar,Raichur,KARNATAKA
584104,Raichur UAS,Raichur,KARNATAKA
584111,Deodurga,Raichur,KARNATAKA
584113,Gabbur,Raichur,KARNATAKA
584115,Hutti,Raichur,KARNATAKA
584116,Jalahalli,Raichur,KARNATAKA
584118,Kallur,Raichur,KARNATAKA
584120,Kowthal,Raichur,KARNATAKA
584122,Lingasugur,Raichur,KARNATAKA
584123,Manvi,Raichur,KARNATAKA
584124,Maski,Raichur,KARNATAKA
584125,Mudgal,Raichur,KARNATAKA
584126,Mosarkal,Raichur,KARNATAKA
584127,Rodalbanda,Raichur,KARNATAKA
584128,Sindhanur,Raichur,KARNATAKA
584129,Sirwar,Raichur,KARNATAKA
584132,Turvihal,Raichur,KARNATAKA
584133,Yergera,Raichur,KARNATAKA
584134,Yeramarus,Raichur,KARNATAKA
584135,Yeramarus Camp,Raichur,KARNATAKA
584136,Kalmala,Raichur,KARNATAKA
584138,Balaganur,Raichur,KARNATAKA
584139,Gurgunta,Raichur,KARNATAKA
584140,Gunjahalli,Raichur,KARNATAKA
584143,Jawalgera,Raichur,KARNATAKA
584167,Dhadesugur,Raichur,KARNATAKA
584170,Shaktinagar,Raichur,KARNATAKA
584202,Matmari,Raichur,KARNATAKA
584203,Kurdi,Raichur,KARNATAKA
585101,Gulbarga,Kalaburagi,KARNATAKA
585102,GB RS,Kalaburagi,KARNATAKA
585103,GB Bahamanipura,Kalaburagi,KARNATAKA
585104,GB N Gunj,Kalaburagi,KARNATAKA
585105,GB Ggh,Kalaburagi,KARNATAKA
585106,GB Jnanaganga,Kalaburagi,KARNATAKA
585107,Kalaburagi HCB,Kalaburagi,KARNATAKA
585201,Yadgiri,Yadgir,KARNATAKA
585202,Yadgiri Station,Yadgir,KARNATAKA
585210,Kurkunta C.F,Kalaburagi,KARNATAKA
585211,Chittapur,Kalaburagi,KARNATAKA
585212,Ghanagapur T,Kalaburagi,KARNATAKA
585213,Station Ghanagapur,Kalaburagi,KARNATAKA
585214,Gurmitkal,Yadgir,KARNATAKA
585215,Hunasgi,Yadgir,KARNATAKA
585216,Kembhavi,Yadgir,KARNATAKA
585217,Mashal,Kalaburagi,KARNATAKA
585218,Nalwar,Kalaburagi,KARNATAKA
585219,Narayanpur,Yadgir,KARNATAKA
585220,Rangampeth,Yadgir,KARNATAKA
585221,Saidapur,Yadgir,KARNATAKA
585222,Sedam,Kalaburagi,KARNATAKA
585223,Shahapur,Yadgir,KARNATAKA
585224,Shorapur,Yadgir,KARNATAKA
585225,Wadi,Kalaburagi,KARNATAKA
585226,Kamthana,Bidar,KARNATAKA
585227,Mannakhelli,Bidar,KARNATAKA
585228,Shahabad,Kalaburagi,KARNATAKA
585229,Shahabad ACC,Kalaburagi,KARNATAKA
585236,Nimbal,Kalaburagi,KARNATAKA
585237,Kodekal,Yadgir,KARNATAKA
585265,Gobbur,Kalaburagi,KARNATAKA
585287,Bheemarayanagudi,Yadgir,KARNATAKA
585290,Kumbarpeth,Yadgir,KARNATAKA
585291,Rajankollur,Yadgir,KARNATAKA
585292,Malkhed Road,Kalaburagi,KARNATAKA
585301,Afjalpur,Kalaburagi,KARNATAKA
585302,Alund,Kalaburagi,KARNATAKA
585303,Andola,Kalaburagi,KARNATAKA
585304,Bijaspur,Yadgir,KARNATAKA
585305,Chandapur,Kalaburagi,KARNATAKA
585306,Chimmanchod,Kalaburagi,KARNATAKA
585307,Chincholi,Kalaburagi,KARNATAKA
585308,Farhatabad,Kalaburagi,KARNATAKA
585309,Gogi,Yadgir,KARNATAKA
585310,Jewargi,Kalaburagi,KARNATAKA
585311,Kadaganchi,Kalaburagi,KARNATAKA
585312,Kalgi,Kalaburagi,KARNATAKA
585313,Kamalapur,Kalaburagi,KARNATAKA
585314,Khajuri,Kalaburagi,KARNATAKA
585315,Madhwar,Yadgir,KARNATAKA
585316,Mahagaon,Kalaburagi,KARNATAKA
585317,Malkhed,Kalaburagi,KARNATAKA
585318,Mudhol,Kalaburagi,KARNATAKA
585319,Naikal,Yadgir,KARNATAKA
585320,Nidgunda,Kalaburagi,KARNATAKA
585321,Ramasamudra,Yadgir,KARNATAKA
585322,Ratkal,Kalaburagi,KARNATAKA
585323,Sagar,Yadgir,KARNATAKA
585324,Sulahpeth,Kalaburagi,KARNATAKA
585325,Yedrami,Kalaburagi,KARNATAKA
585326,Aurad,Bidar,KARNATAKA
585327,Basavakalyan,Bidar,KARNATAKA
585328,Bhalki,Bidar,KARNATAKA
585329,Hoodgi,Bidar,KARNATAKA
585330,Humnabad,Bidar,KARNATAKA
585331,Rajeshwar,Bidar,KARNATAKA
585353,Maniknagar,Bidar,KARNATAKA
585355,Wadgera,Yadgir,KARNATAKA
585367,"Central University of Karnataka,Kad",Kalaburagi,KARNATAKA
585401,Bidar,Bidar,KARNATAKA
585402,Bidar G.N.Jhira,Bidar,KARNATAKA
585403,Bidar Gandhi Gunj,Bidar,KARNATAKA
585411,Bhatambra,Bidar,KARNATAKA
585412,Chitguppa,Bidar,KARNATAKA
585413,Halbarga,Bidar,KARNATAKA
585414,Hallikhed,Bidar,KARNATAKA
585415,Hallikhed SF,Bidar,KARNATAKA
585416,Hulsoor,Bidar,KARNATAKA
585417,Kamalnagar,Bidar,KARNATAKA
585418,Dubalgundi,Bidar,KARNATAKA
585419,Matala,Bidar,KARNATAKA
585421,Santhpur,Bidar,KARNATAKA
585436,Thanna Kushnoor,Bidar,KARNATAKA
585437,Mudbi,Bidar,KARNATAKA
585443,Mudhol,Bidar,KARNATAKA
585444,Nittur,Bidar,KARNATAKA
586101,Bijapur,Vijayapura,KARNATAKA
586102,Bijapur Sainik School,Vijayapura,KARNATAKA
586103,Bijapur Vijaya College,Vijayapura,KARNATAKA
586104,Bijapur Railway Station,Vijayapura,KARNATAKA
586105,KSWU Campus Torvi,Vijayapura,KARNATAKA
586108,Bijapur Amc,Vijayapura,KARNATAKA
586109,Bijapur Jalanagar,Vijayapura,KARNATAKA
586111,Agarkhed,Vijayapura,KARNATAKA
586112,Atharga,Vijayapura,KARNATAKA
586113,Bableshwar,Vijayapura,KARNATAKA
586114,Bijjargi,Vijayapura,KARNATAKA
586115,Devar Hippargi,Vijayapura,KARNATAKA
586116,Dhavalgi,Vijayapura,KARNATAKA
586117,Horti,Vijayapura,KARNATAKA
586118,Kalkeri,Vijayapura,KARNATAKA
586119,Kannur,Vijayapura,KARNATAKA
586120,Korwar,Vijayapura,KARNATAKA
586121,Kudgi,Vijayapura,KARNATAKA
586122,Mangoli,Vijayapura,KARNATAKA
586123,Moratgi,Vijayapura,KARNATAKA
586124,Nalatwad,Vijayapura,KARNATAKA
586125,Sarwad,Vijayapura,KARNATAKA
586127,Shivangi,Vijayapura,KARNATAKA
586128,Sindgi,Vijayapura,KARNATAKA
586129,Tangadgi,Vijayapura,KARNATAKA
586130,Tikota,Vijayapura,KARNATAKA
586201,Almatti  Damsite,Vijayapura,KARNATAKA
586202,Almel,Vijayapura,KARNATAKA
586203,Basavan Bagewadi,Vijayapura,KARNATAKA
586204,Bardol S.O (Bijapur(KAR)),Vijayapura,KARNATAKA
586205,Chadchan,Vijayapura,KARNATAKA
586206,Devangaon,Vijayapura,KARNATAKA
586207,Halsangi,Vijayapura,KARNATAKA
586208,Huvin Hippargi,Vijayapura,KARNATAKA
586209,Indi,Vijayapura,KARNATAKA
586210,Kolhar S.O (Bijapur(KAR)),Vijayapura,KARNATAKA
586211,Lachyan,Vijayapura,KARNATAKA
586212,Muddebiahl,Vijayapura,KARNATAKA
586213,Nidgundi,Vijayapura,KARNATAKA
586214,Talikoti,Vijayapura,KARNATAKA
586215,Tamba,Vijayapura,KARNATAKA
586216,Telgi,Vijayapura,KARNATAKA
586217,Salotgi,Vijayapura,KARNATAKA
587101,Bagalkot,Bagalkot,KARNATAKA
587102,Gaddankeri Cross,Bagalkot,KARNATAKA
587103,Bagalkot Navanagar,Bagalkot,KARNATAKA
587104,Bagalkot UHS,Bagalkot,KARNATAKA
587111,Bagalkot Alokudyog,Bagalkot,KARNATAKA
587112,Amingad,Bagalkot,KARNATAKA
587113,Belagali,Bagalkot,KARNATAKA
587114,Belur,Bagalkot,KARNATAKA
587115,Bevur,Bagalkot,KARNATAKA
587116,Bilgi,Bagalkot,KARNATAKA
587117,Galagali,Bagalkot,KARNATAKA
587118,Hungund,Bagalkot,KARNATAKA
587119,Hunnur,Bagalkot,KARNATAKA
587120,Kamatgi,Bagalkot,KARNATAKA
587121,Konnur,Bagalkot,KARNATAKA
587122,Lokapur,Bagalkot,KARNATAKA
587124,Sulebhavi,Bagalkot,KARNATAKA
587125,Ilkal,Bagalkot,KARNATAKA
587154,Ilkal  Alampurpet,Bagalkot,KARNATAKA
587155,Kulgeri Cross,Bagalkot,KARNATAKA
587156,Shirur,Bagalkot,KARNATAKA
587201,Badami,Bagalkot,KARNATAKA
587202,Gudur,Bagalkot,KARNATAKA
587203,Guledgudd,Bagalkot,KARNATAKA
587204,Kaladgi,Bagalkot,KARNATAKA
587205,Katageri,Bagalkot,KARNATAKA
587206,Kerur,Bagalkot,KARNATAKA
587207,Rampur,Bagalkot,KARNATAKA
587301,Jamkhandi,Bagalkot,KARNATAKA
587311,Banahatti,Bagalkot,KARNATAKA
587312,Mahalingpur,Bagalkot,KARNATAKA
587313,Mudhol,Bagalkot,KARNATAKA
587314,Rabkavi,Bagalkot,KARNATAKA
587315,Terdal,Bagalkot,KARNATAKA
587316,Sameerwadi,Bagalkot,KARNATAKA
587330,Savalagi,Bagalkot,KARNATAKA
587331,Hippargi,Bagalkot,KARNATAKA
590001,Belgaum,Belagavi,KARNATAKA
590003,Belgaum Shahapur,Belagavi,KARNATAKA
590005,Belgaum M. Vadgaon,Belagavi,KARNATAKA
590006,Tilakwadi,Belagavi,KARNATAKA
590008,Udyambag,Belagavi,KARNATAKA
590009,Belgaum Records MLI,Belagavi,KARNATAKA
590010,Belgaum Nehru Nagar,Belagavi,KARNATAKA
590011,Hindawadi,Belagavi,KARNATAKA
590014,Peeranwadi,Belagavi,KARNATAKA
590015,Kanabargi,Belagavi,KARNATAKA
590016,Belgaum Shivaji Nagar,Belagavi,KARNATAKA
590017,Belgaum MalMaruti Extension,Belagavi,KARNATAKA
590018,VTU Campus Belgaum,Belagavi,KARNATAKA
590019,Belgaum Doordarshan Nagar,Belagavi,KARNATAKA
590020,Suvarna Soudha Belgaum,Belagavi,KARNATAKA
591101,Ankalgi,Belagavi,KARNATAKA
591102,Bailhongal,Belagavi,KARNATAKA
591103,Balekundri,Belagavi,KARNATAKA
591104,Belvadi,Belagavi,KARNATAKA
591106,Bidi,Belagavi,KARNATAKA
591107,Hidkal Dam,Belagavi,KARNATAKA
591108,Hindalga,Belagavi,KARNATAKA
591109,Hirebagewadi,Belagavi,KARNATAKA
591110,Hirekumbi,Belagavi,KARNATAKA
591111,Hosur,Belagavi,KARNATAKA
591112,Itagi,Belagavi,KARNATAKA
591113,Kakati,Belagavi,KARNATAKA
591114,Katkol,Belagavi,KARNATAKA
591115,Kittur,Belagavi,KARNATAKA
591117,Manoli,Belagavi,KARNATAKA
591118,M.K.Hubli,Belagavi,KARNATAKA
591119,Murgod,Belagavi,KARNATAKA
591120,Nandgad,Belagavi,KARNATAKA
591121,Nesargi,Belagavi,KARNATAKA
591122,Pachhapur,Belagavi,KARNATAKA
591123,Ramdurg,Belagavi,KARNATAKA
591124,Sambra,Belagavi,KARNATAKA
591125,Sampgaon,Belagavi,KARNATAKA
591126,Saundatti,Belagavi,KARNATAKA
591127,Sureban,Belagavi,KARNATAKA
591128,Uchgaon,Belagavi,KARNATAKA
591129,Yargatti,Belagavi,KARNATAKA
591130,Salahalli,Belagavi,KARNATAKA
591131,Pariswad,Belagavi,KARNATAKA
591136,Yadwad,Belagavi,KARNATAKA
591143,Kadoli,Belagavi,KARNATAKA
591147,Deshnur,Belagavi,KARNATAKA
591153,M.K.Hubli S.F.,Belagavi,KARNATAKA
591156,Bhutaramanahatti,Belagavi,KARNATAKA
591173,Yallammahill,Belagavi,KARNATAKA
591201,Chikodi,Belagavi,KARNATAKA
591211,Akol,Belagavi,KARNATAKA
591212,Anantpur,Belagavi,KARNATAKA
591213,Ankali,Belagavi,KARNATAKA
591214,Bedkihal,Belagavi,KARNATAKA
591215,Benadi,Belagavi,KARNATAKA
591216,Borgaon,Belagavi,KARNATAKA
591217,Chinchali,Belagavi,KARNATAKA
591218,Lolsur,Belagavi,KARNATAKA
591219,Galataga,Belagavi,KARNATAKA
591220,Harugeri,Belagavi,KARNATAKA
591221,Hebbal,Belagavi,KARNATAKA
591222,Kabbur,Belagavi,KARNATAKA
591223,Kagvad,Belagavi,KARNATAKA
591224,Kalloli,Belagavi,KARNATAKA
591225,Kanagala,Belagavi,KARNATAKA
591226,Karoshi,Belagavi,KARNATAKA
591227,Kaujalgi,Belagavi,KARNATAKA
591228,Khadaklat,Belagavi,KARNATAKA
591229,Kognoli,Belagavi,KARNATAKA
591230,Kokatnur,Belagavi,KARNATAKA
591231,Konnur,Belagavi,KARNATAKA
591232,Madbhavi,Belagavi,KARNATAKA
591233,Mamadapur,Belagavi,KARNATAKA
591234,Mangsuli,Belagavi,KARNATAKA
591235,Mugalkhod,Belagavi,KARNATAKA
591236,Nidasoshi,Belagavi,KARNATAKA
591237,Nipani,Belagavi,KARNATAKA
591238,Pattankudi,Belagavi,KARNATAKA
591239,Sadalga,Belagavi,KARNATAKA
591240,Satti,Belagavi,KARNATAKA
591241,Saundalga,Belagavi,KARNATAKA
591242,Shirguppi,Belagavi,KARNATAKA
591243,Thana Hattargi,Belagavi,KARNATAKA
591244,Yaksamba,Belagavi,KARNATAKA
591246,Yamakanmardi,Belagavi,KARNATAKA
591247,Chikodi Sugar Factory,Belagavi,KARNATAKA
591248,Aigali,Belagavi,KARNATAKA
591254,Daddi,Belagavi,KARNATAKA
591263,Bhoj,Belagavi,KARNATAKA
591265,Telsang,Belagavi,KARNATAKA
591287,Kothali,Belagavi,KARNATAKA
591301,Londa,Belagavi,KARNATAKA
591302,Khanapur,Belagavi,KARNATAKA
591303,Ainapur,Belagavi,KARNATAKA
591304,Athani,Belagavi,KARNATAKA
591305,Bellad Bagewadi,Belagavi,KARNATAKA
591306,Ghataprabha RS,Belagavi,KARNATAKA
591307,Gokak,Belagavi,KARNATAKA
591308,Gokak Falls,Belagavi,KARNATAKA
591309,Hukeri,Belagavi,KARNATAKA
591310,Kulgod,Belagavi,KARNATAKA
591311,Kudchi,Belagavi,KARNATAKA
591312,Mudalgi,Belagavi,KARNATAKA
591313,Sankeshwar,Belagavi,KARNATAKA
591314,Sankeshwar Sugar Factory,Belagavi,KARNATAKA
591315,Shedbal,Belagavi,KARNATAKA
591316,Ugarkhurd,Belagavi,KARNATAKA
591317,Raibag,Belagavi,KARNATAKA
591340,Nerli,Belagavi,KARNATAKA
591344,Khangaon,Belagavi,KARNATAKA
591345,Jamboti,Belagavi,KARNATAKA
591346,Hudli,Belagavi,KARNATAKA
600001,Chennai G.P.O.,Chennai,TAMIL NADU
600002,Anna Road,Chennai,TAMIL NADU
600003,Park Town,Chennai,TAMIL NADU
600004,Mylapore,Chennai,TAMIL NADU
600005,Tiruvallikkeni,Chennai,TAMIL NADU
600006,Greams Road,Chennai,TAMIL NADU
600007,Vepery,Chennai,TAMIL NADU
600008,Egmore,Chennai,TAMIL NADU
600009,Fort St George,Chennai,TAMIL NADU
600010,Kilpauk,Chennai,TAMIL NADU
600011,Perambur,Chennai,TAMIL NADU
600012,Perambur Barracks,Chennai,TAMIL NADU
600013,Rayapuram,Chennai,TAMIL NADU
600014,Royapettah,Chennai,TAMIL NADU
600015,Saidapet,Chennai,TAMIL NADU
600016,St.Thomas Mount,Kanchipuram,TAMIL NADU
600017,Thygarayanagar,Chennai,TAMIL NADU
600018,Teynampet,Chennai,TAMIL NADU
600019,Tiruvottiyur,Tiruvallur,TAMIL NADU
600020,Adyar,Chennai,TAMIL NADU
600021,Washermanpet,Chennai,TAMIL NADU
600022,Rajbhavan,Chennai,TAMIL NADU
600023,Aynavaram,Chennai,TAMIL NADU
600024,Kodambakkam,Chennai,TAMIL NADU
600025,Engineering College,Chennai,TAMIL NADU
600026,Vadapalani,Chennai,TAMIL NADU
600028,Raja Annamalaipuram,Chennai,TAMIL NADU
600030,Shenoy Nagar,Chennai,TAMIL NADU
600031,Chetput,Chennai,TAMIL NADU
600032,Guindy Industrial Estate,Chennai,TAMIL NADU
600033,West Mambalam,Chennai,TAMIL NADU
600034,Nungambakkam,Chennai,TAMIL NADU
600035,Nandanam,Chennai,TAMIL NADU
600036,Indian Institute Of Technology,Chennai,TAMIL NADU
600037,Mogappair,Tiruvallur,TAMIL NADU
600038,Icf Colony,Chennai,TAMIL NADU
600039,Vyasarpadi,Chennai,TAMIL NADU
600040,Anna Nagar,Chennai,TAMIL NADU
600041,Tiruvanmiyur,Chennai,TAMIL NADU
600042,Velacheri,Chennai,TAMIL NADU
600043,Pallavaram,Kanchipuram,TAMIL NADU
600044,Chromepet,Kanchipuram,TAMIL NADU
600045,Tambaram,Kanchipuram,TAMIL NADU
600046,Tambaram IAF,Kanchipuram,TAMIL NADU
600047,Tambaram Sanatorium,Kanchipuram,TAMIL NADU
600048,Vandalur,Kanchipuram,TAMIL NADU
600049,Villivakkam,Tiruvallur,TAMIL NADU
600050,Padi,Tiruvallur,TAMIL NADU
600051,Madhavaram Milk Colony,Tiruvallur,TAMIL NADU
600052,Redhills,Tiruvallur,TAMIL NADU
600053,Ambattur,Tiruvallur,TAMIL NADU
600054,Avadi Camp,Tiruvallur,TAMIL NADU
600055,Avadi IAF,Tiruvallur,TAMIL NADU
600056,Poonamallee,Tiruvallur,TAMIL NADU
600057,Ennore Thermal Station,Tiruvallur,TAMIL NADU
600058,Ambattur Indl Estate,Tiruvallur,TAMIL NADU
600059,Tambaram East,Kanchipuram,TAMIL NADU
600060,Madhavaram,Tiruvallur,TAMIL NADU
600061,Nanganallur,Kanchipuram,TAMIL NADU
600062,Tirumullaivoyal,Tiruvallur,TAMIL NADU
600063,Srinivasanagar,Kanchipuram,TAMIL NADU
600064,Chitlapakkam,Kanchipuram,TAMIL NADU
600066,Pozhal,Tiruvallur,TAMIL NADU
600067,Sholavaram,Tiruvallur,TAMIL NADU
600068,Manali,Tiruvallur,TAMIL NADU
600069,Kunnathur,Kanchipuram,TAMIL NADU
600070,Anakaputhur,Kanchipuram,TAMIL NADU
600071,Kamarajnagar,Tiruvallur,TAMIL NADU
600072,Pattabiram,Tiruvallur,TAMIL NADU
600073,Selaiyur,Kanchipuram,TAMIL NADU
600074,Polichalur,Kanchipuram,TAMIL NADU
600075,Pammal,Kanchipuram,TAMIL NADU
600076,Korattur RS,Tiruvallur,TAMIL NADU
600077,Thiruverkadu,Tiruvallur,TAMIL NADU
600078,Kalaignar Karunanidhi Nagar,Chennai,TAMIL NADU
600081,Tondiarpet,Chennai,TAMIL NADU
600082,Periyar Nagar,Chennai,TAMIL NADU
600083,Ashoknagar,Chennai,TAMIL NADU
600084,Flowers Road,Chennai,TAMIL NADU
600085,Kotturpuram,Chennai,TAMIL NADU
600086,Gopalapuram,Chennai,TAMIL NADU
600087,Alwarthirunagar,Tiruvallur,TAMIL NADU
600088,Adambakkam,Kanchipuram,TAMIL NADU
600089,Nandambakkam Kudiyiruppu,Kanchipuram,TAMIL NADU
600090,Besantnagar,Chennai,TAMIL NADU
600091,Madipakkam,Kanchipuram,TAMIL NADU
600092,Virugambakkam,Chennai,TAMIL NADU
600093,Saligramam,Chennai,TAMIL NADU
600094,Choolaimedu,Chennai,TAMIL NADU
600095,Maduravoyal,Tiruvallur,TAMIL NADU
600096,Perungudi,Kanchipuram,TAMIL NADU
600097,Oggiamthoraipakkam,Kanchipuram,TAMIL NADU
600099,Kolathur,Tiruvallur,TAMIL NADU
600100,Medavakkam,Kanchipuram,TAMIL NADU
600101,Anna Nagar Western Extn,Chennai,TAMIL NADU
600102,Anna Nagar East,Chennai,TAMIL NADU
600103,Manali New Town,Tiruvallur,TAMIL NADU
600104,High Court Building,Chennai,TAMIL NADU
600106,Arumbakkam,Chennai,TAMIL NADU
600107,Koyambedu,Chennai,TAMIL NADU
600110,Ponniammanmedu,Tiruvallur,TAMIL NADU
600113,TTTI Taramani,Chennai,TAMIL NADU
600115,Injambakkam,Kanchipuram,TAMIL NADU
600116,Porur,Kanchipuram,TAMIL NADU
600117,Old Pallavaram,Kanchipuram,TAMIL NADU
600118,Kodungaiyur,Chennai,TAMIL NADU
600119,Sholinganallur,Kanchipuram,TAMIL NADU
600120,North Chennai Thermal PP,Tiruvallur,TAMIL NADU
600122,Mangadu,Kanchipuram,TAMIL NADU
600123,Nazarethpettai,Tiruvallur,TAMIL NADU
600124,Thirumushi,Tiruvallur,TAMIL NADU
600125,Mugalivakkam,Kanchipuram,TAMIL NADU
600126,Madambakkam,Kanchipuram,TAMIL NADU
600127,Melakkottaiyur,Kanchipuram,TAMIL NADU
600128,Kovur,Tiruvallur,TAMIL NADU
600129,Kovilambakkam,Kanchipuram,TAMIL NADU
600130,Thazambur,Kanchipuram,TAMIL NADU
600131,Sithalapakkam,Kanchipuram,TAMIL NADU
600132,Tirumudivakkam,Kanchipuram,TAMIL NADU
601101,Arni CPT,Tiruvallur,TAMIL NADU
601102,Periapalayam,Tiruvallur,TAMIL NADU
601103,Vengal,Tiruvallur,TAMIL NADU
601201,Gummidipundi,Tiruvallur,TAMIL NADU
601202,Madarpakkam,Tiruvallur,TAMIL NADU
601203,Minjur,Tiruvallur,TAMIL NADU
601204,Ponneri,Tiruvallur,TAMIL NADU
601205,Pulicat,Tiruvallur,TAMIL NADU
601206,Kavarapettai,Tiruvallur,TAMIL NADU
601301,Padappai,Kanchipuram,TAMIL NADU
602001,Tiruvallur,Tiruvallur,TAMIL NADU
602002,Manavalanagar,Tiruvallur,TAMIL NADU
602003,Kakalur Ind Estate,Tiruvallur,TAMIL NADU
602021,Ikkadu,Tiruvallur,TAMIL NADU
602023,Poondi,Tiruvallur,TAMIL NADU
602024,Tiruninravur Rs,Tiruvallur,TAMIL NADU
602025,Tirur Cpt,Tiruvallur,TAMIL NADU
602026,Uttukottai,Tiruvallur,TAMIL NADU
602105,Sriperumbudur,Kanchipuram,TAMIL NADU
602106,Sunguvarchatram,Kanchipuram,TAMIL NADU
602108,Pannur,Kanchipuram,TAMIL NADU
602117,Irungattukottai,Kanchipuram,TAMIL NADU
603001,Chengalpattu,Kanchipuram,TAMIL NADU
603002,Natham-chengalpattu,Kanchipuram,TAMIL NADU
603003,Vallam,Kanchipuram,TAMIL NADU
603004,Mahindra World City,Kanchipuram,TAMIL NADU
603101,Athur-chengalpattu,Kanchipuram,TAMIL NADU
603102,Kalpakkam,Kanchipuram,TAMIL NADU
603103,Kelambakkam,Kanchipuram,TAMIL NADU
603104,Mamallapuram,Kanchipuram,TAMIL NADU
603105,Manambathi,Kanchipuram,TAMIL NADU
603106,Orakattupettai,Kanchipuram,TAMIL NADU
603107,Salavakkam,Kanchipuram,TAMIL NADU
603108,Sembakkam,Kanchipuram,TAMIL NADU
603109,Tirukalikundram,Kanchipuram,TAMIL NADU
603110,Tiruporur,Kanchipuram,TAMIL NADU
603111,Venpakkam,Kanchipuram,TAMIL NADU
603112,Kovalam,Kanchipuram,TAMIL NADU
603127,Anupuram,Kanchipuram,TAMIL NADU
603201,Elapakkam,Kanchipuram,TAMIL NADU
603202,Guduvanchery,Kanchipuram,TAMIL NADU
603203,Kattankolathur,Kanchipuram,TAMIL NADU
603204,Singaperumalkoil,Kanchipuram,TAMIL NADU
603209,Maraimalai Nagar,Kanchipuram,TAMIL NADU
603210,Urapakkam,Kanchipuram,TAMIL NADU
603211,Annai Anjugam Nagar,Kanchipuram,TAMIL NADU
603301,Acharapakkam,Kanchipuram,TAMIL NADU
603302,Cheyur,Kanchipuram,TAMIL NADU
603303,Karunguli,Kanchipuram,TAMIL NADU
603304,Kudapakkam,Kanchipuram,TAMIL NADU
603305,Kuvathur,Kanchipuram,TAMIL NADU
603306,Madurantakam,Kanchipuram,TAMIL NADU
603307,Orathy,Kanchipuram,TAMIL NADU
603308,Padalam,Kanchipuram,TAMIL NADU
603309,Polambakkam,Kanchipuram,TAMIL NADU
603310,Thozhupedu,Kanchipuram,TAMIL NADU
603311,Zamin Endathur,Kanchipuram,TAMIL NADU
603312,Pavunjur,Kanchipuram,TAMIL NADU
603313,Chithamur,Kanchipuram,TAMIL NADU
603314,Vedanthangal,Kanchipuram,TAMIL NADU
603319,Melmaruvathur,Kanchipuram,TAMIL NADU
603401,Chunampet,Kanchipuram,TAMIL NADU
603402,Kaliyampoondi,Kanchipuram,TAMIL NADU
603403,Manampathi,Kanchipuram,TAMIL NADU
603405,Ponvilainthakalathur,Kanchipuram,TAMIL NADU
603406,Uttiramerur,Kanchipuram,TAMIL NADU
604001,Tindivanam,Villupuram,TAMIL NADU
604101,Akshipakkam,Villupuram,TAMIL NADU
604102,Kiliyanur,Villupuram,TAMIL NADU
604151,Alampoondi,Villupuram,TAMIL NADU
604152,Nallanpillaipetral,Villupuram,TAMIL NADU
604153,Sathyamagalam,Villupuram,TAMIL NADU
604154,Velur,Villupuram,TAMIL NADU
604201,Avalurpet,Villupuram,TAMIL NADU
604202,Gingee,Villupuram,TAMIL NADU
604203,Melolakkur,Villupuram,TAMIL NADU
604204,Melmalayanur,Villupuram,TAMIL NADU
604205,Minambur,Villupuram,TAMIL NADU
604206,Vallam,Villupuram,TAMIL NADU
604207,Vellimeudpettai,Villupuram,TAMIL NADU
604208,Valathi,Villupuram,TAMIL NADU
604210,Illodu,Villupuram,TAMIL NADU
604301,Brahmadesam,Villupuram,TAMIL NADU
604302,Kutteripattu,Villupuram,TAMIL NADU
604303,Markanum,Villupuram,TAMIL NADU
604304,Mailam,Villupuram,TAMIL NADU
604305,Olakkur,Villupuram,TAMIL NADU
604306,Rettanai,Villupuram,TAMIL NADU
604307,Saram,Villupuram,TAMIL NADU
604401,Anukkavoor,Tiruvannamalai,TAMIL NADU
604402,Hasanamapettai,Tiruvannamalai,TAMIL NADU
604403,Kilkodungalur,Tiruvannamalai,TAMIL NADU
604404,Kilkovalavedu,Tiruvannamalai,TAMIL NADU
604405,Marudadu,Tiruvannamalai,TAMIL NADU
604406,Tellar,Tiruvannamalai,TAMIL NADU
604407,Tiruvettipuram,Tiruvannamalai,TAMIL NADU
604408,Vandavasi,Tiruvannamalai,TAMIL NADU
604409,Valkadai,Tiruvannamalai,TAMIL NADU
604410,Vembakkam,Tiruvannamalai,TAMIL NADU
604501,Desur,Tiruvannamalai,TAMIL NADU
604502,Malayur,Tiruvannamalai,TAMIL NADU
604503,Pernamallur,Tiruvannamalai,TAMIL NADU
604504,Tirumani,Tiruvannamalai,TAMIL NADU
604505,Vallam Arni,Vellore,TAMIL NADU
604601,Kilpennathur,Tiruvannamalai,TAMIL NADU
605001,Pondicherry,Pondicherry,PONDICHERRY
605002,Sri Aurobindo Ashram,Pondicherry,PONDICHERRY
605003,Muthialpet,Pondicherry,PONDICHERRY
605004,Mudaliarpet,Pondicherry,PONDICHERRY
605005,Nellithoppe,Pondicherry,PONDICHERRY
605006,Dhanvantry Nagar,Pondicherry,PONDICHERRY
605007,Ariyankuppam,Pondicherry,PONDICHERRY
605008,Lawspet,Pondicherry,PONDICHERRY
605009,Thattanchavady,Pondicherry,PONDICHERRY
605010,Reddiyarpalayam,Pondicherry,PONDICHERRY
605011,Venkata Nagar,Pondicherry,PONDICHERRY
605013,Saram,Pondicherry,PONDICHERRY
605014,Pondicherry University,Pondicherry,PONDICHERRY
605101,Auroville,Villupuram,TAMIL NADU
605102,Kandamangalam,Villupuram,TAMIL NADU
605103,Koliyanur,Villupuram,TAMIL NADU
605104,Kottakuppam,Pondicherry,PONDICHERRY
605105,Mokshakulam,Villupuram,TAMIL NADU
605106,Nettapakkam,Pondicherry,PONDICHERRY
605107,Pallineliyanur,Villupuram,TAMIL NADU
605108,Valavanur,Villupuram,TAMIL NADU
605109,Vanur,Villupuram,TAMIL NADU
605110,Villiyanur,Pondicherry,PONDICHERRY
605111,Tiruchitambalam,Villupuram,TAMIL NADU
605201,Ananthapuram,Villupuram,TAMIL NADU
605202,Anniyur,Villupuram,TAMIL NADU
605203,Kanjanur,Villupuram,TAMIL NADU
605301,Kanai,Villupuram,TAMIL NADU
605302,Mambazhapattu,Villupuram,TAMIL NADU
605401,Kandamanadi,Villupuram,TAMIL NADU
605402,Kedar,Villupuram,TAMIL NADU
605501,Tirukkanur,Pondicherry,PONDICHERRY
605502,Valudavur,Villupuram,TAMIL NADU
605601,Mundiyambakkam,Villupuram,TAMIL NADU
605602,Villupuram,Villupuram,TAMIL NADU
605651,Periyathatchur,Villupuram,TAMIL NADU
605652,Vikravandi,Villupuram,TAMIL NADU
605701,Kandachipuram,Villupuram,TAMIL NADU
605702,Moongilthuraipattu,Tiruvannamalai,TAMIL NADU
605751,Ariyur,Villupuram,TAMIL NADU
605752,Arakandanallur,Villupuram,TAMIL NADU
605754,Manalurpet,Villupuram,TAMIL NADU
605755,Mogaiyur,Villupuram,TAMIL NADU
605756,Thapovanam,Villupuram,TAMIL NADU
605757,Tirukkoyilur,Villupuram,TAMIL NADU
605758,Virapandi,Villupuram,TAMIL NADU
605759,Manampoondi,Villupuram,TAMIL NADU
605766,Santhapettai,Villupuram,TAMIL NADU
605801,Ariyalur,Villupuram,TAMIL NADU
605802,Kadambur,Villupuram,TAMIL NADU
605803,Sithalingamadam,Villupuram,TAMIL NADU
606001,Vriddhachalam,Cuddalore,TAMIL NADU
606003,Budamur,Cuddalore,TAMIL NADU
606102,Kalamarudur,Villupuram,TAMIL NADU
606103,Kammapuram,Cuddalore,TAMIL NADU
606104,Mangalam,Villupuram,TAMIL NADU
606105,Pennadam,Cuddalore,TAMIL NADU
606106,Tittagudi,Cuddalore,TAMIL NADU
606107,Ulundurpet,Villupuram,TAMIL NADU
606108,Mangalur,Cuddalore,TAMIL NADU
606109,Sirupakkam,Cuddalore,TAMIL NADU
606110,Karuvepilankurichi,Cuddalore,TAMIL NADU
606111,Pennadam R.S.,Cuddalore,TAMIL NADU
606115,Padur,Villupuram,TAMIL NADU
606201,Chinnasalem,Villupuram,TAMIL NADU
606202,Kallakurichi,Villupuram,TAMIL NADU
606203,Nagalur,Villupuram,TAMIL NADU
606204,Pukkiravari,Villupuram,TAMIL NADU
606205,Rishivandiyam,Villupuram,TAMIL NADU
606206,Tiyagadrug,Villupuram,TAMIL NADU
606207,Vadakkanandal,Villupuram,TAMIL NADU
606208,Murarbad,Villupuram,TAMIL NADU
606209,Vellimalai,Villupuram,TAMIL NADU
606213,Kallakurichi South,Villupuram,TAMIL NADU
606301,Nainarpalayam,Villupuram,TAMIL NADU
606302,Nallur,Cuddalore,TAMIL NADU
606303,Toludur,Cuddalore,TAMIL NADU
606304,Veppur,Cuddalore,TAMIL NADU
606305,Asanur,Villupuram,TAMIL NADU
606401,Sankarapuram,Villupuram,TAMIL NADU
606402,Pandalam,Villupuram,TAMIL NADU
606601,Tiruvannamalai,Tiruvannamalai,TAMIL NADU
606603,Sriramanashramam,Tiruvannamalai,TAMIL NADU
606604,Vengikkal,Tiruvannamalai,TAMIL NADU
606611,Somasipadi,Tiruvannamalai,TAMIL NADU
606701,Chengam,Tiruvannamalai,TAMIL NADU
606702,Kanji,Tiruvannamalai,TAMIL NADU
606703,Melpallipattu,Tiruvannamalai,TAMIL NADU
606704,Pachal,Tiruvannamalai,TAMIL NADU
606705,Pudupalayam,Tiruvannamalai,TAMIL NADU
606706,Sathanurdam,Tiruvannamalai,TAMIL NADU
606707,Tandarampattu,Tiruvannamalai,TAMIL NADU
606708,Tanipadi,Tiruvannamalai,TAMIL NADU
606709,Thukkapettai,Tiruvannamalai,TAMIL NADU
606710,Paramanandal,Tiruvannamalai,TAMIL NADU
606751,Kalasapakkam,Tiruvannamalai,TAMIL NADU
606752,Mangalam,Tiruvannamalai,TAMIL NADU
606753,Vanapuram,Tiruvannamalai,TAMIL NADU
606754,Vettavalam,Tiruvannamalai,TAMIL NADU
606755,Avur,Tiruvannamalai,TAMIL NADU
606801,Chettupattu Polur,Tiruvannamalai,TAMIL NADU
606802,Nayudumangalam,Tiruvannamalai,TAMIL NADU
606803,Polur,Tiruvannamalai,TAMIL NADU
606804,Tandarai,Tiruvannamalai,TAMIL NADU
606805,Turinjapuram,Tiruvannamalai,TAMIL NADU
606806,Pavithiram,Tiruvannamalai,TAMIL NADU
606807,Nedungunam,Tiruvannamalai,TAMIL NADU
606808,Kattampoondi,Tiruvannamalai,TAMIL NADU
606811,Thachampattu,Tiruvannamalai,TAMIL NADU
606901,Adamangalam,Tiruvannamalai,TAMIL NADU
606902,Devikapuram,Tiruvannamalai,TAMIL NADU
606903,Kalambur,Tiruvannamalai,TAMIL NADU
606904,Mandakolathur,Tiruvannamalai,TAMIL NADU
606905,Santhavasal,Tiruvannamalai,TAMIL NADU
606906,Vilvarani,Tiruvannamalai,TAMIL NADU
606907,Vadamadimangalam,Tiruvannamalai,TAMIL NADU
606908,Kadaladi,Tiruvannamalai,TAMIL NADU
607001,Cuddalore,Cuddalore,TAMIL NADU
607002,Tirupadiripuliyur,Cuddalore,TAMIL NADU
607003,Cuddalore Old Town,Cuddalore,TAMIL NADU
607004,Vandipalayam,Cuddalore,TAMIL NADU
607005,Sipcot Cuddalore,Cuddalore,TAMIL NADU
607006,Kondur,Cuddalore,TAMIL NADU
607101,Anathur,Villupuram,TAMIL NADU
607102,Chinnapanaickenpalayam,Cuddalore,TAMIL NADU
607103,Kadambuliyur,Cuddalore,TAMIL NADU
607104,Melpattambakkam,Cuddalore,TAMIL NADU
607105,Nellikkuppam,Cuddalore,TAMIL NADU
607106,Panruti,Cuddalore,TAMIL NADU
607107,Perangiyur,Villupuram,TAMIL NADU
607108,Puthupet,Cuddalore,TAMIL NADU
607109,Varakalpattu,Cuddalore,TAMIL NADU
607112,Kilkavarappattu,Cuddalore,TAMIL NADU
607201,Eraiyur,Villupuram,TAMIL NADU
607202,Elavanasur,Villupuram,TAMIL NADU
607203,Tiruvennainallur,Villupuram,TAMIL NADU
607204,Tirunavalur,Villupuram,TAMIL NADU
607205,Tiruthuraiyur,Cuddalore,TAMIL NADU
607209,Periyasevalai,Villupuram,TAMIL NADU
607301,Kullanchavadi,Cuddalore,TAMIL NADU
607302,Kurinjipadi,Cuddalore,TAMIL NADU
607303,Vadalur,Cuddalore,TAMIL NADU
607308,Gandhi Nagar,Cuddalore,TAMIL NADU
607401,Tiruvendhipuram,Cuddalore,TAMIL NADU
607402,Bahoor,Pondicherry,PONDICHERRY
607403,Reddichavady,Pondicherry,PONDICHERRY
607801,Neyveli 1,Cuddalore,TAMIL NADU
607802,Neyveli 2,Cuddalore,TAMIL NADU
607803,Neyveli 3,Cuddalore,TAMIL NADU
607804,Oomangalam,Cuddalore,TAMIL NADU
607805,Perperiyankuppam,Cuddalore,TAMIL NADU
607807,"Block 29, Neyveli",Cuddalore,TAMIL NADU
608001,Chidambaram,Cuddalore,TAMIL NADU
608002,Annamalainagar,Cuddalore,TAMIL NADU
608102,Killai,Cuddalore,TAMIL NADU
608201,Orathur,Cuddalore,TAMIL NADU
608301,Kattumannarkoil,Cuddalore,TAMIL NADU
608302,Komaratchi,Cuddalore,TAMIL NADU
608303,Lalpet,Cuddalore,TAMIL NADU
608304,Reddiyur,Cuddalore,TAMIL NADU
608305,T.Nedunjeri,Cuddalore,TAMIL NADU
608306,Ayangudi,Cuddalore,TAMIL NADU
608401,Vallampadugai,Cuddalore,TAMIL NADU
608501,B.Mutlur,Cuddalore,TAMIL NADU
608502,Parangipettai,Cuddalore,TAMIL NADU
608601,Bhuvanagiri,Cuddalore,TAMIL NADU
608602,Keerapalayam,Cuddalore,TAMIL NADU
608701,Palayamkottai,Cuddalore,TAMIL NADU
608702,Sethiathope,Cuddalore,TAMIL NADU
608703,Srimushnam,Cuddalore,TAMIL NADU
608704,Pinnalur,Cuddalore,TAMIL NADU
608801,Alapakkam,Cuddalore,TAMIL NADU
608901,Kavarapalayam,Ariyalur,TAMIL NADU
609001,Mayiladuthurai,Nagapattinam,TAMIL NADU
609003,Mayiladuthurai R.S,Nagapattinam,TAMIL NADU
609101,Achalpuram,Nagapattinam,TAMIL NADU
609102,Anaikaranchatram,Nagapattinam,TAMIL NADU
609103,Anandatandavapuram,Nagapattinam,TAMIL NADU
609104,Kadavasal,Nagapattinam,TAMIL NADU
609105,Kaveripattinam,Nagapattinam,TAMIL NADU
609106,Mangamadam,Nagapattinam,TAMIL NADU
609107,Melaiyur TVG,Nagapattinam,TAMIL NADU
609108,Puthur,Nagapattinam,TAMIL NADU
609109,Sattanathapuram,Nagapattinam,TAMIL NADU
609110,Sirkali,Nagapattinam,TAMIL NADU
609111,Sirkali Thenpathi,Nagapattinam,TAMIL NADU
609112,Tirupungur,Nagapattinam,TAMIL NADU
609113,Tirumullaivasal,Nagapattinam,TAMIL NADU
609114,Tiruvengadu,Nagapattinam,TAMIL NADU
609115,Varisapathu Vadagal,Nagapattinam,TAMIL NADU
609116,Valluvakudi,Nagapattinam,TAMIL NADU
609117,Vaithiswarankoil,Nagapattinam,TAMIL NADU
609118,Solasakkaranallur,Nagapattinam,TAMIL NADU
609201,Ilanthope,Nagapattinam,TAMIL NADU
609202,Manalmedu,Nagapattinam,TAMIL NADU
609203,Nidur,Nagapattinam,TAMIL NADU
609204,Tirumeniarkoil,Nagapattinam,TAMIL NADU
609205,Tiruvalaputhur,Nagapattinam,TAMIL NADU
609301,Akkur,Nagapattinam,TAMIL NADU
609302,Arangakudi,Nagapattinam,TAMIL NADU
609303,Ayappadi,Nagapattinam,TAMIL NADU
609304,Kilaiyur,Nagapattinam,TAMIL NADU
609305,Mannampandal,Nagapattinam,TAMIL NADU
609306,Nalladai,Nagapattinam,TAMIL NADU
609307,Porayar,Nagapattinam,TAMIL NADU
609308,Sankaranpandal,Nagapattinam,TAMIL NADU
609309,Sembanarkoil,Nagapattinam,TAMIL NADU
609310,Tillaiyadi,Nagapattinam,TAMIL NADU
609311,Tirucadaiyur,Nagapattinam,TAMIL NADU
609312,Tirukkalachery,Nagapattinam,TAMIL NADU
609313,Tarangambadi,Nagapattinam,TAMIL NADU
609314,Vadakarai,Nagapattinam,TAMIL NADU
609401,Elandangudi,Nagapattinam,TAMIL NADU
609402,Kiliyanur,Nagapattinam,TAMIL NADU
609403,Kollumangudi,Tiruvarur,TAMIL NADU
609404,Manganallur Bazaar,Nagapattinam,TAMIL NADU
609405,Peralam,Tiruvarur,TAMIL NADU
609501,Eravancheri,Nagapattinam,TAMIL NADU
609502,Mudikondan,Tiruvarur,TAMIL NADU
609503,Punthottam,Tiruvarur,TAMIL NADU
609504,Sannanallur,Nagapattinam,TAMIL NADU
609601,Ambagarathur,Karaikal,PONDICHERRY
609602,Karaikal,Karaikal,PONDICHERRY
609603,Nedungadu,Karaikal,PONDICHERRY
609604,Neravy,Karaikal,PONDICHERRY
609605,Thalatheru,Karaikal,PONDICHERRY
609606,Tirumalairayanpattinam,Karaikal,PONDICHERRY
609607,Tirunallar,Karaikal,PONDICHERRY
609608,Kollapuram,Tiruvarur,TAMIL NADU
609609,Kottuchery,Karaikal,PONDICHERRY
609701,Enangudi,Nagapattinam,TAMIL NADU
609702,Tirumarugal,Nagapattinam,TAMIL NADU
609703,Tittachery,Nagapattinam,TAMIL NADU
609704,Tirukannapuram,Nagapattinam,TAMIL NADU
609801,Kuttalam,Nagapattinam,TAMIL NADU
609802,Narasinganpettai,Nagapattinam,TAMIL NADU
609803,Tiruvavaduthurai,Nagapattinam,TAMIL NADU
609804,Thuhili,Nagapattinam,TAMIL NADU
609805,Komal,Nagapattinam,TAMIL NADU
609806,Malliyam,Nagapattinam,TAMIL NADU
609807,Pandanallur,Nagapattinam,TAMIL NADU
609808,Terizhandur,Nagapattinam,TAMIL NADU
609810,Tiruvalangadu,Nagapattinam,TAMIL NADU
609811,Kali,Nagapattinam,TAMIL NADU
610001,Tiruvarur,Tiruvarur,TAMIL NADU
610003,Kidarankondan,Tiruvarur,TAMIL NADU
610004,Tiruvarur Collectorate,Tiruvarur,TAMIL NADU
610005,Tiruvarur Central University,Tiruvarur,TAMIL NADU
610101,Kangalanchery,Nagapattinam,TAMIL NADU
610102,Kamalapuram,Tiruvarur,TAMIL NADU
610103,Mangudi,Tiruvarur,TAMIL NADU
610104,Manakkal Ayyampet,Tiruvarur,TAMIL NADU
610105,Nannilam,Tiruvarur,TAMIL NADU
610106,Thappalampuliyur,Tiruvarur,TAMIL NADU
610107,Tiruvidacherry,Tiruvarur,TAMIL NADU
610109,Pulivalam,Tiruvarur,TAMIL NADU
610201,Kachanam,Tiruvarur,TAMIL NADU
610202,Mavoor,Tiruvarur,TAMIL NADU
610203,Ponnirai,Tiruvarur,TAMIL NADU
610204,Tirukuvalai,Nagapattinam,TAMIL NADU
610205,Tirunellikaval,Tiruvarur,TAMIL NADU
610206,Vadapathimangalam,Tiruvarur,TAMIL NADU
610207,Valivalam,Nagapattinam,TAMIL NADU
611001,Nagapattinam,Nagapattinam,TAMIL NADU
611002,Nagore,Nagapattinam,TAMIL NADU
611003,Nagapattinam Collectorate,Nagapattinam,TAMIL NADU
611101,Adiakkamangalam,Tiruvarur,TAMIL NADU
611102,Andanapettai,Nagapattinam,TAMIL NADU
611103,Kilaiyur,Nagapattinam,TAMIL NADU
611104,Kilvelur,Nagapattinam,TAMIL NADU
611105,Kuthur,Nagapattinam,TAMIL NADU
611106,Manjakollai,Nagapattinam,TAMIL NADU
611108,Sikkal,Nagapattinam,TAMIL NADU
611109,Thevur,Nagapattinam,TAMIL NADU
611110,Tirupundi,Nagapattinam,TAMIL NADU
611111,Vailankanni,Nagapattinam,TAMIL NADU
611112,Vettaikaraniruppu,Nagapattinam,TAMIL NADU
612001,Kumbakonam,Thanjavur,TAMIL NADU
612002,Melakaveri,Thanjavur,TAMIL NADU
612101,Aduthurai,Thanjavur,TAMIL NADU
612102,Tirumangalakudi,Nagapattinam,TAMIL NADU
612103,Tirupuvanam,Thanjavur,TAMIL NADU
612104,Tiruvidamarudur,Thanjavur,TAMIL NADU
612105,Veppathur,Thanjavur,TAMIL NADU
612106,Kadiramangalam,Thanjavur,TAMIL NADU
612201,Konerirajapuram,Nagapattinam,TAMIL NADU
612202,Murukkangudi,Thanjavur,TAMIL NADU
612203,Palaiyur,Nagapattinam,TAMIL NADU
612204,Tirunageswaram,Thanjavur,TAMIL NADU
612301,Pullabudangudi,Thanjavur,TAMIL NADU
612302,Swamimalai,Thanjavur,TAMIL NADU
612303,Tirupirambiyam,Thanjavur,TAMIL NADU
612401,Sakkottai,Thanjavur,TAMIL NADU
612402,Tippirajapuram,Thanjavur,TAMIL NADU
612501,Koranattukkaruppur,Thanjavur,TAMIL NADU
612502,Lower Anicut,Thanjavur,TAMIL NADU
612503,Sholapuram,Thanjavur,TAMIL NADU
612504,Tirupanandal,Thanjavur,TAMIL NADU
612601,Kodavasal,Tiruvarur,TAMIL NADU
612602,Natchar Koil,Thanjavur,TAMIL NADU
612603,Sembangudi,Tiruvarur,TAMIL NADU
612604,Sengalipuram,Tiruvarur,TAMIL NADU
612605,Tiruchirai,Tiruvarur,TAMIL NADU
612610,Manjakudi,Tiruvarur,TAMIL NADU
612701,Avoor,Tiruvarur,TAMIL NADU
612702,Darasuram,Thanjavur,TAMIL NADU
612703,Patteeswaram,Thanjavur,TAMIL NADU
612801,Alangudi-NID,Tiruvarur,TAMIL NADU
612802,Haridwaramangalam,Tiruvarur,TAMIL NADU
612803,Puvanur,Tiruvarur,TAMIL NADU
612804,Valangaman,Tiruvarur,TAMIL NADU
612901,Gangaikondacholapuram,Ariyalur,TAMIL NADU
612902,Kodalikaruppur,Ariyalur,TAMIL NADU
612903,Minsuritti,Ariyalur,TAMIL NADU
612904,Thathampettai Palur,Ariyalur,TAMIL NADU
612905,Ulkottai,Tiruchirappalli,TAMIL NADU
613001,Thanjavur,Thanjavur,TAMIL NADU
613002,Karuntattankudi,Thanjavur,TAMIL NADU
613003,Vennar Bank,Thanjavur,TAMIL NADU
613004,Thanjavur Medical College,Thanjavur,TAMIL NADU
613005,Raja Serfoji Govt College,Thanjavur,TAMIL NADU
613006,Thanjavur P&t Colony,Thanjavur,TAMIL NADU
613007,Voc Nagar,Thanjavur,TAMIL NADU
613008,Thanjavur North Gate,Thanjavur,TAMIL NADU
613009,Thanjavur West,Thanjavur,TAMIL NADU
613010,Tamil University,Thanjavur,TAMIL NADU
613101,Nadukaveri,Thanjavur,TAMIL NADU
613102,Thogur,Thanjavur,TAMIL NADU
613103,Thiruppanthuruthi,Thanjavur,TAMIL NADU
613104,Tirukattupalli,Thanjavur,TAMIL NADU
613105,Poondi-TPL,Thanjavur,TAMIL NADU
613201,Kalyanapuram,Thanjavur,TAMIL NADU
613202,Kandiyur,Thanjavur,TAMIL NADU
613203,Thillaisthanam,Thanjavur,TAMIL NADU
613204,Thiruvaiyaru,Thanjavur,TAMIL NADU
613205,Vediapuram,Thanjavur,TAMIL NADU
613301,Ghandarvakottai,Pudukkottai,TAMIL NADU
613303,Kurungulam Melpathi,Thanjavur,TAMIL NADU
613401,Tirumalaisamudram East,Thanjavur,TAMIL NADU
613402,Sengipatti,Thanjavur,TAMIL NADU
613403,Vallam-TJ,Thanjavur,TAMIL NADU
613501,Mariammancoil,Thanjavur,TAMIL NADU
613502,Pundi-TJ,Thanjavur,TAMIL NADU
613503,Sri Pushpam College,Thanjavur,TAMIL NADU
613504,Saliamangalam,Thanjavur,TAMIL NADU
613601,Alakkudi,Thanjavur,TAMIL NADU
613602,Budalur,Thanjavur,TAMIL NADU
613701,Ammayappan,Tiruvarur,TAMIL NADU
613702,Attikkadai,Tiruvarur,TAMIL NADU
613703,Koradacheri,Tiruvarur,TAMIL NADU
613704,Kulikarai,Tiruvarur,TAMIL NADU
613705,Sellur,Tiruvarur,TAMIL NADU
614001,Mannargudi,Tiruvarur,TAMIL NADU
614013,Idangankottai Melaiyur,Tiruvarur,TAMIL NADU
614014,Pamani-MNG,Tiruvarur,TAMIL NADU
614015,Paravakottai,Tiruvarur,TAMIL NADU
614016,Serangolam,Tiruvarur,TAMIL NADU
614017,Tirumakottai,Tiruvarur,TAMIL NADU
614018,Ullikottai,Tiruvarur,TAMIL NADU
614019,Vaduvur,Tiruvarur,TAMIL NADU
614020,Painganadu,Tiruvarur,TAMIL NADU
614101,Koothanallur,Tiruvarur,TAMIL NADU
614102,Lakshmangudi,Tiruvarur,TAMIL NADU
614103,Podakudi,Tiruvarur,TAMIL NADU
614201,Ayyampet,Thanjavur,TAMIL NADU
614202,Ganapathi Agraharam,Thanjavur,TAMIL NADU
614203,Kabistalam,Thanjavur,TAMIL NADU
614204,Pandaravadai,Thanjavur,TAMIL NADU
614205,Papanasam,Thanjavur,TAMIL NADU
614206,Pasupathikoil,Thanjavur,TAMIL NADU
614207,Rajaghiri,Thanjavur,TAMIL NADU
614208,Sundaraperumalkoil,Thanjavur,TAMIL NADU
614210,Valoothoor,Thanjavur,TAMIL NADU
614211,Chakrapalli,Thanjavur,TAMIL NADU
614301,Melattur,Thanjavur,TAMIL NADU
614302,Tirukkarugavur,Thanjavur,TAMIL NADU
614303,Vadakkumangudi,Thanjavur,TAMIL NADU
614401,Ammapet,Thanjavur,TAMIL NADU
614402,Kokkeri,Thanjavur,TAMIL NADU
614403,Kovilvenni,Tiruvarur,TAMIL NADU
614404,Nidamangalam,Tiruvarur,TAMIL NADU
614601,Pattukottai,Thanjavur,TAMIL NADU
614602,Nadimuthunagar,Thanjavur,TAMIL NADU
614612,Perumagalur,Thanjavur,TAMIL NADU
614613,Tamarankottai,Thanjavur,TAMIL NADU
614614,Tiruvonam,Thanjavur,TAMIL NADU
614615,Aladikkumulai,Thanjavur,TAMIL NADU
614616,Arantangi,Pudukkottai,TAMIL NADU
614617,Ammapattinam,Pudukkottai,TAMIL NADU
614618,Tirupperunthurai,Pudukkottai,TAMIL NADU
614619,Kottaipattinam,Pudukkottai,TAMIL NADU
614620,Manamelkudii,Pudukkottai,TAMIL NADU
614621,Mimisal,Pudukkottai,TAMIL NADU
614622,Silattur,Pudukkottai,TAMIL NADU
614623,Avanam,Thanjavur,TAMIL NADU
614624,Keeramangalam,Pudukkottai,TAMIL NADU
614625,Orattanad,Thanjavur,TAMIL NADU
614626,Pappanad,Thanjavur,TAMIL NADU
614628,Tiruchitrambalam,Thanjavur,TAMIL NADU
614629,Ponbethi,Pudukkottai,TAMIL NADU
614630,Attani,Pudukkottai,TAMIL NADU
614701,Adirampattinam,Thanjavur,TAMIL NADU
614702,Idaiyur,Tiruvarur,TAMIL NADU
614703,Kunnalur,Tiruvarur,TAMIL NADU
614704,Mutupet,Tiruvarur,TAMIL NADU
614705,Peruvazhandan,Tiruvarur,TAMIL NADU
614706,Udayamarthandapuram,Tiruvarur,TAMIL NADU
614707,Ayakkarambalam Ii Sethi,Nagapattinam,TAMIL NADU
614708,Kottur,Tiruvarur,TAMIL NADU
614710,Naduvakalappal,Tiruvarur,TAMIL NADU
614711,Pamani-TTP,Tiruvarur,TAMIL NADU
614712,Talanayar Agraharam,Nagapattinam,TAMIL NADU
614713,Tiruturaipundi,Tiruvarur,TAMIL NADU
614714,Takattur,Nagapattinam,TAMIL NADU
614715,Vilakudi,Tiruvarur,TAMIL NADU
614716,Kattimodu,Tiruvarur,TAMIL NADU
614717,Adichapuram,Tiruvarur,TAMIL NADU
614723,Mallipattinam,Thanjavur,TAMIL NADU
614738,Jambavanodai,Tiruvarur,TAMIL NADU
614801,Arasarkulam,Pudukkottai,TAMIL NADU
614802,Kuruvikarambai,Thanjavur,TAMIL NADU
614803,Ottangadu,Thanjavur,TAMIL NADU
614804,Peravurni,Thanjavur,TAMIL NADU
614805,Subramaniapuram,Pudukkottai,TAMIL NADU
614806,Kariyapattinam,Nagapattinam,TAMIL NADU
614807,Kodiakkarai,Nagapattinam,TAMIL NADU
614808,Kuruvapulam,Nagapattinam,TAMIL NADU
614809,Topputhurai,Nagapattinam,TAMIL NADU
614810,Vedaraniam,Nagapattinam,TAMIL NADU
614901,Alathur,Thanjavur,TAMIL NADU
614902,Kottaitheru,Thanjavur,TAMIL NADU
614903,Madukkur,Thanjavur,TAMIL NADU
614904,Melauluvur,Thanjavur,TAMIL NADU
614905,Vadaseri,Thanjavur,TAMIL NADU
614906,Nattuchalai,Thanjavur,TAMIL NADU
620001,Tiruchirappalli,Tiruchirappalli,TAMIL NADU
620002,Teppakulam,Tiruchirappalli,TAMIL NADU
620003,Woriur,Tiruchirappalli,TAMIL NADU
620004,Golden Rock,Tiruchirappalli,TAMIL NADU
620005,Tiruvanaikoil,Tiruchirappalli,TAMIL NADU
620006,Srirangam,Tiruchirappalli,TAMIL NADU
620007,Tiruchirappalli Airport,Tiruchirappalli,TAMIL NADU
620008,Tiruchirappalli Fort,Tiruchirappalli,TAMIL NADU
620009,Ramjeenagar,Tiruchirappalli,TAMIL NADU
620010,Industrial Colony,Tiruchirappalli,TAMIL NADU
620011,Melakalkandarkottai,Tiruchirappalli,TAMIL NADU
620012,Edamalaipatti Pudur,Tiruchirappalli,TAMIL NADU
620013,Thiruverumbur,Tiruchirappalli,TAMIL NADU
620014,Boiler Project - TR,Tiruchirappalli,TAMIL NADU
620015,National Institute of Technology,Tiruchirappalli,TAMIL NADU
620016,Ordnance Estate - TR,Tiruchirappalli,TAMIL NADU
620017,Tennur,Tiruchirappalli,TAMIL NADU
620018,Thillai Nagar,Tiruchirappalli,TAMIL NADU
620019,Pappakurichi Kattur,Tiruchirappalli,TAMIL NADU
620020,Jamal Mohamed College,Tiruchirappalli,TAMIL NADU
620021,K.K.Nagar,Tiruchirappalli,TAMIL NADU
620022,Thuvakudimalai,Tiruchirappalli,TAMIL NADU
620023,Khajanagar,Tiruchirappalli,TAMIL NADU
620024,Bharathidasan University,Tiruchirappalli,TAMIL NADU
620025,Hapf Township,Tiruchirappalli,TAMIL NADU
620026,Annanagar,Tiruchirappalli,TAMIL NADU
620101,Mutharasanallur,Tiruchirappalli,TAMIL NADU
620102,Somarasampettai,Tiruchirappalli,TAMIL NADU
621001,Erakudi,Tiruchirappalli,TAMIL NADU
621002,Kirambur,Tiruchirappalli,TAMIL NADU
621003,Kottapalayam,Tiruchirappalli,TAMIL NADU
621004,Kottathur,Tiruchirappalli,TAMIL NADU
621005,Manachanalloor,Tiruchirappalli,TAMIL NADU
621006,Pulivalam,Tiruchirappalli,TAMIL NADU
621007,Puthanampatti,Tiruchirappalli,TAMIL NADU
621008,Sikkathambur,Tiruchirappalli,TAMIL NADU
621009,Tiruvellerai,Tiruchirappalli,TAMIL NADU
621010,Turaiyur,Tiruchirappalli,TAMIL NADU
621011,Uppliapuram,Tiruchirappalli,TAMIL NADU
621012,Vyrichettipalayam,Tiruchirappalli,TAMIL NADU
621014,Pagalavadi,Tiruchirappalli,TAMIL NADU
621101,Ammapalayam,Perambalur,TAMIL NADU
621102,Annamangalam,Perambalur,TAMIL NADU
621103,Arumbavur,Perambalur,TAMIL NADU
621104,Chettikulam,Perambalur,TAMIL NADU
621105,Irungalur,Tiruchirappalli,TAMIL NADU
621106,Kolakkanatham,Perambalur,TAMIL NADU
621107,Kurumbalur,Perambalur,TAMIL NADU
621108,Labbaikudikadu,Perambalur,TAMIL NADU
621109,Padalur,Perambalur,TAMIL NADU
621110,Poolambadi,Tiruchirappalli,TAMIL NADU
621111,Purathakudi,Tiruchirappalli,TAMIL NADU
621112,Samayapuram,Tiruchirappalli,TAMIL NADU
621113,Siruvachur,Perambalur,TAMIL NADU
621114,T.Kalathur,Perambalur,TAMIL NADU
621115,Valikondapuram,Perambalur,TAMIL NADU
621116,Veppanthattai,Perambalur,TAMIL NADU
621117,V.Kalathur,Perambalur,TAMIL NADU
621118,Nakkasalem,Perambalur,TAMIL NADU
621133,Eraiyur,Perambalur,TAMIL NADU
621202,Ayyampalayam,Tiruchirappalli,TAMIL NADU
621203,Balasamudram,Tiruchirappalli,TAMIL NADU
621204,Gunasilam,Tiruchirappalli,TAMIL NADU
621205,Jambunathapuram,Tiruchirappalli,TAMIL NADU
621206,Kannanur,Tiruchirappalli,TAMIL NADU
621207,Kattuputhur,Tiruchirappalli,TAMIL NADU
621208,Kolakkudi,Tiruchirappalli,TAMIL NADU
621209,Manamedu,Tiruchirappalli,TAMIL NADU
621210,Mettupalayam,Tiruchirappalli,TAMIL NADU
621211,Musiri,Tiruchirappalli,TAMIL NADU
621212,Perambalur,Perambalur,TAMIL NADU
621213,Sirugambur,Tiruchirappalli,TAMIL NADU
621214,Thathiengarpet,Tiruchirappalli,TAMIL NADU
621215,Thottiam,Tiruchirappalli,TAMIL NADU
621216,Bikshandarkoil,Tiruchirappalli,TAMIL NADU
621217,Thandalaiputhur,Tiruchirappalli,TAMIL NADU
621218,Valady,Tiruchirappalli,TAMIL NADU
621219,Yesanai,Perambalur,TAMIL NADU
621220,Thoramangalam,Perambalur,TAMIL NADU
621301,Chinthamanipatti,Karur,TAMIL NADU
621302,Elangakurichi,Tiruchirappalli,TAMIL NADU
621305,Kovilpatti,Tiruchirappalli,TAMIL NADU
621306,Manaparai,Tiruchirappalli,TAMIL NADU
621307,Manjampatti,Tiruchirappalli,TAMIL NADU
621308,Palakurichi,Tiruchirappalli,TAMIL NADU
621310,Puthanatham,Tiruchirappalli,TAMIL NADU
621311,Tharagampatti,Karur,TAMIL NADU
621312,Thiagesaralai,Tiruchirappalli,TAMIL NADU
621313,Thogaimalai,Karur,TAMIL NADU
621314,Thuvarankurichi,Tiruchirappalli,TAMIL NADU
621315,Vaiyampatti,Tiruchirappalli,TAMIL NADU
621316,Viralimalai,Pudukkottai,TAMIL NADU
621601,Lalgudi,Tiruchirappalli,TAMIL NADU
621651,Kallakudi TR,Tiruchirappalli,TAMIL NADU
621652,Kallakudi North,Tiruchirappalli,TAMIL NADU
621653,Kallagam,Tiruchirappalli,TAMIL NADU
621701,Ambapur,Ariyalur,TAMIL NADU
621702,Ambil,Tiruchirappalli,TAMIL NADU
621703,Angarai,Tiruchirappalli,TAMIL NADU
621704,Ariyalur,Ariyalur,TAMIL NADU
621705,Kallankurichi,Ariyalur,TAMIL NADU
621706,Kattur Puvalur,Tiruchirappalli,TAMIL NADU
621707,Kilapaluvur,Ariyalur,TAMIL NADU
621708,Kunnam,Perambalur,TAMIL NADU
621709,Mathur,Ariyalur,TAMIL NADU
621710,Ponparappi,Ariyalur,TAMIL NADU
621711,Pullambadi,Tiruchirappalli,TAMIL NADU
621712,Puvalur,Tiruchirappalli,TAMIL NADU
621713,Rajajinagar,Ariyalur,TAMIL NADU
621714,Sendurai,Ariyalur,TAMIL NADU
621715,Tirumanur,Ariyalur,TAMIL NADU
621716,Tungapuram,Perambalur,TAMIL NADU
621717,Veppur,Perambalur,TAMIL NADU
621718,Rayambaram,Ariyalur,TAMIL NADU
621719,Asaveerankudikadu,Ariyalur,TAMIL NADU
621722,Viragalur,Tiruchirappalli,TAMIL NADU
621729,Ariyalur Cement Factory,Ariyalur,TAMIL NADU
621730,Cement Nagar Dalavoy,Ariyalur,TAMIL NADU
621801,Andimadam,Ariyalur,TAMIL NADU
621802,Jayamkondacholapuram,Ariyalur,TAMIL NADU
621803,Kallathur Thandalai,Ariyalur,TAMIL NADU
621804,Udayarpalayam,Ariyalur,TAMIL NADU
621805,Varadarajampettai,Ariyalur,TAMIL NADU
621806,Variyankaval,Ariyalur,TAMIL NADU
621851,Thirumazhapadi,Ariyalur,TAMIL NADU
622001,Pudukkottai,Pudukkottai,TAMIL NADU
622002,Tirugokarnam,Pudukkottai,TAMIL NADU
622003,Rajagopalapuram,Pudukkottai,TAMIL NADU
622004,Pudukkottai Ind. Estate,Pudukkottai,TAMIL NADU
622005,Pudukkottai Collectrate,Pudukkottai,TAMIL NADU
622101,Annavasal,Pudukkottai,TAMIL NADU
622102,Illuppur,Pudukkottai,TAMIL NADU
622103,Muckanamalaipatti,Pudukkottai,TAMIL NADU
622104,Vayalogam,Pudukkottai,TAMIL NADU
622201,Arimalam,Pudukkottai,TAMIL NADU
622202,Kilanilai,Pudukkottai,TAMIL NADU
622203,Perungalur,Pudukkottai,TAMIL NADU
622204,Yembal,Pudukkottai,TAMIL NADU
622209,Kilanilaikottai,Pudukkottai,TAMIL NADU
622301,Alangudi,Pudukkottai,TAMIL NADU
622302,Karambakudi,Pudukkottai,TAMIL NADU
622303,Tiruvarankulam,Pudukkottai,TAMIL NADU
622304,Vadakadu,Pudukkottai,TAMIL NADU
622401,Koppanapatti,Pudukkottai,TAMIL NADU
622402,Kulipirai,Pudukkottai,TAMIL NADU
622403,Melasivapuri,Pudukkottai,TAMIL NADU
622404,Nachandupatti,Pudukkottai,TAMIL NADU
622407,Ponnamaravathy,Pudukkottai,TAMIL NADU
622409,Rangiem,Pudukkottai,TAMIL NADU
622411,Valayapatti,Pudukkottai,TAMIL NADU
622412,Virachilai,Pudukkottai,TAMIL NADU
622422,Sivapuram,Pudukkottai,TAMIL NADU
622501,Cauvery Nagar,Pudukkottai,TAMIL NADU
622502,Keeranur,Pudukkottai,TAMIL NADU
622503,Konapet,Pudukkottai,TAMIL NADU
622504,Kulathur,Pudukkottai,TAMIL NADU
622505,Ramachandrapuram,Pudukkottai,TAMIL NADU
622506,Rayavaram,Pudukkottai,TAMIL NADU
622507,Tirumayam,Pudukkottai,TAMIL NADU
622515,Mathur Ind. Estate,Pudukkottai,TAMIL NADU
623115,Perunali,Ramanathapuram,TAMIL NADU
623120,Sayalgudi,Ramanathapuram,TAMIL NADU
623135,Kannirajapuram,Ramanathapuram,TAMIL NADU
623308,Mangalakudi,Ramanathapuram,TAMIL NADU
623315,Vellayapuram,Ramanathapuram,TAMIL NADU
623401,Anandur,Ramanathapuram,TAMIL NADU
623402,Chinnakeeramangalam,Ramanathapuram,TAMIL NADU
623403,Nambuthalai,Ramanathapuram,TAMIL NADU
623404,Pandugudi,Ramanathapuram,TAMIL NADU
623406,Sundarapandiapattinam,Ramanathapuram,TAMIL NADU
623407,Tiruvadanai,Ramanathapuram,TAMIL NADU
623409,Tondi,Ramanathapuram,TAMIL NADU
623501,Ramanathapuram,Ramanathapuram,TAMIL NADU
623502,Achunthanvayal,Ramanathapuram,TAMIL NADU
623503,Ramanathapuram Collectorate,Ramanathapuram,TAMIL NADU
623504,Velipattanam,Ramanathapuram,TAMIL NADU
623512,Alagankulam,Ramanathapuram,TAMIL NADU
623513,Chitharkottai,Ramanathapuram,TAMIL NADU
623514,Devipattinam,Ramanathapuram,TAMIL NADU
623515,Ervadi,Ramanathapuram,TAMIL NADU
623516,Irumeni,Ramanathapuram,TAMIL NADU
623517,Kilakarai,Ramanathapuram,TAMIL NADU
623518,Mandapam,Ramanathapuram,TAMIL NADU
623519,Mandapam Camp,Ramanathapuram,TAMIL NADU
623520,Marine Fisheries,Ramanathapuram,TAMIL NADU
623521,Pamban,Ramanathapuram,TAMIL NADU
623522,Panaikulam,Ramanathapuram,TAMIL NADU
623523,Periyapattinam,Ramanathapuram,TAMIL NADU
623524,Pudumadam,Ramanathapuram,TAMIL NADU
623525,Rajasingamangalam,Ramanathapuram,TAMIL NADU
623526,Rameswaram,Ramanathapuram,TAMIL NADU
623527,Chathirakudi,Ramanathapuram,TAMIL NADU
623528,Sikkal,Ramanathapuram,TAMIL NADU
623529,Thangachimadam,Ramanathapuram,TAMIL NADU
623530,Toruvalur,Ramanathapuram,TAMIL NADU
623531,Tirupalaikudi,Ramanathapuram,TAMIL NADU
623532,Thiruppullani,Ramanathapuram,TAMIL NADU
623533,Uthirakosamangai,Ramanathapuram,TAMIL NADU
623534,Uchipuli,Ramanathapuram,TAMIL NADU
623536,Perungulam,Ramanathapuram,TAMIL NADU
623537,Pottagavayal,Ramanathapuram,TAMIL NADU
623538,Sanaveli,Ramanathapuram,TAMIL NADU
623566,Ervadi Dargha,Ramanathapuram,TAMIL NADU
623601,Abiramam,Ramanathapuram,TAMIL NADU
623603,Kamudi,Ramanathapuram,TAMIL NADU
623604,Kottaimedu,Ramanathapuram,TAMIL NADU
623605,Mandalamanickam,Ramanathapuram,TAMIL NADU
623608,Parthibanur,Ramanathapuram,TAMIL NADU
623701,Emaneswaram,Ramanathapuram,TAMIL NADU
623703,Kadaladi,Ramanathapuram,TAMIL NADU
623704,Mudukulathur,Ramanathapuram,TAMIL NADU
623705,Nainarkoil,Ramanathapuram,TAMIL NADU
623706,Pambur,Ramanathapuram,TAMIL NADU
623707,Paramakudi,Ramanathapuram,TAMIL NADU
623708,Peraiyur,Ramanathapuram,TAMIL NADU
623711,Teriruveli,Ramanathapuram,TAMIL NADU
623712,Tiruvarangam,Ramanathapuram,TAMIL NADU
623806,Sathaksalai,Ramanathapuram,TAMIL NADU
624001,Dindigul,Dindigul,TAMIL NADU
624002,Begampur,Dindigul,TAMIL NADU
624003,Nagalnagar,Dindigul,TAMIL NADU
624004,Dindigul Collectorate,Dindigul,TAMIL NADU
624005,Balakrishnapurampudur,Dindigul,TAMIL NADU
624101,Kodaikanal,Dindigul,TAMIL NADU
624103,Kodaikanal Observatory,Dindigul,TAMIL NADU
624201,Ammayanaickanur,Dindigul,TAMIL NADU
624202,Batlagundu,Dindigul,TAMIL NADU
624204,Iyyampalayam,Dindigul,TAMIL NADU
624206,Kodairoad R.S.,Dindigul,TAMIL NADU
624208,Nilakottai,Dindigul,TAMIL NADU
624210,Pannaikadu,Dindigul,TAMIL NADU
624211,Pattiveeranpatti,Dindigul,TAMIL NADU
624212,Perumbarai,Dindigul,TAMIL NADU
624215,Silukkuvarpatti,Dindigul,TAMIL NADU
624216,Tandigudi,Dindigul,TAMIL NADU
624219,Vilampatti,Dindigul,TAMIL NADU
624220,Viruveedu,Dindigul,TAMIL NADU
624301,Chinnalapatti,Dindigul,TAMIL NADU
624302,Gandhigram,Dindigul,TAMIL NADU
624303,N.Panjampatti,Dindigul,TAMIL NADU
624304,Sanarpatti,Dindigul,TAMIL NADU
624306,Siluvathur,Dindigul,TAMIL NADU
624307,Vellodu,Dindigul,TAMIL NADU
624308,Vembarpatti,Dindigul,TAMIL NADU
624401,Natham,Dindigul,TAMIL NADU
624402,Samudrapatti,Dindigul,TAMIL NADU
624403,Sendurai,Dindigul,TAMIL NADU
624601,Palani,Dindigul,TAMIL NADU
624610,Balasamudram,Dindigul,TAMIL NADU
624612,Ambilikai,Dindigul,TAMIL NADU
624613,Ayakudi,Dindigul,TAMIL NADU
624614,Chatrapatti,Dindigul,TAMIL NADU
624615,Kalayamputhur,Dindigul,TAMIL NADU
624616,Kallimandayam,Dindigul,TAMIL NADU
624617,Keeranur,Dindigul,TAMIL NADU
624618,Narikalpatti,Dindigul,TAMIL NADU
624619,Oddanchatram,Dindigul,TAMIL NADU
624620,Palayam,Dindigul,TAMIL NADU
624621,Pappampatti,Dindigul,TAMIL NADU
624622,Reddiarchatram,Dindigul,TAMIL NADU
624701,Attur,Dindigul,TAMIL NADU
624702,Eriyodu,Dindigul,TAMIL NADU
624703,Guziliamparai,Dindigul,TAMIL NADU
624704,Idayakottai,Dindigul,TAMIL NADU
624705,Kannivadi,Dindigul,TAMIL NADU
624706,Kovilur,Dindigul,TAMIL NADU
624707,Sembatti,Dindigul,TAMIL NADU
624708,Sithayankottai,Dindigul,TAMIL NADU
624709,Tadicombu,Dindigul,TAMIL NADU
624710,Vedasandur,Dindigul,TAMIL NADU
624711,Kasipalayam,Dindigul,TAMIL NADU
624712,Markkampatti,Dindigul,TAMIL NADU
624801,Ayyalur,Dindigul,TAMIL NADU
624802,Vadamadurai,Dindigul,TAMIL NADU
625001,Madurai,Madurai,TAMIL NADU
625002,Tallakulam,Madurai,TAMIL NADU
625003,Palanganatham,Madurai,TAMIL NADU
625004,Pasumalai,Madurai,TAMIL NADU
625005,Thiruparankundram,Madurai,TAMIL NADU
625006,Tirunagar,Madurai,TAMIL NADU
625007,K.Pudur,Madurai,TAMIL NADU
625008,Kappalur Indl.Estate,Madurai,TAMIL NADU
625009,Ma Munichalai Road,Madurai,TAMIL NADU
625011,Subramaniapuram,Madurai,TAMIL NADU
625012,Avanivapuram,Madurai,TAMIL NADU
625014,Ma Reserve Lines,Madurai,TAMIL NADU
625015,Thiagarajar Engg College,Madurai,TAMIL NADU
625016,Arasaradi,Madurai,TAMIL NADU
625017,Anaiyur,Madurai,TAMIL NADU
625018,Thathaneri,Madurai,TAMIL NADU
625019,Nagamalai,Madurai,TAMIL NADU
625020,Gandhi Nagar,Madurai,TAMIL NADU
625021,Palkalai Nagar,Madurai,TAMIL NADU
625022,Postal Training Centre,Madurai,TAMIL NADU
625023,Madras High Court Madurai Bench,Madurai,TAMIL NADU
625101,Karungalakudi,Madurai,TAMIL NADU
625102,Kilavalavu,Madurai,TAMIL NADU
625103,Kottampatti,Madurai,TAMIL NADU
625104,Madurai Agricultural College,Madurai,TAMIL NADU
625105,Melavlavu,Madurai,TAMIL NADU
625106,Melur,Madurai,TAMIL NADU
625107,Othakadai,Madurai,TAMIL NADU
625108,Thumbaipatti,Madurai,TAMIL NADU
625109,Vellalur,Madurai,TAMIL NADU
625110,Tiruvadur,Madurai,TAMIL NADU
625122,Therkutheru,Madurai,TAMIL NADU
625201,Silaiman,Madurai,TAMIL NADU
625203,Genguvarpatti,Theni,TAMIL NADU
625205,Karupatti,Madurai,TAMIL NADU
625207,Mullipallam,Madurai,TAMIL NADU
625214,Sholavandan,Madurai,TAMIL NADU
625218,Vadipatti,Madurai,TAMIL NADU
625221,Thanichiyam,Madurai,TAMIL NADU
625234,Tiruvedagam,Madurai,TAMIL NADU
625301,Alagarkoil,Madurai,TAMIL NADU
625402,Samayanallur,Madurai,TAMIL NADU
625501,Alanganallur,Madurai,TAMIL NADU
625503,Palamedu,Madurai,TAMIL NADU
625512,Aundipatti,Theni,TAMIL NADU
625513,Bodinayakanur,Theni,TAMIL NADU
625514,Checkanurani,Madurai,TAMIL NADU
625515,Chinnamanur,Theni,TAMIL NADU
625516,Cumbum,Theni,TAMIL NADU
625517,Gandamanayakanur,Theni,TAMIL NADU
625518,Gudalur,Theni,TAMIL NADU
625519,Highwavys,Theni,TAMIL NADU
625520,Kamatchipuram,Theni,TAMIL NADU
625521,Kamayakoundanpatti,Theni,TAMIL NADU
625522,Kombai,Theni,TAMIL NADU
625523,Lakshmipuram,Theni,TAMIL NADU
625524,Pannaipuram,Theni,TAMIL NADU
625525,Periyar Project,Theni,TAMIL NADU
625526,Royappanpatti,Theni,TAMIL NADU
625527,Sedapatti,Madurai,TAMIL NADU
625528,Sillamarathupatti,Theni,TAMIL NADU
625529,Sindhupatti,Madurai,TAMIL NADU
625530,Thevaram,Theni,TAMIL NADU
625531,Theni,Theni,TAMIL NADU
625532,Usilampatti,Madurai,TAMIL NADU
625533,Uthamapalayam,Theni,TAMIL NADU
625534,Veerapandi,Theni,TAMIL NADU
625535,Yelumalai,Madurai,TAMIL NADU
625536,T.Subbulapuram,Theni,TAMIL NADU
625537,Uthappanayakanur,Madurai,TAMIL NADU
625540,Odaipatti,Theni,TAMIL NADU
625556,C.Pudupatti,Theni,TAMIL NADU
625562,Varadharajnagar,Theni,TAMIL NADU
625579,Kadamalaikundu,Theni,TAMIL NADU
625582,Subburajnagar,Theni,TAMIL NADU
625601,Periyakulam,Theni,TAMIL NADU
625602,Devadanapatti,Theni,TAMIL NADU
625603,Vadugapatti,Theni,TAMIL NADU
625604,Periyakulam East,Theni,TAMIL NADU
625605,Tamarakulam,Theni,TAMIL NADU
625701,Kalligudi,Madurai,TAMIL NADU
625702,T.Kallupatti,Madurai,TAMIL NADU
625703,Peraiyur,Madurai,TAMIL NADU
625704,T.Pudupatti,Madurai,TAMIL NADU
625705,Saptur,Madurai,TAMIL NADU
625706,Tirumangalam,Madurai,TAMIL NADU
625707,Villur,Madurai,TAMIL NADU
625708,T.Kunnathur,Madurai,TAMIL NADU
626001,Virudhunagar,Virudhunagar,TAMIL NADU
626002,Virudhunagar Collectorate,Virudhunagar,TAMIL NADU
626003,Virudhunagar Industrial Estate,Virudhunagar,TAMIL NADU
626004,Palavantham,Virudhunagar,TAMIL NADU
626005,Amathur,Virudhunagar,TAMIL NADU
626101,Aruppukottai,Virudhunagar,TAMIL NADU
626102,Chatrapatti,Virudhunagar,TAMIL NADU
626103,Erichanatham,Virudhunagar,TAMIL NADU
626104,Kalkurichi,Virudhunagar,TAMIL NADU
626105,Kallurani,Virudhunagar,TAMIL NADU
626106,Kariapatti,Virudhunagar,TAMIL NADU
626107,Kovilangulam,Virudhunagar,TAMIL NADU
626108,Kumarasamy Raja Nagar,Virudhunagar,TAMIL NADU
626109,Mallanginar,Virudhunagar,TAMIL NADU
626110,Mohamed Sahibpuram,Virudhunagar,TAMIL NADU
626111,Muhavur,Virudhunagar,TAMIL NADU
626112,Palayampatti,Virudhunagar,TAMIL NADU
626113,Pandalgudi,Virudhunagar,TAMIL NADU
626114,Paralachi,Virudhunagar,TAMIL NADU
626115,Sethu Institute of Technology,Virudhunagar,TAMIL NADU
626116,W Pudupatti,Virudhunagar,TAMIL NADU
626117,Rajapalayam,Virudhunagar,TAMIL NADU
626118,M.Reddiapatti,Virudhunagar,TAMIL NADU
626119,Sankaralingapuram,Virudhunagar,TAMIL NADU
626121,Seithur,Virudhunagar,TAMIL NADU
626122,Settiyarpatti,Virudhunagar,TAMIL NADU
626123,Sivakasi,Virudhunagar,TAMIL NADU
626124,Sivakasi West,Virudhunagar,TAMIL NADU
626125,Srivilliputhur,Virudhunagar,TAMIL NADU
626126,Sundarapandiam,Virudhunagar,TAMIL NADU
626127,Tamilnadu Cements Alangulam,Virudhunagar,TAMIL NADU
626128,Thayilpatti,Virudhunagar,TAMIL NADU
626129,Tiruchuli,Virudhunagar,TAMIL NADU
626130,Tiruthangal,Virudhunagar,TAMIL NADU
626131,Vembakottai,Virudhunagar,TAMIL NADU
626132,Watrap,Virudhunagar,TAMIL NADU
626133,Kummapatti,Virudhunagar,TAMIL NADU
626134,Chettikurichi,Virudhunagar,TAMIL NADU
626135,Srivilliputhur Court Complexe,Virudhunagar,TAMIL NADU
626136,Kilarajakularaman,Virudhunagar,TAMIL NADU
626137,Pillayarkulam,Virudhunagar,TAMIL NADU
626138,Kunnur,Virudhunagar,TAMIL NADU
626139,Cholapuram South,Virudhunagar,TAMIL NADU
626140,Sevalpatti,Virudhunagar,TAMIL NADU
626141,Malli,Virudhunagar,TAMIL NADU
626142,Sundaranachiarpuram,Virudhunagar,TAMIL NADU
626149,Maharajapuram,Virudhunagar,TAMIL NADU
626161,Athipatti,Virudhunagar,TAMIL NADU
626188,Dhalavaipuram,Virudhunagar,TAMIL NADU
626189,Sivakasi East,Virudhunagar,TAMIL NADU
626201,Elayirampannai,Virudhunagar,TAMIL NADU
626202,Nenmeni,Virudhunagar,TAMIL NADU
626203,Sattur,Virudhunagar,TAMIL NADU
626204,Ramasamy Raja Nagar,Virudhunagar,TAMIL NADU
626205,Uppathur,Virudhunagar,TAMIL NADU
626607,Narikudi,Virudhunagar,TAMIL NADU
626612,Viracholan,Virudhunagar,TAMIL NADU
627001,Tirunelveli,Tirunelveli,TAMIL NADU
627002,Palayankottai,Tirunelveli,TAMIL NADU
627003,Vannarpettai,Tirunelveli,TAMIL NADU
627004,Tirunelveli Pettai,Tirunelveli,TAMIL NADU
627005,Melapalayam,Tirunelveli,TAMIL NADU
627006,Tirunelveli Town,Tirunelveli,TAMIL NADU
627007,Perumalpuram,Tirunelveli,TAMIL NADU
627008,Gandhinagar,Tirunelveli,TAMIL NADU
627009,Tirunelveli Collectorate,Tirunelveli,TAMIL NADU
627010,Industrial Colony Pettai,Tirunelveli,TAMIL NADU
627011,Maharajangar,Tirunelveli,TAMIL NADU
627012,Manonmaniam Sundaranar Univers,Tirunelveli,TAMIL NADU
627101,Dalapathisamudram,Tirunelveli,TAMIL NADU
627102,Dohnavur,Tirunelveli,TAMIL NADU
627103,Eruvadi,Tirunelveli,TAMIL NADU
627104,Idindakarai,Tirunelveli,TAMIL NADU
627105,Kavalkinaru,Tirunelveli,TAMIL NADU
627106,Kudankulam,Tirunelveli,TAMIL NADU
627107,Mavadi,Tirunelveli,TAMIL NADU
627108,Nanguneri,Tirunelveli,TAMIL NADU
627109,Panagudi,Tirunelveli,TAMIL NADU
627110,Parappadi,Tirunelveli,TAMIL NADU
627111,Radhapuram,Tirunelveli,TAMIL NADU
627112,Samugarengapuram,Tirunelveli,TAMIL NADU
627113,Terkukallikulam,Tirunelveli,TAMIL NADU
627114,Terkukarungulam,Tirunelveli,TAMIL NADU
627115,Tirukurungudi,Tirunelveli,TAMIL NADU
627116,Vadakangulam,Tirunelveli,TAMIL NADU
627117,Vallioor,Tirunelveli,TAMIL NADU
627118,Vijayanarayanam,Tirunelveli,TAMIL NADU
627119,Vijayanarayanam Naval Base,Tirunelveli,TAMIL NADU
627120,Anuvijay Township,Tirunelveli,TAMIL NADU
627127,Kuttapuli,Tirunelveli,TAMIL NADU
627133,Mahendragiri,Tirunelveli,TAMIL NADU
627151,Maruthakulam,Tirunelveli,TAMIL NADU
627152,Mundradaippu,Tirunelveli,TAMIL NADU
627201,Manur,Tirunelveli,TAMIL NADU
627202,Ukkirankottai,Tirunelveli,TAMIL NADU
627351,Burkitmanagaram,Tirunelveli,TAMIL NADU
627352,Gangaikondan,Tirunelveli,TAMIL NADU
627353,Kizhanatham,Tirunelveli,TAMIL NADU
627354,Mulaikaraipatti,Tirunelveli,TAMIL NADU
627355,Munanjipatti,Tirunelveli,TAMIL NADU
627356,Munnirpallam,Tirunelveli,TAMIL NADU
627357,Sankarnagar,Tirunelveli,TAMIL NADU
627358,Tachanallur,Tirunelveli,TAMIL NADU
627359,Rajavallipuram,Tirunelveli,TAMIL NADU
627401,Ambasamudram,Tirunelveli,TAMIL NADU
627412,Alwarkurichi,Tirunelveli,TAMIL NADU
627413,Brahmadesam,Tirunelveli,TAMIL NADU
627414,Cheranmahadevi,Tirunelveli,TAMIL NADU
627415,Kadayam,Tirunelveli,TAMIL NADU
627416,Kallidaikurichi,Tirunelveli,TAMIL NADU
627417,Karaikurichi,Tirunelveli,TAMIL NADU
627418,Kila Ambur,Tirunelveli,TAMIL NADU
627420,Manjolai,Tirunelveli,TAMIL NADU
627421,Manimuthar Project,Tirunelveli,TAMIL NADU
627422,Papanasam Mills,Tirunelveli,TAMIL NADU
627423,Pottalpudur,Tirunelveli,TAMIL NADU
627424,Ravanasamudram,Tirunelveli,TAMIL NADU
627425,Vickramasingapuram,Tirunelveli,TAMIL NADU
627426,Viravanallur,Tirunelveli,TAMIL NADU
627427,Nalumukku,Tirunelveli,TAMIL NADU
627428,Agasthiyarpatti,Tirunelveli,TAMIL NADU
627451,Gopalasamudram,Tirunelveli,TAMIL NADU
627452,Melaseval,Tirunelveli,TAMIL NADU
627453,Pattamadai,Tirunelveli,TAMIL NADU
627501,Kalakad,Tirunelveli,TAMIL NADU
627502,Padmaneri,Tirunelveli,TAMIL NADU
627601,Mukkudal,Tirunelveli,TAMIL NADU
627602,Pappagudi,Tirunelveli,TAMIL NADU
627603,Vadakku Ariyanayagipuram Petta,Tirunelveli,TAMIL NADU
627604,Suttamally,Tirunelveli,TAMIL NADU
627651,Idayangudi,Tirunelveli,TAMIL NADU
627652,Ittamozhi,Tirunelveli,TAMIL NADU
627654,Pettaikulam,Tirunelveli,TAMIL NADU
627657,Tisayanvillai,Tirunelveli,TAMIL NADU
627713,Ilyarasanendal,Tirunelveli,TAMIL NADU
627719,Tiruvengadam,Tirunelveli,TAMIL NADU
627751,Kadayanallur,Tirunelveli,TAMIL NADU
627753,Karivalamvandanallur,Tirunelveli,TAMIL NADU
627754,Kuruvikulam,Tirunelveli,TAMIL NADU
627755,Mullikulam,Tirunelveli,TAMIL NADU
627756,Sankarankovil,Tirunelveli,TAMIL NADU
627757,Sivagiri,Tirunelveli,TAMIL NADU
627758,Vasudevanallur,Tirunelveli,TAMIL NADU
627759,Krishnapuram,Tirunelveli,TAMIL NADU
627760,Athuvazhi,Tirunelveli,TAMIL NADU
627761,Panaiyur,Tirunelveli,TAMIL NADU
627764,Rayagiri,Tirunelveli,TAMIL NADU
627802,Courtallam,Tirunelveli,TAMIL NADU
627803,Elathur,Tirunelveli,TAMIL NADU
627804,Idaikal,Tirunelveli,TAMIL NADU
627805,Ilanji,Tirunelveli,TAMIL NADU
627806,Kilapavur,Tirunelveli,TAMIL NADU
627807,Panpuli,Tirunelveli,TAMIL NADU
627808,Pavoorchatram,Tirunelveli,TAMIL NADU
627809,Sengottai,Tirunelveli,TAMIL NADU
627811,Tenkasi,Tirunelveli,TAMIL NADU
627812,Vadakarai,Tirunelveli,TAMIL NADU
627813,Puliyara,Tirunelveli,TAMIL NADU
627814,Kizhapuliyur,Tirunelveli,TAMIL NADU
627818,Melagaram,Tirunelveli,TAMIL NADU
627851,Alangulam,Tirunelveli,TAMIL NADU
627852,Ayikudi,Tirunelveli,TAMIL NADU
627853,Nallur,Tirunelveli,TAMIL NADU
627854,Nettur,Tirunelveli,TAMIL NADU
627855,Puliyangudi,Tirunelveli,TAMIL NADU
627856,Sambavarvadakarai,Tirunelveli,TAMIL NADU
627857,Serndamangalam,Tirunelveli,TAMIL NADU
627858,Sundapandiapuram,Tirunelveli,TAMIL NADU
627859,Surandai,Tirunelveli,TAMIL NADU
627860,Uthumalai,Tirunelveli,TAMIL NADU
627861,Virakeralmpudur,Tirunelveli,TAMIL NADU
627862,Virasigamani,Tirunelveli,TAMIL NADU
627951,Devarkulam,Tirunelveli,TAMIL NADU
627953,Melanilithanallur,Tirunelveli,TAMIL NADU
628001,Tuticorin,Tuticorin,TAMIL NADU
628002,Melur Tuticorin,Tuticorin,TAMIL NADU
628003,New Colony,Tuticorin,TAMIL NADU
628004,Tuticorin Harbour Estate,Tuticorin,TAMIL NADU
628005,Muthiahpuram,Tuticorin,TAMIL NADU
628006,Thermal Nagagr,Tuticorin,TAMIL NADU
628007,Heavy Water Project Colony,Tuticorin,TAMIL NADU
628008,Chidambaranagar,Tuticorin,TAMIL NADU
628101,Korampollam,Tuticorin,TAMIL NADU
628102,Mudittanendal,Tuticorin,TAMIL NADU
628103,Pudukottai,Tuticorin,TAMIL NADU
628104,Sekkarakudi,Tuticorin,TAMIL NADU
628105,Taruvaikulam,Tuticorin,TAMIL NADU
628151,Autoor,Tuticorin,TAMIL NADU
628152,Pazhaiyalkayal,Tuticorin,TAMIL NADU
628201,Ammanpuram,Tuticorin,TAMIL NADU
628202,Arumuganeri,Tuticorin,TAMIL NADU
628203,Udangudi Christianagaram,Tuticorin,TAMIL NADU
628204,Kayalpatnam,Tuticorin,TAMIL NADU
628205,Kayamozhi,Tuticorin,TAMIL NADU
628206,Kulasekarapatnam,Tuticorin,TAMIL NADU
628207,Kurumbur,Tuticorin,TAMIL NADU
628208,Manaduthandapathu,Tuticorin,TAMIL NADU
628209,Manapad,Tuticorin,TAMIL NADU
628210,Megnanapuram,Tuticorin,TAMIL NADU
628211,Nalumavadi,Tuticorin,TAMIL NADU
628212,Panickanadarkudiyiruppu,Tuticorin,TAMIL NADU
628213,Paramankurichi,Tuticorin,TAMIL NADU
628215,Tiruchendur,Tuticorin,TAMIL NADU
628216,Virapandianpatanam,Tuticorin,TAMIL NADU
628217,Adaikalapuram,Tuticorin,TAMIL NADU
628218,Mannanvilai,Tuticorin,TAMIL NADU
628219,Vellalanvilai,Tuticorin,TAMIL NADU
628229,Sahupuram,Tuticorin,TAMIL NADU
628251,Sawyerpuram,Tuticorin,TAMIL NADU
628252,Vallanad,Tuticorin,TAMIL NADU
628301,Kailasapuram,Tuticorin,TAMIL NADU
628302,Ottanatham,Tuticorin,TAMIL NADU
628303,Naraikinar,Tuticorin,TAMIL NADU
628304,Tattaparai,Tuticorin,TAMIL NADU
628401,Otapidaram,Tuticorin,TAMIL NADU
628402,Pudiyamputhur,Tuticorin,TAMIL NADU
628501,Kovilpatti,Tuticorin,TAMIL NADU
628502,Lakshmipuram,Tuticorin,TAMIL NADU
628503,K.R.Nagar,Tuticorin,TAMIL NADU
628552,Kalugumalai,Tuticorin,TAMIL NADU
628601,Srivaikuntam,Tuticorin,TAMIL NADU
628612,Alwartirunagari,Tuticorin,TAMIL NADU
628613,Asirvathapuram,Tuticorin,TAMIL NADU
628614,Campbellabad,Tuticorin,TAMIL NADU
628615,Karungulam,Tuticorin,TAMIL NADU
628616,Mukuperi,Tuticorin,TAMIL NADU
628617,Nazareth,Tuticorin,TAMIL NADU
628618,Neivilai,Tuticorin,TAMIL NADU
628619,Padmanabamangalam,Tuticorin,TAMIL NADU
628620,Patemanagaram,Tuticorin,TAMIL NADU
628621,Puthukudi,Tuticorin,TAMIL NADU
628622,Thathankulam,Tuticorin,TAMIL NADU
628623,Thenthiruperai,Tuticorin,TAMIL NADU
628653,Kommadikottai,Tuticorin,TAMIL NADU
628656,Puthantharuvai,Tuticorin,TAMIL NADU
628701,Anandapuram,Tuticorin,TAMIL NADU
628702,Mudalur,Tuticorin,TAMIL NADU
628703,Padukkapathu,Tuticorin,TAMIL NADU
628704,Satankulam,Tuticorin,TAMIL NADU
628712,Eppodumvendran,Tuticorin,TAMIL NADU
628714,Kadambur,Tuticorin,TAMIL NADU
628716,Nalatinputhur,Tuticorin,TAMIL NADU
628718,Pasuvandanai,Tuticorin,TAMIL NADU
628720,Turaiyur,Tuticorin,TAMIL NADU
628721,Vanaramutti,Tuticorin,TAMIL NADU
628722,Kurukkuchalai,Tuticorin,TAMIL NADU
628751,Pannaivilai,Tuticorin,TAMIL NADU
628752,Perungulam,Tuticorin,TAMIL NADU
628753,Sivagalai,Tuticorin,TAMIL NADU
628801,Eral,Tuticorin,TAMIL NADU
628802,Siruthondanallur,Tuticorin,TAMIL NADU
628809,Seydunganallur,Tuticorin,TAMIL NADU
628851,Ellanaickenpatti,Tuticorin,TAMIL NADU
628901,Ariyanayagipuram,Tuticorin,TAMIL NADU
628902,Ettaiyapuram,Tuticorin,TAMIL NADU
628903,Kulathur,Tuticorin,TAMIL NADU
628904,Nagalapuram,Tuticorin,TAMIL NADU
628905,Pudur,Tuticorin,TAMIL NADU
628906,Vembar,Tuticorin,TAMIL NADU
628907,Vilathikulam,Tuticorin,TAMIL NADU
628908,Kilairal,Tuticorin,TAMIL NADU
628952,Kayathar,Tuticorin,TAMIL NADU
629001,Nagercoil,Kanyakumari,TAMIL NADU
629002,Kottar,Kanyakumari,TAMIL NADU
629003,Vetturnimadam,Kanyakumari,TAMIL NADU
629004,Nagercoil Industrial Estate,Kanyakumari,TAMIL NADU
629101,Kaliyal,Kanyakumari,TAMIL NADU
629102,Kodayarkilthangal,Kanyakumari,TAMIL NADU
629151,Arumanai,Kanyakumari,TAMIL NADU
629152,Idaikkode,Kanyakumari,TAMIL NADU
629153,Kaliakkavilai,Kanyakumari,TAMIL NADU
629154,Kanjampuram,Kanyakumari,TAMIL NADU
629155,Kanjiracode,Kanyakumari,TAMIL NADU
629156,Kappiyarai,Kanyakumari,TAMIL NADU
629157,Karinkal,Kanyakumari,TAMIL NADU
629158,Kattathurai,Kanyakumari,TAMIL NADU
629159,Palapalam,Kanyakumari,TAMIL NADU
629160,Kollangodu,Kanyakumari,TAMIL NADU
629161,Kulasekharam,Kanyakumari,TAMIL NADU
629162,Kappukadu,Kanyakumari,TAMIL NADU
629163,Kuzhithurai,Kanyakumari,TAMIL NADU
629164,Manalikarai,Kanyakumari,TAMIL NADU
629165,Marthandam,Kanyakumari,TAMIL NADU
629166,Mekkamandapam,Kanyakumari,TAMIL NADU
629167,Mulagumoodu,Kanyakumari,TAMIL NADU
629168,Pacode,Kanyakumari,TAMIL NADU
629169,Palliyadi,Kanyakumari,TAMIL NADU
629170,Palukal,Kanyakumari,TAMIL NADU
629171,Pudukadai,Kanyakumari,TAMIL NADU
629172,S.T.Mankad,Kanyakumari,TAMIL NADU
629173,Thengapattanam,Kanyakumari,TAMIL NADU
629174,Thiruvithancode,Kanyakumari,TAMIL NADU
629175,Thuckalay,Kanyakumari,TAMIL NADU
629176,Thuthur,Kanyakumari,TAMIL NADU
629177,Tiruvattar,Kanyakumari,TAMIL NADU
629178,Udayamarthandam,Kanyakumari,TAMIL NADU
629179,Unnamalakada,Kanyakumari,TAMIL NADU
629180,Villukuri,Kanyakumari,TAMIL NADU
629193,Keezhkulam,Kanyakumari,TAMIL NADU
629201,Asaripallam,Kanyakumari,TAMIL NADU
629202,Muttom,Kanyakumari,TAMIL NADU
629203,Friday Market,Kanyakumari,TAMIL NADU
629204,Ammandivilai,Kanyakumari,TAMIL NADU
629251,Colachel,Kanyakumari,TAMIL NADU
629252,Manavalakurichi,Kanyakumari,TAMIL NADU
629301,Aralvaymoli,Kanyakumari,TAMIL NADU
629302,Thovalai,Kanyakumari,TAMIL NADU
629401,Azhakappapuram,Kanyakumari,TAMIL NADU
629402,Marungoor,Kanyakumari,TAMIL NADU
629403,Mayiladi,Kanyakumari,TAMIL NADU
629501,Eathamozhi,Kanyakumari,TAMIL NADU
629502,Ganapathipuram,Kanyakumari,TAMIL NADU
629601,Parakkai,Kanyakumari,TAMIL NADU
629602,Puthalam,Kanyakumari,TAMIL NADU
629701,Agasteeswaram,Kanyakumari,TAMIL NADU
629702,Kanniyakumari,Kanyakumari,TAMIL NADU
629703,Kottaram,Kanyakumari,TAMIL NADU
629704,Suchindrum,Kanyakumari,TAMIL NADU
629801,Aloor,Kanyakumari,TAMIL NADU
629802,Neyyoor,Kanyakumari,TAMIL NADU
629803,Neyyoor West,Kanyakumari,TAMIL NADU
629804,Thickanamcode,Kanyakumari,TAMIL NADU
629809,Karankad,Kanyakumari,TAMIL NADU
629810,Kandanvilai,Kanyakumari,TAMIL NADU
629851,Azhakiapandipuram,Kanyakumari,TAMIL NADU
629852,Bhoothapandy,Kanyakumari,TAMIL NADU
629901,Thazhakudy,Kanyakumari,TAMIL NADU
630001,Karaikudi,Sivaganga,TAMIL NADU
630002,Sekkalai,Sivaganga,TAMIL NADU
630003,Alagappapuram,Sivaganga,TAMIL NADU
630005,Devakottai Road,Sivaganga,TAMIL NADU
630101,Attangudi,Sivaganga,TAMIL NADU
630102,Chettinad,Sivaganga,TAMIL NADU
630103,Kanadukathan,Sivaganga,TAMIL NADU
630104,Kandanur,Sivaganga,TAMIL NADU
630105,Kothamangalam,Sivaganga,TAMIL NADU
630106,Kottaiyur,Sivaganga,TAMIL NADU
630107,Pallattur,Sivaganga,TAMIL NADU
630108,Puduvayal,Sivaganga,TAMIL NADU
630201,A.Thekkur,Sivaganga,TAMIL NADU
630202,Ariyakudi,Sivaganga,TAMIL NADU
630203,Kandavarayanpatti,Sivaganga,TAMIL NADU
630204,Kandramanickam,Sivaganga,TAMIL NADU
630205,Kilasevalpatti,Sivaganga,TAMIL NADU
630206,Kunnakudi,Sivaganga,TAMIL NADU
630207,Nachiapuram,Sivaganga,TAMIL NADU
630208,O.Siruvayal,Sivaganga,TAMIL NADU
630210,Tirukoshtiyur,Sivaganga,TAMIL NADU
630211,Tirupattur,Sivaganga,TAMIL NADU
630212,Viramathi,Sivaganga,TAMIL NADU
630301,Amaravathipudur,Sivaganga,TAMIL NADU
630302,Devakottai,Sivaganga,TAMIL NADU
630303,Devakottai Extension,Sivaganga,TAMIL NADU
630305,Kallal,Sivaganga,TAMIL NADU
630306,Kallupatti,Sivaganga,TAMIL NADU
630307,Managiri,Sivaganga,TAMIL NADU
630309,Pulidipatti,Sivaganga,TAMIL NADU
630311,Periyakarai,Sivaganga,TAMIL NADU
630312,Puliyal,Sivaganga,TAMIL NADU
630313,Sembanur,Sivaganga,TAMIL NADU
630314,Shanmuganathapuram,Sivaganga,TAMIL NADU
630321,Vethiyur,Sivaganga,TAMIL NADU
630405,Nerkuppai,Sivaganga,TAMIL NADU
630408,Tiruvegampet,Sivaganga,TAMIL NADU
630410,Ulagampatti,Sivaganga,TAMIL NADU
630411,Sarakeni,Sivaganga,TAMIL NADU
630501,CVmangalam,Sivaganga,TAMIL NADU
630502,Singampunari,Sivaganga,TAMIL NADU
630551,Kalayarkoil,Sivaganga,TAMIL NADU
630552,Kilapungudi,Sivaganga,TAMIL NADU
630553,Madagupatti,Sivaganga,TAMIL NADU
630554,Mangalam,Sivaganga,TAMIL NADU
630555,Natarajapuram,Sivaganga,TAMIL NADU
630556,Nattarasankottai,Sivaganga,TAMIL NADU
630557,Okkur,Sivaganga,TAMIL NADU
630558,Paganeri,Sivaganga,TAMIL NADU
630559,Periakottai,Sivaganga,TAMIL NADU
630561,Sivaganga,Sivaganga,TAMIL NADU
630562,Sivaganga Collectorate,Sivaganga,TAMIL NADU
630566,Eriyur,Sivaganga,TAMIL NADU
630602,Idaikattur,Sivaganga,TAMIL NADU
630606,Manamadurai,Sivaganga,TAMIL NADU
630609,Rajagambiram,Sivaganga,TAMIL NADU
630610,Tiruppachetti,Sivaganga,TAMIL NADU
630611,Tiruppuvanam,Sivaganga,TAMIL NADU
630612,Pottapalayam,Sivaganga,TAMIL NADU
630702,Ilayangudi,Sivaganga,TAMIL NADU
630709,Pudur Ilayangudi,Sivaganga,TAMIL NADU
630710,Salaigramam,Sivaganga,TAMIL NADU
630713,Suranam,Sivaganga,TAMIL NADU
631001,Arakkonam,Vellore,TAMIL NADU
631002,Palanipet,Vellore,TAMIL NADU
631003,Jothinagar,Vellore,TAMIL NADU
631004,Ekhunagar,Vellore,TAMIL NADU
631005,Winterpet,Vellore,TAMIL NADU
631006,Ins Rajali,Vellore,TAMIL NADU
631051,Namali,Vellore,TAMIL NADU
631052,Panapakkam,Vellore,TAMIL NADU
631101,Guruvarajpet,Vellore,TAMIL NADU
631102,Sholingur,Vellore,TAMIL NADU
631151,Takkolam,Vellore,TAMIL NADU
631152,Suraksha Cisf Campus,Vellore,TAMIL NADU
631201,Arungolam,Tiruvallur,TAMIL NADU
631202,Athimanjeripeta,Tiruvallur,TAMIL NADU
631203,Kadambathur,Tiruvallur,TAMIL NADU
631204,Kanakammachatram,Tiruvallur,TAMIL NADU
631205,Kg Kandigai,Tiruvallur,TAMIL NADU
631206,Madduru,Tiruvallur,TAMIL NADU
631207,Pallipat,Tiruvallur,TAMIL NADU
631208,Podaturpeta,Tiruvallur,TAMIL NADU
631209,Tiruttani,Tiruvallur,TAMIL NADU
631210,Tiruvelangadu,Tiruvallur,TAMIL NADU
631211,Saraswathinagar,Tiruvallur,TAMIL NADU
631212,Poonimangadu,Tiruvallur,TAMIL NADU
631213,Ponpadi Rs,Tiruvallur,TAMIL NADU
631301,Ammavarikuppam,Tiruvallur,TAMIL NADU
631302,Erumbi,Tiruvallur,TAMIL NADU
631303,Ramakrishnarajupeta,Tiruvallur,TAMIL NADU
631304,Vanganur,Tiruvallur,TAMIL NADU
631402,Perambakkam,Tiruvallur,TAMIL NADU
631501,Kanchipuram,Kanchipuram,TAMIL NADU
631502,Big Kanchipuram,Kanchipuram,TAMIL NADU
631551,Balchettychatram,Kanchipuram,TAMIL NADU
631552,Karaipettai,Kanchipuram,TAMIL NADU
631553,Edayarpakkam,Kanchipuram,TAMIL NADU
631561,Enathur,Kanchipuram,TAMIL NADU
631601,Ayyampettai,Kanchipuram,TAMIL NADU
631603,Magaral,Kanchipuram,TAMIL NADU
631604,Thenneri,Kanchipuram,TAMIL NADU
631605,Walajabad,Kanchipuram,TAMIL NADU
631606,Palayaseevaram,Kanchipuram,TAMIL NADU
631701,Akkur,Tiruvannamalai,TAMIL NADU
631702,Mamandur Kanchipuram,Tiruvannamalai,TAMIL NADU
632001,Vellore,Vellore,TAMIL NADU
632002,Thorapadi,Vellore,TAMIL NADU
632004,Vellore Fort,Vellore,TAMIL NADU
632006,Gandhinagar,Vellore,TAMIL NADU
632007,Katpadi,Vellore,TAMIL NADU
632008,Shenbakkam,Vellore,TAMIL NADU
632009,Sathuvachari,Vellore,TAMIL NADU
632010,Abdullapuram,Vellore,TAMIL NADU
632011,TB Sanatorium,Vellore,TAMIL NADU
632012,Saidapet,Vellore,TAMIL NADU
632013,Konavattam,Vellore,TAMIL NADU
632014,Vellore Institute Of Technolog,Vellore,TAMIL NADU
632055,Ariyur,Vellore,TAMIL NADU
632057,Munjurpattu,Vellore,TAMIL NADU
632058,Pennathur,Vellore,TAMIL NADU
632059,TEL,Vellore,TAMIL NADU
632101,Anaikkattu,Vellore,TAMIL NADU
632102,Kaniyambadi,Vellore,TAMIL NADU
632103,Odugathur,Vellore,TAMIL NADU
632104,Virnjipuram,Vellore,TAMIL NADU
632105,Ussoor,Vellore,TAMIL NADU
632106,Slr Sanatorium,Vellore,TAMIL NADU
632107,Guruvarajapalayam,Vellore,TAMIL NADU
632113,Cholavaram,Vellore,TAMIL NADU
632114,Sathyamangalam (Vellore)S.O,Vellore,TAMIL NADU
632115,Thiruvalluvar University,Vellore,TAMIL NADU
632201,Kilvayathinankuppam,Vellore,TAMIL NADU
632202,Latteri,Vellore,TAMIL NADU
632203,Melmayil,Vellore,TAMIL NADU
632204,Vaduganthangal,Vellore,TAMIL NADU
632209,Ruhsa Campus,Vellore,TAMIL NADU
632301,Arni,Tiruvannamalai,TAMIL NADU
632311,Kannamangalam,Tiruvannamalai,TAMIL NADU
632312,Kattukanur,Tiruvannamalai,TAMIL NADU
632313,Kolappalur,Tiruvannamalai,TAMIL NADU
632314,Kunnathur Arni,Tiruvannamalai,TAMIL NADU
632315,Onnupuram,Tiruvannamalai,TAMIL NADU
632316,Chevur,Tiruvannamalai,TAMIL NADU
632317,Sathiyaviziyanagaram,Tiruvannamalai,TAMIL NADU
632318,Valapandal,Vellore,TAMIL NADU
632319,Kammavanpettai,Vellore,TAMIL NADU
632326,Susainagar,Tiruvannamalai,TAMIL NADU
632401,Ranipet,Vellore,TAMIL NADU
632403,Ranipet Industrial Estate,Vellore,TAMIL NADU
632404,Karai,Vellore,TAMIL NADU
632405,Mukundarayapuram,Vellore,TAMIL NADU
632406,Bhel Ranipet,Vellore,TAMIL NADU
632501,Ammoor,Vellore,TAMIL NADU
632502,Anvardhikhanpet,Vellore,TAMIL NADU
632503,Arcot,Vellore,TAMIL NADU
632504,Damarapakkam,Vellore,TAMIL NADU
632505,Banavaram,Vellore,TAMIL NADU
632506,Kalavai,Vellore,TAMIL NADU
632507,Kavanur,Vellore,TAMIL NADU
632508,Kaveripak,Vellore,TAMIL NADU
632509,Melvisharam,Vellore,TAMIL NADU
632510,Minnal,Vellore,TAMIL NADU
632511,Sakkaramallur,Vellore,TAMIL NADU
632512,Timiri,Vellore,TAMIL NADU
632513,Walajapet,Vellore,TAMIL NADU
632514,Ponnai,Vellore,TAMIL NADU
632515,Tiruvalam,Vellore,TAMIL NADU
632516,Vennampalle,Vellore,TAMIL NADU
632517,Ratnagiri Kilminnal,Vellore,TAMIL NADU
632518,Pennagar,Vellore,TAMIL NADU
632519,Vellore Sugar Mills,Vellore,TAMIL NADU
632520,Melpadi,Vellore,TAMIL NADU
632521,Vilapakkam,Vellore,TAMIL NADU
632531,Ocheri,Vellore,TAMIL NADU
632601,Dharanampet,Vellore,TAMIL NADU
632602,Gudiyattam,Vellore,TAMIL NADU
632603,Paradarami,Vellore,TAMIL NADU
632604,Erthangal,Vellore,TAMIL NADU
635001,Krishnagiri,Krishnagiri,TAMIL NADU
635002,Krishnagiri Indl. Estate,Krishnagiri,TAMIL NADU
635101,Krishnagiri Project,Krishnagiri,TAMIL NADU
635102,Anchetty,Krishnagiri,TAMIL NADU
635103,Bagalur,Krishnagiri,TAMIL NADU
635104,Barugur,Krishnagiri,TAMIL NADU
635105,Berigai,Krishnagiri,TAMIL NADU
635106,Chaparthi,Krishnagiri,TAMIL NADU
635107,Denkanikotta,Krishnagiri,TAMIL NADU
635108,Elathagiri,Krishnagiri,TAMIL NADU
635109,Hosur,Krishnagiri,TAMIL NADU
635110,Hosur Cattle Farm,Krishnagiri,TAMIL NADU
635111,Karimangalam,Krishnagiri,TAMIL NADU
635112,Kaveripattinam,Krishnagiri,TAMIL NADU
635113,Kelamangalam,Krishnagiri,TAMIL NADU
635114,Mathagondapalli,Krishnagiri,TAMIL NADU
635115,Ramapuram,Krishnagiri,TAMIL NADU
635116,Royakottah,Krishnagiri,TAMIL NADU
635117,Shoolagiri,Krishnagiri,TAMIL NADU
635118,Thally,Krishnagiri,TAMIL NADU
635119,Uddanapalli,Krishnagiri,TAMIL NADU
635120,Varattanapalli,Krishnagiri,TAMIL NADU
635121,Veppanapalli,Krishnagiri,TAMIL NADU
635122,Alapatti,Krishnagiri,TAMIL NADU
635123,Pannandur,Krishnagiri,TAMIL NADU
635124,Belathur,Krishnagiri,TAMIL NADU
635126,Hosur Indl. Complex,Krishnagiri,TAMIL NADU
635130,Kumudepalli,Krishnagiri,TAMIL NADU
635201,Barur,Dharmapuri,TAMIL NADU
635202,Kambainallore,Dharmapuri,TAMIL NADU
635203,Mathur,Krishnagiri,TAMIL NADU
635204,Nagarasampatti,Krishnagiri,TAMIL NADU
635205,Periyanahalli,Dharmapuri,TAMIL NADU
635206,Pochampalli,Krishnagiri,TAMIL NADU
635207,Uttangarai,Krishnagiri,TAMIL NADU
635301,Bommidi,Dharmapuri,TAMIL NADU
635302,Buddireddipatti,Dharmapuri,TAMIL NADU
635303,Kadathur,Dharmapuri,TAMIL NADU
635304,Kallavi,Krishnagiri,TAMIL NADU
635305,Morappur,Dharmapuri,TAMIL NADU
635306,Samalpatti R.S,Krishnagiri,TAMIL NADU
635307,Singarapettai,Krishnagiri,TAMIL NADU
635601,Tirupattur,Vellore,TAMIL NADU
635602,Tirupattur Bazaar,Vellore,TAMIL NADU
635651,Pudupettai,Vellore,TAMIL NADU
635652,Vishamangalam,Vellore,TAMIL NADU
635653,Vengalapuram,Vellore,TAMIL NADU
635654,Sundarampalli,Vellore,TAMIL NADU
635655,Matrapalli,Vellore,TAMIL NADU
635701,Alangayam,Vellore,TAMIL NADU
635702,Andiappanur,Vellore,TAMIL NADU
635703,Jamanamarathur,Tiruvannamalai,TAMIL NADU
635710,Mittur,Vellore,TAMIL NADU
635751,Vaniyambadi,Vellore,TAMIL NADU
635752,Newtown Vaniyambadi,Vellore,TAMIL NADU
635754,Jaffarabad,Vellore,TAMIL NADU
635801,Ambalur,Vellore,TAMIL NADU
635802,Ambur,Vellore,TAMIL NADU
635803,Gudiyattam RS,Vellore,TAMIL NADU
635804,Madanur,Vellore,TAMIL NADU
635805,Mailpatti,Vellore,TAMIL NADU
635806,Melalathur,Vellore,TAMIL NADU
635807,Minnur,Vellore,TAMIL NADU
635808,Oomerabad,Vellore,TAMIL NADU
635809,Pallikonda,Vellore,TAMIL NADU
635810,Pernambut,Vellore,TAMIL NADU
635811,Thuthipattu,Vellore,TAMIL NADU
635812,Vadapudupet,Vellore,TAMIL NADU
635813,Valathoor,Vellore,TAMIL NADU
635814,Shanankuppam,Vellore,TAMIL NADU
635815,Kethandapatti Sugar Mills,Vellore,TAMIL NADU
635851,Jolarpettai,Vellore,TAMIL NADU
635852,Natrampalli,Vellore,TAMIL NADU
635853,Pakkirithakka,Vellore,TAMIL NADU
635854,Pachur,Vellore,TAMIL NADU
635901,Kandili,Vellore,TAMIL NADU
636001,Salem,Salem,TAMIL NADU
636002,Shevapet,Salem,TAMIL NADU
636003,Ammapettai Salem,Salem,TAMIL NADU
636004,Alagapuram,Salem,TAMIL NADU
636005,Suramangalam,Salem,TAMIL NADU
636006,Salem South,Salem,TAMIL NADU
636007,Hasthampatti,Salem,TAMIL NADU
636008,Kannankurichi,Salem,TAMIL NADU
636009,Leigh Bazaar,Salem,TAMIL NADU
636010,Kondalampatti,Salem,TAMIL NADU
636011,Govt. College Of Engg,Salem,TAMIL NADU
636012,Karuppur,Salem,TAMIL NADU
636013,Salem Steel Plant,Salem,TAMIL NADU
636014,Kamaraj Nagar Colony,Salem,TAMIL NADU
636015,Kitchipalayam,Salem,TAMIL NADU
636016,Fairlands,Salem,TAMIL NADU
636017,Allikuttai,Salem,TAMIL NADU
636030,Mohan Nagar,Salem,TAMIL NADU
636101,Aragalur,Salem,TAMIL NADU
636102,Atur,Salem,TAMIL NADU
636103,Ayodhiyapattinam,Salem,TAMIL NADU
636104,Belur,Salem,TAMIL NADU
636105,Gangavalli,Salem,TAMIL NADU
636106,Karipatti,Salem,TAMIL NADU
636107,Malliakarai,Salem,TAMIL NADU
636108,Narasingapuram,Salem,TAMIL NADU
636109,Pethanaickenpalayam,Salem,TAMIL NADU
636110,Sendarapatti,Salem,TAMIL NADU
636111,Seshanchavadi,Salem,TAMIL NADU
636112,Talaivasal,Salem,TAMIL NADU
636113,Thammampatti,Salem,TAMIL NADU
636114,Thumbal,Salem,TAMIL NADU
636115,Valapady,Salem,TAMIL NADU
636116,Viraganur,Salem,TAMIL NADU
636117,Yethapur,Salem,TAMIL NADU
636118,Ulipuram,Salem,TAMIL NADU
636119,Puthiragoundampalayam,Salem,TAMIL NADU
636121,Vadachennimalai,Salem,TAMIL NADU
636122,Sukkampatti,Salem,TAMIL NADU
636138,Karumanthurai,Salem,TAMIL NADU
636139,Kootathupatti,Salem,TAMIL NADU
636140,Odayapatti,Salem,TAMIL NADU
636141,Pudupet,Salem,TAMIL NADU
636142,Mullukurichi,Namakkal,TAMIL NADU
636201,Dasanaickenpatti,Salem,TAMIL NADU
636202,Mangalapuram,Namakkal,TAMIL NADU
636203,Mullur,Salem,TAMIL NADU
636204,Panamarathupatti,Salem,TAMIL NADU
636301,Attanur,Namakkal,TAMIL NADU
636302,Jagir Ammapalayam,Salem,TAMIL NADU
636303,Kolathur (Salem)S.O,Salem,TAMIL NADU
636304,Muthunaickenpatti,Salem,TAMIL NADU
636305,Pannapatti,Salem,TAMIL NADU
636306,Sinnappampatti,Salem,TAMIL NADU
636307,Sivadapuram,Salem,TAMIL NADU
636308,Veerapandi Salem,Salem,TAMIL NADU
636309,Kamalapuram,Salem,TAMIL NADU
636351,Kadayampatti,Salem,TAMIL NADU
636352,Thoppur,Dharmapuri,TAMIL NADU
636354,Danishpet,Salem,TAMIL NADU
636401,Metturdam,Salem,TAMIL NADU
636402,Metturdam RS,Salem,TAMIL NADU
636403,Raman Nagar,Salem,TAMIL NADU
636404,Gonur,Salem,TAMIL NADU
636406,Mettur Thermal Project,Salem,TAMIL NADU
636451,Chamrajpet,Salem,TAMIL NADU
636452,Madayankuttai,Salem,TAMIL NADU
636453,Mecheri,Salem,TAMIL NADU
636454,Nangavalli,Salem,TAMIL NADU
636455,Omalur,Salem,TAMIL NADU
636456,Salem Camp,Salem,TAMIL NADU
636457,Vanavasi,Salem,TAMIL NADU
636458,Mallikundam,Salem,TAMIL NADU
636501,Jalakantapuram,Salem,TAMIL NADU
636502,Tharamangalam,Salem,TAMIL NADU
636503,Tholasampatti,Salem,TAMIL NADU
636601,Yercaud,Salem,TAMIL NADU
636602,Ondikadai,Salem,TAMIL NADU
636701,Dharmapuri,Dharmapuri,TAMIL NADU
636704,Annasagaram,Dharmapuri,TAMIL NADU
636705,Dharmapuri Collectorate,Dharmapuri,TAMIL NADU
636803,Indur,Dharmapuri,TAMIL NADU
636804,Laligam,Dharmapuri,TAMIL NADU
636805,Mallupatti,Dharmapuri,TAMIL NADU
636806,Marandahalli,Dharmapuri,TAMIL NADU
636807,Nallampalli,Dharmapuri,TAMIL NADU
636808,Palacode,Dharmapuri,TAMIL NADU
636809,Paupparapatti,Dharmapuri,TAMIL NADU
636810,Pennagaram,Dharmapuri,TAMIL NADU
636811,Perumbalai,Dharmapuri,TAMIL NADU
636812,Panjapalli,Dharmapuri,TAMIL NADU
636813,Biliyanur Agraharam,Dharmapuri,TAMIL NADU
636902,Eachambadi,Krishnagiri,TAMIL NADU
636903,Harur,Dharmapuri,TAMIL NADU
636904,Menisi,Dharmapuri,TAMIL NADU
636905,Pappireddipatti,Dharmapuri,TAMIL NADU
636906,Tirtamalai,Dharmapuri,TAMIL NADU
637001,Namakkal,Namakkal,TAMIL NADU
637002,Ganesapuram,Namakkal,TAMIL NADU
637003,Nallipalayam,Namakkal,TAMIL NADU
637013,Erampatti,Namakkal,TAMIL NADU
637014,Karaikurichi,Namakkal,TAMIL NADU
637015,Mohanur,Namakkal,TAMIL NADU
637017,Palapatti,Namakkal,TAMIL NADU
637018,Puduchatram,Namakkal,TAMIL NADU
637019,Sellappampatti,Namakkal,TAMIL NADU
637020,Valayapatti,Namakkal,TAMIL NADU
637021,Varagur,Namakkal,TAMIL NADU
637101,Idappadi,Salem,TAMIL NADU
637102,Konganapuram,Namakkal,TAMIL NADU
637103,Mac Donalds Choultry,Namakkal,TAMIL NADU
637104,Thevur,Namakkal,TAMIL NADU
637105,Vellandivalasai,Namakkal,TAMIL NADU
637107,Poolampatti,Namakkal,TAMIL NADU
637201,Chittalandur,Namakkal,TAMIL NADU
637202,Elachipalayam,Namakkal,TAMIL NADU
637203,Kandampalayam,Namakkal,TAMIL NADU
637204,Kapilamalai,Namakkal,TAMIL NADU
637205,Kumaramangalam,Namakkal,TAMIL NADU
637206,Nadandai,Namakkal,TAMIL NADU
637207,Paramathi,Namakkal,TAMIL NADU
637208,Paundamangalam,Namakkal,TAMIL NADU
637209,Seetharamapalayam,Namakkal,TAMIL NADU
637210,Solasiramani,Namakkal,TAMIL NADU
637211,Tiruchengodu,Namakkal,TAMIL NADU
637212,Velagoundampatti,Namakkal,TAMIL NADU
637213,Jedarpalayam,Namakkal,TAMIL NADU
637214,Koottapalli,Namakkal,TAMIL NADU
637215,Kuchi Palayam,Namakkal,TAMIL NADU
637301,Sankaridrug,Salem,TAMIL NADU
637302,Sankaridrug RS,Namakkal,TAMIL NADU
637303,Sankari West,Namakkal,TAMIL NADU
637304,Thanneerpandalpalayam,Namakkal,TAMIL NADU
637401,Andagalur,Namakkal,TAMIL NADU
637402,Belukurichi,Namakkal,TAMIL NADU
637403,Gurusamipalayam,Namakkal,TAMIL NADU
637404,Kalappanaickenpatti,Namakkal,TAMIL NADU
637405,Muthugapati,Namakkal,TAMIL NADU
637406,Namagiripettai,Namakkal,TAMIL NADU
637407,Pudupatti,Salem,TAMIL NADU
637408,Rasipuram,Namakkal,TAMIL NADU
637409,Sendamangalam,Namakkal,TAMIL NADU
637410,Vaiappamalai,Namakkal,TAMIL NADU
637411,Semmedu,Namakkal,TAMIL NADU
637412,Singalandapuram,Namakkal,TAMIL NADU
637501,Attayampatti,Salem,TAMIL NADU
637502,Elampillai,Salem,TAMIL NADU
637503,Mallasamudram,Namakkal,TAMIL NADU
637504,Vembadithalam,Salem,TAMIL NADU
637505,Vennandur,Namakkal,TAMIL NADU
638001,Erode,Erode,TAMIL NADU
638002,Erode Railway Colony,Erode,TAMIL NADU
638003,Karungalpalayam,Erode,TAMIL NADU
638004,Veerappanchatram,Erode,TAMIL NADU
638005,Peria Agraharam,Erode,TAMIL NADU
638006,Pallipalayam,Namakkal,TAMIL NADU
638007,Cauvery Railway Station,Erode,TAMIL NADU
638008,Pallipalayamagraharam,Namakkal,TAMIL NADU
638009,Surampatti,Erode,TAMIL NADU
638010,SPB Colony,Erode,TAMIL NADU
638011,Erode Collectorate,Erode,TAMIL NADU
638012,Thindal,Erode,TAMIL NADU
638051,Chennimalai,Erode,TAMIL NADU
638052,Perundurai,Erode,TAMIL NADU
638053,Perundurai Sanitorium,Erode,TAMIL NADU
638054,Siruvalur,Erode,TAMIL NADU
638055,Tingalur,Erode,TAMIL NADU
638056,Vijayamangalam,Erode,TAMIL NADU
638057,Tudupathi,Erode,TAMIL NADU
638060,Thoppupalayam,Erode,TAMIL NADU
638101,Arachalur,Erode,TAMIL NADU
638102,Chittode,Erode,TAMIL NADU
638103,Kunnathur,Erode,TAMIL NADU
638104,Modakurichi,Erode,TAMIL NADU
638105,Muthur,Erode,TAMIL NADU
638106,Mulanur,Erode,TAMIL NADU
638107,Nasiyanur,Erode,TAMIL NADU
638108,Nathakadaiyur,Erode,TAMIL NADU
638109,Sivagiri,Erode,TAMIL NADU
638110,Getticheyur,Erode,TAMIL NADU
638111,Vellakoil,Erode,TAMIL NADU
638112,Vadamugam Vellodu,Erode,TAMIL NADU
638115,Avalpundurai,Erode,TAMIL NADU
638116,Kanjikovil,Erode,TAMIL NADU
638151,Kodumudi,Erode,TAMIL NADU
638152,Unjalur,Erode,TAMIL NADU
638153,Ganapathipalayam,Erode,TAMIL NADU
638154,Pasur,Erode,TAMIL NADU
638181,Pothanur,Namakkal,TAMIL NADU
638182,Velur,Namakkal,TAMIL NADU
638183,Komarapalayam,Namakkal,TAMIL NADU
638301,Bhavani,Erode,TAMIL NADU
638311,Ammapettai,Erode,TAMIL NADU
638312,Jambai,Erode,TAMIL NADU
638313,Kugalur,Erode,TAMIL NADU
638314,Olagadam,Erode,TAMIL NADU
638315,Sakthinagar,Erode,TAMIL NADU
638316,Vasavi College,Erode,TAMIL NADU
638401,Sathyamangalam,Erode,TAMIL NADU
638402,Rangasamudram,Erode,TAMIL NADU
638451,Bhavanisagar,Erode,TAMIL NADU
638452,Gobichettipalayam,Erode,TAMIL NADU
638453,Karattadipalayam,Erode,TAMIL NADU
638454,Kasipalayam,Erode,TAMIL NADU
638455,Kavindapadi,Erode,TAMIL NADU
638456,Kolappalur,Erode,TAMIL NADU
638457,Kurumandur,Erode,TAMIL NADU
638458,Nambiyur,Erode,TAMIL NADU
638459,Punjai Puliampatti,Erode,TAMIL NADU
638460,Savakattupalayam,Erode,TAMIL NADU
638461,Talavadi,Erode,TAMIL NADU
638462,Vemandampalayam,Erode,TAMIL NADU
638476,Gobichettipalayam South,Erode,TAMIL NADU
638501,Anthiyur,Erode,TAMIL NADU
638502,Athani,Erode,TAMIL NADU
638503,Dasappagoundanpudur,Erode,TAMIL NADU
638504,Guruvareddiyur,Erode,TAMIL NADU
638505,Kallipatti,Erode,TAMIL NADU
638506,Thuckanaickenpalayam,Erode,TAMIL NADU
638656,Dharapuram,Erode,TAMIL NADU
638657,Ellisnagar,Erode,TAMIL NADU
638660,Koduvoi,Erode,TAMIL NADU
638661,Kolathupalayam,Erode,TAMIL NADU
638672,Dalavoipattinam,Erode,TAMIL NADU
638673,Kolinjivadi,Erode,TAMIL NADU
638701,Kangayam,Erode,TAMIL NADU
638702,Kundadam,Erode,TAMIL NADU
638703,Udhiyur,Erode,TAMIL NADU
638706,Sankarandampalayam,Erode,TAMIL NADU
638751,Uttukuli,Erode,TAMIL NADU
638752,Uttukuli Rs,Erode,TAMIL NADU
638812,Chengapalli,Erode,TAMIL NADU
639001,Karur,Karur,TAMIL NADU
639002,Sengunthapuram,Karur,TAMIL NADU
639003,Tirumanilaiyur,Karur,TAMIL NADU
639004,Pasupathipalayam,Karur,TAMIL NADU
639005,Thanthonimalai,Karur,TAMIL NADU
639006,Vengamedu,Karur,TAMIL NADU
639007,Karur Collectorate,Karur,TAMIL NADU
639008,Andankoil,Karur,TAMIL NADU
639101,Andanallur,Tiruchirappalli,TAMIL NADU
639102,Krishnarayapuram,Karur,TAMIL NADU
639103,Kulumani,Tiruchirappalli,TAMIL NADU
639104,Kulittalai,Karur,TAMIL NADU
639105,Lalapet,Karur,TAMIL NADU
639107,Marudur,Karur,TAMIL NADU
639108,Mayanur,Karur,TAMIL NADU
639109,Moolapatti,Karur,TAMIL NADU
639110,Nungavaram,Karur,TAMIL NADU
639111,Paramathi,Karur,TAMIL NADU
639112,Pettavaithalai,Tiruchirappalli,TAMIL NADU
639113,Pugalur Sugar Factory,Karur,TAMIL NADU
639114,Puliyur Cement Factory,Karur,TAMIL NADU
639115,Tirupparaithurai,Tiruchirappalli,TAMIL NADU
639116,Vangal,Karur,TAMIL NADU
639117,Velayuthampalayam,Karur,TAMIL NADU
639118,Velliyanai,Karur,TAMIL NADU
639119,Panjapatti,Karur,TAMIL NADU
639120,Vaiganallur,Karur,TAMIL NADU
639136,Kagtithapuram,Karur,TAMIL NADU
639201,Aravakurichi,Karur,TAMIL NADU
639202,Chinnadharapuram,Karur,TAMIL NADU
639203,Isanatham,Karur,TAMIL NADU
639205,Pallapatti,Karur,TAMIL NADU
639206,Tennilai,Karur,TAMIL NADU
639207,Pallapatti Bazaar,Karur,TAMIL NADU
641001,Coimbatore,Coimbatore,TAMIL NADU
641002,Rathinasabapathy Puram,Coimbatore,TAMIL NADU
641003,Lawley Road,Coimbatore,TAMIL NADU
641004,Peelamedu,Coimbatore,TAMIL NADU
641005,Singanallur,Coimbatore,TAMIL NADU
641006,Ganapathy,Coimbatore,TAMIL NADU
641007,S.B.Institute,Coimbatore,TAMIL NADU
641008,Kuniamuthur,Coimbatore,TAMIL NADU
641009,Ramnagar Coimbatore,Coimbatore,TAMIL NADU
641010,Perur,Coimbatore,TAMIL NADU
641011,Saibaba Mission,Coimbatore,TAMIL NADU
641012,Tatabad,Coimbatore,TAMIL NADU
641013,Govt.College Of Technology,Coimbatore,TAMIL NADU
641014,Coimbatore Aerodrome,Coimbatore,TAMIL NADU
641015,Uppilipalayam,Coimbatore,TAMIL NADU
641016,Ondipudur,Coimbatore,TAMIL NADU
641017,Vadamadurai Kurudampalayam,Coimbatore,TAMIL NADU
641018,Coimbatore Central,Coimbatore,TAMIL NADU
641019,Coimbatore Press Colony,Coimbatore,TAMIL NADU
641020,Sri Ramakrishna Vidyalaya,Coimbatore,TAMIL NADU
641021,Coimbatore Industrial Estate,Coimbatore,TAMIL NADU
641022,N.G.G.O Colony,Coimbatore,TAMIL NADU
641023,Podanur,Coimbatore,TAMIL NADU
641024,Sundarapuram,Coimbatore,TAMIL NADU
641025,Velandipalayam,Coimbatore,TAMIL NADU
641026,Komarapalayam Coimbatore,Coimbatore,TAMIL NADU
641027,Rathinapuri,Coimbatore,TAMIL NADU
641028,Sowripalayam,Coimbatore,TAMIL NADU
641029,Gnanambika Mills,Coimbatore,TAMIL NADU
641030,Kavundampalayam Colony,Coimbatore,TAMIL NADU
641031,Narasimhanaickenpalayam,Coimbatore,TAMIL NADU
641032,Othakkalmandapam,Coimbatore,TAMIL NADU
641033,Neelikonampalayam,Coimbatore,TAMIL NADU
641034,Tudiyalur,Coimbatore,TAMIL NADU
641035,Saravanampatti,Coimbatore,TAMIL NADU
641036,Nanjundapuram,Coimbatore,TAMIL NADU
641037,Pappanaickenpalayam,Coimbatore,TAMIL NADU
641038,Kuppakonanpudur,Coimbatore,TAMIL NADU
641039,Telungupalayam,Coimbatore,TAMIL NADU
641040,Subramaniapuram,Coimbatore,TAMIL NADU
641041,Pappanaickenpudur,Coimbatore,TAMIL NADU
641042,Kovaipudur,Coimbatore,TAMIL NADU
641043,Sahs College,Coimbatore,TAMIL NADU
641044,Siddhapudur,Coimbatore,TAMIL NADU
641045,Ramanathapuram Coimbatore,Coimbatore,TAMIL NADU
641046,Bharathiyar University,Coimbatore,TAMIL NADU
641047,Jothipuram,Coimbatore,TAMIL NADU
641048,Kalapatti,Coimbatore,TAMIL NADU
641049,Chinnavedampatti,Coimbatore,TAMIL NADU
641050,Malumichampatti,Coimbatore,TAMIL NADU
641062,Sinniampalayam,Coimbatore,TAMIL NADU
641101,Alandurai,Coimbatore,TAMIL NADU
641103,Irugur,Coimbatore,TAMIL NADU
641104,Karamadai,Coimbatore,TAMIL NADU
641105,Madukkarai,Coimbatore,TAMIL NADU
641107,Sarkarsamakulam,Coimbatore,TAMIL NADU
641108,Tadagam,Coimbatore,TAMIL NADU
641109,Thondamuthur,Coimbatore,TAMIL NADU
641110,Vaiyampalayam,Coimbatore,TAMIL NADU
641111,Vellalore,Coimbatore,TAMIL NADU
641112,Amritanagar,Coimbatore,TAMIL NADU
641113,Seeliyur,Coimbatore,TAMIL NADU
641114,Karunyanagar,Coimbatore,TAMIL NADU
641201,Chettipalayam,Coimbatore,TAMIL NADU
641202,Vadasithur,Coimbatore,TAMIL NADU
641301,Mettupalayam,Coimbatore,TAMIL NADU
641302,Sirumugai,Coimbatore,TAMIL NADU
641305,Mahadevapuram,Coimbatore,TAMIL NADU
641401,Kangayampalayam,Coimbatore,TAMIL NADU
641402,Sulur,Coimbatore,TAMIL NADU
641407,Arasur,Coimbatore,TAMIL NADU
641601,Tirupur,Coimbatore,TAMIL NADU
641602,Tirupur North,Coimbatore,TAMIL NADU
641603,Gandhinagar,Coimbatore,TAMIL NADU
641604,T.C.Market,Coimbatore,TAMIL NADU
641605,Veerapandi,Coimbatore,TAMIL NADU
641606,Vijayapuram,Coimbatore,TAMIL NADU
641607,Tirupur East,Coimbatore,TAMIL NADU
641652,Anuppapalayam,Coimbatore,TAMIL NADU
641653,Annur,Coimbatore,TAMIL NADU
641654,Avanash,Coimbatore,TAMIL NADU
641655,Cheyur,Coimbatore,TAMIL NADU
641658,Karadibavi,Coimbatore,TAMIL NADU
641659,Karumathampatti,Coimbatore,TAMIL NADU
641662,Ksn Puram,Coimbatore,TAMIL NADU
641663,Mangalam,Coimbatore,TAMIL NADU
641664,Palladam,Coimbatore,TAMIL NADU
641665,Pallikalipalayam,Coimbatore,TAMIL NADU
641666,Perumanallur,Coimbatore,TAMIL NADU
641667,Pongalur,Coimbatore,TAMIL NADU
641668,Somanur,Coimbatore,TAMIL NADU
641669,Sultanpet,Coimbatore,TAMIL NADU
641670,Karavalur,Coimbatore,TAMIL NADU
641671,Kettanur,Coimbatore,TAMIL NADU
641687,Iduvampalayam,Coimbatore,TAMIL NADU
641697,Pogalur,Coimbatore,TAMIL NADU
642001,Pollachi,Coimbatore,TAMIL NADU
642002,Mahalinga Puram,Coimbatore,TAMIL NADU
642003,Makkinaicken Patti,Coimbatore,TAMIL NADU
642004,Uthukuli Zamin,Coimbatore,TAMIL NADU
642005,Zamin Muthur,Coimbatore,TAMIL NADU
642006,Suleeswaran Patti,Coimbatore,TAMIL NADU
642007,Angalakurichi,Coimbatore,TAMIL NADU
642101,Aliyar Nagar,Coimbatore,TAMIL NADU
642102,Amaravathi Nagar,Coimbatore,TAMIL NADU
642103,Ambarampalayam,Coimbatore,TAMIL NADU
642104,Anaimalai,Coimbatore,TAMIL NADU
642105,Water Falls Estate,Coimbatore,TAMIL NADU
642106,Cinchona,Coimbatore,TAMIL NADU
642107,Gomangalam,Coimbatore,TAMIL NADU
642108,Iyerpadi,Coimbatore,TAMIL NADU
642109,Kinathukadavoo,Coimbatore,TAMIL NADU
642110,Kovilpalayam,Coimbatore,TAMIL NADU
642111,Krishnapuram,Coimbatore,TAMIL NADU
642112,Kurichikottai,Coimbatore,TAMIL NADU
642113,Madathukulam,Coimbatore,TAMIL NADU
642114,Malayandipattinam,Coimbatore,TAMIL NADU
642117,Mudis,Coimbatore,TAMIL NADU
642120,Negamam,Coimbatore,TAMIL NADU
642122,Pulankinar,Coimbatore,TAMIL NADU
642123,Samathur,Coimbatore,TAMIL NADU
642125,Sholayar Nagar,Coimbatore,TAMIL NADU
642126,Udamalpet,Coimbatore,TAMIL NADU
642127,Valparai,Coimbatore,TAMIL NADU
642128,Venkatesa Mills,Coimbatore,TAMIL NADU
642129,Vettaikaran Pudur,Coimbatore,TAMIL NADU
642130,Karamalai Bazaar,Coimbatore,TAMIL NADU
642132,Valavadi,Coimbatore,TAMIL NADU
642133,Sethumadai,Coimbatore,TAMIL NADU
642134,Somandurai,Coimbatore,TAMIL NADU
642154,Gandhinagar,Coimbatore,TAMIL NADU
642201,Gudimangalam,Coimbatore,TAMIL NADU
642202,Jakkarpalayam,Coimbatore,TAMIL NADU
642203,Kaniyur,Coimbatore,TAMIL NADU
642204,Komaralingam,Coimbatore,TAMIL NADU
642205,Pedappampatti,Coimbatore,TAMIL NADU
642206,Pulavadi,Coimbatore,TAMIL NADU
642207,Pungamuthur,Coimbatore,TAMIL NADU
643001,Udagamandalam,Nilgiris,TAMIL NADU
643002,Stone House Hill,Nilgiris,TAMIL NADU
643003,Lovedale,Nilgiris,TAMIL NADU
643004,Fernhill,Nilgiris,TAMIL NADU
643005,Indunagar,Nilgiris,TAMIL NADU
643006,Finger Post,Nilgiris,TAMIL NADU
643007,Dr. Basuviah Nagar,Nilgiris,TAMIL NADU
643101,Coonoor,Nilgiris,TAMIL NADU
643102,Coonoor RS,Nilgiris,TAMIL NADU
643103,Pasteur Institute,Nilgiris,TAMIL NADU
643105,Ottupattarai,Nilgiris,TAMIL NADU
643201,Aravenu,Nilgiris,TAMIL NADU
643202,Aruvankadu,Nilgiris,TAMIL NADU
643203,Balacola,Nilgiris,TAMIL NADU
643204,Chamraj Estate,Nilgiris,TAMIL NADU
643205,Cherambadi,Nilgiris,TAMIL NADU
643206,Denaducombai,Nilgiris,TAMIL NADU
643207,Devarshola,Nilgiris,TAMIL NADU
643209,Emerald,Nilgiris,TAMIL NADU
643211,Gudalur Nilgiris,Nilgiris,TAMIL NADU
643212,Gudalur Bazaar,Nilgiris,TAMIL NADU
643213,Katary,Nilgiris,TAMIL NADU
643214,Kattabettu,Nilgiris,TAMIL NADU
643215,Ketti,Nilgiris,TAMIL NADU
643216,Kil Kotagiri,Nilgiris,TAMIL NADU
643217,Kotagiri,Nilgiris,TAMIL NADU
643218,Kullakamby,Nilgiris,TAMIL NADU
643219,Kundah Bridge,Nilgiris,TAMIL NADU
643220,Mangorange,Nilgiris,TAMIL NADU
643221,Melur Nilgiris,Nilgiris,TAMIL NADU
643223,Masinagudi,Nilgiris,TAMIL NADU
643224,Naduvattam,Nilgiris,TAMIL NADU
643225,Nellakotta,Nilgiris,TAMIL NADU
643226,Newhope,Nilgiris,TAMIL NADU
643228,Seaforth,Nilgiris,TAMIL NADU
643231,Wellington,Nilgiris,TAMIL NADU
643233,Pandalur,Nilgiris,TAMIL NADU
643236,Kotada Estate,Nilgiris,TAMIL NADU
643237,Sandynallah,Nilgiris,TAMIL NADU
643238,Nonsuch,Nilgiris,TAMIL NADU
643239,Konnachal,Nilgiris,TAMIL NADU
643240,Bitherkad,Nilgiris,TAMIL NADU
643241,Uppatti,Nilgiris,TAMIL NADU
643242,Tuttapallam,Nilgiris,TAMIL NADU
643243,Yellanhalli,Nilgiris,TAMIL NADU
643253,Kolapalli,Nilgiris,TAMIL NADU
670001,Kannur,Kannur,KERALA
670002,Civil Station Kannur,Kannur,KERALA
670003,Kannur City,Kannur,KERALA
670004,Pallikunnu,Kannur,KERALA
670005,Kakkat,Kannur,KERALA
670006,Chovva,Kannur,KERALA
670007,Thottada,Kannur,KERALA
670008,Alavil,Kannur,KERALA
670009,Azhikode,Kannur,KERALA
670010,Valapattanam,Kannur,KERALA
670011,Chirakkal,Kannur,KERALA
670012,Kannur Thana,Kannur,KERALA
670013,Burnacherry,Kannur,KERALA
670014,Chalad,Kannur,KERALA
670017,Kannur District Hospital,Kannur,KERALA
670018,Thazhe Chovva,Kannur,KERALA
670101,Thalassery,Kannur,KERALA
670102,Temple Gate,Kannur,KERALA
670103,Tiruvangad,Kannur,KERALA
670104,Cherakkara,Kannur,KERALA
670105,Nettur,Kannur,KERALA
670106,Dharmadam,Kannur,KERALA
670107,Eranholi,Kannur,KERALA
670141,Taliparamba,Kannur,KERALA
670142,Karimbam,Kannur,KERALA
670143,Pattuvam,Kannur,KERALA
670301,Cherukunnu,Kannur,KERALA
670302,Mattul,Kannur,KERALA
670303,Payangadi,Kannur,KERALA
670304,Madayi,Kannur,KERALA
670305,Vengara-kannur,Kannur,KERALA
670306,Mathamangalam Bazar,Kannur,KERALA
670307,Payyanur,Kannur,KERALA
670308,Ramanthali,Kannur,KERALA
670309,Kunhimangalam,Kannur,KERALA
670310,Ezhimala Naval Academy,Kannur,KERALA
670325,Mattul North,Kannur,KERALA
670327,Edat,Kannur,KERALA
670331,Mottammal,Kannur,KERALA
670334,Ezhome,Kannur,KERALA
670353,CRPF Camp Aravanchal,Kannur,KERALA
670358,Payangadi R S,Kannur,KERALA
670501,Mandur-kannur,Kannur,KERALA
670502,Pariyaram-kannur,Kannur,KERALA
670503,Pariyaram Medical College,Kannur,KERALA
670504,Pilathara,Kannur,KERALA
670511,Cherupuzha,Kannur,KERALA
670521,Karivellur,Kannur,KERALA
670561,Pappinisseri,Kannur,KERALA
670562,Kalliasseri,Kannur,KERALA
670563,Parassinikadavu,Kannur,KERALA
670567,Kannur University Campus,Kannur,KERALA
670571,Alakode,Kannur,KERALA
670581,Chepparapadava,Kannur,KERALA
670582,Naduvil,Kannur,KERALA
670591,Eachur,Kannur,KERALA
670592,Koodali,Kannur,KERALA
670593,Irukkur,Kannur,KERALA
670594,Varam,Kannur,KERALA
670595,Edayannur,Kannur,KERALA
670601,Kolacherry,Kannur,KERALA
670602,Mayyil,Kannur,KERALA
670604,Kannadiparamba,Kannur,KERALA
670611,Mamba,Kannur,KERALA
670612,Anjarakandy,Kannur,KERALA
670613,Mowancheri,Kannur,KERALA
670621,Kadachira,Kannur,KERALA
670622,Mundalur,Kannur,KERALA
670631,Sreekandapuram,Kannur,KERALA
670632,Chemperi,Kannur,KERALA
670633,Payyavur,Kannur,KERALA
670641,Ponniam West,Kannur,KERALA
670642,Kadirur-tly,Kannur,KERALA
670643,Kuthuparamba,Kannur,KERALA
670644,Thalappuzha,Wayanad,KERALA
670645,Mananthavady,Wayanad,KERALA
670646,Kartikulam,Wayanad,KERALA
670649,Ummenchira,Kannur,KERALA
670650,Chittariparamba,Kannur,KERALA
670651,Kottiyur,Kannur,KERALA
670661,Palayad,Kannur,KERALA
670662,Muzhappilangad,Kannur,KERALA
670663,Etakkad,Kannur,KERALA
670671,Paral,Kannur,KERALA
670672,Chokli,Kannur,KERALA
670673,Peravoor,Kannur,KERALA
670674,Kelakam,Kannur,KERALA
670675,Peringathur,Kannur,KERALA
670676,Kadavathur,Kannur,KERALA
670691,Pathayakunnu,Kannur,KERALA
670692,Panoor,Kannur,KERALA
670693,Thuvakunnu,Kannur,KERALA
670694,Champad,Kannur,KERALA
670701,Nirmalagiri,Kannur,KERALA
670702,Mattanur,Kannur,KERALA
670703,Iritty,Kannur,KERALA
670704,Payam,Kannur,KERALA
670705,Ulikkal,Kannur,KERALA
670706,Kiliyanthara,Kannur,KERALA
670721,Panamaram,Wayanad,KERALA
670731,Vellamunda,Wayanad,KERALA
670741,Pinarayi,Kannur,KERALA
671121,Kasaragod,Kasargod,KERALA
671122,Talangara,Kasargod,KERALA
671123,Vidyanagar,Kasargod,KERALA
671124,Kudlu,Kasargod,KERALA
671310,Trikarpur,Kasargod,KERALA
671311,Elambachi,Kasargod,KERALA
671312,Padne,Kasargod,KERALA
671313,Chervathur,Kasargod,KERALA
671314,Nileshwar,Kasargod,KERALA
671315,Kanhangad,Kasargod,KERALA
671316,Bekal Fort,Kasargod,KERALA
671317,Kalnad,Kasargod,KERALA
671318,Bekal,Kasargod,KERALA
671319,Udma,Kasargod,KERALA
671321,Kumbla,Kasargod,KERALA
671322,Uppala,Kasargod,KERALA
671323,Manjeshwar,Kasargod,KERALA
671324,Mangalpady,Kasargod,KERALA
671326,Chittarikkal,Kasargod,KERALA
671348,Paivalike,Kasargod,KERALA
671351,Thuruthi,Kasargod,KERALA
671531,Anandashrama,Kasargod,KERALA
671532,Rajapuram,Kasargod,KERALA
671533,Parappa,Kasargod,KERALA
671534,Vellarikundu,Kasargod,KERALA
671541,Chengala,Kasargod,KERALA
671542,Muliyar,Kasargod,KERALA
671543,Mulleria,Kasargod,KERALA
671551,Perdala,Kasargod,KERALA
671552,Perla,Kasargod,KERALA
673001,Calicut,Kozhikode,KERALA
673002,Chalapuram,Kozhikode,KERALA
673003,Kallai-kozhikode,Kozhikode,KERALA
673004,Puthiyara,Kozhikode,KERALA
673005,West Hill,Kozhikode,KERALA
673006,Eranhipalam,Kozhikode,KERALA
673007,Mankavu,Kozhikode,KERALA
673008,Calicut Medical College,Kozhikode,KERALA
673009,Malaparamba,Kozhikode,KERALA
673010,Karaparamba,Kozhikode,KERALA
673011,Nadakavu,Kozhikode,KERALA
673012,Marikunnu,Kozhikode,KERALA
673014,Guruvayurappan College,Kozhikode,KERALA
673015,Beypore,Kozhikode,KERALA
673016,Kuthiravattom,Kozhikode,KERALA
673017,Chevayur,Kozhikode,KERALA
673018,Calicut Arts & Science College,Kozhikode,KERALA
673019,Pantheerankavu,Kozhikode,KERALA
673020,Calicut Civil Station,Kozhikode,KERALA
673021,Puthiyangadi,Kozhikode,KERALA
673027,Nallalam,Kozhikode,KERALA
673028,Arakinar,Kozhikode,KERALA
673029,Tiruvannur Nada,Kozhikode,KERALA
673032,Calicut Beach,Kozhikode,KERALA
673051,Kozhikode Parcel Centre,Kozhikode,KERALA
673101,Vadakara,Kozhikode,KERALA
673102,Madappalli College,Kozhikode,KERALA
673103,Vadakara Beach,Kozhikode,KERALA
673104,Nut Street,Kozhikode,KERALA
673105,Puduppanam,Kozhikode,KERALA
673106,Chorode,Kozhikode,KERALA
673121,Kalpetta,Wayanad,KERALA
673122,Kalpetta North,Wayanad,KERALA
673123,Chundale,Wayanad,KERALA
673124,Kambalakkad,Wayanad,KERALA
673301,Chaliyam,Kozhikode,KERALA
673302,Kadalundi,Kozhikode,KERALA
673303,Elathur,Kozhikode,KERALA
673304,Chemancheri,Kozhikode,KERALA
673305,Koyilandi,Kozhikode,KERALA
673306,Edakulam  Koyilandi,Kozhikode,KERALA
673307,Kollam,Kozhikode,KERALA
673308,Chombala,Kozhikode,KERALA
673309,Azhiyur,Kozhikode,KERALA
673310,Mahe,Kozhikode,KERALA
673311,New Mahe,Kannur,KERALA
673312,Peringadi,Kannur,KERALA
673313,Olavilam,Kannur,KERALA
673314,Kadalundinagaram,Malappuram,KERALA
673315,Atholi,Kozhikode,KERALA
673316,Kariyad South,Kannur,KERALA
673317,Thalakolathur,Kozhikode,KERALA
673323,Ulliyeri,Kozhikode,KERALA
673328,Mannur,Kozhikode,KERALA
673501,Orkatteri,Kozhikode,KERALA
673502,Edacheri,Kozhikode,KERALA
673503,Purameri,Kozhikode,KERALA
673504,Nadapuram,Kozhikode,KERALA
673505,Tuneri,Kozhikode,KERALA
673506,Kallachi,Kozhikode,KERALA
673507,Kakkattil,Kozhikode,KERALA
673508,Kuttiadi,Kozhikode,KERALA
673509,Parakkadavu,Kozhikode,KERALA
673513,Kavilampara,Kozhikode,KERALA
673517,Valayam,Kozhikode,KERALA
673521,Iringal,Kozhikode,KERALA
673522,Payyoli,Kozhikode,KERALA
673523,Payyoli Angadi,Kozhikode,KERALA
673524,Meppayur,Kozhikode,KERALA
673525,Perampra,Kozhikode,KERALA
673526,Kayanna,Kozhikode,KERALA
673527,Koorachundu,Kozhikode,KERALA
673528,Peruvannamuzhi,Kozhikode,KERALA
673529,Tikkoti,Kozhikode,KERALA
673541,Thiruvallur,Kozhikode,KERALA
673542,Villyappalli,Kozhikode,KERALA
673570,Iim Kozhikode Campus,Kozhikode,KERALA
673571,Kunnamangalam,Kozhikode,KERALA
673572,Kotuvalli,Kozhikode,KERALA
673573,Tamaracheri,Kozhikode,KERALA
673574,Unnikulam,Kozhikode,KERALA
673575,Pozhuthana,Wayanad,KERALA
673576,Vythiri,Wayanad,KERALA
673577,Meppadi,Wayanad,KERALA
673579,Pulpalli,Wayanad,KERALA
673580,Kotancheri-tamaracheri,Kozhikode,KERALA
673581,Vatuvanchal,Wayanad,KERALA
673582,Omasseri,Kozhikode,KERALA
673585,Narikkuni,Kozhikode,KERALA
673586,Puduppadi,Kozhikode,KERALA
673591,Meenangadi,Wayanad,KERALA
673592,Sulthan Bathery,Wayanad,KERALA
673593,Ambalavayal,Wayanad,KERALA
673595,Cheeral,Wayanad,KERALA
673596,Kenichira,Wayanad,KERALA
673601,Nit  Campus Po.Kozhikode,Kozhikode,KERALA
673602,Mokkam,Kozhikode,KERALA
673603,Tiruvambadi,Kozhikode,KERALA
673604,Kutaranni,Kozhikode,KERALA
673611,Kakkoti,Kozhikode,KERALA
673612,Balusseri,Kozhikode,KERALA
673613,Nanminda,Kozhikode,KERALA
673614,Naduvannur,Kozhikode,KERALA
673616,Chelannur,Kozhikode,KERALA
673620,Quilandibazar,Kozhikode,KERALA
673631,Feroke,Kozhikode,KERALA
673632,Farook College,Kozhikode,KERALA
673633,Ramanattukara,Kozhikode,KERALA
673634,Chelembra,Malappuram,KERALA
673635,Calicut University,Malappuram,KERALA
673636,Tenhipalam,Malappuram,KERALA
673637,Pulikkal,Malappuram,KERALA
673638,Kondotti,Malappuram,KERALA
673639,Areacode,Malappuram,KERALA
673640,Vazhakkad,Malappuram,KERALA
673641,Kuzhimanna,Malappuram,KERALA
673642,Mongam,Malappuram,KERALA
673645,Cheruvayur,Malappuram,KERALA
673647,Calicut Airport,Malappuram,KERALA
673655,Kolathara,Kozhikode,KERALA
673661,Mavoor,Kozhikode,KERALA
676101,Tirur,Malappuram,KERALA
676102,Bettath Pudiangadi,Malappuram,KERALA
676103,Thalakkadathur,Malappuram,KERALA
676104,Trikkandiyur,Malappuram,KERALA
676105,Thekkummuri,Malappuram,KERALA
676106,Ponmundam,Malappuram,KERALA
676107,Pookayil Bazar,Malappuram,KERALA
676108,Triprangode,Malappuram,KERALA
676109,Niramaruthur,Malappuram,KERALA
676121,Manjeri-kla,Malappuram,KERALA
676122,Manjeri College,Malappuram,KERALA
676123,Karuvambram,Malappuram,KERALA
676301,Tirunavaya,Malappuram,KERALA
676302,Tanur-MBR,Malappuram,KERALA
676303,Parpanangadi,Malappuram,KERALA
676304,Vengara MLP,Malappuram,KERALA
676305,Abdurahiman Nagar,Malappuram,KERALA
676306,Tirurangadi,Malappuram,KERALA
676307,Tanalur,Malappuram,KERALA
676309,Kodinhi,Malappuram,KERALA
676311,Mooniyur,Malappuram,KERALA
676312,Ariyallur,Malappuram,KERALA
676317,Velimukku,Malappuram,KERALA
676319,Chettipadi,Malappuram,KERALA
676320,Tayyalingal,Malappuram,KERALA
676501,Edarikode,Malappuram,KERALA
676502,Paravanna,Malappuram,KERALA
676503,Kottakkal,Malappuram,KERALA
676504,Kodur-malabar,Malappuram,KERALA
676505,Malappuram,Malappuram,KERALA
676506,Kottilangadi,Malappuram,KERALA
676507,Makkaraparamba,Malappuram,KERALA
676508,Valakolam,Malappuram,KERALA
676509,Munduparmba,Malappuram,KERALA
676510,Randathani,Malappuram,KERALA
676517,Pookkottur,Malappuram,KERALA
676519,Downhill,Malappuram,KERALA
676521,Pandikkad,Malappuram,KERALA
676522,Kolaparamba,Malappuram,KERALA
676523,Karuvarakundu,Malappuram,KERALA
676525,Kalikavu,Malappuram,KERALA
676528,Othukkungal,Malappuram,KERALA
676541,Edavanna,Malappuram,KERALA
676542,Mampad,Malappuram,KERALA
676551,Kalpakancheri,Malappuram,KERALA
676552,Valancheri,Malappuram,KERALA
676553,Kadampuzha,Malappuram,KERALA
676561,Mangalam-MLP,Malappuram,KERALA
676562,Kuttayi,Malappuram,KERALA
678001,Palakkad,Palakkad,KERALA
678002,Olavakkot,Palakkad,KERALA
678003,Kalpathi,Palakkad,KERALA
678004,Nurani,Palakkad,KERALA
678005,Chokkanathapuram,Palakkad,KERALA
678006,Pallipuram PG,Palakkad,KERALA
678007,Chandranagar,Palakkad,KERALA
678008,Palakkad Engineering College,Palakkad,KERALA
678009,Kallekulangara,Palakkad,KERALA
678010,Sekharipuram,Palakkad,KERALA
678011,Ambikapuram,Palakkad,KERALA
678012,Vadakanthara,Palakkad,KERALA
678013,Kunnathurmedu,Palakkad,KERALA
678014,Palakkad City,Palakkad,KERALA
678101,Chittur PG,Palakkad,KERALA
678102,Tattamangalam,Palakkad,KERALA
678103,Thekkegramam,Palakkad,KERALA
678104,Chittur College,Palakkad,KERALA
678501,Koduvayur,Palakkad,KERALA
678502,Ettanur,Palakkad,KERALA
678503,Pudunagaram,Palakkad,KERALA
678504,Vadavannur,Palakkad,KERALA
678505,Pallassana,Palakkad,KERALA
678506,Kollengode,Palakkad,KERALA
678507,Muthalamada,Palakkad,KERALA
678508,Nemmara,Palakkad,KERALA
678510,Ayalur,Palakkad,KERALA
678512,Kakkayur,Palakkad,KERALA
678531,Peruvemba,Palakkad,KERALA
678532,Pattancheri,Palakkad,KERALA
678533,Meenakshipuram,Palakkad,KERALA
678534,Vandithavalam,Palakkad,KERALA
678541,Alathur Mbr,Palakkad,KERALA
678542,Perinkulam,Palakkad,KERALA
678543,Kavasseri,Palakkad,KERALA
678544,Palampalakode,Palakkad,KERALA
678545,Pudiyankam,Palakkad,KERALA
678546,Erimayur,Palakkad,KERALA
678551,Kotambu,Palakkad,KERALA
678552,Polpulli,Palakkad,KERALA
678553,Nallepilly,Palakkad,KERALA
678554,Nattukal,Palakkad,KERALA
678555,Kozhinjampara,Palakkad,KERALA
678556,Menonpara,Palakkad,KERALA
678557,Kozhipara,Palakkad,KERALA
678571,Mathur PG,Palakkad,KERALA
678572,Kottayi,Palakkad,KERALA
678573,Paruthipulli,Palakkad,KERALA
678574,Peringottukurussi,Palakkad,KERALA
678581,Agali,Palakkad,KERALA
678582,Mannarkkad,Palakkad,KERALA
678583,Mannarkad College,Palakkad,KERALA
678591,Kanhirapuzha,Palakkad,KERALA
678592,Mundur Palakkad,Palakkad,KERALA
678593,Tachampara,Palakkad,KERALA
678594,Muttikulangara,Palakkad,KERALA
678595,Karakurissi,Palakkad,KERALA
678596,Kalladikode,Palakkad,KERALA
678597,Karimba,Palakkad,KERALA
678598,Pottasseri,Palakkad,KERALA
678601,Alanallur,Palakkad,KERALA
678611,Edathara,Palakkad,KERALA
678612,Parli PG,Palakkad,KERALA
678613,Mankarai,Palakkad,KERALA
678621,Kanjikode,Palakkad,KERALA
678622,Elapulli,Palakkad,KERALA
678623,Kanjikode West,Palakkad,KERALA
678624,Walayar Dam,Palakkad,KERALA
678631,Kongad,Palakkad,KERALA
678632,Pulappatta,Palakkad,KERALA
678633,Katambazhipuram,Palakkad,KERALA
678641,Keralasseri,Palakkad,KERALA
678642,Mannur,Palakkad,KERALA
678651,Malampuzha Dam,Palakkad,KERALA
678661,Parambikulam,Palakkad,KERALA
678671,Thenkurussi,Palakkad,KERALA
678681,Kunisseri,Palakkad,KERALA
678682,Anjumoorthy,Palakkad,KERALA
678683,Vadakkancherry MBR,Palakkad,KERALA
678684,Kilakkancheri,Palakkad,KERALA
678685,Mannapra,Palakkad,KERALA
678686,Kannambra,Palakkad,KERALA
678687,Puthucode,Palakkad,KERALA
678688,Pallavur,Palakkad,KERALA
678701,Kannadi,Palakkad,KERALA
678702,Coyalmanna,Palakkad,KERALA
678703,Melarcode,Palakkad,KERALA
678704,Chittilancheri,Palakkad,KERALA
678705,Mudappallur,Palakkad,KERALA
678706,Vandali,Palakkad,KERALA
678721,Kuttanur,Palakkad,KERALA
678722,Tolanur,Palakkad,KERALA
678731,Puduppariyaram,Palakkad,KERALA
678732,Kottekkad,Palakkad,KERALA
678762,Perimbadari,Palakkad,KERALA
679101,Ottapalam,Palakkad,KERALA
679102,Thottakkara,Palakkad,KERALA
679103,Palappuram,Palakkad,KERALA
679104,Kanniampuram,Palakkad,KERALA
679105,Mayannur,Thrissur,KERALA
679106,Kondazhi,Thrissur,KERALA
679121,Shornur,Palakkad,KERALA
679122,S G Press,Palakkad,KERALA
679123,Ganeshgiri,Palakkad,KERALA
679301,Lakkidi,Palakkad,KERALA
679302,Perur-OPM,Palakkad,KERALA
679303,Pattambi,Palakkad,KERALA
679304,Thiruvegapura,Palakkad,KERALA
679305,Pallipuram,Palakkad,KERALA
679306,Melepattambi,Palakkad,KERALA
679307,Pulasseri,Palakkad,KERALA
679308,Naduvattom,Palakkad,KERALA
679309,Vilayur,Palakkad,KERALA
679313,Kalladipatta,Palakkad,KERALA
679321,Angadipuram,Malappuram,KERALA
679322,Perintalmanna,Malappuram,KERALA
679323,Pulamanthole,Malappuram,KERALA
679324,Mankada,Malappuram,KERALA
679325,Pattikkad,Malappuram,KERALA
679326,Melattur,Malappuram,KERALA
679327,Tuvvur,Malappuram,KERALA
679328,Wandoor,Malappuram,KERALA
679329,Nilambur,Malappuram,KERALA
679330,Nilambur RS,Malappuram,KERALA
679331,Edakkara-nilambur,Malappuram,KERALA
679332,Pookkottumpadam,Malappuram,KERALA
679333,Manimooly,Malappuram,KERALA
679334,Chungathara,Malappuram,KERALA
679335,Nellaya,Palakkad,KERALA
679336,Vallapuzha,Palakkad,KERALA
679337,Kulukkallur,Palakkad,KERALA
679338,Kolathur-MLP,Malappuram,KERALA
679339,Vaniyambalam,Malappuram,KERALA
679340,Cherukara,Malappuram,KERALA
679341,Talekode,Malappuram,KERALA
679357,Anamangad,Malappuram,KERALA
679501,Panamanna,Palakkad,KERALA
679502,Trikkatiri,Palakkad,KERALA
679503,Cherpalcheri,Palakkad,KERALA
679504,Vellinezhi,Palakkad,KERALA
679505,Chalavara,Palakkad,KERALA
679506,Karalmanna,Palakkad,KERALA
679511,Chunangad,Palakkad,KERALA
679512,Ambalapara,Palakkad,KERALA
679513,Srikrishnapuram,Palakkad,KERALA
679514,Thiruvazhiyode,Palakkad,KERALA
679515,Kadambur,Palakkad,KERALA
679516,Vengasseri,Palakkad,KERALA
679521,Manisseri,Palakkad,KERALA
679522,Vaniamkulam,Palakkad,KERALA
679523,Kavalappara,Palakkad,KERALA
679531,Cheruthuruthy,Thrissur,KERALA
679532,Desamangalam,Thrissur,KERALA
679533,Koottanad,Palakkad,KERALA
679534,Trithala,Palakkad,KERALA
679535,Peringode,Palakkad,KERALA
679536,Chalisseri,Palakkad,KERALA
679551,Anakkara,Palakkad,KERALA
679552,Kumaranellur,Palakkad,KERALA
679553,Kumbidi,Palakkad,KERALA
679554,Kudallur,Palakkad,KERALA
679561,Punnayurkulam,Thrissur,KERALA
679562,Vadakkekad,Thrissur,KERALA
679563,Nhamanghat,Thrissur,KERALA
679564,Andathode,Thrissur,KERALA
679571,Kuttippuram,Malappuram,KERALA
679572,Irimbiliyam,Malappuram,KERALA
679573,Tavanur,Malappuram,KERALA
679574,Mookkuthala,Malappuram,KERALA
679575,Nannamukku,Malappuram,KERALA
679576,Edapal,Malappuram,KERALA
679577,Ponani,Malappuram,KERALA
679578,Vattamkulam,Malappuram,KERALA
679579,Veliankode,Malappuram,KERALA
679580,Perumbadappu,Malappuram,KERALA
679581,Marancheri,Malappuram,KERALA
679582,Kaladi-MLP,Malappuram,KERALA
679583,Ponani Nagaram,Malappuram,KERALA
679584,Kanhiramukku,Malappuram,KERALA
679585,Alankode,Malappuram,KERALA
679586,Ponani South,Malappuram,KERALA
679587,Eramangalam,Malappuram,KERALA
679591,Kokkur,Malappuram,KERALA
680001,Thrissur,Thrissur,KERALA
680002,Punkunnu,Thrissur,KERALA
680003,Ayyanthole,Thrissur,KERALA
680004,Poothole,Thrissur,KERALA
680005,Thrissur East,Thrissur,KERALA
680006,Kuriachira,Thrissur,KERALA
680007,Kurkancheri,Thrissur,KERALA
680008,Cherur,Thrissur,KERALA
680009,Thrissur Engg College,Thrissur,KERALA
680010,Viyyur,Thrissur,KERALA
680011,Kanattukara,Thrissur,KERALA
680012,Pullazhi,Thrissur,KERALA
680013,Kuttur,Thrissur,KERALA
680014,Puthur-Thrissur,Thrissur,KERALA
680020,Thrissur City,Thrissur,KERALA
680021,Thrissur R S,Thrissur,KERALA
680022,Thiruvambady TSR,Thrissur,KERALA
680026,Chiyyaram,Thrissur,KERALA
680027,Kanimangalam,Thrissur,KERALA
680028,Kuruchikkara,Thrissur,KERALA
680101,Guruvayur,Thrissur,KERALA
680102,Ariyannur,Thrissur,KERALA
680103,Puthanpalli,Thrissur,KERALA
680104,Thaikkad,Thrissur,KERALA
680121,Irinjalakuda,Thrissur,KERALA
680122,Edathirinji,Thrissur,KERALA
680123,Konathukunnu,Thrissur,KERALA
680125,Irinjalakuda North,Thrissur,KERALA
680301,Pudukad,Thrissur,KERALA
680302,Alagappanagar,Thrissur,KERALA
680303,Varandarappilly,Thrissur,KERALA
680304,Palappilly,Thrissur,KERALA
680305,Nellayi-thrissur,Thrissur,KERALA
680306,Ollur,Thrissur,KERALA
680307,Chalakudi,Thrissur,KERALA
680308,Koratti,Thrissur,KERALA
680309,Kinfra Park Koratti,Thrissur,KERALA
680310,Parappukkara,Thrissur,KERALA
680311,Melur,Thrissur,KERALA
680312,Chengallur,Thrissur,KERALA
680317,Kallur,Thrissur,KERALA
680501,Kecheri,Thrissur,KERALA
680502,Choondal,Thrissur,KERALA
680503,Kunnamkulam,Thrissur,KERALA
680504,Koonamoochi,Thrissur,KERALA
680505,Kottappadi,Thrissur,KERALA
680506,Chavakkad,Thrissur,KERALA
680507,Pavaratty,Thrissur,KERALA
680508,Puvathur,Thrissur,KERALA
680509,Mullassery,Thrissur,KERALA
680510,Venkitangu,Thrissur,KERALA
680511,Chittattukara,Thrissur,KERALA
680512,Orumanayur,Thrissur,KERALA
680513,Toyakkavu,Thrissur,KERALA
680514,Kadappuram,Thrissur,KERALA
680515,Edakkaliyur,Thrissur,KERALA
680516,Tiruvatra,Thrissur,KERALA
680517,Kanippayur,Thrissur,KERALA
680518,Agalad,Thrissur,KERALA
680519,Karikkad,Thrissur,KERALA
680520,Thozhiyur,Thrissur,KERALA
680521,Arthat,Thrissur,KERALA
680522,Paluvai,Thrissur,KERALA
680523,Kizhur,Thrissur,KERALA
680524,Padoor,Thrissur,KERALA
680541,Mundur-TC,Thrissur,KERALA
680542,Pazhanji,Thrissur,KERALA
680543,Kadavallur,Thrissur,KERALA
680544,Kattakampal,Thrissur,KERALA
680545,Peramangalam,Thrissur,KERALA
680546,Kaiparamba,Thrissur,KERALA
680551,Puranattukara,Thrissur,KERALA
680552,Parappur,Thrissur,KERALA
680553,Puzhakkal,Thrissur,KERALA
680555,Amalanagar,Thrissur,KERALA
680561,Cherpu,Thrissur,KERALA
680562,Urakam,Thrissur,KERALA
680563,Ammadam,Thrissur,KERALA
680564,Pazhuvil,Thrissur,KERALA
680565,Peringottukara,Thrissur,KERALA
680566,Nattika,Thrissur,KERALA
680567,Valapad,Thrissur,KERALA
680568,Edamuttam,Thrissur,KERALA
680569,Talikulam,Thrissur,KERALA
680570,Vadakkummuri,Thrissur,KERALA
680571,Kilakkummuri,Thrissur,KERALA
680581,Mulagunnathukavu,Thrissur,KERALA
680582,Wadakanchery-TC,Thrissur,KERALA
680583,Mullurkkara,Thrissur,KERALA
680584,Erumapetty,Thrissur,KERALA
680585,Varavur,Thrissur,KERALA
680586,Chelakkara,Thrissur,KERALA
680587,Pazhayannur,Thrissur,KERALA
680588,Thiruvilwamala,Thrissur,KERALA
680589,Enkakad,Thrissur,KERALA
680590,Kumaranellur TC,Thrissur,KERALA
680591,Killimangalam,Thrissur,KERALA
680594,Kaniyarkod,Thrissur,KERALA
680596,Thrissur Medical College,Thrissur,KERALA
680601,Velur Thrissur,Thrissur,KERALA
680602,Mattom,Thrissur,KERALA
680604,Maruthancode,Thrissur,KERALA
680611,Elthuruth,Thrissur,KERALA
680612,Kanjani,Thrissur,KERALA
680613,Kandassankadavu,Thrissur,KERALA
680614,Vatanappally,Thrissur,KERALA
680615,Engandiyur,Thrissur,KERALA
680616,Kundaliyur,Thrissur,KERALA
680617,Manalur,Thrissur,KERALA
680618,Aranattukara,Thrissur,KERALA
680619,Trithallur,Thrissur,KERALA
680620,Arimpur,Thrissur,KERALA
680623,Wadakkancheri-Thrissur RS,Thrissur,KERALA
680631,Ramavarmapuram,Thrissur,KERALA
680641,Anthikad,Thrissur,KERALA
680642,Puthenpeedika,Thrissur,KERALA
680651,Mannuthy,Thrissur,KERALA
680652,Pattikkad TC,Thrissur,KERALA
680653,Peechi,Thrissur,KERALA
680654,Vellanikkara,Thrissur,KERALA
680655,Ollukkara,Thrissur,KERALA
680656,Kerala Agri-university,Thrissur,KERALA
680661,Nadavaramba,Thrissur,KERALA
680662,Vellangallur,Thrissur,KERALA
680663,Pullut,Thrissur,KERALA
680664,Kodungallur,Thrissur,KERALA
680665,Panangad,Thrissur,KERALA
680666,Eriyad,Thrissur,KERALA
680667,Kottappuram,Thrissur,KERALA
680668,Kothaparamba,Thrissur,KERALA
680669,Methala,Thrissur,KERALA
680670,Karupadanna,Thrissur,KERALA
680671,Edavilangu,Thrissur,KERALA
680681,Kaipamangalam,Thrissur,KERALA
680682,Puthenchira,Thrissur,KERALA
680683,Kallettumkara,Thrissur,KERALA
680684,Kodakara,Thrissur,KERALA
680685,Mathilakam,Thrissur,KERALA
680686,Perinjanam,Thrissur,KERALA
680687,Chentrappinni,Thrissur,KERALA
680688,Aripalam,Thrissur,KERALA
680689,Perambra-thrissur,Thrissur,KERALA
680691,Koolimuttam,Thrissur,KERALA
680697,Thazhekkad,Thrissur,KERALA
680699,Pady,Thrissur,KERALA
680701,Thanissery,Thrissur,KERALA
680702,Kattoor,Thrissur,KERALA
680703,Edathuruthy,Thrissur,KERALA
680711,Karuvannur,Thrissur,KERALA
680712,Madayikonam,Thrissur,KERALA
680721,Pariyaram,Thrissur,KERALA
680722,Potta,Thrissur,KERALA
680724,Kuttichira,Thrissur,KERALA
680731,Ashtamichira,Thrissur,KERALA
680732,Mala-thrissur,Thrissur,KERALA
680733,Poyya,Thrissur,KERALA
680734,Kuzhur,Thrissur,KERALA
680741,Annamanada,Thrissur,KERALA
680751,Nadathara,Thrissur,KERALA
682001,Kochi,Ernakulam,KERALA
682002,Mattancherry,Ernakulam,KERALA
682003,Willingdon Island,Ernakulam,KERALA
682004,Kochi Naval Base,Ernakulam,KERALA
682005,Thoppumpady,Ernakulam,KERALA
682006,Palluruthy,Ernakulam,KERALA
682007,Kumbalangi,Ernakulam,KERALA
682008,Kannamali,Ernakulam,KERALA
682009,North End,Ernakulam,KERALA
682010,Edakochi,Ernakulam,KERALA
682011,Ernakulam,Ernakulam,KERALA
682012,Pachalam,Ernakulam,KERALA
682013,Thevara,Ernakulam,KERALA
682015,Perumanur,Ernakulam,KERALA
682016,Kochi M.G.Road,Ernakulam,KERALA
682017,Kaloor,Ernakulam,KERALA
682018,Ernakulam North,Ernakulam,KERALA
682019,Vyttila,Ernakulam,KERALA
682020,Kadavanthara,Ernakulam,KERALA
682021,Thrikkakara,Ernakulam,KERALA
682022,Kochi University,Ernakulam,KERALA
682023,Vaduthala,Ernakulam,KERALA
682024,Edapally,Ernakulam,KERALA
682025,Palarivattom,Ernakulam,KERALA
682026,Elamakkara,Ernakulam,KERALA
682027,Chittoor-ekm,Ernakulam,KERALA
682028,Vennala,Ernakulam,KERALA
682029,Matsyapuri,Ernakulam,KERALA
682030,Kakkanad,Ernakulam,KERALA
682031,Shanmugham Road,Ernakulam,KERALA
682032,Thammanam,Ernakulam,KERALA
682033,Changampuzha Nagar,Ernakulam,KERALA
682034,Cheranallur,Ernakulam,KERALA
682035,Ernakulam College,Ernakulam,KERALA
682036,Panampilly Nagar,Ernakulam,KERALA
682037,Cochin Special Economic Zone,Ernakulam,KERALA
682038,Poonithura,Ernakulam,KERALA
682039,Rajagiri Valley,Ernakulam,KERALA
682040,Nettoor,Ernakulam,KERALA
682041,AIMS Ponekkara,Ernakulam,KERALA
682042,Infopark-Kochi,Ernakulam,KERALA
682050,International Business Centre,Ernakulam,KERALA
682051,Kochi Parcel Centre,Ernakulam,KERALA
682301,Tripunithura,Ernakulam,KERALA
682302,Ambalamugal,Ernakulam,KERALA
682303,Ambalamedu,Ernakulam,KERALA
682304,Maradu,Ernakulam,KERALA
682305,Thiruvamkulam,Ernakulam,KERALA
682306,Eroor,Ernakulam,KERALA
682307,Udayamperoor,Ernakulam,KERALA
682308,Puthencruz,Ernakulam,KERALA
682309,Irimbanam,Ernakulam,KERALA
682310,Vadavucode,Ernakulam,KERALA
682311,Kolenchery,Ernakulam,KERALA
682312,Chottanikkara,Ernakulam,KERALA
682313,Arakunnam,Ernakulam,KERALA
682314,Mulanthuruthy,Ernakulam,KERALA
682315,Kanjiramattom,Ernakulam,KERALA
682316,Kunnackal,Ernakulam,KERALA
682317,Kulayettikara,Ernakulam,KERALA
682501,Ayyampilly,Ernakulam,KERALA
682502,Edavanakad,Ernakulam,KERALA
682503,Elamkunnapuzha,Ernakulam,KERALA
682504,Mulavukad,Ernakulam,KERALA
682505,Narakkal,Ernakulam,KERALA
682506,Panangad,Ernakulam,KERALA
682507,Mundamveli,Ernakulam,KERALA
682508,Ochanthuruth,Ernakulam,KERALA
682509,Nayarambalam,Ernakulam,KERALA
682511,Malipuram,Ernakulam,KERALA
682551,Androth,Lakshadweep,LAKSHADWEEP
682552,Amini,Lakshadweep,LAKSHADWEEP
682553,Agathi,Lakshadweep,LAKSHADWEEP
682554,Chetlat,Lakshadweep,LAKSHADWEEP
682555,Kavaratti,Lakshadweep,LAKSHADWEEP
682556,Kadamat,Lakshadweep,LAKSHADWEEP
682557,Kalpeni,Lakshadweep,LAKSHADWEEP
682558,Kiltan,Lakshadweep,LAKSHADWEEP
682559,Minicoy,Lakshadweep,LAKSHADWEEP
683101,Aluva,Ernakulam,KERALA
683102,Union Christian College,Ernakulam,KERALA
683104,Kalamassery,Ernakulam,KERALA
683105,Thottumughom,Ernakulam,KERALA
683106,Thaikkattukara,Ernakulam,KERALA
683108,Thottakkattukara,Ernakulam,KERALA
683110,Muppathadam,Ernakulam,KERALA
683111,Kochi Airport,Ernakulam,KERALA
683112,Erumathala,Ernakulam,KERALA
683501,Udyogamandal,Ernakulam,KERALA
683502,Binanipuram,Ernakulam,KERALA
683503,Hmt Colony,Ernakulam,KERALA
683511,Alangad,Ernakulam,KERALA
683512,Chendamangalam,Ernakulam,KERALA
683513,Paravur,Ernakulam,KERALA
683514,Cherai,Ernakulam,KERALA
683515,Palliport,Ernakulam,KERALA
683516,Moothakunnam,Ernakulam,KERALA
683517,Varapuzha,Ernakulam,KERALA
683518,Koonammavu,Ernakulam,KERALA
683519,Kaitharam,Ernakulam,KERALA
683520,Mannam Paravur,Ernakulam,KERALA
683521,Vadakkumpuram,Ernakulam,KERALA
683522,Vadakkekara,Ernakulam,KERALA
683541,Keezhillam,Ernakulam,KERALA
683542,Perumbavoor,Ernakulam,KERALA
683543,Rayonpuram,Ernakulam,KERALA
683544,Koovappady,Ernakulam,KERALA
683545,Kuruppampady,Ernakulam,KERALA
683546,Vengoor,Ernakulam,KERALA
683547,Mudikkal,Ernakulam,KERALA
683548,Iringole,Ernakulam,KERALA
683549,Asamannoor,Ernakulam,KERALA
683550,Okkal,Ernakulam,KERALA
683556,Valayanchirangara,Ernakulam,KERALA
683561,Edathala,Ernakulam,KERALA
683562,Kizhakkambalam,Ernakulam,KERALA
683563,Naval Armament Depot - Aluva,Ernakulam,KERALA
683565,Kumarapuram,Ernakulam,KERALA
683571,Chowara,Ernakulam,KERALA
683572,Angamally,Ernakulam,KERALA
683573,Angamally South,Ernakulam,KERALA
683574,Kalady,Ernakulam,KERALA
683575,Kanjoor,Ernakulam,KERALA
683576,Karukutty,Ernakulam,KERALA
683577,Mookkannur,Ernakulam,KERALA
683578,Chengamanad,Ernakulam,KERALA
683579,Kurumassery,Ernakulam,KERALA
683580,Sreemoolanagaram,Ernakulam,KERALA
683581,Manjapra,Ernakulam,KERALA
683585,Athani,Ernakulam,KERALA
683587,Malayattoor,Ernakulam,KERALA
683589,Mekkad,Ernakulam,KERALA
683594,Puthenvelikkara,Ernakulam,KERALA
685501,Elappara,Idukki,KERALA
685503,Vagamon,Idukki,KERALA
685505,Upputhara,Idukki,KERALA
685507,Ayyappancoil,Idukki,KERALA
685508,Kattappana,Idukki,KERALA
685509,Kumily,Idukki,KERALA
685511,Kanchiyar,Idukki,KERALA
685512,Anakkara,Idukki,KERALA
685514,Erattayar,Idukki,KERALA
685515,Kattappana South,Idukki,KERALA
685531,Peermade,Idukki,KERALA
685532,Peruvanthanam,Idukki,KERALA
685533,Vandiperiyar,Idukki,KERALA
685535,Viswanathapuram,Idukki,KERALA
685551,Vandanmettu,Idukki,KERALA
685552,Kallar,Idukki,KERALA
685553,Nedumkandam,Idukki,KERALA
685554,Udumbanchola,Idukki,KERALA
685561,Adimali,Idukki,KERALA
685562,Kallarkutty,Idukki,KERALA
685563,Vellathooval,Idukki,KERALA
685565,Chithirapuram,Idukki,KERALA
685566,Rajakad,Idukki,KERALA
685571,Parathode,Idukki,KERALA
685581,Karimannoor,Idukki,KERALA
685582,Kodikulam,Idukki,KERALA
685583,Vazhithala,Idukki,KERALA
685584,Thodupuzha,Idukki,KERALA
685585,Thodupuzha East,Idukki,KERALA
685586,Karimkunnam,Idukki,KERALA
685587,Muttom EK,Idukki,KERALA
685588,Kalayanthani,Idukki,KERALA
685589,Moolamattom,Idukki,KERALA
685590,Kudayathur,Idukki,KERALA
685591,Arakulam,Idukki,KERALA
685595,Udumbannur,Idukki,KERALA
685601,Kulamavu,Idukki,KERALA
685602,Idukki Colony,Idukki,KERALA
685603,Idukki Painavu,Idukki,KERALA
685604,Murickassery,Idukki,KERALA
685605,Muthalakodam,Idukki,KERALA
685606,Kanjikuzhi - Idukki,Idukki,KERALA
685607,Vannapuram,Idukki,KERALA
685608,Vengallur,Idukki,KERALA
685609,Thankamany,Idukki,KERALA
685612,Munnar,Idukki,KERALA
685613,Devikulam,Idukki,KERALA
685614,Talliar,Idukki,KERALA
685615,Ellapatti,Idukki,KERALA
685616,Mattuppatti,Idukki,KERALA
685618,Surianalle,Idukki,KERALA
685619,Santhanpara,Idukki,KERALA
685620,Maraiyur,Idukki,KERALA
686001,Kottayam,Kottayam,KERALA
686002,Kottayam Collectorate,Kottayam,KERALA
686003,Kottayam West,Kottayam,KERALA
686004,Muttambalam,Kottayam,KERALA
686005,Thazhathangady,Kottayam,KERALA
686006,Nattassery S H Mount,Kottayam,KERALA
686007,Pallom,Kottayam,KERALA
686008,Gandhi Nagar,Kottayam,KERALA
686009,Rubber Board,Kottayam,KERALA
686010,Vadavathoor,Kottayam,KERALA
686011,Puthupalli,Kottayam,KERALA
686012,Pakkil,Kottayam,KERALA
686013,Nattakom,Kottayam,KERALA
686014,Olessa,Kottayam,KERALA
686015,Aymanam,Kottayam,KERALA
686016,Kumaranalloor,Kottayam,KERALA
686017,Kudamaloor,Kottayam,KERALA
686018,Manganam,Kottayam,KERALA
686019,Manarcaudu,Kottayam,KERALA
686020,Kiliroor North,Kottayam,KERALA
686021,Pariyaram,Kottayam,KERALA
686022,Chengalam South,Kottayam,KERALA
686041,Malloossery,Kottayam,KERALA
686101,Changanacherry,Kottayam,KERALA
686102,Perunna,Kottayam,KERALA
686103,Vazhappally West,Kottayam,KERALA
686104,Kurisummoodu,Kottayam,KERALA
686105,Thrickodithanam,Kottayam,KERALA
686106,Changanacherry Industrialnagar,Kottayam,KERALA
686121,Erattupetta,Kottayam,KERALA
686122,Aruvithura,Kottayam,KERALA
686123,Thidanad,Kottayam,KERALA
686141,Vaikom,Kottayam,KERALA
686143,Udayanapuram,Kottayam,KERALA
686144,Kudavechoor,Kottayam,KERALA
686146,Padinjarekkara,Kottayam,KERALA
686501,Velloor,Kottayam,KERALA
686502,Pampady,Kottayam,KERALA
686503,Anikad,Kottayam,KERALA
686504,Vazhoor,Kottayam,KERALA
686505,Theerthapadapuram,Kottayam,KERALA
686506,Ponkunnam,Kottayam,KERALA
686507,Kanjirapally,Kottayam,KERALA
686508,Kalaketty,Kottayam,KERALA
686509,Erumely,Kottayam,KERALA
686510,Mukkoottuthara,Kottayam,KERALA
686511,Kunnam Vechoochira,Pathanamthitta,KERALA
686512,Parathode,Kottayam,KERALA
686513,Mundakayam,Kottayam,KERALA
686514,Koottickal,Kottayam,KERALA
686515,Pulickakavala,Kottayam,KERALA
686516,Meenadom,Kottayam,KERALA
686517,Chakompathal,Kottayam,KERALA
686518,Koovapally,Kottayam,KERALA
686519,Thekkethukavala,Kottayam,KERALA
686520,Chirakadavu,Kottayam,KERALA
686521,Pampady South,Kottayam,KERALA
686522,Koorali,Kottayam,KERALA
686531,Chingavanam,Kottayam,KERALA
686532,Sachivothamapuram,Kottayam,KERALA
686533,Kuzhimattom,Kottayam,KERALA
686534,Neelamperoor,Alappuzha,KERALA
686535,Thuruthy,Kottayam,KERALA
686536,Perumpanachy,Kottayam,KERALA
686537,Pallickachirakavala,Kottayam,KERALA
686538,Vakathanam,Kottayam,KERALA
686539,Thottakadu,Kottayam,KERALA
686540,Karukachal,Kottayam,KERALA
686541,Kangazha,Kottayam,KERALA
686542,Nedumkunnam,Kottayam,KERALA
686543,Manimala,Kottayam,KERALA
686544,Karikkattoor,Kottayam,KERALA
686545,Nedungadappally,Kottayam,KERALA
686546,Madappally,Kottayam,KERALA
686547,Chunkapara,Pathanamthitta,KERALA
686548,Nalukody,Kottayam,KERALA
686555,Devagiri,Kottayam,KERALA
686560,Priyadarsini Hills,Kottayam,KERALA
686561,Mannanam,Kottayam,KERALA
686562,Athirampuzha,Kottayam,KERALA
686563,Kumarakom,Kottayam,KERALA
686564,Ayarkunnam,Kottayam,KERALA
686571,Kadaplamattom,Kottayam,KERALA
686572,Kidangoor,Kottayam,KERALA
686573,Puliyannoor,Kottayam,KERALA
686574,Arunapuram,Kottayam,KERALA
686575,Palai,Kottayam,KERALA
686576,Ramapuram Bazar,Kottayam,KERALA
686577,Poovarani,Kottayam,KERALA
686578,Bharananganam,Kottayam,KERALA
686579,Plassanal,Kottayam,KERALA
686580,Teekoy,Kottayam,KERALA
686581,Poonjar,Kottayam,KERALA
686582,Poonjar Thekkekara,Kottayam,KERALA
686583,Kidangoor South,Kottayam,KERALA
686584,Cherpunkal,Kottayam,KERALA
686585,Chengalam,Kottayam,KERALA
686586,Moonnilavu,Kottayam,KERALA
686587,Vayala,Kottayam,KERALA
686601,Neendoor,Kottayam,KERALA
686602,Kaipuzha,Kottayam,KERALA
686603,Manjoor,Kottayam,KERALA
686604,Kaduthuruthy,Kottayam,KERALA
686605,Thalayolaparambu,Kottayam,KERALA
686606,Thirumani Venkita Puram,Kottayam,KERALA
686607,Thalayazham,Kottayam,KERALA
686608,Kulasekharamangalam,Kottayam,KERALA
686609,Mevelloor,Kottayam,KERALA
686610,Peruva,Kottayam,KERALA
686611,Kallara,Kottayam,KERALA
686612,Njizhoor,Kottayam,KERALA
686613,Muttuchira,Kottayam,KERALA
686616,Newsprint Nagar,Kottayam,KERALA
686630,Thellakom,Kottayam,KERALA
686631,Ettumanur,Kottayam,KERALA
686632,Kanakari,Kottayam,KERALA
686633,Kuravilangadu,Kottayam,KERALA
686634,Ozhavur,Kottayam,KERALA
686635,Marangattupally,Kottayam,KERALA
686636,Monippally,Kottayam,KERALA
686637,Peroor,Kottayam,KERALA
686651,Anthinad,Kottayam,KERALA
686652,Melukavumattom,Kottayam,KERALA
686653,Kadanad Meenachil,Kottayam,KERALA
686661,Muvattupuzha,Ernakulam,KERALA
686662,Koothattukulam,Ernakulam,KERALA
686663,Ramamangalam,Ernakulam,KERALA
686664,Piravom,Ernakulam,KERALA
686665,Elanji,Ernakulam,KERALA
686666,Kothamangalam College,Ernakulam,KERALA
686667,Pampakuda,Ernakulam,KERALA
686668,Kalloorkkad,Ernakulam,KERALA
686669,Mudavoor,Ernakulam,KERALA
686670,Vazhakulam,Ernakulam,KERALA
686671,Pothanicaud,Ernakulam,KERALA
686672,Arakuzha,Ernakulam,KERALA
686673,Muvattupuzha Market,Ernakulam,KERALA
686681,Chelad Junction,Ernakulam,KERALA
686691,Kothamangalam,Ernakulam,KERALA
686692,Thrikkariyoor,Ernakulam,KERALA
686693,Nellimattam,Ernakulam,KERALA
688001,Alappuzha,Alappuzha,KERALA
688002,Thiruvampady Junction,Alappuzha,KERALA
688003,Sanathanapuram,Alappuzha,KERALA
688004,Punnapra,Alappuzha,KERALA
688005,Alappuzha Medical College,Alappuzha,KERALA
688006,Avalukkunnu,Alappuzha,KERALA
688007,Alappuzha North,Alappuzha,KERALA
688008,Thumpoly,Alappuzha,KERALA
688009,Pazhaveedu,Alappuzha,KERALA
688011,Alappuzha Iron Bridge,Alappuzha,KERALA
688012,Alappuzha Bazar,Alappuzha,KERALA
688013,Thathampally,Alappuzha,KERALA
688014,Punnapra North,Alappuzha,KERALA
688501,Kainakary,Alappuzha,KERALA
688502,Moncombu,Alappuzha,KERALA
688503,Moncombu Thekkekara,Alappuzha,KERALA
688504,Pulincunnu,Alappuzha,KERALA
688505,Champakulam,Alappuzha,KERALA
688506,Kavalam,Alappuzha,KERALA
688521,Pathirappally,Alappuzha,KERALA
688522,Kalavoor,Alappuzha,KERALA
688523,Sethulekshmipuram,Alappuzha,KERALA
688524,Cherthala,Alappuzha,KERALA
688525,Muhamma,Alappuzha,KERALA
688526,Poochackal,Alappuzha,KERALA
688527,Thanneermukkom,Alappuzha,KERALA
688528,Thycattussery,Alappuzha,KERALA
688529,Kadakkarapally,Alappuzha,KERALA
688530,Arthingal,Alappuzha,KERALA
688531,Pattanacaud,Alappuzha,KERALA
688532,Thuravoor,Alappuzha,KERALA
688533,Kuthiathode,Alappuzha,KERALA
688534,Aroor,Alappuzha,KERALA
688535,Arookutty,Alappuzha,KERALA
688536,Vayalar,Alappuzha,KERALA
688537,Eramallur,Alappuzha,KERALA
688538,Mannancherry,Alappuzha,KERALA
688539,Mayithara Market,Alappuzha,KERALA
688540,Thirumalabhagom,Alappuzha,KERALA
688541,Pallippuram,Alappuzha,KERALA
688555,Varanam,Alappuzha,KERALA
688561,Ambalapuzha,Alappuzha,KERALA
688562,Thakazhy,Alappuzha,KERALA
688570,Perumbalam,Alappuzha,KERALA
688582,Sreenarayanapuram,Alappuzha,KERALA
689101,Tiruvalla,Pathanamthitta,KERALA
689102,Kavumbhagom,Pathanamthitta,KERALA
689103,Kuttapuzha,Pathanamthitta,KERALA
689104,Valanjavattom,Pathanamthitta,KERALA
689105,Manjady Jn,Pathanamthitta,KERALA
689106,Kuttur,Pathanamthitta,KERALA
689107,Muthoor,Pathanamthitta,KERALA
689108,Peringara,Pathanamthitta,KERALA
689109,Tiruvanvandur,Alappuzha,KERALA
689110,Podiyadi,Pathanamthitta,KERALA
689111,Tiruvalla RS,Pathanamthitta,KERALA
689112,Chathankary,Pathanamthitta,KERALA
689113,Azhiyadathuchira,Pathanamthitta,KERALA
689115,Thirumoolapuram,Pathanamthitta,KERALA
689121,Chengannur,Alappuzha,KERALA
689122,Angadical Chengannur,Alappuzha,KERALA
689123,Puthencavu,Alappuzha,KERALA
689124,Kallisserry,Alappuzha,KERALA
689126,Ala,Alappuzha,KERALA
689501,Pandalam,Pathanamthitta,KERALA
689502,Thumpamon,Pathanamthitta,KERALA
689503,Kulanada,Pathanamthitta,KERALA
689504,Karakkad,Alappuzha,KERALA
689505,Mulakuzha,Alappuzha,KERALA
689506,Pandanad,Alappuzha,KERALA
689507,Mezhuveli,Pathanamthitta,KERALA
689508,Kodukulanji,Alappuzha,KERALA
689509,Venmony,Alappuzha,KERALA
689510,Puliyoor,Alappuzha,KERALA
689511,Cheriyanadu,Alappuzha,KERALA
689512,Kudassanad,Alappuzha,KERALA
689513,Nariapuram,Pathanamthitta,KERALA
689514,Kidangannur,Pathanamthitta,KERALA
689520,Pennukkara,Alappuzha,KERALA
689521,Kozhuvallur,Alappuzha,KERALA
689531,Koipuram,Pathanamthitta,KERALA
689532,Edayarnmula,Pathanamthitta,KERALA
689533,Aranmula,Pathanamthitta,KERALA
689541,Vallamkulam,Pathanamthitta,KERALA
689542,Eraviperoor,Pathanamthitta,KERALA
689543,Puramattom,Pathanamthitta,KERALA
689544,Vennikulam,Pathanamthitta,KERALA
689545,Thadiyur,Pathanamthitta,KERALA
689546,Othera,Pathanamthitta,KERALA
689547,Kumbanadu,Pathanamthitta,KERALA
689548,Pullad,Pathanamthitta,KERALA
689549,Maramon,Pathanamthitta,KERALA
689550,Kuriannoor,Pathanamthitta,KERALA
689551,Otherawest,Pathanamthitta,KERALA
689571,Neerattupuram,Alappuzha,KERALA
689572,Thalavady,Alappuzha,KERALA
689573,Edathua,Alappuzha,KERALA
689574,Muttar,Alappuzha,KERALA
689581,Kunnamthanam,Pathanamthitta,KERALA
689582,Kaviyoor,Pathanamthitta,KERALA
689583,Kallooppara,Pathanamthitta,KERALA
689584,Mallappally East,Pathanamthitta,KERALA
689585,Mallappally West,Pathanamthitta,KERALA
689586,Ezhumattoor,Pathanamthitta,KERALA
689587,Keezhvaipur,Pathanamthitta,KERALA
689588,Vaipur,Pathanamthitta,KERALA
689589,Punnavely,Pathanamthitta,KERALA
689590,Veliyanadu,Alappuzha,KERALA
689591,Mepral,Pathanamthitta,KERALA
689592,Perumpatty,Pathanamthitta,KERALA
689594,Chengaroor,Pathanamthitta,KERALA
689595,Ramankary,Alappuzha,KERALA
689597,Thuruthicaud,Pathanamthitta,KERALA
689602,Puthusserry South,Pathanamthitta,KERALA
689611,Ayroor South,Pathanamthitta,KERALA
689612,Ayroor North,Pathanamthitta,KERALA
689613,Theodical,Pathanamthitta,KERALA
689614,Kottathoor,Pathanamthitta,KERALA
689615,Kottanad,Pathanamthitta,KERALA
689621,Niranam,Pathanamthitta,KERALA
689622,Mannar,Alappuzha,KERALA
689623,Kuttemperur,Alappuzha,KERALA
689624,Ennakkad,Alappuzha,KERALA
689625,Elavanthitta,Pathanamthitta,KERALA
689626,Parumala,Pathanamthitta,KERALA
689627,Melpadom,Alappuzha,KERALA
689641,Kozhencherry,Pathanamthitta,KERALA
689642,Naranganam,Pathanamthitta,KERALA
689643,Elanthur,Pathanamthitta,KERALA
689644,Kuzhikala,Pathanamthitta,KERALA
689645,Pathanamthitta,Pathanamthitta,KERALA
689646,Mallasseri,Pathanamthitta,KERALA
689647,Omallur-kla,Pathanamthitta,KERALA
689648,Kaipattur,Pathanamthitta,KERALA
689649,Kadammanitta,Pathanamthitta,KERALA
689650,Cherukole Kozhencherri,Pathanamthitta,KERALA
689652,Punnakkad,Pathanamthitta,KERALA
689653,Kumbazhamuri,Pathanamthitta,KERALA
689654,Kozhencherry  Thekkemala,Pathanamthitta,KERALA
689656,Vallicode Kottayam,Pathanamthitta,KERALA
689661,Kumpalampoika,Pathanamthitta,KERALA
689662,Vadasserikara,Pathanamthitta,KERALA
689663,Chittar,Pathanamthitta,KERALA
689664,Malayalapuzha Eram,Pathanamthitta,KERALA
689666,Malayalapuzha Thazham,Pathanamthitta,KERALA
689667,Seethathode,Pathanamthitta,KERALA
689668,Churulicode,Pathanamthitta,KERALA
689671,Mylapra,Pathanamthitta,KERALA
689672,Ranny,Pathanamthitta,KERALA
689673,Ranny-pazhavangadi,Pathanamthitta,KERALA
689674,Angadi,Pathanamthitta,KERALA
689675,Ettichuvadu,Pathanamthitta,KERALA
689676,Makkapuzha,Pathanamthitta,KERALA
689677,Chellakkad,Pathanamthitta,KERALA
689678,Mylapra Town,Pathanamthitta,KERALA
689691,Konny,Pathanamthitta,KERALA
689692,Payyanamon,Pathanamthitta,KERALA
689693,Koodal,Pathanamthitta,KERALA
689694,Kalanjoor,Pathanamthitta,KERALA
689695,Pathanapuram,Kollam,KERALA
689696,Piravanthur,Kollam,KERALA
689698,Vakayar,Pathanamthitta,KERALA
689699,Thannithode,Pathanamthitta,KERALA
689711,Ranny Perinad,Pathanamthitta,KERALA
690101,Mavelikara,Alappuzha,KERALA
690102,Thazhakara,Alappuzha,KERALA
690103,Thattarambalam,Alappuzha,KERALA
690104,Cherukole,Alappuzha,KERALA
690105,Chennithala,Alappuzha,KERALA
690106,Chettikulangara,Alappuzha,KERALA
690107,Thekkekara,Alappuzha,KERALA
690108,Kunnam,Alappuzha,KERALA
690110,Kallumala,Alappuzha,KERALA
690501,Vallikunnam,Alappuzha,KERALA
690502,Kayangulam,Alappuzha,KERALA
690503,Pallickal,Alappuzha,KERALA
690504,Nooranad,Alappuzha,KERALA
690505,Charumoodu,Alappuzha,KERALA
690506,Muthukulam South,Alappuzha,KERALA
690507,Cheppaud,Alappuzha,KERALA
690508,Keerikad,Alappuzha,KERALA
690509,Kollakadavu,Alappuzha,KERALA
690510,Olakettiambalam,Alappuzha,KERALA
690511,Muttom-alleppey,Alappuzha,KERALA
690512,Pallipad,Alappuzha,KERALA
690513,Nangiarkulangara,Alappuzha,KERALA
690514,Haripad,Alappuzha,KERALA
690515,Thrikkunnapuzha,Alappuzha,KERALA
690516,Karthikappally,Alappuzha,KERALA
690517,Karuvatta,Alappuzha,KERALA
690518,Karunagappaly,Kollam,KERALA
690519,Mynagappally,Kollam,KERALA
690520,Poruvazhy,Kollam,KERALA
690521,Sasthamcottah,Kollam,KERALA
690522,Sooranad,Kollam,KERALA
690523,Thazhava,Kollam,KERALA
690524,Thevalakkara,Kollam,KERALA
690525,Clappana,Kollam,KERALA
690526,Ochira,Kollam,KERALA
690527,Puthuppally,Alappuzha,KERALA
690528,Vavvakkavu,Kollam,KERALA
690529,Padanilam,Alappuzha,KERALA
690530,Thamarakulam,Alappuzha,KERALA
690531,Puthiyavila,Alappuzha,KERALA
690532,Chingoli,Alappuzha,KERALA
690533,Krishnapuram,Alappuzha,KERALA
690534,Chunakara,Alappuzha,KERALA
690535,Kandallur,Alappuzha,KERALA
690536,Vadakkumthala East,Kollam,KERALA
690537,Pullikanakku,Alappuzha,KERALA
690538,Arinallur,Kollam,KERALA
690539,S R P Market,Kollam,KERALA
690540,Kunnathur East,Kollam,KERALA
690542,Athinad North,Kollam,KERALA
690544,Kulasekharapuram,Kollam,KERALA
690546,Amrithapuri,Kollam,KERALA
690547,Prayar,Alappuzha,KERALA
690548,Kumarapuram,Alappuzha,KERALA
690558,Mankamkuzhy,Alappuzha,KERALA
690559,Perungala,Alappuzha,KERALA
690561,Sooranad North,Kollam,KERALA
690571,Nooranad Sanatorium,Alappuzha,KERALA
690572,Kareelakulangara,Alappuzha,KERALA
690573,Alumkadavu,Kollam,KERALA
690574,Manappally North,Kollam,KERALA
691001,Kollam,Kollam,KERALA
691002,Asramom,Kollam,KERALA
691003,Kavanad,Kollam,KERALA
691004,Kilikollur,Kollam,KERALA
691005,T K M College,Kollam,KERALA
691006,Pallithottam,Kollam,KERALA
691007,Thangasserry,Kollam,KERALA
691008,Kadappakada,Kollam,KERALA
691009,Thevally,Kollam,KERALA
691010,Vadakkevila,Kollam,KERALA
691011,Eravipuram,Kollam,KERALA
691012,Thirumullavaram,Kollam,KERALA
691013,Kollam Cutchery,Kollam,KERALA
691014,Chandanathope,Kollam,KERALA
691015,Mangad,Kollam,KERALA
691016,Thekkevila,Kollam,KERALA
691019,Uliyakovil,Kollam,KERALA
691020,Thattamala,Kollam,KERALA
691021,Pattathanam,Kollam,KERALA
691301,Paravur,Kollam,KERALA
691302,Bhoothakulam,Kollam,KERALA
691303,Mayyanad,Kollam,KERALA
691304,Pullichira,Kollam,KERALA
691305,Punalur,Kollam,KERALA
691306,Anchal,Kollam,KERALA
691307,Edamon,Kollam,KERALA
691308,Thenmala,Kollam,KERALA
691309,Kalthuruthy,Kollam,KERALA
691310,Kulathupuzha,Kollam,KERALA
691311,Channapettah,Kollam,KERALA
691312,Eroor,Kollam,KERALA
691319,Thekkumbhagom,Kollam,KERALA
691322,Elampal,Kollam,KERALA
691331,Valacode,Kollam,KERALA
691332,Punalur Paper Mills,Kollam,KERALA
691333,Tholicode,Kollam,KERALA
691334,Nedungolam,Kollam,KERALA
691500,West Kallada,Kollam,KERALA
691501,Kundara,Kollam,KERALA
691502,East Kallada,Kollam,KERALA
691503,Mulavana,Kollam,KERALA
691504,Perumpuzha,Kollam,KERALA
691505,Ezhukone,Kollam,KERALA
691506,Kottarakara,Kollam,KERALA
691507,Puthur-kollam,Kollam,KERALA
691508,Kunnicode,Kollam,KERALA
691509,Kuzhimathicaud,Kollam,KERALA
691510,Oyur,Kollam,KERALA
691511,Vellimon,Kollam,KERALA
691512,Odanavattom,Kollam,KERALA
691515,Nallila,Kollam,KERALA
691516,Karingannur,Kollam,KERALA
691520,Cheppara,Kollam,KERALA
691521,Kulakada,Kollam,KERALA
691522,Pattazhy,Kollam,KERALA
691523,Adur,Pathanamthitta,KERALA
691524,Elamannur,Pathanamthitta,KERALA
691525,Thattayil,Pathanamthitta,KERALA
691526,Enathu,Pathanamthitta,KERALA
691527,Nellikunnam,Kollam,KERALA
691530,Mannady,Pathanamthitta,KERALA
691531,Pulamon,Kollam,KERALA
691532,Valakom,Kollam,KERALA
691533,Ayur,Kollam,KERALA
691534,Chadayamangalam,Kollam,KERALA
691535,Nilamel,Kollam,KERALA
691536,Kadakkal,Kollam,KERALA
691537,Pooyapally,Kollam,KERALA
691538,Vettikavala,Kollam,KERALA
691540,Veliyam,Kollam,KERALA
691541,Madathara,Kollam,KERALA
691543,Kaithacode,Kollam,KERALA
691551,Manakala,Pathanamthitta,KERALA
691552,Kadambanad,Pathanamthitta,KERALA
691553,Kadambanad South,Pathanamthitta,KERALA
691554,Parakode,Pathanamthitta,KERALA
691555,Kodumon,Pathanamthitta,KERALA
691556,Nedumon,Pathanamthitta,KERALA
691557,Chengamanad Jn,Kollam,KERALA
691559,Chithara,Kollam,KERALA
691560,Kalayapuram,Kollam,KERALA
691566,Pallickal-kottarakara,Kollam,KERALA
691571,Kottiyam,Kollam,KERALA
691572,Chathannur,Kollam,KERALA
691573,Adichanallur,Kollam,KERALA
691574,Parippally,Kollam,KERALA
691576,Kannanallur,Kollam,KERALA
691577,Mukathala,Kollam,KERALA
691578,Kalluvathukkal,Kollam,KERALA
691579,Karamcode,Kollam,KERALA
691581,Sakthikulangara,Kollam,KERALA
691582,Neendakara,Kollam,KERALA
691583,Chavara,Kollam,KERALA
691584,Chavara South,Kollam,KERALA
691585,Mukundapuram,Kollam,KERALA
691589,Umayanallur I E,Kollam,KERALA
691590,Koivila,Kollam,KERALA
691601,Perinad,Kollam,KERALA
691602,Kanjavely,Kollam,KERALA
695001,Thiruvananthapuram G.P.O.,Thiruvananthapuram,KERALA
695002,Karamana,Thiruvananthapuram,KERALA
695003,Kaudiar,Thiruvananthapuram,KERALA
695004,Pattom Palace,Thiruvananthapuram,KERALA
695005,Perurkada,Thiruvananthapuram,KERALA
695006,Tirumala,Thiruvananthapuram,KERALA
695007,Thiruvananthapuram  Beach,Thiruvananthapuram,KERALA
695008,Vallakkadavoo,Thiruvananthapuram,KERALA
695009,Manacaud,Thiruvananthapuram,KERALA
695010,Sasthamangalam,Thiruvananthapuram,KERALA
695011,Thiruvananthapuram  Medical College,Thiruvananthapuram,KERALA
695012,Poojapura,Thiruvananthapuram,KERALA
695013,Vattiyoorkavu,Thiruvananthapuram,KERALA
695014,Thycaud,Thiruvananthapuram,KERALA
695015,Nalanchira,Thiruvananthapuram,KERALA
695016,Thiruvananthapuram  Engg College,Thiruvananthapuram,KERALA
695017,Sreekaryam,Thiruvananthapuram,KERALA
695018,Pappanamcode,Thiruvananthapuram,KERALA
695019,Industrial Estate,Thiruvananthapuram,KERALA
695020,Nemom,Thiruvananthapuram,KERALA
695021,Karikkakom,Thiruvananthapuram,KERALA
695022,Thiruvananthapuram  ISRO,Thiruvananthapuram,KERALA
695023,Thiruvananthapuram  Fort,Thiruvananthapuram,KERALA
695024,Thiruvananthapuram  Pettah,Thiruvananthapuram,KERALA
695025,Muttada,Thiruvananthapuram,KERALA
695026,Poonthura,Thiruvananthapuram,KERALA
695027,Thiruvallom,Thiruvananthapuram,KERALA
695028,Vattappara,Thiruvananthapuram,KERALA
695029,Anayara,Thiruvananthapuram,KERALA
695030,Kanjirampara,Thiruvananthapuram,KERALA
695032,Aramada,Thiruvananthapuram,KERALA
695033,Vikas Bhavan,Thiruvananthapuram,KERALA
695034,Thiruvananthapuram  University,Thiruvananthapuram,KERALA
695035,Vanchiyur,Thiruvananthapuram,KERALA
695036,Thiruvananthapuram  Chalai,Thiruvananthapuram,KERALA
695038,PTP Nagar,Thiruvananthapuram,KERALA
695040,Kaimanam,Thiruvananthapuram,KERALA
695042,Kalliyoor,Thiruvananthapuram,KERALA
695043,Kudappanakunnu,Thiruvananthapuram,KERALA
695099,Kerala Governor's Camp,Thiruvananthapuram,KERALA
695101,Attingal,Thiruvananthapuram,KERALA
695102,Alamcode,Thiruvananthapuram,KERALA
695103,Avanavancherry,Thiruvananthapuram,KERALA
695104,Kizhuvalam,Thiruvananthapuram,KERALA
695121,Neyyattinkara,Thiruvananthapuram,KERALA
695122,Amaravila,Thiruvananthapuram,KERALA
695123,Aralumoodu,Thiruvananthapuram,KERALA
695124,Perumkadavila,Thiruvananthapuram,KERALA
695125,Ottasekharamangalam,Thiruvananthapuram,KERALA
695126,Perumpazhuthoor,Thiruvananthapuram,KERALA
695132,Chenkal,Thiruvananthapuram,KERALA
695133,Tirupuram,Thiruvananthapuram,KERALA
695134,Vlathankara,Thiruvananthapuram,KERALA
695141,Varkala,Thiruvananthapuram,KERALA
695142,Cherunniyur,Thiruvananthapuram,KERALA
695143,Vadasserikonam,Thiruvananthapuram,KERALA
695144,Moongode,Thiruvananthapuram,KERALA
695145,Sreenivasapuram,Thiruvananthapuram,KERALA
695146,Palayamkunnu,Thiruvananthapuram,KERALA
695301,Kaniyapuram,Thiruvananthapuram,KERALA
695302,Murukumpuzhaa,Thiruvananthapuram,KERALA
695303,Puthencurichy,Thiruvananthapuram,KERALA
695304,Chirayinkeezhu,Thiruvananthapuram,KERALA
695305,Perunguzhi,Thiruvananthapuram,KERALA
695306,Kadakkavur,Thiruvananthapuram,KERALA
695307,Nedunganda,Thiruvananthapuram,KERALA
695308,Vakkom,Thiruvananthapuram,KERALA
695309,Anjengo,Thiruvananthapuram,KERALA
695310,Ayroor-varkala,Thiruvananthapuram,KERALA
695311,Edava,Thiruvananthapuram,KERALA
695312,Melvettoor,Thiruvananthapuram,KERALA
695313,Kudavur,Thiruvananthapuram,KERALA
695316,Pallipuram,Thiruvananthapuram,KERALA
695317,Thonnakkal,Thiruvananthapuram,KERALA
695318,Vennicode,Thiruvananthapuram,KERALA
695501,Balaramapuram,Thiruvananthapuram,KERALA
695502,Parassala,Thiruvananthapuram,KERALA
695503,Dhanuvachapuram,Thiruvananthapuram,KERALA
695504,Karakonam,Thiruvananthapuram,KERALA
695505,Vellarada,Thiruvananthapuram,KERALA
695506,Uchakada,Thiruvananthapuram,KERALA
695507,Ooruttambalam,Thiruvananthapuram,KERALA
695508,Parasuvaickal,Thiruvananthapuram,KERALA
695512,Kuvalassery,Thiruvananthapuram,KERALA
695513,Pozhiyoor,Thiruvananthapuram,KERALA
695521,Vizhinjam,Thiruvananthapuram,KERALA
695522,Vellayani,Thiruvananthapuram,KERALA
695523,Venganur,Thiruvananthapuram,KERALA
695524,Kanjiramkulam,Thiruvananthapuram,KERALA
695525,Puvar,Thiruvananthapuram,KERALA
695526,Pulluvila,Thiruvananthapuram,KERALA
695527,Kovalam,Thiruvananthapuram,KERALA
695528,Naruvamoodu,Thiruvananthapuram,KERALA
695541,Nedumangad,Thiruvananthapuram,KERALA
695542,Aryanad,Thiruvananthapuram,KERALA
695543,Vellanad,Thiruvananthapuram,KERALA
695547,Valiamala,Thiruvananthapuram,KERALA
695551,Vithura,Thiruvananthapuram,KERALA
695561,Pazhakutty,Thiruvananthapuram,KERALA
695562,Pacha,Thiruvananthapuram,KERALA
695563,Peringamala,Thiruvananthapuram,KERALA
695564,Karakulam,Thiruvananthapuram,KERALA
695568,Panavoor,Thiruvananthapuram,KERALA
695570,Machel,Thiruvananthapuram,KERALA
695571,Malayinkil,Thiruvananthapuram,KERALA
695572,Kattakada,Thiruvananthapuram,KERALA
695573,Peyad,Thiruvananthapuram,KERALA
695574,Kuttichal,Thiruvananthapuram,KERALA
695575,Poovachal,Thiruvananthapuram,KERALA
695581,Karyavattom,Thiruvananthapuram,KERALA
695582,Kazhakuttam,Thiruvananthapuram,KERALA
695583,Kulathur,Thiruvananthapuram,KERALA
695584,Pothencode,Thiruvananthapuram,KERALA
695585,Sainik School,Thiruvananthapuram,KERALA
695586,St.Xavier's College,Thiruvananthapuram,KERALA
695587,Chempazhanthy,Thiruvananthapuram,KERALA
695588,Powdikonam,Thiruvananthapuram,KERALA
695589,Santhigiri,Thiruvananthapuram,KERALA
695601,Kilmanur,Thiruvananthapuram,KERALA
695602,Madavoor-pallickal,Thiruvananthapuram,KERALA
695603,Navaikulam,Thiruvananthapuram,KERALA
695604,Pallickal Kilimanur,Thiruvananthapuram,KERALA
695605,Kallambalam,Thiruvananthapuram,KERALA
695606,Vamanapuram,Thiruvananthapuram,KERALA
695607,Venjaramoodu,Thiruvananthapuram,KERALA
695608,Kallara,Thiruvananthapuram,KERALA
695609,Pangode,Thiruvananthapuram,KERALA
695610,Mithirmala,Thiruvananthapuram,KERALA
695611,Manambur,Thiruvananthapuram,KERALA
695612,Pulimath,Thiruvananthapuram,KERALA
695614,Thattathumala,Thiruvananthapuram,KERALA
695615,Vembayam,Thiruvananthapuram,KERALA
700001,Kolkatta G.P.O.,Kolkata,WEST BENGAL
700002,Cossipore,Kolkata,WEST BENGAL
700003,Baghbazar,Kolkata,WEST BENGAL
700004,Shyambazar Mail,Kolkata,WEST BENGAL
700005,Hatkhola,Kolkata,WEST BENGAL
700006,Beadon Street,Kolkata,WEST BENGAL
700007,Barabazar,Kolkata,WEST BENGAL
700008,Barisha,Kolkata,WEST BENGAL
700009,Raja Ram Mohan Sarani,Kolkata,WEST BENGAL
700010,Beleghata,Kolkata,WEST BENGAL
700011,Narkeldanga,Kolkata,WEST BENGAL
700012,Bowbazar,Kolkata,WEST BENGAL
700013,Dharmatala,Kolkata,WEST BENGAL
700014,Intally,Kolkata,WEST BENGAL
700015,Tangra,Kolkata,WEST BENGAL
700016,Park Street,Kolkata,WEST BENGAL
700017,Circus Avenue,Kolkata,WEST BENGAL
700018,Bartala,Kolkata,WEST BENGAL
700019,Ballygunge,Kolkata,WEST BENGAL
700020,L.R.Sarani,Kolkata,WEST BENGAL
700021,Fort William,Kolkata,WEST BENGAL
700022,Hastings,Kolkata,WEST BENGAL
700023,Khiddirpore,Kolkata,WEST BENGAL
700024,Garden Reach,Kolkata,WEST BENGAL
700025,Bhawanipore,Kolkata,WEST BENGAL
700026,Kalighat,Kolkata,WEST BENGAL
700027,Mominpur,Kolkata,WEST BENGAL
700028,Dumdum,Kolkata,WEST BENGAL
700029,Sarat Bose Road,Kolkata,WEST BENGAL
700030,Ghugudanga,Kolkata,WEST BENGAL
700031,Dhakuria,Kolkata,WEST BENGAL
700032,Jadavpur University,Kolkata,WEST BENGAL
700033,Tollygunge,Kolkata,WEST BENGAL
700034,Behala,Kolkata,WEST BENGAL
700035,Alambazar,Kolkata,WEST BENGAL
700036,Baranagar,Kolkata,WEST BENGAL
700037,Belgachia,Kolkata,WEST BENGAL
700038,Sahapur,Kolkata,WEST BENGAL
700039,Tiljala,South 24 Parganas,WEST BENGAL
700040,Regent Park,Kolkata,WEST BENGAL
700041,Paschim Putiari,Kolkata,WEST BENGAL
700042,Kasba,Kolkata,WEST BENGAL
700043,South Eastern Railway,Kolkata,WEST BENGAL
700044,Badartala,Kolkata,WEST BENGAL
700045,Lake Gardens,Kolkata,WEST BENGAL
700046,Gobinda Khatick Road,Kolkata,WEST BENGAL
700047,Naktala,Kolkata,WEST BENGAL
700048,Sreebhumi,North 24 Parganas,WEST BENGAL
700049,Nimta,North 24 Parganas,WEST BENGAL
700050,Sinthee,Kolkata,WEST BENGAL
700051,Birati,North 24 Parganas,WEST BENGAL
700052,Kolkata Airport,Kolkata,WEST BENGAL
700053,New Alipore,Kolkata,WEST BENGAL
700054,Kankurgachi,Kolkata,WEST BENGAL
700055,Bangur Avenue,North 24 Parganas,WEST BENGAL
700056,Belgharia,North 24 Parganas,WEST BENGAL
700057,Ariadaha,North 24 Parganas,WEST BENGAL
700058,Kamarhati,North 24 Parganas,WEST BENGAL
700059,Desh Bandhu Nagar,North 24 Parganas,WEST BENGAL
700060,Parnasree Pally,Kolkata,WEST BENGAL
700061,Sarsoona,Kolkata,WEST BENGAL
700062,W.B.Governors Camp.,Kolkata,WEST BENGAL
700063,Thakurpukur,Kolkata,WEST BENGAL
700064,Bidhannagr CC Block,North 24 Parganas,WEST BENGAL
700065,Rabindra Nagar,Kolkata,WEST BENGAL
700066,Bidhangarh,Kolkata,WEST BENGAL
700067,Ultadanga Main Road,Kolkata,WEST BENGAL
700068,Jodhpur Park,Kolkata,WEST BENGAL
700069,Esplanade,Kolkata,WEST BENGAL
700070,Bansdroni,South 24 Parganas,WEST BENGAL
700071,Middleton Row,Kolkata,WEST BENGAL
700072,Princep Street,Kolkata,WEST BENGAL
700073,Chittaranjan Avenue,Kolkata,WEST BENGAL
700074,Motijheel,Kolkata,WEST BENGAL
700075,Santoshpur,Kolkata,WEST BENGAL
700076,Dakshineswar,North 24 Parganas,WEST BENGAL
700077,Bediapara,Kolkata,WEST BENGAL
700078,Haltu,Kolkata,WEST BENGAL
700079,Italghacha,North 24 Parganas,WEST BENGAL
700080,Mall Road,Kolkata,WEST BENGAL
700081,Rajbari Colony,North 24 Parganas,WEST BENGAL
700082,Haridevpur,Kolkata,WEST BENGAL
700083,Nandan Nagar,North 24 Parganas,WEST BENGAL
700084,Garia,South 24 Parganas,WEST BENGAL
700085,K.G Bose Sarani,Kolkata,WEST BENGAL
700086,Baghajatin,Kolkata,WEST BENGAL
700087,New Market,Kolkata,WEST BENGAL
700088,Brace Bridge,Kolkata,WEST BENGAL
700089,Lake Town,North 24 Parganas,WEST BENGAL
700090,Noapara,Kolkata,WEST BENGAL
700091,Sech Bhawan,North 24 Parganas,WEST BENGAL
700092,Regent Estate,Kolkata,WEST BENGAL
700093,Purba Putiary,South 24 Parganas,WEST BENGAL
700094,Panchasayar,Kolkata,WEST BENGAL
700095,Golf Green,Kolkata,WEST BENGAL
700096,Brahmapur,South 24 Parganas,WEST BENGAL
700097,Purbachal,North 24 Parganas,WEST BENGAL
700099,Mukundapur,Kolkata,WEST BENGAL
700100,Vip Nagar,South 24 Parganas,WEST BENGAL
700101,Prafulla Kanan,North 24 Parganas,WEST BENGAL
700102,Krishnapur,North 24 Parganas,WEST BENGAL
700103,Narendrapur,South 24 Parganas,WEST BENGAL
700104,Joka,South 24 Parganas,WEST BENGAL
700105,Dhapa,South 24 Parganas,WEST BENGAL
700106,Bidhan Nagar IB Market,North 24 Parganas,WEST BENGAL
700107,Madurdaha,South 24 Parganas,WEST BENGAL
700108,ISI,Kolkata,WEST BENGAL
700109,Agarpara,North 24 Parganas,WEST BENGAL
700110,Sodepur,North 24 Parganas,WEST BENGAL
700111,Ghola Bazar,North 24 Parganas,WEST BENGAL
700112,Pansila,North 24 Parganas,WEST BENGAL
700113,Natagarh,North 24 Parganas,WEST BENGAL
700114,Panihati,North 24 Parganas,WEST BENGAL
700115,Sukchar,North 24 Parganas,WEST BENGAL
700116,B.D.Sopan,North 24 Parganas,WEST BENGAL
700117,Khardah,North 24 Parganas,WEST BENGAL
700118,Rahara,North 24 Parganas,WEST BENGAL
700119,Titagarh,North 24 Parganas,WEST BENGAL
700120,Barrackpore,North 24 Parganas,WEST BENGAL
700121,Nilganj Bazaar,North 24 Parganas,WEST BENGAL
700122,Nonachandanpukur,North 24 Parganas,WEST BENGAL
700123,Talpukur,North 24 Parganas,WEST BENGAL
700124,Barasat,North 24 Parganas,WEST BENGAL
700125,Noapara,North 24 Parganas,WEST BENGAL
700126,Nabapally,North 24 Parganas,WEST BENGAL
700127,Hridaypur,North 24 Parganas,WEST BENGAL
700128,Badu,North 24 Parganas,WEST BENGAL
700129,Madhyamgram,North 24 Parganas,WEST BENGAL
700130,Madhyamgram Bazar,North 24 Parganas,WEST BENGAL
700131,Newbarackpur,North 24 Parganas,WEST BENGAL
700132,Ganganagar,North 24 Parganas,WEST BENGAL
700133,Michealnagar,North 24 Parganas,WEST BENGAL
700134,Nilachal,North 24 Parganas,WEST BENGAL
700135,Rajarhat,North 24 Parganas,WEST BENGAL
700136,Rajarhat Gopalpur,North 24 Parganas,WEST BENGAL
700137,Budge Budge,South 24 Parganas,WEST BENGAL
700138,Pujali,South 24 Parganas,WEST BENGAL
700139,Vivekananda Pally,South 24 Parganas,WEST BENGAL
700140,Batanagar,South 24 Parganas,WEST BENGAL
700141,Mahestala,South 24 Parganas,WEST BENGAL
700142,Santosh Pur (Maheshtala)so,South 24 Parganas,WEST BENGAL
700143,Sarkarpool,South 24 Parganas,WEST BENGAL
700144,Baruipur,South 24 Parganas,WEST BENGAL
700145,Malancha Mahinagar,South 24 Parganas,WEST BENGAL
700146,Kodalia,South 24 Parganas,WEST BENGAL
700147,Subhas Gram,South 24 Parganas,WEST BENGAL
700148,Harinavi,South 24 Parganas,WEST BENGAL
700149,Rajpur,South 24 Parganas,WEST BENGAL
700150,Sonarpur,South 24 Parganas,WEST BENGAL
700151,Dakshin Jagatdal,South 24 Parganas,WEST BENGAL
700152,Panchpota,South 24 Parganas,WEST BENGAL
700153,Laskar Pur,South 24 Parganas,WEST BENGAL
700154,Boral,South 24 Parganas,WEST BENGAL
700155,Abdalpur,North 24 Parganas,WEST BENGAL
700156,New Town,North 24 Parganas,WEST BENGAL
700157,Hatiara,North 24 Parganas,WEST BENGAL
700158,Bisharpara,North 24 Parganas,WEST BENGAL
700159,Ashwini Nagar,North 24 Parganas,WEST BENGAL
700160,New Town Action Area III,North 24 Parganas,WEST BENGAL
700161,New Town Action Area II,North 24 Parganas,WEST BENGAL
700162,Gouranganagar,North 24 Parganas,WEST BENGAL
711101,Howrah,Howrah,WEST BENGAL
711102,Sibpur,Howrah,WEST BENGAL
711103,B.Garden,Howrah,WEST BENGAL
711104,Santragachi,Howrah,WEST BENGAL
711105,Dasnagar,Howrah,WEST BENGAL
711106,Salkia,Howrah,WEST BENGAL
711107,Ghusuri,Howrah,WEST BENGAL
711108,Netajigarh,Howrah,WEST BENGAL
711109,Danesh Sk.Lane,Howrah,WEST BENGAL
711110,Baksara,Howrah,WEST BENGAL
711111,Jagacha,Howrah,WEST BENGAL
711112,Gip Colony,Howrah,WEST BENGAL
711113,Balitikuri,Howrah,WEST BENGAL
711114,Kona,Howrah,WEST BENGAL
711115,Jagadishpurhat,Howrah,WEST BENGAL
711201,Bally,Howrah,WEST BENGAL
711202,Belur Math,Howrah,WEST BENGAL
711203,Bhattanagar,Howrah,WEST BENGAL
711204,Liluah,Howrah,WEST BENGAL
711205,Samabaypalli,Howrah,WEST BENGAL
711206,Sapuipara,Howrah,WEST BENGAL
711225,Pacharul,Howrah,WEST BENGAL
711226,Udaynarayanpur,Howrah,WEST BENGAL
711227,Ghoshpara,Howrah,WEST BENGAL
711301,Anantapur,Howrah,WEST BENGAL
711302,Andul -mouri,Howrah,WEST BENGAL
711303,Bagnan,Howrah,WEST BENGAL
711304,Banipur,Howrah,WEST BENGAL
711305,Bauria,Howrah,WEST BENGAL
711306,Kulgachia,Howrah,WEST BENGAL
711307,Chackasi,Howrah,WEST BENGAL
711308,Chengail,Howrah,WEST BENGAL
711309,Delta Mil,Howrah,WEST BENGAL
711310,Fortgloster,Howrah,WEST BENGAL
711312,Mugkalyan,Howrah,WEST BENGAL
711313,Sankrail,Howrah,WEST BENGAL
711314,Shyampur,Howrah,WEST BENGAL
711315,Uluberia,Howrah,WEST BENGAL
711316,Uluberia R.S,Howrah,WEST BENGAL
711317,Radhadasi,Howrah,WEST BENGAL
711322,Panchla,Howrah,WEST BENGAL
711401,Amta,Howrah,WEST BENGAL
711403,Bankra,Howrah,WEST BENGAL
711404,Bargachia,Howrah,WEST BENGAL
711405,Domjur,Howrah,WEST BENGAL
711408,Jagatballavpur,Howrah,WEST BENGAL
711409,Makardaha,Howrah,WEST BENGAL
711410,Munshirhat,Howrah,WEST BENGAL
711411,Begri,Howrah,WEST BENGAL
711412,Chitrasenpur,Howrah,WEST BENGAL
711413,Gazipur,Howrah,WEST BENGAL
711414,Maju,Howrah,WEST BENGAL
712101,Chinsurah,Hooghly,WEST BENGAL
712102,Chinsurah RS,Hooghly,WEST BENGAL
712103,Hooghly,Hooghly,WEST BENGAL
712104,Sahaganj,Hooghly,WEST BENGAL
712105,Buroshibtala,Hooghly,WEST BENGAL
712121,Addconagar,Hooghly,WEST BENGAL
712122,Badanganj,Hooghly,WEST BENGAL
712123,Bandel Junction,Hooghly,WEST BENGAL
712124,Bhadreswar,Hooghly,WEST BENGAL
712125,Telinipara,Hooghly,WEST BENGAL
712134,Boinchi,Hooghly,WEST BENGAL
712135,Boinchigram,Hooghly,WEST BENGAL
712136,Chandannagar,Hooghly,WEST BENGAL
712137,Gondalpara,Hooghly,WEST BENGAL
712138,Khalisani,Hooghly,WEST BENGAL
712139,Mankundu,Hooghly,WEST BENGAL
712146,Ilsobamondalai,Hooghly,WEST BENGAL
712147,Itachuna,Hooghly,WEST BENGAL
712148,Magra,Hooghly,WEST BENGAL
712149,Pandua,Hooghly,WEST BENGAL
712152,Rameswarpur,Hooghly,WEST BENGAL
712201,Serampore,Hooghly,WEST BENGAL
712202,Mahesh -1,Hooghly,WEST BENGAL
712203,Mallickpara,Hooghly,WEST BENGAL
712204,Chatra,Hooghly,WEST BENGAL
712221,Angus,Hooghly,WEST BENGAL
712222,Baidyabati,Hooghly,WEST BENGAL
712223,Sheoraphuli,Hooghly,WEST BENGAL
712232,Bhadrakali,Hooghly,WEST BENGAL
712233,Hindmotor,Hooghly,WEST BENGAL
712234,Kanaipur,Hooghly,WEST BENGAL
712235,Konnagar,Hooghly,WEST BENGAL
712245,Makhla,Hooghly,WEST BENGAL
712246,Nabagram,Hooghly,WEST BENGAL
712248,Rishra,Hooghly,WEST BENGAL
712249,Prabasnagar,Hooghly,WEST BENGAL
712250,Morepukur,Hooghly,WEST BENGAL
712258,Uttarpara,Hooghly,WEST BENGAL
712301,Bhandarhati,Hooghly,WEST BENGAL
712302,Dhaniakhali,Hooghly,WEST BENGAL
712303,Gurap,Hooghly,WEST BENGAL
712304,Janai,Hooghly,WEST BENGAL
712305,Puinan,Hooghly,WEST BENGAL
712306,Begampur,Hooghly,WEST BENGAL
712308,Khanpur,Hooghly,WEST BENGAL
712310,Dankuni Coal Complex,Hooghly,WEST BENGAL
712311,Dankuni,Hooghly,WEST BENGAL
712401,Champadanga,Hooghly,WEST BENGAL
712402,Dasghara,Hooghly,WEST BENGAL
712403,Haripal,Hooghly,WEST BENGAL
712404,Jangipara,Hooghly,WEST BENGAL
712405,Khamarchandi,Hooghly,WEST BENGAL
712406,Khanakul,Hooghly,WEST BENGAL
712407,Nalikul,Hooghly,WEST BENGAL
712408,Rajbalhat,Hooghly,WEST BENGAL
712409,Singur,Hooghly,WEST BENGAL
712410,Tarakeswar,Hooghly,WEST BENGAL
712412,Helan,Hooghly,WEST BENGAL
712413,Mayapur,Hooghly,WEST BENGAL
712414,Deulpara.,Hooghly,WEST BENGAL
712415,Saidpur,Hooghly,WEST BENGAL
712416,Natibpur,Hooghly,WEST BENGAL
712417,Rajhati Bandar,Hooghly,WEST BENGAL
712501,Balagarh,Hooghly,WEST BENGAL
712502,Bansberia,Hooghly,WEST BENGAL
712503,Tribeni,Hooghly,WEST BENGAL
712504,Chandrahati,Hooghly,WEST BENGAL
712512,Guptipara,Hooghly,WEST BENGAL
712513,Nayasarai,Hooghly,WEST BENGAL
712514,Sripur Bazar,Hooghly,WEST BENGAL
712515,Khamargachi,Hooghly,WEST BENGAL
712601,Arambagh,Hooghly,WEST BENGAL
712602,Chandur,Hooghly,WEST BENGAL
712611,Bengai.,Hooghly,WEST BENGAL
712612,Kamarpukur,Hooghly,WEST BENGAL
712613,Gourhati,Hooghly,WEST BENGAL
712614,Goghat.,Hooghly,WEST BENGAL
712615,Batanal,Hooghly,WEST BENGAL
712616,Balidewanganj,Hooghly,WEST BENGAL
712617,Baradangal,Hooghly,WEST BENGAL
712701,Masat,Hooghly,WEST BENGAL
712702,Chanditala,Hooghly,WEST BENGAL
712704,Kumirmorah,Hooghly,WEST BENGAL
712706,Seakhala,Hooghly,WEST BENGAL
713101,Burdwan,Purba Bardhaman,WEST BENGAL
713102,Nutanganj,Purba Bardhaman,WEST BENGAL
713103,Sripalli,Purba Bardhaman,WEST BENGAL
713104,Burdwan Rajbati,Purba Bardhaman,WEST BENGAL
713121,Aruar,Purba Bardhaman,WEST BENGAL
713122,Baidyapur,Purba Bardhaman,WEST BENGAL
713123,Banwaribad Raj,Purba Bardhaman,WEST BENGAL
713124,Barsul Unnayani,Purba Bardhaman,WEST BENGAL
713125,Bhatar,Purba Bardhaman,WEST BENGAL
713126,Bhedia,Purba Bardhaman,WEST BENGAL
713127,Bonpas,Purba Bardhaman,WEST BENGAL
713128,Gushkara,Purba Bardhaman,WEST BENGAL
713129,Kandra,Purba Bardhaman,WEST BENGAL
713130,Katwa,Purba Bardhaman,WEST BENGAL
713131,Kasenagar,Purba Bardhaman,WEST BENGAL
713132,Majigram,Purba Bardhaman,WEST BENGAL
713140,Ketugram,Purba Bardhaman,WEST BENGAL
713141,Khana Junction,Purba Bardhaman,WEST BENGAL
713142,Khandaghosh,Purba Bardhaman,WEST BENGAL
713143,Koychor,Purba Bardhaman,WEST BENGAL
713144,Mankar,Purba Bardhaman,WEST BENGAL
713145,Manteswar,Purba Bardhaman,WEST BENGAL
713146,Memari,Purba Bardhaman,WEST BENGAL
713147,Nutanhat,Purba Bardhaman,WEST BENGAL
713148,Panagar Bazara,Purba Bardhaman,WEST BENGAL
713149,Saktigarh,Purba Bardhaman,WEST BENGAL
713150,Srikhanda,Bankura,WEST BENGAL
713151,Rasulpur,Purba Bardhaman,WEST BENGAL
713152,Bamnabagram,Purba Bardhaman,WEST BENGAL
713153,Bhatkunda,Purba Bardhaman,WEST BENGAL
713154,Amadpur,Purba Bardhaman,WEST BENGAL
713156,Ausgram,Purba Bardhaman,WEST BENGAL
713166,Nabagram,Purba Bardhaman,WEST BENGAL
713201,Durgapur,Purba Bardhaman,WEST BENGAL
713202,Durgapur Coke Oven Colony,Purba Bardhaman,WEST BENGAL
713203,Durgapur Steel Project,Purba Bardhaman,WEST BENGAL
713204,Durgapur Steel Town West,Purba Bardhaman,WEST BENGAL
713205,Durgapur Steel Town East,Purba Bardhaman,WEST BENGAL
713206,Durgapur Abl Township,Purba Bardhaman,WEST BENGAL
713207,Durgapur Thermal Power Station,Purba Bardhaman,WEST BENGAL
713208,Durgapur Alloy Steel Project,Paschim Bardhaman,WEST BENGAL
713209,Durgapur Re College,Purba Bardhaman,WEST BENGAL
713210,Durgapur Heavy Engg Plant,Purba Bardhaman,WEST BENGAL
713211,Durgapur Sagarbhanga Colony,Paschim Bardhaman,WEST BENGAL
713212,Bidhannagar,Purba Bardhaman,WEST BENGAL
713213,Benachity,Purba Bardhaman,WEST BENGAL
713214,Durgapur CRPF Camp,Purba Bardhaman,WEST BENGAL
713215,Angadpur,Purba Bardhaman,WEST BENGAL
713216,City Centre,Purba Bardhaman,WEST BENGAL
713217,Oyaria,Purba Bardhaman,WEST BENGAL
713301,Asansol,Paschim Bardhaman,WEST BENGAL
713302,Dakhin Dhadka,Paschim Bardhaman,WEST BENGAL
713303,Ushagram,Paschim Bardhaman,WEST BENGAL
713304,U C Danga,Paschim Bardhaman,WEST BENGAL
713305,Ramkrishna Mission,Paschim Bardhaman,WEST BENGAL
713315,Panuria,Paschim Bardhaman,WEST BENGAL
713321,Andal,Purba Bardhaman,WEST BENGAL
713322,Bahula,Purba Bardhaman,WEST BENGAL
713323,Ballavpur,Purba Bardhaman,WEST BENGAL
713324,Barakar,Paschim Bardhaman,WEST BENGAL
713325,Burnpur,Paschim Bardhaman,WEST BENGAL
713326,Chotodighari,Paschim Bardhaman,WEST BENGAL
713330,Charanpur,Paschim Bardhaman,WEST BENGAL
713331,Chittaranjan,Paschim Bardhaman,WEST BENGAL
713332,Devchandnagar,Paschim Bardhaman,WEST BENGAL
713333,Disergarh,Paschim Bardhaman,WEST BENGAL
713334,Domahani Bazar,Paschim Bardhaman,WEST BENGAL
713335,Hindustan Cables,Paschim Bardhaman,WEST BENGAL
713336,Jamuriahat,Paschim Bardhaman,WEST BENGAL
713337,Bidhanbag,Purba Bardhaman,WEST BENGAL
713338,Kajoragram,Purba Bardhaman,WEST BENGAL
713339,Kalipahari,Paschim Bardhaman,WEST BENGAL
713340,Kalla Central Hospital,Paschim Bardhaman,WEST BENGAL
713341,Kanyapur,Paschim Bardhaman,WEST BENGAL
713342,Kenda,Purba Bardhaman,WEST BENGAL
713343,Kulti,Paschim Bardhaman,WEST BENGAL
713344,Nandi,Paschim Bardhaman,WEST BENGAL
713346,Pandaveshwar,Purba Bardhaman,WEST BENGAL
713347,Raniganj,Purba Bardhaman,WEST BENGAL
713357,Salanpur,Paschim Bardhaman,WEST BENGAL
713358,Searsole Rajbari,Purba Bardhaman,WEST BENGAL
713359,Sitarampur,Paschim Bardhaman,WEST BENGAL
713360,Sunderchak,Paschim Bardhaman,WEST BENGAL
713361,Suryanagar,Paschim Bardhaman,WEST BENGAL
713362,Toposi,Purba Bardhaman,WEST BENGAL
713363,Ukhra,Purba Bardhaman,WEST BENGAL
713365,Chittaranjan TS,Paschim Bardhaman,WEST BENGAL
713369,Kalyaneshwari,Paschim Bardhaman,WEST BENGAL
713370,Nigha,Paschim Bardhaman,WEST BENGAL
713371,Mithani,Paschim Bardhaman,WEST BENGAL
713372,Radhanagar Rly Colony,Paschim Bardhaman,WEST BENGAL
713373,Sripur Bazar,Paschim Bardhaman,WEST BENGAL
713376,Dhandadihi,Purba Bardhaman,WEST BENGAL
713378,Haripur,Purba Bardhaman,WEST BENGAL
713381,Nutandanga,Purba Bardhaman,WEST BENGAL
713384,Parasea,Purba Bardhaman,WEST BENGAL
713385,Laudoha,Purba Bardhaman,WEST BENGAL
713386,Rupnarayanpur Bazar,Paschim Bardhaman,WEST BENGAL
713401,Ajhapur,Purba Bardhaman,WEST BENGAL
713402,Arjunpur,Purba Bardhaman,WEST BENGAL
713403,Budbud,Purba Bardhaman,WEST BENGAL
713404,Chakdighi,Purba Bardhaman,WEST BENGAL
713405,Dhatrigram,Purba Bardhaman,WEST BENGAL
713406,Galsi,Purba Bardhaman,WEST BENGAL
713407,Hatgobindapur,Purba Bardhaman,WEST BENGAL
713408,Jamalpur,Purba Bardhaman,WEST BENGAL
713409,Kalna,Purba Bardhaman,WEST BENGAL
713420,Panagar,Purba Bardhaman,WEST BENGAL
713421,Raina,Purba Bardhaman,WEST BENGAL
713422,Satgachia,Purba Bardhaman,WEST BENGAL
713423,Sehara,Purba Bardhaman,WEST BENGAL
713424,Shyamsundar,Purba Bardhaman,WEST BENGAL
713426,Mandalgram,Purba Bardhaman,WEST BENGAL
713427,Uchalan,Purba Bardhaman,WEST BENGAL
713428,Adrahati,Purba Bardhaman,WEST BENGAL
713502,Dainhat,Purba Bardhaman,WEST BENGAL
713512,Patuli,Purba Bardhaman,WEST BENGAL
713513,Purbasthali,Bankura,WEST BENGAL
713514,Singhi,Bankura,WEST BENGAL
713515,Nadanghat,Purba Bardhaman,WEST BENGAL
713519,Samudragarh,Purba Bardhaman,WEST BENGAL
713520,Nityanandapur,Purba Bardhaman,WEST BENGAL
721101,Midnapore,West Midnapore,WEST BENGAL
721102,Vidyasagar University,West Midnapore,WEST BENGAL
721121,Amlagora,West Midnapore,WEST BENGAL
721122,Anandapur,West Midnapore,WEST BENGAL
721124,Ballichak,West Midnapore,WEST BENGAL
721125,Baligeria,West Midnapore,WEST BENGAL
721126,Debra Bazar,West Midnapore,WEST BENGAL
721127,Garhbeta,West Midnapore,WEST BENGAL
721128,Goaltore,West Midnapore,WEST BENGAL
721129,Godapeasal,West Midnapore,WEST BENGAL
721130,Gopalnagar,East Midnapore,WEST BENGAL
721131,Hour,West Midnapore,WEST BENGAL
721132,Reserve Bank Nm Ltd.,West Midnapore,WEST BENGAL
721133,Keshiary,West Midnapore,WEST BENGAL
721134,Kolaghat,East Midnapore,WEST BENGAL
721135,Kultikri,West Midnapore,WEST BENGAL
721136,Lowada,West Midnapore,WEST BENGAL
721137,Mechada,East Midnapore,WEST BENGAL
721139,Panskura,East Midnapore,WEST BENGAL
721140,Pingla,West Midnapore,WEST BENGAL
721143,Rohini,West Midnapore,WEST BENGAL
721144,Sabang,West Midnapore,WEST BENGAL
721145,Salua,West Midnapore,WEST BENGAL
721146,Sekendari,West Midnapore,WEST BENGAL
721147,Shalboni,West Midnapore,WEST BENGAL
721148,Kheput,West Midnapore,WEST BENGAL
721149,Madpur,West Midnapore,WEST BENGAL
721150,Keshpur,West Midnapore,WEST BENGAL
721151,Bhogpur,East Midnapore,WEST BENGAL
721152,Panskura R.S,East Midnapore,WEST BENGAL
721153,Joteghanashyam,West Midnapore,WEST BENGAL
721154,Pulsita,East Midnapore,WEST BENGAL
721155,Jalchak,West Midnapore,WEST BENGAL
721156,Marhtala,West Midnapore,WEST BENGAL
721157,Hoomgarh,West Midnapore,WEST BENGAL
721158,Baishnabchak,East Midnapore,WEST BENGAL
721159,Kharikamathani,West Midnapore,WEST BENGAL
721160,Radhamohanpur,West Midnapore,WEST BENGAL
721161,Mohar,West Midnapore,WEST BENGAL
721166,Lutunia,West Midnapore,WEST BENGAL
721167,Dalpara,East Midnapore,WEST BENGAL
721171,Ktpp T.S,East Midnapore,WEST BENGAL
721172,Nonakuribazar,East Midnapore,WEST BENGAL
721201,Chandrakona,West Midnapore,WEST BENGAL
721211,Daspur,West Midnapore,WEST BENGAL
721212,Ghatal,West Midnapore,WEST BENGAL
721222,Kharar,West Midnapore,WEST BENGAL
721232,Khirpai,West Midnapore,WEST BENGAL
721242,Ramjibanpur,West Midnapore,WEST BENGAL
721253,Satbankura,West Midnapore,WEST BENGAL
721260,Neradeul,West Midnapore,WEST BENGAL
721301,Kharagpur,West Midnapore,WEST BENGAL
721302,Kharagpur Technology,West Midnapore,WEST BENGAL
721303,Kalaikunda A F,West Midnapore,WEST BENGAL
721304,Nimpura,West Midnapore,WEST BENGAL
721305,Inda,West Midnapore,WEST BENGAL
721306,Hijli,West Midnapore,WEST BENGAL
721401,Contai,East Midnapore,WEST BENGAL
721402,Contai Super Market,East Midnapore,WEST BENGAL
721403,Contai Bazar,East Midnapore,WEST BENGAL
721404,Karkuli,East Midnapore,WEST BENGAL
721405,Athilagori,East Midnapore,WEST BENGAL
721406,Manoharchak,East Midnapore,WEST BENGAL
721420,Baita Bazar,East Midnapore,WEST BENGAL
721422,Balighai,East Midnapore,WEST BENGAL
721423,Balisai,East Midnapore,WEST BENGAL
721424,Belda,West Midnapore,WEST BENGAL
721425,Bhupatinagar,East Midnapore,WEST BENGAL
721426,Dantan,West Midnapore,WEST BENGAL
721427,Deulbarh,East Midnapore,WEST BENGAL
721428,Digha,East Midnapore,WEST BENGAL
721429,Egra,East Midnapore,WEST BENGAL
721430,Haria,East Midnapore,WEST BENGAL
721431,Janka,East Midnapore,WEST BENGAL
721432,Kalagachia,East Midnapore,WEST BENGAL
721433,Khalisabhanga,East Midnapore,WEST BENGAL
721434,Manglamaro,East Midnapore,WEST BENGAL
721435,Menkapur,West Midnapore,WEST BENGAL
721436,Mohanpur,West Midnapore,WEST BENGAL
721437,Narayangarh,West Midnapore,WEST BENGAL
721438,Panchetgarh,East Midnapore,WEST BENGAL
721439,Patashpur,East Midnapore,WEST BENGAL
721440,Pratapdighi,East Midnapore,WEST BENGAL
721441,Ramnagar,East Midnapore,WEST BENGAL
721442,Basantia,East Midnapore,WEST BENGAL
721443,Jahalda,West Midnapore,WEST BENGAL
721444,Nachinda Bazar,East Midnapore,WEST BENGAL
721445,Khakurda,West Midnapore,WEST BENGAL
721446,Sagareswar,East Midnapore,WEST BENGAL
721447,Panchrol,East Midnapore,WEST BENGAL
721448,Paniparul,East Midnapore,WEST BENGAL
721449,Marisda,East Midnapore,WEST BENGAL
721450,Junput,East Midnapore,WEST BENGAL
721451,Nekurseni,West Midnapore,WEST BENGAL
721452,Satmile,East Midnapore,WEST BENGAL
721453,Depal,East Midnapore,WEST BENGAL
721454,Amarshi,East Midnapore,WEST BENGAL
721455,Chaulkhola,East Midnapore,WEST BENGAL
721456,Argoal,East Midnapore,WEST BENGAL
721457,Gomunda,West Midnapore,WEST BENGAL
721458,Palpara,East Midnapore,WEST BENGAL
721463,Digha New Township,East Midnapore,WEST BENGAL
721467,Dasagram,West Midnapore,WEST BENGAL
721501,Belpahari,West Midnapore,WEST BENGAL
721503,Chilkigarh,West Midnapore,WEST BENGAL
721504,Dahijuri,West Midnapore,WEST BENGAL
721505,Gidni,West Midnapore,WEST BENGAL
721506,Gopi Ballavpur,West Midnapore,WEST BENGAL
721507,Jhargram,West Midnapore,WEST BENGAL
721513,Manikpara,West Midnapore,WEST BENGAL
721514,Sevayatan,West Midnapore,WEST BENGAL
721515,Silda,West Midnapore,WEST BENGAL
721516,Lalgarh,West Midnapore,WEST BENGAL
721517,Tapsia,West Midnapore,WEST BENGAL
721601,Bhagwanpur,East Midnapore,WEST BENGAL
721602,Durgachak,East Midnapore,WEST BENGAL
721603,Geonkhali,East Midnapore,WEST BENGAL
721604,Haldia,East Midnapore,WEST BENGAL
721606,Haldia O.R,East Midnapore,WEST BENGAL
721607,Haldia T.S,East Midnapore,WEST BENGAL
721624,Rangibasan,East Midnapore,WEST BENGAL
721625,Hanschara,East Midnapore,WEST BENGAL
721626,Kajlagarh,East Midnapore,WEST BENGAL
721627,Kelomal,East Midnapore,WEST BENGAL
721628,Mahisadal,East Midnapore,WEST BENGAL
721629,Moyna,East Midnapore,WEST BENGAL
721631,Nandigram,East Midnapore,WEST BENGAL
721632,Nandakumar,East Midnapore,WEST BENGAL
721633,Narghat,East Midnapore,WEST BENGAL
721634,Raghunathbari,East Midnapore,WEST BENGAL
721635,Sutahata,East Midnapore,WEST BENGAL
721636,Tamluk,East Midnapore,WEST BENGAL
721637,Abasbari,East Midnapore,WEST BENGAL
721641,Khukurdaha,West Midnapore,WEST BENGAL
721642,Arankiarana,East Midnapore,WEST BENGAL
721643,Khanchi,East Midnapore,WEST BENGAL
721644,Paramanandapur,East Midnapore,WEST BENGAL
721645,Chaitannyapur,East Midnapore,WEST BENGAL
721646,Tekhalibazar,East Midnapore,WEST BENGAL
721647,Ramchandrapur,East Midnapore,WEST BENGAL
721648,Byabattarhat,East Midnapore,WEST BENGAL
721649,Mirikpur,East Midnapore,WEST BENGAL
721650,Reapara,East Midnapore,WEST BENGAL
721651,Srirampur Mid,East Midnapore,WEST BENGAL
721652,Kumarchak,East Midnapore,WEST BENGAL
721653,Chanserpur,East Midnapore,WEST BENGAL
721654,Lakshya,East Midnapore,WEST BENGAL
721655,Kismatbajkul,East Midnapore,WEST BENGAL
721656,Terapakhia,East Midnapore,WEST BENGAL
721657,Debhog,East Midnapore,WEST BENGAL
721658,Kukrahati,East Midnapore,WEST BENGAL
721659,Mathchandipur,East Midnapore,WEST BENGAL
722101,Bankura,Bankura,WEST BENGAL
722102,Kenduadihi,Bankura,WEST BENGAL
722121,Bheduasole,Bankura,WEST BENGAL
722122,Bishnupur,Bankura,WEST BENGAL
722132,Chhatna,Bankura,WEST BENGAL
722133,Gangajalghati,Bankura,WEST BENGAL
722134,Garhraipur,Bankura,WEST BENGAL
722135,Gorabari,Bankura,WEST BENGAL
722136,Indpur,Bankura,WEST BENGAL
722137,Jhantipahari,Bankura,WEST BENGAL
722138,Joypur,Bankura,WEST BENGAL
722139,Kenjakura,Bankura,WEST BENGAL
722140,Khatra,Bankura,WEST BENGAL
722141,Kotalpur,Bankura,WEST BENGAL
722142,Maliara,Bankura,WEST BENGAL
722143,Mejhia,Bankura,WEST BENGAL
722144,Onda,Bankura,WEST BENGAL
722146,Rajagram,Bankura,WEST BENGAL
722147,Ramsagar,Bankura,WEST BENGAL
722148,Ranibandh,Bankura,WEST BENGAL
722149,Sabrakone,Bankura,WEST BENGAL
722150,Sarenga,Bankura,WEST BENGAL
722151,Simlapal,Bankura,WEST BENGAL
722152,Taldangra,Bankura,WEST BENGAL
722153,Tiluri,Bankura,WEST BENGAL
722154,Gelia,Bankura,WEST BENGAL
722155,Kesiakole,Bankura,WEST BENGAL
722156,Panchmura,Bankura,WEST BENGAL
722157,Bonradhanagar,Bankura,WEST BENGAL
722158,Saltora,Bankura,WEST BENGAL
722160,Lakshmisagar,Bankura,WEST BENGAL
722161,Jayrambati,Bankura,WEST BENGAL
722162,Fulkusma,Bankura,WEST BENGAL
722164,Bankadaha,Bankura,WEST BENGAL
722173,Jorda,Bankura,WEST BENGAL
722183,Mejia Th Power Station,Bankura,WEST BENGAL
722201,Akui,Bankura,WEST BENGAL
722202,Barjora,Bankura,WEST BENGAL
722203,Beliatore,Bankura,WEST BENGAL
722204,Hatasuria,Bankura,WEST BENGAL
722205,Indas,Bankura,WEST BENGAL
722206,Patrasayer,Bankura,WEST BENGAL
722207,Sonamukhi,Bankura,WEST BENGAL
722208,Pakhanna,Bankura,WEST BENGAL
723101,Purulia,Purulia,WEST BENGAL
723102,Dulmi-nadiha,Purulia,WEST BENGAL
723103,Namopara,Purulia,WEST BENGAL
723104,Sainik School,Purulia,WEST BENGAL
723121,Adra,Purulia,WEST BENGAL
723126,Anara RS,Purulia,WEST BENGAL
723127,Barabhum,Purulia,WEST BENGAL
723128,Balakdih,Purulia,WEST BENGAL
723129,Bundwan,Purulia,WEST BENGAL
723130,Hura,Purulia,WEST BENGAL
723131,Manbazar,Purulia,WEST BENGAL
723132,Panchakotraj,Purulia,WEST BENGAL
723133,Raghunathpur,Purulia,WEST BENGAL
723142,Ramchandrapur Ashram,Purulia,WEST BENGAL
723143,Rangadih,Purulia,WEST BENGAL
723145,Santaldih,Purulia,WEST BENGAL
723146,Santaldih T.P.,Purulia,WEST BENGAL
723147,Vivekananda Nagar,Purulia,WEST BENGAL
723148,Hutmura,Purulia,WEST BENGAL
723149,Manguria,Purulia,WEST BENGAL
723151,Puncha,Purulia,WEST BENGAL
723152,Bagmundi,Purulia,WEST BENGAL
723153,Kantadih,Purulia,WEST BENGAL
723154,Sirkabad,Purulia,WEST BENGAL
723155,Para,Purulia,WEST BENGAL
723156,Murardih,Purulia,WEST BENGAL
723161,Bargoria,Purulia,WEST BENGAL
723168,Manihara,Purulia,WEST BENGAL
723201,Garjaipur,Purulia,WEST BENGAL
723202,Jhalda,Purulia,WEST BENGAL
723212,Tulin,Purulia,WEST BENGAL
723213,Jiudaru,Purulia,WEST BENGAL
723215,Baglata,Purulia,WEST BENGAL
731101,Suri,Birbhum,WEST BENGAL
731102,Hatjanbazar,Birbhum,WEST BENGAL
731103,Barabagan,Birbhum,WEST BENGAL
731104,Bk.T.P.P,Birbhum,WEST BENGAL
731121,Abinashpur,Birbhum,WEST BENGAL
731123,Dubrajpur,Birbhum,WEST BENGAL
731124,Hetampur Rajbati,Birbhum,WEST BENGAL
731125,Khoyrasole,Birbhum,WEST BENGAL
731126,Karidhya,Birbhum,WEST BENGAL
731127,Md.Bazar,Birbhum,WEST BENGAL
731129,Purundarpur,Birbhum,WEST BENGAL
731130,Rajnagar,Birbhum,WEST BENGAL
731132,Md.Bazar Town Ship,Birbhum,WEST BENGAL
731133,Panchrahat,Birbhum,WEST BENGAL
731201,Ahmadpur,Birbhum,WEST BENGAL
731202,Baswa,Birbhum,WEST BENGAL
731204,Bolpur,Birbhum,WEST BENGAL
731214,Illambazar,Birbhum,WEST BENGAL
731215,Khujutipara,Birbhum,WEST BENGAL
731216,Mallarpur,Birbhum,WEST BENGAL
731218,Mayureswar,Birbhum,WEST BENGAL
731219,Murarai,Birbhum,WEST BENGAL
731220,Nalhati,Birbhum,WEST BENGAL
731221,Paikar,Birbhum,WEST BENGAL
731222,Rajgaon,Birbhum,WEST BENGAL
731223,R K Sikshapith,Birbhum,WEST BENGAL
731224,Rampurhat,Birbhum,WEST BENGAL
731233,Chandipur Tarapith,Birbhum,WEST BENGAL
731234,Sainthia,Birbhum,WEST BENGAL
731235,Santiniketan,Birbhum,WEST BENGAL
731236,Sriniketan,Birbhum,WEST BENGAL
731237,Lohapur,Birbhum,WEST BENGAL
731238,Chatra,Birbhum,WEST BENGAL
731240,Bahiri,Birbhum,WEST BENGAL
731241,Chandpara,Birbhum,WEST BENGAL
731242,Kurumgram,Birbhum,WEST BENGAL
731243,Nalhati Township,Birbhum,WEST BENGAL
731244,Bishnupur,Birbhum,WEST BENGAL
731245,Dakshingram,Birbhum,WEST BENGAL
731301,Ch.Nanoor,Birbhum,WEST BENGAL
731302,Kirnahar,Birbhum,WEST BENGAL
731303,Labpur,Birbhum,WEST BENGAL
731304,Kurunnahar,Birbhum,WEST BENGAL
732101,Malda,Malda,WEST BENGAL
732102,Jhaljhalia Railway Colony,Malda,WEST BENGAL
732103,Mukdumpur,Malda,WEST BENGAL
732121,Aiho,Malda,WEST BENGAL
732122,Bulbulchadi,Malda,WEST BENGAL
732123,Chanchal,Malda,WEST BENGAL
732124,Gajol,Malda,WEST BENGAL
732125,Harishchandrapur,Malda,WEST BENGAL
732126,Kaligaon,Malda,WEST BENGAL
732127,Khejuriaghat,Malda,WEST BENGAL
732128,Old Malda,Malda,WEST BENGAL
732138,Pakuahat,Malda,WEST BENGAL
732139,Samsi,Malda,WEST BENGAL
732140,Tulsihatta,Malda,WEST BENGAL
732141,Narayanpur,Malda,WEST BENGAL
732142,Mangalbari,Malda,WEST BENGAL
732143,Arapur,Malda,WEST BENGAL
732144,Kotwali,Malda,WEST BENGAL
732147,Bamangola,Malda,WEST BENGAL
732150,Kharba,Malda,WEST BENGAL
732201,Kaliachak,Malda,WEST BENGAL
732202,Manikchak,Malda,WEST BENGAL
732203,Mathurapur,Malda,WEST BENGAL
732204,Paranpur,Malda,WEST BENGAL
732205,Ratua,Malda,WEST BENGAL
732206,Sujapur,Malda,WEST BENGAL
732207,Mothabari,Malda,WEST BENGAL
732208,Amrity,Malda,WEST BENGAL
732209,Sovanagar,Malda,WEST BENGAL
732210,Baishnabnagar,Malda,WEST BENGAL
732211,Milki,Malda,WEST BENGAL
732212,Jadupur,Malda,WEST BENGAL
732213,Pukhuria,Malda,WEST BENGAL
732214,Araidanga,Malda,WEST BENGAL
732215,Pubarun,Malda,WEST BENGAL
732216,Mahadipur,Malda,WEST BENGAL
733101,Balurghat,South Dinajpur,WEST BENGAL
733102,Chakvrigu,South Dinajpur,WEST BENGAL
733103,Beltala Park,South Dinajpur,WEST BENGAL
733121,Buniadpur,South Dinajpur,WEST BENGAL
733123,Debinagar,North Dinajpur,WEST BENGAL
733124,Gangarampur,South Dinajpur,WEST BENGAL
733125,Harirampur,South Dinajpur,WEST BENGAL
733126,Hili,South Dinajpur,WEST BENGAL
733127,Tapan,South Dinajpur,WEST BENGAL
733128,Itahar,North Dinajpur,WEST BENGAL
733129,Kaliyaganj,North Dinajpur,WEST BENGAL
733130,Karnojora,North Dinajpur,WEST BENGAL
733132,Kushmandi,South Dinajpur,WEST BENGAL
733133,Patiram,South Dinajpur,WEST BENGAL
733134,Raiganj,North Dinajpur,WEST BENGAL
733140,Rampur,South Dinajpur,WEST BENGAL
733141,Gopalganj,South Dinajpur,WEST BENGAL
733142,Nayabazar,South Dinajpur,WEST BENGAL
733143,Bhupalpur,North Dinajpur,WEST BENGAL
733145,Teor,South Dinajpur,WEST BENGAL
733156,Bindole,North Dinajpur,WEST BENGAL
733158,Atrai,South Dinajpur,WEST BENGAL
733201,Dalkhola,North Dinajpur,WEST BENGAL
733202,Islampur,North Dinajpur,WEST BENGAL
733207,Ramganj,North Dinajpur,WEST BENGAL
733208,Panjipara,North Dinajpur,WEST BENGAL
733209,Kanki,North Dinajpur,WEST BENGAL
733210,Goalpokher,North Dinajpur,WEST BENGAL
733215,Karandighi,North Dinajpur,WEST BENGAL
734001,Siliguri,Darjiling,WEST BENGAL
734002,Salbari,Darjiling,WEST BENGAL
734003,Pradhan Nagar,Darjiling,WEST BENGAL
734004,Siliguri Town,Darjiling,WEST BENGAL
734005,Siliguri Bazar,Darjiling,WEST BENGAL
734006,Rabindra Sarani,Jalpaiguri,WEST BENGAL
734007,Bhaktinagar,Jalpaiguri,WEST BENGAL
734008,Salugarah,Darjiling,WEST BENGAL
734009,Sukna,Darjiling,WEST BENGAL
734010,Matigara,Darjiling,WEST BENGAL
734011,Kadamtala,Darjiling,WEST BENGAL
734012,Sushrut Nagar,Darjiling,WEST BENGAL
734013,North Bengal University,Darjiling,WEST BENGAL
734014,Bagdogra,Darjiling,WEST BENGAL
734015,Mahananda Project,Jalpaiguri,WEST BENGAL
734101,Darjeeling,Darjiling,WEST BENGAL
734102,Ghoom,Darjiling,WEST BENGAL
734103,Jalpahar,Darjiling,WEST BENGAL
734104,North Point,Darjiling,WEST BENGAL
734105,Lebong,Darjiling,WEST BENGAL
734121,Dooteriah,Darjiling,WEST BENGAL
734123,Rangbull,Darjiling,WEST BENGAL
734124,Tukvar,Darjiling,WEST BENGAL
734201,Bijanbari,Darjiling,WEST BENGAL
734203,Kurseong,Darjiling,WEST BENGAL
734204,Dowhill,Darjiling,WEST BENGAL
734213,Lopchu,Darjiling,WEST BENGAL
734214,Mirik,Darjiling,WEST BENGAL
734215,Nagrispur,Darjiling,WEST BENGAL
734216,Pokhriabong,Darjiling,WEST BENGAL
734217,Pankhabari,Darjiling,WEST BENGAL
734218,Phuguri,Darjiling,WEST BENGAL
734219,Sonada,Darjiling,WEST BENGAL
734220,St.Mary's Hill,Darjiling,WEST BENGAL
734221,Sukhiapokhari,Darjiling,WEST BENGAL
734222,Takdah,Darjiling,WEST BENGAL
734223,Tindharia,Darjiling,WEST BENGAL
734224,Tung,Darjiling,WEST BENGAL
734226,Rangli Rangliot,Darjiling,WEST BENGAL
734227,Soureni Bazar,Darjiling,WEST BENGAL
734301,Kalimpong,Kalimpong,WEST BENGAL
734311,Pedong,Kalimpong,WEST BENGAL
734312,Tista Bridge,Kalimpong,WEST BENGAL
734313,Mungpoo,Darjiling,WEST BENGAL
734314,Algarah,Kalimpong,WEST BENGAL
734315,Munsong,Kalimpong,WEST BENGAL
734316,Topkhana,Kalimpong,WEST BENGAL
734317,Echhey,Darjiling,WEST BENGAL
734320,Kalijhora,Darjiling,WEST BENGAL
734321,Reang,Darjiling,WEST BENGAL
734421,Bagdogra Air Port,Darjiling,WEST BENGAL
734423,Belgachi,Darjiling,WEST BENGAL
734424,Bendubi,Darjiling,WEST BENGAL
734425,Bidhan Nagar,Darjiling,WEST BENGAL
734426,Kamala Bagan,Darjiling,WEST BENGAL
734427,Khoribari,Darjiling,WEST BENGAL
734429,Naksalbari,Darjiling,WEST BENGAL
734431,Sahabad,Darjiling,WEST BENGAL
734434,Phansidewa,Darjiling,WEST BENGAL
734436,Chathat,Darjiling,WEST BENGAL
734501,Bagrakote,Jalpaiguri,WEST BENGAL
734503,Jaldhaka Hydel Project,Darjiling,WEST BENGAL
735101,Jalpaiguri,Jalpaiguri,WEST BENGAL
735102,Jpg.Govt Engg College,Jalpaiguri,WEST BENGAL
735121,Danguajhar,Jalpaiguri,WEST BENGAL
735122,Haldibari,Cooch Behar,WEST BENGAL
735132,Pandapara Kalibari,Jalpaiguri,WEST BENGAL
735133,Prasannanagar,Jalpaiguri,WEST BENGAL
735134,Rajganj,Jalpaiguri,WEST BENGAL
735135,Kamarvita,Jalpaiguri,WEST BENGAL
735202,Banarhat,Jalpaiguri,WEST BENGAL
735203,Binnaguri,Jalpaiguri,WEST BENGAL
735204,Birpara,Alipurduar,WEST BENGAL
735205,Carron,Jalpaiguri,WEST BENGAL
735206,Chalsa,Jalpaiguri,WEST BENGAL
735207,Chamurchi,Jalpaiguri,WEST BENGAL
735208,Dalsingpara,Alipurduar,WEST BENGAL
735209,Damdim,Jalpaiguri,WEST BENGAL
735210,Dhupguri,Jalpaiguri,WEST BENGAL
735211,Falakata,Alipurduar,WEST BENGAL
735212,Gairkata,Jalpaiguri,WEST BENGAL
735213,Gopalbagan,Alipurduar,WEST BENGAL
735214,Hamiltonganj,Alipurduar,WEST BENGAL
735215,Hasimara,Alipurduar,WEST BENGAL
735216,Jateswar,Alipurduar,WEST BENGAL
735217,Kalchini,Alipurduar,WEST BENGAL
735218,Krantihat,Jalpaiguri,WEST BENGAL
735219,Lataguri,Jalpaiguri,WEST BENGAL
735220,Madarihat,Alipurduar,WEST BENGAL
735221,Mal,Jalpaiguri,WEST BENGAL
735222,Manabari,Jalpaiguri,WEST BENGAL
735223,Matelli,Jalpaiguri,WEST BENGAL
735224,Maynaguri,Jalpaiguri,WEST BENGAL
735225,Nagrakata,Jalpaiguri,WEST BENGAL
735226,Panabasti,Alipurduar,WEST BENGAL
735227,Rajabhatkhawa,Alipurduar,WEST BENGAL
735228,Ramjhora,Alipurduar,WEST BENGAL
735229,Sailihat,Jalpaiguri,WEST BENGAL
735230,Baradighi,Jalpaiguri,WEST BENGAL
735231,Fagu,Darjiling,WEST BENGAL
735232,Binnaguri Cantt,Jalpaiguri,WEST BENGAL
735233,Nathuahat,Jalpaiguri,WEST BENGAL
735234,Gajaldoba,Jalpaiguri,WEST BENGAL
735301,Changrabandha,Cooch Behar,WEST BENGAL
735302,Domohani,Jalpaiguri,WEST BENGAL
735303,Jamaldah,Jalpaiguri,WEST BENGAL
735304,Mekhliganj,Cooch Behar,WEST BENGAL
735305,Bhotepatty,Jalpaiguri,WEST BENGAL
736101,Cooch Behar,Cooch Behar,WEST BENGAL
736121,Alipurduar MDG,Alipurduar,WEST BENGAL
736122,Alipurduar Court,Alipurduar,WEST BENGAL
736123,Alipurduar Junction,Alipurduar,WEST BENGAL
736131,Bakshirhat,Cooch Behar,WEST BENGAL
736133,Baneswar,Cooch Behar,WEST BENGAL
736134,Dewanhat,Cooch Behar,WEST BENGAL
736135,Dinhata,Cooch Behar,WEST BENGAL
736145,Gossanimari,Cooch Behar,WEST BENGAL
736146,Mathabhanga,Cooch Behar,WEST BENGAL
736156,Nilkuthi,Cooch Behar,WEST BENGAL
736157,Nishiganj,Cooch Behar,WEST BENGAL
736158,Sitalkuchi,Cooch Behar,WEST BENGAL
736159,Tufanganj,Cooch Behar,WEST BENGAL
736160,Tufanganj New Town,Cooch Behar,WEST BENGAL
736165,Pundibari,Cooch Behar,WEST BENGAL
736167,Sitaihat,Cooch Behar,WEST BENGAL
736168,Bamanhat,Cooch Behar,WEST BENGAL
736169,Nigamnagar,Cooch Behar,WEST BENGAL
736170,Ghughumari,Cooch Behar,WEST BENGAL
736171,Ghoksadanga,Cooch Behar,WEST BENGAL
736172,Gossairhat Bandar,Cooch Behar,WEST BENGAL
736176,Sahebganj,Cooch Behar,WEST BENGAL
736179,New Cooch Behar,Cooch Behar,WEST BENGAL
736182,New Market Jaigaon,Alipurduar,WEST BENGAL
736201,Hatipotha,Alipurduar,WEST BENGAL
736202,Kamakhyaguri,Alipurduar,WEST BENGAL
736203,Kumargramduar,Alipurduar,WEST BENGAL
736204,Mathurabagan,Alipurduar,WEST BENGAL
736205,New Lands,Alipurduar,WEST BENGAL
736206,Saontalpur,Alipurduar,WEST BENGAL
736207,Barobisha,Alipurduar,WEST BENGAL
736208,Salsalabari,Alipurduar,WEST BENGAL
737101,Gangtok,East Sikkim,SIKKIM
737102,Tadong,East Sikkim,SIKKIM
737103,Rajbhawan,East Sikkim,SIKKIM
737106,Pakyong,East Sikkim,SIKKIM
737107,Dikchu,East Sikkim,SIKKIM
737111,Gayzing,West Sikkim,SIKKIM
737113,Pelling,West Sikkim,SIKKIM
737116,Mangan,North Sikkim,SIKKIM
737120,Chungthang,North Sikkim,SIKKIM
737121,Naya Bazar,West Sikkim,SIKKIM
737126,Namchi,South Sikkim,SIKKIM
737128,Melli Bazar,South Sikkim,SIKKIM
737131,Rangli Bazar,East Sikkim,SIKKIM
737132,Rangpo,East Sikkim,SIKKIM
737133,Rhenock,East Sikkim,SIKKIM
737134,Singtam,East Sikkim,SIKKIM
737135,Ranipool,East Sikkim,SIKKIM
737136,Majitar,East Sikkim,SIKKIM
737139,Ravangla,South Sikkim,SIKKIM
741101,Krishnanagar,Nadia,WEST BENGAL
741102,Saktinagar,Nadia,WEST BENGAL
741103,Ghurni,Nadia,WEST BENGAL
741121,Badkulla,Nadia,WEST BENGAL
741122,Bagchi Jamsherpur,Nadia,WEST BENGAL
741123,Bangaljhi,Nadia,WEST BENGAL
741124,Bara Andulia,Nadia,WEST BENGAL
741125,Belpukur,Nadia,WEST BENGAL
741126,Bethuadahari,Nadia,WEST BENGAL
741127,Birnagar,Nadia,WEST BENGAL
741137,Debagram,Nadia,WEST BENGAL
741138,Dharmada,Nadia,WEST BENGAL
741139,Dhubulia,Nadia,WEST BENGAL
741140,Dhubulia T B Hospital,Nadia,WEST BENGAL
741150,Kaliganj,Nadia,WEST BENGAL
741151,Dhakshinpara,Nadia,WEST BENGAL
741152,Karimpur,Nadia,WEST BENGAL
741153,Matiari,Nadia,WEST BENGAL
741154,Muragachha,Nadia,WEST BENGAL
741155,Palashipara,Nadia,WEST BENGAL
741156,Plassey,Nadia,WEST BENGAL
741157,Plassey Sugar Mill,Nadia,WEST BENGAL
741158,Shikarpur,Nadia,WEST BENGAL
741159,Taherpur,Nadia,WEST BENGAL
741160,Tehatta,Nadia,WEST BENGAL
741161,Assannagar,Nadia,WEST BENGAL
741162,Kasiadanga,Nadia,WEST BENGAL
741163,Betai,Nadia,WEST BENGAL
741164,Dayer Bazar,Nadia,WEST BENGAL
741165,Nazirpur,Nadia,WEST BENGAL
741166,Seemanagar,Nadia,WEST BENGAL
741167,Bhimpur,Nadia,WEST BENGAL
741181,Paglachandi,Nadia,WEST BENGAL
741201,Ranaghat,Nadia,WEST BENGAL
741202,Nasra,Nadia,WEST BENGAL
741221,Barajaguli,Nadia,WEST BENGAL
741222,Chakdah,Nadia,WEST BENGAL
741223,Purbabishnupur,Nadia,WEST BENGAL
741232,Cooper's Camp,Nadia,WEST BENGAL
741234,Gayeshpur,Nadia,WEST BENGAL
741235,Kalyani,Nadia,WEST BENGAL
741238,Gangnapur,Nadia,WEST BENGAL
741245,Madanpur,Nadia,WEST BENGAL
741246,Mohanpur,Nadia,WEST BENGAL
741247,Pritinagar,Nadia,WEST BENGAL
741248,Simurali,Nadia,WEST BENGAL
741249,Subarnapur,Nadia,WEST BENGAL
741250,Kataganj,Nadia,WEST BENGAL
741251,Netajisubhas Sanatorium,Nadia,WEST BENGAL
741252,Krishivisyavidyalaya,Nadia,WEST BENGAL
741253,Anishmali,Nadia,WEST BENGAL
741254,Kalinarayanpur,Nadia,WEST BENGAL
741255,Anulia,Nadia,WEST BENGAL
741256,Begopara,Nadia,WEST BENGAL
741257,Nagarukhra,Nadia,WEST BENGAL
741301,Char Brahmanagar,Nadia,WEST BENGAL
741302,Nabadwip,Nadia,WEST BENGAL
741313,Sreemayapur,Nadia,WEST BENGAL
741315,Swarupganj,Nadia,WEST BENGAL
741316,Srirampur,Nadia,WEST BENGAL
741317,Joania Bhaluka,Nadia,WEST BENGAL
741319,Bidyanagar,Nadia,WEST BENGAL
741401,Dignagar,Nadia,WEST BENGAL
741402,Fulia Colony,Nadia,WEST BENGAL
741404,Santipur,Nadia,WEST BENGAL
741501,Arangahta,Nadia,WEST BENGAL
741502,Bagula,Nadia,WEST BENGAL
741503,Banpur,Nadia,WEST BENGAL
741504,Duttapulia,Nadia,WEST BENGAL
741505,Hanskhali,Nadia,WEST BENGAL
741506,Krishnaganj,Nadia,WEST BENGAL
741507,Majdia,Nadia,WEST BENGAL
741508,Khalboalia,Nadia,WEST BENGAL
741509,Chandannagar,Nadia,WEST BENGAL
742101,Berhampore,Murshidabad,WEST BENGAL
742102,Cossimbazar Raj,Murshidabad,WEST BENGAL
742103,Khagra,Murshidabad,WEST BENGAL
742104,D.L.S.S.J.dham,Murshidabad,WEST BENGAL
742113,Debipur,Murshidabad,WEST BENGAL
742121,Amtala,Murshidabad,WEST BENGAL
742122,Azimganj,Murshidabad,WEST BENGAL
742123,Jiaganj,Murshidabad,WEST BENGAL
742132,Barwan,Murshidabad,WEST BENGAL
742133,Beldanga,Murshidabad,WEST BENGAL
742134,Bhabta,Murshidabad,WEST BENGAL
742135,Bhagabangola,Murshidabad,WEST BENGAL
742136,Gokarna,Murshidabad,WEST BENGAL
742137,Kandi,Murshidabad,WEST BENGAL
742138,Bagdanga,Murshidabad,WEST BENGAL
742140,Jemo Rajbati,Murshidabad,WEST BENGAL
742147,Khargram,Murshidabad,WEST BENGAL
742148,Lalgola,Murshidabad,WEST BENGAL
742149,Murshidabad,Murshidabad,WEST BENGAL
742151,Rajarampur,Murshidabad,WEST BENGAL
742159,Nagar,Murshidabad,WEST BENGAL
742160,Nashipur Rajbati,Murshidabad,WEST BENGAL
742161,Panchthupi,Murshidabad,WEST BENGAL
742163,Saktipur,Murshidabad,WEST BENGAL
742164,Roshanbagh,Murshidabad,WEST BENGAL
742165,Baruipara,Murshidabad,WEST BENGAL
742166,Hariharpara,Murshidabad,WEST BENGAL
742168,Andi,Murshidabad,WEST BENGAL
742174,Sarbangapur,Murshidabad,WEST BENGAL
742175,Sabdarnagar,Murshidabad,WEST BENGAL
742184,Nabagram,Murshidabad,WEST BENGAL
742187,Radharghat,Murshidabad,WEST BENGAL
742189,Barua,Murshidabad,WEST BENGAL
742201,Aurangabad,Murshidabad,WEST BENGAL
742202,Dhuliyan,Murshidabad,WEST BENGAL
742212,Farakka Barrage,Murshidabad,WEST BENGAL
742213,Jangipur,Murshidabad,WEST BENGAL
742223,Jangipur Barrage,Murshidabad,WEST BENGAL
742224,Nimtita,Murshidabad,WEST BENGAL
742225,Raghunathganj,Murshidabad,WEST BENGAL
742226,Sagardighi,Murshidabad,WEST BENGAL
742227,Gankar,Murshidabad,WEST BENGAL
742235,Barala,Murshidabad,WEST BENGAL
742236,Nabarun,Murshidabad,WEST BENGAL
742237,Manigram,Murshidabad,WEST BENGAL
742238,Palsandamore,Murshidabad,WEST BENGAL
742301,Bharatpur,Murshidabad,WEST BENGAL
742302,Daulatabad,Murshidabad,WEST BENGAL
742303,Dumkal,Murshidabad,WEST BENGAL
742304,Islampore,Murshidabad,WEST BENGAL
742305,Jalangi,Murshidabad,WEST BENGAL
742306,Sagarpara,Murshidabad,WEST BENGAL
742308,Raninagar,Murshidabad,WEST BENGAL
742401,Salar,Murshidabad,WEST BENGAL
742402,Talibpur,Murshidabad,WEST BENGAL
742404,Tenya,Murshidabad,WEST BENGAL
742405,Satui,Murshidabad,WEST BENGAL
742406,Basantpur,Murshidabad,WEST BENGAL
742407,Chaltia,Murshidabad,WEST BENGAL
742408,Sargachi Ashram,Murshidabad,WEST BENGAL
742409,Shaikhpara,Murshidabad,WEST BENGAL
742410,Rejinagar,Murshidabad,WEST BENGAL
743122,Bengal Enamel,North 24 Parganas,WEST BENGAL
743123,Bhatpara,North 24 Parganas,WEST BENGAL
743124,ESD,North 24 Parganas,WEST BENGAL
743125,Jagatdal,North 24 Parganas,WEST BENGAL
743126,Kankinara,North 24 Parganas,WEST BENGAL
743127,Shyamnagar,North 24 Parganas,WEST BENGAL
743128,Athpur,North 24 Parganas,WEST BENGAL
743129,Fingapara,North 24 Parganas,WEST BENGAL
743130,Dogachia,North 24 Parganas,WEST BENGAL
743133,Garulia,North 24 Parganas,WEST BENGAL
743134,Halishahar,North 24 Parganas,WEST BENGAL
743135,Hazinagar,North 24 Parganas,WEST BENGAL
743136,Nabanagar,North 24 Parganas,WEST BENGAL
743144,Ichapur Nawabganj,North 24 Parganas,WEST BENGAL
743145,Kanchrapara,North 24 Parganas,WEST BENGAL
743165,Naihati,North 24 Parganas,WEST BENGAL
743166,Gorifa,North 24 Parganas,WEST BENGAL
743193,Kampa,North 24 Parganas,WEST BENGAL
743194,Ramlakshi Busti Lane,North 24 Parganas,WEST BENGAL
743221,Arkhali Amdanga,North 24 Parganas,WEST BENGAL
743222,Asoknagar,North 24 Parganas,WEST BENGAL
743223,Haripur,North 24 Parganas,WEST BENGAL
743232,Bagdah,North 24 Parganas,WEST BENGAL
743233,Banipur,North 24 Parganas,WEST BENGAL
743234,Bira Ballavepara,North 24 Parganas,WEST BENGAL
743235,Bongaon,North 24 Parganas,WEST BENGAL
743245,Chand Para Bazar,North 24 Parganas,WEST BENGAL
743247,Dakshin Chatra,North 24 Parganas,WEST BENGAL
743248,Duttapukur,North 24 Parganas,WEST BENGAL
743249,Gaighata,North 24 Parganas,WEST BENGAL
743251,Ganrapota,North 24 Parganas,WEST BENGAL
743252,Gobardanga,North 24 Parganas,WEST BENGAL
743262,Gopalnagar,North 24 Parganas,WEST BENGAL
743263,Habra,North 24 Parganas,WEST BENGAL
743268,Habra Prafulla Nagar,North 24 Parganas,WEST BENGAL
743270,Helencha Colony,North 24 Parganas,WEST BENGAL
743271,Hijalpukuria,North 24 Parganas,WEST BENGAL
743272,Kalyangarh,North 24 Parganas,WEST BENGAL
743273,Khantura,North 24 Parganas,WEST BENGAL
743286,Swarupnagar,North 24 Parganas,WEST BENGAL
743287,Thakurnagar,North 24 Parganas,WEST BENGAL
743289,Maslandapur,North 24 Parganas,WEST BENGAL
743290,Nahata,North 24 Parganas,WEST BENGAL
743291,Champapukur,North 24 Parganas,WEST BENGAL
743292,Itinda,North 24 Parganas,WEST BENGAL
743293,Jadurhati,North 24 Parganas,WEST BENGAL
743294,Chhoto Jagulia,North 24 Parganas,WEST BENGAL
743297,Sindrani,North 24 Parganas,WEST BENGAL
743312,Basanti,South 24 Parganas,WEST BENGAL
743318,Birlapur,South 24 Parganas,WEST BENGAL
743329,Canning Town,South 24 Parganas,WEST BENGAL
743330,Champahati,South 24 Parganas,WEST BENGAL
743331,Diamond Harbour,South 24 Parganas,WEST BENGAL
743332,Hatuganj,South 24 Parganas,WEST BENGAL
743336,Ghateswar,South 24 Parganas,WEST BENGAL
743337,Joynagar Majilpur,South 24 Parganas,WEST BENGAL
743338,Nimpith Ashram,South 24 Parganas,WEST BENGAL
743345,Bijoyganj Bazar,South 24 Parganas,WEST BENGAL
743347,Kakdwip,South 24 Parganas,WEST BENGAL
743348,Karanjali,South 24 Parganas,WEST BENGAL
743349,Kashinagar,South 24 Parganas,WEST BENGAL
743351,Kulpi,South 24 Parganas,WEST BENGAL
743354,Mathurapur RS,South 24 Parganas,WEST BENGAL
743355,Magrahat,South 24 Parganas,WEST BENGAL
743356,Mud Point,South 24 Parganas,WEST BENGAL
743357,Nam Khana,South 24 Parganas,WEST BENGAL
743363,Bansra,South 24 Parganas,WEST BENGAL
743368,Sarisha,South 24 Parganas,WEST BENGAL
743370,Gosaba,South 24 Parganas,WEST BENGAL
743371,Pathar Pratima,South 24 Parganas,WEST BENGAL
743372,Dakshin Barasat,South 24 Parganas,WEST BENGAL
743373,Rudra Nagar,South 24 Parganas,WEST BENGAL
743374,Nishchinta Pur,South 24 Parganas,WEST BENGAL
743375,Usthi,South 24 Parganas,WEST BENGAL
743376,Taldi,South 24 Parganas,WEST BENGAL
743377,Bakrahat,South 24 Parganas,WEST BENGAL
743378,Chhoto Mollakhali,South 24 Parganas,WEST BENGAL
743383,Raidighi,South 24 Parganas,WEST BENGAL
743387,Piyali Town,South 24 Parganas,WEST BENGAL
743395,South Bishnupur,South 24 Parganas,WEST BENGAL
743399,Dholahat,South 24 Parganas,WEST BENGAL
743401,Baduria,North 24 Parganas,WEST BENGAL
743405,Petrapole,North 24 Parganas,WEST BENGAL
743411,Basirhat,North 24 Parganas,WEST BENGAL
743412,Basirhat College,North 24 Parganas,WEST BENGAL
743422,Bhabla,North 24 Parganas,WEST BENGAL
743423,Deganga,North 24 Parganas,WEST BENGAL
743424,Debalaya,North 24 Parganas,WEST BENGAL
743425,Haroa,North 24 Parganas,WEST BENGAL
743426,Hasnabad,North 24 Parganas,WEST BENGAL
743427,Katiahat,North 24 Parganas,WEST BENGAL
743428,Kholapota,North 24 Parganas,WEST BENGAL
743429,Taki,North 24 Parganas,WEST BENGAL
743435,Hingalganj,North 24 Parganas,WEST BENGAL
743437,Dhanyakuria,North 24 Parganas,WEST BENGAL
743438,Kolsur,North 24 Parganas,WEST BENGAL
743439,Hatgachha,North 24 Parganas,WEST BENGAL
743442,Nazat Hatkhola,North 24 Parganas,WEST BENGAL
743445,Gopalpur,North 24 Parganas,WEST BENGAL
743446,Sandeshkhali,North 24 Parganas,WEST BENGAL
743456,Bhebia,North 24 Parganas,WEST BENGAL
743502,Bhangar,South 24 Parganas,WEST BENGAL
743503,Bishnupur,South 24 Parganas,WEST BENGAL
743504,Falta,South 24 Parganas,WEST BENGAL
743513,Fatehpur,South 24 Parganas,WEST BENGAL
743609,Hansuri,South 24 Parganas,WEST BENGAL
743610,Madarat,South 24 Parganas,WEST BENGAL
743611,Pathan Khali,South 24 Parganas,WEST BENGAL
743613,South Garia,South 24 Parganas,WEST BENGAL
743701,Palla,North 24 Parganas,WEST BENGAL
743702,Rajibpur,North 24 Parganas,WEST BENGAL
743704,Guma,North 24 Parganas,WEST BENGAL
743710,Goribpur,North 24 Parganas,WEST BENGAL
743711,Suria,North 24 Parganas,WEST BENGAL
744101,Port Blair,South Andaman,ANDAMAN & NICOBAR ISLANDS
744102,Haddo,South Andaman,ANDAMAN & NICOBAR ISLANDS
744103,Junglighat,South Andaman,ANDAMAN & NICOBAR ISLANDS
744104,Aberdeen  Bazar,South Andaman,ANDAMAN & NICOBAR ISLANDS
744105,Garacharama,South Andaman,ANDAMAN & NICOBAR ISLANDS
744106,Shadipur,South Andaman,ANDAMAN & NICOBAR ISLANDS
744107,Bambooflat,South Andaman,ANDAMAN & NICOBAR ISLANDS
744112,Chakragaon,South Andaman,ANDAMAN & NICOBAR ISLANDS
744201,Betapur,North And Middle Andaman,ANDAMAN & NICOBAR ISLANDS
744202,Diglipur,North And Middle Andaman,ANDAMAN & NICOBAR ISLANDS
744203,Long Island,North And Middle Andaman,ANDAMAN & NICOBAR ISLANDS
744204,Mayabander,North And Middle Andaman,ANDAMAN & NICOBAR ISLANDS
744205,Rangat,North And Middle Andaman,ANDAMAN & NICOBAR ISLANDS
744206,Wimberlygunj,South Andaman,ANDAMAN & NICOBAR ISLANDS
744207,Hut  Bay,South Andaman,ANDAMAN & NICOBAR ISLANDS
744209,Kadamtala,North And Middle Andaman,ANDAMAN & NICOBAR ISLANDS
744210,Oralkatcha,North And Middle Andaman,ANDAMAN & NICOBAR ISLANDS
744211,Havelock,South Andaman,ANDAMAN & NICOBAR ISLANDS
744301,Carnicobar,Nicobar,ANDAMAN & NICOBAR ISLANDS
744302,Campbelbay,Nicobar,ANDAMAN & NICOBAR ISLANDS
744303,Nancowrie,Nicobar,ANDAMAN & NICOBAR ISLANDS
744304,Kapanga,Nicobar,ANDAMAN & NICOBAR ISLANDS
751001,Bhubaneswar G.P.O.,Khorda,ODISHA
751002,Old Town,Khorda,ODISHA
751003,Baramunda Colony,Khorda,ODISHA
751004,Utkal University,Khorda,ODISHA
751005,Sainik School,Khorda,ODISHA
751006,Budheswari Colony,Khorda,ODISHA
751007,Saheed Nagar,Khorda,ODISHA
751008,Rajbhawan,Khorda,ODISHA
751009,Ashok Nagar,Khorda,ODISHA
751010,Rasulgarh,Khorda,ODISHA
751011,C R P Lines,Khorda,ODISHA
751012,Nayapalli,Khorda,ODISHA
751013,Regional Research Laboratory,Khorda,ODISHA
751014,B J B Nagar,Khorda,ODISHA
751015,I R C Village,Khorda,ODISHA
751016,Chandra Sekhar Pur,Khorda,ODISHA
751017,Mancheswar Railway Colony,Khorda,ODISHA
751018,Badagarh Brit Colony,Khorda,ODISHA
751019,Dumduma Housing Board Colony,Khorda,ODISHA
751020,Aerodrome Area,Khorda,ODISHA
751021,Sailashree Vihar,Khorda,ODISHA
751022,Bhoinagar,Khorda,ODISHA
751023,S.E Rly.Proj. Complex,Khorda,ODISHA
751024,K I I T,Khorda,ODISHA
751025,G.G.P.Colony,Khorda,ODISHA
751026,N.M.D OF PARCEL CENTRE Bhubaneswar,Khorda,ODISHA
751027,International Business Centre,Khorda,ODISHA
751028,Tamando,Khorda,ODISHA
751029,Mahalaxmivihar,Khorda,ODISHA
751030,Khandagiri,Khorda,ODISHA
751031,Patia,Khorda,ODISHA
752001,Puri,Puri,ODISHA
752002,Puri Station Road,Puri,ODISHA
752003,Srivihar,Puri,ODISHA
752010,Panaspada,Puri,ODISHA
752011,Brahmagiri,Puri,ODISHA
752012,Chandanpur,Puri,ODISHA
752013,Basudevpur,Puri,ODISHA
752014,Sakhigopal,Puri,ODISHA
752015,Delang,Puri,ODISHA
752016,Berboi,Puri,ODISHA
752017,Kanas,Puri,ODISHA
752018,Narangarh,Khorda,ODISHA
752019,Nirakarpur,Khorda,ODISHA
752020,Jankia,Khorda,ODISHA
752021,Singipur,Khorda,ODISHA
752022,Kaluparaghat,Khorda,ODISHA
752023,Tangi,Khorda,ODISHA
752024,Chandapur,Nayagarh,ODISHA
752025,Gopalpur,Nayagarh,ODISHA
752026,Rajranpur,Nayagarh,ODISHA
752027,Kuhuri,Khorda,ODISHA
752030,Balugaon,Khorda,ODISHA
752031,Banpur,Khorda,ODISHA
752032,Parikudgarh,Puri,ODISHA
752034,Gangadharpur,Khorda,ODISHA
752035,Gambharimunda,Khorda,ODISHA
752037,Navalbasechilika,Khorda,ODISHA
752038,Siko,Khorda,ODISHA
752045,Gabakunda,Puri,ODISHA
752046,Satasankha,Puri,ODISHA
752050,Jatni,Khorda,ODISHA
752054,Janla,Khorda,ODISHA
752055,Khorda,Khorda,ODISHA
752056,Pallahat,Khorda,ODISHA
752057,P N College,Khorda,ODISHA
752060,Bajpur,Khorda,ODISHA
752061,Baghamari,Khorda,ODISHA
752062,Begunia,Khorda,ODISHA
752063,Bhapur,Nayagarh,ODISHA
752064,Pichikuli,Khorda,ODISHA
752065,Rajsunakhala,Nayagarh,ODISHA
752066,Bolagarh,Khorda,ODISHA
752068,Itamati,Nayagarh,ODISHA
752069,Nayagarh,Nayagarh,ODISHA
752070,Nayagarh Bazar,Nayagarh,ODISHA
752077,Khandapadagarh,Nayagarh,ODISHA
752078,Kantilo,Nayagarh,ODISHA
752079,Mandhatapur,Nayagarh,ODISHA
752080,Sarankul,Nayagarh,ODISHA
752081,Odagaon,Nayagarh,ODISHA
752082,Bahadajhola,Nayagarh,ODISHA
752083,Nuagaon,Nayagarh,ODISHA
752084,Daspalla,Nayagarh,ODISHA
752085,Gania,Nayagarh,ODISHA
752089,Banigochha,Nayagarh,ODISHA
752090,Kural,Nayagarh,ODISHA
752091,Satpatna,Nayagarh,ODISHA
752092,Godipada,Nayagarh,ODISHA
752093,Madhyakhand,Nayagarh,ODISHA
752094,Mahipur,Nayagarh,ODISHA
752100,Balakati,Khorda,ODISHA
752101,Balianta,Khorda,ODISHA
752102,Balipatna,Khorda,ODISHA
752103,Banamalipur,Khorda,ODISHA
752104,Pipili,Puri,ODISHA
752105,Balanga,Puri,ODISHA
752106,Nimapara MDG,Puri,ODISHA
752107,Nayahat,Puri,ODISHA
752108,Kakatpur,Puri,ODISHA
752109,Astarang,Puri,ODISHA
752110,Gop,Puri,ODISHA
752111,Konark,Puri,ODISHA
752113,Brahmakundi,Puri,ODISHA
752114,Rench,Puri,ODISHA
752115,Bhatpatna,Khorda,ODISHA
752116,Birtung,Puri,ODISHA
752118,Bangurigaon,Puri,ODISHA
752119,Lataharan,Puri,ODISHA
752120,Nuapalamhat,Cuttack,ODISHA
752121,Bamanal,Puri,ODISHA
753001,Cuttack G.P.O.,Cuttack,ODISHA
753002,Chandinchowk,Cuttack,ODISHA
753003,College Square,Cuttack,ODISHA
753004,Nayabazar,Cuttack,ODISHA
753006,C R R I,Cuttack,ODISHA
753007,Medical College,Cuttack,ODISHA
753008,Tulasipur,Cuttack,ODISHA
753009,Telenga Bazar,Cuttack,ODISHA
753010,Madhupatna,Cuttack,ODISHA
753011,Gopalpur,Cuttack,ODISHA
753012,A D Market,Cuttack,ODISHA
753013,Kalyani Nagar,Cuttack,ODISHA
753014,Avinab Bidanasi,Cuttack,ODISHA
753015,"Sector ll CDA, Cuttack",Cuttack,ODISHA
754001,Fulnakhara,Cuttack,ODISHA
754002,Sundargram,Cuttack,ODISHA
754003,Govindpur,Cuttack,ODISHA
754004,Niali,Cuttack,ODISHA
754005,Barang,Cuttack,ODISHA
754006,Mundali Colony,Cuttack,ODISHA
754007,Dompara,Cuttack,ODISHA
754008,Banki S.O Cuttack,Cuttack,ODISHA
754009,Kalapathar,Cuttack,ODISHA
754010,Bairoi,Cuttack,ODISHA
754011,Adaspur,Cuttack,ODISHA
754012,Bhola,Khorda,ODISHA
754013,CISF Mundali,Cuttack,ODISHA
754018,Bramhansailo,Cuttack,ODISHA
754021,Jagatpur,Cuttack,ODISHA
754022,Kotasahi,Cuttack,ODISHA
754023,Chhatia,Jajapur,ODISHA
754024,Dhanmandal,Jajapur,ODISHA
754025,Choudwar,Cuttack,ODISHA
754026,Daulatabad,Cuttack,ODISHA
754027,Chasapara,Cuttack,ODISHA
754028,Charbatia,Cuttack,ODISHA
754029,Athagarh,Cuttack,ODISHA
754030,Tigiria,Cuttack,ODISHA
754031,Barambagarh,Cuttack,ODISHA
754032,Narasinghpur,Cuttack,ODISHA
754035,Nuapatna,Cuttack,ODISHA
754037,Kanpur,Cuttack,ODISHA
754071,Kapaleswar,Cuttack,ODISHA
754082,Byree,Jajapur,ODISHA
754100,Biribati,Cuttack,ODISHA
754102,Anakhia,Jagatsinghapur,ODISHA
754103,Jagatsinghpur,Jagatsinghapur,ODISHA
754104,Nalibar,Jagatsinghapur,ODISHA
754105,Kasarda,Cuttack,ODISHA
754106,Kaduapada,Jagatsinghapur,ODISHA
754107,Alanahat,Jagatsinghapur,ODISHA
754108,Balikuda,Jagatsinghapur,ODISHA
754109,Debidol,Jagatsinghapur,ODISHA
754110,Borikina,Jagatsinghapur,ODISHA
754111,Biridiroad,Jagatsinghapur,ODISHA
754112,Bentakar,Cuttack,ODISHA
754113,Naugaonhat,Jagatsinghapur,ODISHA
754114,Mandasahi,Jagatsinghapur,ODISHA
754119,Machhagaon,Jagatsinghapur,ODISHA
754120,Atharbanki Rly Colony,Jagatsinghapur,ODISHA
754130,Sompur,Cuttack,ODISHA
754131,Kishorenagar,Cuttack,ODISHA
754132,Raghunathpur,Jagatsinghapur,ODISHA
754133,Tarpur,Jagatsinghapur,ODISHA
754134,Tyandakura,Kendrapara,ODISHA
754135,Krishnanandapur,Jagatsinghapur,ODISHA
754136,Kanakpur,Jagatsinghapur,ODISHA
754137,Tirtol,Jagatsinghapur,ODISHA
754138,Tiran,Jagatsinghapur,ODISHA
754139,Ersama,Jagatsinghapur,ODISHA
754140,Rahama,Jagatsinghapur,ODISHA
754141,Kujang,Jagatsinghapur,ODISHA
754142,Paradip,Jagatsinghapur,ODISHA
754143,Sector-21,Jagatsinghapur,ODISHA
754145,Ppl Township,Jagatsinghapur,ODISHA
754153,Garadpur,Kendrapara,ODISHA
754160,Manijanga,Jagatsinghapur,ODISHA
754162,Kolar,Jagatsinghapur,ODISHA
754200,Bahugram,Cuttack,ODISHA
754201,Rameswar,Cuttack,ODISHA
754202,Salipur MDG,Cuttack,ODISHA
754203,Kendupanta,Cuttack,ODISHA
754204,Kuanpal,Cuttack,ODISHA
754205,Balichandrapur,Jajapur,ODISHA
754206,Mahanga,Cuttack,ODISHA
754207,Nischintakoili,Cuttack,ODISHA
754208,Chandol,Cuttack,ODISHA
754209,Asureswar,Cuttack,ODISHA
754210,Danpur,Kendrapara,ODISHA
754211,Kendrapara,Kendrapara,ODISHA
754212,Sribaldevjew,Kendrapara,ODISHA
754213,Marsaghai,Kendrapara,ODISHA
754214,Indupur,Kendrapara,ODISHA
754215,Pattamundai,Kendrapara,ODISHA
754216,Jaria,Kendrapara,ODISHA
754217,Alba,Kendrapara,ODISHA
754218,Batipada,Kendrapara,ODISHA
754219,Aul,Kendrapara,ODISHA
754220,Rajkanika,Kendrapara,ODISHA
754221,Sungura,Cuttack,ODISHA
754222,Chaudakulat,Kendrapara,ODISHA
754223,Karilopatna,Kendrapara,ODISHA
754224,Mahakalpara,Kendrapara,ODISHA
754225,Rajnagar,Kendrapara,ODISHA
754227,Olavar,Kendrapara,ODISHA
754228,Patakura,Kendrapara,ODISHA
754231,Namouza,Kendrapara,ODISHA
754239,Bhuinpur,Kendrapara,ODISHA
754240,Dandisahi,Kendrapara,ODISHA
754244,Jampara,Kendrapara,ODISHA
754245,Barpada,Kendrapara,ODISHA
754246,Madanpur,Kendrapara,ODISHA
754248,Iswarpur,Kendrapara,ODISHA
754250,Thakurpatna,Kendrapara,ODISHA
754253,Bedari,Kendrapara,ODISHA
754289,Derabish,Kendrapara,ODISHA
754290,Mouda,Cuttack,ODISHA
754292,Charinangal,Jajapur,ODISHA
754293,Lemalo,Cuttack,ODISHA
754294,Chatra,Jagatsinghapur,ODISHA
754295,Athgarh Bazar,Cuttack,ODISHA
754296,Sunguda,Jajapur,ODISHA
755001,Jajpur,Jajapur,ODISHA
755003,Bari Cuttack,Jajapur,ODISHA
755004,Binjharpur,Jajapur,ODISHA
755005,Brahmabarada,Jajapur,ODISHA
755006,Dasarathpur,Jajapur,ODISHA
755007,Debidwar,Jajapur,ODISHA
755008,Dharmasala,Jajapur,ODISHA
755009,Kabirpur,Jajapur,ODISHA
755010,Kaipara,Jajapur,ODISHA
755011,Mangalpur,Jajapur,ODISHA
755012,Mashra,Jajapur,ODISHA
755013,Pritipur,Jajapur,ODISHA
755014,Rambag,Jajapur,ODISHA
755015,Sankhachilla,Jajapur,ODISHA
755016,Singhpur,Jajapur,ODISHA
755017,Sujanpur,Jajapur,ODISHA
755018,Sukinda,Jajapur,ODISHA
755019,Jajpur Road RS,Jajapur,ODISHA
755020,Ferro Chrome Project,Jajapur,ODISHA
755022,Korei,Jajapur,ODISHA
755023,Jenapur,Jajapur,ODISHA
755024,Haridaspur,Jajapur,ODISHA
755025,Barundai,Jajapur,ODISHA
755026,Dangadi,Jajapur,ODISHA
755027,Arei,Jajapur,ODISHA
755028,Kalaringatta,Jajapur,ODISHA
755036,Ahiyas,Jajapur,ODISHA
755043,Panikoili,Jajapur,ODISHA
755044,Chandikhol,Jajapur,ODISHA
755049,Kantigadia,Jajapur,ODISHA
755050,Jaraka,Jajapur,ODISHA
755051,Rasulpur,Jajapur,ODISHA
755061,Govindpur Kutchery,Kendrapara,ODISHA
755062,Chitalo,Jajapur,ODISHA
756001,Balasore,Baleswar,ODISHA
756002,Sunhat,Baleswar,ODISHA
756003,Motiganj,Baleswar,ODISHA
756019,Remuna,Baleswar,ODISHA
756020,Mitrapur,Baleswar,ODISHA
756021,Rasalpur,Baleswar,ODISHA
756022,Darada,Baleswar,ODISHA
756023,Singla,Baleswar,ODISHA
756024,Nangaleswar,Baleswar,ODISHA
756025,Chandipur,Baleswar,ODISHA
756026,Baliapal,Baleswar,ODISHA
756027,Haldipada,Baleswar,ODISHA
756028,Rupsa,Baleswar,ODISHA
756029,Basta,Baleswar,ODISHA
756030,Amarda Road,Baleswar,ODISHA
756032,Jaleswar,Baleswar,ODISHA
756033,Hatigarh,Baleswar,ODISHA
756034,Nampo,Baleswar,ODISHA
756035,Kamarda,Baleswar,ODISHA
756036,Dehurda,Baleswar,ODISHA
756037,Fulbani,Baleswar,ODISHA
756038,Bhograi,Baleswar,ODISHA
756039,Kakhra,Baleswar,ODISHA
756040,Raj Nilgiri,Baleswar,ODISHA
756041,Sajanagarh,Baleswar,ODISHA
756042,Bahanaga,Baleswar,ODISHA
756043,Khantapada,Baleswar,ODISHA
756044,Gopalpur,Baleswar,ODISHA
756045,Soro,Baleswar,ODISHA
756046,Anantapur,Baleswar,ODISHA
756047,Turigaria,Baleswar,ODISHA
756048,Khaira,Baleswar,ODISHA
756049,Oupada,Baleswar,ODISHA
756051,Avana,Baleswar,ODISHA
756055,Chakabarahapur,Baleswar,ODISHA
756056,Kuruda,Baleswar,ODISHA
756058,Raj Berhampur,Baleswar,ODISHA
756059,Kupari,Baleswar,ODISHA
756060,Sergarh,Baleswar,ODISHA
756079,Dahamunda,Baleswar,ODISHA
756080,Irda,Baleswar,ODISHA
756081,Jamsuli,Baleswar,ODISHA
756083,Pratappur,Baleswar,ODISHA
756084,Dhansimulia,Baleswar,ODISHA
756085,Chandaneswar,Baleswar,ODISHA
756086,Jaleswar Railway Station,Baleswar,ODISHA
756087,Lakhananath,Baleswar,ODISHA
756100,Bhadrak,Bhadrak,ODISHA
756101,Charampa,Bhadrak,ODISHA
756111,Ranital,Bhadrak,ODISHA
756112,Barikpur Bazar,Bhadrak,ODISHA
756113,Barapada,Bhadrak,ODISHA
756114,Bant,Bhadrak,ODISHA
756115,B T Pur,Bhadrak,ODISHA
756116,Arnapal,Bhadrak,ODISHA
756117,Dhamnagar,Bhadrak,ODISHA
756118,Kothar,Bhadrak,ODISHA
756119,Dhusuri,Bhadrak,ODISHA
756120,Bhandari Pokhari,Bhadrak,ODISHA
756121,Manjuri Road,Bhadrak,ODISHA
756122,Akhuapada,Bhadrak,ODISHA
756123,Sabrang,Bhadrak,ODISHA
756124,Ertal,Bhadrak,ODISHA
756125,Basudevpur,Bhadrak,ODISHA
756126,Simulia,Baleswar,ODISHA
756127,Dolasahi,Bhadrak,ODISHA
756128,Gujidarada,Bhadrak,ODISHA
756129,Ghanteswar,Bhadrak,ODISHA
756130,Tihidi,Bhadrak,ODISHA
756131,Pirahatbazar,Bhadrak,ODISHA
756132,Motto,Bhadrak,ODISHA
756133,Chandbali,Bhadrak,ODISHA
756134,Ada,Bhadrak,ODISHA
756135,Randiahat,Bhadrak,ODISHA
756137,Asurali,Bhadrak,ODISHA
756138,Aradi,Bhadrak,ODISHA
756139,Arasa,Bhadrak,ODISHA
756144,Basantia,Bhadrak,ODISHA
756162,Eram,Bhadrak,ODISHA
756163,Guamal,Bhadrak,ODISHA
756164,Naikanidihi,Bhadrak,ODISHA
756165,Brahmanigaon,Bhadrak,ODISHA
756166,Balikhanda,Baleswar,ODISHA
756167,Paliabindha,Bhadrak,ODISHA
756168,Betada,Bhadrak,ODISHA
756171,Dhamara,Bhadrak,ODISHA
756181,Madhabnagar,Bhadrak,ODISHA
756182,Dungura,Baleswar,ODISHA
757001,Baripada,Mayurbhanj,ODISHA
757002,Bhanjpur,Mayurbhanj,ODISHA
757003,Takatpur,Mayurbhanj,ODISHA
757014,Chandua Ashram,Mayurbhanj,ODISHA
757016,Rasgovindpur,Mayurbhanj,ODISHA
757017,Mantri,Mayurbhanj,ODISHA
757018,Chitrada,Mayurbhanj,ODISHA
757019,Khunta,Mayurbhanj,ODISHA
757020,Moroda,Mayurbhanj,ODISHA
757021,Deuli,Mayurbhanj,ODISHA
757022,Suliapada,Mayurbhanj,ODISHA
757023,Garia,Mayurbhanj,ODISHA
757024,Sankerko,Mayurbhanj,ODISHA
757025,Betnoti,Mayurbhanj,ODISHA
757026,Barsahi,Mayurbhanj,ODISHA
757027,Kuamara,Mayurbhanj,ODISHA
757028,Baisinga,Mayurbhanj,ODISHA
757029,Krushnachandrapur,Mayurbhanj,ODISHA
757030,Kuliana,Mayurbhanj,ODISHA
757031,Shirsa,Mayurbhanj,ODISHA
757032,Bangriposi,Mayurbhanj,ODISHA
757033,Bisoi,Mayurbhanj,ODISHA
757034,Jashipur,Mayurbhanj,ODISHA
757035,Raruan,Mayurbhanj,ODISHA
757036,Tato,Mayurbhanj,ODISHA
757037,Karanjia,Mayurbhanj,ODISHA
757038,Thakurmunda,Mayurbhanj,ODISHA
757039,Sukruli,Mayurbhanj,ODISHA
757040,Kaptipada,Mayurbhanj,ODISHA
757041,Udala,Mayurbhanj,ODISHA
757042,Gorumahisani,Mayurbhanj,ODISHA
757043,Rairangpur,Mayurbhanj,ODISHA
757045,Jamda,Mayurbhanj,ODISHA
757046,Bahalda,Mayurbhanj,ODISHA
757047,Badampahar,Mayurbhanj,ODISHA
757048,Bijatala,Mayurbhanj,ODISHA
757049,Shyamakhunta,Mayurbhanj,ODISHA
757050,Hatbadra,Mayurbhanj,ODISHA
757051,Saraskana,Mayurbhanj,ODISHA
757052,Jugpura,Mayurbhanj,ODISHA
757053,Tiring,Mayurbhanj,ODISHA
757054,Bahalda Rd RS,Mayurbhanj,ODISHA
757055,Amarda,Mayurbhanj,ODISHA
757073,Nalagaja,Mayurbhanj,ODISHA
757074,Basipitha,Mayurbhanj,ODISHA
757075,Dukura,Mayurbhanj,ODISHA
757077,Nudadiha,Mayurbhanj,ODISHA
757079,Sarat,Mayurbhanj,ODISHA
757081,Kumbharmundakata,Mayurbhanj,ODISHA
757082,Garhdeulia,Mayurbhanj,ODISHA
757083,Bhimda,Mayurbhanj,ODISHA
757084,Kostha,Mayurbhanj,ODISHA
757085,Kushalda,Mayurbhanj,ODISHA
757086,Jharpokharia,Mayurbhanj,ODISHA
757087,Brundaban Chandrapur,Mayurbhanj,ODISHA
757091,Khairi Jashipur,Mayurbhanj,ODISHA
757092,Kusumbandi,Mayurbhanj,ODISHA
757093,Joka,Mayurbhanj,ODISHA
757100,Bahanada Sathilo,Mayurbhanj,ODISHA
757101,Radho,Mayurbhanj,ODISHA
757102,Puruna Baripada,Mayurbhanj,ODISHA
757103,Pratappur,Mayurbhanj,ODISHA
757104,Bahanada,Mayurbhanj,ODISHA
757105,Kuchei,Mayurbhanj,ODISHA
757106,Salchua,Mayurbhanj,ODISHA
757107,Laxmiposi,Mayurbhanj,ODISHA
758001,Keonjhargarh,Kendujhar,ODISHA
758002,Keonjhar Bazar,Kendujhar,ODISHA
758013,Raisuan,Kendujhar,ODISHA
758014,Naranpur,Kendujhar,ODISHA
758015,Ghasipura,Kendujhar,ODISHA
758016,Saharpada,Kendujhar,ODISHA
758017,Rajanagar,Kendujhar,ODISHA
758018,Suakati,Kendujhar,ODISHA
758019,Telkoi,Kendujhar,ODISHA
758020,Salapada,Kendujhar,ODISHA
758021,Anandapur,Kendujhar,ODISHA
758022,Fakirpur,Kendujhar,ODISHA
758023,Hadagarh,Kendujhar,ODISHA
758025,Kushaleswar,Kendujhar,ODISHA
758026,Talapada,Kendujhar,ODISHA
758027,Ghatagaon,Kendujhar,ODISHA
758028,Harichandanpur,Kendujhar,ODISHA
758029,Dhenkikote,Kendujhar,ODISHA
758030,Swampatna,Kendujhar,ODISHA
758031,Jhumpura,Kendujhar,ODISHA
758032,Ukhunda,Kendujhar,ODISHA
758034,Joda,Kendujhar,ODISHA
758035,Barbil,Kendujhar,ODISHA
758036,Matkambeda,Kendujhar,ODISHA
758037,Bolani,Kendujhar,ODISHA
758038,Baneikela,Kendujhar,ODISHA
758040,Kiriburu Hill Top,Kendujhar,ODISHA
758041,Champua,Kendujhar,ODISHA
758043,Sainkul,Kendujhar,ODISHA
758044,Karanjia,Kendujhar,ODISHA
758045,Udayapur,Kendujhar,ODISHA
758046,Turumunga,Kendujhar,ODISHA
758047,Remuli,Kendujhar,ODISHA
758076,Sirigida,Kendujhar,ODISHA
758078,Dhanurnjaypur,Kendujhar,ODISHA
758079,Janghira,Kendujhar,ODISHA
758080,Bhagamunda,Kendujhar,ODISHA
758081,Machhagarh,Kendujhar,ODISHA
758082,Brahmanipal,Kendujhar,ODISHA
758083,Hatadihi,Kendujhar,ODISHA
758084,Jagamohanpur,Kendujhar,ODISHA
758085,Banspal,Kendujhar,ODISHA
758086,Bamebari,Kendujhar,ODISHA
758087,Pandapada,Kendujhar,ODISHA
759001,Dhenkanal,Dhenkanal,ODISHA
759013,Dhenkanal R S,Dhenkanal,ODISHA
759014,Mahimagadi,Dhenkanal,ODISHA
759015,Bhapur,Dhenkanal,ODISHA
759016,Gondiapatna,Dhenkanal,ODISHA
759017,Bhuban,Dhenkanal,ODISHA
759018,Kamakhyanagar,Dhenkanal,ODISHA
759019,Hindol Road R.S.,Dhenkanal,ODISHA
759020,Balimi,Dhenkanal,ODISHA
759021,Rasol,Dhenkanal,ODISHA
759022,Hindol,Dhenkanal,ODISHA
759023,Marthapur,Dhenkanal,ODISHA
759024,Mathakargola,Dhenkanal,ODISHA
759025,Gadasila,Dhenkanal,ODISHA
759026,Anlabereni,Dhenkanal,ODISHA
759027,Govindpur,Dhenkanal,ODISHA
759028,Kankadahad,Dhenkanal,ODISHA
759029,Mahabirod,Dhenkanal,ODISHA
759037,Samal Barrage Township,Angul,ODISHA
759039,Badasuanlo,Dhenkanal,ODISHA
759040,Talmul,Angul,ODISHA
759100,Talcher,Angul,ODISHA
759101,Talcher Thermal,Angul,ODISHA
759102,Deulbera Colliery,Angul,ODISHA
759103,Dera,Angul,ODISHA
759104,Chainpal Colony,Angul,ODISHA
759105,Rengali Dam Site,Angul,ODISHA
759106,Vikrampur,Angul,ODISHA
759107,Talcher Town,Angul,ODISHA
759111,Jindal Nagar,Angul,ODISHA
759116,Balanda,Angul,ODISHA
759117,Kaniha,Angul,ODISHA
759118,Khamar,Angul,ODISHA
759119,Pallahara,Angul,ODISHA
759120,Parjang,Dhenkanal,ODISHA
759121,Meramandali,Dhenkanal,ODISHA
759122,Angul,Angul,ODISHA
759123,"P.T.C.,Angul",Angul,ODISHA
759124,Chhendipada,Angul,ODISHA
759125,Athamallik,Angul,ODISHA
759126,Rajkishorenagar,Angul,ODISHA
759127,Kishoreganj,Angul,ODISHA
759128,Banarpal,Angul,ODISHA
759129,Bantala,Angul,ODISHA
759130,Kosala,Angul,ODISHA
759132,Hulurisinga,Angul,ODISHA
759141,Bagedia,Angul,ODISHA
759143,Hakimpada,Angul,ODISHA
759145,Nalconagar,Angul,ODISHA
759146,Igit Sarang,Dhenkanal,ODISHA
759147,Deepasikha,Angul,ODISHA
759148,Nehru Satabdi Nagar(Bharatpu)r,Angul,ODISHA
760001,Berhampur,Ganjam,ODISHA
760002,Berhampur City,Ganjam,ODISHA
760003,Gosaninuagam,Ganjam,ODISHA
760004,Medical College,Ganjam,ODISHA
760005,Hillpatna,Ganjam,ODISHA
760006,Panigrahipentho,Ganjam,ODISHA
760007,Berhampur University,Ganjam,ODISHA
760008,Lanjipalli,Ganjam,ODISHA
760009,Nabeen,Ganjam,ODISHA
760010,Engineering School,Ganjam,ODISHA
760011,Ambapua,Ganjam,ODISHA
761001,Nimakhandi,Ganjam,ODISHA
761002,Gopalpur,Ganjam,ODISHA
761003,Bhatakumarada,Ganjam,ODISHA
761004,Patrapur,Ganjam,ODISHA
761005,Jaradagada,Ganjam,ODISHA
761006,Jayantipur,Ganjam,ODISHA
761007,Padmanavapur,Ganjam,ODISHA
761008,Golanthara,Ganjam,ODISHA
761009,Girisola,Ganjam,ODISHA
761010,Chikiti,Ganjam,ODISHA
761011,Nuapada,Ganjam,ODISHA
761012,Digapahandi,Ganjam,ODISHA
761013,Pattapur,Ganjam,ODISHA
761014,Pudamari,Ganjam,ODISHA
761015,Mohana,Gajapati,ODISHA
761016,R.Udayagiri,Gajapati,ODISHA
761017,Chandragiri,Gajapati,ODISHA
761018,Purushottampur,Ganjam,ODISHA
761019,Pratapur,Ganjam,ODISHA
761020,Chatrapur,Ganjam,ODISHA
761025,Jayashree,Ganjam,ODISHA
761026,Ganjam,Ganjam,ODISHA
761027,Humma,Ganjam,ODISHA
761028,Rambha,Ganjam,ODISHA
761029,Khallikote RS,Ganjam,ODISHA
761030,Khallikote,Ganjam,ODISHA
761031,Beguniapada,Ganjam,ODISHA
761032,Kodala,Ganjam,ODISHA
761035,Sumandala,Ganjam,ODISHA
761037,Surangi,Ganjam,ODISHA
761041,Badakharida,Ganjam,ODISHA
761042,Bomokei,Ganjam,ODISHA
761043,Pandia,Ganjam,ODISHA
761045,Matikhalo,Ganjam,ODISHA
761052,Golabandha,Ganjam,ODISHA
761054,Ballipada,Ganjam,ODISHA
761055,Bissmagiri,Ganjam,ODISHA
761100,Kukudakhandi,Ganjam,ODISHA
761101,Kanchuru,Ganjam,ODISHA
761102,Hinjilicut,Ganjam,ODISHA
761103,Pitala,Ganjam,ODISHA
761104,Kabisuryanagar,Ganjam,ODISHA
761105,Polosara,Ganjam,ODISHA
761106,Seragada,Ganjam,ODISHA
761107,Dharakote,Ganjam,ODISHA
761108,Surada,Ganjam,ODISHA
761109,Badagada,Ganjam,ODISHA
761110,Aska,Ganjam,ODISHA
761111,Nuagam,Ganjam,ODISHA
761114,Mundamarai,Ganjam,ODISHA
761115,Gunthapada,Ganjam,ODISHA
761116,Bhetonoi,Ganjam,ODISHA
761117,Ballipadar,Ganjam,ODISHA
761118,Buguda,Ganjam,ODISHA
761119,Bellagunhta,Ganjam,ODISHA
761120,Baragam,Ganjam,ODISHA
761121,Jagannath Prasad,Ganjam,ODISHA
761122,Nimina,Ganjam,ODISHA
761123,Gangapur,Ganjam,ODISHA
761124,Gobara,Ganjam,ODISHA
761125,Badakodanda,Ganjam,ODISHA
761126,Bhanjanagar,Ganjam,ODISHA
761131,Kullada,Ganjam,ODISHA
761132,Mujjagada,Ganjam,ODISHA
761133,Jillundi,Ganjam,ODISHA
761140,Tanarada,Ganjam,ODISHA
761141,Gallery,Ganjam,ODISHA
761143,Karachulli,Ganjam,ODISHA
761144,Konkarada,Ganjam,ODISHA
761146,Burupada,Ganjam,ODISHA
761151,Asura Bandha,Ganjam,ODISHA
761200,Parlakhemundi,Gajapati,ODISHA
761201,Station Road Paralakhemundi,Gajapati,ODISHA
761206,Kashinagar,Gajapati,ODISHA
761207,Gumma,Gajapati,ODISHA
761208,Kharada,Gajapati,ODISHA
761209,Khariaguda,Ganjam,ODISHA
761210,Gurandi,Gajapati,ODISHA
761211,Uppalada,Gajapati,ODISHA
761212,Narayanapur,Gajapati,ODISHA
761213,Rayagada,Gajapati,ODISHA
761214,Nuagada,Gajapati,ODISHA
761215,Garabandha,Gajapati,ODISHA
761217,Odava,Gajapati,ODISHA
762001,Phulbani,Kandhamal,ODISHA
762002,Contractorpada,Kandhamal,ODISHA
762010,Tikabali,Kandhamal,ODISHA
762011,Phiringia,Kandhamal,ODISHA
762012,Khajuripada,Kandhamal,ODISHA
762013,Purunakatak,Boudh,ODISHA
762014,Boudhraj,Boudh,ODISHA
762015,Bounsoni,Boudh,ODISHA
762016,Manamunda,Boudh,ODISHA
762017,Kantamal,Boudh,ODISHA
762018,Ghantapada,Boudh,ODISHA
762019,Sankarakhole,Kandhamal,ODISHA
762020,Harabhanga,Boudh,ODISHA
762021,Bamunigaon,Kandhamal,ODISHA
762022,Kalinga,Kandhamal,ODISHA
762023,Jhadrajing,Boudh,ODISHA
762024,Biranarasinghpur,Boudh,ODISHA
762026,Sarsara,Boudh,ODISHA
762027,Linepada,Kandhamal,ODISHA
762028,Chakapada,Kandhamal,ODISHA
762029,Gumagarh,Kandhamal,ODISHA
762030,Baghiabahal,Boudh,ODISHA
762100,G.Udayagiri,Kandhamal,ODISHA
762101,Raikia,Kandhamal,ODISHA
762102,Nuagaon,Kandhamal,ODISHA
762103,Balliguda,Kandhamal,ODISHA
762104,Daringbadiso,Kandhamal,ODISHA
762105,Kothagarh,Kandhamal,ODISHA
762106,Sarangada,Kandhamal,ODISHA
762107,Tumudibandha,Kandhamal,ODISHA
762109,Kurtamgarh,Kandhamal,ODISHA
762110,Barakhama,Kandhamal,ODISHA
762112,Paburia,Kandhamal,ODISHA
763001,Sunabeda-1,Koraput,ODISHA
763002,Sunabeda-2,Koraput,ODISHA
763003,"D.P.Camp, Sunabeda",Koraput,ODISHA
763004,"Nad, Sunabeda",Koraput,ODISHA
763008,Damanjodi,Koraput,ODISHA
764001,Jeypore,Koraput,ODISHA
764002,Jeypore(K) R.S.,Koraput,ODISHA
764003,Prasadraopeta,Koraput,ODISHA
764004,Jeypore(K) Irrigation Colony,Koraput,ODISHA
764005,Jayanagar,Koraput,ODISHA
764006,Bariniput,Koraput,ODISHA
764011,Kolab Nagar,Koraput,ODISHA
764014,Narayanpatna,Koraput,ODISHA
764020,Koraput,Koraput,ODISHA
764021,Omp Line,Koraput,ODISHA
764027,Bandhugam,Koraput,ODISHA
764028,Dasamanthpur,Koraput,ODISHA
764036,Semiliguda,Koraput,ODISHA
764037,Nandapur,Koraput,ODISHA
764038,Padwa,Koraput,ODISHA
764039,Pottangi,Koraput,ODISHA
764040,Machhkund,Koraput,ODISHA
764041,Jolaput,Koraput,ODISHA
764042,Onukadeli,Koraput,ODISHA
764043,Boipariguda,Koraput,ODISHA
764044,Mathili,Malkangiri,ODISHA
764045,Malkangiri,Malkangiri,ODISHA
764046,Khairaput,Malkangiri,ODISHA
764047,Kalimela,Malkangiri,ODISHA
764048,Malkangiri Colony,Malkangiri,ODISHA
764049,Anchalgumma,Nabarangapur,ODISHA
764051,Balimela,Malkangiri,ODISHA
764052,Chitrakonda,Malkangiri,ODISHA
764055,Ambaguda,Koraput,ODISHA
764056,Borigumma,Koraput,ODISHA
764057,Bhairabsinghpur,Koraput,ODISHA
764058,Kotpad,Koraput,ODISHA
764059,Nabarangpur,Nabarangapur,ODISHA
764061,Kosagumuda,Nabarangapur,ODISHA
764062,Bikrampur,Rayagada,ODISHA
764063,Mirganiguda,Nabarangapur,ODISHA
764070,Tentulikhunti,Nabarangapur,ODISHA
764071,Papadahandi,Nabarangapur,ODISHA
764072,Dabugam,Nabarangapur,ODISHA
764073,Umerkote,Nabarangapur,ODISHA
764074,Raighar,Nabarangapur,ODISHA
764075,Kodinga,Nabarangapur,ODISHA
764076,Jharigam,Nabarangapur,ODISHA
764077,Chandahandi,Nabarangapur,ODISHA
764078,Dongerbheja,Nabarangapur,ODISHA
764081,Lamtaput,Koraput,ODISHA
764085,Khatiguda,Nabarangapur,ODISHA
764086,Saradhapalli,Malkangiri,ODISHA
764087,Lachipeta,Malkangiri,ODISHA
764088,Turudihi,Nabarangapur,ODISHA
765001,Rayagada,Rayagada,ODISHA
765002,Rayagada S.F.,Rayagada,ODISHA
765013,Laxmipur,Koraput,ODISHA
765015,Kashipur,Rayagada,ODISHA
765016,K.Singhpur,Rayagada,ODISHA
765017,J.K.Pur,Rayagada,ODISHA
765018,Therubali,Rayagada,ODISHA
765019,Bissamcuttack,Rayagada,ODISHA
765020,Muniguda,Rayagada,ODISHA
765021,Ambadola,Rayagada,ODISHA
765022,Gunupur,Rayagada,ODISHA
765023,Kujendri,Rayagada,ODISHA
765024,Ukkamba,Rayagada,ODISHA
765025,Padmapur,Rayagada,ODISHA
765026,Gudari,Rayagada,ODISHA
765029,Ramanaguda,Rayagada,ODISHA
765033,Dambasora,Rayagada,ODISHA
765034,Jaganathpur,Rayagada,ODISHA
766001,Bhawanipatna,Kalahandi,ODISHA
766002,Bhawanipatna G.Chowk,Kalahandi,ODISHA
766011,Utkela,Kalahandi,ODISHA
766012,Kesinga,Kalahandi,ODISHA
766013,Kalampur,Kalahandi,ODISHA
766014,Junagarh,Kalahandi,ODISHA
766015,Dharamgarh,Kalahandi,ODISHA
766016,Golamunda,Kalahandi,ODISHA
766017,Charbahal,Kalahandi,ODISHA
766018,Jaipatna,Kalahandi,ODISHA
766019,Koksara,Kalahandi,ODISHA
766020,Biswanathpur,Kalahandi,ODISHA
766023,Mahichala,Kalahandi,ODISHA
766026,Mukhiguda,Kalahandi,ODISHA
766027,Lanjigarh,Kalahandi,ODISHA
766028,Ampani,Kalahandi,ODISHA
766029,Sosia,Kalahandi,ODISHA
766031,Risida,Kalahandi,ODISHA
766032,Karlamunda,Kalahandi,ODISHA
766036,Borda,Kalahandi,ODISHA
766037,Thuamul Rampur,Kalahandi,ODISHA
766100,Narla,Kalahandi,ODISHA
766101,Rupra Road,Kalahandi,ODISHA
766102,Madanpur Rampur,Kalahandi,ODISHA
766103,Parla,Kalahandi,ODISHA
766104,Khariar Road,Nuapada,ODISHA
766105,Nawapara Tanwat,Nuapada,ODISHA
766106,Komna,Nuapada,ODISHA
766107,Khariar,Nuapada,ODISHA
766108,Sinhapalli,Nuapada,ODISHA
766110,Narla Road,Kalahandi,ODISHA
766111,Boden,Nuapada,ODISHA
766118,Duajhar,Nuapada,ODISHA
767001,Balangir,Balangir,ODISHA
767002,Rajendra College,Balangir,ODISHA
767016,Tarbha,Sonapur,ODISHA
767017,Sonepur,Sonapur,ODISHA
767018,Birmaharajpur,Sonapur,ODISHA
767019,Binka,Sonapur,ODISHA
767020,Loisingha,Balangir,ODISHA
767021,Salebhata,Balangir,ODISHA
767022,Agalpur,Balangir,ODISHA
767023,Dungripali,Balangir,ODISHA
767024,Churapali,Balangir,ODISHA
767025,Patnagarh,Balangir,ODISHA
767026,Belpara,Balangir,ODISHA
767027,Jogimunda,Balangir,ODISHA
767028,Khaprakhol,Balangir,ODISHA
767029,Deogaon,Balangir,ODISHA
767030,Tusra,Balangir,ODISHA
767032,Saintala,Balangir,ODISHA
767033,Titilagarh,Balangir,ODISHA
767035,Sindhekela,Balangir,ODISHA
767037,Muribahal,Balangir,ODISHA
767038,Harisankar Road,Balangir,ODISHA
767039,Kantabanji,Balangir,ODISHA
767040,Banganmura,Balangir,ODISHA
767041,P.Rampur,Balangir,ODISHA
767042,Bhatipara,Balangir,ODISHA
767045,Sonepur Rampur,Sonapur,ODISHA
767046,Gudvella,Balangir,ODISHA
767048,Bhainsa,Balangir,ODISHA
767060,Turekela,Balangir,ODISHA
767061,Duduka,Balangir,ODISHA
767062,Ullunda,Sonapur,ODISHA
767065,Chandanbhati,Balangir,ODISHA
767066,Kholan,Balangir,ODISHA
767067,Jarasingha,Balangir,ODISHA
767068,Lachhipur,Sonapur,ODISHA
767070,Of Badmal,Balangir,ODISHA
767071,Puintala,Balangir,ODISHA
768001,Sambalpur,Sambalpur,ODISHA
768002,Mudipara,Sambalpur,ODISHA
768003,Khetrajpur,Sambalpur,ODISHA
768004,Budharaja,Sambalpur,ODISHA
768005,Dhanupali,Sambalpur,ODISHA
768006,Remed,Sambalpur,ODISHA
768016,Hirakud,Sambalpur,ODISHA
768017,Burla,Sambalpur,ODISHA
768018,Engineering College Burla,Sambalpur,ODISHA
768019,Jyoti Vihar Burla,Sambalpur,ODISHA
768020,Jagruti Vihar Burla,Sambalpur,ODISHA
768025,C.A. Chiplima,Sambalpur,ODISHA
768026,Chiplima,Sambalpur,ODISHA
768027,Attabira,Bargarh,ODISHA
768028,Bargarh,Bargarh,ODISHA
768029,Barpali,Bargarh,ODISHA
768030,Bhatli,Bargarh,ODISHA
768031,Ambabhana,Bargarh,ODISHA
768032,Bijepur,Bargarh,ODISHA
768033,Sohella,Bargarh,ODISHA
768034,Ghess,Bargarh,ODISHA
768035,Melchhamunda,Bargarh,ODISHA
768036,Rajborasamber,Bargarh,ODISHA
768037,Gaisilet,Bargarh,ODISHA
768038,Bardol,Bargarh,ODISHA
768039,Paikmal,Bargarh,ODISHA
768040,Tora,Bargarh,ODISHA
768042,Jharbandh,Bargarh,ODISHA
768045,Bhukta,Bargarh,ODISHA
768048,Laumunda,Bargarh,ODISHA
768049,Jamla,Bargarh,ODISHA
768050,Mandosil,Bargarh,ODISHA
768052,Dunguri Lsq Colony Campus,Bargarh,ODISHA
768102,Larambha,Bargarh,ODISHA
768103,Remunda,Bargarh,ODISHA
768104,Bheden,Bargarh,ODISHA
768105,Jujumura,Sambalpur,ODISHA
768106,Rairakhol,Sambalpur,ODISHA
768107,Jamankira,Sambalpur,ODISHA
768108,Deogarh,Debagarh,ODISHA
768109,Reamal,Debagarh,ODISHA
768110,Barkote,Debagarh,ODISHA
768111,Godbhaga,Bargarh,ODISHA
768112,Gourpali,Sambalpur,ODISHA
768113,Dhama,Sambalpur,ODISHA
768115,Gondturum,Bargarh,ODISHA
768118,Naktideul,Sambalpur,ODISHA
768119,Purunagarh,Debagarh,ODISHA
768121,Gohira Dam Site,Debagarh,ODISHA
768200,Sasan Rs,Sambalpur,ODISHA
768201,Jharsuguda,Jharsuguda,ODISHA
768202,K.M. Road Jharsuguda,Jharsuguda,ODISHA
768203,Industrial Estate Jharsuguda S,Jharsuguda,ODISHA
768204,O.M.P. Line Jharsuguda,Jharsuguda,ODISHA
768210,THELKULI,Sambalpur,ODISHA
768211,Bandhbahal Colony,Jharsuguda,ODISHA
768212,Rengali,Sambalpur,ODISHA
768213,Kolabira,Jharsuguda,ODISHA
768214,Laida,Sambalpur,ODISHA
768215,Laikera,Jharsuguda,ODISHA
768216,Brajarajnagar,Jharsuguda,ODISHA
768217,Belpahar Rs,Jharsuguda,ODISHA
768218,Belpahar,Jharsuguda,ODISHA
768219,Lakhanpur,Jharsuguda,ODISHA
768220,Bagdehi,Jharsuguda,ODISHA
768221,Bamra,Sambalpur,ODISHA
768222,Kuchinda,Sambalpur,ODISHA
768224,Garposh,Sambalpur,ODISHA
768225,Rampur Colliery,Jharsuguda,ODISHA
768226,Panchgaon,Jharsuguda,ODISHA
768227,Kusumi,Sambalpur,ODISHA
768228,Kesaibahal,Sambalpur,ODISHA
768233,Orient Colliery Brajarajnagar,Jharsuguda,ODISHA
768234,Itps Banaharpali,Jharsuguda,ODISHA
769001,Rourkela,Sundergarh,ODISHA
769002,Rourkela - 2,Sundergarh,ODISHA
769003,Rourkela - 3,Sundergarh,ODISHA
769004,Rourkela - 4,Sundergarh,ODISHA
769005,Rourkela - 5,Sundergarh,ODISHA
769006,Rourkela - 6,Sundergarh,ODISHA
769007,Rourkela - 7,Sundergarh,ODISHA
769008,Rourkela - 8,Sundergarh,ODISHA
769009,Rourkela - 9,Sundergarh,ODISHA
769010,Rourkela - 10,Sundergarh,ODISHA
769011,Rourkela - 11,Sundergarh,ODISHA
769012,Uditnagar,Sundergarh,ODISHA
769013,Rourkela - 13,Sundergarh,ODISHA
769014,Rourkela - 14,Sundergarh,ODISHA
769015,Rourkela - 15,Sundergarh,ODISHA
769016,Rourkela -16,Sundergarh,ODISHA
769042,Jhirpani,Sundergarh,ODISHA
769043,Jalda,Sundergarh,ODISHA
770001,Sundargarh,Sundergarh,ODISHA
770002,Rangadhipa,Sundergarh,ODISHA
770011,Ujalpur,Sundergarh,ODISHA
770012,Lephripara,Sundergarh,ODISHA
770013,Hemgir,Sundergarh,ODISHA
770014,Subdega,Sundergarh,ODISHA
770015,Balisankara,Sundergarh,ODISHA
770016,Bargaon,Sundergarh,ODISHA
770017,Rajgangpur,Sundergarh,ODISHA
770018,Kutra,Sundergarh,ODISHA
770019,Kundukela,Sundergarh,ODISHA
770020,Sankara,Sundergarh,ODISHA
770021,Sargipali,Sundergarh,ODISHA
770022,Dharuadihi,Sundergarh,ODISHA
770023,Lanjiberna,Sundergarh,ODISHA
770024,Gopalpur,Sundergarh,ODISHA
770025,"NTPC, Darlipali",Sundergarh,ODISHA
770031,Kalunga,Sundergarh,ODISHA
770032,Bandomunda,Sundergarh,ODISHA
770033,Biramitrapur,Sundergarh,ODISHA
770034,Kansbahal,Sundergarh,ODISHA
770035,Purnapani,Sundergarh,ODISHA
770036,Bisra,Sundergarh,ODISHA
770037,Lathikata,Sundergarh,ODISHA
770038,Bonaigarh,Sundergarh,ODISHA
770039,Kuarmunda,Sundergarh,ODISHA
770040,Lahunipara,Sundergarh,ODISHA
770041,Barsuan,Sundergarh,ODISHA
770042,Tensa,Sundergarh,ODISHA
770043,Gurundia,Sundergarh,ODISHA
770044,Khuntgaon,Sundergarh,ODISHA
770046,Hatibari,Sundergarh,ODISHA
770048,Koira,Sundergarh,ODISHA
770051,Kenaveta,Sundergarh,ODISHA
770052,Kalta,Sundergarh,ODISHA
770070,Tunmura,Sundergarh,ODISHA
770072,Zincnagar,Sundergarh,ODISHA
770073,Kirei,Sundergarh,ODISHA
770074,Talsara,Sundergarh,ODISHA
770075,Hemgir Road,Sundergarh,ODISHA
770076,Basundhara,Sundergarh,ODISHA
781001,Guwahati G.P.O.,Kamrup,ASSAM
781002,IBC Guwahati,Kamrup,ASSAM
781003,Silpukhuri,Kamrup,ASSAM
781004,Kharguli,Kamrup,ASSAM
781005,Dispur,Kamrup,ASSAM
781006,Assam Sachivalaya,Kamrup,ASSAM
781007,Ulubari,Kamrup,ASSAM
781008,Rehabari,Kamrup,ASSAM
781009,Bharalumukh,Kamrup,ASSAM
781010,Kamakhya,Kamrup,ASSAM
781011,Mlg Rly Hqs,Kamrup,ASSAM
781012,Pandu,Kamrup,ASSAM
781013,Jalukbari,Kamrup,ASSAM
781014,Guwahati University,Kamrup,ASSAM
781015,Guwahati Airport,Kamrup,ASSAM
781016,Gopinathnagar,Kamrup,ASSAM
781017,Azara,Kamrup,ASSAM
781018,Binovanagar,Kamrup,ASSAM
781019,Kahilipara,Kamrup,ASSAM
781020,Noonmati,Kamrup,ASSAM
781021,Bamunimaidan,Kamrup,ASSAM
781022,Khanapara,Kamrup,ASSAM
781023,Amerigog,Kamrup,ASSAM
781024,Zoo Road,Kamrup,ASSAM
781025,Ambari Fatasil,Kamrup,ASSAM
781026,Narangi,Kamrup,ASSAM
781027,Satgaon,Kamrup,ASSAM
781028,Beltola,Kamrup,ASSAM
781029,Basistha,Kamrup,ASSAM
781030,North Guwahati,Kamrup,ASSAM
781031,Amingaon,Kamrup,ASSAM
781032,Indrapur,Kamrup,ASSAM
781034,Odalbakra,Kamrup,ASSAM
781035,Garchuk,Kamrup,ASSAM
781036,Hengrabari,Kamrup,ASSAM
781037,Panjabari,Kamrup,ASSAM
781038,Hatigaon Chariali,Kamrup,ASSAM
781039,I I T,Kamrup,ASSAM
781040,Sawkuchi,Kamrup,ASSAM
781101,Changsari,Kamrup,ASSAM
781102,Hajo,Kamrup,ASSAM
781103,Soalkuchi,Kamrup,ASSAM
781104,Kulhati,Kamrup,ASSAM
781120,Borduar,Kamrup,ASSAM
781121,Bezera,Kamrup,ASSAM
781122,Bijoynagar,Kamrup,ASSAM
781123,Boko,Kamrup,ASSAM
781124,Chhaygaon,Kamrup,ASSAM
781125,Mirza,Kamrup,ASSAM
781126,Mukalmua,Nalbari,ASSAM
781127,Nagarbera,Kamrup,ASSAM
781128,Palashbari,Kamrup,ASSAM
781129,Hahimbazar,Kamrup,ASSAM
781131,Rani,Kamrup,ASSAM
781132,Rampur,Kamrup,ASSAM
781133,Dagaon,Kamrup,ASSAM
781134,Kukurmara,Kamrup,ASSAM
781135,Singra,Kamrup,ASSAM
781136,Pachim Samaria,Kamrup,ASSAM
781137,Aggumi,Kamrup,ASSAM
781138,Bartola,Nalbari,ASSAM
781141,Bamunigaon,Kamrup,ASSAM
781150,Chandrapur,Kamrup,ASSAM
781171,Udayan Vihar,Kamrup,ASSAM
781301,Barpeta,Barpeta,ASSAM
781302,Baharihat,Barpeta,ASSAM
781303,Banagram,Nalbari,ASSAM
781304,Belsor,Nalbari,ASSAM
781305,Chenga,Nalbari,ASSAM
781306,Chamata,Nalbari,ASSAM
781307,Sarthebari,Barpeta,ASSAM
781308,Mandia,Barpeta,ASSAM
781309,Bhella,Barpeta,ASSAM
781310,Jagra,Nalbari,ASSAM
781311,Nagaon Bazar,Barpeta,ASSAM
781312,Rampur,Nalbari,ASSAM
781313,Simlaguri,Barpeta,ASSAM
781314,Santinagar,Barpeta,ASSAM
781315,Barpeta Road,Barpeta,ASSAM
781316,Howly,Barpeta,ASSAM
781317,Sorbhog,Barpeta,ASSAM
781318,Sarupeta,Barpeta,ASSAM
781319,Kalgachia,Barpeta,ASSAM
781321,Mayanbari,Barpeta,ASSAM
781325,Pathsala,Barpeta,ASSAM
781326,Patacharkuchi,Barpeta,ASSAM
781327,Jalahghat,Barpeta,ASSAM
781328,Baghmarabazar,Barpeta,ASSAM
781329,Nityananda,Barpeta,ASSAM
781330,Simla,Barpeta,ASSAM
781333,Barimakha,Nalbari,ASSAM
781334,Chowkbazar,Nalbari,ASSAM
781335,Nalbari,Nalbari,ASSAM
781337,Milanpur,Nalbari,ASSAM
781338,Solmara,Nalbari,ASSAM
781339,Karia,Nalbari,ASSAM
781340,Banekuchi,Nalbari,ASSAM
781341,Kazipara,Nalbari,ASSAM
781343,Dhanbil,Nalbari,ASSAM
781344,Baganpara,Nalbari,ASSAM
781346,Barama,Nalbari,ASSAM
781347,Kamarkuchi,Nalbari,ASSAM
781348,Marowa,Nalbari,ASSAM
781349,Nizdhamdhama,Nalbari,ASSAM
781350,Sanekuchi,Nalbari,ASSAM
781351,Kalag,Nalbari,ASSAM
781352,Bhowanipur,Barpeta,ASSAM
781353,Gopalbazar,Nalbari,ASSAM
781354,Rangia,Kamrup,ASSAM
781355,Assam Syntex,Nalbari,ASSAM
781360,Kumarikata,Nalbari,ASSAM
781364,Maharipara,Kamrup,ASSAM
781365,Rangia R.S.,Kamrup,ASSAM
781366,Goreswar,Kamrup,ASSAM
781367,Tambulpur,Nalbari,ASSAM
781368,Nagrijuli,Nalbari,ASSAM
781369,Ghograpar,Nalbari,ASSAM
781370,Kaithalkuchi,Nalbari,ASSAM
781371,Tihu,Nalbari,ASSAM
781372,Mussalpur,Nalbari,ASSAM
781373,Doomni,Nalbari,ASSAM
781374,Makhibaha,Nalbari,ASSAM
781375,Bangaon,Nalbari,ASSAM
781376,Darkuchi,Kamrup,ASSAM
781377,Thamna,Nalbari,ASSAM
781378,Haribhanga,Nalbari,ASSAM
781380,Baihata,Kamrup,ASSAM
781381,Baihata Chariali,Kamrup,ASSAM
781382,Soneswar,Kamrup,ASSAM
782001,Nagaon,Nagaon,ASSAM
782002,Haiborgaon,Nagaon,ASSAM
782003,Itachali,Nagaon,ASSAM
782101,Nonoi,Nagaon,ASSAM
782102,Barhampur,Nagaon,ASSAM
782103,Raha,Nagaon,ASSAM
782104,Jaluguti,Marigaon,ASSAM
782105,Morigaon,Marigaon,ASSAM
782106,Charaibahi,Marigaon,ASSAM
782120,Ambagan,Nagaon,ASSAM
782121,Bhuragaon,Nagaon,ASSAM
782122,Batadraba,Nagaon,ASSAM
782123,Dhing,Nagaon,ASSAM
782124,Juria,Nagaon,ASSAM
782125,Rupahi,Nagaon,ASSAM
782126,Moirabari,Marigaon,ASSAM
782127,Lahorighat,Marigaon,ASSAM
782135,Chapanalla,Nagaon,ASSAM
782136,Jakhalabandha,Nagaon,ASSAM
782137,Kuworitul,Nagaon,ASSAM
782138,Missa,Nagaon,ASSAM
782139,Salana,Nagaon,ASSAM
782140,Samaguri,Nagaon,ASSAM
782141,Puranigudam,Nagaon,ASSAM
782142,Bebejia,Nagaon,ASSAM
782143,Silghat,Nagaon,ASSAM
782144,Baligaon,Nagaon,ASSAM
782401,Digaru,Kamrup,ASSAM
782402,Sonapur,Kamrup,ASSAM
782403,Khetri,Kamrup,ASSAM
782410,Jagiroad,Marigaon,ASSAM
782411,Jagibhakatgaon,Marigaon,ASSAM
782412,Dharamtul,Marigaon,ASSAM
782413,Kagajnagar,Marigaon,ASSAM
782425,Chaparmukh,Nagaon,ASSAM
782426,Kampur,Nagaon,ASSAM
782427,Kathiatoli,Nagaon,ASSAM
782428,Jamunamukh,Nagaon,ASSAM
782429,Jogijan Bazar,Nagaon,ASSAM
782435,Hojai,Nagaon,ASSAM
782439,Murazar Bazar,Nagaon,ASSAM
782440,Daboka,Nagaon,ASSAM
782441,Dokmaka,Karbi Anglong,ASSAM
782442,Sankardev Nagar,Karbi Anglong,ASSAM
782445,Nilbagan,Nagaon,ASSAM
782446,Lanka,Nagaon,ASSAM
782447,Lumding,Nagaon,ASSAM
782448,Kheroni,Karbi Anglong,ASSAM
782450,Baithalangsho,Karbi Anglong,ASSAM
782460,Diphu,Karbi Anglong,ASSAM
782461,Manja,Karbi Anglong,ASSAM
782462,Diphu Govt.College,Karbi Anglong,ASSAM
782470,Dhansripar,Karbi Anglong,ASSAM
782480,Bokajan,Karbi Anglong,ASSAM
782481,Howraghat,Karbi Anglong,ASSAM
782482,Bakalighat,Karbi Anglong,ASSAM
782485,Donkamokam,Karbi Anglong,ASSAM
782486,Hamren,Karbi Anglong,ASSAM
782490,Bokajan C F,Karbi Anglong,ASSAM
783101,Goalpara,Goalpara,ASSAM
783120,Agia,Goalpara,ASSAM
783122,Damra,Goalpara,ASSAM
783123,Dhupdhara,Goalpara,ASSAM
783124,Dudhnoi,Goalpara,ASSAM
783125,Matia,Goalpara,ASSAM
783126,Krishnai,Goalpara,ASSAM
783127,Salmara South,Dhubri,ASSAM
783128,Sukchar,Dhubri,ASSAM
783129,Lakhipur,Goalpara,ASSAM
783130,Rangjuli,Goalpara,ASSAM
783131,Mankachar,Dhubri,ASSAM
783132,Jaleswar,Goalpara,ASSAM
783133,Rajapara,Goalpara,ASSAM
783134,Darragiri,Goalpara,ASSAM
783135,Fekamari,Dhubri,ASSAM
783301,Dhubri,Dhubri,ASSAM
783323,Amco Road,Dhubri,ASSAM
783324,Bidyapara,Dhubri,ASSAM
783325,Jhagrarpar,Dhubri,ASSAM
783330,Fakirganj,Dhubri,ASSAM
783331,Gauripur,Dhubri,ASSAM
783332,Tamarhat,Kokrajhar,ASSAM
783333,Dingdinga,Kokrajhar,ASSAM
783334,Golakganj,Dhubri,ASSAM
783335,Agomoni,Dhubri,ASSAM
783336,Bhowraguri,Kokrajhar,ASSAM
783337,Sapatgram,Dhubri,ASSAM
783339,Alamganj,Dhubri,ASSAM
783345,Fakiragram,Kokrajhar,ASSAM
783346,Serfanguri,Kokrajhar,ASSAM
783347,Dotma,Kokrajhar,ASSAM
783348,Bilasipara,Dhubri,ASSAM
783349,Bagribari,Dhubri,ASSAM
783350,Kachugaon,Kokrajhar,ASSAM
783354,Saktiashram,Kokrajhar,ASSAM
783360,Gossaigaon,Kokrajhar,ASSAM
783361,Srirampur,Kokrajhar,ASSAM
783369,Salakati Project,Kokrajhar,ASSAM
783370,Kokrajhar,Kokrajhar,ASSAM
783371,Chapar,Dhubri,ASSAM
783372,Basugaon,Kokrajhar,ASSAM
783373,Sidli,Bongaigaon,ASSAM
783375,Runikhata,Kokrajhar,ASSAM
783376,Choraikhola,Kokrajhar,ASSAM
783380,Bongaigaon,Bongaigaon,ASSAM
783381,New Bongaigaon,Bongaigaon,ASSAM
783382,Jogighopa,Bongaigaon,ASSAM
783383,Salmara North,Bongaigaon,ASSAM
783384,Abhayapuri,Bongaigaon,ASSAM
783385,Dhaligaon,Bongaigaon,ASSAM
783388,A.P.Mill,Bongaigaon,ASSAM
783389,Boitamari,Bongaigaon,ASSAM
783390,Bijni,Bongaigaon,ASSAM
783391,Patiladaha,Bongaigaon,ASSAM
783392,Manikpur,Bongaigaon,ASSAM
783393,Boro Bazar,Bongaigaon,ASSAM
783394,Bengtal,Bongaigaon,ASSAM
784001,Tezpur,Sonitpur,ASSAM
784010,Tezpur Medical College,Sonitpur,ASSAM
784025,Panchmile,Sonitpur,ASSAM
784026,Khalihamari,Sonitpur,ASSAM
784027,Kaliabhomora,Sonitpur,ASSAM
784028,Napaam,Sonitpur,ASSAM
784101,Balipara,Sonitpur,ASSAM
784102,Lokra,Sonitpur,ASSAM
784103,Chariduar,Sonitpur,ASSAM
784104,Shalonibari,Sonitpur,ASSAM
784105,Ghoramari,Sonitpur,ASSAM
784110,Dhekiajuli,Sonitpur,ASSAM
784111,Darrang Panbari,Sonitpur,ASSAM
784112,Alisinga,Sonitpur,ASSAM
784113,Kopati,Darrang,ASSAM
784114,Orang,Darrang,ASSAM
784115,Kharupetiaghat,Darrang,ASSAM
784116,Dalgaon,Darrang,ASSAM
784117,Sirajuli,Sonitpur,ASSAM
784125,Mangaldoi,Darrang,ASSAM
784144,Pathorighat,Darrang,ASSAM
784145,Sipajhal,Darrang,ASSAM
784146,Dhula,Darrang,ASSAM
784147,Deomornoi,Darrang,ASSAM
784148,Duni,Darrang,ASSAM
784149,Thelamara,Sonitpur,ASSAM
784150,Besseria,Sonitpur,ASSAM
784153,Bihaguri,Sonitpur,ASSAM
784154,Ketekibari,Sonitpur,ASSAM
784160,Laluk,Lakhimpur,ASSAM
784161,Bihupuria,Lakhimpur,ASSAM
784163,Pathalipahar,Lakhimpur,ASSAM
784164,Dikrong,Lakhimpur,ASSAM
784165,Dhalpur,Lakhimpur,ASSAM
784166,Behali,Sonitpur,ASSAM
784167,Borgong,Sonitpur,ASSAM
784168,Gohpur,Sonitpur,ASSAM
784169,Howajair,Sonitpur,ASSAM
784170,Halem,Sonitpur,ASSAM
784171,Tetenbari,Sonitpur,ASSAM
784172,Barangabari,Sonitpur,ASSAM
784173,Mijikajan,Sonitpur,ASSAM
784174,Pabhoi,Sonitpur,ASSAM
784175,Sootea,Sonitpur,ASSAM
784176,Chariali,Sonitpur,ASSAM
784177,Biswanathghat,Sonitpur,ASSAM
784178,Kalabari,Sonitpur,ASSAM
784179,Bedeti,Sonitpur,ASSAM
784180,Jamugurihat,Sonitpur,ASSAM
784182,Naharbari,Sonitpur,ASSAM
784184,Gingia,Sonitpur,ASSAM
784189,Karsontala,Sonitpur,ASSAM
784190,Bhakatpara,Darrang,ASSAM
784501,Dekargaon,Sonitpur,ASSAM
784502,Bindukuri,Sonitpur,ASSAM
784504,Borjuli,Sonitpur,ASSAM
784505,Rangapara,Sonitpur,ASSAM
784506,Missamari,Sonitpur,ASSAM
784507,Mazbat,Darrang,ASSAM
784508,Rowta,Darrang,ASSAM
784509,Udalguri,Darrang,ASSAM
784510,Harisinga,Darrang,ASSAM
784513,Sapongaon,Darrang,ASSAM
784514,Lalpul Bazar,Darrang,ASSAM
784521,Tangla,Darrang,ASSAM
784522,Khoirabari,Darrang,ASSAM
784523,Panerihat,Darrang,ASSAM
784524,Hatigarh,Darrang,ASSAM
784525,Kalaigaon,Darrang,ASSAM
784526,Dimakuchi,Darrang,ASSAM
784527,Atterikhat,Darrang,ASSAM
784528,Purana Tangla,Darrang,ASSAM
784529,Chapaichowka,Darrang,ASSAM
785001,Jorhat,Jorhat,ASSAM
785004,Barbheta,Jorhat,ASSAM
785006,Jorhat Reserch Lab,Jorhat,ASSAM
785007,Jorhat Engg College,Jorhat,ASSAM
785008,Cinnamara,Jorhat,ASSAM
785009,Na Ali Dhekiajuli,Jorhat,ASSAM
785010,Chengeli Gaon,Jorhat,ASSAM
785013,Assam Agriculture University,Jorhat,ASSAM
785014,Rajabari,Jorhat,ASSAM
785015,Korokatoly,Jorhat,ASSAM
785101,Bahana,Jorhat,ASSAM
785102,Dakhin Pat Satra,Jorhat,ASSAM
785104,Garmursatra,Jorhat,ASSAM
785105,Jengraimukh,Jorhat,ASSAM
785106,Kamalabari,Jorhat,ASSAM
785107,Kakajan,Jorhat,ASSAM
785108,Kakilamukh,Jorhat,ASSAM
785110,Majulibongaon,Jorhat,ASSAM
785111,Neamatighat,Jorhat,ASSAM
785112,Teok,Jorhat,ASSAM
785601,Sarupathar,Golaghat,ASSAM
785602,Barpathar,Golaghat,ASSAM
785603,Oating,Golaghat,ASSAM
785609,Kaziranga National Park,Golaghat,ASSAM
785610,Furkating,Golaghat,ASSAM
785611,Badulipaar,Golaghat,ASSAM
785612,Bokakhat,Golaghat,ASSAM
785613,Letekujaan,Golaghat,ASSAM
785614,Dergaon,Golaghat,ASSAM
785615,Numaligarh,Golaghat,ASSAM
785616,Gatanga,Jorhat,ASSAM
785618,Baruabamungaon,Golaghat,ASSAM
785619,Kamargaon,Golaghat,ASSAM
785621,Golaghat,Golaghat,ASSAM
785622,Dhekial,Golaghat,ASSAM
785625,Kamarbandha Ali,Golaghat,ASSAM
785626,Maheema,Golaghat,ASSAM
785630,Titabor,Jorhat,ASSAM
785631,Borholla,Jorhat,ASSAM
785632,Purana Titabor,Jorhat,ASSAM
785633,Khorikotia,Jorhat,ASSAM
785634,Mariani,Jorhat,ASSAM
785635,Nakachari,Jorhat,ASSAM
785636,Selenghat,Jorhat,ASSAM
785640,Sivasagar,Sibsagar,ASSAM
785661,Charing,Sibsagar,ASSAM
785662,Demow,Sibsagar,ASSAM
785663,Disangmukh,Sibsagar,ASSAM
785664,Gaurisagar,Sibsagar,ASSAM
785665,Joysagar,Sibsagar,ASSAM
785666,Kaloogaon,Sibsagar,ASSAM
785667,Konwarpur,Sibsagar,ASSAM
785669,Moran,Sibsagar,ASSAM
785670,Moranhat,Sibsagar,ASSAM
785671,Nitaipukhuri,Sibsagar,ASSAM
785672,Rajmai,Sibsagar,ASSAM
785673,Sepon,Sibsagar,ASSAM
785674,Nemuguri,Sibsagar,ASSAM
785675,Khowang,Dibrugarh,ASSAM
785676,Khowang Ghat,Dibrugarh,ASSAM
785680,Amguri,Sibsagar,ASSAM
785681,Amguri Haloating,Sibsagar,ASSAM
785682,Tamulichiga,Sibsagar,ASSAM
785683,Jhanji,Sibsagar,ASSAM
785684,Namtidoll,Sibsagar,ASSAM
785685,Nazira,Sibsagar,ASSAM
785686,Simaluguri,Sibsagar,ASSAM
785687,Santak,Sibsagar,ASSAM
785688,Lakowah,Sibsagar,ASSAM
785689,Suffry,Sibsagar,ASSAM
785690,Sonari,Sibsagar,ASSAM
785691,Bhojo,Golaghat,ASSAM
785692,Sapekhati,Sibsagar,ASSAM
785693,Borhat,Sibsagar,ASSAM
785696,Geleky,Sibsagar,ASSAM
785697,Ongc Colony,Sibsagar,ASSAM
785698,Lakwah R.S.,Sibsagar,ASSAM
785699,Numaligarh Refinery Project,Golaghat,ASSAM
785700,Lahdoigarh Chariali,Jorhat,ASSAM
785701,Hahchara,Sibsagar,ASSAM
785702,Bengenakhowa,Golaghat,ASSAM
785703,Ptc Dergaon,Golaghat,ASSAM
785704,Ongc Jorhat,Jorhat,ASSAM
785705,Merapani,Sibsagar,ASSAM
786001,Dibrugarh,Dibrugarh,ASSAM
786002,Assam Medical College,Dibrugarh,ASSAM
786003,Central Revenue Building,Dibrugarh,ASSAM
786004,Dibrugarh University,Dibrugarh,ASSAM
786005,Jalan Nagar,Dibrugarh,ASSAM
786006,Lepetkata,Dibrugarh,ASSAM
786007,Barbaruah,Dibrugarh,ASSAM
786008,Mohanaghat,Dibrugarh,ASSAM
786010,Lahoal,Dibrugarh,ASSAM
786012,Mohanbari Air Field,Dibrugarh,ASSAM
786101,Dikom,Dibrugarh,ASSAM
786102,Chabua Air Field,Dibrugarh,ASSAM
786103,Tengakhat,Dibrugarh,ASSAM
786125,Tinsukia,Tinsukia,ASSAM
786126,Borguri,Tinsukia,ASSAM
786145,Sripuria,Tinsukia,ASSAM
786146,Sukhanpukhuri,Tinsukia,ASSAM
786147,Rangagora,Tinsukia,ASSAM
786148,Monkhooli,Tinsukia,ASSAM
786150,Barhapjan,Tinsukia,ASSAM
786151,Doom Dooma,Tinsukia,ASSAM
786152,Kakapathar,Tinsukia,ASSAM
786153,Rupaisiding,Tinsukia,ASSAM
786154,Saikhowaghat,Tinsukia,ASSAM
786155,Sadiya,Tinsukia,ASSAM
786156,Talap,Tinsukia,ASSAM
786157,Chapakhowa,Tinsukia,ASSAM
786158,Kundil,Tinsukia,ASSAM
786159,Sukriting,Tinsukia,ASSAM
786160,Phillobari,Tinsukia,ASSAM
786170,Makum Junction,Tinsukia,ASSAM
786171,Digboi,Tinsukia,ASSAM
786173,Jubilee Digboi,Tinsukia,ASSAM
786174,Pengri,Tinsukia,ASSAM
786179,Tipong,Tinsukia,ASSAM
786181,Margherita,Tinsukia,ASSAM
786182,Ledo,Tinsukia,ASSAM
786183,Panitola,Tinsukia,ASSAM
786184,Chabua,Dibrugarh,ASSAM
786187,Makum Pathar,Tinsukia,ASSAM
786188,Jagun,Tinsukia,ASSAM
786189,Dinjan,Tinsukia,ASSAM
786190,Hansara,Tinsukia,ASSAM
786191,Naoholia,Dibrugarh,ASSAM
786192,Hijiguri,Tinsukia,ASSAM
786601,Hoogrijan,Tinsukia,ASSAM
786602,Duliajan,Dibrugarh,ASSAM
786610,Naharkatia,Dibrugarh,ASSAM
786611,Rajgarh,Dibrugarh,ASSAM
786612,Tingkhong,Dibrugarh,ASSAM
786613,Bamunbari,Dibrugarh,ASSAM
786614,Jeypore,Dibrugarh,ASSAM
786621,Namrup,Dibrugarh,ASSAM
786622,Namrup Thermal Power Station,Dibrugarh,ASSAM
786623,Parbatpur,Dibrugarh,ASSAM
786692,Anandapara,Dibrugarh,ASSAM
787001,North Lakhimpur,Lakhimpur,ASSAM
787023,Naoboicha,Lakhimpur,ASSAM
787026,Bordoloni,Dhemaji,ASSAM
787031,Khelmati,Lakhimpur,ASSAM
787032,Moidumia,Lakhimpur,ASSAM
787033,Bhogpur Chariali,Lakhimpur,ASSAM
787034,Gogamukh,Lakhimpur,ASSAM
787035,Gerukamukh,Lakhimpur,ASSAM
787051,Lilabari A/F,Lakhimpur,ASSAM
787052,Panigaon,Lakhimpur,ASSAM
787053,Ghilamara,Lakhimpur,ASSAM
787054,Islamgaon,Lakhimpur,ASSAM
787055,Dhakuakhana,Lakhimpur,ASSAM
787056,Pathalipam,Lakhimpur,ASSAM
787057,Dhemaji,Dhemaji,ASSAM
787058,Machkhowa,Dhemaji,ASSAM
787059,Silapathar,Dhemaji,ASSAM
787060,Jonai,Dhemaji,ASSAM
787061,Simen Chapori,Dhemaji,ASSAM
787110,Sissiborgaon,Dhemaji,ASSAM
788001,Silchar,Cachar,ASSAM
788002,Malugram,Cachar,ASSAM
788003,Tarapur,Cachar,ASSAM
788004,G C College,Cachar,ASSAM
788005,Rangirkhari,Cachar,ASSAM
788006,Link Road,Cachar,ASSAM
788007,Vivekananda Road,Cachar,ASSAM
788009,Rongpur,Cachar,ASSAM
788010,Silchar REC,Cachar,ASSAM
788011,Assam University,Cachar,ASSAM
788013,Sonabarighat,Cachar,ASSAM
788014,Silchar Medical College,Cachar,ASSAM
788015,Meherpur,Cachar,ASSAM
788025,Arunachal,Cachar,ASSAM
788026,Srikona,Cachar,ASSAM
788030,Udarbond,Cachar,ASSAM
788031,Salganga,Cachar,ASSAM
788098,Pailapool,Cachar,ASSAM
788099,Matinagar,Cachar,ASSAM
788101,Banskandi,Cachar,ASSAM
788102,Dewan,Cachar,ASSAM
788103,Lakhipur,Cachar,ASSAM
788104,Jirighat,Cachar,ASSAM
788106,Fulertal,Cachar,ASSAM
788107,Joypur Rajabazar,Cachar,ASSAM
788108,Kumbhir,Cachar,ASSAM
788109,Kumbhirgram Airport,Cachar,ASSAM
788110,Borkhola,Cachar,ASSAM
788111,Dalu,Cachar,ASSAM
788112,Derby,Cachar,ASSAM
788113,Dwarband,Cachar,ASSAM
788114,Dholai Bazar,Cachar,ASSAM
788115,Narsingpur,Cachar,ASSAM
788116,Palonghat,Cachar,ASSAM
788117,Barjalenga,Hailakandi,ASSAM
788118,Silcuri,Cachar,ASSAM
788119,Sonaimukh,Cachar,ASSAM
788120,Bhaga Bazar,Cachar,ASSAM
788121,Kabuganj Bazar,Cachar,ASSAM
788123,Bekirpar,Cachar,ASSAM
788126,Binnakandi Ghat,Cachar,ASSAM
788127,Jarailtala Bazar,Cachar,ASSAM
788150,Kalibari Bazar,Cachar,ASSAM
788151,Hailakandi,Hailakandi,ASSAM
788152,Lakshmisahar,Hailakandi,ASSAM
788155,Ratanpur Road,Hailakandi,ASSAM
788156,Anilgarh,Karimganj,ASSAM
788160,Jaffirband,Hailakandi,ASSAM
788161,Katlacherra,Hailakandi,ASSAM
788162,Jamira Bazar,Hailakandi,ASSAM
788163,Lala,Hailakandi,ASSAM
788164,Monacherra,Hailakandi,ASSAM
788165,Manipur Bagan,Hailakandi,ASSAM
788166,Ramkrishnanagar,Karimganj,ASSAM
788168,Rajyeswarpur,Hailakandi,ASSAM
788701,Bhanga Bazaar,Karimganj,ASSAM
788709,Tillabazar,Karimganj,ASSAM
788710,Karimganj,Karimganj,ASSAM
788711,Karimganj Bazar,Karimganj,ASSAM
788712,Settlement Road,Karimganj,ASSAM
788713,Silchar Road,Karimganj,ASSAM
788719,Kayasthagram,Karimganj,ASSAM
788720,Kaliganj Bazar,Karimganj,ASSAM
788722,Nilam Bazar,Karimganj,ASSAM
788723,Baraigram,Karimganj,ASSAM
788724,Patharkandi,Karimganj,ASSAM
788725,Chandkhira,Karimganj,ASSAM
788726,Hatikhira,Karimganj,ASSAM
788727,Bazaricherra Bazar,Karimganj,ASSAM
788728,Isabeel,Karimganj,ASSAM
788733,Bazarghat,Karimganj,ASSAM
788734,Anipur,Karimganj,ASSAM
788735,Ratabari,Karimganj,ASSAM
788736,Dullabcherra,Hailakandi,ASSAM
788737,Olivacherra,Karimganj,ASSAM
788781,Mahisashan,Karimganj,ASSAM
788801,Kalinagar,Karimganj,ASSAM
788802,Panchgram,Hailakandi,ASSAM
788803,Badarpurghat,Karimganj,ASSAM
788804,Katirail,Cachar,ASSAM
788805,Katigorah,Cachar,ASSAM
788806,Badarpur,Karimganj,ASSAM
788815,Kalain,Cachar,ASSAM
788816,Jalalpur,Cachar,ASSAM
788817,Behara Bazar,Cachar,ASSAM
788818,Harengajao,North Cachar Hills,ASSAM
788819,Haflong,North Cachar Hills,ASSAM
788820,Haflong Ptc,North Cachar Hills,ASSAM
788830,Mahur,North Cachar Hills,ASSAM
788831,Maibong,North Cachar Hills,ASSAM
788832,Langting,North Cachar Hills,ASSAM
788931,Umrangshu,North Cachar Hills,ASSAM
790001,Bomdila,West Kameng,ARUNACHAL PRADESH
790002,Kalaktang,West Kameng,ARUNACHAL PRADESH
790003,Rupa,West Kameng,ARUNACHAL PRADESH
790101,Dirang,West Kameng,ARUNACHAL PRADESH
790102,Seppa,East Kameng,ARUNACHAL PRADESH
790103,Seijosa,East Kameng,ARUNACHAL PRADESH
790104,Tawang,Tawang,ARUNACHAL PRADESH
790105,Jang,Tawang,ARUNACHAL PRADESH
790106,Lumla,Tawang,ARUNACHAL PRADESH
790114,Bhalukpong,West Kameng,ARUNACHAL PRADESH
790116,Tenga Market,West Kameng,ARUNACHAL PRADESH
791001,Along,West Siang,ARUNACHAL PRADESH
791002,Yingkiong,Upper Siang,ARUNACHAL PRADESH
791003,Mechuka,West Siang,ARUNACHAL PRADESH
791101,Basar,West Siang,ARUNACHAL PRADESH
791102,Pasighat,East Siang,ARUNACHAL PRADESH
791103,Hill Top,East Siang,ARUNACHAL PRADESH
791104,Mebo,East Siang,ARUNACHAL PRADESH
791105,Tuting,Upper Siang,ARUNACHAL PRADESH
791109,Nirjuli,Papum Pare,ARUNACHAL PRADESH
791110,Naharlagun,Papum Pare,ARUNACHAL PRADESH
791111,Itanagar,Papum Pare,ARUNACHAL PRADESH
791112,Doimukh,Papum Pare,ARUNACHAL PRADESH
791113,Ram Krishna Mission,Papum Pare,ARUNACHAL PRADESH
791114,Sagalee,Papum Pare,ARUNACHAL PRADESH
791118,Palin,Kurung Kumey,ARUNACHAL PRADESH
791119,Ranga Nadi Project,Lower Subansiri,ARUNACHAL PRADESH
791120,Ziro,Lower Subansiri,ARUNACHAL PRADESH
791121,Kimin,Papum Pare,ARUNACHAL PRADESH
791122,Daporijo,Upper Subansiri,ARUNACHAL PRADESH
791123,Banderdewa,Papum Pare,ARUNACHAL PRADESH
791125,Likabali,West Siang,ARUNACHAL PRADESH
792001,Tezu,Lohit,ARUNACHAL PRADESH
792055,Vijoynagar,Changlang,ARUNACHAL PRADESH
792056,Bordumsa,Changlang,ARUNACHAL PRADESH
792101,Anini,Dibang Valley,ARUNACHAL PRADESH
792102,Chowkham,Lohit,ARUNACHAL PRADESH
792103,Namsai,Lohit,ARUNACHAL PRADESH
792104,Hayuliang,Lohit,ARUNACHAL PRADESH
792105,Mahadevpur,Lohit,ARUNACHAL PRADESH
792110,Roing,Dibang Valley,ARUNACHAL PRADESH
792111,Sunpura,Lohit,ARUNACHAL PRADESH
792120,Changlang,Changlang,ARUNACHAL PRADESH
792121,Jairampur,Changlang,ARUNACHAL PRADESH
792122,Miao,Changlang,ARUNACHAL PRADESH
792123,Nampong,Changlang,ARUNACHAL PRADESH
792129,Deomali,Tirap,ARUNACHAL PRADESH
792130,Khonsa,Tirap,ARUNACHAL PRADESH
792131,Longding,Tirap,ARUNACHAL PRADESH
793001,Shillong G.P.O.,East Khasi Hills,MEGHALAYA
793002,Iewduh,East Khasi Hills,MEGHALAYA
793003,Laitumkhrah,East Khasi Hills,MEGHALAYA
793004,Laban,East Khasi Hills,MEGHALAYA
793005,Upper Shillong,East Khasi Hills,MEGHALAYA
793006,Rynjah,East Khasi Hills,MEGHALAYA
793007,Happy Valley,East Khasi Hills,MEGHALAYA
793008,Phudmawri,East Khasi Hills,MEGHALAYA
793009,Nonglyer,East Khasi Hills,MEGHALAYA
793010,Laitkor Peak,East Khasi Hills,MEGHALAYA
793011,Assam Rifles,East Khasi Hills,MEGHALAYA
793012,Mawpat,East Khasi Hills,MEGHALAYA
793014,Nongthymmai,East Khasi Hills,MEGHALAYA
793015,Smit,East Khasi Hills,MEGHALAYA
793016,Mawiong,East Khasi Hills,MEGHALAYA
793017,Mawlai,East Khasi Hills,MEGHALAYA
793018,Neigrihms,East Khasi Hills,MEGHALAYA
793019,Nongmynsong,East Khasi Hills,MEGHALAYA
793021,Madanriting,East Khasi Hills,MEGHALAYA
793022,Nehu,East Khasi Hills,MEGHALAYA
793101,Byrnihat,Ri Bhoi,MEGHALAYA
793102,Nongpoh,Ri Bhoi,MEGHALAYA
793103,Umiam,Ri Bhoi,MEGHALAYA
793104,Sumer,East Khasi Hills,MEGHALAYA
793105,Umsning,Ri Bhoi,MEGHALAYA
793106,Balat,East Khasi Hills,MEGHALAYA
793107,Bholaganj Bazar,East Khasi Hills,MEGHALAYA
793108,Cherrapunjee,East Khasi Hills,MEGHALAYA
793109,Dawki,East Khasi Hills,MEGHALAYA
793110,Pynursla,East Khasi Hills,MEGHALAYA
793111,Cherrabazar,East Khasi Hills,MEGHALAYA
793112,Shella,East Khasi Hills,MEGHALAYA
793113,Mawsynram,East Khasi Hills,MEGHALAYA
793114,Mawkyrwat,West Khasi Hills,MEGHALAYA
793115,Sohiong,West Khasi Hills,MEGHALAYA
793119,Nongstoin,West Khasi Hills,MEGHALAYA
793120,Mairang,West Khasi Hills,MEGHALAYA
793121,Mawphlang,East Khasi Hills,MEGHALAYA
793122,Ucc,Ri Bhoi,MEGHALAYA
793123,Umsaw,Ri Bhoi,MEGHALAYA
793126,Riangdo Bazar,East Khasi Hills,MEGHALAYA
793150,Jowai,Jaintia Hills,MEGHALAYA
793151,Thadlaskein,Jaintia Hills,MEGHALAYA
793160,Ladrymbai,Jaintia Hills,MEGHALAYA
793161,Amlarem,West Khasi Hills,MEGHALAYA
793200,Khliehriat,Jaintia Hills,MEGHALAYA
793210,Lumshnong,Jaintia Hills,MEGHALAYA
794001,Tura,West Garo Hills,MEGHALAYA
794002,Lower Chandmari,West Garo Hills,MEGHALAYA
794003,Dadengiri,West Garo Hills,MEGHALAYA
794005,Dobasipara,West Garo Hills,MEGHALAYA
794101,Araimile,West Garo Hills,MEGHALAYA
794102,Baghmara,South Garo Hills,MEGHALAYA
794103,Barengapara,West Garo Hills,MEGHALAYA
794104,Fulbari,West Garo Hills,MEGHALAYA
794105,Garobadha,West Garo Hills,MEGHALAYA
794106,Mahendraganj,West Garo Hills,MEGHALAYA
794107,Nangwalbibra,West Garo Hills,MEGHALAYA
794108,Resubelpara,West Garo Hills,MEGHALAYA
794109,Tikrikilla,West Garo Hills,MEGHALAYA
794110,Rongjeng,East Garo Hills,MEGHALAYA
794111,Williamnagar,East Garo Hills,MEGHALAYA
794112,Mendipathar,West Garo Hills,MEGHALAYA
794114,Rongra,South Garo Hills,MEGHALAYA
794115,Ampati,West Garo Hills,MEGHALAYA
795001,Imphal,Imphal West,MANIPUR
795002,Mantripukhri,Imphal West,MANIPUR
795003,Manipur University,Imphal East,MANIPUR
795004,Lamphelpat,Imphal West,MANIPUR
795005,Porompat,Imphal East,MANIPUR
795006,New Lamka,Churachandpur,MANIPUR
795007,Karong,Senapati,MANIPUR
795008,Singjamei,Imphal East,MANIPUR
795009,Wangoi,Imphal West,MANIPUR
795010,Lamlong,Imphal East,MANIPUR
795011,Ningthoukhong,Bishnupur,MANIPUR
795101,Sugnu,Chandel,MANIPUR
795102,Chakpikarong,Chandel,MANIPUR
795103,Kakching,Thoubal,MANIPUR
795104,Tadubi,Senapati,MANIPUR
795105,Maram,Senapati,MANIPUR
795106,Senapati,Senapati,MANIPUR
795107,Motbung,Senapati,MANIPUR
795112,T Waichong,Senapati,MANIPUR
795113,CRPF Camp Langjing,Imphal West,MANIPUR
795114,Pangei Yangdong,Imphal East,MANIPUR
795115,Gularthol,Imphal West,MANIPUR
795116,Jiribam Bazar,Imphal West,MANIPUR
795117,Saikot,Churachandpur,MANIPUR
795118,Saikul,Churachandpur,MANIPUR
795122,Kalapahar,Senapati,MANIPUR
795124,Loktak Project,Bishnupur,MANIPUR
795125,Tamei,Senapati,MANIPUR
795126,Bishnupur,Bishnupur,MANIPUR
795127,Chandel,Chandel,MANIPUR
795128,Churachandpur,Churachandpur,MANIPUR
795129,Kangpokpi,Senapati,MANIPUR
795130,Lilong,Thoubal,MANIPUR
795131,Moreh,Chandel,MANIPUR
795132,Mayang Imphal,Thoubal,MANIPUR
795133,Moirang,Bishnupur,MANIPUR
795134,Nambol,Bishnupur,MANIPUR
795135,Pallel,Chandel,MANIPUR
795136,Sekmai,Imphal East,MANIPUR
795138,Thoubal,Thoubal,MANIPUR
795139,Singhat,Churachandpur,MANIPUR
795140,Tulihal,Imphal East,MANIPUR
795141,Tamenglong,Tamenglong,MANIPUR
795142,Ukhrul,Ukhrul,MANIPUR
795144,Somdal,Ukhrul,MANIPUR
795145,Litan,Ukhrul,MANIPUR
795146,Lamsang,Imphal West,MANIPUR
795147,Nungba,Tamenglong,MANIPUR
795148,Wangjing,Thoubal,MANIPUR
795149,Yairipok,Thoubal,MANIPUR
795150,Mao,Senapati,MANIPUR
795159,None,Tamenglong,MANIPUR
796001,Aizawl,Aizawl,MIZORAM
796004,Mizoram University,Aizawl,MIZORAM
796005,Kulikawn,Aizawl,MIZORAM
796007,Chandmary,Aizawl,MIZORAM
796008,Armed Veng,Aizawl,MIZORAM
796009,Vaivakawn,Aizawl,MIZORAM
796012,Ramhlun,Aizawl,MIZORAM
796014,Bawngkawn,Aizawl,MIZORAM
796015,Durtlang,Aizawl,MIZORAM
796017,Zemabawk,Aizawl,MIZORAM
796070,Kawnpui,Kolasib,MIZORAM
796081,Kolasib,Kolasib,MIZORAM
796091,Bilkhawthlir,Kolasib,MIZORAM
796101,Vairengte,Kolasib,MIZORAM
796111,Darlawn,Aizawl,MIZORAM
796161,Thingsulthliah,Aizawl,MIZORAM
796181,Serchhip,Serchhip,MIZORAM
796184,N. Vanlaiphai,Serchhip,MIZORAM
796186,Thenzawl,Serchhip,MIZORAM
796190,Aibawk,Aizawl,MIZORAM
796261,Saitual,Aizawl,MIZORAM
796290,Ngopa,Champhai,MIZORAM
796310,Khawzawl,Champhai,MIZORAM
796320,S.Khawbung,Champhai,MIZORAM
796321,Champhai,Champhai,MIZORAM
796370,Lungdar,Serchhip,MIZORAM
796410,Sairang,Mammit,MIZORAM
796421,Lengpui Airport,Aizawl,MIZORAM
796431,Phaileng,Mammit,MIZORAM
796441,Mamit,Mammit,MIZORAM
796470,Kawrthah,Mammit,MIZORAM
796501,Reiek,Mammit,MIZORAM
796571,Hnahthial,Lunglei,MIZORAM
796581,Thingsai,Lunglei,MIZORAM
796691,Zotlang,Lunglei,MIZORAM
796701,Lunglei MDG,Lunglei,MIZORAM
796710,Bunghmun,Lunglei,MIZORAM
796751,Tlabung,Lunglei,MIZORAM
796770,Chawngte,Lunglei,MIZORAM
796891,Lawngtlai,Lawngtlai,MIZORAM
796901,Saiha,Saiha,MIZORAM
797001,Kohima,Kohima,NAGALAND
797002,Kohima Science College,Kohima,NAGALAND
797003,Kohima Village,Kohima,NAGALAND
797004,New Sectt Complex,Kohima,NAGALAND
797006,Jakhama,Kohima,NAGALAND
797099,Bhandari,Wokha,NAGALAND
797101,Peren,Kohima,NAGALAND
797103,Chumukedima,Dimapur,NAGALAND
797104,Chozuba,Phek,NAGALAND
797105,Chiechama,Kohima,NAGALAND
797106,Medziphema,Dimapur,NAGALAND
797107,Pfutsero,Phek,NAGALAND
797108,Phek,Phek,NAGALAND
797109,Tseminyu,Kohima,NAGALAND
797110,Zalukie,Peren,NAGALAND
797111,Wokha,Wokha,NAGALAND
797112,Dimapur,Dimapur,NAGALAND
797113,New Nepaligaon,Dimapur,NAGALAND
797114,Meluri,Phek,NAGALAND
797115,Artc,Dimapur,NAGALAND
797116,Dimapur Bazar,Dimapur,NAGALAND
797117,Circular Road,Dimapur,NAGALAND
797118,Signal Village,Dimapur,NAGALAND
797120,P.R Hill,Kohima,NAGALAND
798601,Mokokchung,Mokokchung,NAGALAND
798602,Tizit,Mon,NAGALAND
798603,Champang,Mon,NAGALAND
798604,Mongkholemba,Mokokchung,NAGALAND
798607,Alichen,Mokokchung,NAGALAND
798611,Kiphire,Kiphire,NAGALAND
798612,Tuensang,Tuensang,NAGALAND
798613,Chantongia,Mokokchung,NAGALAND
798614,Chuchuyimlang,Mokokchung,NAGALAND
798615,Impur,Mokokchung,NAGALAND
798616,Longkhim,Tuensang,NAGALAND
798618,Tuli,Mokokchung,NAGALAND
798620,Zunheboto,Zunhebotto,NAGALAND
798621,Mon,Mon,NAGALAND
798622,Naginimora,Mon,NAGALAND
798623,Tzudikong,Mokokchung,NAGALAND
798625,Longleng,Longleng,NAGALAND
798627,Lumami,Zunhebotto,NAGALAND
799001,Agartala,West Tripura,TRIPURA
799002,Ramnagar,West Tripura,TRIPURA
799003,Arundhutinagar,West Tripura,TRIPURA
799004,Agartala College,West Tripura,TRIPURA
799005,Abhoynagar,West Tripura,TRIPURA
799006,Kunjaban,West Tripura,TRIPURA
799007,Dhaleswar,West Tripura,TRIPURA
799008,Khayerpur,West Tripura,TRIPURA
799009,Agartala Aerodrome,West Tripura,TRIPURA
799010,Agartala Secretariat,West Tripura,TRIPURA
799011,Jampuijala Colony,West Tripura,TRIPURA
799012,Salbagan,West Tripura,TRIPURA
799013,Matabari,Gomti,TRIPURA
799014,Agartala ONGC,West Tripura,TRIPURA
799015,Narayanpur Bazar,West Tripura,TRIPURA
799022,Tripura University,West Tripura,TRIPURA
799035,Ranirbazar,West Tripura,TRIPURA
799045,Birendranagar,West Tripura,TRIPURA
799046,NIT Agartala,West Tripura,TRIPURA
799101,Amarpur,South Tripura,TRIPURA
799102,Bishalgarh,West Tripura,TRIPURA
799103,Bishramganj,West Tripura,TRIPURA
799104,Jatanbari,South Tripura,TRIPURA
799105,Kakraban,South Tripura,TRIPURA
799113,Tepania,Gomti,TRIPURA
799114,Gakulpur,South Tripura,TRIPURA
799115,Melaghar,West Tripura,TRIPURA
799120,Radhakishorepur,South Tripura,TRIPURA
799125,Garjee,South Tripura,TRIPURA
799130,Sekerkote,West Tripura,TRIPURA
799131,Sonamura,West Tripura,TRIPURA
799132,Kathalia,Sepahijala,TRIPURA
799141,Jolaibari,South Tripura,TRIPURA
799142,Muhuripur,South Tripura,TRIPURA
799143,Manubazar,South Tripura,TRIPURA
799144,Santirbazar,South Tripura,TRIPURA
799145,Sabroom,South Tripura,TRIPURA
799150,Rajnagar,South Tripura,TRIPURA
799153,Radhanagar,West Tripura,TRIPURA
799155,Beloniya,South Tripura,TRIPURA
799156,Hrishyamukh,South Tripura,TRIPURA
799157,Anandapur,South Tripura,TRIPURA
799201,Khowai,West Tripura,TRIPURA
799202,Khowai Court,West Tripura,TRIPURA
799203,Kalyanpur,West Tripura,TRIPURA
799204,Kulaibazar,Dhalai,TRIPURA
799205,Teliamura,West Tripura,TRIPURA
799207,Chebri,West Tripura,TRIPURA
799210,Kamalghat,West Tripura,TRIPURA
799211,Mohanpur,West Tripura,TRIPURA
799212,Sidhai,West Tripura,TRIPURA
799250,Dharmanagar,North Tripura,TRIPURA
799251,Chandrapur,North Tripura,TRIPURA
799253,Rajbari,North Tripura,TRIPURA
799254,Halflongcherra,North Tripura,TRIPURA
799256,Tripura Damcherra,North Tripura,TRIPURA
799260,Panisagar,North Tripura,TRIPURA
799261,Kadamtala,North Tripura,TRIPURA
799262,Churaibari,North Tripura,TRIPURA
799263,Pecharthal,North Tripura,TRIPURA
799264,Kumarghat,North Tripura,TRIPURA
799266,Kanchancherra,Dhalai,TRIPURA
799269,Jampui,North Tripura,TRIPURA
799270,Kanchanpur,North Tripura,TRIPURA
799271,Dasdabazar,North Tripura,TRIPURA
799273,Chailengta,Dhalai,TRIPURA
799275,Manughat,Dhalai,TRIPURA
799277,Kailashahar,North Tripura,TRIPURA
799278,Salema,Dhalai,TRIPURA
799279,Paiturbazar,North Tripura,TRIPURA
799280,Sonamukhi Bazar,North Tripura,TRIPURA
799281,Baburbazar,North Tripura,TRIPURA
799282,Gournagar,North Tripura,TRIPURA
799284,Sarma,Dhalai,TRIPURA
799285,Kamalpur,Dhalai,TRIPURA
799286,Halahali,Dhalai,TRIPURA
799287,Manikbhander,Dhalai,TRIPURA
799288,Kanchanbari,North Tripura,TRIPURA
799289,Ambassa,Dhalai,TRIPURA
799290,Fatikroy,North Tripura,TRIPURA
800001,Patna G.P.O.,Patna,BIHAR
800002,Anisabad,Patna,BIHAR
800003,Kadamkuan,Patna,BIHAR
800004,Bankipore,Patna,BIHAR
800005,Patna University,Patna,BIHAR
800006,Mahendru,Patna,BIHAR
800007,Gulzarbagh,Patna,BIHAR
800008,Patna City,Patna,BIHAR
800009,Begampur,Patna,BIHAR
800010,Sadaquat Ashram,Patna,BIHAR
800011,Dighaghat,Patna,BIHAR
800012,Digha,Patna,BIHAR
800013,Patliputra,Patna,BIHAR
800014,B.V. College,Patna,BIHAR
800015,Patna Sectt.,Patna,BIHAR
800016,Rajendra Nagar,Patna,BIHAR
800017,B.S.E. Board,Patna,BIHAR
800018,Bataganj,Patna,BIHAR
800019,C.D.A,Patna,BIHAR
800020,Lohia Nagar,Patna,BIHAR
800021,Vidyut Parisad,Patna,BIHAR
800022,B.G. Camp/raj Bhawan,Patna,BIHAR
800023,L.B.S Nagar,Patna,BIHAR
800024,Keshari Nagar,Patna,BIHAR
800025,Ashiananagar,Patna,BIHAR
800026,B.H.Colony,Patna,BIHAR
800027,New Jaganpura,Patna,BIHAR
800028,Patna High Court,Patna,BIHAR
800030,Purvi Laxminagar,Patna,BIHAR
801102,Belhauri,Patna,BIHAR
801103,Bihta,Patna,BIHAR
801104,Bikram,Patna,BIHAR
801105,Khagaul,Patna,BIHAR
801106,IIT Patna,Patna,BIHAR
801108,Maner,Patna,BIHAR
801109,Naubatpur,Patna,BIHAR
801110,Paliganj,Patna,BIHAR
801111,Sadisopur,Patna,BIHAR
801112,Lai,Patna,BIHAR
801113,Neora,Patna,BIHAR
801301,Ekangersarai,Nalanda,BIHAR
801302,Hilsa,Nalanda,BIHAR
801303,Islampur,Nalanda,BIHAR
801304,Karaipersurai,Nalanda,BIHAR
801305,Nagarnausa,Nalanda,BIHAR
801306,Telhara,Nalanda,BIHAR
801307,Bhathar,Nalanda,BIHAR
801501,B.R. Centre,Patna,BIHAR
801503,Danapur Cantt,Patna,BIHAR
801505,Phulwarisharif,Patna,BIHAR
801506,Sahay Nagar,Patna,BIHAR
801507,AIIMS,Patna,BIHAR
802101,Buxar,Buxar,BIHAR
802102,Buxar Jail,Buxar,BIHAR
802103,Buxar Gajadhar Ganj,Buxar,BIHAR
802111,Arak,Buxar,BIHAR
802112,Brahampur,Buxar,BIHAR
802113,Barkarajpur,Buxar,BIHAR
802114,Chausa,Buxar,BIHAR
802115,Chaugai,Buxar,BIHAR
802116,Churamanpur,Buxar,BIHAR
802117,Dhansoi,Buxar,BIHAR
802118,Dulahpur,Buxar,BIHAR
802119,Dumraon,Buxar,BIHAR
802120,Dumari,Buxar,BIHAR
802122,Hitawarajpur,Buxar,BIHAR
802123,Itarhi,Buxar,BIHAR
802125,Kesath,Buxar,BIHAR
802126,Koran Sarai,Buxar,BIHAR
802127,Murar,Buxar,BIHAR
802128,Manoharpur,Buxar,BIHAR
802129,Nawanagar,Buxar,BIHAR
802130,Nimej,Buxar,BIHAR
802131,Niazipur,Buxar,BIHAR
802132,Noan,Kaimur (Bhabua),BIHAR
802133,Purana Bhojpur,Buxar,BIHAR
802134,Raghunathpur,Buxar,BIHAR
802135,Simari,Buxar,BIHAR
802136,Dumraon Textiles,Buxar,BIHAR
802152,Bihia,Bhojpur,BIHAR
802154,Chaurasta Bihia,Bhojpur,BIHAR
802155,Dalippur,Bhojpur,BIHAR
802156,Dhamar,Bhojpur,BIHAR
802157,Gajrajganj,Bhojpur,BIHAR
802158,Jagdishpur,Bhojpur,BIHAR
802159,Jitaura,Bhojpur,BIHAR
802160,Koilwar,Bhojpur,BIHAR
802161,Narhi Chandi,Bhojpur,BIHAR
802162,Nawada Ben,Bhojpur,BIHAR
802163,Naya Mohamad  Pur,Bhojpur,BIHAR
802164,Sandesh,Bhojpur,BIHAR
802165,Shahpurpatti,Bhojpur,BIHAR
802166,Umraonganj,Bhojpur,BIHAR
802183,Gaudarh Rudranagar,Bhojpur,BIHAR
802201,Agiaon,Bhojpur,BIHAR
802202,Agiaon Bazar,Bhojpur,BIHAR
802203,Garhani,Bhojpur,BIHAR
802204,Hasan Bazar,Bhojpur,BIHAR
802205,Karath,Bhojpur,BIHAR
802206,Kasap,Bhojpur,BIHAR
802207,Piru,Bhojpur,BIHAR
802208,Sahar,Bhojpur,BIHAR
802209,Tarari,Bhojpur,BIHAR
802210,Udawant Nagar,Bhojpur,BIHAR
802211,Babhnaul,Rohtas,BIHAR
802212,Bikramganj,Rohtas,BIHAR
802213,Dinara,Rohtas,BIHAR
802214,Gorari,Rohtas,BIHAR
802215,Garh Nokha,Rohtas,BIHAR
802216,Koath,Rohtas,BIHAR
802217,Meari Bazar,Rohtas,BIHAR
802218,Natwar,Rohtas,BIHAR
802219,Rajpur,Rohtas,BIHAR
802220,Sanjhauli,Rohtas,BIHAR
802221,Surajpura,Rohtas,BIHAR
802222,Khutahan,Bhojpur,BIHAR
802223,Charpokhari,Bhojpur,BIHAR
802226,Dawath,Rohtas,BIHAR
802301,Arrah,Bhojpur,BIHAR
802302,Anaith,Bhojpur,BIHAR
802311,Barahara,Bhojpur,BIHAR
802312,Chandawa,Bhojpur,BIHAR
802313,Gunari,Bhojpur,BIHAR
802314,Kayamnagar,Bhojpur,BIHAR
802316,Sinha,Bhojpur,BIHAR
802351,Benwalia,Bhojpur,BIHAR
802352,Akhagaon,Bhojpur,BIHAR
803101,Biharsharif,Nalanda,BIHAR
803107,Asthawan,Nalanda,BIHAR
803108,Chandi,Nalanda,BIHAR
803109,Giriak,Nalanda,BIHAR
803110,Harnaut,Nalanda,BIHAR
803111,Nalanda,Nalanda,BIHAR
803113,Nursarai,Nalanda,BIHAR
803114,Parwalpur,Nalanda,BIHAR
803115,Pawapuri,Nalanda,BIHAR
803116,Rajgir,Nalanda,BIHAR
803117,Silao,Nalanda,BIHAR
803118,Sohsarai,Nalanda,BIHAR
803119,Rahui,Nalanda,BIHAR
803120,Asta,Nalanda,BIHAR
803121,Ordnance Factory Rajgir,Nalanda,BIHAR
803201,Fatwa,Patna,BIHAR
803202,Khushrupur,Patna,BIHAR
803203,Alawalpur,Patna,BIHAR
803211,Athmalgola,Patna,BIHAR
803212,Bakhtiyarpur,Patna,BIHAR
803213,Barh,Patna,BIHAR
803214,Barh Rs,Patna,BIHAR
803215,NTPC Barh,Nalanda,BIHAR
803216,Ramchandrapur,Nalanda,BIHAR
803221,Pandarak,Patna,BIHAR
803301,Hathidah,Patna,BIHAR
803302,Mokama,Patna,BIHAR
803303,Mokamaghat,Patna,BIHAR
803306,Samyagarh,Patna,BIHAR
803307,Bhadaur,Patna,BIHAR
804401,Arwal,Arwal,BIHAR
804402,Baidrabad,Gaya,BIHAR
804403,Belaganj,Gaya,BIHAR
804404,Chakand,Gaya,BIHAR
804405,Dharaut,Jehanabad,BIHAR
804406,Ghosi,Jehanabad,BIHAR
804407,Hulashganj,Jehanabad,BIHAR
804408,Jehanabad,Jehanabad,BIHAR
804417,Jehanabad R.S.,Jehanabad,BIHAR
804418,Kako,Jehanabad,BIHAR
804419,Karpi,Gaya,BIHAR
804420,Kazisarai,Jehanabad,BIHAR
804421,Kurtha,Gaya,BIHAR
804422,Makhdumpur,Jehanabad,BIHAR
804423,Nagla Kinger,Gaya,BIHAR
804424,Paibigha,Jehanabad,BIHAR
804425,Sakurabad,Jehanabad,BIHAR
804426,S.P Imamganj,Jehanabad,BIHAR
804427,Tehta,Jehanabad,BIHAR
804428,Usari,Gaya,BIHAR
804429,Nehalpur,Jehanabad,BIHAR
804430,K.Bhupat,Gaya,BIHAR
804432,Bandhuganj,Jehanabad,BIHAR
804434,Lakhawar ED,Jehanabad,BIHAR
804435,Main,Gaya,BIHAR
804451,Hazrat Sain,Patna,BIHAR
804452,Mashaurhi,Patna,BIHAR
804453,Punpun,Patna,BIHAR
804454,Nadaul,Patna,BIHAR
805101,Dhamul,Nawada,BIHAR
805102,Govindpur,Nawada,BIHAR
805103,Hasua,Nawada,BIHAR
805104,Kadirganj,Nawada,BIHAR
805105,Katrisarai,Nalanda,BIHAR
805106,Kawakol,Nawada,BIHAR
805107,Kosi,Nawada,BIHAR
805108,Lalbigha,Nawada,BIHAR
805109,Nardiganj,Nawada,BIHAR
805110,Nawadha,Nawada,BIHAR
805111,Babhnaur,Nawada,BIHAR
805112,Parnawada,Nawada,BIHAR
805113,Kashichak,Nawada,BIHAR
805121,Nemdarganj,Nawada,BIHAR
805122,Nurhat,Nawada,BIHAR
805123,Orhanpur,Nawada,BIHAR
805124,Pakaribarwan,Nawada,BIHAR
805125,Rajauli,Nawada,BIHAR
805126,Rajhat,Nawada,BIHAR
805127,Sirdala,Nawada,BIHAR
805128,Tarwan,Gaya,BIHAR
805129,Tungi,Nawada,BIHAR
805130,Warisaliganj,Nawada,BIHAR
805131,Wazirganj,Gaya,BIHAR
805132,Dumrawan,Nawada,BIHAR
805133,Orro,Nawada,BIHAR
805135,Ayer,Gaya,BIHAR
805141,Roh,Nawada,BIHAR
805236,Jethian,Gaya,BIHAR
811101,Barbigha,Sheikhpura,BIHAR
811102,Mehus,Sheikhpura,BIHAR
811103,Nimi,Sheikhpura,BIHAR
811104,Sarmera,Nalanda,BIHAR
811105,Sheikhpura,Sheikhpura,BIHAR
811106,Surajgaraha,Lakhisarai,BIHAR
811107,Sirari,Sheikhpura,BIHAR
811112,Piri Bazar,Lakhisarai,BIHAR
811201,Munger,Munger,BIHAR
811202,Basudeopur,Munger,BIHAR
811211,Bariarpur,Munger,BIHAR
811212,Dharhara,Munger,BIHAR
811213,Haweli Kharagpur,Munger,BIHAR
811214,Jamalpur,Munger,BIHAR
811301,Aliganj,Jamui,BIHAR
811302,Barhiya,Lakhisarai,BIHAR
811303,Chakai,Jamui,BIHAR
811304,Chewara,Sheikhpura,BIHAR
811305,Gidhaur,Jamui,BIHAR
811307,Jamui,Jamui,BIHAR
811308,Jhajha,Jamui,BIHAR
811309,Kajra,Lakhisarai,BIHAR
811310,Kiul-rs,Lakhisarai,BIHAR
811311,Lakhisarai,Lakhisarai,BIHAR
811312,Laxmipur,Jamui,BIHAR
811313,Mallehpur,Jamui,BIHAR
811314,Sono,Jamui,BIHAR
811315,Sikandra,Jamui,BIHAR
811316,Simultala,Jamui,BIHAR
811317,Khaira,Jamui,BIHAR
812001,Bhagalpur,Bhagalpur,BIHAR
812002,Bhagalpur City,Bhagalpur,BIHAR
812003,Barari,Bhagalpur,BIHAR
812004,Champanagar,Bhagalpur,BIHAR
812005,Mirjanhat,Bhagalpur,BIHAR
812006,Nathnagar,Bhagalpur,BIHAR
812007,T. N. B College,Bhagalpur,BIHAR
813101,Amarpur,Banka,BIHAR
813102,Banka,Banka,BIHAR
813103,Barahat,Banka,BIHAR
813104,Bounsi,Banka,BIHAR
813105,Jagdishpur,Bhagalpur,BIHAR
813106,Katoria,Banka,BIHAR
813107,Rajoun,Banka,BIHAR
813108,Sahkund,Bhagalpur,BIHAR
813109,Punsia,Banka,BIHAR
813110,Panjwara,Banka,BIHAR
813113,Habibpur,Bhagalpur,BIHAR
813201,Asarganj,Munger,BIHAR
813202,Belhar,Banka,BIHAR
813203,Kahalgaon,Bhagalpur,BIHAR
813204,Ekchari,Bhagalpur,BIHAR
813205,Ghogha,Bhagalpur,BIHAR
813206,Ishipur,Bhagalpur,BIHAR
813207,Khesar,Banka,BIHAR
813208,Mirzachowki,Sahibganj,JHARKHAND
813209,Pripainti,Bhagalpur,BIHAR
813210,Sabour,Bhagalpur,BIHAR
813211,Shambhuganj,Banka,BIHAR
813212,Sangrampur,Bhagalpur,BIHAR
813213,Sultanganj,Bhagalpur,BIHAR
813214,S.T.P. Kahalgaon,Bhagalpur,BIHAR
813221,Tarapur,Munger,BIHAR
813222,Mathurapur,Bhagalpur,BIHAR
814101,Dumka,Dumka,JHARKHAND
814102,Ramgarah,Dumka,JHARKHAND
814103,Kathikund,Dumka,JHARKHAND
814110,Shivpahar,Dumka,JHARKHAND
814111,Amrapara,Pakur,JHARKHAND
814112,B.Deoghar,Deoghar,JHARKHAND
814113,Deoghar College,Deoghar,JHARKHAND
814114,Deosang B.T,Deoghar,JHARKHAND
814115,Hindipith,Deoghar,JHARKHAND
814116,Satsang,Deoghar,JHARKHAND
814118,Basukinathdham,Dumka,JHARKHAND
814119,Kurwa,Dumka,JHARKHAND
814120,Ghormara,Deoghar,JHARKHAND
814122,Jhaunsa-Garti,Deoghar,JHARKHAND
814131,Chandan,Banka,BIHAR
814133,Godda,Godda,JHARKHAND
814141,Jarmundi,Dumka,JHARKHAND
814142,Jasidih,Deoghar,JHARKHAND
814143,Kunda,Deoghar,JHARKHAND
814144,Massanjore,Dumka,JHARKHAND
814145,Nonihat,Dumka,JHARKHAND
814146,Palojori,Deoghar,JHARKHAND
814147,Pathergama,Godda,JHARKHAND
814148,Raghunathpur,Dumka,JHARKHAND
814149,Sarath,Deoghar,JHARKHAND
814150,Sarwan,Deoghar,JHARKHAND
814151,Saraiyahat,Dumka,JHARKHAND
814152,Rohani,Deoghar,JHARKHAND
814153,Poraiyahat,Deoghar,JHARKHAND
814154,Mahgama,Godda,JHARKHAND
814155,Basantrai,Godda,JHARKHAND
814156,Sarouni Bazar,Godda,JHARKHAND
814157,Dehijore,Deoghar,JHARKHAND
814158,Guhiajori,Dumka,JHARKHAND
814160,Meharma,Godda,JHARKHAND
814165,Lalmatia Colliery,Godda,JHARKHAND
814166,Fatehpur,Jamtara,JHARKHAND
814167,Ranga Masalia,Dumka,JHARKHAND
815301,Giridih,Giridh,JHARKHAND
815302,Giridih  Town,Giridh,JHARKHAND
815311,Beniadih,Giridh,JHARKHAND
815312,Bengabad,Giridh,JHARKHAND
815313,Ganwan,Giridh,JHARKHAND
815314,Kharagdiha,Giridh,JHARKHAND
815315,Mirzaganj,Giridh,JHARKHAND
815316,Pachamba,Giridh,JHARKHAND
815317,Tisri,Giridh,JHARKHAND
815318,Jamua,Giridh,JHARKHAND
815351,Jamtara,Jamtara,JHARKHAND
815352,Karmatar,Jamtara,JHARKHAND
815353,Madhupur,Deoghar,JHARKHAND
815354,Mihijam,Jamtara,JHARKHAND
815355,Nala,Jamtara,JHARKHAND
815357,Karogram,Deoghar,JHARKHAND
815359,Kundahit,Jamtara,JHARKHAND
816101,Barharwa,Sahibganj,JHARKHAND
816102,Barhait,Sahibganj,JHARKHAND
816103,Benagaria,Dumka,JHARKHAND
816104,Hiranpur,Pakur,JHARKHAND
816105,Kotalpokhar,Sahibganj,JHARKHAND
816106,Maheshpur Raj,Pakur,JHARKHAND
816107,Pakur,Pakur,JHARKHAND
816108,Rajmahal,Sahibganj,JHARKHAND
816109,Sahibganj,Sahibganj,JHARKHAND
816110,Pathna,Sahibganj,JHARKHAND
816115,Sakrigali Ghat,Sahibganj,JHARKHAND
816116,Tinpahar RS,Sahibganj,JHARKHAND
816117,Pakuria,Pakur,JHARKHAND
816118,Shikaripara,Dumka,JHARKHAND
816120,Borio,Sahibganj,JHARKHAND
816129,Taljhari,Sahibganj,JHARKHAND
821101,Bhabua,Kaimur (Bhabua),BIHAR
821102,Bhagwanpur S.O (Kaimur (Bhabua)),Kaimur (Bhabua),BIHAR
821103,Chainpur S.O (Kaimur (Bhabua)),Kaimur (Bhabua),BIHAR
821104,Chenari,Rohtas,BIHAR
821105,Durgawati,Kaimur (Bhabua),BIHAR
821106,Hatta S.O (Kaimur (Bhabua)),Kaimur (Bhabua),BIHAR
821107,Kargahar,Rohtas,BIHAR
821108,Kudra,Kaimur (Bhabua),BIHAR
821109,Mohania,Kaimur (Bhabua),BIHAR
821110,Ramgarh S.O (Kaimur (Bhabua)),Kaimur (Bhabua),BIHAR
821111,Sheosagar,Rohtas,BIHAR
821112,Kochas,Rohtas,BIHAR
821113,Takia Bazar,Rohtas,BIHAR
821115,Sasaram,Rohtas,BIHAR
821301,Akorhi Bazar,Rohtas,BIHAR
821302,Amjhore Camp,Rohtas,BIHAR
821303,Banjari,Rohtas,BIHAR
821304,Baulia,Rohtas,BIHAR
821305,Dalmianagar,Rohtas,BIHAR
821306,Darihat,Rohtas,BIHAR
821307,Dehri-on-sone,Rohtas,BIHAR
821308,Indrapuri,Rohtas,BIHAR
821309,Kachhwa,Rohtas,BIHAR
821310,Nasriganj,Rohtas,BIHAR
821311,Rohtas,Rohtas,BIHAR
821312,Tilouthu,Rohtas,BIHAR
822101,Daltonganj,Palamau,JHARKHAND
822102,Daltonganj Collage,Palamau,JHARKHAND
822110,Raj Chainpur,Palamau,JHARKHAND
822111,Barwadih,Latehar,JHARKHAND
822112,Bhawnathpur,Garhwa,JHARKHAND
822113,Chhatarpur,Palamau,JHARKHAND
822114,Garhwa,Garhwa,JHARKHAND
822115,Haidar Nagar,Palamau,JHARKHAND
822116,Japla,Palamau,JHARKHAND
822117,Japla C F,Palamau,JHARKHAND
822118,Lesliganj,Palamau,JHARKHAND
822119,Mahuwadand,Latehar,JHARKHAND
822120,Mohammad Ganj,Palamau,JHARKHAND
822121,Nagar Utari,Palamau,JHARKHAND
822122,Panki,Palamau,JHARKHAND
822123,Patan,Palamau,JHARKHAND
822124,Rehala,Garhwa,JHARKHAND
822125,Ranka Raj,Garhwa,JHARKHAND
822126,Satbarwa,Palamau,JHARKHAND
822128,Ramna,Garhwa,JHARKHAND
822129,Bhawnathpur TownShip,Garhwa,JHARKHAND
822131,Harihar Ganj,Palamau,JHARKHAND
822132,Bishrampur,Palamau,JHARKHAND
822133,Meral,Garhwa,JHARKHAND
822134,Manjhiaon,Garhwa,JHARKHAND
823001,Gaya,Gaya,BIHAR
823002,Gaya R.S,Gaya,BIHAR
823003,Buniyad Ganj,Gaya,BIHAR
823004,Civil Aerodram,Gaya,BIHAR
823005,Asc Centre(N) Gaya,Gaya,BIHAR
823311,Atri,Gaya,BIHAR
824101,Aurangabad,Aurangabad(BH),BIHAR
824102,S. S. College,Aurangabad(BH),BIHAR
824103,War,Aurangabad(BH),BIHAR
824111,Amba,Aurangabad(BH),BIHAR
824112,Barun S.O (Aurangabad(BH)),Aurangabad(BH),BIHAR
824113,Bhakharua,Aurangabad(BH),BIHAR
824114,Deohara,Aurangabad(BH),BIHAR
824115,Sihari,Aurangabad(BH),BIHAR
824116,Anti,Aurangabad(BH),BIHAR
824118,Guraru Mills,Gaya,BIHAR
824120,Haspura,Aurangabad(BH),BIHAR
824121,Jamhor,Aurangabad(BH),BIHAR
824122,Jakhim,Aurangabad(BH),BIHAR
824123,Kutumba,Aurangabad(BH),BIHAR
824124,Obra S.O (Aurangabad(BH)),Aurangabad(BH),BIHAR
824125,Rafiganj,Aurangabad(BH),BIHAR
824127,Kaler,Aurangabad(BH),BIHAR
824129,Rukundi Jhikatia,Aurangabad(BH),BIHAR
824143,Daudnagar,Aurangabad(BH),BIHAR
824201,Barachatti,Gaya,BIHAR
824202,Deo,Aurangabad(BH),BIHAR
824203,Goh,Aurangabad(BH),BIHAR
824205,Gurua,Gaya,BIHAR
824206,Imamganj,Gaya,BIHAR
824207,Konch,Gaya,BIHAR
824208,Madanpur S.O (Aurangabad(BH)),Aurangabad(BH),BIHAR
824209,Paraiya,Gaya,BIHAR
824210,Raniganj,Gaya,BIHAR
824211,Sherghati,Gaya,BIHAR
824217,Bankey Bajar,Gaya,BIHAR
824219,Amas,Gaya,BIHAR
824220,Dobhi,Gaya,BIHAR
824221,Dumaria,Gaya,BIHAR
824231,Bodhgaya,Gaya,BIHAR
824232,Fatehpur,Gaya,BIHAR
824233,Khizersarai,Gaya,BIHAR
824234,Magadh University,Gaya,BIHAR
824235,Mow,Gaya,BIHAR
824236,Tekari,Gaya,BIHAR
824237,Cherki,Gaya,BIHAR
824301,Nabinagar,Aurangabad(BH),BIHAR
824302,Tandwa S.O (Aurangabad(BH)),Aurangabad(BH),BIHAR
824303,Nabinagar Road,Aurangabad(BH),BIHAR
825101,Chittarpur,Ramgarh,JHARKHAND
825102,Dhori,Bokaro,JHARKHAND
825103,Simaria,Chatra,JHARKHAND
825106,Dumri,Giridh,JHARKHAND
825108,Pirtand,Giridh,JHARKHAND
825109,Jainagar,Koderma,JHARKHAND
825132,Satgawan,Koderma,JHARKHAND
825167,Isri Bazar,Giridh,JHARKHAND
825301,Hazaribagh,Hazaribag,JHARKHAND
825302,College More,Hazaribag,JHARKHAND
825303,Korrah,Hazaribag,JHARKHAND
825311,Barkagaon,Hazaribag,JHARKHAND
825312,Bishungarh,Hazaribag,JHARKHAND
825313,Daroo,Hazaribag,JHARKHAND
825314,Ghatotand,Ramgarh,JHARKHAND
825315,Konardam,Hazaribag,JHARKHAND
825316,Kuju,Ramgarh,JHARKHAND
825317,BSF Meru,Hazaribag,JHARKHAND
825318,Markacho,Koderma,JHARKHAND
825319,Reformatory School,Hazaribag,JHARKHAND
825320,Suriya,Giridh,JHARKHAND
825321,Tandwa,Chatra,JHARKHAND
825322,Bagodar,Giridh,JHARKHAND
825323,Barkatha,Hazaribag,JHARKHAND
825324,Palounjia,Giridh,JHARKHAND
825325,Kedla,Ramgarh,JHARKHAND
825326,Tapin,Ramgarh,JHARKHAND
825329,Shikherjee,Giridh,JHARKHAND
825330,Topa Coliery,Ramgarh,JHARKHAND
825336,Charhi,Hazaribag,JHARKHAND
825401,Chatra,Chatra,JHARKHAND
825402,Ichak,Hazaribag,JHARKHAND
825403,Jori,Chatra,JHARKHAND
825404,Pratappur,Chatra,JHARKHAND
825405,Barhi,Hazaribag,JHARKHAND
825406,Chouparan,Hazaribag,JHARKHAND
825407,Domchanch,Koderma,JHARKHAND
825408,Itkhori,Chatra,JHARKHAND
825409,Jhumri Telaiya,Koderma,JHARKHAND
825410,Kodarma,Koderma,JHARKHAND
825411,Padma,Hazaribag,JHARKHAND
825412,Rajdhanwarf,Giridh,JHARKHAND
825413,Telaiya Dam,Koderma,JHARKHAND
825414,Hunterganj,Chatra,JHARKHAND
825418,Domchanch Bazar,Koderma,JHARKHAND
825421,Koderma Thermal Power Station,Koderma,JHARKHAND
826001,Dhanbad,Dhanbad,JHARKHAND
826003,Jagjivan Nagar,Dhanbad,JHARKHAND
826004,Indian School Of Mines,Dhanbad,JHARKHAND
826005,BCCl Township,Dhanbad,JHARKHAND
826006,Rajganj,Dhanbad,JHARKHAND
826007,Centralized Delivery Office,Dhanbad,JHARKHAND
826009,K.K.Polytechnic,Dhanbad,JHARKHAND
827001,Bokaro Steel City,Bokaro,JHARKHAND
827003,Sector- III,Bokaro,JHARKHAND
827004,Sector- IV,Bokaro,JHARKHAND
827006,Sector-VI,Bokaro,JHARKHAND
827009,Sector- IX,Bokaro,JHARKHAND
827010,B.S.City R.S.,Bokaro,JHARKHAND
827012,Marafari Colony,Bokaro,JHARKHAND
827013,Chas,Bokaro,JHARKHAND
827014,Balidih,Bokaro,JHARKHAND
827015,Chira Chas,Bokaro,JHARKHAND
827302,Kasmar,Bokaro,JHARKHAND
828101,Bansjora,Dhanbad,JHARKHAND
828103,Bhelatand,Dhanbad,JHARKHAND
828104,Bhuli,Dhanbad,JHARKHAND
828105,Shramik Nagar,Dhanbad,JHARKHAND
828106,Dhansar,Dhanbad,JHARKHAND
828107,Domgarh,Dhanbad,JHARKHAND
828108,Fri,Dhanbad,JHARKHAND
828109,Govindpur,Dhanbad,JHARKHAND
828110,Jealgora,Dhanbad,JHARKHAND
828111,Jharia,Dhanbad,JHARKHAND
828112,Jamadoba,Dhanbad,JHARKHAND
828113,Katrasgarh,Dhanbad,JHARKHAND
828114,Katras Bazar,Dhanbad,JHARKHAND
828115,Khasjeena Gora,Dhanbad,JHARKHAND
828116,Kusunda,Dhanbad,JHARKHAND
828117,Kustore,Dhanbad,JHARKHAND
828119,Patherdih,Dhanbad,JHARKHAND
828120,Motinagar,Dhanbad,JHARKHAND
828121,Sijua,Dhanbad,JHARKHAND
828122,Sindri,Dhanbad,JHARKHAND
828123,S.I.T.,Dhanbad,JHARKHAND
828124,A.C.C. Colony,Dhanbad,JHARKHAND
828125,Sonardih,Dhanbad,JHARKHAND
828126,Sudamdih,Dhanbad,JHARKHAND
828127,Saraidhela,Dhanbad,JHARKHAND
828128,Tundoo,Dhanbad,JHARKHAND
828129,Moonidih,Dhanbad,JHARKHAND
828130,B.Polytechnic,Dhanbad,JHARKHAND
828131,Lodna,Dhanbad,JHARKHAND
828132,Patherdih Coal Washery,Dhanbad,JHARKHAND
828133,Bhulan Bararee,Dhanbad,JHARKHAND
828134,Chandan Kiyari,Bokaro,JHARKHAND
828135,Chasnalla,Dhanbad,JHARKHAND
828142,Tundi,Dhanbad,JHARKHAND
828201,Baliapur,Dhanbad,JHARKHAND
828202,Chirkunda,Dhanbad,JHARKHAND
828203,Kumardhubi,Dhanbad,JHARKHAND
828204,Mugma,Dhanbad,JHARKHAND
828205,Nirsa Chatti,Dhanbad,JHARKHAND
828206,Panchet Dam,Dhanbad,JHARKHAND
828207,Maithon Dam,Dhanbad,JHARKHAND
828301,Bhaga,Dhanbad,JHARKHAND
828302,Bhowra,Dhanbad,JHARKHAND
828303,Bhojudih,Bokaro,JHARKHAND
828304,Malkera,Dhanbad,JHARKHAND
828305,Mohuda,Dhanbad,JHARKHAND
828306,Nawagarh,Dhanbad,JHARKHAND
828307,Nudkhurkee,Dhanbad,JHARKHAND
828309,Jitpur,Dhanbad,JHARKHAND
828401,Gomoh,Dhanbad,JHARKHAND
828402,Topchanchi,Dhanbad,JHARKHAND
828403,Chandrapura,Bokaro,JHARKHAND
828404,Dugdha Coal washery,Bokaro,JHARKHAND
829101,Argada,Ramgarh,JHARKHAND
829102,Barkakana,Ramgarh,JHARKHAND
829103,Barkakana NTS,Ramgarh,JHARKHAND
829104,Bermo,Bokaro,JHARKHAND
829105,Bhadaninagar,Ramgarh,JHARKHAND
829106,Bhurkunda Bazar,Ramgarh,JHARKHAND
829107,Bokaro Thermal,Bokaro,JHARKHAND
829108,Giddi A,Ramgarh,JHARKHAND
829109,Giddi C,Ramgarh,JHARKHAND
829110,Gola,Ramgarh,JHARKHAND
829111,Gomia,Bokaro,JHARKHAND
829112,I.E.Gomia,Bokaro,JHARKHAND
829113,Jarangdih Colliery,Bokaro,JHARKHAND
829114,Jaridih Bazar,Bokaro,JHARKHAND
829116,Kathara,Bokaro,JHARKHAND
829117,Marar,Ramgarh,JHARKHAND
829118,Patratu,Ramgarh,JHARKHAND
829119,Patratu TPS,Ramgarh,JHARKHAND
829121,Peterbar,Bokaro,JHARKHAND
829122,Ramgarh Cantt,Ramgarh,JHARKHAND
829123,Right Bank Tenughat,Bokaro,JHARKHAND
829124,Religarha,Ramgarh,JHARKHAND
829125,Sayal,Ramgarh,JHARKHAND
829126,Sounda C,Ramgarh,JHARKHAND
829127,Sunday Bazar,Bokaro,JHARKHAND
829128,Swang Colliery,Bokaro,JHARKHAND
829129,Tenughat Dam,Bokaro,JHARKHAND
829130,Prc,Ramgarh,JHARKHAND
829131,Src,Ramgarh,JHARKHAND
829132,Bhandaridah,Bokaro,JHARKHAND
829133,Sounda D,Ramgarh,JHARKHAND
829134,Sarubera,Ramgarh,JHARKHAND
829135,Bhurkunda,Ramgarh,JHARKHAND
829143,Balkudra,Ramgarh,JHARKHAND
829144,Phusro Bazar,Bokaro,JHARKHAND
829149,T.T.P.S.Lalpania,Bokaro,JHARKHAND
829150,Ramgarh Project,Ramgarh,JHARKHAND
829201,Bachra,Chatra,JHARKHAND
829202,Balumath,Latehar,JHARKHAND
829203,Chandwa,Latehar,JHARKHAND
829204,Chhipadohar,Latehar,JHARKHAND
829205,Khalari,Ranchi,JHARKHAND
829206,Latehar Hsgii,Latehar,JHARKHAND
829207,Latehar Rsso,Latehar,JHARKHAND
829208,Mc. Cluskiganj,Ranchi,JHARKHAND
829209,Ray,Ranchi,JHARKHAND
829210,Dakra Colliery,Ranchi,JHARKHAND
829301,Jaina,Bokaro,JHARKHAND
831001,Jamshedpur,East Singhbhum,JHARKHAND
831002,Tatanagar,East Singhbhum,JHARKHAND
831003,Golmuri,East Singhbhum,JHARKHAND
831004,Telco Works,East Singhbhum,JHARKHAND
831005,Kadma,East Singhbhum,JHARKHAND
831006,Jugsalai,East Singhbhum,JHARKHAND
831007,Burma Mines,East Singhbhum,JHARKHAND
831009,Agrico,East Singhbhum,JHARKHAND
831010,Telco G.M Office,East Singhbhum,JHARKHAND
831011,Sonari,East Singhbhum,JHARKHAND
831012,Mango,East Singhbhum,JHARKHAND
831013,Adityapur,Seraikela-kharsawan,JHARKHAND
831014,N.I.T,Seraikela-kharsawan,JHARKHAND
831015,Gobindpur Housing Colony,East Singhbhum,JHARKHAND
831016,Rahargora,East Singhbhum,JHARKHAND
831017,Baridih Colony,East Singhbhum,JHARKHAND
831018,M.G.M Medical College,East Singhbhum,JHARKHAND
831019,Birsanagar,East Singhbhum,JHARKHAND
831020,Pardih,East Singhbhum,JHARKHAND
831021,Nodal Delivery Office,East Singhbhum,JHARKHAND
832101,Baharagora,East Singhbhum,JHARKHAND
832102,Jadugoda Mines,East Singhbhum,JHARKHAND
832103,Moubhandar,East Singhbhum,JHARKHAND
832104,Mosabani Mines,East Singhbhum,JHARKHAND
832105,Patamda,East Singhbhum,JHARKHAND
832106,Rakha Copper Project,East Singhbhum,JHARKHAND
832107,Sundarnagar,East Singhbhum,JHARKHAND
832108,Gamharia,Seraikela-kharsawan,JHARKHAND
832109,Adityapur Industrial Area,Seraikela-kharsawan,JHARKHAND
832110,Azadnagar,East Singhbhum,JHARKHAND
832111,Narwa Mines,East Singhbhum,JHARKHAND
832112,Boram,East Singhbhum,JHARKHAND
832113,Hata Chowk,East Singhbhum,JHARKHAND
832301,Chakulia,East Singhbhum,JHARKHAND
832302,Dhalbhumgarh,East Singhbhum,JHARKHAND
832303,Ghatsila,East Singhbhum,JHARKHAND
832304,Mahulia,East Singhbhum,JHARKHAND
832401,Chandil,Seraikela-kharsawan,JHARKHAND
832402,Kandra,Seraikela-kharsawan,JHARKHAND
832403,Tiruldih,Seraikela-kharsawan,JHARKHAND
832404,Chowka,Seraikela-kharsawan,JHARKHAND
833101,Amda,Seraikela-kharsawan,JHARKHAND
833102,Chakradharpur,Seraikela-kharsawan,JHARKHAND
833103,Goilkera,West Singhbhum,JHARKHAND
833104,Manoharpur,West Singhbhum,JHARKHAND
833105,Sonua,West Singhbhum,JHARKHAND
833106,Chiria,West Singhbhum,JHARKHAND
833201,Chaibasa,West Singhbhum,JHARKHAND
833202,Tata College Chaibasa,West Singhbhum,JHARKHAND
833203,Jagannathpur,West Singhbhum,JHARKHAND
833204,J.M.P. Chowk,West Singhbhum,JHARKHAND
833212,Danguaposi,West Singhbhum,JHARKHAND
833213,Gua,West Singhbhum,JHARKHAND
833214,Hatgamaria,West Singhbhum,JHARKHAND
833215,Jhinkpani,West Singhbhum,JHARKHAND
833216,Kharsawangarh,Seraikela-kharsawan,JHARKHAND
833217,Noamundi,West Singhbhum,JHARKHAND
833218,Noamundi Bazar,West Singhbhum,JHARKHAND
833219,Seraikella,Seraikela-kharsawan,JHARKHAND
833220,Sini,Seraikela-kharsawan,JHARKHAND
833221,Barajamda,West Singhbhum,JHARKHAND
833222,Kiriburu Base Camp,West Singhbhum,JHARKHAND
833223,Meghahatuburu,West Singhbhum,JHARKHAND
834001,Ranchi G.P.O.,Ranchi,JHARKHAND
834002,Doranda,Ranchi,JHARKHAND
834003,Hatia,Ranchi,JHARKHAND
834004,Dhurwa,Ranchi,JHARKHAND
834005,Hehal,Ranchi,JHARKHAND
834006,Kanke,Ranchi,JHARKHAND
834007,Sail City,Ranchi,JHARKHAND
834008,Ranchi University,Ranchi,JHARKHAND
834009,Ranchi Medical College,Ranchi,JHARKHAND
834010,Namkum,Ranchi,JHARKHAND
834011,Krishnapuri S O,Ranchi,JHARKHAND
834013,Nodal Mechanized Delivery Office,Ranchi,JHARKHAND
835101,Chotamuri,Ranchi,JHARKHAND
835102,Silli,Ranchi,JHARKHAND
835103,Tatisilway,Ranchi,JHARKHAND
835201,Bano,Simdega,JHARKHAND
835202,Bero,Ranchi,JHARKHAND
835203,Bharno,Gumla,JHARKHAND
835204,Bundu,Ranchi,JHARKHAND
835205,Brambe,Ranchi,JHARKHAND
835206,Chainpur,Gumla,JHARKHAND
835207,Gumla,Gumla,JHARKHAND
835208,Ghaghra,Gumla,JHARKHAND
835209,Karra,Ranchi,JHARKHAND
835210,Khunti,Ranchi,JHARKHAND
835211,Kolebira,Simdega,JHARKHAND
835212,Kurdeg,Simdega,JHARKHAND
835213,Kuru,Lohardaga,JHARKHAND
835214,Mandar,Ranchi,JHARKHAND
835215,Mesra,Ranchi,JHARKHAND
835216,Murhu,Ranchi,JHARKHAND
835217,Neori Vikas Vidyalaya,Ranchi,JHARKHAND
835218,Netarhat,Lohardaga,JHARKHAND
835219,Ormanjhi,Ranchi,JHARKHAND
835220,Palkot,Gumla,JHARKHAND
835221,Tupudana,Ranchi,JHARKHAND
835222,Ratu,Ranchi,JHARKHAND
835223,Simdega,Simdega,JHARKHAND
835224,Sisai,Gumla,JHARKHAND
835225,Tamar,Ranchi,JHARKHAND
835226,Thethaitangar,Simdega,JHARKHAND
835227,Torpa,Ranchi,JHARKHAND
835228,Biru,Simdega,JHARKHAND
835229,Basia,Gumla,JHARKHAND
835230,Noadih,Gumla,JHARKHAND
835231,Bishunpur,Gumla,JHARKHAND
835232,Nawagarh,Gumla,JHARKHAND
835233,Toto,Gumla,JHARKHAND
835234,Govindpur,Ranchi,JHARKHAND
835235,Gotra,Simdega,JHARKHAND
835301,Itki,Ranchi,JHARKHAND
835302,Lohardaga,Lohardaga,JHARKHAND
835303,Piskanagri,Ranchi,JHARKHAND
835325,Nagjua,Ranchi,JHARKHAND
841101,Sonepur,Saran,BIHAR
841201,Bareja,Saran,BIHAR
841202,Basant,Saran,BIHAR
841203,Chainpur,Siwan,BIHAR
841204,Chainwa,Saran,BIHAR
841205,Daudpur,Saran,BIHAR
841206,Dayalpur,Saran,BIHAR
841207,Dighwara,Saran,BIHAR
841208,Ekma,Saran,BIHAR
841209,Fulwaria Tajpur,Saran,BIHAR
841210,Gangpur Siswan,Siwan,BIHAR
841211,Gultenganj,Saran,BIHAR
841212,Jogia,Saran,BIHAR
841213,Kopa Samhota,Saran,BIHAR
841214,Kopa Bazar,Saran,BIHAR
841215,Maker,Saran,BIHAR
841216,Naraon,Saran,BIHAR
841217,Nayagaon,Saran,BIHAR
841218,Paiga,Saran,BIHAR
841219,Parsa,Saran,BIHAR
841220,Parsagarh,Saran,BIHAR
841221,Sitalpur,Saran,BIHAR
841222,Sutihar,Saran,BIHAR
841223,Mohamadpur,Saran,BIHAR
841224,Panditpur,Saran,BIHAR
841225,Pratapur,Saran,BIHAR
841226,Siwan,Siwan,BIHAR
841227,Gaushalaroad Siwan,Siwan,BIHAR
841231,Andar,Siwan,BIHAR
841232,Barhria,Siwan,BIHAR
841233,Daronda,Siwan,BIHAR
841234,Darauli,Siwan,BIHAR
841235,Done,Siwan,BIHAR
841236,Hasanpura,Siwan,BIHAR
841237,Hussainganj,Siwan,BIHAR
841238,Mahrajganj,Siwan,BIHAR
841239,Mairwa,Siwan,BIHAR
841240,Mahuwal Mahal,Siwan,BIHAR
841241,Pachrukhi,Siwan,BIHAR
841242,Paterhi,Siwan,BIHAR
841243,Sahpur,Siwan,BIHAR
841244,Takipur,Siwan,BIHAR
841245,Zeradei,Siwan,BIHAR
841286,Bakerganj,Siwan,BIHAR
841287,Asaon,Siwan,BIHAR
841301,Chapra,Saran,BIHAR
841302,Purwari Telpa,Saran,BIHAR
841305,Revelganj,Saran,BIHAR
841311,Garkha,Saran,BIHAR
841312,Gariba Tola,Saran,BIHAR
841313,Manjhi,Saran,BIHAR
841316,Naini,Saran,BIHAR
841401,Amnour,Saran,BIHAR
841402,Aphar,Saran,BIHAR
841403,Baniapur,Saran,BIHAR
841404,Bagaura,Siwan,BIHAR
841405,Barauli,Gopalganj,BIHAR
841406,Basantpur,Siwan,BIHAR
841407,Bishunpura,Gopalganj,BIHAR
841408,Bhagwanpur Hat,Siwan,BIHAR
841409,Dighwdubauli,Gopalganj,BIHAR
841410,Dumarshan Bangra,Saran,BIHAR
841411,Ishuwapur,Saran,BIHAR
841412,Jalalpur Bazar,Saran,BIHAR
841413,Jamobazar,Gopalganj,BIHAR
841414,Khaira,Saran,BIHAR
841415,Khodaibagh,Saran,BIHAR
841416,Kishunpura,Siwan,BIHAR
841417,Masrakh,Saran,BIHAR
841418,Marhowrah,Saran,BIHAR
841419,Mirzapur,Saran,BIHAR
841420,Rajapatti,Gopalganj,BIHAR
841421,Sarhwara,Saran,BIHAR
841422,Sahajitpur,Saran,BIHAR
841423,Sidhwalia,Gopalganj,BIHAR
841424,Taraiya,Saran,BIHAR
841425,Bathubazar,Gopalganj,BIHAR
841426,Bhore,Gopalganj,BIHAR
841427,Garhmanjha,Gopalganj,BIHAR
841428,Gopalganj,Gopalganj,BIHAR
841434,Goreakothi,Siwan,BIHAR
841435,Guthni,Siwan,BIHAR
841436,Hathwa,Gopalganj,BIHAR
841437,Kateya,Gopalganj,BIHAR
841438,Mirganj,Gopalganj,BIHAR
841439,Mustfabad,Siwan,BIHAR
841440,Thawe,Gopalganj,BIHAR
841441,Baghibazar,Gopalganj,BIHAR
841442,Nagra,Saran,BIHAR
841443,Gaura,Saran,BIHAR
841446,Narendrapur,Siwan,BIHAR
841460,Bhatha Sonho,Saran,BIHAR
841501,Kuchaikote,Gopalganj,BIHAR
841502,Khujhwa,Siwan,BIHAR
841503,Nechwajalapur,Gopalganj,BIHAR
841504,Raghunathpur,Siwan,BIHAR
841505,Sasamusa,Gopalganj,BIHAR
841506,Tarwara,Siwan,BIHAR
841507,Mora,Siwan,BIHAR
841508,Bijaipur,Gopalganj,BIHAR
841509,Gabhirar,Siwan,BIHAR
842001,Muzaffarpur,Muzaffarpur,BIHAR
842002,Ramna,Muzaffarpur,BIHAR
842003,M.I.T.,Muzaffarpur,BIHAR
842004,Umanagar,Muzaffarpur,BIHAR
842005,M.I.C.,Muzaffarpur,BIHAR
842006,Kalwari,Muzaffarpur,BIHAR
843101,Bakhra,Muzaffarpur,BIHAR
843102,Bariarpur,Muzaffarpur,BIHAR
843103,Bochaha,Muzaffarpur,BIHAR
843104,Chandanpatti,Muzaffarpur,BIHAR
843105,Dholi,Muzaffarpur,BIHAR
843106,Gidha,Muzaffarpur,BIHAR
843107,Geyaspur,Muzaffarpur,BIHAR
843108,Kolhua Paigambarpur,Muzaffarpur,BIHAR
843109,Kanti,Muzaffarpur,BIHAR
843110,Kumar Bajitpur,Vaishali,BIHAR
843111,Motipur,Muzaffarpur,BIHAR
843112,Paroo,Muzaffarpur,BIHAR
843113,Patahi,Muzaffarpur,BIHAR
843114,Patepur,Vaishali,BIHAR
843115,Piar,Muzaffarpur,BIHAR
843116,Kuahi,Muzaffarpur,BIHAR
843117,Rampur Hari,Muzaffarpur,BIHAR
843118,Sarfuddinpur,Muzaffarpur,BIHAR
843119,Silout,Muzaffarpur,BIHAR
843120,Deoria,Muzaffarpur,BIHAR
843121,D.A.College,Muzaffarpur,BIHAR
843122,Hardi,Muzaffarpur,BIHAR
843123,Jaintpur Estate,Muzaffarpur,BIHAR
843124,Kathaiya,Muzaffarpur,BIHAR
843125,Kurnowl,Muzaffarpur,BIHAR
843126,Saraiya Factory,Muzaffarpur,BIHAR
843127,Birihma Bazar,Muzaffarpur,BIHAR
843128,Minapur,Muzaffarpur,BIHAR
843129,Narma,Muzaffarpur,BIHAR
843130,Kanti T.P.S.,Muzaffarpur,BIHAR
843301,Sitamarhi,Sitamarhi,BIHAR
843302,Sitamarhi Bazar,Sitamarhi,BIHAR
843311,Athri,Sitamarhi,BIHAR
843312,Aurai,Muzaffarpur,BIHAR
843313,Bairgania,Sitamarhi,BIHAR
843314,Bajpatti,Sitamarhi,BIHAR
843315,Barharwa,Sitamarhi,BIHAR
843316,Belsand,Sitamarhi,BIHAR
843317,Bhutahi,Sitamarhi,BIHAR
843318,Budhnagra Deorhi,Sitamarhi,BIHAR
843319,Choraut,Sitamarhi,BIHAR
843320,Janakpur Road,Sitamarhi,BIHAR
843321,Katra,Muzaffarpur,BIHAR
843322,Majhaulia Estate,Sitamarhi,BIHAR
843323,Manikchowk,Sitamarhi,BIHAR
843324,Parihar,Sitamarhi,BIHAR
843325,Parsauni,Sitamarhi,BIHAR
843326,Raipur,Sitamarhi,BIHAR
843327,Riga,Sitamarhi,BIHAR
843328,Runnisaidpur,Sitamarhi,BIHAR
843329,Sheohar,Sheohar,BIHAR
843330,Sonbersa,Sitamarhi,BIHAR
843331,Sursand,Sitamarhi,BIHAR
843332,Majorganj,Sitamarhi,BIHAR
843333,Nanpur,Sitamarhi,BIHAR
843334,Piprarhi,Sheohar,BIHAR
843351,Akhta,Sitamarhi,BIHAR
843360,Jajuar,Sitamarhi,BIHAR
844101,Hajipur,Vaishali,BIHAR
844102,Hajipur Ind.Area,Vaishali,BIHAR
844103,Anzanpeer Chok,Vaishali,BIHAR
844111,Aniruddha Belsar,Vaishali,BIHAR
844112,Baghi,Muzaffarpur,BIHAR
844113,Balukaram,Vaishali,BIHAR
844114,Bhagwanpur,Vaishali,BIHAR
844115,Chaksikandar,Vaishali,BIHAR
844116,Dumari,Vaishali,BIHAR
844117,Dharhara,Vaishali,BIHAR
844118,Goraul,Vaishali,BIHAR
844119,Ghataro,Vaishali,BIHAR
844120,Kurhani,Muzaffarpur,BIHAR
844121,Lalganj,Vaishali,BIHAR
844122,Mahuwa,Vaishali,BIHAR
844123,Prataptand,Vaishali,BIHAR
844124,Rajapakar,Vaishali,BIHAR
844125,Sarai,Vaishali,BIHAR
844126,Singhara,Vaishali,BIHAR
844127,Turki,Muzaffarpur,BIHAR
844128,Vaishali,Vaishali,BIHAR
844501,Basudeopur Chandel,Vaishali,BIHAR
844502,Bidupur Rs,Vaishali,BIHAR
844503,Bidupur Bazar,Vaishali,BIHAR
844504,Desari,Vaishali,BIHAR
844505,Jhandaha,Vaishali,BIHAR
844506,Mahnar,Vaishali,BIHAR
844507,Mahnar Road Rs,Vaishali,BIHAR
844508,Raghopur,Vaishali,BIHAR
844509,Sahdei Buzurg,Vaishali,BIHAR
845101,Bagaha,West Champaran,BIHAR
845102,Gaunaha,West Champaran,BIHAR
845103,Harinagar,West Champaran,BIHAR
845104,Madhubani,West Champaran,BIHAR
845105,Naraipur,West Champaran,BIHAR
845106,Ramnagar,West Champaran,BIHAR
845107,Valmiki Nagar,West Champaran,BIHAR
845301,Adapur,East Champaran,BIHAR
845302,Chauradano,East Champaran,BIHAR
845303,Ghora Sahan,East Champaran,BIHAR
845304,Kundwa Chainpur,East Champaran,BIHAR
845305,Raxaul,East Champaran,BIHAR
845306,Mainatand,West Champaran,BIHAR
845307,Sikta,West Champaran,BIHAR
845315,Bhelwa Circle,East Champaran,BIHAR
845401,Motihari,East Champaran,BIHAR
845406,Rajepur Champaran,East Champaran,BIHAR
845411,Areraj,East Champaran,BIHAR
845412,Bara Chakia,East Champaran,BIHAR
845413,Bakarpur Jagat,East Champaran,BIHAR
845414,Chaita,East Champaran,BIHAR
845415,Chiraiya,East Champaran,BIHAR
845416,Damodarpur,East Champaran,BIHAR
845417,Dariapur,East Champaran,BIHAR
845418,Dhaka,East Champaran,BIHAR
845419,Gobindganj,East Champaran,BIHAR
845420,Gulwara Madhuban,East Champaran,BIHAR
845422,Harsiddhi,East Champaran,BIHAR
845423,Hussaini,East Champaran,BIHAR
845424,Kesharia,East Champaran,BIHAR
845425,Malahi,East Champaran,BIHAR
845426,Mehsi,East Champaran,BIHAR
845427,Pachpakari,East Champaran,BIHAR
845428,Pakari Dayal,East Champaran,BIHAR
845429,Pipra Factory,East Champaran,BIHAR
845430,Phenhara,East Champaran,BIHAR
845431,Raghunathpur Bazar,East Champaran,BIHAR
845432,Rajpur,East Champaran,BIHAR
845433,Ramgahrwa,East Champaran,BIHAR
845434,Sangrampur,East Champaran,BIHAR
845435,Semra,East Champaran,BIHAR
845436,Tetaria Factory,East Champaran,BIHAR
845437,Turkaulia,East Champaran,BIHAR
845438,Bettiah,West Champaran,BIHAR
845440,Jaitapur Laukaria,East Champaran,BIHAR
845449,Chanpatia R S,West Champaran,BIHAR
845450,Chuhari,West Champaran,BIHAR
845451,D.K.Shikarpur,West Champaran,BIHAR
845452,Jogapatti,West Champaran,BIHAR
845453,Lauriya,West Champaran,BIHAR
845454,Majhaulia Rs,West Champaran,BIHAR
845455,Narkaiaganj,West Champaran,BIHAR
845456,Sugauli,East Champaran,BIHAR
845457,Patahi,East Champaran,BIHAR
845458,Manguraha,East Champaran,BIHAR
845459,Jagdishpur,West Champaran,BIHAR
846001,Laheriasarai,Darbhanga,BIHAR
846002,S.H.M.C,Darbhanga,BIHAR
846003,D.M.C.,Darbhanga,BIHAR
846004,Darbhanga,Darbhanga,BIHAR
846005,Postal Traning Centre,Darbhanga,BIHAR
846006,Subhankarpur,Darbhanga,BIHAR
846007,Saramohanpur,Darbhanga,BIHAR
846008,K D S U,Darbhanga,BIHAR
846009,Laxmisagar,Darbhanga,BIHAR
847101,Anandpur,Darbhanga,BIHAR
847102,Basaith Chandpura,Madhubani,BIHAR
847103,Benipur,Darbhanga,BIHAR
847104,Bharwara,Darbhanga,BIHAR
847105,Baheri,Darbhanga,BIHAR
847106,Kansi Simri,Darbhanga,BIHAR
847107,Keotsa Baruari,Muzaffarpur,BIHAR
847108,Narahiya,Madhubani,BIHAR
847109,Tulapatganj,Madhubani,BIHAR
847115,Muria,Darbhanga,BIHAR
847121,Keoti Ranway,Darbhanga,BIHAR
847122,Bisfi,Darbhanga,BIHAR
847123,Singhwara,Darbhanga,BIHAR
847201,Bahera,Darbhanga,BIHAR
847202,Saho Parari,Darbhanga,BIHAR
847203,Biraul,Darbhanga,BIHAR
847204,Bishnupur,Darbhanga,BIHAR
847211,Madhubani,Madhubani,BIHAR
847212,Bhowara,Madhubani,BIHAR
847213,Mdb. Bara Bazar,Madhubani,BIHAR
847214,M G Bazar,Madhubani,BIHAR
847215,R.K.Collage,Madhubani,BIHAR
847222,Arerhat,Madhubani,BIHAR
847223,Benipatti,Madhubani,BIHAR
847224,Baboobarhi,Madhubani,BIHAR
847225,Basopatti,Madhubani,BIHAR
847226,Jaynagar,Madhubani,BIHAR
847227,Khutauna,Madhubani,BIHAR
847228,Khajauli,Madhubani,BIHAR
847229,Kaluahi,Madhubani,BIHAR
847230,Khirhar,Madhubani,BIHAR
847231,Lohat,Madhubani,BIHAR
847232,Ladania,Madhubani,BIHAR
847233,Nehra,Darbhanga,BIHAR
847234,Pandaul,Madhubani,BIHAR
847235,Rajnagar,Madhubani,BIHAR
847236,Rampatti,Madhubani,BIHAR
847238,Rahika,Madhubani,BIHAR
847239,Sakri,Madhubani,BIHAR
847240,Umgaon kothi,Madhubani,BIHAR
847301,Hayaghat Bilashpur,Darbhanga,BIHAR
847302,Jalley,Darbhanga,BIHAR
847303,Jogiara,Darbhanga,BIHAR
847304,Kamtaul,Darbhanga,BIHAR
847305,Madhwapur,Madhubani,BIHAR
847306,Pindaruch,Darbhanga,BIHAR
847307,Ratanpur,Darbhanga,BIHAR
847308,Sahar,Madhubani,BIHAR
847337,Ryam Factory,Darbhanga,BIHAR
847401,Andhra,Madhubani,BIHAR
847402,Ghoghardiha,Madhubani,BIHAR
847403,Jhanjharpur RS,Madhubani,BIHAR
847404,Jhanjharpur,Madhubani,BIHAR
847405,Kurso Nadiami,Darbhanga,BIHAR
847407,Lohna Road,Darbhanga,BIHAR
847408,Madhepur,Madhubani,BIHAR
847409,Phulparas,Madhubani,BIHAR
847410,Tamuria,Madhubani,BIHAR
847411,Rudrapur,Madhubani,BIHAR
847421,Laukaha,Madhubani,BIHAR
847422,Manigachi,Darbhanga,BIHAR
847423,Putai,Darbhanga,BIHAR
847424,Sarisavpahi,Madhubani,BIHAR
847427,Ghanshyampur,Darbhanga,BIHAR
847428,Bharathi,Darbhanga,BIHAR
847429,Kusothar,Darbhanga,BIHAR
847451,Kunauli Bazar,Supaul,BIHAR
847452,Nirmali,Supaul,BIHAR
848101,Samastipur,Samastipur,BIHAR
848102,Nauraga,Samastipur,BIHAR
848113,Birouli Rural Institute,Samastipur,BIHAR
848114,Dalsinghsarai,Samastipur,BIHAR
848115,Dighra,Samastipur,BIHAR
848117,Ilmasnagar,Samastipur,BIHAR
848121,Morwa,Samastipur,BIHAR
848122,Madhopur Dighrua,Samastipur,BIHAR
848125,Pusa,Samastipur,BIHAR
848127,Sarairanjan,Samastipur,BIHAR
848129,Shambhupatti,Samastipur,BIHAR
848130,Tajpur,Samastipur,BIHAR
848131,Waini,Samastipur,BIHAR
848132,Ujiarpur,Samastipur,BIHAR
848133,Warish Nagar,Samastipur,BIHAR
848134,Jitwarpur,Samastipur,BIHAR
848160,Kalyanpur,Samastipur,BIHAR
848201,B.Bazar,Begusarai,BIHAR
848202,Meghaul,Begusarai,BIHAR
848203,Sakarpura,Khagaria,BIHAR
848204,Garhpura,Begusarai,BIHAR
848205,Hassanpur S. Mill,Samastipur,BIHAR
848206,Kundal,Samastipur,BIHAR
848207,Bithan,Samastipur,BIHAR
848208,Mangalgarh,Samastipur,BIHAR
848209,Singhia,Samastipur,BIHAR
848210,Rosera,Samastipur,BIHAR
848211,Narhan,Samastipur,BIHAR
848213,Kuseshwar Asthan,Darbhanga,BIHAR
848216,Bihrha,Samastipur,BIHAR
848236,Singhia Ghat,Samastipur,BIHAR
848301,Kishanpur,Samastipur,BIHAR
848302,Kalyanpur Chowk,Samastipur,BIHAR
848501,Mohiuddin Nagar,Samastipur,BIHAR
848502,Mohiuddin Nagar R.S,Samastipur,BIHAR
848503,Vidhyapati Nagar,Samastipur,BIHAR
848504,Patory,Samastipur,BIHAR
848505,P.Pur Halai,Samastipur,BIHAR
848506,Baghra,Samastipur,BIHAR
851101,Begusarai,Begusarai,BIHAR
851111,Bachhawara,Begusarai,BIHAR
851112,Barauni,Begusarai,BIHAR
851113,B.Deorhi,Begusarai,BIHAR
851114,Barauni Oil Refinery,Begusarai,BIHAR
851115,Barauni Urvark Nagar,Begusarai,BIHAR
851116,B.T.P.P,Begusarai,BIHAR
851117,Refinery Township,Begusarai,BIHAR
851118,Baro,Begusarai,BIHAR
851120,Bhagwanpur,Begusarai,BIHAR
851126,Garhara,Begusarai,BIHAR
851127,Manjhaul,Begusarai,BIHAR
851128,Mansurchak,Begusarai,BIHAR
851129,Mirzapur Banduar,Begusarai,BIHAR
851130,Naokothi,Begusarai,BIHAR
851131,Rajaura,Begusarai,BIHAR
851132,Sripur,Begusarai,BIHAR
851133,Teghra,Begusarai,BIHAR
851134,Ullao,Begusarai,BIHAR
851135,Bihat,Begusarai,BIHAR
851201,Chautham,Khagaria,BIHAR
851202,Gogri,Khagaria,BIHAR
851203,Jamalpur Gogri,Khagaria,BIHAR
851204,Khagaria Mukhya Dakghar,Khagaria,BIHAR
851205,Koshi College,Khagaria,BIHAR
851206,Alauli,Khagaria,BIHAR
851210,Mahna,Begusarai,BIHAR
851211,Lakhminia,Begusarai,BIHAR
851212,Mohaddipur,Khagaria,BIHAR
851213,Maheshkhunt,Khagaria,BIHAR
851214,Mansi,Khagaria,BIHAR
851215,Naya Gaon,Begusarai,BIHAR
851216,Parbatta,Khagaria,BIHAR
851217,Sahebpur Kamal,Begusarai,BIHAR
851218,Suhird Nagar,Begusarai,BIHAR
852101,Behariganj,Madhepura,BIHAR
852105,Bhaptiyahi Bazar,Supaul,BIHAR
852106,Chapraon,Saharsa,BIHAR
852107,Dhabauli,Saharsa,BIHAR
852108,Gamaharia,Supaul,BIHAR
852109,Ganpatganj,Supaul,BIHAR
852110,Garh Baruari,Supaul,BIHAR
852111,Jia Ram Raghopur,Supaul,BIHAR
852112,Kumarkhand,Madhepura,BIHAR
852113,Madhepura,Madhepura,BIHAR
852114,Budhma,Madhepura,BIHAR
852115,Gwalpara,Madhepura,BIHAR
852116,Puraini Bazar,Madhepura,BIHAR
852121,Mathahi,Madhepura,BIHAR
852122,Murliganj,Madhepura,BIHAR
852123,Nauhatta,Saharsa,BIHAR
852124,Panchgachiya,Saharsa,BIHAR
852125,Pratapganj,Supaul,BIHAR
852126,Salkhua Bazar,Saharsa,BIHAR
852127,Simri Bakhtiarpur,Saharsa,BIHAR
852128,Singheshwar,Madhepura,BIHAR
852129,Sonbersa Raj,Saharsa,BIHAR
852130,Sukhpur,Supaul,BIHAR
852131,Supaul,Supaul,BIHAR
852132,Shankarpur Bazar,Madhepura,BIHAR
852133,Janardanpur,Supaul,BIHAR
852137,Surpatganj,Supaul,BIHAR
852138,Tharbitta,Supaul,BIHAR
852139,Triveniganj,Supaul,BIHAR
852161,Beldaur,Khagaria,BIHAR
852201,Saharsa,Saharsa,BIHAR
852202,Saharsa Collec.,Saharsa,BIHAR
852212,Bangaon,Saharsa,BIHAR
852213,Chausa,Madhepura,BIHAR
852214,Jadia,Supaul,BIHAR
852215,Karjain Bazar,Supaul,BIHAR
852216,Mahishi,Saharsa,BIHAR
852217,Mangwar,Saharsa,BIHAR
852218,Pipra Bazar,Supaul,BIHAR
852219,Shah Alam Nagar,Madhepura,BIHAR
852220,Udakishunganj,Madhepura,BIHAR
852221,Sour Bazar,Saharsa,BIHAR
853201,Bihpur,Bhagalpur,BIHAR
853202,Karik Bazar,Bhagalpur,BIHAR
853203,Narayanpur,Bhagalpur,BIHAR
853204,Naugachia,Bhagalpur,BIHAR
853205,S.T.Goriar,Bhagalpur,BIHAR
854101,Ayodhyaganj Bazar,Katihar,BIHAR
854102,Chopra Ram Nagar,Purnia,BIHAR
854103,Daharia Molls,Katihar,BIHAR
854104,Gurubazar,Katihar,BIHAR
854105,Katihar,Katihar,BIHAR
854106,Katihar Bmp Camp,Katihar,BIHAR
854107,Katihar Mill,Katihar,BIHAR
854108,Korha,Katihar,BIHAR
854109,Katihar Court,Katihar,BIHAR
854112,Amdabad,Katihar,BIHAR
854113,Manihari,Katihar,BIHAR
854114,Pothia,Katihar,BIHAR
854115,Semapur Factory,Katihar,BIHAR
854116,Mahadevpur,Katihar,BIHAR
854117,Rosna,Katihar,BIHAR
854201,Banaili,Purnia,BIHAR
854202,Banmankhi,Purnia,BIHAR
854203,Barhara Kothi,Purnia,BIHAR
854204,Bhawanipur Rajdham,Purnia,BIHAR
854205,Dhamdaha,Purnia,BIHAR
854301,Purnea,Purnia,BIHAR
854302,Purnea City,Purnia,BIHAR
854303,Purnea Polyticnic,Purnia,BIHAR
854304,Purnea Chowk,Purnia,BIHAR
854305,Khuskibagh,Purnia,BIHAR
854306,Sarsi,Purnia,BIHAR
854311,Araria,Araria,BIHAR
854312,Araria RS,Araria,BIHAR
854315,Baisi,Purnia,BIHAR
854316,Bathnaha,Araria,BIHAR
854317,Barsoighat,Katihar,BIHAR
854318,Forbesganj,Araria,BIHAR
854325,Garhbanaili,Purnia,BIHAR
854326,Gulabbagh,Purnia,BIHAR
854327,Jalalgarh,Purnia,BIHAR
854328,Jogbani,Araria,BIHAR
854329,Jokihat,Araria,BIHAR
854330,Kasba,Purnia,BIHAR
854331,Kursakanta,Araria,BIHAR
854332,Kuari,Araria,BIHAR
854333,Madanpur,Araria,BIHAR
854334,Maryganj,Araria,BIHAR
854335,Narpatganj,Araria,BIHAR
854336,Nawabganj,Araria,BIHAR
854337,Ranipatra,Purnia,BIHAR
854338,Bhimnagar Bairrage,Supaul,BIHAR
854339,Balua Bazar,Supaul,BIHAR
854340,Birpur,Supaul,BIHAR
855101,Bahadurganj,Kishanganj,BIHAR
855102,Barsoi,Katihar,BIHAR
855105,Durgaganj,Katihar,BIHAR
855106,Galgalia,Kishanganj,BIHAR
855107,Kishanganj,Kishanganj,BIHAR
855108,Kishanganj Bazar,Kishanganj,BIHAR
855113,Salmari,Katihar,BIHAR
855114,Sonali,Katihar,BIHAR
855115,Sontha,Kishanganj,BIHAR
855116,Thakurganj,Kishanganj,BIHAR
855117,Taiyabpur,Kishanganj,BIHAR
