pincode,nsdp_per_capita
110001,417217.0
110002,417217.0
110003,417217.0
110004,417217.0
110005,417217.0
110006,417217.0
110007,417217.0
110008,417217.0
110009,417217.0
110010,417217.0
110011,417217.0
110012,417217.0
110013,417217.0
110014,417217.0
110015,417217.0
110016,417217.0
110017,417217.0
110018,417217.0
110019,417217.0
110020,417217.0
110021,417217.0
110022,417217.0
110023,417217.0
110024,417217.0
110025,417217.0
110026,417217.0
110027,417217.0
110028,417217.0
110029,417217.0
110030,417217.0
110031,417217.0
110032,417217.0
110033,417217.0
110034,417217.0
110035,417217.0
110036,417217.0
110037,417217.0
110038,417217.0
110039,417217.0
110040,417217.0
110041,417217.0
110042,417217.0
110043,417217.0
110044,417217.0
110045,417217.0
110046,417217.0
110047,417217.0
110048,417217.0
110049,417217.0
110051,417217.0
110052,417217.0
110053,417217.0
110054,417217.0
110055,417217.0
110056,417217.0
110057,417217.0
110058,417217.0
110059,417217.0
110060,417217.0
110061,417217.0
110062,417217.0
110063,417217.0
110064,417217.0
110065,417217.0
110066,417217.0
110067,417217.0
110068,417217.0
110070,417217.0
110071,417217.0
110072,417217.0
110073,417217.0
110074,417217.0
110075,417217.0
110076,417217.0
110077,417217.0
110078,417217.0
110080,417217.0
110081,417217.0
110082,417217.0
110083,417217.0
110084,417217.0
110085,417217.0
110086,417217.0
110087,417217.0
110088,417217.0
110089,417217.0
110090,417217.0
110091,417217.0
110092,417217.0
110093,417217.0
110094,417217.0
110095,417217.0
110096,417217.0
110097,417217.0
121001,289213.0
121002,289213.0
121003,289213.0
121004,289213.0
121005,289213.0
121006,289213.0
121007,289213.0
121008,289213.0
121009,289213.0
121010,289213.0
121012,289213.0
121013,289213.0
121101,289213.0
121102,289213.0
121103,289213.0
121105,289213.0
121106,289213.0
121107,289213.0
122001,289213.0
122002,289213.0
122003,289213.0
122004,289213.0
122005,289213.0
122006,289213.0
122007,289213.0
122008,289213.0
122009,289213.0
122011,289213.0
122015,289213.0
122016,289213.0
122017,289213.0
122018,289213.0
122051,289213.0
122052,289213.0
122101,289213.0
122102,289213.0
122103,289213.0
122104,289213.0
122105,289213.0
122107,289213.0
122108,289213.0
122413,289213.0
122414,289213.0
122502,289213.0
122503,289213.0
122504,289213.0
122505,289213.0
122506,289213.0
122508,289213.0
123001,289213.0
123021,289213.0
123023,289213.0
123024,289213.0
123027,289213.0
123028,289213.0
123029,289213.0
123034,289213.0
123035,289213.0
123101,289213.0
123102,289213.0
123103,289213.0
123106,289213.0
123110,289213.0
123301,289213.0
123302,289213.0
123303,289213.0
123401,289213.0
123411,289213.0
123412,289213.0
123501,289213.0
124001,289213.0
124010,289213.0
124021,289213.0
124022,289213.0
124102,289213.0
124103,289213.0
124104,289213.0
124105,289213.0
124106,289213.0
124107,289213.0
124108,289213.0
124109,289213.0
124111,289213.0
124112,289213.0
124113,289213.0
124141,289213.0
124142,289213.0
124146,289213.0
124201,289213.0
124202,289213.0
124303,289213.0
124401,289213.0
124404,289213.0
124406,289213.0
124411,289213.0
124412,289213.0
124501,289213.0
124504,289213.0
124505,289213.0
124506,289213.0
124507,289213.0
124508,289213.0
124513,289213.0
124514,289213.0
125001,289213.0
125004,289213.0
125005,289213.0
125006,289213.0
125007,289213.0
125011,289213.0
125033,289213.0
125037,289213.0
125038,289213.0
125039,289213.0
125042,289213.0
125044,289213.0
125047,289213.0
125048,289213.0
125049,289213.0
125050,289213.0
125051,289213.0
125052,289213.0
125053,289213.0
125054,289213.0
125055,289213.0
125056,289213.0
125058,289213.0
125060,289213.0
125075,289213.0
125076,289213.0
125077,289213.0
125078,289213.0
125101,289213.0
125102,289213.0
125103,289213.0
125104,289213.0
125106,289213.0
125110,289213.0
125111,289213.0
125112,289213.0
125113,289213.0
125120,289213.0
125121,289213.0
125133,289213.0
125201,289213.0
126101,289213.0
126102,289213.0
126110,289213.0
126111,289213.0
126112,289213.0
126113,289213.0
126114,289213.0
126115,289213.0
126116,289213.0
126125,289213.0
126152,289213.0
127021,289213.0
127022,289213.0
127025,289213.0
127026,289213.0
127027,289213.0
127028,289213.0
127029,289213.0
127030,289213.0
127031,289213.0
127032,289213.0
127035,289213.0
127040,289213.0
127041,289213.0
127042,289213.0
127043,289213.0
127045,289213.0
127046,289213.0
127111,289213.0
127114,289213.0
127201,289213.0
127306,289213.0
127307,289213.0
127308,289213.0
127309,289213.0
127310,289213.0
131001,289213.0
131021,289213.0
131022,289213.0
131023,289213.0
131024,289213.0
131027,289213.0
131028,289213.0
131029,289213.0
131039,289213.0
131101,289213.0
131102,289213.0
131103,289213.0
131301,289213.0
131302,289213.0
131304,289213.0
131305,289213.0
131306,289213.0
131402,289213.0
131403,289213.0
131408,289213.0
131409,289213.0
132001,289213.0
132022,289213.0
132023,289213.0
132024,289213.0
132036,289213.0
132037,289213.0
132039,289213.0
132040,289213.0
132041,289213.0
132046,289213.0
132054,289213.0
132101,289213.0
132102,289213.0
132103,289213.0
132104,289213.0
132105,289213.0
132106,289213.0
132107,289213.0
132108,289213.0
132113,289213.0
132114,289213.0
132115,289213.0
132116,289213.0
132117,289213.0
132122,289213.0
132140,289213.0
132145,289213.0
132157,289213.0
133001,289213.0
133004,289213.0
133005,289213.0
133006,289213.0
133101,289213.0
133102,289213.0
133104,289213.0
133201,289213.0
133202,289213.0
133203,289213.0
133205,289213.0
133207,289213.0
133301,289213.0
133302,289213.0
134003,289213.0
134005,289213.0
134007,289213.0
134101,289213.0
134102,289213.0
134104,289213.0
134107,289213.0
134108,289213.0
134109,289213.0
134112,289213.0
134113,289213.0
134114,289213.0
134116,289213.0
134117,289213.0
134118,289213.0
134201,289213.0
134202,289213.0
134203,289213.0
134204,289213.0
134205,289213.0
135103,289213.0
136020,289213.0
136021,289213.0
136026,289213.0
136027,289213.0
136030,289213.0
136033,289213.0
136034,289213.0
136035,289213.0
136038,289213.0
136042,289213.0
136043,289213.0
136044,289213.0
136117,289213.0
136118,289213.0
136119,289213.0
136128,289213.0
136129,289213.0
136130,289213.0
136131,289213.0
136132,289213.0
136135,289213.0
136136,289213.0
136156,289213.0
140001,185802.0
140101,185802.0
140103,185802.0
140108,185802.0
140111,185802.0
140112,185802.0
140113,185802.0
140114,185802.0
140116,185802.0
140117,185802.0
140118,185802.0
140119,185802.0
140123,185802.0
140124,185802.0
140126,185802.0
140133,185802.0
140301,185802.0
140306,185802.0
140307,185802.0
140308,185802.0
140401,185802.0
140402,185802.0
140405,185802.0
140406,185802.0
140407,185802.0
140412,185802.0
140417,185802.0
140506,185802.0
140601,185802.0
140602,185802.0
140603,185802.0
140701,185802.0
140702,185802.0
140802,185802.0
141001,185802.0
141003,185802.0
141008,185802.0
141101,185802.0
141102,185802.0
141103,185802.0
141104,185802.0
141105,185802.0
141106,185802.0
141107,185802.0
141108,185802.0
141109,185802.0
141110,185802.0
141112,185802.0
141113,185802.0
141114,185802.0
141115,185802.0
141116,185802.0
141117,185802.0
141118,185802.0
141119,185802.0
141120,185802.0
141121,185802.0
141122,185802.0
141123,185802.0
141125,185802.0
141126,185802.0
141127,185802.0
141201,185802.0
141202,185802.0
141203,185802.0
141204,185802.0
141205,185802.0
141206,185802.0
141401,185802.0
141411,185802.0
141412,185802.0
141413,185802.0
141414,185802.0
141415,185802.0
141416,185802.0
141417,185802.0
141418,185802.0
141419,185802.0
141421,185802.0
141801,185802.0
142001,185802.0
142002,185802.0
142003,185802.0
142011,185802.0
142021,185802.0
142022,185802.0
142023,185802.0
142024,185802.0
142025,185802.0
142026,185802.0
142027,185802.0
142029,185802.0
142030,185802.0
142031,185802.0
142032,185802.0
142033,185802.0
142034,185802.0
142035,185802.0
142036,185802.0
142037,185802.0
142038,185802.0
142039,185802.0
142040,185802.0
142041,185802.0
142042,185802.0
142043,185802.0
142044,185802.0
142045,185802.0
142046,185802.0
142047,185802.0
142048,185802.0
142049,185802.0
142050,185802.0
142052,185802.0
142053,185802.0
142054,185802.0
142055,185802.0
142056,185802.0
142057,185802.0
142058,185802.0
142060,185802.0
143001,185802.0
143002,185802.0
143005,185802.0
143006,185802.0
143008,185802.0
143009,185802.0
143022,185802.0
143101,185802.0
143102,185802.0
143103,185802.0
143105,185802.0
143107,185802.0
143108,185802.0
143109,185802.0
143111,185802.0
143112,185802.0
143113,185802.0
143114,185802.0
143115,185802.0
143116,185802.0
143117,185802.0
143118,185802.0
143119,185802.0
143149,185802.0
143201,185802.0
143202,185802.0
143203,185802.0
143204,185802.0
143205,185802.0
143301,185802.0
143302,185802.0
143303,185802.0
143304,185802.0
143305,185802.0
143401,185802.0
143402,185802.0
143406,185802.0
143407,185802.0
143408,185802.0
143409,185802.0
143410,185802.0
143411,185802.0
143412,185802.0
143413,185802.0
143414,185802.0
143415,185802.0
143416,185802.0
143419,185802.0
143422,185802.0
143501,185802.0
143502,185802.0
143504,185802.0
143505,185802.0
143506,185802.0
143507,185802.0
143511,185802.0
143512,185802.0
143513,185802.0
143514,185802.0
143515,185802.0
143516,185802.0
143517,185802.0
143518,185802.0
143519,185802.0
143520,185802.0
143521,185802.0
143525,185802.0
143526,185802.0
143527,185802.0
143528,185802.0
143529,185802.0
143530,185802.0
143531,185802.0
143532,185802.0
143533,185802.0
143534,185802.0
143601,185802.0
143602,185802.0
143603,185802.0
143604,185802.0
143605,185802.0
143606,185802.0
144001,185802.0
144002,185802.0
144005,185802.0
144008,185802.0
144020,185802.0
144024,185802.0
144025,185802.0
144026,185802.0
144028,185802.0
144029,185802.0
144030,185802.0
144031,185802.0
144032,185802.0
144033,185802.0
144034,185802.0
144035,185802.0
144036,185802.0
144037,185802.0
144039,185802.0
144040,185802.0
144041,185802.0
144042,185802.0
144043,185802.0
144044,185802.0
144101,185802.0
144102,185802.0
144103,185802.0
144104,185802.0
144105,185802.0
144106,185802.0
144201,185802.0
144202,185802.0
144204,185802.0
144205,185802.0
144206,185802.0
144207,185802.0
144208,185802.0
144209,185802.0
144210,185802.0
144211,185802.0
144212,185802.0
144213,185802.0
144214,185802.0
144216,185802.0
144221,185802.0
144222,185802.0
144223,185802.0
144224,185802.0
144301,185802.0
144302,185802.0
144303,185802.0
144305,185802.0
144306,185802.0
144311,185802.0
144401,185802.0
144402,185802.0
144403,185802.0
144404,185802.0
144405,185802.0
144406,185802.0
144407,185802.0
144408,185802.0
144409,185802.0
144410,185802.0
144411,185802.0
144416,185802.0
144417,185802.0
144418,185802.0
144419,185802.0
144511,185802.0
144519,185802.0
144520,185802.0
144523,185802.0
144527,185802.0
144528,185802.0
144529,185802.0
144530,185802.0
144531,185802.0
144601,185802.0
144602,185802.0
144603,185802.0
144606,185802.0
144620,185802.0
144621,185802.0
144622,185802.0
144623,185802.0
144624,185802.0
144625,185802.0
144626,185802.0
144628,185802.0
144629,185802.0
144630,185802.0
144631,185802.0
144632,185802.0
144633,185802.0
144701,185802.0
144702,185802.0
144703,185802.0
144801,185802.0
144802,185802.0
144803,185802.0
144804,185802.0
144805,185802.0
144806,185802.0
144819,185802.0
145001,185802.0
145022,185802.0
145023,185802.0
145024,185802.0
145025,185802.0
145026,185802.0
145027,185802.0
145029,185802.0
145101,185802.0
146001,185802.0
146021,185802.0
146022,185802.0
146023,185802.0
146024,185802.0
146101,185802.0
146102,185802.0
146103,185802.0
146104,185802.0
146105,185802.0
146106,185802.0
146107,185802.0
146108,185802.0
146109,185802.0
146110,185802.0
146111,185802.0
146112,185802.0
146113,185802.0
146114,185802.0
146115,185802.0
146116,185802.0
147001,185802.0
147002,185802.0
147003,185802.0
147004,185802.0
147005,185802.0
147006,185802.0
147007,185802.0
147021,185802.0
147101,185802.0
147102,185802.0
147103,185802.0
147104,185802.0
147105,185802.0
147111,185802.0
147201,185802.0
147202,185802.0
147203,185802.0
147301,185802.0
148001,185802.0
148002,185802.0
148017,185802.0
148018,185802.0
148019,185802.0
148020,185802.0
148021,185802.0
148022,185802.0
148023,185802.0
148024,185802.0
148025,185802.0
148026,185802.0
148027,185802.0
148028,185802.0
148029,185802.0
148030,185802.0
148031,185802.0
148033,185802.0
148034,185802.0
148035,185802.0
148106,185802.0
151001,185802.0
151002,185802.0
151003,185802.0
151004,185802.0
151005,185802.0
151101,185802.0
151102,185802.0
151103,185802.0
151104,185802.0
151105,185802.0
151106,185802.0
151108,185802.0
151111,185802.0
151201,185802.0
151202,185802.0
151203,185802.0
151204,185802.0
151205,185802.0
151206,185802.0
151207,185802.0
151208,185802.0
151209,185802.0
151210,185802.0
151211,185802.0
151212,185802.0
151213,185802.0
151301,185802.0
151302,185802.0
151401,185802.0
151501,185802.0
151502,185802.0
151503,185802.0
151504,185802.0
151505,185802.0
151506,185802.0
151507,185802.0
151508,185802.0
151509,185802.0
151510,185802.0
152001,185802.0
152002,185802.0
152003,185802.0
152004,185802.0
152005,185802.0
152021,185802.0
152022,185802.0
152023,185802.0
152024,185802.0
152025,185802.0
152026,185802.0
152028,185802.0
152031,185802.0
152032,185802.0
152033,185802.0
152101,185802.0
152107,185802.0
152112,185802.0
152113,185802.0
152114,185802.0
152115,185802.0
152116,185802.0
152117,185802.0
152121,185802.0
152122,185802.0
152123,185802.0
152124,185802.0
152128,185802.0
152132,185802.0
160001,408512.0
160002,408512.0
160003,408512.0
160009,408512.0
160011,408512.0
160012,408512.0
160014,408512.0
160015,408512.0
160017,408512.0
160018,408512.0
160019,408512.0
160020,408512.0
160022,408512.0
160023,408512.0
160025,408512.0
160030,408512.0
160036,408512.0
160047,408512.0
160055,185802.0
160059,185802.0
160062,185802.0
160071,185802.0
160101,408512.0
160102,408512.0
171001,214952.0
171002,214952.0
171003,214952.0
171004,214952.0
171005,214952.0
171006,214952.0
171007,214952.0
171008,214952.0
171009,214952.0
171010,214952.0
171011,214952.0
171012,214952.0
171013,214952.0
171018,214952.0
171019,214952.0
171102,214952.0
171103,214952.0
171201,214952.0
171202,214952.0
171203,214952.0
171204,214952.0
171205,214952.0
171206,214952.0
171207,214952.0
171208,214952.0
171209,214952.0
171210,214952.0
171211,214952.0
171212,214952.0
171213,214952.0
171214,214952.0
171215,214952.0
171216,214952.0
171217,214952.0
171218,214952.0
171219,214952.0
171220,214952.0
171221,214952.0
171222,214952.0
171223,214952.0
171224,214952.0
171225,214952.0
171226,214952.0
171301,214952.0
172001,214952.0
172002,214952.0
172021,214952.0
172022,214952.0
172023,214952.0
172024,214952.0
172025,214952.0
172026,214952.0
172027,214952.0
172028,214952.0
172029,214952.0
172030,214952.0
172031,214952.0
172032,214952.0
172033,214952.0
172101,214952.0
172102,214952.0
172103,214952.0
172104,214952.0
172105,214952.0
172106,214952.0
172107,214952.0
172108,214952.0
172109,214952.0
172110,214952.0
172111,214952.0
172112,214952.0
172113,214952.0
172114,214952.0
172115,214952.0
172116,214952.0
172117,214952.0
172118,214952.0
172201,214952.0
173001,214952.0
173021,214952.0
173022,214952.0
173023,214952.0
173024,214952.0
173025,214952.0
173026,214952.0
173027,214952.0
173029,214952.0
173030,214952.0
173031,214952.0
173032,214952.0
173101,214952.0
173104,214952.0
173201,214952.0
173202,214952.0
173204,214952.0
173205,214952.0
173206,214952.0
173207,214952.0
173208,214952.0
173209,214952.0
173211,214952.0
173212,214952.0
173213,214952.0
173214,214952.0
173215,214952.0
173217,214952.0
173218,214952.0
173220,214952.0
173221,214952.0
173222,214952.0
173223,214952.0
173225,214952.0
173229,214952.0
173230,214952.0
173233,214952.0
173234,214952.0
173235,214952.0
174101,214952.0
174102,214952.0
174103,214952.0
174301,214952.0
174302,214952.0
174303,214952.0
174306,214952.0
174307,214952.0
174308,214952.0
174314,214952.0
174315,214952.0
174316,214952.0
174317,214952.0
174319,214952.0
174320,214952.0
174321,214952.0
174503,214952.0
174507,214952.0
175001,214952.0
175002,214952.0
175003,214952.0
175004,214952.0
175005,214952.0
175006,214952.0
175007,214952.0
175008,214952.0
175009,214952.0
175010,214952.0
175011,214952.0
175012,214952.0
175013,214952.0
175014,214952.0
175015,214952.0
175016,214952.0
175017,214952.0
175018,214952.0
175019,214952.0
175021,214952.0
175023,214952.0
175024,214952.0
175025,214952.0
175026,214952.0
175027,214952.0
175028,214952.0
175029,214952.0
175030,214952.0
175031,214952.0
175032,214952.0
175033,214952.0
175034,214952.0
175035,214952.0
175036,214952.0
175037,214952.0
175038,214952.0
175039,214952.0
175040,214952.0
175042,214952.0
175046,214952.0
175047,214952.0
175048,214952.0
175049,214952.0
175050,214952.0
175051,214952.0
175052,214952.0
175101,214952.0
175102,214952.0
175103,214952.0
175104,214952.0
175105,214952.0
175106,214952.0
175121,214952.0
175123,214952.0
175124,214952.0
175125,214952.0
175126,214952.0
175128,214952.0
175129,214952.0
175130,214952.0
175131,214952.0
175132,214952.0
175133,214952.0
175134,214952.0
175136,214952.0
175138,214952.0
175139,214952.0
175140,214952.0
175141,214952.0
175142,214952.0
175143,214952.0
176001,214952.0
176021,214952.0
176022,214952.0
176023,214952.0
176025,214952.0
176026,214952.0
176027,214952.0
176028,214952.0
176029,214952.0
176030,214952.0
176031,214952.0
176032,214952.0
176033,214952.0
176036,214952.0
176037,214952.0
176038,214952.0
176041,214952.0
176047,214952.0
176051,214952.0
176052,214952.0
176053,214952.0
176054,214952.0
176055,214952.0
176056,214952.0
176058,214952.0
176059,214952.0
176060,214952.0
176061,214952.0
176062,214952.0
176063,214952.0
176064,214952.0
176065,214952.0
176066,214952.0
176071,214952.0
176073,214952.0
176075,214952.0
176076,214952.0
176077,214952.0
176081,214952.0
176082,214952.0
176083,214952.0
176084,214952.0
176085,214952.0
176086,214952.0
176087,214952.0
176088,214952.0
176089,214952.0
176090,214952.0
176091,214952.0
176092,214952.0
176093,214952.0
176094,214952.0
176095,214952.0
176096,214952.0
176097,214952.0
176098,214952.0
176101,214952.0
176102,214952.0
176103,214952.0
176107,214952.0
176115,214952.0
176125,214952.0
176128,214952.0
176200,214952.0
176201,214952.0
176202,214952.0
176203,214952.0
176204,214952.0
176205,214952.0
176206,214952.0
176207,214952.0
176208,214952.0
176209,214952.0
176210,214952.0
176211,214952.0
176214,214952.0
176215,214952.0
176216,214952.0
176217,214952.0
176218,214952.0
176225,214952.0
176301,214952.0
176302,214952.0
176303,214952.0
176304,214952.0
176305,214952.0
176306,214952.0
176308,214952.0
176309,214952.0
176310,214952.0
176311,214952.0
176312,214952.0
176313,214952.0
176314,214952.0
176315,214952.0
176316,214952.0
176317,214952.0
176318,214952.0
176319,214952.0
176320,214952.0
176321,214952.0
176323,214952.0
176324,214952.0
176325,214952.0
176401,214952.0
176402,214952.0
176403,214952.0
176501,214952.0
176502,214952.0
176601,214952.0
177031,214952.0
177034,214952.0
177039,214952.0
177043,214952.0
177101,214952.0
177103,214952.0
177104,214952.0
177105,214952.0
177106,214952.0
177107,214952.0
177108,214952.0
177109,214952.0
177110,214952.0
177111,214952.0
177112,214952.0
177113,214952.0
177114,214952.0
177117,214952.0
177201,214952.0
177202,214952.0
177203,214952.0
177204,214952.0
177205,214952.0
177206,214952.0
177207,214952.0
177208,214952.0
177209,214952.0
177210,214952.0
177211,214952.0
177212,214952.0
177213,214952.0
177219,214952.0
177220,214952.0
180017,123614.0
182202,123614.0
184121,123614.0
185101,123614.0
190001,123614.0
191132,123614.0
192129,123614.0
193224,123614.0
193502,123614.0
201001,84640.0
201002,84640.0
201003,84640.0
201004,84640.0
201005,84640.0
201006,84640.0
201007,84640.0
201008,84640.0
201009,84640.0
201010,84640.0
201011,84640.0
201012,84640.0
201013,84640.0
201014,84640.0
201015,84640.0
201016,84640.0
201017,84640.0
201019,84640.0
201102,84640.0
201103,84640.0
201201,84640.0
201204,84640.0
201206,84640.0
201301,84640.0
201303,84640.0
201304,84640.0
201305,84640.0
201306,84640.0
201307,84640.0
201309,84640.0
201310,84640.0
201311,84640.0
201312,84640.0
201313,84640.0
201314,84640.0
202001,84640.0
202002,84640.0
202121,84640.0
202122,84640.0
202123,84640.0
202124,84640.0
202125,84640.0
202126,84640.0
202127,84640.0
202128,84640.0
202129,84640.0
202130,84640.0
202131,84640.0
202132,84640.0
202133,84640.0
202134,84640.0
202135,84640.0
202136,84640.0
202137,84640.0
202138,84640.0
202139,84640.0
202140,84640.0
202141,84640.0
202142,84640.0
202143,84640.0
202145,84640.0
202150,84640.0
202155,84640.0
202165,84640.0
202170,84640.0
202280,84640.0
202281,84640.0
202282,84640.0
203001,84640.0
203002,84640.0
203129,84640.0
203131,84640.0
203132,84640.0
203135,84640.0
203141,84640.0
203150,84640.0
203155,84640.0
203201,84640.0
203202,84640.0
203203,84640.0
203205,84640.0
203206,84640.0
203207,84640.0
203209,84640.0
203389,84640.0
203390,84640.0
203391,84640.0
203392,84640.0
203393,84640.0
203394,84640.0
203395,84640.0
203396,84640.0
203397,84640.0
203398,84640.0
203399,84640.0
203401,84640.0
203402,84640.0
203403,84640.0
203405,84640.0
203407,84640.0
203408,84640.0
203409,84640.0
203411,84640.0
203412,84640.0
205001,84640.0
205119,84640.0
205121,84640.0
205247,84640.0
205261,84640.0
205262,84640.0
205263,84640.0
205264,84640.0
205265,84640.0
205267,84640.0
205268,84640.0
205301,84640.0
205303,84640.0
205304,84640.0
206001,84640.0
206002,84640.0
206003,84640.0
206120,84640.0
206121,84640.0
206122,84640.0
206123,84640.0
206124,84640.0
206125,84640.0
206126,84640.0
206127,84640.0
206128,84640.0
206129,84640.0
206130,84640.0
206131,84640.0
206241,84640.0
206242,84640.0
206243,84640.0
206244,84640.0
206245,84640.0
206246,84640.0
206247,84640.0
206248,84640.0
206249,84640.0
206250,84640.0
206251,84640.0
206252,84640.0
206253,84640.0
206255,84640.0
207001,84640.0
207002,84640.0
207003,84640.0
207120,84640.0
207121,84640.0
207122,84640.0
207123,84640.0
207124,84640.0
207125,84640.0
207241,84640.0
207242,84640.0
207243,84640.0
207244,84640.0
207245,84640.0
207246,84640.0
207247,84640.0
207248,84640.0
207249,84640.0
207250,84640.0
207301,84640.0
207302,84640.0
207401,84640.0
207402,84640.0
207403,84640.0
208001,84640.0
208002,84640.0
208003,84640.0
208004,84640.0
208005,84640.0
208006,84640.0
208007,84640.0
208008,84640.0
208009,84640.0
208010,84640.0
208011,84640.0
208012,84640.0
208013,84640.0
208014,84640.0
208015,84640.0
208016,84640.0
208017,84640.0
208019,84640.0
208020,84640.0
208021,84640.0
208022,84640.0
208023,84640.0
208024,84640.0
208025,84640.0
208026,84640.0
208027,84640.0
209101,84640.0
209111,84640.0
209112,84640.0
209115,84640.0
209121,84640.0
209125,84640.0
209202,84640.0
209203,84640.0
209204,84640.0
209205,84640.0
209206,84640.0
209208,84640.0
209209,84640.0
209210,84640.0
209214,84640.0
209217,84640.0
209301,84640.0
209302,84640.0
209303,84640.0
209304,84640.0
209305,84640.0
209306,84640.0
209307,84640.0
209308,84640.0
209310,84640.0
209311,84640.0
209312,84640.0
209401,84640.0
209402,84640.0
209501,84640.0
209502,84640.0
209503,84640.0
209504,84640.0
209505,84640.0
209601,84640.0
209602,84640.0
209621,84640.0
209622,84640.0
209625,84640.0
209651,84640.0
209652,84640.0
209720,84640.0
209721,84640.0
209722,84640.0
209723,84640.0
209724,84640.0
209725,84640.0
209727,84640.0
209728,84640.0
209729,84640.0
209731,84640.0
209732,84640.0
209733,84640.0
209734,84640.0
209735,84640.0
209736,84640.0
209738,84640.0
209739,84640.0
209743,84640.0
209745,84640.0
209747,84640.0
209749,84640.0
209801,84640.0
209821,84640.0
209825,84640.0
209827,84640.0
209831,84640.0
209841,84640.0
209859,84640.0
209861,84640.0
209862,84640.0
209863,84640.0
209864,84640.0
209865,84640.0
209866,84640.0
209867,84640.0
209868,84640.0
209869,84640.0
209870,84640.0
209871,84640.0
209881,84640.0
210001,84640.0
210120,84640.0
210121,84640.0
210123,84640.0
210125,84640.0
210126,84640.0
210128,84640.0
210129,84640.0
210201,84640.0
210202,84640.0
210203,84640.0
210204,84640.0
210205,84640.0
210206,84640.0
210207,84640.0
210208,84640.0
210209,84640.0
210301,84640.0
210341,84640.0
210421,84640.0
210422,84640.0
210423,84640.0
210424,84640.0
210425,84640.0
210426,84640.0
210427,84640.0
210428,84640.0
210429,84640.0
210430,84640.0
210431,84640.0
210432,84640.0
210433,84640.0
210501,84640.0
210502,84640.0
210504,84640.0
210505,84640.0
210506,84640.0
210507,84640.0
211001,84640.0
211002,84640.0
211003,84640.0
211004,84640.0
211006,84640.0
211007,84640.0
211008,84640.0
211010,84640.0
211011,84640.0
211012,84640.0
211013,84640.0
211015,84640.0
211016,84640.0
211019,84640.0
212104,84640.0
212106,84640.0
212107,84640.0
212108,84640.0
212109,84640.0
212111,84640.0
212201,84640.0
212202,84640.0
212203,84640.0
212204,84640.0
212205,84640.0
212206,84640.0
212207,84640.0
212208,84640.0
212213,84640.0
212214,84640.0
212216,84640.0
212217,84640.0
212218,84640.0
212301,84640.0
212302,84640.0
212303,84640.0
212305,84640.0
212306,84640.0
212307,84640.0
212401,84640.0
212402,84640.0
212404,84640.0
212405,84640.0
212502,84640.0
212503,84640.0
212507,84640.0
212601,84640.0
212620,84640.0
212621,84640.0
212622,84640.0
212631,84640.0
212635,84640.0
212641,84640.0
212645,84640.0
212650,84640.0
212651,84640.0
212652,84640.0
212653,84640.0
212654,84640.0
212655,84640.0
212656,84640.0
212657,84640.0
212658,84640.0
212659,84640.0
212661,84640.0
212663,84640.0
212664,84640.0
212665,84640.0
221001,84640.0
221002,84640.0
221003,84640.0
221004,84640.0
221005,84640.0
221006,84640.0
221007,84640.0
221008,84640.0
221009,84640.0
221010,84640.0
221011,84640.0
221101,84640.0
221103,84640.0
221104,84640.0
221105,84640.0
221106,84640.0
221107,84640.0
221108,84640.0
221110,84640.0
221112,84640.0
221115,84640.0
221116,84640.0
221201,84640.0
221202,84640.0
221204,84640.0
221206,84640.0
221207,84640.0
221208,84640.0
221301,84640.0
221302,84640.0
221303,84640.0
221304,84640.0
221305,84640.0
221306,84640.0
221307,84640.0
221308,84640.0
221309,84640.0
221310,84640.0
221311,84640.0
221313,84640.0
221314,84640.0
221401,84640.0
221402,84640.0
221403,84640.0
221404,84640.0
221405,84640.0
221406,84640.0
221409,84640.0
221502,84640.0
221503,84640.0
221505,84640.0
221507,84640.0
221508,84640.0
221601,84640.0
221602,84640.0
221603,84640.0
221701,84640.0
221705,84640.0
221706,84640.0
221709,84640.0
221711,84640.0
221712,84640.0
221713,84640.0
221715,84640.0
221716,84640.0
221717,84640.0
221718,84640.0
222001,84640.0
222002,84640.0
222003,84640.0
222105,84640.0
222109,84640.0
222125,84640.0
222127,84640.0
222128,84640.0
222129,84640.0
222131,84640.0
222132,84640.0
222133,84640.0
222135,84640.0
222136,84640.0
222137,84640.0
222138,84640.0
222139,84640.0
222141,84640.0
222142,84640.0
222143,84640.0
222144,84640.0
222145,84640.0
222146,84640.0
222148,84640.0
222149,84640.0
222161,84640.0
222162,84640.0
222165,84640.0
222170,84640.0
222175,84640.0
222180,84640.0
222181,84640.0
222201,84640.0
222202,84640.0
222203,84640.0
222204,84640.0
222301,84640.0
222302,84640.0
222303,84640.0
223101,84640.0
223102,84640.0
223103,84640.0
223104,84640.0
223105,84640.0
223221,84640.0
223222,84640.0
223223,84640.0
223224,84640.0
223225,84640.0
223226,84640.0
223227,84640.0
224001,84640.0
224121,84640.0
224122,84640.0
224123,84640.0
224125,84640.0
224126,84640.0
224127,84640.0
224129,84640.0
224132,84640.0
224133,84640.0
224135,84640.0
224137,84640.0
224139,84640.0
224141,84640.0
224143,84640.0
224145,84640.0
224146,84640.0
224147,84640.0
224149,84640.0
224151,84640.0
224152,84640.0
224153,84640.0
224155,84640.0
224157,84640.0
224158,84640.0
224159,84640.0
224161,84640.0
224164,84640.0
224168,84640.0
224171,84640.0
224172,84640.0
224176,84640.0
224181,84640.0
224182,84640.0
224183,84640.0
224186,84640.0
224188,84640.0
224189,84640.0
224190,84640.0
224195,84640.0
224201,84640.0
224202,84640.0
224203,84640.0
224204,84640.0
224205,84640.0
224206,84640.0
224207,84640.0
224208,84640.0
224209,84640.0
224210,84640.0
224225,84640.0
224227,84640.0
224228,84640.0
224229,84640.0
224230,84640.0
224231,84640.0
224232,84640.0
224234,84640.0
224235,84640.0
224238,84640.0
224284,84640.0
226001,84640.0
226002,84640.0
226003,84640.0
226004,84640.0
226005,84640.0
226006,84640.0
226007,84640.0
226008,84640.0
226009,84640.0
226010,84640.0
226011,84640.0
226012,84640.0
226013,84640.0
226014,84640.0
226015,84640.0
226016,84640.0
226017,84640.0
226018,84640.0
226019,84640.0
226020,84640.0
226021,84640.0
226022,84640.0
226023,84640.0
226024,84640.0
226025,84640.0
226026,84640.0
226028,84640.0
226029,84640.0
226030,84640.0
226031,84640.0
226101,84640.0
226102,84640.0
226103,84640.0
226104,84640.0
226201,84640.0
226202,84640.0
226203,84640.0
226301,84640.0
226302,84640.0
226303,84640.0
226401,84640.0
226501,84640.0
227304,84640.0
227405,84640.0
227406,84640.0
227407,84640.0
227408,84640.0
227409,84640.0
227411,84640.0
227412,84640.0
227413,84640.0
227801,84640.0
227805,84640.0
227806,84640.0
227807,84640.0
227808,84640.0
227809,84640.0
227811,84640.0
227812,84640.0
227813,84640.0
227814,84640.0
227815,84640.0
227816,84640.0
227817,84640.0
228001,84640.0
228118,84640.0
228119,84640.0
228120,84640.0
228121,84640.0
228125,84640.0
228131,84640.0
228132,84640.0
228133,84640.0
228141,84640.0
228142,84640.0
228145,84640.0
228151,84640.0
228155,84640.0
228159,84640.0
228161,84640.0
228171,84640.0
229001,84640.0
229408,84640.0
229410,84640.0
229411,84640.0
229412,84640.0
229413,84640.0
230001,84640.0
230002,84640.0
230121,84640.0
230124,84640.0
230125,84640.0
230126,84640.0
230127,84640.0
230128,84640.0
230129,84640.0
230130,84640.0
230131,84640.0
230132,84640.0
230133,84640.0
230134,84640.0
230135,84640.0
230136,84640.0
230137,84640.0
230138,84640.0
230139,84640.0
230141,84640.0
230142,84640.0
230143,84640.0
230144,84640.0
230201,84640.0
230202,84640.0
230204,84640.0
230301,84640.0
230302,84640.0
230304,84640.0
230306,84640.0
230401,84640.0
230402,84640.0
230403,84640.0
230404,84640.0
230405,84640.0
230501,84640.0
230502,84640.0
230503,84640.0
231001,84640.0
231205,84640.0
231206,84640.0
231207,84640.0
231208,84640.0
231209,84640.0
231210,84640.0
231211,84640.0
231212,84640.0
231213,84640.0
231215,84640.0
231216,84640.0
231217,84640.0
231218,84640.0
231219,84640.0
231220,84640.0
231221,84640.0
231222,84640.0
231223,84640.0
231224,84640.0
231225,84640.0
231226,84640.0
231301,84640.0
231302,84640.0
231303,84640.0
231304,84640.0
231305,84640.0
231306,84640.0
231307,84640.0
231309,84640.0
231311,84640.0
231312,84640.0
231313,84640.0
231314,84640.0
231501,84640.0
232101,84640.0
232102,84640.0
232103,84640.0
232104,84640.0
232105,84640.0
232106,84640.0
232107,84640.0
232108,84640.0
232109,84640.0
232110,84640.0
232111,84640.0
232118,84640.0
232120,84640.0
232325,84640.0
232326,84640.0
232327,84640.0
232328,84640.0
232329,84640.0
232330,84640.0
232331,84640.0
232332,84640.0
232333,84640.0
232336,84640.0
232339,84640.0
232340,84640.0
233001,84640.0
233002,84640.0
233221,84640.0
233222,84640.0
233223,84640.0
233224,84640.0
233225,84640.0
233226,84640.0
233227,84640.0
233228,84640.0
233229,84640.0
233230,84640.0
233231,84640.0
233232,84640.0
233233,84640.0
233300,84640.0
233301,84640.0
233302,84640.0
233303,84640.0
233304,84640.0
233305,84640.0
233306,84640.0
233307,84640.0
233310,84640.0
233311,84640.0
241001,84640.0
241121,84640.0
241122,84640.0
241123,84640.0
241124,84640.0
241125,84640.0
241126,84640.0
241127,84640.0
241201,84640.0
241202,84640.0
241203,84640.0
241204,84640.0
241301,84640.0
241302,84640.0
241303,84640.0
241304,84640.0
241305,84640.0
241401,84640.0
241402,84640.0
241403,84640.0
241404,84640.0
241405,84640.0
241406,84640.0
241407,84640.0
242001,84640.0
242021,84640.0
242042,84640.0
242127,84640.0
242220,84640.0
242221,84640.0
242223,84640.0
242226,84640.0
242301,84640.0
242303,84640.0
242305,84640.0
242306,84640.0
242307,84640.0
242401,84640.0
242405,84640.0
242406,84640.0
242407,84640.0
243001,84640.0
243002,84640.0
243003,84640.0
243004,84640.0
243005,84640.0
243006,84640.0
243122,84640.0
243123,84640.0
243126,84640.0
243201,84640.0
243202,84640.0
243203,84640.0
243301,84640.0
243302,84640.0
243303,84640.0
243401,84640.0
243402,84640.0
243403,84640.0
243407,84640.0
243501,84640.0
243502,84640.0
243503,84640.0
243504,84640.0
243505,84640.0
243506,84640.0
243601,84640.0
243630,84640.0
243631,84640.0
243632,84640.0
243633,84640.0
243634,84640.0
243635,84640.0
243636,84640.0
243637,84640.0
243638,84640.0
243639,84640.0
243641,84640.0
243720,84640.0
243722,84640.0
243723,84640.0
243724,84640.0
243725,84640.0
243726,84640.0
243727,84640.0
243751,84640.0
244001,84640.0
244102,84640.0
244103,84640.0
244104,84640.0
244221,84640.0
244222,84640.0
244223,84640.0
244225,84640.0
244231,84640.0
244235,84640.0
244236,84640.0
244241,84640.0
244242,84640.0
244245,84640.0
244251,84640.0
244255,84640.0
244301,84640.0
244302,84640.0
244303,84640.0
244304,84640.0
244401,84640.0
244402,84640.0
244410,84640.0
244411,84640.0
244412,84640.0
244413,84640.0
244414,84640.0
244415,84640.0
244501,84640.0
244504,84640.0
244601,84640.0
244602,84640.0
244701,84640.0
244901,84640.0
244921,84640.0
244922,84640.0
244923,84640.0
244924,84640.0
244925,84640.0
244926,84640.0
244927,84640.0
244928,84640.0
245101,84640.0
245201,84640.0
245205,84640.0
245206,84640.0
245207,84640.0
245208,84640.0
245301,84640.0
245304,84640.0
246439,219850.0
246488,219850.0
246701,84640.0
246721,84640.0
246722,84640.0
246723,84640.0
246724,84640.0
246725,84640.0
246726,84640.0
246727,84640.0
246728,84640.0
246729,84640.0
246731,84640.0
246732,84640.0
246733,84640.0
246734,84640.0
246735,84640.0
246736,84640.0
246745,84640.0
246746,84640.0
246747,84640.0
246749,84640.0
246761,84640.0
246762,84640.0
246763,84640.0
246764,84640.0
247001,84640.0
247002,84640.0
247120,84640.0
247121,84640.0
247122,84640.0
247129,84640.0
247231,84640.0
247232,84640.0
247340,84640.0
247341,84640.0
247342,84640.0
247343,84640.0
247451,84640.0
247452,84640.0
247453,84640.0
247551,84640.0
247554,84640.0
247662,84640.0
247669,84640.0
247771,84640.0
247772,84640.0
247773,84640.0
247774,84640.0
247775,84640.0
247776,84640.0
247777,84640.0
247778,84640.0
248159,219850.0
249131,219850.0
249401,219850.0
250001,84640.0
250002,84640.0
250004,84640.0
250005,84640.0
250101,84640.0
250103,84640.0
250104,84640.0
250106,84640.0
250110,84640.0
250205,84640.0
250221,84640.0
250222,84640.0
250223,84640.0
250341,84640.0
250342,84640.0
250344,84640.0
250401,84640.0
250402,84640.0
250404,84640.0
250406,84640.0
250501,84640.0
250502,84640.0
250601,84640.0
251001,84640.0
251002,84640.0
251003,84640.0
251201,84640.0
251202,84640.0
251203,84640.0
251301,84640.0
251305,84640.0
251306,84640.0
251307,84640.0
251308,84640.0
251309,84640.0
251310,84640.0
251311,84640.0
251314,84640.0
251315,84640.0
251316,84640.0
251318,84640.0
251319,84640.0
251320,84640.0
251327,84640.0
261001,84640.0
261121,84640.0
261125,84640.0
261131,84640.0
261135,84640.0
261136,84640.0
261141,84640.0
261145,84640.0
261151,84640.0
261201,84640.0
261202,84640.0
261203,84640.0
261204,84640.0
261205,84640.0
261206,84640.0
261207,84640.0
261208,84640.0
261301,84640.0
261302,84640.0
261303,84640.0
261401,84640.0
261402,84640.0
261403,84640.0
261404,84640.0
261405,84640.0
261501,84640.0
261502,84640.0
261505,84640.0
261506,84640.0
262001,84640.0
262121,84640.0
262122,84640.0
262124,84640.0
262201,84640.0
262202,84640.0
262203,84640.0
262302,84640.0
262305,84640.0
262406,84640.0
262701,84640.0
262702,84640.0
262721,84640.0
262722,84640.0
262723,84640.0
262724,84640.0
262725,84640.0
262726,84640.0
262727,84640.0
262728,84640.0
262801,84640.0
262802,84640.0
262803,84640.0
262804,84640.0
262805,84640.0
262901,84640.0
262902,84640.0
262903,84640.0
262904,84640.0
262905,84640.0
262906,84640.0
262907,84640.0
262908,84640.0
263145,219850.0
271001,84640.0
271002,84640.0
271003,84640.0
271122,84640.0
271123,84640.0
271124,84640.0
271125,84640.0
271126,84640.0
271129,84640.0
271201,84640.0
271202,84640.0
271203,84640.0
271204,84640.0
271205,84640.0
271206,84640.0
271207,84640.0
271208,84640.0
271209,84640.0
271210,84640.0
271215,84640.0
271301,84640.0
271302,84640.0
271303,84640.0
271304,84640.0
271305,84640.0
271306,84640.0
271307,84640.0
271309,84640.0
271310,84640.0
271311,84640.0
271312,84640.0
271313,84640.0
271319,84640.0
271401,84640.0
271402,84640.0
271403,84640.0
271502,84640.0
271503,84640.0
271504,84640.0
271601,84640.0
271602,84640.0
271603,84640.0
271604,84640.0
271607,84640.0
271609,84640.0
271801,84640.0
271802,84640.0
271803,84640.0
271804,84640.0
271805,84640.0
271821,84640.0
271824,84640.0
271825,84640.0
271830,84640.0
271831,84640.0
271835,84640.0
271840,84640.0
271841,84640.0
271845,84640.0
271851,84640.0
271855,84640.0
271861,84640.0
271865,84640.0
271870,84640.0
271871,84640.0
271872,84640.0
271875,84640.0
271881,84640.0
271882,84640.0
271901,84640.0
271902,84640.0
271903,84640.0
271904,84640.0
272001,84640.0
272002,84640.0
272123,84640.0
272124,84640.0
272125,84640.0
272126,84640.0
272127,84640.0
272128,84640.0
272129,84640.0
272130,84640.0
272131,84640.0
272148,84640.0
272150,84640.0
272151,84640.0
272152,84640.0
272153,84640.0
272154,84640.0
272155,84640.0
272162,84640.0
272163,84640.0
272164,84640.0
272165,84640.0
272171,84640.0
272172,84640.0
272173,84640.0
272175,84640.0
272176,84640.0
272177,84640.0
272181,84640.0
272182,84640.0
272189,84640.0
272190,84640.0
272191,84640.0
272192,84640.0
272193,84640.0
272194,84640.0
272195,84640.0
272199,84640.0
272201,84640.0
272202,84640.0
272203,84640.0
272204,84640.0
272205,84640.0
272206,84640.0
272207,84640.0
272208,84640.0
272270,84640.0
272271,84640.0
272301,84640.0
272302,84640.0
273001,84640.0
273002,84640.0
273003,84640.0
273004,84640.0
273005,84640.0
273006,84640.0
273007,84640.0
273008,84640.0
273010,84640.0
273012,84640.0
273013,84640.0
273014,84640.0
273015,84640.0
273016,84640.0
273017,84640.0
273152,84640.0
273158,84640.0
273165,84640.0
273201,84640.0
273202,84640.0
273203,84640.0
273209,84640.0
273211,84640.0
273212,84640.0
273213,84640.0
273306,84640.0
273401,84640.0
273402,84640.0
273403,84640.0
273404,84640.0
273405,84640.0
273406,84640.0
273407,84640.0
273408,84640.0
273409,84640.0
273411,84640.0
273412,84640.0
273413,84640.0
274001,84640.0
274149,84640.0
274182,84640.0
274201,84640.0
274202,84640.0
274203,84640.0
274204,84640.0
274205,84640.0
274206,84640.0
274207,84640.0
274208,84640.0
274301,84640.0
274302,84640.0
274303,84640.0
274304,84640.0
274305,84640.0
274306,84640.0
274401,84640.0
274402,84640.0
274403,84640.0
274404,84640.0
274405,84640.0
274406,84640.0
274407,84640.0
274408,84640.0
274409,84640.0
274501,84640.0
274502,84640.0
274505,84640.0
274506,84640.0
274508,84640.0
274509,84640.0
274601,84640.0
274602,84640.0
274603,84640.0
274604,84640.0
274701,84640.0
274702,84640.0
274703,84640.0
274704,84640.0
274705,84640.0
274801,84640.0
274802,84640.0
274807,84640.0
274808,84640.0
275101,84640.0
275102,84640.0
275103,84640.0
275105,84640.0
275201,84640.0
275202,84640.0
275203,84640.0
275204,84640.0
275205,84640.0
275301,84640.0
275302,84640.0
275303,84640.0
275304,84640.0
275305,84640.0
275306,84640.0
275307,84640.0
276001,84640.0
276121,84640.0
276122,84640.0
276123,84640.0
276124,84640.0
276125,84640.0
276126,84640.0
276127,84640.0
276128,84640.0
276129,84640.0
276131,84640.0
276135,84640.0
276136,84640.0
276137,84640.0
276138,84640.0
276139,84640.0
276140,84640.0
276141,84640.0
276142,84640.0
276143,84640.0
276201,84640.0
276202,84640.0
276203,84640.0
276204,84640.0
276205,84640.0
276206,84640.0
276207,84640.0
276208,84640.0
276288,84640.0
276301,84640.0
276302,84640.0
276303,84640.0
276304,84640.0
276305,84640.0
276306,84640.0
276402,84640.0
276403,84640.0
276404,84640.0
276405,84640.0
276406,84640.0
277001,84640.0
277121,84640.0
277123,84640.0
277124,84640.0
277201,84640.0
277202,84640.0
277203,84640.0
277204,84640.0
277205,84640.0
277207,84640.0
277208,84640.0
277209,84640.0
277210,84640.0
277211,84640.0
277213,84640.0
277214,84640.0
277216,84640.0
277219,84640.0
277301,84640.0
277302,84640.0
277303,84640.0
277304,84640.0
277401,84640.0
277402,84640.0
277403,84640.0
277501,84640.0
277502,84640.0
277503,84640.0
277504,84640.0
277506,84640.0
281001,84640.0
281003,84640.0
281004,84640.0
281005,84640.0
281006,84640.0
281121,84640.0
281122,84640.0
281123,84640.0
281201,84640.0
281202,84640.0
281203,84640.0
281204,84640.0
281205,84640.0
281206,84640.0
281301,84640.0
281302,84640.0
281303,84640.0
281305,84640.0
281308,84640.0
281401,84640.0
281403,84640.0
281404,84640.0
281405,84640.0
281406,84640.0
281501,84640.0
281502,84640.0
281504,84640.0
282001,84640.0
282002,84640.0
282003,84640.0
282004,84640.0
282005,84640.0
282006,84640.0
282007,84640.0
282008,84640.0
282009,84640.0
282010,84640.0
283101,84640.0
283102,84640.0
283103,84640.0
283104,84640.0
283105,84640.0
283110,84640.0
283111,84640.0
283112,84640.0
283113,84640.0
283114,84640.0
283115,84640.0
283119,84640.0
283121,84640.0
283122,84640.0
283123,84640.0
283124,84640.0
283125,84640.0
283126,84640.0
283130,84640.0
283135,84640.0
283136,84640.0
283141,84640.0
283142,84640.0
283145,84640.0
283151,84640.0
283152,84640.0
283201,84640.0
283202,84640.0
283203,84640.0
283204,84640.0
283205,84640.0
283206,84640.0
283207,84640.0
284001,84640.0
284002,84640.0
284003,84640.0
284120,84640.0
284121,84640.0
284122,84640.0
284123,84640.0
284124,84640.0
284125,84640.0
284126,84640.0
284127,84640.0
284128,84640.0
284135,84640.0
284136,84640.0
284201,84640.0
284202,84640.0
284203,84640.0
284204,84640.0
284205,84640.0
284206,84640.0
284301,84640.0
284302,84640.0
284303,84640.0
284304,84640.0
284305,84640.0
284306,84640.0
284401,84640.0
284402,84640.0
284403,84640.0
284404,84640.0
284405,84640.0
284406,84640.0
284419,84640.0
284501,84640.0
285001,84640.0
285121,84640.0
285122,84640.0
285123,84640.0
285124,84640.0
285125,84640.0
285126,84640.0
285127,84640.0
285128,84640.0
285129,84640.0
285130,84640.0
285201,84640.0
285202,84640.0
285203,84640.0
285204,84640.0
285205,84640.0
285206,84640.0
285223,84640.0
301001,150020.0
301018,150020.0
301019,150020.0
301020,150020.0
301021,150020.0
301022,150020.0
301023,150020.0
301024,150020.0
301025,150020.0
301026,150020.0
301027,150020.0
301028,150020.0
301030,150020.0
301035,150020.0
301401,150020.0
301402,150020.0
301403,150020.0
301404,150020.0
301405,150020.0
301406,150020.0
301407,150020.0
301408,150020.0
301409,150020.0
301410,150020.0
301411,150020.0
301412,150020.0
301413,150020.0
301414,150020.0
301415,150020.0
301416,150020.0
301427,150020.0
301604,150020.0
301701,150020.0
301702,150020.0
301703,150020.0
301704,150020.0
301705,150020.0
301706,150020.0
301707,150020.0
301708,150020.0
301709,150020.0
301713,150020.0
301714,150020.0
302001,150020.0
302002,150020.0
302003,150020.0
302004,150020.0
302005,150020.0
302006,150020.0
302012,150020.0
302013,150020.0
302015,150020.0
302016,150020.0
302017,150020.0
302018,150020.0
302019,150020.0
302020,150020.0
302021,150020.0
302022,150020.0
302026,150020.0
302027,150020.0
302028,150020.0
302029,150020.0
302031,150020.0
302033,150020.0
302034,150020.0
302037,150020.0
302039,150020.0
303001,150020.0
303002,150020.0
303003,150020.0
303004,150020.0
303005,150020.0
303006,150020.0
303007,150020.0
303008,150020.0
303009,150020.0
303012,150020.0
303102,150020.0
303103,150020.0
303104,150020.0
303105,150020.0
303106,150020.0
303107,150020.0
303108,150020.0
303109,150020.0
303110,150020.0
303119,150020.0
303120,150020.0
303122,150020.0
303301,150020.0
303302,150020.0
303303,150020.0
303304,150020.0
303305,150020.0
303313,150020.0
303315,150020.0
303323,150020.0
303325,150020.0
303326,150020.0
303327,150020.0
303328,150020.0
303338,150020.0
303348,150020.0
303501,150020.0
303502,150020.0
303503,150020.0
303504,150020.0
303505,150020.0
303506,150020.0
303507,150020.0
303508,150020.0
303509,150020.0
303510,150020.0
303511,150020.0
303601,150020.0
303602,150020.0
303603,150020.0
303604,150020.0
303701,150020.0
303702,150020.0
303704,150020.0
303706,150020.0
303712,150020.0
303801,150020.0
303803,150020.0
303804,150020.0
303805,150020.0
303806,150020.0
303807,150020.0
303901,150020.0
303903,150020.0
303904,150020.0
303905,150020.0
303908,150020.0
304001,150020.0
304021,150020.0
304022,150020.0
304023,150020.0
304024,150020.0
304025,150020.0
304501,150020.0
304502,150020.0
304503,150020.0
304504,150020.0
304505,150020.0
304507,150020.0
304801,150020.0
304802,150020.0
304803,150020.0
304804,150020.0
305001,150020.0
305002,150020.0
305003,150020.0
305004,150020.0
305005,150020.0
305007,150020.0
305012,150020.0
305021,150020.0
305022,150020.0
305023,150020.0
305024,150020.0
305025,150020.0
305026,150020.0
305201,150020.0
305202,150020.0
305203,150020.0
305204,150020.0
305205,150020.0
305206,150020.0
305207,150020.0
305401,150020.0
305402,150020.0
305403,150020.0
305404,150020.0
305405,150020.0
305406,150020.0
305407,150020.0
305408,150020.0
305412,150020.0
305415,150020.0
305601,150020.0
305621,150020.0
305622,150020.0
305623,150020.0
305624,150020.0
305625,150020.0
305627,150020.0
305628,150020.0
305629,150020.0
305630,150020.0
305801,150020.0
305802,150020.0
305811,150020.0
305812,150020.0
305813,150020.0
305814,150020.0
305815,150020.0
305816,150020.0
305817,150020.0
305819,150020.0
305901,150020.0
305921,150020.0
305922,150020.0
305923,150020.0
305924,150020.0
305925,150020.0
305926,150020.0
305927,150020.0
306001,150020.0
306021,150020.0
306022,150020.0
306023,150020.0
306101,150020.0
306102,150020.0
306103,150020.0
306104,150020.0
306105,150020.0
306114,150020.0
306115,150020.0
306116,150020.0
306119,150020.0
306126,150020.0
306301,150020.0
306302,150020.0
306303,150020.0
306304,150020.0
306305,150020.0
306306,150020.0
306307,150020.0
306308,150020.0
306401,150020.0
306421,150020.0
306422,150020.0
306501,150020.0
306502,150020.0
306503,150020.0
306504,150020.0
306601,150020.0
306602,150020.0
306603,150020.0
306701,150020.0
306702,150020.0
306703,150020.0
306704,150020.0
306705,150020.0
306706,150020.0
306707,150020.0
306708,150020.0
306709,150020.0
306901,150020.0
306902,150020.0
306912,150020.0
307001,150020.0
307019,150020.0
307022,150020.0
307023,150020.0
307024,150020.0
307025,150020.0
307026,150020.0
307027,150020.0
307028,150020.0
307029,150020.0
307030,150020.0
307031,150020.0
307043,150020.0
307501,150020.0
307510,150020.0
307511,150020.0
307512,150020.0
307513,150020.0
307514,150020.0
307515,150020.0
307801,150020.0
307802,150020.0
307803,150020.0
311001,150020.0
311011,150020.0
311021,150020.0
311022,150020.0
311023,150020.0
311024,150020.0
311025,150020.0
311026,150020.0
311030,150020.0
311201,150020.0
311202,150020.0
311203,150020.0
311204,150020.0
311301,150020.0
311302,150020.0
311401,150020.0
311402,150020.0
311403,150020.0
311404,150020.0
311407,150020.0
311408,150020.0
311601,150020.0
311602,150020.0
311603,150020.0
311604,150020.0
311605,150020.0
311801,150020.0
311802,150020.0
311803,150020.0
311804,150020.0
311805,150020.0
311806,150020.0
313001,150020.0
313002,150020.0
313003,150020.0
313004,150020.0
313011,150020.0
313022,150020.0
313024,150020.0
313026,150020.0
313027,150020.0
313031,150020.0
313038,150020.0
313201,150020.0
313202,150020.0
313203,150020.0
313204,150020.0
313205,150020.0
313206,150020.0
313207,150020.0
313211,150020.0
313301,150020.0
313321,150020.0
313322,150020.0
313323,150020.0
313324,150020.0
313325,150020.0
313327,150020.0
313328,150020.0
313329,150020.0
313330,150020.0
313331,150020.0
313332,150020.0
313333,150020.0
313334,150020.0
313341,150020.0
313342,150020.0
313601,150020.0
313602,150020.0
313603,150020.0
313604,150020.0
313701,150020.0
313702,150020.0
313703,150020.0
313704,150020.0
313705,150020.0
313706,150020.0
313708,150020.0
313801,150020.0
313802,150020.0
313803,150020.0
313804,150020.0
313901,150020.0
313902,150020.0
313903,150020.0
313904,150020.0
313905,150020.0
313906,150020.0
314001,150020.0
314011,150020.0
314021,150020.0
314022,150020.0
314023,150020.0
314024,150020.0
314025,150020.0
314026,150020.0
314027,150020.0
314028,150020.0
314029,150020.0
314030,150020.0
314031,150020.0
314032,150020.0
314034,150020.0
314035,150020.0
314036,150020.0
314037,150020.0
314038,150020.0
314401,150020.0
314402,150020.0
314403,150020.0
314404,150020.0
314406,150020.0
314801,150020.0
314804,150020.0
321001,150020.0
321021,150020.0
321022,150020.0
321023,150020.0
321024,150020.0
321025,150020.0
321026,150020.0
321028,150020.0
321201,150020.0
321202,150020.0
321203,150020.0
321204,150020.0
321205,150020.0
321206,150020.0
321301,150020.0
321302,150020.0
321303,150020.0
321401,150020.0
321402,150020.0
321403,150020.0
321404,150020.0
321405,150020.0
321406,150020.0
321407,150020.0
321408,150020.0
321409,150020.0
321410,150020.0
321411,150020.0
321601,150020.0
321602,150020.0
321605,150020.0
321606,150020.0
321607,150020.0
321608,150020.0
321609,150020.0
321610,150020.0
321611,150020.0
321612,150020.0
321613,150020.0
321614,150020.0
321615,150020.0
321633,150020.0
321642,150020.0
322001,150020.0
322023,150020.0
322024,150020.0
322025,150020.0
322026,150020.0
322027,150020.0
322028,150020.0
322029,150020.0
322030,150020.0
322033,150020.0
322034,150020.0
322201,150020.0
322202,150020.0
322203,150020.0
322204,150020.0
322205,150020.0
322211,150020.0
322212,150020.0
322213,150020.0
322214,150020.0
322215,150020.0
322216,150020.0
322218,150020.0
322219,150020.0
322220,150020.0
322230,150020.0
322234,150020.0
322236,150020.0
322238,150020.0
322240,150020.0
322241,150020.0
322242,150020.0
322243,150020.0
322249,150020.0
322251,150020.0
322252,150020.0
322254,150020.0
322255,150020.0
322701,150020.0
322702,150020.0
322703,150020.0
322704,150020.0
323001,150020.0
323021,150020.0
323022,150020.0
323023,150020.0
323024,150020.0
323025,150020.0
323301,150020.0
323601,150020.0
323602,150020.0
323603,150020.0
323613,150020.0
323614,150020.0
323615,150020.0
323616,150020.0
323801,150020.0
323802,150020.0
323803,150020.0
324001,150020.0
324002,150020.0
324003,150020.0
324004,150020.0
324005,150020.0
324006,150020.0
324007,150020.0
324008,150020.0
324009,150020.0
324010,150020.0
325001,150020.0
325003,150020.0
325004,150020.0
325009,150020.0
325201,150020.0
325202,150020.0
325203,150020.0
325204,150020.0
325205,150020.0
325206,150020.0
325207,150020.0
325208,150020.0
325209,150020.0
325214,150020.0
325215,150020.0
325216,150020.0
325217,150020.0
325218,150020.0
325219,150020.0
325220,150020.0
325221,150020.0
325222,150020.0
325223,150020.0
325601,150020.0
325602,150020.0
326001,150020.0
326021,150020.0
326022,150020.0
326023,150020.0
326033,150020.0
326034,150020.0
326035,150020.0
326036,150020.0
326037,150020.0
326038,150020.0
326039,150020.0
326501,150020.0
326502,150020.0
326512,150020.0
326513,150020.0
326514,150020.0
326515,150020.0
326516,150020.0
326517,150020.0
326518,150020.0
326519,150020.0
326520,150020.0
326529,150020.0
326530,150020.0
327001,150020.0
327021,150020.0
327022,150020.0
327023,150020.0
327024,150020.0
327025,150020.0
327026,150020.0
327027,150020.0
327031,150020.0
327032,150020.0
327034,150020.0
327601,150020.0
327602,150020.0
327603,150020.0
327604,150020.0
327605,150020.0
327606,150020.0
327801,150020.0
328001,150020.0
328021,150020.0
328022,150020.0
328023,150020.0
328024,150020.0
328025,150020.0
328026,150020.0
328027,150020.0
328028,150020.0
328029,150020.0
328030,150020.0
328031,150020.0
328041,150020.0
331001,150020.0
331021,150020.0
331022,150020.0
331023,150020.0
331024,150020.0
331029,150020.0
331031,150020.0
331301,150020.0
331302,150020.0
331303,150020.0
331304,150020.0
331305,150020.0
331402,150020.0
331403,150020.0
331411,150020.0
331501,150020.0
331502,150020.0
331503,150020.0
331504,150020.0
331505,150020.0
331506,150020.0
331507,150020.0
331517,150020.0
331518,150020.0
331701,150020.0
331801,150020.0
331802,150020.0
331803,150020.0
331811,150020.0
332001,150020.0
332002,150020.0
332021,150020.0
332023,150020.0
332024,150020.0
332025,150020.0
332026,150020.0
332027,150020.0
332028,150020.0
332029,150020.0
332030,150020.0
332031,150020.0
332041,150020.0
332042,150020.0
332301,150020.0
332302,150020.0
332303,150020.0
332304,150020.0
332305,150020.0
332307,150020.0
332311,150020.0
332312,150020.0
332315,150020.0
332316,150020.0
332317,150020.0
332318,150020.0
332401,150020.0
332402,150020.0
332403,150020.0
332404,150020.0
332405,150020.0
332406,150020.0
332411,150020.0
332601,150020.0
332602,150020.0
332603,150020.0
332701,150020.0
332702,150020.0
332703,150020.0
332705,150020.0
332706,150020.0
332707,150020.0
332708,150020.0
332709,150020.0
332710,150020.0
332711,150020.0
332712,150020.0
332713,150020.0
332714,150020.0
332715,150020.0
332718,150020.0
332719,150020.0
332721,150020.0
332722,150020.0
332742,150020.0
332746,150020.0
333001,150020.0
333029,150020.0
333036,150020.0
334001,150020.0
334003,150020.0
334004,150020.0
334006,150020.0
334021,150020.0
334022,150020.0
334023,150020.0
334201,150020.0
334202,150020.0
334302,150020.0
334303,150020.0
334305,150020.0
334401,150020.0
334402,150020.0
334403,150020.0
334601,150020.0
334602,150020.0
334603,150020.0
334604,150020.0
334801,150020.0
334802,150020.0
334803,150020.0
334804,150020.0
334808,150020.0
335001,150020.0
335002,150020.0
335021,150020.0
335022,150020.0
335024,150020.0
335025,150020.0
335027,150020.0
335037,150020.0
335038,150020.0
335039,150020.0
335040,150020.0
335041,150020.0
335051,150020.0
335061,150020.0
335062,150020.0
335063,150020.0
335064,150020.0
335065,150020.0
335073,150020.0
335501,150020.0
335502,150020.0
335503,150020.0
335504,150020.0
335511,150020.0
335512,150020.0
335513,150020.0
335523,150020.0
335524,150020.0
335525,150020.0
335526,150020.0
335701,150020.0
335702,150020.0
335703,150020.0
335704,150020.0
335707,150020.0
335711,150020.0
335801,150020.0
335802,150020.0
335803,150020.0
335804,150020.0
335805,150020.0
335901,150020.0
341001,150020.0
341021,150020.0
341022,150020.0
341023,150020.0
341024,150020.0
341025,150020.0
341026,150020.0
341027,150020.0
341028,150020.0
341029,150020.0
341030,150020.0
341031,150020.0
341301,150020.0
341302,150020.0
341303,150020.0
341304,150020.0
341305,150020.0
341306,150020.0
341316,150020.0
341317,150020.0
341318,150020.0
341319,150020.0
341501,150020.0
341502,150020.0
341503,150020.0
341504,150020.0
341505,150020.0
341506,150020.0
341507,150020.0
341508,150020.0
341509,150020.0
341510,150020.0
341511,150020.0
341512,150020.0
341513,150020.0
341514,150020.0
341515,150020.0
341516,150020.0
341517,150020.0
341518,150020.0
341519,150020.0
341520,150020.0
341533,150020.0
341551,150020.0
342001,150020.0
342003,150020.0
342005,150020.0
342006,150020.0
342007,150020.0
342008,150020.0
342011,150020.0
342012,150020.0
342013,150020.0
342014,150020.0
342015,150020.0
342021,150020.0
342022,150020.0
342023,150020.0
342024,150020.0
342025,150020.0
342026,150020.0
342027,150020.0
342028,150020.0
342037,150020.0
342301,150020.0
342302,150020.0
342303,150020.0
342304,150020.0
342305,150020.0
342306,150020.0
342307,150020.0
342308,150020.0
342309,150020.0
342310,150020.0
342311,150020.0
342312,150020.0
342314,150020.0
342601,150020.0
342602,150020.0
342603,150020.0
342604,150020.0
342605,150020.0
342606,150020.0
342801,150020.0
342802,150020.0
342901,150020.0
342902,150020.0
343001,150020.0
343002,150020.0
343021,150020.0
343022,150020.0
343023,150020.0
343024,150020.0
343025,150020.0
343027,150020.0
343028,150020.0
343029,150020.0
343030,150020.0
343032,150020.0
343039,150020.0
343040,150020.0
343041,150020.0
343042,150020.0
343048,150020.0
343049,150020.0
344001,150020.0
344011,150020.0
344012,150020.0
344021,150020.0
344022,150020.0
344024,150020.0
344025,150020.0
344026,150020.0
344027,150020.0
344031,150020.0
344032,150020.0
344033,150020.0
344034,150020.0
344035,150020.0
344037,150020.0
344043,150020.0
344044,150020.0
344501,150020.0
344502,150020.0
344701,150020.0
344702,150020.0
344703,150020.0
344704,150020.0
344705,150020.0
344706,150020.0
344708,150020.0
344801,150020.0
345001,150020.0
345021,150020.0
345022,150020.0
345023,150020.0
345024,150020.0
345025,150020.0
345026,150020.0
345027,150020.0
345028,150020.0
345031,150020.0
345033,150020.0
345034,150020.0
360001,272451.0
360002,272451.0
360003,272451.0
360004,272451.0
360005,272451.0
360006,272451.0
360007,272451.0
360020,272451.0
360021,272451.0
360022,272451.0
360023,272451.0
360024,272451.0
360025,272451.0
360030,272451.0
360035,272451.0
360040,272451.0
360050,272451.0
360055,272451.0
360060,272451.0
360070,272451.0
360110,272451.0
360311,272451.0
360320,272451.0
360330,272451.0
360360,272451.0
360370,272451.0
360375,272451.0
360380,272451.0
360405,272451.0
360410,272451.0
360421,272451.0
360430,272451.0
360440,272451.0
360450,272451.0
360452,272451.0
360460,272451.0
360470,272451.0
360480,272451.0
360490,272451.0
360510,272451.0
360515,272451.0
360520,272451.0
360530,272451.0
360531,272451.0
360540,272451.0
360545,272451.0
360550,272451.0
360570,272451.0
360575,272451.0
360576,272451.0
360579,272451.0
360590,272451.0
361001,272451.0
361002,272451.0
361003,272451.0
361004,272451.0
361005,272451.0
361006,272451.0
361007,272451.0
361008,272451.0
361010,272451.0
361011,272451.0
361012,272451.0
361013,272451.0
361110,272451.0
361120,272451.0
361130,272451.0
361140,272451.0
361142,272451.0
361150,272451.0
361160,272451.0
361162,272451.0
361170,272451.0
361210,272451.0
361220,272451.0
361230,272451.0
361240,272451.0
361250,272451.0
361280,272451.0
361305,272451.0
361306,272451.0
361310,272451.0
361315,272451.0
361320,272451.0
361325,272451.0
361330,272451.0
361335,272451.0
361345,272451.0
361347,272451.0
361350,272451.0
362001,272451.0
362002,272451.0
362011,272451.0
362015,272451.0
362020,272451.0
362030,272451.0
362037,272451.0
362110,272451.0
362120,272451.0
362130,272451.0
362135,272451.0
362140,272451.0
362150,272451.0
362205,272451.0
362215,272451.0
362220,272451.0
362222,272451.0
362225,272451.0
362226,272451.0
362227,272451.0
362230,272451.0
362240,272451.0
362245,272451.0
362250,272451.0
362255,272451.0
362260,272451.0
362263,272451.0
362265,272451.0
362268,272451.0
362275,272451.0
362310,272451.0
362315,272451.0
362510,272451.0
362530,272451.0
362550,272451.0
362560,272451.0
362565,272451.0
362610,272451.0
362620,272451.0
362625,272451.0
362630,272451.0
362640,272451.0
362650,272451.0
362710,272451.0
362715,272451.0
362720,272451.0
363621,272451.0
363630,272451.0
363641,272451.0
363642,272451.0
363650,272451.0
363655,272451.0
363660,272451.0
363670,272451.0
364001,272451.0
364002,272451.0
364003,272451.0
364004,272451.0
364005,272451.0
364006,272451.0
364050,272451.0
364060,272451.0
364070,272451.0
364081,272451.0
364110,272451.0
364120,272451.0
364130,272451.0
364135,272451.0
364140,272451.0
364145,272451.0
364150,272451.0
364210,272451.0
364230,272451.0
364240,272451.0
364250,272451.0
364260,272451.0
364265,272451.0
364270,272451.0
364275,272451.0
364280,272451.0
364290,272451.0
364295,272451.0
364310,272451.0
364313,272451.0
364320,272451.0
364330,272451.0
364505,272451.0
364510,272451.0
364515,272451.0
364521,272451.0
364522,272451.0
364525,272451.0
364530,272451.0
364710,272451.0
364720,272451.0
364730,272451.0
364740,272451.0
364750,272451.0
364760,272451.0
364765,272451.0
365220,272451.0
365410,272451.0
365421,272451.0
365430,272451.0
365435,272451.0
365440,272451.0
365450,272451.0
365455,272451.0
365456,272451.0
365460,272451.0
365480,272451.0
365535,272451.0
365540,272451.0
365541,272451.0
365550,272451.0
365555,272451.0
365560,272451.0
365601,272451.0
365610,272451.0
365620,272451.0
365630,272451.0
365635,272451.0
365640,272451.0
365645,272451.0
365650,272451.0
370001,272451.0
370015,272451.0
370020,272451.0
370030,272451.0
370040,272451.0
370105,272451.0
370110,272451.0
370115,272451.0
370130,272451.0
370135,272451.0
370140,272451.0
370145,272451.0
370150,272451.0
370155,272451.0
370160,272451.0
370165,272451.0
370201,272451.0
370203,272451.0
370205,272451.0
370210,272451.0
370230,272451.0
370240,272451.0
370405,272451.0
370410,272451.0
370415,272451.0
370421,272451.0
370425,272451.0
370427,272451.0
370430,272451.0
370435,272451.0
370445,272451.0
370450,272451.0
370455,272451.0
370460,272451.0
370465,272451.0
370475,272451.0
370485,272451.0
370490,272451.0
370510,272451.0
370601,272451.0
370605,272451.0
370610,272451.0
370615,272451.0
370620,272451.0
370625,272451.0
370627,272451.0
370630,272451.0
370645,272451.0
370650,272451.0
370655,272451.0
370660,272451.0
370665,272451.0
370670,272451.0
370675,272451.0
382620,272451.0
383205,272451.0
383315,272451.0
384001,272451.0
384002,272451.0
384003,272451.0
384012,272451.0
384110,272451.0
384120,272451.0
384130,272451.0
384140,272451.0
384151,272451.0
384160,272451.0
384170,272451.0
384220,272451.0
384221,272451.0
384225,272451.0
384229,272451.0
384230,272451.0
384240,272451.0
384241,272451.0
384245,272451.0
384246,272451.0
384255,272451.0
384260,272451.0
384265,272451.0
384272,272451.0
384275,272451.0
384285,272451.0
384290,272451.0
384305,272451.0
384310,272451.0
384315,272451.0
384320,272451.0
384325,272451.0
384330,272451.0
384335,272451.0
384340,272451.0
384345,272451.0
384355,272451.0
384360,272451.0
384410,272451.0
384421,272451.0
384430,272451.0
384435,272451.0
385340,272451.0
385350,272451.0
385360,272451.0
387001,272451.0
387002,272451.0
387110,272451.0
387115,272451.0
387120,272451.0
387130,272451.0
387210,272451.0
387220,272451.0
387230,272451.0
387240,272451.0
387305,272451.0
387310,272451.0
387315,272451.0
387320,272451.0
387325,272451.0
387330,272451.0
387335,272451.0
387340,272451.0
387345,272451.0
387350,272451.0
387355,272451.0
387360,272451.0
387365,272451.0
387370,272451.0
387375,272451.0
387380,272451.0
387411,272451.0
387430,272451.0
387510,272451.0
387520,272451.0
387530,272451.0
387540,272451.0
387550,272451.0
387560,272451.0
387570,272451.0
387610,272451.0
387620,272451.0
387630,272451.0
387635,272451.0
387640,272451.0
387650,272451.0
387710,272451.0
388001,272451.0
388110,272451.0
388120,272451.0
388130,272451.0
388140,272451.0
388150,272451.0
388160,272451.0
388170,272451.0
388180,272451.0
388205,272451.0
388210,272451.0
388215,272451.0
388220,272451.0
388225,272451.0
388230,272451.0
388235,272451.0
388239,272451.0
388245,272451.0
388250,272451.0
388255,272451.0
388260,272451.0
388265,272451.0
388270,272451.0
388305,272451.0
388306,272451.0
388307,272451.0
388310,272451.0
388315,272451.0
388320,272451.0
388325,272451.0
388330,272451.0
388335,272451.0
388340,272451.0
388345,272451.0
388350,272451.0
388355,272451.0
388360,272451.0
388365,272451.0
388370,272451.0
388410,272451.0
388421,272451.0
388430,272451.0
388440,272451.0
388450,272451.0
388460,272451.0
388465,272451.0
388470,272451.0
388480,272451.0
388510,272451.0
388520,272451.0
388530,272451.0
388540,272451.0
388543,272451.0
388545,272451.0
388550,272451.0
388560,272451.0
388570,272451.0
388580,272451.0
388590,272451.0
388610,272451.0
388620,272451.0
388625,272451.0
388630,272451.0
388640,272451.0
388710,272451.0
388713,272451.0
389001,272451.0
389002,272451.0
389110,272451.0
389115,272451.0
389120,272451.0
389175,272451.0
389210,272451.0
389220,272451.0
389230,272451.0
389232,272451.0
389235,272451.0
389250,272451.0
389260,272451.0
389265,272451.0
389310,272451.0
389320,272451.0
389330,272451.0
389340,272451.0
389341,272451.0
389350,272451.0
389360,272451.0
389365,272451.0
389370,272451.0
389390,272451.0
390001,272451.0
390002,272451.0
390003,272451.0
390004,272451.0
390006,272451.0
390007,272451.0
390009,272451.0
390010,272451.0
390011,272451.0
390012,272451.0
390013,272451.0
390014,272451.0
390016,272451.0
390017,272451.0
390018,272451.0
390019,272451.0
390020,272451.0
390021,272451.0
390022,272451.0
390023,272451.0
390024,272451.0
390025,272451.0
391101,272451.0
391105,272451.0
391107,272451.0
391110,272451.0
391115,272451.0
391120,272451.0
391125,272451.0
391130,272451.0
391135,272451.0
391140,272451.0
391145,272451.0
391150,272451.0
391152,272451.0
391156,272451.0
391160,272451.0
391165,272451.0
391168,272451.0
391170,272451.0
391210,272451.0
391220,272451.0
391240,272451.0
391243,272451.0
391244,272451.0
391250,272451.0
391310,272451.0
391320,272451.0
391330,272451.0
391340,272451.0
391345,272451.0
391350,272451.0
391410,272451.0
391421,272451.0
391430,272451.0
391440,272451.0
391445,272451.0
391450,272451.0
391510,272451.0
391520,272451.0
391530,272451.0
391740,272451.0
391745,272451.0
391750,272451.0
391760,272451.0
391761,272451.0
391770,272451.0
391774,272451.0
391775,272451.0
391780,272451.0
391810,272451.0
392001,272451.0
392011,272451.0
392012,272451.0
392015,272451.0
392020,272451.0
392025,272451.0
392030,272451.0
392035,272451.0
392040,272451.0
392110,272451.0
392130,272451.0
392135,272451.0
392140,272451.0
392150,272451.0
392155,272451.0
392160,272451.0
392165,272451.0
392170,272451.0
392180,272451.0
392210,272451.0
392215,272451.0
392220,272451.0
392230,272451.0
392240,272451.0
393001,272451.0
393002,272451.0
393010,272451.0
393017,272451.0
393020,272451.0
393025,272451.0
393030,272451.0
393040,272451.0
393041,272451.0
393050,272451.0
393105,272451.0
393110,272451.0
393115,272451.0
393120,272451.0
393125,272451.0
393130,272451.0
393135,272451.0
393140,272451.0
393145,272451.0
393150,272451.0
393151,272451.0
394101,272451.0
394105,272451.0
394107,272451.0
394110,272451.0
394115,272451.0
394120,272451.0
394125,272451.0
394130,272451.0
394140,272451.0
394150,272451.0
394155,272451.0
394160,272451.0
394163,272451.0
394170,272451.0
394180,272451.0
394185,272451.0
394190,272451.0
394210,272451.0
394221,272451.0
394230,272451.0
394235,272451.0
394240,272451.0
394246,272451.0
394248,272451.0
394250,272451.0
394270,272451.0
394305,272451.0
394310,272451.0
394315,272451.0
394317,272451.0
394320,272451.0
394325,272451.0
394327,272451.0
394330,272451.0
394335,272451.0
394340,272451.0
394345,272451.0
394350,272451.0
394352,272451.0
394355,272451.0
394370,272451.0
394375,272451.0
394380,272451.0
394405,272451.0
394410,272451.0
394421,272451.0
394430,272451.0
394440,272451.0
394445,272451.0
394510,272451.0
394515,272451.0
394516,272451.0
394517,272451.0
394518,272451.0
394520,272451.0
394530,272451.0
394540,272451.0
394550,272451.0
394601,272451.0
394620,272451.0
394630,272451.0
394635,272451.0
394640,272451.0
394650,272451.0
394651,272451.0
394655,272451.0
394660,272451.0
394670,272451.0
394680,272451.0
394690,272451.0
394710,272451.0
394715,272451.0
394716,272451.0
394720,272451.0
394730,272451.0
394810,272451.0
395001,272451.0
395002,272451.0
395003,272451.0
395004,272451.0
395005,272451.0
395006,272451.0
395007,272451.0
395008,272451.0
395009,272451.0
395010,272451.0
395011,272451.0
395012,272451.0
395013,272451.0
395017,272451.0
395023,272451.0
396001,272451.0
396002,272451.0
396007,272451.0
396020,272451.0
396030,272451.0
396035,272451.0
396040,272451.0
396045,272451.0
396050,272451.0
396051,272451.0
396055,272451.0
396060,272451.0
396065,272451.0
396105,272451.0
396110,272451.0
396115,272451.0
396120,272451.0
396125,272451.0
396126,272451.0
396130,272451.0
396135,272451.0
396140,272451.0
396145,272451.0
396150,272451.0
396155,272451.0
396165,272451.0
396170,272451.0
396171,272451.0
396180,272451.0
396185,272451.0
396191,272451.0
396193,272451.0
396195,272451.0
396235,272451.0
396310,272451.0
396321,272451.0
396325,272451.0
396350,272451.0
396360,272451.0
396370,272451.0
396375,272451.0
396380,272451.0
396385,272451.0
396403,272451.0
396406,272451.0
396409,272451.0
396412,272451.0
396415,272451.0
396418,272451.0
396421,272451.0
396427,272451.0
396430,272451.0
396433,272451.0
396436,272451.0
396439,272451.0
396445,272451.0
396450,272451.0
396460,272451.0
396463,272451.0
396466,272451.0
396469,272451.0
396472,272451.0
396475,272451.0
396510,272451.0
396521,272451.0
396530,272451.0
396540,272451.0
396560,272451.0
396570,272451.0
396580,272451.0
396590,272451.0
400001,252289.0
400005,252289.0
400006,252289.0
400010,252289.0
400013,252289.0
400018,252289.0
400021,252289.0
400027,252289.0
400028,252289.0
400049,252289.0
400050,252289.0
400051,252289.0
400053,252289.0
400054,252289.0
400059,252289.0
400060,252289.0
400063,252289.0
400068,252289.0
400070,252289.0
400071,252289.0
400074,252289.0
400080,252289.0
400086,252289.0
400087,252289.0
400097,252289.0
400601,252289.0
400602,252289.0
400603,252289.0
400604,252289.0
400605,252289.0
400606,252289.0
400607,252289.0
400608,252289.0
400610,252289.0
400612,252289.0
400614,252289.0
400615,252289.0
400701,252289.0
400702,252289.0
400703,252289.0
400706,252289.0
400708,252289.0
400709,252289.0
400710,252289.0
401101,252289.0
401102,252289.0
401103,252289.0
401105,252289.0
401106,252289.0
401107,252289.0
401201,252289.0
401202,252289.0
401203,252289.0
401204,252289.0
401206,252289.0
401207,252289.0
401208,252289.0
401209,252289.0
401301,252289.0
401302,252289.0
401303,252289.0
401304,252289.0
401305,252289.0
401401,252289.0
401402,252289.0
401403,252289.0
401404,252289.0
401405,252289.0
401501,252289.0
401502,252289.0
401503,252289.0
401504,252289.0
401506,252289.0
401601,252289.0
401602,252289.0
401603,252289.0
401604,252289.0
401605,252289.0
401606,252289.0
401607,252289.0
401701,252289.0
401702,252289.0
401703,252289.0
403001,532854.0
403002,532854.0
403004,532854.0
403005,532854.0
403006,532854.0
403101,532854.0
403102,532854.0
403103,532854.0
403104,532854.0
403105,532854.0
403106,532854.0
403107,532854.0
403108,532854.0
403109,532854.0
403110,532854.0
403114,532854.0
403115,532854.0
403201,532854.0
403202,532854.0
403203,532854.0
403204,532854.0
403206,532854.0
403401,532854.0
403402,532854.0
403403,532854.0
403404,532854.0
403406,532854.0
403409,532854.0
403410,532854.0
403501,532854.0
403502,532854.0
403503,532854.0
403504,532854.0
403505,532854.0
403506,532854.0
403507,532854.0
403508,532854.0
403509,532854.0
403510,532854.0
403511,532854.0
403512,532854.0
403513,532854.0
403515,532854.0
403516,532854.0
403517,532854.0
403521,532854.0
403523,532854.0
403524,532854.0
403526,532854.0
403527,532854.0
403529,532854.0
403530,532854.0
403601,532854.0
403602,532854.0
403701,532854.0
403702,532854.0
403703,532854.0
403704,532854.0
403705,532854.0
403706,532854.0
403707,532854.0
403708,532854.0
403709,532854.0
403710,532854.0
403711,532854.0
403712,532854.0
403713,532854.0
403714,532854.0
403715,532854.0
403716,532854.0
403717,532854.0
403718,532854.0
403719,532854.0
403720,532854.0
403721,532854.0
403722,532854.0
403723,532854.0
403724,532854.0
403725,532854.0
403726,532854.0
403728,532854.0
403731,532854.0
403801,532854.0
403802,532854.0
403803,532854.0
403804,532854.0
403806,532854.0
410102,252289.0
410206,252289.0
410208,252289.0
410210,252289.0
410221,252289.0
410301,252289.0
410302,252289.0
410401,252289.0
410402,252289.0
410403,252289.0
410405,252289.0
410406,252289.0
410501,252289.0
410502,252289.0
410503,252289.0
410504,252289.0
410505,252289.0
410506,252289.0
410507,252289.0
410508,252289.0
410509,252289.0
410510,252289.0
410511,252289.0
410512,252289.0
410513,252289.0
410515,252289.0
410516,252289.0
411001,252289.0
411002,252289.0
411003,252289.0
411004,252289.0
411005,252289.0
411006,252289.0
411007,252289.0
411008,252289.0
411009,252289.0
411011,252289.0
411012,252289.0
411013,252289.0
411014,252289.0
411015,252289.0
411016,252289.0
411017,252289.0
411018,252289.0
411019,252289.0
411020,252289.0
411021,252289.0
411022,252289.0
411023,252289.0
411024,252289.0
411025,252289.0
411026,252289.0
411027,252289.0
411028,252289.0
411030,252289.0
411031,252289.0
411032,252289.0
411033,252289.0
411034,252289.0
411035,252289.0
411036,252289.0
411037,252289.0
411038,252289.0
411039,252289.0
411040,252289.0
411041,252289.0
411042,252289.0
411043,252289.0
411044,252289.0
411045,252289.0
411046,252289.0
411047,252289.0
411048,252289.0
411051,252289.0
411052,252289.0
411057,252289.0
411058,252289.0
411060,252289.0
411061,252289.0
411062,252289.0
412101,252289.0
412102,252289.0
412103,252289.0
412104,252289.0
412105,252289.0
412106,252289.0
412107,252289.0
412108,252289.0
412109,252289.0
412110,252289.0
412112,252289.0
412115,252289.0
412201,252289.0
412202,252289.0
412203,252289.0
412204,252289.0
412205,252289.0
412206,252289.0
412207,252289.0
412208,252289.0
412209,252289.0
412210,252289.0
412211,252289.0
412212,252289.0
412213,252289.0
412214,252289.0
412215,252289.0
412216,252289.0
412218,252289.0
412219,252289.0
412220,252289.0
412301,252289.0
412303,252289.0
412304,252289.0
412305,252289.0
412306,252289.0
412307,252289.0
412308,252289.0
412311,252289.0
412312,252289.0
412401,252289.0
412402,252289.0
412403,252289.0
412404,252289.0
412405,252289.0
412406,252289.0
412408,252289.0
412409,252289.0
412410,252289.0
412411,252289.0
412412,252289.0
412801,252289.0
412802,252289.0
412803,252289.0
412804,252289.0
412805,252289.0
412806,252289.0
413001,252289.0
413002,252289.0
413003,252289.0
413004,252289.0
413005,252289.0
413006,252289.0
413008,252289.0
413101,252289.0
413102,252289.0
413103,252289.0
413104,252289.0
413105,252289.0
413106,252289.0
413107,252289.0
413108,252289.0
413109,252289.0
413110,252289.0
413111,252289.0
413112,252289.0
413113,252289.0
413114,252289.0
413115,252289.0
413116,252289.0
413118,252289.0
413120,252289.0
413130,252289.0
413132,252289.0
413133,252289.0
413202,252289.0
413203,252289.0
413206,252289.0
413208,252289.0
413209,252289.0
413210,252289.0
413211,252289.0
413212,252289.0
413213,252289.0
413214,252289.0
413215,252289.0
413216,252289.0
413217,252289.0
413218,252289.0
413219,252289.0
413220,252289.0
413221,252289.0
413222,252289.0
413223,252289.0
413224,252289.0
413226,252289.0
413227,252289.0
413228,252289.0
413248,252289.0
413250,252289.0
413251,252289.0
413252,252289.0
413253,252289.0
413255,252289.0
413301,252289.0
413302,252289.0
413303,252289.0
413304,252289.0
413305,252289.0
413306,252289.0
413307,252289.0
413308,252289.0
413309,252289.0
413310,252289.0
413314,252289.0
413315,252289.0
413317,252289.0
413319,252289.0
413322,252289.0
413324,252289.0
413401,252289.0
413402,252289.0
413403,252289.0
413404,252289.0
413405,252289.0
413406,252289.0
413409,252289.0
413410,252289.0
413411,252289.0
413412,252289.0
413501,252289.0
413502,252289.0
413503,252289.0
413504,252289.0
413505,252289.0
413506,252289.0
413507,252289.0
413508,252289.0
413509,252289.0
413510,252289.0
413511,252289.0
413512,252289.0
413513,252289.0
413514,252289.0
413515,252289.0
413516,252289.0
413517,252289.0
413518,252289.0
413519,252289.0
413520,252289.0
413521,252289.0
413522,252289.0
413523,252289.0
413524,252289.0
413525,252289.0
413526,252289.0
413527,252289.0
413528,252289.0
413529,252289.0
413530,252289.0
413531,252289.0
413532,252289.0
413534,252289.0
413544,252289.0
413581,252289.0
413582,252289.0
413601,252289.0
413602,252289.0
413603,252289.0
413604,252289.0
413605,252289.0
413606,252289.0
413607,252289.0
413608,252289.0
413623,252289.0
413624,252289.0
413801,252289.0
413802,252289.0
414001,252289.0
415001,252289.0
415002,252289.0
415003,252289.0
415004,252289.0
415010,252289.0
415011,252289.0
415012,252289.0
415013,252289.0
415014,252289.0
415015,252289.0
415019,252289.0
415020,252289.0
415021,252289.0
415022,252289.0
415023,252289.0
415101,252289.0
415102,252289.0
415103,252289.0
415104,252289.0
415105,252289.0
415106,252289.0
415107,252289.0
415108,252289.0
415109,252289.0
415110,252289.0
415111,252289.0
415112,252289.0
415114,252289.0
415115,252289.0
415116,252289.0
415122,252289.0
415124,252289.0
415202,252289.0
415203,252289.0
415205,252289.0
415206,252289.0
415207,252289.0
415208,252289.0
415209,252289.0
415211,252289.0
415212,252289.0
415214,252289.0
415301,252289.0
415302,252289.0
415303,252289.0
415304,252289.0
415305,252289.0
415306,252289.0
415307,252289.0
415308,252289.0
415309,252289.0
415310,252289.0
415311,252289.0
415312,252289.0
415313,252289.0
415315,252289.0
415401,252289.0
415402,252289.0
415403,252289.0
415404,252289.0
415405,252289.0
415406,252289.0
415407,252289.0
415408,252289.0
415409,252289.0
415410,252289.0
415411,252289.0
415412,252289.0
415413,252289.0
415414,252289.0
415415,252289.0
415501,252289.0
415502,252289.0
415503,252289.0
415504,252289.0
415505,252289.0
415506,252289.0
415507,252289.0
415508,252289.0
415509,252289.0
415510,252289.0
415511,252289.0
415512,252289.0
415513,252289.0
415514,252289.0
415515,252289.0
415516,252289.0
415517,252289.0
415518,252289.0
415519,252289.0
415520,252289.0
415521,252289.0
415522,252289.0
415523,252289.0
415524,252289.0
415525,252289.0
415526,252289.0
415527,252289.0
415528,252289.0
415530,252289.0
415536,252289.0
415537,252289.0
415538,252289.0
415539,252289.0
415540,252289.0
415601,252289.0
415602,252289.0
415603,252289.0
415604,252289.0
415605,252289.0
415606,252289.0
415607,252289.0
415608,252289.0
415609,252289.0
415610,252289.0
415611,252289.0
415612,252289.0
415613,252289.0
415614,252289.0
415615,252289.0
415616,252289.0
415617,252289.0
415619,252289.0
415620,252289.0
415621,252289.0
415626,252289.0
415628,252289.0
415629,252289.0
415634,252289.0
415637,252289.0
415639,252289.0
415640,252289.0
415641,252289.0
415643,252289.0
415701,252289.0
415702,252289.0
415703,252289.0
415705,252289.0
415706,252289.0
415708,252289.0
415709,252289.0
415710,252289.0
415711,252289.0
415712,252289.0
415713,252289.0
415714,252289.0
415715,252289.0
415716,252289.0
415717,252289.0
415718,252289.0
415719,252289.0
415720,252289.0
415722,252289.0
415724,252289.0
415726,252289.0
415727,252289.0
415728,252289.0
415729,252289.0
415730,252289.0
415801,252289.0
415802,252289.0
415803,252289.0
415804,252289.0
415805,252289.0
415806,252289.0
415807,252289.0
416001,252289.0
416002,252289.0
416003,252289.0
416004,252289.0
416005,252289.0
416006,252289.0
416007,252289.0
416008,252289.0
416010,252289.0
416011,252289.0
416012,252289.0
416013,252289.0
416101,252289.0
416102,252289.0
416103,252289.0
416104,252289.0
416105,252289.0
416106,252289.0
416107,252289.0
416108,252289.0
416109,252289.0
416110,252289.0
416111,252289.0
416112,252289.0
416113,252289.0
416114,252289.0
416115,252289.0
416116,252289.0
416118,252289.0
416119,252289.0
416120,252289.0
416121,252289.0
416122,252289.0
416143,252289.0
416144,252289.0
416146,252289.0
416201,252289.0
416202,252289.0
416203,252289.0
416204,252289.0
416205,252289.0
416206,252289.0
416207,252289.0
416208,252289.0
416209,252289.0
416210,252289.0
416211,252289.0
416212,252289.0
416213,252289.0
416214,252289.0
416215,252289.0
416216,252289.0
416218,252289.0
416219,252289.0
416220,252289.0
416221,252289.0
416223,252289.0
416229,252289.0
416230,252289.0
416231,252289.0
416232,252289.0
416234,252289.0
416235,252289.0
416236,252289.0
416301,252289.0
416302,252289.0
416303,252289.0
416304,252289.0
416305,252289.0
416306,252289.0
416307,252289.0
416308,252289.0
416309,252289.0
416310,252289.0
416311,252289.0
416312,252289.0
416313,252289.0
416314,252289.0
416315,252289.0
416316,252289.0
416401,252289.0
416402,252289.0
416403,252289.0
416404,252289.0
416405,252289.0
416406,252289.0
416407,252289.0
416408,252289.0
416409,252289.0
416410,252289.0
416411,252289.0
416412,252289.0
416413,252289.0
416414,252289.0
416415,252289.0
416416,252289.0
416417,252289.0
416418,252289.0
416419,252289.0
416420,252289.0
416436,252289.0
416437,252289.0
416501,252289.0
416502,252289.0
416503,252289.0
416504,252289.0
416505,252289.0
416506,252289.0
416507,252289.0
416508,252289.0
416509,252289.0
416510,252289.0
416511,252289.0
416512,252289.0
416513,252289.0
416514,252289.0
416515,252289.0
416516,252289.0
416517,252289.0
416518,252289.0
416519,252289.0
416520,252289.0
416521,252289.0
416522,252289.0
416523,252289.0
416524,252289.0
416525,252289.0
416526,252289.0
416527,252289.0
416528,252289.0
416529,252289.0
416531,252289.0
416534,252289.0
416549,252289.0
416551,252289.0
416552,252289.0
416601,252289.0
416602,252289.0
416603,252289.0
416604,252289.0
416605,252289.0
416606,252289.0
416608,252289.0
416609,252289.0
416610,252289.0
416611,252289.0
416612,252289.0
416613,252289.0
416614,252289.0
416615,252289.0
416616,252289.0
416620,252289.0
416623,252289.0
416626,252289.0
416628,252289.0
416630,252289.0
416632,252289.0
416701,252289.0
416702,252289.0
416703,252289.0
416704,252289.0
416705,252289.0
416707,252289.0
416709,252289.0
416712,252289.0
416713,252289.0
416801,252289.0
416803,252289.0
416804,252289.0
416805,252289.0
416806,252289.0
416807,252289.0
416810,252289.0
416811,252289.0
416812,252289.0
416813,252289.0
421002,252289.0
421004,252289.0
421005,252289.0
421101,252289.0
421102,252289.0
421103,252289.0
421201,252289.0
421202,252289.0
421203,252289.0
421204,252289.0
421301,252289.0
421302,252289.0
421303,252289.0
421305,252289.0
421306,252289.0
421308,252289.0
421311,252289.0
421312,252289.0
421401,252289.0
421402,252289.0
421403,252289.0
421501,252289.0
421502,252289.0
421503,252289.0
421505,252289.0
421506,252289.0
421601,252289.0
421602,252289.0
421603,252289.0
421605,252289.0
422001,252289.0
422002,252289.0
422003,252289.0
422004,252289.0
422005,252289.0
422006,252289.0
422007,252289.0
422008,252289.0
422009,252289.0
422010,252289.0
422011,252289.0
422012,252289.0
422013,252289.0
422101,252289.0
422102,252289.0
422103,252289.0
422104,252289.0
422105,252289.0
422112,252289.0
422113,252289.0
422201,252289.0
422202,252289.0
422203,252289.0
422204,252289.0
422205,252289.0
422206,252289.0
422207,252289.0
422208,252289.0
422209,252289.0
422210,252289.0
422211,252289.0
422212,252289.0
422213,252289.0
422214,252289.0
422215,252289.0
422221,252289.0
422222,252289.0
422301,252289.0
422302,252289.0
422303,252289.0
422304,252289.0
422305,252289.0
422306,252289.0
422308,252289.0
422401,252289.0
422402,252289.0
422403,252289.0
422502,252289.0
422606,252289.0
423101,252289.0
423102,252289.0
423104,252289.0
423105,252289.0
423106,252289.0
423108,252289.0
423110,252289.0
423111,252289.0
423117,252289.0
423201,252289.0
423202,252289.0
423203,252289.0
423204,252289.0
423205,252289.0
423206,252289.0
423208,252289.0
423212,252289.0
423213,252289.0
423301,252289.0
423302,252289.0
423303,252289.0
423401,252289.0
423402,252289.0
423403,252289.0
423501,252289.0
423502,252289.0
423701,252289.0
423702,252289.0
423703,252289.0
424001,252289.0
424002,252289.0
424004,252289.0
424005,252289.0
424006,252289.0
424101,252289.0
424102,252289.0
424103,252289.0
424104,252289.0
424105,252289.0
424106,252289.0
424107,252289.0
424108,252289.0
424109,252289.0
424119,252289.0
424201,252289.0
424202,252289.0
424203,252289.0
424204,252289.0
424205,252289.0
424206,252289.0
424207,252289.0
424208,252289.0
424301,252289.0
424302,252289.0
424303,252289.0
424304,252289.0
424305,252289.0
424306,252289.0
424307,252289.0
424308,252289.0
424309,252289.0
424310,252289.0
424311,252289.0
424318,252289.0
425001,252289.0
425002,252289.0
425003,252289.0
425004,252289.0
425101,252289.0
425102,252289.0
425103,252289.0
425104,252289.0
425105,252289.0
425107,252289.0
425108,252289.0
425109,252289.0
425110,252289.0
425111,252289.0
425112,252289.0
425113,252289.0
425114,252289.0
425115,252289.0
425116,252289.0
425201,252289.0
425203,252289.0
425301,252289.0
425302,252289.0
425303,252289.0
425304,252289.0
425305,252289.0
425306,252289.0
425307,252289.0
425308,252289.0
425309,252289.0
425310,252289.0
425311,252289.0
425327,252289.0
425401,252289.0
425402,252289.0
425403,252289.0
425404,252289.0
425405,252289.0
425406,252289.0
425407,252289.0
425408,252289.0
425409,252289.0
425410,252289.0
425411,252289.0
425412,252289.0
425413,252289.0
425414,252289.0
425415,252289.0
425416,252289.0
425417,252289.0
425418,252289.0
425419,252289.0
425420,252289.0
425421,252289.0
425422,252289.0
425423,252289.0
425424,252289.0
425426,252289.0
425427,252289.0
425428,252289.0
425432,252289.0
425442,252289.0
425444,252289.0
425452,252289.0
425501,252289.0
425502,252289.0
425503,252289.0
425504,252289.0
425505,252289.0
425506,252289.0
425507,252289.0
425508,252289.0
425524,252289.0
431001,252289.0
431002,252289.0
431003,252289.0
431004,252289.0
431005,252289.0
431006,252289.0
431007,252289.0
431008,252289.0
431009,252289.0
431010,252289.0
431101,252289.0
431102,252289.0
431103,252289.0
431104,252289.0
431105,252289.0
431107,252289.0
431109,252289.0
431110,252289.0
431111,252289.0
431112,252289.0
431113,252289.0
431114,252289.0
431115,252289.0
431116,252289.0
431117,252289.0
431118,252289.0
431120,252289.0
431121,252289.0
431122,252289.0
431132,252289.0
431133,252289.0
431134,252289.0
431135,252289.0
431136,252289.0
431137,252289.0
431147,252289.0
431148,252289.0
431150,252289.0
431151,252289.0
431154,252289.0
431202,252289.0
431203,252289.0
431204,252289.0
431205,252289.0
431206,252289.0
431207,252289.0
431208,252289.0
431209,252289.0
431211,252289.0
431212,252289.0
431213,252289.0
431214,252289.0
431215,252289.0
431401,252289.0
431402,252289.0
431501,252289.0
431502,252289.0
431503,252289.0
431504,252289.0
431505,252289.0
431506,252289.0
431507,252289.0
431508,252289.0
431509,252289.0
431510,252289.0
431511,252289.0
431512,252289.0
431513,252289.0
431514,252289.0
431516,252289.0
431521,252289.0
431522,252289.0
431536,252289.0
431537,252289.0
431540,252289.0
431541,252289.0
431542,252289.0
431601,252289.0
431602,252289.0
431603,252289.0
431604,252289.0
431605,252289.0
431606,252289.0
431701,252289.0
431702,252289.0
431703,252289.0
431704,252289.0
431705,252289.0
431707,252289.0
431708,252289.0
431709,252289.0
431710,252289.0
431711,252289.0
431712,252289.0
431713,252289.0
431714,252289.0
431715,252289.0
431716,252289.0
431717,252289.0
431718,252289.0
431719,252289.0
431720,252289.0
431721,252289.0
431722,252289.0
431723,252289.0
431731,252289.0
431736,252289.0
431741,252289.0
431742,252289.0
431743,252289.0
431745,252289.0
431746,252289.0
431750,252289.0
431801,252289.0
431802,252289.0
431803,252289.0
431804,252289.0
431805,252289.0
431806,252289.0
431807,252289.0
431808,252289.0
431809,252289.0
431810,252289.0
431811,252289.0
440001,252289.0
440002,252289.0
440003,252289.0
440005,252289.0
440006,252289.0
440007,252289.0
440008,252289.0
440010,252289.0
440012,252289.0
440013,252289.0
440014,252289.0
440015,252289.0
440016,252289.0
440017,252289.0
440018,252289.0
440019,252289.0
440020,252289.0
440021,252289.0
440022,252289.0
440023,252289.0
440024,252289.0
440025,252289.0
440026,252289.0
440027,252289.0
440030,252289.0
440032,252289.0
440033,252289.0
440034,252289.0
440035,252289.0
440036,252289.0
440037,252289.0
441001,252289.0
441101,252289.0
441102,252289.0
441103,252289.0
441104,252289.0
441105,252289.0
441106,252289.0
441107,252289.0
441108,252289.0
441109,252289.0
441110,252289.0
441111,252289.0
441112,252289.0
441113,252289.0
441122,252289.0
441123,252289.0
441201,252289.0
441202,252289.0
441203,252289.0
441204,252289.0
441205,252289.0
441206,252289.0
441207,252289.0
441208,252289.0
441209,252289.0
441210,252289.0
441212,252289.0
441214,252289.0
441215,252289.0
441217,252289.0
441221,252289.0
441222,252289.0
441223,252289.0
441224,252289.0
441225,252289.0
441226,252289.0
441301,252289.0
441302,252289.0
441303,252289.0
441304,252289.0
441305,252289.0
441306,252289.0
441401,252289.0
441404,252289.0
441501,252289.0
441502,252289.0
441802,252289.0
441803,252289.0
441804,252289.0
441805,252289.0
441807,252289.0
441809,252289.0
441903,252289.0
441904,252289.0
441905,252289.0
441906,252289.0
441907,252289.0
441908,252289.0
441909,252289.0
441910,252289.0
441912,252289.0
441913,252289.0
441914,252289.0
441915,252289.0
441924,252289.0
442001,252289.0
442003,252289.0
442101,252289.0
442102,252289.0
442104,252289.0
442105,252289.0
442106,252289.0
442111,252289.0
442201,252289.0
442202,252289.0
442203,252289.0
442301,252289.0
442302,252289.0
442303,252289.0
442304,252289.0
442305,252289.0
442306,252289.0
442307,252289.0
442401,252289.0
442402,252289.0
442403,252289.0
442404,252289.0
442406,252289.0
442501,252289.0
442502,252289.0
442503,252289.0
442504,252289.0
442505,252289.0
442507,252289.0
442603,252289.0
442604,252289.0
442605,252289.0
442606,252289.0
442701,252289.0
442702,252289.0
442703,252289.0
442704,252289.0
442705,252289.0
442707,252289.0
442709,252289.0
442710,252289.0
442901,252289.0
442902,252289.0
442903,252289.0
442904,252289.0
442905,252289.0
442906,252289.0
442907,252289.0
442908,252289.0
442914,252289.0
442916,252289.0
442917,252289.0
442918,252289.0
443102,252289.0
444001,252289.0
444002,252289.0
444003,252289.0
444004,252289.0
444005,252289.0
444006,252289.0
444101,252289.0
444102,252289.0
444103,252289.0
444104,252289.0
444105,252289.0
444106,252289.0
444107,252289.0
444108,252289.0
444109,252289.0
444110,252289.0
444111,252289.0
444117,252289.0
444126,252289.0
444302,252289.0
444311,252289.0
444401,252289.0
444402,252289.0
444403,252289.0
444404,252289.0
444405,252289.0
444407,252289.0
444409,252289.0
444501,252289.0
444502,252289.0
444503,252289.0
444504,252289.0
444505,252289.0
444506,252289.0
444507,252289.0
444510,252289.0
444511,252289.0
444601,252289.0
444602,252289.0
444603,252289.0
444604,252289.0
444605,252289.0
444606,252289.0
444607,252289.0
444701,252289.0
444702,252289.0
444704,252289.0
444705,252289.0
444706,252289.0
444707,252289.0
444708,252289.0
444709,252289.0
444710,252289.0
444711,252289.0
444717,252289.0
444719,252289.0
444720,252289.0
444723,252289.0
444801,252289.0
444802,252289.0
444803,252289.0
444804,252289.0
444805,252289.0
444806,252289.0
444807,252289.0
444808,252289.0
444809,252289.0
444810,252289.0
444813,252289.0
444901,252289.0
444902,252289.0
444903,252289.0
444904,252289.0
444905,252289.0
444906,252289.0
444907,252289.0
444908,252289.0
445001,252289.0
445002,252289.0
445101,252289.0
445102,252289.0
445103,252289.0
445105,252289.0
445106,252289.0
445109,252289.0
445110,252289.0
445201,252289.0
445202,252289.0
445203,252289.0
445204,252289.0
445205,252289.0
445206,252289.0
445207,252289.0
445209,252289.0
445210,252289.0
445211,252289.0
445215,252289.0
445216,252289.0
445230,252289.0
445301,252289.0
445302,252289.0
445303,252289.0
445304,252289.0
445305,252289.0
445306,252289.0
445307,252289.0
445308,252289.0
445323,252289.0
445401,252289.0
445402,252289.0
450001,127947.0
450051,127947.0
450110,127947.0
450112,127947.0
450114,127947.0
450116,127947.0
450117,127947.0
450119,127947.0
450221,127947.0
450331,127947.0
450332,127947.0
450337,127947.0
450445,127947.0
450551,127947.0
450661,127947.0
450771,127947.0
450881,127947.0
450991,127947.0
451001,127947.0
451111,127947.0
451113,127947.0
451115,127947.0
451220,127947.0
451221,127947.0
451224,127947.0
451225,127947.0
451228,127947.0
451331,127947.0
451332,127947.0
451335,127947.0
451440,127947.0
451441,127947.0
451442,127947.0
451447,127947.0
451449,127947.0
451551,127947.0
451556,127947.0
451660,127947.0
451666,127947.0
451770,127947.0
451881,127947.0
452001,127947.0
452002,127947.0
452003,127947.0
452005,127947.0
452006,127947.0
452007,127947.0
452009,127947.0
452010,127947.0
452011,127947.0
452012,127947.0
452013,127947.0
452014,127947.0
452015,127947.0
452016,127947.0
452018,127947.0
452020,127947.0
453001,127947.0
453111,127947.0
453112,127947.0
453115,127947.0
453220,127947.0
453331,127947.0
453441,127947.0
453446,127947.0
453551,127947.0
453555,127947.0
453556,127947.0
453661,127947.0
453771,127947.0
454001,127947.0
454010,127947.0
454111,127947.0
454116,127947.0
454221,127947.0
454331,127947.0
454335,127947.0
454441,127947.0
454446,127947.0
454449,127947.0
454552,127947.0
454660,127947.0
454665,127947.0
454773,127947.0
454774,127947.0
454775,127947.0
455001,127947.0
455111,127947.0
455115,127947.0
455116,127947.0
455118,127947.0
455221,127947.0
455223,127947.0
455227,127947.0
455332,127947.0
455336,127947.0
455339,127947.0
455440,127947.0
455459,127947.0
456001,127947.0
456003,127947.0
456006,127947.0
456010,127947.0
456221,127947.0
456222,127947.0
456224,127947.0
456313,127947.0
456331,127947.0
456335,127947.0
456337,127947.0
456440,127947.0
456441,127947.0
456443,127947.0
456550,127947.0
456661,127947.0
456664,127947.0
456665,127947.0
456668,127947.0
456770,127947.0
456771,127947.0
456776,127947.0
457001,127947.0
457114,127947.0
457118,127947.0
457119,127947.0
457222,127947.0
457226,127947.0
457331,127947.0
457333,127947.0
457336,127947.0
457339,127947.0
457340,127947.0
457441,127947.0
457550,127947.0
457555,127947.0
457661,127947.0
457770,127947.0
457772,127947.0
457773,127947.0
457775,127947.0
457777,127947.0
457779,127947.0
457882,127947.0
457885,127947.0
457887,127947.0
457888,127947.0
457990,127947.0
457993,127947.0
458001,127947.0
458002,127947.0
458110,127947.0
458113,127947.0
458116,127947.0
458118,127947.0
458220,127947.0
458226,127947.0
458228,127947.0
458330,127947.0
458336,127947.0
458339,127947.0
458389,127947.0
458441,127947.0
458468,127947.0
458470,127947.0
458553,127947.0
458556,127947.0
458558,127947.0
458664,127947.0
458667,127947.0
458669,127947.0
458771,127947.0
458775,127947.0
458778,127947.0
458880,127947.0
458883,127947.0
458888,127947.0
458895,127947.0
458990,127947.0
460001,127947.0
460004,127947.0
460110,127947.0
460220,127947.0
460225,127947.0
460330,127947.0
460440,127947.0
460443,127947.0
460447,127947.0
460449,127947.0
460551,127947.0
460553,127947.0
460554,127947.0
460557,127947.0
460661,127947.0
460663,127947.0
460665,127947.0
460666,127947.0
460668,127947.0
461001,127947.0
461005,127947.0
461110,127947.0
461111,127947.0
461115,127947.0
461116,127947.0
461122,127947.0
461221,127947.0
461223,127947.0
461228,127947.0
461331,127947.0
461441,127947.0
461446,127947.0
461551,127947.0
461661,127947.0
461668,127947.0
461771,127947.0
461775,127947.0
461881,127947.0
461990,127947.0
462001,127947.0
462002,127947.0
462003,127947.0
462004,127947.0
462008,127947.0
462010,127947.0
462011,127947.0
462016,127947.0
462020,127947.0
462022,127947.0
462023,127947.0
462024,127947.0
462026,127947.0
462027,127947.0
462030,127947.0
462031,127947.0
462036,127947.0
462037,127947.0
462038,127947.0
462039,127947.0
462041,127947.0
462042,127947.0
462043,127947.0
462044,127947.0
462045,127947.0
462046,127947.0
462047,127947.0
462101,127947.0
462120,127947.0
463106,127947.0
463111,127947.0
464001,127947.0
464111,127947.0
464113,127947.0
464114,127947.0
464220,127947.0
464221,127947.0
464224,127947.0
464226,127947.0
464228,127947.0
464240,127947.0
464258,127947.0
464331,127947.0
464337,127947.0
464551,127947.0
464651,127947.0
464661,127947.0
464665,127947.0
464668,127947.0
464671,127947.0
464672,127947.0
464770,127947.0
464774,127947.0
464881,127947.0
464884,127947.0
464886,127947.0
464986,127947.0
464990,127947.0
464993,127947.0
465001,127947.0
465106,127947.0
465110,127947.0
465113,127947.0
465116,127947.0
465118,127947.0
465220,127947.0
465223,127947.0
465226,127947.0
465227,127947.0
465230,127947.0
465333,127947.0
465335,127947.0
465337,127947.0
465339,127947.0
465441,127947.0
465445,127947.0
465447,127947.0
465449,127947.0
465550,127947.0
465661,127947.0
465667,127947.0
465669,127947.0
465674,127947.0
465677,127947.0
465679,127947.0
465680,127947.0
465683,127947.0
465685,127947.0
465687,127947.0
465689,127947.0
465691,127947.0
465693,127947.0
465697,127947.0
466001,127947.0
466111,127947.0
466113,127947.0
466114,127947.0
466115,127947.0
466116,127947.0
466118,127947.0
466120,127947.0
466125,127947.0
466221,127947.0
466331,127947.0
466445,127947.0
466446,127947.0
466448,127947.0
466554,127947.0
466651,127947.0
466661,127947.0
466665,127947.0
470001,127947.0
470002,127947.0
470003,127947.0
470004,127947.0
470021,127947.0
470051,127947.0
470113,127947.0
470115,127947.0
470117,127947.0
470118,127947.0
470119,127947.0
470120,127947.0
470125,127947.0
470221,127947.0
470223,127947.0
470226,127947.0
470227,127947.0
470228,127947.0
470229,127947.0
470232,127947.0
470235,127947.0
470335,127947.0
470337,127947.0
470339,127947.0
470441,127947.0
470442,127947.0
470661,127947.0
470663,127947.0
470664,127947.0
470666,127947.0
470669,127947.0
470672,127947.0
470673,127947.0
470675,127947.0
470771,127947.0
470772,127947.0
470775,127947.0
470880,127947.0
470881,127947.0
471001,127947.0
471101,127947.0
471105,127947.0
471111,127947.0
471201,127947.0
471301,127947.0
471311,127947.0
471313,127947.0
471315,127947.0
471318,127947.0
471405,127947.0
471408,127947.0
471411,127947.0
471501,127947.0
471510,127947.0
471515,127947.0
471516,127947.0
471525,127947.0
471606,127947.0
471625,127947.0
472001,127947.0
472005,127947.0
472010,127947.0
472101,127947.0
472111,127947.0
472115,127947.0
472118,127947.0
472221,127947.0
472246,127947.0
472331,127947.0
472336,127947.0
472337,127947.0
472339,127947.0
472442,127947.0
472445,127947.0
472447,127947.0
473001,127947.0
473101,127947.0
473105,127947.0
473110,127947.0
473111,127947.0
473112,127947.0
473113,127947.0
473115,127947.0
473118,127947.0
473222,127947.0
473226,127947.0
473249,127947.0
473287,127947.0
473551,127947.0
473585,127947.0
473638,127947.0
473660,127947.0
473662,127947.0
473665,127947.0
473670,127947.0
473770,127947.0
473774,127947.0
473775,127947.0
473781,127947.0
473793,127947.0
473865,127947.0
473880,127947.0
473885,127947.0
473990,127947.0
473995,127947.0
474001,127947.0
474002,127947.0
474003,127947.0
474004,127947.0
474005,127947.0
474006,127947.0
474008,127947.0
474009,127947.0
474010,127947.0
474011,127947.0
474012,127947.0
474015,127947.0
474020,127947.0
475001,127947.0
475002,127947.0
475005,127947.0
475110,127947.0
475115,127947.0
475220,127947.0
475330,127947.0
475335,127947.0
475336,127947.0
475661,127947.0
475671,127947.0
475673,127947.0
475675,127947.0
475682,127947.0
475685,127947.0
476001,127947.0
476111,127947.0
476115,127947.0
476134,127947.0
476219,127947.0
476221,127947.0
476224,127947.0
476228,127947.0
476229,127947.0
476332,127947.0
476335,127947.0
476337,127947.0
476339,127947.0
476355,127947.0
476444,127947.0
476554,127947.0
477001,127947.0
477105,127947.0
477111,127947.0
477116,127947.0
477117,127947.0
477222,127947.0
477227,127947.0
477331,127947.0
477332,127947.0
477333,127947.0
477335,127947.0
477441,127947.0
477445,127947.0
477446,127947.0
477447,127947.0
477449,127947.0
477555,127947.0
477557,127947.0
477566,127947.0
477660,127947.0
480001,127947.0
480003,127947.0
480105,127947.0
480106,127947.0
480107,127947.0
480108,127947.0
480109,127947.0
480110,127947.0
480111,127947.0
480112,127947.0
480115,127947.0
480221,127947.0
480223,127947.0
480224,127947.0
480331,127947.0
480334,127947.0
480337,127947.0
480338,127947.0
480441,127947.0
480447,127947.0
480449,127947.0
480551,127947.0
480555,127947.0
480557,127947.0
480559,127947.0
480661,127947.0
480667,127947.0
480771,127947.0
480880,127947.0
480881,127947.0
480882,127947.0
480884,127947.0
480886,127947.0
480887,127947.0
480888,127947.0
480990,127947.0
480991,127947.0
480994,127947.0
480996,127947.0
480997,127947.0
480999,127947.0
481001,127947.0
481051,127947.0
481102,127947.0
481105,127947.0
481111,127947.0
481115,127947.0
481116,127947.0
481117,127947.0
481222,127947.0
481224,127947.0
481226,127947.0
481331,127947.0
481332,127947.0
481335,127947.0
481337,127947.0
481441,127947.0
481445,127947.0
481449,127947.0
481551,127947.0
481556,127947.0
481661,127947.0
481662,127947.0
481663,127947.0
481664,127947.0
481665,127947.0
481666,127947.0
481668,127947.0
481672,127947.0
481768,127947.0
481771,127947.0
481776,127947.0
481778,127947.0
481879,127947.0
481880,127947.0
481882,127947.0
481884,127947.0
481885,127947.0
481990,127947.0
481995,127947.0
481996,127947.0
481998,127947.0
482001,127947.0
482002,127947.0
482003,127947.0
482004,127947.0
482005,127947.0
482008,127947.0
482009,127947.0
482010,127947.0
482011,127947.0
482020,127947.0
482021,127947.0
482051,127947.0
482056,127947.0
483001,127947.0
483053,127947.0
483105,127947.0
483110,127947.0
483113,127947.0
483119,127947.0
483220,127947.0
483222,127947.0
483225,127947.0
483330,127947.0
483331,127947.0
483332,127947.0
483334,127947.0
483336,127947.0
483440,127947.0
483442,127947.0
483501,127947.0
483504,127947.0
483770,127947.0
483773,127947.0
483775,127947.0
483880,127947.0
483990,127947.0
484001,127947.0
484110,127947.0
484113,127947.0
484114,127947.0
484116,127947.0
484117,127947.0
484120,127947.0
484220,127947.0
484224,127947.0
484330,127947.0
484334,127947.0
484336,127947.0
484440,127947.0
484444,127947.0
484446,127947.0
484551,127947.0
484555,127947.0
484660,127947.0
484661,127947.0
484664,127947.0
484665,127947.0
484669,127947.0
484770,127947.0
484771,127947.0
484774,127947.0
484776,127947.0
484881,127947.0
484886,127947.0
484887,127947.0
485001,127947.0
485005,127947.0
485111,127947.0
485112,127947.0
485113,127947.0
485114,127947.0
485115,127947.0
485221,127947.0
485226,127947.0
485331,127947.0
485334,127947.0
485441,127947.0
485446,127947.0
485447,127947.0
485551,127947.0
485661,127947.0
485666,127947.0
485771,127947.0
485772,127947.0
485773,127947.0
485774,127947.0
485775,127947.0
485778,127947.0
485881,127947.0
486001,127947.0
486002,127947.0
486003,127947.0
486005,127947.0
486006,127947.0
486111,127947.0
486114,127947.0
486115,127947.0
486117,127947.0
486123,127947.0
486220,127947.0
486223,127947.0
486226,127947.0
486331,127947.0
486333,127947.0
486335,127947.0
486338,127947.0
486340,127947.0
486341,127947.0
486440,127947.0
486441,127947.0
486445,127947.0
486446,127947.0
486447,127947.0
486448,127947.0
486450,127947.0
486550,127947.0
486553,127947.0
486556,127947.0
486661,127947.0
486666,127947.0
486669,127947.0
486670,127947.0
486675,127947.0
486771,127947.0
486775,127947.0
486776,127947.0
486881,127947.0
486882,127947.0
486884,127947.0
486885,127947.0
486886,127947.0
486887,127947.0
486889,127947.0
486890,127947.0
486892,127947.0
487001,127947.0
487110,127947.0
487114,127947.0
487118,127947.0
487221,127947.0
487225,127947.0
487330,127947.0
487334,127947.0
487337,127947.0
487441,127947.0
487551,127947.0
487555,127947.0
487661,127947.0
487770,127947.0
487881,127947.0
488001,127947.0
488050,127947.0
488051,127947.0
488059,127947.0
488220,127947.0
488222,127947.0
488333,127947.0
488441,127947.0
488442,127947.0
488443,127947.0
488446,127947.0
488448,127947.0
493551,134996.0
494661,134996.0
495004,134996.0
495668,134996.0
496111,134996.0
496225,134996.0
497116,134996.0
500001,312046.0
500002,312046.0
500003,312046.0
500004,312046.0
500005,312046.0
500006,312046.0
500007,312046.0
500008,312046.0
500009,312046.0
500010,312046.0
500011,312046.0
500012,312046.0
500013,312046.0
500014,312046.0
500015,312046.0
500016,312046.0
500017,312046.0
500018,312046.0
500020,312046.0
500023,312046.0
500024,312046.0
500026,312046.0
500027,312046.0
500028,312046.0
500029,312046.0
500030,312046.0
500031,312046.0
500032,312046.0
500033,312046.0
500034,312046.0
500036,312046.0
500037,312046.0
500038,312046.0
500040,312046.0
500042,312046.0
500044,312046.0
500045,312046.0
500046,312046.0
500047,312046.0
500048,312046.0
500049,312046.0
500050,312046.0
500051,312046.0
500053,312046.0
500054,312046.0
500055,312046.0
500056,312046.0
500057,312046.0
500058,312046.0
500059,312046.0
500061,312046.0
500062,312046.0
500064,312046.0
500065,312046.0
500067,312046.0
500068,312046.0
500069,312046.0
500072,312046.0
500073,312046.0
500074,312046.0
500077,312046.0
500078,312046.0
500080,312046.0
500081,312046.0
500082,312046.0
500083,312046.0
500084,312046.0
500085,312046.0
500086,312046.0
500087,312046.0
500088,312046.0
500089,312046.0
500090,312046.0
500091,312046.0
500092,312046.0
500094,312046.0
500096,312046.0
500097,312046.0
500098,312046.0
500101,312046.0
501101,312046.0
501301,312046.0
501359,312046.0
501401,312046.0
501505,312046.0
501511,312046.0
501512,312046.0
502001,312046.0
502032,312046.0
502101,312046.0
502102,312046.0
502103,312046.0
502107,312046.0
502108,312046.0
502109,312046.0
502110,312046.0
502113,312046.0
502114,312046.0
502115,312046.0
502117,312046.0
502125,312046.0
502130,312046.0
502205,312046.0
502210,312046.0
502220,312046.0
502221,312046.0
502228,312046.0
502246,312046.0
502247,312046.0
502248,312046.0
502249,312046.0
502251,312046.0
502255,312046.0
502256,312046.0
502257,312046.0
502267,312046.0
502269,312046.0
502270,312046.0
502271,312046.0
502273,312046.0
502276,312046.0
502277,312046.0
502278,312046.0
502279,312046.0
502280,312046.0
502281,312046.0
502285,312046.0
502286,312046.0
502287,312046.0
502290,312046.0
502291,312046.0
502293,312046.0
502294,312046.0
502295,312046.0
502296,312046.0
502300,312046.0
502301,312046.0
502302,312046.0
502303,312046.0
502305,312046.0
502306,312046.0
502307,312046.0
502310,312046.0
502311,312046.0
502312,312046.0
502313,312046.0
502314,312046.0
502316,312046.0
502318,312046.0
502319,312046.0
502321,312046.0
502324,312046.0
502325,312046.0
502329,312046.0
502331,312046.0
502334,312046.0
502335,312046.0
502336,312046.0
502345,312046.0
502371,312046.0
502372,312046.0
502375,312046.0
502381,312046.0
503001,312046.0
503002,312046.0
503003,312046.0
503101,312046.0
503102,312046.0
503108,312046.0
503110,312046.0
503111,312046.0
503112,312046.0
503114,312046.0
503120,312046.0
503122,312046.0
503123,312046.0
503124,312046.0
503125,312046.0
503144,312046.0
503145,312046.0
503164,312046.0
503165,312046.0
503174,312046.0
503175,312046.0
503180,312046.0
503185,312046.0
503186,312046.0
503187,312046.0
503188,312046.0
503201,312046.0
503202,312046.0
503206,312046.0
503207,312046.0
503212,312046.0
503213,312046.0
503217,312046.0
503218,312046.0
503219,312046.0
503223,312046.0
503224,312046.0
503225,312046.0
503230,312046.0
503235,312046.0
503245,312046.0
503246,312046.0
503301,312046.0
503302,312046.0
503305,312046.0
503306,312046.0
503307,312046.0
503308,312046.0
503309,312046.0
503310,312046.0
503311,312046.0
503321,312046.0
503322,312046.0
504001,312046.0
504002,312046.0
504101,312046.0
504102,312046.0
504103,312046.0
504104,312046.0
504105,312046.0
504106,312046.0
504107,312046.0
504109,312046.0
504110,312046.0
504201,312046.0
504202,312046.0
504203,312046.0
504204,312046.0
504205,312046.0
504206,312046.0
504207,312046.0
504208,312046.0
504209,312046.0
504214,312046.0
504215,312046.0
504216,312046.0
504218,312046.0
504219,312046.0
504220,312046.0
504231,312046.0
504251,312046.0
504272,312046.0
504273,312046.0
504292,312046.0
504293,312046.0
504294,312046.0
504295,312046.0
504296,312046.0
504297,312046.0
504299,312046.0
504301,312046.0
504302,312046.0
504303,312046.0
504304,312046.0
504306,312046.0
504307,312046.0
504308,312046.0
504309,312046.0
504310,312046.0
504311,312046.0
504312,312046.0
504313,312046.0
504323,312046.0
504346,312046.0
505469,312046.0
506001,312046.0
506002,312046.0
506003,312046.0
506004,312046.0
506005,312046.0
506006,312046.0
506007,312046.0
506008,312046.0
506009,312046.0
506011,312046.0
506013,312046.0
506015,312046.0
506101,312046.0
506102,312046.0
506104,312046.0
506105,312046.0
506112,312046.0
506122,312046.0
506132,312046.0
506134,312046.0
506135,312046.0
506142,312046.0
506143,312046.0
506144,312046.0
506145,312046.0
506151,312046.0
506163,312046.0
506164,312046.0
506165,312046.0
506167,312046.0
506168,312046.0
506169,312046.0
506170,312046.0
506172,312046.0
506175,312046.0
506201,312046.0
506221,312046.0
506222,312046.0
506223,312046.0
506224,312046.0
506244,312046.0
506252,312046.0
506301,312046.0
506302,312046.0
506303,312046.0
506310,312046.0
506313,312046.0
506314,312046.0
506315,312046.0
506316,312046.0
506317,312046.0
506318,312046.0
506319,312046.0
506324,312046.0
506329,312046.0
506330,312046.0
506331,312046.0
506332,312046.0
506342,312046.0
506343,312046.0
506344,312046.0
506345,312046.0
506347,312046.0
506348,312046.0
506349,312046.0
506352,312046.0
506355,312046.0
506356,312046.0
506365,312046.0
506366,312046.0
506367,312046.0
506368,312046.0
506369,312046.0
506370,312046.0
506371,312046.0
506381,312046.0
506391,312046.0
507001,312046.0
507002,312046.0
507003,312046.0
507101,312046.0
507111,312046.0
507114,312046.0
507115,312046.0
507116,312046.0
507117,312046.0
507118,312046.0
507119,312046.0
507120,312046.0
507122,312046.0
507123,312046.0
507124,312046.0
507125,312046.0
507128,312046.0
507133,312046.0
507136,312046.0
507137,312046.0
507140,312046.0
507154,312046.0
507157,312046.0
507158,312046.0
507159,312046.0
507160,312046.0
507161,312046.0
507163,312046.0
507164,312046.0
507165,312046.0
507166,312046.0
507167,312046.0
507168,312046.0
507169,312046.0
507170,312046.0
507182,312046.0
507183,312046.0
507201,312046.0
507202,312046.0
507203,312046.0
507204,312046.0
507208,312046.0
507209,312046.0
507210,312046.0
507211,312046.0
507301,312046.0
507302,312046.0
507303,312046.0
507304,312046.0
507305,312046.0
507306,312046.0
507316,312046.0
507318,312046.0
508001,312046.0
508002,312046.0
508004,312046.0
508101,312046.0
508105,312046.0
508111,312046.0
508112,312046.0
508113,312046.0
508114,312046.0
508115,312046.0
508116,312046.0
508117,312046.0
508126,312046.0
508201,312046.0
508202,312046.0
508204,312046.0
508205,312046.0
508206,312046.0
508207,312046.0
508208,312046.0
508210,312046.0
508211,312046.0
508212,312046.0
508213,312046.0
508217,312046.0
508218,312046.0
508221,312046.0
508223,312046.0
508224,312046.0
508233,312046.0
508234,312046.0
508238,312046.0
508243,312046.0
508244,312046.0
508245,312046.0
508246,312046.0
508247,312046.0
508248,312046.0
508250,312046.0
508252,312046.0
508253,312046.0
508254,312046.0
508255,312046.0
508256,312046.0
508257,312046.0
508258,312046.0
508266,312046.0
508277,312046.0
508278,312046.0
508279,312046.0
508280,312046.0
508284,312046.0
508285,312046.0
508286,312046.0
508355,312046.0
508373,312046.0
508374,312046.0
508376,312046.0
508377,312046.0
515001,219917.0
515002,219917.0
515003,219917.0
515004,219917.0
515005,219917.0
515101,219917.0
515110,219917.0
515122,219917.0
515123,219917.0
515124,219917.0
515133,219917.0
515134,219917.0
515144,219917.0
515154,219917.0
515159,219917.0
515164,219917.0
515201,219917.0
515202,219917.0
515211,219917.0
515212,219917.0
515231,219917.0
515241,219917.0
515261,219917.0
515271,219917.0
515281,219917.0
515286,219917.0
515291,219917.0
515301,219917.0
515303,219917.0
515305,219917.0
515311,219917.0
515321,219917.0
515331,219917.0
515341,219917.0
515401,219917.0
515402,219917.0
515405,219917.0
515408,219917.0
515411,219917.0
515413,219917.0
515414,219917.0
515415,219917.0
515425,219917.0
515435,219917.0
515445,219917.0
515455,219917.0
515465,219917.0
515501,219917.0
515511,219917.0
515521,219917.0
515531,219917.0
515541,219917.0
515551,219917.0
515556,219917.0
515561,219917.0
515571,219917.0
515581,219917.0
515591,219917.0
515601,219917.0
515611,219917.0
515621,219917.0
515631,219917.0
515641,219917.0
515651,219917.0
515661,219917.0
515671,219917.0
515672,219917.0
515701,219917.0
515711,219917.0
515721,219917.0
515722,219917.0
515731,219917.0
515741,219917.0
515751,219917.0
515761,219917.0
515763,219917.0
515765,219917.0
515766,219917.0
515767,219917.0
515774,219917.0
515775,219917.0
515787,219917.0
515801,219917.0
515803,219917.0
515812,219917.0
515822,219917.0
515832,219917.0
515842,219917.0
515863,219917.0
515865,219917.0
515867,219917.0
515870,219917.0
515871,219917.0
515872,219917.0
517001,219917.0
517002,219917.0
517004,219917.0
517101,219917.0
517102,219917.0
517112,219917.0
517113,219917.0
517123,219917.0
517124,219917.0
517125,219917.0
517126,219917.0
517127,219917.0
517128,219917.0
517129,219917.0
517130,219917.0
517131,219917.0
517132,219917.0
517152,219917.0
517167,219917.0
517172,219917.0
517192,219917.0
517193,219917.0
517194,219917.0
517213,219917.0
517214,219917.0
517234,219917.0
517235,219917.0
517236,219917.0
517237,219917.0
517247,219917.0
517257,219917.0
517277,219917.0
517280,219917.0
517291,219917.0
517297,219917.0
517299,219917.0
517305,219917.0
517319,219917.0
517325,219917.0
517326,219917.0
517350,219917.0
517351,219917.0
517352,219917.0
517370,219917.0
517390,219917.0
517391,219917.0
517401,219917.0
517403,219917.0
517408,219917.0
517414,219917.0
517415,219917.0
517416,219917.0
517417,219917.0
517418,219917.0
517419,219917.0
517421,219917.0
517422,219917.0
517423,219917.0
517424,219917.0
517425,219917.0
517426,219917.0
517429,219917.0
517432,219917.0
517501,219917.0
517502,219917.0
517503,219917.0
517504,219917.0
517505,219917.0
517506,219917.0
517507,219917.0
517520,219917.0
517526,219917.0
517536,219917.0
517541,219917.0
517551,219917.0
517561,219917.0
517569,219917.0
517571,219917.0
517581,219917.0
517582,219917.0
517583,219917.0
517584,219917.0
517586,219917.0
517587,219917.0
517588,219917.0
517589,219917.0
517590,219917.0
517591,219917.0
517592,219917.0
517599,219917.0
517619,219917.0
517620,219917.0
517640,219917.0
517641,219917.0
517642,219917.0
517643,219917.0
517644,219917.0
517645,219917.0
518001,219917.0
518002,219917.0
518003,219917.0
518004,219917.0
518006,219917.0
518007,219917.0
518010,219917.0
518101,219917.0
518102,219917.0
518112,219917.0
518122,219917.0
518123,219917.0
518124,219917.0
518134,219917.0
518135,219917.0
518145,219917.0
518155,219917.0
518165,219917.0
518166,219917.0
518176,219917.0
518186,219917.0
518196,219917.0
518206,219917.0
518216,219917.0
518217,219917.0
518218,219917.0
518220,219917.0
518221,219917.0
518222,219917.0
518225,219917.0
518301,219917.0
518302,219917.0
518308,219917.0
518313,219917.0
518323,219917.0
518333,219917.0
518343,219917.0
518344,219917.0
518345,219917.0
518346,219917.0
518347,219917.0
518348,219917.0
518349,219917.0
518350,219917.0
518360,219917.0
518380,219917.0
518385,219917.0
518390,219917.0
518395,219917.0
518396,219917.0
518401,219917.0
518405,219917.0
518411,219917.0
518412,219917.0
518422,219917.0
518432,219917.0
518442,219917.0
518452,219917.0
518462,219917.0
518463,219917.0
518464,219917.0
518465,219917.0
518466,219917.0
518467,219917.0
518468,219917.0
518501,219917.0
518502,219917.0
518508,219917.0
518510,219917.0
518511,219917.0
518512,219917.0
518513,219917.0
518523,219917.0
518533,219917.0
518543,219917.0
518553,219917.0
518563,219917.0
518573,219917.0
518583,219917.0
518593,219917.0
518594,219917.0
518598,219917.0
518599,219917.0
518674,219917.0
520001,219917.0
520002,219917.0
520003,219917.0
520004,219917.0
520007,219917.0
520008,219917.0
520010,219917.0
520011,219917.0
520012,219917.0
520013,219917.0
520015,219917.0
521001,219917.0
521002,219917.0
521003,219917.0
521101,219917.0
521102,219917.0
521104,219917.0
521105,219917.0
521106,219917.0
521107,219917.0
521108,219917.0
521109,219917.0
521110,219917.0
521111,219917.0
521120,219917.0
521121,219917.0
521122,219917.0
521125,219917.0
521126,219917.0
521130,219917.0
521131,219917.0
521132,219917.0
521133,219917.0
521134,219917.0
521135,219917.0
521136,219917.0
521137,219917.0
521138,219917.0
521139,219917.0
521148,219917.0
521149,219917.0
521150,219917.0
521151,219917.0
521153,219917.0
521156,219917.0
521157,219917.0
521158,219917.0
521162,219917.0
521163,219917.0
521164,219917.0
521165,219917.0
521170,219917.0
521175,219917.0
521178,219917.0
521180,219917.0
521181,219917.0
521182,219917.0
521183,219917.0
521185,219917.0
521190,219917.0
521201,219917.0
521202,219917.0
521207,219917.0
521211,219917.0
521212,219917.0
521213,219917.0
521214,219917.0
521215,219917.0
521225,219917.0
521226,219917.0
521227,219917.0
521228,219917.0
521229,219917.0
521230,219917.0
521235,219917.0
521241,219917.0
521245,219917.0
521246,219917.0
521247,219917.0
521250,219917.0
521256,219917.0
521260,219917.0
521261,219917.0
521263,219917.0
521286,219917.0
521301,219917.0
521311,219917.0
521312,219917.0
521321,219917.0
521322,219917.0
521323,219917.0
521324,219917.0
521325,219917.0
521326,219917.0
521327,219917.0
521328,219917.0
521329,219917.0
521330,219917.0
521331,219917.0
521332,219917.0
521333,219917.0
521340,219917.0
521343,219917.0
521344,219917.0
521345,219917.0
521356,219917.0
521366,219917.0
521369,219917.0
521390,219917.0
521401,219917.0
521402,219917.0
521403,219917.0
521456,219917.0
521457,219917.0
522001,219917.0
522002,219917.0
522003,219917.0
522004,219917.0
522005,219917.0
522006,219917.0
522007,219917.0
522009,219917.0
522015,219917.0
522016,219917.0
522017,219917.0
522018,219917.0
522019,219917.0
522020,219917.0
522034,219917.0
522101,219917.0
522102,219917.0
522111,219917.0
522112,219917.0
522113,219917.0
522124,219917.0
522201,219917.0
522202,219917.0
522211,219917.0
522212,219917.0
522213,219917.0
522233,219917.0
522234,219917.0
522235,219917.0
522236,219917.0
522237,219917.0
522256,219917.0
522257,219917.0
522258,219917.0
522259,219917.0
522261,219917.0
522262,219917.0
522264,219917.0
522265,219917.0
522268,219917.0
522301,219917.0
522302,219917.0
522303,219917.0
522304,219917.0
522305,219917.0
522306,219917.0
522307,219917.0
522308,219917.0
522309,219917.0
522310,219917.0
522311,219917.0
522312,219917.0
522313,219917.0
522314,219917.0
522315,219917.0
522316,219917.0
522317,219917.0
522318,219917.0
522324,219917.0
522325,219917.0
522329,219917.0
522330,219917.0
522341,219917.0
522401,219917.0
522402,219917.0
522403,219917.0
522408,219917.0
522409,219917.0
522410,219917.0
522411,219917.0
522412,219917.0
522413,219917.0
522414,219917.0
522415,219917.0
522421,219917.0
522426,219917.0
522435,219917.0
522436,219917.0
522437,219917.0
522438,219917.0
522439,219917.0
522501,219917.0
522502,219917.0
522503,219917.0
522508,219917.0
522509,219917.0
522510,219917.0
522529,219917.0
522549,219917.0
522601,219917.0
522603,219917.0
522611,219917.0
522612,219917.0
522613,219917.0
522614,219917.0
522615,219917.0
522616,219917.0
522617,219917.0
522619,219917.0
522626,219917.0
522646,219917.0
522647,219917.0
522649,219917.0
522657,219917.0
522658,219917.0
522659,219917.0
522660,219917.0
522661,219917.0
522663,219917.0
523001,219917.0
523002,219917.0
523101,219917.0
523104,219917.0
523105,219917.0
523108,219917.0
523109,219917.0
523110,219917.0
523111,219917.0
523112,219917.0
523113,219917.0
523114,219917.0
523115,219917.0
523116,219917.0
523117,219917.0
523135,219917.0
523155,219917.0
523157,219917.0
523165,219917.0
523166,219917.0
523167,219917.0
523168,219917.0
523169,219917.0
523170,219917.0
523171,219917.0
523180,219917.0
523181,219917.0
523182,219917.0
523183,219917.0
523184,219917.0
523185,219917.0
523186,219917.0
523187,219917.0
523190,219917.0
523201,219917.0
523211,219917.0
523212,219917.0
523213,219917.0
523214,219917.0
523223,219917.0
523224,219917.0
523225,219917.0
523226,219917.0
523227,219917.0
523228,219917.0
523230,219917.0
523240,219917.0
523241,219917.0
523245,219917.0
523246,219917.0
523247,219917.0
523252,219917.0
523253,219917.0
523254,219917.0
523260,219917.0
523261,219917.0
523262,219917.0
523263,219917.0
523264,219917.0
523265,219917.0
523270,219917.0
523271,219917.0
523272,219917.0
523273,219917.0
523274,219917.0
523279,219917.0
523280,219917.0
523281,219917.0
523286,219917.0
523291,219917.0
523292,219917.0
523301,219917.0
523302,219917.0
523303,219917.0
523304,219917.0
523305,219917.0
523315,219917.0
523316,219917.0
523320,219917.0
523326,219917.0
523327,219917.0
523328,219917.0
523329,219917.0
523330,219917.0
523331,219917.0
523332,219917.0
523333,219917.0
523334,219917.0
523335,219917.0
523336,219917.0
523346,219917.0
523356,219917.0
523357,219917.0
523367,219917.0
523368,219917.0
523369,219917.0
523370,219917.0
523371,219917.0
523372,219917.0
523373,219917.0
524001,219917.0
524002,219917.0
524003,219917.0
524004,219917.0
524005,219917.0
524101,219917.0
524121,219917.0
524123,219917.0
524124,219917.0
524126,219917.0
524127,219917.0
524129,219917.0
524131,219917.0
524132,219917.0
524134,219917.0
524137,219917.0
524142,219917.0
524152,219917.0
524201,219917.0
524203,219917.0
524221,219917.0
524222,219917.0
524223,219917.0
524224,219917.0
524225,219917.0
524226,219917.0
524227,219917.0
524228,219917.0
524230,219917.0
524234,219917.0
524236,219917.0
524239,219917.0
524240,219917.0
524302,219917.0
524303,219917.0
524304,219917.0
524305,219917.0
524306,219917.0
524307,219917.0
524308,219917.0
524309,219917.0
524310,219917.0
524311,219917.0
524312,219917.0
524313,219917.0
524314,219917.0
524315,219917.0
524316,219917.0
524317,219917.0
524318,219917.0
524319,219917.0
524320,219917.0
524321,219917.0
524322,219917.0
524323,219917.0
524341,219917.0
524342,219917.0
524343,219917.0
524344,219917.0
524345,219917.0
524346,219917.0
524366,219917.0
524401,219917.0
524402,219917.0
524403,219917.0
524404,219917.0
524405,219917.0
524406,219917.0
524407,219917.0
524408,219917.0
524409,219917.0
524410,219917.0
524411,219917.0
524412,219917.0
524413,219917.0
524414,219917.0
524415,219917.0
524421,219917.0
530001,219917.0
530002,219917.0
530003,219917.0
530004,219917.0
530005,219917.0
530007,219917.0
530008,219917.0
530009,219917.0
530011,219917.0
530012,219917.0
530013,219917.0
530014,219917.0
530016,219917.0
530017,219917.0
530018,219917.0
530020,219917.0
530022,219917.0
530024,219917.0
530026,219917.0
530027,219917.0
530028,219917.0
530029,219917.0
530031,219917.0
530032,219917.0
530040,219917.0
530041,219917.0
530043,219917.0
530044,219917.0
530045,219917.0
530046,219917.0
530047,219917.0
530048,219917.0
530049,219917.0
530051,219917.0
530052,219917.0
530053,219917.0
531001,219917.0
531002,219917.0
531011,219917.0
531019,219917.0
531020,219917.0
531021,219917.0
531022,219917.0
531023,219917.0
531024,219917.0
531025,219917.0
531026,219917.0
531027,219917.0
531028,219917.0
531029,219917.0
531030,219917.0
531031,219917.0
531032,219917.0
531033,219917.0
531034,219917.0
531035,219917.0
531036,219917.0
531040,219917.0
531055,219917.0
531060,219917.0
531061,219917.0
531075,219917.0
531077,219917.0
531081,219917.0
531082,219917.0
531083,219917.0
531084,219917.0
531085,219917.0
531087,219917.0
531105,219917.0
531111,219917.0
531113,219917.0
531114,219917.0
531115,219917.0
531116,219917.0
531117,219917.0
531118,219917.0
531126,219917.0
531127,219917.0
531133,219917.0
531149,219917.0
531151,219917.0
531162,219917.0
531163,219917.0
531173,219917.0
531219,219917.0
532001,219917.0
532005,219917.0
532122,219917.0
532123,219917.0
532127,219917.0
532148,219917.0
532168,219917.0
532186,219917.0
532190,219917.0
532195,219917.0
532201,219917.0
532203,219917.0
532211,219917.0
532212,219917.0
532213,219917.0
532214,219917.0
532215,219917.0
532216,219917.0
532218,219917.0
532219,219917.0
532220,219917.0
532221,219917.0
532222,219917.0
532242,219917.0
532243,219917.0
532263,219917.0
532264,219917.0
532284,219917.0
532290,219917.0
532291,219917.0
532292,219917.0
532312,219917.0
532322,219917.0
532401,219917.0
532402,219917.0
532403,219917.0
532404,219917.0
532405,219917.0
532406,219917.0
532407,219917.0
532408,219917.0
532409,219917.0
532410,219917.0
532421,219917.0
532425,219917.0
532426,219917.0
532427,219917.0
532428,219917.0
532429,219917.0
532430,219917.0
532432,219917.0
532440,219917.0
532443,219917.0
532445,219917.0
532455,219917.0
532456,219917.0
532457,219917.0
532458,219917.0
532459,219917.0
532460,219917.0
532461,219917.0
532462,219917.0
532474,219917.0
532484,219917.0
533001,219917.0
533002,219917.0
533003,219917.0
533004,219917.0
533005,219917.0
533006,219917.0
533016,219917.0
533101,219917.0
533102,219917.0
533103,219917.0
533104,219917.0
533105,219917.0
533106,219917.0
533107,219917.0
533124,219917.0
533125,219917.0
533126,219917.0
533201,219917.0
533210,219917.0
533211,219917.0
533212,219917.0
533213,219917.0
533214,219917.0
533215,219917.0
533216,219917.0
533217,219917.0
533218,219917.0
533220,219917.0
533221,219917.0
533222,219917.0
533223,219917.0
533228,219917.0
533229,219917.0
533232,219917.0
533233,219917.0
533234,219917.0
533235,219917.0
533236,219917.0
533237,219917.0
533238,219917.0
533239,219917.0
533240,219917.0
533241,219917.0
533242,219917.0
533244,219917.0
533247,219917.0
533248,219917.0
533249,219917.0
533250,219917.0
533251,219917.0
533252,219917.0
533253,219917.0
533254,219917.0
533255,219917.0
533256,219917.0
533260,219917.0
533261,219917.0
533262,219917.0
533263,219917.0
533264,219917.0
533274,219917.0
533284,219917.0
533285,219917.0
533286,219917.0
533287,219917.0
533288,219917.0
533289,219917.0
533290,219917.0
533291,219917.0
533292,219917.0
533293,219917.0
533294,219917.0
533295,219917.0
533296,219917.0
533297,219917.0
533305,219917.0
533306,219917.0
533307,219917.0
533308,219917.0
533309,219917.0
533340,219917.0
533341,219917.0
533342,219917.0
533343,219917.0
533344,219917.0
533345,219917.0
533346,219917.0
533401,219917.0
533406,219917.0
533407,219917.0
533408,219917.0
533428,219917.0
533429,219917.0
533430,219917.0
533431,219917.0
533432,219917.0
533433,219917.0
533434,219917.0
533435,219917.0
533436,219917.0
533437,219917.0
533440,219917.0
533444,219917.0
533445,219917.0
533446,219917.0
533447,219917.0
533448,219917.0
533449,219917.0
533450,219917.0
533461,219917.0
533462,219917.0
533463,219917.0
533464,219917.0
533468,219917.0
533483,219917.0
533577,219917.0
534001,219917.0
534002,219917.0
534003,219917.0
534004,219917.0
534005,219917.0
534006,219917.0
534007,219917.0
534101,219917.0
534102,219917.0
534111,219917.0
534112,219917.0
534122,219917.0
534123,219917.0
534124,219917.0
534126,219917.0
534134,219917.0
534145,219917.0
534146,219917.0
534156,219917.0
534165,219917.0
534166,219917.0
534176,219917.0
534186,219917.0
534195,219917.0
534196,219917.0
534197,219917.0
534198,219917.0
534199,219917.0
534201,219917.0
534202,219917.0
534204,219917.0
534206,219917.0
534207,219917.0
534208,219917.0
534209,219917.0
534210,219917.0
534211,219917.0
534215,219917.0
534216,219917.0
534217,219917.0
534218,219917.0
534222,219917.0
534225,219917.0
534227,219917.0
534230,219917.0
534235,219917.0
534236,219917.0
534237,219917.0
534238,219917.0
534239,219917.0
534240,219917.0
534243,219917.0
534244,219917.0
534245,219917.0
534247,219917.0
534250,219917.0
534260,219917.0
534265,219917.0
534266,219917.0
534267,219917.0
534268,219917.0
534269,219917.0
534275,219917.0
534280,219917.0
534281,219917.0
534301,219917.0
534302,219917.0
534305,219917.0
534311,219917.0
534312,219917.0
534313,219917.0
534315,219917.0
534316,219917.0
534318,219917.0
534320,219917.0
534324,219917.0
534326,219917.0
534327,219917.0
534328,219917.0
534329,219917.0
534330,219917.0
534331,219917.0
534338,219917.0
534340,219917.0
534341,219917.0
534342,219917.0
534350,219917.0
534401,219917.0
534406,219917.0
534411,219917.0
534416,219917.0
534425,219917.0
534426,219917.0
534427,219917.0
534432,219917.0
534437,219917.0
534442,219917.0
534447,219917.0
534448,219917.0
534449,219917.0
534450,219917.0
534451,219917.0
534452,219917.0
534455,219917.0
534456,219917.0
534460,219917.0
534461,219917.0
534462,219917.0
534467,219917.0
534475,219917.0
535001,219917.0
535002,219917.0
535003,219917.0
535004,219917.0
535005,219917.0
535006,219917.0
535101,219917.0
535102,219917.0
535124,219917.0
535125,219917.0
535126,219917.0
535128,219917.0
535145,219917.0
535148,219917.0
535160,219917.0
535161,219917.0
535183,219917.0
535204,219917.0
535213,219917.0
535214,219917.0
535215,219917.0
535216,219917.0
535217,219917.0
535218,219917.0
535220,219917.0
535221,219917.0
535240,219917.0
535250,219917.0
535260,219917.0
535270,219917.0
535273,219917.0
535280,219917.0
535281,219917.0
535463,219917.0
535501,219917.0
535502,219917.0
535521,219917.0
535522,219917.0
535523,219917.0
535524,219917.0
535525,219917.0
535526,219917.0
535527,219917.0
535534,219917.0
535546,219917.0
535547,219917.0
535557,219917.0
535558,219917.0
535559,219917.0
535568,219917.0
535573,219917.0
535578,219917.0
535579,219917.0
535580,219917.0
535581,219917.0
535591,219917.0
535592,219917.0
535593,219917.0
535594,219917.0
560001,310325.0
560002,310325.0
560003,310325.0
560004,310325.0
560005,310325.0
560006,310325.0
560007,310325.0
560008,310325.0
560009,310325.0
560010,310325.0
560011,310325.0
560012,310325.0
560013,310325.0
560015,310325.0
560016,310325.0
560017,310325.0
560018,310325.0
560020,310325.0
560021,310325.0
560022,310325.0
560023,310325.0
560024,310325.0
560025,310325.0
560026,310325.0
560027,310325.0
560029,310325.0
560030,310325.0
560032,310325.0
560033,310325.0
560034,310325.0
560035,310325.0
560036,310325.0
560037,310325.0
560038,310325.0
560039,310325.0
560040,310325.0
560041,310325.0
560042,310325.0
560043,310325.0
560045,310325.0
560047,310325.0
560048,310325.0
560049,310325.0
560050,310325.0
560051,310325.0
560053,310325.0
560054,310325.0
560055,310325.0
560056,310325.0
560057,310325.0
560058,310325.0
560059,310325.0
560060,310325.0
560061,310325.0
560062,310325.0
560063,310325.0
560064,310325.0
560065,310325.0
560066,310325.0
560067,310325.0
560068,310325.0
560070,310325.0
560071,310325.0
560072,310325.0
560073,310325.0
560074,310325.0
560075,310325.0
560076,310325.0
560077,310325.0
560078,310325.0
560079,310325.0
560080,310325.0
560081,310325.0
560082,310325.0
560083,310325.0
560084,310325.0
560085,310325.0
560086,310325.0
560087,310325.0
560088,310325.0
560089,310325.0
560090,310325.0
560091,310325.0
560092,310325.0
560093,310325.0
560094,310325.0
560095,310325.0
560096,310325.0
560097,310325.0
560098,310325.0
560099,310325.0
560100,310325.0
560102,310325.0
560103,310325.0
560104,310325.0
560105,310325.0
560107,310325.0
560108,310325.0
560109,310325.0
560110,310325.0
560112,310325.0
560300,310325.0
561101,310325.0
561201,310325.0
561202,310325.0
561203,310325.0
561204,310325.0
561205,310325.0
561210,310325.0
561211,310325.0
561213,310325.0
561228,310325.0
562103,310325.0
562104,310325.0
562106,310325.0
562107,310325.0
562109,310325.0
562110,310325.0
562111,310325.0
562114,310325.0
562120,310325.0
562122,310325.0
562123,310325.0
562125,310325.0
562127,310325.0
562129,310325.0
562130,310325.0
562131,310325.0
562132,310325.0
562135,310325.0
562149,310325.0
562157,310325.0
562159,310325.0
562162,310325.0
562163,310325.0
562164,310325.0
563101,310325.0
563103,310325.0
563113,310325.0
563114,310325.0
563115,310325.0
563116,310325.0
563117,310325.0
563118,310325.0
563119,310325.0
563120,310325.0
563121,310325.0
563122,310325.0
563123,310325.0
563125,310325.0
563126,310325.0
563127,310325.0
563128,310325.0
563129,310325.0
563130,310325.0
563131,310325.0
563132,310325.0
563133,310325.0
563134,310325.0
563135,310325.0
563136,310325.0
563137,310325.0
563138,310325.0
563139,310325.0
563146,310325.0
563161,310325.0
563162,310325.0
570001,310325.0
570002,310325.0
570003,310325.0
570004,310325.0
570005,310325.0
570006,310325.0
570007,310325.0
570008,310325.0
570009,310325.0
570010,310325.0
570011,310325.0
570012,310325.0
570014,310325.0
570015,310325.0
570016,310325.0
570017,310325.0
570018,310325.0
570019,310325.0
570020,310325.0
570022,310325.0
570023,310325.0
570025,310325.0
570026,310325.0
570027,310325.0
570028,310325.0
570029,310325.0
570030,310325.0
570031,310325.0
571101,310325.0
571102,310325.0
571103,310325.0
571104,310325.0
571105,310325.0
571106,310325.0
571107,310325.0
571108,310325.0
571110,310325.0
571114,310325.0
571116,310325.0
571118,310325.0
571119,310325.0
571120,310325.0
571121,310325.0
571122,310325.0
571124,310325.0
571125,310325.0
571129,310325.0
571130,310325.0
571134,310325.0
571187,310325.0
571189,310325.0
571201,310325.0
571211,310325.0
571212,310325.0
571213,310325.0
571214,310325.0
571215,310325.0
571216,310325.0
571217,310325.0
571218,310325.0
571219,310325.0
571231,310325.0
571232,310325.0
571234,310325.0
571235,310325.0
571236,310325.0
571237,310325.0
571247,310325.0
571248,310325.0
571249,310325.0
571250,310325.0
571251,310325.0
571252,310325.0
571253,310325.0
571254,310325.0
571301,310325.0
571302,310325.0
571311,310325.0
571312,310325.0
571314,310325.0
571315,310325.0
571401,310325.0
571402,310325.0
571403,310325.0
571404,310325.0
571405,310325.0
571415,310325.0
571416,310325.0
571417,310325.0
571418,310325.0
571419,310325.0
571421,310325.0
571422,310325.0
571423,310325.0
571424,310325.0
571425,310325.0
571426,310325.0
571427,310325.0
571428,310325.0
571429,310325.0
571430,310325.0
571431,310325.0
571432,310325.0
571433,310325.0
571434,310325.0
571435,310325.0
571436,310325.0
571438,310325.0
571445,310325.0
571446,310325.0
571448,310325.0
571450,310325.0
571455,310325.0
571463,310325.0
571475,310325.0
571476,310325.0
571477,310325.0
571478,310325.0
571601,310325.0
571602,310325.0
571603,310325.0
571604,310325.0
571605,310325.0
571606,310325.0
571607,310325.0
571610,310325.0
571617,310325.0
571802,310325.0
571807,310325.0
571811,310325.0
571812,310325.0
572101,310325.0
572102,310325.0
572103,310325.0
572104,310325.0
572105,310325.0
572106,310325.0
572107,310325.0
572111,310325.0
572112,310325.0
572113,310325.0
572114,310325.0
572115,310325.0
572116,310325.0
572117,310325.0
572118,310325.0
572119,310325.0
572120,310325.0
572121,310325.0
572122,310325.0
572123,310325.0
572124,310325.0
572125,310325.0
572126,310325.0
572127,310325.0
572128,310325.0
572129,310325.0
572130,310325.0
572132,310325.0
572133,310325.0
572134,310325.0
572135,310325.0
572136,310325.0
572137,310325.0
572138,310325.0
572139,310325.0
572140,310325.0
572141,310325.0
572142,310325.0
572168,310325.0
572175,310325.0
572201,310325.0
572211,310325.0
572212,310325.0
572213,310325.0
572214,310325.0
572215,310325.0
572216,310325.0
572217,310325.0
572218,310325.0
572219,310325.0
572220,310325.0
572221,310325.0
572222,310325.0
572223,310325.0
572224,310325.0
572225,310325.0
572226,310325.0
572227,310325.0
572228,310325.0
573101,310325.0
573102,310325.0
573103,310325.0
573111,310325.0
573112,310325.0
573113,310325.0
573115,310325.0
573116,310325.0
573117,310325.0
573118,310325.0
573119,310325.0
573120,310325.0
573121,310325.0
573122,310325.0
573123,310325.0
573124,310325.0
573125,310325.0
573126,310325.0
573127,310325.0
573128,310325.0
573129,310325.0
573130,310325.0
573131,310325.0
573133,310325.0
573134,310325.0
573135,310325.0
573136,310325.0
573137,310325.0
573141,310325.0
573142,310325.0
573144,310325.0
573162,310325.0
573164,310325.0
573165,310325.0
573201,310325.0
573202,310325.0
573210,310325.0
573211,310325.0
573212,310325.0
573213,310325.0
573214,310325.0
573215,310325.0
573216,310325.0
573217,310325.0
573218,310325.0
573219,310325.0
573220,310325.0
573225,310325.0
574101,310325.0
574102,310325.0
574103,310325.0
574104,310325.0
574105,310325.0
574106,310325.0
574107,310325.0
574108,310325.0
574109,310325.0
574110,310325.0
574111,310325.0
574112,310325.0
574113,310325.0
574114,310325.0
574115,310325.0
574116,310325.0
574117,310325.0
574118,310325.0
574119,310325.0
574122,310325.0
574129,310325.0
574141,310325.0
574142,310325.0
574143,310325.0
574144,310325.0
574145,310325.0
574146,310325.0
574148,310325.0
574150,310325.0
574151,310325.0
574153,310325.0
574154,310325.0
574197,310325.0
574198,310325.0
574199,310325.0
574201,310325.0
574202,310325.0
574203,310325.0
574210,310325.0
574211,310325.0
574212,310325.0
574213,310325.0
574214,310325.0
574216,310325.0
574217,310325.0
574218,310325.0
574219,310325.0
574220,310325.0
574221,310325.0
574222,310325.0
574223,310325.0
574224,310325.0
574225,310325.0
574226,310325.0
574227,310325.0
574228,310325.0
574229,310325.0
574230,310325.0
574231,310325.0
574232,310325.0
574233,310325.0
574234,310325.0
574235,310325.0
574236,310325.0
574237,310325.0
574238,310325.0
574239,310325.0
574240,310325.0
574241,310325.0
574242,310325.0
574243,310325.0
574244,310325.0
574248,310325.0
574253,310325.0
574259,310325.0
574260,310325.0
574265,310325.0
574267,310325.0
574274,310325.0
574279,310325.0
574285,310325.0
574313,310325.0
574314,310325.0
574323,310325.0
574324,310325.0
574325,310325.0
574326,310325.0
574327,310325.0
574328,310325.0
574509,310325.0
575001,310325.0
575002,310325.0
575003,310325.0
575004,310325.0
575005,310325.0
575006,310325.0
575007,310325.0
575008,310325.0
575010,310325.0
575011,310325.0
575013,310325.0
575014,310325.0
575015,310325.0
575016,310325.0
575017,310325.0
575018,310325.0
575019,310325.0
575020,310325.0
575022,310325.0
575023,310325.0
575025,310325.0
575028,310325.0
575029,310325.0
575030,310325.0
576101,310325.0
576102,310325.0
576103,310325.0
576104,310325.0
576105,310325.0
576106,310325.0
576107,310325.0
576108,310325.0
576111,310325.0
576112,310325.0
576113,310325.0
576114,310325.0
576115,310325.0
576117,310325.0
576120,310325.0
576121,310325.0
576122,310325.0
576124,310325.0
576201,310325.0
576210,310325.0
576211,310325.0
576212,310325.0
576213,310325.0
576214,310325.0
576215,310325.0
576216,310325.0
576217,310325.0
576218,310325.0
576219,310325.0
576220,310325.0
576221,310325.0
576222,310325.0
576223,310325.0
576224,310325.0
576225,310325.0
576226,310325.0
576227,310325.0
576228,310325.0
576229,310325.0
576230,310325.0
576231,310325.0
576232,310325.0
576233,310325.0
576234,310325.0
576235,310325.0
576247,310325.0
576257,310325.0
576282,310325.0
576283,310325.0
577101,310325.0
577115,310325.0
577201,310325.0
577202,310325.0
577203,310325.0
577204,310325.0
577205,310325.0
577211,310325.0
577214,310325.0
577216,310325.0
577220,310325.0
577222,310325.0
577226,310325.0
577227,310325.0
577229,310325.0
577232,310325.0
577233,310325.0
577243,310325.0
577245,310325.0
577301,310325.0
577302,310325.0
577401,310325.0
577411,310325.0
577412,310325.0
577413,310325.0
577414,310325.0
577415,310325.0
577416,310325.0
577417,310325.0
577418,310325.0
577419,310325.0
577421,310325.0
577422,310325.0
577423,310325.0
577424,310325.0
577425,310325.0
577426,310325.0
577427,310325.0
577428,310325.0
577429,310325.0
577430,310325.0
577431,310325.0
577432,310325.0
577433,310325.0
577434,310325.0
577435,310325.0
577436,310325.0
577451,310325.0
577452,310325.0
577453,310325.0
577501,310325.0
577502,310325.0
577511,310325.0
577515,310325.0
577517,310325.0
577518,310325.0
577519,310325.0
577520,310325.0
577521,310325.0
577522,310325.0
577523,310325.0
577524,310325.0
577526,310325.0
577527,310325.0
577529,310325.0
577531,310325.0
577532,310325.0
577533,310325.0
577535,310325.0
577536,310325.0
577537,310325.0
577538,310325.0
577539,310325.0
577540,310325.0
577541,310325.0
577542,310325.0
577543,310325.0
577544,310325.0
577545,310325.0
577546,310325.0
577554,310325.0
577555,310325.0
577557,310325.0
577558,310325.0
577596,310325.0
577597,310325.0
577598,310325.0
577599,310325.0
580001,310325.0
580002,310325.0
580003,310325.0
580004,310325.0
580005,310325.0
580006,310325.0
580007,310325.0
580008,310325.0
580009,310325.0
580011,310325.0
580020,310325.0
580021,310325.0
580023,310325.0
580024,310325.0
580025,310325.0
580026,310325.0
580028,310325.0
580029,310325.0
580030,310325.0
580031,310325.0
580032,310325.0
580112,310325.0
580114,310325.0
580118,310325.0
581101,310325.0
581102,310325.0
581103,310325.0
581104,310325.0
581105,310325.0
581106,310325.0
581107,310325.0
581108,310325.0
581109,310325.0
581110,310325.0
581111,310325.0
581112,310325.0
581113,310325.0
581115,310325.0
581116,310325.0
581117,310325.0
581118,310325.0
581119,310325.0
581120,310325.0
581121,310325.0
581123,310325.0
581126,310325.0
581128,310325.0
581129,310325.0
581145,310325.0
581148,310325.0
581186,310325.0
581187,310325.0
581193,310325.0
581195,310325.0
581196,310325.0
581198,310325.0
581201,310325.0
581202,310325.0
581203,310325.0
581204,310325.0
581205,310325.0
581206,310325.0
581207,310325.0
581208,310325.0
581209,310325.0
581210,310325.0
581211,310325.0
581212,310325.0
581213,310325.0
581301,310325.0
581302,310325.0
581303,310325.0
581304,310325.0
581306,310325.0
581307,310325.0
581308,310325.0
581314,310325.0
581315,310325.0
581316,310325.0
581317,310325.0
581318,310325.0
581319,310325.0
581320,310325.0
581321,310325.0
581322,310325.0
581323,310325.0
581324,310325.0
581325,310325.0
581326,310325.0
581327,310325.0
581328,310325.0
581329,310325.0
581330,310325.0
581331,310325.0
581332,310325.0
581333,310325.0
581334,310325.0
581335,310325.0
581336,310325.0
581337,310325.0
581338,310325.0
581339,310325.0
581340,310325.0
581341,310325.0
581342,310325.0
581343,310325.0
581344,310325.0
581345,310325.0
581346,310325.0
581347,310325.0
581348,310325.0
581349,310325.0
581350,310325.0
581351,310325.0
581352,310325.0
581353,310325.0
581354,310325.0
581355,310325.0
581356,310325.0
581357,310325.0
581358,310325.0
581359,310325.0
581360,310325.0
581361,310325.0
581362,310325.0
581363,310325.0
581365,310325.0
581384,310325.0
581396,310325.0
581400,310325.0
581401,310325.0
581402,310325.0
581403,310325.0
581411,310325.0
581412,310325.0
581421,310325.0
581423,310325.0
581440,310325.0
581450,310325.0
581453,310325.0
582101,310325.0
582102,310325.0
582103,310325.0
582111,310325.0
582112,310325.0
582113,310325.0
582114,310325.0
582115,310325.0
582116,310325.0
582117,310325.0
582118,310325.0
582119,310325.0
582120,310325.0
582201,310325.0
582202,310325.0
582203,310325.0
582204,310325.0
582205,310325.0
582206,310325.0
582207,310325.0
582208,310325.0
582209,310325.0
582210,310325.0
582211,310325.0
583101,310325.0
583102,310325.0
583103,310325.0
583104,310325.0
583111,310325.0
583112,310325.0
583113,310325.0
583114,310325.0
583115,310325.0
583116,310325.0
583117,310325.0
583118,310325.0
583119,310325.0
583120,310325.0
583121,310325.0
583122,310325.0
583123,310325.0
583124,310325.0
583126,310325.0
583128,310325.0
583129,310325.0
583130,310325.0
583132,310325.0
583134,310325.0
583135,310325.0
583136,310325.0
583152,310325.0
583201,310325.0
583203,310325.0
583211,310325.0
583212,310325.0
583214,310325.0
583215,310325.0
583216,310325.0
583217,310325.0
583218,310325.0
583219,310325.0
583220,310325.0
583221,310325.0
583222,310325.0
583223,310325.0
583224,310325.0
583225,310325.0
583226,310325.0
583227,310325.0
583228,310325.0
583229,310325.0
583230,310325.0
583231,310325.0
583232,310325.0
583233,310325.0
583234,310325.0
583235,310325.0
583236,310325.0
583237,310325.0
583238,310325.0
583239,310325.0
583268,310325.0
583275,310325.0
583276,310325.0
583277,310325.0
583278,310325.0
583279,310325.0
583280,310325.0
583281,310325.0
583282,310325.0
583283,310325.0
584101,310325.0
584102,310325.0
584103,310325.0
584104,310325.0
584111,310325.0
584113,310325.0
584115,310325.0
584116,310325.0
584118,310325.0
584120,310325.0
584122,310325.0
584123,310325.0
584124,310325.0
584125,310325.0
584126,310325.0
584127,310325.0
584128,310325.0
584129,310325.0
584132,310325.0
584133,310325.0
584134,310325.0
584135,310325.0
584136,310325.0
584138,310325.0
584139,310325.0
584140,310325.0
584143,310325.0
584167,310325.0
584170,310325.0
584202,310325.0
584203,310325.0
585101,310325.0
585102,310325.0
585103,310325.0
585104,310325.0
585105,310325.0
585106,310325.0
585201,310325.0
585202,310325.0
585210,310325.0
585211,310325.0
585212,310325.0
585213,310325.0
585214,310325.0
585215,310325.0
585216,310325.0
585217,310325.0
585218,310325.0
585219,310325.0
585220,310325.0
585221,310325.0
585222,310325.0
585223,310325.0
585224,310325.0
585225,310325.0
585226,310325.0
585227,310325.0
585228,310325.0
585236,310325.0
585237,310325.0
585265,310325.0
585287,310325.0
585290,310325.0
585291,310325.0
585292,310325.0
585301,310325.0
585302,310325.0
585303,310325.0
585304,310325.0
585305,310325.0
585306,310325.0
585307,310325.0
585308,310325.0
585309,310325.0
585310,310325.0
585311,310325.0
585312,310325.0
585313,310325.0
585314,310325.0
585315,310325.0
585316,310325.0
585317,310325.0
585318,310325.0
585319,310325.0
585320,310325.0
585321,310325.0
585322,310325.0
585323,310325.0
585324,310325.0
585325,310325.0
585326,310325.0
585327,310325.0
585328,310325.0
585329,310325.0
585330,310325.0
585331,310325.0
585353,310325.0
585355,310325.0
585367,310325.0
585401,310325.0
585402,310325.0
585403,310325.0
585411,310325.0
585412,310325.0
585413,310325.0
585414,310325.0
585416,310325.0
585417,310325.0
585418,310325.0
585419,310325.0
585421,310325.0
585436,310325.0
585437,310325.0
585443,310325.0
585444,310325.0
586101,310325.0
586103,310325.0
586104,310325.0
586108,310325.0
586109,310325.0
586111,310325.0
586112,310325.0
586113,310325.0
586114,310325.0
586115,310325.0
586116,310325.0
586117,310325.0
586118,310325.0
586119,310325.0
586120,310325.0
586121,310325.0
586122,310325.0
586123,310325.0
586124,310325.0
586125,310325.0
586127,310325.0
586128,310325.0
586129,310325.0
586130,310325.0
586201,310325.0
586202,310325.0
586203,310325.0
586204,310325.0
586205,310325.0
586206,310325.0
586207,310325.0
586208,310325.0
586209,310325.0
586210,310325.0
586211,310325.0
586212,310325.0
586213,310325.0
586214,310325.0
586215,310325.0
586216,310325.0
586217,310325.0
587101,310325.0
587102,310325.0
587103,310325.0
587104,310325.0
587111,310325.0
587112,310325.0
587113,310325.0
587114,310325.0
587115,310325.0
587116,310325.0
587117,310325.0
587118,310325.0
587119,310325.0
587120,310325.0
587121,310325.0
587122,310325.0
587124,310325.0
587125,310325.0
587154,310325.0
587155,310325.0
587201,310325.0
587202,310325.0
587203,310325.0
587204,310325.0
587205,310325.0
587206,310325.0
587207,310325.0
587301,310325.0
587311,310325.0
587312,310325.0
587313,310325.0
587314,310325.0
587315,310325.0
587316,310325.0
587330,310325.0
590001,310325.0
590003,310325.0
590005,310325.0
590006,310325.0
590008,310325.0
590009,310325.0
590010,310325.0
590011,310325.0
590014,310325.0
590015,310325.0
590016,310325.0
590017,310325.0
590018,310325.0
590019,310325.0
590020,310325.0
591101,310325.0
591102,310325.0
591103,310325.0
591104,310325.0
591106,310325.0
591107,310325.0
591108,310325.0
591109,310325.0
591110,310325.0
591111,310325.0
591112,310325.0
591113,310325.0
591114,310325.0
591115,310325.0
591117,310325.0
591118,310325.0
591119,310325.0
591120,310325.0
591121,310325.0
591122,310325.0
591123,310325.0
591124,310325.0
591125,310325.0
591126,310325.0
591127,310325.0
591128,310325.0
591129,310325.0
591130,310325.0
591131,310325.0
591136,310325.0
591143,310325.0
591147,310325.0
591153,310325.0
591156,310325.0
591173,310325.0
591201,310325.0
591211,310325.0
591212,310325.0
591213,310325.0
591214,310325.0
591215,310325.0
591216,310325.0
591217,310325.0
591218,310325.0
591219,310325.0
591220,310325.0
591221,310325.0
591222,310325.0
591223,310325.0
591224,310325.0
591225,310325.0
591226,310325.0
591227,310325.0
591228,310325.0
591229,310325.0
591230,310325.0
591231,310325.0
591232,310325.0
591233,310325.0
591234,310325.0
591235,310325.0
591236,310325.0
591237,310325.0
591238,310325.0
591239,310325.0
591240,310325.0
591241,310325.0
591242,310325.0
591243,310325.0
591244,310325.0
591246,310325.0
591247,310325.0
591248,310325.0
591254,310325.0
591263,310325.0
591265,310325.0
591287,310325.0
591301,310325.0
591302,310325.0
591303,310325.0
591304,310325.0
591305,310325.0
591306,310325.0
591307,310325.0
591308,310325.0
591309,310325.0
591310,310325.0
591311,310325.0
591312,310325.0
591313,310325.0
591314,310325.0
591315,310325.0
591316,310325.0
591317,310325.0
591340,310325.0
591344,310325.0
591345,310325.0
591346,310325.0
600001,275272.0
600002,275272.0
600003,275272.0
600004,275272.0
600005,275272.0
600006,275272.0
600007,275272.0
600008,275272.0
600009,275272.0
600010,275272.0
600011,275272.0
600012,275272.0
600013,275272.0
600014,275272.0
600015,275272.0
600017,275272.0
600018,275272.0
600020,275272.0
600021,275272.0
600022,275272.0
600023,275272.0
600024,275272.0
600025,275272.0
600026,275272.0
600028,275272.0
600030,275272.0
600031,275272.0
600032,275272.0
600033,275272.0
600034,275272.0
600035,275272.0
600036,275272.0
600038,275272.0
600039,275272.0
600040,275272.0
600041,275272.0
600042,275272.0
600078,275272.0
600081,275272.0
600082,275272.0
600083,275272.0
600084,275272.0
600085,275272.0
600086,275272.0
600090,275272.0
600092,275272.0
600093,275272.0
600094,275272.0
600101,275272.0
600102,275272.0
600104,275272.0
600106,275272.0
600107,275272.0
600113,275272.0
600118,275272.0
601103,275272.0
604302,275272.0
604401,275272.0
604402,275272.0
604403,275272.0
604404,275272.0
604405,275272.0
604406,275272.0
604407,275272.0
604408,275272.0
604409,275272.0
604410,275272.0
604501,275272.0
604502,275272.0
604503,275272.0
604504,275272.0
604505,275272.0
604601,275272.0
605005,231231.0
606001,275272.0
606003,275272.0
606103,275272.0
606104,275272.0
606105,275272.0
606106,275272.0
606108,275272.0
606110,275272.0
606111,275272.0
606302,275272.0
606303,275272.0
606304,275272.0
606601,275272.0
606603,275272.0
606604,275272.0
606611,275272.0
606701,275272.0
606702,275272.0
606703,275272.0
606704,275272.0
606705,275272.0
606706,275272.0
606707,275272.0
606708,275272.0
606709,275272.0
606710,275272.0
606751,275272.0
606752,275272.0
606753,275272.0
606754,275272.0
606755,275272.0
606801,275272.0
606802,275272.0
606803,275272.0
606804,275272.0
606805,275272.0
606806,275272.0
606807,275272.0
606808,275272.0
606811,275272.0
606901,275272.0
606902,275272.0
606903,275272.0
606904,275272.0
606905,275272.0
606906,275272.0
606907,275272.0
606908,275272.0
607001,275272.0
607002,275272.0
607003,275272.0
607004,275272.0
607005,275272.0
607006,275272.0
607101,275272.0
607102,275272.0
607103,275272.0
607104,275272.0
607105,275272.0
607106,275272.0
607108,275272.0
607109,275272.0
607112,275272.0
607205,275272.0
607301,275272.0
607302,275272.0
607303,275272.0
607308,275272.0
607401,275272.0
607801,275272.0
607802,275272.0
607803,275272.0
607804,275272.0
607805,275272.0
607807,275272.0
608001,275272.0
608002,275272.0
608102,275272.0
608201,275272.0
608301,275272.0
608302,275272.0
608303,275272.0
608304,275272.0
608305,275272.0
608306,275272.0
608401,275272.0
608501,275272.0
608502,275272.0
608601,275272.0
608602,275272.0
608701,275272.0
608702,275272.0
608703,275272.0
608704,275272.0
608801,275272.0
608901,275272.0
609001,275272.0
609003,275272.0
609101,275272.0
609102,275272.0
609103,275272.0
609104,275272.0
609105,275272.0
609106,275272.0
609107,275272.0
609108,275272.0
609109,275272.0
609110,275272.0
609111,275272.0
609112,275272.0
609113,275272.0
609114,275272.0
609115,275272.0
609116,275272.0
609117,275272.0
609118,275272.0
609201,275272.0
609202,275272.0
609203,275272.0
609204,275272.0
609205,275272.0
609301,275272.0
609302,275272.0
609303,275272.0
609304,275272.0
609305,275272.0
609306,275272.0
609307,275272.0
609308,275272.0
609309,275272.0
609310,275272.0
609311,275272.0
609312,275272.0
609313,275272.0
609314,275272.0
609401,275272.0
609402,275272.0
609404,275272.0
609604,231231.0
609701,275272.0
609702,275272.0
609703,275272.0
609704,275272.0
609801,275272.0
609802,275272.0
609803,275272.0
609804,275272.0
609805,275272.0
609806,275272.0
609807,275272.0
609808,275272.0
609810,275272.0
609811,275272.0
610201,275272.0
610204,275272.0
610207,275272.0
611001,275272.0
611002,275272.0
611003,275272.0
611102,275272.0
611103,275272.0
611104,275272.0
611105,275272.0
611106,275272.0
611108,275272.0
611109,275272.0
611110,275272.0
611111,275272.0
611112,275272.0
612001,275272.0
612002,275272.0
612101,275272.0
612102,275272.0
612103,275272.0
612104,275272.0
612105,275272.0
612106,275272.0
612201,275272.0
612202,275272.0
612203,275272.0
612204,275272.0
612301,275272.0
612302,275272.0
612303,275272.0
612401,275272.0
612402,275272.0
612501,275272.0
612502,275272.0
612503,275272.0
612504,275272.0
612602,275272.0
612605,275272.0
612702,275272.0
612703,275272.0
612901,275272.0
612902,275272.0
612903,275272.0
612904,275272.0
613001,275272.0
613002,275272.0
613003,275272.0
613004,275272.0
613005,275272.0
613006,275272.0
613007,275272.0
613009,275272.0
613010,275272.0
613101,275272.0
613102,275272.0
613103,275272.0
613104,275272.0
613105,275272.0
613201,275272.0
613202,275272.0
613203,275272.0
613204,275272.0
613205,275272.0
613301,275272.0
613303,275272.0
613401,275272.0
613402,275272.0
613403,275272.0
613501,275272.0
613502,275272.0
613503,275272.0
613504,275272.0
613601,275272.0
613602,275272.0
613702,275272.0
614019,275272.0
614101,275272.0
614201,275272.0
614202,275272.0
614203,275272.0
614204,275272.0
614205,275272.0
614206,275272.0
614207,275272.0
614208,275272.0
614210,275272.0
614211,275272.0
614301,275272.0
614302,275272.0
614303,275272.0
614401,275272.0
614402,275272.0
614601,275272.0
614602,275272.0
614612,275272.0
614613,275272.0
614614,275272.0
614615,275272.0
614616,275272.0
614617,275272.0
614618,275272.0
614619,275272.0
614620,275272.0
614621,275272.0
614622,275272.0
614623,275272.0
614624,275272.0
614625,275272.0
614626,275272.0
614628,275272.0
614629,275272.0
614630,275272.0
614701,275272.0
614707,275272.0
614711,275272.0
614712,275272.0
614714,275272.0
614723,275272.0
614801,275272.0
614802,275272.0
614803,275272.0
614804,275272.0
614805,275272.0
614806,275272.0
614807,275272.0
614808,275272.0
614809,275272.0
614810,275272.0
614901,275272.0
614902,275272.0
614903,275272.0
614904,275272.0
614905,275272.0
614906,275272.0
620001,275272.0
620002,275272.0
620003,275272.0
620004,275272.0
620005,275272.0
620006,275272.0
620007,275272.0
620008,275272.0
620009,275272.0
620010,275272.0
620011,275272.0
620012,275272.0
620013,275272.0
620014,275272.0
620015,275272.0
620016,275272.0
620017,275272.0
620018,275272.0
620019,275272.0
620020,275272.0
620021,275272.0
620022,275272.0
620023,275272.0
620024,275272.0
620025,275272.0
620026,275272.0
620101,275272.0
620102,275272.0
621001,275272.0
621002,275272.0
621003,275272.0
621004,275272.0
621005,275272.0
621006,275272.0
621007,275272.0
621008,275272.0
621009,275272.0
621010,275272.0
621011,275272.0
621012,275272.0
621014,275272.0
621101,275272.0
621102,275272.0
621103,275272.0
621104,275272.0
621105,275272.0
621106,275272.0
621107,275272.0
621108,275272.0
621109,275272.0
621110,275272.0
621111,275272.0
621112,275272.0
621113,275272.0
621114,275272.0
621115,275272.0
621116,275272.0
621117,275272.0
621118,275272.0
621133,275272.0
621202,275272.0
621203,275272.0
621204,275272.0
621205,275272.0
621206,275272.0
621207,275272.0
621208,275272.0
621209,275272.0
621210,275272.0
621211,275272.0
621212,275272.0
621213,275272.0
621214,275272.0
621215,275272.0
621216,275272.0
621217,275272.0
621218,275272.0
621219,275272.0
621220,275272.0
621301,275272.0
621302,275272.0
621305,275272.0
621306,275272.0
621307,275272.0
621308,275272.0
621310,275272.0
621311,275272.0
621312,275272.0
621313,275272.0
621314,275272.0
621315,275272.0
621316,275272.0
621601,275272.0
621651,275272.0
621652,275272.0
621653,275272.0
621701,275272.0
621702,275272.0
621703,275272.0
621704,275272.0
621705,275272.0
621706,275272.0
621707,275272.0
621708,275272.0
621709,275272.0
621710,275272.0
621711,275272.0
621712,275272.0
621713,275272.0
621714,275272.0
621715,275272.0
621716,275272.0
621717,275272.0
621718,275272.0
621719,275272.0
621722,275272.0
621729,275272.0
621730,275272.0
621801,275272.0
621802,275272.0
621803,275272.0
621804,275272.0
621805,275272.0
621806,275272.0
621851,275272.0
622001,275272.0
622002,275272.0
622003,275272.0
622004,275272.0
622005,275272.0
622101,275272.0
622102,275272.0
622103,275272.0
622104,275272.0
622201,275272.0
622202,275272.0
622203,275272.0
622204,275272.0
622209,275272.0
622301,275272.0
622302,275272.0
622303,275272.0
622304,275272.0
622401,275272.0
622402,275272.0
622403,275272.0
622404,275272.0
622407,275272.0
622409,275272.0
622411,275272.0
622412,275272.0
622422,275272.0
622501,275272.0
622502,275272.0
622503,275272.0
622504,275272.0
622505,275272.0
622506,275272.0
622507,275272.0
622515,275272.0
623115,275272.0
623120,275272.0
623135,275272.0
623308,275272.0
623315,275272.0
623401,275272.0
623402,275272.0
623403,275272.0
623404,275272.0
623406,275272.0
623407,275272.0
623409,275272.0
623501,275272.0
623502,275272.0
623503,275272.0
623504,275272.0
623512,275272.0
623513,275272.0
623514,275272.0
623515,275272.0
623516,275272.0
623517,275272.0
623518,275272.0
623519,275272.0
623520,275272.0
623521,275272.0
623522,275272.0
623523,275272.0
623524,275272.0
623525,275272.0
623526,275272.0
623527,275272.0
623528,275272.0
623529,275272.0
623530,275272.0
623531,275272.0
623532,275272.0
623533,275272.0
623534,275272.0
623536,275272.0
623537,275272.0
623538,275272.0
623566,275272.0
623601,275272.0
623603,275272.0
623604,275272.0
623605,275272.0
623608,275272.0
623701,275272.0
623703,275272.0
623704,275272.0
623705,275272.0
623706,275272.0
623707,275272.0
623708,275272.0
623711,275272.0
623712,275272.0
623806,275272.0
624001,275272.0
624002,275272.0
624003,275272.0
624004,275272.0
624005,275272.0
624101,275272.0
624103,275272.0
624201,275272.0
624202,275272.0
624204,275272.0
624206,275272.0
624208,275272.0
624210,275272.0
624211,275272.0
624212,275272.0
624215,275272.0
624216,275272.0
624219,275272.0
624220,275272.0
624301,275272.0
624302,275272.0
624303,275272.0
624304,275272.0
624306,275272.0
624307,275272.0
624308,275272.0
624401,275272.0
624402,275272.0
624403,275272.0
624601,275272.0
624610,275272.0
624612,275272.0
624613,275272.0
624614,275272.0
624615,275272.0
624616,275272.0
624617,275272.0
624618,275272.0
624619,275272.0
624620,275272.0
624621,275272.0
624622,275272.0
624701,275272.0
624702,275272.0
624703,275272.0
624704,275272.0
624705,275272.0
624706,275272.0
624707,275272.0
624708,275272.0
624709,275272.0
624710,275272.0
624711,275272.0
624712,275272.0
624801,275272.0
624802,275272.0
625001,275272.0
625002,275272.0
625003,275272.0
625004,275272.0
625005,275272.0
625006,275272.0
625007,275272.0
625008,275272.0
625009,275272.0
625011,275272.0
625012,275272.0
625014,275272.0
625016,275272.0
625017,275272.0
625018,275272.0
625019,275272.0
625020,275272.0
625021,275272.0
625022,275272.0
625023,275272.0
625101,275272.0
625102,275272.0
625103,275272.0
625104,275272.0
625105,275272.0
625106,275272.0
625107,275272.0
625108,275272.0
625109,275272.0
625110,275272.0
625122,275272.0
625201,275272.0
625203,275272.0
625205,275272.0
625207,275272.0
625214,275272.0
625218,275272.0
625221,275272.0
625234,275272.0
625301,275272.0
625402,275272.0
625501,275272.0
625503,275272.0
625512,275272.0
625513,275272.0
625514,275272.0
625515,275272.0
625516,275272.0
625517,275272.0
625518,275272.0
625520,275272.0
625521,275272.0
625522,275272.0
625523,275272.0
625524,275272.0
625525,275272.0
625526,275272.0
625527,275272.0
625528,275272.0
625529,275272.0
625530,275272.0
625531,275272.0
625532,275272.0
625533,275272.0
625534,275272.0
625535,275272.0
625536,275272.0
625537,275272.0
625540,275272.0
625556,275272.0
625562,275272.0
625579,275272.0
625582,275272.0
625601,275272.0
625602,275272.0
625603,275272.0
625604,275272.0
625605,275272.0
625701,275272.0
625702,275272.0
625703,275272.0
625704,275272.0
625705,275272.0
625706,275272.0
625707,275272.0
625708,275272.0
626001,275272.0
626002,275272.0
626003,275272.0
626004,275272.0
626005,275272.0
626101,275272.0
626102,275272.0
626103,275272.0
626104,275272.0
626105,275272.0
626106,275272.0
626107,275272.0
626108,275272.0
626109,275272.0
626110,275272.0
626111,275272.0
626112,275272.0
626113,275272.0
626114,275272.0
626115,275272.0
626116,275272.0
626117,275272.0
626118,275272.0
626119,275272.0
626121,275272.0
626122,275272.0
626123,275272.0
626124,275272.0
626125,275272.0
626126,275272.0
626127,275272.0
626128,275272.0
626129,275272.0
626130,275272.0
626131,275272.0
626132,275272.0
626133,275272.0
626134,275272.0
626135,275272.0
626136,275272.0
626137,275272.0
626138,275272.0
626139,275272.0
626140,275272.0
626141,275272.0
626142,275272.0
626149,275272.0
626188,275272.0
626189,275272.0
626201,275272.0
626202,275272.0
626203,275272.0
626204,275272.0
626205,275272.0
626607,275272.0
626612,275272.0
627001,275272.0
627002,275272.0
627003,275272.0
627004,275272.0
627005,275272.0
627006,275272.0
627007,275272.0
627008,275272.0
627009,275272.0
627010,275272.0
627011,275272.0
627012,275272.0
627101,275272.0
627102,275272.0
627103,275272.0
627104,275272.0
627105,275272.0
627106,275272.0
627107,275272.0
627108,275272.0
627109,275272.0
627110,275272.0
627111,275272.0
627112,275272.0
627113,275272.0
627114,275272.0
627115,275272.0
627116,275272.0
627117,275272.0
627118,275272.0
627119,275272.0
627120,275272.0
627127,275272.0
627133,275272.0
627151,275272.0
627152,275272.0
627201,275272.0
627202,275272.0
627351,275272.0
627352,275272.0
627353,275272.0
627354,275272.0
627355,275272.0
627356,275272.0
627357,275272.0
627358,275272.0
627359,275272.0
627401,275272.0
627412,275272.0
627413,275272.0
627414,275272.0
627415,275272.0
627416,275272.0
627417,275272.0
627418,275272.0
627420,275272.0
627421,275272.0
627422,275272.0
627423,275272.0
627424,275272.0
627425,275272.0
627426,275272.0
627427,275272.0
627428,275272.0
627451,275272.0
627452,275272.0
627453,275272.0
627501,275272.0
627502,275272.0
627601,275272.0
627602,275272.0
627603,275272.0
627604,275272.0
627651,275272.0
627652,275272.0
627654,275272.0
627657,275272.0
627713,275272.0
627719,275272.0
627751,275272.0
627753,275272.0
627754,275272.0
627755,275272.0
627756,275272.0
627757,275272.0
627758,275272.0
627759,275272.0
627760,275272.0
627761,275272.0
627764,275272.0
627802,275272.0
627803,275272.0
627804,275272.0
627805,275272.0
627806,275272.0
627807,275272.0
627808,275272.0
627809,275272.0
627811,275272.0
627812,275272.0
627813,275272.0
627814,275272.0
627818,275272.0
627851,275272.0
627852,275272.0
627853,275272.0
627854,275272.0
627855,275272.0
627856,275272.0
627857,275272.0
627858,275272.0
627859,275272.0
627860,275272.0
627861,275272.0
627862,275272.0
627951,275272.0
627953,275272.0
628001,275272.0
630001,275272.0
630002,275272.0
630003,275272.0
630005,275272.0
630101,275272.0
630102,275272.0
630103,275272.0
630104,275272.0
630105,275272.0
630106,275272.0
630107,275272.0
630108,275272.0
630201,275272.0
630202,275272.0
630203,275272.0
630204,275272.0
630205,275272.0
630206,275272.0
630207,275272.0
630208,275272.0
630210,275272.0
630211,275272.0
630212,275272.0
630301,275272.0
630302,275272.0
630303,275272.0
630305,275272.0
630306,275272.0
630307,275272.0
630309,275272.0
630311,275272.0
630312,275272.0
630313,275272.0
630314,275272.0
630321,275272.0
630405,275272.0
630408,275272.0
630410,275272.0
630411,275272.0
630501,275272.0
630502,275272.0
630551,275272.0
630552,275272.0
630553,275272.0
630554,275272.0
630555,275272.0
630556,275272.0
630557,275272.0
630558,275272.0
630559,275272.0
630561,275272.0
630562,275272.0
630566,275272.0
630602,275272.0
630606,275272.0
630609,275272.0
630610,275272.0
630611,275272.0
630612,275272.0
630702,275272.0
630709,275272.0
630710,275272.0
630713,275272.0
631001,275272.0
631002,275272.0
631003,275272.0
631004,275272.0
631005,275272.0
631006,275272.0
631051,275272.0
631052,275272.0
631101,275272.0
631102,275272.0
631151,275272.0
631152,275272.0
631501,275272.0
631701,275272.0
631702,275272.0
632001,275272.0
632002,275272.0
632004,275272.0
632006,275272.0
632007,275272.0
632008,275272.0
632009,275272.0
632010,275272.0
632011,275272.0
632012,275272.0
632013,275272.0
632014,275272.0
632055,275272.0
632057,275272.0
632058,275272.0
632059,275272.0
632101,275272.0
632102,275272.0
632103,275272.0
632104,275272.0
632105,275272.0
632106,275272.0
632107,275272.0
632113,275272.0
632114,275272.0
632115,275272.0
632201,275272.0
632202,275272.0
632203,275272.0
632204,275272.0
632209,275272.0
632301,275272.0
632311,275272.0
632312,275272.0
632313,275272.0
632314,275272.0
632315,275272.0
632316,275272.0
632317,275272.0
632318,275272.0
632319,275272.0
632326,275272.0
632401,275272.0
632403,275272.0
632404,275272.0
632405,275272.0
632406,275272.0
632501,275272.0
632502,275272.0
632503,275272.0
632504,275272.0
632505,275272.0
632506,275272.0
632507,275272.0
632508,275272.0
632509,275272.0
632510,275272.0
632511,275272.0
632512,275272.0
632513,275272.0
632514,275272.0
632515,275272.0
632516,275272.0
632517,275272.0
632518,275272.0
632519,275272.0
632520,275272.0
632521,275272.0
632531,275272.0
632601,275272.0
632602,275272.0
632603,275272.0
632604,275272.0
635001,275272.0
635002,275272.0
635101,275272.0
635102,275272.0
635103,275272.0
635104,275272.0
635105,275272.0
635106,275272.0
635107,275272.0
635108,275272.0
635109,275272.0
635110,275272.0
635111,275272.0
635112,275272.0
635113,275272.0
635114,275272.0
635115,275272.0
635116,275272.0
635117,275272.0
635118,275272.0
635119,275272.0
635120,275272.0
635121,275272.0
635122,275272.0
635123,275272.0
635124,275272.0
635126,275272.0
635201,275272.0
635202,275272.0
635203,275272.0
635204,275272.0
635205,275272.0
635206,275272.0
635207,275272.0
635301,275272.0
635302,275272.0
635303,275272.0
635304,275272.0
635305,275272.0
635306,275272.0
635307,275272.0
635601,275272.0
635602,275272.0
635651,275272.0
635652,275272.0
635653,275272.0
635654,275272.0
635655,275272.0
635701,275272.0
635702,275272.0
635703,275272.0
635710,275272.0
635751,275272.0
635752,275272.0
635754,275272.0
635801,275272.0
635802,275272.0
635803,275272.0
635804,275272.0
635805,275272.0
635806,275272.0
635807,275272.0
635808,275272.0
635809,275272.0
635810,275272.0
635811,275272.0
635812,275272.0
635813,275272.0
635814,275272.0
635815,275272.0
635851,275272.0
635852,275272.0
635853,275272.0
635854,275272.0
635901,275272.0
636001,275272.0
636002,275272.0
636003,275272.0
636004,275272.0
636005,275272.0
636006,275272.0
636007,275272.0
636008,275272.0
636009,275272.0
636010,275272.0
636011,275272.0
636012,275272.0
636013,275272.0
636014,275272.0
636015,275272.0
636016,275272.0
636030,275272.0
636101,275272.0
636102,275272.0
636103,275272.0
636104,275272.0
636105,275272.0
636106,275272.0
636107,275272.0
636108,275272.0
636109,275272.0
636110,275272.0
636111,275272.0
636112,275272.0
636113,275272.0
636114,275272.0
636115,275272.0
636116,275272.0
636117,275272.0
636118,275272.0
636119,275272.0
636121,275272.0
636122,275272.0
636138,275272.0
636139,275272.0
636140,275272.0
636141,275272.0
636142,275272.0
636201,275272.0
636202,275272.0
636203,275272.0
636204,275272.0
636301,275272.0
636302,275272.0
636303,275272.0
636304,275272.0
636305,275272.0
636306,275272.0
636307,275272.0
636308,275272.0
636309,275272.0
636351,275272.0
636352,275272.0
636354,275272.0
636401,275272.0
636402,275272.0
636403,275272.0
636404,275272.0
636406,275272.0
636451,275272.0
636452,275272.0
636453,275272.0
636454,275272.0
636455,275272.0
636456,275272.0
636457,275272.0
636458,275272.0
636501,275272.0
636502,275272.0
636503,275272.0
636601,275272.0
636602,275272.0
636701,275272.0
636704,275272.0
636705,275272.0
636803,275272.0
636804,275272.0
636805,275272.0
636806,275272.0
636807,275272.0
636808,275272.0
636809,275272.0
636810,275272.0
636811,275272.0
636813,275272.0
636902,275272.0
636903,275272.0
636904,275272.0
636905,275272.0
636906,275272.0
637001,275272.0
637002,275272.0
637003,275272.0
637013,275272.0
637014,275272.0
637015,275272.0
637017,275272.0
637018,275272.0
637019,275272.0
637020,275272.0
637021,275272.0
637101,275272.0
637102,275272.0
637103,275272.0
637104,275272.0
637105,275272.0
637107,275272.0
637201,275272.0
637202,275272.0
637203,275272.0
637204,275272.0
637205,275272.0
637206,275272.0
637207,275272.0
637208,275272.0
637209,275272.0
637210,275272.0
637211,275272.0
637212,275272.0
637213,275272.0
637214,275272.0
637215,275272.0
637301,275272.0
637302,275272.0
637303,275272.0
637304,275272.0
637401,275272.0
637402,275272.0
637403,275272.0
637404,275272.0
637405,275272.0
637406,275272.0
637407,275272.0
637408,275272.0
637409,275272.0
637410,275272.0
637411,275272.0
637412,275272.0
637501,275272.0
637502,275272.0
637503,275272.0
637504,275272.0
637505,275272.0
638001,275272.0
638002,275272.0
638003,275272.0
638004,275272.0
638005,275272.0
638006,275272.0
638007,275272.0
638008,275272.0
638009,275272.0
638011,275272.0
638012,275272.0
638051,275272.0
638052,275272.0
638053,275272.0
638054,275272.0
638055,275272.0
638056,275272.0
638057,275272.0
638101,275272.0
638102,275272.0
638103,275272.0
638104,275272.0
638105,275272.0
638106,275272.0
638107,275272.0
638108,275272.0
638109,275272.0
638110,275272.0
638111,275272.0
638112,275272.0
638115,275272.0
638116,275272.0
638151,275272.0
638152,275272.0
638153,275272.0
638154,275272.0
638181,275272.0
638182,275272.0
638183,275272.0
638301,275272.0
638311,275272.0
638312,275272.0
638313,275272.0
638314,275272.0
638315,275272.0
638316,275272.0
638401,275272.0
638402,275272.0
638451,275272.0
638452,275272.0
638453,275272.0
638454,275272.0
638455,275272.0
638456,275272.0
638457,275272.0
638458,275272.0
638459,275272.0
638460,275272.0
638461,275272.0
638462,275272.0
638476,275272.0
638501,275272.0
638502,275272.0
638503,275272.0
638504,275272.0
638505,275272.0
638506,275272.0
638656,275272.0
638657,275272.0
638660,275272.0
638661,275272.0
638672,275272.0
638673,275272.0
638701,275272.0
638702,275272.0
638703,275272.0
638706,275272.0
638751,275272.0
638752,275272.0
638812,275272.0
639001,275272.0
639002,275272.0
639003,275272.0
639004,275272.0
639005,275272.0
639006,275272.0
639007,275272.0
639008,275272.0
639101,275272.0
639102,275272.0
639103,275272.0
639104,275272.0
639105,275272.0
639107,275272.0
639108,275272.0
639109,275272.0
639110,275272.0
639111,275272.0
639112,275272.0
639113,275272.0
639114,275272.0
639115,275272.0
639116,275272.0
639117,275272.0
639118,275272.0
639119,275272.0
639120,275272.0
639136,275272.0
639201,275272.0
639202,275272.0
639203,275272.0
639205,275272.0
639206,275272.0
639207,275272.0
641001,275272.0
641002,275272.0
641003,275272.0
641004,275272.0
641005,275272.0
641006,275272.0
641007,275272.0
641008,275272.0
641009,275272.0
641010,275272.0
641011,275272.0
641012,275272.0
641013,275272.0
641014,275272.0
641015,275272.0
641016,275272.0
641017,275272.0
641018,275272.0
641019,275272.0
641020,275272.0
641021,275272.0
641022,275272.0
641023,275272.0
641024,275272.0
641025,275272.0
641026,275272.0
641027,275272.0
641028,275272.0
641029,275272.0
641030,275272.0
641031,275272.0
641032,275272.0
641033,275272.0
641034,275272.0
641035,275272.0
641036,275272.0
641037,275272.0
641038,275272.0
641039,275272.0
641041,275272.0
641042,275272.0
641043,275272.0
641044,275272.0
641045,275272.0
641046,275272.0
641047,275272.0
641048,275272.0
641049,275272.0
641050,275272.0
641062,275272.0
641101,275272.0
641103,275272.0
641104,275272.0
641105,275272.0
641107,275272.0
641108,275272.0
641109,275272.0
641110,275272.0
641111,275272.0
641112,275272.0
641113,275272.0
641114,275272.0
641201,275272.0
641202,275272.0
641301,275272.0
641302,275272.0
641305,275272.0
641401,275272.0
641402,275272.0
641407,275272.0
641601,275272.0
641602,275272.0
641603,275272.0
641604,275272.0
641605,275272.0
641606,275272.0
641607,275272.0
641652,275272.0
641653,275272.0
641654,275272.0
641655,275272.0
641658,275272.0
641659,275272.0
641662,275272.0
641663,275272.0
641664,275272.0
641665,275272.0
641666,275272.0
641667,275272.0
641668,275272.0
641669,275272.0
641670,275272.0
641671,275272.0
641687,275272.0
641697,275272.0
642001,275272.0
642002,275272.0
642003,275272.0
642004,275272.0
642005,275272.0
642006,275272.0
642007,275272.0
642101,275272.0
642102,275272.0
642103,275272.0
642104,275272.0
642105,275272.0
642106,275272.0
642107,275272.0
642108,275272.0
642109,275272.0
642110,275272.0
642111,275272.0
642112,275272.0
642113,275272.0
642114,275272.0
642117,275272.0
642120,275272.0
642122,275272.0
642123,275272.0
642125,275272.0
642126,275272.0
642127,275272.0
642128,275272.0
642129,275272.0
642130,275272.0
642132,275272.0
642133,275272.0
642134,275272.0
642154,275272.0
642201,275272.0
642202,275272.0
642203,275272.0
642204,275272.0
642205,275272.0
642206,275272.0
642207,275272.0
643001,275272.0
643002,275272.0
643003,275272.0
643004,275272.0
643005,275272.0
643006,275272.0
643007,275272.0
643101,275272.0
643102,275272.0
643103,275272.0
643105,275272.0
643201,275272.0
643202,275272.0
643203,275272.0
643204,275272.0
643205,275272.0
643206,275272.0
643207,275272.0
643209,275272.0
643211,275272.0
643212,275272.0
643213,275272.0
643214,275272.0
643215,275272.0
643216,275272.0
643217,275272.0
643218,275272.0
643219,275272.0
643220,275272.0
643221,275272.0
643223,275272.0
643224,275272.0
643225,275272.0
643226,275272.0
643231,275272.0
643233,275272.0
643236,275272.0
643237,275272.0
643238,275272.0
643239,275272.0
643240,275272.0
643241,275272.0
643242,275272.0
643243,275272.0
643253,275272.0
670001,257307.0
670002,257307.0
670003,257307.0
670004,257307.0
670005,257307.0
670006,257307.0
670007,257307.0
670008,257307.0
670009,257307.0
670010,257307.0
670011,257307.0
670012,257307.0
670013,257307.0
670014,257307.0
670017,257307.0
670018,257307.0
670101,257307.0
670102,257307.0
670103,257307.0
670104,257307.0
670105,257307.0
670106,257307.0
670107,257307.0
670141,257307.0
670142,257307.0
670143,257307.0
670301,257307.0
670302,257307.0
670303,257307.0
670304,257307.0
670305,257307.0
670306,257307.0
670307,257307.0
670308,257307.0
670309,257307.0
670310,257307.0
670325,257307.0
670327,257307.0
670331,257307.0
670334,257307.0
670353,257307.0
670358,257307.0
670501,257307.0
670502,257307.0
670503,257307.0
670504,257307.0
670511,257307.0
670521,257307.0
670561,257307.0
670562,257307.0
670563,257307.0
670567,257307.0
670571,257307.0
670581,257307.0
670582,257307.0
670591,257307.0
670592,257307.0
670593,257307.0
670594,257307.0
670595,257307.0
670601,257307.0
670602,257307.0
670604,257307.0
670611,257307.0
670612,257307.0
670613,257307.0
670621,257307.0
670622,257307.0
670631,257307.0
670632,257307.0
670633,257307.0
670641,257307.0
670642,257307.0
670643,257307.0
670644,257307.0
670645,257307.0
670646,257307.0
670649,257307.0
670650,257307.0
670651,257307.0
670661,257307.0
670662,257307.0
670663,257307.0
670671,257307.0
670672,257307.0
670673,257307.0
670674,257307.0
670675,257307.0
670676,257307.0
670691,257307.0
670692,257307.0
670693,257307.0
670694,257307.0
670701,257307.0
670702,257307.0
670703,257307.0
670704,257307.0
670705,257307.0
670706,257307.0
670721,257307.0
670731,257307.0
670741,257307.0
673001,257307.0
673002,257307.0
673003,257307.0
673004,257307.0
673005,257307.0
673006,257307.0
673007,257307.0
673008,257307.0
673009,257307.0
673010,257307.0
673011,257307.0
673012,257307.0
673014,257307.0
673015,257307.0
673016,257307.0
673017,257307.0
673018,257307.0
673019,257307.0
673020,257307.0
673021,257307.0
673027,257307.0
673028,257307.0
673029,257307.0
673032,257307.0
673101,257307.0
673102,257307.0
673103,257307.0
673104,257307.0
673105,257307.0
673106,257307.0
673121,257307.0
673122,257307.0
673123,257307.0
673301,257307.0
673302,257307.0
673303,257307.0
673304,257307.0
673305,257307.0
673306,257307.0
673307,257307.0
673308,257307.0
673309,257307.0
673311,257307.0
673312,257307.0
673313,257307.0
673314,257307.0
673315,257307.0
673316,257307.0
673317,257307.0
673328,257307.0
673501,257307.0
673502,257307.0
673503,257307.0
673504,257307.0
673505,257307.0
673506,257307.0
673507,257307.0
673508,257307.0
673509,257307.0
673513,257307.0
673517,257307.0
673521,257307.0
673522,257307.0
673523,257307.0
673524,257307.0
673525,257307.0
673526,257307.0
673527,257307.0
673528,257307.0
673529,257307.0
673541,257307.0
673542,257307.0
673571,257307.0
673572,257307.0
673573,257307.0
673574,257307.0
673575,257307.0
673576,257307.0
673577,257307.0
673579,257307.0
673580,257307.0
673581,257307.0
673582,257307.0
673585,257307.0
673586,257307.0
673591,257307.0
673592,257307.0
673593,257307.0
673595,257307.0
673596,257307.0
673601,257307.0
673602,257307.0
673603,257307.0
673604,257307.0
673611,257307.0
673612,257307.0
673613,257307.0
673614,257307.0
673616,257307.0
673620,257307.0
673631,257307.0
673632,257307.0
673633,257307.0
673634,257307.0
673635,257307.0
673636,257307.0
673637,257307.0
673638,257307.0
673639,257307.0
673640,257307.0
673641,257307.0
673642,257307.0
673645,257307.0
673647,257307.0
673655,257307.0
673661,257307.0
676101,257307.0
676102,257307.0
676103,257307.0
676105,257307.0
676106,257307.0
676107,257307.0
676108,257307.0
676109,257307.0
676121,257307.0
676122,257307.0
676123,257307.0
676301,257307.0
676302,257307.0
676303,257307.0
676304,257307.0
676305,257307.0
676306,257307.0
676307,257307.0
676309,257307.0
676311,257307.0
676312,257307.0
676317,257307.0
676319,257307.0
676320,257307.0
676501,257307.0
676502,257307.0
676503,257307.0
676504,257307.0
676505,257307.0
676506,257307.0
676507,257307.0
676508,257307.0
676509,257307.0
676510,257307.0
676517,257307.0
676519,257307.0
676521,257307.0
676522,257307.0
676523,257307.0
676525,257307.0
676528,257307.0
676541,257307.0
676542,257307.0
676551,257307.0
676552,257307.0
676553,257307.0
676561,257307.0
676562,257307.0
678001,257307.0
678002,257307.0
678003,257307.0
678004,257307.0
678005,257307.0
678006,257307.0
678007,257307.0
678008,257307.0
678009,257307.0
678010,257307.0
678011,257307.0
678012,257307.0
678013,257307.0
678014,257307.0
678101,257307.0
678102,257307.0
678103,257307.0
678104,257307.0
678501,257307.0
678502,257307.0
678503,257307.0
678504,257307.0
678505,257307.0
678506,257307.0
678507,257307.0
678508,257307.0
678510,257307.0
678512,257307.0
678531,257307.0
678532,257307.0
678533,257307.0
678534,257307.0
678541,257307.0
678542,257307.0
678543,257307.0
678544,257307.0
678545,257307.0
678546,257307.0
678551,257307.0
678552,257307.0
678553,257307.0
678554,257307.0
678555,257307.0
678556,257307.0
678557,257307.0
678571,257307.0
678572,257307.0
678573,257307.0
678574,257307.0
678581,257307.0
678582,257307.0
678583,257307.0
678591,257307.0
678592,257307.0
678593,257307.0
678594,257307.0
678595,257307.0
678596,257307.0
678597,257307.0
678598,257307.0
678601,257307.0
678611,257307.0
678612,257307.0
678613,257307.0
678621,257307.0
678622,257307.0
678623,257307.0
678624,257307.0
678631,257307.0
678632,257307.0
678633,257307.0
678641,257307.0
678642,257307.0
678651,257307.0
678661,257307.0
678671,257307.0
678681,257307.0
678682,257307.0
678683,257307.0
678684,257307.0
678685,257307.0
678686,257307.0
678687,257307.0
678688,257307.0
678701,257307.0
678702,257307.0
678703,257307.0
678704,257307.0
678705,257307.0
678706,257307.0
678721,257307.0
678722,257307.0
678731,257307.0
678732,257307.0
678762,257307.0
679101,257307.0
679102,257307.0
679103,257307.0
679104,257307.0
679105,257307.0
679106,257307.0
679121,257307.0
679122,257307.0
679123,257307.0
679301,257307.0
679302,257307.0
679303,257307.0
679304,257307.0
679305,257307.0
679306,257307.0
679307,257307.0
679308,257307.0
679309,257307.0
679313,257307.0
679321,257307.0
679322,257307.0
679323,257307.0
679324,257307.0
679325,257307.0
679326,257307.0
679327,257307.0
679328,257307.0
679329,257307.0
679330,257307.0
679331,257307.0
679332,257307.0
679333,257307.0
679334,257307.0
679335,257307.0
679336,257307.0
679337,257307.0
679338,257307.0
679339,257307.0
679340,257307.0
679341,257307.0
679357,257307.0
679501,257307.0
679502,257307.0
679503,257307.0
679504,257307.0
679505,257307.0
679506,257307.0
679511,257307.0
679512,257307.0
679513,257307.0
679514,257307.0
679515,257307.0
679516,257307.0
679521,257307.0
679522,257307.0
679523,257307.0
679531,257307.0
679532,257307.0
679533,257307.0
679534,257307.0
679535,257307.0
679536,257307.0
679551,257307.0
679552,257307.0
679553,257307.0
679554,257307.0
679561,257307.0
679562,257307.0
679563,257307.0
679564,257307.0
679571,257307.0
679572,257307.0
679573,257307.0
679574,257307.0
679575,257307.0
679576,257307.0
679577,257307.0
679578,257307.0
679579,257307.0
679580,257307.0
679581,257307.0
679582,257307.0
679583,257307.0
679584,257307.0
679585,257307.0
679586,257307.0
679587,257307.0
679591,257307.0
680001,257307.0
680002,257307.0
680003,257307.0
680004,257307.0
680005,257307.0
680006,257307.0
680007,257307.0
680008,257307.0
680009,257307.0
680010,257307.0
680011,257307.0
680012,257307.0
680013,257307.0
680014,257307.0
680020,257307.0
680021,257307.0
680022,257307.0
680026,257307.0
680027,257307.0
680028,257307.0
680101,257307.0
680102,257307.0
680103,257307.0
680104,257307.0
680121,257307.0
680122,257307.0
680123,257307.0
680125,257307.0
680301,257307.0
680302,257307.0
680303,257307.0
680304,257307.0
680305,257307.0
680306,257307.0
680307,257307.0
680308,257307.0
680309,257307.0
680310,257307.0
680311,257307.0
680312,257307.0
680317,257307.0
680501,257307.0
680502,257307.0
680503,257307.0
680504,257307.0
680505,257307.0
680506,257307.0
680507,257307.0
680508,257307.0
680509,257307.0
680510,257307.0
680511,257307.0
680512,257307.0
680513,257307.0
680514,257307.0
680515,257307.0
680516,257307.0
680517,257307.0
680518,257307.0
680519,257307.0
680520,257307.0
680521,257307.0
680522,257307.0
680523,257307.0
680524,257307.0
680541,257307.0
680542,257307.0
680543,257307.0
680544,257307.0
680545,257307.0
680546,257307.0
680551,257307.0
680552,257307.0
680553,257307.0
680555,257307.0
680561,257307.0
680562,257307.0
680563,257307.0
680564,257307.0
680565,257307.0
680566,257307.0
680567,257307.0
680568,257307.0
680569,257307.0
680570,257307.0
680571,257307.0
680581,257307.0
680582,257307.0
680583,257307.0
680584,257307.0
680585,257307.0
680586,257307.0
680587,257307.0
680588,257307.0
680589,257307.0
680590,257307.0
680591,257307.0
680594,257307.0
680596,257307.0
680601,257307.0
680602,257307.0
680604,257307.0
680611,257307.0
680612,257307.0
680613,257307.0
680614,257307.0
680615,257307.0
680616,257307.0
680617,257307.0
680618,257307.0
680619,257307.0
680620,257307.0
680623,257307.0
680631,257307.0
680641,257307.0
680642,257307.0
680651,257307.0
680652,257307.0
680653,257307.0
680654,257307.0
680655,257307.0
680656,257307.0
680661,257307.0
680662,257307.0
680663,257307.0
680664,257307.0
680665,257307.0
680666,257307.0
680667,257307.0
680668,257307.0
680669,257307.0
680670,257307.0
680671,257307.0
680681,257307.0
680682,257307.0
680683,257307.0
680684,257307.0
680685,257307.0
680686,257307.0
680687,257307.0
680688,257307.0
680689,257307.0
680691,257307.0
680697,257307.0
680699,257307.0
680701,257307.0
680702,257307.0
680703,257307.0
680711,257307.0
680712,257307.0
680721,257307.0
680722,257307.0
680724,257307.0
680731,257307.0
680732,257307.0
680733,257307.0
680734,257307.0
680741,257307.0
680751,257307.0
682001,257307.0
682002,257307.0
682003,257307.0
682004,257307.0
682005,257307.0
682006,257307.0
682007,257307.0
682008,257307.0
682009,257307.0
682010,257307.0
682011,257307.0
682012,257307.0
682013,257307.0
682015,257307.0
682016,257307.0
682017,257307.0
682018,257307.0
682019,257307.0
682020,257307.0
682021,257307.0
682022,257307.0
682023,257307.0
682024,257307.0
682025,257307.0
682026,257307.0
682027,257307.0
682028,257307.0
682029,257307.0
682030,257307.0
682031,257307.0
682032,257307.0
682033,257307.0
682034,257307.0
682035,257307.0
682036,257307.0
682037,257307.0
682038,257307.0
682039,257307.0
682040,257307.0
682041,257307.0
682042,257307.0
682301,257307.0
682302,257307.0
682303,257307.0
682304,257307.0
682305,257307.0
682306,257307.0
682307,257307.0
682308,257307.0
682309,257307.0
682310,257307.0
682311,257307.0
682312,257307.0
682313,257307.0
682314,257307.0
682315,257307.0
682316,257307.0
682501,257307.0
682502,257307.0
682503,257307.0
682504,257307.0
682505,257307.0
682506,257307.0
682507,257307.0
682508,257307.0
682509,257307.0
682511,257307.0
683101,257307.0
683102,257307.0
683104,257307.0
683105,257307.0
683106,257307.0
683108,257307.0
683110,257307.0
683111,257307.0
683112,257307.0
683501,257307.0
683502,257307.0
683503,257307.0
683511,257307.0
683512,257307.0
683513,257307.0
683514,257307.0
683515,257307.0
683516,257307.0
683517,257307.0
683518,257307.0
683519,257307.0
683520,257307.0
683521,257307.0
683522,257307.0
683541,257307.0
683542,257307.0
683543,257307.0
683544,257307.0
683545,257307.0
683546,257307.0
683547,257307.0
683549,257307.0
683550,257307.0
683556,257307.0
683561,257307.0
683562,257307.0
683563,257307.0
683565,257307.0
683571,257307.0
683572,257307.0
683573,257307.0
683574,257307.0
683575,257307.0
683576,257307.0
683577,257307.0
683578,257307.0
683579,257307.0
683580,257307.0
683581,257307.0
683585,257307.0
683587,257307.0
683589,257307.0
683594,257307.0
685501,257307.0
685503,257307.0
685505,257307.0
685507,257307.0
685508,257307.0
685509,257307.0
685511,257307.0
685512,257307.0
685514,257307.0
685515,257307.0
685531,257307.0
685532,257307.0
685533,257307.0
685535,257307.0
685551,257307.0
685552,257307.0
685553,257307.0
685554,257307.0
685561,257307.0
685562,257307.0
685563,257307.0
685565,257307.0
685566,257307.0
685571,257307.0
685581,257307.0
685582,257307.0
685583,257307.0
685584,257307.0
685585,257307.0
685586,257307.0
685587,257307.0
685588,257307.0
685589,257307.0
685590,257307.0
685591,257307.0
685595,257307.0
685601,257307.0
685602,257307.0
685603,257307.0
685604,257307.0
685605,257307.0
685606,257307.0
685607,257307.0
685608,257307.0
685609,257307.0
685612,257307.0
685613,257307.0
685614,257307.0
685615,257307.0
685616,257307.0
685618,257307.0
685619,257307.0
685620,257307.0
686001,257307.0
686002,257307.0
686003,257307.0
686004,257307.0
686005,257307.0
686006,257307.0
686007,257307.0
686008,257307.0
686009,257307.0
686010,257307.0
686011,257307.0
686012,257307.0
686013,257307.0
686014,257307.0
686015,257307.0
686016,257307.0
686017,257307.0
686018,257307.0
686019,257307.0
686020,257307.0
686021,257307.0
686022,257307.0
686041,257307.0
686101,257307.0
686102,257307.0
686103,257307.0
686104,257307.0
686105,257307.0
686106,257307.0
686121,257307.0
686122,257307.0
686123,257307.0
686141,257307.0
686143,257307.0
686144,257307.0
686146,257307.0
686501,257307.0
686502,257307.0
686503,257307.0
686504,257307.0
686505,257307.0
686506,257307.0
686507,257307.0
686508,257307.0
686509,257307.0
686510,257307.0
686511,257307.0
686512,257307.0
686513,257307.0
686514,257307.0
686515,257307.0
686516,257307.0
686517,257307.0
686518,257307.0
686519,257307.0
686520,257307.0
686521,257307.0
686522,257307.0
686531,257307.0
686532,257307.0
686533,257307.0
686534,257307.0
686535,257307.0
686536,257307.0
686537,257307.0
686538,257307.0
686539,257307.0
686540,257307.0
686541,257307.0
686542,257307.0
686543,257307.0
686544,257307.0
686545,257307.0
686546,257307.0
686547,257307.0
686548,257307.0
686555,257307.0
686561,257307.0
686562,257307.0
686563,257307.0
686564,257307.0
686571,257307.0
686572,257307.0
686573,257307.0
686574,257307.0
686575,257307.0
686576,257307.0
686577,257307.0
686578,257307.0
686579,257307.0
686580,257307.0
686581,257307.0
686582,257307.0
686583,257307.0
686584,257307.0
686585,257307.0
686586,257307.0
686587,257307.0
686601,257307.0
686602,257307.0
686603,257307.0
686604,257307.0
686605,257307.0
686606,257307.0
686607,257307.0
686608,257307.0
686609,257307.0
686610,257307.0
686611,257307.0
686612,257307.0
686613,257307.0
686616,257307.0
686630,257307.0
686631,257307.0
686632,257307.0
686633,257307.0
686634,257307.0
686635,257307.0
686636,257307.0
686637,257307.0
686651,257307.0
686652,257307.0
686653,257307.0
686661,257307.0
686662,257307.0
686663,257307.0
686664,257307.0
686665,257307.0
686667,257307.0
686668,257307.0
686669,257307.0
686670,257307.0
686671,257307.0
686672,257307.0
686673,257307.0
686681,257307.0
686691,257307.0
686692,257307.0
686693,257307.0
688001,257307.0
688002,257307.0
688003,257307.0
688004,257307.0
688005,257307.0
688006,257307.0
688007,257307.0
688008,257307.0
688009,257307.0
688011,257307.0
688012,257307.0
688013,257307.0
688014,257307.0
688501,257307.0
688502,257307.0
688503,257307.0
688504,257307.0
688505,257307.0
688506,257307.0
688521,257307.0
688522,257307.0
688523,257307.0
688524,257307.0
688525,257307.0
688526,257307.0
688527,257307.0
688528,257307.0
688529,257307.0
688530,257307.0
688531,257307.0
688532,257307.0
688533,257307.0
688534,257307.0
688535,257307.0
688536,257307.0
688537,257307.0
688538,257307.0
688539,257307.0
688540,257307.0
688541,257307.0
688555,257307.0
688561,257307.0
688562,257307.0
688570,257307.0
688582,257307.0
689101,257307.0
689102,257307.0
689103,257307.0
689104,257307.0
689105,257307.0
689106,257307.0
689107,257307.0
689108,257307.0
689109,257307.0
689110,257307.0
689111,257307.0
689112,257307.0
689113,257307.0
689115,257307.0
689121,257307.0
689122,257307.0
689123,257307.0
689124,257307.0
689126,257307.0
689501,257307.0
689502,257307.0
689503,257307.0
689504,257307.0
689505,257307.0
689506,257307.0
689507,257307.0
689508,257307.0
689509,257307.0
689510,257307.0
689511,257307.0
689512,257307.0
689513,257307.0
689514,257307.0
689520,257307.0
689521,257307.0
689531,257307.0
689532,257307.0
689533,257307.0
689541,257307.0
689542,257307.0
689543,257307.0
689544,257307.0
689545,257307.0
689546,257307.0
689547,257307.0
689548,257307.0
689549,257307.0
689550,257307.0
689551,257307.0
689571,257307.0
689572,257307.0
689573,257307.0
689574,257307.0
689581,257307.0
689582,257307.0
689583,257307.0
689584,257307.0
689585,257307.0
689586,257307.0
689587,257307.0
689588,257307.0
689589,257307.0
689590,257307.0
689591,257307.0
689592,257307.0
689594,257307.0
689595,257307.0
689597,257307.0
689602,257307.0
689611,257307.0
689612,257307.0
689613,257307.0
689614,257307.0
689615,257307.0
689621,257307.0
689622,257307.0
689623,257307.0
689624,257307.0
689625,257307.0
689626,257307.0
689627,257307.0
689641,257307.0
689642,257307.0
689643,257307.0
689644,257307.0
689645,257307.0
689646,257307.0
689647,257307.0
689648,257307.0
689649,257307.0
689650,257307.0
689652,257307.0
689653,257307.0
689654,257307.0
689656,257307.0
689661,257307.0
689662,257307.0
689663,257307.0
689664,257307.0
689666,257307.0
689667,257307.0
689668,257307.0
689671,257307.0
689672,257307.0
689673,257307.0
689674,257307.0
689675,257307.0
689676,257307.0
689677,257307.0
689678,257307.0
689691,257307.0
689692,257307.0
689693,257307.0
689694,257307.0
689695,257307.0
689696,257307.0
689698,257307.0
689699,257307.0
689711,257307.0
690101,257307.0
690102,257307.0
690103,257307.0
690104,257307.0
690105,257307.0
690106,257307.0
690107,257307.0
690108,257307.0
690110,257307.0
690501,257307.0
690502,257307.0
690503,257307.0
690504,257307.0
690505,257307.0
690506,257307.0
690507,257307.0
690508,257307.0
690509,257307.0
690510,257307.0
690511,257307.0
690512,257307.0
690513,257307.0
690514,257307.0
690515,257307.0
690516,257307.0
690517,257307.0
690518,257307.0
690519,257307.0
690520,257307.0
690521,257307.0
690522,257307.0
690523,257307.0
690524,257307.0
690525,257307.0
690526,257307.0
690527,257307.0
690528,257307.0
690529,257307.0
690530,257307.0
690531,257307.0
690532,257307.0
690533,257307.0
690534,257307.0
690535,257307.0
690536,257307.0
690537,257307.0
690538,257307.0
690539,257307.0
690540,257307.0
690542,257307.0
690544,257307.0
690547,257307.0
690548,257307.0
690558,257307.0
690559,257307.0
690561,257307.0
690571,257307.0
690572,257307.0
690573,257307.0
690574,257307.0
691001,257307.0
691002,257307.0
691003,257307.0
691004,257307.0
691005,257307.0
691006,257307.0
691007,257307.0
691008,257307.0
691009,257307.0
691010,257307.0
691011,257307.0
691012,257307.0
691013,257307.0
691014,257307.0
691015,257307.0
691016,257307.0
691019,257307.0
691020,257307.0
691021,257307.0
691301,257307.0
691302,257307.0
691303,257307.0
691304,257307.0
691305,257307.0
691306,257307.0
691307,257307.0
691308,257307.0
691309,257307.0
691310,257307.0
691311,257307.0
691312,257307.0
691319,257307.0
691322,257307.0
691331,257307.0
691332,257307.0
691333,257307.0
691334,257307.0
691500,257307.0
691501,257307.0
691502,257307.0
691503,257307.0
691504,257307.0
691505,257307.0
691506,257307.0
691507,257307.0
691508,257307.0
691509,257307.0
691510,257307.0
691511,257307.0
691512,257307.0
691515,257307.0
691516,257307.0
691520,257307.0
691521,257307.0
691522,257307.0
691523,257307.0
691524,257307.0
691525,257307.0
691526,257307.0
691530,257307.0
691531,257307.0
691532,257307.0
691533,257307.0
691534,257307.0
691535,257307.0
691536,257307.0
691537,257307.0
691538,257307.0
691540,257307.0
691541,257307.0
691543,257307.0
691551,257307.0
691552,257307.0
691553,257307.0
691554,257307.0
691555,257307.0
691556,257307.0
691557,257307.0
691559,257307.0
691560,257307.0
691566,257307.0
691571,257307.0
691572,257307.0
691573,257307.0
691574,257307.0
691576,257307.0
691577,257307.0
691578,257307.0
691579,257307.0
691581,257307.0
691582,257307.0
691583,257307.0
691584,257307.0
691585,257307.0
691589,257307.0
691590,257307.0
691601,257307.0
691602,257307.0
695001,257307.0
695002,257307.0
695003,257307.0
695004,257307.0
695005,257307.0
695006,257307.0
695007,257307.0
695008,257307.0
695009,257307.0
695010,257307.0
695011,257307.0
695012,257307.0
695013,257307.0
695014,257307.0
695015,257307.0
695016,257307.0
695017,257307.0
695018,257307.0
695019,257307.0
695020,257307.0
695021,257307.0
695022,257307.0
695023,257307.0
695024,257307.0
695025,257307.0
695026,257307.0
695027,257307.0
695028,257307.0
695029,257307.0
695030,257307.0
695032,257307.0
695033,257307.0
695034,257307.0
695035,257307.0
695036,257307.0
695038,257307.0
695040,257307.0
695042,257307.0
695043,257307.0
695101,257307.0
695102,257307.0
695103,257307.0
695104,257307.0
695121,257307.0
695122,257307.0
695123,257307.0
695124,257307.0
695125,257307.0
695126,257307.0
695132,257307.0
695133,257307.0
695134,257307.0
695141,257307.0
695142,257307.0
695143,257307.0
695144,257307.0
695145,257307.0
695146,257307.0
695301,257307.0
695302,257307.0
695303,257307.0
695304,257307.0
695305,257307.0
695306,257307.0
695307,257307.0
695308,257307.0
695309,257307.0
695310,257307.0
695311,257307.0
695312,257307.0
695313,257307.0
695316,257307.0
695317,257307.0
695318,257307.0
695501,257307.0
695502,257307.0
695503,257307.0
695504,257307.0
695505,257307.0
695506,257307.0
695507,257307.0
695508,257307.0
695512,257307.0
695513,257307.0
695521,257307.0
695522,257307.0
695523,257307.0
695524,257307.0
695525,257307.0
695526,257307.0
695527,257307.0
695528,257307.0
695541,257307.0
695542,257307.0
695543,257307.0
695551,257307.0
695561,257307.0
695562,257307.0
695563,257307.0
695564,257307.0
695568,257307.0
695571,257307.0
695572,257307.0
695573,257307.0
695574,257307.0
695575,257307.0
695581,257307.0
695582,257307.0
695583,257307.0
695584,257307.0
695585,257307.0
695586,257307.0
695587,257307.0
695588,257307.0
695589,257307.0
695601,257307.0
695602,257307.0
695603,257307.0
695604,257307.0
695605,257307.0
695606,257307.0
695607,257307.0
695608,257307.0
695609,257307.0
695610,257307.0
695611,257307.0
695612,257307.0
695614,257307.0
695615,257307.0
700001,137909.0
700002,137909.0
700003,137909.0
700004,137909.0
700005,137909.0
700006,137909.0
700007,137909.0
700008,137909.0
700009,137909.0
700010,137909.0
700011,137909.0
700012,137909.0
700013,137909.0
700014,137909.0
700015,137909.0
700016,137909.0
700017,137909.0
700018,137909.0
700019,137909.0
700020,137909.0
700021,137909.0
700022,137909.0
700023,137909.0
700024,137909.0
700025,137909.0
700026,137909.0
700027,137909.0
700028,137909.0
700029,137909.0
700030,137909.0
700031,137909.0
700032,137909.0
700033,137909.0
700034,137909.0
700035,137909.0
700036,137909.0
700037,137909.0
700038,137909.0
700040,137909.0
700041,137909.0
700042,137909.0
700043,137909.0
700044,137909.0
700045,137909.0
700046,137909.0
700047,137909.0
700050,137909.0
700052,137909.0
700053,137909.0
700054,137909.0
700060,137909.0
700061,137909.0
700062,137909.0
700063,137909.0
700065,137909.0
700066,137909.0
700067,137909.0
700068,137909.0
700069,137909.0
700071,137909.0
700072,137909.0
700073,137909.0
700074,137909.0
700075,137909.0
700077,137909.0
700078,137909.0
700080,137909.0
700082,137909.0
700085,137909.0
700086,137909.0
700087,137909.0
700088,137909.0
700089,137909.0
700090,137909.0
700092,137909.0
700094,137909.0
700095,137909.0
700099,137909.0
700107,137909.0
700108,137909.0
711101,137909.0
711102,137909.0
711103,137909.0
711104,137909.0
711105,137909.0
711106,137909.0
711107,137909.0
711108,137909.0
711109,137909.0
711110,137909.0
711111,137909.0
711112,137909.0
711113,137909.0
711114,137909.0
711201,137909.0
711202,137909.0
711203,137909.0
711204,137909.0
711205,137909.0
711225,137909.0
711226,137909.0
711227,137909.0
711301,137909.0
711302,137909.0
711303,137909.0
711304,137909.0
711305,137909.0
711306,137909.0
711307,137909.0
711308,137909.0
711309,137909.0
711310,137909.0
711312,137909.0
711313,137909.0
711314,137909.0
711315,137909.0
711316,137909.0
711317,137909.0
711322,137909.0
711401,137909.0
711403,137909.0
711404,137909.0
711405,137909.0
711408,137909.0
711409,137909.0
711410,137909.0
711411,137909.0
711412,137909.0
711413,137909.0
711414,137909.0
712306,137909.0
713150,137909.0
713331,137909.0
713513,137909.0
713514,137909.0
713519,137909.0
722101,137909.0
722102,137909.0
722121,137909.0
722122,137909.0
722132,137909.0
722133,137909.0
722134,137909.0
722135,137909.0
722136,137909.0
722137,137909.0
722138,137909.0
722139,137909.0
722140,137909.0
722141,137909.0
722142,137909.0
722143,137909.0
722144,137909.0
722146,137909.0
722147,137909.0
722148,137909.0
722149,137909.0
722150,137909.0
722151,137909.0
722152,137909.0
722153,137909.0
722154,137909.0
722155,137909.0
722156,137909.0
722157,137909.0
722158,137909.0
722160,137909.0
722161,137909.0
722162,137909.0
722164,137909.0
722173,137909.0
722183,137909.0
722201,137909.0
722202,137909.0
722203,137909.0
722204,137909.0
722205,137909.0
722206,137909.0
722207,137909.0
722208,137909.0
723101,137909.0
723102,137909.0
723103,137909.0
723104,137909.0
723121,137909.0
723126,137909.0
723127,137909.0
723128,137909.0
723129,137909.0
723130,137909.0
723131,137909.0
723132,137909.0
723133,137909.0
723142,137909.0
723143,137909.0
723145,137909.0
723146,137909.0
723147,137909.0
723148,137909.0
723149,137909.0
723151,137909.0
723152,137909.0
723153,137909.0
723154,137909.0
723155,137909.0
723156,137909.0
723201,137909.0
723202,137909.0
723212,137909.0
723213,137909.0
723215,137909.0
731101,137909.0
731102,137909.0
731103,137909.0
731104,137909.0
731121,137909.0
731123,137909.0
731124,137909.0
731125,137909.0
731126,137909.0
731127,137909.0
731129,137909.0
731130,137909.0
731132,137909.0
731133,137909.0
731201,137909.0
731202,137909.0
731204,137909.0
731214,137909.0
731215,137909.0
731216,137909.0
731219,137909.0
731220,137909.0
731221,137909.0
731222,137909.0
731223,137909.0
731224,137909.0
731233,137909.0
731234,137909.0
731235,137909.0
731236,137909.0
731237,137909.0
731238,137909.0
731240,137909.0
731241,137909.0
731242,137909.0
731243,137909.0
731244,137909.0
731245,137909.0
731301,137909.0
731302,137909.0
731303,137909.0
733101,137909.0
733102,137909.0
733103,137909.0
733121,137909.0
733124,137909.0
733125,137909.0
733126,137909.0
733127,137909.0
733132,137909.0
733133,137909.0
733140,137909.0
733141,137909.0
733142,137909.0
733145,137909.0
733158,137909.0
734001,137909.0
734002,137909.0
734003,137909.0
734004,137909.0
734005,137909.0
734006,137909.0
734007,137909.0
734008,137909.0
734009,137909.0
734010,137909.0
734011,137909.0
734012,137909.0
734013,137909.0
734014,137909.0
734015,137909.0
734101,137909.0
734102,137909.0
734103,137909.0
734104,137909.0
734105,137909.0
734201,137909.0
734203,137909.0
734213,137909.0
734214,137909.0
734215,137909.0
734216,137909.0
734217,137909.0
734218,137909.0
734220,137909.0
734221,137909.0
734222,137909.0
734223,137909.0
734224,137909.0
734226,137909.0
734301,137909.0
734311,137909.0
734312,137909.0
734313,137909.0
734314,137909.0
734315,137909.0
734316,137909.0
734421,137909.0
734423,137909.0
734424,137909.0
734426,137909.0
734427,137909.0
734429,137909.0
734431,137909.0
734434,137909.0
734501,137909.0
734503,137909.0
735101,137909.0
735102,137909.0
735121,137909.0
735132,137909.0
735133,137909.0
735134,137909.0
735135,137909.0
735202,137909.0
735203,137909.0
735204,137909.0
735205,137909.0
735206,137909.0
735207,137909.0
735208,137909.0
735209,137909.0
735210,137909.0
735211,137909.0
735212,137909.0
735213,137909.0
735214,137909.0
735215,137909.0
735216,137909.0
735217,137909.0
735218,137909.0
735219,137909.0
735220,137909.0
735221,137909.0
735222,137909.0
735223,137909.0
735224,137909.0
735225,137909.0
735226,137909.0
735227,137909.0
735228,137909.0
735229,137909.0
735230,137909.0
735231,137909.0
735232,137909.0
735233,137909.0
735234,137909.0
735302,137909.0
735305,137909.0
736121,137909.0
736122,137909.0
736123,137909.0
736182,137909.0
736201,137909.0
736202,137909.0
736203,137909.0
736204,137909.0
736205,137909.0
736206,137909.0
736207,137909.0
736208,137909.0
737101,520466.0
737102,520466.0
737103,520466.0
737106,520466.0
737107,520466.0
737111,520466.0
737113,520466.0
737116,520466.0
737120,520466.0
737121,520466.0
737126,520466.0
737128,520466.0
737131,520466.0
737132,520466.0
737133,520466.0
737134,520466.0
737135,520466.0
737136,520466.0
737139,520466.0
741101,137909.0
741102,137909.0
741103,137909.0
741121,137909.0
741122,137909.0
741123,137909.0
741124,137909.0
741125,137909.0
741126,137909.0
741127,137909.0
741137,137909.0
741138,137909.0
741139,137909.0
741140,137909.0
741150,137909.0
741151,137909.0
741152,137909.0
741153,137909.0
741154,137909.0
741155,137909.0
741156,137909.0
741157,137909.0
741158,137909.0
741159,137909.0
741160,137909.0
741161,137909.0
741162,137909.0
741163,137909.0
741164,137909.0
741165,137909.0
741166,137909.0
741167,137909.0
741181,137909.0
741201,137909.0
741202,137909.0
741221,137909.0
741222,137909.0
741223,137909.0
741232,137909.0
741234,137909.0
741235,137909.0
741238,137909.0
741245,137909.0
741246,137909.0
741247,137909.0
741248,137909.0
741249,137909.0
741250,137909.0
741251,137909.0
741252,137909.0
741253,137909.0
741254,137909.0
741255,137909.0
741256,137909.0
741257,137909.0
741301,137909.0
741302,137909.0
741313,137909.0
741315,137909.0
741316,137909.0
741317,137909.0
741319,137909.0
741401,137909.0
741402,137909.0
741404,137909.0
741501,137909.0
741502,137909.0
741503,137909.0
741504,137909.0
741505,137909.0
741506,137909.0
741507,137909.0
741508,137909.0
741509,137909.0
742101,137909.0
742102,137909.0
742103,137909.0
742104,137909.0
742113,137909.0
742121,137909.0
742122,137909.0
742123,137909.0
742132,137909.0
742133,137909.0
742134,137909.0
742135,137909.0
742136,137909.0
742137,137909.0
742138,137909.0
742140,137909.0
742147,137909.0
742148,137909.0
742149,137909.0
742151,137909.0
742159,137909.0
742160,137909.0
742161,137909.0
742163,137909.0
742164,137909.0
742165,137909.0
742166,137909.0
742168,137909.0
742174,137909.0
742175,137909.0
742184,137909.0
742187,137909.0
742189,137909.0
742201,137909.0
742202,137909.0
742212,137909.0
742213,137909.0
742223,137909.0
742224,137909.0
742225,137909.0
742226,137909.0
742227,137909.0
742235,137909.0
742236,137909.0
742237,137909.0
742238,137909.0
742301,137909.0
742302,137909.0
742303,137909.0
742304,137909.0
742305,137909.0
742306,137909.0
742308,137909.0
742401,137909.0
742402,137909.0
742404,137909.0
742405,137909.0
742406,137909.0
742407,137909.0
742408,137909.0
742409,137909.0
743438,137909.0
744202,263984.0
744207,263984.0
752001,134612.0
752002,134612.0
752003,134612.0
752011,134612.0
752012,134612.0
752013,134612.0
752014,134612.0
752015,134612.0
752016,134612.0
752017,134612.0
752020,134612.0
752024,134612.0
752025,134612.0
752026,134612.0
752045,134612.0
752046,134612.0
752063,134612.0
752065,134612.0
752068,134612.0
752069,134612.0
752070,134612.0
752077,134612.0
752078,134612.0
752079,134612.0
752080,134612.0
752081,134612.0
752082,134612.0
752083,134612.0
752084,134612.0
752085,134612.0
752089,134612.0
752090,134612.0
752091,134612.0
752092,134612.0
752093,134612.0
752094,134612.0
752104,134612.0
752105,134612.0
752106,134612.0
752107,134612.0
752108,134612.0
752109,134612.0
752110,134612.0
752111,134612.0
752113,134612.0
752114,134612.0
752116,134612.0
752118,134612.0
752119,134612.0
752120,134612.0
752121,134612.0
753001,134612.0
753002,134612.0
753003,134612.0
753004,134612.0
753006,134612.0
753007,134612.0
753008,134612.0
753009,134612.0
753010,134612.0
753011,134612.0
753012,134612.0
753013,134612.0
753014,134612.0
754001,134612.0
754002,134612.0
754003,134612.0
754004,134612.0
754005,134612.0
754006,134612.0
754007,134612.0
754008,134612.0
754009,134612.0
754010,134612.0
754011,134612.0
754018,134612.0
754021,134612.0
754022,134612.0
754023,134612.0
754024,134612.0
754025,134612.0
754026,134612.0
754027,134612.0
754028,134612.0
754029,134612.0
754030,134612.0
754031,134612.0
754032,134612.0
754035,134612.0
754037,134612.0
754071,134612.0
754082,134612.0
754100,134612.0
754102,134612.0
754103,134612.0
754104,134612.0
754105,134612.0
754106,134612.0
754107,134612.0
754108,134612.0
754109,134612.0
754110,134612.0
754111,134612.0
754112,134612.0
754113,134612.0
754114,134612.0
754119,134612.0
754120,134612.0
754130,134612.0
754131,134612.0
754132,134612.0
754133,134612.0
754134,134612.0
754135,134612.0
754136,134612.0
754137,134612.0
754138,134612.0
754139,134612.0
754140,134612.0
754141,134612.0
754142,134612.0
754145,134612.0
754153,134612.0
754160,134612.0
754162,134612.0
754200,134612.0
754201,134612.0
754202,134612.0
754203,134612.0
754204,134612.0
754205,134612.0
754206,134612.0
754207,134612.0
754208,134612.0
754209,134612.0
754210,134612.0
754211,134612.0
754212,134612.0
754213,134612.0
754214,134612.0
754215,134612.0
754216,134612.0
754217,134612.0
754218,134612.0
754219,134612.0
754220,134612.0
754221,134612.0
754222,134612.0
754223,134612.0
754224,134612.0
754225,134612.0
754227,134612.0
754228,134612.0
754231,134612.0
754239,134612.0
754240,134612.0
754244,134612.0
754245,134612.0
754246,134612.0
754248,134612.0
754250,134612.0
754253,134612.0
754289,134612.0
754290,134612.0
754292,134612.0
754293,134612.0
754294,134612.0
754295,134612.0
754296,134612.0
755001,134612.0
755003,134612.0
755004,134612.0
755005,134612.0
755006,134612.0
755007,134612.0
755008,134612.0
755009,134612.0
755010,134612.0
755011,134612.0
755012,134612.0
755013,134612.0
755014,134612.0
755015,134612.0
755016,134612.0
755017,134612.0
755018,134612.0
755019,134612.0
755020,134612.0
755022,134612.0
755023,134612.0
755024,134612.0
755025,134612.0
755026,134612.0
755027,134612.0
755028,134612.0
755036,134612.0
755043,134612.0
755044,134612.0
755049,134612.0
755050,134612.0
755061,134612.0
755062,134612.0
756100,134612.0
756101,134612.0
756111,134612.0
756112,134612.0
756113,134612.0
756114,134612.0
756115,134612.0
756116,134612.0
756117,134612.0
756118,134612.0
756119,134612.0
756120,134612.0
756121,134612.0
756122,134612.0
756123,134612.0
756124,134612.0
756125,134612.0
756127,134612.0
756128,134612.0
756129,134612.0
756130,134612.0
756131,134612.0
756132,134612.0
756133,134612.0
756135,134612.0
756137,134612.0
756138,134612.0
756139,134612.0
756144,134612.0
756162,134612.0
756163,134612.0
756164,134612.0
756165,134612.0
756167,134612.0
756168,134612.0
756171,134612.0
756181,134612.0
757001,134612.0
757002,134612.0
757003,134612.0
757014,134612.0
757016,134612.0
757017,134612.0
757018,134612.0
757019,134612.0
757020,134612.0
757021,134612.0
757022,134612.0
757023,134612.0
757024,134612.0
757025,134612.0
757026,134612.0
757027,134612.0
757028,134612.0
757029,134612.0
757030,134612.0
757031,134612.0
757032,134612.0
757033,134612.0
757034,134612.0
757035,134612.0
757036,134612.0
757037,134612.0
757038,134612.0
757039,134612.0
757040,134612.0
757041,134612.0
757042,134612.0
757043,134612.0
757045,134612.0
757046,134612.0
757047,134612.0
757048,134612.0
757049,134612.0
757050,134612.0
757051,134612.0
757052,134612.0
757053,134612.0
757054,134612.0
757055,134612.0
757073,134612.0
757074,134612.0
757075,134612.0
757077,134612.0
757079,134612.0
757081,134612.0
757082,134612.0
757083,134612.0
757084,134612.0
757085,134612.0
757086,134612.0
757087,134612.0
757092,134612.0
757093,134612.0
757100,134612.0
757101,134612.0
757102,134612.0
757103,134612.0
757104,134612.0
757105,134612.0
757106,134612.0
757107,134612.0
758001,134612.0
758002,134612.0
758013,134612.0
758014,134612.0
758015,134612.0
758016,134612.0
758017,134612.0
758018,134612.0
758019,134612.0
758020,134612.0
758021,134612.0
758022,134612.0
758023,134612.0
758025,134612.0
758026,134612.0
758027,134612.0
758028,134612.0
758029,134612.0
758030,134612.0
758031,134612.0
758032,134612.0
758034,134612.0
758035,134612.0
758036,134612.0
758037,134612.0
758038,134612.0
758040,134612.0
758041,134612.0
758043,134612.0
758044,134612.0
758045,134612.0
758046,134612.0
758047,134612.0
758076,134612.0
758078,134612.0
758079,134612.0
758080,134612.0
758081,134612.0
758082,134612.0
758083,134612.0
758084,134612.0
758085,134612.0
759001,134612.0
759013,134612.0
759014,134612.0
759015,134612.0
759016,134612.0
759017,134612.0
759018,134612.0
759019,134612.0
759020,134612.0
759021,134612.0
759022,134612.0
759023,134612.0
759024,134612.0
759025,134612.0
759026,134612.0
759027,134612.0
759028,134612.0
759039,134612.0
759120,134612.0
759121,134612.0
759123,134612.0
759146,134612.0
760001,134612.0
760002,134612.0
760003,134612.0
760004,134612.0
760005,134612.0
760006,134612.0
760007,134612.0
760008,134612.0
760010,134612.0
761001,134612.0
761002,134612.0
761003,134612.0
761004,134612.0
761005,134612.0
761006,134612.0
761007,134612.0
761008,134612.0
761009,134612.0
761010,134612.0
761011,134612.0
761012,134612.0
761013,134612.0
761014,134612.0
761015,134612.0
761016,134612.0
761017,134612.0
761018,134612.0
761019,134612.0
761020,134612.0
761025,134612.0
761026,134612.0
761027,134612.0
761028,134612.0
761029,134612.0
761030,134612.0
761031,134612.0
761032,134612.0
761035,134612.0
761037,134612.0
761041,134612.0
761042,134612.0
761043,134612.0
761045,134612.0
761052,134612.0
761054,134612.0
761055,134612.0
761100,134612.0
761101,134612.0
761102,134612.0
761103,134612.0
761104,134612.0
761105,134612.0
761106,134612.0
761107,134612.0
761108,134612.0
761109,134612.0
761110,134612.0
761111,134612.0
761114,134612.0
761115,134612.0
761116,134612.0
761117,134612.0
761118,134612.0
761119,134612.0
761120,134612.0
761121,134612.0
761122,134612.0
761123,134612.0
761124,134612.0
761125,134612.0
761126,134612.0
761131,134612.0
761132,134612.0
761133,134612.0
761140,134612.0
761141,134612.0
761143,134612.0
761144,134612.0
761146,134612.0
761151,134612.0
761200,134612.0
761201,134612.0
761206,134612.0
761207,134612.0
761208,134612.0
761209,134612.0
761210,134612.0
761211,134612.0
761212,134612.0
761213,134612.0
761214,134612.0
761215,134612.0
761217,134612.0
762001,134612.0
762002,134612.0
762010,134612.0
762011,134612.0
762012,134612.0
762013,134612.0
762014,134612.0
762015,134612.0
762016,134612.0
762017,134612.0
762018,134612.0
762019,134612.0
762020,134612.0
762021,134612.0
762022,134612.0
762023,134612.0
762024,134612.0
762026,134612.0
762027,134612.0
762028,134612.0
762029,134612.0
762030,134612.0
762100,134612.0
762101,134612.0
762102,134612.0
762103,134612.0
762104,134612.0
762105,134612.0
762106,134612.0
762107,134612.0
762109,134612.0
762110,134612.0
762112,134612.0
763001,134612.0
763002,134612.0
763003,134612.0
763004,134612.0
763008,134612.0
764001,134612.0
764002,134612.0
764003,134612.0
764004,134612.0
764005,134612.0
764006,134612.0
764011,134612.0
764014,134612.0
764020,134612.0
764021,134612.0
764027,134612.0
764028,134612.0
764036,134612.0
764037,134612.0
764038,134612.0
764039,134612.0
764040,134612.0
764041,134612.0
764042,134612.0
764043,134612.0
764044,134612.0
764045,134612.0
764046,134612.0
764047,134612.0
764049,134612.0
764051,134612.0
764052,134612.0
764055,134612.0
764056,134612.0
764057,134612.0
764058,134612.0
764059,134612.0
764061,134612.0
764062,134612.0
764063,134612.0
764070,134612.0
764071,134612.0
764072,134612.0
764073,134612.0
764074,134612.0
764075,134612.0
764076,134612.0
764077,134612.0
764078,134612.0
764081,134612.0
764085,134612.0
764086,134612.0
764087,134612.0
764088,134612.0
765001,134612.0
765002,134612.0
765013,134612.0
765015,134612.0
765016,134612.0
765017,134612.0
765018,134612.0
765019,134612.0
765020,134612.0
765021,134612.0
765022,134612.0
765023,134612.0
765024,134612.0
765025,134612.0
765026,134612.0
765029,134612.0
765033,134612.0
765034,134612.0
766001,134612.0
766002,134612.0
766011,134612.0
766012,134612.0
766013,134612.0
766014,134612.0
766015,134612.0
766016,134612.0
766017,134612.0
766018,134612.0
766019,134612.0
766020,134612.0
766023,134612.0
766026,134612.0
766027,134612.0
766028,134612.0
766029,134612.0
766031,134612.0
766032,134612.0
766036,134612.0
766037,134612.0
766100,134612.0
766101,134612.0
766102,134612.0
766103,134612.0
766104,134612.0
766105,134612.0
766106,134612.0
766107,134612.0
766108,134612.0
766110,134612.0
766111,134612.0
766118,134612.0
767001,134612.0
767002,134612.0
767017,134612.0
767020,134612.0
767021,134612.0
767022,134612.0
767024,134612.0
767025,134612.0
767026,134612.0
767027,134612.0
767028,134612.0
767029,134612.0
767030,134612.0
767032,134612.0
767033,134612.0
767035,134612.0
767037,134612.0
767038,134612.0
767039,134612.0
767040,134612.0
767041,134612.0
767042,134612.0
767046,134612.0
767048,134612.0
767060,134612.0
767061,134612.0
767065,134612.0
767066,134612.0
767067,134612.0
767070,134612.0
768001,134612.0
768003,134612.0
768004,134612.0
768005,134612.0
768006,134612.0
768016,134612.0
768017,134612.0
768018,134612.0
768019,134612.0
768020,134612.0
768025,134612.0
768027,134612.0
768028,134612.0
768029,134612.0
768030,134612.0
768031,134612.0
768032,134612.0
768033,134612.0
768034,134612.0
768035,134612.0
768036,134612.0
768037,134612.0
768038,134612.0
768039,134612.0
768040,134612.0
768042,134612.0
768045,134612.0
768048,134612.0
768049,134612.0
768050,134612.0
768052,134612.0
768102,134612.0
768103,134612.0
768104,134612.0
768105,134612.0
768106,134612.0
768107,134612.0
768108,134612.0
768109,134612.0
768110,134612.0
768111,134612.0
768112,134612.0
768113,134612.0
768115,134612.0
768118,134612.0
768119,134612.0
768121,134612.0
768200,134612.0
768201,134612.0
768202,134612.0
768203,134612.0
768204,134612.0
768211,134612.0
768212,134612.0
768213,134612.0
768214,134612.0
768215,134612.0
768216,134612.0
768217,134612.0
768218,134612.0
768219,134612.0
768220,134612.0
768221,134612.0
768222,134612.0
768224,134612.0
768225,134612.0
768226,134612.0
768227,134612.0
768228,134612.0
768234,134612.0
770011,134612.0
781001,121573.0
781003,121573.0
781004,121573.0
781005,121573.0
781006,121573.0
781007,121573.0
781008,121573.0
781009,121573.0
781010,121573.0
781011,121573.0
781012,121573.0
781013,121573.0
781014,121573.0
781015,121573.0
781016,121573.0
781017,121573.0
781018,121573.0
781019,121573.0
781020,121573.0
781021,121573.0
781022,121573.0
781023,121573.0
781024,121573.0
781025,121573.0
781026,121573.0
781027,121573.0
781028,121573.0
781029,121573.0
781030,121573.0
781031,121573.0
781032,121573.0
781034,121573.0
781035,121573.0
781036,121573.0
781037,121573.0
781038,121573.0
781039,121573.0
781040,121573.0
781101,121573.0
781102,121573.0
781103,121573.0
781104,121573.0
781120,121573.0
781121,121573.0
781122,121573.0
781123,121573.0
781124,121573.0
781125,121573.0
781126,121573.0
781127,121573.0
781128,121573.0
781129,121573.0
781131,121573.0
781132,121573.0
781133,121573.0
781134,121573.0
781135,121573.0
781136,121573.0
781137,121573.0
781138,121573.0
781141,121573.0
781150,121573.0
781171,121573.0
781301,121573.0
781302,121573.0
781303,121573.0
781304,121573.0
781305,121573.0
781306,121573.0
781307,121573.0
781308,121573.0
781309,121573.0
781310,121573.0
781311,121573.0
781312,121573.0
781313,121573.0
781314,121573.0
781315,121573.0
781316,121573.0
781317,121573.0
781318,121573.0
781319,121573.0
781321,121573.0
781325,121573.0
781326,121573.0
781327,121573.0
781328,121573.0
781329,121573.0
781330,121573.0
781333,121573.0
781334,121573.0
781335,121573.0
781337,121573.0
781338,121573.0
781339,121573.0
781340,121573.0
781341,121573.0
781343,121573.0
781344,121573.0
781346,121573.0
781347,121573.0
781348,121573.0
781349,121573.0
781350,121573.0
781351,121573.0
781352,121573.0
781353,121573.0
781354,121573.0
781355,121573.0
781360,121573.0
781364,121573.0
781365,121573.0
781366,121573.0
781367,121573.0
781368,121573.0
781369,121573.0
781370,121573.0
781371,121573.0
781372,121573.0
781373,121573.0
781374,121573.0
781375,121573.0
781376,121573.0
781377,121573.0
781378,121573.0
781380,121573.0
781381,121573.0
781382,121573.0
782001,121573.0
782002,121573.0
782003,121573.0
782101,121573.0
782102,121573.0
782103,121573.0
782105,121573.0
782120,121573.0
782122,121573.0
782123,121573.0
782124,121573.0
782125,121573.0
782135,121573.0
782136,121573.0
782137,121573.0
782138,121573.0
782139,121573.0
782140,121573.0
782141,121573.0
782142,121573.0
782143,121573.0
782144,121573.0
782401,121573.0
782402,121573.0
782403,121573.0
782425,121573.0
782426,121573.0
782427,121573.0
782428,121573.0
782429,121573.0
782435,121573.0
782439,121573.0
782440,121573.0
782441,121573.0
782442,121573.0
782445,121573.0
782446,121573.0
782447,121573.0
782448,121573.0
782450,121573.0
782460,121573.0
782461,121573.0
782462,121573.0
782470,121573.0
782480,121573.0
782481,121573.0
782482,121573.0
782485,121573.0
782486,121573.0
782490,121573.0
783101,121573.0
783120,121573.0
783122,121573.0
783123,121573.0
783124,121573.0
783125,121573.0
783126,121573.0
783127,121573.0
783128,121573.0
783129,121573.0
783130,121573.0
783131,121573.0
783132,121573.0
783133,121573.0
783134,121573.0
783135,121573.0
783301,121573.0
783323,121573.0
783324,121573.0
783325,121573.0
783330,121573.0
783331,121573.0
783332,121573.0
783333,121573.0
783334,121573.0
783335,121573.0
783336,121573.0
783337,121573.0
783339,121573.0
783345,121573.0
783346,121573.0
783347,121573.0
783348,121573.0
783349,121573.0
783350,121573.0
783354,121573.0
783360,121573.0
783361,121573.0
783369,121573.0
783370,121573.0
783371,121573.0
783372,121573.0
783373,121573.0
783375,121573.0
783376,121573.0
783380,121573.0
783381,121573.0
783382,121573.0
783383,121573.0
783384,121573.0
783385,121573.0
783388,121573.0
783389,121573.0
783390,121573.0
783391,121573.0
783392,121573.0
783393,121573.0
783394,121573.0
784001,121573.0
784010,121573.0
784025,121573.0
784026,121573.0
784027,121573.0
784028,121573.0
784101,121573.0
784102,121573.0
784103,121573.0
784104,121573.0
784105,121573.0
784110,121573.0
784111,121573.0
784112,121573.0
784113,121573.0
784114,121573.0
784115,121573.0
784116,121573.0
784117,121573.0
784125,121573.0
784144,121573.0
784145,121573.0
784146,121573.0
784147,121573.0
784148,121573.0
784149,121573.0
784150,121573.0
784153,121573.0
784154,121573.0
784160,121573.0
784161,121573.0
784163,121573.0
784164,121573.0
784165,121573.0
784166,121573.0
784167,121573.0
784168,121573.0
784169,121573.0
784170,121573.0
784171,121573.0
784172,121573.0
784173,121573.0
784174,121573.0
784175,121573.0
784176,121573.0
784177,121573.0
784178,121573.0
784179,121573.0
784180,121573.0
784182,121573.0
784184,121573.0
784189,121573.0
784190,121573.0
784501,121573.0
784502,121573.0
784504,121573.0
784505,121573.0
784506,121573.0
784507,121573.0
784508,121573.0
784509,121573.0
784510,121573.0
784513,121573.0
784514,121573.0
784521,121573.0
784522,121573.0
784523,121573.0
784524,121573.0
784525,121573.0
784526,121573.0
784527,121573.0
784528,121573.0
784529,121573.0
785001,121573.0
785004,121573.0
785006,121573.0
785007,121573.0
785008,121573.0
785009,121573.0
785010,121573.0
785013,121573.0
785014,121573.0
785015,121573.0
785101,121573.0
785102,121573.0
785104,121573.0
785105,121573.0
785106,121573.0
785107,121573.0
785108,121573.0
785110,121573.0
785111,121573.0
785112,121573.0
785601,121573.0
785602,121573.0
785603,121573.0
785609,121573.0
785610,121573.0
785611,121573.0
785612,121573.0
785613,121573.0
785614,121573.0
785615,121573.0
785616,121573.0
785618,121573.0
785619,121573.0
785621,121573.0
785622,121573.0
785625,121573.0
785626,121573.0
785630,121573.0
785631,121573.0
785632,121573.0
785633,121573.0
785634,121573.0
785635,121573.0
785636,121573.0
785675,121573.0
785676,121573.0
785699,121573.0
785700,121573.0
785702,121573.0
785703,121573.0
785704,121573.0
786001,121573.0
786002,121573.0
786003,121573.0
786004,121573.0
786005,121573.0
786006,121573.0
786007,121573.0
786008,121573.0
786010,121573.0
786012,121573.0
786101,121573.0
786102,121573.0
786103,121573.0
786125,121573.0
786126,121573.0
786145,121573.0
786146,121573.0
786147,121573.0
786150,121573.0
786151,121573.0
786152,121573.0
786153,121573.0
786154,121573.0
786155,121573.0
786156,121573.0
786157,121573.0
786158,121573.0
786159,121573.0
786160,121573.0
786170,121573.0
786171,121573.0
786174,121573.0
786179,121573.0
786181,121573.0
786182,121573.0
786183,121573.0
786184,121573.0
786187,121573.0
786188,121573.0
786189,121573.0
786190,121573.0
786191,121573.0
786192,121573.0
786601,121573.0
786602,121573.0
786610,121573.0
786611,121573.0
786612,121573.0
786613,121573.0
786614,121573.0
786621,121573.0
786622,121573.0
786623,121573.0
786692,121573.0
787001,121573.0
787023,121573.0
787026,121573.0
787031,121573.0
787032,121573.0
787033,121573.0
787034,121573.0
787035,121573.0
787051,121573.0
787052,121573.0
787053,121573.0
787054,121573.0
787055,121573.0
787056,121573.0
787057,121573.0
787058,121573.0
787059,121573.0
787060,121573.0
787061,121573.0
787110,121573.0
788001,121573.0
788002,121573.0
788003,121573.0
788004,121573.0
788005,121573.0
788006,121573.0
788007,121573.0
788009,121573.0
788010,121573.0
788011,121573.0
788013,121573.0
788014,121573.0
788015,121573.0
788025,121573.0
788026,121573.0
788030,121573.0
788031,121573.0
788098,121573.0
788099,121573.0
788101,121573.0
788102,121573.0
788103,121573.0
788104,121573.0
788106,121573.0
788107,121573.0
788108,121573.0
788109,121573.0
788110,121573.0
788111,121573.0
788112,121573.0
788113,121573.0
788114,121573.0
788115,121573.0
788116,121573.0
788117,121573.0
788118,121573.0
788119,121573.0
788120,121573.0
788121,121573.0
788123,121573.0
788126,121573.0
788127,121573.0
788150,121573.0
788151,121573.0
788152,121573.0
788155,121573.0
788156,121573.0
788160,121573.0
788161,121573.0
788162,121573.0
788163,121573.0
788164,121573.0
788165,121573.0
788166,121573.0
788168,121573.0
788701,121573.0
788709,121573.0
788710,121573.0
788711,121573.0
788712,121573.0
788713,121573.0
788719,121573.0
788720,121573.0
788722,121573.0
788723,121573.0
788724,121573.0
788725,121573.0
788726,121573.0
788727,121573.0
788728,121573.0
788734,121573.0
788735,121573.0
788736,121573.0
788737,121573.0
788781,121573.0
788801,121573.0
788802,121573.0
788803,121573.0
788804,121573.0
788805,121573.0
788806,121573.0
788815,121573.0
788816,121573.0
788817,121573.0
790001,204469.0
790002,204469.0
790003,204469.0
790101,204469.0
790102,204469.0
790103,204469.0
790104,204469.0
790105,204469.0
790106,204469.0
790114,204469.0
790116,204469.0
791001,204469.0
791002,204469.0
791003,204469.0
791101,204469.0
791102,204469.0
791103,204469.0
791104,204469.0
791105,204469.0
791109,204469.0
791110,204469.0
791111,204469.0
791112,204469.0
791113,204469.0
791118,204469.0
791119,204469.0
791120,204469.0
791121,204469.0
791122,204469.0
791123,204469.0
791125,204469.0
792001,204469.0
792056,204469.0
792102,204469.0
792103,204469.0
792104,204469.0
792105,204469.0
792110,204469.0
792111,204469.0
792120,204469.0
792121,204469.0
792122,204469.0
792123,204469.0
792129,204469.0
792130,204469.0
792131,204469.0
793001,124673.0
793002,124673.0
793003,124673.0
793004,124673.0
793005,124673.0
793006,124673.0
793007,124673.0
793008,124673.0
793009,124673.0
793010,124673.0
793011,124673.0
793012,124673.0
793014,124673.0
793015,124673.0
793016,124673.0
793017,124673.0
793018,124673.0
793019,124673.0
793021,124673.0
793022,124673.0
793104,124673.0
793106,124673.0
793107,124673.0
793108,124673.0
793109,124673.0
793110,124673.0
793112,124673.0
793113,124673.0
793114,124673.0
793115,124673.0
793119,124673.0
793120,124673.0
793121,124673.0
793150,124673.0
793151,124673.0
793160,124673.0
793200,124673.0
793210,124673.0
794001,124673.0
794002,124673.0
794005,124673.0
794101,124673.0
794102,124673.0
794103,124673.0
794104,124673.0
794105,124673.0
794106,124673.0
794107,124673.0
794108,124673.0
794109,124673.0
794110,124673.0
794111,124673.0
794112,124673.0
794114,124673.0
794115,124673.0
795001,107133.0
795002,107133.0
795003,107133.0
795004,107133.0
795005,107133.0
795006,107133.0
795007,107133.0
795008,107133.0
795009,107133.0
795010,107133.0
795015,107133.0
795101,107133.0
795102,107133.0
795103,107133.0
795104,107133.0
795106,107133.0
795107,107133.0
795112,107133.0
795113,107133.0
795114,107133.0
795115,107133.0
795116,107133.0
795117,107133.0
795118,107133.0
795122,107133.0
795124,107133.0
795126,107133.0
795127,107133.0
795128,107133.0
795129,107133.0
795130,107133.0
795131,107133.0
795132,107133.0
795133,107133.0
795134,107133.0
795135,107133.0
795136,107133.0
795138,107133.0
795139,107133.0
795140,107133.0
795142,107133.0
795144,107133.0
795145,107133.0
795146,107133.0
795148,107133.0
795149,107133.0
795150,107133.0
796001,213665.0
796004,213665.0
796005,213665.0
796007,213665.0
796008,213665.0
796009,213665.0
796012,213665.0
796014,213665.0
796017,213665.0
796070,213665.0
796081,213665.0
796082,213665.0
796091,213665.0
796101,213665.0
796111,213665.0
796161,213665.0
796181,213665.0
796184,213665.0
796186,213665.0
796190,213665.0
796261,213665.0
796290,213665.0
796310,213665.0
796320,213665.0
796321,213665.0
796370,213665.0
796421,213665.0
796571,213665.0
796691,213665.0
796701,213665.0
796751,213665.0
796770,213665.0
796891,213665.0
796901,213665.0
797001,138889.0
797002,138889.0
797003,138889.0
797004,138889.0
797099,138889.0
797101,138889.0
797102,138889.0
797103,138889.0
797104,138889.0
797105,138889.0
797106,138889.0
797107,138889.0
797108,138889.0
797109,138889.0
797110,138889.0
797111,138889.0
797112,138889.0
797113,138889.0
797114,138889.0
797115,138889.0
797116,138889.0
797117,138889.0
797118,138889.0
797120,138889.0
798601,138889.0
798602,138889.0
798603,138889.0
798604,138889.0
798611,138889.0
798612,138889.0
798613,138889.0
798614,138889.0
798615,138889.0
798616,138889.0
798618,138889.0
798621,138889.0
798622,138889.0
798623,138889.0
798625,138889.0
798626,138889.0
799001,153584.0
799002,153584.0
799003,153584.0
799004,153584.0
799005,153584.0
799006,153584.0
799007,153584.0
799008,153584.0
799009,153584.0
799010,153584.0
799012,153584.0
799013,153584.0
799014,153584.0
799015,153584.0
799022,153584.0
799035,153584.0
799045,153584.0
799046,153584.0
799101,153584.0
799102,153584.0
799103,153584.0
799104,153584.0
799105,153584.0
799114,153584.0
799115,153584.0
799120,153584.0
799125,153584.0
799130,153584.0
799131,153584.0
799141,153584.0
799142,153584.0
799143,153584.0
799144,153584.0
799145,153584.0
799150,153584.0
799153,153584.0
799155,153584.0
799156,153584.0
799157,153584.0
799201,153584.0
799202,153584.0
799203,153584.0
799204,153584.0
799205,153584.0
799207,153584.0
799210,153584.0
799211,153584.0
799212,153584.0
799250,153584.0
799251,153584.0
799253,153584.0
799254,153584.0
799256,153584.0
799260,153584.0
799261,153584.0
799262,153584.0
799263,153584.0
799264,153584.0
799266,153584.0
799269,153584.0
799270,153584.0
799271,153584.0
799273,153584.0
799275,153584.0
799277,153584.0
799278,153584.0
799279,153584.0
799280,153584.0
799281,153584.0
799284,153584.0
799285,153584.0
799286,153584.0
799287,153584.0
799288,153584.0
799289,153584.0
799290,153584.0
800001,54637.0
800002,54637.0
800003,54637.0
800004,54637.0
800006,54637.0
800007,54637.0
800008,54637.0
800009,54637.0
800010,54637.0
800011,54637.0
800012,54637.0
800013,54637.0
800014,54637.0
800016,54637.0
800020,54637.0
800024,54637.0
800025,54637.0
800026,54637.0
800027,54637.0
801102,54637.0
801103,54637.0
801104,54637.0
801105,54637.0
801108,54637.0
801109,54637.0
801110,54637.0
801111,54637.0
801112,54637.0
801113,54637.0
801301,54637.0
801302,54637.0
801303,54637.0
801304,54637.0
801305,54637.0
801306,54637.0
801307,54637.0
801503,54637.0
801505,54637.0
802101,54637.0
802102,54637.0
802103,54637.0
802111,54637.0
802112,54637.0
802113,54637.0
802114,54637.0
802115,54637.0
802116,54637.0
802117,54637.0
802118,54637.0
802119,54637.0
802120,54637.0
802122,54637.0
802123,54637.0
802125,54637.0
802126,54637.0
802127,54637.0
802128,54637.0
802129,54637.0
802130,54637.0
802131,54637.0
802132,54637.0
802133,54637.0
802134,54637.0
802135,54637.0
802136,54637.0
802152,54637.0
802154,54637.0
802155,54637.0
802156,54637.0
802157,54637.0
802158,54637.0
802159,54637.0
802160,54637.0
802161,54637.0
802162,54637.0
802163,54637.0
802164,54637.0
802165,54637.0
802166,54637.0
802183,54637.0
802201,54637.0
802202,54637.0
802203,54637.0
802204,54637.0
802205,54637.0
802206,54637.0
802207,54637.0
802208,54637.0
802209,54637.0
802210,54637.0
802211,54637.0
802212,54637.0
802213,54637.0
802214,54637.0
802215,54637.0
802216,54637.0
802217,54637.0
802218,54637.0
802219,54637.0
802220,54637.0
802221,54637.0
802222,54637.0
802223,54637.0
802226,54637.0
802301,54637.0
802302,54637.0
802311,54637.0
802312,54637.0
802313,54637.0
802314,54637.0
802316,54637.0
802351,54637.0
802352,54637.0
803101,54637.0
803107,54637.0
803108,54637.0
803109,54637.0
803110,54637.0
803111,54637.0
803113,54637.0
803114,54637.0
803115,54637.0
803116,54637.0
803117,54637.0
803118,54637.0
803119,54637.0
803120,54637.0
803121,54637.0
803201,54637.0
803202,54637.0
803203,54637.0
803211,54637.0
803212,54637.0
803213,54637.0
803214,54637.0
803215,54637.0
803216,54637.0
803221,54637.0
803301,54637.0
803302,54637.0
803303,54637.0
803306,54637.0
803307,54637.0
804401,54637.0
804402,54637.0
804403,54637.0
804404,54637.0
804405,54637.0
804406,54637.0
804407,54637.0
804408,54637.0
804417,54637.0
804418,54637.0
804419,54637.0
804420,54637.0
804421,54637.0
804422,54637.0
804423,54637.0
804424,54637.0
804425,54637.0
804426,54637.0
804427,54637.0
804428,54637.0
804429,54637.0
804432,54637.0
804435,54637.0
804451,54637.0
804452,54637.0
804453,54637.0
804454,54637.0
805101,54637.0
805102,54637.0
805103,54637.0
805104,54637.0
805105,54637.0
805106,54637.0
805107,54637.0
805108,54637.0
805109,54637.0
805110,54637.0
805111,54637.0
805112,54637.0
805121,54637.0
805122,54637.0
805123,54637.0
805124,54637.0
805125,54637.0
805126,54637.0
805127,54637.0
805128,54637.0
805129,54637.0
805130,54637.0
805131,54637.0
805132,54637.0
805141,54637.0
811101,54637.0
811102,54637.0
811103,54637.0
811104,54637.0
811105,54637.0
811106,54637.0
811107,54637.0
811112,54637.0
811201,54637.0
811202,54637.0
811211,54637.0
811212,54637.0
811213,54637.0
811214,54637.0
811301,54637.0
811302,54637.0
811303,54637.0
811304,54637.0
811305,54637.0
811307,54637.0
811308,54637.0
811309,54637.0
811310,54637.0
811311,54637.0
811312,54637.0
811313,54637.0
811314,54637.0
811315,54637.0
811316,54637.0
811317,54637.0
812001,54637.0
812002,54637.0
812003,54637.0
812004,54637.0
812005,54637.0
812006,54637.0
813101,54637.0
813102,54637.0
813103,54637.0
813104,54637.0
813105,54637.0
813106,54637.0
813107,54637.0
813108,54637.0
813109,54637.0
813110,54637.0
813201,54637.0
813202,54637.0
813203,54637.0
813204,54637.0
813205,54637.0
813206,54637.0
813207,54637.0
813208,95839.0
813209,54637.0
813210,54637.0
813211,54637.0
813212,54637.0
813213,54637.0
813214,54637.0
813221,54637.0
813222,54637.0
814101,95839.0
814102,95839.0
814103,95839.0
814110,95839.0
814111,95839.0
814112,95839.0
814113,95839.0
814114,95839.0
814116,95839.0
814118,95839.0
814119,95839.0
814120,95839.0
814131,54637.0
814133,95839.0
814141,95839.0
814142,95839.0
814143,95839.0
814144,95839.0
814145,95839.0
814146,95839.0
814147,95839.0
814148,95839.0
814149,95839.0
814150,95839.0
814151,95839.0
814152,95839.0
814153,95839.0
814154,95839.0
814155,95839.0
814156,95839.0
814157,95839.0
814158,95839.0
814160,95839.0
814165,95839.0
814166,95839.0
814167,95839.0
815315,95839.0
815351,95839.0
815352,95839.0
815353,95839.0
815354,95839.0
815355,95839.0
815357,95839.0
815359,95839.0
816101,95839.0
816102,95839.0
816103,95839.0
816104,95839.0
816105,95839.0
816106,95839.0
816107,95839.0
816108,95839.0
816109,95839.0
816110,95839.0
816115,95839.0
816116,95839.0
816117,95839.0
816118,95839.0
816120,95839.0
816129,95839.0
821101,54637.0
821102,54637.0
821103,54637.0
821104,54637.0
821105,54637.0
821106,54637.0
821107,54637.0
821108,54637.0
821109,54637.0
821110,54637.0
821111,54637.0
821112,54637.0
821113,54637.0
821115,54637.0
821301,54637.0
821302,54637.0
821303,54637.0
821304,54637.0
821305,54637.0
821306,54637.0
821307,54637.0
821308,54637.0
821309,54637.0
821310,54637.0
821311,54637.0
821312,54637.0
822111,95839.0
822112,95839.0
822114,95839.0
822119,95839.0
822123,95839.0
822124,95839.0
822125,95839.0
822128,95839.0
822129,95839.0
822132,95839.0
822133,95839.0
822134,95839.0
823001,54637.0
823002,54637.0
823003,54637.0
823004,54637.0
823311,54637.0
824116,54637.0
824118,54637.0
824201,54637.0
824205,54637.0
824206,54637.0
824207,54637.0
824209,54637.0
824210,54637.0
824211,54637.0
824217,54637.0
824219,54637.0
824220,54637.0
824221,54637.0
824231,54637.0
824232,54637.0
824233,54637.0
824234,54637.0
824235,54637.0
824236,54637.0
824237,54637.0
825101,95839.0
825102,95839.0
825103,95839.0
825314,95839.0
825315,95839.0
825316,95839.0
825321,95839.0
825325,95839.0
825326,95839.0
825330,95839.0
825401,95839.0
825402,95839.0
825403,95839.0
825404,95839.0
825408,95839.0
826004,95839.0
827001,95839.0
827003,95839.0
827004,95839.0
827006,95839.0
827009,95839.0
827010,95839.0
827012,95839.0
827013,95839.0
827014,95839.0
827302,95839.0
828101,95839.0
828103,95839.0
828104,95839.0
828106,95839.0
828107,95839.0
828108,95839.0
828109,95839.0
828110,95839.0
828111,95839.0
828112,95839.0
828113,95839.0
828114,95839.0
828115,95839.0
828116,95839.0
828117,95839.0
828119,95839.0
828120,95839.0
828121,95839.0
828122,95839.0
828123,95839.0
828124,95839.0
828125,95839.0
828126,95839.0
828128,95839.0
828129,95839.0
828130,95839.0
828131,95839.0
828132,95839.0
828133,95839.0
828134,95839.0
828135,95839.0
828201,95839.0
828202,95839.0
828203,95839.0
828204,95839.0
828205,95839.0
828206,95839.0
828207,95839.0
828301,95839.0
828302,95839.0
828303,95839.0
828304,95839.0
828305,95839.0
828306,95839.0
828307,95839.0
828309,95839.0
828401,95839.0
828402,95839.0
828403,95839.0
828404,95839.0
829101,95839.0
829102,95839.0
829103,95839.0
829104,95839.0
829105,95839.0
829106,95839.0
829107,95839.0
829108,95839.0
829109,95839.0
829110,95839.0
829111,95839.0
829112,95839.0
829113,95839.0
829114,95839.0
829116,95839.0
829117,95839.0
829118,95839.0
829119,95839.0
829121,95839.0
829122,95839.0
829123,95839.0
829125,95839.0
829126,95839.0
829127,95839.0
829128,95839.0
829129,95839.0
829130,95839.0
829132,95839.0
829133,95839.0
829134,95839.0
829135,95839.0
829143,95839.0
829144,95839.0
829149,95839.0
829150,95839.0
829201,95839.0
829202,95839.0
829203,95839.0
829204,95839.0
829205,95839.0
829206,95839.0
829207,95839.0
829208,95839.0
829209,95839.0
829210,95839.0
829301,95839.0
831001,95839.0
831002,95839.0
831003,95839.0
831004,95839.0
831005,95839.0
831006,95839.0
831007,95839.0
831009,95839.0
831011,95839.0
831012,95839.0
831015,95839.0
831016,95839.0
831017,95839.0
831019,95839.0
831020,95839.0
832101,95839.0
832102,95839.0
832103,95839.0
832104,95839.0
832105,95839.0
832107,95839.0
832111,95839.0
832112,95839.0
832301,95839.0
832302,95839.0
832303,95839.0
832304,95839.0
833219,95839.0
834001,95839.0
834002,95839.0
834003,95839.0
834004,95839.0
834005,95839.0
834006,95839.0
834008,95839.0
834009,95839.0
834010,95839.0
834011,95839.0
835101,95839.0
835102,95839.0
835103,95839.0
835201,95839.0
835202,95839.0
835203,95839.0
835204,95839.0
835205,95839.0
835206,95839.0
835207,95839.0
835208,95839.0
835209,95839.0
835210,95839.0
835211,95839.0
835212,95839.0
835213,95839.0
835214,95839.0
835215,95839.0
835216,95839.0
835217,95839.0
835218,95839.0
835219,95839.0
835220,95839.0
835221,95839.0
835222,95839.0
835223,95839.0
835225,95839.0
835226,95839.0
835227,95839.0
835228,95839.0
835229,95839.0
835230,95839.0
835231,95839.0
835232,95839.0
835233,95839.0
835234,95839.0
835235,95839.0
835301,95839.0
835302,95839.0
835303,95839.0
835325,95839.0
841101,54637.0
841201,54637.0
841202,54637.0
841203,54637.0
841204,54637.0
841205,54637.0
841206,54637.0
841207,54637.0
841208,54637.0
841209,54637.0
841210,54637.0
841211,54637.0
841212,54637.0
841213,54637.0
841214,54637.0
841215,54637.0
841216,54637.0
841217,54637.0
841218,54637.0
841219,54637.0
841220,54637.0
841221,54637.0
841222,54637.0
841223,54637.0
841224,54637.0
841225,54637.0
841226,54637.0
841227,54637.0
841231,54637.0
841232,54637.0
841233,54637.0
841234,54637.0
841235,54637.0
841236,54637.0
841237,54637.0
841238,54637.0
841239,54637.0
841240,54637.0
841241,54637.0
841242,54637.0
841243,54637.0
841244,54637.0
841245,54637.0
841286,54637.0
841287,54637.0
841301,54637.0
841302,54637.0
841305,54637.0
841311,54637.0
841312,54637.0
841313,54637.0
841316,54637.0
841401,54637.0
841402,54637.0
841403,54637.0
841404,54637.0
841405,54637.0
841406,54637.0
841407,54637.0
841408,54637.0
841409,54637.0
841410,54637.0
841411,54637.0
841412,54637.0
841413,54637.0
841414,54637.0
841415,54637.0
841416,54637.0
841417,54637.0
841418,54637.0
841419,54637.0
841420,54637.0
841421,54637.0
841422,54637.0
841423,54637.0
841424,54637.0
841425,54637.0
841426,54637.0
841427,54637.0
841428,54637.0
841434,54637.0
841435,54637.0
841436,54637.0
841437,54637.0
841438,54637.0
841439,54637.0
841440,54637.0
841441,54637.0
841442,54637.0
841443,54637.0
841446,54637.0
841460,54637.0
841501,54637.0
841502,54637.0
841503,54637.0
841504,54637.0
841505,54637.0
841506,54637.0
841507,54637.0
841508,54637.0
841509,54637.0
842001,54637.0
842002,54637.0
842003,54637.0
842004,54637.0
842005,54637.0
843101,54637.0
843102,54637.0
843103,54637.0
843104,54637.0
843105,54637.0
843106,54637.0
843107,54637.0
843108,54637.0
843109,54637.0
843110,54637.0
843111,54637.0
843112,54637.0
843113,54637.0
843114,54637.0
843115,54637.0
843117,54637.0
843118,54637.0
843119,54637.0
843120,54637.0
843121,54637.0
843122,54637.0
843123,54637.0
843124,54637.0
843125,54637.0
843126,54637.0
843127,54637.0
843128,54637.0
843129,54637.0
843130,54637.0
843301,54637.0
843302,54637.0
843311,54637.0
843312,54637.0
843313,54637.0
843314,54637.0
843315,54637.0
843316,54637.0
843317,54637.0
843318,54637.0
843319,54637.0
843320,54637.0
843321,54637.0
843322,54637.0
843323,54637.0
843324,54637.0
843325,54637.0
843326,54637.0
843327,54637.0
843328,54637.0
843329,54637.0
843330,54637.0
843331,54637.0
843332,54637.0
843333,54637.0
843334,54637.0
843360,54637.0
844101,54637.0
844102,54637.0
844103,54637.0
844111,54637.0
844112,54637.0
844113,54637.0
844114,54637.0
844115,54637.0
844116,54637.0
844117,54637.0
844118,54637.0
844119,54637.0
844120,54637.0
844121,54637.0
844122,54637.0
844123,54637.0
844124,54637.0
844125,54637.0
844126,54637.0
844127,54637.0
844128,54637.0
844501,54637.0
844502,54637.0
844503,54637.0
844504,54637.0
844505,54637.0
844506,54637.0
844507,54637.0
844508,54637.0
844509,54637.0
845301,54637.0
845302,54637.0
845303,54637.0
845304,54637.0
845305,54637.0
845315,54637.0
845401,54637.0
845406,54637.0
845411,54637.0
845412,54637.0
845413,54637.0
845414,54637.0
845415,54637.0
845416,54637.0
845417,54637.0
845418,54637.0
845419,54637.0
845420,54637.0
845422,54637.0
845423,54637.0
845424,54637.0
845425,54637.0
845426,54637.0
845427,54637.0
845428,54637.0
845429,54637.0
845430,54637.0
845431,54637.0
845432,54637.0
845433,54637.0
845434,54637.0
845435,54637.0
845436,54637.0
845437,54637.0
845440,54637.0
845456,54637.0
845457,54637.0
845458,54637.0
846001,54637.0
846002,54637.0
846003,54637.0
846004,54637.0
846005,54637.0
846006,54637.0
846007,54637.0
846009,54637.0
847101,54637.0
847102,54637.0
847103,54637.0
847104,54637.0
847105,54637.0
847106,54637.0
847107,54637.0
847108,54637.0
847109,54637.0
847115,54637.0
847121,54637.0
847122,54637.0
847123,54637.0
847201,54637.0
847203,54637.0
847204,54637.0
847211,54637.0
847212,54637.0
847213,54637.0
847214,54637.0
847215,54637.0
847222,54637.0
847223,54637.0
847224,54637.0
847225,54637.0
847226,54637.0
847227,54637.0
847228,54637.0
847229,54637.0
847230,54637.0
847231,54637.0
847232,54637.0
847233,54637.0
847234,54637.0
847235,54637.0
847236,54637.0
847238,54637.0
847239,54637.0
847240,54637.0
847301,54637.0
847302,54637.0
847303,54637.0
847304,54637.0
847305,54637.0
847306,54637.0
847307,54637.0
847308,54637.0
847337,54637.0
847401,54637.0
847402,54637.0
847403,54637.0
847404,54637.0
847405,54637.0
847407,54637.0
847408,54637.0
847409,54637.0
847410,54637.0
847411,54637.0
847421,54637.0
847422,54637.0
847423,54637.0
847424,54637.0
847427,54637.0
847428,54637.0
847429,54637.0
847451,54637.0
847452,54637.0
848101,54637.0
848102,54637.0
848113,54637.0
848114,54637.0
848115,54637.0
848117,54637.0
848121,54637.0
848122,54637.0
848125,54637.0
848127,54637.0
848129,54637.0
848130,54637.0
848131,54637.0
848132,54637.0
848133,54637.0
848134,54637.0
848160,54637.0
848201,54637.0
848202,54637.0
848203,54637.0
848204,54637.0
848205,54637.0
848206,54637.0
848207,54637.0
848208,54637.0
848209,54637.0
848210,54637.0
848211,54637.0
848213,54637.0
848216,54637.0
848236,54637.0
848301,54637.0
848302,54637.0
848501,54637.0
848502,54637.0
848503,54637.0
848504,54637.0
848505,54637.0
848506,54637.0
851101,54637.0
851111,54637.0
851112,54637.0
851113,54637.0
851114,54637.0
851115,54637.0
851116,54637.0
851117,54637.0
851118,54637.0
851120,54637.0
851126,54637.0
851127,54637.0
851128,54637.0
851129,54637.0
851130,54637.0
851131,54637.0
851132,54637.0
851133,54637.0
851134,54637.0
851135,54637.0
851201,54637.0
851202,54637.0
851203,54637.0
851204,54637.0
851205,54637.0
851210,54637.0
851211,54637.0
851212,54637.0
851213,54637.0
851214,54637.0
851215,54637.0
851216,54637.0
851217,54637.0
851218,54637.0
852101,54637.0
852105,54637.0
852106,54637.0
852107,54637.0
852108,54637.0
852109,54637.0
852110,54637.0
852111,54637.0
852112,54637.0
852113,54637.0
852114,54637.0
852115,54637.0
852116,54637.0
852121,54637.0
852122,54637.0
852123,54637.0
852124,54637.0
852125,54637.0
852126,54637.0
852127,54637.0
852128,54637.0
852129,54637.0
852130,54637.0
852131,54637.0
852132,54637.0
852137,54637.0
852138,54637.0
852139,54637.0
852161,54637.0
852201,54637.0
852202,54637.0
852212,54637.0
852213,54637.0
852214,54637.0
852215,54637.0
852216,54637.0
852217,54637.0
852218,54637.0
852219,54637.0
852220,54637.0
852221,54637.0
853201,54637.0
853202,54637.0
853203,54637.0
853204,54637.0
853205,54637.0
854101,54637.0
854102,54637.0
854103,54637.0
854104,54637.0
854105,54637.0
854106,54637.0
854107,54637.0
854108,54637.0
854109,54637.0
854112,54637.0
854113,54637.0
854114,54637.0
854115,54637.0
854116,54637.0
854117,54637.0
854201,54637.0
854202,54637.0
854203,54637.0
854204,54637.0
854205,54637.0
854301,54637.0
854302,54637.0
854303,54637.0
854304,54637.0
854305,54637.0
854306,54637.0
854311,54637.0
854312,54637.0
854315,54637.0
854316,54637.0
854317,54637.0
854318,54637.0
854325,54637.0
854326,54637.0
854327,54637.0
854328,54637.0
854329,54637.0
854330,54637.0
854331,54637.0
854332,54637.0
854333,54637.0
854334,54637.0
854335,54637.0
854336,54637.0
854337,54637.0
854338,54637.0
854339,54637.0
854340,54637.0
855101,54637.0
855102,54637.0
855105,54637.0
855106,54637.0
855107,54637.0
855108,54637.0
855113,54637.0
855114,54637.0
855115,54637.0
855116,54637.0
855117,54637.0
