pincode,schools_per_lakh
110001,34.86
110002,34.86
110003,12.23
110004,34.86
110005,34.86
110006,36.83
110007,36.83
110008,34.86
110011,34.86
110012,34.86
110013,12.23
110014,12.23
110017,12.23
110019,12.23
110020,12.23
110024,12.23
110025,12.23
110031,33.7
110032,33.7
110044,12.23
110048,12.23
110049,12.23
110051,33.7
110053,33.7
110054,36.83
110055,34.86
110060,34.86
110062,12.23
110065,12.23
110076,12.23
110080,12.23
110084,36.83
110090,33.7
110091,33.7
110092,33.7
110093,33.7
110094,33.7
110095,33.7
110096,33.7
121001,86.49
121002,86.49
121003,86.49
121004,86.49
121005,86.49
121006,86.49
121007,86.49
121008,86.49
121009,86.49
121010,86.49
121012,86.49
121013,86.49
121101,86.49
121102,86.49
121103,86.49
121105,86.49
121106,86.49
121107,86.49
122001,79.92
122002,79.92
122003,79.92
122004,79.92
122005,79.92
122006,79.92
122007,79.92
122008,79.92
122009,79.92
122011,79.92
122015,79.92
122016,79.92
122017,79.92
122018,79.92
122051,79.92
122052,79.92
122101,79.92
122102,79.92
122103,79.92
122104,79.92
122105,79.92
122107,79.92
122108,79.92
122413,79.92
122414,79.92
122502,79.92
122503,79.92
122504,79.92
122505,79.92
122506,79.92
122508,79.92
123001,106.76
123021,106.76
123023,106.76
123024,106.76
123027,106.76
123028,106.76
123029,106.76
123034,106.01
123035,106.01
123101,106.01
123102,106.01
123103,106.01
123106,106.01
123110,106.01
123301,106.01
123302,106.01
123303,106.76
123401,106.01
123411,106.01
123412,106.01
123501,106.01
124001,75.75
124010,75.75
124021,75.75
124022,75.75
124102,92.49
124103,92.49
124104,92.49
124105,92.49
124106,92.49
124107,92.49
124108,92.49
124109,92.49
124111,75.75
124112,75.75
124113,75.75
124141,75.75
124142,92.49
124146,92.49
124201,92.49
124202,92.49
124303,75.75
124401,75.75
124404,75.75
124406,75.75
124411,75.75
124412,75.75
124501,75.75
124504,92.49
124505,92.49
124506,92.49
124507,92.49
124508,92.49
124513,75.75
124514,75.75
125001,88.59
125004,88.59
125005,88.59
125006,88.59
125007,88.59
125011,88.59
125033,88.59
125037,88.59
125038,88.59
125039,88.59
125042,88.59
125044,88.59
125047,88.59
125048,92.83
125049,88.59
125050,92.83
125051,92.83
125052,88.59
125053,92.83
125054,90.03
125055,90.03
125056,90.03
125058,90.03
125060,90.03
125075,90.03
125076,90.03
125077,90.03
125078,90.03
125101,90.03
125102,90.03
125103,90.03
125104,90.03
125106,92.83
125110,90.03
125111,92.83
125112,88.59
125113,88.59
125120,92.83
125121,88.59
125133,92.83
125201,90.03
126101,83.33
126102,83.33
126110,83.33
126111,83.33
126112,83.33
126113,83.33
126114,83.33
126115,83.33
126116,83.33
126125,83.33
126152,83.33
127021,71.82
127022,71.82
127025,71.82
127026,71.82
127027,71.82
127028,71.82
127029,71.82
127030,71.82
127031,71.82
127032,71.82
127035,71.82
127040,71.82
127041,71.82
127042,71.82
127043,71.82
127045,71.82
127046,71.82
127111,71.82
127114,71.82
127201,71.82
127306,71.82
127307,71.82
127308,71.82
127309,71.82
127310,71.82
131001,87.36
131021,87.36
131022,87.36
131023,87.36
131024,87.36
131027,87.36
131028,87.36
131029,87.36
131039,87.36
131101,87.36
131102,87.36
131103,87.36
131301,87.36
131302,87.36
131304,87.36
131305,87.36
131306,87.36
131402,87.36
131403,87.36
131408,87.36
131409,87.36
132001,85.04
132022,85.04
132023,85.04
132024,85.04
132036,85.04
132037,85.04
132039,85.04
132040,85.04
132041,85.04
132046,85.04
132054,85.04
132101,79.98
132102,79.98
132103,79.98
132104,79.98
132105,79.98
132106,79.98
132107,79.98
132108,79.98
132113,79.98
132114,85.04
132115,79.98
132116,85.04
132117,85.04
132122,79.98
132140,79.98
132145,79.98
132157,85.04
133001,94.39
133004,94.39
133005,94.39
133006,94.39
133101,94.39
133102,94.39
133104,94.39
133201,94.39
133202,94.39
133203,94.39
133205,94.39
133207,94.39
133301,102.17
133302,102.17
134003,94.39
134005,94.39
134007,94.39
134101,102.17
134102,102.17
134104,102.17
134107,102.17
134108,102.17
134109,102.17
134112,102.17
134113,102.17
134114,102.17
134116,102.17
134117,102.17
134118,102.17
134201,94.39
134202,94.39
134203,94.39
134204,94.39
134205,102.17
136020,86.96
136021,86.96
136026,86.96
136027,86.96
136030,112.01
136033,86.96
136034,86.96
136035,86.96
136038,112.01
136042,86.96
136043,86.96
136044,86.96
136117,86.96
136118,112.01
136119,112.01
136128,112.01
136129,112.01
136130,112.01
136131,112.01
136132,112.01
136135,112.01
136136,112.01
136156,112.01
140001,143.41
140101,143.41
140103,143.41
140108,143.41
140111,143.41
140112,143.41
140113,143.41
140114,143.41
140116,143.41
140117,143.41
140119,143.41
140123,143.41
140124,143.41
140126,143.41
140133,143.41
140301,143.41
140306,143.41
140307,143.41
140308,143.41
140401,64.14
140402,64.14
140405,131.54
140406,131.54
140407,131.54
140412,131.54
140417,64.14
140506,64.14
140601,64.14
140602,64.14
140603,64.14
140701,64.14
140702,64.14
140802,64.14
141001,80.13
141003,80.13
141008,80.13
141101,80.13
141102,80.13
141103,80.13
141104,80.13
141105,80.13
141106,80.13
141107,80.13
141108,80.13
141109,80.13
141110,80.13
141112,80.13
141113,80.13
141114,80.13
141115,80.13
141116,80.13
141117,80.13
141118,80.13
141119,80.13
141120,80.13
141121,80.13
141122,80.13
141123,80.13
141125,80.13
141126,80.13
141127,80.13
141201,80.13
141202,80.13
141203,80.13
141204,80.13
141205,80.13
141206,80.13
141401,80.13
141411,131.54
141412,80.13
141413,80.13
141414,80.13
141415,80.13
141416,80.13
141417,80.13
141418,80.13
141419,80.13
141421,80.13
141801,131.54
142001,81.83
142002,81.83
142003,81.83
142011,81.83
142021,80.13
142022,80.13
142023,80.13
142024,80.13
142025,80.13
142026,80.13
142027,80.13
142029,80.13
142030,80.13
142031,80.13
142032,80.13
142033,80.13
142034,80.13
142035,80.13
142036,80.13
142037,81.83
142038,81.83
142039,81.83
142040,81.83
142041,53.04
142042,81.83
142043,81.83
142044,53.04
142045,81.83
142046,81.83
142047,53.04
142048,81.83
142049,81.83
142050,53.04
142052,53.04
142053,81.83
142054,81.83
142055,81.83
142056,81.83
142057,81.83
142058,81.83
142060,53.04
143001,84.43
143002,84.43
143005,84.43
143006,84.43
143008,84.43
143009,84.43
143022,84.43
143101,84.43
143102,84.43
143103,84.43
143105,84.43
143107,84.43
143108,84.43
143109,84.43
143111,84.43
143112,84.43
143113,84.43
143114,84.43
143115,84.43
143116,84.43
143117,84.43
143119,84.43
143149,84.43
143201,84.43
143202,84.43
143203,84.43
143204,84.43
143205,84.43
143301,84.43
143302,84.43
143303,84.43
143304,84.43
143305,84.43
143402,84.43
143406,84.43
143407,84.43
143409,84.43
143410,84.43
143411,84.43
143413,84.43
143414,84.43
143501,84.43
143502,84.43
143504,84.43
143505,89.95
143506,89.95
143507,89.95
143511,89.95
143512,89.95
143513,89.95
143514,89.95
143515,89.95
143516,89.95
143517,89.95
143518,89.95
143519,89.95
143520,89.95
143521,89.95
143525,89.95
143526,89.95
143527,89.95
143528,89.95
143529,89.95
143530,89.95
143531,89.95
143532,89.95
143533,89.95
143534,89.95
143601,84.43
143602,89.95
143603,84.43
143604,89.95
143605,89.95
143606,84.43
144001,96.07
144002,96.07
144005,96.07
144008,96.07
144020,96.07
144024,96.07
144025,96.07
144026,96.07
144028,96.07
144029,96.07
144030,96.07
144031,96.07
144032,96.07
144033,96.07
144034,96.07
144035,96.07
144036,96.07
144037,96.07
144039,96.07
144040,96.07
144041,96.07
144042,96.07
144043,96.07
144044,96.07
144101,96.07
144102,96.07
144103,96.07
144104,96.07
144105,138.43
144106,96.07
144201,96.07
144202,138.43
144204,138.43
144205,138.43
144206,138.43
144207,138.43
144208,138.43
144209,138.43
144210,138.43
144211,138.43
144212,138.43
144213,138.43
144214,138.43
144216,138.43
144221,138.43
144222,138.43
144223,138.43
144224,138.43
144301,96.07
144302,96.07
144303,96.07
144305,138.43
144306,138.43
144311,96.07
144401,124.87
144402,124.87
144403,96.07
144404,138.43
144405,96.07
144406,138.43
144407,96.07
144408,124.87
144409,96.07
144410,96.07
144411,124.87
144416,96.07
144417,96.07
144418,96.07
144419,96.07
144511,96.07
144519,138.43
144520,138.43
144523,138.43
144527,138.43
144528,138.43
144529,138.43
144530,138.43
144531,138.43
144601,124.87
144602,124.87
144603,124.87
144606,124.87
144620,124.87
144621,124.87
144622,124.87
144623,96.07
144624,124.87
144625,124.87
144626,124.87
144628,124.87
144629,96.07
144630,96.07
144631,124.87
144632,124.87
144633,96.07
144701,96.07
144702,96.07
144703,96.07
144801,96.07
144802,124.87
144803,124.87
144804,124.87
144805,96.07
144806,96.07
144819,124.87
145001,89.95
145022,89.95
145023,89.95
145024,89.95
145025,89.95
145026,89.95
145027,89.95
145029,89.95
145101,89.95
146001,138.43
146021,138.43
146022,138.43
146023,138.43
146024,138.43
146101,138.43
146102,138.43
146103,138.43
146104,138.43
146105,138.43
146106,138.43
146107,138.43
146108,138.43
146109,138.43
146110,138.43
146111,138.43
146112,138.43
146113,138.43
146114,138.43
146115,138.43
146116,138.43
147001,64.14
147002,64.14
147003,64.14
147004,64.14
147005,64.14
147006,64.14
147007,64.14
147021,64.14
147101,64.14
147102,64.14
147103,64.14
147104,64.14
147105,64.14
147111,64.14
147201,64.14
147202,64.14
147203,64.14
147301,131.54
148001,64.37
148002,64.37
148017,64.37
148018,64.37
148019,64.37
148020,64.37
148021,64.37
148022,64.37
148023,64.37
148024,64.37
148025,64.37
148026,64.37
148027,64.37
148028,64.37
148029,64.37
148030,64.37
148031,64.37
148033,64.37
148034,64.37
148035,64.37
148106,64.37
151001,72.65
151002,72.65
151003,72.65
151004,72.65
151005,72.65
151101,72.65
151102,72.65
151103,72.65
151104,72.65
151105,72.65
151106,72.65
151108,72.65
151111,72.65
151201,72.65
151202,86.41
151203,86.41
151204,86.41
151205,86.41
151206,72.65
151207,86.41
151208,86.41
151209,86.41
151212,86.41
151213,86.41
151301,72.65
151302,72.65
151401,72.65
151501,72.65
151502,85.33
151503,85.33
151504,85.33
151505,85.33
151506,85.33
151507,85.33
151508,85.33
151509,72.65
151510,85.33
152001,53.04
152002,53.04
152003,53.04
152004,53.04
152005,53.04
152021,53.04
152022,53.04
152023,53.04
152024,53.04
152028,53.04
152033,53.04
152116,53.04
152117,53.04
152121,53.04
152122,53.04
152123,53.04
152124,53.04
152128,53.04
152132,53.04
160001,19.61
160002,19.61
160003,19.61
160009,19.61
160011,19.61
160012,19.61
160014,19.61
160015,19.61
160017,19.61
160018,19.61
160019,19.61
160020,19.61
160022,19.61
160023,19.61
160025,19.61
160030,19.61
160036,19.61
160047,19.61
160055,143.41
160059,143.41
160062,143.41
160071,143.41
160101,19.61
160102,19.61
171001,295.43
171002,295.43
171003,295.43
171004,295.43
171005,295.43
171006,295.43
171007,295.43
171008,295.43
171009,295.43
171010,295.43
171011,295.43
171012,295.43
171013,295.43
171018,295.43
171019,295.43
171102,238.09
171103,295.43
171201,295.43
171202,295.43
171203,295.43
171204,295.43
171205,295.43
171206,295.43
171207,295.43
171208,295.43
171209,295.43
171210,295.43
171211,295.43
171212,295.43
171213,295.43
171214,295.43
171215,295.43
171216,295.43
171217,295.43
171218,295.43
171219,295.43
171220,295.43
171221,295.43
171222,295.43
171223,295.43
171224,295.43
171225,295.43
171226,295.43
171301,295.43
172001,295.43
172002,273.39
172021,295.43
172022,295.43
172023,273.39
172024,295.43
172025,273.39
172026,273.39
172027,295.43
172028,295.43
172029,295.43
172030,295.43
172031,295.43
172032,273.39
172033,273.39
172101,295.43
172102,295.43
172103,308.43
172104,308.43
172105,308.43
172106,308.43
172107,308.43
172108,308.43
172109,308.43
172110,308.43
172111,308.43
172112,308.43
172115,308.43
172116,308.43
172118,308.43
172201,295.43
173001,306.51
173021,306.51
173022,306.51
173023,306.51
173024,306.51
173025,306.51
173026,306.51
173027,306.51
173029,306.51
173030,306.51
173031,306.51
173032,306.51
173101,306.51
173104,306.51
173201,238.09
173202,238.09
173204,238.09
173205,238.09
173206,238.09
173207,238.09
173208,238.09
173209,238.09
173211,238.09
173212,238.09
173213,238.09
173214,238.09
173215,238.09
173217,238.09
173218,238.09
173220,238.09
173221,238.09
173222,238.09
173223,306.51
173225,238.09
173229,238.09
173230,238.09
173233,238.09
173234,238.09
173235,238.09
174101,238.09
174102,238.09
174103,238.09
174301,172.15
174302,172.15
174303,172.15
174306,172.15
174307,172.15
174308,172.15
174314,172.15
174315,172.15
174316,172.15
174317,172.15
174319,172.15
174320,172.15
174321,172.15
174503,172.15
174507,172.15
175001,271.53
175002,271.53
175003,271.53
175004,271.53
175005,271.53
175006,271.53
175007,271.53
175008,271.53
175009,271.53
175010,271.53
175011,271.53
175012,271.53
175013,195.66
175014,271.53
175015,271.53
175016,271.53
175017,271.53
175018,271.53
175019,271.53
175021,271.53
175023,271.53
175024,271.53
175025,271.53
175026,271.53
175027,271.53
175028,271.53
175029,271.53
175030,271.53
175031,271.53
175032,271.53
175033,271.53
175034,271.53
175035,271.53
175036,271.53
175037,271.53
175038,271.53
175039,271.53
175040,271.53
175042,271.53
175046,271.53
175047,271.53
175048,271.53
175049,271.53
175050,271.53
175051,271.53
175052,271.53
175101,273.39
175102,273.39
175103,273.39
175104,273.39
175105,273.39
175106,271.53
175121,271.53
175123,273.39
175124,271.53
175125,273.39
175126,273.39
175128,273.39
175129,273.39
175130,273.39
175131,273.39
175134,273.39
175136,273.39
175138,273.39
175141,273.39
175143,273.39
176001,195.66
176021,195.66
176022,195.66
176023,195.66
176025,195.66
176026,195.66
176027,195.66
176028,195.66
176029,195.66
176030,195.66
176031,195.66
176032,195.66
176033,195.66
176036,195.66
176037,195.66
176038,195.66
176047,195.66
176051,195.66
176052,195.66
176053,195.66
176054,195.66
176055,195.66
176056,195.66
176058,195.66
176059,195.66
176060,195.66
176061,195.66
176062,195.66
176063,195.66
176064,195.66
176065,195.66
176066,195.66
176071,195.66
176073,195.66
176075,195.66
176076,195.66
176077,195.66
176081,195.66
176082,195.66
176083,195.66
176084,195.66
176085,195.66
176086,195.66
176087,195.66
176088,195.66
176089,195.66
176090,271.53
176091,195.66
176092,195.66
176093,195.66
176094,195.66
176095,195.66
176096,195.66
176097,195.66
176098,195.66
176101,195.66
176102,195.66
176103,195.66
176107,195.66
176115,195.66
176125,195.66
176128,195.66
176200,195.66
176201,195.66
176202,195.66
176203,195.66
176204,195.66
176205,195.66
176206,195.66
176207,350.78
176208,195.66
176209,195.66
176210,195.66
176211,195.66
176214,195.66
176215,195.66
176216,195.66
176217,195.66
176218,195.66
176225,195.66
176301,350.78
176302,350.78
176303,350.78
176304,350.78
176305,350.78
176306,350.78
176308,350.78
176309,350.78
176310,350.78
176311,350.78
176312,350.78
176313,350.78
176314,350.78
176315,350.78
176316,350.78
176317,350.78
176318,350.78
176319,350.78
176320,350.78
176321,350.78
176323,350.78
176324,350.78
176325,350.78
176401,195.66
176402,195.66
176403,195.66
176501,195.66
176502,195.66
176601,172.15
177031,172.15
177034,195.66
177039,172.15
177043,195.66
177101,195.66
177103,195.66
177104,195.66
177105,195.66
177106,195.66
177107,195.66
177108,195.66
177109,172.15
177110,172.15
177111,195.66
177112,195.66
177113,195.66
177114,195.66
177117,195.66
177201,172.15
177202,172.15
177203,172.15
177204,172.15
177205,172.15
177206,172.15
177207,172.15
177208,172.15
177209,172.15
177210,172.15
177211,172.15
177212,172.15
177213,172.15
177219,172.15
177220,172.15
180017,129.52
182202,342.06
184121,129.52
190001,59.62
191132,163.78
193224,193.02
201001,55.09
201002,55.09
201003,55.09
201004,55.09
201005,55.09
201006,55.09
201007,55.09
201008,116.74
201009,55.09
201010,55.09
201011,55.09
201012,55.09
201013,55.09
201014,55.09
201015,55.09
201016,55.09
201017,55.09
201019,55.09
201102,55.09
201103,55.09
201201,55.09
201204,55.09
201206,55.09
201301,116.74
201303,116.74
201304,116.74
201305,116.74
201306,116.74
201307,116.74
201309,116.74
201310,116.74
201311,116.74
201312,116.74
201313,116.74
201314,116.74
202001,129.4
202002,129.4
202121,129.4
202122,129.4
202123,129.4
202124,129.4
202125,129.4
202126,129.4
202127,129.4
202128,129.4
202129,129.4
202130,129.4
202131,129.4
202132,129.4
202133,129.4
202134,129.4
202135,129.4
202136,129.4
202137,129.4
202138,129.4
202139,129.4
202140,129.4
202141,129.4
202142,129.4
202143,129.4
202145,129.4
202150,129.4
202155,129.4
202165,129.4
202170,129.4
202280,129.4
202281,129.4
202282,129.4
203001,117.16
203002,117.16
203129,117.16
203131,117.16
203132,117.16
203135,116.74
203141,116.74
203150,117.16
203155,116.74
203201,116.74
203202,116.74
203203,116.74
203205,117.16
203206,117.16
203207,116.74
203209,116.74
203389,117.16
203390,117.16
203391,117.16
203392,117.16
203393,117.16
203394,117.16
203395,117.16
203396,117.16
203397,117.16
203398,117.16
203399,117.16
203401,117.16
203402,117.16
203403,117.16
203405,117.16
203407,117.16
203408,117.16
203409,117.16
203411,117.16
203412,117.16
205001,199.28
205119,199.28
205121,199.28
205247,199.28
205261,199.28
205262,199.28
205263,199.28
205264,199.28
205265,199.28
205267,199.28
205268,199.28
205301,199.28
205303,199.28
205304,199.28
206001,184.78
206002,184.78
206003,184.78
206120,184.78
206121,170.74
206122,170.74
206123,184.78
206124,184.78
206125,184.78
206126,184.78
206127,184.78
206128,184.78
206129,170.74
206130,184.78
206131,184.78
206241,170.74
206242,184.78
206243,170.74
206244,170.74
206245,184.78
206246,170.74
206247,170.74
206248,170.74
206249,170.74
206250,170.74
206251,170.74
206252,170.74
206253,184.78
206255,170.74
207001,189.88
207002,189.88
207003,189.88
207120,189.88
207121,189.88
207122,189.88
207123,189.88
207124,189.88
207125,189.88
207241,189.88
207242,189.88
207243,189.88
207244,189.88
207245,189.88
207246,189.88
207247,189.88
207248,189.88
207249,189.88
207250,189.88
207301,189.88
207302,189.88
207401,189.88
207402,189.88
207403,189.88
208001,111.98
208002,111.98
208003,111.98
208004,111.98
208005,111.98
208006,111.98
208007,111.98
208008,111.98
208009,111.98
208010,111.98
208011,111.98
208012,111.98
208013,111.98
208014,111.98
208015,111.98
208016,111.98
208017,111.98
208019,111.98
208020,111.98
208021,111.98
208022,111.98
208023,111.98
208024,111.98
208025,111.98
208026,111.98
208027,111.98
209101,155.76
209111,155.76
209112,155.76
209115,155.76
209121,155.76
209125,155.76
209202,155.76
209203,155.76
209204,155.76
209205,155.76
209206,155.76
209208,155.76
209209,155.76
209210,155.76
209214,111.98
209217,111.98
209301,155.76
209302,155.76
209303,155.76
209304,111.98
209305,111.98
209306,155.76
209307,155.76
209308,155.76
209310,155.76
209311,155.76
209312,155.76
209401,111.98
209402,111.98
209501,155.01
209502,155.01
209503,155.01
209504,155.01
209505,155.01
209601,155.01
209602,155.01
209621,155.01
209622,155.01
209625,155.01
209651,155.01
209652,155.01
209720,168.4
209721,168.4
209722,168.4
209723,168.4
209724,155.01
209725,168.4
209727,168.4
209728,168.4
209729,168.4
209731,168.4
209732,168.4
209733,168.4
209734,168.4
209735,168.4
209736,168.4
209738,168.4
209739,155.01
209743,155.01
209745,155.01
209747,168.4
209749,155.01
209801,147.34
209821,147.34
209825,147.34
209827,147.34
209831,147.34
209841,147.34
209859,147.34
209861,147.34
209862,147.34
209863,147.34
209864,147.34
209865,147.34
209866,147.34
209867,147.34
209868,147.34
209869,147.34
209870,147.34
209871,147.34
209881,147.34
210001,133.92
210120,133.92
210121,133.92
210123,133.92
210125,133.92
210126,133.92
210128,133.92
210129,133.92
210201,133.92
210202,133.92
210203,133.92
210204,171.0
210205,171.0
210206,171.0
210207,171.0
210208,171.0
210209,171.0
210421,148.62
210423,148.62
210424,148.62
210425,148.62
210426,148.62
210427,148.62
210429,148.62
210433,148.62
212201,139.58
212202,139.58
212203,139.58
212204,139.58
212205,139.58
212206,139.58
212207,139.58
212214,139.58
212216,139.58
212217,139.58
212218,139.58
212601,145.78
212620,145.78
212621,145.78
212622,145.78
212631,145.78
212635,145.78
212641,145.78
212645,145.78
212650,145.78
212651,145.78
212652,145.78
212653,145.78
212654,145.78
212655,145.78
212656,145.78
212657,145.78
212658,145.78
212659,145.78
212661,145.78
212663,145.78
212664,145.78
212665,145.78
221001,96.36
221002,96.36
221003,96.36
221004,96.36
221005,96.36
221006,96.36
221007,96.36
221008,96.36
221009,112.25
221010,96.36
221011,96.36
221101,96.36
221103,96.36
221104,96.36
221105,96.36
221106,96.36
221107,96.36
221108,96.36
221110,96.36
221112,96.36
221115,112.25
221116,96.36
221201,96.36
221202,96.36
221204,96.36
221206,96.36
221207,96.36
221208,96.36
221302,96.36
221305,96.36
221307,96.36
221311,96.36
221313,96.36
221403,96.36
221405,96.36
221601,130.96
221602,130.96
221603,130.96
221701,127.53
221705,130.96
221706,130.96
221709,127.53
221711,127.53
221712,127.53
221713,127.53
221715,127.53
221716,127.53
221717,127.53
221718,127.53
222001,137.02
222002,137.02
222003,137.02
222105,137.02
222109,137.02
222125,137.02
222127,137.02
222128,137.02
222129,137.02
222131,137.02
222132,137.02
222133,137.02
222135,137.02
222136,137.02
222137,137.02
222138,137.02
222139,137.02
222141,137.02
222142,137.02
222143,137.02
222144,137.02
222145,137.02
222146,137.02
222148,137.02
222149,137.02
222161,137.02
222162,137.02
222165,137.02
222170,137.02
222175,137.02
222180,137.02
222181,137.02
222201,137.02
222202,137.02
222203,137.02
222204,137.02
222301,94.96
222302,94.96
222303,94.96
223101,137.02
223102,137.02
223103,137.02
223104,137.02
223105,137.02
223221,130.7
223222,130.7
223223,130.7
223224,130.7
223225,130.7
223226,130.7
223227,130.7
224122,149.58
224125,149.58
224129,149.58
224132,149.58
224133,149.58
224137,149.58
224139,149.58
224143,149.58
224145,149.58
224146,149.58
224147,149.58
224149,149.58
224151,149.58
224152,149.58
224155,149.58
224157,149.58
224159,149.58
224168,149.58
224171,149.58
224172,149.58
224176,149.58
224181,149.58
224183,149.58
224186,149.58
224189,149.58
224190,149.58
224195,149.58
224202,149.58
224203,149.58
224205,149.58
224206,149.58
224210,149.58
224227,149.58
224230,149.58
224231,149.58
224232,149.58
224234,149.58
224235,149.58
224238,149.58
226001,94.98
226002,94.98
226003,94.98
226004,94.98
226005,94.98
226006,94.98
226007,94.98
226008,94.98
226009,94.98
226010,94.98
226011,94.98
226012,94.98
226013,94.98
226014,94.98
226015,94.98
226016,94.98
226017,94.98
226018,94.98
226019,94.98
226020,94.98
226021,94.98
226022,94.98
226023,94.98
226024,94.98
226025,94.98
226026,94.98
226028,94.98
226029,94.98
226030,94.98
226031,94.98
226101,94.98
226102,94.98
226103,94.98
226104,94.98
226201,94.98
226202,94.98
226203,94.98
226301,94.98
226302,94.98
226303,94.98
226401,94.98
226501,94.98
227304,94.96
227405,94.96
227406,94.96
227407,94.96
227408,94.96
227409,94.96
227411,94.96
227412,94.96
227413,94.96
227801,94.96
227805,94.96
227806,94.96
227807,94.96
227808,94.96
227809,94.96
227811,94.96
227812,94.96
227813,94.96
227814,94.96
227815,94.96
227816,94.96
227817,94.96
228001,94.96
228118,94.96
228119,94.96
228120,94.96
228121,94.96
228125,94.96
228131,94.96
228132,94.96
228133,94.96
228141,94.96
228142,94.96
228145,94.96
228151,94.96
228155,94.96
228159,94.96
228161,94.96
228171,94.96
229408,155.43
229410,155.43
230001,155.43
230002,155.43
230121,155.43
230124,155.43
230125,155.43
230126,155.43
230127,155.43
230128,155.43
230129,155.43
230130,155.43
230131,155.43
230132,155.43
230133,155.43
230134,155.43
230135,155.43
230136,155.43
230137,155.43
230138,155.43
230139,155.43
230141,155.43
230142,155.43
230143,155.43
230144,155.43
230201,155.43
230202,155.43
230204,155.43
230301,155.43
230302,155.43
230304,155.43
230306,155.43
230401,155.43
230402,155.43
230403,155.43
230404,155.43
230405,155.43
230501,155.43
230502,155.43
230503,155.43
231001,130.85
231205,151.08
231206,151.08
231207,151.08
231208,151.08
231209,151.08
231210,130.85
231211,130.85
231212,151.08
231213,151.08
231215,151.08
231216,151.08
231217,151.08
231218,151.08
231219,151.08
231220,151.08
231221,151.08
231222,151.08
231223,151.08
231224,151.08
231225,151.08
231226,151.08
231301,130.85
231302,130.85
231303,130.85
231304,130.85
231305,130.85
231306,130.85
231307,130.85
231309,130.85
231311,130.85
231312,130.85
231313,130.85
231314,130.85
231501,130.85
232101,112.25
232102,112.25
232103,112.25
232104,112.25
232105,112.25
232106,112.25
232107,112.25
232108,112.25
232109,112.25
232110,112.25
232111,112.25
232118,112.25
232120,112.25
232325,148.98
232326,148.98
232327,148.98
232328,148.98
232329,148.98
232330,148.98
232331,148.98
232332,148.98
232333,148.98
232336,148.98
232339,148.98
232340,148.98
233001,148.98
233002,148.98
233221,148.98
233222,148.98
233223,148.98
233224,148.98
233225,148.98
233226,148.98
233227,148.98
233228,148.98
233229,148.98
233230,148.98
233231,148.98
233232,148.98
233233,148.98
233300,148.98
233301,148.98
233302,148.98
233303,148.98
233304,148.98
233305,148.98
233306,148.98
233307,148.98
233310,148.98
233311,148.98
241001,135.48
241121,135.48
241122,135.48
241123,135.48
241124,135.48
241125,135.48
241126,135.48
241127,135.48
241201,135.48
241202,135.48
241203,135.48
241204,135.48
241301,135.48
241302,135.48
241303,135.48
241304,135.48
241305,135.48
241401,135.48
241402,135.48
241403,135.48
241404,135.48
241405,135.48
241406,135.48
241407,135.48
242001,144.89
242021,99.68
242042,144.89
242127,144.89
242220,144.89
242221,144.89
242223,144.89
242226,144.89
242301,144.89
242303,144.89
242305,144.89
242306,144.89
242307,144.89
242401,144.89
242405,144.89
242406,144.89
242407,144.89
243001,117.84
243002,117.84
243003,117.84
243004,117.84
243005,117.84
243006,117.84
243122,117.84
243123,117.84
243126,117.84
243201,117.84
243202,117.84
243203,117.84
243301,117.84
243302,117.84
243303,117.84
243401,117.84
243402,117.84
243403,117.84
243407,117.84
243501,117.84
243502,117.84
243503,117.84
243504,117.84
243505,117.84
243506,117.84
243601,99.68
243630,99.68
243631,99.68
243632,99.68
243633,99.68
243634,99.68
243635,99.68
243636,99.68
243637,99.68
243638,99.68
243639,99.68
243641,99.68
243720,99.68
243722,99.68
243723,99.68
243724,99.68
243725,99.68
243726,99.68
243727,99.68
243751,99.68
244001,82.86
244102,82.86
244103,82.86
244104,82.86
244301,82.86
244302,82.86
244303,82.86
244304,82.86
244401,82.86
244402,82.86
244410,82.86
244411,82.86
244412,82.86
244413,82.86
244414,82.86
244415,82.86
244504,82.86
244601,82.86
244602,82.86
244701,134.15
244901,134.15
244921,134.15
244922,134.15
244923,134.15
244924,134.15
244925,134.15
244926,134.15
244927,134.15
244928,134.15
245101,55.09
245201,55.09
245205,55.09
245206,99.47
245207,55.09
245208,55.09
245301,55.09
245304,55.09
246439,390.11
246488,383.01
246701,132.12
246721,132.12
246722,132.12
246723,132.12
246724,132.12
246725,132.12
246726,132.12
246727,132.12
246728,132.12
246729,132.12
246731,132.12
246732,132.12
246733,132.12
246734,132.12
246735,132.12
246736,132.12
246745,132.12
246746,132.12
246747,132.12
246749,132.12
246761,132.12
246762,132.12
246763,132.12
246764,132.12
247001,128.05
247002,128.05
247120,128.05
247121,128.05
247122,128.05
247129,128.05
247231,128.05
247232,128.05
247340,128.05
247341,128.05
247342,128.05
247343,128.05
247451,128.05
247452,128.05
247453,128.05
247551,128.05
247554,128.05
247662,128.05
247669,128.05
247771,71.88
247772,71.88
247773,71.88
247774,71.88
247775,71.88
247776,71.88
247777,71.88
247778,71.88
248159,145.3
249131,354.47
250001,99.47
250002,99.47
250004,99.47
250005,99.47
250103,99.47
250104,99.47
250106,99.47
250110,99.47
250205,99.47
250221,99.47
250222,99.47
250223,99.47
250341,99.47
250342,99.47
250344,99.47
250401,99.47
250402,99.47
250404,99.47
250406,99.47
250501,99.47
250502,99.47
251001,71.88
251002,71.88
251003,71.88
251201,71.88
251202,71.88
251203,71.88
251301,71.88
251305,71.88
251306,71.88
251307,71.88
251308,71.88
251309,71.88
251310,71.88
251311,71.88
251314,71.88
251315,71.88
251316,71.88
251318,71.88
251319,71.88
251320,71.88
251327,71.88
261001,129.16
261121,129.16
261125,129.16
261131,129.16
261135,129.16
261136,129.16
261141,129.16
261145,129.16
261151,129.16
261201,129.16
261202,129.16
261203,129.16
261204,129.16
261205,129.16
261206,129.16
261207,129.16
261208,129.16
261301,129.16
261302,129.16
261303,129.16
261401,129.16
261402,129.16
261403,129.16
261404,129.16
261405,129.16
262001,126.3
262121,126.3
262122,126.3
262124,126.3
262201,126.3
262202,126.3
262203,126.3
262302,126.3
262305,126.3
262406,117.84
263145,138.44
271001,139.16
271002,139.16
271003,139.16
271122,139.16
271123,139.16
271124,139.16
271125,139.16
271126,139.16
271129,139.16
271201,134.66
271202,139.16
271203,134.66
271204,134.66
271205,134.66
271206,134.66
271207,134.66
271208,134.66
271209,139.16
271210,134.66
271215,134.66
271301,139.16
271302,139.16
271303,139.16
271304,139.16
271305,139.16
271306,134.66
271307,134.66
271309,139.16
271310,139.16
271311,139.16
271312,139.16
271313,139.16
271319,139.16
271401,139.16
271402,139.16
271403,139.16
271502,139.16
271503,139.16
271504,139.16
271601,139.16
271602,139.16
271603,139.16
271604,134.66
271607,134.66
271609,134.66
271801,176.32
271802,176.32
271821,176.32
271824,176.32
271825,176.32
271830,176.32
271841,176.32
271851,176.32
271855,176.32
271861,134.66
271865,176.32
271870,176.32
271871,176.32
271872,176.32
271875,176.32
271881,176.32
271882,176.32
271901,176.32
271902,176.32
271903,176.32
271904,176.32
272001,150.46
272002,150.46
272123,150.46
272124,150.46
272125,150.46
272126,150.46
272127,150.46
272128,150.46
272129,150.46
272130,150.46
272131,150.46
272148,150.46
272150,150.46
272151,150.46
272152,140.24
272153,140.24
272154,140.24
272155,150.46
272162,141.69
272163,150.46
272164,141.69
272165,141.69
272171,150.46
272172,141.69
272173,141.69
272175,141.69
272176,141.69
272177,150.46
272181,150.46
272182,150.46
272189,140.24
272190,150.46
272191,140.24
272192,140.24
272193,140.24
272194,150.46
272195,140.24
272199,141.69
272201,140.24
272202,140.24
272203,140.24
272204,140.24
272205,140.24
272206,140.24
272207,140.24
272208,140.24
272270,141.69
272271,141.69
272301,150.46
272302,150.46
273001,123.59
273002,123.59
273003,123.59
273004,123.59
273005,123.59
273006,123.59
273007,123.59
273008,123.59
273010,123.59
273012,123.59
273013,123.59
273014,123.59
273015,123.59
273016,123.59
273017,123.59
273152,123.59
273158,123.59
273165,123.59
273201,123.59
273202,123.59
273203,123.59
273209,123.59
273211,123.59
273212,123.59
273213,123.59
273306,123.59
273401,123.59
273402,123.59
273403,123.59
273404,123.59
273405,123.59
273406,123.59
273407,123.59
273408,123.59
273409,123.59
273411,123.59
273412,123.59
273413,123.59
274001,137.12
274149,135.14
274182,137.12
274201,137.12
274202,137.12
274203,135.14
274204,137.12
274205,137.12
274206,135.14
274207,135.14
274208,137.12
274301,135.14
274302,135.14
274303,135.14
274304,135.14
274305,135.14
274306,135.14
274401,135.14
274402,135.14
274403,135.14
274404,137.12
274405,137.12
274406,135.14
274407,135.14
274408,137.12
274409,135.14
274501,137.12
274502,137.12
274505,137.12
274506,137.12
274508,137.12
274509,137.12
274601,137.12
274602,137.12
274603,137.12
274604,137.12
274701,137.12
274702,137.12
274703,137.12
274704,137.12
274705,137.12
274801,135.14
274802,135.14
274807,137.12
274808,137.12
275101,130.96
275102,130.96
275103,130.96
275105,130.96
275201,148.98
275202,148.98
275203,148.98
275204,148.98
275205,148.98
275301,130.96
275302,130.96
275303,130.96
275304,130.96
275305,130.96
275306,130.96
275307,130.96
276001,130.7
276121,130.7
276122,130.7
276123,130.7
276124,130.7
276125,130.7
276126,130.7
276127,130.7
276128,130.7
276129,130.96
276131,130.7
276135,130.7
276136,130.7
276137,130.7
276138,130.7
276139,130.7
276140,130.7
276141,130.7
276142,130.7
276143,130.7
276201,130.7
276202,130.7
276203,130.7
276204,130.7
276205,130.7
276206,130.7
276207,130.7
276208,130.7
276288,130.7
276301,130.7
276302,130.7
276303,130.7
276304,130.7
276305,130.7
276306,130.7
276402,130.96
276403,130.96
276404,130.7
276405,130.96
276406,130.7
277001,127.53
277121,127.53
277123,127.53
277124,127.53
277201,127.53
277202,127.53
277203,127.53
277204,127.53
277205,127.53
277207,127.53
277208,127.53
277209,127.53
277210,127.53
277211,127.53
277213,127.53
277214,127.53
277216,127.53
277219,127.53
277301,127.53
277302,127.53
277303,127.53
277304,127.53
277401,127.53
277402,127.53
277403,127.53
277501,127.53
277502,127.53
277503,127.53
277504,127.53
277506,127.53
281001,137.1
281003,137.1
281004,137.1
281005,137.1
281006,137.1
281121,137.1
281122,137.1
281123,137.1
281201,137.1
281202,137.1
281203,137.1
281204,137.1
281205,137.1
281206,137.1
281301,137.1
281302,137.1
281303,137.1
281305,137.1
281308,137.1
281401,137.1
281403,137.1
281404,137.1
281405,137.1
281406,137.1
281501,137.1
281502,137.1
281504,137.1
282001,126.76
282002,126.76
282003,126.76
282004,126.76
282005,126.76
282006,126.76
282007,126.76
282008,126.76
282009,126.76
282010,126.76
283101,126.76
283102,126.76
283103,151.44
283104,126.76
283105,126.76
283110,126.76
283111,126.76
283112,126.76
283113,126.76
283114,126.76
283115,126.76
283119,126.76
283121,126.76
283122,126.76
283123,126.76
283124,126.76
283125,126.76
283126,126.76
283130,151.44
283135,151.44
283136,151.44
283141,151.44
283142,151.44
283145,151.44
283151,151.44
283152,151.44
283201,126.76
283202,126.76
283203,151.44
283204,151.44
283205,151.44
283206,151.44
283207,151.44
284001,121.7
284002,121.7
284003,121.7
284120,121.7
284121,121.7
284122,159.85
284123,159.85
284124,159.85
284125,159.85
284126,159.85
284127,121.7
284128,121.7
284135,121.7
284136,159.85
284201,121.7
284202,121.7
284203,121.7
284204,121.7
284205,121.7
284206,121.7
284301,121.7
284302,121.7
284303,121.7
284304,121.7
284305,121.7
284306,121.7
284401,121.7
284402,159.85
284403,159.85
284404,159.85
284405,159.85
284406,159.85
284419,121.7
284501,159.85
285001,152.39
285121,152.39
285122,152.39
285123,152.39
285124,152.39
285125,152.39
285126,152.39
285127,152.39
285128,152.39
285129,152.39
285130,152.39
285201,152.39
285202,152.39
285203,152.39
285204,152.39
285205,152.39
285206,152.39
285223,152.39
301001,81.21
301018,81.21
301019,81.21
301020,81.21
301021,81.21
301022,81.21
301023,81.21
301024,81.21
301025,81.21
301026,81.21
301027,81.21
301028,81.21
301030,81.21
301035,81.21
301401,81.21
301402,81.21
301403,81.21
301404,81.21
301405,81.21
301406,81.21
301407,81.21
301408,81.21
301409,81.21
301410,81.21
301411,81.21
301412,81.21
301413,81.21
301414,81.21
301415,81.21
301416,81.21
301427,81.21
301604,81.21
301701,81.21
301702,81.21
301703,81.21
301704,81.21
301705,81.21
301706,81.21
301707,81.21
301708,81.21
301709,81.21
301713,81.21
301714,81.21
302001,123.72
302002,123.72
302003,123.72
302004,123.72
302005,123.72
302006,123.72
302012,123.72
302013,123.72
302015,123.72
302016,123.72
302017,123.72
302018,123.72
302019,123.72
302020,123.72
302021,123.72
302022,123.72
302026,123.72
302027,123.72
302028,123.72
302029,123.72
302031,123.72
302033,123.72
302034,123.72
302037,123.72
302039,123.72
303001,123.72
303002,123.72
303003,123.72
303004,152.76
303005,123.72
303006,123.72
303007,123.72
303008,123.72
303009,123.72
303012,123.72
303102,123.72
303103,123.72
303104,123.72
303105,123.72
303106,123.72
303107,123.72
303108,123.72
303109,123.72
303110,123.72
303119,123.72
303120,123.72
303122,123.72
303301,123.72
303302,123.72
303303,152.76
303304,152.76
303305,123.72
303313,152.76
303315,152.76
303323,152.76
303325,152.76
303326,152.76
303327,152.76
303328,123.72
303338,123.72
303348,123.72
303501,152.76
303502,152.76
303503,152.76
303504,152.76
303505,152.76
303506,152.76
303507,152.76
303508,152.76
303509,152.76
303510,152.76
303511,152.76
303601,123.72
303602,123.72
303603,123.72
303604,123.72
303701,123.72
303702,123.72
303704,123.72
303706,123.72
303712,123.72
303801,123.72
303803,123.72
303804,123.72
303805,123.72
303806,123.72
303807,123.72
303901,123.72
303903,123.72
303904,123.72
303905,123.72
303908,123.72
304001,173.38
304021,173.38
304022,173.38
304023,173.38
304024,173.38
304025,173.38
304501,173.38
304502,173.38
304503,173.38
304504,173.38
304505,173.38
304507,173.38
304801,173.38
304802,173.38
304803,173.38
304804,173.38
305001,94.43
305002,94.43
305003,94.43
305004,94.43
305005,94.43
305007,94.43
305012,94.43
305021,94.43
305022,94.43
305023,94.43
305024,94.43
305025,94.43
305026,77.48
305201,94.43
305202,94.43
305203,94.43
305204,94.43
305205,94.43
305206,94.43
305207,94.43
305401,94.43
305402,94.43
305403,94.43
305404,94.43
305405,94.43
305406,94.43
305407,94.43
305408,94.43
305412,94.43
305415,94.43
305601,94.43
305621,94.43
305622,94.43
305623,94.43
305624,94.43
305625,94.43
305627,94.43
305628,94.43
305629,94.43
305630,94.43
305801,94.43
305802,94.43
305811,94.43
305812,94.43
305813,94.43
305814,94.43
305815,94.43
305816,94.43
305817,94.43
305819,94.43
305901,94.43
305921,187.86
305922,94.43
305923,94.43
305924,94.43
305925,94.43
305926,94.43
305927,94.43
306001,106.79
306021,106.79
306022,106.79
306023,106.79
306101,106.79
306102,106.79
306103,106.79
306104,106.79
306105,106.79
306114,106.79
306115,106.79
306116,106.79
306119,106.79
306126,106.79
306301,106.79
306302,106.79
306303,106.79
306304,106.79
306305,106.79
306306,106.79
306307,106.79
306308,106.79
306401,106.79
306421,106.79
306422,106.79
306501,106.79
306502,106.79
306503,106.79
306504,106.79
306601,106.79
306602,106.79
306603,106.79
306701,106.79
306702,106.79
306703,106.79
306704,106.79
306705,106.79
306706,106.79
306707,106.79
306708,106.79
306709,106.79
306901,106.79
306902,106.79
306912,106.79
307001,134.02
307019,134.02
307022,134.02
307023,134.02
307024,134.02
307025,134.37
307026,134.02
307027,134.02
307028,134.02
307031,134.02
307043,134.02
307501,134.02
307510,134.02
307511,134.02
307512,134.02
307513,134.02
307514,134.02
307801,134.02
307802,134.02
311001,160.34
311011,160.34
311021,160.34
311022,160.34
311023,160.34
311024,160.34
311025,160.34
311026,160.34
311030,160.34
311201,160.34
311202,160.34
311203,160.34
311204,160.34
311301,160.34
311302,160.34
311401,160.34
311402,160.34
311403,160.34
311404,160.34
311407,160.34
311408,160.34
311601,160.34
311602,160.34
311603,160.34
311604,160.34
311605,160.34
311801,160.34
311802,160.34
311803,160.34
311804,160.34
311805,160.34
311806,160.34
313001,134.37
313002,134.37
313003,134.37
313004,134.37
313011,134.37
313022,134.37
313024,134.37
313026,134.37
313027,134.37
313031,134.37
313038,134.37
313201,134.37
313202,187.86
313203,134.37
313204,134.37
313205,134.37
313206,187.86
313207,187.86
313211,187.86
313301,187.86
313321,187.86
313322,187.86
313323,187.86
313324,187.86
313325,187.86
313327,187.86
313328,187.86
313329,187.86
313330,187.86
313331,187.86
313332,187.86
313333,187.86
313334,187.86
313341,187.86
313342,187.86
313601,134.37
313602,134.37
313603,134.37
313604,134.37
313701,134.37
313702,134.37
313703,134.37
313704,187.86
313705,134.37
313706,134.37
313708,134.37
313801,134.37
313802,134.37
313803,134.37
313804,134.37
313901,134.37
313902,134.37
313903,134.37
313904,134.37
313905,134.37
313906,134.37
314001,229.03
314011,229.03
314021,229.03
314022,229.03
314023,229.03
314024,229.03
314025,229.03
314026,229.03
314027,229.03
314028,229.03
314029,229.03
314030,229.03
314031,229.03
314032,229.03
314034,229.03
314035,229.03
314036,229.03
314037,229.03
314038,229.03
314401,229.03
314402,229.03
314403,229.03
314404,229.03
314406,229.03
314801,229.03
314804,229.03
321001,73.87
321021,73.87
321022,73.87
321023,73.87
321024,73.87
321025,73.87
321026,73.87
321028,73.87
321201,73.87
321202,73.87
321203,73.87
321204,73.87
321205,73.87
321206,73.87
321301,73.87
321302,73.87
321303,73.87
321401,73.87
321402,73.87
321403,73.87
321404,73.87
321405,73.87
321406,73.87
321407,73.87
321408,73.87
321409,73.87
321410,73.87
321411,73.87
321601,73.87
321602,73.87
321605,81.21
321606,81.21
321607,81.21
321608,152.76
321609,152.76
321610,151.67
321611,151.67
321612,152.76
321613,152.76
321614,73.87
321615,73.87
321633,81.21
321642,73.87
322001,145.73
322023,145.73
322024,145.73
322025,145.73
322026,145.73
322027,145.73
322028,145.73
322029,145.73
322030,145.73
322033,145.73
322034,145.73
322201,145.73
322202,145.73
322203,151.67
322204,151.67
322205,145.73
322211,145.73
322212,145.73
322213,151.67
322214,145.73
322215,151.67
322216,151.67
322218,151.67
322219,145.73
322220,151.67
322230,151.67
322234,151.67
322236,151.67
322238,151.67
322240,152.76
322241,151.67
322242,151.67
322243,151.67
322249,151.67
322251,151.67
322252,151.67
322254,151.67
322255,151.67
322701,145.73
322702,145.73
322703,145.73
322704,145.73
323001,164.58
323021,164.58
323022,164.58
323023,164.58
323024,164.58
323025,164.58
323301,164.58
323601,164.58
323602,164.58
323603,164.58
323613,164.58
323614,164.58
323615,164.58
323616,164.58
323801,164.58
323802,164.58
323803,164.58
324001,116.12
324002,116.12
324003,116.12
324004,116.12
324005,116.12
324006,116.12
324007,116.12
324008,116.12
324009,116.12
324010,116.12
325001,116.12
325003,116.12
325004,116.12
325009,116.12
325201,116.12
325202,173.87
325203,116.12
325204,116.12
325205,173.87
325206,173.87
325207,116.12
325208,116.12
325209,173.87
325214,116.12
325215,173.87
325216,173.87
325217,173.87
325218,173.87
325219,173.87
325220,173.87
325221,173.87
325222,173.87
325223,173.87
325601,116.12
325602,116.12
326001,157.51
326021,157.51
326022,157.51
326023,157.51
326033,157.51
326034,157.51
326035,157.51
326036,157.51
326037,157.51
326038,157.51
326039,157.51
326501,157.51
326502,157.51
326512,157.51
326513,157.51
326514,157.51
326515,157.51
326516,157.51
326517,116.12
326518,116.12
326519,116.12
326520,116.12
326529,116.12
326530,116.12
327001,218.55
327021,218.55
327022,218.55
327023,218.55
327024,218.55
327025,218.55
327026,218.55
327027,218.55
327031,218.55
327032,218.55
327034,218.55
327601,218.55
327602,218.55
327603,218.55
327604,218.55
327605,218.55
327606,218.55
327801,218.55
331001,126.94
331021,126.94
331022,126.94
331023,126.94
331024,130.3
331029,126.94
331031,126.94
331301,126.94
331302,126.94
331303,126.94
331304,126.94
331305,126.94
331402,126.94
331403,126.94
331411,126.94
331501,126.94
331502,126.94
331503,126.94
331504,126.94
331505,126.94
331506,126.94
331507,126.94
331517,126.94
331518,126.94
331701,126.94
331801,153.01
331802,126.94
331803,153.01
331811,153.01
332001,130.3
332002,130.3
332021,130.3
332023,130.3
332024,130.3
332025,130.3
332026,130.3
332027,130.3
332028,130.3
332029,130.3
332030,130.3
332031,130.3
332041,130.3
332042,130.3
332301,130.3
332302,130.3
332303,130.3
332304,130.3
332305,130.3
332307,130.3
332311,130.3
332312,130.3
332315,130.3
332316,130.3
332317,130.3
332318,130.3
332401,130.3
332402,130.3
332403,130.3
332404,130.3
332405,130.3
332406,130.3
332411,130.3
332601,130.3
332602,130.3
332603,130.3
332701,130.3
332702,130.3
332703,130.3
332705,130.3
332706,130.3
332707,130.3
332708,130.3
332709,130.3
332710,130.3
332711,130.3
332712,130.3
332713,130.3
332714,130.3
332715,130.3
332718,130.3
332719,130.3
332721,130.3
332722,130.3
332742,130.3
332746,126.09
333001,126.09
333029,126.09
333036,126.09
334001,153.01
334003,153.01
334004,153.01
334006,153.01
334021,153.01
334022,153.01
334023,153.01
334201,153.01
334202,153.01
334302,153.01
334303,153.01
334305,153.01
334401,153.01
334402,153.01
334403,153.01
334601,153.01
334602,153.01
334603,153.01
334604,153.01
334801,153.01
334802,153.01
334803,153.01
334804,153.01
334808,153.01
335063,114.52
335064,114.52
335501,114.52
335502,114.52
335503,114.52
335504,114.52
335511,114.52
335512,114.52
335513,114.52
335523,114.52
335524,114.52
335525,114.52
335526,114.52
335801,114.52
335802,114.52
335803,114.52
341001,77.48
341021,77.48
341022,77.48
341023,77.48
341024,77.48
341025,77.48
341026,77.48
341027,77.48
341028,77.48
341029,77.48
341030,77.48
341031,77.48
341301,77.48
341302,77.48
341303,77.48
341304,77.48
341305,77.48
341306,77.48
341316,77.48
341317,77.48
341318,77.48
341319,77.48
341501,77.48
341502,77.48
341503,77.48
341504,77.48
341505,77.48
341506,77.48
341507,77.48
341508,77.48
341509,77.48
341510,77.48
341511,77.48
341512,77.48
341513,77.48
341514,77.48
341515,77.48
341516,77.48
341517,77.48
341518,77.48
341519,77.48
341520,77.48
341533,77.48
341551,77.48
342001,119.57
342003,119.57
342005,119.57
342006,119.57
342007,119.57
342008,119.57
342011,119.57
342012,119.57
342013,119.57
342014,119.57
342015,119.57
342021,119.57
342022,119.57
342023,119.57
342024,119.57
342025,119.57
342026,119.57
342027,119.57
342028,119.57
342037,119.57
342301,119.57
342302,119.57
342303,119.57
342304,119.57
342305,119.57
342306,119.57
342307,119.57
342308,119.57
342309,119.57
342310,259.82
342311,119.57
342312,119.57
342314,119.57
342601,119.57
342602,119.57
342603,119.57
342604,119.57
342605,119.57
342606,119.57
342801,119.57
342802,119.57
342901,119.57
342902,77.48
344001,144.41
344011,144.41
344012,144.41
344021,144.41
344022,144.41
344024,144.41
344025,144.41
344026,144.41
344027,144.41
344031,144.41
344032,144.41
344033,144.41
344034,144.41
344035,144.41
344037,144.41
344043,144.41
344044,144.41
344501,144.41
344502,144.41
344701,144.41
344702,144.41
344703,144.41
344704,144.41
344705,144.41
344706,144.41
344708,144.41
344801,144.41
345001,259.82
345021,259.82
345022,259.82
345023,259.82
345024,259.82
345025,259.82
345026,259.82
345027,259.82
345028,259.82
345031,259.82
345033,259.82
345034,259.82
360001,84.52
360002,84.52
360003,84.52
360004,84.52
360005,84.52
360006,84.52
360007,84.52
360020,84.52
360021,84.52
360022,84.52
360023,84.52
360024,84.52
360025,84.52
360030,84.52
360035,84.52
360040,84.52
360050,84.52
360055,84.52
360060,84.52
360070,84.52
360110,84.52
360311,84.52
360320,84.52
360330,84.52
360360,84.52
360370,84.52
360375,84.52
360380,84.52
360405,84.52
360410,84.52
360421,84.52
360430,84.52
360440,84.52
360450,84.52
360452,84.52
360460,84.52
360470,84.52
360480,59.65
360490,84.52
360510,59.65
360515,59.65
360520,59.65
360530,59.65
360531,59.65
360540,59.65
360545,85.32
360550,85.32
360570,85.32
360575,85.32
360576,85.32
360579,85.32
360590,85.32
361001,59.65
361002,59.65
361003,59.65
361004,59.65
361005,59.65
361006,59.65
361007,59.65
361008,59.65
361010,59.65
361011,59.65
361012,59.65
361013,59.65
361110,59.65
361120,59.65
361130,59.65
361140,59.65
361142,59.65
361150,59.65
361160,59.65
361162,59.65
361170,59.65
361210,59.65
361220,59.65
361230,59.65
361240,59.65
361250,59.65
361280,59.65
361305,59.65
361306,59.65
361310,59.65
361315,59.65
361320,59.65
361325,59.65
361330,59.65
361335,59.65
361345,59.65
361347,59.65
361350,59.65
362001,52.62
362002,52.62
362011,52.62
362015,52.62
362020,52.62
362030,52.62
362037,52.62
362110,52.62
362120,52.62
362130,52.62
362135,52.62
362140,52.62
362150,52.62
362205,52.62
362215,52.62
362220,52.62
362222,52.62
362225,52.62
362226,52.62
362227,52.62
362230,85.32
362240,52.62
362245,52.62
362250,52.62
362255,52.62
362260,52.62
362263,52.62
362265,52.62
362268,52.62
362275,52.62
362310,52.62
362315,52.62
362510,52.62
362530,52.62
362550,52.62
362560,52.62
362565,52.62
362610,52.62
362620,52.62
362625,52.62
362630,52.62
362640,52.62
362650,85.32
362710,52.62
362715,52.62
362720,52.62
363621,84.52
363630,84.52
363641,84.52
363642,84.52
363650,84.52
363655,59.65
363660,84.52
363670,84.52
364001,56.29
364002,56.29
364003,56.29
364004,56.29
364005,56.29
364006,56.29
364050,56.29
364060,56.29
364070,56.29
364081,56.29
364110,56.29
364120,56.29
364130,56.29
364135,56.29
364140,56.29
364145,56.29
364150,56.29
364210,56.29
364230,56.29
364240,56.29
364250,56.29
364260,56.29
364265,56.29
364270,56.29
364275,56.29
364280,56.29
364290,56.29
364295,56.29
364310,56.29
364313,56.29
364320,56.29
364330,56.29
364505,56.29
364510,56.29
364515,82.65
364521,82.65
364522,82.65
364525,82.65
364530,82.65
364710,56.29
364720,56.29
364730,56.29
364740,56.29
364750,56.29
364760,56.29
364765,56.29
365220,82.65
365410,82.65
365421,82.65
365430,82.65
365435,82.65
365440,82.65
365450,82.65
365455,82.65
365456,82.65
365460,82.65
365480,82.65
365535,82.65
365540,82.65
365541,82.65
365550,82.65
365555,82.65
365560,82.65
365601,82.65
365610,82.65
365620,82.65
365630,82.65
365635,82.65
365640,82.65
365645,82.65
365650,82.65
383205,71.48
383315,71.48
384001,79.65
384002,79.65
384003,79.65
384012,79.65
384110,89.37
384120,79.65
384130,79.65
384140,79.65
384151,89.37
384160,79.65
384170,79.65
384220,89.37
384221,89.37
384225,89.37
384229,89.37
384230,89.37
384240,89.37
384241,89.37
384245,89.37
384246,89.37
384255,89.37
384260,79.65
384265,89.37
384272,89.37
384275,89.37
384285,89.37
384290,89.37
384305,79.65
384310,79.65
384315,79.65
384320,79.65
384325,79.65
384330,79.65
384335,79.65
384340,79.65
384345,79.65
384355,79.65
384360,79.65
384410,79.65
384421,79.65
384430,79.65
384435,79.65
385340,89.37
385350,89.37
385360,89.37
387001,86.17
387002,86.17
387110,86.17
387115,86.17
387120,86.17
387130,86.17
387210,77.98
387220,77.98
387230,86.17
387240,77.98
387305,86.17
387310,77.98
387315,86.17
387320,86.17
387325,86.17
387330,86.17
387335,86.17
387340,86.17
387345,86.17
387350,86.17
387355,86.17
387360,86.17
387365,86.17
387370,86.17
387375,86.17
387380,86.17
387411,86.17
387430,86.17
387510,86.17
387520,86.17
387530,86.17
387540,86.17
387550,86.17
387560,86.17
387570,86.17
387610,86.17
387620,86.17
387630,86.17
387635,86.17
387640,86.17
387650,86.17
387710,86.17
388001,77.98
388110,77.98
388120,77.98
388130,77.98
388140,77.98
388150,77.98
388160,77.98
388170,77.98
388180,77.98
388205,77.98
388210,77.98
388215,86.17
388220,77.98
388225,86.17
388230,86.17
388235,86.17
388239,86.17
388245,86.17
388250,86.17
388255,86.17
388260,86.17
388265,86.17
388305,77.98
388306,77.98
388307,77.98
388310,77.98
388315,77.98
388320,77.98
388325,77.98
388330,77.98
388335,77.98
388340,77.98
388345,77.98
388350,77.98
388355,77.98
388360,77.98
388365,77.98
388370,77.98
388410,86.17
388421,86.17
388430,77.98
388440,77.98
388450,77.98
388460,77.98
388465,77.98
388470,77.98
388480,77.98
388510,77.98
388520,77.98
388530,77.98
388540,77.98
388543,77.98
388545,77.98
388550,77.98
388560,77.98
388570,77.98
388580,77.98
388590,77.98
388610,77.98
388620,77.98
388625,77.98
388630,77.98
388640,77.98
389175,107.22
390001,57.97
390002,57.97
390003,57.97
390004,57.97
390006,57.97
390007,57.97
390009,57.97
390010,57.97
390011,57.97
390012,57.97
390013,57.97
390014,57.97
390016,57.97
390017,57.97
390018,57.97
390019,57.97
390020,57.97
390021,57.97
390022,57.97
390023,57.97
390024,57.97
390025,57.97
391101,57.97
391105,57.97
391107,57.97
391110,57.97
391115,57.97
391120,151.26
391125,57.97
391130,57.97
391135,57.97
391140,57.97
391145,57.97
391150,57.97
391152,57.97
391156,57.97
391160,57.97
391165,57.97
391168,57.97
391170,57.97
391210,57.97
391220,57.97
391240,57.97
391243,57.97
391244,57.97
391250,57.97
391310,57.97
391320,57.97
391330,57.97
391340,57.97
391345,57.97
391350,57.97
391410,57.97
391421,57.97
391430,57.97
391440,57.97
391445,57.97
391450,57.97
391510,57.97
391520,57.97
391530,57.97
391740,57.97
391745,57.97
391750,57.97
391760,57.97
391761,57.97
391770,57.97
391774,57.97
391775,57.97
391780,57.97
391810,93.24
392001,93.24
392011,93.24
392012,93.24
392015,93.24
392020,93.24
392025,93.24
392030,93.24
392035,93.24
392040,93.24
392110,93.24
392130,93.24
392135,93.24
392140,93.24
392150,93.24
392155,93.24
392160,93.24
392165,93.24
392170,93.24
392180,93.24
392210,93.24
392215,93.24
392220,57.97
392230,93.24
392240,93.24
393001,93.24
393002,57.97
393010,93.24
393017,93.24
393020,93.24
393025,151.26
393030,93.24
393040,151.26
393041,151.26
393050,151.26
393105,57.97
393110,93.24
393115,93.24
393120,151.26
393125,93.24
393130,93.24
393135,93.24
393140,151.26
393145,151.26
393150,151.26
393151,151.26
394101,54.17
394105,54.17
394107,54.17
394110,54.17
394115,93.24
394120,54.17
394125,54.17
394130,54.17
394140,54.17
394150,54.17
394155,54.17
394160,54.17
394163,54.17
394170,54.17
394180,54.17
394185,54.17
394190,54.17
394210,54.17
394221,54.17
394230,54.17
394235,54.17
394240,54.17
394246,54.17
394248,54.17
394250,54.17
394270,54.17
394305,54.17
394310,54.17
394315,54.17
394317,54.17
394320,54.17
394325,54.17
394327,54.17
394330,54.17
394335,54.17
394340,54.17
394345,54.17
394350,54.17
394352,54.17
394355,54.17
394370,54.17
394375,54.17
394380,54.17
394405,54.17
394410,54.17
394421,54.17
394430,54.17
394440,54.17
394445,54.17
394510,54.17
394515,54.17
394516,54.17
394517,54.17
394518,54.17
394520,54.17
394530,54.17
394540,54.17
394550,54.17
394601,54.17
394620,54.17
394630,54.17
394635,54.17
394640,54.17
394650,54.17
394651,54.17
394655,54.17
394660,54.17
394670,54.17
394680,54.17
394690,54.17
394715,54.17
394810,93.24
395001,54.17
395002,54.17
395003,54.17
395004,54.17
395005,54.17
395006,54.17
395007,54.17
395008,54.17
395009,54.17
395010,54.17
395011,54.17
395012,54.17
395013,54.17
395017,54.17
395023,54.17
396001,87.9
396002,87.9
396007,87.9
396020,87.9
396030,87.9
396035,87.9
396040,79.13
396045,87.9
396050,87.9
396051,87.9
396055,87.9
396060,79.13
396065,87.9
396105,87.9
396110,79.13
396115,87.9
396120,87.9
396125,87.9
396126,87.9
396130,87.9
396135,87.9
396140,87.9
396145,87.9
396150,87.9
396155,87.9
396165,87.9
396170,87.9
396171,87.9
396180,87.9
396185,87.9
396191,87.9
396193,87.9
396195,87.9
396235,87.9
396310,79.13
396321,79.13
396325,79.13
396350,79.13
396360,79.13
396370,79.13
396375,87.9
396380,79.13
396385,87.9
396403,79.13
396406,79.13
396409,79.13
396412,79.13
396415,79.13
396418,79.13
396421,79.13
396427,79.13
396430,79.13
396433,79.13
396436,79.13
396439,79.13
396445,79.13
396450,79.13
396460,79.13
396463,79.13
396466,79.13
396469,79.13
396472,79.13
396475,79.13
396510,54.17
396521,79.13
396530,79.13
396540,79.13
396560,79.13
396570,79.13
396580,79.13
396590,79.13
400601,59.44
400602,59.44
400603,59.44
400604,59.44
400605,59.44
400606,59.44
400607,59.44
400608,59.44
400610,59.44
400612,59.44
400614,59.44
400615,59.44
400701,59.44
400703,59.44
400706,59.44
400708,59.44
400709,59.44
400710,59.44
401101,59.44
401102,59.44
401103,59.44
401105,59.44
401106,59.44
401107,59.44
401201,59.44
401202,59.44
401203,59.44
401204,59.44
401206,59.44
401207,59.44
401208,59.44
401209,59.44
401301,59.44
401302,59.44
401303,59.44
401304,59.44
401305,59.44
401401,59.44
401402,59.44
401403,59.44
401404,59.44
401405,59.44
401501,59.44
401502,59.44
401503,59.44
401504,59.44
401506,59.44
401601,59.44
401602,59.44
401603,59.44
401604,59.44
401605,59.44
401606,59.44
401607,59.44
401701,59.44
401702,59.44
401703,59.44
403001,84.25
403002,84.25
403004,84.25
403005,84.25
403006,84.25
403101,84.25
403102,84.25
403103,84.25
403104,84.25
403105,84.25
403106,123.44
403107,123.44
403108,84.25
403109,84.25
403110,84.25
403114,84.25
403115,123.44
403201,84.25
403202,84.25
403203,84.25
403204,84.25
403206,84.25
403401,123.44
403402,84.25
403403,84.25
403404,123.44
403406,84.25
403409,123.44
403410,123.44
403501,84.25
403502,84.25
403503,84.25
403504,84.25
403505,84.25
403506,84.25
403507,84.25
403508,84.25
403509,84.25
403510,84.25
403511,84.25
403512,84.25
403513,84.25
403515,84.25
403516,84.25
403517,84.25
403521,84.25
403523,84.25
403524,84.25
403526,84.25
403527,84.25
403529,84.25
403530,84.25
403601,123.44
403602,123.44
403701,123.44
403702,123.44
403703,123.44
403704,123.44
403705,123.44
403706,123.44
403707,123.44
403708,123.44
403709,123.44
403710,123.44
403711,123.44
403712,123.44
403713,123.44
403714,123.44
403715,123.44
403716,123.44
403717,123.44
403718,123.44
403719,123.44
403720,123.44
403721,123.44
403722,123.44
403723,123.44
403724,123.44
403725,123.44
403726,123.44
403728,123.44
403731,123.44
403801,123.44
403802,123.44
403803,123.44
403804,123.44
403806,123.44
410301,78.29
410302,78.29
410401,78.29
410402,78.29
410403,78.29
410405,78.29
410406,78.29
410501,78.29
410502,78.29
410503,78.29
410504,78.29
410505,78.29
410506,78.29
410507,78.29
410508,78.29
410509,78.29
410510,78.29
410511,78.29
410512,78.29
410513,78.29
410515,78.29
410516,78.29
411001,78.29
411002,78.29
411003,78.29
411004,78.29
411005,78.29
411006,78.29
411007,78.29
411008,78.29
411009,78.29
411011,78.29
411012,78.29
411013,78.29
411014,78.29
411015,78.29
411016,78.29
411017,78.29
411018,78.29
411019,78.29
411020,78.29
411021,78.29
411022,78.29
411023,78.29
411024,78.29
411025,78.29
411026,78.29
411027,78.29
411028,78.29
411030,78.29
411031,78.29
411032,78.29
411033,78.29
411034,78.29
411035,78.29
411036,78.29
411037,78.29
411038,78.29
411039,78.29
411040,78.29
411041,78.29
411042,78.29
411043,78.29
411044,78.29
411045,78.29
411046,78.29
411047,78.29
411048,78.29
411051,78.29
411052,78.29
411057,78.29
411058,78.29
411060,78.29
411061,78.29
411062,78.29
412101,78.29
412102,78.29
412103,78.29
412104,78.29
412105,78.29
412106,78.29
412107,78.29
412108,78.29
412109,78.29
412110,78.29
412112,78.29
412115,78.29
412201,78.29
412202,78.29
412203,78.29
412204,78.29
412205,78.29
412206,78.29
412207,78.29
412208,78.29
412209,78.29
412210,78.29
412211,78.29
412212,78.29
412213,78.29
412214,78.29
412215,78.29
412216,78.29
412218,78.29
412219,78.29
412220,78.29
412301,78.29
412303,78.29
412304,78.29
412305,78.29
412306,78.29
412307,78.29
412308,78.29
412311,78.29
412312,78.29
412401,78.29
412402,78.29
412403,78.29
412404,78.29
412405,78.29
412406,78.29
412408,78.29
412409,78.29
412410,78.29
412411,78.29
412412,78.29
412801,127.0
412802,127.0
412803,127.0
412804,127.0
412805,127.0
412806,127.0
413001,108.86
413002,108.86
413003,108.86
413004,108.86
413005,108.86
413006,108.86
413008,108.86
413101,108.86
413102,78.29
413103,78.29
413104,78.29
413105,78.29
413106,78.29
413107,108.86
413108,108.86
413109,108.86
413110,78.29
413111,108.86
413112,108.86
413113,108.86
413114,78.29
413115,78.29
413116,78.29
413118,108.86
413120,78.29
413130,78.29
413132,78.29
413133,78.29
413202,108.86
413203,108.86
413206,108.86
413208,108.86
413209,108.86
413210,108.86
413211,108.86
413212,108.86
413213,108.86
413214,108.86
413215,108.86
413216,108.86
413217,108.86
413218,108.86
413219,108.86
413220,108.86
413221,108.86
413222,108.86
413223,108.86
413224,108.86
413226,108.86
413227,108.86
413228,108.86
413248,108.86
413250,108.86
413251,108.86
413252,108.86
413253,108.86
413255,108.86
413301,108.86
413302,108.86
413303,108.86
413304,108.86
413305,108.86
413306,108.86
413307,108.86
413308,108.86
413309,108.86
413310,108.86
413314,108.86
413315,108.86
413317,108.86
413319,108.86
413322,108.86
413324,108.86
413401,108.86
413402,108.86
413403,108.86
413404,108.86
413406,108.86
413409,108.86
413410,108.86
413411,108.86
413412,108.86
413511,108.65
413512,108.65
413513,108.65
413515,108.65
413516,108.65
413517,108.65
413518,108.65
413519,108.65
413520,108.65
413522,108.65
413524,108.65
413527,108.65
413529,108.65
413530,108.65
413532,108.65
413801,78.29
413802,78.29
415001,127.0
415002,127.0
415003,127.0
415004,127.0
415010,127.0
415011,127.0
415012,127.0
415013,127.0
415014,127.0
415015,127.0
415019,127.0
415020,127.0
415021,127.0
415022,127.0
415023,127.0
415101,95.12
415102,127.0
415103,127.0
415104,127.0
415105,127.0
415106,127.0
415107,127.0
415108,127.0
415109,127.0
415110,127.0
415111,127.0
415112,127.0
415114,127.0
415115,127.0
415116,127.0
415122,127.0
415124,127.0
415202,185.28
415203,185.28
415205,127.0
415206,127.0
415207,127.0
415208,185.28
415209,127.0
415211,127.0
415212,127.0
415214,185.28
415301,105.44
415302,105.44
415303,105.44
415304,105.44
415305,105.44
415306,105.44
415307,105.44
415308,105.44
415309,105.44
415310,105.44
415311,105.44
415312,127.0
415313,105.44
415315,105.44
415401,105.44
415402,105.44
415403,105.44
415404,105.44
415405,105.44
415406,105.44
415407,105.44
415408,105.44
415409,105.44
415410,105.44
415411,105.44
415412,105.44
415413,105.44
415414,105.44
415415,105.44
415501,127.0
415502,127.0
415503,127.0
415504,127.0
415505,127.0
415506,127.0
415507,127.0
415508,127.0
415509,127.0
415510,127.0
415511,127.0
415512,127.0
415513,127.0
415514,127.0
415515,127.0
415516,127.0
415517,127.0
415518,127.0
415519,127.0
415520,127.0
415521,127.0
415522,127.0
415523,127.0
415524,127.0
415525,127.0
415526,127.0
415527,127.0
415528,127.0
415530,127.0
415536,127.0
415537,127.0
415538,127.0
415539,127.0
415540,127.0
415601,185.28
415602,185.28
415603,185.28
415604,185.28
415605,185.28
415606,185.28
415607,185.28
415608,185.28
415609,185.28
415610,185.28
415611,185.28
415612,185.28
415613,185.28
415614,185.28
415615,185.28
415616,185.28
415617,185.28
415619,185.28
415620,185.28
415621,185.28
415626,185.28
415628,185.28
415629,185.28
415634,185.28
415637,185.28
415639,185.28
415640,185.28
415641,185.28
415643,185.28
415701,185.28
415702,185.28
415703,185.28
415705,185.28
415706,185.28
415708,185.28
415709,185.28
415710,185.28
415711,185.28
415712,185.28
415713,185.28
415714,185.28
415715,185.28
415716,185.28
415717,185.28
415718,185.28
415719,185.28
415720,185.28
415722,185.28
415724,185.28
415726,185.28
415727,185.28
415728,185.28
415729,185.28
415730,185.28
415801,185.28
415802,185.28
415803,185.28
415804,185.28
415805,185.28
415806,185.28
415807,185.28
416001,95.12
416002,95.12
416003,95.12
416004,95.12
416005,95.12
416006,95.12
416007,95.12
416008,95.12
416010,95.12
416011,95.12
416012,95.12
416013,95.12
416101,95.12
416102,95.12
416103,95.12
416104,95.12
416105,95.12
416106,95.12
416107,95.12
416108,95.12
416109,95.12
416110,95.12
416111,95.12
416112,95.12
416113,95.12
416114,95.12
416115,95.12
416116,95.12
416118,95.12
416119,95.12
416120,95.12
416121,95.12
416122,95.12
416143,95.12
416144,95.12
416146,95.12
416201,95.12
416202,95.12
416203,95.12
416204,95.12
416205,95.12
416206,95.12
416207,95.12
416208,95.12
416209,95.12
416210,95.12
416211,95.12
416212,95.12
416213,95.12
416214,95.12
416215,95.12
416216,95.12
416218,95.12
416219,95.12
416220,95.12
416221,95.12
416223,95.12
416229,95.12
416230,95.12
416231,95.12
416232,95.12
416234,95.12
416235,95.12
416236,95.12
416301,105.44
416302,105.44
416303,105.44
416304,105.44
416305,105.44
416306,105.44
416307,105.44
416308,105.44
416309,105.44
416310,105.44
416311,105.44
416312,105.44
416313,105.44
416314,105.44
416315,105.44
416316,105.44
416401,105.44
416402,105.44
416403,105.44
416404,105.44
416405,105.44
416406,105.44
416407,105.44
416408,105.44
416409,105.44
416410,105.44
416411,105.44
416412,105.44
416413,105.44
416414,105.44
416415,105.44
416416,105.44
416417,105.44
416418,105.44
416419,105.44
416420,105.44
416436,105.44
416437,105.44
416501,95.12
416502,95.12
416503,95.12
416504,95.12
416505,95.12
416506,95.12
416507,95.12
416508,95.12
416509,95.12
416510,194.85
416511,194.85
416512,194.85
416513,194.85
416514,194.85
416515,194.85
416516,194.85
416517,194.85
416518,194.85
416519,194.85
416520,194.85
416521,194.85
416522,194.85
416523,194.85
416524,194.85
416525,194.85
416526,95.12
416527,95.12
416528,194.85
416529,194.85
416531,194.85
416534,194.85
416549,194.85
416551,95.12
416552,95.12
416601,194.85
416602,194.85
416603,194.85
416604,194.85
416605,194.85
416606,194.85
416608,194.85
416609,194.85
416610,194.85
416611,194.85
416612,194.85
416613,194.85
416614,194.85
416615,194.85
416616,194.85
416620,194.85
416623,194.85
416626,194.85
416628,194.85
416630,194.85
416632,194.85
416701,185.28
416702,185.28
416703,194.85
416704,185.28
416705,185.28
416707,185.28
416709,185.28
416712,185.28
416713,185.28
416801,194.85
416803,194.85
416804,194.85
416805,194.85
416806,194.85
416807,194.85
416810,194.85
416811,194.85
416812,194.85
416813,194.85
421002,59.44
421004,59.44
421005,59.44
421101,59.44
421102,59.44
421103,59.44
421201,59.44
421202,59.44
421203,59.44
421204,59.44
421301,59.44
421302,59.44
421303,59.44
421305,59.44
421306,59.44
421308,59.44
421311,59.44
421312,59.44
421401,59.44
421402,59.44
421403,59.44
421501,59.44
421502,59.44
421503,59.44
421505,59.44
421506,59.44
421601,59.44
421602,59.44
421603,59.44
421605,59.44
422001,91.27
422002,91.27
422003,91.27
422004,91.27
422005,91.27
422006,91.27
422007,91.27
422008,91.27
422009,91.27
422010,91.27
422011,91.27
422012,91.27
422013,91.27
422101,91.27
422102,91.27
422103,91.27
422104,91.27
422105,91.27
422112,91.27
422113,91.27
422201,91.27
422202,91.27
422203,91.27
422204,91.27
422205,91.27
422206,91.27
422207,91.27
422208,91.27
422209,91.27
422210,91.27
422211,91.27
422212,91.27
422213,91.27
422214,91.27
422215,91.27
422221,91.27
422222,91.27
422301,91.27
422302,91.27
422303,91.27
422304,91.27
422305,91.27
422306,91.27
422308,91.27
422401,91.27
422402,91.27
422403,91.27
422502,91.27
422606,91.27
423101,91.27
423102,91.27
423104,91.27
423105,91.27
423106,91.27
423108,91.27
423110,91.27
423111,91.27
423117,91.27
423201,91.27
423202,91.27
423203,91.27
423204,91.27
423205,91.27
423206,91.27
423208,91.27
423212,91.27
423213,91.27
423301,91.27
423302,91.27
423303,91.27
423401,91.27
423402,91.27
423403,91.27
423501,91.27
423502,91.27
423701,120.7
423702,120.7
423703,120.7
424001,98.25
424002,98.25
424004,98.25
424005,98.25
424006,98.25
424101,79.98
424102,79.98
424103,79.98
424104,79.98
424105,79.98
424106,79.98
424107,79.98
424108,79.98
424109,91.27
424119,79.98
424201,79.98
424202,79.98
424203,79.98
424204,79.98
424205,79.98
424206,79.98
424207,79.98
424208,79.98
424301,98.25
424302,98.25
424303,98.25
424304,98.25
424305,98.25
424306,98.25
424307,98.25
424308,98.25
424309,98.25
424310,98.25
424311,98.25
424318,98.25
425001,79.98
425002,79.98
425003,79.98
425004,79.98
425101,79.98
425102,79.98
425103,79.98
425104,79.98
425105,79.98
425107,79.98
425108,79.98
425109,79.98
425110,79.98
425111,79.98
425112,79.98
425113,79.98
425114,79.98
425115,79.98
425116,79.98
425201,79.98
425203,79.98
425301,79.98
425302,79.98
425303,79.98
425304,79.98
425305,79.98
425306,79.98
425307,79.98
425308,79.98
425309,79.98
425310,79.98
425311,79.98
425327,79.98
425401,79.98
425402,79.98
425403,98.25
425404,98.25
425405,98.25
425406,98.25
425407,98.25
425408,98.25
425409,127.45
425410,127.45
425411,127.45
425412,127.45
425413,127.45
425414,127.45
425415,127.45
425416,127.45
425417,127.45
425418,127.45
425419,127.45
425420,79.98
425421,98.25
425422,127.45
425423,127.45
425424,127.45
425426,127.45
425427,98.25
425428,98.25
425432,127.45
425442,127.45
425444,127.45
425452,127.45
425501,79.98
425502,79.98
425503,79.98
425504,79.98
425505,79.98
425506,79.98
425507,79.98
425508,79.98
425524,79.98
431001,120.7
431002,120.7
431003,120.7
431004,120.7
431005,120.7
431006,120.7
431007,120.7
431008,120.7
431009,120.7
431010,120.7
431101,120.7
431102,120.7
431103,120.7
431104,120.7
431105,120.7
431107,120.7
431109,120.7
431110,120.7
431111,120.7
431112,120.7
431113,120.7
431114,124.84
431115,120.7
431116,120.7
431117,120.7
431118,120.7
431120,120.7
431121,120.7
431122,143.04
431132,124.84
431133,120.7
431134,120.7
431135,120.7
431136,120.7
431137,120.7
431147,120.7
431148,120.7
431150,120.7
431151,120.7
431154,120.7
431202,124.84
431203,124.84
431204,124.84
431205,124.84
431206,124.84
431207,124.84
431208,124.84
431209,124.84
431211,124.84
431212,124.84
431213,124.84
431214,124.84
431215,124.84
431401,114.22
431402,114.22
431501,124.84
431502,124.84
431503,114.22
431504,124.84
431505,114.22
431506,114.22
431507,124.84
431508,114.22
431509,114.22
431510,114.22
431511,114.22
431512,112.81
431513,112.81
431514,114.22
431516,114.22
431521,114.22
431536,114.22
431537,114.22
431540,114.22
431541,114.22
431542,112.81
431601,110.44
431602,110.44
431603,110.44
431604,110.44
431605,110.44
431606,110.44
431701,112.81
431702,112.81
431703,112.81
431704,110.44
431705,112.81
431707,110.44
431708,110.44
431709,110.44
431710,110.44
431711,110.44
431712,110.44
431713,110.44
431714,110.44
431715,110.44
431716,110.44
431717,110.44
431718,110.44
431719,110.44
431720,114.22
431721,110.44
431722,110.44
431723,110.44
431731,110.44
431736,110.44
431741,110.44
431742,110.44
431743,110.44
431745,110.44
431746,110.44
431750,110.44
431801,110.44
431802,110.44
431803,110.44
431804,110.44
431805,110.44
431806,110.44
431807,110.44
431808,110.44
431809,110.44
431810,110.44
431811,110.44
440001,85.66
440002,85.66
440003,85.66
440005,85.66
440006,85.66
440007,85.66
440008,85.66
440010,85.66
440012,85.66
440013,85.66
440014,85.66
440015,85.66
440016,85.66
440017,85.66
440018,85.66
440019,85.66
440020,85.66
440021,85.66
440022,85.66
440023,85.66
440024,85.66
440025,85.66
440026,85.66
440027,85.66
440030,85.66
440032,85.66
440033,85.66
440034,85.66
440035,85.66
440036,85.66
440037,85.66
441001,85.66
441101,85.66
441102,85.66
441103,85.66
441104,85.66
441105,85.66
441106,85.66
441107,85.66
441108,85.66
441109,85.66
441110,85.66
441111,85.66
441112,85.66
441113,85.66
441122,85.66
441123,85.66
441201,85.66
441202,85.66
441203,85.66
441204,85.66
441205,112.34
441206,112.34
441207,112.34
441208,185.86
441209,185.86
441210,85.66
441212,112.34
441214,85.66
441215,112.34
441217,185.86
441221,112.34
441222,112.34
441223,112.34
441224,112.34
441225,112.34
441226,112.34
441301,85.66
441302,85.66
441303,85.66
441304,85.66
441305,85.66
441306,85.66
441401,85.66
441404,85.66
441501,85.66
441502,85.66
441802,107.69
441803,107.69
441804,107.69
441805,107.69
441809,107.69
441903,107.69
441904,107.69
441905,107.69
441906,107.69
441907,107.69
441908,107.69
441909,107.69
441910,107.69
441912,107.69
441913,107.69
441914,107.69
441915,107.69
441924,107.69
442001,112.64
442003,112.64
442101,112.64
442102,112.64
442104,112.64
442105,112.64
442106,112.64
442111,112.64
442201,112.64
442202,112.64
442203,112.64
442301,112.64
442302,112.64
442303,112.64
442304,112.64
442305,112.64
442306,112.64
442307,112.64
442401,112.34
442402,112.34
442403,112.34
442404,112.34
442406,112.34
442501,112.34
442502,112.34
442503,112.34
442504,185.86
442505,112.34
442507,112.34
442603,185.86
442604,185.86
442605,185.86
442606,185.86
442701,112.34
442702,112.34
442703,185.86
442704,185.86
442705,185.86
442707,185.86
442709,185.86
442710,185.86
442901,112.34
442902,112.34
442903,112.34
442904,112.34
442905,112.34
442906,112.34
442907,112.34
442908,112.34
442914,112.34
442916,112.34
442917,112.34
442918,112.34
444001,101.01
444002,101.01
444003,101.01
444004,101.01
444005,101.01
444006,101.01
444101,101.01
444102,101.01
444103,101.01
444104,101.01
444105,114.31
444106,101.01
444107,101.01
444108,101.01
444109,101.01
444110,114.31
444111,101.01
444117,101.01
444126,101.01
444302,101.01
444311,101.01
444401,101.01
444402,101.01
444403,114.31
444404,114.31
444405,101.01
444407,101.01
444409,114.31
444501,101.01
444502,101.01
444503,114.31
444504,114.31
444505,114.31
444506,114.31
444507,114.31
444510,114.31
444511,101.01
444601,99.31
444602,99.31
444603,99.31
444604,99.31
444605,99.31
444606,99.31
444607,99.31
444701,99.31
444702,99.31
444704,99.31
444705,99.31
444706,99.31
444707,99.31
444708,99.31
444709,99.31
444710,99.31
444711,99.31
444717,99.31
444719,99.31
444720,99.31
444723,99.31
444801,99.31
444802,99.31
444803,99.31
444804,99.31
444805,99.31
444806,99.31
444807,99.31
444808,99.31
444809,99.31
444810,99.31
444813,99.31
444901,99.31
444902,99.31
444903,99.31
444904,99.31
444905,99.31
444906,99.31
444907,99.31
444908,99.31
445001,119.84
445002,119.84
445101,119.84
445102,119.84
445103,119.84
445105,119.84
445106,119.84
445109,119.84
445110,119.84
445201,119.84
445202,119.84
445203,119.84
445204,119.84
445205,119.84
445206,119.84
445207,119.84
445209,119.84
445210,119.84
445211,119.84
445215,119.84
445216,119.84
445230,119.84
445301,119.84
445302,119.84
445303,119.84
445304,119.84
445305,119.84
445306,119.84
445307,119.84
445308,119.84
445323,119.84
445401,119.84
445402,119.84
451447,214.48
451449,214.48
451551,214.48
451556,214.48
451660,214.48
451666,214.48
451770,214.48
451881,214.48
452001,96.11
452002,96.11
452003,96.11
452005,96.11
452006,96.11
452007,96.11
452009,96.11
452010,96.11
452011,96.11
452012,96.11
452013,96.11
452014,96.11
452015,96.11
452016,96.11
452018,96.11
452020,96.11
453001,96.11
453111,96.11
453112,96.11
453115,96.11
453220,96.11
453331,96.11
453441,96.11
453446,96.11
453551,96.11
453555,96.11
453556,96.11
453661,96.11
453771,96.11
454001,194.08
454010,194.08
454111,194.08
454116,194.08
454221,194.08
454331,194.08
454335,194.08
454441,194.08
454446,194.08
454449,194.08
454552,194.08
454660,194.08
454665,194.08
454773,194.08
454774,194.08
454775,194.08
455001,169.41
455111,169.41
455115,169.41
455116,169.41
455118,169.41
455221,169.41
455223,169.41
455227,169.41
455332,169.41
455336,169.41
455339,169.41
455440,169.41
455459,169.41
456001,137.2
456003,137.2
456006,137.2
456010,137.2
456221,137.2
456222,137.2
456224,137.2
456313,137.2
456331,137.2
456335,137.2
456337,137.2
456440,137.2
456441,137.2
456443,137.2
456550,137.2
456661,137.2
456664,137.2
456665,137.2
456668,137.2
456770,137.2
456771,137.2
456776,137.2
457001,168.1
457114,168.1
457118,168.1
457119,168.1
457222,168.1
457226,168.1
457331,168.1
457333,168.1
457336,168.1
457339,168.1
457340,168.1
457441,168.1
457550,168.1
457555,168.1
457661,234.26
457770,234.26
457772,234.26
457773,234.26
457775,234.26
457777,234.26
457779,234.26
457882,234.26
457885,234.26
457887,234.26
457888,234.26
457990,234.26
457993,234.26
458001,166.81
458002,166.81
458110,165.26
458113,165.26
458116,165.26
458118,165.26
458220,165.26
458226,165.26
458228,165.26
458330,165.26
458336,165.26
458339,166.81
458389,166.81
458441,165.26
458468,165.26
458470,165.26
458553,166.81
458556,166.81
458558,166.81
458664,166.81
458667,166.81
458669,166.81
458771,166.81
458775,166.81
458778,166.81
458880,166.81
458883,166.81
458888,166.81
458895,166.81
458990,166.81
460001,170.77
460004,170.77
460110,170.77
460220,170.77
460225,170.77
460330,170.77
460440,170.77
460443,170.77
460447,170.77
460449,170.77
460551,170.77
460553,170.77
460554,170.77
460557,170.77
460661,170.77
460663,170.77
460665,170.77
460666,170.77
460668,170.77
461001,147.63
461005,147.63
461110,147.63
461111,147.63
461115,147.63
461116,147.63
461122,147.63
461221,147.63
461223,147.63
461228,160.62
461331,147.63
461441,147.63
461446,147.63
461551,147.63
461661,147.63
461668,147.63
461771,147.63
461775,147.63
461881,147.63
461990,147.63
462001,118.95
462002,118.95
462003,118.95
462004,118.95
462008,118.95
462010,118.95
462011,118.95
462016,118.95
462020,118.95
462022,118.95
462023,118.95
462024,118.95
462026,118.95
462027,118.95
462030,118.95
462031,118.95
462036,118.95
462037,118.95
462038,118.95
462039,118.95
462041,118.95
462042,118.95
462043,118.95
462044,118.95
462045,118.95
462046,118.95
462047,118.95
462101,118.95
462120,118.95
463106,118.95
463111,118.95
464001,177.89
464111,177.89
464113,177.89
464114,177.89
464220,177.89
464221,177.89
464224,177.89
464226,177.89
464228,177.89
464240,177.89
464258,177.89
464331,177.89
464337,177.89
464551,193.36
464651,193.36
464661,193.36
464665,193.36
464668,193.36
464671,193.36
464672,193.36
464770,193.36
464774,193.36
464881,193.36
464884,193.36
464886,193.36
464986,193.36
464990,193.36
464993,193.36
465001,99.32
465106,99.32
465110,99.32
465113,99.32
465116,99.32
465118,99.32
465220,99.32
465223,99.32
465226,99.32
465227,99.32
465230,99.32
465333,99.32
465335,99.32
465337,99.32
465339,99.32
465441,99.32
465445,99.32
465447,99.32
465449,99.32
465550,99.32
465661,185.38
465667,185.38
465669,185.38
465674,185.38
465677,185.38
465679,185.38
465680,185.38
465683,185.38
465685,185.38
465687,185.38
465689,185.38
465691,185.38
465693,185.38
465697,185.38
466001,172.08
466111,172.08
466113,172.08
466114,172.08
466115,172.08
466116,172.08
466118,172.08
466120,172.08
466125,172.08
466221,172.08
466331,172.08
466445,172.08
466446,172.08
466448,172.08
466554,172.08
466651,172.08
466661,172.08
466665,172.08
470001,141.87
470002,141.87
470003,141.87
470004,141.87
470021,141.87
470051,141.87
470113,141.87
470115,141.87
470117,141.87
470118,141.87
470119,141.87
470120,141.87
470125,141.87
470221,141.87
470223,141.87
470226,141.87
470227,141.87
470228,141.87
470229,141.87
470232,141.87
470235,141.87
470335,141.87
470337,141.87
470339,141.87
470441,141.87
470442,141.87
470661,168.71
470663,168.71
470664,168.71
470666,168.71
470669,141.87
470672,168.71
470673,168.71
470675,168.71
470771,168.71
470772,168.71
470775,168.71
470880,168.71
470881,168.71
471001,173.58
471101,173.58
471105,173.58
471111,173.58
471201,173.58
471301,173.58
471311,173.58
471313,173.58
471315,173.58
471318,173.58
471405,173.58
471408,173.58
471411,173.58
471501,173.58
471510,173.58
471515,173.58
471516,173.58
471525,173.58
471606,173.58
471625,173.58
472001,115.58
472005,115.58
472010,115.58
472101,115.58
472111,115.58
472115,115.58
472118,115.58
472221,115.58
472246,115.58
472331,115.58
472336,115.58
472337,115.58
472339,115.58
472442,115.58
472445,115.58
472447,115.58
473001,198.48
473101,198.48
473105,198.48
473110,198.48
473111,198.48
473112,198.48
473113,198.48
473115,198.48
473118,198.48
473222,198.48
473226,198.48
473249,198.48
473287,198.48
473551,191.39
473585,191.39
473638,191.39
473660,191.39
473662,191.39
473665,191.39
473670,191.39
473770,191.39
473774,191.39
473775,191.39
473781,191.39
473793,191.39
473865,191.39
473880,191.39
473885,191.39
473990,191.39
473995,191.39
474001,142.72
474002,142.72
474003,142.72
474004,142.72
474005,142.72
474006,142.72
474008,142.72
474009,142.72
474010,142.72
474011,142.72
474012,142.72
474015,142.72
474020,142.72
475001,142.72
475002,142.72
475005,142.72
475110,142.72
475115,142.72
475220,142.72
475330,142.72
475335,171.93
475336,171.93
475661,171.93
475671,171.93
475673,171.93
475675,171.93
475682,171.93
475685,171.93
476001,160.75
476111,160.75
476115,160.75
476134,160.75
476219,160.75
476221,160.75
476224,160.75
476228,160.75
476229,160.75
476332,176.76
476335,176.76
476337,176.76
476339,176.76
476355,176.76
476444,160.75
476554,160.75
477001,147.81
477105,147.81
477111,147.81
477116,147.81
477117,147.81
477222,147.81
477227,147.81
477331,147.81
477332,147.81
477333,147.81
477335,147.81
477441,147.81
477445,147.81
477446,147.81
477447,147.81
477449,147.81
477555,147.81
477557,147.81
477566,147.81
477660,147.81
480001,149.4
480003,149.4
480105,149.4
480106,149.4
480107,149.4
480108,149.4
480109,149.4
480110,149.4
480111,149.4
480112,149.4
480115,149.4
480221,149.4
480223,149.4
480224,149.4
480331,149.4
480334,149.4
480337,149.4
480338,149.4
480441,149.4
480447,149.4
480449,149.4
480551,149.4
480555,149.4
480557,149.4
480559,149.4
480661,200.74
480667,200.74
480771,200.74
480880,200.74
480881,200.74
480882,200.74
480884,200.74
480886,200.74
480887,200.74
480888,200.74
480990,200.74
480991,200.74
480994,200.74
480996,200.74
480997,200.74
480999,200.74
481001,164.71
481051,164.71
481102,164.71
481105,164.71
481111,164.71
481115,164.71
481116,164.71
481117,164.71
481222,164.71
481224,164.71
481226,164.71
481331,164.71
481332,164.71
481335,164.71
481337,164.71
481441,164.71
481445,164.71
481449,164.71
481551,164.71
481556,164.71
481661,225.43
481662,225.43
481663,225.43
481664,225.43
481665,225.43
481666,225.43
481668,225.43
481672,233.88
481768,225.43
481771,225.43
481776,225.43
481778,233.88
481879,233.88
481880,233.88
481882,233.88
481884,233.88
481885,225.43
481990,233.88
481995,225.43
481996,225.43
481998,225.43
482001,112.57
482002,112.57
482003,112.57
482004,112.57
482005,112.57
482008,112.57
482009,112.57
482010,112.57
482011,112.57
482020,112.57
482021,112.57
482051,112.57
482056,112.57
483001,112.57
483053,112.57
483105,112.57
483110,112.57
483113,112.57
483119,112.57
483220,112.57
483222,151.66
483225,151.66
483330,151.66
483331,151.66
483332,151.66
483334,151.66
483336,151.66
483440,151.66
483442,151.66
483501,151.66
483504,151.66
483770,151.66
483773,151.66
483775,151.66
483880,151.66
483990,151.66
484001,200.19
484110,200.19
484113,191.59
484114,200.19
484116,191.59
484117,191.59
484120,200.19
484220,191.59
484224,191.59
484330,191.59
484334,191.59
484336,191.59
484440,191.59
484444,191.59
484446,200.19
484551,167.35
484555,167.35
484660,167.35
484661,167.35
484664,167.35
484665,167.35
484669,200.19
484770,200.19
484771,200.19
484774,200.19
484776,200.19
484881,191.59
484886,191.59
484887,191.59
485001,117.88
485005,117.88
485111,117.88
485112,117.88
485113,117.88
485114,117.88
485115,117.88
485221,117.88
485226,117.88
485331,117.88
485334,117.88
485441,117.88
485446,117.88
485447,117.88
485551,117.88
485661,117.88
485666,117.88
485771,117.88
485772,117.88
485773,117.88
485774,117.88
485775,117.88
485778,117.88
485881,117.88
486001,130.34
486002,130.34
486003,130.34
486005,130.34
486006,130.34
486111,130.34
486114,130.34
486115,130.34
486117,130.34
486123,130.34
486220,130.34
486223,130.34
486226,130.34
486331,130.34
486333,130.34
486335,130.34
486338,130.34
486340,130.34
486341,130.34
486440,130.34
486441,130.34
486445,130.34
486446,130.34
486447,130.34
486448,130.34
486450,130.34
486550,130.34
486553,130.34
486556,130.34
486661,201.24
486666,201.24
486669,201.24
486670,201.24
486675,201.24
486771,201.24
486775,201.24
486776,201.24
486881,201.24
486882,201.24
486884,201.24
486885,172.99
486886,201.24
486887,201.24
486889,172.99
486890,201.24
486892,201.24
488001,218.6
488050,218.6
488051,218.6
488059,218.6
488220,218.6
488222,218.6
488333,218.6
488441,218.6
488442,218.6
488443,218.6
488446,218.6
488448,218.6
500001,80.67
500002,80.67
500003,80.67
500004,80.67
500005,80.67
500006,80.67
500007,80.67
500008,80.67
500009,80.67
500010,80.67
500011,80.67
500012,80.67
500013,80.67
500014,80.67
500015,80.67
500016,80.67
500017,80.67
500018,80.67
500020,80.67
500023,80.67
500024,80.67
500026,80.67
500027,80.67
500028,80.67
500029,80.67
500030,80.67
500031,80.67
500032,80.67
500033,80.67
500034,80.67
500036,80.67
500037,80.67
500038,80.67
500040,80.67
500042,80.67
500044,80.67
500045,80.67
500046,80.67
500047,80.67
500048,80.67
500049,80.67
500050,80.67
500051,80.67
500053,80.67
500054,80.67
500055,80.67
500056,80.67
500057,80.67
500058,80.67
500059,80.67
500061,80.67
500062,80.67
500064,80.67
500065,80.67
500067,80.67
500068,80.67
500069,80.67
500072,80.67
500073,80.67
500074,80.67
500077,80.67
500078,80.67
500080,80.67
500081,80.67
500082,80.67
500083,80.67
500084,80.67
500085,80.67
500086,80.67
500087,80.67
500088,80.67
500089,80.67
500090,80.67
500091,80.67
500092,80.67
500094,80.67
500096,80.67
500097,80.67
500098,80.67
500101,80.67
501101,80.67
501301,80.67
501401,80.67
502001,142.03
502032,142.03
502101,142.03
502102,142.03
502103,142.03
502107,142.03
502108,142.03
502109,142.03
502110,142.03
502113,142.03
502114,142.03
502115,142.03
502117,142.03
502125,142.03
502130,142.03
502205,142.03
502210,142.03
502220,142.03
502221,142.03
502228,142.03
502246,142.03
502247,142.03
502248,142.03
502249,142.03
502251,142.03
502255,142.03
502256,142.03
502257,142.03
502267,142.03
502269,142.03
502270,142.03
502271,142.03
502273,142.03
502276,142.03
502277,142.03
502278,142.03
502279,142.03
502280,142.03
502281,142.03
502285,142.03
502286,142.03
502287,142.03
502290,142.03
502291,142.03
502293,142.03
502294,142.03
502295,142.03
502296,142.03
502300,142.03
502301,142.03
502302,142.03
502303,142.03
502305,142.03
502306,142.03
502307,142.03
502310,142.03
502311,142.03
502312,142.03
502313,142.03
502314,142.03
502316,142.03
502318,142.03
502319,142.03
502321,142.03
502324,142.03
502325,142.03
502329,142.03
502331,142.03
502334,142.03
502335,142.03
502336,142.03
502345,142.03
502371,142.03
502372,142.03
502375,142.03
502381,142.03
503001,119.26
503002,119.26
503003,119.26
503101,119.26
503102,119.26
503108,119.26
503110,119.26
503111,119.26
503112,119.26
503114,119.26
503120,119.26
503122,119.26
503123,119.26
503124,119.26
503125,119.26
503144,119.26
503145,119.26
503164,119.26
503165,119.26
503174,119.26
503175,119.26
503180,119.26
503185,119.26
503186,119.26
503187,119.26
503188,119.26
503201,119.26
503202,119.26
503206,119.26
503207,119.26
503212,119.26
503213,119.26
503217,119.26
503218,119.26
503219,119.26
503223,119.26
503224,119.26
503225,119.26
503230,119.26
503235,119.26
503245,119.26
503246,119.26
503301,119.26
503302,119.26
503305,119.26
503306,119.26
503307,119.26
503308,119.26
503309,119.26
503310,119.26
503311,119.26
503321,119.26
503322,119.26
504001,207.63
504002,207.63
504101,207.63
504102,207.63
504103,207.63
504104,207.63
504105,207.63
504106,207.63
504107,207.63
504109,207.63
504110,207.63
504201,207.63
504202,207.63
504203,207.63
504204,207.63
504205,207.63
504206,207.63
504207,207.63
504208,207.63
504209,207.63
504214,207.63
504215,207.63
504216,207.63
504218,207.63
504219,207.63
504220,207.63
504231,207.63
504251,207.63
504272,207.63
504273,207.63
504292,207.63
504293,207.63
504294,207.63
504295,207.63
504296,207.63
504297,207.63
504299,207.63
504301,207.63
504302,207.63
504303,207.63
504304,207.63
504306,207.63
504307,207.63
504308,207.63
504309,207.63
504310,207.63
504311,207.63
504312,207.63
504313,207.63
504323,207.63
504346,207.63
506001,143.62
506002,143.62
506003,143.62
506004,143.62
506005,143.62
506006,143.62
506007,143.62
506008,143.62
506009,143.62
506011,143.62
506013,143.62
506015,143.62
506101,143.62
506102,143.62
506104,143.62
506105,143.62
506112,143.62
506122,143.62
506132,143.62
506134,143.62
506135,143.62
506142,143.62
506143,143.62
506144,143.62
506145,143.62
506151,143.62
506163,143.62
506164,143.62
506165,143.62
506167,143.62
506168,143.62
506169,143.62
506170,143.62
506172,143.62
506175,143.62
506201,143.62
506221,143.62
506222,143.62
506223,143.62
506224,143.62
506244,143.62
506252,143.62
506301,143.62
506302,143.62
506303,143.62
506310,143.62
506313,143.62
506314,143.62
506315,143.62
506316,143.62
506317,143.62
506318,143.62
506319,143.62
506324,143.62
506329,143.62
506330,143.62
506331,143.62
506332,143.62
506342,143.62
506343,143.62
506344,143.62
506345,143.62
506347,143.62
506348,143.62
506349,143.62
506352,143.62
506355,143.62
506356,143.62
506365,143.62
506366,143.62
506367,143.62
506368,143.62
506369,143.62
506370,143.62
506371,143.62
506381,143.62
506391,143.62
507001,119.36
507002,119.36
507003,119.36
507101,119.36
507111,119.36
507114,119.36
507115,119.36
507116,119.36
507117,119.36
507118,119.36
507119,119.36
507120,119.36
507122,119.36
507123,119.36
507124,119.36
507125,119.36
507128,119.36
507133,119.36
507136,119.36
507137,119.36
507140,119.36
507154,119.36
507157,119.36
507158,119.36
507159,119.36
507160,119.36
507161,119.36
507163,119.36
507164,119.36
507165,119.36
507166,119.36
507167,119.36
507168,119.36
507169,119.36
507170,119.36
507182,119.36
507183,119.36
507201,119.36
507202,119.36
507203,119.36
507204,119.36
507208,119.36
507209,119.36
507210,119.36
507211,119.36
507301,119.36
507302,119.36
507303,119.36
507304,119.36
507305,119.36
507306,119.36
507316,119.36
507318,119.36
508001,127.13
508002,127.13
508004,127.13
508101,127.13
508105,127.13
508111,127.13
508112,127.13
508113,127.13
508114,127.13
508115,127.13
508116,127.13
508117,127.13
508126,127.13
508201,127.13
508202,127.13
508204,127.13
508205,127.13
508206,127.13
508207,127.13
508208,127.13
508210,127.13
508211,127.13
508212,127.13
508213,127.13
508217,127.13
508218,127.13
508221,127.13
508223,127.13
508224,127.13
508233,127.13
508234,127.13
508238,127.13
508243,127.13
508244,127.13
508245,127.13
508246,127.13
508247,127.13
508248,127.13
508250,127.13
508252,127.13
508253,127.13
508254,127.13
508255,127.13
508256,127.13
508257,127.13
508258,127.13
508266,127.13
508277,127.13
508278,127.13
508279,127.13
508280,127.13
508284,127.13
508285,127.13
508286,127.13
508355,127.13
508373,127.13
508374,127.13
508376,127.13
508377,127.13
517001,159.32
517002,159.32
517004,159.32
517101,159.32
517102,159.32
517112,159.32
517113,159.32
517123,159.32
517124,159.32
517125,159.32
517126,159.32
517127,159.32
517128,159.32
517129,159.32
517130,159.32
517131,159.32
517132,159.32
517152,159.32
517167,159.32
517172,159.32
517192,159.32
517193,159.32
517194,159.32
517213,159.32
517214,159.32
517234,159.32
517235,159.32
517236,159.32
517237,159.32
517247,159.32
517257,159.32
517277,159.32
517280,159.32
517291,159.32
517297,159.32
517299,159.32
517305,159.32
517319,159.32
517325,159.32
517326,159.32
517350,159.32
517351,159.32
517352,159.32
517370,159.32
517390,159.32
517391,159.32
517401,159.32
517403,159.32
517408,159.32
517414,159.32
517415,159.32
517416,159.32
517417,159.32
517418,159.32
517419,159.32
517421,159.32
517422,159.32
517423,159.32
517424,159.32
517425,159.32
517426,159.32
517429,159.32
517432,159.32
517501,159.32
517502,159.32
517503,159.32
517504,159.32
517505,159.32
517506,159.32
517507,159.32
517520,159.32
517526,159.32
517536,159.32
517541,159.32
517551,159.32
517561,159.32
517569,159.32
517571,159.32
517581,159.32
517582,159.32
517583,159.32
517584,159.32
517586,159.32
517587,159.32
517588,159.32
517589,159.32
517590,159.32
517591,159.32
517592,159.32
517599,159.32
517619,159.32
517620,159.32
517640,159.32
517641,159.32
517642,159.32
517643,159.32
517644,159.32
517645,159.32
518001,103.97
518002,103.97
518003,103.97
518004,103.97
518006,103.97
518007,103.97
518010,103.97
518101,103.97
518102,103.97
518112,103.97
518122,103.97
518123,103.97
518124,103.97
518134,103.97
518135,103.97
518145,103.97
518155,103.97
518165,103.97
518166,103.97
518176,103.97
518186,103.97
518196,103.97
518206,103.97
518216,103.97
518217,103.97
518218,103.97
518220,103.97
518221,103.97
518222,103.97
518225,103.97
518301,103.97
518302,103.97
518308,103.97
518313,103.97
518323,103.97
518333,103.97
518343,103.97
518344,103.97
518345,103.97
518346,103.97
518347,103.97
518348,103.97
518349,103.97
518350,103.97
518360,103.97
518380,103.97
518385,103.97
518390,103.97
518395,103.97
518396,103.97
518401,103.97
518405,103.97
518411,103.97
518412,103.97
518422,103.97
518432,103.97
518442,103.97
518452,103.97
518462,103.97
518463,103.97
518464,103.97
518465,103.97
518466,103.97
518467,103.97
518468,103.97
518501,103.97
518502,103.97
518508,103.97
518510,103.97
518511,103.97
518512,103.97
518513,103.97
518523,103.97
518533,103.97
518543,103.97
518553,103.97
518563,103.97
518573,103.97
518583,103.97
518593,103.97
518594,103.97
518598,103.97
518599,103.97
518674,103.97
520001,109.11
520002,109.11
520003,109.11
520004,109.11
520007,109.11
520008,109.11
520010,109.11
520011,109.11
520012,109.11
520013,109.11
520015,109.11
521001,109.11
521002,109.11
521003,109.11
521101,109.11
521102,109.11
521104,109.11
521105,109.11
521106,109.11
521107,109.11
521108,109.11
521109,109.11
521110,109.11
521111,109.11
521120,109.11
521121,109.11
521122,109.11
521125,109.11
521126,109.11
521130,109.11
521131,109.11
521132,109.11
521133,109.11
521134,109.11
521135,109.11
521136,109.11
521137,109.11
521138,109.11
521139,109.11
521148,109.11
521149,109.11
521150,109.11
521151,109.11
521153,109.11
521156,109.11
521157,109.11
521158,109.11
521162,109.11
521163,109.11
521164,109.11
521165,109.11
521170,109.11
521175,109.11
521178,109.11
521180,109.11
521181,109.11
521182,109.11
521183,109.11
521185,109.11
521190,109.11
521201,109.11
521202,109.11
521207,109.11
521211,109.11
521212,109.11
521213,109.11
521214,109.11
521215,109.11
521225,109.11
521226,109.11
521227,109.11
521228,109.11
521229,109.11
521230,109.11
521235,109.11
521241,109.11
521245,109.11
521246,109.11
521247,109.11
521250,109.11
521256,109.11
521260,109.11
521261,109.11
521263,109.11
521286,109.11
521301,109.11
521311,109.11
521312,109.11
521321,109.11
521322,109.11
521323,109.11
521324,109.11
521325,109.11
521326,109.11
521327,109.11
521328,109.11
521329,109.11
521330,109.11
521331,109.11
521332,109.11
521333,109.11
521340,109.11
521343,109.11
521344,109.11
521345,109.11
521356,109.11
521366,109.11
521369,109.11
521390,109.11
521401,109.11
521402,109.11
521403,109.11
521456,109.11
521457,109.11
522001,86.94
522002,86.94
522003,86.94
522004,86.94
522005,86.94
522006,86.94
522007,86.94
522009,86.94
522015,86.94
522016,86.94
522017,86.94
522018,86.94
522019,86.94
522020,86.94
522034,86.94
522101,86.94
522102,86.94
522111,86.94
522112,86.94
522113,86.94
522124,86.94
522201,86.94
522202,86.94
522211,86.94
522212,86.94
522213,86.94
522233,86.94
522234,86.94
522235,86.94
522236,86.94
522237,86.94
522256,86.94
522257,86.94
522258,86.94
522259,86.94
522261,86.94
522262,86.94
522264,86.94
522265,86.94
522268,86.94
522301,86.94
522302,86.94
522303,86.94
522304,86.94
522305,86.94
522306,86.94
522307,86.94
522308,86.94
522309,86.94
522310,86.94
522311,86.94
522312,86.94
522313,86.94
522314,86.94
522315,86.94
522316,86.94
522317,86.94
522318,86.94
522324,86.94
522325,86.94
522329,86.94
522330,86.94
522341,86.94
522401,86.94
522402,86.94
522403,86.94
522408,86.94
522409,86.94
522410,86.94
522411,86.94
522412,86.94
522413,86.94
522414,86.94
522415,86.94
522421,86.94
522426,86.94
522435,86.94
522436,86.94
522437,86.94
522438,86.94
522439,86.94
522501,86.94
522502,86.94
522503,86.94
522508,86.94
522509,86.94
522510,86.94
522529,86.94
522549,86.94
522601,86.94
522603,86.94
522611,86.94
522612,86.94
522613,86.94
522614,86.94
522615,86.94
522616,86.94
522617,86.94
522619,86.94
522626,86.94
522646,86.94
522647,86.94
522649,86.94
522657,86.94
522658,86.94
522659,86.94
522660,86.94
522661,86.94
522663,86.94
523001,135.58
523002,135.58
523101,135.58
523104,135.58
523105,135.58
523108,135.58
523109,135.58
523110,135.58
523111,135.58
523112,135.58
523113,135.58
523114,135.58
523115,135.58
523116,135.58
523117,135.58
523135,135.58
523155,135.58
523157,135.58
523165,135.58
523166,135.58
523167,135.58
523168,135.58
523169,135.58
523170,135.58
523171,135.58
523180,135.58
523181,135.58
523182,135.58
523183,135.58
523184,135.58
523185,135.58
523186,135.58
523187,135.58
523190,135.58
523201,135.58
523211,135.58
523212,135.58
523213,135.58
523214,135.58
523223,135.58
523224,135.58
523225,135.58
523226,135.58
523227,135.58
523228,135.58
523230,135.58
523240,135.58
523241,135.58
523245,135.58
523246,135.58
523247,135.58
523252,135.58
523253,135.58
523254,135.58
523260,135.58
523261,135.58
523262,135.58
523263,135.58
523264,135.58
523265,135.58
523270,135.58
523271,135.58
523272,135.58
523273,135.58
523274,135.58
523279,135.58
523280,135.58
523281,135.58
523286,135.58
523291,135.58
523292,135.58
523301,135.58
523302,135.58
523303,135.58
523304,135.58
523305,135.58
523315,135.58
523316,135.58
523320,135.58
523326,135.58
523327,135.58
523328,135.58
523329,135.58
523330,135.58
523331,135.58
523332,135.58
523333,135.58
523334,135.58
523335,135.58
523336,135.58
523346,135.58
523356,135.58
523357,135.58
523367,135.58
523368,135.58
523369,135.58
523370,135.58
523371,135.58
523372,135.58
523373,135.58
524001,143.9
524002,143.9
524003,143.9
524004,143.9
524005,143.9
524101,143.9
524121,143.9
524123,143.9
524124,143.9
524126,143.9
524127,143.9
524129,143.9
524131,143.9
524132,143.9
524134,143.9
524137,143.9
524142,143.9
524152,143.9
524201,143.9
524203,143.9
524221,143.9
524222,143.9
524223,143.9
524224,143.9
524225,143.9
524226,143.9
524227,143.9
524228,143.9
524230,143.9
524234,143.9
524236,143.9
524239,143.9
524240,143.9
524302,143.9
524303,143.9
524304,143.9
524305,143.9
524306,143.9
524307,143.9
524308,143.9
524309,143.9
524310,143.9
524311,143.9
524312,143.9
524313,143.9
524314,143.9
524315,143.9
524316,143.9
524317,143.9
524318,143.9
524319,143.9
524320,143.9
524321,143.9
524322,143.9
524323,143.9
524341,143.9
524342,143.9
524343,143.9
524344,143.9
524345,143.9
524346,143.9
524366,143.9
524401,143.9
524402,143.9
524403,143.9
524404,143.9
524405,143.9
524406,143.9
524407,143.9
524408,143.9
524409,143.9
524410,143.9
524411,143.9
524412,143.9
524413,143.9
524414,143.9
524415,143.9
524421,143.9
530001,80.28
530002,80.28
530003,80.28
530004,80.28
530005,80.28
530007,80.28
530008,80.28
530009,80.28
530011,80.28
530012,80.28
530013,80.28
530014,80.28
530016,80.28
530017,80.28
530018,80.28
530020,80.28
530022,80.28
530024,80.28
530026,80.28
530027,80.28
530028,80.28
530029,80.28
530031,80.28
530032,80.28
530040,80.28
530041,80.28
530043,80.28
530044,80.28
530045,80.28
530046,80.28
530047,80.28
530048,80.28
530049,80.28
530051,80.28
530052,80.28
530053,80.28
531001,80.28
531002,80.28
531011,80.28
531019,80.28
531020,80.28
531021,80.28
531022,80.28
531023,80.28
531024,80.28
531025,80.28
531026,80.28
531027,80.28
531028,80.28
531029,80.28
531030,80.28
531031,80.28
531032,80.28
531033,80.28
531034,80.28
531035,80.28
531036,80.28
531040,80.28
531055,80.28
531060,80.28
531061,80.28
531075,80.28
531077,80.28
531081,80.28
531082,80.28
531083,80.28
531084,80.28
531085,80.28
531087,80.28
531105,80.28
531111,80.28
531113,80.28
531114,80.28
531115,80.28
531116,80.28
531117,80.28
531118,80.28
531126,80.28
531127,80.28
531133,80.28
531149,80.28
531151,80.28
531162,80.28
531163,80.28
531173,80.28
531219,80.28
532001,143.78
532005,143.78
532122,143.78
532123,143.78
532127,143.78
532148,143.78
532168,143.78
532186,143.78
532190,143.78
532195,143.78
532201,143.78
532203,143.78
532211,143.78
532212,143.78
532213,143.78
532214,143.78
532215,143.78
532216,143.78
532218,143.78
532219,143.78
532220,143.78
532221,143.78
532222,143.78
532242,143.78
532243,143.78
532263,143.78
532264,143.78
532284,143.78
532290,143.78
532291,143.78
532292,143.78
532312,143.78
532322,143.78
532401,143.78
532402,143.78
532403,143.78
532404,143.78
532405,143.78
532406,143.78
532407,143.78
532408,143.78
532409,143.78
532410,143.78
532421,143.78
532425,143.78
532426,143.78
532427,143.78
532428,143.78
532429,143.78
532430,143.78
532432,143.78
532440,143.78
532443,143.78
532445,143.78
532455,143.78
532456,143.78
532457,143.78
532458,143.78
532459,143.78
532460,143.78
532461,143.78
532462,143.78
532474,143.78
532484,143.78
533001,91.14
533002,91.14
533003,91.14
533004,91.14
533005,91.14
533006,91.14
533016,91.14
533101,91.14
533102,91.14
533103,91.14
533104,91.14
533105,91.14
533106,91.14
533107,91.14
533124,91.14
533125,91.14
533126,91.14
533201,91.14
533210,91.14
533211,91.14
533212,91.14
533213,91.14
533214,91.14
533215,91.14
533216,91.14
533217,91.14
533218,91.14
533220,91.14
533221,91.14
533222,91.14
533223,91.14
533228,91.14
533229,91.14
533232,91.14
533233,91.14
533234,91.14
533235,91.14
533236,91.14
533237,91.14
533238,91.14
533239,91.14
533240,91.14
533241,91.14
533242,91.14
533244,91.14
533247,91.14
533248,91.14
533249,91.14
533250,91.14
533251,91.14
533252,91.14
533253,91.14
533254,91.14
533255,91.14
533256,91.14
533260,91.14
533261,91.14
533262,91.14
533263,91.14
533264,91.14
533274,91.14
533284,91.14
533285,91.14
533286,91.14
533287,91.14
533288,91.14
533289,91.14
533290,91.14
533291,91.14
533292,91.14
533293,91.14
533294,91.14
533295,91.14
533296,91.14
533297,91.14
533305,91.14
533306,91.14
533307,91.14
533308,91.14
533309,91.14
533340,91.14
533341,91.14
533342,91.14
533343,91.14
533344,91.14
533345,91.14
533346,91.14
533401,91.14
533406,91.14
533407,91.14
533408,91.14
533428,91.14
533429,91.14
533430,91.14
533431,91.14
533432,91.14
533433,91.14
533434,91.14
533435,91.14
533436,91.14
533437,91.14
533440,91.14
533444,91.14
533445,91.14
533446,91.14
533447,91.14
533448,91.14
533449,91.14
533450,91.14
533461,91.14
533462,91.14
533463,91.14
533464,91.14
533468,91.14
533483,91.14
533577,91.14
534001,114.78
534002,114.78
534003,114.78
534004,114.78
534005,114.78
534006,114.78
534007,114.78
534101,114.78
534102,114.78
534111,114.78
534112,114.78
534122,114.78
534123,114.78
534124,114.78
534126,114.78
534134,114.78
534145,114.78
534146,114.78
534156,114.78
534165,114.78
534166,114.78
534176,114.78
534186,114.78
534195,114.78
534196,114.78
534197,114.78
534198,114.78
534199,114.78
534201,114.78
534202,114.78
534204,114.78
534206,114.78
534207,114.78
534208,114.78
534209,114.78
534210,114.78
534211,114.78
534215,114.78
534216,114.78
534217,114.78
534218,114.78
534222,114.78
534225,114.78
534227,114.78
534230,114.78
534235,114.78
534236,114.78
534237,114.78
534238,114.78
534239,114.78
534240,114.78
534243,114.78
534244,114.78
534245,114.78
534247,114.78
534250,114.78
534260,114.78
534265,114.78
534266,114.78
534267,114.78
534268,114.78
534269,114.78
534275,114.78
534280,114.78
534281,114.78
534301,114.78
534302,114.78
534305,114.78
534311,114.78
534312,114.78
534313,114.78
534315,114.78
534316,114.78
534318,114.78
534320,114.78
534324,114.78
534326,114.78
534327,114.78
534328,114.78
534329,114.78
534330,114.78
534331,114.78
534338,114.78
534340,114.78
534341,114.78
534342,114.78
534350,114.78
534401,114.78
534406,114.78
534411,114.78
534416,114.78
534425,114.78
534426,114.78
534427,114.78
534432,114.78
534437,114.78
534442,114.78
534447,114.78
534448,114.78
534449,114.78
534450,114.78
534451,114.78
534452,114.78
534455,114.78
534456,114.78
534460,114.78
534461,114.78
534462,114.78
534467,114.78
534475,114.78
535001,122.18
535002,122.18
535003,122.18
535004,122.18
535005,122.18
535006,122.18
535101,122.18
535102,122.18
535124,122.18
535125,122.18
535126,122.18
535128,122.18
535145,80.28
535148,122.18
535160,122.18
535161,122.18
535183,122.18
535204,122.18
535213,122.18
535214,122.18
535215,122.18
535216,122.18
535217,122.18
535218,122.18
535220,122.18
535221,122.18
535240,122.18
535250,122.18
535260,122.18
535270,122.18
535273,122.18
535280,122.18
535281,122.18
535463,122.18
535501,122.18
535502,122.18
535521,122.18
535522,122.18
535523,122.18
535524,122.18
535525,122.18
535526,122.18
535527,122.18
535534,122.18
535546,122.18
535547,122.18
535557,122.18
535558,122.18
535559,122.18
535568,122.18
535573,122.18
535578,122.18
535579,122.18
535580,122.18
535581,122.18
535591,122.18
535592,122.18
535593,122.18
535594,122.18
560060,153.96
560082,153.96
560088,153.96
560089,153.96
560090,153.96
560107,153.96
561101,153.96
561203,153.96
561204,153.96
561205,153.96
561210,159.39
561211,159.39
561213,159.39
561228,159.39
562103,159.39
562104,159.39
562110,153.96
562111,153.96
562114,153.96
562122,153.96
562123,153.96
562127,153.96
562129,153.96
562131,153.96
562132,153.96
562135,153.96
562162,153.96
562163,153.96
562164,153.96
563101,159.39
563103,159.39
563113,159.39
563114,159.39
563115,159.39
563116,159.39
563117,159.39
563118,159.39
563119,159.39
563120,159.39
563121,159.39
563122,159.39
563123,159.39
563125,159.39
563126,159.39
563127,159.39
563128,159.39
563129,159.39
563130,159.39
563131,159.39
563132,159.39
563133,159.39
563134,159.39
563135,159.39
563136,159.39
563137,159.39
563138,159.39
563139,159.39
563146,159.39
563161,159.39
563162,159.39
570001,106.79
570002,106.79
570003,106.79
570004,106.79
570005,106.79
570006,106.79
570007,106.79
570008,106.79
570009,106.79
570010,106.79
570011,106.79
570012,106.79
570014,106.79
570015,106.79
570016,106.79
570017,106.79
570018,106.79
570019,106.79
570020,106.79
570022,106.79
570023,106.79
570025,106.79
570026,106.79
570027,106.79
570028,106.79
570029,106.79
570030,106.79
570031,106.79
571101,106.79
571102,106.79
571103,106.79
571104,106.79
571105,106.79
571106,106.79
571107,106.79
571108,106.79
571110,106.79
571114,106.79
571116,106.79
571118,106.79
571119,106.79
571120,106.79
571121,106.79
571122,106.79
571124,106.79
571125,106.79
571129,106.79
571130,106.79
571134,106.79
571187,106.79
571189,106.79
571201,115.0
571211,115.0
571212,115.0
571213,115.0
571214,115.0
571215,115.0
571216,115.0
571217,115.0
571218,115.0
571219,115.0
571231,115.0
571232,115.0
571234,115.0
571235,115.0
571236,115.0
571237,115.0
571247,115.0
571248,115.0
571249,115.0
571250,115.0
571251,115.0
571252,115.0
571253,115.0
571254,115.0
571301,106.79
571302,106.79
571311,106.79
571312,106.79
571314,106.79
571315,106.79
571401,128.55
571402,128.55
571403,128.55
571404,128.55
571405,128.55
571415,128.55
571416,128.55
571417,128.55
571418,128.55
571419,128.55
571421,128.55
571422,128.55
571423,128.55
571424,128.55
571425,128.55
571426,128.55
571427,128.55
571428,128.55
571429,128.55
571430,128.55
571431,128.55
571432,128.55
571433,128.55
571434,128.55
571435,128.55
571436,128.55
571438,128.55
571445,128.55
571446,128.55
571448,128.55
571450,128.55
571455,128.55
571463,128.55
571475,128.55
571476,128.55
571477,128.55
571478,128.55
571601,106.79
571602,106.79
571603,106.79
571604,106.79
571605,128.55
571606,128.55
571607,128.55
571610,106.79
571617,106.79
571802,128.55
571807,128.55
571811,128.55
571812,128.55
573101,169.91
573102,169.91
573103,169.91
573111,169.91
573112,169.91
573113,169.91
573115,169.91
573116,169.91
573117,169.91
573118,169.91
573119,169.91
573120,169.91
573121,169.91
573122,169.91
573123,169.91
573124,169.91
573125,169.91
573126,169.91
573127,169.91
573128,169.91
573129,169.91
573130,169.91
573131,169.91
573133,169.91
573134,169.91
573135,169.91
573136,169.91
573137,169.91
573141,169.91
573142,169.91
573144,169.91
573162,169.91
573164,169.91
573165,169.91
573201,169.91
573202,169.91
573210,169.91
573211,169.91
573212,169.91
573213,169.91
573214,169.91
573215,169.91
573216,169.91
573217,169.91
573218,169.91
573219,169.91
573220,169.91
573225,169.91
574101,94.32
574102,94.32
574103,94.32
574104,94.32
574105,94.32
574106,94.32
574107,94.32
574108,94.32
574109,92.29
574110,94.32
574111,94.32
574112,94.32
574113,94.32
574114,94.32
574115,94.32
574116,94.32
574117,94.32
574118,94.32
574119,94.32
574122,94.32
574129,94.32
574141,92.29
574142,92.29
574143,92.29
574144,92.29
574145,92.29
574146,92.29
574148,92.29
574150,92.29
574151,92.29
574153,92.29
574154,92.29
574197,92.29
574198,92.29
574199,92.29
574201,92.29
574202,92.29
574203,92.29
574210,92.29
574211,92.29
574212,92.29
574213,92.29
574214,92.29
574216,92.29
574217,92.29
574218,92.29
574219,92.29
574220,92.29
574221,92.29
574222,92.29
574223,92.29
574224,92.29
574225,92.29
574226,92.29
574227,92.29
574228,92.29
574229,92.29
574230,92.29
574231,92.29
574232,92.29
574233,92.29
574234,92.29
574235,92.29
574236,92.29
574237,92.29
574238,92.29
574239,92.29
574240,92.29
574241,92.29
574242,92.29
574243,92.29
574244,94.32
574248,92.29
574253,92.29
574259,92.29
574260,92.29
574265,92.29
574267,92.29
574274,92.29
574279,92.29
574285,92.29
574313,92.29
574314,92.29
574323,92.29
574324,92.29
574325,92.29
574326,92.29
574327,92.29
574328,92.29
574509,92.29
575001,92.29
575002,92.29
575003,92.29
575004,92.29
575005,92.29
575006,92.29
575007,92.29
575008,92.29
575010,92.29
575011,92.29
575013,92.29
575014,92.29
575015,92.29
575016,92.29
575017,92.29
575018,92.29
575019,92.29
575020,92.29
575022,92.29
575023,92.29
575025,92.29
575028,92.29
575029,92.29
575030,92.29
576101,94.32
576102,94.32
576103,94.32
576104,94.32
576105,94.32
576106,94.32
576107,94.32
576108,94.32
576111,94.32
576112,94.32
576113,94.32
576114,94.32
576115,94.32
576117,94.32
576120,94.32
576121,94.32
576122,94.32
576124,94.32
576201,94.32
576210,94.32
576211,94.32
576212,94.32
576213,94.32
576214,94.32
576215,94.32
576216,94.32
576217,94.32
576218,94.32
576219,94.32
576220,94.32
576221,94.32
576222,94.32
576223,94.32
576224,94.32
576225,94.32
576226,94.32
576227,94.32
576228,94.32
576229,94.32
576230,94.32
576231,94.32
576232,94.32
576233,94.32
576234,94.32
576235,94.32
576247,94.32
576257,94.32
576282,94.32
576283,94.32
577501,146.17
577502,146.17
577511,146.17
577515,146.17
577517,146.17
577518,146.17
577519,146.17
577520,146.17
577521,146.17
577522,146.17
577523,146.17
577524,146.17
577526,146.17
577527,146.17
577529,146.17
577531,146.17
577532,146.17
577533,146.17
577535,146.17
577536,146.17
577537,146.17
577538,146.17
577539,146.17
577540,146.17
577541,146.17
577542,146.17
577543,146.17
577544,128.39
577545,146.17
577546,146.17
577554,146.17
577555,146.17
577557,146.17
577558,146.17
577596,146.17
577597,146.17
577598,146.17
577599,146.17
580001,90.53
580002,90.53
580003,90.53
580004,90.53
580005,90.53
580006,90.53
580007,90.53
580008,90.53
580009,90.53
580011,90.53
580020,90.53
580021,90.53
580023,90.53
580024,90.53
580025,90.53
580026,90.53
580028,90.53
580029,90.53
580030,90.53
580031,90.53
580032,90.53
580112,90.53
580114,90.53
580118,90.53
581101,124.49
581102,124.49
581103,90.53
581104,124.49
581105,90.53
581106,124.49
581107,90.53
581108,124.49
581109,124.49
581110,124.49
581111,124.49
581112,124.49
581113,90.53
581115,124.49
581116,124.49
581117,90.53
581118,124.49
581119,124.49
581120,124.49
581121,91.55
581123,124.49
581126,124.49
581128,124.49
581129,91.55
581145,124.49
581148,124.49
581186,91.55
581187,91.55
581193,124.49
581195,90.53
581196,90.53
581198,124.49
581201,90.53
581202,124.49
581203,124.49
581204,90.53
581205,124.49
581206,90.53
581207,90.53
581208,124.49
581209,90.53
581210,124.49
581211,124.49
581212,124.49
581213,124.49
581301,91.55
581302,91.55
581303,91.55
581304,91.55
581306,91.55
581307,91.55
581308,91.55
581314,91.55
581315,91.55
581316,91.55
581317,91.55
581318,91.55
581319,91.55
581320,91.55
581321,91.55
581322,91.55
581323,91.55
581324,91.55
581325,91.55
581326,91.55
581327,91.55
581328,91.55
581329,91.55
581330,91.55
581331,91.55
581332,91.55
581333,91.55
581334,91.55
581335,91.55
581336,91.55
581337,91.55
581338,91.55
581339,91.55
581340,91.55
581341,91.55
581342,91.55
581343,91.55
581344,91.55
581345,91.55
581346,91.55
581347,91.55
581348,91.55
581349,91.55
581350,91.55
581351,91.55
581352,91.55
581353,91.55
581354,91.55
581355,91.55
581356,91.55
581357,91.55
581358,91.55
581359,91.55
581360,91.55
581361,91.55
581362,91.55
581363,91.55
581365,91.55
581384,91.55
581396,91.55
581400,91.55
581401,91.55
581402,91.55
581403,91.55
581411,91.55
581412,91.55
581421,91.55
581423,91.55
581440,91.55
581450,91.55
581453,91.55
582201,90.53
582208,90.53
583226,118.67
583227,118.67
583228,118.67
583229,118.67
583230,118.67
583231,118.67
583232,118.67
583234,118.67
583235,118.67
583236,118.67
583237,118.67
583238,118.67
583268,118.67
583277,118.67
583278,118.67
583279,118.67
583280,118.67
583281,118.67
583282,118.67
583283,118.67
584101,129.31
584102,129.31
584103,129.31
584104,129.31
584111,129.31
584113,129.31
584115,129.31
584116,129.31
584118,129.31
584120,129.31
584122,129.31
584123,129.31
584124,129.31
584125,129.31
584126,129.31
584127,129.31
584128,129.31
584129,129.31
584132,129.31
584133,129.31
584134,129.31
584135,129.31
584136,129.31
584138,129.31
584139,129.31
584140,129.31
584143,129.31
584167,129.31
584170,129.31
584202,129.31
584203,129.31
585226,160.94
585227,160.94
585326,160.94
585327,160.94
585328,160.94
585329,160.94
585330,160.94
585331,160.94
585353,160.94
585401,160.94
585402,160.94
585403,160.94
585411,160.94
585412,160.94
585413,160.94
585414,160.94
585416,160.94
585417,160.94
585418,160.94
585419,160.94
585421,160.94
585436,160.94
585437,160.94
585443,160.94
585444,160.94
587101,124.23
587102,124.23
587103,124.23
587104,124.23
587111,124.23
587112,124.23
587113,124.23
587114,124.23
587115,124.23
587116,124.23
587117,124.23
587118,124.23
587119,124.23
587120,124.23
587121,124.23
587122,124.23
587124,124.23
587125,124.23
587154,124.23
587155,124.23
587201,124.23
587202,124.23
587203,124.23
587204,124.23
587205,124.23
587206,124.23
587207,124.23
587301,124.23
587311,124.23
587312,124.23
587313,124.23
587314,124.23
587315,124.23
587316,124.23
587330,124.23
601103,53.06
604401,101.62
604402,101.62
604403,101.62
604404,101.62
604405,101.62
604406,101.62
604407,101.62
604408,101.62
604409,101.62
604410,101.62
604501,101.62
604502,101.62
604503,101.62
604504,101.62
604505,101.62
604601,101.62
605005,54.72
606001,84.28
606003,84.28
606103,84.28
606104,84.28
606105,84.28
606106,84.28
606108,84.28
606110,84.28
606111,84.28
606302,84.28
606303,84.28
606304,84.28
606601,101.62
606603,101.62
606604,101.62
606611,101.62
606701,101.62
606702,101.62
606703,101.62
606704,101.62
606705,101.62
606706,101.62
606707,101.62
606708,101.62
606709,101.62
606710,101.62
606751,101.62
606752,101.62
606753,101.62
606754,101.62
606755,101.62
606801,101.62
606802,101.62
606803,101.62
606804,101.62
606805,101.62
606806,101.62
606807,101.62
606808,101.62
606811,101.62
606901,101.62
606902,101.62
606903,101.62
606904,101.62
606905,101.62
606906,101.62
606907,101.62
606908,101.62
607001,84.28
607002,84.28
607003,84.28
607004,84.28
607005,84.28
607006,84.28
607101,84.28
607102,84.28
607103,84.28
607104,84.28
607105,84.28
607106,84.28
607108,84.28
607109,84.28
607112,84.28
607205,84.28
607301,84.28
607302,84.28
607303,84.28
607308,84.28
607401,84.28
607801,84.28
607802,84.28
607803,84.28
607804,84.28
607805,84.28
607807,84.28
608001,84.28
608002,84.28
608102,84.28
608201,84.28
608301,84.28
608302,84.28
608303,84.28
608304,84.28
608305,84.28
608306,84.28
608401,84.28
608501,84.28
608502,84.28
608601,84.28
608602,84.28
608701,84.28
608702,84.28
608703,84.28
608704,84.28
608801,84.28
608901,104.32
609001,42.69
609003,42.69
609101,42.69
609102,42.69
609103,42.69
609104,42.69
609105,42.69
609106,42.69
609107,42.69
609108,42.69
609109,42.69
609110,42.69
609111,42.69
609112,42.69
609113,42.69
609114,42.69
609115,42.69
609116,42.69
609117,42.69
609118,42.69
609201,42.69
609202,42.69
609203,42.69
609204,42.69
609205,42.69
609301,42.69
609302,42.69
609303,42.69
609304,42.69
609305,42.69
609306,42.69
609307,42.69
609308,42.69
609309,42.69
609310,42.69
609311,42.69
609312,42.69
609313,42.69
609314,42.69
609401,42.69
609402,42.69
609404,42.69
609604,85.9
609701,42.69
609702,42.69
609703,42.69
609704,42.69
609801,42.69
609802,84.82
609803,42.69
609804,84.82
609805,42.69
609806,42.69
609807,84.82
609808,42.69
609810,42.69
609811,42.69
610201,42.69
610204,42.69
610207,42.69
611001,42.69
611002,42.69
611003,42.69
611102,42.69
611103,42.69
611104,42.69
611105,42.69
611106,42.69
611108,42.69
611109,42.69
611110,42.69
611111,42.69
611112,42.69
612001,84.82
612002,84.82
612101,84.82
612102,84.82
612103,84.82
612104,84.82
612105,84.82
612106,84.82
612201,42.69
612202,84.82
612203,42.69
612204,84.82
612301,84.82
612302,84.82
612303,84.82
612401,84.82
612402,84.82
612501,84.82
612502,84.82
612503,84.82
612504,84.82
612602,84.82
612605,84.82
612702,84.82
612703,84.82
612901,104.32
612902,104.32
612903,104.32
612904,104.32
613001,84.82
613002,84.82
613003,84.82
613004,84.82
613005,84.82
613006,84.82
613007,84.82
613009,84.82
613010,84.82
613101,84.82
613102,84.82
613103,84.82
613104,84.82
613105,84.82
613201,84.82
613202,84.82
613203,84.82
613204,84.82
613205,84.82
613301,101.32
613303,84.82
613401,84.82
613402,84.82
613403,84.82
613501,84.82
613502,84.82
613503,84.82
613504,84.82
613601,84.82
613602,84.82
613702,42.69
614019,84.82
614101,99.44
614201,84.82
614202,84.82
614203,84.82
614204,84.82
614205,84.82
614206,84.82
614207,84.82
614208,84.82
614210,84.82
614211,84.82
614301,84.82
614302,84.82
614303,84.82
614401,84.82
614402,84.82
614601,84.82
614602,84.82
614612,84.82
614613,84.82
614614,84.82
614615,84.82
614616,101.32
614617,101.32
614618,101.32
614619,101.32
614620,101.32
614621,101.32
614622,101.32
614623,84.82
614624,101.32
614625,84.82
614626,84.82
614628,84.82
614629,101.32
614630,101.32
614701,84.82
614707,42.69
614711,42.69
614712,42.69
614714,42.69
614723,84.82
614801,101.32
614802,84.82
614803,84.82
614804,84.82
614805,101.32
614806,42.69
614807,42.69
614808,42.69
614809,42.69
614810,42.69
614901,84.82
614902,84.82
614903,84.82
614904,84.82
614905,84.82
614906,84.82
620001,76.39
620002,76.39
620003,76.39
620004,76.39
620005,76.39
620006,76.39
620007,76.39
620008,76.39
620009,76.39
620010,76.39
620011,76.39
620012,76.39
620013,76.39
620014,76.39
620015,76.39
620016,76.39
620017,76.39
620018,76.39
620019,76.39
620020,76.39
620021,76.39
620022,76.39
620023,76.39
620024,76.39
620025,76.39
620026,76.39
620101,76.39
620102,76.39
621001,76.39
621002,76.39
621003,76.39
621004,76.39
621005,76.39
621006,76.39
621007,76.39
621008,76.39
621009,76.39
621010,76.39
621011,76.39
621012,76.39
621014,76.39
621101,92.29
621102,92.29
621103,92.29
621104,92.29
621105,76.39
621106,92.29
621107,92.29
621108,92.29
621109,92.29
621110,92.29
621111,76.39
621112,76.39
621113,92.29
621114,92.29
621115,92.29
621116,92.29
621117,92.29
621118,92.29
621133,92.29
621202,76.39
621203,76.39
621204,76.39
621205,76.39
621206,76.39
621207,76.39
621208,76.39
621209,76.39
621210,76.39
621211,76.39
621212,92.29
621213,76.39
621214,76.39
621215,76.39
621216,76.39
621217,76.39
621218,76.39
621219,92.29
621220,92.29
621301,96.14
621302,76.39
621305,76.39
621306,76.39
621307,76.39
621308,76.39
621310,76.39
621311,96.14
621312,76.39
621313,96.14
621314,76.39
621315,76.39
621316,101.32
621601,76.39
621651,76.39
621652,76.39
621653,76.39
621701,104.32
621702,76.39
621703,76.39
621704,104.32
621705,104.32
621706,76.39
621707,104.32
621708,92.29
621709,104.32
621710,104.32
621711,76.39
621712,76.39
621713,104.32
621714,104.32
621715,104.32
621716,92.29
621717,92.29
621718,104.32
621719,104.32
621722,76.39
621729,104.32
621730,104.32
621801,104.32
621802,104.32
621803,104.32
621804,104.32
621805,104.32
621806,104.32
621851,104.32
622001,101.32
622002,101.32
622003,101.32
622004,101.32
622005,101.32
622101,101.32
622102,101.32
622103,101.32
622104,101.32
622201,101.32
622202,101.32
622203,101.32
622204,101.32
622209,101.32
622301,101.32
622302,101.32
622303,101.32
622304,101.32
622401,101.32
622402,101.32
622403,101.32
622404,101.32
622407,101.32
622409,101.32
622411,101.32
622412,101.32
622422,101.32
622501,101.32
622502,101.32
622503,101.32
622504,101.32
622505,101.32
622506,101.32
622507,101.32
622515,101.32
623115,112.29
623120,112.29
623135,112.29
623308,112.29
623315,112.29
623401,112.29
623402,112.29
623403,112.29
623404,112.29
623406,112.29
623407,112.29
623409,112.29
623501,112.29
623502,112.29
623503,112.29
623504,112.29
623512,112.29
623513,112.29
623514,112.29
623515,112.29
623516,112.29
623517,112.29
623518,112.29
623519,112.29
623520,112.29
623521,112.29
623522,112.29
623523,112.29
623524,112.29
623525,112.29
623526,112.29
623527,112.29
623528,112.29
623529,112.29
623530,112.29
623531,112.29
623532,112.29
623533,112.29
623534,112.29
623536,112.29
623537,112.29
623538,112.29
623566,112.29
623601,112.29
623603,112.29
623604,112.29
623605,112.29
623608,112.29
623701,112.29
623703,112.29
623704,112.29
623705,112.29
623706,112.29
623707,112.29
623708,112.29
623711,112.29
623712,112.29
623806,112.29
624001,90.45
624002,90.45
624003,90.45
624004,90.45
624005,90.45
624101,90.45
624103,90.45
624201,90.45
624202,90.45
624204,90.45
624206,90.45
624208,90.45
624210,90.45
624211,90.45
624212,90.45
624215,90.45
624216,90.45
624219,90.45
624220,90.45
624301,90.45
624302,90.45
624303,90.45
624304,90.45
624306,90.45
624307,90.45
624308,90.45
624401,90.45
624402,90.45
624403,90.45
624601,90.45
624610,90.45
624612,90.45
624613,90.45
624614,90.45
624615,90.45
624616,90.45
624617,90.45
624618,90.45
624619,90.45
624620,90.45
624621,90.45
624622,90.45
624701,90.45
624702,90.45
624703,90.45
624704,90.45
624705,90.45
624706,90.45
624707,90.45
624708,90.45
624709,90.45
624710,90.45
624711,90.45
624712,90.45
624801,90.45
624802,90.45
625001,66.62
625002,66.62
625003,66.62
625004,66.62
625005,66.62
625006,66.62
625007,66.62
625008,66.62
625009,66.62
625011,66.62
625012,66.62
625014,66.62
625016,66.62
625017,66.62
625018,66.62
625019,66.62
625020,66.62
625021,66.62
625022,66.62
625023,66.62
625101,66.62
625102,66.62
625103,66.62
625104,66.62
625105,66.62
625106,66.62
625107,66.62
625108,66.62
625109,66.62
625110,66.62
625122,66.62
625201,66.62
625203,75.26
625205,66.62
625207,66.62
625214,66.62
625218,66.62
625221,66.62
625234,66.62
625301,66.62
625402,66.62
625501,66.62
625503,66.62
625512,75.26
625513,75.26
625514,66.62
625515,75.26
625516,75.26
625517,75.26
625518,75.26
625520,75.26
625521,75.26
625522,75.26
625523,75.26
625524,75.26
625525,75.26
625526,75.26
625527,66.62
625528,75.26
625529,66.62
625530,75.26
625531,75.26
625532,66.62
625533,75.26
625534,75.26
625535,66.62
625536,75.26
625537,66.62
625540,75.26
625556,75.26
625562,75.26
625579,75.26
625582,75.26
625601,75.26
625602,75.26
625603,75.26
625604,75.26
625605,75.26
625701,66.62
625702,66.62
625703,66.62
625704,66.62
625705,66.62
625706,66.62
625707,66.62
625708,66.62
626001,87.58
626002,87.58
626003,87.58
626004,87.58
626005,87.58
626101,87.58
626102,87.58
626103,87.58
626104,87.58
626105,87.58
626106,87.58
626107,87.58
626108,87.58
626109,87.58
626110,87.58
626111,87.58
626112,87.58
626113,87.58
626114,87.58
626115,87.58
626116,87.58
626117,87.58
626118,87.58
626119,87.58
626121,87.58
626122,87.58
626123,87.58
626124,87.58
626125,87.58
626126,87.58
626127,87.58
626128,87.58
626129,87.58
626130,87.58
626131,87.58
626132,87.58
626133,87.58
626134,87.58
626135,87.58
626136,87.58
626137,87.58
626138,87.58
626139,87.58
626140,87.58
626141,87.58
626142,87.58
626149,87.58
626188,87.58
626189,87.58
626201,87.58
626202,87.58
626203,87.58
626204,87.58
626205,87.58
626607,87.58
626612,87.58
627001,90.08
627002,90.08
627003,90.08
627004,90.08
627005,90.08
627006,90.08
627007,90.08
627008,90.08
627009,90.08
627010,90.08
627011,90.08
627012,90.08
627101,90.08
627102,90.08
627103,90.08
627104,90.08
627105,90.08
627106,90.08
627107,90.08
627108,90.08
627109,90.08
627110,90.08
627111,90.08
627112,90.08
627113,90.08
627114,90.08
627115,90.08
627116,90.08
627117,90.08
627118,90.08
627119,90.08
627120,90.08
627127,90.08
627133,90.08
627151,90.08
627152,90.08
627201,90.08
627202,90.08
627351,90.08
627352,90.08
627353,90.08
627354,90.08
627355,90.08
627356,90.08
627357,90.08
627358,90.08
627359,90.08
627401,90.08
627412,90.08
627413,90.08
627414,90.08
627415,90.08
627416,90.08
627417,90.08
627418,90.08
627420,90.08
627421,90.08
627422,90.08
627423,90.08
627424,90.08
627425,90.08
627426,90.08
627427,90.08
627428,90.08
627451,90.08
627452,90.08
627453,90.08
627501,90.08
627502,90.08
627601,90.08
627602,90.08
627603,90.08
627604,90.08
627651,90.08
627652,90.08
627654,90.08
627657,90.08
627713,90.08
627719,90.08
627751,90.08
627753,90.08
627754,90.08
627755,90.08
627756,90.08
627757,90.08
627758,90.08
627759,90.08
627760,90.08
627761,90.08
627764,90.08
627802,90.08
627803,90.08
627804,90.08
627805,90.08
627806,90.08
627807,90.08
627808,90.08
627809,90.08
627811,90.08
627812,90.08
627813,90.08
627814,90.08
627818,90.08
627851,90.08
627852,90.08
627853,90.08
627854,90.08
627855,90.08
627856,90.08
627857,90.08
627858,90.08
627859,90.08
627860,90.08
627861,90.08
627862,90.08
627951,90.08
627953,90.08
631001,79.29
631002,79.29
631003,79.29
631004,79.29
631005,79.29
631006,79.29
631051,79.29
631052,79.29
631101,79.29
631102,79.29
631151,79.29
631152,79.29
631501,75.87
631701,101.62
631702,101.62
632001,79.29
632002,79.29
632004,79.29
632006,79.29
632007,79.29
632008,79.29
632009,79.29
632010,79.29
632011,79.29
632012,79.29
632013,79.29
632014,79.29
632055,79.29
632057,79.29
632058,79.29
632059,79.29
632101,79.29
632102,79.29
632103,79.29
632104,79.29
632105,79.29
632106,79.29
632107,79.29
632113,79.29
632114,79.29
632115,79.29
632201,79.29
632202,79.29
632203,79.29
632204,79.29
632209,79.29
632301,101.62
632311,101.62
632312,79.29
632313,101.62
632314,101.62
632315,101.62
632316,101.62
632317,101.62
632318,79.29
632319,79.29
632326,101.62
632401,79.29
632403,79.29
632404,79.29
632405,79.29
632406,79.29
632501,79.29
632502,79.29
632503,79.29
632504,79.29
632505,79.29
632506,79.29
632507,79.29
632508,79.29
632509,79.29
632510,79.29
632511,101.62
632512,79.29
632513,79.29
632514,79.29
632515,79.29
632516,79.29
632517,79.29
632518,79.29
632519,79.29
632520,79.29
632521,79.29
632531,79.29
632601,79.29
632602,79.29
632603,79.29
632604,79.29
635001,107.39
635002,107.39
635101,107.39
635102,107.39
635103,107.39
635104,107.39
635105,107.39
635106,107.39
635107,107.39
635108,107.39
635109,107.39
635110,107.39
635111,107.39
635112,107.39
635113,107.39
635114,107.39
635115,107.39
635116,107.39
635117,107.39
635118,107.39
635119,107.39
635120,107.39
635121,107.39
635122,107.39
635123,107.39
635124,107.39
635126,107.39
635201,105.93
635202,105.93
635203,107.39
635204,107.39
635205,105.93
635206,107.39
635207,107.39
635301,105.93
635302,105.93
635303,105.93
635304,107.39
635305,105.93
635306,107.39
635307,107.39
635601,79.29
635602,79.29
635651,79.29
635652,79.29
635653,79.29
635654,79.29
635655,79.29
635701,79.29
635702,79.29
635703,101.62
635710,79.29
635751,79.29
635752,79.29
635754,79.29
635801,79.29
635802,79.29
635803,79.29
635804,79.29
635805,79.29
635806,79.29
635807,79.29
635808,79.29
635809,79.29
635810,79.29
635811,79.29
635812,79.29
635813,79.29
635814,79.29
635815,79.29
635851,79.29
635852,79.29
635853,79.29
635854,79.29
635901,79.29
636001,67.9
636002,67.9
636003,67.9
636004,67.9
636005,67.9
636006,67.9
636007,67.9
636008,67.9
636009,67.9
636010,67.9
636011,67.9
636012,67.9
636013,67.9
636014,67.9
636015,67.9
636016,67.9
636030,67.9
636101,67.9
636102,67.9
636103,67.9
636104,67.9
636105,67.9
636106,67.9
636107,67.9
636108,67.9
636109,67.9
636110,67.9
636111,67.9
636112,67.9
636113,67.9
636114,67.9
636115,67.9
636116,67.9
636117,67.9
636118,77.8
636119,67.9
636121,67.9
636122,67.9
636138,67.9
636139,67.9
636140,67.9
636141,67.9
636142,77.8
636201,67.9
636202,77.8
636203,67.9
636204,67.9
636301,77.8
636302,67.9
636303,67.9
636304,67.9
636305,67.9
636306,67.9
636307,67.9
636308,67.9
636309,67.9
636351,67.9
636352,105.93
636354,67.9
636401,67.9
636402,67.9
636403,67.9
636404,67.9
636406,67.9
636451,67.9
636452,67.9
636453,67.9
636454,67.9
636455,67.9
636456,67.9
636457,67.9
636458,67.9
636501,67.9
636502,67.9
636503,67.9
636601,67.9
636602,67.9
636701,105.93
636704,105.93
636705,105.93
636803,105.93
636804,105.93
636805,105.93
636806,105.93
636807,105.93
636808,105.93
636809,105.93
636810,105.93
636811,105.93
636813,105.93
636902,105.93
636903,105.93
636904,105.93
636905,105.93
636906,105.93
637001,77.8
637002,77.8
637003,77.8
637013,77.8
637014,77.8
637015,77.8
637017,77.8
637018,77.8
637019,77.8
637020,77.8
637021,77.8
637101,77.8
637102,77.8
637103,67.9
637104,77.8
637105,77.8
637107,77.8
637201,77.8
637202,77.8
637203,77.8
637204,77.8
637205,77.8
637206,77.8
637207,77.8
637208,77.8
637209,77.8
637210,77.8
637211,77.8
637212,77.8
637213,77.8
637214,77.8
637215,77.8
637301,67.9
637302,77.8
637303,77.8
637304,77.8
637401,77.8
637402,77.8
637403,77.8
637404,77.8
637405,77.8
637406,77.8
637407,77.8
637408,77.8
637409,77.8
637410,77.8
637411,77.8
637412,77.8
637501,67.9
637502,67.9
637503,77.8
637504,67.9
637505,77.8
638001,75.63
638002,75.63
638003,75.63
638004,75.63
638005,75.63
638006,77.8
638007,77.8
638008,77.8
638009,75.63
638011,75.63
638012,75.63
638051,75.63
638052,75.63
638053,75.63
638054,75.63
638055,75.63
638056,75.63
638057,75.63
638101,75.63
638102,75.63
638103,75.63
638104,75.63
638105,75.63
638106,75.63
638107,75.63
638108,75.63
638109,75.63
638110,75.63
638111,75.63
638112,75.63
638115,75.63
638116,75.63
638151,75.63
638152,75.63
638153,75.63
638154,75.63
638181,77.8
638182,77.8
638183,77.8
638301,75.63
638311,75.63
638312,75.63
638313,75.63
638314,75.63
638315,75.63
638316,75.63
638401,75.63
638402,75.63
638451,75.63
638452,75.63
638453,75.63
638454,75.63
638455,75.63
638456,75.63
638457,75.63
638458,75.63
638459,75.63
638460,75.63
638461,75.63
638462,75.63
638476,75.63
638501,75.63
638502,75.63
638503,75.63
638504,75.63
638505,75.63
638506,75.63
638656,75.63
638657,75.63
638660,75.63
638661,75.63
638672,75.63
638673,75.63
638701,75.63
638702,75.63
638703,75.63
638706,75.63
638751,75.63
638752,75.63
638812,75.63
639001,96.14
639002,96.14
639003,96.14
639004,96.14
639005,96.14
639006,96.14
639007,96.14
639008,96.14
639101,76.39
639102,96.14
639103,76.39
639104,96.14
639105,96.14
639107,96.14
639108,96.14
639109,96.14
639110,96.14
639111,96.14
639112,76.39
639113,96.14
639114,96.14
639115,76.39
639116,96.14
639117,96.14
639118,96.14
639119,96.14
639120,96.14
639136,96.14
639201,96.14
639202,96.14
639203,96.14
639205,96.14
639206,96.14
639207,96.14
641001,58.14
641002,58.14
641003,58.14
641004,58.14
641005,58.14
641006,58.14
641007,58.14
641008,58.14
641009,58.14
641010,58.14
641011,58.14
641012,58.14
641013,58.14
641014,58.14
641015,58.14
641016,58.14
641017,58.14
641018,58.14
641019,58.14
641020,58.14
641021,58.14
641022,58.14
641023,58.14
641024,58.14
641025,58.14
641026,58.14
641027,58.14
641028,58.14
641029,58.14
641030,58.14
641031,58.14
641032,58.14
641033,58.14
641034,58.14
641035,58.14
641036,58.14
641037,58.14
641038,58.14
641039,58.14
641041,58.14
641042,58.14
641043,58.14
641044,58.14
641045,58.14
641046,58.14
641047,58.14
641048,58.14
641049,58.14
641050,58.14
641062,58.14
641101,58.14
641103,58.14
641104,58.14
641105,58.14
641107,58.14
641108,58.14
641109,58.14
641110,58.14
641111,58.14
641112,58.14
641113,58.14
641114,58.14
641201,58.14
641202,58.14
641301,58.14
641302,58.14
641305,58.14
641401,58.14
641402,58.14
641407,58.14
641601,58.14
641602,58.14
641603,58.14
641604,58.14
641605,75.63
641606,58.14
641607,58.14
641652,58.14
641653,58.14
641654,58.14
641655,58.14
641658,58.14
641659,58.14
641662,58.14
641663,58.14
641664,58.14
641665,58.14
641666,58.14
641667,58.14
641668,58.14
641669,58.14
641670,58.14
641671,58.14
641687,58.14
641697,58.14
642001,58.14
642002,58.14
642003,58.14
642004,58.14
642005,58.14
642006,58.14
642007,58.14
642101,58.14
642102,58.14
642103,58.14
642104,58.14
642105,58.14
642106,58.14
642107,58.14
642108,58.14
642109,58.14
642110,58.14
642111,58.14
642112,58.14
642113,58.14
642114,58.14
642117,58.14
642120,58.14
642122,58.14
642123,58.14
642125,58.14
642126,58.14
642127,58.14
642128,58.14
642129,58.14
642130,58.14
642132,58.14
642133,58.14
642134,58.14
642154,58.14
642201,58.14
642202,58.14
642203,58.14
642204,58.14
642205,58.14
642206,58.14
642207,58.14
643001,91.69
643002,91.69
643003,91.69
643004,91.69
643005,91.69
643006,91.69
643007,91.69
643101,91.69
643102,91.69
643103,91.69
643105,91.69
643201,91.69
643202,91.69
643203,91.69
643204,91.69
643205,91.69
643206,91.69
643207,91.69
643209,91.69
643211,91.69
643212,91.69
643213,91.69
643214,91.69
643215,91.69
643216,91.69
643217,91.69
643218,91.69
643219,91.69
643220,91.69
643221,91.69
643223,91.69
643224,91.69
643225,91.69
643226,91.69
643231,91.69
643233,91.69
643236,91.69
643237,91.69
643238,91.69
643239,91.69
643240,91.69
643241,91.69
643242,91.69
643243,91.69
643253,91.69
670001,61.09
670002,61.09
670003,61.09
670004,61.09
670005,61.09
670006,61.09
670007,61.09
670008,61.09
670009,61.09
670010,61.09
670011,61.09
670012,61.09
670013,61.09
670014,61.09
670017,61.09
670018,61.09
670101,61.09
670102,61.09
670103,61.09
670104,61.09
670105,61.09
670106,61.09
670107,61.09
670141,61.09
670142,61.09
670143,61.09
670301,61.09
670302,61.09
670303,61.09
670304,61.09
670305,61.09
670306,61.09
670307,61.09
670308,61.09
670309,61.09
670310,61.09
670325,61.09
670327,61.09
670331,61.09
670334,61.09
670353,61.09
670358,61.09
670501,61.09
670502,61.09
670503,61.09
670504,61.09
670511,61.09
670521,61.09
670561,61.09
670562,61.09
670563,61.09
670567,61.09
670571,61.09
670581,61.09
670582,61.09
670591,61.09
670592,61.09
670593,61.09
670594,61.09
670595,61.09
670601,61.09
670602,61.09
670604,61.09
670611,61.09
670612,61.09
670613,61.09
670621,61.09
670622,61.09
670631,61.09
670632,61.09
670633,61.09
670641,61.09
670642,61.09
670643,61.09
670644,45.31
670645,45.31
670646,45.31
670649,61.09
670650,61.09
670651,61.09
670661,61.09
670662,61.09
670663,61.09
670671,61.09
670672,61.09
670673,61.09
670674,61.09
670675,61.09
670676,61.09
670691,61.09
670692,61.09
670693,61.09
670694,61.09
670701,61.09
670702,61.09
670703,61.09
670704,61.09
670705,61.09
670706,61.09
670721,45.31
670731,45.31
670741,61.09
673001,49.2
673002,49.2
673003,49.2
673004,49.2
673005,49.2
673006,49.2
673007,49.2
673008,49.2
673009,49.2
673010,49.2
673011,49.2
673012,49.2
673014,49.2
673015,49.2
673016,49.2
673017,49.2
673018,49.2
673019,49.2
673020,49.2
673021,49.2
673027,49.2
673028,49.2
673029,49.2
673032,49.2
673101,49.2
673102,49.2
673103,49.2
673104,49.2
673105,49.2
673106,49.2
673121,45.31
673122,45.31
673123,45.31
673301,49.2
673302,49.2
673303,49.2
673304,49.2
673305,49.2
673306,49.2
673307,49.2
673308,49.2
673309,49.2
673311,61.09
673312,61.09
673313,61.09
673314,44.42
673315,49.2
673316,61.09
673317,49.2
673328,49.2
673501,49.2
673502,49.2
673503,49.2
673504,49.2
673505,49.2
673506,49.2
673507,49.2
673508,49.2
673509,49.2
673513,49.2
673517,49.2
673521,49.2
673522,49.2
673523,49.2
673524,49.2
673525,49.2
673526,49.2
673527,49.2
673528,49.2
673529,49.2
673541,49.2
673542,49.2
673571,49.2
673572,49.2
673573,49.2
673574,49.2
673575,45.31
673576,45.31
673577,45.31
673579,45.31
673580,49.2
673581,45.31
673582,49.2
673585,49.2
673586,49.2
673591,45.31
673592,45.31
673593,45.31
673595,45.31
673596,45.31
673601,49.2
673602,49.2
673603,49.2
673604,49.2
673611,49.2
673612,49.2
673613,49.2
673614,49.2
673616,49.2
673620,49.2
673631,49.2
673632,44.42
673633,44.42
673634,44.42
673635,44.42
673636,44.42
673637,44.42
673638,44.42
673639,44.42
673640,44.42
673641,44.42
673642,44.42
673645,44.42
673647,44.42
673655,49.2
673661,49.2
676101,44.42
676102,44.42
676103,44.42
676105,44.42
676106,44.42
676107,44.42
676108,44.42
676109,44.42
676121,44.42
676122,44.42
676123,44.42
676301,44.42
676302,44.42
676303,44.42
676304,44.42
676305,44.42
676306,44.42
676307,44.42
676309,44.42
676311,44.42
676312,44.42
676317,44.42
676319,44.42
676320,44.42
676501,44.42
676502,44.42
676503,44.42
676504,44.42
676505,44.42
676506,44.42
676507,44.42
676508,44.42
676509,44.42
676510,44.42
676517,44.42
676519,44.42
676521,44.42
676522,44.42
676523,44.42
676525,44.42
676528,44.42
676541,44.42
676542,44.42
676551,44.42
676552,44.42
676553,44.42
676561,44.42
676562,44.42
678001,42.9
678002,42.9
678003,42.9
678004,42.9
678005,42.9
678006,42.9
678007,42.9
678008,42.9
678009,42.9
678010,42.9
678011,42.9
678012,42.9
678013,42.9
678014,42.9
678101,42.9
678102,42.9
678103,42.9
678104,42.9
678501,42.9
678502,42.9
678503,42.9
678504,42.9
678505,42.9
678506,42.9
678507,42.9
678508,42.9
678510,42.9
678512,42.9
678531,42.9
678532,42.9
678533,42.9
678534,42.9
678541,42.9
678542,42.9
678543,42.9
678544,42.9
678545,42.9
678546,42.9
678551,42.9
678552,42.9
678553,42.9
678554,42.9
678555,42.9
678556,42.9
678557,42.9
678571,42.9
678572,42.9
678573,42.9
678574,42.9
678581,42.9
678582,42.9
678583,42.9
678591,42.9
678592,42.9
678593,42.9
678594,42.9
678595,42.9
678596,42.9
678597,42.9
678598,42.9
678601,42.9
678611,42.9
678612,42.9
678613,42.9
678621,42.9
678622,42.9
678623,42.9
678624,42.9
678631,42.9
678632,42.9
678633,42.9
678641,42.9
678642,42.9
678651,42.9
678661,42.9
678671,42.9
678681,42.9
678682,42.9
678683,42.9
678684,42.9
678685,42.9
678686,42.9
678687,42.9
678688,42.9
678701,42.9
678702,42.9
678703,42.9
678704,42.9
678705,42.9
678706,42.9
678721,42.9
678722,42.9
678731,42.9
678732,42.9
678762,42.9
679101,42.9
679102,42.9
679103,42.9
679104,42.9
679105,39.87
679106,39.87
679121,42.9
679122,42.9
679123,42.9
679301,42.9
679302,42.9
679303,42.9
679304,42.9
679305,42.9
679306,42.9
679307,42.9
679308,42.9
679309,42.9
679313,42.9
679321,44.42
679322,44.42
679323,44.42
679324,44.42
679325,44.42
679326,44.42
679327,44.42
679328,44.42
679329,44.42
679330,44.42
679331,44.42
679332,44.42
679333,44.42
679334,44.42
679335,42.9
679336,42.9
679337,42.9
679338,44.42
679339,44.42
679340,44.42
679341,44.42
679357,44.42
679501,42.9
679502,42.9
679503,42.9
679504,42.9
679505,42.9
679506,42.9
679511,42.9
679512,42.9
679513,42.9
679514,42.9
679515,42.9
679516,42.9
679521,42.9
679522,42.9
679523,42.9
679531,39.87
679532,39.87
679533,42.9
679534,42.9
679535,42.9
679536,42.9
679551,42.9
679552,42.9
679553,42.9
679554,42.9
679561,39.87
679562,39.87
679563,39.87
679564,39.87
679571,44.42
679572,44.42
679573,44.42
679574,44.42
679575,44.42
679576,44.42
679577,44.42
679578,44.42
679579,44.42
679580,44.42
679581,44.42
679582,44.42
679583,44.42
679584,44.42
679585,44.42
679586,44.42
679587,44.42
679591,44.42
680001,39.87
680002,39.87
680003,39.87
680004,39.87
680005,39.87
680006,39.87
680007,39.87
680008,39.87
680009,39.87
680010,39.87
680011,39.87
680012,39.87
680013,39.87
680014,39.87
680020,39.87
680021,39.87
680022,39.87
680026,39.87
680027,39.87
680028,39.87
680101,39.87
680102,39.87
680103,39.87
680104,39.87
680121,39.87
680122,39.87
680123,39.87
680125,39.87
680301,39.87
680302,39.87
680303,39.87
680304,39.87
680305,39.87
680306,39.87
680307,39.87
680308,39.87
680309,39.87
680310,39.87
680311,39.87
680312,39.87
680317,39.87
680501,39.87
680502,39.87
680503,39.87
680504,39.87
680505,39.87
680506,39.87
680507,39.87
680508,39.87
680509,39.87
680510,39.87
680511,39.87
680512,39.87
680513,39.87
680514,39.87
680515,39.87
680516,39.87
680517,39.87
680518,39.87
680519,39.87
680520,39.87
680521,39.87
680522,39.87
680523,39.87
680524,39.87
680541,39.87
680542,39.87
680543,39.87
680544,39.87
680545,39.87
680546,39.87
680551,39.87
680552,39.87
680553,39.87
680555,39.87
680561,39.87
680562,39.87
680563,39.87
680564,39.87
680565,39.87
680566,39.87
680567,39.87
680568,39.87
680569,39.87
680570,39.87
680571,39.87
680581,39.87
680582,39.87
680583,39.87
680584,39.87
680585,39.87
680586,39.87
680587,39.87
680588,39.87
680589,39.87
680590,39.87
680591,39.87
680594,39.87
680596,39.87
680601,39.87
680602,39.87
680604,39.87
680611,39.87
680612,39.87
680613,39.87
680614,39.87
680615,39.87
680616,39.87
680617,39.87
680618,39.87
680619,39.87
680620,39.87
680623,39.87
680631,39.87
680641,39.87
680642,39.87
680651,39.87
680652,39.87
680653,39.87
680654,39.87
680655,39.87
680656,39.87
680661,39.87
680662,39.87
680663,39.87
680664,39.87
680665,39.87
680666,39.87
680667,39.87
680668,39.87
680669,39.87
680670,39.87
680671,39.87
680681,39.87
680682,39.87
680683,39.87
680684,39.87
680685,39.87
680686,39.87
680687,39.87
680688,39.87
680689,39.87
680691,39.87
680697,39.87
680699,39.87
680701,39.87
680702,39.87
680703,39.87
680711,39.87
680712,39.87
680721,39.87
680722,39.87
680724,39.87
680731,39.87
680732,39.87
680733,39.87
680734,39.87
680741,39.87
680751,39.87
682001,40.28
682002,40.28
682003,40.28
682004,40.28
682005,40.28
682006,40.28
682007,40.28
682008,40.28
682009,40.28
682010,40.28
682011,40.28
682012,40.28
682013,40.28
682015,40.28
682016,40.28
682017,40.28
682018,40.28
682019,40.28
682020,40.28
682021,40.28
682022,40.28
682023,40.28
682024,40.28
682025,40.28
682026,40.28
682027,40.28
682028,40.28
682029,40.28
682030,40.28
682031,40.28
682032,40.28
682033,40.28
682034,40.28
682035,40.28
682036,40.28
682037,40.28
682038,40.28
682039,40.28
682040,40.28
682041,40.28
682042,40.28
682301,40.28
682302,40.28
682303,40.28
682304,40.28
682305,40.28
682306,40.28
682307,40.28
682308,40.28
682309,40.28
682310,40.28
682311,40.28
682312,40.28
682313,40.28
682314,40.28
682315,40.28
682316,40.28
682501,40.28
682502,40.28
682503,40.28
682504,40.28
682505,40.28
682506,40.28
682507,40.28
682508,40.28
682509,40.28
682511,40.28
682551,55.84
682552,55.84
682553,55.84
682555,55.84
682556,55.84
682557,55.84
682559,55.84
683101,40.28
683102,40.28
683104,40.28
683105,40.28
683106,40.28
683108,40.28
683110,40.28
683111,40.28
683112,40.28
683501,40.28
683502,40.28
683503,40.28
683511,40.28
683512,40.28
683513,40.28
683514,40.28
683515,40.28
683516,40.28
683517,40.28
683518,40.28
683519,40.28
683520,40.28
683521,40.28
683522,40.28
683541,40.28
683542,40.28
683543,40.28
683544,40.28
683545,40.28
683546,40.28
683547,40.28
683549,40.28
683550,40.28
683556,40.28
683561,40.28
683562,40.28
683563,40.28
683565,40.28
683571,40.28
683572,40.28
683573,40.28
683574,40.28
683575,40.28
683576,40.28
683577,40.28
683578,40.28
683579,40.28
683580,40.28
683581,40.28
683585,40.28
683587,40.28
683589,40.28
683594,40.28
685501,52.82
685503,52.82
685505,52.82
685507,52.82
685508,52.82
685509,52.82
685511,52.82
685512,52.82
685514,52.82
685515,52.82
685531,52.82
685532,52.82
685533,52.82
685535,52.82
685551,52.82
685552,52.82
685553,52.82
685554,52.82
685561,52.82
685562,52.82
685563,52.82
685565,52.82
685566,52.82
685571,52.82
685581,52.82
685582,52.82
685583,52.82
685584,52.82
685585,52.82
685586,52.82
685587,52.82
685588,52.82
685589,52.82
685590,52.82
685591,52.82
685595,52.82
685601,52.82
685602,52.82
685603,52.82
685604,52.82
685605,52.82
685606,52.82
685607,52.82
685608,52.82
685609,52.82
685612,52.82
685613,52.82
685614,52.82
685615,52.82
685616,52.82
685618,52.82
685619,52.82
685620,52.82
686001,56.23
686002,56.23
686003,56.23
686004,56.23
686005,56.23
686006,56.23
686007,56.23
686008,56.23
686009,56.23
686010,56.23
686011,56.23
686012,56.23
686013,56.23
686014,56.23
686015,56.23
686016,56.23
686017,56.23
686018,56.23
686019,56.23
686020,56.23
686021,56.23
686022,56.23
686041,56.23
686101,56.23
686102,56.23
686103,56.23
686104,56.23
686105,56.23
686106,56.23
686121,56.23
686122,56.23
686123,56.23
686141,56.23
686143,56.23
686144,56.23
686146,56.23
686501,56.23
686502,56.23
686503,56.23
686504,56.23
686505,56.23
686506,56.23
686507,56.23
686508,56.23
686509,56.23
686510,56.23
686511,72.77
686512,56.23
686513,56.23
686514,56.23
686515,56.23
686516,56.23
686517,56.23
686518,56.23
686519,56.23
686520,56.23
686521,56.23
686522,56.23
686531,56.23
686532,56.23
686533,56.23
686534,44.82
686535,56.23
686536,56.23
686537,56.23
686538,56.23
686539,56.23
686540,56.23
686541,56.23
686542,56.23
686543,56.23
686544,56.23
686545,56.23
686546,56.23
686547,72.77
686548,56.23
686555,56.23
686561,56.23
686562,56.23
686563,56.23
686564,56.23
686571,56.23
686572,56.23
686573,56.23
686574,56.23
686575,56.23
686576,56.23
686577,56.23
686578,56.23
686579,56.23
686580,56.23
686581,56.23
686582,56.23
686583,56.23
686584,56.23
686585,56.23
686586,56.23
686587,56.23
686601,56.23
686602,56.23
686603,56.23
686604,56.23
686605,56.23
686606,56.23
686607,56.23
686608,56.23
686609,56.23
686610,56.23
686611,56.23
686612,56.23
686613,56.23
686616,56.23
686630,56.23
686631,56.23
686632,56.23
686633,56.23
686634,56.23
686635,56.23
686636,56.23
686637,56.23
686651,56.23
686652,56.23
686653,56.23
686661,40.28
686662,40.28
686663,40.28
686664,40.28
686665,40.28
686667,40.28
686668,40.28
686669,40.28
686670,40.28
686671,40.28
686672,40.28
686673,40.28
686681,40.28
686691,40.28
686692,40.28
686693,40.28
688001,44.82
688002,44.82
688003,44.82
688004,44.82
688005,44.82
688006,44.82
688007,44.82
688008,44.82
688009,44.82
688011,44.82
688012,44.82
688013,44.82
688014,44.82
688501,44.82
688502,44.82
688503,44.82
688504,44.82
688505,44.82
688506,44.82
688521,44.82
688522,44.82
688523,44.82
688524,44.82
688525,44.82
688526,44.82
688527,44.82
688528,44.82
688529,44.82
688530,44.82
688531,44.82
688532,44.82
688533,44.82
688534,44.82
688535,44.82
688536,44.82
688537,44.82
688538,44.82
688539,44.82
688540,44.82
688541,44.82
688555,44.82
688561,44.82
688562,44.82
688570,44.82
688582,44.82
689101,72.77
689102,72.77
689103,72.77
689104,72.77
689105,72.77
689106,72.77
689107,72.77
689108,72.77
689109,44.82
689110,72.77
689111,72.77
689112,72.77
689113,72.77
689115,72.77
689121,44.82
689122,44.82
689123,44.82
689124,44.82
689126,44.82
689501,72.77
689502,72.77
689503,72.77
689504,44.82
689505,44.82
689506,44.82
689507,72.77
689508,44.82
689509,44.82
689510,44.82
689511,44.82
689512,44.82
689513,72.77
689514,72.77
689520,44.82
689521,44.82
689531,72.77
689532,72.77
689533,72.77
689541,72.77
689542,72.77
689543,72.77
689544,72.77
689545,72.77
689546,72.77
689547,72.77
689548,72.77
689549,72.77
689550,72.77
689551,72.77
689571,44.82
689572,44.82
689573,44.82
689574,44.82
689581,72.77
689582,72.77
689583,72.77
689584,72.77
689585,72.77
689586,72.77
689587,72.77
689588,72.77
689589,72.77
689590,44.82
689591,72.77
689592,72.77
689594,72.77
689595,44.82
689597,72.77
689602,72.77
689611,72.77
689612,72.77
689613,72.77
689614,72.77
689615,72.77
689621,72.77
689622,44.82
689623,44.82
689624,44.82
689625,72.77
689626,72.77
689627,44.82
689641,72.77
689642,72.77
689643,72.77
689644,72.77
689645,72.77
689646,72.77
689647,72.77
689648,72.77
689649,72.77
689650,72.77
689652,72.77
689653,72.77
689654,72.77
689656,72.77
689661,72.77
689662,72.77
689663,72.77
689664,72.77
689666,72.77
689667,72.77
689668,72.77
689671,72.77
689672,72.77
689673,72.77
689674,72.77
689675,72.77
689676,72.77
689677,72.77
689678,72.77
689691,72.77
689692,72.77
689693,72.77
689694,72.77
689695,45.21
689696,45.21
689698,72.77
689699,72.77
689711,72.77
690101,44.82
690102,44.82
690103,44.82
690104,44.82
690105,44.82
690106,44.82
690107,44.82
690108,44.82
690110,44.82
690501,44.82
690502,44.82
690503,44.82
690504,44.82
690505,44.82
690506,44.82
690507,44.82
690508,44.82
690509,44.82
690510,44.82
690511,44.82
690512,44.82
690513,44.82
690514,44.82
690515,44.82
690516,44.82
690517,44.82
690518,45.21
690519,45.21
690520,45.21
690521,45.21
690522,45.21
690523,45.21
690524,45.21
690525,45.21
690526,45.21
690527,44.82
690528,45.21
690529,44.82
690530,44.82
690531,44.82
690532,44.82
690533,44.82
690534,44.82
690535,44.82
690536,45.21
690537,44.82
690538,45.21
690539,45.21
690540,45.21
690542,45.21
690544,45.21
690547,44.82
690548,44.82
690558,44.82
690559,44.82
690561,45.21
690571,44.82
690572,44.82
690573,45.21
690574,45.21
691001,45.21
691002,45.21
691003,45.21
691004,45.21
691005,45.21
691006,45.21
691007,45.21
691008,45.21
691009,45.21
691010,45.21
691011,45.21
691012,45.21
691013,45.21
691014,45.21
691015,45.21
691016,45.21
691019,45.21
691020,45.21
691021,45.21
691301,45.21
691302,45.21
691303,45.21
691304,45.21
691305,45.21
691306,45.21
691307,45.21
691308,45.21
691309,45.21
691310,45.21
691311,45.21
691312,45.21
691319,45.21
691322,45.21
691331,45.21
691332,45.21
691333,45.21
691334,45.21
691500,45.21
691501,45.21
691502,45.21
691503,45.21
691504,45.21
691505,45.21
691506,45.21
691507,45.21
691508,45.21
691509,45.21
691510,45.21
691511,45.21
691512,45.21
691515,45.21
691516,45.21
691520,45.21
691521,45.21
691522,45.21
691523,72.77
691524,72.77
691525,72.77
691526,72.77
691530,72.77
691531,45.21
691532,45.21
691533,45.21
691534,45.21
691535,45.21
691536,45.21
691537,45.21
691538,45.21
691540,45.21
691541,45.21
691543,45.21
691551,72.77
691552,72.77
691553,45.21
691554,72.77
691555,72.77
691556,72.77
691557,45.21
691559,45.21
691560,45.21
691566,45.21
691571,45.21
691572,45.21
691573,45.21
691574,45.21
691576,45.21
691577,45.21
691578,45.21
691579,45.21
691581,45.21
691582,45.21
691583,45.21
691584,45.21
691585,45.21
691589,45.21
691590,45.21
691601,45.21
691602,45.21
695001,40.03
695002,40.03
695003,40.03
695004,40.03
695005,40.03
695006,40.03
695007,40.03
695008,40.03
695009,40.03
695010,40.03
695011,40.03
695012,40.03
695013,40.03
695014,40.03
695015,40.03
695016,40.03
695017,40.03
695018,40.03
695019,40.03
695020,40.03
695021,40.03
695022,40.03
695023,40.03
695024,40.03
695025,40.03
695026,40.03
695027,40.03
695028,40.03
695029,40.03
695030,40.03
695032,40.03
695033,40.03
695034,40.03
695035,40.03
695036,40.03
695038,40.03
695040,40.03
695042,40.03
695043,40.03
695101,40.03
695102,40.03
695103,40.03
695104,40.03
695121,40.03
695122,40.03
695123,40.03
695124,40.03
695125,40.03
695126,40.03
695132,40.03
695133,40.03
695134,40.03
695141,40.03
695142,40.03
695143,40.03
695144,40.03
695145,40.03
695146,40.03
695301,40.03
695302,40.03
695303,40.03
695304,40.03
695305,40.03
695306,40.03
695307,40.03
695308,40.03
695309,40.03
695310,40.03
695311,40.03
695312,40.03
695313,40.03
695316,40.03
695317,40.03
695318,40.03
695501,40.03
695502,40.03
695503,40.03
695504,40.03
695505,40.03
695506,40.03
695507,40.03
695508,40.03
695512,40.03
695513,40.03
695521,40.03
695522,40.03
695523,40.03
695524,40.03
695525,40.03
695526,40.03
695527,40.03
695528,40.03
695541,40.03
695542,40.03
695543,40.03
695551,40.03
695561,40.03
695562,40.03
695563,40.03
695564,40.03
695568,40.03
695571,40.03
695572,40.03
695573,40.03
695574,40.03
695575,40.03
695581,40.03
695582,40.03
695583,40.03
695584,40.03
695585,40.03
695586,40.03
695587,40.03
695588,40.03
695589,40.03
695601,40.03
695602,40.03
695603,40.03
695604,40.03
695605,40.03
695606,40.03
695607,40.03
695608,40.03
695609,40.03
695610,40.03
695611,40.03
695612,40.03
695614,40.03
695615,40.03
700001,52.24
700002,52.24
700003,52.24
700004,52.24
700005,52.24
700006,52.24
700007,52.24
700008,52.24
700009,52.24
700010,52.24
700011,52.24
700012,52.24
700013,52.24
700014,52.24
700015,52.24
700016,52.24
700017,52.24
700018,52.24
700019,52.24
700020,52.24
700021,52.24
700022,52.24
700023,52.24
700024,52.24
700025,52.24
700026,52.24
700027,52.24
700028,52.24
700029,52.24
700030,52.24
700031,52.24
700032,52.24
700033,52.24
700034,52.24
700035,52.24
700036,52.24
700037,52.24
700038,52.24
700040,52.24
700041,52.24
700042,52.24
700043,52.24
700044,52.24
700045,52.24
700046,52.24
700047,52.24
700050,52.24
700052,52.24
700053,52.24
700054,52.24
700060,52.24
700061,52.24
700062,52.24
700063,52.24
700065,52.24
700066,52.24
700067,52.24
700068,52.24
700069,52.24
700071,52.24
700072,52.24
700073,52.24
700074,52.24
700075,52.24
700077,52.24
700078,52.24
700080,52.24
700082,52.24
700085,52.24
700086,52.24
700087,52.24
700088,52.24
700089,52.24
700090,52.24
700092,52.24
700094,52.24
700095,52.24
700099,52.24
700107,52.24
700108,52.24
711101,75.33
711102,75.33
711103,75.33
711104,75.33
711105,75.33
711106,75.33
711107,75.33
711108,75.33
711109,75.33
711110,75.33
711111,75.33
711112,75.33
711113,75.33
711114,75.33
711201,75.33
711202,75.33
711203,75.33
711204,75.33
711205,75.33
711225,75.33
711226,75.33
711227,75.33
711301,75.33
711302,75.33
711303,75.33
711304,75.33
711305,75.33
711306,75.33
711307,75.33
711308,75.33
711309,75.33
711310,75.33
711312,75.33
711313,75.33
711314,75.33
711315,75.33
711316,75.33
711317,75.33
711322,75.33
711401,75.33
711403,75.33
711404,75.33
711405,75.33
711408,75.33
711409,75.33
711410,75.33
711411,75.33
711412,75.33
711413,75.33
711414,75.33
712306,82.64
713150,142.4
713513,142.4
713514,142.4
713519,142.4
722101,142.4
722102,142.4
722121,142.4
722122,142.4
722132,142.4
722133,142.4
722134,142.4
722135,142.4
722136,142.4
722137,142.4
722138,142.4
722139,142.4
722140,142.4
722141,142.4
722142,142.4
722143,142.4
722144,142.4
722146,142.4
722147,142.4
722148,142.4
722149,142.4
722150,142.4
722151,142.4
722152,142.4
722153,142.4
722154,142.4
722155,142.4
722156,142.4
722157,142.4
722158,142.4
722160,142.4
722161,142.4
722162,142.4
722164,142.4
722173,142.4
722183,142.4
722201,142.4
722202,142.4
722203,142.4
722204,142.4
722205,142.4
722206,142.4
722207,142.4
722208,142.4
731101,117.03
731102,117.03
731103,117.03
731104,117.03
731121,117.03
731123,117.03
731124,117.03
731125,117.03
731126,117.03
731127,117.03
731129,117.03
731130,117.03
731132,117.03
731133,117.03
731201,117.03
731202,117.03
731204,117.03
731214,117.03
731215,117.03
731216,117.03
731219,117.03
731220,117.03
731221,117.03
731222,117.03
731223,117.03
731224,117.03
731233,117.03
731234,117.03
731235,117.03
731236,117.03
731237,117.03
731238,117.03
731240,117.03
731241,117.03
731242,117.03
731243,117.03
731244,117.03
731245,117.03
731301,117.03
731302,117.03
731303,117.03
734006,71.25
734007,71.25
734015,71.25
734501,71.25
735101,71.25
735102,71.25
735121,71.25
735132,71.25
735133,71.25
735134,71.25
735135,71.25
735202,71.25
735203,71.25
735204,71.25
735205,71.25
735206,71.25
735207,71.25
735208,71.25
735209,71.25
735210,71.25
735211,71.25
735212,71.25
735213,71.25
735214,71.25
735215,71.25
735216,71.25
735217,71.25
735218,71.25
735219,71.25
735220,71.25
735221,71.25
735222,71.25
735223,71.25
735224,71.25
735225,71.25
735226,71.25
735227,71.25
735228,71.25
735229,71.25
735230,71.25
735232,71.25
735233,71.25
735234,71.25
735302,71.25
735305,71.25
736121,71.25
736122,71.25
736123,71.25
736182,71.25
736201,71.25
736202,71.25
736203,71.25
736204,71.25
736205,71.25
736206,71.25
736207,71.25
736208,71.25
737101,85.68
737102,85.68
737103,85.68
737106,85.68
737107,85.68
737111,140.87
737113,140.87
737116,249.11
737120,249.11
737121,140.87
737126,244.65
737128,244.65
737131,85.68
737132,85.68
737133,85.68
737134,85.68
737135,85.68
737136,85.68
737139,244.65
741101,86.76
741102,86.76
741103,86.76
741121,86.76
741122,86.76
741123,86.76
741124,86.76
741125,86.76
741126,86.76
741127,86.76
741137,86.76
741138,86.76
741139,86.76
741140,86.76
741150,86.76
741151,86.76
741152,86.76
741153,86.76
741154,86.76
741155,86.76
741156,86.76
741157,86.76
741158,86.76
741159,86.76
741160,86.76
741161,86.76
741162,86.76
741163,86.76
741164,86.76
741165,86.76
741166,86.76
741167,86.76
741181,86.76
741201,86.76
741202,86.76
741221,86.76
741222,86.76
741223,86.76
741232,86.76
741234,86.76
741235,86.76
741238,86.76
741245,86.76
741246,86.76
741247,86.76
741248,86.76
741249,86.76
741250,86.76
741251,86.76
741252,86.76
741253,86.76
741254,86.76
741255,86.76
741256,86.76
741257,86.76
741301,86.76
741302,86.76
741313,86.76
741315,86.76
741316,86.76
741317,86.76
741319,86.76
741401,86.76
741402,86.76
741404,86.76
741501,86.76
741502,86.76
741503,86.76
741504,86.76
741505,86.76
741506,86.76
741507,86.76
741508,86.76
741509,86.76
742101,95.07
742102,95.07
742103,95.07
742104,95.07
742113,95.07
742121,95.07
742122,95.07
742123,95.07
742132,95.07
742133,95.07
742134,95.07
742135,95.07
742136,95.07
742137,95.07
742138,95.07
742140,95.07
742147,95.07
742148,95.07
742149,95.07
742151,95.07
742159,95.07
742160,95.07
742161,95.07
742163,95.07
742164,95.07
742165,95.07
742166,95.07
742168,95.07
742174,95.07
742175,95.07
742184,95.07
742187,95.07
742189,95.07
742201,95.07
742202,95.07
742212,95.07
742213,95.07
742223,95.07
742224,95.07
742225,95.07
742226,95.07
742227,95.07
742235,95.07
742236,95.07
742237,95.07
742238,95.07
742301,95.07
742302,95.07
742303,95.07
742304,95.07
742305,95.07
742306,95.07
742308,95.07
742401,95.07
742402,95.07
742404,95.07
742405,95.07
742406,95.07
742407,95.07
742408,95.07
742409,95.07
752001,148.41
752002,148.41
752003,148.41
752011,148.41
752012,148.41
752013,148.41
752014,148.41
752015,148.41
752016,148.41
752017,148.41
752024,139.47
752025,139.47
752026,139.47
752045,148.41
752046,148.41
752063,139.47
752065,139.47
752068,139.47
752069,139.47
752070,139.47
752077,139.47
752078,139.47
752079,139.47
752080,139.47
752081,139.47
752082,139.47
752083,139.47
752084,139.47
752085,139.47
752089,139.47
752090,139.47
752091,139.47
752092,139.47
752093,139.47
752094,139.47
752104,148.41
752105,148.41
752106,148.41
752107,148.41
752108,148.41
752109,148.41
752110,148.41
752111,148.41
752113,148.41
752114,148.41
752116,148.41
752118,148.41
752119,148.41
752120,148.41
752121,148.41
753001,107.57
753002,107.57
753003,107.57
753004,107.57
753006,107.57
753007,107.57
753008,107.57
753009,107.57
753010,107.57
753011,107.57
753012,107.57
753013,107.57
753014,107.57
754001,107.57
754002,107.57
754003,107.57
754004,107.57
754005,107.57
754006,107.57
754007,107.57
754008,107.57
754009,107.57
754010,107.57
754011,107.57
754018,107.57
754021,107.57
754022,107.57
754023,138.64
754024,138.64
754025,107.57
754026,107.57
754027,107.57
754028,107.57
754029,107.57
754030,107.57
754031,107.57
754032,107.57
754035,107.57
754037,107.57
754071,107.57
754082,138.64
754100,107.57
754105,107.57
754112,107.57
754131,107.57
754134,143.07
754153,143.07
754200,107.57
754201,107.57
754202,107.57
754203,143.07
754204,107.57
754205,138.64
754206,107.57
754207,107.57
754208,107.57
754209,107.57
754210,143.07
754211,143.07
754212,143.07
754213,143.07
754214,143.07
754215,143.07
754216,143.07
754217,143.07
754218,143.07
754219,143.07
754220,143.07
754221,107.57
754222,143.07
754223,143.07
754224,143.07
754225,143.07
754227,143.07
754228,143.07
754231,143.07
754239,143.07
754240,143.07
754244,143.07
754245,143.07
754246,143.07
754248,143.07
754250,143.07
754253,143.07
754289,143.07
754290,107.57
754292,138.64
754293,107.57
754295,107.57
754296,138.64
755001,138.64
755003,138.64
755004,138.64
755005,138.64
755006,138.64
755007,138.64
755008,138.64
755009,138.64
755010,138.64
755011,138.64
755012,138.64
755013,138.64
755014,138.64
755015,138.64
755016,138.64
755017,138.64
755018,138.64
755019,138.64
755020,138.64
755022,138.64
755023,138.64
755024,138.64
755025,138.64
755026,138.64
755027,138.64
755028,138.64
755036,138.64
755043,138.64
755044,138.64
755049,138.64
755050,138.64
755061,143.07
755062,138.64
756100,137.87
756101,137.87
756111,137.87
756112,137.87
756113,137.87
756114,137.87
756115,137.87
756116,137.87
756117,137.87
756118,137.87
756119,137.87
756120,137.87
756121,137.87
756122,137.87
756123,137.87
756124,137.87
756125,137.87
756127,137.87
756128,137.87
756129,137.87
756130,137.87
756131,137.87
756132,137.87
756133,137.87
756135,137.87
756137,137.87
756138,137.87
756139,137.87
756144,137.87
756162,137.87
756163,137.87
756164,137.87
756165,137.87
756167,137.87
756168,137.87
756171,137.87
756181,137.87
757001,187.64
757002,187.64
757003,187.64
757014,187.64
757016,187.64
757017,187.64
757018,187.64
757019,187.64
757020,187.64
757021,187.64
757022,187.64
757023,187.64
757024,187.64
757025,187.64
757026,187.64
757027,187.64
757028,187.64
757029,187.64
757030,187.64
757031,187.64
757032,187.64
757033,187.64
757034,187.64
757035,187.64
757036,187.64
757037,187.64
757038,187.64
757039,187.64
757040,187.64
757041,187.64
757042,187.64
757043,187.64
757045,187.64
757046,187.64
757047,187.64
757048,187.64
757049,187.64
757050,187.64
757051,187.64
757052,187.64
757053,187.64
757054,187.64
757055,187.64
757073,187.64
757074,187.64
757075,187.64
757077,187.64
757079,187.64
757081,187.64
757082,187.64
757083,187.64
757084,187.64
757085,187.64
757086,187.64
757087,187.64
757092,187.64
757093,187.64
757100,187.64
757101,187.64
757102,187.64
757103,187.64
757104,187.64
757105,187.64
757106,187.64
757107,187.64
759001,138.4
759013,138.4
759014,138.4
759015,138.4
759016,138.4
759017,138.4
759018,138.4
759019,138.4
759020,138.4
759021,138.4
759022,138.4
759023,138.4
759024,138.4
759025,138.4
759026,138.4
759027,138.4
759028,138.4
759039,138.4
759120,138.4
759121,138.4
759123,139.1
759146,138.4
760001,110.14
760002,110.14
760003,110.14
760004,110.14
760005,110.14
760006,110.14
760007,110.14
760008,110.14
760010,110.14
761001,110.14
761002,110.14
761003,110.14
761004,110.14
761005,110.14
761006,110.14
761007,110.14
761008,110.14
761009,110.14
761010,110.14
761011,110.14
761012,110.14
761013,110.14
761014,110.14
761015,174.52
761016,174.52
761017,174.52
761018,110.14
761019,110.14
761020,110.14
761025,110.14
761026,110.14
761027,110.14
761028,110.14
761029,110.14
761030,110.14
761031,110.14
761032,110.14
761035,110.14
761037,110.14
761041,110.14
761042,110.14
761043,110.14
761045,110.14
761052,110.14
761054,110.14
761055,110.14
761100,110.14
761101,110.14
761102,110.14
761103,110.14
761104,110.14
761105,110.14
761106,110.14
761107,110.14
761108,110.14
761109,110.14
761110,110.14
761111,110.14
761114,110.14
761115,110.14
761116,110.14
761117,110.14
761118,110.14
761119,110.14
761120,110.14
761121,110.14
761122,110.14
761123,110.14
761124,110.14
761125,110.14
761126,110.14
761131,110.14
761132,110.14
761133,110.14
761140,110.14
761141,110.14
761143,110.14
761144,110.14
761146,110.14
761151,110.14
761200,174.52
761201,174.52
761206,174.52
761207,174.52
761208,174.52
761209,110.14
761210,174.52
761211,174.52
761212,174.52
761213,174.52
761214,174.52
761215,174.52
761217,174.52
762001,248.51
762002,248.51
762010,248.51
762011,248.51
762012,248.51
762013,176.17
762014,176.17
762015,176.17
762016,176.17
762017,176.17
762018,176.17
762019,248.51
762020,176.17
762021,248.51
762022,248.51
762023,176.17
762024,176.17
762026,176.17
762027,248.51
762028,248.51
762029,248.51
762030,176.17
762100,248.51
762101,248.51
762102,248.51
762103,248.51
762104,248.51
762105,248.51
762106,248.51
762107,248.51
762109,248.51
762110,248.51
762112,248.51
763001,179.82
763002,179.82
763003,179.82
763004,179.82
763008,179.82
764001,179.82
764002,179.82
764003,179.82
764004,179.82
764005,179.82
764006,179.82
764011,179.82
764014,179.82
764020,179.82
764021,179.82
764027,179.82
764028,179.82
764036,179.82
764037,179.82
764038,179.82
764039,179.82
764040,179.82
764041,179.82
764042,179.82
764043,179.82
764044,223.92
764045,223.92
764046,223.92
764047,223.92
764051,223.92
764052,223.92
764055,179.82
764056,179.82
764057,179.82
764058,179.82
764062,206.45
764081,179.82
764086,223.92
764087,223.92
765001,206.45
765002,206.45
765013,179.82
765015,206.45
765016,206.45
765017,206.45
765018,206.45
765019,206.45
765020,206.45
765021,206.45
765022,206.45
765023,206.45
765024,206.45
765025,206.45
765026,206.45
765029,206.45
765033,206.45
765034,206.45
766001,164.01
766002,164.01
766011,164.01
766012,164.01
766013,164.01
766014,164.01
766015,164.01
766016,164.01
766017,164.01
766018,164.01
766019,164.01
766020,164.01
766023,164.01
766026,164.01
766027,164.01
766028,164.01
766029,164.01
766031,164.01
766032,164.01
766036,164.01
766037,164.01
766100,164.01
766101,164.01
766102,164.01
766103,164.01
766104,179.06
766105,179.06
766106,179.06
766107,179.06
766108,179.06
766110,164.01
766111,179.06
766118,179.06
768001,146.78
768003,146.78
768004,146.78
768005,146.78
768006,146.78
768016,146.78
768017,146.78
768018,146.78
768019,146.78
768020,146.78
768025,146.78
768105,146.78
768106,146.78
768107,146.78
768112,146.78
768113,146.78
768118,146.78
768200,146.78
768201,131.49
768202,131.49
768203,131.49
768204,131.49
768211,131.49
768212,146.78
768213,131.49
768214,146.78
768215,131.49
768216,131.49
768217,131.49
768218,131.49
768219,131.49
768220,131.49
768221,146.78
768222,146.78
768224,146.78
768225,131.49
768226,131.49
768227,146.78
768228,146.78
768234,131.49
781001,161.48
781003,161.48
781004,161.48
781005,161.48
781006,161.48
781007,161.48
781008,161.48
781009,161.48
781010,161.48
781011,161.48
781012,161.48
781013,161.48
781014,161.48
781015,161.48
781016,161.48
781017,161.48
781018,161.48
781019,161.48
781020,161.48
781021,161.48
781022,161.48
781023,161.48
781024,161.48
781025,161.48
781026,161.48
781027,161.48
781028,161.48
781029,161.48
781030,161.48
781031,161.48
781032,161.48
781034,161.48
781035,161.48
781036,161.48
781037,161.48
781038,161.48
781039,161.48
781040,161.48
781101,161.48
781102,161.48
781103,161.48
781104,161.48
781120,161.48
781121,161.48
781122,161.48
781123,161.48
781124,161.48
781125,161.48
781126,171.45
781127,161.48
781128,161.48
781129,161.48
781131,161.48
781132,161.48
781133,161.48
781134,161.48
781135,161.48
781136,161.48
781137,161.48
781138,171.45
781141,161.48
781150,161.48
781171,161.48
781301,131.85
781302,131.85
781303,171.45
781304,171.45
781305,131.85
781306,171.45
781307,131.85
781308,131.85
781309,131.85
781310,171.45
781311,131.85
781312,171.45
781313,131.85
781314,131.85
781315,131.85
781316,131.85
781317,131.85
781318,131.85
781319,131.85
781321,131.85
781325,131.85
781326,131.85
781327,131.85
781328,131.85
781329,131.85
781330,131.85
781333,171.45
781334,171.45
781335,171.45
781337,171.45
781338,171.45
781339,171.45
781340,171.45
781341,171.45
781343,171.45
781344,171.45
781346,171.45
781347,171.45
781348,171.45
781349,171.45
781350,171.45
781351,171.45
781352,131.85
781353,171.45
781354,161.48
781355,171.45
781360,171.45
781364,161.48
781365,161.48
781366,161.48
781367,171.45
781368,171.45
781369,171.45
781370,171.45
781371,171.45
781372,171.45
781373,171.45
781374,171.45
781375,171.45
781376,161.48
781377,171.45
781378,171.45
781380,161.48
781381,161.48
781382,161.48
782001,99.5
782002,99.5
782003,99.5
782101,99.5
782102,99.5
782103,99.5
782105,164.74
782120,99.5
782122,99.5
782123,99.5
782124,99.5
782125,99.5
782135,99.5
782136,99.5
782137,99.5
782138,99.5
782139,182.74
782140,99.5
782141,99.5
782142,99.5
782143,99.5
782144,99.5
782401,161.48
782402,161.48
782403,161.48
782425,99.5
782426,99.5
782427,99.5
782428,99.5
782429,99.5
782435,99.5
782439,99.5
782440,99.5
782441,182.74
782442,99.5
782445,99.5
782446,99.5
782447,182.74
782448,182.74
782450,182.74
782460,182.74
782461,182.74
782462,182.74
782470,182.74
782480,182.74
782481,182.74
782482,182.74
782485,182.74
782486,182.74
782490,182.74
783101,189.9
783120,189.9
783122,189.9
783123,189.9
783124,189.9
783125,189.9
783126,189.9
783127,133.43
783128,133.43
783129,189.9
783130,189.9
783131,133.43
783132,189.9
783133,189.9
783134,189.9
783135,133.43
783301,133.43
783323,133.43
783324,133.43
783325,133.43
783330,133.43
783331,133.43
783332,277.34
783333,277.34
783334,133.43
783335,133.43
783336,277.34
783337,277.34
783339,133.43
783345,277.34
783346,277.34
783347,277.34
783348,133.43
783349,133.43
783350,277.34
783354,277.34
783360,277.34
783361,277.34
783369,277.34
783370,277.34
783371,133.43
783372,277.34
783373,166.11
783375,277.34
783376,277.34
783380,166.11
783381,166.11
783382,166.11
783383,166.11
783384,166.11
783385,166.11
783388,166.11
783389,166.11
783390,166.11
783391,166.11
783392,166.11
783393,166.11
783394,166.11
784001,75.34
784010,75.34
784025,75.34
784026,75.34
784027,75.34
784028,75.34
784101,75.34
784102,75.34
784103,75.34
784104,75.34
784105,75.34
784110,75.34
784111,75.34
784112,75.34
784113,161.66
784114,161.66
784115,161.66
784116,161.66
784117,75.34
784125,161.66
784144,161.66
784145,161.66
784146,161.66
784147,161.66
784148,161.66
784149,75.34
784150,75.34
784153,75.34
784154,75.34
784160,220.63
784161,220.63
784163,220.63
784164,220.63
784165,220.63
784166,75.34
784167,75.34
784168,75.34
784169,75.34
784170,75.34
784171,75.34
784172,75.34
784173,75.34
784174,75.34
784175,75.34
784176,75.34
784177,75.34
784178,75.34
784179,75.34
784180,75.34
784182,75.34
784184,75.34
784189,75.34
784190,161.66
784501,75.34
784502,75.34
784504,75.34
784505,75.34
784506,75.34
784507,161.66
784508,161.66
784509,161.66
784510,161.66
784513,161.66
784514,161.66
784521,161.66
784522,161.66
784523,161.66
784524,161.66
784525,161.66
784526,161.66
784527,161.66
784528,161.66
784529,161.66
785001,132.14
785004,132.14
785006,132.14
785007,132.14
785008,132.14
785009,132.14
785010,132.14
785013,132.14
785014,132.14
785015,132.14
785101,132.14
785102,132.14
785104,132.14
785105,132.14
785106,132.14
785107,132.14
785108,132.14
785110,132.14
785111,132.14
785112,132.14
785601,170.87
785602,170.87
785603,170.87
785609,170.87
785610,170.87
785611,170.87
785612,170.87
785613,170.87
785614,170.87
785615,170.87
785616,132.14
785618,170.87
785619,170.87
785621,170.87
785622,170.87
785625,170.87
785626,170.87
785630,132.14
785631,132.14
785632,132.14
785633,132.14
785634,132.14
785635,132.14
785636,132.14
785675,145.06
785676,145.06
785699,170.87
785700,132.14
785702,170.87
785703,170.87
785704,132.14
786001,145.06
786002,145.06
786003,145.06
786004,145.06
786005,145.06
786006,145.06
786007,145.06
786008,145.06
786010,145.06
786012,145.06
786101,145.06
786102,145.06
786103,145.06
786125,131.36
786126,131.36
786145,131.36
786146,131.36
786147,131.36
786150,131.36
786151,131.36
786152,131.36
786153,131.36
786154,131.36
786155,131.36
786156,131.36
786157,131.36
786158,131.36
786159,131.36
786160,131.36
786170,131.36
786171,131.36
786174,131.36
786179,131.36
786181,131.36
786182,131.36
786183,131.36
786184,145.06
786187,131.36
786188,131.36
786189,131.36
786190,131.36
786191,145.06
786192,131.36
786601,131.36
786602,145.06
786610,145.06
786611,145.06
786612,145.06
786613,145.06
786614,145.06
786621,145.06
786622,145.06
786623,145.06
786692,145.06
787001,220.63
787023,220.63
787026,249.25
787031,220.63
787032,220.63
787033,220.63
787034,249.25
787035,249.25
787051,220.63
787052,220.63
787053,220.63
787054,220.63
787055,220.63
787056,220.63
787057,249.25
787058,249.25
787059,249.25
787060,249.25
787061,249.25
787110,249.25
788001,152.16
788002,152.16
788003,152.16
788004,152.16
788005,152.16
788006,152.16
788007,152.16
788009,152.16
788010,152.16
788011,152.16
788013,152.16
788014,152.16
788015,152.16
788025,152.16
788026,152.16
788030,152.16
788031,152.16
788098,152.16
788099,152.16
788101,152.16
788102,152.16
788103,152.16
788104,152.16
788106,152.16
788107,152.16
788108,152.16
788109,152.16
788110,152.16
788111,152.16
788112,152.16
788113,152.16
788114,152.16
788115,152.16
788116,152.16
788117,281.68
788118,152.16
788119,152.16
788120,152.16
788121,152.16
788123,152.16
788126,152.16
788127,152.16
788150,281.68
788151,152.16
788152,281.68
788155,281.68
788156,281.68
788160,281.68
788161,281.68
788162,281.68
788163,281.68
788164,281.68
788165,281.68
788168,281.68
788734,281.68
788735,281.68
788736,281.68
788737,281.68
788801,281.68
788802,281.68
788804,152.16
788805,152.16
788815,152.16
788816,152.16
788817,152.16
790001,186.18
790002,186.18
790003,186.18
790101,186.18
790102,207.87
790103,207.87
790104,230.23
790105,230.23
790106,230.23
790114,186.18
790116,186.18
791001,107.77
791002,286.21
791003,107.77
791101,107.77
791102,162.6
791103,162.6
791104,162.6
791105,286.21
791109,105.45
791110,105.45
791111,105.45
791112,105.45
791113,105.45
791118,110.35
791119,152.1
791120,152.1
791121,105.45
791122,293.25
791123,105.45
791125,107.77
792001,72.83
792056,221.02
792102,72.83
792103,72.83
792104,105.45
792105,72.83
792110,185.23
792111,72.83
792120,221.02
792121,221.02
792122,221.02
792123,221.02
792129,125.9
792130,125.9
792131,125.9
793001,348.03
793002,348.03
793003,348.03
793004,348.03
793005,348.03
793006,348.03
793007,348.03
793008,348.03
793009,348.03
793010,348.03
793011,348.03
793012,348.03
793014,348.03
793015,348.03
793016,348.03
793017,348.03
793018,348.03
793019,348.03
793021,348.03
793022,348.03
793104,348.03
793106,348.03
793107,348.03
793108,348.03
793110,348.03
793112,348.03
793113,348.03
793114,297.2
793115,297.2
793119,297.2
793120,297.2
793121,348.03
794001,372.98
794002,372.98
794005,372.98
794101,372.98
794102,748.38
794103,372.98
794104,372.98
794105,372.98
794106,372.98
794107,226.06
794108,226.06
794109,372.98
794110,226.06
794111,226.06
794112,372.98
794114,748.38
794115,372.98
795001,105.31
795002,105.31
795003,105.31
795004,105.31
795005,112.89
795006,177.68
795007,99.22
795008,112.89
795009,105.31
795010,112.89
795015,99.22
795101,84.42
795102,159.0
795103,84.42
795104,99.22
795106,99.22
795107,99.22
795112,99.22
795113,105.31
795114,112.89
795115,105.31
795116,105.31
795117,177.68
795118,99.22
795122,99.22
795124,126.48
795126,126.48
795127,159.0
795128,177.68
795129,99.22
795130,84.42
795131,159.0
795132,105.31
795133,126.48
795134,126.48
795135,84.42
795136,105.31
795138,84.42
795139,177.68
795140,105.31
795142,124.51
795144,124.51
795145,124.51
795146,105.31
795148,84.42
795149,84.42
795150,99.22
796001,222.0
796004,222.0
796005,222.0
796007,222.0
796008,222.0
796009,222.0
796012,222.0
796014,222.0
796017,222.0
796070,222.0
796081,340.74
796082,340.74
796091,340.74
796101,340.74
796111,222.0
796161,222.0
796181,359.15
796184,359.15
796186,359.15
796190,222.0
796261,222.0
796290,214.56
796310,214.56
796320,214.56
796321,214.56
796370,359.15
796421,222.0
796571,367.31
796691,367.31
796701,367.31
796751,367.31
796770,367.31
796891,498.96
796901,487.88
797001,100.72
797002,100.72
797003,100.72
797004,100.72
797099,113.69
797101,102.27
797102,145.75
797103,145.61
797104,145.75
797105,100.72
797106,145.61
797107,145.75
797108,145.75
797109,100.72
797110,102.27
797111,113.69
797112,145.61
797113,145.61
797114,145.75
797115,145.61
797116,145.61
797117,145.61
797118,145.61
797120,100.72
798601,132.01
798602,122.11
798603,122.11
798604,132.01
798611,181.0
798612,59.06
798613,132.01
798614,132.01
798615,132.01
798616,59.06
798618,132.01
798621,122.11
798622,122.11
798623,132.01
798625,213.47
798626,59.06
799001,74.66
799002,74.66
799003,74.66
799004,74.66
799005,74.66
799006,74.66
799007,74.66
799008,74.66
799009,74.66
799010,74.66
799012,74.66
799013,154.24
799014,74.66
799015,154.24
799022,74.66
799035,74.66
799045,74.66
799046,74.66
799101,154.24
799102,74.66
799103,74.66
799104,154.24
799105,154.24
799114,154.24
799115,74.66
799120,154.24
799125,154.24
799130,74.66
799131,74.66
799141,154.24
799142,154.24
799143,154.24
799144,154.24
799145,154.24
799150,154.24
799153,154.24
799155,154.24
799156,154.24
799157,154.24
799201,74.66
799202,74.66
799203,74.66
799204,231.75
799205,74.66
799207,74.66
799210,74.66
799211,74.66
799212,74.66
799250,131.99
799251,131.99
799253,131.99
799254,131.99
799256,131.99
799260,131.99
799261,131.99
799262,131.99
799263,131.99
799264,131.99
799266,131.99
799269,131.99
799270,131.99
799271,131.99
799273,231.75
799275,231.75
799277,131.99
799278,231.75
799279,131.99
799280,131.99
799281,131.99
799284,231.75
799285,231.75
799286,231.75
799287,231.75
799288,131.99
799289,231.75
799290,131.99
800001,82.65
800002,82.65
800003,82.65
800004,82.65
800006,82.65
800007,82.65
800008,82.65
800009,82.65
800010,82.65
800011,82.65
800012,82.65
800013,82.65
800014,82.65
800016,82.65
800020,82.65
800024,82.65
800025,82.65
800026,82.65
800027,82.65
801102,82.65
801103,82.65
801104,82.65
801105,82.65
801108,82.65
801109,82.65
801110,82.65
801111,82.65
801112,82.65
801113,82.65
801301,110.22
801302,110.22
801303,110.22
801304,110.22
801305,110.22
801306,110.22
801307,110.22
801503,82.65
801505,82.65
802101,95.34
802102,95.34
802103,95.34
802111,95.34
802112,95.34
802113,95.34
802114,95.34
802115,95.34
802116,95.34
802117,95.34
802118,95.34
802119,95.34
802120,95.34
802122,95.34
802123,95.34
802125,95.34
802126,95.34
802127,95.34
802128,95.34
802129,95.34
802130,95.34
802131,95.34
802132,97.49
802133,95.34
802134,95.34
802135,95.34
802136,95.34
802152,99.04
802154,99.04
802155,99.04
802156,99.04
802157,99.04
802158,99.04
802159,99.04
802160,99.04
802161,99.04
802162,99.04
802163,99.04
802164,99.04
802165,99.04
802166,99.04
802183,99.04
802201,99.04
802202,99.04
802203,99.04
802204,99.04
802205,99.04
802206,99.04
802207,99.04
802208,99.04
802209,99.04
802210,99.04
802211,95.66
802212,95.66
802213,95.66
802214,95.66
802215,95.66
802216,95.66
802217,95.66
802218,95.66
802219,95.66
802220,95.66
802221,95.66
802222,99.04
802223,99.04
802226,95.66
802301,99.04
802302,99.04
802311,99.04
802312,99.04
802313,99.04
802314,99.04
802316,99.04
802351,99.04
802352,99.04
803101,110.22
803107,110.22
803108,110.22
803109,99.84
803110,110.22
803111,110.22
803113,110.22
803114,110.22
803115,110.22
803116,110.22
803117,110.22
803118,110.22
803119,110.22
803120,110.22
803121,110.22
803201,82.65
803202,82.65
803203,82.65
803211,82.65
803212,82.65
803213,82.65
803214,82.65
803215,110.22
803216,110.22
803221,82.65
803301,82.65
803302,82.65
803303,82.65
803306,82.65
803307,82.65
804401,102.88
804402,96.79
804403,96.79
804404,96.79
804405,104.52
804406,104.52
804407,104.52
804408,104.52
804417,104.52
804418,104.52
804419,96.79
804420,104.52
804421,96.79
804422,104.52
804423,96.79
804424,104.52
804425,104.52
804426,104.52
804427,104.52
804428,96.79
804429,104.52
804432,104.52
804435,96.79
804451,82.65
804452,82.65
804453,82.65
804454,82.65
805101,99.84
805102,99.84
805103,99.84
805104,99.84
805105,110.22
805106,99.84
805107,99.84
805108,99.84
805109,99.84
805110,99.84
805111,99.84
805112,99.84
805121,99.84
805122,99.84
805123,99.84
805124,99.84
805125,99.84
805126,99.84
805127,99.84
805128,96.79
805129,99.84
805130,99.84
805131,96.79
805132,99.84
805141,99.84
811101,95.92
811102,95.92
811103,95.92
811104,110.22
811105,95.92
811106,103.43
811107,103.43
811112,103.43
811201,96.68
811202,96.68
811211,96.68
811212,96.68
811213,96.68
811214,96.68
811301,117.82
811302,103.43
811303,117.82
811304,95.92
811305,117.82
811307,117.82
811308,117.82
811309,103.43
811310,103.43
811311,103.43
811312,117.82
811313,117.82
811314,117.82
811315,117.82
811316,117.82
811317,117.82
812001,80.37
812002,80.37
812003,80.37
812004,80.37
812005,80.37
812006,80.37
813101,123.24
813102,123.24
813103,123.24
813104,123.24
813105,80.37
813106,123.24
813107,123.24
813108,80.37
813109,123.24
813110,123.24
813201,96.68
813202,123.24
813203,80.37
813204,80.37
813205,80.37
813206,80.37
813207,123.24
813208,134.51
813209,80.37
813210,80.37
813211,123.24
813212,96.68
813213,80.37
813214,80.37
813221,96.68
813222,80.37
814101,193.78
814102,193.78
814103,193.78
814110,193.78
814112,148.81
814113,148.81
814114,148.81
814116,148.81
814118,193.78
814119,193.78
814120,193.78
814131,123.24
814133,134.51
814141,193.78
814142,148.81
814143,148.81
814144,193.78
814145,193.78
814146,193.78
814147,134.51
814148,193.78
814149,148.81
814150,148.81
814151,193.78
814152,148.81
814153,134.51
814154,134.51
814155,134.51
814156,134.51
814157,148.81
814158,193.78
814160,134.51
814165,134.51
814166,142.37
814167,193.78
815351,142.37
815352,142.37
815353,148.81
815354,142.37
815355,142.37
815357,148.81
815359,142.37
816101,133.56
816102,133.56
816103,193.78
816105,133.56
816108,133.56
816109,133.56
816110,133.56
816115,133.56
816116,133.56
816118,193.78
816120,133.56
816129,133.56
821101,97.49
821102,97.49
821103,97.49
821104,95.66
821105,97.49
821106,97.49
821107,95.66
821108,97.49
821109,97.49
821110,97.49
821111,95.66
821112,95.66
821113,95.66
821115,95.66
821301,95.66
821302,95.66
821303,95.66
821304,95.66
821305,95.66
821306,95.66
821307,95.66
821308,95.66
821309,95.66
821310,95.66
821311,95.66
821312,95.66
822111,169.08
822112,121.83
822114,121.83
822119,169.08
822124,121.83
822125,121.83
822128,121.83
822129,121.83
822132,121.83
822133,121.83
822134,121.83
823001,96.79
823002,96.79
823003,96.79
823004,96.79
823311,96.79
824116,96.79
824118,96.79
824201,96.79
824205,96.79
824206,96.79
824207,96.79
824209,96.79
824210,96.79
824211,96.79
824217,96.79
824219,96.79
824220,96.79
824221,96.79
824231,96.79
824232,96.79
824233,96.79
824234,96.79
824235,96.79
824236,96.79
824237,96.79
825101,97.35
825102,103.3
825103,173.94
825314,97.35
825315,103.3
825316,97.35
825321,173.94
825325,97.35
825326,97.35
825330,97.35
825401,173.94
825402,128.68
825403,173.94
825404,173.94
825408,173.94
826004,91.29
827001,103.3
827003,103.3
827004,103.3
827006,103.3
827009,103.3
827010,103.3
827012,103.3
827013,103.3
827014,103.3
827302,103.3
828101,91.29
828103,91.29
828104,91.29
828106,91.29
828107,91.29
828108,91.29
828109,91.29
828110,91.29
828111,91.29
828112,91.29
828113,91.29
828114,91.29
828115,91.29
828116,91.29
828117,91.29
828119,91.29
828120,91.29
828121,91.29
828122,91.29
828123,91.29
828124,91.29
828125,91.29
828126,91.29
828128,91.29
828129,91.29
828130,91.29
828131,91.29
828132,91.29
828133,91.29
828134,103.3
828135,91.29
828201,91.29
828202,91.29
828203,91.29
828204,91.29
828205,91.29
828206,91.29
828207,91.29
828301,91.29
828302,103.3
828303,91.29
828304,91.29
828305,91.29
828306,91.29
828307,91.29
828309,91.29
828401,91.29
828402,91.29
828403,103.3
828404,103.3
829101,97.35
829102,97.35
829103,97.35
829104,103.3
829105,97.35
829106,97.35
829107,103.3
829108,97.35
829109,97.35
829110,97.35
829111,103.3
829112,103.3
829113,103.3
829114,103.3
829116,103.3
829117,97.35
829118,97.35
829119,97.35
829121,103.3
829122,97.35
829123,103.3
829125,97.35
829126,97.35
829127,103.3
829128,103.3
829129,97.35
829130,97.35
829132,103.3
829133,97.35
829134,97.35
829135,97.35
829143,97.35
829144,103.3
829149,103.3
829150,97.35
829201,173.94
829202,169.08
829203,169.08
829204,169.08
829205,113.22
829206,169.08
829207,169.08
829208,113.22
829209,113.22
829210,113.22
829301,103.3
834001,113.22
834002,113.22
834003,113.22
834004,113.22
834005,113.22
834006,113.22
834008,113.22
834009,113.22
834010,113.22
834011,113.22
835101,113.22
835102,113.22
835103,113.22
835201,184.56
835202,113.22
835203,174.03
835204,113.22
835205,113.22
835206,174.03
835207,174.03
835208,174.03
835209,113.22
835210,113.22
835211,184.56
835212,184.56
835213,144.89
835214,113.22
835215,113.22
835216,113.22
835217,113.22
835218,144.89
835219,113.22
835220,174.03
835221,113.22
835222,113.22
835223,184.56
835225,113.22
835226,184.56
835227,113.22
835228,184.56
835229,174.03
835230,174.03
835231,174.03
835232,174.03
835233,174.03
835234,113.22
835235,184.56
835301,113.22
835302,144.89
835303,113.22
835325,113.22
841101,83.21
841201,83.21
841202,83.21
841203,95.81
841204,83.21
841205,83.21
841206,83.21
841207,83.21
841208,83.21
841209,83.21
841210,95.81
841211,83.21
841212,83.21
841213,83.21
841214,83.21
841215,83.21
841216,83.21
841217,83.21
841218,83.21
841219,83.21
841220,83.21
841221,83.21
841222,83.21
841223,83.21
841224,83.21
841225,83.21
841226,95.81
841227,95.81
841231,95.81
841232,95.81
841233,95.81
841234,95.81
841235,95.81
841236,95.81
841237,95.81
841238,95.81
841239,95.81
841240,95.81
841241,95.81
841242,95.81
841243,95.81
841244,95.81
841245,95.81
841286,95.81
841287,95.81
841301,83.21
841302,83.21
841305,83.21
841311,83.21
841312,83.21
841313,83.21
841316,83.21
841401,83.21
841402,83.21
841403,83.21
841404,95.81
841405,95.97
841406,95.81
841407,95.97
841408,95.81
841409,95.97
841410,83.21
841411,83.21
841412,83.21
841413,95.97
841414,83.21
841415,83.21
841416,95.81
841417,83.21
841418,83.21
841419,83.21
841420,95.97
841421,83.21
841422,83.21
841423,95.97
841424,83.21
841425,95.97
841426,95.97
841427,95.97
841428,95.97
841434,95.81
841435,95.81
841436,95.97
841437,95.97
841438,95.97
841439,95.81
841440,95.97
841441,95.97
841442,83.21
841443,83.21
841446,95.81
841460,83.21
841501,95.97
841502,95.81
841503,95.97
841504,95.81
841505,95.97
841506,95.81
841507,95.81
841508,95.97
841509,95.81
842001,84.44
842002,84.44
842003,84.44
842004,84.44
842005,84.44
843101,84.44
843102,84.44
843103,84.44
843104,84.44
843105,84.44
843106,84.44
843107,84.44
843108,84.44
843109,84.44
843110,78.51
843111,84.44
843112,84.44
843113,84.44
843114,78.51
843115,84.44
843117,84.44
843118,84.44
843119,84.44
843120,84.44
843121,84.44
843122,84.44
843123,84.44
843124,84.44
843125,84.44
843126,84.44
843127,84.44
843128,84.44
843129,84.44
843130,84.44
843301,83.87
843302,83.87
843311,83.87
843312,84.44
843313,83.87
843314,83.87
843315,83.87
843316,83.87
843317,83.87
843318,83.87
843319,83.87
843320,83.87
843321,84.44
843322,83.87
843323,83.87
843324,83.87
843325,83.87
843326,83.87
843327,83.87
843328,83.87
843329,82.96
843330,83.87
843331,83.87
843332,83.87
843333,83.87
843334,83.87
843360,83.87
844101,78.51
844102,78.51
844103,78.51
844111,78.51
844112,78.51
844113,78.51
844114,78.51
844115,78.51
844116,78.51
844117,78.51
844118,78.51
844119,78.51
844120,84.44
844121,78.51
844122,78.51
844123,78.51
844124,78.51
844125,78.51
844126,78.51
844127,84.44
844128,78.51
844501,78.51
844502,78.51
844503,78.51
844504,78.51
844505,78.51
844506,78.51
844507,78.51
844508,78.51
844509,78.51
845301,79.52
845302,79.52
845303,79.52
845304,79.52
845305,79.52
845315,79.52
845401,79.52
845406,79.52
845411,79.52
845412,79.52
845413,79.52
845414,79.52
845415,79.52
845416,79.52
845417,79.52
845418,79.52
845419,79.52
845420,79.52
845422,79.52
845423,79.52
845424,79.52
845425,79.52
845426,79.52
845427,79.52
845428,79.52
845429,79.52
845430,79.52
845431,79.52
845432,79.52
845433,79.52
845434,79.52
845435,79.52
845436,79.52
845437,79.52
845440,79.52
845456,79.52
845457,79.52
845458,79.52
846001,82.89
846002,82.89
846003,82.89
846004,82.89
846005,82.89
846006,82.89
846007,82.89
846009,82.89
847101,82.89
847102,88.98
847103,82.89
847104,82.89
847105,82.89
847106,82.89
847107,84.44
847108,88.98
847109,88.98
847115,82.89
847121,82.89
847122,82.89
847123,82.89
847201,82.89
847203,82.89
847204,82.89
847211,88.98
847212,88.98
847213,88.98
847214,88.98
847215,88.98
847222,88.98
847223,88.98
847224,88.98
847225,88.98
847226,88.98
847227,88.98
847228,88.98
847229,88.98
847230,88.98
847231,88.98
847232,88.98
847233,82.89
847234,88.98
847235,88.98
847236,88.98
847238,88.98
847239,82.89
847240,88.98
847301,82.89
847302,82.89
847303,82.89
847304,82.89
847305,88.98
847306,82.89
847307,82.89
847308,88.98
847337,82.89
847401,88.98
847402,88.98
847403,88.98
847404,88.98
847405,82.89
847407,82.89
847408,88.98
847409,88.98
847410,88.98
847411,88.98
847421,88.98
847422,82.89
847423,82.89
847424,88.98
847427,82.89
847428,82.89
847429,82.89
847451,99.22
847452,99.22
848101,80.4
848102,80.4
848113,80.4
848114,80.4
848115,80.4
848117,80.4
848121,80.4
848122,80.4
848125,80.4
848127,80.4
848129,80.4
848130,80.4
848131,80.4
848132,80.4
848133,80.4
848134,80.4
848160,80.4
848201,74.06
848202,74.06
848203,82.77
848204,74.06
848205,80.4
848206,80.4
848207,80.4
848208,80.4
848209,80.4
848210,80.4
848211,80.4
848213,82.89
848216,80.4
848236,80.4
848301,80.4
848302,80.4
848501,80.4
848502,80.4
848503,80.4
848504,80.4
848505,80.4
848506,80.4
851101,74.06
851111,74.06
851112,74.06
851113,74.06
851114,74.06
851115,74.06
851116,74.06
851117,74.06
851118,74.06
851120,74.06
851126,74.06
851127,74.06
851128,74.06
851129,74.06
851130,74.06
851131,74.06
851132,74.06
851133,74.06
851134,74.06
851135,74.06
851201,82.77
851202,82.77
851203,82.77
851204,82.77
851205,82.77
851210,74.06
851211,74.06
851212,82.77
851213,82.77
851214,82.77
851215,82.77
851216,82.77
851217,74.06
851218,74.06
852101,91.95
852105,99.22
852106,89.03
852107,89.03
852108,99.22
852109,99.22
852110,99.22
852111,99.22
852112,91.95
852113,91.95
852114,91.95
852115,91.95
852116,91.95
852121,91.95
852122,91.95
852123,89.03
852124,89.03
852125,99.22
852126,89.03
852127,89.03
852128,91.95
852129,89.03
852130,99.22
852131,99.22
852132,91.95
852137,99.22
852138,99.22
852139,99.22
852161,82.77
852201,89.03
852202,89.03
852212,89.03
852213,91.95
852214,99.22
852215,99.22
852216,89.03
852217,89.03
852218,99.22
852219,91.95
852220,91.95
852221,89.03
853201,80.37
853202,80.37
853203,80.37
853204,80.37
853205,80.37
854101,85.03
854102,86.52
854103,85.03
854104,85.03
854105,85.03
854106,85.03
854107,85.03
854108,85.03
854109,85.03
854112,85.03
854113,85.03
854114,85.03
854115,85.03
854116,85.03
854117,85.03
854201,86.52
854202,86.52
854203,86.52
854204,86.52
854205,86.52
854301,86.52
854302,86.52
854303,86.52
854304,86.52
854305,86.52
854306,86.52
854311,92.62
854312,92.62
854315,86.52
854316,86.52
854317,85.03
854318,92.62
854325,86.52
854326,86.52
854327,86.52
854328,92.62
854329,92.62
854330,86.52
854331,92.62
854332,92.62
854333,92.62
854334,92.62
854335,92.62
854336,92.62
854337,86.52
854338,99.22
854339,99.22
854340,99.22
855101,120.11
855102,85.03
855105,85.03
855106,120.11
855107,120.11
855108,120.11
855113,85.03
855114,85.03
855115,120.11
855116,120.11
855117,120.11
