pincode,radiance_mean
110003,56.4
110057,56.5
110021,55.2
110024,49.2
110048,52.2
110016,46.1
110017,42.3
110070,42.5
110034,35.9
110092,33.3
110059,16.6
110093,16.4
110040,12.8
201301,36.2
400021,64.0
400049,59.0
400005,62.0
400051,55.0
400053,46.0
400059,43.0
400068,41.0
400050,47.0
400071,36.0
400070,30.0
400063,34.0
400086,32.0
560025,54.0
560027,53.0
560001,52.0
560099,40.0
560034,42.0
560017,40.0
560076,38.0
560037,37.0
560011,36.0
560068,31.0
560085,28.0
560035,22.0
110001,58.0
110006,44.0
110009,36.0
110026,40.0
110058,35.0
110075,30.0
110085,28.0
110091,34.0
110032,30.0
122002,38.0
122022,42.0
400006,60.0
400013,56.0
400018,54.0
400028,50.0
400054,46.0
400060,50.0
400062,38.0
400097,32.0
400074,34.0
400080,30.0
400614,35.0
400708,28.0
560002,44.0
560003,36.0
560004,38.0
560008,46.0
560029,36.0
560032,32.0
560047,28.0
560064,22.0
560066,30.0
560078,36.0
560103,26.0
400001,55.3
251001,20.8
141001,21.6
410500,37.2
412216,28.6
411001,42.0
411004,44.0
411014,43.0
440001,30.0
440010,31.0
440015,28.0
422009,29.0
422001,27.0
422003,26.0
431001,26.0
431005,24.0
431003,23.0
416001,25.0
416008,26.0
416115,22.0
413001,23.0
413002,22.0
413304,19.0
444601,21.0
444602,22.0
444906,17.0
431601,21.0
431605,20.0
431602,20.0
123412,24.9
123106,24.9
301705,15.8
301704,15.8
123501,24.9
301708,15.8
201303,16.9
301714,22.8
400201,28.6
400603,36.0
400605,31.8
400607,28.6
400612,28.6
400615,28.6
401209,28.6
410210,28.6
421302,31.7
421312,28.6
421503,28.6
421604,28.6
110004,38.0
110054,38.0
110074,38.0
110081,38.0
110094,38.0
121001,40.0
122001,40.0
140306,27.2
160018,28.0
171207,28.0
203200,27.2
301406,25.4
302001,25.4
400087,46.0
403103,46.0
403529,46.0
411089,46.0
452001,21.8
560012,36.0
605005,30.8
629853,30.8
631501,30.8
636014,30.8
638506,30.8
638656,30.8
643001,30.8
680014,23.6
683541,23.6
685512,23.6
686564,23.6
688501,23.6
689699,23.6
691315,23.6
695543,23.6
700019,32.6
737101,32.6
737120,32.6
737139,32.6
744207,32.6
782423,28.0
790116,28.0
791001,28.0
791119,28.0
796082,28.0
D160859,28.0
D254564,28.0
D324734,28.0
D629207,28.0
D701545,28.0
D792405,28.0
D976610,28.0
625005,30.8
796911,28.0
248159,27.2
176041,28.0
637003,30.8
144601,27.2
383205,29.9
D226277,28.0
791122,28.0
799001,28.0
744202,32.6
D653477,28.0
530028,27.2
D648773,28.0
127029,40.0
601103,30.8
609604,30.8
D681670,28.0
410206,46.0
574220,36.0
790105,28.0
141116,27.2
388400,29.9
387335,29.9
570001,36.0
360001,18.6
400702,28.6
401301,28.6
421201,33.8
201314,16.9
201312,16.9
210310,18.8
201306,16.9
121101,24.9
201001,16.9
201308,24.8
203207,24.8
245408,16.9
201003,24.8
203202,16.9
203205,24.8
110020,43.1
201009,16.9
201008,16.9
121004,59.8
335526,15.8
335525,15.8
335512,15.8
122004,24.9
282007,16.9
283105,16.9
282010,21.4
280001,16.9
281302,16.9
122008,59.8
282009,16.9
283122,24.8
283119,16.9
402004,45.7
283125,24.8
283202,24.8
282001,16.9
440021,46.0
D212378,28.0
D862485,28.0
304001,25.4
D989489,28.0
D171306,28.0
791120,28.0
D905581,28.0
792110,28.0
673574,23.6
625520,30.8
174316,28.0
583103,36.0
249401,27.2
577101,36.0
D963453,28.0
182202,28.0
D734356,28.0
521156,27.2
342001,25.4
797004,28.0
D939856,28.0
192129,28.0
123500,24.9
301401,15.8
301407,15.8
124001,48.1
124021,24.9
124029,59.8
124401,24.9
124022,24.9
124505,59.8
124514,59.8
124107,24.9
301707,15.8
301702,15.8
123200,24.9
127201,24.9
123308,40.1
333029,15.8
331305,15.8
124010,45.0
136118,17.4
416211,46.0
D958603,28.0
172116,28.0
D458966,28.0
790102,28.0
562130,36.0
D118911,28.0
792001,28.0
D939729,28.0
144001,27.2
797112,28.0
678642,23.6
712306,32.6
D632781,28.0
143518,27.2
152004,27.2
D692292,28.0
627502,30.8
D371822,28.0
144208,27.2
391760,29.9
180017,28.0
635116,30.8
D832760,28.0
D155696,28.0
791118,28.0
533309,27.2
362520,29.9
522307,27.2
833219,28.0
676121,23.6
752020,28.0
500104,33.5
133104,28.0
D731829,28.0
D591824,28.0
508377,33.5
770011,28.0
142001,27.2
623700,30.8
670593,23.6
791002,28.0
D840134,28.0
796321,28.0
D450640,28.0
D794154,28.0
632010,30.8
122104,40.0
D745712,28.0
D524797,28.0
798611,28.0
176002,28.0
D706630,28.0
D910402,28.0
201206,27.2
798616,28.0
D750446,28.0
D237982,28.0
250001,27.2
D534240,28.0
333001,25.4
382620,29.9
562104,36.0
828109,28.0
246488,27.2
624622,30.8
175021,28.0
D549883,28.0
D285577,28.0
D474943,28.0
523262,27.2
152026,27.2
D794663,28.0
580020,36.0
140118,27.2
563126,36.0
534350,27.2
734431,32.6
573118,36.0
D363985,28.0
506331,33.5
325203,25.4
D470467,28.0
451440,21.8
D726977,28.0
D846953,28.0
D552582,28.0
D140377,28.0
576124,36.0
D272288,28.0
140407,27.2
142023,27.2
151209,27.2
507167,33.5
D838687,28.0
226001,27.2
795113,28.0
797102,28.0
151503,27.2
799273,28.0
791104,28.0
D848859,28.0
D436336,28.0
D649886,28.0
D997922,28.0
586127,36.0
D782262,28.0
D501306,28.0
628001,30.8
D823806,28.0
D832430,28.0
D525821,28.0
416314,46.0
D447102,28.0
D871865,28.0
D609641,28.0
572128,36.0
190001,28.0
D582880,28.0
571201,36.0
D853564,28.0
792123,28.0
D213047,28.0
636700,30.8
263654,27.2
332041,25.4
562159,36.0
D877003,28.0
505469,33.5
392140,29.9
621804,30.8
604302,30.8
798625,28.0
D850617,28.0
524311,27.2
785634,28.0
613904,30.8
670721,23.6
D965985,28.0
416603,46.0
370427,29.9
614712,30.8
630556,30.8
143415,27.2
263145,27.2
313702,25.4
208012,27.2
D483105,28.0
383315,29.9
173023,28.0
D629957,28.0
305600,25.4
362260,29.9
518465,27.2
D966900,28.0
785600,28.0
786001,28.0
D248418,28.0
486896,21.8
D710636,28.0
D656917,28.0
431002,46.0
D808830,28.0
834010,28.0
D754715,28.0
D888359,28.0
D629821,28.0
792130,28.0
D794573,28.0
D254856,28.0
614101,30.8
D566928,28.0
303506,25.4
396375,29.9
124104,40.0
335803,25.4
D433744,28.0
184121,28.0
425116,46.0
795010,28.0
D427457,28.0
D344010,28.0
786153,28.0
D770954,28.0
577544,36.0
D445699,28.0
D890490,28.0
D902798,28.0
D958583,28.0
281406,27.2
D884563,28.0
D817915,28.0
414001,46.0
D340635,28.0
D717069,28.0
500023,33.5
126125,40.0
247001,27.2
D634761,28.0
284303,16.9
476221,13.6
284306,16.9
284302,16.9
285201,16.9
323601,15.8
324001,15.8
325001,15.8
323301,15.8
323600,22.8
124106,24.9
201102,16.9
250101,16.9
121005,24.9
500081,24.5
121009,44.3
110045,30.5
110065,41.8
110041,23.6
321023,15.8
321204,15.8
334001,15.8
321024,22.8
334005,15.8
122508,59.8
334401,15.8
334402,15.8
334004,15.8
560057,23.5
110047,23.6
110035,33.6
412105,28.6
412307,28.6
411025,28.6
410005,43.4
412110,28.6
412308,57.4
410505,28.6
411072,38.9
250002,17.6
250004,16.9
250205,16.9
250223,16.9
250005,16.9
250400,16.9
245101,16.9
250110,16.9
201204,16.9
201305,16.9
245301,16.9
250601,16.9
476335,13.6
476355,13.6
476332,13.6
562149,22.4
560039,26.7
560063,24.1
560097,22.4
562157,31.8
561203,22.4
562110,22.4
562129,22.4
560049,22.4
562132,22.4
560074,22.4
562127,22.4
560060,22.4
561201,22.4
562120,22.4
562123,31.8
562109,31.8
560083,33.9
D395541,28.0
110053,38.0
501511,20.8
509218,20.8
500005,32.1
501505,20.8
500089,20.8
800081,25.7
500097,20.8
501301,20.8
502319,20.8
501359,20.8
500101,20.8
501512,50.1
D367866,28.0
124507,24.9
124504,24.9
122413,59.8
201307,16.9
201015,16.9
110088,38.1
110029,33.7
123411,24.9
502269,20.8
502246,20.8
502257,50.1
502273,20.8
502345,20.8
122016,25.6
131023,17.4
110096,33.6
110073,23.6
124102,24.9
122017,49.7
400027,28.6
410221,28.6
410208,28.6
400010,43.9
410701,28.6
421103,28.6
421100,28.6
410200,59.2
410102,59.2
421003,28.6
421102,28.6
D461093,28.0
D325346,28.0
D929596,28.0
D944990,28.0
413302,46.0
D394763,28.0
394670,29.9
621115,30.8
D312499,28.0
D842180,28.0
246439,27.2
785621,28.0
825402,28.0
382711,29.9
D982573,28.0
761214,28.0
D730512,28.0
821115,28.0
D145034,28.0
606001,30.8
D706767,28.0
D790955,28.0
D559536,28.0
D210640,28.0
249131,27.2
D697137,28.0
D501341,28.0
D211386,28.0
D525018,28.0
622506,30.8
D819057,28.0
D890225,28.0
843108,28.0
795102,28.0
783383,28.0
844126,28.0
D654726,28.0
D580844,28.0
D940778,28.0
D170869,28.0
582102,36.0
D569194,28.0
211001,27.2
D301308,28.0
D197112,28.0
488051,21.8
431806,46.0
135103,28.0
D331294,28.0
D896586,28.0
794111,28.0
202001,27.2
743438,32.6
D968680,28.0
D169177,28.0
D523472,28.0
D836663,28.0
590001,36.0
D857972,28.0
D267452,28.0
D952324,28.0
191132,28.0
D309783,28.0
D370250,28.0
788119,28.0
767017,28.0
758001,28.0
851213,28.0
D649160,28.0
D404179,28.0
D655706,28.0
784125,28.0
586101,36.0
814114,28.0
228141,27.2
224188,27.2
825316,28.0
307001,25.4
D556250,28.0
845437,28.0
841241,28.0
D191344,28.0
325218,25.4
D728927,28.0
533464,27.2
D690011,28.0
D163852,28.0
D959576,28.0
813102,28.0
D904225,28.0
798621,28.0
D912916,28.0
784505,28.0
852221,28.0
323001,25.4
841440,28.0
D146661,28.0
322024,25.4
328031,25.4
854202,28.0
742169,32.6
246762,27.2
D532364,28.0
D837649,28.0
D809540,28.0
803109,28.0
D797660,28.0
D576228,28.0
D727621,28.0
244001,27.2
781137,28.0
D408343,28.0
326039,25.4
441804,46.0
D340613,28.0
D130094,28.0
D469416,28.0
731216,32.6
781300,28.0
185101,28.0
D625702,28.0
794102,28.0
481102,21.8
D919044,28.0
244221,27.2
443102,46.0
822123,28.0
D920456,28.0
795006,28.0
783362,28.0
D581407,28.0
793119,28.0
741123,32.6
203001,27.2
273001,27.2
D147530,28.0
487110,21.8
D951435,28.0
458883,21.8
851127,28.0
243001,27.2
484330,21.8
D552859,28.0
D415026,28.0
782141,28.0
782105,28.0
D516392,28.0
D988234,28.0
D466715,28.0
461005,21.8
D997854,28.0
787059,28.0
781372,28.0
D231483,28.0
804420,28.0
783349,28.0
811314,28.0
221003,27.2
D419945,28.0
D335855,28.0
D280075,28.0
385340,29.9
733124,32.6
455223,21.8
793151,28.0
210421,27.2
735302,32.6
389175,29.9
441807,46.0
470001,21.8
224227,27.2
431122,46.0
D763704,28.0
783360,28.0
241001,27.2
496111,28.0
759123,28.0
207001,27.2
752002,28.0
D195091,28.0
D913218,28.0
847224,28.0
D780233,28.0
272192,27.2
D563785,28.0
D622904,28.0
D107542,28.0
848505,28.0
193502,28.0
843314,28.0
D688159,28.0
D319295,28.0
D579372,28.0
D711895,28.0
788161,28.0
D214617,28.0
D400421,28.0
D903909,28.0
755008,28.0
D503810,28.0
824231,28.0
D189961,28.0
D343352,28.0
D511120,28.0
212600,27.2
821101,28.0
284403,27.2
D669852,28.0
D193421,28.0
D306068,28.0
D942323,28.0
271003,27.2
D417644,28.0
274001,27.2
D428839,28.0
274305,27.2
D515353,28.0
272175,27.2
193224,28.0
843329,28.0
493551,28.0
242307,27.2
761111,28.0
D334849,28.0
D728012,28.0
D171615,28.0
497346,28.0
D121313,28.0
D270808,28.0
848503,28.0
D262167,28.0
D686330,28.0
D269102,28.0
D469019,28.0
D851774,28.0
D280408,28.0
768109,28.0
D516565,28.0
802136,28.0
465223,21.8
D502821,28.0
D124782,28.0
224122,27.2
495004,28.0
D505553,28.0
D841188,28.0
D734014,28.0
803120,28.0
D853079,28.0
815315,28.0
D211490,28.0
D806886,28.0
229001,27.2
D350782,28.0
D148606,28.0
D693397,28.0
754215,28.0
425409,46.0
D559316,28.0
D889929,28.0
497116,28.0
D782578,28.0
262122,27.2
222501,27.2
D734885,28.0
243633,27.2
D815885,28.0
D167300,28.0
D712176,28.0
231310,28.0
D216230,28.0
D932553,28.0
233001,28.0
D441711,28.0
814133,28.0
460001,21.8
D492353,28.0
221201,27.2
D752523,28.0
D361537,28.0
394710,29.9
723101,32.6
D179875,28.0
D308156,28.0
D521581,28.0
D267960,28.0
494661,28.0
D778644,28.0
D263669,28.0
585323,36.0
D280374,28.0
D980667,28.0
496225,28.0
D847522,28.0
D740403,28.0
762014,28.0
495668,28.0
D898467,28.0
814111,28.0
D344259,28.0
D680704,28.0
D420466,28.0
764073,28.0
D529633,28.0
D573435,28.0
D577760,28.0
515001,27.2
515002,27.2
515003,27.2
515004,27.2
515005,27.2
515101,27.2
515110,27.2
515122,27.2
515123,27.2
515124,27.2
515133,27.2
515134,27.2
515144,27.2
515154,27.2
515159,27.2
515164,27.2
515201,27.2
515202,27.2
515211,27.2
515212,27.2
515231,27.2
515241,27.2
515261,27.2
515271,27.2
515281,27.2
515286,27.2
515291,27.2
515301,27.2
515303,27.2
515305,27.2
515311,27.2
515321,27.2
515331,27.2
515341,27.2
515401,27.2
515402,27.2
515405,27.2
515408,27.2
515411,27.2
515413,27.2
515414,27.2
515415,27.2
515425,27.2
515435,27.2
515445,27.2
515455,27.2
515465,27.2
515501,27.2
515511,27.2
515521,27.2
515531,27.2
515541,27.2
515551,27.2
515556,27.2
515561,27.2
515571,27.2
515581,27.2
515591,27.2
515601,27.2
515611,27.2
515621,27.2
515631,27.2
515641,27.2
515651,27.2
515661,27.2
515671,27.2
515672,27.2
515701,27.2
515711,27.2
515721,27.2
515722,27.2
515731,27.2
515741,27.2
515751,27.2
515761,27.2
515763,27.2
515765,27.2
515766,27.2
515767,27.2
515774,27.2
515775,27.2
515787,27.2
515801,27.2
515803,27.2
515812,27.2
515822,27.2
515832,27.2
515842,27.2
515863,27.2
515865,27.2
515867,27.2
515870,27.2
515871,27.2
515872,27.2
517001,27.2
517002,27.2
517004,27.2
517101,27.2
517102,27.2
517112,27.2
517113,27.2
517123,27.2
517124,27.2
517125,27.2
517126,27.2
517127,27.2
517128,27.2
517129,27.2
517130,27.2
517131,27.2
517132,27.2
517152,27.2
517167,27.2
517172,27.2
517192,27.2
517193,27.2
517194,27.2
517213,27.2
517214,27.2
517234,27.2
517235,27.2
517236,27.2
517237,27.2
517247,27.2
517257,27.2
517277,27.2
517280,27.2
517291,27.2
517297,27.2
517299,27.2
517305,27.2
517319,27.2
517325,27.2
517326,27.2
517350,27.2
517351,27.2
517352,27.2
517370,27.2
517390,27.2
517391,27.2
517401,27.2
517403,27.2
517408,27.2
517414,27.2
517415,27.2
517416,27.2
517417,27.2
517418,27.2
517419,27.2
517421,27.2
517422,27.2
517423,27.2
517424,27.2
517425,27.2
517426,27.2
517429,27.2
517432,27.2
517501,27.2
517502,27.2
517503,27.2
517504,27.2
517505,27.2
517506,27.2
517507,27.2
517520,27.2
517526,27.2
517536,27.2
517541,27.2
517551,27.2
517561,27.2
517569,27.2
517571,27.2
517581,27.2
517582,27.2
517583,27.2
517584,27.2
517586,27.2
517587,27.2
517588,27.2
517589,27.2
517590,27.2
517591,27.2
517592,27.2
517599,27.2
517619,27.2
517620,27.2
517640,27.2
517641,27.2
517642,27.2
517643,27.2
517644,27.2
517645,27.2
518001,27.2
518002,27.2
518003,27.2
518004,27.2
518006,27.2
518007,27.2
518010,27.2
518101,27.2
518102,27.2
518112,27.2
518122,27.2
518123,27.2
518124,27.2
518134,27.2
518135,27.2
518145,27.2
518155,27.2
518165,27.2
518166,27.2
518176,27.2
518186,27.2
518196,27.2
518206,27.2
518216,27.2
518217,27.2
518218,27.2
518220,27.2
518221,27.2
518222,27.2
518225,27.2
518301,27.2
518302,27.2
518308,27.2
518313,27.2
518323,27.2
518333,27.2
518343,27.2
518344,27.2
518345,27.2
518346,27.2
518347,27.2
518348,27.2
518349,27.2
518350,27.2
518360,27.2
518380,27.2
518385,27.2
518390,27.2
518395,27.2
518396,27.2
518401,27.2
518405,27.2
518411,27.2
518412,27.2
518422,27.2
518432,27.2
518442,27.2
518452,27.2
518462,27.2
518463,27.2
518464,27.2
518466,27.2
518467,27.2
518468,27.2
518501,27.2
518502,27.2
518508,27.2
518510,27.2
518511,27.2
518512,27.2
518513,27.2
518523,27.2
518533,27.2
518543,27.2
518553,27.2
518563,27.2
518573,27.2
518583,27.2
518593,27.2
518594,27.2
518598,27.2
518599,27.2
518674,27.2
520001,27.2
520002,27.2
520003,27.2
520004,27.2
520007,27.2
520008,27.2
520010,27.2
520011,27.2
520012,27.2
520013,27.2
520015,27.2
521001,27.2
521002,27.2
521003,27.2
521101,27.2
521102,27.2
521104,27.2
521105,27.2
521106,27.2
521107,27.2
521108,27.2
521109,27.2
521110,27.2
521111,27.2
521120,27.2
521121,27.2
521122,27.2
521125,27.2
521126,27.2
521130,27.2
521131,27.2
521132,27.2
521133,27.2
521134,27.2
521135,27.2
521136,27.2
521137,27.2
521138,27.2
521139,27.2
521148,27.2
521149,27.2
521150,27.2
521151,27.2
521153,27.2
521157,27.2
521158,27.2
521162,27.2
521163,27.2
521164,27.2
521165,27.2
521170,27.2
521175,27.2
521178,27.2
521180,27.2
521181,27.2
521182,27.2
521183,27.2
521185,27.2
521190,27.2
521201,27.2
521202,27.2
521207,27.2
521211,27.2
521212,27.2
521213,27.2
521214,27.2
521215,27.2
521225,27.2
521226,27.2
521227,27.2
521228,27.2
521229,27.2
521230,27.2
521235,27.2
521241,27.2
521245,27.2
521246,27.2
521247,27.2
521250,27.2
521256,27.2
521260,27.2
521261,27.2
521263,27.2
521286,27.2
521301,27.2
521311,27.2
521312,27.2
521321,27.2
521322,27.2
521323,27.2
521324,27.2
521325,27.2
521326,27.2
521327,27.2
521328,27.2
521329,27.2
521330,27.2
521331,27.2
521332,27.2
521333,27.2
521340,27.2
521343,27.2
521344,27.2
521345,27.2
521356,27.2
521366,27.2
521369,27.2
521390,27.2
521401,27.2
521402,27.2
521403,27.2
521456,27.2
521457,27.2
522001,27.2
522002,27.2
522003,27.2
522004,27.2
522005,27.2
522006,27.2
522007,27.2
522009,27.2
522015,27.2
522016,27.2
522017,27.2
522018,27.2
522019,27.2
522020,27.2
522034,27.2
522101,27.2
522102,27.2
522111,27.2
522112,27.2
522113,27.2
522124,27.2
522201,27.2
522202,27.2
522211,27.2
522212,27.2
522213,27.2
522233,27.2
522234,27.2
522235,27.2
522236,27.2
522237,27.2
522256,27.2
522257,27.2
522258,27.2
522259,27.2
522261,27.2
522262,27.2
522264,27.2
522265,27.2
522268,27.2
522301,27.2
522302,27.2
522303,27.2
522304,27.2
522305,27.2
522306,27.2
522308,27.2
522309,27.2
522310,27.2
522311,27.2
522312,27.2
522313,27.2
522314,27.2
522315,27.2
522316,27.2
522317,27.2
522318,27.2
522324,27.2
522325,27.2
522329,27.2
522330,27.2
522341,27.2
522401,27.2
522402,27.2
522403,27.2
522408,27.2
522409,27.2
522410,27.2
522411,27.2
522412,27.2
522413,27.2
522414,27.2
522415,27.2
522421,27.2
522426,27.2
522435,27.2
522436,27.2
522437,27.2
522438,27.2
522439,27.2
522501,27.2
522502,27.2
522503,27.2
522508,27.2
522509,27.2
522510,27.2
522529,27.2
522549,27.2
522601,27.2
522603,27.2
522611,27.2
522612,27.2
522613,27.2
522614,27.2
522615,27.2
522616,27.2
522617,27.2
522619,27.2
522626,27.2
522646,27.2
522647,27.2
522649,27.2
522657,27.2
522658,27.2
522659,27.2
522660,27.2
522661,27.2
522663,27.2
523001,27.2
523002,27.2
523101,27.2
523104,27.2
523105,27.2
523108,27.2
523109,27.2
523110,27.2
523111,27.2
523112,27.2
523113,27.2
523114,27.2
523115,27.2
523116,27.2
523117,27.2
523135,27.2
523155,27.2
523157,27.2
523165,27.2
523166,27.2
523167,27.2
523168,27.2
523169,27.2
523170,27.2
523171,27.2
523180,27.2
523181,27.2
523182,27.2
523183,27.2
523184,27.2
523185,27.2
523186,27.2
523187,27.2
523190,27.2
523201,27.2
523211,27.2
523212,27.2
523213,27.2
523214,27.2
523223,27.2
523224,27.2
523225,27.2
523226,27.2
523227,27.2
523228,27.2
523230,27.2
523240,27.2
523241,27.2
523245,27.2
523246,27.2
523247,27.2
523252,27.2
523253,27.2
523254,27.2
523260,27.2
523261,27.2
523263,27.2
523264,27.2
523265,27.2
523270,27.2
523271,27.2
523272,27.2
523273,27.2
523274,27.2
523279,27.2
523280,27.2
523281,27.2
523286,27.2
523291,27.2
523292,27.2
523301,27.2
523302,27.2
523303,27.2
523304,27.2
523305,27.2
523315,27.2
523316,27.2
523320,27.2
523326,27.2
523327,27.2
523328,27.2
523329,27.2
523330,27.2
523331,27.2
523332,27.2
523333,27.2
523334,27.2
523335,27.2
523336,27.2
523346,27.2
523356,27.2
523357,27.2
523367,27.2
523368,27.2
523369,27.2
523370,27.2
523371,27.2
523372,27.2
523373,27.2
524001,27.2
524002,27.2
524003,27.2
524004,27.2
524005,27.2
524101,27.2
524121,27.2
524123,27.2
524124,27.2
524126,27.2
524127,27.2
524129,27.2
524131,27.2
524132,27.2
524134,27.2
524137,27.2
524142,27.2
524152,27.2
524201,27.2
524203,27.2
524221,27.2
524222,27.2
524223,27.2
524224,27.2
524225,27.2
524226,27.2
524227,27.2
524228,27.2
524230,27.2
524234,27.2
524236,27.2
524239,27.2
524240,27.2
524302,27.2
524303,27.2
524304,27.2
524305,27.2
524306,27.2
524307,27.2
524308,27.2
524309,27.2
524310,27.2
524312,27.2
524313,27.2
524314,27.2
524315,27.2
524316,27.2
524317,27.2
524318,27.2
524319,27.2
524320,27.2
524321,27.2
524322,27.2
524323,27.2
524341,27.2
524342,27.2
524343,27.2
524344,27.2
524345,27.2
524346,27.2
524366,27.2
524401,27.2
524402,27.2
524403,27.2
524404,27.2
524405,27.2
524406,27.2
524407,27.2
524408,27.2
524409,27.2
524410,27.2
524411,27.2
524412,27.2
524413,27.2
524414,27.2
524415,27.2
524421,27.2
530001,27.2
530002,27.2
530003,27.2
530004,27.2
530005,27.2
530007,27.2
530008,27.2
530009,27.2
530011,27.2
530012,27.2
530013,27.2
530014,27.2
530016,27.2
530017,27.2
530018,27.2
530020,27.2
530022,27.2
530024,27.2
530026,27.2
530027,27.2
530029,27.2
530031,27.2
530032,27.2
530040,27.2
530041,27.2
530043,27.2
530044,27.2
530045,27.2
530046,27.2
530047,27.2
530048,27.2
530049,27.2
530051,27.2
530052,27.2
530053,27.2
531001,27.2
531002,27.2
531011,27.2
531019,27.2
531020,27.2
531021,27.2
531022,27.2
531023,27.2
531024,27.2
531025,27.2
531026,27.2
531027,27.2
531028,27.2
531029,27.2
531030,27.2
531031,27.2
531032,27.2
531033,27.2
531034,27.2
531035,27.2
531036,27.2
531040,27.2
531055,27.2
531060,27.2
531061,27.2
531075,27.2
531077,27.2
531081,27.2
531082,27.2
531083,27.2
531084,27.2
531085,27.2
531087,27.2
531105,27.2
531111,27.2
531113,27.2
531114,27.2
531115,27.2
531116,27.2
531117,27.2
531118,27.2
531126,27.2
531127,27.2
531133,27.2
531149,27.2
531151,27.2
531162,27.2
531163,27.2
531173,27.2
531219,27.2
532001,27.2
532005,27.2
532122,27.2
532123,27.2
532127,27.2
532148,27.2
532168,27.2
532186,27.2
532190,27.2
532195,27.2
532201,27.2
532203,27.2
532211,27.2
532212,27.2
532213,27.2
532214,27.2
532215,27.2
532216,27.2
532218,27.2
532219,27.2
532220,27.2
532221,27.2
532222,27.2
532242,27.2
532243,27.2
532263,27.2
532264,27.2
532284,27.2
532290,27.2
532291,27.2
532292,27.2
532312,27.2
532322,27.2
532401,27.2
532402,27.2
532403,27.2
532404,27.2
532405,27.2
532406,27.2
532407,27.2
532408,27.2
532409,27.2
532410,27.2
532421,27.2
532425,27.2
532426,27.2
532427,27.2
532428,27.2
532429,27.2
532430,27.2
532432,27.2
532440,27.2
532443,27.2
532445,27.2
532455,27.2
532456,27.2
532457,27.2
532458,27.2
532459,27.2
532460,27.2
532461,27.2
532462,27.2
532474,27.2
532484,27.2
533001,27.2
533002,27.2
533003,27.2
533004,27.2
533005,27.2
533006,27.2
533016,27.2
533101,27.2
533102,27.2
533103,27.2
533104,27.2
533105,27.2
533106,27.2
533107,27.2
533124,27.2
533125,27.2
533126,27.2
533201,27.2
533210,27.2
533211,27.2
533212,27.2
533213,27.2
533214,27.2
533215,27.2
533216,27.2
533217,27.2
533218,27.2
533220,27.2
533221,27.2
533222,27.2
533223,27.2
533228,27.2
533229,27.2
533232,27.2
533233,27.2
533234,27.2
533235,27.2
533236,27.2
533237,27.2
533238,27.2
533239,27.2
533240,27.2
533241,27.2
533242,27.2
533244,27.2
533247,27.2
533248,27.2
533249,27.2
533250,27.2
533251,27.2
533252,27.2
533253,27.2
533254,27.2
533255,27.2
533256,27.2
533260,27.2
533261,27.2
533262,27.2
533263,27.2
533264,27.2
533274,27.2
533284,27.2
533285,27.2
533286,27.2
533287,27.2
533288,27.2
533289,27.2
533290,27.2
533291,27.2
533292,27.2
533293,27.2
533294,27.2
533295,27.2
533296,27.2
533297,27.2
533305,27.2
533306,27.2
533307,27.2
533308,27.2
533340,27.2
533341,27.2
533342,27.2
533343,27.2
533344,27.2
533345,27.2
533346,27.2
533401,27.2
533406,27.2
533407,27.2
533408,27.2
533428,27.2
533429,27.2
533430,27.2
533431,27.2
533432,27.2
533433,27.2
533434,27.2
533435,27.2
533436,27.2
533437,27.2
533440,27.2
533444,27.2
533445,27.2
533446,27.2
533447,27.2
533448,27.2
533449,27.2
533450,27.2
533461,27.2
533462,27.2
533463,27.2
533468,27.2
533483,27.2
533577,27.2
534001,27.2
534002,27.2
534003,27.2
534004,27.2
534005,27.2
534006,27.2
534007,27.2
534101,27.2
534102,27.2
534111,27.2
534112,27.2
534122,27.2
534123,27.2
534124,27.2
534126,27.2
534134,27.2
534145,27.2
534146,27.2
534156,27.2
534165,27.2
534166,27.2
534176,27.2
534186,27.2
534195,27.2
534196,27.2
534197,27.2
534198,27.2
534199,27.2
534201,27.2
534202,27.2
534204,27.2
534206,27.2
534207,27.2
534208,27.2
534209,27.2
534210,27.2
534211,27.2
534215,27.2
534216,27.2
534217,27.2
534218,27.2
534222,27.2
534225,27.2
534227,27.2
534230,27.2
534235,27.2
534236,27.2
534237,27.2
534238,27.2
534239,27.2
534240,27.2
534243,27.2
534244,27.2
534245,27.2
534247,27.2
534250,27.2
534260,27.2
534265,27.2
534266,27.2
534267,27.2
534268,27.2
534269,27.2
534275,27.2
534280,27.2
534281,27.2
534301,27.2
534302,27.2
534305,27.2
534311,27.2
534312,27.2
534313,27.2
534315,27.2
534316,27.2
534318,27.2
534320,27.2
534324,27.2
534326,27.2
534327,27.2
534328,27.2
534329,27.2
534330,27.2
534331,27.2
534338,27.2
534340,27.2
534341,27.2
534342,27.2
534401,27.2
534406,27.2
534411,27.2
534416,27.2
534425,27.2
534426,27.2
534427,27.2
534432,27.2
534437,27.2
534442,27.2
534447,27.2
534448,27.2
534449,27.2
534450,27.2
534451,27.2
534452,27.2
534455,27.2
534456,27.2
534460,27.2
534461,27.2
534462,27.2
534467,27.2
534475,27.2
535001,27.2
535002,27.2
535003,27.2
535004,27.2
535005,27.2
535006,27.2
535101,27.2
535102,27.2
535124,27.2
535125,27.2
535126,27.2
535128,27.2
535145,27.2
535148,27.2
535160,27.2
535161,27.2
535183,27.2
535204,27.2
535213,27.2
535214,27.2
535215,27.2
535216,27.2
535217,27.2
535218,27.2
535220,27.2
535221,27.2
535240,27.2
535250,27.2
535260,27.2
535270,27.2
535273,27.2
535280,27.2
535281,27.2
535463,27.2
535501,27.2
535502,27.2
535521,27.2
535522,27.2
535523,27.2
535524,27.2
535525,27.2
535526,27.2
535527,27.2
535534,27.2
535546,27.2
535547,27.2
535557,27.2
535558,27.2
535559,27.2
535568,27.2
535573,27.2
535578,27.2
535579,27.2
535580,27.2
535581,27.2
535591,27.2
535592,27.2
535593,27.2
535594,27.2
781001,28.0
781003,28.0
781004,28.0
781005,28.0
781006,28.0
781007,28.0
781008,28.0
781009,28.0
781010,28.0
781011,28.0
781012,28.0
781013,28.0
781014,28.0
781015,28.0
781016,28.0
781017,28.0
781018,28.0
781019,28.0
781020,28.0
781021,28.0
781022,28.0
781023,28.0
781024,28.0
781025,28.0
781026,28.0
781027,28.0
781028,28.0
781029,28.0
781030,28.0
781031,28.0
781032,28.0
781034,28.0
781035,28.0
781036,28.0
781037,28.0
781038,28.0
781039,28.0
781040,28.0
781101,28.0
781102,28.0
781103,28.0
781104,28.0
781120,28.0
781121,28.0
781122,28.0
781123,28.0
781124,28.0
781125,28.0
781126,28.0
781127,28.0
781128,28.0
781129,28.0
781131,28.0
781132,28.0
781133,28.0
781134,28.0
781135,28.0
781136,28.0
781138,28.0
781141,28.0
781150,28.0
781171,28.0
781301,28.0
781302,28.0
781303,28.0
781304,28.0
781305,28.0
781306,28.0
781307,28.0
781308,28.0
781309,28.0
781310,28.0
781311,28.0
781312,28.0
781313,28.0
781314,28.0
781315,28.0
781316,28.0
781317,28.0
781318,28.0
781319,28.0
781321,28.0
781325,28.0
781326,28.0
781327,28.0
781328,28.0
781329,28.0
781330,28.0
781333,28.0
781334,28.0
781335,28.0
781337,28.0
781338,28.0
781339,28.0
781340,28.0
781341,28.0
781343,28.0
781344,28.0
781346,28.0
781347,28.0
781348,28.0
781349,28.0
781350,28.0
781351,28.0
781352,28.0
781353,28.0
781354,28.0
781355,28.0
781360,28.0
781364,28.0
781365,28.0
781366,28.0
781367,28.0
781368,28.0
781369,28.0
781370,28.0
781371,28.0
781373,28.0
781374,28.0
781375,28.0
781376,28.0
781377,28.0
781378,28.0
781380,28.0
781381,28.0
781382,28.0
782001,28.0
782002,28.0
782003,28.0
782101,28.0
782102,28.0
782103,28.0
782120,28.0
782122,28.0
782123,28.0
782124,28.0
782125,28.0
782135,28.0
782136,28.0
782137,28.0
782138,28.0
782139,28.0
782140,28.0
782142,28.0
782143,28.0
782144,28.0
782401,28.0
782402,28.0
782403,28.0
782425,28.0
782426,28.0
782427,28.0
782428,28.0
782429,28.0
782435,28.0
782439,28.0
782440,28.0
782441,28.0
782442,28.0
782445,28.0
782446,28.0
782447,28.0
782448,28.0
782450,28.0
782460,28.0
782461,28.0
782462,28.0
782470,28.0
782480,28.0
782481,28.0
782482,28.0
782485,28.0
782486,28.0
782490,28.0
783101,28.0
783120,28.0
783122,28.0
783123,28.0
783124,28.0
783125,28.0
783126,28.0
783127,28.0
783128,28.0
783129,28.0
783130,28.0
783131,28.0
783132,28.0
783133,28.0
783134,28.0
783135,28.0
783301,28.0
783323,28.0
783324,28.0
783325,28.0
783330,28.0
783331,28.0
783332,28.0
783333,28.0
783334,28.0
783335,28.0
783336,28.0
783337,28.0
783339,28.0
783345,28.0
783346,28.0
783347,28.0
783348,28.0
783350,28.0
783354,28.0
783361,28.0
783369,28.0
783370,28.0
783371,28.0
783372,28.0
783373,28.0
783375,28.0
783376,28.0
783380,28.0
783381,28.0
783382,28.0
783384,28.0
783385,28.0
783388,28.0
783389,28.0
783390,28.0
783391,28.0
783392,28.0
783393,28.0
783394,28.0
784001,28.0
784010,28.0
784025,28.0
784026,28.0
784027,28.0
784028,28.0
784101,28.0
784102,28.0
784103,28.0
784104,28.0
784105,28.0
784110,28.0
784111,28.0
784112,28.0
784113,28.0
784114,28.0
784115,28.0
784116,28.0
784117,28.0
784144,28.0
784145,28.0
784146,28.0
784147,28.0
784148,28.0
784149,28.0
784150,28.0
784153,28.0
784154,28.0
784160,28.0
784161,28.0
784163,28.0
784164,28.0
784165,28.0
784166,28.0
784167,28.0
784168,28.0
784169,28.0
784170,28.0
784171,28.0
784172,28.0
784173,28.0
784174,28.0
784175,28.0
784176,28.0
784177,28.0
784178,28.0
784179,28.0
784180,28.0
784182,28.0
784184,28.0
784189,28.0
784190,28.0
784501,28.0
784502,28.0
784504,28.0
784506,28.0
784507,28.0
784508,28.0
784509,28.0
784510,28.0
784513,28.0
784514,28.0
784521,28.0
784522,28.0
784523,28.0
784524,28.0
784525,28.0
784526,28.0
784527,28.0
784528,28.0
784529,28.0
785001,28.0
785004,28.0
785006,28.0
785007,28.0
785008,28.0
785009,28.0
785010,28.0
785013,28.0
785014,28.0
785015,28.0
785101,28.0
785102,28.0
785104,28.0
785105,28.0
785106,28.0
785107,28.0
785108,28.0
785110,28.0
785111,28.0
785112,28.0
785601,28.0
785602,28.0
785603,28.0
785609,28.0
785610,28.0
785611,28.0
785612,28.0
785613,28.0
785614,28.0
785615,28.0
785616,28.0
785618,28.0
785619,28.0
785622,28.0
785625,28.0
785626,28.0
785630,28.0
785631,28.0
785632,28.0
785633,28.0
785635,28.0
785636,28.0
785675,28.0
785676,28.0
785699,28.0
785700,28.0
785702,28.0
785703,28.0
785704,28.0
786002,28.0
786003,28.0
786004,28.0
786005,28.0
786006,28.0
786007,28.0
786008,28.0
786010,28.0
786012,28.0
786101,28.0
786102,28.0
786103,28.0
786125,28.0
786126,28.0
786145,28.0
786146,28.0
786147,28.0
786150,28.0
786151,28.0
786152,28.0
786154,28.0
786155,28.0
786156,28.0
786157,28.0
786158,28.0
786159,28.0
786160,28.0
786170,28.0
786171,28.0
786174,28.0
786179,28.0
786181,28.0
786182,28.0
786183,28.0
786184,28.0
786187,28.0
786188,28.0
786189,28.0
786190,28.0
786191,28.0
786192,28.0
786601,28.0
786602,28.0
786610,28.0
786611,28.0
786612,28.0
786613,28.0
786614,28.0
786621,28.0
786622,28.0
786623,28.0
786692,28.0
787001,28.0
787023,28.0
787026,28.0
787031,28.0
787032,28.0
787033,28.0
787034,28.0
787035,28.0
787051,28.0
787052,28.0
787053,28.0
787054,28.0
787055,28.0
787056,28.0
787057,28.0
787058,28.0
787060,28.0
787061,28.0
787110,28.0
788001,28.0
788002,28.0
788003,28.0
788004,28.0
788005,28.0
788006,28.0
788007,28.0
788009,28.0
788010,28.0
788011,28.0
788013,28.0
788014,28.0
788015,28.0
788025,28.0
788026,28.0
788030,28.0
788031,28.0
788098,28.0
788099,28.0
788101,28.0
788102,28.0
788103,28.0
788104,28.0
788106,28.0
788107,28.0
788108,28.0
788109,28.0
788110,28.0
788111,28.0
788112,28.0
788113,28.0
788114,28.0
788115,28.0
788116,28.0
788117,28.0
788118,28.0
788120,28.0
788121,28.0
788123,28.0
788126,28.0
788127,28.0
788150,28.0
788151,28.0
788152,28.0
788155,28.0
788156,28.0
788160,28.0
788162,28.0
788163,28.0
788164,28.0
788165,28.0
788166,28.0
788168,28.0
788701,28.0
788709,28.0
788710,28.0
788711,28.0
788712,28.0
788713,28.0
788719,28.0
788720,28.0
788722,28.0
788723,28.0
788724,28.0
788725,28.0
788726,28.0
788727,28.0
788728,28.0
788734,28.0
788735,28.0
788736,28.0
788737,28.0
788781,28.0
788801,28.0
788802,28.0
788803,28.0
788804,28.0
788805,28.0
788806,28.0
788815,28.0
788816,28.0
788817,28.0
800001,28.0
800002,28.0
800003,28.0
800004,28.0
800006,28.0
800007,28.0
800008,28.0
800009,28.0
800010,28.0
800011,28.0
800012,28.0
800013,28.0
800014,28.0
800016,28.0
800020,28.0
800024,28.0
800025,28.0
800026,28.0
800027,28.0
801102,28.0
801103,28.0
801104,28.0
801105,28.0
801108,28.0
801109,28.0
801110,28.0
801111,28.0
801112,28.0
801113,28.0
801301,28.0
801302,28.0
801303,28.0
801304,28.0
801305,28.0
801306,28.0
801307,28.0
801503,28.0
801505,28.0
802101,28.0
802102,28.0
802103,28.0
802111,28.0
802112,28.0
802113,28.0
802114,28.0
802115,28.0
802116,28.0
802117,28.0
802118,28.0
802119,28.0
802120,28.0
802122,28.0
802123,28.0
802125,28.0
802126,28.0
802127,28.0
802128,28.0
802129,28.0
802130,28.0
802131,28.0
802132,28.0
802133,28.0
802134,28.0
802135,28.0
802152,28.0
802154,28.0
802155,28.0
802156,28.0
802157,28.0
802158,28.0
802159,28.0
802160,28.0
802161,28.0
802162,28.0
802163,28.0
802164,28.0
802165,28.0
802166,28.0
802183,28.0
802201,28.0
802202,28.0
802203,28.0
802204,28.0
802205,28.0
802206,28.0
802207,28.0
802208,28.0
802209,28.0
802210,28.0
802211,28.0
802212,28.0
802213,28.0
802214,28.0
802215,28.0
802216,28.0
802217,28.0
802218,28.0
802219,28.0
802220,28.0
802221,28.0
802222,28.0
802223,28.0
802226,28.0
802301,28.0
802302,28.0
802311,28.0
802312,28.0
802313,28.0
802314,28.0
802316,28.0
802351,28.0
802352,28.0
803101,28.0
803107,28.0
803108,28.0
803110,28.0
803111,28.0
803113,28.0
803114,28.0
803115,28.0
803116,28.0
803117,28.0
803118,28.0
803119,28.0
803121,28.0
803201,28.0
803202,28.0
803203,28.0
803211,28.0
803212,28.0
803213,28.0
803214,28.0
803215,28.0
803216,28.0
803221,28.0
803301,28.0
803302,28.0
803303,28.0
803306,28.0
803307,28.0
804401,28.0
804402,28.0
804403,28.0
804404,28.0
804405,28.0
804406,28.0
804407,28.0
804408,28.0
804417,28.0
804418,28.0
804419,28.0
804421,28.0
804422,28.0
804423,28.0
804424,28.0
804425,28.0
804426,28.0
804427,28.0
804428,28.0
804429,28.0
804432,28.0
804435,28.0
804451,28.0
804452,28.0
804453,28.0
804454,28.0
805101,28.0
805102,28.0
805103,28.0
805104,28.0
805105,28.0
805106,28.0
805107,28.0
805108,28.0
805109,28.0
805110,28.0
805111,28.0
805112,28.0
805121,28.0
805122,28.0
805123,28.0
805124,28.0
805125,28.0
805126,28.0
805127,28.0
805128,28.0
805129,28.0
805130,28.0
805131,28.0
805132,28.0
805141,28.0
811101,28.0
811102,28.0
811103,28.0
811104,28.0
811105,28.0
811106,28.0
811107,28.0
811112,28.0
811201,28.0
811202,28.0
811211,28.0
811212,28.0
811213,28.0
811214,28.0
811301,28.0
811302,28.0
811303,28.0
811304,28.0
811305,28.0
811307,28.0
811308,28.0
811309,28.0
811310,28.0
811311,28.0
811312,28.0
811313,28.0
811315,28.0
811316,28.0
811317,28.0
812001,28.0
812002,28.0
812003,28.0
812004,28.0
812005,28.0
812006,28.0
813101,28.0
813103,28.0
813104,28.0
813105,28.0
813106,28.0
813107,28.0
813108,28.0
813109,28.0
813110,28.0
813201,28.0
813202,28.0
813203,28.0
813204,28.0
813205,28.0
813206,28.0
813207,28.0
813208,28.0
813209,28.0
813210,28.0
813211,28.0
813212,28.0
813213,28.0
813214,28.0
813221,28.0
813222,28.0
814101,28.0
814102,28.0
814103,28.0
814110,28.0
814112,28.0
814113,28.0
814116,28.0
814118,28.0
814119,28.0
814120,28.0
814131,28.0
814141,28.0
814142,28.0
814143,28.0
814144,28.0
814145,28.0
814146,28.0
814147,28.0
814148,28.0
814149,28.0
814150,28.0
814151,28.0
814152,28.0
814153,28.0
814154,28.0
814155,28.0
814156,28.0
814157,28.0
814158,28.0
814160,28.0
814165,28.0
814166,28.0
814167,28.0
815351,28.0
815352,28.0
815353,28.0
815354,28.0
815355,28.0
815357,28.0
815359,28.0
816101,28.0
816102,28.0
816103,28.0
816104,28.0
816105,28.0
816106,28.0
816107,28.0
816108,28.0
816109,28.0
816110,28.0
816115,28.0
816116,28.0
816117,28.0
816118,28.0
816120,28.0
816129,28.0
841101,28.0
841201,28.0
841202,28.0
841203,28.0
841204,28.0
841205,28.0
841206,28.0
841207,28.0
841208,28.0
841209,28.0
841210,28.0
841211,28.0
841212,28.0
841213,28.0
841214,28.0
841215,28.0
841216,28.0
841217,28.0
841218,28.0
841219,28.0
841220,28.0
841221,28.0
841222,28.0
841223,28.0
841224,28.0
841225,28.0
841226,28.0
841227,28.0
841231,28.0
841232,28.0
841233,28.0
841234,28.0
841235,28.0
841236,28.0
841237,28.0
841238,28.0
841239,28.0
841240,28.0
841242,28.0
841243,28.0
841244,28.0
841245,28.0
841286,28.0
841287,28.0
841301,28.0
841302,28.0
841305,28.0
841311,28.0
841312,28.0
841313,28.0
841316,28.0
841401,28.0
841402,28.0
841403,28.0
841404,28.0
841405,28.0
841406,28.0
841407,28.0
841408,28.0
841409,28.0
841410,28.0
841411,28.0
841412,28.0
841413,28.0
841414,28.0
841415,28.0
841416,28.0
841417,28.0
841418,28.0
841419,28.0
841420,28.0
841421,28.0
841422,28.0
841423,28.0
841424,28.0
841425,28.0
841426,28.0
841427,28.0
841428,28.0
841434,28.0
841435,28.0
841436,28.0
841437,28.0
841438,28.0
841439,28.0
841441,28.0
841442,28.0
841443,28.0
841446,28.0
841460,28.0
841501,28.0
841502,28.0
841503,28.0
841504,28.0
841505,28.0
841506,28.0
841507,28.0
841508,28.0
841509,28.0
842001,28.0
842002,28.0
842003,28.0
842004,28.0
842005,28.0
843101,28.0
843102,28.0
843103,28.0
843104,28.0
843105,28.0
843106,28.0
843107,28.0
843109,28.0
843110,28.0
843111,28.0
843112,28.0
843113,28.0
843114,28.0
843115,28.0
843117,28.0
843118,28.0
843119,28.0
843120,28.0
843121,28.0
843122,28.0
843123,28.0
843124,28.0
843125,28.0
843126,28.0
843127,28.0
843128,28.0
843129,28.0
843130,28.0
843301,28.0
843302,28.0
843311,28.0
843312,28.0
843313,28.0
843315,28.0
843316,28.0
843317,28.0
843318,28.0
843319,28.0
843320,28.0
843321,28.0
843322,28.0
843323,28.0
843324,28.0
843325,28.0
843326,28.0
843327,28.0
843328,28.0
843330,28.0
843331,28.0
843332,28.0
843333,28.0
843334,28.0
843360,28.0
844101,28.0
844102,28.0
844103,28.0
844111,28.0
844112,28.0
844113,28.0
844114,28.0
844115,28.0
844116,28.0
844117,28.0
844118,28.0
844119,28.0
844120,28.0
844121,28.0
844122,28.0
844123,28.0
844124,28.0
844125,28.0
844127,28.0
844128,28.0
844501,28.0
844502,28.0
844503,28.0
844504,28.0
844505,28.0
844506,28.0
844507,28.0
844508,28.0
844509,28.0
845301,28.0
845302,28.0
845303,28.0
845304,28.0
845305,28.0
845315,28.0
845401,28.0
845406,28.0
845411,28.0
845412,28.0
845413,28.0
845414,28.0
845415,28.0
845416,28.0
845417,28.0
845418,28.0
845419,28.0
845420,28.0
845422,28.0
845423,28.0
845424,28.0
845425,28.0
845426,28.0
845427,28.0
845428,28.0
845429,28.0
845430,28.0
845431,28.0
845432,28.0
845433,28.0
845434,28.0
845435,28.0
845436,28.0
845440,28.0
845456,28.0
845457,28.0
845458,28.0
846001,28.0
846002,28.0
846003,28.0
846004,28.0
846005,28.0
846006,28.0
846007,28.0
846009,28.0
847101,28.0
847102,28.0
847103,28.0
847104,28.0
847105,28.0
847106,28.0
847107,28.0
847108,28.0
847109,28.0
847115,28.0
847121,28.0
847122,28.0
847123,28.0
847201,28.0
847203,28.0
847204,28.0
847211,28.0
847212,28.0
847213,28.0
847214,28.0
847215,28.0
847222,28.0
847223,28.0
847225,28.0
847226,28.0
847227,28.0
847228,28.0
847229,28.0
847230,28.0
847231,28.0
847232,28.0
847233,28.0
847234,28.0
847235,28.0
847236,28.0
847238,28.0
847239,28.0
847240,28.0
847301,28.0
847302,28.0
847303,28.0
847304,28.0
847305,28.0
847306,28.0
847307,28.0
847308,28.0
847337,28.0
847401,28.0
847402,28.0
847403,28.0
847404,28.0
847405,28.0
847407,28.0
847408,28.0
847409,28.0
847410,28.0
847411,28.0
847421,28.0
847422,28.0
847423,28.0
847424,28.0
847427,28.0
847428,28.0
847429,28.0
847451,28.0
847452,28.0
848101,28.0
848102,28.0
848113,28.0
848114,28.0
848115,28.0
848117,28.0
848121,28.0
848122,28.0
848125,28.0
848127,28.0
848129,28.0
848130,28.0
848131,28.0
848132,28.0
848133,28.0
848134,28.0
848160,28.0
848201,28.0
848202,28.0
848203,28.0
848204,28.0
848205,28.0
848206,28.0
848207,28.0
848208,28.0
848209,28.0
848210,28.0
848211,28.0
848213,28.0
848216,28.0
848236,28.0
848301,28.0
848302,28.0
848501,28.0
848502,28.0
848504,28.0
848506,28.0
851101,28.0
851111,28.0
851112,28.0
851113,28.0
851114,28.0
851115,28.0
851116,28.0
851117,28.0
851118,28.0
851120,28.0
851126,28.0
851128,28.0
851129,28.0
851130,28.0
851131,28.0
851132,28.0
851133,28.0
851134,28.0
851135,28.0
851201,28.0
851202,28.0
851203,28.0
851204,28.0
851205,28.0
851210,28.0
851211,28.0
851212,28.0
851214,28.0
851215,28.0
851216,28.0
851217,28.0
851218,28.0
852101,28.0
852105,28.0
852106,28.0
852107,28.0
852108,28.0
852109,28.0
852110,28.0
852111,28.0
852112,28.0
852113,28.0
852114,28.0
852115,28.0
852116,28.0
852121,28.0
852122,28.0
852123,28.0
852124,28.0
852125,28.0
852126,28.0
852127,28.0
852128,28.0
852129,28.0
852130,28.0
852131,28.0
852132,28.0
852137,28.0
852138,28.0
852139,28.0
852161,28.0
852201,28.0
852202,28.0
852212,28.0
852213,28.0
852214,28.0
852215,28.0
852216,28.0
852217,28.0
852218,28.0
852219,28.0
852220,28.0
853201,28.0
853202,28.0
853203,28.0
853204,28.0
853205,28.0
854101,28.0
854102,28.0
854103,28.0
854104,28.0
854105,28.0
854106,28.0
854107,28.0
854108,28.0
854109,28.0
854112,28.0
854113,28.0
854114,28.0
854115,28.0
854116,28.0
854117,28.0
854201,28.0
854203,28.0
854204,28.0
854205,28.0
854301,28.0
854302,28.0
854303,28.0
854304,28.0
854305,28.0
854306,28.0
854311,28.0
854312,28.0
854315,28.0
854316,28.0
854317,28.0
854318,28.0
854325,28.0
854326,28.0
854327,28.0
854328,28.0
854329,28.0
854330,28.0
854331,28.0
854332,28.0
854333,28.0
854334,28.0
854335,28.0
854336,28.0
854337,28.0
854338,28.0
854339,28.0
854340,28.0
855101,28.0
855102,28.0
855105,28.0
855106,28.0
855107,28.0
855108,28.0
855113,28.0
855114,28.0
855115,28.0
855116,28.0
855117,28.0
160001,28.0
160002,28.0
160003,28.0
160009,28.0
160011,28.0
160012,28.0
160014,28.0
160015,28.0
160017,28.0
160019,28.0
160020,28.0
160022,28.0
160023,28.0
160025,28.0
160030,28.0
160036,28.0
160047,28.0
160055,28.0
160059,28.0
160062,28.0
160071,28.0
160101,28.0
160102,28.0
110002,38.0
110005,38.0
110007,38.0
110008,38.0
110010,38.0
110011,38.0
110012,38.0
110013,38.0
110014,38.0
110015,38.0
110018,38.0
110019,38.0
110022,38.0
110023,38.0
110025,38.0
110027,38.0
110028,38.0
110030,38.0
110031,38.0
110033,38.0
110036,38.0
110037,38.0
110038,38.0
110039,38.0
110042,38.0
110044,38.0
110046,38.0
110049,38.0
110051,38.0
110052,38.0
110055,38.0
110056,38.0
110060,38.0
110061,38.0
110062,38.0
110063,38.0
110064,38.0
110066,38.0
110067,38.0
110068,38.0
110071,38.0
110072,38.0
110076,38.0
110077,38.0
110078,38.0
110080,38.0
110082,38.0
110083,38.0
110084,38.0
110086,38.0
110087,38.0
110089,38.0
110090,38.0
110095,38.0
110097,38.0
360002,29.9
360003,29.9
360004,29.9
360005,29.9
360006,29.9
360007,29.9
360020,29.9
360021,29.9
360022,29.9
360023,29.9
360024,29.9
360025,29.9
360030,29.9
360035,29.9
360040,29.9
360050,29.9
360055,29.9
360060,29.9
360070,29.9
360110,29.9
360311,29.9
360320,29.9
360330,29.9
360360,29.9
360370,29.9
360375,29.9
360380,29.9
360405,29.9
360410,29.9
360421,29.9
360430,29.9
360440,29.9
360450,29.9
360452,29.9
360460,29.9
360470,29.9
360480,29.9
360490,29.9
360510,29.9
360515,29.9
360520,29.9
360530,29.9
360531,29.9
360540,29.9
360545,29.9
360550,29.9
360570,29.9
360575,29.9
360576,29.9
360579,29.9
360590,29.9
361001,29.9
361002,29.9
361003,29.9
361004,29.9
361005,29.9
361006,29.9
361007,29.9
361008,29.9
361010,29.9
361011,29.9
361012,29.9
361013,29.9
361110,29.9
361120,29.9
361130,29.9
361140,29.9
361142,29.9
361150,29.9
361160,29.9
361162,29.9
361170,29.9
361210,29.9
361220,29.9
361230,29.9
361240,29.9
361250,29.9
361280,29.9
361305,29.9
361306,29.9
361310,29.9
361315,29.9
361320,29.9
361325,29.9
361330,29.9
361335,29.9
361345,29.9
361347,29.9
361350,29.9
362001,29.9
362002,29.9
362011,29.9
362015,29.9
362020,29.9
362030,29.9
362037,29.9
362110,29.9
362120,29.9
362130,29.9
362135,29.9
362140,29.9
362150,29.9
362205,29.9
362215,29.9
362220,29.9
362222,29.9
362225,29.9
362226,29.9
362227,29.9
362230,29.9
362240,29.9
362245,29.9
362250,29.9
362255,29.9
362263,29.9
362265,29.9
362268,29.9
362275,29.9
362310,29.9
362315,29.9
362510,29.9
362530,29.9
362550,29.9
362560,29.9
362565,29.9
362610,29.9
362620,29.9
362625,29.9
362630,29.9
362640,29.9
362650,29.9
362710,29.9
362715,29.9
362720,29.9
363621,29.9
363630,29.9
363641,29.9
363642,29.9
363650,29.9
363655,29.9
363660,29.9
363670,29.9
364001,29.9
364002,29.9
364003,29.9
364004,29.9
364005,29.9
364006,29.9
364050,29.9
364060,29.9
364070,29.9
364081,29.9
364110,29.9
364120,29.9
364130,29.9
364135,29.9
364140,29.9
364145,29.9
364150,29.9
364210,29.9
364230,29.9
364240,29.9
364250,29.9
364260,29.9
364265,29.9
364270,29.9
364275,29.9
364280,29.9
364290,29.9
364295,29.9
364310,29.9
364313,29.9
364320,29.9
364330,29.9
364505,29.9
364510,29.9
364515,29.9
364521,29.9
364522,29.9
364525,29.9
364530,29.9
364710,29.9
364720,29.9
364730,29.9
364740,29.9
364750,29.9
364760,29.9
364765,29.9
365220,29.9
365410,29.9
365421,29.9
365430,29.9
365435,29.9
365440,29.9
365450,29.9
365455,29.9
365456,29.9
365460,29.9
365480,29.9
365535,29.9
365540,29.9
365541,29.9
365550,29.9
365555,29.9
365560,29.9
365601,29.9
365610,29.9
365620,29.9
365630,29.9
365635,29.9
365640,29.9
365645,29.9
365650,29.9
370001,29.9
370015,29.9
370020,29.9
370030,29.9
370040,29.9
370105,29.9
370110,29.9
370115,29.9
370130,29.9
370135,29.9
370140,29.9
370145,29.9
370150,29.9
370155,29.9
370160,29.9
370165,29.9
370201,29.9
370203,29.9
370205,29.9
370210,29.9
370230,29.9
370240,29.9
370405,29.9
370410,29.9
370415,29.9
370421,29.9
370425,29.9
370430,29.9
370435,29.9
370445,29.9
370450,29.9
370455,29.9
370460,29.9
370465,29.9
370475,29.9
370485,29.9
370490,29.9
370510,29.9
370601,29.9
370605,29.9
370610,29.9
370615,29.9
370620,29.9
370625,29.9
370627,29.9
370630,29.9
370645,29.9
370650,29.9
370655,29.9
370660,29.9
370665,29.9
370670,29.9
370675,29.9
384001,29.9
384002,29.9
384003,29.9
384012,29.9
384110,29.9
384120,29.9
384130,29.9
384140,29.9
384151,29.9
384160,29.9
384170,29.9
384220,29.9
384221,29.9
384225,29.9
384229,29.9
384230,29.9
384240,29.9
384241,29.9
384245,29.9
384246,29.9
384255,29.9
384260,29.9
384265,29.9
384272,29.9
384275,29.9
384285,29.9
384290,29.9
384305,29.9
384310,29.9
384315,29.9
384320,29.9
384325,29.9
384330,29.9
384335,29.9
384340,29.9
384345,29.9
384355,29.9
384360,29.9
384410,29.9
384421,29.9
384430,29.9
384435,29.9
385350,29.9
385360,29.9
387001,29.9
387002,29.9
387110,29.9
387115,29.9
387120,29.9
387130,29.9
387210,29.9
387220,29.9
387230,29.9
387240,29.9
387305,29.9
387310,29.9
387315,29.9
387320,29.9
387325,29.9
387330,29.9
387340,29.9
387345,29.9
387350,29.9
387355,29.9
387360,29.9
387365,29.9
387370,29.9
387375,29.9
387380,29.9
387411,29.9
387430,29.9
387510,29.9
387520,29.9
387530,29.9
387540,29.9
387550,29.9
387560,29.9
387570,29.9
387610,29.9
387620,29.9
387630,29.9
387635,29.9
387640,29.9
387650,29.9
387710,29.9
388001,29.9
388110,29.9
388120,29.9
388130,29.9
388140,29.9
388150,29.9
388160,29.9
388170,29.9
388180,29.9
388205,29.9
388210,29.9
388215,29.9
388220,29.9
388225,29.9
388230,29.9
388235,29.9
388239,29.9
388245,29.9
388250,29.9
388255,29.9
388260,29.9
388265,29.9
388270,29.9
388305,29.9
388306,29.9
388307,29.9
388310,29.9
388315,29.9
388320,29.9
388325,29.9
388330,29.9
388335,29.9
388340,29.9
388345,29.9
388350,29.9
388355,29.9
388360,29.9
388365,29.9
388370,29.9
388410,29.9
388421,29.9
388430,29.9
388440,29.9
388450,29.9
388460,29.9
388465,29.9
388470,29.9
388480,29.9
388510,29.9
388520,29.9
388530,29.9
388540,29.9
388543,29.9
388545,29.9
388550,29.9
388560,29.9
388570,29.9
388580,29.9
388590,29.9
388610,29.9
388620,29.9
388625,29.9
388630,29.9
388640,29.9
388710,29.9
388713,29.9
389001,29.9
389002,29.9
389110,29.9
389115,29.9
389120,29.9
389210,29.9
389220,29.9
389230,29.9
389232,29.9
389235,29.9
389250,29.9
389260,29.9
389265,29.9
389310,29.9
389320,29.9
389330,29.9
389340,29.9
389341,29.9
389350,29.9
389360,29.9
389365,29.9
389370,29.9
389390,29.9
390001,29.9
390002,29.9
390003,29.9
390004,29.9
390006,29.9
390007,29.9
390009,29.9
390010,29.9
390011,29.9
390012,29.9
390013,29.9
390014,29.9
390016,29.9
390017,29.9
390018,29.9
390019,29.9
390020,29.9
390021,29.9
390022,29.9
390023,29.9
390024,29.9
390025,29.9
391101,29.9
391105,29.9
391107,29.9
391110,29.9
391115,29.9
391120,29.9
391125,29.9
391130,29.9
391135,29.9
391140,29.9
391145,29.9
391150,29.9
391152,29.9
391156,29.9
391160,29.9
391165,29.9
391168,29.9
391170,29.9
391210,29.9
391220,29.9
391240,29.9
391243,29.9
391244,29.9
391250,29.9
391310,29.9
391320,29.9
391330,29.9
391340,29.9
391345,29.9
391350,29.9
391410,29.9
391421,29.9
391430,29.9
391440,29.9
391445,29.9
391450,29.9
391510,29.9
391520,29.9
391530,29.9
391740,29.9
391745,29.9
391750,29.9
391761,29.9
391770,29.9
391774,29.9
391775,29.9
391780,29.9
391810,29.9
392001,29.9
392011,29.9
392012,29.9
392015,29.9
392020,29.9
392025,29.9
392030,29.9
392035,29.9
392040,29.9
392110,29.9
392130,29.9
392135,29.9
392150,29.9
392155,29.9
392160,29.9
392165,29.9
392170,29.9
392180,29.9
392210,29.9
392215,29.9
392220,29.9
392230,29.9
392240,29.9
393001,29.9
393002,29.9
393010,29.9
393017,29.9
393020,29.9
393025,29.9
393030,29.9
393040,29.9
393041,29.9
393050,29.9
393105,29.9
393110,29.9
393115,29.9
393120,29.9
393125,29.9
393130,29.9
393135,29.9
393140,29.9
393145,29.9
393150,29.9
393151,29.9
394101,29.9
394105,29.9
394107,29.9
394110,29.9
394115,29.9
394120,29.9
394125,29.9
394130,29.9
394140,29.9
394150,29.9
394155,29.9
394160,29.9
394163,29.9
394170,29.9
394180,29.9
394185,29.9
394190,29.9
394210,29.9
394221,29.9
394230,29.9
394235,29.9
394240,29.9
394246,29.9
394248,29.9
394250,29.9
394270,29.9
394305,29.9
394310,29.9
394315,29.9
394317,29.9
394320,29.9
394325,29.9
394327,29.9
394330,29.9
394335,29.9
394340,29.9
394345,29.9
394350,29.9
394352,29.9
394355,29.9
394370,29.9
394375,29.9
394380,29.9
394405,29.9
394410,29.9
394421,29.9
394430,29.9
394440,29.9
394445,29.9
394510,29.9
394515,29.9
394516,29.9
394517,29.9
394518,29.9
394520,29.9
394530,29.9
394540,29.9
394550,29.9
394601,29.9
394620,29.9
394630,29.9
394635,29.9
394640,29.9
394650,29.9
394651,29.9
394655,29.9
394660,29.9
394680,29.9
394690,29.9
394715,29.9
394716,29.9
394720,29.9
394730,29.9
394810,29.9
395001,29.9
395002,29.9
395003,29.9
395004,29.9
395005,29.9
395006,29.9
395007,29.9
395008,29.9
395009,29.9
395010,29.9
395011,29.9
395012,29.9
395013,29.9
395017,29.9
395023,29.9
396001,29.9
396002,29.9
396007,29.9
396020,29.9
396030,29.9
396035,29.9
396040,29.9
396045,29.9
396050,29.9
396051,29.9
396055,29.9
396060,29.9
396065,29.9
396105,29.9
396110,29.9
396115,29.9
396120,29.9
396125,29.9
396126,29.9
396130,29.9
396135,29.9
396140,29.9
396145,29.9
396150,29.9
396155,29.9
396165,29.9
396170,29.9
396171,29.9
396180,29.9
396185,29.9
396191,29.9
396193,29.9
396195,29.9
396235,29.9
396310,29.9
396321,29.9
396325,29.9
396350,29.9
396360,29.9
396370,29.9
396380,29.9
396385,29.9
396403,29.9
396406,29.9
396409,29.9
396412,29.9
396415,29.9
396418,29.9
396421,29.9
396427,29.9
396430,29.9
396433,29.9
396436,29.9
396439,29.9
396445,29.9
396450,29.9
396460,29.9
396463,29.9
396466,29.9
396469,29.9
396472,29.9
396475,29.9
396510,29.9
396521,29.9
396530,29.9
396540,29.9
396560,29.9
396570,29.9
396580,29.9
396590,29.9
131001,28.0
131021,28.0
131022,28.0
131024,28.0
131027,28.0
131028,28.0
131029,28.0
131039,28.0
131101,28.0
131102,28.0
131103,28.0
131301,28.0
131302,28.0
131304,28.0
131305,28.0
131306,28.0
131402,28.0
131403,28.0
131408,28.0
131409,28.0
132001,28.0
132022,28.0
132023,28.0
132024,28.0
132036,28.0
132037,28.0
132039,28.0
132040,28.0
132041,28.0
132046,28.0
132054,28.0
132101,28.0
132102,28.0
132103,28.0
132104,28.0
132105,28.0
132106,28.0
132107,28.0
132108,28.0
132113,28.0
132114,28.0
132115,28.0
132116,28.0
132117,28.0
132122,28.0
132140,28.0
132145,28.0
132157,28.0
133001,28.0
133004,28.0
133005,28.0
133006,28.0
133101,28.0
133102,28.0
133201,28.0
133202,28.0
133203,28.0
133205,28.0
133207,28.0
133301,28.0
133302,28.0
134003,28.0
134005,28.0
134007,28.0
134101,28.0
134102,28.0
134104,28.0
134107,28.0
134108,28.0
134109,28.0
134112,28.0
134113,28.0
134114,28.0
134116,28.0
134117,28.0
134118,28.0
134201,28.0
134202,28.0
134203,28.0
134204,28.0
134205,28.0
136020,28.0
136021,28.0
136026,28.0
136027,28.0
136030,28.0
136033,28.0
136034,28.0
136035,28.0
136038,28.0
136042,28.0
136043,28.0
136044,28.0
136117,28.0
136119,28.0
136128,28.0
136129,28.0
136130,28.0
136131,28.0
136132,28.0
136135,28.0
136136,28.0
136156,28.0
171001,28.0
171002,28.0
171003,28.0
171004,28.0
171005,28.0
171006,28.0
171007,28.0
171008,28.0
171009,28.0
171010,28.0
171011,28.0
171012,28.0
171013,28.0
171018,28.0
171019,28.0
171102,28.0
171103,28.0
171201,28.0
171202,28.0
171203,28.0
171204,28.0
171205,28.0
171206,28.0
171208,28.0
171209,28.0
171210,28.0
171211,28.0
171212,28.0
171213,28.0
171214,28.0
171215,28.0
171216,28.0
171217,28.0
171218,28.0
171219,28.0
171220,28.0
171221,28.0
171222,28.0
171223,28.0
171224,28.0
171225,28.0
171226,28.0
171301,28.0
172001,28.0
172002,28.0
172021,28.0
172022,28.0
172023,28.0
172024,28.0
172025,28.0
172026,28.0
172027,28.0
172028,28.0
172029,28.0
172030,28.0
172031,28.0
172032,28.0
172033,28.0
172101,28.0
172102,28.0
172103,28.0
172104,28.0
172105,28.0
172106,28.0
172107,28.0
172108,28.0
172109,28.0
172110,28.0
172111,28.0
172112,28.0
172113,28.0
172114,28.0
172115,28.0
172117,28.0
172118,28.0
172201,28.0
173001,28.0
173021,28.0
173022,28.0
173024,28.0
173025,28.0
173026,28.0
173027,28.0
173029,28.0
173030,28.0
173031,28.0
173032,28.0
173101,28.0
173104,28.0
173201,28.0
173202,28.0
173204,28.0
173205,28.0
173206,28.0
173207,28.0
173208,28.0
173209,28.0
173211,28.0
173212,28.0
173213,28.0
173214,28.0
173215,28.0
173217,28.0
173218,28.0
173220,28.0
173221,28.0
173222,28.0
173223,28.0
173225,28.0
173229,28.0
173230,28.0
173233,28.0
173234,28.0
173235,28.0
174101,28.0
174102,28.0
174103,28.0
174301,28.0
174302,28.0
174303,28.0
174306,28.0
174307,28.0
174308,28.0
174314,28.0
174315,28.0
174317,28.0
174319,28.0
174320,28.0
174321,28.0
174503,28.0
174507,28.0
175001,28.0
175002,28.0
175003,28.0
175004,28.0
175005,28.0
175006,28.0
175007,28.0
175008,28.0
175009,28.0
175010,28.0
175011,28.0
175012,28.0
175013,28.0
175014,28.0
175015,28.0
175016,28.0
175017,28.0
175018,28.0
175019,28.0
175023,28.0
175024,28.0
175025,28.0
175026,28.0
175027,28.0
175028,28.0
175029,28.0
175030,28.0
175031,28.0
175032,28.0
175033,28.0
175034,28.0
175035,28.0
175036,28.0
175037,28.0
175038,28.0
175039,28.0
175040,28.0
175042,28.0
175046,28.0
175047,28.0
175048,28.0
175049,28.0
175050,28.0
175051,28.0
175052,28.0
175101,28.0
175102,28.0
175103,28.0
175104,28.0
175105,28.0
175106,28.0
175121,28.0
175123,28.0
175124,28.0
175125,28.0
175126,28.0
175128,28.0
175129,28.0
175130,28.0
175131,28.0
175132,28.0
175133,28.0
175134,28.0
175136,28.0
175138,28.0
175139,28.0
175140,28.0
175141,28.0
175142,28.0
175143,28.0
176001,28.0
176021,28.0
176022,28.0
176023,28.0
176025,28.0
176026,28.0
176027,28.0
176028,28.0
176029,28.0
176030,28.0
176031,28.0
176032,28.0
176033,28.0
176036,28.0
176037,28.0
176038,28.0
176047,28.0
176051,28.0
176052,28.0
176053,28.0
176054,28.0
176055,28.0
176056,28.0
176058,28.0
176059,28.0
176060,28.0
176061,28.0
176062,28.0
176063,28.0
176064,28.0
176065,28.0
176066,28.0
176071,28.0
176073,28.0
176075,28.0
176076,28.0
176077,28.0
176081,28.0
176082,28.0
176083,28.0
176084,28.0
176085,28.0
176086,28.0
176087,28.0
176088,28.0
176089,28.0
176090,28.0
176091,28.0
176092,28.0
176093,28.0
176094,28.0
176095,28.0
176096,28.0
176097,28.0
176098,28.0
176101,28.0
176102,28.0
176103,28.0
176107,28.0
176115,28.0
176125,28.0
176128,28.0
176200,28.0
176201,28.0
176202,28.0
176203,28.0
176204,28.0
176205,28.0
176206,28.0
176207,28.0
176208,28.0
176209,28.0
176210,28.0
176211,28.0
176214,28.0
176215,28.0
176216,28.0
176217,28.0
176218,28.0
176225,28.0
176301,28.0
176302,28.0
176303,28.0
176304,28.0
176305,28.0
176306,28.0
176308,28.0
176309,28.0
176310,28.0
176311,28.0
176312,28.0
176313,28.0
176314,28.0
176315,28.0
176316,28.0
176317,28.0
176318,28.0
176319,28.0
176320,28.0
176321,28.0
176323,28.0
176324,28.0
176325,28.0
176401,28.0
176402,28.0
176403,28.0
176501,28.0
176502,28.0
176601,28.0
177031,28.0
177034,28.0
177039,28.0
177043,28.0
177101,28.0
177103,28.0
177104,28.0
177105,28.0
177106,28.0
177107,28.0
177108,28.0
177109,28.0
177110,28.0
177111,28.0
177112,28.0
177113,28.0
177114,28.0
177117,28.0
177201,28.0
177202,28.0
177203,28.0
177204,28.0
177205,28.0
177206,28.0
177207,28.0
177208,28.0
177209,28.0
177210,28.0
177211,28.0
177212,28.0
177213,28.0
177219,28.0
177220,28.0
121002,40.0
121003,40.0
121006,40.0
121007,40.0
121008,40.0
121010,40.0
121012,40.0
121013,40.0
121102,40.0
121103,40.0
121105,40.0
121106,40.0
121107,40.0
122003,40.0
122005,40.0
122006,40.0
122007,40.0
122009,40.0
122015,40.0
122018,40.0
122101,40.0
122103,40.0
122105,40.0
122107,40.0
122108,40.0
122414,40.0
122502,40.0
122503,40.0
122504,40.0
123021,40.0
123024,40.0
123027,40.0
123028,40.0
123029,40.0
123034,40.0
123035,40.0
123101,40.0
123102,40.0
123103,40.0
123301,40.0
123302,40.0
123303,40.0
123401,40.0
124103,40.0
124105,40.0
124108,40.0
124109,40.0
124111,40.0
124112,40.0
124113,40.0
124141,40.0
124142,40.0
124146,40.0
124201,40.0
124202,40.0
124303,40.0
124404,40.0
124406,40.0
124411,40.0
124412,40.0
124501,40.0
124506,40.0
124508,40.0
124513,40.0
125001,40.0
125004,40.0
125005,40.0
125006,40.0
125007,40.0
125011,40.0
125033,40.0
125037,40.0
125038,40.0
125039,40.0
125042,40.0
125044,40.0
125047,40.0
125048,40.0
125049,40.0
125050,40.0
125051,40.0
125052,40.0
125053,40.0
125054,40.0
125055,40.0
125056,40.0
125058,40.0
125060,40.0
125075,40.0
125076,40.0
125077,40.0
125078,40.0
125101,40.0
125102,40.0
125103,40.0
125104,40.0
125106,40.0
125110,40.0
125111,40.0
125112,40.0
125113,40.0
125120,40.0
125121,40.0
125133,40.0
125201,40.0
126101,40.0
126102,40.0
126110,40.0
126111,40.0
126112,40.0
126113,40.0
126114,40.0
126115,40.0
126116,40.0
126152,40.0
127021,40.0
127022,40.0
127025,40.0
127026,40.0
127027,40.0
127028,40.0
127030,40.0
127031,40.0
127032,40.0
127035,40.0
127040,40.0
127041,40.0
127042,40.0
127043,40.0
127045,40.0
127046,40.0
127111,40.0
127114,40.0
127306,40.0
127307,40.0
127308,40.0
127309,40.0
127310,40.0
821102,28.0
821103,28.0
821104,28.0
821105,28.0
821106,28.0
821107,28.0
821108,28.0
821109,28.0
821110,28.0
821111,28.0
821112,28.0
821113,28.0
821301,28.0
821302,28.0
821303,28.0
821304,28.0
821305,28.0
821306,28.0
821307,28.0
821308,28.0
821309,28.0
821310,28.0
821311,28.0
821312,28.0
822111,28.0
822112,28.0
822114,28.0
822119,28.0
822124,28.0
822125,28.0
822128,28.0
822129,28.0
822132,28.0
822133,28.0
822134,28.0
823001,28.0
823002,28.0
823003,28.0
823004,28.0
823311,28.0
824116,28.0
824118,28.0
824201,28.0
824205,28.0
824206,28.0
824207,28.0
824209,28.0
824210,28.0
824211,28.0
824217,28.0
824219,28.0
824220,28.0
824221,28.0
824232,28.0
824233,28.0
824234,28.0
824235,28.0
824236,28.0
824237,28.0
825101,28.0
825102,28.0
825103,28.0
825314,28.0
825315,28.0
825321,28.0
825325,28.0
825326,28.0
825330,28.0
825401,28.0
825403,28.0
825404,28.0
825408,28.0
826004,28.0
827001,28.0
827003,28.0
827004,28.0
827006,28.0
827009,28.0
827010,28.0
827012,28.0
827013,28.0
827014,28.0
827302,28.0
828101,28.0
828103,28.0
828104,28.0
828106,28.0
828107,28.0
828108,28.0
828110,28.0
828111,28.0
828112,28.0
828113,28.0
828114,28.0
828115,28.0
828116,28.0
828117,28.0
828119,28.0
828120,28.0
828121,28.0
828122,28.0
828123,28.0
828124,28.0
828125,28.0
828126,28.0
828128,28.0
828129,28.0
828130,28.0
828131,28.0
828132,28.0
828133,28.0
828134,28.0
828135,28.0
828201,28.0
828202,28.0
828203,28.0
828204,28.0
828205,28.0
828206,28.0
828207,28.0
828301,28.0
828302,28.0
828303,28.0
828304,28.0
828305,28.0
828306,28.0
828307,28.0
828309,28.0
828401,28.0
828402,28.0
828403,28.0
828404,28.0
829101,28.0
829102,28.0
829103,28.0
829104,28.0
829105,28.0
829106,28.0
829107,28.0
829108,28.0
829109,28.0
829110,28.0
829111,28.0
829112,28.0
829113,28.0
829114,28.0
829116,28.0
829117,28.0
829118,28.0
829119,28.0
829121,28.0
829122,28.0
829123,28.0
829125,28.0
829126,28.0
829127,28.0
829128,28.0
829129,28.0
829130,28.0
829132,28.0
829133,28.0
829134,28.0
829135,28.0
829143,28.0
829144,28.0
829149,28.0
829150,28.0
829201,28.0
829202,28.0
829203,28.0
829204,28.0
829205,28.0
829206,28.0
829207,28.0
829208,28.0
829209,28.0
829210,28.0
829301,28.0
831001,28.0
831002,28.0
831003,28.0
831004,28.0
831005,28.0
831006,28.0
831007,28.0
831009,28.0
831011,28.0
831012,28.0
831015,28.0
831016,28.0
831017,28.0
831019,28.0
831020,28.0
832101,28.0
832102,28.0
832103,28.0
832104,28.0
832105,28.0
832107,28.0
832111,28.0
832112,28.0
832301,28.0
832302,28.0
832303,28.0
832304,28.0
834001,28.0
834002,28.0
834003,28.0
834004,28.0
834005,28.0
834006,28.0
834008,28.0
834009,28.0
834011,28.0
835101,28.0
835102,28.0
835103,28.0
835201,28.0
835202,28.0
835203,28.0
835204,28.0
835205,28.0
835206,28.0
835207,28.0
835208,28.0
835209,28.0
835210,28.0
835211,28.0
835212,28.0
835213,28.0
835214,28.0
835215,28.0
835216,28.0
835217,28.0
835218,28.0
835219,28.0
835220,28.0
835221,28.0
835222,28.0
835223,28.0
835225,28.0
835226,28.0
835227,28.0
835228,28.0
835229,28.0
835230,28.0
835231,28.0
835232,28.0
835233,28.0
835234,28.0
835235,28.0
835301,28.0
835302,28.0
835303,28.0
835325,28.0
560005,36.0
560006,36.0
560007,36.0
560009,36.0
560010,36.0
560013,36.0
560015,36.0
560016,36.0
560018,36.0
560020,36.0
560021,36.0
560022,36.0
560023,36.0
560024,36.0
560026,36.0
560030,36.0
560033,36.0
560036,36.0
560038,36.0
560040,36.0
560041,36.0
560042,36.0
560043,36.0
560045,36.0
560048,36.0
560050,36.0
560051,36.0
560053,36.0
560054,36.0
560055,36.0
560056,36.0
560058,36.0
560059,36.0
560061,36.0
560062,36.0
560065,36.0
560067,36.0
560070,36.0
560071,36.0
560072,36.0
560073,36.0
560075,36.0
560077,36.0
560079,36.0
560080,36.0
560081,36.0
560082,36.0
560084,36.0
560086,36.0
560087,36.0
560088,36.0
560089,36.0
560090,36.0
560091,36.0
560092,36.0
560093,36.0
560094,36.0
560095,36.0
560096,36.0
560098,36.0
560100,36.0
560102,36.0
560104,36.0
560105,36.0
560107,36.0
560108,36.0
560109,36.0
560110,36.0
560112,36.0
560300,36.0
561101,36.0
561202,36.0
561204,36.0
561205,36.0
561210,36.0
561211,36.0
561213,36.0
561228,36.0
562103,36.0
562106,36.0
562107,36.0
562111,36.0
562114,36.0
562122,36.0
562125,36.0
562131,36.0
562135,36.0
562162,36.0
562163,36.0
562164,36.0
563101,36.0
563103,36.0
563113,36.0
563114,36.0
563115,36.0
563116,36.0
563117,36.0
563118,36.0
563119,36.0
563120,36.0
563121,36.0
563122,36.0
563123,36.0
563125,36.0
563127,36.0
563128,36.0
563129,36.0
563130,36.0
563131,36.0
563132,36.0
563133,36.0
563134,36.0
563135,36.0
563136,36.0
563137,36.0
563138,36.0
563139,36.0
563146,36.0
563161,36.0
563162,36.0
570002,36.0
570003,36.0
570004,36.0
570005,36.0
570006,36.0
570007,36.0
570008,36.0
570009,36.0
570010,36.0
570011,36.0
570012,36.0
570014,36.0
570015,36.0
570016,36.0
570017,36.0
570018,36.0
570019,36.0
570020,36.0
570022,36.0
570023,36.0
570025,36.0
570026,36.0
570027,36.0
570028,36.0
570029,36.0
570030,36.0
570031,36.0
571101,36.0
571102,36.0
571103,36.0
571104,36.0
571105,36.0
571106,36.0
571107,36.0
571108,36.0
571110,36.0
571114,36.0
571116,36.0
571118,36.0
571119,36.0
571120,36.0
571121,36.0
571122,36.0
571124,36.0
571125,36.0
571129,36.0
571130,36.0
571134,36.0
571187,36.0
571189,36.0
571211,36.0
571212,36.0
571213,36.0
571214,36.0
571215,36.0
571216,36.0
571217,36.0
571218,36.0
571219,36.0
571231,36.0
571232,36.0
571234,36.0
571235,36.0
571236,36.0
571237,36.0
571247,36.0
571248,36.0
571249,36.0
571250,36.0
571251,36.0
571252,36.0
571253,36.0
571254,36.0
571301,36.0
571302,36.0
571311,36.0
571312,36.0
571314,36.0
571315,36.0
571401,36.0
571402,36.0
571403,36.0
571404,36.0
571405,36.0
571415,36.0
571416,36.0
571417,36.0
571418,36.0
571419,36.0
571421,36.0
571422,36.0
571423,36.0
571424,36.0
571425,36.0
571426,36.0
571427,36.0
571428,36.0
571429,36.0
571430,36.0
571431,36.0
571432,36.0
571433,36.0
571434,36.0
571435,36.0
571436,36.0
571438,36.0
571445,36.0
571446,36.0
571448,36.0
571450,36.0
571455,36.0
571463,36.0
571475,36.0
571476,36.0
571477,36.0
571478,36.0
571601,36.0
571602,36.0
571603,36.0
571604,36.0
571605,36.0
571606,36.0
571607,36.0
571610,36.0
571617,36.0
571802,36.0
571807,36.0
571811,36.0
571812,36.0
572101,36.0
572102,36.0
572103,36.0
572104,36.0
572105,36.0
572106,36.0
572107,36.0
572111,36.0
572112,36.0
572113,36.0
572114,36.0
572115,36.0
572116,36.0
572117,36.0
572118,36.0
572119,36.0
572120,36.0
572121,36.0
572122,36.0
572123,36.0
572124,36.0
572125,36.0
572126,36.0
572127,36.0
572129,36.0
572130,36.0
572132,36.0
572133,36.0
572134,36.0
572135,36.0
572136,36.0
572137,36.0
572138,36.0
572139,36.0
572140,36.0
572141,36.0
572142,36.0
572168,36.0
572175,36.0
572201,36.0
572211,36.0
572212,36.0
572213,36.0
572214,36.0
572215,36.0
572216,36.0
572217,36.0
572218,36.0
572219,36.0
572220,36.0
572221,36.0
572222,36.0
572223,36.0
572224,36.0
572225,36.0
572226,36.0
572227,36.0
572228,36.0
573101,36.0
573102,36.0
573103,36.0
573111,36.0
573112,36.0
573113,36.0
573115,36.0
573116,36.0
573117,36.0
573119,36.0
573120,36.0
573121,36.0
573122,36.0
573123,36.0
573124,36.0
573125,36.0
573126,36.0
573127,36.0
573128,36.0
573129,36.0
573130,36.0
573131,36.0
573133,36.0
573134,36.0
573135,36.0
573136,36.0
573137,36.0
573141,36.0
573142,36.0
573144,36.0
573162,36.0
573164,36.0
573165,36.0
573201,36.0
573202,36.0
573210,36.0
573211,36.0
573212,36.0
573213,36.0
573214,36.0
573215,36.0
573216,36.0
573217,36.0
573218,36.0
573219,36.0
573220,36.0
573225,36.0
574101,36.0
574102,36.0
574103,36.0
574104,36.0
574105,36.0
574106,36.0
574107,36.0
574108,36.0
574109,36.0
574110,36.0
574111,36.0
574112,36.0
574113,36.0
574114,36.0
574115,36.0
574116,36.0
574117,36.0
574118,36.0
574119,36.0
574122,36.0
574129,36.0
574141,36.0
574142,36.0
574143,36.0
574144,36.0
574145,36.0
574146,36.0
574148,36.0
574150,36.0
574151,36.0
574153,36.0
574154,36.0
574197,36.0
574198,36.0
574199,36.0
574201,36.0
574202,36.0
574203,36.0
574210,36.0
574211,36.0
574212,36.0
574213,36.0
574214,36.0
574216,36.0
574217,36.0
574218,36.0
574219,36.0
574221,36.0
574222,36.0
574223,36.0
574224,36.0
574225,36.0
574226,36.0
574227,36.0
574228,36.0
574229,36.0
574230,36.0
574231,36.0
574232,36.0
574233,36.0
574234,36.0
574235,36.0
574236,36.0
574237,36.0
574238,36.0
574239,36.0
574240,36.0
574241,36.0
574242,36.0
574243,36.0
574244,36.0
574248,36.0
574253,36.0
574259,36.0
574260,36.0
574265,36.0
574267,36.0
574274,36.0
574279,36.0
574285,36.0
574313,36.0
574314,36.0
574323,36.0
574324,36.0
574325,36.0
574326,36.0
574327,36.0
574328,36.0
574509,36.0
575001,36.0
575002,36.0
575003,36.0
575004,36.0
575005,36.0
575006,36.0
575007,36.0
575008,36.0
575010,36.0
575011,36.0
575013,36.0
575014,36.0
575015,36.0
575016,36.0
575017,36.0
575018,36.0
575019,36.0
575020,36.0
575022,36.0
575023,36.0
575025,36.0
575028,36.0
575029,36.0
575030,36.0
576101,36.0
576102,36.0
576103,36.0
576104,36.0
576105,36.0
576106,36.0
576107,36.0
576108,36.0
576111,36.0
576112,36.0
576113,36.0
576114,36.0
576115,36.0
576117,36.0
576120,36.0
576121,36.0
576122,36.0
576201,36.0
576210,36.0
576211,36.0
576212,36.0
576213,36.0
576214,36.0
576215,36.0
576216,36.0
576217,36.0
576218,36.0
576219,36.0
576220,36.0
576221,36.0
576222,36.0
576223,36.0
576224,36.0
576225,36.0
576226,36.0
576227,36.0
576228,36.0
576229,36.0
576230,36.0
576231,36.0
576232,36.0
576233,36.0
576234,36.0
576235,36.0
576247,36.0
576257,36.0
576282,36.0
576283,36.0
577115,36.0
577201,36.0
577202,36.0
577203,36.0
577204,36.0
577205,36.0
577211,36.0
577214,36.0
577216,36.0
577220,36.0
577222,36.0
577226,36.0
577227,36.0
577229,36.0
577232,36.0
577233,36.0
577243,36.0
577245,36.0
577301,36.0
577302,36.0
577401,36.0
577411,36.0
577412,36.0
577413,36.0
577414,36.0
577415,36.0
577416,36.0
577417,36.0
577418,36.0
577419,36.0
577421,36.0
577422,36.0
577423,36.0
577424,36.0
577425,36.0
577426,36.0
577427,36.0
577428,36.0
577429,36.0
577430,36.0
577431,36.0
577432,36.0
577433,36.0
577434,36.0
577435,36.0
577436,36.0
577451,36.0
577452,36.0
577453,36.0
577501,36.0
577502,36.0
577511,36.0
577515,36.0
577517,36.0
577518,36.0
577519,36.0
577520,36.0
577521,36.0
577522,36.0
577523,36.0
577524,36.0
577526,36.0
577527,36.0
577529,36.0
577531,36.0
577532,36.0
577533,36.0
577535,36.0
577536,36.0
577537,36.0
577538,36.0
577539,36.0
577540,36.0
577541,36.0
577542,36.0
577543,36.0
577545,36.0
577546,36.0
577554,36.0
577555,36.0
577557,36.0
577558,36.0
577596,36.0
577597,36.0
577598,36.0
577599,36.0
580001,36.0
580002,36.0
580003,36.0
580004,36.0
580005,36.0
580006,36.0
580007,36.0
580008,36.0
580009,36.0
580011,36.0
580021,36.0
580023,36.0
580024,36.0
580025,36.0
580026,36.0
580028,36.0
580029,36.0
580030,36.0
580031,36.0
580032,36.0
580112,36.0
580114,36.0
580118,36.0
581101,36.0
581102,36.0
581103,36.0
581104,36.0
581105,36.0
581106,36.0
581107,36.0
581108,36.0
581109,36.0
581110,36.0
581111,36.0
581112,36.0
581113,36.0
581115,36.0
581116,36.0
581117,36.0
581118,36.0
581119,36.0
581120,36.0
581121,36.0
581123,36.0
581126,36.0
581128,36.0
581129,36.0
581145,36.0
581148,36.0
581186,36.0
581187,36.0
581193,36.0
581195,36.0
581196,36.0
581198,36.0
581201,36.0
581202,36.0
581203,36.0
581204,36.0
581205,36.0
581206,36.0
581207,36.0
581208,36.0
581209,36.0
581210,36.0
581211,36.0
581212,36.0
581213,36.0
581301,36.0
581302,36.0
581303,36.0
581304,36.0
581306,36.0
581307,36.0
581308,36.0
581314,36.0
581315,36.0
581316,36.0
581317,36.0
581318,36.0
581319,36.0
581320,36.0
581321,36.0
581322,36.0
581323,36.0
581324,36.0
581325,36.0
581326,36.0
581327,36.0
581328,36.0
581329,36.0
581330,36.0
581331,36.0
581332,36.0
581333,36.0
581334,36.0
581335,36.0
581336,36.0
581337,36.0
581338,36.0
581339,36.0
581340,36.0
581341,36.0
581342,36.0
581343,36.0
581344,36.0
581345,36.0
581346,36.0
581347,36.0
581348,36.0
581349,36.0
581350,36.0
581351,36.0
581352,36.0
581353,36.0
581354,36.0
581355,36.0
581356,36.0
581357,36.0
581358,36.0
581359,36.0
581360,36.0
581361,36.0
581362,36.0
581363,36.0
581365,36.0
581384,36.0
581396,36.0
581400,36.0
581401,36.0
581402,36.0
581403,36.0
581411,36.0
581412,36.0
581421,36.0
581423,36.0
581440,36.0
581450,36.0
581453,36.0
582101,36.0
582103,36.0
582111,36.0
582112,36.0
582113,36.0
582114,36.0
582115,36.0
582116,36.0
582117,36.0
582118,36.0
582119,36.0
582120,36.0
582201,36.0
582202,36.0
582203,36.0
582204,36.0
582205,36.0
582206,36.0
582207,36.0
582208,36.0
582209,36.0
582210,36.0
582211,36.0
583101,36.0
583102,36.0
583104,36.0
583111,36.0
583112,36.0
583113,36.0
583114,36.0
583115,36.0
583116,36.0
583117,36.0
583118,36.0
583119,36.0
583120,36.0
583121,36.0
583122,36.0
583123,36.0
583124,36.0
583126,36.0
583128,36.0
583129,36.0
583130,36.0
583132,36.0
583134,36.0
583135,36.0
583136,36.0
583152,36.0
583201,36.0
583203,36.0
583211,36.0
583212,36.0
583214,36.0
583215,36.0
583216,36.0
583217,36.0
583218,36.0
583219,36.0
583220,36.0
583221,36.0
583222,36.0
583223,36.0
583224,36.0
583225,36.0
583226,36.0
583227,36.0
583228,36.0
583229,36.0
583230,36.0
583231,36.0
583232,36.0
583233,36.0
583234,36.0
583235,36.0
583236,36.0
583237,36.0
583238,36.0
583239,36.0
583268,36.0
583275,36.0
583276,36.0
583277,36.0
583278,36.0
583279,36.0
583280,36.0
583281,36.0
583282,36.0
583283,36.0
584101,36.0
584102,36.0
584103,36.0
584104,36.0
584111,36.0
584113,36.0
584115,36.0
584116,36.0
584118,36.0
584120,36.0
584122,36.0
584123,36.0
584124,36.0
584125,36.0
584126,36.0
584127,36.0
584128,36.0
584129,36.0
584132,36.0
584133,36.0
584134,36.0
584135,36.0
584136,36.0
584138,36.0
584139,36.0
584140,36.0
584143,36.0
584167,36.0
584170,36.0
584202,36.0
584203,36.0
585101,36.0
585102,36.0
585103,36.0
585104,36.0
585105,36.0
585106,36.0
585201,36.0
585202,36.0
585210,36.0
585211,36.0
585212,36.0
585213,36.0
585214,36.0
585215,36.0
585216,36.0
585217,36.0
585218,36.0
585219,36.0
585220,36.0
585221,36.0
585222,36.0
585223,36.0
585224,36.0
585225,36.0
585226,36.0
585227,36.0
585228,36.0
585236,36.0
585237,36.0
585265,36.0
585287,36.0
585290,36.0
585291,36.0
585292,36.0
585301,36.0
585302,36.0
585303,36.0
585304,36.0
585305,36.0
585306,36.0
585307,36.0
585308,36.0
585309,36.0
585310,36.0
585311,36.0
585312,36.0
585313,36.0
585314,36.0
585315,36.0
585316,36.0
585317,36.0
585318,36.0
585319,36.0
585320,36.0
585321,36.0
585322,36.0
585324,36.0
585325,36.0
585326,36.0
585327,36.0
585328,36.0
585329,36.0
585330,36.0
585331,36.0
585353,36.0
585355,36.0
585367,36.0
585401,36.0
585402,36.0
585403,36.0
585411,36.0
585412,36.0
585413,36.0
585414,36.0
585416,36.0
585417,36.0
585418,36.0
585419,36.0
585421,36.0
585436,36.0
585437,36.0
585443,36.0
585444,36.0
586103,36.0
586104,36.0
586108,36.0
586109,36.0
586111,36.0
586112,36.0
586113,36.0
586114,36.0
586115,36.0
586116,36.0
586117,36.0
586118,36.0
586119,36.0
586120,36.0
586121,36.0
586122,36.0
586123,36.0
586124,36.0
586125,36.0
586128,36.0
586129,36.0
586130,36.0
586201,36.0
586202,36.0
586203,36.0
586204,36.0
586205,36.0
586206,36.0
586207,36.0
586208,36.0
586209,36.0
586210,36.0
586211,36.0
586212,36.0
586213,36.0
586214,36.0
586215,36.0
586216,36.0
586217,36.0
587101,36.0
587102,36.0
587103,36.0
587104,36.0
587111,36.0
587112,36.0
587113,36.0
587114,36.0
587115,36.0
587116,36.0
587117,36.0
587118,36.0
587119,36.0
587120,36.0
587121,36.0
587122,36.0
587124,36.0
587125,36.0
587154,36.0
587155,36.0
587201,36.0
587202,36.0
587203,36.0
587204,36.0
587205,36.0
587206,36.0
587207,36.0
587301,36.0
587311,36.0
587312,36.0
587313,36.0
587314,36.0
587315,36.0
587316,36.0
587330,36.0
590003,36.0
590005,36.0
590006,36.0
590008,36.0
590009,36.0
590010,36.0
590011,36.0
590014,36.0
590015,36.0
590016,36.0
590017,36.0
590018,36.0
590019,36.0
590020,36.0
591101,36.0
591102,36.0
591103,36.0
591104,36.0
591106,36.0
591107,36.0
591108,36.0
591109,36.0
591110,36.0
591111,36.0
591112,36.0
591113,36.0
591114,36.0
591115,36.0
591117,36.0
591118,36.0
591119,36.0
591120,36.0
591121,36.0
591122,36.0
591123,36.0
591124,36.0
591125,36.0
591126,36.0
591127,36.0
591128,36.0
591129,36.0
591130,36.0
591131,36.0
591136,36.0
591143,36.0
591147,36.0
591153,36.0
591156,36.0
591173,36.0
591201,36.0
591211,36.0
591212,36.0
591213,36.0
591214,36.0
591215,36.0
591216,36.0
591217,36.0
591218,36.0
591219,36.0
591220,36.0
591221,36.0
591222,36.0
591223,36.0
591224,36.0
591225,36.0
591226,36.0
591227,36.0
591228,36.0
591229,36.0
591230,36.0
591231,36.0
591232,36.0
591233,36.0
591234,36.0
591235,36.0
591236,36.0
591237,36.0
591238,36.0
591239,36.0
591240,36.0
591241,36.0
591242,36.0
591243,36.0
591244,36.0
591246,36.0
591247,36.0
591248,36.0
591254,36.0
591263,36.0
591265,36.0
591287,36.0
591301,36.0
591302,36.0
591303,36.0
591304,36.0
591305,36.0
591306,36.0
591307,36.0
591308,36.0
591309,36.0
591310,36.0
591311,36.0
591312,36.0
591313,36.0
591314,36.0
591315,36.0
591316,36.0
591317,36.0
591340,36.0
591344,36.0
591345,36.0
591346,36.0
670001,23.6
670002,23.6
670003,23.6
670004,23.6
670005,23.6
670006,23.6
670007,23.6
670008,23.6
670009,23.6
670010,23.6
670011,23.6
670012,23.6
670013,23.6
670014,23.6
670017,23.6
670018,23.6
670101,23.6
670102,23.6
670103,23.6
670104,23.6
670105,23.6
670106,23.6
670107,23.6
670141,23.6
670142,23.6
670143,23.6
670301,23.6
670302,23.6
670303,23.6
670304,23.6
670305,23.6
670306,23.6
670307,23.6
670308,23.6
670309,23.6
670310,23.6
670325,23.6
670327,23.6
670331,23.6
670334,23.6
670353,23.6
670358,23.6
670501,23.6
670502,23.6
670503,23.6
670504,23.6
670511,23.6
670521,23.6
670561,23.6
670562,23.6
670563,23.6
670567,23.6
670571,23.6
670581,23.6
670582,23.6
670591,23.6
670592,23.6
670594,23.6
670595,23.6
670601,23.6
670602,23.6
670604,23.6
670611,23.6
670612,23.6
670613,23.6
670621,23.6
670622,23.6
670631,23.6
670632,23.6
670633,23.6
670641,23.6
670642,23.6
670643,23.6
670644,23.6
670645,23.6
670646,23.6
670649,23.6
670650,23.6
670651,23.6
670661,23.6
670662,23.6
670663,23.6
670671,23.6
670672,23.6
670673,23.6
670674,23.6
670675,23.6
670676,23.6
670691,23.6
670692,23.6
670693,23.6
670694,23.6
670701,23.6
670702,23.6
670703,23.6
670704,23.6
670705,23.6
670706,23.6
670731,23.6
670741,23.6
673001,23.6
673002,23.6
673003,23.6
673004,23.6
673005,23.6
673006,23.6
673007,23.6
673008,23.6
673009,23.6
673010,23.6
673011,23.6
673012,23.6
673014,23.6
673015,23.6
673016,23.6
673017,23.6
673018,23.6
673019,23.6
673020,23.6
673021,23.6
673027,23.6
673028,23.6
673029,23.6
673032,23.6
673101,23.6
673102,23.6
673103,23.6
673104,23.6
673105,23.6
673106,23.6
673121,23.6
673122,23.6
673123,23.6
673301,23.6
673302,23.6
673303,23.6
673304,23.6
673305,23.6
673306,23.6
673307,23.6
673308,23.6
673309,23.6
673311,23.6
673312,23.6
673313,23.6
673314,23.6
673315,23.6
673316,23.6
673317,23.6
673328,23.6
673501,23.6
673502,23.6
673503,23.6
673504,23.6
673505,23.6
673506,23.6
673507,23.6
673508,23.6
673509,23.6
673513,23.6
673517,23.6
673521,23.6
673522,23.6
673523,23.6
673524,23.6
673525,23.6
673526,23.6
673527,23.6
673528,23.6
673529,23.6
673541,23.6
673542,23.6
673571,23.6
673572,23.6
673573,23.6
673575,23.6
673576,23.6
673577,23.6
673579,23.6
673580,23.6
673581,23.6
673582,23.6
673585,23.6
673586,23.6
673591,23.6
673592,23.6
673593,23.6
673595,23.6
673596,23.6
673601,23.6
673602,23.6
673603,23.6
673604,23.6
673611,23.6
673612,23.6
673613,23.6
673614,23.6
673616,23.6
673620,23.6
673631,23.6
673632,23.6
673633,23.6
673634,23.6
673635,23.6
673636,23.6
673637,23.6
673638,23.6
673639,23.6
673640,23.6
673641,23.6
673642,23.6
673645,23.6
673647,23.6
673655,23.6
673661,23.6
676101,23.6
676102,23.6
676103,23.6
676105,23.6
676106,23.6
676107,23.6
676108,23.6
676109,23.6
676122,23.6
676123,23.6
676301,23.6
676302,23.6
676303,23.6
676304,23.6
676305,23.6
676306,23.6
676307,23.6
676309,23.6
676311,23.6
676312,23.6
676317,23.6
676319,23.6
676320,23.6
676501,23.6
676502,23.6
676503,23.6
676504,23.6
676505,23.6
676506,23.6
676507,23.6
676508,23.6
676509,23.6
676510,23.6
676517,23.6
676519,23.6
676521,23.6
676522,23.6
676523,23.6
676525,23.6
676528,23.6
676541,23.6
676542,23.6
676551,23.6
676552,23.6
676553,23.6
676561,23.6
676562,23.6
678001,23.6
678002,23.6
678003,23.6
678004,23.6
678005,23.6
678006,23.6
678007,23.6
678008,23.6
678009,23.6
678010,23.6
678011,23.6
678012,23.6
678013,23.6
678014,23.6
678101,23.6
678102,23.6
678103,23.6
678104,23.6
678501,23.6
678502,23.6
678503,23.6
678504,23.6
678505,23.6
678506,23.6
678507,23.6
678508,23.6
678510,23.6
678512,23.6
678531,23.6
678532,23.6
678533,23.6
678534,23.6
678541,23.6
678542,23.6
678543,23.6
678544,23.6
678545,23.6
678546,23.6
678551,23.6
678552,23.6
678553,23.6
678554,23.6
678555,23.6
678556,23.6
678557,23.6
678571,23.6
678572,23.6
678573,23.6
678574,23.6
678581,23.6
678582,23.6
678583,23.6
678591,23.6
678592,23.6
678593,23.6
678594,23.6
678595,23.6
678596,23.6
678597,23.6
678598,23.6
678601,23.6
678611,23.6
678612,23.6
678613,23.6
678621,23.6
678622,23.6
678623,23.6
678624,23.6
678631,23.6
678632,23.6
678633,23.6
678641,23.6
678651,23.6
678661,23.6
678671,23.6
678681,23.6
678682,23.6
678683,23.6
678684,23.6
678685,23.6
678686,23.6
678687,23.6
678688,23.6
678701,23.6
678702,23.6
678703,23.6
678704,23.6
678705,23.6
678706,23.6
678721,23.6
678722,23.6
678731,23.6
678732,23.6
678762,23.6
679101,23.6
679102,23.6
679103,23.6
679104,23.6
679105,23.6
679106,23.6
679121,23.6
679122,23.6
679123,23.6
679301,23.6
679302,23.6
679303,23.6
679304,23.6
679305,23.6
679306,23.6
679307,23.6
679308,23.6
679309,23.6
679313,23.6
679321,23.6
679322,23.6
679323,23.6
679324,23.6
679325,23.6
679326,23.6
679327,23.6
679328,23.6
679329,23.6
679330,23.6
679331,23.6
679332,23.6
679333,23.6
679334,23.6
679335,23.6
679336,23.6
679337,23.6
679338,23.6
679339,23.6
679340,23.6
679341,23.6
679357,23.6
679501,23.6
679502,23.6
679503,23.6
679504,23.6
679505,23.6
679506,23.6
679511,23.6
679512,23.6
679513,23.6
679514,23.6
679515,23.6
679516,23.6
679521,23.6
679522,23.6
679523,23.6
679531,23.6
679532,23.6
679533,23.6
679534,23.6
679535,23.6
679536,23.6
679551,23.6
679552,23.6
679553,23.6
679554,23.6
679561,23.6
679562,23.6
679563,23.6
679564,23.6
679571,23.6
679572,23.6
679573,23.6
679574,23.6
679575,23.6
679576,23.6
679577,23.6
679578,23.6
679579,23.6
679580,23.6
679581,23.6
679582,23.6
679583,23.6
679584,23.6
679585,23.6
679586,23.6
679587,23.6
679591,23.6
680001,23.6
680002,23.6
680003,23.6
680004,23.6
680005,23.6
680006,23.6
680007,23.6
680008,23.6
680009,23.6
680010,23.6
680011,23.6
680012,23.6
680013,23.6
680020,23.6
680021,23.6
680022,23.6
680026,23.6
680027,23.6
680028,23.6
680101,23.6
680102,23.6
680103,23.6
680104,23.6
680121,23.6
680122,23.6
680123,23.6
680125,23.6
680301,23.6
680302,23.6
680303,23.6
680304,23.6
680305,23.6
680306,23.6
680307,23.6
680308,23.6
680309,23.6
680310,23.6
680311,23.6
680312,23.6
680317,23.6
680501,23.6
680502,23.6
680503,23.6
680504,23.6
680505,23.6
680506,23.6
680507,23.6
680508,23.6
680509,23.6
680510,23.6
680511,23.6
680512,23.6
680513,23.6
680514,23.6
680515,23.6
680516,23.6
680517,23.6
680518,23.6
680519,23.6
680520,23.6
680521,23.6
680522,23.6
680523,23.6
680524,23.6
680541,23.6
680542,23.6
680543,23.6
680544,23.6
680545,23.6
680546,23.6
680551,23.6
680552,23.6
680553,23.6
680555,23.6
680561,23.6
680562,23.6
680563,23.6
680564,23.6
680565,23.6
680566,23.6
680567,23.6
680568,23.6
680569,23.6
680570,23.6
680571,23.6
680581,23.6
680582,23.6
680583,23.6
680584,23.6
680585,23.6
680586,23.6
680587,23.6
680588,23.6
680589,23.6
680590,23.6
680591,23.6
680594,23.6
680596,23.6
680601,23.6
680602,23.6
680604,23.6
680611,23.6
680612,23.6
680613,23.6
680614,23.6
680615,23.6
680616,23.6
680617,23.6
680618,23.6
680619,23.6
680620,23.6
680623,23.6
680631,23.6
680641,23.6
680642,23.6
680651,23.6
680652,23.6
680653,23.6
680654,23.6
680655,23.6
680656,23.6
680661,23.6
680662,23.6
680663,23.6
680664,23.6
680665,23.6
680666,23.6
680667,23.6
680668,23.6
680669,23.6
680670,23.6
680671,23.6
680681,23.6
680682,23.6
680683,23.6
680684,23.6
680685,23.6
680686,23.6
680687,23.6
680688,23.6
680689,23.6
680691,23.6
680697,23.6
680699,23.6
680701,23.6
680702,23.6
680703,23.6
680711,23.6
680712,23.6
680721,23.6
680722,23.6
680724,23.6
680731,23.6
680732,23.6
680733,23.6
680734,23.6
680741,23.6
680751,23.6
682001,23.6
682002,23.6
682003,23.6
682004,23.6
682005,23.6
682006,23.6
682007,23.6
682008,23.6
682009,23.6
682010,23.6
682011,23.6
682012,23.6
682013,23.6
682015,23.6
682016,23.6
682017,23.6
682018,23.6
682019,23.6
682020,23.6
682021,23.6
682022,23.6
682023,23.6
682024,23.6
682025,23.6
682026,23.6
682027,23.6
682028,23.6
682029,23.6
682030,23.6
682031,23.6
682032,23.6
682033,23.6
682034,23.6
682035,23.6
682036,23.6
682037,23.6
682038,23.6
682039,23.6
682040,23.6
682041,23.6
682042,23.6
682301,23.6
682302,23.6
682303,23.6
682304,23.6
682305,23.6
682306,23.6
682307,23.6
682308,23.6
682309,23.6
682310,23.6
682311,23.6
682312,23.6
682313,23.6
682314,23.6
682315,23.6
682316,23.6
682501,23.6
682502,23.6
682503,23.6
682504,23.6
682505,23.6
682506,23.6
682507,23.6
682508,23.6
682509,23.6
682511,23.6
682551,23.6
682552,23.6
682553,23.6
682555,23.6
682556,23.6
682557,23.6
682559,23.6
683101,23.6
683102,23.6
683104,23.6
683105,23.6
683106,23.6
683108,23.6
683110,23.6
683111,23.6
683112,23.6
683501,23.6
683502,23.6
683503,23.6
683511,23.6
683512,23.6
683513,23.6
683514,23.6
683515,23.6
683516,23.6
683517,23.6
683518,23.6
683519,23.6
683520,23.6
683521,23.6
683522,23.6
683542,23.6
683543,23.6
683544,23.6
683545,23.6
683546,23.6
683547,23.6
683549,23.6
683550,23.6
683556,23.6
683561,23.6
683562,23.6
683563,23.6
683565,23.6
683571,23.6
683572,23.6
683573,23.6
683574,23.6
683575,23.6
683576,23.6
683577,23.6
683578,23.6
683579,23.6
683580,23.6
683581,23.6
683585,23.6
683587,23.6
683589,23.6
683594,23.6
685501,23.6
685503,23.6
685505,23.6
685507,23.6
685508,23.6
685509,23.6
685511,23.6
685514,23.6
685515,23.6
685531,23.6
685532,23.6
685533,23.6
685535,23.6
685551,23.6
685552,23.6
685553,23.6
685554,23.6
685561,23.6
685562,23.6
685563,23.6
685565,23.6
685566,23.6
685571,23.6
685581,23.6
685582,23.6
685583,23.6
685584,23.6
685585,23.6
685586,23.6
685587,23.6
685588,23.6
685589,23.6
685590,23.6
685591,23.6
685595,23.6
685601,23.6
685602,23.6
685603,23.6
685604,23.6
685605,23.6
685606,23.6
685607,23.6
685608,23.6
685609,23.6
685612,23.6
685613,23.6
685614,23.6
685615,23.6
685616,23.6
685618,23.6
685619,23.6
685620,23.6
686001,23.6
686002,23.6
686003,23.6
686004,23.6
686005,23.6
686006,23.6
686007,23.6
686008,23.6
686009,23.6
686010,23.6
686011,23.6
686012,23.6
686013,23.6
686014,23.6
686015,23.6
686016,23.6
686017,23.6
686018,23.6
686019,23.6
686020,23.6
686021,23.6
686022,23.6
686041,23.6
686101,23.6
686102,23.6
686103,23.6
686104,23.6
686105,23.6
686106,23.6
686121,23.6
686122,23.6
686123,23.6
686141,23.6
686143,23.6
686144,23.6
686146,23.6
686501,23.6
686502,23.6
686503,23.6
686504,23.6
686505,23.6
686506,23.6
686507,23.6
686508,23.6
686509,23.6
686510,23.6
686511,23.6
686512,23.6
686513,23.6
686514,23.6
686515,23.6
686516,23.6
686517,23.6
686518,23.6
686519,23.6
686520,23.6
686521,23.6
686522,23.6
686531,23.6
686532,23.6
686533,23.6
686534,23.6
686535,23.6
686536,23.6
686537,23.6
686538,23.6
686539,23.6
686540,23.6
686541,23.6
686542,23.6
686543,23.6
686544,23.6
686545,23.6
686546,23.6
686547,23.6
686548,23.6
686555,23.6
686561,23.6
686562,23.6
686563,23.6
686571,23.6
686572,23.6
686573,23.6
686574,23.6
686575,23.6
686576,23.6
686577,23.6
686578,23.6
686579,23.6
686580,23.6
686581,23.6
686582,23.6
686583,23.6
686584,23.6
686585,23.6
686586,23.6
686587,23.6
686601,23.6
686602,23.6
686603,23.6
686604,23.6
686605,23.6
686606,23.6
686607,23.6
686608,23.6
686609,23.6
686610,23.6
686611,23.6
686612,23.6
686613,23.6
686616,23.6
686630,23.6
686631,23.6
686632,23.6
686633,23.6
686634,23.6
686635,23.6
686636,23.6
686637,23.6
686651,23.6
686652,23.6
686653,23.6
686661,23.6
686662,23.6
686663,23.6
686664,23.6
686665,23.6
686667,23.6
686668,23.6
686669,23.6
686670,23.6
686671,23.6
686672,23.6
686673,23.6
686681,23.6
686691,23.6
686692,23.6
686693,23.6
688001,23.6
688002,23.6
688003,23.6
688004,23.6
688005,23.6
688006,23.6
688007,23.6
688008,23.6
688009,23.6
688011,23.6
688012,23.6
688013,23.6
688014,23.6
688502,23.6
688503,23.6
688504,23.6
688505,23.6
688506,23.6
688521,23.6
688522,23.6
688523,23.6
688524,23.6
688525,23.6
688526,23.6
688527,23.6
688528,23.6
688529,23.6
688530,23.6
688531,23.6
688532,23.6
688533,23.6
688534,23.6
688535,23.6
688536,23.6
688537,23.6
688538,23.6
688539,23.6
688540,23.6
688541,23.6
688555,23.6
688561,23.6
688562,23.6
688570,23.6
688582,23.6
689101,23.6
689102,23.6
689103,23.6
689104,23.6
689105,23.6
689106,23.6
689107,23.6
689108,23.6
689109,23.6
689110,23.6
689111,23.6
689112,23.6
689113,23.6
689115,23.6
689121,23.6
689122,23.6
689123,23.6
689124,23.6
689126,23.6
689501,23.6
689502,23.6
689503,23.6
689504,23.6
689505,23.6
689506,23.6
689507,23.6
689508,23.6
689509,23.6
689510,23.6
689511,23.6
689512,23.6
689513,23.6
689514,23.6
689520,23.6
689521,23.6
689531,23.6
689532,23.6
689533,23.6
689541,23.6
689542,23.6
689543,23.6
689544,23.6
689545,23.6
689546,23.6
689547,23.6
689548,23.6
689549,23.6
689550,23.6
689551,23.6
689571,23.6
689572,23.6
689573,23.6
689574,23.6
689581,23.6
689582,23.6
689583,23.6
689584,23.6
689585,23.6
689586,23.6
689587,23.6
689588,23.6
689589,23.6
689590,23.6
689591,23.6
689592,23.6
689594,23.6
689595,23.6
689597,23.6
689602,23.6
689611,23.6
689612,23.6
689613,23.6
689614,23.6
689615,23.6
689621,23.6
689622,23.6
689623,23.6
689624,23.6
689625,23.6
689626,23.6
689627,23.6
689641,23.6
689642,23.6
689643,23.6
689644,23.6
689645,23.6
689646,23.6
689647,23.6
689648,23.6
689649,23.6
689650,23.6
689652,23.6
689653,23.6
689654,23.6
689656,23.6
689661,23.6
689662,23.6
689663,23.6
689664,23.6
689666,23.6
689667,23.6
689668,23.6
689671,23.6
689672,23.6
689673,23.6
689674,23.6
689675,23.6
689676,23.6
689677,23.6
689678,23.6
689691,23.6
689692,23.6
689693,23.6
689694,23.6
689695,23.6
689696,23.6
689698,23.6
689711,23.6
690101,23.6
690102,23.6
690103,23.6
690104,23.6
690105,23.6
690106,23.6
690107,23.6
690108,23.6
690110,23.6
690501,23.6
690502,23.6
690503,23.6
690504,23.6
690505,23.6
690506,23.6
690507,23.6
690508,23.6
690509,23.6
690510,23.6
690511,23.6
690512,23.6
690513,23.6
690514,23.6
690515,23.6
690516,23.6
690517,23.6
690518,23.6
690519,23.6
690520,23.6
690521,23.6
690522,23.6
690523,23.6
690524,23.6
690525,23.6
690526,23.6
690527,23.6
690528,23.6
690529,23.6
690530,23.6
690531,23.6
690532,23.6
690533,23.6
690534,23.6
690535,23.6
690536,23.6
690537,23.6
690538,23.6
690539,23.6
690540,23.6
690542,23.6
690544,23.6
690547,23.6
690548,23.6
690558,23.6
690559,23.6
690561,23.6
690571,23.6
690572,23.6
690573,23.6
690574,23.6
691001,23.6
691002,23.6
691003,23.6
691004,23.6
691005,23.6
691006,23.6
691007,23.6
691008,23.6
691009,23.6
691010,23.6
691011,23.6
691012,23.6
691013,23.6
691014,23.6
691015,23.6
691016,23.6
691019,23.6
691020,23.6
691021,23.6
691301,23.6
691302,23.6
691303,23.6
691304,23.6
691305,23.6
691306,23.6
691307,23.6
691308,23.6
691309,23.6
691310,23.6
691311,23.6
691312,23.6
691319,23.6
691322,23.6
691331,23.6
691332,23.6
691333,23.6
691334,23.6
691500,23.6
691501,23.6
691502,23.6
691503,23.6
691504,23.6
691505,23.6
691506,23.6
691507,23.6
691508,23.6
691509,23.6
691510,23.6
691511,23.6
691512,23.6
691515,23.6
691516,23.6
691520,23.6
691521,23.6
691522,23.6
691523,23.6
691524,23.6
691525,23.6
691526,23.6
691530,23.6
691531,23.6
691532,23.6
691533,23.6
691534,23.6
691535,23.6
691536,23.6
691537,23.6
691538,23.6
691540,23.6
691541,23.6
691543,23.6
691551,23.6
691552,23.6
691553,23.6
691554,23.6
691555,23.6
691556,23.6
691557,23.6
691559,23.6
691560,23.6
691566,23.6
691571,23.6
691572,23.6
691573,23.6
691574,23.6
691576,23.6
691577,23.6
691578,23.6
691579,23.6
691581,23.6
691582,23.6
691583,23.6
691584,23.6
691585,23.6
691589,23.6
691590,23.6
691601,23.6
691602,23.6
695001,23.6
695002,23.6
695003,23.6
695004,23.6
695005,23.6
695006,23.6
695007,23.6
695008,23.6
695009,23.6
695010,23.6
695011,23.6
695012,23.6
695013,23.6
695014,23.6
695015,23.6
695016,23.6
695017,23.6
695018,23.6
695019,23.6
695020,23.6
695021,23.6
695022,23.6
695023,23.6
695024,23.6
695025,23.6
695026,23.6
695027,23.6
695028,23.6
695029,23.6
695030,23.6
695032,23.6
695033,23.6
695034,23.6
695035,23.6
695036,23.6
695038,23.6
695040,23.6
695042,23.6
695043,23.6
695101,23.6
695102,23.6
695103,23.6
695104,23.6
695121,23.6
695122,23.6
695123,23.6
695124,23.6
695125,23.6
695126,23.6
695132,23.6
695133,23.6
695134,23.6
695141,23.6
695142,23.6
695143,23.6
695144,23.6
695145,23.6
695146,23.6
695301,23.6
695302,23.6
695303,23.6
695304,23.6
695305,23.6
695306,23.6
695307,23.6
695308,23.6
695309,23.6
695310,23.6
695311,23.6
695312,23.6
695313,23.6
695316,23.6
695317,23.6
695318,23.6
695501,23.6
695502,23.6
695503,23.6
695504,23.6
695505,23.6
695506,23.6
695507,23.6
695508,23.6
695512,23.6
695513,23.6
695521,23.6
695522,23.6
695523,23.6
695524,23.6
695525,23.6
695526,23.6
695527,23.6
695528,23.6
695541,23.6
695542,23.6
695551,23.6
695561,23.6
695562,23.6
695563,23.6
695564,23.6
695568,23.6
695571,23.6
695572,23.6
695573,23.6
695574,23.6
695575,23.6
695581,23.6
695582,23.6
695583,23.6
695584,23.6
695585,23.6
695586,23.6
695587,23.6
695588,23.6
695589,23.6
695601,23.6
695602,23.6
695603,23.6
695604,23.6
695605,23.6
695606,23.6
695607,23.6
695608,23.6
695609,23.6
695610,23.6
695611,23.6
695612,23.6
695614,23.6
695615,23.6
400601,46.0
400602,46.0
400604,46.0
400606,46.0
400608,46.0
400610,46.0
400701,46.0
400703,46.0
400706,46.0
400709,46.0
400710,46.0
401101,46.0
401102,46.0
401103,46.0
401105,46.0
401106,46.0
401107,46.0
401201,46.0
401202,46.0
401203,46.0
401204,46.0
401206,46.0
401207,46.0
401208,46.0
401302,46.0
401303,46.0
401304,46.0
401305,46.0
401401,46.0
401402,46.0
401403,46.0
401404,46.0
401405,46.0
401501,46.0
401502,46.0
401503,46.0
401504,46.0
401506,46.0
401601,46.0
401602,46.0
401603,46.0
401604,46.0
401605,46.0
401606,46.0
401607,46.0
401701,46.0
401702,46.0
401703,46.0
403001,46.0
403002,46.0
403004,46.0
403005,46.0
403006,46.0
403101,46.0
403102,46.0
403104,46.0
403105,46.0
403106,46.0
403107,46.0
403108,46.0
403109,46.0
403110,46.0
403114,46.0
403115,46.0
403201,46.0
403202,46.0
403203,46.0
403204,46.0
403206,46.0
403401,46.0
403402,46.0
403403,46.0
403404,46.0
403406,46.0
403409,46.0
403410,46.0
403501,46.0
403502,46.0
403503,46.0
403504,46.0
403505,46.0
403506,46.0
403507,46.0
403508,46.0
403509,46.0
403510,46.0
403511,46.0
403512,46.0
403513,46.0
403515,46.0
403516,46.0
403517,46.0
403521,46.0
403523,46.0
403524,46.0
403526,46.0
403527,46.0
403530,46.0
403601,46.0
403602,46.0
403701,46.0
403702,46.0
403703,46.0
403704,46.0
403705,46.0
403706,46.0
403707,46.0
403708,46.0
403709,46.0
403710,46.0
403711,46.0
403712,46.0
403713,46.0
403714,46.0
403715,46.0
403716,46.0
403717,46.0
403718,46.0
403719,46.0
403720,46.0
403721,46.0
403722,46.0
403723,46.0
403724,46.0
403725,46.0
403726,46.0
403728,46.0
403731,46.0
403801,46.0
403802,46.0
403803,46.0
403804,46.0
403806,46.0
410301,46.0
410302,46.0
410401,46.0
410402,46.0
410403,46.0
410405,46.0
410406,46.0
410501,46.0
410502,46.0
410503,46.0
410504,46.0
410506,46.0
410507,46.0
410508,46.0
410509,46.0
410510,46.0
410511,46.0
410512,46.0
410513,46.0
410515,46.0
410516,46.0
411002,46.0
411003,46.0
411005,46.0
411006,46.0
411007,46.0
411008,46.0
411009,46.0
411011,46.0
411012,46.0
411013,46.0
411015,46.0
411016,46.0
411017,46.0
411018,46.0
411019,46.0
411020,46.0
411021,46.0
411022,46.0
411023,46.0
411024,46.0
411026,46.0
411027,46.0
411028,46.0
411030,46.0
411031,46.0
411032,46.0
411033,46.0
411034,46.0
411035,46.0
411036,46.0
411037,46.0
411038,46.0
411039,46.0
411040,46.0
411041,46.0
411042,46.0
411043,46.0
411044,46.0
411045,46.0
411046,46.0
411047,46.0
411048,46.0
411051,46.0
411052,46.0
411057,46.0
411058,46.0
411060,46.0
411061,46.0
411062,46.0
412101,46.0
412102,46.0
412103,46.0
412104,46.0
412106,46.0
412107,46.0
412108,46.0
412109,46.0
412112,46.0
412115,46.0
412201,46.0
412202,46.0
412203,46.0
412204,46.0
412205,46.0
412206,46.0
412207,46.0
412208,46.0
412209,46.0
412210,46.0
412211,46.0
412212,46.0
412213,46.0
412214,46.0
412215,46.0
412218,46.0
412219,46.0
412220,46.0
412301,46.0
412303,46.0
412304,46.0
412305,46.0
412306,46.0
412311,46.0
412312,46.0
412401,46.0
412402,46.0
412403,46.0
412404,46.0
412405,46.0
412406,46.0
412408,46.0
412409,46.0
412410,46.0
412411,46.0
412412,46.0
412801,46.0
412802,46.0
412803,46.0
412804,46.0
412805,46.0
412806,46.0
413003,46.0
413004,46.0
413005,46.0
413006,46.0
413008,46.0
413101,46.0
413102,46.0
413103,46.0
413104,46.0
413105,46.0
413106,46.0
413107,46.0
413108,46.0
413109,46.0
413110,46.0
413111,46.0
413112,46.0
413113,46.0
413114,46.0
413115,46.0
413116,46.0
413118,46.0
413120,46.0
413130,46.0
413132,46.0
413133,46.0
413202,46.0
413203,46.0
413206,46.0
413208,46.0
413209,46.0
413210,46.0
413211,46.0
413212,46.0
413213,46.0
413214,46.0
413215,46.0
413216,46.0
413217,46.0
413218,46.0
413219,46.0
413220,46.0
413221,46.0
413222,46.0
413223,46.0
413224,46.0
413226,46.0
413227,46.0
413228,46.0
413248,46.0
413250,46.0
413251,46.0
413252,46.0
413253,46.0
413255,46.0
413301,46.0
413303,46.0
413305,46.0
413306,46.0
413307,46.0
413308,46.0
413309,46.0
413310,46.0
413314,46.0
413315,46.0
413317,46.0
413319,46.0
413322,46.0
413324,46.0
413401,46.0
413402,46.0
413403,46.0
413404,46.0
413405,46.0
413406,46.0
413409,46.0
413410,46.0
413411,46.0
413412,46.0
413501,46.0
413502,46.0
413503,46.0
413504,46.0
413505,46.0
413506,46.0
413507,46.0
413508,46.0
413509,46.0
413510,46.0
413511,46.0
413512,46.0
413513,46.0
413514,46.0
413515,46.0
413516,46.0
413517,46.0
413518,46.0
413519,46.0
413520,46.0
413521,46.0
413522,46.0
413523,46.0
413524,46.0
413525,46.0
413526,46.0
413527,46.0
413528,46.0
413529,46.0
413530,46.0
413531,46.0
413532,46.0
413534,46.0
413544,46.0
413581,46.0
413582,46.0
413601,46.0
413602,46.0
413603,46.0
413604,46.0
413605,46.0
413606,46.0
413607,46.0
413608,46.0
413623,46.0
413624,46.0
413801,46.0
413802,46.0
415001,46.0
415002,46.0
415003,46.0
415004,46.0
415010,46.0
415011,46.0
415012,46.0
415013,46.0
415014,46.0
415015,46.0
415019,46.0
415020,46.0
415021,46.0
415022,46.0
415023,46.0
415101,46.0
415102,46.0
415103,46.0
415104,46.0
415105,46.0
415106,46.0
415107,46.0
415108,46.0
415109,46.0
415110,46.0
415111,46.0
415112,46.0
415114,46.0
415115,46.0
415116,46.0
415122,46.0
415124,46.0
415202,46.0
415203,46.0
415205,46.0
415206,46.0
415207,46.0
415208,46.0
415209,46.0
415211,46.0
415212,46.0
415214,46.0
415301,46.0
415302,46.0
415303,46.0
415304,46.0
415305,46.0
415306,46.0
415307,46.0
415308,46.0
415309,46.0
415310,46.0
415311,46.0
415312,46.0
415313,46.0
415315,46.0
415401,46.0
415402,46.0
415403,46.0
415404,46.0
415405,46.0
415406,46.0
415407,46.0
415408,46.0
415409,46.0
415410,46.0
415411,46.0
415412,46.0
415413,46.0
415414,46.0
415415,46.0
415501,46.0
415502,46.0
415503,46.0
415504,46.0
415505,46.0
415506,46.0
415507,46.0
415508,46.0
415509,46.0
415510,46.0
415511,46.0
415512,46.0
415513,46.0
415514,46.0
415515,46.0
415516,46.0
415517,46.0
415518,46.0
415519,46.0
415520,46.0
415521,46.0
415522,46.0
415523,46.0
415524,46.0
415525,46.0
415526,46.0
415527,46.0
415528,46.0
415530,46.0
415536,46.0
415537,46.0
415538,46.0
415539,46.0
415540,46.0
415601,46.0
415602,46.0
415603,46.0
415604,46.0
415605,46.0
415606,46.0
415607,46.0
415608,46.0
415609,46.0
415610,46.0
415611,46.0
415612,46.0
415613,46.0
415614,46.0
415615,46.0
415616,46.0
415617,46.0
415619,46.0
415620,46.0
415621,46.0
415626,46.0
415628,46.0
415629,46.0
415634,46.0
415637,46.0
415639,46.0
415640,46.0
415641,46.0
415643,46.0
415701,46.0
415702,46.0
415703,46.0
415705,46.0
415706,46.0
415708,46.0
415709,46.0
415710,46.0
415711,46.0
415712,46.0
415713,46.0
415714,46.0
415715,46.0
415716,46.0
415717,46.0
415718,46.0
415719,46.0
415720,46.0
415722,46.0
415724,46.0
415726,46.0
415727,46.0
415728,46.0
415729,46.0
415730,46.0
415801,46.0
415802,46.0
415803,46.0
415804,46.0
415805,46.0
415806,46.0
415807,46.0
416002,46.0
416003,46.0
416004,46.0
416005,46.0
416006,46.0
416007,46.0
416010,46.0
416011,46.0
416012,46.0
416013,46.0
416101,46.0
416102,46.0
416103,46.0
416104,46.0
416105,46.0
416106,46.0
416107,46.0
416108,46.0
416109,46.0
416110,46.0
416111,46.0
416112,46.0
416113,46.0
416114,46.0
416116,46.0
416118,46.0
416119,46.0
416120,46.0
416121,46.0
416122,46.0
416143,46.0
416144,46.0
416146,46.0
416201,46.0
416202,46.0
416203,46.0
416204,46.0
416205,46.0
416206,46.0
416207,46.0
416208,46.0
416209,46.0
416210,46.0
416212,46.0
416213,46.0
416214,46.0
416215,46.0
416216,46.0
416218,46.0
416219,46.0
416220,46.0
416221,46.0
416223,46.0
416229,46.0
416230,46.0
416231,46.0
416232,46.0
416234,46.0
416235,46.0
416236,46.0
416301,46.0
416302,46.0
416303,46.0
416304,46.0
416305,46.0
416306,46.0
416307,46.0
416308,46.0
416309,46.0
416310,46.0
416311,46.0
416312,46.0
416313,46.0
416315,46.0
416316,46.0
416401,46.0
416402,46.0
416403,46.0
416404,46.0
416405,46.0
416406,46.0
416407,46.0
416408,46.0
416409,46.0
416410,46.0
416411,46.0
416412,46.0
416413,46.0
416414,46.0
416415,46.0
416416,46.0
416417,46.0
416418,46.0
416419,46.0
416420,46.0
416436,46.0
416437,46.0
416501,46.0
416502,46.0
416503,46.0
416504,46.0
416505,46.0
416506,46.0
416507,46.0
416508,46.0
416509,46.0
416510,46.0
416511,46.0
416512,46.0
416513,46.0
416514,46.0
416515,46.0
416516,46.0
416517,46.0
416518,46.0
416519,46.0
416520,46.0
416521,46.0
416522,46.0
416523,46.0
416524,46.0
416525,46.0
416526,46.0
416527,46.0
416528,46.0
416529,46.0
416531,46.0
416534,46.0
416549,46.0
416551,46.0
416552,46.0
416601,46.0
416602,46.0
416604,46.0
416605,46.0
416606,46.0
416608,46.0
416609,46.0
416610,46.0
416611,46.0
416612,46.0
416613,46.0
416614,46.0
416615,46.0
416616,46.0
416620,46.0
416623,46.0
416626,46.0
416628,46.0
416630,46.0
416632,46.0
416701,46.0
416702,46.0
416703,46.0
416704,46.0
416705,46.0
416707,46.0
416709,46.0
416712,46.0
416713,46.0
416801,46.0
416803,46.0
416804,46.0
416805,46.0
416806,46.0
416807,46.0
416810,46.0
416811,46.0
416812,46.0
416813,46.0
421002,46.0
421004,46.0
421005,46.0
421101,46.0
421202,46.0
421203,46.0
421204,46.0
421301,46.0
421303,46.0
421305,46.0
421306,46.0
421308,46.0
421311,46.0
421401,46.0
421402,46.0
421403,46.0
421501,46.0
421502,46.0
421505,46.0
421506,46.0
421601,46.0
421602,46.0
421603,46.0
421605,46.0
422002,46.0
422004,46.0
422005,46.0
422006,46.0
422007,46.0
422008,46.0
422010,46.0
422011,46.0
422012,46.0
422013,46.0
422101,46.0
422102,46.0
422103,46.0
422104,46.0
422105,46.0
422112,46.0
422113,46.0
422201,46.0
422202,46.0
422203,46.0
422204,46.0
422205,46.0
422206,46.0
422207,46.0
422208,46.0
422209,46.0
422210,46.0
422211,46.0
422212,46.0
422213,46.0
422214,46.0
422215,46.0
422221,46.0
422222,46.0
422301,46.0
422302,46.0
422303,46.0
422304,46.0
422305,46.0
422306,46.0
422308,46.0
422401,46.0
422402,46.0
422403,46.0
422502,46.0
422606,46.0
423101,46.0
423102,46.0
423104,46.0
423105,46.0
423106,46.0
423108,46.0
423110,46.0
423111,46.0
423117,46.0
423201,46.0
423202,46.0
423203,46.0
423204,46.0
423205,46.0
423206,46.0
423208,46.0
423212,46.0
423213,46.0
423301,46.0
423302,46.0
423303,46.0
423401,46.0
423402,46.0
423403,46.0
423501,46.0
423502,46.0
423701,46.0
423702,46.0
423703,46.0
424001,46.0
424002,46.0
424004,46.0
424005,46.0
424006,46.0
424101,46.0
424102,46.0
424103,46.0
424104,46.0
424105,46.0
424106,46.0
424107,46.0
424108,46.0
424109,46.0
424119,46.0
424201,46.0
424202,46.0
424203,46.0
424204,46.0
424205,46.0
424206,46.0
424207,46.0
424208,46.0
424301,46.0
424302,46.0
424303,46.0
424304,46.0
424305,46.0
424306,46.0
424307,46.0
424308,46.0
424309,46.0
424310,46.0
424311,46.0
424318,46.0
425001,46.0
425002,46.0
425003,46.0
425004,46.0
425101,46.0
425102,46.0
425103,46.0
425104,46.0
425105,46.0
425107,46.0
425108,46.0
425109,46.0
425110,46.0
425111,46.0
425112,46.0
425113,46.0
425114,46.0
425115,46.0
425201,46.0
425203,46.0
425301,46.0
425302,46.0
425303,46.0
425304,46.0
425305,46.0
425306,46.0
425307,46.0
425308,46.0
425309,46.0
425310,46.0
425311,46.0
425327,46.0
425401,46.0
425402,46.0
425403,46.0
425404,46.0
425405,46.0
425406,46.0
425407,46.0
425408,46.0
425410,46.0
425411,46.0
425412,46.0
425413,46.0
425414,46.0
425415,46.0
425416,46.0
425417,46.0
425418,46.0
425419,46.0
425420,46.0
425421,46.0
425422,46.0
425423,46.0
425424,46.0
425426,46.0
425427,46.0
425428,46.0
425432,46.0
425442,46.0
425444,46.0
425452,46.0
425501,46.0
425502,46.0
425503,46.0
425504,46.0
425505,46.0
425506,46.0
425507,46.0
425508,46.0
425524,46.0
431004,46.0
431006,46.0
431007,46.0
431008,46.0
431009,46.0
431010,46.0
431101,46.0
431102,46.0
431103,46.0
431104,46.0
431105,46.0
431107,46.0
431109,46.0
431110,46.0
431111,46.0
431112,46.0
431113,46.0
431114,46.0
431115,46.0
431116,46.0
431117,46.0
431118,46.0
431120,46.0
431121,46.0
431132,46.0
431133,46.0
431134,46.0
431135,46.0
431136,46.0
431137,46.0
431147,46.0
431148,46.0
431150,46.0
431151,46.0
431154,46.0
431202,46.0
431203,46.0
431204,46.0
431205,46.0
431206,46.0
431207,46.0
431208,46.0
431209,46.0
431211,46.0
431212,46.0
431213,46.0
431214,46.0
431215,46.0
431401,46.0
431402,46.0
431501,46.0
431502,46.0
431503,46.0
431504,46.0
431505,46.0
431506,46.0
431507,46.0
431508,46.0
431509,46.0
431510,46.0
431511,46.0
431512,46.0
431513,46.0
431514,46.0
431516,46.0
431521,46.0
431522,46.0
431536,46.0
431537,46.0
431540,46.0
431541,46.0
431542,46.0
431603,46.0
431604,46.0
431606,46.0
431701,46.0
431702,46.0
431703,46.0
431704,46.0
431705,46.0
431707,46.0
431708,46.0
431709,46.0
431710,46.0
431711,46.0
431712,46.0
431713,46.0
431714,46.0
431715,46.0
431716,46.0
431717,46.0
431718,46.0
431719,46.0
431720,46.0
431721,46.0
431722,46.0
431723,46.0
431731,46.0
431736,46.0
431741,46.0
431742,46.0
431743,46.0
431745,46.0
431746,46.0
431750,46.0
431801,46.0
431802,46.0
431803,46.0
431804,46.0
431805,46.0
431807,46.0
431808,46.0
431809,46.0
431810,46.0
431811,46.0
440002,46.0
440003,46.0
440005,46.0
440006,46.0
440007,46.0
440008,46.0
440012,46.0
440013,46.0
440014,46.0
440016,46.0
440017,46.0
440018,46.0
440019,46.0
440020,46.0
440022,46.0
440023,46.0
440024,46.0
440025,46.0
440026,46.0
440027,46.0
440030,46.0
440032,46.0
440033,46.0
440034,46.0
440035,46.0
440036,46.0
440037,46.0
441001,46.0
441101,46.0
441102,46.0
441103,46.0
441104,46.0
441105,46.0
441106,46.0
441107,46.0
441108,46.0
441109,46.0
441110,46.0
441111,46.0
441112,46.0
441113,46.0
441122,46.0
441123,46.0
441201,46.0
441202,46.0
441203,46.0
441204,46.0
441205,46.0
441206,46.0
441207,46.0
441208,46.0
441209,46.0
441210,46.0
441212,46.0
441214,46.0
441215,46.0
441217,46.0
441221,46.0
441222,46.0
441223,46.0
441224,46.0
441225,46.0
441226,46.0
441301,46.0
441302,46.0
441303,46.0
441304,46.0
441305,46.0
441306,46.0
441401,46.0
441404,46.0
441501,46.0
441502,46.0
441802,46.0
441803,46.0
441805,46.0
441809,46.0
441903,46.0
441904,46.0
441905,46.0
441906,46.0
441907,46.0
441908,46.0
441909,46.0
441910,46.0
441912,46.0
441913,46.0
441914,46.0
441915,46.0
441924,46.0
442001,46.0
442003,46.0
442101,46.0
442102,46.0
442104,46.0
442105,46.0
442106,46.0
442111,46.0
442201,46.0
442202,46.0
442203,46.0
442301,46.0
442302,46.0
442303,46.0
442304,46.0
442305,46.0
442306,46.0
442307,46.0
442401,46.0
442402,46.0
442403,46.0
442404,46.0
442406,46.0
442501,46.0
442502,46.0
442503,46.0
442504,46.0
442505,46.0
442507,46.0
442603,46.0
442604,46.0
442605,46.0
442606,46.0
442701,46.0
442702,46.0
442703,46.0
442704,46.0
442705,46.0
442707,46.0
442709,46.0
442710,46.0
442901,46.0
442902,46.0
442903,46.0
442904,46.0
442905,46.0
442906,46.0
442907,46.0
442908,46.0
442914,46.0
442916,46.0
442917,46.0
442918,46.0
444001,46.0
444002,46.0
444003,46.0
444004,46.0
444005,46.0
444006,46.0
444101,46.0
444102,46.0
444103,46.0
444104,46.0
444105,46.0
444106,46.0
444107,46.0
444108,46.0
444109,46.0
444110,46.0
444111,46.0
444117,46.0
444126,46.0
444302,46.0
444311,46.0
444401,46.0
444402,46.0
444403,46.0
444404,46.0
444405,46.0
444407,46.0
444409,46.0
444501,46.0
444502,46.0
444503,46.0
444504,46.0
444505,46.0
444506,46.0
444507,46.0
444510,46.0
444511,46.0
444603,46.0
444604,46.0
444605,46.0
444606,46.0
444607,46.0
444701,46.0
444702,46.0
444704,46.0
444705,46.0
444706,46.0
444707,46.0
444708,46.0
444709,46.0
444710,46.0
444711,46.0
444717,46.0
444719,46.0
444720,46.0
444723,46.0
444801,46.0
444802,46.0
444803,46.0
444804,46.0
444805,46.0
444806,46.0
444807,46.0
444808,46.0
444809,46.0
444810,46.0
444813,46.0
444901,46.0
444902,46.0
444903,46.0
444904,46.0
444905,46.0
444907,46.0
444908,46.0
445001,46.0
445002,46.0
445101,46.0
445102,46.0
445103,46.0
445105,46.0
445106,46.0
445109,46.0
445110,46.0
445201,46.0
445202,46.0
445203,46.0
445204,46.0
445205,46.0
445206,46.0
445207,46.0
445209,46.0
445210,46.0
445211,46.0
445215,46.0
445216,46.0
445230,46.0
445301,46.0
445302,46.0
445303,46.0
445304,46.0
445305,46.0
445306,46.0
445307,46.0
445308,46.0
445323,46.0
445401,46.0
445402,46.0
450001,21.8
450051,21.8
450110,21.8
450112,21.8
450114,21.8
450116,21.8
450117,21.8
450119,21.8
450221,21.8
450331,21.8
450332,21.8
450337,21.8
450445,21.8
450551,21.8
450661,21.8
450771,21.8
450881,21.8
450991,21.8
451001,21.8
451111,21.8
451113,21.8
451115,21.8
451220,21.8
451221,21.8
451224,21.8
451225,21.8
451228,21.8
451331,21.8
451332,21.8
451335,21.8
451441,21.8
451442,21.8
451447,21.8
451449,21.8
451551,21.8
451556,21.8
451660,21.8
451666,21.8
451770,21.8
451881,21.8
452002,21.8
452003,21.8
452005,21.8
452006,21.8
452007,21.8
452009,21.8
452010,21.8
452011,21.8
452012,21.8
452013,21.8
452014,21.8
452015,21.8
452016,21.8
452018,21.8
452020,21.8
453001,21.8
453111,21.8
453112,21.8
453115,21.8
453220,21.8
453331,21.8
453441,21.8
453446,21.8
453551,21.8
453555,21.8
453556,21.8
453661,21.8
453771,21.8
454001,21.8
454010,21.8
454111,21.8
454116,21.8
454221,21.8
454331,21.8
454335,21.8
454441,21.8
454446,21.8
454449,21.8
454552,21.8
454660,21.8
454665,21.8
454773,21.8
454774,21.8
454775,21.8
455001,21.8
455111,21.8
455115,21.8
455116,21.8
455118,21.8
455221,21.8
455227,21.8
455332,21.8
455336,21.8
455339,21.8
455440,21.8
455459,21.8
456001,21.8
456003,21.8
456006,21.8
456010,21.8
456221,21.8
456222,21.8
456224,21.8
456313,21.8
456331,21.8
456335,21.8
456337,21.8
456440,21.8
456441,21.8
456443,21.8
456550,21.8
456661,21.8
456664,21.8
456665,21.8
456668,21.8
456770,21.8
456771,21.8
456776,21.8
457001,21.8
457114,21.8
457118,21.8
457119,21.8
457222,21.8
457226,21.8
457331,21.8
457333,21.8
457336,21.8
457339,21.8
457340,21.8
457441,21.8
457550,21.8
457555,21.8
457661,21.8
457770,21.8
457772,21.8
457773,21.8
457775,21.8
457777,21.8
457779,21.8
457882,21.8
457885,21.8
457887,21.8
457888,21.8
457990,21.8
457993,21.8
458001,21.8
458002,21.8
458110,21.8
458113,21.8
458116,21.8
458118,21.8
458220,21.8
458226,21.8
458228,21.8
458330,21.8
458336,21.8
458339,21.8
458389,21.8
458441,21.8
458468,21.8
458470,21.8
458553,21.8
458556,21.8
458558,21.8
458664,21.8
458667,21.8
458669,21.8
458771,21.8
458775,21.8
458778,21.8
458880,21.8
458888,21.8
458895,21.8
458990,21.8
460004,21.8
460110,21.8
460220,21.8
460225,21.8
460330,21.8
460440,21.8
460443,21.8
460447,21.8
460449,21.8
460551,21.8
460553,21.8
460554,21.8
460557,21.8
460661,21.8
460663,21.8
460665,21.8
460666,21.8
460668,21.8
461001,21.8
461110,21.8
461111,21.8
461115,21.8
461116,21.8
461122,21.8
461221,21.8
461223,21.8
461228,21.8
461331,21.8
461441,21.8
461446,21.8
461551,21.8
461661,21.8
461668,21.8
461771,21.8
461775,21.8
461881,21.8
461990,21.8
462001,21.8
462002,21.8
462003,21.8
462004,21.8
462008,21.8
462010,21.8
462011,21.8
462016,21.8
462020,21.8
462022,21.8
462023,21.8
462024,21.8
462026,21.8
462027,21.8
462030,21.8
462031,21.8
462036,21.8
462037,21.8
462038,21.8
462039,21.8
462041,21.8
462042,21.8
462043,21.8
462044,21.8
462045,21.8
462046,21.8
462047,21.8
462101,21.8
462120,21.8
463106,21.8
463111,21.8
464001,21.8
464111,21.8
464113,21.8
464114,21.8
464220,21.8
464221,21.8
464224,21.8
464226,21.8
464228,21.8
464240,21.8
464258,21.8
464331,21.8
464337,21.8
464551,21.8
464651,21.8
464661,21.8
464665,21.8
464668,21.8
464671,21.8
464672,21.8
464770,21.8
464774,21.8
464881,21.8
464884,21.8
464886,21.8
464986,21.8
464990,21.8
464993,21.8
465001,21.8
465106,21.8
465110,21.8
465113,21.8
465116,21.8
465118,21.8
465220,21.8
465226,21.8
465227,21.8
465230,21.8
465333,21.8
465335,21.8
465337,21.8
465339,21.8
465441,21.8
465445,21.8
465447,21.8
465449,21.8
465550,21.8
465661,21.8
465667,21.8
465669,21.8
465674,21.8
465677,21.8
465679,21.8
465680,21.8
465683,21.8
465685,21.8
465687,21.8
465689,21.8
465691,21.8
465693,21.8
465697,21.8
466001,21.8
466111,21.8
466113,21.8
466114,21.8
466115,21.8
466116,21.8
466118,21.8
466120,21.8
466125,21.8
466221,21.8
466331,21.8
466445,21.8
466446,21.8
466448,21.8
466554,21.8
466651,21.8
466661,21.8
466665,21.8
470002,21.8
470003,21.8
470004,21.8
470021,21.8
470051,21.8
470113,21.8
470115,21.8
470117,21.8
470118,21.8
470119,21.8
470120,21.8
470125,21.8
470221,21.8
470223,21.8
470226,21.8
470227,21.8
470228,21.8
470229,21.8
470232,21.8
470235,21.8
470335,21.8
470337,21.8
470339,21.8
470441,21.8
470442,21.8
470661,21.8
470663,21.8
470664,21.8
470666,21.8
470669,21.8
470672,21.8
470673,21.8
470675,21.8
470771,21.8
470772,21.8
470775,21.8
470880,21.8
470881,21.8
471001,21.8
471101,21.8
471105,21.8
471111,21.8
471201,21.8
471301,21.8
471311,21.8
471313,21.8
471315,21.8
471318,21.8
471405,21.8
471408,21.8
471411,21.8
471501,21.8
471510,21.8
471515,21.8
471516,21.8
471525,21.8
471606,21.8
471625,21.8
472001,21.8
472005,21.8
472010,21.8
472101,21.8
472111,21.8
472115,21.8
472118,21.8
472221,21.8
472246,21.8
472331,21.8
472336,21.8
472337,21.8
472339,21.8
472442,21.8
472445,21.8
472447,21.8
473001,21.8
473101,21.8
473105,21.8
473110,21.8
473111,21.8
473112,21.8
473113,21.8
473115,21.8
473118,21.8
473222,21.8
473226,21.8
473249,21.8
473287,21.8
473551,21.8
473585,21.8
473638,21.8
473660,21.8
473662,21.8
473665,21.8
473670,21.8
473770,21.8
473774,21.8
473775,21.8
473781,21.8
473793,21.8
473865,21.8
473880,21.8
473885,21.8
473990,21.8
473995,21.8
474001,21.8
474002,21.8
474003,21.8
474004,21.8
474005,21.8
474006,21.8
474008,21.8
474009,21.8
474010,21.8
474011,21.8
474012,21.8
474015,21.8
474020,21.8
475001,21.8
475002,21.8
475005,21.8
475110,21.8
475115,21.8
475220,21.8
475330,21.8
475335,21.8
475336,21.8
475661,21.8
475671,21.8
475673,21.8
475675,21.8
475682,21.8
475685,21.8
476001,21.8
476111,21.8
476115,21.8
476134,21.8
476219,21.8
476224,21.8
476228,21.8
476229,21.8
476337,21.8
476339,21.8
476444,21.8
476554,21.8
477001,21.8
477105,21.8
477111,21.8
477116,21.8
477117,21.8
477222,21.8
477227,21.8
477331,21.8
477332,21.8
477333,21.8
477335,21.8
477441,21.8
477445,21.8
477446,21.8
477447,21.8
477449,21.8
477555,21.8
477557,21.8
477566,21.8
477660,21.8
480001,21.8
480003,21.8
480105,21.8
480106,21.8
480107,21.8
480108,21.8
480109,21.8
480110,21.8
480111,21.8
480112,21.8
480115,21.8
480221,21.8
480223,21.8
480224,21.8
480331,21.8
480334,21.8
480337,21.8
480338,21.8
480441,21.8
480447,21.8
480449,21.8
480551,21.8
480555,21.8
480557,21.8
480559,21.8
480661,21.8
480667,21.8
480771,21.8
480880,21.8
480881,21.8
480882,21.8
480884,21.8
480886,21.8
480887,21.8
480888,21.8
480990,21.8
480991,21.8
480994,21.8
480996,21.8
480997,21.8
480999,21.8
481001,21.8
481051,21.8
481105,21.8
481111,21.8
481115,21.8
481116,21.8
481117,21.8
481222,21.8
481224,21.8
481226,21.8
481331,21.8
481332,21.8
481335,21.8
481337,21.8
481441,21.8
481445,21.8
481449,21.8
481551,21.8
481556,21.8
481661,21.8
481662,21.8
481663,21.8
481664,21.8
481665,21.8
481666,21.8
481668,21.8
481672,21.8
481768,21.8
481771,21.8
481776,21.8
481778,21.8
481879,21.8
481880,21.8
481882,21.8
481884,21.8
481885,21.8
481990,21.8
481995,21.8
481996,21.8
481998,21.8
482001,21.8
482002,21.8
482003,21.8
482004,21.8
482005,21.8
482008,21.8
482009,21.8
482010,21.8
482011,21.8
482020,21.8
482021,21.8
482051,21.8
482056,21.8
483001,21.8
483053,21.8
483105,21.8
483110,21.8
483113,21.8
483119,21.8
483220,21.8
483222,21.8
483225,21.8
483330,21.8
483331,21.8
483332,21.8
483334,21.8
483336,21.8
483440,21.8
483442,21.8
483501,21.8
483504,21.8
483770,21.8
483773,21.8
483775,21.8
483880,21.8
483990,21.8
484001,21.8
484110,21.8
484113,21.8
484114,21.8
484116,21.8
484117,21.8
484120,21.8
484220,21.8
484224,21.8
484334,21.8
484336,21.8
484440,21.8
484444,21.8
484446,21.8
484551,21.8
484555,21.8
484660,21.8
484661,21.8
484664,21.8
484665,21.8
484669,21.8
484770,21.8
484771,21.8
484774,21.8
484776,21.8
484881,21.8
484886,21.8
484887,21.8
485001,21.8
485005,21.8
485111,21.8
485112,21.8
485113,21.8
485114,21.8
485115,21.8
485221,21.8
485226,21.8
485331,21.8
485334,21.8
485441,21.8
485446,21.8
485447,21.8
485551,21.8
485661,21.8
485666,21.8
485771,21.8
485772,21.8
485773,21.8
485774,21.8
485775,21.8
485778,21.8
485881,21.8
486001,21.8
486002,21.8
486003,21.8
486005,21.8
486006,21.8
486111,21.8
486114,21.8
486115,21.8
486117,21.8
486123,21.8
486220,21.8
486223,21.8
486226,21.8
486331,21.8
486333,21.8
486335,21.8
486338,21.8
486340,21.8
486341,21.8
486440,21.8
486441,21.8
486445,21.8
486446,21.8
486447,21.8
486448,21.8
486450,21.8
486550,21.8
486553,21.8
486556,21.8
486661,21.8
486666,21.8
486669,21.8
486670,21.8
486675,21.8
486771,21.8
486775,21.8
486776,21.8
486881,21.8
486882,21.8
486884,21.8
486885,21.8
486886,21.8
486887,21.8
486889,21.8
486890,21.8
486892,21.8
487001,21.8
487114,21.8
487118,21.8
487221,21.8
487225,21.8
487330,21.8
487334,21.8
487337,21.8
487441,21.8
487551,21.8
487555,21.8
487661,21.8
487770,21.8
487881,21.8
488001,21.8
488050,21.8
488059,21.8
488220,21.8
488222,21.8
488333,21.8
488441,21.8
488442,21.8
488443,21.8
488446,21.8
488448,21.8
752001,28.0
752003,28.0
752011,28.0
752012,28.0
752013,28.0
752014,28.0
752015,28.0
752016,28.0
752017,28.0
752024,28.0
752025,28.0
752026,28.0
752045,28.0
752046,28.0
752063,28.0
752065,28.0
752068,28.0
752069,28.0
752070,28.0
752077,28.0
752078,28.0
752079,28.0
752080,28.0
752081,28.0
752082,28.0
752083,28.0
752084,28.0
752085,28.0
752089,28.0
752090,28.0
752091,28.0
752092,28.0
752093,28.0
752094,28.0
752104,28.0
752105,28.0
752106,28.0
752107,28.0
752108,28.0
752109,28.0
752110,28.0
752111,28.0
752113,28.0
752114,28.0
752116,28.0
752118,28.0
752119,28.0
752120,28.0
752121,28.0
753001,28.0
753002,28.0
753003,28.0
753004,28.0
753006,28.0
753007,28.0
753008,28.0
753009,28.0
753010,28.0
753011,28.0
753012,28.0
753013,28.0
753014,28.0
754001,28.0
754002,28.0
754003,28.0
754004,28.0
754005,28.0
754006,28.0
754007,28.0
754008,28.0
754009,28.0
754010,28.0
754011,28.0
754018,28.0
754021,28.0
754022,28.0
754023,28.0
754024,28.0
754025,28.0
754026,28.0
754027,28.0
754028,28.0
754029,28.0
754030,28.0
754031,28.0
754032,28.0
754035,28.0
754037,28.0
754071,28.0
754082,28.0
754100,28.0
754102,28.0
754103,28.0
754104,28.0
754105,28.0
754106,28.0
754107,28.0
754108,28.0
754109,28.0
754110,28.0
754111,28.0
754112,28.0
754113,28.0
754114,28.0
754119,28.0
754120,28.0
754130,28.0
754131,28.0
754132,28.0
754133,28.0
754134,28.0
754135,28.0
754136,28.0
754137,28.0
754138,28.0
754139,28.0
754140,28.0
754141,28.0
754142,28.0
754145,28.0
754153,28.0
754160,28.0
754162,28.0
754200,28.0
754201,28.0
754202,28.0
754203,28.0
754204,28.0
754205,28.0
754206,28.0
754207,28.0
754208,28.0
754209,28.0
754210,28.0
754211,28.0
754212,28.0
754213,28.0
754214,28.0
754216,28.0
754217,28.0
754218,28.0
754219,28.0
754220,28.0
754221,28.0
754222,28.0
754223,28.0
754224,28.0
754225,28.0
754227,28.0
754228,28.0
754231,28.0
754239,28.0
754240,28.0
754244,28.0
754245,28.0
754246,28.0
754248,28.0
754250,28.0
754253,28.0
754289,28.0
754290,28.0
754292,28.0
754293,28.0
754294,28.0
754295,28.0
754296,28.0
755001,28.0
755003,28.0
755004,28.0
755005,28.0
755006,28.0
755007,28.0
755009,28.0
755010,28.0
755011,28.0
755012,28.0
755013,28.0
755014,28.0
755015,28.0
755016,28.0
755017,28.0
755018,28.0
755019,28.0
755020,28.0
755022,28.0
755023,28.0
755024,28.0
755025,28.0
755026,28.0
755027,28.0
755028,28.0
755036,28.0
755043,28.0
755044,28.0
755049,28.0
755050,28.0
755061,28.0
755062,28.0
756100,28.0
756101,28.0
756111,28.0
756112,28.0
756113,28.0
756114,28.0
756115,28.0
756116,28.0
756117,28.0
756118,28.0
756119,28.0
756120,28.0
756121,28.0
756122,28.0
756123,28.0
756124,28.0
756125,28.0
756127,28.0
756128,28.0
756129,28.0
756130,28.0
756131,28.0
756132,28.0
756133,28.0
756135,28.0
756137,28.0
756138,28.0
756139,28.0
756144,28.0
756162,28.0
756163,28.0
756164,28.0
756165,28.0
756167,28.0
756168,28.0
756171,28.0
756181,28.0
757001,28.0
757002,28.0
757003,28.0
757014,28.0
757016,28.0
757017,28.0
757018,28.0
757019,28.0
757020,28.0
757021,28.0
757022,28.0
757023,28.0
757024,28.0
757025,28.0
757026,28.0
757027,28.0
757028,28.0
757029,28.0
757030,28.0
757031,28.0
757032,28.0
757033,28.0
757034,28.0
757035,28.0
757036,28.0
757037,28.0
757038,28.0
757039,28.0
757040,28.0
757041,28.0
757042,28.0
757043,28.0
757045,28.0
757046,28.0
757047,28.0
757048,28.0
757049,28.0
757050,28.0
757051,28.0
757052,28.0
757053,28.0
757054,28.0
757055,28.0
757073,28.0
757074,28.0
757075,28.0
757077,28.0
757079,28.0
757081,28.0
757082,28.0
757083,28.0
757084,28.0
757085,28.0
757086,28.0
757087,28.0
757092,28.0
757093,28.0
757100,28.0
757101,28.0
757102,28.0
757103,28.0
757104,28.0
757105,28.0
757106,28.0
757107,28.0
758002,28.0
758013,28.0
758014,28.0
758015,28.0
758016,28.0
758017,28.0
758018,28.0
758019,28.0
758020,28.0
758021,28.0
758022,28.0
758023,28.0
758025,28.0
758026,28.0
758027,28.0
758028,28.0
758029,28.0
758030,28.0
758031,28.0
758032,28.0
758034,28.0
758035,28.0
758036,28.0
758037,28.0
758038,28.0
758040,28.0
758041,28.0
758043,28.0
758044,28.0
758045,28.0
758046,28.0
758047,28.0
758076,28.0
758078,28.0
758079,28.0
758080,28.0
758081,28.0
758082,28.0
758083,28.0
758084,28.0
758085,28.0
759001,28.0
759013,28.0
759014,28.0
759015,28.0
759016,28.0
759017,28.0
759018,28.0
759019,28.0
759020,28.0
759021,28.0
759022,28.0
759023,28.0
759024,28.0
759025,28.0
759026,28.0
759027,28.0
759028,28.0
759039,28.0
759120,28.0
759121,28.0
759146,28.0
760001,28.0
760002,28.0
760003,28.0
760004,28.0
760005,28.0
760006,28.0
760007,28.0
760008,28.0
760010,28.0
761001,28.0
761002,28.0
761003,28.0
761004,28.0
761005,28.0
761006,28.0
761007,28.0
761008,28.0
761009,28.0
761010,28.0
761011,28.0
761012,28.0
761013,28.0
761014,28.0
761015,28.0
761016,28.0
761017,28.0
761018,28.0
761019,28.0
761020,28.0
761025,28.0
761026,28.0
761027,28.0
761028,28.0
761029,28.0
761030,28.0
761031,28.0
761032,28.0
761035,28.0
761037,28.0
761041,28.0
761042,28.0
761043,28.0
761045,28.0
761052,28.0
761054,28.0
761055,28.0
761100,28.0
761101,28.0
761102,28.0
761103,28.0
761104,28.0
761105,28.0
761106,28.0
761107,28.0
761108,28.0
761109,28.0
761110,28.0
761114,28.0
761115,28.0
761116,28.0
761117,28.0
761118,28.0
761119,28.0
761120,28.0
761121,28.0
761122,28.0
761123,28.0
761124,28.0
761125,28.0
761126,28.0
761131,28.0
761132,28.0
761133,28.0
761140,28.0
761141,28.0
761143,28.0
761144,28.0
761146,28.0
761151,28.0
761200,28.0
761201,28.0
761206,28.0
761207,28.0
761208,28.0
761209,28.0
761210,28.0
761211,28.0
761212,28.0
761213,28.0
761215,28.0
761217,28.0
762001,28.0
762002,28.0
762010,28.0
762011,28.0
762012,28.0
762013,28.0
762015,28.0
762016,28.0
762017,28.0
762018,28.0
762019,28.0
762020,28.0
762021,28.0
762022,28.0
762023,28.0
762024,28.0
762026,28.0
762027,28.0
762028,28.0
762029,28.0
762030,28.0
762100,28.0
762101,28.0
762102,28.0
762103,28.0
762104,28.0
762105,28.0
762106,28.0
762107,28.0
762109,28.0
762110,28.0
762112,28.0
763001,28.0
763002,28.0
763003,28.0
763004,28.0
763008,28.0
764001,28.0
764002,28.0
764003,28.0
764004,28.0
764005,28.0
764006,28.0
764011,28.0
764014,28.0
764020,28.0
764021,28.0
764027,28.0
764028,28.0
764036,28.0
764037,28.0
764038,28.0
764039,28.0
764040,28.0
764041,28.0
764042,28.0
764043,28.0
764044,28.0
764045,28.0
764046,28.0
764047,28.0
764049,28.0
764051,28.0
764052,28.0
764055,28.0
764056,28.0
764057,28.0
764058,28.0
764059,28.0
764061,28.0
764062,28.0
764063,28.0
764070,28.0
764071,28.0
764072,28.0
764074,28.0
764075,28.0
764076,28.0
764077,28.0
764078,28.0
764081,28.0
764085,28.0
764086,28.0
764087,28.0
764088,28.0
765001,28.0
765002,28.0
765013,28.0
765015,28.0
765016,28.0
765017,28.0
765018,28.0
765019,28.0
765020,28.0
765021,28.0
765022,28.0
765023,28.0
765024,28.0
765025,28.0
765026,28.0
765029,28.0
765033,28.0
765034,28.0
766001,28.0
766002,28.0
766011,28.0
766012,28.0
766013,28.0
766014,28.0
766015,28.0
766016,28.0
766017,28.0
766018,28.0
766019,28.0
766020,28.0
766023,28.0
766026,28.0
766027,28.0
766028,28.0
766029,28.0
766031,28.0
766032,28.0
766036,28.0
766037,28.0
766100,28.0
766101,28.0
766102,28.0
766103,28.0
766104,28.0
766105,28.0
766106,28.0
766107,28.0
766108,28.0
766110,28.0
766111,28.0
766118,28.0
767001,28.0
767002,28.0
767020,28.0
767021,28.0
767022,28.0
767024,28.0
767025,28.0
767026,28.0
767027,28.0
767028,28.0
767029,28.0
767030,28.0
767032,28.0
767033,28.0
767035,28.0
767037,28.0
767038,28.0
767039,28.0
767040,28.0
767041,28.0
767042,28.0
767046,28.0
767048,28.0
767060,28.0
767061,28.0
767065,28.0
767066,28.0
767067,28.0
767070,28.0
768001,28.0
768003,28.0
768004,28.0
768005,28.0
768006,28.0
768016,28.0
768017,28.0
768018,28.0
768019,28.0
768020,28.0
768025,28.0
768027,28.0
768028,28.0
768029,28.0
768030,28.0
768031,28.0
768032,28.0
768033,28.0
768034,28.0
768035,28.0
768036,28.0
768037,28.0
768038,28.0
768039,28.0
768040,28.0
768042,28.0
768045,28.0
768048,28.0
768049,28.0
768050,28.0
768052,28.0
768102,28.0
768103,28.0
768104,28.0
768105,28.0
768106,28.0
768107,28.0
768108,28.0
768110,28.0
768111,28.0
768112,28.0
768113,28.0
768115,28.0
768118,28.0
768119,28.0
768121,28.0
768200,28.0
768201,28.0
768202,28.0
768203,28.0
768204,28.0
768211,28.0
768212,28.0
768213,28.0
768214,28.0
768215,28.0
768216,28.0
768217,28.0
768218,28.0
768219,28.0
768220,28.0
768221,28.0
768222,28.0
768224,28.0
768225,28.0
768226,28.0
768227,28.0
768228,28.0
768234,28.0
140001,27.2
140101,27.2
140103,27.2
140108,27.2
140111,27.2
140112,27.2
140113,27.2
140114,27.2
140116,27.2
140117,27.2
140119,27.2
140123,27.2
140124,27.2
140126,27.2
140133,27.2
140301,27.2
140307,27.2
140308,27.2
140401,27.2
140402,27.2
140405,27.2
140406,27.2
140412,27.2
140417,27.2
140506,27.2
140601,27.2
140602,27.2
140603,27.2
140701,27.2
140702,27.2
140802,27.2
141003,27.2
141008,27.2
141101,27.2
141102,27.2
141103,27.2
141104,27.2
141105,27.2
141106,27.2
141107,27.2
141108,27.2
141109,27.2
141110,27.2
141112,27.2
141113,27.2
141114,27.2
141115,27.2
141117,27.2
141118,27.2
141119,27.2
141120,27.2
141121,27.2
141122,27.2
141123,27.2
141125,27.2
141126,27.2
141127,27.2
141201,27.2
141202,27.2
141203,27.2
141204,27.2
141205,27.2
141206,27.2
141401,27.2
141411,27.2
141412,27.2
141413,27.2
141414,27.2
141415,27.2
141416,27.2
141417,27.2
141418,27.2
141419,27.2
141421,27.2
141801,27.2
142002,27.2
142003,27.2
142011,27.2
142021,27.2
142022,27.2
142024,27.2
142025,27.2
142026,27.2
142027,27.2
142029,27.2
142030,27.2
142031,27.2
142032,27.2
142033,27.2
142034,27.2
142035,27.2
142036,27.2
142037,27.2
142038,27.2
142039,27.2
142040,27.2
142041,27.2
142042,27.2
142043,27.2
142044,27.2
142045,27.2
142046,27.2
142047,27.2
142048,27.2
142049,27.2
142050,27.2
142052,27.2
142053,27.2
142054,27.2
142055,27.2
142056,27.2
142057,27.2
142058,27.2
142060,27.2
143001,27.2
143002,27.2
143005,27.2
143006,27.2
143008,27.2
143009,27.2
143022,27.2
143101,27.2
143102,27.2
143103,27.2
143105,27.2
143107,27.2
143108,27.2
143109,27.2
143111,27.2
143112,27.2
143113,27.2
143114,27.2
143115,27.2
143116,27.2
143117,27.2
143118,27.2
143119,27.2
143149,27.2
143201,27.2
143202,27.2
143203,27.2
143204,27.2
143205,27.2
143301,27.2
143302,27.2
143303,27.2
143304,27.2
143305,27.2
143401,27.2
143402,27.2
143406,27.2
143407,27.2
143408,27.2
143409,27.2
143410,27.2
143411,27.2
143412,27.2
143413,27.2
143414,27.2
143416,27.2
143419,27.2
143422,27.2
143501,27.2
143502,27.2
143504,27.2
143505,27.2
143506,27.2
143507,27.2
143511,27.2
143512,27.2
143513,27.2
143514,27.2
143515,27.2
143516,27.2
143517,27.2
143519,27.2
143520,27.2
143521,27.2
143525,27.2
143526,27.2
143527,27.2
143528,27.2
143529,27.2
143530,27.2
143531,27.2
143532,27.2
143533,27.2
143534,27.2
143601,27.2
143602,27.2
143603,27.2
143604,27.2
143605,27.2
143606,27.2
144002,27.2
144005,27.2
144008,27.2
144020,27.2
144024,27.2
144025,27.2
144026,27.2
144028,27.2
144029,27.2
144030,27.2
144031,27.2
144032,27.2
144033,27.2
144034,27.2
144035,27.2
144036,27.2
144037,27.2
144039,27.2
144040,27.2
144041,27.2
144042,27.2
144043,27.2
144044,27.2
144101,27.2
144102,27.2
144103,27.2
144104,27.2
144105,27.2
144106,27.2
144201,27.2
144202,27.2
144204,27.2
144205,27.2
144206,27.2
144207,27.2
144209,27.2
144210,27.2
144211,27.2
144212,27.2
144213,27.2
144214,27.2
144216,27.2
144221,27.2
144222,27.2
144223,27.2
144224,27.2
144301,27.2
144302,27.2
144303,27.2
144305,27.2
144306,27.2
144311,27.2
144401,27.2
144402,27.2
144403,27.2
144404,27.2
144405,27.2
144406,27.2
144407,27.2
144408,27.2
144409,27.2
144410,27.2
144411,27.2
144416,27.2
144417,27.2
144418,27.2
144419,27.2
144511,27.2
144519,27.2
144520,27.2
144523,27.2
144527,27.2
144528,27.2
144529,27.2
144530,27.2
144531,27.2
144602,27.2
144603,27.2
144606,27.2
144620,27.2
144621,27.2
144622,27.2
144623,27.2
144624,27.2
144625,27.2
144626,27.2
144628,27.2
144629,27.2
144630,27.2
144631,27.2
144632,27.2
144633,27.2
144701,27.2
144702,27.2
144703,27.2
144801,27.2
144802,27.2
144803,27.2
144804,27.2
144805,27.2
144806,27.2
144819,27.2
145001,27.2
145022,27.2
145023,27.2
145024,27.2
145025,27.2
145026,27.2
145027,27.2
145029,27.2
145101,27.2
146001,27.2
146021,27.2
146022,27.2
146023,27.2
146024,27.2
146101,27.2
146102,27.2
146103,27.2
146104,27.2
146105,27.2
146106,27.2
146107,27.2
146108,27.2
146109,27.2
146110,27.2
146111,27.2
146112,27.2
146113,27.2
146114,27.2
146115,27.2
146116,27.2
147001,27.2
147002,27.2
147003,27.2
147004,27.2
147005,27.2
147006,27.2
147007,27.2
147021,27.2
147101,27.2
147102,27.2
147103,27.2
147104,27.2
147105,27.2
147111,27.2
147201,27.2
147202,27.2
147203,27.2
147301,27.2
148001,27.2
148002,27.2
148017,27.2
148018,27.2
148019,27.2
148020,27.2
148021,27.2
148022,27.2
148023,27.2
148024,27.2
148025,27.2
148026,27.2
148027,27.2
148028,27.2
148029,27.2
148030,27.2
148031,27.2
148033,27.2
148034,27.2
148035,27.2
148106,27.2
151001,27.2
151002,27.2
151003,27.2
151004,27.2
151005,27.2
151101,27.2
151102,27.2
151103,27.2
151104,27.2
151105,27.2
151106,27.2
151108,27.2
151111,27.2
151201,27.2
151202,27.2
151203,27.2
151204,27.2
151205,27.2
151206,27.2
151207,27.2
151208,27.2
151210,27.2
151211,27.2
151212,27.2
151213,27.2
151301,27.2
151302,27.2
151401,27.2
151501,27.2
151502,27.2
151504,27.2
151505,27.2
151506,27.2
151507,27.2
151508,27.2
151509,27.2
151510,27.2
152001,27.2
152002,27.2
152003,27.2
152005,27.2
152021,27.2
152022,27.2
152023,27.2
152024,27.2
152025,27.2
152028,27.2
152031,27.2
152032,27.2
152033,27.2
152101,27.2
152107,27.2
152112,27.2
152113,27.2
152114,27.2
152115,27.2
152116,27.2
152117,27.2
152121,27.2
152122,27.2
152123,27.2
152124,27.2
152128,27.2
152132,27.2
301001,25.4
301018,25.4
301019,25.4
301021,25.4
301022,25.4
301023,25.4
301024,25.4
301025,25.4
301026,25.4
301027,25.4
301028,25.4
301030,25.4
301035,25.4
301402,25.4
301403,25.4
301404,25.4
301405,25.4
301408,25.4
301409,25.4
301410,25.4
301411,25.4
301412,25.4
301413,25.4
301414,25.4
301415,25.4
301416,25.4
301427,25.4
301604,25.4
301703,25.4
301706,25.4
302002,25.4
302003,25.4
302004,25.4
302005,25.4
302006,25.4
302012,25.4
302013,25.4
302015,25.4
302016,25.4
302017,25.4
302018,25.4
302019,25.4
302020,25.4
302021,25.4
302022,25.4
302026,25.4
302027,25.4
302028,25.4
302029,25.4
302031,25.4
302033,25.4
302034,25.4
302037,25.4
302039,25.4
303001,25.4
303002,25.4
303003,25.4
303004,25.4
303005,25.4
303006,25.4
303007,25.4
303008,25.4
303009,25.4
303012,25.4
303102,25.4
303103,25.4
303104,25.4
303105,25.4
303106,25.4
303107,25.4
303109,25.4
303110,25.4
303119,25.4
303120,25.4
303301,25.4
303302,25.4
303303,25.4
303304,25.4
303305,25.4
303313,25.4
303315,25.4
303323,25.4
303325,25.4
303326,25.4
303327,25.4
303328,25.4
303338,25.4
303348,25.4
303501,25.4
303502,25.4
303503,25.4
303504,25.4
303505,25.4
303507,25.4
303508,25.4
303509,25.4
303510,25.4
303511,25.4
303601,25.4
303602,25.4
303603,25.4
303604,25.4
303701,25.4
303702,25.4
303704,25.4
303706,25.4
303712,25.4
303801,25.4
303803,25.4
303804,25.4
303805,25.4
303806,25.4
303807,25.4
303901,25.4
303903,25.4
303904,25.4
303905,25.4
303908,25.4
304021,25.4
304022,25.4
304023,25.4
304024,25.4
304025,25.4
304501,25.4
304502,25.4
304503,25.4
304504,25.4
304505,25.4
304507,25.4
304801,25.4
304802,25.4
304803,25.4
304804,25.4
305001,25.4
305002,25.4
305003,25.4
305004,25.4
305005,25.4
305007,25.4
305012,25.4
305021,25.4
305022,25.4
305023,25.4
305024,25.4
305025,25.4
305026,25.4
305201,25.4
305202,25.4
305203,25.4
305204,25.4
305205,25.4
305206,25.4
305207,25.4
305401,25.4
305402,25.4
305403,25.4
305404,25.4
305405,25.4
305406,25.4
305407,25.4
305408,25.4
305412,25.4
305415,25.4
305601,25.4
305621,25.4
305622,25.4
305623,25.4
305624,25.4
305625,25.4
305627,25.4
305628,25.4
305629,25.4
305630,25.4
305801,25.4
305802,25.4
305811,25.4
305812,25.4
305813,25.4
305814,25.4
305815,25.4
305816,25.4
305817,25.4
305819,25.4
305901,25.4
305921,25.4
305922,25.4
305923,25.4
305924,25.4
305925,25.4
305926,25.4
305927,25.4
306001,25.4
306021,25.4
306022,25.4
306023,25.4
306101,25.4
306102,25.4
306103,25.4
306104,25.4
306105,25.4
306114,25.4
306115,25.4
306116,25.4
306119,25.4
306126,25.4
306301,25.4
306302,25.4
306303,25.4
306304,25.4
306305,25.4
306306,25.4
306307,25.4
306308,25.4
306401,25.4
306421,25.4
306422,25.4
306501,25.4
306502,25.4
306503,25.4
306504,25.4
306601,25.4
306602,25.4
306603,25.4
306701,25.4
306702,25.4
306703,25.4
306704,25.4
306705,25.4
306706,25.4
306707,25.4
306708,25.4
306709,25.4
306901,25.4
306902,25.4
306912,25.4
307019,25.4
307022,25.4
307023,25.4
307024,25.4
307025,25.4
307026,25.4
307027,25.4
307028,25.4
307029,25.4
307030,25.4
307031,25.4
307043,25.4
307501,25.4
307510,25.4
307511,25.4
307512,25.4
307513,25.4
307514,25.4
307515,25.4
307801,25.4
307802,25.4
307803,25.4
311001,25.4
311011,25.4
311021,25.4
311022,25.4
311023,25.4
311024,25.4
311025,25.4
311026,25.4
311030,25.4
311201,25.4
311202,25.4
311203,25.4
311204,25.4
311301,25.4
311302,25.4
311401,25.4
311402,25.4
311403,25.4
311404,25.4
311407,25.4
311408,25.4
311601,25.4
311602,25.4
311603,25.4
311604,25.4
311605,25.4
311801,25.4
311802,25.4
311803,25.4
311804,25.4
311805,25.4
311806,25.4
313001,25.4
313002,25.4
313003,25.4
313004,25.4
313011,25.4
313022,25.4
313024,25.4
313026,25.4
313027,25.4
313031,25.4
313038,25.4
313201,25.4
313202,25.4
313203,25.4
313204,25.4
313205,25.4
313206,25.4
313207,25.4
313211,25.4
313301,25.4
313321,25.4
313322,25.4
313323,25.4
313324,25.4
313325,25.4
313327,25.4
313328,25.4
313329,25.4
313330,25.4
313331,25.4
313332,25.4
313333,25.4
313334,25.4
313341,25.4
313342,25.4
313601,25.4
313602,25.4
313603,25.4
313604,25.4
313701,25.4
313703,25.4
313704,25.4
313705,25.4
313706,25.4
313708,25.4
313801,25.4
313802,25.4
313803,25.4
313804,25.4
313901,25.4
313902,25.4
313903,25.4
313904,25.4
313905,25.4
313906,25.4
314001,25.4
314011,25.4
314021,25.4
314022,25.4
314023,25.4
314024,25.4
314025,25.4
314026,25.4
314027,25.4
314028,25.4
314029,25.4
314030,25.4
314031,25.4
314032,25.4
314034,25.4
314035,25.4
314036,25.4
314037,25.4
314038,25.4
314401,25.4
314402,25.4
314403,25.4
314404,25.4
314406,25.4
314801,25.4
314804,25.4
321001,25.4
321021,25.4
321022,25.4
321025,25.4
321026,25.4
321028,25.4
321201,25.4
321202,25.4
321203,25.4
321205,25.4
321206,25.4
321301,25.4
321302,25.4
321303,25.4
321401,25.4
321402,25.4
321403,25.4
321404,25.4
321405,25.4
321406,25.4
321407,25.4
321408,25.4
321409,25.4
321410,25.4
321411,25.4
321601,25.4
321602,25.4
321605,25.4
321606,25.4
321607,25.4
321608,25.4
321609,25.4
321610,25.4
321611,25.4
321612,25.4
321613,25.4
321614,25.4
321615,25.4
321633,25.4
321642,25.4
322001,25.4
322023,25.4
322025,25.4
322026,25.4
322027,25.4
322028,25.4
322029,25.4
322030,25.4
322033,25.4
322034,25.4
322201,25.4
322202,25.4
322203,25.4
322204,25.4
322205,25.4
322211,25.4
322212,25.4
322213,25.4
322214,25.4
322215,25.4
322216,25.4
322218,25.4
322219,25.4
322220,25.4
322230,25.4
322234,25.4
322236,25.4
322238,25.4
322240,25.4
322241,25.4
322242,25.4
322243,25.4
322249,25.4
322251,25.4
322252,25.4
322254,25.4
322255,25.4
322701,25.4
322702,25.4
322703,25.4
322704,25.4
323021,25.4
323022,25.4
323023,25.4
323024,25.4
323025,25.4
323602,25.4
323603,25.4
323613,25.4
323614,25.4
323615,25.4
323616,25.4
323801,25.4
323802,25.4
323803,25.4
324002,25.4
324003,25.4
324004,25.4
324005,25.4
324006,25.4
324007,25.4
324008,25.4
324009,25.4
324010,25.4
325003,25.4
325004,25.4
325009,25.4
325201,25.4
325202,25.4
325204,25.4
325205,25.4
325206,25.4
325207,25.4
325208,25.4
325209,25.4
325214,25.4
325215,25.4
325216,25.4
325217,25.4
325219,25.4
325220,25.4
325221,25.4
325222,25.4
325223,25.4
325601,25.4
325602,25.4
326001,25.4
326021,25.4
326022,25.4
326023,25.4
326033,25.4
326034,25.4
326035,25.4
326036,25.4
326037,25.4
326038,25.4
326501,25.4
326502,25.4
326512,25.4
326513,25.4
326514,25.4
326515,25.4
326516,25.4
326517,25.4
326518,25.4
326519,25.4
326520,25.4
326529,25.4
326530,25.4
327001,25.4
327021,25.4
327022,25.4
327023,25.4
327024,25.4
327025,25.4
327026,25.4
327027,25.4
327031,25.4
327032,25.4
327034,25.4
327601,25.4
327602,25.4
327603,25.4
327604,25.4
327605,25.4
327606,25.4
327801,25.4
328001,25.4
328021,25.4
328022,25.4
328023,25.4
328024,25.4
328025,25.4
328026,25.4
328027,25.4
328028,25.4
328029,25.4
328030,25.4
328041,25.4
331001,25.4
331021,25.4
331022,25.4
331023,25.4
331024,25.4
331029,25.4
331031,25.4
331301,25.4
331302,25.4
331303,25.4
331304,25.4
331402,25.4
331403,25.4
331411,25.4
331501,25.4
331502,25.4
331503,25.4
331504,25.4
331505,25.4
331506,25.4
331507,25.4
331517,25.4
331518,25.4
331701,25.4
331801,25.4
331802,25.4
331803,25.4
331811,25.4
332001,25.4
332002,25.4
332021,25.4
332023,25.4
332024,25.4
332025,25.4
332026,25.4
332027,25.4
332028,25.4
332029,25.4
332030,25.4
332031,25.4
332042,25.4
332301,25.4
332302,25.4
332303,25.4
332304,25.4
332305,25.4
332307,25.4
332311,25.4
332312,25.4
332315,25.4
332316,25.4
332317,25.4
332318,25.4
332401,25.4
332402,25.4
332403,25.4
332404,25.4
332405,25.4
332406,25.4
332411,25.4
332601,25.4
332602,25.4
332603,25.4
332701,25.4
332702,25.4
332703,25.4
332705,25.4
332706,25.4
332707,25.4
332708,25.4
332709,25.4
332710,25.4
332711,25.4
332712,25.4
332713,25.4
332714,25.4
332715,25.4
332718,25.4
332719,25.4
332721,25.4
332722,25.4
332742,25.4
334003,25.4
334006,25.4
334021,25.4
334022,25.4
334023,25.4
334201,25.4
334202,25.4
334302,25.4
334303,25.4
334305,25.4
334403,25.4
334601,25.4
334602,25.4
334603,25.4
334604,25.4
334801,25.4
334802,25.4
334803,25.4
334804,25.4
334808,25.4
335001,25.4
335002,25.4
335021,25.4
335022,25.4
335024,25.4
335025,25.4
335027,25.4
335037,25.4
335038,25.4
335039,25.4
335040,25.4
335041,25.4
335051,25.4
335061,25.4
335062,25.4
335063,25.4
335064,25.4
335065,25.4
335073,25.4
335501,25.4
335502,25.4
335503,25.4
335504,25.4
335511,25.4
335513,25.4
335523,25.4
335524,25.4
335701,25.4
335702,25.4
335703,25.4
335704,25.4
335707,25.4
335711,25.4
335801,25.4
335802,25.4
335804,25.4
335805,25.4
335901,25.4
341001,25.4
341021,25.4
341022,25.4
341023,25.4
341024,25.4
341025,25.4
341026,25.4
341027,25.4
341028,25.4
341029,25.4
341030,25.4
341031,25.4
341301,25.4
341302,25.4
341303,25.4
341304,25.4
341305,25.4
341306,25.4
341316,25.4
341317,25.4
341318,25.4
341319,25.4
341501,25.4
341502,25.4
341503,25.4
341504,25.4
341505,25.4
341506,25.4
341507,25.4
341508,25.4
341509,25.4
341510,25.4
341511,25.4
341512,25.4
341513,25.4
341514,25.4
341515,25.4
341516,25.4
341517,25.4
341518,25.4
341519,25.4
341520,25.4
341533,25.4
341551,25.4
342003,25.4
342005,25.4
342006,25.4
342007,25.4
342008,25.4
342011,25.4
342012,25.4
342013,25.4
342014,25.4
342015,25.4
342021,25.4
342022,25.4
342023,25.4
342024,25.4
342025,25.4
342026,25.4
342027,25.4
342028,25.4
342037,25.4
342301,25.4
342302,25.4
342303,25.4
342304,25.4
342305,25.4
342306,25.4
342307,25.4
342308,25.4
342309,25.4
342310,25.4
342311,25.4
342312,25.4
342314,25.4
342601,25.4
342602,25.4
342603,25.4
342604,25.4
342605,25.4
342606,25.4
342801,25.4
342802,25.4
342901,25.4
342902,25.4
343001,25.4
343002,25.4
343021,25.4
343022,25.4
343023,25.4
343024,25.4
343025,25.4
343027,25.4
343028,25.4
343029,25.4
343030,25.4
343032,25.4
343039,25.4
343040,25.4
343041,25.4
343042,25.4
343048,25.4
343049,25.4
344001,25.4
344011,25.4
344012,25.4
344021,25.4
344022,25.4
344024,25.4
344025,25.4
344026,25.4
344027,25.4
344031,25.4
344032,25.4
344033,25.4
344034,25.4
344035,25.4
344037,25.4
344043,25.4
344044,25.4
344501,25.4
344502,25.4
344701,25.4
344702,25.4
344703,25.4
344704,25.4
344705,25.4
344706,25.4
344708,25.4
344801,25.4
345001,25.4
345021,25.4
345022,25.4
345023,25.4
345024,25.4
345025,25.4
345026,25.4
345027,25.4
345028,25.4
345031,25.4
345033,25.4
345034,25.4
600001,30.8
600002,30.8
600003,30.8
600004,30.8
600005,30.8
600006,30.8
600007,30.8
600008,30.8
600009,30.8
600010,30.8
600011,30.8
600012,30.8
600013,30.8
600014,30.8
600015,30.8
600017,30.8
600018,30.8
600020,30.8
600021,30.8
600022,30.8
600023,30.8
600024,30.8
600025,30.8
600026,30.8
600028,30.8
600030,30.8
600031,30.8
600032,30.8
600033,30.8
600034,30.8
600035,30.8
600036,30.8
600038,30.8
600039,30.8
600040,30.8
600041,30.8
600042,30.8
600078,30.8
600081,30.8
600082,30.8
600083,30.8
600084,30.8
600085,30.8
600086,30.8
600090,30.8
600092,30.8
600093,30.8
600094,30.8
600101,30.8
600102,30.8
600104,30.8
600106,30.8
600107,30.8
600113,30.8
600118,30.8
604401,30.8
604402,30.8
604403,30.8
604404,30.8
604405,30.8
604406,30.8
604407,30.8
604408,30.8
604409,30.8
604410,30.8
604501,30.8
604502,30.8
604503,30.8
604504,30.8
604505,30.8
604601,30.8
606003,30.8
606103,30.8
606104,30.8
606105,30.8
606106,30.8
606108,30.8
606110,30.8
606111,30.8
606302,30.8
606303,30.8
606304,30.8
606601,30.8
606603,30.8
606604,30.8
606611,30.8
606701,30.8
606702,30.8
606703,30.8
606704,30.8
606705,30.8
606706,30.8
606707,30.8
606708,30.8
606709,30.8
606710,30.8
606751,30.8
606752,30.8
606753,30.8
606754,30.8
606755,30.8
606801,30.8
606802,30.8
606803,30.8
606804,30.8
606805,30.8
606806,30.8
606807,30.8
606808,30.8
606811,30.8
606901,30.8
606902,30.8
606903,30.8
606904,30.8
606905,30.8
606906,30.8
606907,30.8
606908,30.8
607001,30.8
607002,30.8
607003,30.8
607004,30.8
607005,30.8
607006,30.8
607101,30.8
607102,30.8
607103,30.8
607104,30.8
607105,30.8
607106,30.8
607108,30.8
607109,30.8
607112,30.8
607205,30.8
607301,30.8
607302,30.8
607303,30.8
607308,30.8
607401,30.8
607801,30.8
607802,30.8
607803,30.8
607804,30.8
607805,30.8
607807,30.8
608001,30.8
608002,30.8
608102,30.8
608201,30.8
608301,30.8
608302,30.8
608303,30.8
608304,30.8
608305,30.8
608306,30.8
608401,30.8
608501,30.8
608502,30.8
608601,30.8
608602,30.8
608701,30.8
608702,30.8
608703,30.8
608704,30.8
608801,30.8
608901,30.8
609001,30.8
609003,30.8
609101,30.8
609102,30.8
609103,30.8
609104,30.8
609105,30.8
609106,30.8
609107,30.8
609108,30.8
609109,30.8
609110,30.8
609111,30.8
609112,30.8
609113,30.8
609114,30.8
609115,30.8
609116,30.8
609117,30.8
609118,30.8
609201,30.8
609202,30.8
609203,30.8
609204,30.8
609205,30.8
609301,30.8
609302,30.8
609303,30.8
609304,30.8
609305,30.8
609306,30.8
609307,30.8
609308,30.8
609309,30.8
609310,30.8
609311,30.8
609312,30.8
609313,30.8
609314,30.8
609401,30.8
609402,30.8
609404,30.8
609701,30.8
609702,30.8
609703,30.8
609704,30.8
609801,30.8
609802,30.8
609803,30.8
609804,30.8
609805,30.8
609806,30.8
609807,30.8
609808,30.8
609810,30.8
609811,30.8
610201,30.8
610204,30.8
610207,30.8
611001,30.8
611002,30.8
611003,30.8
611102,30.8
611103,30.8
611104,30.8
611105,30.8
611106,30.8
611108,30.8
611109,30.8
611110,30.8
611111,30.8
611112,30.8
612001,30.8
612002,30.8
612101,30.8
612102,30.8
612103,30.8
612104,30.8
612105,30.8
612106,30.8
612201,30.8
612202,30.8
612203,30.8
612204,30.8
612301,30.8
612302,30.8
612303,30.8
612401,30.8
612402,30.8
612501,30.8
612502,30.8
612503,30.8
612504,30.8
612602,30.8
612605,30.8
612702,30.8
612703,30.8
612901,30.8
612902,30.8
612903,30.8
612904,30.8
613001,30.8
613002,30.8
613003,30.8
613004,30.8
613005,30.8
613006,30.8
613007,30.8
613009,30.8
613010,30.8
613101,30.8
613102,30.8
613103,30.8
613104,30.8
613105,30.8
613201,30.8
613202,30.8
613203,30.8
613204,30.8
613205,30.8
613301,30.8
613303,30.8
613401,30.8
613402,30.8
613403,30.8
613501,30.8
613502,30.8
613503,30.8
613504,30.8
613601,30.8
613602,30.8
613702,30.8
614019,30.8
614201,30.8
614202,30.8
614203,30.8
614204,30.8
614205,30.8
614206,30.8
614207,30.8
614208,30.8
614210,30.8
614211,30.8
614301,30.8
614302,30.8
614303,30.8
614401,30.8
614402,30.8
614601,30.8
614602,30.8
614612,30.8
614613,30.8
614614,30.8
614615,30.8
614616,30.8
614617,30.8
614618,30.8
614619,30.8
614620,30.8
614621,30.8
614622,30.8
614623,30.8
614624,30.8
614625,30.8
614626,30.8
614628,30.8
614629,30.8
614630,30.8
614701,30.8
614707,30.8
614711,30.8
614714,30.8
614723,30.8
614801,30.8
614802,30.8
614803,30.8
614804,30.8
614805,30.8
614806,30.8
614807,30.8
614808,30.8
614809,30.8
614810,30.8
614901,30.8
614902,30.8
614903,30.8
614904,30.8
614905,30.8
614906,30.8
620001,30.8
620002,30.8
620003,30.8
620004,30.8
620005,30.8
620006,30.8
620007,30.8
620008,30.8
620009,30.8
620010,30.8
620011,30.8
620012,30.8
620013,30.8
620014,30.8
620015,30.8
620016,30.8
620017,30.8
620018,30.8
620019,30.8
620020,30.8
620021,30.8
620022,30.8
620023,30.8
620024,30.8
620025,30.8
620026,30.8
620101,30.8
620102,30.8
621001,30.8
621002,30.8
621003,30.8
621004,30.8
621005,30.8
621006,30.8
621007,30.8
621008,30.8
621009,30.8
621010,30.8
621011,30.8
621012,30.8
621014,30.8
621101,30.8
621102,30.8
621103,30.8
621104,30.8
621105,30.8
621106,30.8
621107,30.8
621108,30.8
621109,30.8
621110,30.8
621111,30.8
621112,30.8
621113,30.8
621114,30.8
621116,30.8
621117,30.8
621118,30.8
621133,30.8
621202,30.8
621203,30.8
621204,30.8
621205,30.8
621206,30.8
621207,30.8
621208,30.8
621209,30.8
621210,30.8
621211,30.8
621212,30.8
621213,30.8
621214,30.8
621215,30.8
621216,30.8
621217,30.8
621218,30.8
621219,30.8
621220,30.8
621301,30.8
621302,30.8
621305,30.8
621306,30.8
621307,30.8
621308,30.8
621310,30.8
621311,30.8
621312,30.8
621313,30.8
621314,30.8
621315,30.8
621316,30.8
621601,30.8
621651,30.8
621652,30.8
621653,30.8
621701,30.8
621702,30.8
621703,30.8
621704,30.8
621705,30.8
621706,30.8
621707,30.8
621708,30.8
621709,30.8
621710,30.8
621711,30.8
621712,30.8
621713,30.8
621714,30.8
621715,30.8
621716,30.8
621717,30.8
621718,30.8
621719,30.8
621722,30.8
621729,30.8
621730,30.8
621801,30.8
621802,30.8
621803,30.8
621805,30.8
621806,30.8
621851,30.8
622001,30.8
622002,30.8
622003,30.8
622004,30.8
622005,30.8
622101,30.8
622102,30.8
622103,30.8
622104,30.8
622201,30.8
622202,30.8
622203,30.8
622204,30.8
622209,30.8
622301,30.8
622302,30.8
622303,30.8
622304,30.8
622401,30.8
622402,30.8
622403,30.8
622404,30.8
622407,30.8
622409,30.8
622411,30.8
622412,30.8
622422,30.8
622501,30.8
622502,30.8
622503,30.8
622504,30.8
622505,30.8
622507,30.8
622515,30.8
623115,30.8
623120,30.8
623135,30.8
623308,30.8
623315,30.8
623401,30.8
623402,30.8
623403,30.8
623404,30.8
623406,30.8
623407,30.8
623409,30.8
623501,30.8
623502,30.8
623503,30.8
623504,30.8
623512,30.8
623513,30.8
623514,30.8
623515,30.8
623516,30.8
623517,30.8
623518,30.8
623519,30.8
623520,30.8
623521,30.8
623522,30.8
623523,30.8
623524,30.8
623525,30.8
623526,30.8
623527,30.8
623528,30.8
623529,30.8
623530,30.8
623531,30.8
623532,30.8
623533,30.8
623534,30.8
623536,30.8
623537,30.8
623538,30.8
623566,30.8
623601,30.8
623603,30.8
623604,30.8
623605,30.8
623608,30.8
623701,30.8
623703,30.8
623704,30.8
623705,30.8
623706,30.8
623707,30.8
623708,30.8
623711,30.8
623712,30.8
623806,30.8
624001,30.8
624002,30.8
624003,30.8
624004,30.8
624005,30.8
624101,30.8
624103,30.8
624201,30.8
624202,30.8
624204,30.8
624206,30.8
624208,30.8
624210,30.8
624211,30.8
624212,30.8
624215,30.8
624216,30.8
624219,30.8
624220,30.8
624301,30.8
624302,30.8
624303,30.8
624304,30.8
624306,30.8
624307,30.8
624308,30.8
624401,30.8
624402,30.8
624403,30.8
624601,30.8
624610,30.8
624612,30.8
624613,30.8
624614,30.8
624615,30.8
624616,30.8
624617,30.8
624618,30.8
624619,30.8
624620,30.8
624621,30.8
624701,30.8
624702,30.8
624703,30.8
624704,30.8
624705,30.8
624706,30.8
624707,30.8
624708,30.8
624709,30.8
624710,30.8
624711,30.8
624712,30.8
624801,30.8
624802,30.8
625001,30.8
625002,30.8
625003,30.8
625004,30.8
625006,30.8
625007,30.8
625008,30.8
625009,30.8
625011,30.8
625012,30.8
625014,30.8
625016,30.8
625017,30.8
625018,30.8
625019,30.8
625020,30.8
625021,30.8
625022,30.8
625023,30.8
625101,30.8
625102,30.8
625103,30.8
625104,30.8
625105,30.8
625106,30.8
625107,30.8
625108,30.8
625109,30.8
625110,30.8
625122,30.8
625201,30.8
625203,30.8
625205,30.8
625207,30.8
625214,30.8
625218,30.8
625221,30.8
625234,30.8
625301,30.8
625402,30.8
625501,30.8
625503,30.8
625512,30.8
625513,30.8
625514,30.8
625515,30.8
625516,30.8
625517,30.8
625518,30.8
625521,30.8
625522,30.8
625523,30.8
625524,30.8
625525,30.8
625526,30.8
625527,30.8
625528,30.8
625529,30.8
625530,30.8
625531,30.8
625532,30.8
625533,30.8
625534,30.8
625535,30.8
625536,30.8
625537,30.8
625540,30.8
625556,30.8
625562,30.8
625579,30.8
625582,30.8
625601,30.8
625602,30.8
625603,30.8
625604,30.8
625605,30.8
625701,30.8
625702,30.8
625703,30.8
625704,30.8
625705,30.8
625706,30.8
625707,30.8
625708,30.8
626001,30.8
626002,30.8
626003,30.8
626004,30.8
626005,30.8
626101,30.8
626102,30.8
626103,30.8
626104,30.8
626105,30.8
626106,30.8
626107,30.8
626108,30.8
626109,30.8
626110,30.8
626111,30.8
626112,30.8
626113,30.8
626114,30.8
626115,30.8
626116,30.8
626117,30.8
626118,30.8
626119,30.8
626121,30.8
626122,30.8
626123,30.8
626124,30.8
626125,30.8
626126,30.8
626127,30.8
626128,30.8
626129,30.8
626130,30.8
626131,30.8
626132,30.8
626133,30.8
626134,30.8
626135,30.8
626136,30.8
626137,30.8
626138,30.8
626139,30.8
626140,30.8
626141,30.8
626142,30.8
626149,30.8
626188,30.8
626189,30.8
626201,30.8
626202,30.8
626203,30.8
626204,30.8
626205,30.8
626607,30.8
626612,30.8
627001,30.8
627002,30.8
627003,30.8
627004,30.8
627005,30.8
627006,30.8
627007,30.8
627008,30.8
627009,30.8
627010,30.8
627011,30.8
627012,30.8
627101,30.8
627102,30.8
627103,30.8
627104,30.8
627105,30.8
627106,30.8
627107,30.8
627108,30.8
627109,30.8
627110,30.8
627111,30.8
627112,30.8
627113,30.8
627114,30.8
627115,30.8
627116,30.8
627117,30.8
627118,30.8
627119,30.8
627120,30.8
627127,30.8
627133,30.8
627151,30.8
627152,30.8
627201,30.8
627202,30.8
627351,30.8
627352,30.8
627353,30.8
627354,30.8
627355,30.8
627356,30.8
627357,30.8
627358,30.8
627359,30.8
627401,30.8
627412,30.8
627413,30.8
627414,30.8
627415,30.8
627416,30.8
627417,30.8
627418,30.8
627420,30.8
627421,30.8
627422,30.8
627423,30.8
627424,30.8
627425,30.8
627426,30.8
627427,30.8
627428,30.8
627451,30.8
627452,30.8
627453,30.8
627501,30.8
627601,30.8
627602,30.8
627603,30.8
627604,30.8
627651,30.8
627652,30.8
627654,30.8
627657,30.8
627713,30.8
627719,30.8
627751,30.8
627753,30.8
627754,30.8
627755,30.8
627756,30.8
627757,30.8
627758,30.8
627759,30.8
627760,30.8
627761,30.8
627764,30.8
627802,30.8
627803,30.8
627804,30.8
627805,30.8
627806,30.8
627807,30.8
627808,30.8
627809,30.8
627811,30.8
627812,30.8
627813,30.8
627814,30.8
627818,30.8
627851,30.8
627852,30.8
627853,30.8
627854,30.8
627855,30.8
627856,30.8
627857,30.8
627858,30.8
627859,30.8
627860,30.8
627861,30.8
627862,30.8
627951,30.8
627953,30.8
630001,30.8
630002,30.8
630003,30.8
630005,30.8
630101,30.8
630102,30.8
630103,30.8
630104,30.8
630105,30.8
630106,30.8
630107,30.8
630108,30.8
630201,30.8
630202,30.8
630203,30.8
630204,30.8
630205,30.8
630206,30.8
630207,30.8
630208,30.8
630210,30.8
630211,30.8
630212,30.8
630301,30.8
630302,30.8
630303,30.8
630305,30.8
630306,30.8
630307,30.8
630309,30.8
630311,30.8
630312,30.8
630313,30.8
630314,30.8
630321,30.8
630405,30.8
630408,30.8
630410,30.8
630411,30.8
630501,30.8
630502,30.8
630551,30.8
630552,30.8
630553,30.8
630554,30.8
630555,30.8
630557,30.8
630558,30.8
630559,30.8
630561,30.8
630562,30.8
630566,30.8
630602,30.8
630606,30.8
630609,30.8
630610,30.8
630611,30.8
630612,30.8
630702,30.8
630709,30.8
630710,30.8
630713,30.8
631001,30.8
631002,30.8
631003,30.8
631004,30.8
631005,30.8
631006,30.8
631051,30.8
631052,30.8
631101,30.8
631102,30.8
631151,30.8
631152,30.8
631701,30.8
631702,30.8
632001,30.8
632002,30.8
632004,30.8
632006,30.8
632007,30.8
632008,30.8
632009,30.8
632011,30.8
632012,30.8
632013,30.8
632014,30.8
632055,30.8
632057,30.8
632058,30.8
632059,30.8
632101,30.8
632102,30.8
632103,30.8
632104,30.8
632105,30.8
632106,30.8
632107,30.8
632113,30.8
632114,30.8
632115,30.8
632201,30.8
632202,30.8
632203,30.8
632204,30.8
632209,30.8
632301,30.8
632311,30.8
632312,30.8
632313,30.8
632314,30.8
632315,30.8
632316,30.8
632317,30.8
632318,30.8
632319,30.8
632326,30.8
632401,30.8
632403,30.8
632404,30.8
632405,30.8
632406,30.8
632501,30.8
632502,30.8
632503,30.8
632504,30.8
632505,30.8
632506,30.8
632507,30.8
632508,30.8
632509,30.8
632510,30.8
632511,30.8
632512,30.8
632513,30.8
632514,30.8
632515,30.8
632516,30.8
632517,30.8
632518,30.8
632519,30.8
632520,30.8
632521,30.8
632531,30.8
632601,30.8
632602,30.8
632603,30.8
632604,30.8
635001,30.8
635002,30.8
635101,30.8
635102,30.8
635103,30.8
635104,30.8
635105,30.8
635106,30.8
635107,30.8
635108,30.8
635109,30.8
635110,30.8
635111,30.8
635112,30.8
635113,30.8
635114,30.8
635115,30.8
635117,30.8
635118,30.8
635119,30.8
635120,30.8
635121,30.8
635122,30.8
635123,30.8
635124,30.8
635126,30.8
635201,30.8
635202,30.8
635203,30.8
635204,30.8
635205,30.8
635206,30.8
635207,30.8
635301,30.8
635302,30.8
635303,30.8
635304,30.8
635305,30.8
635306,30.8
635307,30.8
635601,30.8
635602,30.8
635651,30.8
635652,30.8
635653,30.8
635654,30.8
635655,30.8
635701,30.8
635702,30.8
635703,30.8
635710,30.8
635751,30.8
635752,30.8
635754,30.8
635801,30.8
635802,30.8
635803,30.8
635804,30.8
635805,30.8
635806,30.8
635807,30.8
635808,30.8
635809,30.8
635810,30.8
635811,30.8
635812,30.8
635813,30.8
635814,30.8
635815,30.8
635851,30.8
635852,30.8
635853,30.8
635854,30.8
635901,30.8
636001,30.8
636002,30.8
636003,30.8
636004,30.8
636005,30.8
636006,30.8
636007,30.8
636008,30.8
636009,30.8
636010,30.8
636011,30.8
636012,30.8
636013,30.8
636015,30.8
636016,30.8
636030,30.8
636101,30.8
636102,30.8
636103,30.8
636104,30.8
636105,30.8
636106,30.8
636107,30.8
636108,30.8
636109,30.8
636110,30.8
636111,30.8
636112,30.8
636113,30.8
636114,30.8
636115,30.8
636116,30.8
636117,30.8
636118,30.8
636119,30.8
636121,30.8
636122,30.8
636138,30.8
636139,30.8
636140,30.8
636141,30.8
636142,30.8
636201,30.8
636202,30.8
636203,30.8
636204,30.8
636301,30.8
636302,30.8
636303,30.8
636304,30.8
636305,30.8
636306,30.8
636307,30.8
636308,30.8
636309,30.8
636351,30.8
636352,30.8
636354,30.8
636401,30.8
636402,30.8
636403,30.8
636404,30.8
636406,30.8
636451,30.8
636452,30.8
636453,30.8
636454,30.8
636455,30.8
636456,30.8
636457,30.8
636458,30.8
636501,30.8
636502,30.8
636503,30.8
636601,30.8
636602,30.8
636701,30.8
636704,30.8
636705,30.8
636803,30.8
636804,30.8
636805,30.8
636806,30.8
636807,30.8
636808,30.8
636809,30.8
636810,30.8
636811,30.8
636813,30.8
636902,30.8
636903,30.8
636904,30.8
636905,30.8
636906,30.8
637001,30.8
637002,30.8
637013,30.8
637014,30.8
637015,30.8
637017,30.8
637018,30.8
637019,30.8
637020,30.8
637021,30.8
637101,30.8
637102,30.8
637103,30.8
637104,30.8
637105,30.8
637107,30.8
637201,30.8
637202,30.8
637203,30.8
637204,30.8
637205,30.8
637206,30.8
637207,30.8
637208,30.8
637209,30.8
637210,30.8
637211,30.8
637212,30.8
637213,30.8
637214,30.8
637215,30.8
637301,30.8
637302,30.8
637303,30.8
637304,30.8
637401,30.8
637402,30.8
637403,30.8
637404,30.8
637405,30.8
637406,30.8
637407,30.8
637408,30.8
637409,30.8
637410,30.8
637411,30.8
637412,30.8
637501,30.8
637502,30.8
637503,30.8
637504,30.8
637505,30.8
638001,30.8
638002,30.8
638003,30.8
638004,30.8
638005,30.8
638006,30.8
638007,30.8
638008,30.8
638009,30.8
638011,30.8
638012,30.8
638051,30.8
638052,30.8
638053,30.8
638054,30.8
638055,30.8
638056,30.8
638057,30.8
638101,30.8
638102,30.8
638103,30.8
638104,30.8
638105,30.8
638106,30.8
638107,30.8
638108,30.8
638109,30.8
638110,30.8
638111,30.8
638112,30.8
638115,30.8
638116,30.8
638151,30.8
638152,30.8
638153,30.8
638154,30.8
638181,30.8
638182,30.8
638183,30.8
638301,30.8
638311,30.8
638312,30.8
638313,30.8
638314,30.8
638315,30.8
638316,30.8
638401,30.8
638402,30.8
638451,30.8
638452,30.8
638453,30.8
638454,30.8
638455,30.8
638456,30.8
638457,30.8
638458,30.8
638459,30.8
638460,30.8
638461,30.8
638462,30.8
638476,30.8
638501,30.8
638502,30.8
638503,30.8
638504,30.8
638505,30.8
638657,30.8
638660,30.8
638661,30.8
638672,30.8
638673,30.8
638701,30.8
638702,30.8
638703,30.8
638706,30.8
638751,30.8
638752,30.8
638812,30.8
639001,30.8
639002,30.8
639003,30.8
639004,30.8
639005,30.8
639006,30.8
639007,30.8
639008,30.8
639101,30.8
639102,30.8
639103,30.8
639104,30.8
639105,30.8
639107,30.8
639108,30.8
639109,30.8
639110,30.8
639111,30.8
639112,30.8
639113,30.8
639114,30.8
639115,30.8
639116,30.8
639117,30.8
639118,30.8
639119,30.8
639120,30.8
639136,30.8
639201,30.8
639202,30.8
639203,30.8
639205,30.8
639206,30.8
639207,30.8
641001,30.8
641002,30.8
641003,30.8
641004,30.8
641005,30.8
641006,30.8
641007,30.8
641008,30.8
641009,30.8
641010,30.8
641011,30.8
641012,30.8
641013,30.8
641014,30.8
641015,30.8
641016,30.8
641017,30.8
641018,30.8
641019,30.8
641020,30.8
641021,30.8
641022,30.8
641023,30.8
641024,30.8
641025,30.8
641026,30.8
641027,30.8
641028,30.8
641029,30.8
641030,30.8
641031,30.8
641032,30.8
641033,30.8
641034,30.8
641035,30.8
641036,30.8
641037,30.8
641038,30.8
641039,30.8
641041,30.8
641042,30.8
641043,30.8
641044,30.8
641045,30.8
641046,30.8
641047,30.8
641048,30.8
641049,30.8
641050,30.8
641062,30.8
641101,30.8
641103,30.8
641104,30.8
641105,30.8
641107,30.8
641108,30.8
641109,30.8
641110,30.8
641111,30.8
641112,30.8
641113,30.8
641114,30.8
641201,30.8
641202,30.8
641301,30.8
641302,30.8
641305,30.8
641401,30.8
641402,30.8
641407,30.8
641601,30.8
641602,30.8
641603,30.8
641604,30.8
641605,30.8
641606,30.8
641607,30.8
641652,30.8
641653,30.8
641654,30.8
641655,30.8
641658,30.8
641659,30.8
641662,30.8
641663,30.8
641664,30.8
641665,30.8
641666,30.8
641667,30.8
641668,30.8
641669,30.8
641670,30.8
641671,30.8
641687,30.8
641697,30.8
642001,30.8
642002,30.8
642003,30.8
642004,30.8
642005,30.8
642006,30.8
642007,30.8
642101,30.8
642102,30.8
642103,30.8
642104,30.8
642105,30.8
642106,30.8
642107,30.8
642108,30.8
642109,30.8
642110,30.8
642111,30.8
642112,30.8
642113,30.8
642114,30.8
642117,30.8
642120,30.8
642122,30.8
642123,30.8
642125,30.8
642126,30.8
642127,30.8
642128,30.8
642129,30.8
642130,30.8
642132,30.8
642133,30.8
642134,30.8
642154,30.8
642201,30.8
642202,30.8
642203,30.8
642204,30.8
642205,30.8
642206,30.8
642207,30.8
643002,30.8
643003,30.8
643004,30.8
643005,30.8
643006,30.8
643007,30.8
643101,30.8
643102,30.8
643103,30.8
643105,30.8
643201,30.8
643202,30.8
643203,30.8
643204,30.8
643205,30.8
643206,30.8
643207,30.8
643209,30.8
643211,30.8
643212,30.8
643213,30.8
643214,30.8
643215,30.8
643216,30.8
643217,30.8
643218,30.8
643219,30.8
643220,30.8
643221,30.8
643223,30.8
643224,30.8
643225,30.8
643226,30.8
643231,30.8
643233,30.8
643236,30.8
643237,30.8
643238,30.8
643239,30.8
643240,30.8
643241,30.8
643242,30.8
643243,30.8
643253,30.8
500001,33.5
500002,33.5
500003,33.5
500004,33.5
500006,33.5
500007,33.5
500008,33.5
500009,33.5
500010,33.5
500011,33.5
500012,33.5
500013,33.5
500014,33.5
500015,33.5
500016,33.5
500017,33.5
500018,33.5
500020,33.5
500024,33.5
500026,33.5
500027,33.5
500028,33.5
500029,33.5
500030,33.5
500031,33.5
500032,33.5
500033,33.5
500034,33.5
500036,33.5
500037,33.5
500038,33.5
500040,33.5
500042,33.5
500044,33.5
500045,33.5
500046,33.5
500047,33.5
500048,33.5
500049,33.5
500050,33.5
500051,33.5
500053,33.5
500054,33.5
500055,33.5
500056,33.5
500057,33.5
500058,33.5
500059,33.5
500061,33.5
500062,33.5
500064,33.5
500065,33.5
500067,33.5
500068,33.5
500069,33.5
500072,33.5
500073,33.5
500074,33.5
500077,33.5
500078,33.5
500080,33.5
500082,33.5
500083,33.5
500084,33.5
500085,33.5
500086,33.5
500087,33.5
500088,33.5
500090,33.5
500091,33.5
500092,33.5
500094,33.5
500096,33.5
500098,33.5
501101,33.5
501401,33.5
502001,33.5
502032,33.5
502101,33.5
502102,33.5
502103,33.5
502107,33.5
502108,33.5
502109,33.5
502110,33.5
502113,33.5
502114,33.5
502115,33.5
502117,33.5
502125,33.5
502130,33.5
502205,33.5
502210,33.5
502220,33.5
502221,33.5
502228,33.5
502247,33.5
502248,33.5
502249,33.5
502251,33.5
502255,33.5
502256,33.5
502267,33.5
502270,33.5
502271,33.5
502276,33.5
502277,33.5
502278,33.5
502279,33.5
502280,33.5
502281,33.5
502285,33.5
502286,33.5
502287,33.5
502290,33.5
502291,33.5
502293,33.5
502294,33.5
502295,33.5
502296,33.5
502300,33.5
502301,33.5
502302,33.5
502303,33.5
502305,33.5
502306,33.5
502307,33.5
502310,33.5
502311,33.5
502312,33.5
502313,33.5
502314,33.5
502316,33.5
502318,33.5
502321,33.5
502324,33.5
502325,33.5
502329,33.5
502331,33.5
502334,33.5
502335,33.5
502336,33.5
502371,33.5
502372,33.5
502375,33.5
502381,33.5
503001,33.5
503002,33.5
503003,33.5
503101,33.5
503102,33.5
503108,33.5
503110,33.5
503111,33.5
503112,33.5
503114,33.5
503120,33.5
503122,33.5
503123,33.5
503124,33.5
503125,33.5
503144,33.5
503145,33.5
503164,33.5
503165,33.5
503174,33.5
503175,33.5
503180,33.5
503185,33.5
503186,33.5
503187,33.5
503188,33.5
503201,33.5
503202,33.5
503206,33.5
503207,33.5
503212,33.5
503213,33.5
503217,33.5
503218,33.5
503219,33.5
503223,33.5
503224,33.5
503225,33.5
503230,33.5
503235,33.5
503245,33.5
503246,33.5
503301,33.5
503302,33.5
503305,33.5
503306,33.5
503307,33.5
503308,33.5
503309,33.5
503310,33.5
503311,33.5
503321,33.5
503322,33.5
504001,33.5
504002,33.5
504101,33.5
504102,33.5
504103,33.5
504104,33.5
504105,33.5
504106,33.5
504107,33.5
504109,33.5
504110,33.5
504201,33.5
504202,33.5
504203,33.5
504204,33.5
504205,33.5
504206,33.5
504207,33.5
504208,33.5
504209,33.5
504214,33.5
504215,33.5
504216,33.5
504218,33.5
504219,33.5
504220,33.5
504231,33.5
504251,33.5
504272,33.5
504273,33.5
504292,33.5
504293,33.5
504294,33.5
504295,33.5
504296,33.5
504297,33.5
504299,33.5
504301,33.5
504302,33.5
504303,33.5
504304,33.5
504306,33.5
504307,33.5
504308,33.5
504309,33.5
504310,33.5
504311,33.5
504312,33.5
504313,33.5
504323,33.5
504346,33.5
506001,33.5
506002,33.5
506003,33.5
506004,33.5
506005,33.5
506006,33.5
506007,33.5
506008,33.5
506009,33.5
506011,33.5
506013,33.5
506015,33.5
506101,33.5
506102,33.5
506104,33.5
506105,33.5
506112,33.5
506122,33.5
506132,33.5
506134,33.5
506135,33.5
506142,33.5
506143,33.5
506144,33.5
506145,33.5
506151,33.5
506163,33.5
506164,33.5
506165,33.5
506167,33.5
506168,33.5
506169,33.5
506170,33.5
506172,33.5
506175,33.5
506201,33.5
506221,33.5
506222,33.5
506223,33.5
506224,33.5
506244,33.5
506252,33.5
506301,33.5
506302,33.5
506303,33.5
506310,33.5
506313,33.5
506314,33.5
506315,33.5
506316,33.5
506317,33.5
506318,33.5
506319,33.5
506324,33.5
506329,33.5
506330,33.5
506332,33.5
506342,33.5
506343,33.5
506344,33.5
506345,33.5
506347,33.5
506348,33.5
506349,33.5
506352,33.5
506355,33.5
506356,33.5
506365,33.5
506366,33.5
506367,33.5
506368,33.5
506369,33.5
506370,33.5
506371,33.5
506381,33.5
506391,33.5
507001,33.5
507002,33.5
507003,33.5
507101,33.5
507111,33.5
507114,33.5
507115,33.5
507116,33.5
507117,33.5
507118,33.5
507119,33.5
507120,33.5
507122,33.5
507123,33.5
507124,33.5
507125,33.5
507128,33.5
507133,33.5
507136,33.5
507137,33.5
507140,33.5
507154,33.5
507157,33.5
507158,33.5
507159,33.5
507160,33.5
507161,33.5
507163,33.5
507164,33.5
507165,33.5
507166,33.5
507168,33.5
507169,33.5
507170,33.5
507182,33.5
507183,33.5
507201,33.5
507202,33.5
507203,33.5
507204,33.5
507208,33.5
507209,33.5
507210,33.5
507211,33.5
507301,33.5
507302,33.5
507303,33.5
507304,33.5
507305,33.5
507306,33.5
507316,33.5
507318,33.5
508001,33.5
508002,33.5
508004,33.5
508101,33.5
508105,33.5
508111,33.5
508112,33.5
508113,33.5
508114,33.5
508115,33.5
508116,33.5
508117,33.5
508126,33.5
508201,33.5
508202,33.5
508204,33.5
508205,33.5
508206,33.5
508207,33.5
508208,33.5
508210,33.5
508211,33.5
508212,33.5
508213,33.5
508217,33.5
508218,33.5
508221,33.5
508223,33.5
508224,33.5
508233,33.5
508234,33.5
508238,33.5
508243,33.5
508244,33.5
508245,33.5
508246,33.5
508247,33.5
508248,33.5
508250,33.5
508252,33.5
508253,33.5
508254,33.5
508255,33.5
508256,33.5
508257,33.5
508258,33.5
508266,33.5
508277,33.5
508278,33.5
508279,33.5
508280,33.5
508284,33.5
508285,33.5
508286,33.5
508355,33.5
508373,33.5
508374,33.5
508376,33.5
201002,27.2
201004,27.2
201005,27.2
201006,27.2
201007,27.2
201010,27.2
201011,27.2
201012,27.2
201013,27.2
201014,27.2
201016,27.2
201017,27.2
201019,27.2
201103,27.2
201201,27.2
201304,27.2
201309,27.2
201310,27.2
201311,27.2
201313,27.2
202002,27.2
202121,27.2
202122,27.2
202123,27.2
202124,27.2
202125,27.2
202126,27.2
202127,27.2
202128,27.2
202129,27.2
202130,27.2
202131,27.2
202132,27.2
202133,27.2
202134,27.2
202135,27.2
202136,27.2
202137,27.2
202138,27.2
202139,27.2
202140,27.2
202141,27.2
202142,27.2
202143,27.2
202145,27.2
202150,27.2
202155,27.2
202165,27.2
202170,27.2
202280,27.2
202281,27.2
202282,27.2
203002,27.2
203129,27.2
203131,27.2
203132,27.2
203135,27.2
203141,27.2
203150,27.2
203155,27.2
203201,27.2
203203,27.2
203206,27.2
203209,27.2
203389,27.2
203390,27.2
203391,27.2
203392,27.2
203393,27.2
203394,27.2
203395,27.2
203396,27.2
203397,27.2
203398,27.2
203399,27.2
203401,27.2
203402,27.2
203403,27.2
203405,27.2
203407,27.2
203408,27.2
203409,27.2
203411,27.2
203412,27.2
205001,27.2
205119,27.2
205121,27.2
205247,27.2
205261,27.2
205262,27.2
205263,27.2
205264,27.2
205265,27.2
205267,27.2
205268,27.2
205301,27.2
205303,27.2
205304,27.2
206001,27.2
206002,27.2
206003,27.2
206120,27.2
206121,27.2
206122,27.2
206123,27.2
206124,27.2
206125,27.2
206126,27.2
206127,27.2
206128,27.2
206129,27.2
206130,27.2
206131,27.2
206241,27.2
206242,27.2
206243,27.2
206244,27.2
206245,27.2
206246,27.2
206247,27.2
206248,27.2
206249,27.2
206250,27.2
206251,27.2
206252,27.2
206253,27.2
206255,27.2
207002,27.2
207003,27.2
207120,27.2
207121,27.2
207122,27.2
207123,27.2
207124,27.2
207125,27.2
207241,27.2
207242,27.2
207243,27.2
207244,27.2
207245,27.2
207246,27.2
207247,27.2
207248,27.2
207249,27.2
207250,27.2
207301,27.2
207302,27.2
207401,27.2
207402,27.2
207403,27.2
208001,27.2
208002,27.2
208003,27.2
208004,27.2
208005,27.2
208006,27.2
208007,27.2
208008,27.2
208009,27.2
208010,27.2
208011,27.2
208013,27.2
208014,27.2
208015,27.2
208016,27.2
208017,27.2
208019,27.2
208020,27.2
208021,27.2
208022,27.2
208023,27.2
208024,27.2
208025,27.2
208026,27.2
208027,27.2
209101,27.2
209111,27.2
209112,27.2
209115,27.2
209121,27.2
209125,27.2
209202,27.2
209203,27.2
209204,27.2
209205,27.2
209206,27.2
209208,27.2
209209,27.2
209210,27.2
209214,27.2
209217,27.2
209301,27.2
209302,27.2
209303,27.2
209304,27.2
209305,27.2
209306,27.2
209307,27.2
209308,27.2
209310,27.2
209311,27.2
209312,27.2
209401,27.2
209402,27.2
209501,27.2
209502,27.2
209503,27.2
209504,27.2
209505,27.2
209601,27.2
209602,27.2
209621,27.2
209622,27.2
209625,27.2
209651,27.2
209652,27.2
209720,27.2
209721,27.2
209722,27.2
209723,27.2
209724,27.2
209725,27.2
209727,27.2
209728,27.2
209729,27.2
209731,27.2
209732,27.2
209733,27.2
209734,27.2
209735,27.2
209736,27.2
209738,27.2
209739,27.2
209743,27.2
209745,27.2
209747,27.2
209749,27.2
209801,27.2
209821,27.2
209825,27.2
209827,27.2
209831,27.2
209841,27.2
209859,27.2
209861,27.2
209862,27.2
209863,27.2
209864,27.2
209865,27.2
209866,27.2
209867,27.2
209868,27.2
209869,27.2
209870,27.2
209871,27.2
209881,27.2
210001,27.2
210120,27.2
210121,27.2
210123,27.2
210125,27.2
210126,27.2
210128,27.2
210129,27.2
210201,27.2
210202,27.2
210203,27.2
210204,27.2
210205,27.2
210206,27.2
210207,27.2
210208,27.2
210209,27.2
210301,27.2
210341,27.2
210422,27.2
210423,27.2
210424,27.2
210425,27.2
210426,27.2
210427,27.2
210428,27.2
210429,27.2
210430,27.2
210431,27.2
210432,27.2
210433,27.2
210501,27.2
210502,27.2
210504,27.2
210505,27.2
210506,27.2
210507,27.2
211002,27.2
211003,27.2
211004,27.2
211006,27.2
211007,27.2
211008,27.2
211010,27.2
211011,27.2
211012,27.2
211013,27.2
211015,27.2
211016,27.2
211019,27.2
212104,27.2
212106,27.2
212107,27.2
212108,27.2
212109,27.2
212111,27.2
212201,27.2
212202,27.2
212203,27.2
212204,27.2
212205,27.2
212206,27.2
212207,27.2
212208,27.2
212213,27.2
212214,27.2
212216,27.2
212217,27.2
212218,27.2
212301,27.2
212302,27.2
212303,27.2
212305,27.2
212306,27.2
212307,27.2
212401,27.2
212402,27.2
212404,27.2
212405,27.2
212502,27.2
212503,27.2
212507,27.2
212601,27.2
212620,27.2
212621,27.2
212622,27.2
212631,27.2
212635,27.2
212641,27.2
212645,27.2
212650,27.2
212651,27.2
212652,27.2
212653,27.2
212654,27.2
212655,27.2
212656,27.2
212657,27.2
212658,27.2
212659,27.2
212661,27.2
212663,27.2
212664,27.2
212665,27.2
221001,27.2
221002,27.2
221004,27.2
221005,27.2
221006,27.2
221007,27.2
221008,27.2
221009,27.2
221010,27.2
221011,27.2
221101,27.2
221103,27.2
221104,27.2
221105,27.2
221106,27.2
221107,27.2
221108,27.2
221110,27.2
221112,27.2
221115,27.2
221116,27.2
221202,27.2
221204,27.2
221206,27.2
221207,27.2
221208,27.2
221301,27.2
221302,27.2
221303,27.2
221304,27.2
221305,27.2
221306,27.2
221307,27.2
221308,27.2
221309,27.2
221310,27.2
221311,27.2
221313,27.2
221314,27.2
221401,27.2
221402,27.2
221403,27.2
221404,27.2
221405,27.2
221406,27.2
221409,27.2
221502,27.2
221503,27.2
221505,27.2
221507,27.2
221508,27.2
221601,27.2
221602,27.2
221603,27.2
221701,27.2
221705,27.2
221706,27.2
221709,27.2
221711,27.2
221712,27.2
221713,27.2
221715,27.2
221716,27.2
221717,27.2
221718,27.2
222001,27.2
222002,27.2
222003,27.2
222105,27.2
222109,27.2
222125,27.2
222127,27.2
222128,27.2
222129,27.2
222131,27.2
222132,27.2
222133,27.2
222135,27.2
222136,27.2
222137,27.2
222138,27.2
222139,27.2
222141,27.2
222142,27.2
222143,27.2
222144,27.2
222145,27.2
222146,27.2
222148,27.2
222149,27.2
222161,27.2
222162,27.2
222165,27.2
222170,27.2
222175,27.2
222180,27.2
222181,27.2
222201,27.2
222202,27.2
222203,27.2
222204,27.2
222301,27.2
222302,27.2
222303,27.2
223101,27.2
223102,27.2
223103,27.2
223104,27.2
223105,27.2
223221,27.2
223222,27.2
223223,27.2
223224,27.2
223225,27.2
223226,27.2
223227,27.2
224001,27.2
224121,27.2
224123,27.2
224125,27.2
224126,27.2
224127,27.2
224129,27.2
224132,27.2
224133,27.2
224135,27.2
224137,27.2
224139,27.2
224141,27.2
224143,27.2
224145,27.2
224146,27.2
224147,27.2
224149,27.2
224151,27.2
224152,27.2
224153,27.2
224155,27.2
224157,27.2
224158,27.2
224159,27.2
224161,27.2
224164,27.2
224168,27.2
224171,27.2
224172,27.2
224176,27.2
224181,27.2
224182,27.2
224183,27.2
224186,27.2
224189,27.2
224190,27.2
224195,27.2
224201,27.2
224202,27.2
224203,27.2
224204,27.2
224205,27.2
224206,27.2
224207,27.2
224208,27.2
224209,27.2
224210,27.2
224225,27.2
224228,27.2
224229,27.2
224230,27.2
224231,27.2
224232,27.2
224234,27.2
224235,27.2
224238,27.2
224284,27.2
226002,27.2
226003,27.2
226004,27.2
226005,27.2
226006,27.2
226007,27.2
226008,27.2
226009,27.2
226010,27.2
226011,27.2
226012,27.2
226013,27.2
226014,27.2
226015,27.2
226016,27.2
226017,27.2
226018,27.2
226019,27.2
226020,27.2
226021,27.2
226022,27.2
226023,27.2
226024,27.2
226025,27.2
226026,27.2
226028,27.2
226029,27.2
226030,27.2
226031,27.2
226101,27.2
226102,27.2
226103,27.2
226104,27.2
226201,27.2
226202,27.2
226203,27.2
226301,27.2
226302,27.2
226303,27.2
226401,27.2
226501,27.2
227304,27.2
227405,27.2
227406,27.2
227407,27.2
227408,27.2
227409,27.2
227411,27.2
227412,27.2
227413,27.2
227801,27.2
227805,27.2
227806,27.2
227807,27.2
227808,27.2
227809,27.2
227811,27.2
227812,27.2
227813,27.2
227814,27.2
227815,27.2
227816,27.2
227817,27.2
228001,27.2
228118,27.2
228119,27.2
228120,27.2
228121,27.2
228125,27.2
228131,27.2
228132,27.2
228133,27.2
228142,27.2
228145,27.2
228151,27.2
228155,27.2
228159,27.2
228161,27.2
228171,27.2
229408,27.2
229410,27.2
229411,27.2
229412,27.2
229413,27.2
241121,27.2
241122,27.2
241123,27.2
241124,27.2
241125,27.2
241126,27.2
241127,27.2
241201,27.2
241202,27.2
241203,27.2
241204,27.2
241301,27.2
241302,27.2
241303,27.2
241304,27.2
241305,27.2
241401,27.2
241402,27.2
241403,27.2
241404,27.2
241405,27.2
241406,27.2
241407,27.2
242001,27.2
242021,27.2
242042,27.2
242127,27.2
242220,27.2
242221,27.2
242223,27.2
242226,27.2
242301,27.2
242303,27.2
242305,27.2
242306,27.2
242401,27.2
242405,27.2
242406,27.2
242407,27.2
243002,27.2
243003,27.2
243004,27.2
243005,27.2
243006,27.2
243122,27.2
243123,27.2
243126,27.2
243201,27.2
243202,27.2
243203,27.2
243301,27.2
243302,27.2
243303,27.2
243401,27.2
243402,27.2
243403,27.2
243407,27.2
243501,27.2
243502,27.2
243503,27.2
243504,27.2
243505,27.2
243506,27.2
243601,27.2
243630,27.2
243631,27.2
243632,27.2
243634,27.2
243635,27.2
243636,27.2
243637,27.2
243638,27.2
243639,27.2
243641,27.2
243720,27.2
243722,27.2
243723,27.2
243724,27.2
243725,27.2
243726,27.2
243727,27.2
243751,27.2
244102,27.2
244103,27.2
244104,27.2
244222,27.2
244223,27.2
244225,27.2
244231,27.2
244235,27.2
244236,27.2
244241,27.2
244242,27.2
244245,27.2
244251,27.2
244255,27.2
244301,27.2
244302,27.2
244303,27.2
244304,27.2
244401,27.2
244402,27.2
244410,27.2
244411,27.2
244412,27.2
244413,27.2
244414,27.2
244415,27.2
244501,27.2
244504,27.2
244601,27.2
244602,27.2
244701,27.2
244901,27.2
244921,27.2
244922,27.2
244923,27.2
244924,27.2
244925,27.2
244926,27.2
244927,27.2
244928,27.2
245201,27.2
245205,27.2
245206,27.2
245207,27.2
245208,27.2
245304,27.2
246701,27.2
246721,27.2
246722,27.2
246723,27.2
246724,27.2
246725,27.2
246726,27.2
246727,27.2
246728,27.2
246729,27.2
246731,27.2
246732,27.2
246733,27.2
246734,27.2
246735,27.2
246736,27.2
246745,27.2
246746,27.2
246747,27.2
246749,27.2
246761,27.2
246763,27.2
246764,27.2
247002,27.2
247120,27.2
247121,27.2
247122,27.2
247129,27.2
247231,27.2
247232,27.2
247340,27.2
247341,27.2
247342,27.2
247343,27.2
247451,27.2
247452,27.2
247453,27.2
247551,27.2
247554,27.2
247662,27.2
247669,27.2
247771,27.2
247772,27.2
247773,27.2
247774,27.2
247775,27.2
247776,27.2
247777,27.2
247778,27.2
250103,27.2
250104,27.2
250106,27.2
250221,27.2
250222,27.2
250341,27.2
250342,27.2
250344,27.2
250401,27.2
250402,27.2
250404,27.2
250406,27.2
250501,27.2
250502,27.2
251002,27.2
251003,27.2
251201,27.2
251202,27.2
251203,27.2
251301,27.2
251305,27.2
251306,27.2
251307,27.2
251308,27.2
251309,27.2
251310,27.2
251311,27.2
251314,27.2
251315,27.2
251316,27.2
251318,27.2
251319,27.2
251320,27.2
251327,27.2
261001,27.2
261121,27.2
261125,27.2
261131,27.2
261135,27.2
261136,27.2
261141,27.2
261145,27.2
261151,27.2
261201,27.2
261202,27.2
261203,27.2
261204,27.2
261205,27.2
261206,27.2
261207,27.2
261208,27.2
261301,27.2
261302,27.2
261303,27.2
261401,27.2
261402,27.2
261403,27.2
261404,27.2
261405,27.2
261501,27.2
261502,27.2
261505,27.2
261506,27.2
262001,27.2
262121,27.2
262124,27.2
262201,27.2
262202,27.2
262203,27.2
262302,27.2
262305,27.2
262406,27.2
262701,27.2
262702,27.2
262721,27.2
262722,27.2
262723,27.2
262724,27.2
262725,27.2
262726,27.2
262727,27.2
262728,27.2
262801,27.2
262802,27.2
262803,27.2
262804,27.2
262805,27.2
262901,27.2
262902,27.2
262903,27.2
262904,27.2
262905,27.2
262906,27.2
262907,27.2
262908,27.2
271001,27.2
271002,27.2
271122,27.2
271123,27.2
271124,27.2
271125,27.2
271126,27.2
271129,27.2
271201,27.2
271202,27.2
271203,27.2
271204,27.2
271205,27.2
271206,27.2
271207,27.2
271208,27.2
271209,27.2
271210,27.2
271215,27.2
271301,27.2
271302,27.2
271303,27.2
271304,27.2
271305,27.2
271306,27.2
271307,27.2
271309,27.2
271310,27.2
271311,27.2
271312,27.2
271313,27.2
271319,27.2
271401,27.2
271402,27.2
271403,27.2
271502,27.2
271503,27.2
271504,27.2
271601,27.2
271602,27.2
271603,27.2
271604,27.2
271607,27.2
271609,27.2
271801,27.2
271802,27.2
271803,27.2
271804,27.2
271805,27.2
271821,27.2
271824,27.2
271825,27.2
271830,27.2
271831,27.2
271835,27.2
271840,27.2
271841,27.2
271845,27.2
271851,27.2
271855,27.2
271861,27.2
271865,27.2
271870,27.2
271871,27.2
271872,27.2
271875,27.2
271881,27.2
271882,27.2
271901,27.2
271902,27.2
271903,27.2
271904,27.2
272001,27.2
272002,27.2
272123,27.2
272124,27.2
272125,27.2
272126,27.2
272127,27.2
272128,27.2
272129,27.2
272130,27.2
272131,27.2
272148,27.2
272150,27.2
272151,27.2
272152,27.2
272153,27.2
272154,27.2
272155,27.2
272162,27.2
272163,27.2
272164,27.2
272165,27.2
272171,27.2
272172,27.2
272173,27.2
272176,27.2
272177,27.2
272181,27.2
272182,27.2
272189,27.2
272190,27.2
272191,27.2
272193,27.2
272194,27.2
272195,27.2
272199,27.2
272201,27.2
272202,27.2
272203,27.2
272204,27.2
272205,27.2
272206,27.2
272207,27.2
272208,27.2
272270,27.2
272271,27.2
272301,27.2
272302,27.2
273002,27.2
273003,27.2
273004,27.2
273005,27.2
273006,27.2
273007,27.2
273008,27.2
273010,27.2
273012,27.2
273013,27.2
273014,27.2
273015,27.2
273016,27.2
273017,27.2
273152,27.2
273158,27.2
273165,27.2
273201,27.2
273202,27.2
273203,27.2
273209,27.2
273211,27.2
273212,27.2
273213,27.2
273306,27.2
273401,27.2
273402,27.2
273403,27.2
273404,27.2
273405,27.2
273406,27.2
273407,27.2
273408,27.2
273409,27.2
273411,27.2
273412,27.2
273413,27.2
274149,27.2
274182,27.2
274201,27.2
274202,27.2
274203,27.2
274204,27.2
274205,27.2
274206,27.2
274207,27.2
274208,27.2
274301,27.2
274302,27.2
274303,27.2
274304,27.2
274306,27.2
274401,27.2
274402,27.2
274403,27.2
274404,27.2
274405,27.2
274406,27.2
274407,27.2
274408,27.2
274409,27.2
274501,27.2
274502,27.2
274505,27.2
274506,27.2
274508,27.2
274509,27.2
274601,27.2
274602,27.2
274603,27.2
274604,27.2
274701,27.2
274702,27.2
274703,27.2
274704,27.2
274705,27.2
274801,27.2
274802,27.2
274807,27.2
274808,27.2
275101,27.2
275102,27.2
275103,27.2
275105,27.2
275201,27.2
275202,27.2
275203,27.2
275204,27.2
275205,27.2
275301,27.2
275302,27.2
275303,27.2
275304,27.2
275305,27.2
275306,27.2
275307,27.2
276001,27.2
276121,27.2
276122,27.2
276123,27.2
276124,27.2
276125,27.2
276126,27.2
276127,27.2
276128,27.2
276129,27.2
276131,27.2
276135,27.2
276136,27.2
276137,27.2
276138,27.2
276139,27.2
276140,27.2
276141,27.2
276142,27.2
276143,27.2
276201,27.2
276202,27.2
276203,27.2
276204,27.2
276205,27.2
276206,27.2
276207,27.2
276208,27.2
276288,27.2
276301,27.2
276302,27.2
276303,27.2
276304,27.2
276305,27.2
276306,27.2
276402,27.2
276403,27.2
276404,27.2
276405,27.2
276406,27.2
277001,27.2
277121,27.2
277123,27.2
277124,27.2
277201,27.2
277202,27.2
277203,27.2
277204,27.2
277205,27.2
277207,27.2
277208,27.2
277209,27.2
277210,27.2
277211,27.2
277213,27.2
277214,27.2
277216,27.2
277219,27.2
277301,27.2
277302,27.2
277303,27.2
277304,27.2
277401,27.2
277402,27.2
277403,27.2
277501,27.2
277502,27.2
277503,27.2
277504,27.2
277506,27.2
281001,27.2
281003,27.2
281004,27.2
281005,27.2
281006,27.2
281121,27.2
281122,27.2
281123,27.2
281201,27.2
281202,27.2
281203,27.2
281204,27.2
281205,27.2
281206,27.2
281301,27.2
281303,27.2
281305,27.2
281308,27.2
281401,27.2
281403,27.2
281404,27.2
281405,27.2
281501,27.2
281502,27.2
281504,27.2
282002,27.2
282003,27.2
282004,27.2
282005,27.2
282006,27.2
282008,27.2
283101,27.2
283102,27.2
283103,27.2
283104,27.2
283110,27.2
283111,27.2
283112,27.2
283113,27.2
283114,27.2
283115,27.2
283121,27.2
283123,27.2
283124,27.2
283126,27.2
283130,27.2
283135,27.2
283136,27.2
283141,27.2
283142,27.2
283145,27.2
283151,27.2
283152,27.2
283201,27.2
283203,27.2
283204,27.2
283205,27.2
283206,27.2
283207,27.2
284001,27.2
284002,27.2
284003,27.2
284120,27.2
284121,27.2
284122,27.2
284123,27.2
284124,27.2
284125,27.2
284126,27.2
284127,27.2
284128,27.2
284135,27.2
284136,27.2
284201,27.2
284202,27.2
284203,27.2
284204,27.2
284205,27.2
284206,27.2
284301,27.2
284304,27.2
284305,27.2
284401,27.2
284402,27.2
284404,27.2
284405,27.2
284406,27.2
284419,27.2
284501,27.2
285001,27.2
285121,27.2
285122,27.2
285123,27.2
285124,27.2
285125,27.2
285126,27.2
285127,27.2
285128,27.2
285129,27.2
285130,27.2
285202,27.2
285203,27.2
285204,27.2
285205,27.2
285206,27.2
285223,27.2
700001,32.6
700002,32.6
700003,32.6
700004,32.6
700005,32.6
700006,32.6
700007,32.6
700008,32.6
700009,32.6
700010,32.6
700011,32.6
700012,32.6
700013,32.6
700014,32.6
700015,32.6
700016,32.6
700017,32.6
700018,32.6
700020,32.6
700021,32.6
700022,32.6
700023,32.6
700024,32.6
700025,32.6
700026,32.6
700027,32.6
700028,32.6
700029,32.6
700030,32.6
700031,32.6
700032,32.6
700033,32.6
700034,32.6
700035,32.6
700036,32.6
700037,32.6
700038,32.6
700040,32.6
700041,32.6
700042,32.6
700043,32.6
700044,32.6
700045,32.6
700046,32.6
700047,32.6
700050,32.6
700052,32.6
700053,32.6
700054,32.6
700060,32.6
700061,32.6
700062,32.6
700063,32.6
700065,32.6
700066,32.6
700067,32.6
700068,32.6
700069,32.6
700071,32.6
700072,32.6
700073,32.6
700074,32.6
700075,32.6
700077,32.6
700078,32.6
700080,32.6
700082,32.6
700085,32.6
700086,32.6
700087,32.6
700088,32.6
700089,32.6
700090,32.6
700092,32.6
700094,32.6
700095,32.6
700099,32.6
700107,32.6
700108,32.6
711101,32.6
711102,32.6
711103,32.6
711104,32.6
711105,32.6
711106,32.6
711107,32.6
711108,32.6
711109,32.6
711110,32.6
711111,32.6
711112,32.6
711113,32.6
711114,32.6
711201,32.6
711202,32.6
711203,32.6
711204,32.6
711205,32.6
711225,32.6
711226,32.6
711227,32.6
711301,32.6
711302,32.6
711303,32.6
711304,32.6
711305,32.6
711306,32.6
711307,32.6
711308,32.6
711309,32.6
711310,32.6
711312,32.6
711313,32.6
711314,32.6
711315,32.6
711316,32.6
711317,32.6
711322,32.6
711401,32.6
711403,32.6
711404,32.6
711405,32.6
711408,32.6
711409,32.6
711410,32.6
711411,32.6
711412,32.6
711413,32.6
711414,32.6
713150,32.6
713513,32.6
713514,32.6
713519,32.6
722101,32.6
722102,32.6
722121,32.6
722122,32.6
722132,32.6
722133,32.6
722134,32.6
722135,32.6
722136,32.6
722137,32.6
722138,32.6
722139,32.6
722140,32.6
722141,32.6
722142,32.6
722143,32.6
722144,32.6
722146,32.6
722147,32.6
722148,32.6
722149,32.6
722150,32.6
722151,32.6
722152,32.6
722153,32.6
722154,32.6
722155,32.6
722156,32.6
722157,32.6
722158,32.6
722160,32.6
722161,32.6
722162,32.6
722164,32.6
722173,32.6
722183,32.6
722201,32.6
722202,32.6
722203,32.6
722204,32.6
722205,32.6
722206,32.6
722207,32.6
722208,32.6
723102,32.6
723103,32.6
723104,32.6
723121,32.6
723126,32.6
723127,32.6
723128,32.6
723129,32.6
723130,32.6
723131,32.6
723132,32.6
723133,32.6
723142,32.6
723143,32.6
723145,32.6
723146,32.6
723147,32.6
723148,32.6
723149,32.6
723151,32.6
723152,32.6
723153,32.6
723154,32.6
723155,32.6
723156,32.6
723201,32.6
723202,32.6
723212,32.6
723213,32.6
723215,32.6
731101,32.6
731102,32.6
731103,32.6
731104,32.6
731121,32.6
731123,32.6
731124,32.6
731125,32.6
731126,32.6
731127,32.6
731129,32.6
731130,32.6
731132,32.6
731133,32.6
731201,32.6
731202,32.6
731204,32.6
731214,32.6
731215,32.6
731219,32.6
731220,32.6
731221,32.6
731222,32.6
731223,32.6
731224,32.6
731233,32.6
731234,32.6
731235,32.6
731236,32.6
731237,32.6
731238,32.6
731240,32.6
731241,32.6
731242,32.6
731243,32.6
731244,32.6
731245,32.6
731301,32.6
731302,32.6
731303,32.6
733101,32.6
733102,32.6
733103,32.6
733121,32.6
733125,32.6
733126,32.6
733127,32.6
733132,32.6
733133,32.6
733140,32.6
733141,32.6
733142,32.6
733145,32.6
733158,32.6
734001,32.6
734002,32.6
734003,32.6
734004,32.6
734005,32.6
734006,32.6
734007,32.6
734008,32.6
734009,32.6
734010,32.6
734011,32.6
734012,32.6
734013,32.6
734014,32.6
734015,32.6
734101,32.6
734102,32.6
734103,32.6
734104,32.6
734105,32.6
734201,32.6
734203,32.6
734213,32.6
734214,32.6
734215,32.6
734216,32.6
734217,32.6
734218,32.6
734220,32.6
734221,32.6
734222,32.6
734223,32.6
734224,32.6
734226,32.6
734301,32.6
734311,32.6
734312,32.6
734313,32.6
734314,32.6
734315,32.6
734316,32.6
734421,32.6
734423,32.6
734424,32.6
734426,32.6
734427,32.6
734429,32.6
734434,32.6
734501,32.6
734503,32.6
735101,32.6
735102,32.6
735121,32.6
735132,32.6
735133,32.6
735134,32.6
735135,32.6
735202,32.6
735203,32.6
735204,32.6
735205,32.6
735206,32.6
735207,32.6
735208,32.6
735209,32.6
735210,32.6
735211,32.6
735212,32.6
735213,32.6
735214,32.6
735215,32.6
735216,32.6
735217,32.6
735218,32.6
735219,32.6
735220,32.6
735221,32.6
735222,32.6
735223,32.6
735224,32.6
735225,32.6
735226,32.6
735227,32.6
735228,32.6
735229,32.6
735230,32.6
735231,32.6
735232,32.6
735233,32.6
735234,32.6
735305,32.6
736121,32.6
736122,32.6
736123,32.6
736182,32.6
736201,32.6
736202,32.6
736203,32.6
736204,32.6
736205,32.6
736206,32.6
736207,32.6
736208,32.6
737102,32.6
737103,32.6
737106,32.6
737107,32.6
737111,32.6
737113,32.6
737116,32.6
737121,32.6
737126,32.6
737128,32.6
737131,32.6
737132,32.6
737133,32.6
737134,32.6
737135,32.6
737136,32.6
741101,32.6
741102,32.6
741103,32.6
741121,32.6
741122,32.6
741124,32.6
741125,32.6
741126,32.6
741127,32.6
741137,32.6
741138,32.6
741139,32.6
741140,32.6
741150,32.6
741151,32.6
741152,32.6
741153,32.6
741154,32.6
741155,32.6
741156,32.6
741157,32.6
741158,32.6
741159,32.6
741160,32.6
741161,32.6
741162,32.6
741163,32.6
741164,32.6
741165,32.6
741166,32.6
741167,32.6
741181,32.6
741201,32.6
741202,32.6
741221,32.6
741222,32.6
741223,32.6
741232,32.6
741234,32.6
741235,32.6
741238,32.6
741245,32.6
741246,32.6
741247,32.6
741248,32.6
741249,32.6
741250,32.6
741251,32.6
741252,32.6
741253,32.6
741254,32.6
741255,32.6
741256,32.6
741257,32.6
741301,32.6
741302,32.6
741313,32.6
741315,32.6
741316,32.6
741317,32.6
741319,32.6
741401,32.6
741402,32.6
741404,32.6
741501,32.6
741502,32.6
741503,32.6
741504,32.6
741505,32.6
741506,32.6
741507,32.6
741508,32.6
741509,32.6
742101,32.6
742102,32.6
742103,32.6
742104,32.6
742113,32.6
742121,32.6
742122,32.6
742123,32.6
742132,32.6
742133,32.6
742134,32.6
742135,32.6
742136,32.6
742137,32.6
742138,32.6
742140,32.6
742147,32.6
742148,32.6
742149,32.6
742151,32.6
742159,32.6
742160,32.6
742161,32.6
742163,32.6
742164,32.6
742165,32.6
742166,32.6
742168,32.6
742174,32.6
742175,32.6
742184,32.6
742187,32.6
742189,32.6
742201,32.6
742202,32.6
742212,32.6
742213,32.6
742223,32.6
742224,32.6
742225,32.6
742226,32.6
742227,32.6
742235,32.6
742236,32.6
742237,32.6
742238,32.6
742301,32.6
742302,32.6
742303,32.6
742304,32.6
742305,32.6
742306,32.6
742308,32.6
742401,32.6
742402,32.6
742404,32.6
742405,32.6
742406,32.6
742407,32.6
742408,32.6
742409,32.6
230001,28.0
230002,28.0
230121,28.0
230124,28.0
230125,28.0
230126,28.0
230127,28.0
230128,28.0
230129,28.0
230130,28.0
230131,28.0
230132,28.0
230133,28.0
230134,28.0
230135,28.0
230136,28.0
230137,28.0
230138,28.0
230139,28.0
230141,28.0
230142,28.0
230143,28.0
230144,28.0
230201,28.0
230202,28.0
230204,28.0
230301,28.0
230302,28.0
230304,28.0
230306,28.0
230401,28.0
230402,28.0
230403,28.0
230404,28.0
230405,28.0
230501,28.0
230502,28.0
230503,28.0
231001,28.0
231205,28.0
231206,28.0
231207,28.0
231208,28.0
231209,28.0
231210,28.0
231211,28.0
231212,28.0
231213,28.0
231215,28.0
231216,28.0
231217,28.0
231218,28.0
231219,28.0
231220,28.0
231221,28.0
231222,28.0
231223,28.0
231224,28.0
231225,28.0
231226,28.0
231301,28.0
231302,28.0
231303,28.0
231304,28.0
231305,28.0
231306,28.0
231307,28.0
231309,28.0
231311,28.0
231312,28.0
231313,28.0
231314,28.0
231501,28.0
232101,28.0
232102,28.0
232103,28.0
232104,28.0
232105,28.0
232106,28.0
232107,28.0
232108,28.0
232109,28.0
232110,28.0
232111,28.0
232118,28.0
232120,28.0
232325,28.0
232326,28.0
232327,28.0
232328,28.0
232329,28.0
232330,28.0
232331,28.0
232332,28.0
232333,28.0
232336,28.0
232339,28.0
232340,28.0
233002,28.0
233221,28.0
233222,28.0
233223,28.0
233224,28.0
233225,28.0
233226,28.0
233227,28.0
233228,28.0
233229,28.0
233230,28.0
233231,28.0
233232,28.0
233233,28.0
233300,28.0
233301,28.0
233302,28.0
233303,28.0
233304,28.0
233305,28.0
233306,28.0
233307,28.0
233310,28.0
233311,28.0
790001,28.0
790002,28.0
790003,28.0
790101,28.0
790103,28.0
790104,28.0
790106,28.0
790114,28.0
791003,28.0
791101,28.0
791102,28.0
791103,28.0
791105,28.0
791109,28.0
791110,28.0
791111,28.0
791112,28.0
791113,28.0
791121,28.0
791123,28.0
791125,28.0
792056,28.0
792102,28.0
792103,28.0
792104,28.0
792105,28.0
792111,28.0
792120,28.0
792121,28.0
792122,28.0
792129,28.0
792131,28.0
793001,28.0
793002,28.0
793003,28.0
793004,28.0
793005,28.0
793006,28.0
793007,28.0
793008,28.0
793009,28.0
793010,28.0
793011,28.0
793012,28.0
793014,28.0
793015,28.0
793016,28.0
793017,28.0
793018,28.0
793019,28.0
793021,28.0
793022,28.0
793104,28.0
793106,28.0
793107,28.0
793108,28.0
793109,28.0
793110,28.0
793112,28.0
793113,28.0
793114,28.0
793115,28.0
793120,28.0
793121,28.0
793150,28.0
793160,28.0
793200,28.0
793210,28.0
794001,28.0
794002,28.0
794005,28.0
794101,28.0
794103,28.0
794104,28.0
794105,28.0
794106,28.0
794107,28.0
794108,28.0
794109,28.0
794110,28.0
794112,28.0
794114,28.0
794115,28.0
795001,28.0
795002,28.0
795003,28.0
795004,28.0
795005,28.0
795007,28.0
795008,28.0
795009,28.0
795015,28.0
795101,28.0
795103,28.0
795104,28.0
795106,28.0
795107,28.0
795112,28.0
795114,28.0
795115,28.0
795116,28.0
795117,28.0
795118,28.0
795122,28.0
795124,28.0
795126,28.0
795127,28.0
795128,28.0
795129,28.0
795130,28.0
795131,28.0
795132,28.0
795133,28.0
795134,28.0
795135,28.0
795136,28.0
795138,28.0
795139,28.0
795140,28.0
795142,28.0
795144,28.0
795145,28.0
795146,28.0
795148,28.0
795149,28.0
795150,28.0
796001,28.0
796004,28.0
796005,28.0
796007,28.0
796008,28.0
796009,28.0
796012,28.0
796014,28.0
796017,28.0
796070,28.0
796081,28.0
796091,28.0
796101,28.0
796111,28.0
796161,28.0
796181,28.0
796184,28.0
796186,28.0
796190,28.0
796261,28.0
796290,28.0
796310,28.0
796320,28.0
796370,28.0
796421,28.0
796571,28.0
796691,28.0
796701,28.0
796751,28.0
796770,28.0
796891,28.0
796901,28.0
797001,28.0
797002,28.0
797003,28.0
797099,28.0
797101,28.0
797103,28.0
797104,28.0
797105,28.0
797106,28.0
797107,28.0
797108,28.0
797109,28.0
797110,28.0
797111,28.0
797113,28.0
797114,28.0
797115,28.0
797116,28.0
797117,28.0
797118,28.0
797120,28.0
798601,28.0
798602,28.0
798603,28.0
798604,28.0
798612,28.0
798613,28.0
798614,28.0
798615,28.0
798618,28.0
798622,28.0
798623,28.0
798626,28.0
799002,28.0
799003,28.0
799004,28.0
799005,28.0
799006,28.0
799007,28.0
799008,28.0
799009,28.0
799010,28.0
799012,28.0
799013,28.0
799014,28.0
799015,28.0
799022,28.0
799035,28.0
799045,28.0
799046,28.0
799101,28.0
799102,28.0
799103,28.0
799104,28.0
799105,28.0
799114,28.0
799115,28.0
799120,28.0
799125,28.0
799130,28.0
799131,28.0
799141,28.0
799142,28.0
799143,28.0
799144,28.0
799145,28.0
799150,28.0
799153,28.0
799155,28.0
799156,28.0
799157,28.0
799201,28.0
799202,28.0
799203,28.0
799204,28.0
799205,28.0
799207,28.0
799210,28.0
799211,28.0
799212,28.0
799250,28.0
799251,28.0
799253,28.0
799254,28.0
799256,28.0
799260,28.0
799261,28.0
799262,28.0
799263,28.0
799264,28.0
799266,28.0
799269,28.0
799270,28.0
799271,28.0
799275,28.0
799277,28.0
799278,28.0
799279,28.0
799280,28.0
799281,28.0
799284,28.0
799285,28.0
799286,28.0
799287,28.0
799288,28.0
799289,28.0
799290,28.0
391400,18.6
300101,15.8
303122,15.8
