pincode,name
110003,Golf Links / Lodhi
110057,Vasant Vihar
110021,Chanakyapuri
110024,Defence Colony / Lajpat
110048,Greater Kailash
110016,Hauz Khas
110017,Saket / Malviya Nagar
110070,Vasant Kunj
110034,Pitampura
110092,Preet Vihar
110059,Uttam Nagar
110093,Shahdara/Nand Nagri
110040,Narela
201301,Noida Sec 18-27
400021,Cuffe Parade
400049,Bandra West
400005,Colaba
400051,Khar West
400053,Santacruz West
400059,Andheri West
400068,Powai
400050,Bandra East
400071,Chembur
400070,Ghatkopar
400063,Malad West
400086,Borivali West
560025,Indiranagar
560027,Koramangala
560001,MG Road / Cubbon Pk
560099,Bellandur
560034,Whitefield
560017,HSR Layout
560076,Malleshwaram
560037,Marathahalli
560011,Jayanagar
560068,Vijayanagar
560085,Banashankari
560035,Electronic City
110001,Connaught Place
110006,Chandni Chowk
110009,Model Town
110026,Punjabi Bagh
110058,Janakpuri
110075,Dwarka
110085,Rohini
110091,Mayur Vihar Phase 1
110032,Vivek Vihar
122002,Gurgaon City
122022,Gurgaon Golf Course Rd
400006,Malabar Hill
400013,Lower Parel
400018,Worli
400028,Dadar West
400054,Vile Parle West
400060,Juhu
400062,Goregaon West
400097,Malad East
400074,Chembur East
400080,Mulund West
400614,Vashi
400708,Airoli
560002,Shivajinagar
560003,Chamrajpet
560004,Rajajinagar
560008,Ulsoor
560029,Basavanagudi
560032,RT Nagar
560047,Hebbal
560064,Yelahanka
560066,Brookefield
560078,JP Nagar
560103,Sarjapur Road
400001,Fort Mumbai
251001,Muzaffarnagar
141001,Ludhiana City
410500,Chakan
412216,412216
411001,Pune Camp / GPO
411004,Deccan Gymkhana
411014,Kalyani Nagar
440001,Nagpur Sadar / Civil Lines
440010,Ramdaspeth
440015,Trimurti Nagar
422009,College Road / Gangapur Road
422001,Nashik City Center
422003,Panchavati
431001,Aurangabad City Center (Kranti Chowk)
431005,Osmanpura / Garkheda
431003,CIDCO Aurangabad
416001,Kolhapur City Center
416008,Rajarampuri
416115,Ichalkaranji
413001,Solapur City Center
413002,Solapur Railway Lines
413304,Pandharpur
444601,Amravati City Center
444602,Amravati Camp
444906,Warud
431601,Nanded Vazirabad
431605,Nanded CIDCO / Taroda
431602,Nanded Shivaji Nagar
123412,Tankri
123106,Dharuhera
301705,Kanhawas
301704,Adeend
123501,Bawal
301708,Nangli Balai
201303,Hazipur
301714,Bhojpuri
400201,Kopar
400603,Veer Sawarkar Nagar
400605,Reti Bandar
400607,Kolshet
400612,Anjur
400615,Bhayander Pada
401209,Waliv
410210,410210
421302,Khoni
421312,Budhavali
421503,Manjarli
421604,Vasind
203200,"Gautam Buddha Nagar, Uttar Pradesh · 203200"
160018,"Chandigarh District, Chandigarh · 160018"
122001,"Gurgaon, Haryana · 122001"
737101,"East District, Sikkim · 737101"
737120,"North District, Sikkim · 737120"
121001,"Faridabad, Haryana · 121001"
560012,"Bangalore, Karnataka · 560012"
400087,"Mumbai Suburban, Maharashtra"
737139,"South District, Sikkim · 737139"
110074,"South, Delhi · 110074"
695543,"Thiruvananthapuram, Kerala · 695543"
110081,"West, Delhi · 110081"
643001,"The Nilgiris, Tamil Nadu · 643001"
683541,"Ernakulam, Kerala · 683541"
744207,"South Andaman, Andaman &Nicobar"
D254564,"Panchkula, Haryana · D254564"
D976610,"Chennai, Tamil Nadu · D976610"
791001,"West Siang, Arunachal Pradesh · 791001"
110094,"North East, Delhi"
631501,"Kancheepuram, Tamil Nadu"
638506,"Erode, Tamil Nadu · 638506"
D792405,"Coimbatore, Tamil Nadu · D792405"
403529,"North Goa, Goa · 403529"
782423,"Kamrup Metropolitan, Assam"
791119,"Papum Pare, Arunachal Pradesh · 791119"
110004,"New Delhi, Delhi"
689699,"Pathanamthitta, Kerala · 689699"
686564,"Kottayam, Kerala · 686564"
403103,"South Goa, Goa · 403103"
411089,"Pune, Maharashtra · 411089"
680014,"Thrissur, Kerala · 680014"
790116,"West Kameng, Arunachal Pradesh · 790116"
688501,"Alappuzha, Kerala · 688501"
171207,"Shimla, Himachal Pradesh · 171207"
110054,"Central, Delhi · 110054"
685512,"Idukki, Kerala · 685512"
140306,"Sahibzada Ajit Singh Nagar, Punjab"
605005,"Puducherry, Puducherry"
638656,"Tiruppur, Tamil Nadu"
796082,"Kolasib, Mizoram · 796082"
691315,"Kollam, Kerala · 691315"
452001,"Indore, Madhya Pradesh · 452001"
700019,"Kolkata, West Bengal · 700019"
629853,"Kanniyakumari, Tamil Nadu"
302001,"Jaipur, Rajasthan · 302001"
636014,"Salem, Tamil Nadu · 636014"
D160859,"Aizawl, Mizoram · D160859"
301406,"Alwar, Rajasthan · 301406"
D629207,"Lunglei, Mizoram · D629207"
D701545,"Munger, Bihar · D701545"
D324734,"Karauli, Rajasthan · D324734"
122052,Industrial Modern Township Manesar
122506,Sector 97
122505,Sector 95
122102,122102
123502,Dohki
122011,Sector 59
123110,Devlavas
301713,Nimbhor (Nimhor)
122051,Gurgaon
301701,Behror Tehsil · 301701
301020,301020
123023,123023
110043,Najafgarh
123001,Patikara
301709,Behror Tehsil · 301709
333036,333036
332746,Dhani Sihodiyan
303108,Jagdishpura
625005,"Madurai, Tamil Nadu · 625005"
796911,"Saiha, Mizoram · 796911"
248159,"Dehradun, Uttarakand"
176041,"Hamirpur, Himachal Pradesh"
637003,"Namakkal, Tamil Nadu · 637003"
144601,"Kapurthala, Punjab · 144601"
383205,"Ahmadabad, Gujarat"
D226277,"Serchhip, Mizoram · D226277"
791122,"Upper Subansiri, Arunachal Pradesh"
799001,"West Tripura, Tripura · 799001"
744202,"North  & Middle Andaman, Andaman &Nicobar"
D653477,"Solan, Himachal Pradesh · D653477"
530028,"Visakhapatnam, Andhra Pradesh · 530028"
D648773,"Surat, Gujarat · D648773"
127029,"Bhiwani, Haryana · 127029"
601103,"Thiruvallur, Tamil Nadu"
609604,"Karaikal, Puducherry"
D681670,"Mokokchung, Nagaland · D681670"
410206,"Raigarh, Maharashtra"
574220,"Dakshina Kannada, Karnataka · 574220"
790105,"Tawang, Arunachal Pradesh · 790105"
141116,"Ludhiana, Punjab · 141116"
388400,"Anand, Gujarat · 388400"
387335,"Kheda, Gujarat · 387335"
570001,"Mysore, Karnataka · 570001"
360001,360001
400702,Uran
401301,Kaman
421201,Dombivli East
201314,Beel Akbarpur
201312,Murshadpur
210310,Sector 20
201306,Surajpur
121101,Chirsi
201001,Ghaziabad
201308,Knowledge Park III
203207,203207
245408,Gulavthi
201003,201003
203202,Bilaspur
203205,Sanwli
110020,Jhatta
201009,Masuri
201008,201008
121004,Sector 57
335526,5 GGR
335525,Ramzanpura
335512,Satipura
122004,Sector 77
282007,Sikandra
283105,Mahaur
282010,Shahganj
280001,280001
281302,Bisawar
122008,Sector 63
282009,Karaundhana
283122,Kiraoli
283119,283119
402004,Balkeshwar
283125,Shamsabad
283202,Etmadpur
282001,282001
440021,"Nagpur, Maharashtra · 440021"
D212378,"Sirsa, Haryana · D212378"
D862485,"East Khasi Hills, Meghalaya · D862485"
304001,"Tonk, Rajasthan · 304001"
D989489,"Nainital, Uttarakand"
D171306,"Lawngtlai, Mizoram · D171306"
791120,"Lower Subansiri, Arunachal Pradesh"
D905581,"Rajkot, Gujarat · D905581"
792110,"Lower Dibang Valley, Arunachal Pradesh"
673574,"Kozhikode, Kerala · 673574"
625520,"Theni, Tamil Nadu · 625520"
174316,"Una, Himachal Pradesh · 174316"
583103,"Bellary, Karnataka · 583103"
249401,"Haridwar, Uttarakand"
577101,"Chikmagalur, Karnataka"
D963453,"Jharsuguda, Odisha · D963453"
182202,"Doda, Jammu And Kashmir"
D734356,"Sambalpur, Odisha · D734356"
521156,"Krishna, Andhra Pradesh · 521156"
342001,"Jodhpur, Rajasthan · 342001"
797004,"Kohima, Nagaland · 797004"
D939856,"Nagaur, Rajasthan · D939856"
192129,"Anantnag, Jammu And Kashmir"
123500,Fauladpur
301401,Silgaon
301407,Mandawar
124001,Tilak Nagar
124021,Baliana
124029,Baland
124401,124401
124022,124022
124505,Loharheri
124514,Titoli
124107,Dighal
301707,Mirchooni
301702,Gangapuri
123200,Kushal Pura
127201,Sham Kalyan
123308,Badhra
333029,Kasni
331305,Gudan
124010,Sunari Khurd
136118,Chander Bhanpur
416211,"Kolhapur, Maharashtra · 416211"
D958603,"Chamarajanagar, Karnataka"
172116,"Kinnaur, Himachal Pradesh · 172116"
D458966,"Lakshadweep, Lakshadweep · D458966"
790102,"East Kameng, Arunachal Pradesh · 790102"
562130,"Bangalore Rural, Karnataka · 562130"
D118911,"Bilaspur, Himachal Pradesh"
792001,"Lohit, Arunachal Pradesh · 792001"
D939729,"Thane, Maharashtra · D939729"
144001,"Jalandhar, Punjab · 144001"
797112,"Dimapur, Nagaland · 797112"
678642,"Palakkad, Kerala · 678642"
712306,"Haora, West Bengal · 712306"
D632781,"Udhampur, Jammu And Kashmir"
143518,"Gurdaspur, Punjab · 143518"
152004,"Firozpur, Punjab · 152004"
D692292,"Ukhrul, Manipur · D692292"
627502,"Tirunelveli, Tamil Nadu · 627502"
D371822,"South Tripura, Tripura · D371822"
144208,"Hoshiarpur, Punjab · 144208"
391760,"Vadodara, Gujarat · 391760"
180017,"Jammu, Jammu And Kashmir"
635116,"Krishnagiri, Tamil Nadu · 635116"
D832760,"Chittoor, Andhra Pradesh · D832760"
D155696,"Mahabubnagar, Telangana"
791118,"Kurung Kumey, Arunachal Pradesh"
533309,"West Godavari, Andhra Pradesh · 533309"
362520,"Diu, Daman  & Diu"
522307,"Guntur, Andhra Pradesh · 522307"
833219,"Saraikela-Kharsawan, Jharkhand"
676121,"Malappuram, Kerala · 676121"
752020,"Khordha, Odisha"
500104,"Rangareddy, Telangana"
133104,"Ambala, Haryana · 133104"
D731829,"Tiruchirappalli, Tamil Nadu · D731829"
D591824,"Ananthapur, Andhra Pradesh · D591824"
508377,"Nalgonda, Telangana · 508377"
770011,"Sundargarh, Odisha"
142001,"Moga, Punjab · 142001"
623700,"Ramanathapuram, Tamil Nadu · 623700"
670593,"Kannur, Kerala · 670593"
791002,"Upper Siang, Arunachal Pradesh · 791002"
D840134,"Amritsar, Punjab · D840134"
796321,"Champhai, Mizoram · 796321"
D450640,"Bathinda, Punjab · D450640"
D794154,"Shimoga, Karnataka · D794154"
632010,"Vellore, Tamil Nadu · 632010"
122104,"Mewat, Haryana"
D745712,"Kishtwar, Jammu And Kashmir"
D524797,"Porbandar, Gujarat · D524797"
798611,"Kiphire, Nagaland"
176002,"Kangra, Himachal Pradesh · 176002"
D706630,"Palwal, Haryana"
D910402,"Kasaragod, Kerala"
201206,"Ghaziabad, Uttar Pradesh · 201206"
798616,"Tuensang, Nagaland · 798616"
D750446,"Mamit, Mizoram"
D237982,"Peren, Nagaland · D237982"
250001,"Meerut, Uttar Pradesh · 250001"
D534240,"Durg, Chhattisgarh"
333001,"Jhunjhununu, Rajasthan"
382620,"Gandhinagar, Gujarat"
562104,"Chikkaballapura, Karnataka"
828109,"Dhanbad, Jharkhand · 828109"
246488,"Garhwal, Uttarakand"
624622,"Dindigul, Tamil Nadu · 624622"
175021,"Mandi, Himachal Pradesh · 175021"
D549883,"Mandya, Karnataka · D549883"
D285577,"Pulwama, Jammu And Kashmir"
D474943,"Satara, Maharashtra · D474943"
523262,"Prakasam, Andhra Pradesh · 523262"
152026,"Muktsar, Punjab · 152026"
D794663,"Bhilwara, Rajasthan · D794663"
580020,"Dharwad, Karnataka · 580020"
140118,"Rupnagar, Punjab · 140118"
563126,"Kolar, Karnataka · 563126"
534350,"East Godavari, Andhra Pradesh · 534350"
734431,"Darjiling, West Bengal · 734431"
573118,"Hassan, Karnataka · 573118"
D363985,"Osmanabad, Maharashtra · D363985"
506331,"Warangal, Telangana · 506331"
325203,"Kota, Rajasthan · 325203"
D470467,"Bhopal, Madhya Pradesh · D470467"
451440,"West Nimar, Madhya Pradesh · 451440"
D726977,"Sonipat, Haryana · D726977"
D846953,"Churu, Rajasthan · D846953"
D552582,"Sangrur, Punjab · D552582"
D140377,"Kurukshetra, Haryana · D140377"
576124,"Udupi, Karnataka · 576124"
D272288,"Jaisalmer, Rajasthan · D272288"
140407,"Fatehgarh Sahib, Punjab · 140407"
142023,"Panipat, Haryana · 142023"
151209,"Faridkot, Punjab · 151209"
507167,"Khammam, Telangana · 507167"
D838687,"Ratnagiri, Maharashtra · D838687"
226001,"Lucknow, Uttar Pradesh · 226001"
795113,"Imphal West, Manipur · 795113"
797102,"Phek, Nagaland · 797102"
151503,"Mansa, Punjab · 151503"
799273,"Dhalai, Tripura · 799273"
791104,"East Siang, Arunachal Pradesh · 791104"
D848859,"Virudhunagar, Tamil Nadu · D848859"
D436336,"Valsad, Gujarat · D436336"
D649886,"Chitradurga, Karnataka · D649886"
D997922,"Latur, Maharashtra · D997922"
586127,"Bijapur, Karnataka · 586127"
D782262,"Vizianagaram, Andhra Pradesh · D782262"
D501306,"Uttara Kannada, Karnataka · D501306"
628001,"Thoothukkudi, Tamil Nadu"
D823806,"Karnal, Haryana · D823806"
D832430,"North Tripura, Tripura · D832430"
D525821,"Srikakulam, Andhra Pradesh · D525821"
416314,"Sangli, Maharashtra · 416314"
D447102,"Pithoragarh, Uttarakand"
D871865,"Kadapa, Andhra Pradesh"
D609641,"Wokha, Nagaland · D609641"
572128,"Tumkur, Karnataka · 572128"
190001,"Srinagar, Jammu And Kashmir"
D582880,"Karur, Tamil Nadu · D582880"
571201,"Kodagu, Karnataka · 571201"
D853564,"Jamnagar, Gujarat · D853564"
792123,"Changlang, Arunachal Pradesh · 792123"
D213047,"Chhindwara, Madhya Pradesh · D213047"
636700,"Dharmapuri, Tamil Nadu · 636700"
263654,"Almora, Uttarakand"
332041,"Sikar, Rajasthan · 332041"
562159,"Ramanagara, Karnataka"
D877003,"Shahid Bhagat, Punjab"
505469,"Karimnagar, Telangana"
392140,"Bharuch, Gujarat · 392140"
621804,"Ariyalur, Tamil Nadu · 621804"
604302,"Viluppuram, Tamil Nadu"
798625,"Longleng, Nagaland"
D850617,"Zunheboto, Nagaland"
524311,"Nellore, Andhra Pradesh · 524311"
785634,"Jorhat, Assam · 785634"
613904,"Thanjavur, Tamil Nadu · 613904"
670721,"Wayanad, Kerala · 670721"
D965985,"Fatehabad, Haryana · D965985"
416603,"Sindhudurg, Maharashtra · 416603"
370427,"Kachchh, Gujarat · 370427"
614712,"Nagapattinam, Tamil Nadu · 614712"
630556,"Sivaganga, Tamil Nadu · 630556"
143415,"Tarn Taran, Punjab · 143415"
263145,"Udham Singh Nagar, Uttarakand"
313702,"Udaipur, Rajasthan · 313702"
208012,"Kanpur Nagar, Uttar Pradesh · 208012"
D483105,"Harda, Madhya Pradesh · D483105"
383315,"Sabar Kantha, Gujarat"
173023,"Sirmaur, Himachal Pradesh · 173023"
D629957,"Kulgam, Jammu And Kashmir"
305600,"Ajmer, Rajasthan · 305600"
362260,"Junagadh, Gujarat · 362260"
518465,"Kurnool, Andhra Pradesh · 518465"
D966900,"Nashik, Maharashtra · D966900"
785600,"Sivasagar, Assam"
786001,"Dibrugarh, Assam · 786001"
D248418,"Jhansi, Uttar Pradesh · D248418"
486896,"Singrauli, Madhya Pradesh · 486896"
D710636,"Wardha, Maharashtra · D710636"
D656917,"Bhavnagar, Gujarat · D656917"
431002,"Aurangabad, Maharashtra · 431002"
D808830,"Raipur, Chhattisgarh"
834010,"Ranchi, Jharkhand · 834010"
D754715,"Patiala, Punjab · D754715"
D888359,"Reasi, Jammu And Kashmir"
D629821,"Bharatpur, Rajasthan · D629821"
792130,"Tirap, Arunachal Pradesh · 792130"
D794573,"Kathua, Jammu And Kashmir"
D254856,"Gwalior, Madhya Pradesh · D254856"
614101,"Thiruvarur, Tamil Nadu"
D566928,"Burhanpur, Madhya Pradesh"
303506,"Dausa, Rajasthan · 303506"
396375,"Navsari, Gujarat · 396375"
124104,"Jhajjar, Haryana · 124104"
335803,"Ganganagar, Rajasthan · 335803"
D433744,"Anjaw, Arunachal Pradesh"
184121,"Samba, Jammu And Kashmir"
425116,"Jalgaon, Maharashtra · 425116"
795010,"Imphal East, Manipur · 795010"
D427457,"Chamoli, Uttarakand"
D344010,"Koppal, Karnataka · D344010"
786153,"Tinsukia, Assam · 786153"
D770954,"Gadchiroli, Maharashtra · D770954"
577544,"Davanagere, Karnataka"
D445699,"Hanumangarh, Rajasthan · D445699"
D890490,"Cuttack, Odisha · D890490"
D902798,"Tiruvannamalai, Tamil Nadu · D902798"
D958583,"Chamba, Himachal Pradesh · D958583"
281406,"Mathura, Uttar Pradesh · 281406"
D884563,"Champawat, Uttarakand"
D817915,"Jalor, Rajasthan · D817915"
414001,"Ahmadnagar, Maharashtra"
D340635,"Banas Kantha, Gujarat"
D717069,"Kullu, Himachal Pradesh · D717069"
500023,"Hyderabad District, Telangana · 500023"
126125,"Jind, Haryana · 126125"
247001,"Saharanpur, Uttar Pradesh · 247001"
D634761,"Hisar, Haryana · D634761"
284303,Moth
476221,Alapur
284306,Poonch
284302,Khadaini
285201,Ait
323601,Ishwarnagar
324001,324001
325001,Kaithoon
323301,323301
323600,Deolimachhiyan
124106,Matenhail
201102,Rameshwar Park
250101,250101
121005,Pali
500081,Gachibowli
121009,Badarpur
110045,Mahavir Enclave
110065,Lajpat Nagar
110041,Mundka
321023,Bhandara
321204,Jot Gaweti
334001,334001
321024,Chandoopura
334005,Ganesh Vihar
122508,122508
334401,Udai Ramsar
334402,Palana
334004,Choudhary Bhimsen Nagar
560057,560057
110047,Dera
110035,Saraswati Vihar Tehsil
412105,Alandi
412307,412307
411025,411025
410005,410005
412110,Bhosari
412308,412308
410505,Gulani
411072,Bavdhan
250002,Lisari
250004,Hasanpur
250205,محی الدین پور
250223,Sakoti
250005,Kithauli
250400,Mawana
245101,Hapur
250110,Modipuram
201204,201204
201305,Kakrala
245301,Dhaulana
250601,Meetli
476335,476335
476355,476355
476332,476332
562149,Bande Kodigehalli
560039,Bangarappa Nagara
560063,Akash Ward
560097,Singapura
562157,Timmasandra
561203,Dargajogihalli
562110,Shetterahalli
562129,Somattanahalli
560049,Jyotipura
562132,Isuvanahalli
560074,Kaniminike
562127,Pemmanahalli
560060,560060
561201,Matta
562120,Belagavadi
562123,Manchenahalli
562109,Muttarayanagudipalya
560083,Shanubhoganahalli
D395541,"North West, Delhi · D395541"
110053,"East, Delhi · 110053"
501511,Injapur
509218,509218
500005,Pahadi Sharif
501505,501505
500089,Narsingi
800081,Ward 107 Madhapur
500097,Jillelaguda
501301,Lalanguda
502319,Ramachandrapuram
501359,Mohabat Nagar
500101,Girmapur
501512,Umerkhanguda
D367866,"North, Delhi · D367866"
124507,Saulda
124504,Dulhera
122413,Mokalwas
201307,Mamura
201015,Nigrawati Nigrayti
110088,Shalimar Bagh
110029,Kidwai Nagar
123411,Kanwali
502269,Jagriyal
502246,Chilepalle
502257,Indur
502273,Almaipet
502345,Nagulpalle
122016,Kapashera
131023,Sewli
110096,110096
110073,Rawata Mor
124102,Gudha
122017,Sector 1
400027,Darukhana
410221,Somatne
410208,Valap
400010,Haji Malangwadi
410701,Shill Phata
421103,Maskal
421100,Padagha
410200,Kundevahal
410102,Prabalgad Machi
421003,Vitthalwadi
421102,Ambivali
D461093,"Balangir, Odisha · D461093"
D325346,"Dhule, Maharashtra · D325346"
D929596,"Barwani, Madhya Pradesh · D929596"
D944990,"Chittaurgarh, Rajasthan"
413302,"Solapur, Maharashtra · 413302"
D394763,"Patna, Bihar · D394763"
394670,"Tapi, Gujarat"
621115,"Perambalur, Tamil Nadu · 621115"
D312499,"Mahendragarh, Haryana · D312499"
D842180,"Ujjain, Madhya Pradesh · D842180"
246439,"Rudraprayag, Uttarakand"
785621,"Golaghat, Assam · 785621"
825402,"Hazaribagh, Jharkhand"
382711,"Mahesana, Gujarat · 382711"
D982573,"Dima Hasao, Assam"
761214,"Gajapati, Odisha · 761214"
D730512,"Raisen, Madhya Pradesh · D730512"
821115,"Rohtas, Bihar · 821115"
D145034,"Thoubal, Manipur · D145034"
606001,"Cuddalore, Tamil Nadu · 606001"
D706767,"Bargarh, Odisha · D706767"
D790955,"Bokaro, Jharkhand · D790955"
D559536,"Raichur, Karnataka · D559536"
D210640,"Rewa, Madhya Pradesh · D210640"
249131,"Tehri Garhwal, Uttarakand"
D697137,"Kaithal, Haryana · D697137"
D501341,"Bikaner, Rajasthan · D501341"
D211386,"Bishnupur, Manipur · D211386"
D525018,"Barmer, Rajasthan · D525018"
622506,"Pudukkottai, Tamil Nadu · 622506"
D819057,"Chandrapur, Maharashtra · D819057"
D890225,"Baghpat, Uttar Pradesh"
843108,"Muzaffarpur, Bihar · 843108"
795102,"Chandel, Manipur · 795102"
783383,"Bongaigaon, Assam · 783383"
844126,"Vaishali, Bihar · 844126"
D654726,"Akola, Maharashtra · D654726"
D580844,"Amravati, Maharashtra · D580844"
D940778,"Bhagalpur, Bihar · D940778"
D170869,"East Nimar, Madhya Pradesh · D170869"
582102,"Gadag, Karnataka · 582102"
D569194,"Satna, Madhya Pradesh · D569194"
211001,"Allahabad, Uttar Pradesh · 211001"
D301308,"Mainpuri, Uttar Pradesh · D301308"
D197112,"Uttarkashi, Uttarakand"
488051,"Panna, Madhya Pradesh · 488051"
431806,"Nanded, Maharashtra · 431806"
135103,"Yamunanagar, Haryana"
D331294,"Pali, Rajasthan · D331294"
D896586,"Yavatmal, Maharashtra · D896586"
794111,"East Garo Hills, Meghalaya · 794111"
202001,"Aligarh, Uttar Pradesh · 202001"
743438,"Hugli, West Bengal"
D968680,"Maldah, West Bengal"
D169177,"Datia, Madhya Pradesh · D169177"
D523472,"West Garo Hills, Meghalaya · D523472"
D836663,"Nalbari, Assam · D836663"
590001,"Belgaum, Karnataka · 590001"
D857972,"Ganderbal, Jammu And Kashmir"
D267452,"Dumka, Jharkhand · D267452"
D952324,"Bhind, Madhya Pradesh · D952324"
191132,"Badgam, Jammu And Kashmir"
D309783,"Sehore, Madhya Pradesh · D309783"
D370250,"Adilabad, Telangana · D370250"
788119,"Cachar, Assam · 788119"
767017,"Subarnapur, Odisha"
758001,"Kendujhar, Odisha · 758001"
851213,"Khagaria, Bihar · 851213"
D649160,"Ribhoi, Meghalaya"
D404179,"Shahdol, Madhya Pradesh · D404179"
D655706,"Jabalpur, Madhya Pradesh · D655706"
784125,"Darrang, Assam · 784125"
586101,"Bagalkot, Karnataka · 586101"
814114,"Deoghar, Jharkhand · 814114"
228141,"Sultanpur, Uttar Pradesh · 228141"
224188,"Faizabad, Uttar Pradesh · 224188"
825316,"Ramgarh, Jharkhand · 825316"
307001,"Sirohi, Rajasthan · 307001"
D556250,"Chirang, Assam"
845437,"Purba Champaran, Bihar · 845437"
841241,"Siwan, Bihar · 841241"
D191344,"Baleshwar, Odisha"
325218,"Baran, Rajasthan · 325218"
D728927,"Bahraich, Uttar Pradesh · D728927"
533464,"Yanam, Puducherry"
D690011,"Jalaun, Uttar Pradesh · D690011"
D163852,"Ratlam, Madhya Pradesh · D163852"
D959576,"Haveri, Karnataka · D959576"
813102,"Banka, Bihar · 813102"
D904225,"Surendranagar, Gujarat"
798621,"Mon, Nagaland · 798621"
D912916,"Medak, Telangana · D912916"
784505,"Sonitpur, Assam · 784505"
852221,"Saharsa, Bihar · 852221"
323001,"Bundi, Rajasthan · 323001"
841440,"Gopalganj, Bihar · 841440"
D146661,"Rajouri, Jammu And Kashmir"
322024,"Sawai Madhopur, Rajasthan · 322024"
328031,"Dhaulpur, Rajasthan · 328031"
854202,"Madhepura, Bihar · 854202"
742169,"Murshidabad, West Bengal · 742169"
246762,"Bijnor, Uttar Pradesh · 246762"
D532364,"Agra, Uttar Pradesh · D532364"
D837649,"Jalna, Maharashtra · D837649"
D809540,"Nizamabad, Telangana · D809540"
803109,"Sheikhpura, Bihar · 803109"
D797660,"Kanpur Dehat, Uttar Pradesh · D797660"
D576228,"Washim, Maharashtra · D576228"
D727621,"Senapati, Manipur · D727621"
244001,"Moradabad, Uttar Pradesh · 244001"
781137,"Kamrup, Assam · 781137"
D408343,"Ramban, Jammu And Kashmir"
326039,"Jhalawar, Rajasthan · 326039"
441804,"Bhandara, Maharashtra · 441804"
D340613,"Vidisha, Madhya Pradesh · D340613"
D130094,"Paschim Medinipur, West Bengal"
D469416,"Amreli, Gujarat · D469416"
731216,"Birbhum, West Bengal · 731216"
781300,"Barpeta, Assam · 781300"
185101,"Punch, Jammu And Kashmir"
D625702,"Hamirpur, Uttar Pradesh · D625702"
794102,"South Garo Hills, Meghalaya · 794102"
481102,"Balaghat, Madhya Pradesh · 481102"
D919044,"Pashchim Champaran, Bihar"
244221,"Jyotiba Phule Nagar, Uttar Pradesh · 244221"
443102,"Buldana, Maharashtra"
822123,"Palamu, Jharkhand"
D920456,"Mayurbhanj, Odisha · D920456"
795006,"Churachandpur, Manipur · 795006"
783362,"Goalpara, Assam · 783362"
D581407,"Supaul, Bihar · D581407"
793119,"West Khasi Hills, Meghalaya · 793119"
741123,"Nadia, West Bengal · 741123"
203001,"Bulandshahr, Uttar Pradesh · 203001"
273001,"Gorakhpur, Uttar Pradesh · 273001"
D147530,"Lakhisarai, Bihar · D147530"
487110,"Narsimhapur, Madhya Pradesh · 487110"
D951435,"Ballia, Uttar Pradesh · D951435"
458883,"Rajgarh, Madhya Pradesh · 458883"
851127,"Begusarai, Bihar · 851127"
243001,"Bareilly, Uttar Pradesh · 243001"
484330,"Anuppur, Madhya Pradesh · 484330"
D552859,"Rampur, Uttar Pradesh · D552859"
D415026,"Lakhimpur, Assam · D415026"
782141,"Nagaon, Assam · 782141"
782105,"Morigaon, Assam"
D516392,"Nayagarh, Odisha · D516392"
D988234,"Rajsamand, Rajasthan · D988234"
D466715,"Neemuch, Madhya Pradesh · D466715"
461005,"Hoshangabad, Madhya Pradesh · 461005"
D997854,"Basti, Uttar Pradesh · D997854"
787059,"Dhemaji, Assam · 787059"
781372,"Baksa, Assam"
D231483,"Rayagada, Odisha · D231483"
804420,"Jehanabad, Bihar · 804420"
783349,"Dhubri, Assam · 783349"
811314,"Jamui, Bihar · 811314"
221003,"Varanasi, Uttar Pradesh · 221003"
D419945,"Purnia, Bihar · D419945"
D335855,"Karimganj, Assam · D335855"
D280075,"Mandsaur, Madhya Pradesh · D280075"
385340,"Patan, Gujarat · 385340"
733124,"Dakshin Dinajpur, West Bengal · 733124"
455223,"Dewas, Madhya Pradesh · 455223"
793151,"Jaintia Hills, Meghalaya · 793151"
210421,"Mahoba, Uttar Pradesh · 210421"
735302,"Jalpaiguri, West Bengal · 735302"
389175,"Panch Mahals, Gujarat · 389175"
441807,"Gondiya, Maharashtra"
470001,"Sagar, Madhya Pradesh · 470001"
224227,"Mahamaya Nagar, Uttar Pradesh"
431122,"Bid, Maharashtra"
D763704,"Kheri, Uttar Pradesh · D763704"
783360,"Kokrajhar, Assam · 783360"
241001,"Hardoi, Uttar Pradesh · 241001"
496111,"Raigarh, Chhattisgarh"
759123,"Anugul, Odisha"
207001,"Etah, Uttar Pradesh · 207001"
752002,"Puri, Odisha · 752002"
D195091,"Sitapur, Uttar Pradesh · D195091"
D913218,"Firozabad, Uttar Pradesh · D913218"
847224,"Madhubani, Bihar · 847224"
D780233,"Dhar, Madhya Pradesh · D780233"
272192,"Siddharthnagar, Uttar Pradesh · 272192"
D563785,"Parbhani, Maharashtra · D563785"
D622904,"Bastar, Chhattisgarh"
D107542,"Hingoli, Maharashtra · D107542"
848505,"Katihar, Bihar · 848505"
193502,"Baramula, Jammu And Kashmir"
843314,"Sitamarhi, Bihar · 843314"
D688159,"Jagatsinghapur, Odisha · D688159"
D319295,"Garhwa, Jharkhand · D319295"
D579372,"Rajnandgaon, Chhattisgarh"
D711895,"Mau, Uttar Pradesh · D711895"
788161,"Hailakandi, Assam · 788161"
D214617,"Barddhaman, West Bengal"
D400421,"Jaunpur, Uttar Pradesh · D400421"
D903909,"Dhenkanal, Odisha · D903909"
755008,"Jajapur, Odisha · 755008"
D503810,"Sidhi, Madhya Pradesh · D503810"
824231,"Gaya, Bihar · 824231"
D189961,"Araria, Bihar · D189961"
D343352,"Koraput, Odisha · D343352"
D511120,"Sonbhadra, Uttar Pradesh · D511120"
212600,"Fatehpur, Uttar Pradesh · 212600"
821101,"Kaimur (Bhabua), Bihar · 821101"
284403,"Lalitpur, Uttar Pradesh · 284403"
D669852,"Lohardaga, Jharkhand · D669852"
D193421,"Kishanganj, Bihar · D193421"
D306068,"Guna, Madhya Pradesh · D306068"
D942323,"Kodarma, Jharkhand"
271003,"Gonda, Uttar Pradesh · 271003"
D417644,"Dungarpur, Rajasthan · D417644"
274001,"Deoria, Uttar Pradesh · 274001"
D428839,"Bhojpur, Bihar · D428839"
274305,"Kushinagar, Uttar Pradesh · 274305"
D515353,"Darbhanga, Bihar · D515353"
272175,"Sant Kabir Nagar, Uttar Pradesh · 272175"
193224,"Kupwara, Jammu And Kashmir"
843329,"Sheohar, Bihar"
493551,"Mahasamund, Chhattisgarh"
242307,"Shahjahanpur, Uttar Pradesh · 242307"
761111,"Ganjam, Odisha · 761111"
D334849,"Balrampur, Uttar Pradesh · D334849"
D728012,"Gulbarga, Karnataka · D728012"
D171615,"Latehar, Jharkhand · D171615"
497346,"Koriya, Chhattisgarh"
D121313,"Seoni, Madhya Pradesh · D121313"
D270808,"Katni, Madhya Pradesh · D270808"
848503,"Samastipur, Bihar · 848503"
D262167,"Kannauj, Uttar Pradesh · D262167"
D686330,"Narmada, Gujarat · D686330"
D269102,"Mahrajganj, Uttar Pradesh"
D469019,"Sheopur, Madhya Pradesh · D469019"
D851774,"Unnao, Uttar Pradesh · D851774"
D280408,"Azamgarh, Uttar Pradesh · D280408"
768109,"Debagarh, Odisha · 768109"
D516565,"Banswara, Rajasthan · D516565"
802136,"Buxar, Bihar · 802136"
465223,"Shajapur, Madhya Pradesh · 465223"
D502821,"Etawah, Uttar Pradesh · D502821"
D124782,"Khunti, Jharkhand"
224122,"Ambedkar Nagar, Uttar Pradesh · 224122"
495004,"Bilaspur, Chhattisgarh"
D505553,"Arwal, Bihar · D505553"
D841188,"Korba, Chhattisgarh"
D734014,"Karbi Anglong, Assam · D734014"
803120,"Nalanda, Bihar · 803120"
D853079,"Saran, Bihar · D853079"
815315,"Giridih, Jharkhand"
D211490,"Pratapgarh, Uttar Pradesh · D211490"
D806886,"Bidar, Karnataka · D806886"
229001,"Rae Bareli, Uttar Pradesh"
D350782,"Nawada, Bihar · D350782"
D148606,"Chitrakoot, Uttar Pradesh · D148606"
D693397,"Kalahandi, Odisha · D693397"
754215,"Kendrapara, Odisha · 754215"
425409,"Nandurbar, Maharashtra · 425409"
D559316,"Bandipore, Jammu And Kashmir"
D889929,"Damoh, Madhya Pradesh · D889929"
497116,"Surguja, Chhattisgarh"
D782578,"Farrukhabad, Uttar Pradesh · D782578"
262122,"Pilibhit, Uttar Pradesh · 262122"
222501,"Bara Banki, Uttar Pradesh"
D734885,"Umaria, Madhya Pradesh · D734885"
243633,"Budaun, Uttar Pradesh · 243633"
D815885,"Pratapgarh, Rajasthan"
D167300,"Dhamtari, Chhattisgarh"
D712176,"Banda, Uttar Pradesh · D712176"
231310,"Mirzapur, Uttar Pradesh · 231310"
D216230,"Sahibganj, Jharkhand · D216230"
D932553,"Kandhamal, Odisha · D932553"
233001,"Ghazipur, Uttar Pradesh · 233001"
D441711,"Chandauli, Uttar Pradesh · D441711"
814133,"Godda, Jharkhand · 814133"
460001,"Betul, Madhya Pradesh · 460001"
D492353,"Aurangabad, Bihar"
221201,"Sant Ravidas Nagar (Bhadohi), Uttar Pradesh · 221201"
D752523,"Chatra, Jharkhand · D752523"
D361537,"Auraiya, Uttar Pradesh · D361537"
394710,"The Dangs, Gujarat · 394710"
723101,"Puruliya, West Bengal · 723101"
D179875,"Ashoknagar, Madhya Pradesh"
D308156,"Kaushambi, Uttar Pradesh · D308156"
D521581,"Bhadrak, Odisha · D521581"
D267960,"Simdega, Jharkhand · D267960"
494661,"Narayanpur, Chhattisgarh"
D778644,"Bankura, West Bengal · D778644"
D263669,"Tikamgarh, Madhya Pradesh · D263669"
585323,"Yadgir, Karnataka · 585323"
D280374,"Chhatarpur, Madhya Pradesh · D280374"
D980667,"Uttar Bastar Kanker, Chhattisgarh"
496225,"Jashpur, Chhattisgarh"
D847522,"Jamtara, Jharkhand · D847522"
D740403,"Shivpuri, Madhya Pradesh · D740403"
762014,"Baudh, Odisha · 762014"
495668,"Janjgir - Champa, Chhattisgarh"
D898467,"Malkangiri, Odisha · D898467"
814111,"Pakur, Jharkhand · 814111"
D344259,"Alirajpur, Madhya Pradesh"
D680704,"Nuapada, Odisha · D680704"
D420466,"Dindori, Madhya Pradesh · D420466"
764073,"Nabarangapur, Odisha · 764073"
D529633,"Jhabua, Madhya Pradesh · D529633"
D573435,"Gumla, Jharkhand · D573435"
D577760,"Mandla, Madhya Pradesh · D577760"
110002,"Central, Delhi · 110002"
110005,"Central, Delhi · 110005"
110007,"North, Delhi · 110007"
110008,"Central, Delhi · 110008"
110010,"South West, Delhi · 110010"
110011,"Central, Delhi · 110011"
110012,"Central, Delhi · 110012"
110013,"South, Delhi · 110013"
110014,"South, Delhi · 110014"
110015,"West, Delhi · 110015"
110018,"West, Delhi · 110018"
110019,"South, Delhi · 110019"
110022,"South West, Delhi · 110022"
110023,"South West, Delhi · 110023"
110025,"South, Delhi · 110025"
110027,"West, Delhi · 110027"
110028,"South West, Delhi · 110028"
110030,"South West, Delhi · 110030"
110031,"East, Delhi · 110031"
110033,"North West, Delhi · 110033"
110036,"North West, Delhi · 110036"
110037,"South West, Delhi · 110037"
110038,"South West, Delhi · 110038"
110039,"North West, Delhi · 110039"
110042,"North West, Delhi · 110042"
110044,"South, Delhi · 110044"
110046,"South West, Delhi · 110046"
110049,"South, Delhi · 110049"
110051,"East, Delhi · 110051"
110052,"North West, Delhi · 110052"
110055,"Central, Delhi · 110055"
110056,"North West, Delhi · 110056"
110060,"Central, Delhi · 110060"
110061,"South West, Delhi · 110061"
110062,"South, Delhi · 110062"
110063,"West, Delhi · 110063"
110064,"West, Delhi · 110064"
110066,"South West, Delhi · 110066"
110067,"South West, Delhi · 110067"
110068,"South West, Delhi · 110068"
110071,"South West, Delhi · 110071"
110072,"South West, Delhi · 110072"
110076,"South, Delhi · 110076"
110077,"South West, Delhi · 110077"
110078,"South West, Delhi · 110078"
110080,"South, Delhi · 110080"
110082,"North West, Delhi · 110082"
110083,"North West, Delhi · 110083"
110084,"North, Delhi · 110084"
110086,"North West, Delhi · 110086"
110087,"West, Delhi · 110087"
110089,"North West, Delhi · 110089"
110090,"East, Delhi · 110090"
110095,"East, Delhi · 110095"
110097,"South West, Delhi · 110097"
121002,"Faridabad, Haryana · 121002"
121003,"Faridabad, Haryana · 121003"
121006,"Faridabad, Haryana · 121006"
121007,"Faridabad, Haryana · 121007"
121008,"Faridabad, Haryana · 121008"
121010,"Faridabad, Haryana · 121010"
121012,"Faridabad, Haryana · 121012"
121013,"Faridabad, Haryana · 121013"
121102,"Faridabad, Haryana · 121102"
121103,"Faridabad, Haryana · 121103"
121105,"Faridabad, Haryana · 121105"
121106,"Faridabad, Haryana · 121106"
121107,"Faridabad, Haryana · 121107"
122003,"Gurgaon, Haryana · 122003"
122005,"Gurgaon, Haryana · 122005"
122006,"Gurgaon, Haryana · 122006"
122007,"Gurgaon, Haryana · 122007"
122009,"Gurgaon, Haryana · 122009"
122015,"Gurgaon, Haryana · 122015"
122018,"Gurgaon, Haryana · 122018"
122101,"Gurgaon, Haryana · 122101"
122103,"Gurgaon, Haryana · 122103"
122105,"Gurgaon, Haryana · 122105"
122107,"Gurgaon, Haryana · 122107"
122108,"Gurgaon, Haryana · 122108"
122414,"Gurgaon, Haryana · 122414"
122502,"Gurgaon, Haryana · 122502"
122503,"Gurgaon, Haryana · 122503"
122504,"Gurgaon, Haryana · 122504"
123021,"Mahendragarh, Haryana · 123021"
123024,"Mahendragarh, Haryana · 123024"
123027,"Mahendragarh, Haryana · 123027"
123028,"Mahendragarh, Haryana · 123028"
123029,"Mahendragarh, Haryana · 123029"
123034,"Rewari, Haryana · 123034"
123035,"Rewari, Haryana · 123035"
123101,"Rewari, Haryana · 123101"
123102,"Rewari, Haryana · 123102"
123103,"Rewari, Haryana · 123103"
123301,"Rewari, Haryana · 123301"
123302,"Rewari, Haryana · 123302"
123303,"Mahendragarh, Haryana · 123303"
123401,"Rewari, Haryana · 123401"
124103,"Jhajjar, Haryana · 124103"
124105,"Jhajjar, Haryana · 124105"
124108,"Jhajjar, Haryana · 124108"
124109,"Jhajjar, Haryana · 124109"
124111,"Rohtak, Haryana · 124111"
124112,"Rohtak, Haryana · 124112"
124113,"Rohtak, Haryana · 124113"
124141,"Rohtak, Haryana · 124141"
124142,"Jhajjar, Haryana · 124142"
124146,"Jhajjar, Haryana · 124146"
124201,"Jhajjar, Haryana · 124201"
124202,"Jhajjar, Haryana · 124202"
124303,"Rohtak, Haryana · 124303"
124404,"Rohtak, Haryana · 124404"
124406,"Rohtak, Haryana · 124406"
124411,"Rohtak, Haryana · 124411"
124412,"Rohtak, Haryana · 124412"
124501,"Rohtak, Haryana · 124501"
124506,"Jhajjar, Haryana · 124506"
124508,"Jhajjar, Haryana · 124508"
124513,"Rohtak, Haryana · 124513"
125001,"Hisar, Haryana · 125001"
125004,"Hisar, Haryana · 125004"
125005,"Hisar, Haryana · 125005"
125006,"Hisar, Haryana · 125006"
125007,"Hisar, Haryana · 125007"
125011,"Hisar, Haryana · 125011"
125033,"Hisar, Haryana · 125033"
125037,"Hisar, Haryana · 125037"
125038,"Hisar, Haryana · 125038"
125039,"Hisar, Haryana · 125039"
125042,"Hisar, Haryana · 125042"
125044,"Hisar, Haryana · 125044"
125047,"Hisar, Haryana · 125047"
125048,"Fatehabad, Haryana · 125048"
125049,"Hisar, Haryana · 125049"
125050,"Fatehabad, Haryana · 125050"
125051,"Fatehabad, Haryana · 125051"
125052,"Hisar, Haryana · 125052"
125053,"Fatehabad, Haryana · 125053"
125054,"Sirsa, Haryana · 125054"
125055,"Sirsa, Haryana · 125055"
125056,"Sirsa, Haryana · 125056"
125058,"Sirsa, Haryana · 125058"
125060,"Sirsa, Haryana · 125060"
125075,"Sirsa, Haryana · 125075"
125076,"Sirsa, Haryana · 125076"
125077,"Sirsa, Haryana · 125077"
125078,"Sirsa, Haryana · 125078"
125101,"Sirsa, Haryana · 125101"
125102,"Sirsa, Haryana · 125102"
125103,"Sirsa, Haryana · 125103"
125104,"Sirsa, Haryana · 125104"
125106,"Fatehabad, Haryana · 125106"
125110,"Sirsa, Haryana · 125110"
125111,"Fatehabad, Haryana · 125111"
125112,"Hisar, Haryana · 125112"
125113,"Hisar, Haryana · 125113"
125120,"Fatehabad, Haryana · 125120"
125121,"Hisar, Haryana · 125121"
125133,"Fatehabad, Haryana · 125133"
125201,"Sirsa, Haryana · 125201"
126101,"Jind, Haryana · 126101"
126102,"Jind, Haryana · 126102"
126110,"Jind, Haryana · 126110"
126111,"Jind, Haryana · 126111"
126112,"Jind, Haryana · 126112"
126113,"Jind, Haryana · 126113"
126114,"Jind, Haryana · 126114"
126115,"Jind, Haryana · 126115"
126116,"Jind, Haryana · 126116"
126152,"Jind, Haryana · 126152"
127021,"Bhiwani, Haryana · 127021"
127022,"Bhiwani, Haryana · 127022"
127025,"Bhiwani, Haryana · 127025"
127026,"Bhiwani, Haryana · 127026"
127027,"Bhiwani, Haryana · 127027"
127028,"Bhiwani, Haryana · 127028"
127030,"Bhiwani, Haryana · 127030"
127031,"Bhiwani, Haryana · 127031"
127032,"Bhiwani, Haryana · 127032"
127035,"Bhiwani, Haryana · 127035"
127040,"Bhiwani, Haryana · 127040"
127041,"Bhiwani, Haryana · 127041"
127042,"Bhiwani, Haryana · 127042"
127043,"Bhiwani, Haryana · 127043"
127045,"Bhiwani, Haryana · 127045"
127046,"Bhiwani, Haryana · 127046"
127111,"Bhiwani, Haryana · 127111"
127114,"Bhiwani, Haryana · 127114"
127306,"Bhiwani, Haryana · 127306"
127307,"Bhiwani, Haryana · 127307"
127308,"Bhiwani, Haryana · 127308"
127309,"Bhiwani, Haryana · 127309"
127310,"Bhiwani, Haryana · 127310"
131001,"Sonipat, Haryana · 131001"
131021,"Sonipat, Haryana · 131021"
131022,"Sonipat, Haryana · 131022"
131024,"Sonipat, Haryana · 131024"
131027,"Sonipat, Haryana · 131027"
131028,"Sonipat, Haryana · 131028"
131029,"Sonipat, Haryana · 131029"
131039,"Sonipat, Haryana · 131039"
131101,"Sonipat, Haryana · 131101"
131102,"Sonipat, Haryana · 131102"
131103,"Sonipat, Haryana · 131103"
131301,"Sonipat, Haryana · 131301"
131302,"Sonipat, Haryana · 131302"
131304,"Sonipat, Haryana · 131304"
131305,"Sonipat, Haryana · 131305"
131306,"Sonipat, Haryana · 131306"
131402,"Sonipat, Haryana · 131402"
131403,"Sonipat, Haryana · 131403"
131408,"Sonipat, Haryana · 131408"
131409,"Sonipat, Haryana · 131409"
132001,"Karnal, Haryana · 132001"
132022,"Karnal, Haryana · 132022"
132023,"Karnal, Haryana · 132023"
132024,"Karnal, Haryana · 132024"
132036,"Karnal, Haryana · 132036"
132037,"Karnal, Haryana · 132037"
132039,"Karnal, Haryana · 132039"
132040,"Karnal, Haryana · 132040"
132041,"Karnal, Haryana · 132041"
132046,"Karnal, Haryana · 132046"
132054,"Karnal, Haryana · 132054"
132101,"Panipat, Haryana · 132101"
132102,"Panipat, Haryana · 132102"
132103,"Panipat, Haryana · 132103"
132104,"Panipat, Haryana · 132104"
132105,"Panipat, Haryana · 132105"
132106,"Panipat, Haryana · 132106"
132107,"Panipat, Haryana · 132107"
132108,"Panipat, Haryana · 132108"
132113,"Panipat, Haryana · 132113"
132114,"Karnal, Haryana · 132114"
132115,"Panipat, Haryana · 132115"
132116,"Karnal, Haryana · 132116"
132117,"Karnal, Haryana · 132117"
132122,"Panipat, Haryana · 132122"
132140,"Panipat, Haryana · 132140"
132145,"Panipat, Haryana · 132145"
132157,"Karnal, Haryana · 132157"
133001,"Ambala, Haryana · 133001"
133004,"Ambala, Haryana · 133004"
133005,"Ambala, Haryana · 133005"
133006,"Ambala, Haryana · 133006"
133101,"Ambala, Haryana · 133101"
133102,"Ambala, Haryana · 133102"
133201,"Ambala, Haryana · 133201"
133202,"Ambala, Haryana · 133202"
133203,"Ambala, Haryana · 133203"
133205,"Ambala, Haryana · 133205"
133207,"Ambala, Haryana · 133207"
133301,"Panchkula, Haryana · 133301"
133302,"Panchkula, Haryana · 133302"
134003,"Ambala, Haryana · 134003"
134005,"Ambala, Haryana · 134005"
134007,"Ambala, Haryana · 134007"
134101,"Panchkula, Haryana · 134101"
134102,"Panchkula, Haryana · 134102"
134104,"Panchkula, Haryana · 134104"
134107,"Panchkula, Haryana · 134107"
134108,"Panchkula, Haryana · 134108"
134109,"Panchkula, Haryana · 134109"
134112,"Panchkula, Haryana · 134112"
134113,"Panchkula, Haryana · 134113"
134114,"Panchkula, Haryana · 134114"
134116,"Panchkula, Haryana · 134116"
134117,"Panchkula, Haryana · 134117"
134118,"Panchkula, Haryana · 134118"
134201,"Ambala, Haryana · 134201"
134202,"Ambala, Haryana · 134202"
134203,"Ambala, Haryana · 134203"
134204,"Ambala, Haryana · 134204"
134205,"Panchkula, Haryana · 134205"
136020,"Kaithal, Haryana · 136020"
136021,"Kaithal, Haryana · 136021"
136026,"Kaithal, Haryana · 136026"
136027,"Kaithal, Haryana · 136027"
136030,"Kurukshetra, Haryana · 136030"
136033,"Kaithal, Haryana · 136033"
136034,"Kaithal, Haryana · 136034"
136035,"Kaithal, Haryana · 136035"
136038,"Kurukshetra, Haryana · 136038"
136042,"Kaithal, Haryana · 136042"
136043,"Kaithal, Haryana · 136043"
136044,"Kaithal, Haryana · 136044"
136117,"Kaithal, Haryana · 136117"
136119,"Kurukshetra, Haryana · 136119"
136128,"Kurukshetra, Haryana · 136128"
136129,"Kurukshetra, Haryana · 136129"
136130,"Kurukshetra, Haryana · 136130"
136131,"Kurukshetra, Haryana · 136131"
136132,"Kurukshetra, Haryana · 136132"
136135,"Kurukshetra, Haryana · 136135"
136136,"Kurukshetra, Haryana · 136136"
136156,"Kurukshetra, Haryana · 136156"
140001,"Rupnagar, Punjab · 140001"
140101,"Rupnagar, Punjab · 140101"
140103,"Rupnagar, Punjab · 140103"
140108,"Rupnagar, Punjab · 140108"
140111,"Rupnagar, Punjab · 140111"
140112,"Rupnagar, Punjab · 140112"
140113,"Rupnagar, Punjab · 140113"
140114,"Rupnagar, Punjab · 140114"
140116,"Rupnagar, Punjab · 140116"
140117,"Rupnagar, Punjab · 140117"
140119,"Rupnagar, Punjab · 140119"
140123,"Rupnagar, Punjab · 140123"
140124,"Rupnagar, Punjab · 140124"
140126,"Rupnagar, Punjab · 140126"
140133,"Rupnagar, Punjab · 140133"
140301,"Rupnagar, Punjab · 140301"
140307,"Rupnagar, Punjab · 140307"
140308,"Rupnagar, Punjab · 140308"
140401,"Patiala, Punjab · 140401"
140402,"Patiala, Punjab · 140402"
140405,"Fatehgarh Sahib, Punjab · 140405"
140406,"Fatehgarh Sahib, Punjab · 140406"
140412,"Fatehgarh Sahib, Punjab · 140412"
140417,"Patiala, Punjab · 140417"
140506,"Patiala, Punjab · 140506"
140601,"Patiala, Punjab · 140601"
140602,"Patiala, Punjab · 140602"
140603,"Patiala, Punjab · 140603"
140701,"Patiala, Punjab · 140701"
140702,"Patiala, Punjab · 140702"
140802,"Patiala, Punjab · 140802"
141003,"Ludhiana, Punjab · 141003"
141008,"Ludhiana, Punjab · 141008"
141101,"Ludhiana, Punjab · 141101"
141102,"Ludhiana, Punjab · 141102"
141103,"Ludhiana, Punjab · 141103"
141104,"Ludhiana, Punjab · 141104"
141105,"Ludhiana, Punjab · 141105"
141106,"Ludhiana, Punjab · 141106"
141107,"Ludhiana, Punjab · 141107"
141108,"Ludhiana, Punjab · 141108"
141109,"Ludhiana, Punjab · 141109"
141110,"Ludhiana, Punjab · 141110"
141112,"Ludhiana, Punjab · 141112"
141113,"Ludhiana, Punjab · 141113"
141114,"Ludhiana, Punjab · 141114"
141115,"Ludhiana, Punjab · 141115"
141117,"Ludhiana, Punjab · 141117"
141118,"Ludhiana, Punjab · 141118"
141119,"Ludhiana, Punjab · 141119"
141120,"Ludhiana, Punjab · 141120"
141121,"Ludhiana, Punjab · 141121"
141122,"Ludhiana, Punjab · 141122"
141123,"Ludhiana, Punjab · 141123"
141125,"Ludhiana, Punjab · 141125"
141126,"Ludhiana, Punjab · 141126"
141127,"Ludhiana, Punjab · 141127"
141201,"Ludhiana, Punjab · 141201"
141202,"Ludhiana, Punjab · 141202"
141203,"Ludhiana, Punjab · 141203"
141204,"Ludhiana, Punjab · 141204"
141205,"Ludhiana, Punjab · 141205"
141206,"Ludhiana, Punjab · 141206"
141401,"Ludhiana, Punjab · 141401"
141411,"Fatehgarh Sahib, Punjab · 141411"
141412,"Ludhiana, Punjab · 141412"
141413,"Ludhiana, Punjab · 141413"
141414,"Ludhiana, Punjab · 141414"
141415,"Ludhiana, Punjab · 141415"
141416,"Ludhiana, Punjab · 141416"
141417,"Ludhiana, Punjab · 141417"
141418,"Ludhiana, Punjab · 141418"
141419,"Ludhiana, Punjab · 141419"
141421,"Ludhiana, Punjab · 141421"
141801,"Fatehgarh Sahib, Punjab · 141801"
142002,"Moga, Punjab · 142002"
142003,"Moga, Punjab · 142003"
142011,"Moga, Punjab · 142011"
142021,"Ludhiana, Punjab · 142021"
142022,"Ludhiana, Punjab · 142022"
142024,"Ludhiana, Punjab · 142024"
142025,"Ludhiana, Punjab · 142025"
142026,"Ludhiana, Punjab · 142026"
142027,"Ludhiana, Punjab · 142027"
142029,"Ludhiana, Punjab · 142029"
142030,"Ludhiana, Punjab · 142030"
142031,"Ludhiana, Punjab · 142031"
142032,"Ludhiana, Punjab · 142032"
142033,"Ludhiana, Punjab · 142033"
142034,"Ludhiana, Punjab · 142034"
142035,"Ludhiana, Punjab · 142035"
142036,"Ludhiana, Punjab · 142036"
142037,"Moga, Punjab · 142037"
142038,"Moga, Punjab · 142038"
142039,"Moga, Punjab · 142039"
142040,"Moga, Punjab · 142040"
142041,"Firozpur, Punjab · 142041"
142042,"Moga, Punjab · 142042"
142043,"Moga, Punjab · 142043"
142044,"Firozpur, Punjab · 142044"
142045,"Moga, Punjab · 142045"
142046,"Moga, Punjab · 142046"
142047,"Firozpur, Punjab · 142047"
142048,"Moga, Punjab · 142048"
142049,"Moga, Punjab · 142049"
142050,"Firozpur, Punjab · 142050"
142052,"Firozpur, Punjab · 142052"
142053,"Moga, Punjab · 142053"
142054,"Moga, Punjab · 142054"
142055,"Moga, Punjab · 142055"
142056,"Moga, Punjab · 142056"
142057,"Moga, Punjab · 142057"
142058,"Moga, Punjab · 142058"
142060,"Firozpur, Punjab · 142060"
143001,"Amritsar, Punjab · 143001"
143002,"Amritsar, Punjab · 143002"
143005,"Amritsar, Punjab · 143005"
143006,"Amritsar, Punjab · 143006"
143008,"Amritsar, Punjab · 143008"
143009,"Amritsar, Punjab · 143009"
143022,"Amritsar, Punjab · 143022"
143101,"Amritsar, Punjab · 143101"
143102,"Amritsar, Punjab · 143102"
143103,"Amritsar, Punjab · 143103"
143105,"Amritsar, Punjab · 143105"
143107,"Amritsar, Punjab · 143107"
143108,"Amritsar, Punjab · 143108"
143109,"Amritsar, Punjab · 143109"
143111,"Amritsar, Punjab · 143111"
143112,"Amritsar, Punjab · 143112"
143113,"Amritsar, Punjab · 143113"
143114,"Amritsar, Punjab · 143114"
143115,"Amritsar, Punjab · 143115"
143116,"Amritsar, Punjab · 143116"
143117,"Amritsar, Punjab · 143117"
143118,"Tarn Taran, Punjab · 143118"
143119,"Amritsar, Punjab · 143119"
143149,"Amritsar, Punjab · 143149"
143201,"Amritsar, Punjab · 143201"
143202,"Amritsar, Punjab · 143202"
143203,"Amritsar, Punjab · 143203"
143204,"Amritsar, Punjab · 143204"
143205,"Amritsar, Punjab · 143205"
143301,"Amritsar, Punjab · 143301"
143302,"Amritsar, Punjab · 143302"
143303,"Amritsar, Punjab · 143303"
143304,"Amritsar, Punjab · 143304"
143305,"Amritsar, Punjab · 143305"
143401,"Tarn Taran, Punjab · 143401"
143402,"Amritsar, Punjab · 143402"
143406,"Amritsar, Punjab · 143406"
143407,"Amritsar, Punjab · 143407"
143408,"Tarn Taran, Punjab · 143408"
143409,"Amritsar, Punjab · 143409"
143410,"Amritsar, Punjab · 143410"
143411,"Amritsar, Punjab · 143411"
143412,"Tarn Taran, Punjab · 143412"
143413,"Amritsar, Punjab · 143413"
143414,"Amritsar, Punjab · 143414"
143416,"Tarn Taran, Punjab · 143416"
143419,"Tarn Taran, Punjab · 143419"
143422,"Tarn Taran, Punjab · 143422"
143501,"Amritsar, Punjab · 143501"
143502,"Amritsar, Punjab · 143502"
143504,"Amritsar, Punjab · 143504"
143505,"Gurdaspur, Punjab · 143505"
143506,"Gurdaspur, Punjab · 143506"
143507,"Gurdaspur, Punjab · 143507"
143511,"Gurdaspur, Punjab · 143511"
143512,"Gurdaspur, Punjab · 143512"
143513,"Gurdaspur, Punjab · 143513"
143514,"Gurdaspur, Punjab · 143514"
143515,"Gurdaspur, Punjab · 143515"
143516,"Gurdaspur, Punjab · 143516"
143517,"Gurdaspur, Punjab · 143517"
143519,"Gurdaspur, Punjab · 143519"
143520,"Gurdaspur, Punjab · 143520"
143521,"Gurdaspur, Punjab · 143521"
143525,"Gurdaspur, Punjab · 143525"
143526,"Gurdaspur, Punjab · 143526"
143527,"Gurdaspur, Punjab · 143527"
143528,"Gurdaspur, Punjab · 143528"
143529,"Gurdaspur, Punjab · 143529"
143530,"Gurdaspur, Punjab · 143530"
143531,"Gurdaspur, Punjab · 143531"
143532,"Gurdaspur, Punjab · 143532"
143533,"Gurdaspur, Punjab · 143533"
143534,"Gurdaspur, Punjab · 143534"
143601,"Amritsar, Punjab · 143601"
143602,"Gurdaspur, Punjab · 143602"
143603,"Amritsar, Punjab · 143603"
143604,"Gurdaspur, Punjab · 143604"
143605,"Gurdaspur, Punjab · 143605"
143606,"Amritsar, Punjab · 143606"
144002,"Jalandhar, Punjab · 144002"
144005,"Jalandhar, Punjab · 144005"
144008,"Jalandhar, Punjab · 144008"
144020,"Jalandhar, Punjab · 144020"
144024,"Jalandhar, Punjab · 144024"
144025,"Jalandhar, Punjab · 144025"
144026,"Jalandhar, Punjab · 144026"
144028,"Jalandhar, Punjab · 144028"
144029,"Jalandhar, Punjab · 144029"
144030,"Jalandhar, Punjab · 144030"
144031,"Jalandhar, Punjab · 144031"
144032,"Jalandhar, Punjab · 144032"
144033,"Jalandhar, Punjab · 144033"
144034,"Jalandhar, Punjab · 144034"
144035,"Jalandhar, Punjab · 144035"
144036,"Jalandhar, Punjab · 144036"
144037,"Jalandhar, Punjab · 144037"
144039,"Jalandhar, Punjab · 144039"
144040,"Jalandhar, Punjab · 144040"
144041,"Jalandhar, Punjab · 144041"
144042,"Jalandhar, Punjab · 144042"
144043,"Jalandhar, Punjab · 144043"
144044,"Jalandhar, Punjab · 144044"
144101,"Jalandhar, Punjab · 144101"
144102,"Jalandhar, Punjab · 144102"
144103,"Jalandhar, Punjab · 144103"
144104,"Jalandhar, Punjab · 144104"
144105,"Hoshiarpur, Punjab · 144105"
144106,"Jalandhar, Punjab · 144106"
144201,"Jalandhar, Punjab · 144201"
144202,"Hoshiarpur, Punjab · 144202"
144204,"Hoshiarpur, Punjab · 144204"
144205,"Hoshiarpur, Punjab · 144205"
144206,"Hoshiarpur, Punjab · 144206"
144207,"Hoshiarpur, Punjab · 144207"
144209,"Hoshiarpur, Punjab · 144209"
144210,"Hoshiarpur, Punjab · 144210"
144211,"Hoshiarpur, Punjab · 144211"
144212,"Hoshiarpur, Punjab · 144212"
144213,"Hoshiarpur, Punjab · 144213"
144214,"Hoshiarpur, Punjab · 144214"
144216,"Hoshiarpur, Punjab · 144216"
144221,"Hoshiarpur, Punjab · 144221"
144222,"Hoshiarpur, Punjab · 144222"
144223,"Hoshiarpur, Punjab · 144223"
144224,"Hoshiarpur, Punjab · 144224"
144301,"Jalandhar, Punjab · 144301"
144302,"Jalandhar, Punjab · 144302"
144303,"Jalandhar, Punjab · 144303"
144305,"Hoshiarpur, Punjab · 144305"
144306,"Hoshiarpur, Punjab · 144306"
144311,"Jalandhar, Punjab · 144311"
144401,"Kapurthala, Punjab · 144401"
144402,"Kapurthala, Punjab · 144402"
144403,"Jalandhar, Punjab · 144403"
144404,"Hoshiarpur, Punjab · 144404"
144405,"Jalandhar, Punjab · 144405"
144406,"Hoshiarpur, Punjab · 144406"
144407,"Jalandhar, Punjab · 144407"
144408,"Kapurthala, Punjab · 144408"
144409,"Jalandhar, Punjab · 144409"
144410,"Jalandhar, Punjab · 144410"
144411,"Kapurthala, Punjab · 144411"
144416,"Jalandhar, Punjab · 144416"
144417,"Jalandhar, Punjab · 144417"
144418,"Jalandhar, Punjab · 144418"
144419,"Jalandhar, Punjab · 144419"
144511,"Jalandhar, Punjab · 144511"
144519,"Hoshiarpur, Punjab · 144519"
144520,"Hoshiarpur, Punjab · 144520"
144523,"Hoshiarpur, Punjab · 144523"
144527,"Hoshiarpur, Punjab · 144527"
144528,"Hoshiarpur, Punjab · 144528"
144529,"Hoshiarpur, Punjab · 144529"
144530,"Hoshiarpur, Punjab · 144530"
144531,"Hoshiarpur, Punjab · 144531"
144602,"Kapurthala, Punjab · 144602"
144603,"Kapurthala, Punjab · 144603"
144606,"Kapurthala, Punjab · 144606"
144620,"Kapurthala, Punjab · 144620"
144621,"Kapurthala, Punjab · 144621"
144622,"Kapurthala, Punjab · 144622"
144623,"Jalandhar, Punjab · 144623"
144624,"Kapurthala, Punjab · 144624"
144625,"Kapurthala, Punjab · 144625"
144626,"Kapurthala, Punjab · 144626"
144628,"Kapurthala, Punjab · 144628"
144629,"Jalandhar, Punjab · 144629"
144630,"Jalandhar, Punjab · 144630"
144631,"Kapurthala, Punjab · 144631"
144632,"Kapurthala, Punjab · 144632"
144633,"Jalandhar, Punjab · 144633"
144701,"Jalandhar, Punjab · 144701"
144702,"Jalandhar, Punjab · 144702"
144703,"Jalandhar, Punjab · 144703"
144801,"Jalandhar, Punjab · 144801"
144802,"Kapurthala, Punjab · 144802"
144803,"Kapurthala, Punjab · 144803"
144804,"Kapurthala, Punjab · 144804"
144805,"Jalandhar, Punjab · 144805"
144806,"Jalandhar, Punjab · 144806"
144819,"Kapurthala, Punjab · 144819"
145001,"Gurdaspur, Punjab · 145001"
145022,"Gurdaspur, Punjab · 145022"
145023,"Gurdaspur, Punjab · 145023"
145024,"Gurdaspur, Punjab · 145024"
145025,"Gurdaspur, Punjab · 145025"
145026,"Gurdaspur, Punjab · 145026"
145027,"Gurdaspur, Punjab · 145027"
145029,"Gurdaspur, Punjab · 145029"
145101,"Gurdaspur, Punjab · 145101"
146001,"Hoshiarpur, Punjab · 146001"
146021,"Hoshiarpur, Punjab · 146021"
146022,"Hoshiarpur, Punjab · 146022"
146023,"Hoshiarpur, Punjab · 146023"
146024,"Hoshiarpur, Punjab · 146024"
146101,"Hoshiarpur, Punjab · 146101"
146102,"Hoshiarpur, Punjab · 146102"
146103,"Hoshiarpur, Punjab · 146103"
146104,"Hoshiarpur, Punjab · 146104"
146105,"Hoshiarpur, Punjab · 146105"
146106,"Hoshiarpur, Punjab · 146106"
146107,"Hoshiarpur, Punjab · 146107"
146108,"Hoshiarpur, Punjab · 146108"
146109,"Hoshiarpur, Punjab · 146109"
146110,"Hoshiarpur, Punjab · 146110"
146111,"Hoshiarpur, Punjab · 146111"
146112,"Hoshiarpur, Punjab · 146112"
146113,"Hoshiarpur, Punjab · 146113"
146114,"Hoshiarpur, Punjab · 146114"
146115,"Hoshiarpur, Punjab · 146115"
146116,"Hoshiarpur, Punjab · 146116"
147001,"Patiala, Punjab · 147001"
147002,"Patiala, Punjab · 147002"
147003,"Patiala, Punjab · 147003"
147004,"Patiala, Punjab · 147004"
147005,"Patiala, Punjab · 147005"
147006,"Patiala, Punjab · 147006"
147007,"Patiala, Punjab · 147007"
147021,"Patiala, Punjab · 147021"
147101,"Patiala, Punjab · 147101"
147102,"Patiala, Punjab · 147102"
147103,"Patiala, Punjab · 147103"
147104,"Patiala, Punjab · 147104"
147105,"Patiala, Punjab · 147105"
147111,"Patiala, Punjab · 147111"
147201,"Patiala, Punjab · 147201"
147202,"Patiala, Punjab · 147202"
147203,"Patiala, Punjab · 147203"
147301,"Fatehgarh Sahib, Punjab · 147301"
148001,"Sangrur, Punjab · 148001"
148002,"Sangrur, Punjab · 148002"
148017,"Sangrur, Punjab · 148017"
148018,"Sangrur, Punjab · 148018"
148019,"Sangrur, Punjab · 148019"
148020,"Sangrur, Punjab · 148020"
148021,"Sangrur, Punjab · 148021"
148022,"Sangrur, Punjab · 148022"
148023,"Sangrur, Punjab · 148023"
148024,"Sangrur, Punjab · 148024"
148025,"Sangrur, Punjab · 148025"
148026,"Sangrur, Punjab · 148026"
148027,"Sangrur, Punjab · 148027"
148028,"Sangrur, Punjab · 148028"
148029,"Sangrur, Punjab · 148029"
148030,"Sangrur, Punjab · 148030"
148031,"Sangrur, Punjab · 148031"
148033,"Sangrur, Punjab · 148033"
148034,"Sangrur, Punjab · 148034"
148035,"Sangrur, Punjab · 148035"
148106,"Sangrur, Punjab · 148106"
151001,"Bathinda, Punjab · 151001"
151002,"Bathinda, Punjab · 151002"
151003,"Bathinda, Punjab · 151003"
151004,"Bathinda, Punjab · 151004"
151005,"Bathinda, Punjab · 151005"
151101,"Bathinda, Punjab · 151101"
151102,"Bathinda, Punjab · 151102"
151103,"Bathinda, Punjab · 151103"
151104,"Bathinda, Punjab · 151104"
151105,"Bathinda, Punjab · 151105"
151106,"Bathinda, Punjab · 151106"
151108,"Bathinda, Punjab · 151108"
151111,"Bathinda, Punjab · 151111"
151201,"Bathinda, Punjab · 151201"
151202,"Faridkot, Punjab · 151202"
151203,"Faridkot, Punjab · 151203"
151204,"Faridkot, Punjab · 151204"
151205,"Faridkot, Punjab · 151205"
151206,"Bathinda, Punjab · 151206"
151207,"Faridkot, Punjab · 151207"
151208,"Faridkot, Punjab · 151208"
151210,"Muktsar, Punjab · 151210"
151211,"Muktsar, Punjab · 151211"
151212,"Faridkot, Punjab · 151212"
151213,"Faridkot, Punjab · 151213"
151301,"Bathinda, Punjab · 151301"
151302,"Bathinda, Punjab · 151302"
151401,"Bathinda, Punjab · 151401"
151501,"Bathinda, Punjab · 151501"
151502,"Mansa, Punjab · 151502"
151504,"Mansa, Punjab · 151504"
151505,"Mansa, Punjab · 151505"
151506,"Mansa, Punjab · 151506"
151507,"Mansa, Punjab · 151507"
151508,"Mansa, Punjab · 151508"
151509,"Bathinda, Punjab · 151509"
151510,"Mansa, Punjab · 151510"
152001,"Firozpur, Punjab · 152001"
152002,"Firozpur, Punjab · 152002"
152003,"Firozpur, Punjab · 152003"
152005,"Firozpur, Punjab · 152005"
152021,"Firozpur, Punjab · 152021"
152022,"Firozpur, Punjab · 152022"
152023,"Firozpur, Punjab · 152023"
152024,"Firozpur, Punjab · 152024"
152025,"Muktsar, Punjab · 152025"
152028,"Firozpur, Punjab · 152028"
152031,"Muktsar, Punjab · 152031"
152032,"Muktsar, Punjab · 152032"
152033,"Firozpur, Punjab · 152033"
152101,"Muktsar, Punjab · 152101"
152107,"Muktsar, Punjab · 152107"
152112,"Muktsar, Punjab · 152112"
152113,"Muktsar, Punjab · 152113"
152114,"Muktsar, Punjab · 152114"
152115,"Muktsar, Punjab · 152115"
152116,"Firozpur, Punjab · 152116"
152117,"Firozpur, Punjab · 152117"
152121,"Firozpur, Punjab · 152121"
152122,"Firozpur, Punjab · 152122"
152123,"Firozpur, Punjab · 152123"
152124,"Firozpur, Punjab · 152124"
152128,"Firozpur, Punjab · 152128"
152132,"Firozpur, Punjab · 152132"
160001,"Chandigarh District, Chandigarh · 160001"
160002,"Chandigarh District, Chandigarh · 160002"
160003,"Chandigarh District, Chandigarh · 160003"
160009,"Chandigarh District, Chandigarh · 160009"
160011,"Chandigarh District, Chandigarh · 160011"
160012,"Chandigarh District, Chandigarh · 160012"
160014,"Chandigarh District, Chandigarh · 160014"
160015,"Chandigarh District, Chandigarh · 160015"
160017,"Chandigarh District, Chandigarh · 160017"
160019,"Chandigarh District, Chandigarh · 160019"
160020,"Chandigarh District, Chandigarh · 160020"
160022,"Chandigarh District, Chandigarh · 160022"
160023,"Chandigarh District, Chandigarh · 160023"
160025,"Chandigarh District, Chandigarh · 160025"
160030,"Chandigarh District, Chandigarh · 160030"
160036,"Chandigarh District, Chandigarh · 160036"
160047,"Chandigarh District, Chandigarh · 160047"
160055,"Rupnagar, Punjab · 160055"
160059,"Rupnagar, Punjab · 160059"
160062,"Rupnagar, Punjab · 160062"
160071,"Rupnagar, Punjab · 160071"
160101,"Chandigarh District, Chandigarh · 160101"
160102,"Chandigarh District, Chandigarh · 160102"
171001,"Shimla, Himachal Pradesh · 171001"
171002,"Shimla, Himachal Pradesh · 171002"
171003,"Shimla, Himachal Pradesh · 171003"
171004,"Shimla, Himachal Pradesh · 171004"
171005,"Shimla, Himachal Pradesh · 171005"
171006,"Shimla, Himachal Pradesh · 171006"
171007,"Shimla, Himachal Pradesh · 171007"
171008,"Shimla, Himachal Pradesh · 171008"
171009,"Shimla, Himachal Pradesh · 171009"
171010,"Shimla, Himachal Pradesh · 171010"
171011,"Shimla, Himachal Pradesh · 171011"
171012,"Shimla, Himachal Pradesh · 171012"
171013,"Shimla, Himachal Pradesh · 171013"
171018,"Shimla, Himachal Pradesh · 171018"
171019,"Shimla, Himachal Pradesh · 171019"
171102,"Solan, Himachal Pradesh · 171102"
171103,"Shimla, Himachal Pradesh · 171103"
171201,"Shimla, Himachal Pradesh · 171201"
171202,"Shimla, Himachal Pradesh · 171202"
171203,"Shimla, Himachal Pradesh · 171203"
171204,"Shimla, Himachal Pradesh · 171204"
171205,"Shimla, Himachal Pradesh · 171205"
171206,"Shimla, Himachal Pradesh · 171206"
171208,"Shimla, Himachal Pradesh · 171208"
171209,"Shimla, Himachal Pradesh · 171209"
171210,"Shimla, Himachal Pradesh · 171210"
171211,"Shimla, Himachal Pradesh · 171211"
171212,"Shimla, Himachal Pradesh · 171212"
171213,"Shimla, Himachal Pradesh · 171213"
171214,"Shimla, Himachal Pradesh · 171214"
171215,"Shimla, Himachal Pradesh · 171215"
171216,"Shimla, Himachal Pradesh · 171216"
171217,"Shimla, Himachal Pradesh · 171217"
171218,"Shimla, Himachal Pradesh · 171218"
171219,"Shimla, Himachal Pradesh · 171219"
171220,"Shimla, Himachal Pradesh · 171220"
171221,"Shimla, Himachal Pradesh · 171221"
171222,"Shimla, Himachal Pradesh · 171222"
171223,"Shimla, Himachal Pradesh · 171223"
171224,"Shimla, Himachal Pradesh · 171224"
171225,"Shimla, Himachal Pradesh · 171225"
171226,"Shimla, Himachal Pradesh · 171226"
171301,"Shimla, Himachal Pradesh · 171301"
172001,"Shimla, Himachal Pradesh · 172001"
172002,"Kullu, Himachal Pradesh · 172002"
172021,"Shimla, Himachal Pradesh · 172021"
172022,"Shimla, Himachal Pradesh · 172022"
172023,"Kullu, Himachal Pradesh · 172023"
172024,"Shimla, Himachal Pradesh · 172024"
172025,"Kullu, Himachal Pradesh · 172025"
172026,"Kullu, Himachal Pradesh · 172026"
172027,"Shimla, Himachal Pradesh · 172027"
172028,"Shimla, Himachal Pradesh · 172028"
172029,"Shimla, Himachal Pradesh · 172029"
172030,"Shimla, Himachal Pradesh · 172030"
172031,"Shimla, Himachal Pradesh · 172031"
172032,"Kullu, Himachal Pradesh · 172032"
172033,"Kullu, Himachal Pradesh · 172033"
172101,"Shimla, Himachal Pradesh · 172101"
172102,"Shimla, Himachal Pradesh · 172102"
172103,"Kinnaur, Himachal Pradesh · 172103"
172104,"Kinnaur, Himachal Pradesh · 172104"
172105,"Kinnaur, Himachal Pradesh · 172105"
172106,"Kinnaur, Himachal Pradesh · 172106"
172107,"Kinnaur, Himachal Pradesh · 172107"
172108,"Kinnaur, Himachal Pradesh · 172108"
172109,"Kinnaur, Himachal Pradesh · 172109"
172110,"Kinnaur, Himachal Pradesh · 172110"
172111,"Kinnaur, Himachal Pradesh · 172111"
172112,"Kinnaur, Himachal Pradesh · 172112"
172113,"Lahul & Spiti, Himachal Pradesh · 172113"
172114,"Lahul & Spiti, Himachal Pradesh · 172114"
172115,"Kinnaur, Himachal Pradesh · 172115"
172117,"Lahul & Spiti, Himachal Pradesh · 172117"
172118,"Kinnaur, Himachal Pradesh · 172118"
172201,"Shimla, Himachal Pradesh · 172201"
173001,"Sirmaur, Himachal Pradesh · 173001"
173021,"Sirmaur, Himachal Pradesh · 173021"
173022,"Sirmaur, Himachal Pradesh · 173022"
173024,"Sirmaur, Himachal Pradesh · 173024"
173025,"Sirmaur, Himachal Pradesh · 173025"
173026,"Sirmaur, Himachal Pradesh · 173026"
173027,"Sirmaur, Himachal Pradesh · 173027"
173029,"Sirmaur, Himachal Pradesh · 173029"
173030,"Sirmaur, Himachal Pradesh · 173030"
173031,"Sirmaur, Himachal Pradesh · 173031"
173032,"Sirmaur, Himachal Pradesh · 173032"
173101,"Sirmaur, Himachal Pradesh · 173101"
173104,"Sirmaur, Himachal Pradesh · 173104"
173201,"Solan, Himachal Pradesh · 173201"
173202,"Solan, Himachal Pradesh · 173202"
173204,"Solan, Himachal Pradesh · 173204"
173205,"Solan, Himachal Pradesh · 173205"
173206,"Solan, Himachal Pradesh · 173206"
173207,"Solan, Himachal Pradesh · 173207"
173208,"Solan, Himachal Pradesh · 173208"
173209,"Solan, Himachal Pradesh · 173209"
173211,"Solan, Himachal Pradesh · 173211"
173212,"Solan, Himachal Pradesh · 173212"
173213,"Solan, Himachal Pradesh · 173213"
173214,"Solan, Himachal Pradesh · 173214"
173215,"Solan, Himachal Pradesh · 173215"
173217,"Solan, Himachal Pradesh · 173217"
173218,"Solan, Himachal Pradesh · 173218"
173220,"Solan, Himachal Pradesh · 173220"
173221,"Solan, Himachal Pradesh · 173221"
173222,"Solan, Himachal Pradesh · 173222"
173223,"Sirmaur, Himachal Pradesh · 173223"
173225,"Solan, Himachal Pradesh · 173225"
173229,"Solan, Himachal Pradesh · 173229"
173230,"Solan, Himachal Pradesh · 173230"
173233,"Solan, Himachal Pradesh · 173233"
173234,"Solan, Himachal Pradesh · 173234"
173235,"Solan, Himachal Pradesh · 173235"
174101,"Solan, Himachal Pradesh · 174101"
174102,"Solan, Himachal Pradesh · 174102"
174103,"Solan, Himachal Pradesh · 174103"
174301,"Una, Himachal Pradesh · 174301"
174302,"Una, Himachal Pradesh · 174302"
174303,"Una, Himachal Pradesh · 174303"
174306,"Una, Himachal Pradesh · 174306"
174307,"Una, Himachal Pradesh · 174307"
174308,"Una, Himachal Pradesh · 174308"
174314,"Una, Himachal Pradesh · 174314"
174315,"Una, Himachal Pradesh · 174315"
174317,"Una, Himachal Pradesh · 174317"
174319,"Una, Himachal Pradesh · 174319"
174320,"Una, Himachal Pradesh · 174320"
174321,"Una, Himachal Pradesh · 174321"
174503,"Una, Himachal Pradesh · 174503"
174507,"Una, Himachal Pradesh · 174507"
175001,"Mandi, Himachal Pradesh · 175001"
175002,"Mandi, Himachal Pradesh · 175002"
175003,"Mandi, Himachal Pradesh · 175003"
175004,"Mandi, Himachal Pradesh · 175004"
175005,"Mandi, Himachal Pradesh · 175005"
175006,"Mandi, Himachal Pradesh · 175006"
175007,"Mandi, Himachal Pradesh · 175007"
175008,"Mandi, Himachal Pradesh · 175008"
175009,"Mandi, Himachal Pradesh · 175009"
175010,"Mandi, Himachal Pradesh · 175010"
175011,"Mandi, Himachal Pradesh · 175011"
175012,"Mandi, Himachal Pradesh · 175012"
175013,"Kangra, Himachal Pradesh · 175013"
175014,"Mandi, Himachal Pradesh · 175014"
175015,"Mandi, Himachal Pradesh · 175015"
175016,"Mandi, Himachal Pradesh · 175016"
175017,"Mandi, Himachal Pradesh · 175017"
175018,"Mandi, Himachal Pradesh · 175018"
175019,"Mandi, Himachal Pradesh · 175019"
175023,"Mandi, Himachal Pradesh · 175023"
175024,"Mandi, Himachal Pradesh · 175024"
175025,"Mandi, Himachal Pradesh · 175025"
175026,"Mandi, Himachal Pradesh · 175026"
175027,"Mandi, Himachal Pradesh · 175027"
175028,"Mandi, Himachal Pradesh · 175028"
175029,"Mandi, Himachal Pradesh · 175029"
175030,"Mandi, Himachal Pradesh · 175030"
175031,"Mandi, Himachal Pradesh · 175031"
175032,"Mandi, Himachal Pradesh · 175032"
175033,"Mandi, Himachal Pradesh · 175033"
175034,"Mandi, Himachal Pradesh · 175034"
175035,"Mandi, Himachal Pradesh · 175035"
175036,"Mandi, Himachal Pradesh · 175036"
175037,"Mandi, Himachal Pradesh · 175037"
175038,"Mandi, Himachal Pradesh · 175038"
175039,"Mandi, Himachal Pradesh · 175039"
175040,"Mandi, Himachal Pradesh · 175040"
175042,"Mandi, Himachal Pradesh · 175042"
175046,"Mandi, Himachal Pradesh · 175046"
175047,"Mandi, Himachal Pradesh · 175047"
175048,"Mandi, Himachal Pradesh · 175048"
175049,"Mandi, Himachal Pradesh · 175049"
175050,"Mandi, Himachal Pradesh · 175050"
175051,"Mandi, Himachal Pradesh · 175051"
175052,"Mandi, Himachal Pradesh · 175052"
175101,"Kullu, Himachal Pradesh · 175101"
175102,"Kullu, Himachal Pradesh · 175102"
175103,"Kullu, Himachal Pradesh · 175103"
175104,"Kullu, Himachal Pradesh · 175104"
175105,"Kullu, Himachal Pradesh · 175105"
175106,"Mandi, Himachal Pradesh · 175106"
175121,"Mandi, Himachal Pradesh · 175121"
175123,"Kullu, Himachal Pradesh · 175123"
175124,"Mandi, Himachal Pradesh · 175124"
175125,"Kullu, Himachal Pradesh · 175125"
175126,"Kullu, Himachal Pradesh · 175126"
175128,"Kullu, Himachal Pradesh · 175128"
175129,"Kullu, Himachal Pradesh · 175129"
175130,"Kullu, Himachal Pradesh · 175130"
175131,"Kullu, Himachal Pradesh · 175131"
175132,"Lahul & Spiti, Himachal Pradesh · 175132"
175133,"Lahul & Spiti, Himachal Pradesh · 175133"
175134,"Kullu, Himachal Pradesh · 175134"
175136,"Kullu, Himachal Pradesh · 175136"
175138,"Kullu, Himachal Pradesh · 175138"
175139,"Lahul & Spiti, Himachal Pradesh · 175139"
175140,"Lahul & Spiti, Himachal Pradesh · 175140"
175141,"Kullu, Himachal Pradesh · 175141"
175142,"Lahul & Spiti, Himachal Pradesh · 175142"
175143,"Kullu, Himachal Pradesh · 175143"
176001,"Kangra, Himachal Pradesh · 176001"
176021,"Kangra, Himachal Pradesh · 176021"
176022,"Kangra, Himachal Pradesh · 176022"
176023,"Kangra, Himachal Pradesh · 176023"
176025,"Kangra, Himachal Pradesh · 176025"
176026,"Kangra, Himachal Pradesh · 176026"
176027,"Kangra, Himachal Pradesh · 176027"
176028,"Kangra, Himachal Pradesh · 176028"
176029,"Kangra, Himachal Pradesh · 176029"
176030,"Kangra, Himachal Pradesh · 176030"
176031,"Kangra, Himachal Pradesh · 176031"
176032,"Kangra, Himachal Pradesh · 176032"
176033,"Kangra, Himachal Pradesh · 176033"
176036,"Kangra, Himachal Pradesh · 176036"
176037,"Kangra, Himachal Pradesh · 176037"
176038,"Kangra, Himachal Pradesh · 176038"
176047,"Kangra, Himachal Pradesh · 176047"
176051,"Kangra, Himachal Pradesh · 176051"
176052,"Kangra, Himachal Pradesh · 176052"
176053,"Kangra, Himachal Pradesh · 176053"
176054,"Kangra, Himachal Pradesh · 176054"
176055,"Kangra, Himachal Pradesh · 176055"
176056,"Kangra, Himachal Pradesh · 176056"
176058,"Kangra, Himachal Pradesh · 176058"
176059,"Kangra, Himachal Pradesh · 176059"
176060,"Kangra, Himachal Pradesh · 176060"
176061,"Kangra, Himachal Pradesh · 176061"
176062,"Kangra, Himachal Pradesh · 176062"
176063,"Kangra, Himachal Pradesh · 176063"
176064,"Kangra, Himachal Pradesh · 176064"
176065,"Kangra, Himachal Pradesh · 176065"
176066,"Kangra, Himachal Pradesh · 176066"
176071,"Kangra, Himachal Pradesh · 176071"
176073,"Kangra, Himachal Pradesh · 176073"
176075,"Kangra, Himachal Pradesh · 176075"
176076,"Kangra, Himachal Pradesh · 176076"
176077,"Kangra, Himachal Pradesh · 176077"
176081,"Kangra, Himachal Pradesh · 176081"
176082,"Kangra, Himachal Pradesh · 176082"
176083,"Kangra, Himachal Pradesh · 176083"
176084,"Kangra, Himachal Pradesh · 176084"
176085,"Kangra, Himachal Pradesh · 176085"
176086,"Kangra, Himachal Pradesh · 176086"
176087,"Kangra, Himachal Pradesh · 176087"
176088,"Kangra, Himachal Pradesh · 176088"
176089,"Kangra, Himachal Pradesh · 176089"
176090,"Mandi, Himachal Pradesh · 176090"
176091,"Kangra, Himachal Pradesh · 176091"
176092,"Kangra, Himachal Pradesh · 176092"
176093,"Kangra, Himachal Pradesh · 176093"
176094,"Kangra, Himachal Pradesh · 176094"
176095,"Kangra, Himachal Pradesh · 176095"
176096,"Kangra, Himachal Pradesh · 176096"
176097,"Kangra, Himachal Pradesh · 176097"
176098,"Kangra, Himachal Pradesh · 176098"
176101,"Kangra, Himachal Pradesh · 176101"
176102,"Kangra, Himachal Pradesh · 176102"
176103,"Kangra, Himachal Pradesh · 176103"
176107,"Kangra, Himachal Pradesh · 176107"
176115,"Kangra, Himachal Pradesh · 176115"
176125,"Kangra, Himachal Pradesh · 176125"
176128,"Kangra, Himachal Pradesh · 176128"
176200,"Kangra, Himachal Pradesh · 176200"
176201,"Kangra, Himachal Pradesh · 176201"
176202,"Kangra, Himachal Pradesh · 176202"
176203,"Kangra, Himachal Pradesh · 176203"
176204,"Kangra, Himachal Pradesh · 176204"
176205,"Kangra, Himachal Pradesh · 176205"
176206,"Kangra, Himachal Pradesh · 176206"
176207,"Chamba, Himachal Pradesh · 176207"
176208,"Kangra, Himachal Pradesh · 176208"
176209,"Kangra, Himachal Pradesh · 176209"
176210,"Kangra, Himachal Pradesh · 176210"
176211,"Kangra, Himachal Pradesh · 176211"
176214,"Kangra, Himachal Pradesh · 176214"
176215,"Kangra, Himachal Pradesh · 176215"
176216,"Kangra, Himachal Pradesh · 176216"
176217,"Kangra, Himachal Pradesh · 176217"
176218,"Kangra, Himachal Pradesh · 176218"
176225,"Kangra, Himachal Pradesh · 176225"
176301,"Chamba, Himachal Pradesh · 176301"
176302,"Chamba, Himachal Pradesh · 176302"
176303,"Chamba, Himachal Pradesh · 176303"
176304,"Chamba, Himachal Pradesh · 176304"
176305,"Chamba, Himachal Pradesh · 176305"
176306,"Chamba, Himachal Pradesh · 176306"
176308,"Chamba, Himachal Pradesh · 176308"
176309,"Chamba, Himachal Pradesh · 176309"
176310,"Chamba, Himachal Pradesh · 176310"
176311,"Chamba, Himachal Pradesh · 176311"
176312,"Chamba, Himachal Pradesh · 176312"
176313,"Chamba, Himachal Pradesh · 176313"
176314,"Chamba, Himachal Pradesh · 176314"
176315,"Chamba, Himachal Pradesh · 176315"
176316,"Chamba, Himachal Pradesh · 176316"
176317,"Chamba, Himachal Pradesh · 176317"
176318,"Chamba, Himachal Pradesh · 176318"
176319,"Chamba, Himachal Pradesh · 176319"
176320,"Chamba, Himachal Pradesh · 176320"
176321,"Chamba, Himachal Pradesh · 176321"
176323,"Chamba, Himachal Pradesh · 176323"
176324,"Chamba, Himachal Pradesh · 176324"
176325,"Chamba, Himachal Pradesh · 176325"
176401,"Kangra, Himachal Pradesh · 176401"
176402,"Kangra, Himachal Pradesh · 176402"
176403,"Kangra, Himachal Pradesh · 176403"
176501,"Kangra, Himachal Pradesh · 176501"
176502,"Kangra, Himachal Pradesh · 176502"
176601,"Una, Himachal Pradesh · 176601"
177031,"Una, Himachal Pradesh · 177031"
177034,"Kangra, Himachal Pradesh · 177034"
177039,"Una, Himachal Pradesh · 177039"
177043,"Kangra, Himachal Pradesh · 177043"
177101,"Kangra, Himachal Pradesh · 177101"
177103,"Kangra, Himachal Pradesh · 177103"
177104,"Kangra, Himachal Pradesh · 177104"
177105,"Kangra, Himachal Pradesh · 177105"
177106,"Kangra, Himachal Pradesh · 177106"
177107,"Kangra, Himachal Pradesh · 177107"
177108,"Kangra, Himachal Pradesh · 177108"
177109,"Una, Himachal Pradesh · 177109"
177110,"Una, Himachal Pradesh · 177110"
177111,"Kangra, Himachal Pradesh · 177111"
177112,"Kangra, Himachal Pradesh · 177112"
177113,"Kangra, Himachal Pradesh · 177113"
177114,"Kangra, Himachal Pradesh · 177114"
177117,"Kangra, Himachal Pradesh · 177117"
177201,"Una, Himachal Pradesh · 177201"
177202,"Una, Himachal Pradesh · 177202"
177203,"Una, Himachal Pradesh · 177203"
177204,"Una, Himachal Pradesh · 177204"
177205,"Una, Himachal Pradesh · 177205"
177206,"Una, Himachal Pradesh · 177206"
177207,"Una, Himachal Pradesh · 177207"
177208,"Una, Himachal Pradesh · 177208"
177209,"Una, Himachal Pradesh · 177209"
177210,"Una, Himachal Pradesh · 177210"
177211,"Una, Himachal Pradesh · 177211"
177212,"Una, Himachal Pradesh · 177212"
177213,"Una, Himachal Pradesh · 177213"
177219,"Una, Himachal Pradesh · 177219"
177220,"Una, Himachal Pradesh · 177220"
201002,"Ghaziabad, Uttar Pradesh · 201002"
201004,"Ghaziabad, Uttar Pradesh · 201004"
201005,"Ghaziabad, Uttar Pradesh · 201005"
201006,"Ghaziabad, Uttar Pradesh · 201006"
201007,"Ghaziabad, Uttar Pradesh · 201007"
201010,"Ghaziabad, Uttar Pradesh · 201010"
201011,"Ghaziabad, Uttar Pradesh · 201011"
201012,"Ghaziabad, Uttar Pradesh · 201012"
201013,"Ghaziabad, Uttar Pradesh · 201013"
201014,"Ghaziabad, Uttar Pradesh · 201014"
201016,"Ghaziabad, Uttar Pradesh · 201016"
201017,"Ghaziabad, Uttar Pradesh · 201017"
201019,"Ghaziabad, Uttar Pradesh · 201019"
201103,"Ghaziabad, Uttar Pradesh · 201103"
201201,"Ghaziabad, Uttar Pradesh · 201201"
201304,"Gautam Buddha Nagar, Uttar Pradesh · 201304"
201309,"Gautam Buddha Nagar, Uttar Pradesh · 201309"
201310,"Gautam Buddha Nagar, Uttar Pradesh · 201310"
201311,"Gautam Buddha Nagar, Uttar Pradesh · 201311"
201313,"Gautam Buddha Nagar, Uttar Pradesh · 201313"
202002,"Aligarh, Uttar Pradesh · 202002"
202121,"Aligarh, Uttar Pradesh · 202121"
202122,"Aligarh, Uttar Pradesh · 202122"
202123,"Aligarh, Uttar Pradesh · 202123"
202124,"Aligarh, Uttar Pradesh · 202124"
202125,"Aligarh, Uttar Pradesh · 202125"
202126,"Aligarh, Uttar Pradesh · 202126"
202127,"Aligarh, Uttar Pradesh · 202127"
202128,"Aligarh, Uttar Pradesh · 202128"
202129,"Aligarh, Uttar Pradesh · 202129"
202130,"Aligarh, Uttar Pradesh · 202130"
202131,"Aligarh, Uttar Pradesh · 202131"
202132,"Aligarh, Uttar Pradesh · 202132"
202133,"Aligarh, Uttar Pradesh · 202133"
202134,"Aligarh, Uttar Pradesh · 202134"
202135,"Aligarh, Uttar Pradesh · 202135"
202136,"Aligarh, Uttar Pradesh · 202136"
202137,"Aligarh, Uttar Pradesh · 202137"
202138,"Aligarh, Uttar Pradesh · 202138"
202139,"Aligarh, Uttar Pradesh · 202139"
202140,"Aligarh, Uttar Pradesh · 202140"
202141,"Aligarh, Uttar Pradesh · 202141"
202142,"Aligarh, Uttar Pradesh · 202142"
202143,"Aligarh, Uttar Pradesh · 202143"
202145,"Aligarh, Uttar Pradesh · 202145"
202150,"Aligarh, Uttar Pradesh · 202150"
202155,"Aligarh, Uttar Pradesh · 202155"
202165,"Aligarh, Uttar Pradesh · 202165"
202170,"Aligarh, Uttar Pradesh · 202170"
202280,"Aligarh, Uttar Pradesh · 202280"
202281,"Aligarh, Uttar Pradesh · 202281"
202282,"Aligarh, Uttar Pradesh · 202282"
203002,"Bulandshahr, Uttar Pradesh · 203002"
203129,"Bulandshahr, Uttar Pradesh · 203129"
203131,"Bulandshahr, Uttar Pradesh · 203131"
203132,"Bulandshahr, Uttar Pradesh · 203132"
203135,"Gautam Buddha Nagar, Uttar Pradesh · 203135"
203141,"Gautam Buddha Nagar, Uttar Pradesh · 203141"
203150,"Bulandshahr, Uttar Pradesh · 203150"
203155,"Gautam Buddha Nagar, Uttar Pradesh · 203155"
203201,"Gautam Buddha Nagar, Uttar Pradesh · 203201"
203203,"Gautam Buddha Nagar, Uttar Pradesh · 203203"
203206,"Bulandshahr, Uttar Pradesh · 203206"
203209,"Gautam Buddha Nagar, Uttar Pradesh · 203209"
203389,"Bulandshahr, Uttar Pradesh · 203389"
203390,"Bulandshahr, Uttar Pradesh · 203390"
203391,"Bulandshahr, Uttar Pradesh · 203391"
203392,"Bulandshahr, Uttar Pradesh · 203392"
203393,"Bulandshahr, Uttar Pradesh · 203393"
203394,"Bulandshahr, Uttar Pradesh · 203394"
203395,"Bulandshahr, Uttar Pradesh · 203395"
203396,"Bulandshahr, Uttar Pradesh · 203396"
203397,"Bulandshahr, Uttar Pradesh · 203397"
203398,"Bulandshahr, Uttar Pradesh · 203398"
203399,"Bulandshahr, Uttar Pradesh · 203399"
203401,"Bulandshahr, Uttar Pradesh · 203401"
203402,"Bulandshahr, Uttar Pradesh · 203402"
203403,"Bulandshahr, Uttar Pradesh · 203403"
203405,"Bulandshahr, Uttar Pradesh · 203405"
203407,"Bulandshahr, Uttar Pradesh · 203407"
203408,"Bulandshahr, Uttar Pradesh · 203408"
203409,"Bulandshahr, Uttar Pradesh · 203409"
203411,"Bulandshahr, Uttar Pradesh · 203411"
203412,"Bulandshahr, Uttar Pradesh · 203412"
205001,"Mainpuri, Uttar Pradesh · 205001"
205119,"Mainpuri, Uttar Pradesh · 205119"
205121,"Mainpuri, Uttar Pradesh · 205121"
205247,"Mainpuri, Uttar Pradesh · 205247"
205261,"Mainpuri, Uttar Pradesh · 205261"
205262,"Mainpuri, Uttar Pradesh · 205262"
205263,"Mainpuri, Uttar Pradesh · 205263"
205264,"Mainpuri, Uttar Pradesh · 205264"
205265,"Mainpuri, Uttar Pradesh · 205265"
205267,"Mainpuri, Uttar Pradesh · 205267"
205268,"Mainpuri, Uttar Pradesh · 205268"
205301,"Mainpuri, Uttar Pradesh · 205301"
205303,"Mainpuri, Uttar Pradesh · 205303"
205304,"Mainpuri, Uttar Pradesh · 205304"
206001,"Etawah, Uttar Pradesh · 206001"
206002,"Etawah, Uttar Pradesh · 206002"
206003,"Etawah, Uttar Pradesh · 206003"
206120,"Etawah, Uttar Pradesh · 206120"
206121,"Auraiya, Uttar Pradesh · 206121"
206122,"Auraiya, Uttar Pradesh · 206122"
206123,"Etawah, Uttar Pradesh · 206123"
206124,"Etawah, Uttar Pradesh · 206124"
206125,"Etawah, Uttar Pradesh · 206125"
206126,"Etawah, Uttar Pradesh · 206126"
206127,"Etawah, Uttar Pradesh · 206127"
206128,"Etawah, Uttar Pradesh · 206128"
206129,"Auraiya, Uttar Pradesh · 206129"
206130,"Etawah, Uttar Pradesh · 206130"
206131,"Etawah, Uttar Pradesh · 206131"
206241,"Auraiya, Uttar Pradesh · 206241"
206242,"Etawah, Uttar Pradesh · 206242"
206243,"Auraiya, Uttar Pradesh · 206243"
206244,"Auraiya, Uttar Pradesh · 206244"
206245,"Etawah, Uttar Pradesh · 206245"
206246,"Auraiya, Uttar Pradesh · 206246"
206247,"Auraiya, Uttar Pradesh · 206247"
206248,"Auraiya, Uttar Pradesh · 206248"
206249,"Auraiya, Uttar Pradesh · 206249"
206250,"Auraiya, Uttar Pradesh · 206250"
206251,"Auraiya, Uttar Pradesh · 206251"
206252,"Auraiya, Uttar Pradesh · 206252"
206253,"Etawah, Uttar Pradesh · 206253"
206255,"Auraiya, Uttar Pradesh · 206255"
207002,"Etah, Uttar Pradesh · 207002"
207003,"Etah, Uttar Pradesh · 207003"
207120,"Etah, Uttar Pradesh · 207120"
207121,"Etah, Uttar Pradesh · 207121"
207122,"Etah, Uttar Pradesh · 207122"
207123,"Etah, Uttar Pradesh · 207123"
207124,"Etah, Uttar Pradesh · 207124"
207125,"Etah, Uttar Pradesh · 207125"
207241,"Etah, Uttar Pradesh · 207241"
207242,"Etah, Uttar Pradesh · 207242"
207243,"Etah, Uttar Pradesh · 207243"
207244,"Etah, Uttar Pradesh · 207244"
207245,"Etah, Uttar Pradesh · 207245"
207246,"Etah, Uttar Pradesh · 207246"
207247,"Etah, Uttar Pradesh · 207247"
207248,"Etah, Uttar Pradesh · 207248"
207249,"Etah, Uttar Pradesh · 207249"
207250,"Etah, Uttar Pradesh · 207250"
207301,"Etah, Uttar Pradesh · 207301"
207302,"Etah, Uttar Pradesh · 207302"
207401,"Etah, Uttar Pradesh · 207401"
207402,"Etah, Uttar Pradesh · 207402"
207403,"Etah, Uttar Pradesh · 207403"
208001,"Kanpur Nagar, Uttar Pradesh · 208001"
208002,"Kanpur Nagar, Uttar Pradesh · 208002"
208003,"Kanpur Nagar, Uttar Pradesh · 208003"
208004,"Kanpur Nagar, Uttar Pradesh · 208004"
208005,"Kanpur Nagar, Uttar Pradesh · 208005"
208006,"Kanpur Nagar, Uttar Pradesh · 208006"
208007,"Kanpur Nagar, Uttar Pradesh · 208007"
208008,"Kanpur Nagar, Uttar Pradesh · 208008"
208009,"Kanpur Nagar, Uttar Pradesh · 208009"
208010,"Kanpur Nagar, Uttar Pradesh · 208010"
208011,"Kanpur Nagar, Uttar Pradesh · 208011"
208013,"Kanpur Nagar, Uttar Pradesh · 208013"
208014,"Kanpur Nagar, Uttar Pradesh · 208014"
208015,"Kanpur Nagar, Uttar Pradesh · 208015"
208016,"Kanpur Nagar, Uttar Pradesh · 208016"
208017,"Kanpur Nagar, Uttar Pradesh · 208017"
208019,"Kanpur Nagar, Uttar Pradesh · 208019"
208020,"Kanpur Nagar, Uttar Pradesh · 208020"
208021,"Kanpur Nagar, Uttar Pradesh · 208021"
208022,"Kanpur Nagar, Uttar Pradesh · 208022"
208023,"Kanpur Nagar, Uttar Pradesh · 208023"
208024,"Kanpur Nagar, Uttar Pradesh · 208024"
208025,"Kanpur Nagar, Uttar Pradesh · 208025"
208026,"Kanpur Nagar, Uttar Pradesh · 208026"
208027,"Kanpur Nagar, Uttar Pradesh · 208027"
209101,"Kanpur Dehat, Uttar Pradesh · 209101"
209111,"Kanpur Dehat, Uttar Pradesh · 209111"
209112,"Kanpur Dehat, Uttar Pradesh · 209112"
209115,"Kanpur Dehat, Uttar Pradesh · 209115"
209121,"Kanpur Dehat, Uttar Pradesh · 209121"
209125,"Kanpur Dehat, Uttar Pradesh · 209125"
209202,"Kanpur Dehat, Uttar Pradesh · 209202"
209203,"Kanpur Dehat, Uttar Pradesh · 209203"
209204,"Kanpur Dehat, Uttar Pradesh · 209204"
209205,"Kanpur Dehat, Uttar Pradesh · 209205"
209206,"Kanpur Dehat, Uttar Pradesh · 209206"
209208,"Kanpur Dehat, Uttar Pradesh · 209208"
209209,"Kanpur Dehat, Uttar Pradesh · 209209"
209210,"Kanpur Dehat, Uttar Pradesh · 209210"
209214,"Kanpur Nagar, Uttar Pradesh · 209214"
209217,"Kanpur Nagar, Uttar Pradesh · 209217"
209301,"Kanpur Dehat, Uttar Pradesh · 209301"
209302,"Kanpur Dehat, Uttar Pradesh · 209302"
209303,"Kanpur Dehat, Uttar Pradesh · 209303"
209304,"Kanpur Nagar, Uttar Pradesh · 209304"
209305,"Kanpur Nagar, Uttar Pradesh · 209305"
209306,"Kanpur Dehat, Uttar Pradesh · 209306"
209307,"Kanpur Dehat, Uttar Pradesh · 209307"
209308,"Kanpur Dehat, Uttar Pradesh · 209308"
209310,"Kanpur Dehat, Uttar Pradesh · 209310"
209311,"Kanpur Dehat, Uttar Pradesh · 209311"
209312,"Kanpur Dehat, Uttar Pradesh · 209312"
209401,"Kanpur Nagar, Uttar Pradesh · 209401"
209402,"Kanpur Nagar, Uttar Pradesh · 209402"
209501,"Farrukhabad, Uttar Pradesh · 209501"
209502,"Farrukhabad, Uttar Pradesh · 209502"
209503,"Farrukhabad, Uttar Pradesh · 209503"
209504,"Farrukhabad, Uttar Pradesh · 209504"
209505,"Farrukhabad, Uttar Pradesh · 209505"
209601,"Farrukhabad, Uttar Pradesh · 209601"
209602,"Farrukhabad, Uttar Pradesh · 209602"
209621,"Farrukhabad, Uttar Pradesh · 209621"
209622,"Farrukhabad, Uttar Pradesh · 209622"
209625,"Farrukhabad, Uttar Pradesh · 209625"
209651,"Farrukhabad, Uttar Pradesh · 209651"
209652,"Farrukhabad, Uttar Pradesh · 209652"
209720,"Kannauj, Uttar Pradesh · 209720"
209721,"Kannauj, Uttar Pradesh · 209721"
209722,"Kannauj, Uttar Pradesh · 209722"
209723,"Kannauj, Uttar Pradesh · 209723"
209724,"Farrukhabad, Uttar Pradesh · 209724"
209725,"Kannauj, Uttar Pradesh · 209725"
209727,"Kannauj, Uttar Pradesh · 209727"
209728,"Kannauj, Uttar Pradesh · 209728"
209729,"Kannauj, Uttar Pradesh · 209729"
209731,"Kannauj, Uttar Pradesh · 209731"
209732,"Kannauj, Uttar Pradesh · 209732"
209733,"Kannauj, Uttar Pradesh · 209733"
209734,"Kannauj, Uttar Pradesh · 209734"
209735,"Kannauj, Uttar Pradesh · 209735"
209736,"Kannauj, Uttar Pradesh · 209736"
209738,"Kannauj, Uttar Pradesh · 209738"
209739,"Farrukhabad, Uttar Pradesh · 209739"
209743,"Farrukhabad, Uttar Pradesh · 209743"
209745,"Farrukhabad, Uttar Pradesh · 209745"
209747,"Kannauj, Uttar Pradesh · 209747"
209749,"Farrukhabad, Uttar Pradesh · 209749"
209801,"Unnao, Uttar Pradesh · 209801"
209821,"Unnao, Uttar Pradesh · 209821"
209825,"Unnao, Uttar Pradesh · 209825"
209827,"Unnao, Uttar Pradesh · 209827"
209831,"Unnao, Uttar Pradesh · 209831"
209841,"Unnao, Uttar Pradesh · 209841"
209859,"Unnao, Uttar Pradesh · 209859"
209861,"Unnao, Uttar Pradesh · 209861"
209862,"Unnao, Uttar Pradesh · 209862"
209863,"Unnao, Uttar Pradesh · 209863"
209864,"Unnao, Uttar Pradesh · 209864"
209865,"Unnao, Uttar Pradesh · 209865"
209866,"Unnao, Uttar Pradesh · 209866"
209867,"Unnao, Uttar Pradesh · 209867"
209868,"Unnao, Uttar Pradesh · 209868"
209869,"Unnao, Uttar Pradesh · 209869"
209870,"Unnao, Uttar Pradesh · 209870"
209871,"Unnao, Uttar Pradesh · 209871"
209881,"Unnao, Uttar Pradesh · 209881"
210001,"Banda, Uttar Pradesh · 210001"
210120,"Banda, Uttar Pradesh · 210120"
210121,"Banda, Uttar Pradesh · 210121"
210123,"Banda, Uttar Pradesh · 210123"
210125,"Banda, Uttar Pradesh · 210125"
210126,"Banda, Uttar Pradesh · 210126"
210128,"Banda, Uttar Pradesh · 210128"
210129,"Banda, Uttar Pradesh · 210129"
210201,"Banda, Uttar Pradesh · 210201"
210202,"Banda, Uttar Pradesh · 210202"
210203,"Banda, Uttar Pradesh · 210203"
210204,"Chitrakoot, Uttar Pradesh · 210204"
210205,"Chitrakoot, Uttar Pradesh · 210205"
210206,"Chitrakoot, Uttar Pradesh · 210206"
210207,"Chitrakoot, Uttar Pradesh · 210207"
210208,"Chitrakoot, Uttar Pradesh · 210208"
210209,"Chitrakoot, Uttar Pradesh · 210209"
210301,"Hamirpur, Uttar Pradesh · 210301"
210341,"Hamirpur, Uttar Pradesh · 210341"
210422,"Hamirpur, Uttar Pradesh · 210422"
210423,"Mahoba, Uttar Pradesh · 210423"
210424,"Mahoba, Uttar Pradesh · 210424"
210425,"Mahoba, Uttar Pradesh · 210425"
210426,"Mahoba, Uttar Pradesh · 210426"
210427,"Mahoba, Uttar Pradesh · 210427"
210428,"Hamirpur, Uttar Pradesh · 210428"
210429,"Mahoba, Uttar Pradesh · 210429"
210430,"Hamirpur, Uttar Pradesh · 210430"
210431,"Hamirpur, Uttar Pradesh · 210431"
210432,"Hamirpur, Uttar Pradesh · 210432"
210433,"Mahoba, Uttar Pradesh · 210433"
210501,"Hamirpur, Uttar Pradesh · 210501"
210502,"Hamirpur, Uttar Pradesh · 210502"
210504,"Hamirpur, Uttar Pradesh · 210504"
210505,"Hamirpur, Uttar Pradesh · 210505"
210506,"Hamirpur, Uttar Pradesh · 210506"
210507,"Hamirpur, Uttar Pradesh · 210507"
211002,"Allahabad, Uttar Pradesh · 211002"
211003,"Allahabad, Uttar Pradesh · 211003"
211004,"Allahabad, Uttar Pradesh · 211004"
211006,"Allahabad, Uttar Pradesh · 211006"
211007,"Allahabad, Uttar Pradesh · 211007"
211008,"Allahabad, Uttar Pradesh · 211008"
211010,"Allahabad, Uttar Pradesh · 211010"
211011,"Allahabad, Uttar Pradesh · 211011"
211012,"Allahabad, Uttar Pradesh · 211012"
211013,"Allahabad, Uttar Pradesh · 211013"
211015,"Allahabad, Uttar Pradesh · 211015"
211016,"Allahabad, Uttar Pradesh · 211016"
211019,"Allahabad, Uttar Pradesh · 211019"
212104,"Allahabad, Uttar Pradesh · 212104"
212106,"Allahabad, Uttar Pradesh · 212106"
212107,"Allahabad, Uttar Pradesh · 212107"
212108,"Allahabad, Uttar Pradesh · 212108"
212109,"Allahabad, Uttar Pradesh · 212109"
212111,"Allahabad, Uttar Pradesh · 212111"
212201,"Kaushambi, Uttar Pradesh · 212201"
212202,"Kaushambi, Uttar Pradesh · 212202"
212203,"Kaushambi, Uttar Pradesh · 212203"
212204,"Kaushambi, Uttar Pradesh · 212204"
212205,"Kaushambi, Uttar Pradesh · 212205"
212206,"Kaushambi, Uttar Pradesh · 212206"
212207,"Kaushambi, Uttar Pradesh · 212207"
212208,"Allahabad, Uttar Pradesh · 212208"
212213,"Allahabad, Uttar Pradesh · 212213"
212214,"Kaushambi, Uttar Pradesh · 212214"
212216,"Kaushambi, Uttar Pradesh · 212216"
212217,"Kaushambi, Uttar Pradesh · 212217"
212218,"Kaushambi, Uttar Pradesh · 212218"
212301,"Allahabad, Uttar Pradesh · 212301"
212302,"Allahabad, Uttar Pradesh · 212302"
212303,"Allahabad, Uttar Pradesh · 212303"
212305,"Allahabad, Uttar Pradesh · 212305"
212306,"Allahabad, Uttar Pradesh · 212306"
212307,"Allahabad, Uttar Pradesh · 212307"
212401,"Allahabad, Uttar Pradesh · 212401"
212402,"Allahabad, Uttar Pradesh · 212402"
212404,"Allahabad, Uttar Pradesh · 212404"
212405,"Allahabad, Uttar Pradesh · 212405"
212502,"Allahabad, Uttar Pradesh · 212502"
212503,"Allahabad, Uttar Pradesh · 212503"
212507,"Allahabad, Uttar Pradesh · 212507"
212601,"Fatehpur, Uttar Pradesh · 212601"
212620,"Fatehpur, Uttar Pradesh · 212620"
212621,"Fatehpur, Uttar Pradesh · 212621"
212622,"Fatehpur, Uttar Pradesh · 212622"
212631,"Fatehpur, Uttar Pradesh · 212631"
212635,"Fatehpur, Uttar Pradesh · 212635"
212641,"Fatehpur, Uttar Pradesh · 212641"
212645,"Fatehpur, Uttar Pradesh · 212645"
212650,"Fatehpur, Uttar Pradesh · 212650"
212651,"Fatehpur, Uttar Pradesh · 212651"
212652,"Fatehpur, Uttar Pradesh · 212652"
212653,"Fatehpur, Uttar Pradesh · 212653"
212654,"Fatehpur, Uttar Pradesh · 212654"
212655,"Fatehpur, Uttar Pradesh · 212655"
212656,"Fatehpur, Uttar Pradesh · 212656"
212657,"Fatehpur, Uttar Pradesh · 212657"
212658,"Fatehpur, Uttar Pradesh · 212658"
212659,"Fatehpur, Uttar Pradesh · 212659"
212661,"Fatehpur, Uttar Pradesh · 212661"
212663,"Fatehpur, Uttar Pradesh · 212663"
212664,"Fatehpur, Uttar Pradesh · 212664"
212665,"Fatehpur, Uttar Pradesh · 212665"
221001,"Varanasi, Uttar Pradesh · 221001"
221002,"Varanasi, Uttar Pradesh · 221002"
221004,"Varanasi, Uttar Pradesh · 221004"
221005,"Varanasi, Uttar Pradesh · 221005"
221006,"Varanasi, Uttar Pradesh · 221006"
221007,"Varanasi, Uttar Pradesh · 221007"
221008,"Varanasi, Uttar Pradesh · 221008"
221009,"Chandauli, Uttar Pradesh · 221009"
221010,"Varanasi, Uttar Pradesh · 221010"
221011,"Varanasi, Uttar Pradesh · 221011"
221101,"Varanasi, Uttar Pradesh · 221101"
221103,"Varanasi, Uttar Pradesh · 221103"
221104,"Varanasi, Uttar Pradesh · 221104"
221105,"Varanasi, Uttar Pradesh · 221105"
221106,"Varanasi, Uttar Pradesh · 221106"
221107,"Varanasi, Uttar Pradesh · 221107"
221108,"Varanasi, Uttar Pradesh · 221108"
221110,"Varanasi, Uttar Pradesh · 221110"
221112,"Varanasi, Uttar Pradesh · 221112"
221115,"Chandauli, Uttar Pradesh · 221115"
221116,"Varanasi, Uttar Pradesh · 221116"
221202,"Varanasi, Uttar Pradesh · 221202"
221204,"Varanasi, Uttar Pradesh · 221204"
221206,"Varanasi, Uttar Pradesh · 221206"
221207,"Varanasi, Uttar Pradesh · 221207"
221208,"Varanasi, Uttar Pradesh · 221208"
221301,"Sant Ravidas Nagar (Bhadohi), Uttar Pradesh · 221301"
221302,"Varanasi, Uttar Pradesh · 221302"
221303,"Sant Ravidas Nagar (Bhadohi), Uttar Pradesh · 221303"
221304,"Sant Ravidas Nagar (Bhadohi), Uttar Pradesh · 221304"
221305,"Varanasi, Uttar Pradesh · 221305"
221306,"Sant Ravidas Nagar (Bhadohi), Uttar Pradesh · 221306"
221307,"Varanasi, Uttar Pradesh · 221307"
221308,"Sant Ravidas Nagar (Bhadohi), Uttar Pradesh · 221308"
221309,"Sant Ravidas Nagar (Bhadohi), Uttar Pradesh · 221309"
221310,"Sant Ravidas Nagar (Bhadohi), Uttar Pradesh · 221310"
221311,"Varanasi, Uttar Pradesh · 221311"
221313,"Varanasi, Uttar Pradesh · 221313"
221314,"Sant Ravidas Nagar (Bhadohi), Uttar Pradesh · 221314"
221401,"Sant Ravidas Nagar (Bhadohi), Uttar Pradesh · 221401"
221402,"Sant Ravidas Nagar (Bhadohi), Uttar Pradesh · 221402"
221403,"Varanasi, Uttar Pradesh · 221403"
221404,"Sant Ravidas Nagar (Bhadohi), Uttar Pradesh · 221404"
221405,"Varanasi, Uttar Pradesh · 221405"
221406,"Sant Ravidas Nagar (Bhadohi), Uttar Pradesh · 221406"
221409,"Sant Ravidas Nagar (Bhadohi), Uttar Pradesh · 221409"
221502,"Allahabad, Uttar Pradesh · 221502"
221503,"Allahabad, Uttar Pradesh · 221503"
221505,"Allahabad, Uttar Pradesh · 221505"
221507,"Allahabad, Uttar Pradesh · 221507"
221508,"Allahabad, Uttar Pradesh · 221508"
221601,"Mau, Uttar Pradesh · 221601"
221602,"Mau, Uttar Pradesh · 221602"
221603,"Mau, Uttar Pradesh · 221603"
221701,"Ballia, Uttar Pradesh · 221701"
221705,"Mau, Uttar Pradesh · 221705"
221706,"Mau, Uttar Pradesh · 221706"
221709,"Ballia, Uttar Pradesh · 221709"
221711,"Ballia, Uttar Pradesh · 221711"
221712,"Ballia, Uttar Pradesh · 221712"
221713,"Ballia, Uttar Pradesh · 221713"
221715,"Ballia, Uttar Pradesh · 221715"
221716,"Ballia, Uttar Pradesh · 221716"
221717,"Ballia, Uttar Pradesh · 221717"
221718,"Ballia, Uttar Pradesh · 221718"
222001,"Jaunpur, Uttar Pradesh · 222001"
222002,"Jaunpur, Uttar Pradesh · 222002"
222003,"Jaunpur, Uttar Pradesh · 222003"
222105,"Jaunpur, Uttar Pradesh · 222105"
222109,"Jaunpur, Uttar Pradesh · 222109"
222125,"Jaunpur, Uttar Pradesh · 222125"
222127,"Jaunpur, Uttar Pradesh · 222127"
222128,"Jaunpur, Uttar Pradesh · 222128"
222129,"Jaunpur, Uttar Pradesh · 222129"
222131,"Jaunpur, Uttar Pradesh · 222131"
222132,"Jaunpur, Uttar Pradesh · 222132"
222133,"Jaunpur, Uttar Pradesh · 222133"
222135,"Jaunpur, Uttar Pradesh · 222135"
222136,"Jaunpur, Uttar Pradesh · 222136"
222137,"Jaunpur, Uttar Pradesh · 222137"
222138,"Jaunpur, Uttar Pradesh · 222138"
222139,"Jaunpur, Uttar Pradesh · 222139"
222141,"Jaunpur, Uttar Pradesh · 222141"
222142,"Jaunpur, Uttar Pradesh · 222142"
222143,"Jaunpur, Uttar Pradesh · 222143"
222144,"Jaunpur, Uttar Pradesh · 222144"
222145,"Jaunpur, Uttar Pradesh · 222145"
222146,"Jaunpur, Uttar Pradesh · 222146"
222148,"Jaunpur, Uttar Pradesh · 222148"
222149,"Jaunpur, Uttar Pradesh · 222149"
222161,"Jaunpur, Uttar Pradesh · 222161"
222162,"Jaunpur, Uttar Pradesh · 222162"
222165,"Jaunpur, Uttar Pradesh · 222165"
222170,"Jaunpur, Uttar Pradesh · 222170"
222175,"Jaunpur, Uttar Pradesh · 222175"
222180,"Jaunpur, Uttar Pradesh · 222180"
222181,"Jaunpur, Uttar Pradesh · 222181"
222201,"Jaunpur, Uttar Pradesh · 222201"
222202,"Jaunpur, Uttar Pradesh · 222202"
222203,"Jaunpur, Uttar Pradesh · 222203"
222204,"Jaunpur, Uttar Pradesh · 222204"
222301,"Sultanpur, Uttar Pradesh · 222301"
222302,"Sultanpur, Uttar Pradesh · 222302"
222303,"Sultanpur, Uttar Pradesh · 222303"
223101,"Jaunpur, Uttar Pradesh · 223101"
223102,"Jaunpur, Uttar Pradesh · 223102"
223103,"Jaunpur, Uttar Pradesh · 223103"
223104,"Jaunpur, Uttar Pradesh · 223104"
223105,"Jaunpur, Uttar Pradesh · 223105"
223221,"Azamgarh, Uttar Pradesh · 223221"
223222,"Azamgarh, Uttar Pradesh · 223222"
223223,"Azamgarh, Uttar Pradesh · 223223"
223224,"Azamgarh, Uttar Pradesh · 223224"
223225,"Azamgarh, Uttar Pradesh · 223225"
223226,"Azamgarh, Uttar Pradesh · 223226"
223227,"Azamgarh, Uttar Pradesh · 223227"
224001,"Faizabad, Uttar Pradesh · 224001"
224121,"Faizabad, Uttar Pradesh · 224121"
224123,"Faizabad, Uttar Pradesh · 224123"
224125,"Ambedkar Nagar, Uttar Pradesh · 224125"
224126,"Faizabad, Uttar Pradesh · 224126"
224127,"Faizabad, Uttar Pradesh · 224127"
224129,"Ambedkar Nagar, Uttar Pradesh · 224129"
224132,"Ambedkar Nagar, Uttar Pradesh · 224132"
224133,"Ambedkar Nagar, Uttar Pradesh · 224133"
224135,"Faizabad, Uttar Pradesh · 224135"
224137,"Ambedkar Nagar, Uttar Pradesh · 224137"
224139,"Ambedkar Nagar, Uttar Pradesh · 224139"
224141,"Faizabad, Uttar Pradesh · 224141"
224143,"Ambedkar Nagar, Uttar Pradesh · 224143"
224145,"Ambedkar Nagar, Uttar Pradesh · 224145"
224146,"Ambedkar Nagar, Uttar Pradesh · 224146"
224147,"Ambedkar Nagar, Uttar Pradesh · 224147"
224149,"Ambedkar Nagar, Uttar Pradesh · 224149"
224151,"Ambedkar Nagar, Uttar Pradesh · 224151"
224152,"Ambedkar Nagar, Uttar Pradesh · 224152"
224153,"Faizabad, Uttar Pradesh · 224153"
224155,"Ambedkar Nagar, Uttar Pradesh · 224155"
224157,"Ambedkar Nagar, Uttar Pradesh · 224157"
224158,"Faizabad, Uttar Pradesh · 224158"
224159,"Ambedkar Nagar, Uttar Pradesh · 224159"
224161,"Faizabad, Uttar Pradesh · 224161"
224164,"Faizabad, Uttar Pradesh · 224164"
224168,"Ambedkar Nagar, Uttar Pradesh · 224168"
224171,"Ambedkar Nagar, Uttar Pradesh · 224171"
224172,"Ambedkar Nagar, Uttar Pradesh · 224172"
224176,"Ambedkar Nagar, Uttar Pradesh · 224176"
224181,"Ambedkar Nagar, Uttar Pradesh · 224181"
224182,"Faizabad, Uttar Pradesh · 224182"
224183,"Ambedkar Nagar, Uttar Pradesh · 224183"
224186,"Ambedkar Nagar, Uttar Pradesh · 224186"
224189,"Ambedkar Nagar, Uttar Pradesh · 224189"
224190,"Ambedkar Nagar, Uttar Pradesh · 224190"
224195,"Ambedkar Nagar, Uttar Pradesh · 224195"
224201,"Faizabad, Uttar Pradesh · 224201"
224202,"Ambedkar Nagar, Uttar Pradesh · 224202"
224203,"Ambedkar Nagar, Uttar Pradesh · 224203"
224204,"Faizabad, Uttar Pradesh · 224204"
224205,"Ambedkar Nagar, Uttar Pradesh · 224205"
224206,"Ambedkar Nagar, Uttar Pradesh · 224206"
224207,"Faizabad, Uttar Pradesh · 224207"
224208,"Faizabad, Uttar Pradesh · 224208"
224209,"Faizabad, Uttar Pradesh · 224209"
224210,"Ambedkar Nagar, Uttar Pradesh · 224210"
224225,"Faizabad, Uttar Pradesh · 224225"
224228,"Faizabad, Uttar Pradesh · 224228"
224229,"Faizabad, Uttar Pradesh · 224229"
224230,"Ambedkar Nagar, Uttar Pradesh · 224230"
224231,"Ambedkar Nagar, Uttar Pradesh · 224231"
224232,"Ambedkar Nagar, Uttar Pradesh · 224232"
224234,"Ambedkar Nagar, Uttar Pradesh · 224234"
224235,"Ambedkar Nagar, Uttar Pradesh · 224235"
224238,"Ambedkar Nagar, Uttar Pradesh · 224238"
224284,"Faizabad, Uttar Pradesh · 224284"
226002,"Lucknow, Uttar Pradesh · 226002"
226003,"Lucknow, Uttar Pradesh · 226003"
226004,"Lucknow, Uttar Pradesh · 226004"
226005,"Lucknow, Uttar Pradesh · 226005"
226006,"Lucknow, Uttar Pradesh · 226006"
226007,"Lucknow, Uttar Pradesh · 226007"
226008,"Lucknow, Uttar Pradesh · 226008"
226009,"Lucknow, Uttar Pradesh · 226009"
226010,"Lucknow, Uttar Pradesh · 226010"
226011,"Lucknow, Uttar Pradesh · 226011"
226012,"Lucknow, Uttar Pradesh · 226012"
226013,"Lucknow, Uttar Pradesh · 226013"
226014,"Lucknow, Uttar Pradesh · 226014"
226015,"Lucknow, Uttar Pradesh · 226015"
226016,"Lucknow, Uttar Pradesh · 226016"
226017,"Lucknow, Uttar Pradesh · 226017"
226018,"Lucknow, Uttar Pradesh · 226018"
226019,"Lucknow, Uttar Pradesh · 226019"
226020,"Lucknow, Uttar Pradesh · 226020"
226021,"Lucknow, Uttar Pradesh · 226021"
226022,"Lucknow, Uttar Pradesh · 226022"
226023,"Lucknow, Uttar Pradesh · 226023"
226024,"Lucknow, Uttar Pradesh · 226024"
226025,"Lucknow, Uttar Pradesh · 226025"
226026,"Lucknow, Uttar Pradesh · 226026"
226028,"Lucknow, Uttar Pradesh · 226028"
226029,"Lucknow, Uttar Pradesh · 226029"
226030,"Lucknow, Uttar Pradesh · 226030"
226031,"Lucknow, Uttar Pradesh · 226031"
226101,"Lucknow, Uttar Pradesh · 226101"
226102,"Lucknow, Uttar Pradesh · 226102"
226103,"Lucknow, Uttar Pradesh · 226103"
226104,"Lucknow, Uttar Pradesh · 226104"
226201,"Lucknow, Uttar Pradesh · 226201"
226202,"Lucknow, Uttar Pradesh · 226202"
226203,"Lucknow, Uttar Pradesh · 226203"
226301,"Lucknow, Uttar Pradesh · 226301"
226302,"Lucknow, Uttar Pradesh · 226302"
226303,"Lucknow, Uttar Pradesh · 226303"
226401,"Lucknow, Uttar Pradesh · 226401"
226501,"Lucknow, Uttar Pradesh · 226501"
227304,"Sultanpur, Uttar Pradesh · 227304"
227405,"Sultanpur, Uttar Pradesh · 227405"
227406,"Sultanpur, Uttar Pradesh · 227406"
227407,"Sultanpur, Uttar Pradesh · 227407"
227408,"Sultanpur, Uttar Pradesh · 227408"
227409,"Sultanpur, Uttar Pradesh · 227409"
227411,"Sultanpur, Uttar Pradesh · 227411"
227412,"Sultanpur, Uttar Pradesh · 227412"
227413,"Sultanpur, Uttar Pradesh · 227413"
227801,"Sultanpur, Uttar Pradesh · 227801"
227805,"Sultanpur, Uttar Pradesh · 227805"
227806,"Sultanpur, Uttar Pradesh · 227806"
227807,"Sultanpur, Uttar Pradesh · 227807"
227808,"Sultanpur, Uttar Pradesh · 227808"
227809,"Sultanpur, Uttar Pradesh · 227809"
227811,"Sultanpur, Uttar Pradesh · 227811"
227812,"Sultanpur, Uttar Pradesh · 227812"
227813,"Sultanpur, Uttar Pradesh · 227813"
227814,"Sultanpur, Uttar Pradesh · 227814"
227815,"Sultanpur, Uttar Pradesh · 227815"
227816,"Sultanpur, Uttar Pradesh · 227816"
227817,"Sultanpur, Uttar Pradesh · 227817"
228001,"Sultanpur, Uttar Pradesh · 228001"
228118,"Sultanpur, Uttar Pradesh · 228118"
228119,"Sultanpur, Uttar Pradesh · 228119"
228120,"Sultanpur, Uttar Pradesh · 228120"
228121,"Sultanpur, Uttar Pradesh · 228121"
228125,"Sultanpur, Uttar Pradesh · 228125"
228131,"Sultanpur, Uttar Pradesh · 228131"
228132,"Sultanpur, Uttar Pradesh · 228132"
228133,"Sultanpur, Uttar Pradesh · 228133"
228142,"Sultanpur, Uttar Pradesh · 228142"
228145,"Sultanpur, Uttar Pradesh · 228145"
228151,"Sultanpur, Uttar Pradesh · 228151"
228155,"Sultanpur, Uttar Pradesh · 228155"
228159,"Sultanpur, Uttar Pradesh · 228159"
228161,"Sultanpur, Uttar Pradesh · 228161"
228171,"Sultanpur, Uttar Pradesh · 228171"
229408,"Pratapgarh, Uttar Pradesh · 229408"
229410,"Pratapgarh, Uttar Pradesh · 229410"
229411,"Allahabad, Uttar Pradesh · 229411"
229412,"Allahabad, Uttar Pradesh · 229412"
229413,"Allahabad, Uttar Pradesh · 229413"
230001,"Pratapgarh, Uttar Pradesh · 230001"
230002,"Pratapgarh, Uttar Pradesh · 230002"
230121,"Pratapgarh, Uttar Pradesh · 230121"
230124,"Pratapgarh, Uttar Pradesh · 230124"
230125,"Pratapgarh, Uttar Pradesh · 230125"
230126,"Pratapgarh, Uttar Pradesh · 230126"
230127,"Pratapgarh, Uttar Pradesh · 230127"
230128,"Pratapgarh, Uttar Pradesh · 230128"
230129,"Pratapgarh, Uttar Pradesh · 230129"
230130,"Pratapgarh, Uttar Pradesh · 230130"
230131,"Pratapgarh, Uttar Pradesh · 230131"
230132,"Pratapgarh, Uttar Pradesh · 230132"
230133,"Pratapgarh, Uttar Pradesh · 230133"
230134,"Pratapgarh, Uttar Pradesh · 230134"
230135,"Pratapgarh, Uttar Pradesh · 230135"
230136,"Pratapgarh, Uttar Pradesh · 230136"
230137,"Pratapgarh, Uttar Pradesh · 230137"
230138,"Pratapgarh, Uttar Pradesh · 230138"
230139,"Pratapgarh, Uttar Pradesh · 230139"
230141,"Pratapgarh, Uttar Pradesh · 230141"
230142,"Pratapgarh, Uttar Pradesh · 230142"
230143,"Pratapgarh, Uttar Pradesh · 230143"
230144,"Pratapgarh, Uttar Pradesh · 230144"
230201,"Pratapgarh, Uttar Pradesh · 230201"
230202,"Pratapgarh, Uttar Pradesh · 230202"
230204,"Pratapgarh, Uttar Pradesh · 230204"
230301,"Pratapgarh, Uttar Pradesh · 230301"
230302,"Pratapgarh, Uttar Pradesh · 230302"
230304,"Pratapgarh, Uttar Pradesh · 230304"
230306,"Pratapgarh, Uttar Pradesh · 230306"
230401,"Pratapgarh, Uttar Pradesh · 230401"
230402,"Pratapgarh, Uttar Pradesh · 230402"
230403,"Pratapgarh, Uttar Pradesh · 230403"
230404,"Pratapgarh, Uttar Pradesh · 230404"
230405,"Pratapgarh, Uttar Pradesh · 230405"
230501,"Pratapgarh, Uttar Pradesh · 230501"
230502,"Pratapgarh, Uttar Pradesh · 230502"
230503,"Pratapgarh, Uttar Pradesh · 230503"
231001,"Mirzapur, Uttar Pradesh · 231001"
231205,"Sonbhadra, Uttar Pradesh · 231205"
231206,"Sonbhadra, Uttar Pradesh · 231206"
231207,"Sonbhadra, Uttar Pradesh · 231207"
231208,"Sonbhadra, Uttar Pradesh · 231208"
231209,"Sonbhadra, Uttar Pradesh · 231209"
231210,"Mirzapur, Uttar Pradesh · 231210"
231211,"Mirzapur, Uttar Pradesh · 231211"
231212,"Sonbhadra, Uttar Pradesh · 231212"
231213,"Sonbhadra, Uttar Pradesh · 231213"
231215,"Sonbhadra, Uttar Pradesh · 231215"
231216,"Sonbhadra, Uttar Pradesh · 231216"
231217,"Sonbhadra, Uttar Pradesh · 231217"
231218,"Sonbhadra, Uttar Pradesh · 231218"
231219,"Sonbhadra, Uttar Pradesh · 231219"
231220,"Sonbhadra, Uttar Pradesh · 231220"
231221,"Sonbhadra, Uttar Pradesh · 231221"
231222,"Sonbhadra, Uttar Pradesh · 231222"
231223,"Sonbhadra, Uttar Pradesh · 231223"
231224,"Sonbhadra, Uttar Pradesh · 231224"
231225,"Sonbhadra, Uttar Pradesh · 231225"
231226,"Sonbhadra, Uttar Pradesh · 231226"
231301,"Mirzapur, Uttar Pradesh · 231301"
231302,"Mirzapur, Uttar Pradesh · 231302"
231303,"Mirzapur, Uttar Pradesh · 231303"
231304,"Mirzapur, Uttar Pradesh · 231304"
231305,"Mirzapur, Uttar Pradesh · 231305"
231306,"Mirzapur, Uttar Pradesh · 231306"
231307,"Mirzapur, Uttar Pradesh · 231307"
231309,"Mirzapur, Uttar Pradesh · 231309"
231311,"Mirzapur, Uttar Pradesh · 231311"
231312,"Mirzapur, Uttar Pradesh · 231312"
231313,"Mirzapur, Uttar Pradesh · 231313"
231314,"Mirzapur, Uttar Pradesh · 231314"
231501,"Mirzapur, Uttar Pradesh · 231501"
232101,"Chandauli, Uttar Pradesh · 232101"
232102,"Chandauli, Uttar Pradesh · 232102"
232103,"Chandauli, Uttar Pradesh · 232103"
232104,"Chandauli, Uttar Pradesh · 232104"
232105,"Chandauli, Uttar Pradesh · 232105"
232106,"Chandauli, Uttar Pradesh · 232106"
232107,"Chandauli, Uttar Pradesh · 232107"
232108,"Chandauli, Uttar Pradesh · 232108"
232109,"Chandauli, Uttar Pradesh · 232109"
232110,"Chandauli, Uttar Pradesh · 232110"
232111,"Chandauli, Uttar Pradesh · 232111"
232118,"Chandauli, Uttar Pradesh · 232118"
232120,"Chandauli, Uttar Pradesh · 232120"
232325,"Ghazipur, Uttar Pradesh · 232325"
232326,"Ghazipur, Uttar Pradesh · 232326"
232327,"Ghazipur, Uttar Pradesh · 232327"
232328,"Ghazipur, Uttar Pradesh · 232328"
232329,"Ghazipur, Uttar Pradesh · 232329"
232330,"Ghazipur, Uttar Pradesh · 232330"
232331,"Ghazipur, Uttar Pradesh · 232331"
232332,"Ghazipur, Uttar Pradesh · 232332"
232333,"Ghazipur, Uttar Pradesh · 232333"
232336,"Ghazipur, Uttar Pradesh · 232336"
232339,"Ghazipur, Uttar Pradesh · 232339"
232340,"Ghazipur, Uttar Pradesh · 232340"
233002,"Ghazipur, Uttar Pradesh · 233002"
233221,"Ghazipur, Uttar Pradesh · 233221"
233222,"Ghazipur, Uttar Pradesh · 233222"
233223,"Ghazipur, Uttar Pradesh · 233223"
233224,"Ghazipur, Uttar Pradesh · 233224"
233225,"Ghazipur, Uttar Pradesh · 233225"
233226,"Ghazipur, Uttar Pradesh · 233226"
233227,"Ghazipur, Uttar Pradesh · 233227"
233228,"Ghazipur, Uttar Pradesh · 233228"
233229,"Ghazipur, Uttar Pradesh · 233229"
233230,"Ghazipur, Uttar Pradesh · 233230"
233231,"Ghazipur, Uttar Pradesh · 233231"
233232,"Ghazipur, Uttar Pradesh · 233232"
233233,"Ghazipur, Uttar Pradesh · 233233"
233300,"Ghazipur, Uttar Pradesh · 233300"
233301,"Ghazipur, Uttar Pradesh · 233301"
233302,"Ghazipur, Uttar Pradesh · 233302"
233303,"Ghazipur, Uttar Pradesh · 233303"
233304,"Ghazipur, Uttar Pradesh · 233304"
233305,"Ghazipur, Uttar Pradesh · 233305"
233306,"Ghazipur, Uttar Pradesh · 233306"
233307,"Ghazipur, Uttar Pradesh · 233307"
233310,"Ghazipur, Uttar Pradesh · 233310"
233311,"Ghazipur, Uttar Pradesh · 233311"
241121,"Hardoi, Uttar Pradesh · 241121"
241122,"Hardoi, Uttar Pradesh · 241122"
241123,"Hardoi, Uttar Pradesh · 241123"
241124,"Hardoi, Uttar Pradesh · 241124"
241125,"Hardoi, Uttar Pradesh · 241125"
241126,"Hardoi, Uttar Pradesh · 241126"
241127,"Hardoi, Uttar Pradesh · 241127"
241201,"Hardoi, Uttar Pradesh · 241201"
241202,"Hardoi, Uttar Pradesh · 241202"
241203,"Hardoi, Uttar Pradesh · 241203"
241204,"Hardoi, Uttar Pradesh · 241204"
241301,"Hardoi, Uttar Pradesh · 241301"
241302,"Hardoi, Uttar Pradesh · 241302"
241303,"Hardoi, Uttar Pradesh · 241303"
241304,"Hardoi, Uttar Pradesh · 241304"
241305,"Hardoi, Uttar Pradesh · 241305"
241401,"Hardoi, Uttar Pradesh · 241401"
241402,"Hardoi, Uttar Pradesh · 241402"
241403,"Hardoi, Uttar Pradesh · 241403"
241404,"Hardoi, Uttar Pradesh · 241404"
241405,"Hardoi, Uttar Pradesh · 241405"
241406,"Hardoi, Uttar Pradesh · 241406"
241407,"Hardoi, Uttar Pradesh · 241407"
242001,"Shahjahanpur, Uttar Pradesh · 242001"
242021,"Budaun, Uttar Pradesh · 242021"
242042,"Shahjahanpur, Uttar Pradesh · 242042"
242127,"Shahjahanpur, Uttar Pradesh · 242127"
242220,"Shahjahanpur, Uttar Pradesh · 242220"
242221,"Shahjahanpur, Uttar Pradesh · 242221"
242223,"Shahjahanpur, Uttar Pradesh · 242223"
242226,"Shahjahanpur, Uttar Pradesh · 242226"
242301,"Shahjahanpur, Uttar Pradesh · 242301"
242303,"Shahjahanpur, Uttar Pradesh · 242303"
242305,"Shahjahanpur, Uttar Pradesh · 242305"
242306,"Shahjahanpur, Uttar Pradesh · 242306"
242401,"Shahjahanpur, Uttar Pradesh · 242401"
242405,"Shahjahanpur, Uttar Pradesh · 242405"
242406,"Shahjahanpur, Uttar Pradesh · 242406"
242407,"Shahjahanpur, Uttar Pradesh · 242407"
243002,"Bareilly, Uttar Pradesh · 243002"
243003,"Bareilly, Uttar Pradesh · 243003"
243004,"Bareilly, Uttar Pradesh · 243004"
243005,"Bareilly, Uttar Pradesh · 243005"
243006,"Bareilly, Uttar Pradesh · 243006"
243122,"Bareilly, Uttar Pradesh · 243122"
243123,"Bareilly, Uttar Pradesh · 243123"
243126,"Bareilly, Uttar Pradesh · 243126"
243201,"Bareilly, Uttar Pradesh · 243201"
243202,"Bareilly, Uttar Pradesh · 243202"
243203,"Bareilly, Uttar Pradesh · 243203"
243301,"Bareilly, Uttar Pradesh · 243301"
243302,"Bareilly, Uttar Pradesh · 243302"
243303,"Bareilly, Uttar Pradesh · 243303"
243401,"Bareilly, Uttar Pradesh · 243401"
243402,"Bareilly, Uttar Pradesh · 243402"
243403,"Bareilly, Uttar Pradesh · 243403"
243407,"Bareilly, Uttar Pradesh · 243407"
243501,"Bareilly, Uttar Pradesh · 243501"
243502,"Bareilly, Uttar Pradesh · 243502"
243503,"Bareilly, Uttar Pradesh · 243503"
243504,"Bareilly, Uttar Pradesh · 243504"
243505,"Bareilly, Uttar Pradesh · 243505"
243506,"Bareilly, Uttar Pradesh · 243506"
243601,"Budaun, Uttar Pradesh · 243601"
243630,"Budaun, Uttar Pradesh · 243630"
243631,"Budaun, Uttar Pradesh · 243631"
243632,"Budaun, Uttar Pradesh · 243632"
243634,"Budaun, Uttar Pradesh · 243634"
243635,"Budaun, Uttar Pradesh · 243635"
243636,"Budaun, Uttar Pradesh · 243636"
243637,"Budaun, Uttar Pradesh · 243637"
243638,"Budaun, Uttar Pradesh · 243638"
243639,"Budaun, Uttar Pradesh · 243639"
243641,"Budaun, Uttar Pradesh · 243641"
243720,"Budaun, Uttar Pradesh · 243720"
243722,"Budaun, Uttar Pradesh · 243722"
243723,"Budaun, Uttar Pradesh · 243723"
243724,"Budaun, Uttar Pradesh · 243724"
243725,"Budaun, Uttar Pradesh · 243725"
243726,"Budaun, Uttar Pradesh · 243726"
243727,"Budaun, Uttar Pradesh · 243727"
243751,"Budaun, Uttar Pradesh · 243751"
244102,"Moradabad, Uttar Pradesh · 244102"
244103,"Moradabad, Uttar Pradesh · 244103"
244104,"Moradabad, Uttar Pradesh · 244104"
244222,"Jyotiba Phule Nagar, Uttar Pradesh · 244222"
244223,"Jyotiba Phule Nagar, Uttar Pradesh · 244223"
244225,"Jyotiba Phule Nagar, Uttar Pradesh · 244225"
244231,"Jyotiba Phule Nagar, Uttar Pradesh · 244231"
244235,"Jyotiba Phule Nagar, Uttar Pradesh · 244235"
244236,"Jyotiba Phule Nagar, Uttar Pradesh · 244236"
244241,"Jyotiba Phule Nagar, Uttar Pradesh · 244241"
244242,"Jyotiba Phule Nagar, Uttar Pradesh · 244242"
244245,"Jyotiba Phule Nagar, Uttar Pradesh · 244245"
244251,"Jyotiba Phule Nagar, Uttar Pradesh · 244251"
244255,"Jyotiba Phule Nagar, Uttar Pradesh · 244255"
244301,"Moradabad, Uttar Pradesh · 244301"
244302,"Moradabad, Uttar Pradesh · 244302"
244303,"Moradabad, Uttar Pradesh · 244303"
244304,"Moradabad, Uttar Pradesh · 244304"
244401,"Moradabad, Uttar Pradesh · 244401"
244402,"Moradabad, Uttar Pradesh · 244402"
244410,"Moradabad, Uttar Pradesh · 244410"
244411,"Moradabad, Uttar Pradesh · 244411"
244412,"Moradabad, Uttar Pradesh · 244412"
244413,"Moradabad, Uttar Pradesh · 244413"
244414,"Moradabad, Uttar Pradesh · 244414"
244415,"Moradabad, Uttar Pradesh · 244415"
244501,"Jyotiba Phule Nagar, Uttar Pradesh · 244501"
244504,"Moradabad, Uttar Pradesh · 244504"
244601,"Moradabad, Uttar Pradesh · 244601"
244602,"Moradabad, Uttar Pradesh · 244602"
244701,"Rampur, Uttar Pradesh · 244701"
244901,"Rampur, Uttar Pradesh · 244901"
244921,"Rampur, Uttar Pradesh · 244921"
244922,"Rampur, Uttar Pradesh · 244922"
244923,"Rampur, Uttar Pradesh · 244923"
244924,"Rampur, Uttar Pradesh · 244924"
244925,"Rampur, Uttar Pradesh · 244925"
244926,"Rampur, Uttar Pradesh · 244926"
244927,"Rampur, Uttar Pradesh · 244927"
244928,"Rampur, Uttar Pradesh · 244928"
245201,"Ghaziabad, Uttar Pradesh · 245201"
245205,"Ghaziabad, Uttar Pradesh · 245205"
245206,"Meerut, Uttar Pradesh · 245206"
245207,"Ghaziabad, Uttar Pradesh · 245207"
245208,"Ghaziabad, Uttar Pradesh · 245208"
245304,"Ghaziabad, Uttar Pradesh · 245304"
246701,"Bijnor, Uttar Pradesh · 246701"
246721,"Bijnor, Uttar Pradesh · 246721"
246722,"Bijnor, Uttar Pradesh · 246722"
246723,"Bijnor, Uttar Pradesh · 246723"
246724,"Bijnor, Uttar Pradesh · 246724"
246725,"Bijnor, Uttar Pradesh · 246725"
246726,"Bijnor, Uttar Pradesh · 246726"
246727,"Bijnor, Uttar Pradesh · 246727"
246728,"Bijnor, Uttar Pradesh · 246728"
246729,"Bijnor, Uttar Pradesh · 246729"
246731,"Bijnor, Uttar Pradesh · 246731"
246732,"Bijnor, Uttar Pradesh · 246732"
246733,"Bijnor, Uttar Pradesh · 246733"
246734,"Bijnor, Uttar Pradesh · 246734"
246735,"Bijnor, Uttar Pradesh · 246735"
246736,"Bijnor, Uttar Pradesh · 246736"
246745,"Bijnor, Uttar Pradesh · 246745"
246746,"Bijnor, Uttar Pradesh · 246746"
246747,"Bijnor, Uttar Pradesh · 246747"
246749,"Bijnor, Uttar Pradesh · 246749"
246761,"Bijnor, Uttar Pradesh · 246761"
246763,"Bijnor, Uttar Pradesh · 246763"
246764,"Bijnor, Uttar Pradesh · 246764"
247002,"Saharanpur, Uttar Pradesh · 247002"
247120,"Saharanpur, Uttar Pradesh · 247120"
247121,"Saharanpur, Uttar Pradesh · 247121"
247122,"Saharanpur, Uttar Pradesh · 247122"
247129,"Saharanpur, Uttar Pradesh · 247129"
247231,"Saharanpur, Uttar Pradesh · 247231"
247232,"Saharanpur, Uttar Pradesh · 247232"
247340,"Saharanpur, Uttar Pradesh · 247340"
247341,"Saharanpur, Uttar Pradesh · 247341"
247342,"Saharanpur, Uttar Pradesh · 247342"
247343,"Saharanpur, Uttar Pradesh · 247343"
247451,"Saharanpur, Uttar Pradesh · 247451"
247452,"Saharanpur, Uttar Pradesh · 247452"
247453,"Saharanpur, Uttar Pradesh · 247453"
247551,"Saharanpur, Uttar Pradesh · 247551"
247554,"Saharanpur, Uttar Pradesh · 247554"
247662,"Saharanpur, Uttar Pradesh · 247662"
247669,"Saharanpur, Uttar Pradesh · 247669"
247771,"Muzaffarnagar, Uttar Pradesh · 247771"
247772,"Muzaffarnagar, Uttar Pradesh · 247772"
247773,"Muzaffarnagar, Uttar Pradesh · 247773"
247774,"Muzaffarnagar, Uttar Pradesh · 247774"
247775,"Muzaffarnagar, Uttar Pradesh · 247775"
247776,"Muzaffarnagar, Uttar Pradesh · 247776"
247777,"Muzaffarnagar, Uttar Pradesh · 247777"
247778,"Muzaffarnagar, Uttar Pradesh · 247778"
250103,"Meerut, Uttar Pradesh · 250103"
250104,"Meerut, Uttar Pradesh · 250104"
250106,"Meerut, Uttar Pradesh · 250106"
250221,"Meerut, Uttar Pradesh · 250221"
250222,"Meerut, Uttar Pradesh · 250222"
250341,"Meerut, Uttar Pradesh · 250341"
250342,"Meerut, Uttar Pradesh · 250342"
250344,"Meerut, Uttar Pradesh · 250344"
250401,"Meerut, Uttar Pradesh · 250401"
250402,"Meerut, Uttar Pradesh · 250402"
250404,"Meerut, Uttar Pradesh · 250404"
250406,"Meerut, Uttar Pradesh · 250406"
250501,"Meerut, Uttar Pradesh · 250501"
250502,"Meerut, Uttar Pradesh · 250502"
251002,"Muzaffarnagar, Uttar Pradesh · 251002"
251003,"Muzaffarnagar, Uttar Pradesh · 251003"
251201,"Muzaffarnagar, Uttar Pradesh · 251201"
251202,"Muzaffarnagar, Uttar Pradesh · 251202"
251203,"Muzaffarnagar, Uttar Pradesh · 251203"
251301,"Muzaffarnagar, Uttar Pradesh · 251301"
251305,"Muzaffarnagar, Uttar Pradesh · 251305"
251306,"Muzaffarnagar, Uttar Pradesh · 251306"
251307,"Muzaffarnagar, Uttar Pradesh · 251307"
251308,"Muzaffarnagar, Uttar Pradesh · 251308"
251309,"Muzaffarnagar, Uttar Pradesh · 251309"
251310,"Muzaffarnagar, Uttar Pradesh · 251310"
251311,"Muzaffarnagar, Uttar Pradesh · 251311"
251314,"Muzaffarnagar, Uttar Pradesh · 251314"
251315,"Muzaffarnagar, Uttar Pradesh · 251315"
251316,"Muzaffarnagar, Uttar Pradesh · 251316"
251318,"Muzaffarnagar, Uttar Pradesh · 251318"
251319,"Muzaffarnagar, Uttar Pradesh · 251319"
251320,"Muzaffarnagar, Uttar Pradesh · 251320"
251327,"Muzaffarnagar, Uttar Pradesh · 251327"
261001,"Sitapur, Uttar Pradesh · 261001"
261121,"Sitapur, Uttar Pradesh · 261121"
261125,"Sitapur, Uttar Pradesh · 261125"
261131,"Sitapur, Uttar Pradesh · 261131"
261135,"Sitapur, Uttar Pradesh · 261135"
261136,"Sitapur, Uttar Pradesh · 261136"
261141,"Sitapur, Uttar Pradesh · 261141"
261145,"Sitapur, Uttar Pradesh · 261145"
261151,"Sitapur, Uttar Pradesh · 261151"
261201,"Sitapur, Uttar Pradesh · 261201"
261202,"Sitapur, Uttar Pradesh · 261202"
261203,"Sitapur, Uttar Pradesh · 261203"
261204,"Sitapur, Uttar Pradesh · 261204"
261205,"Sitapur, Uttar Pradesh · 261205"
261206,"Sitapur, Uttar Pradesh · 261206"
261207,"Sitapur, Uttar Pradesh · 261207"
261208,"Sitapur, Uttar Pradesh · 261208"
261301,"Sitapur, Uttar Pradesh · 261301"
261302,"Sitapur, Uttar Pradesh · 261302"
261303,"Sitapur, Uttar Pradesh · 261303"
261401,"Sitapur, Uttar Pradesh · 261401"
261402,"Sitapur, Uttar Pradesh · 261402"
261403,"Sitapur, Uttar Pradesh · 261403"
261404,"Sitapur, Uttar Pradesh · 261404"
261405,"Sitapur, Uttar Pradesh · 261405"
261501,"Kheri, Uttar Pradesh · 261501"
261502,"Kheri, Uttar Pradesh · 261502"
261505,"Kheri, Uttar Pradesh · 261505"
261506,"Kheri, Uttar Pradesh · 261506"
262001,"Pilibhit, Uttar Pradesh · 262001"
262121,"Pilibhit, Uttar Pradesh · 262121"
262124,"Pilibhit, Uttar Pradesh · 262124"
262201,"Pilibhit, Uttar Pradesh · 262201"
262202,"Pilibhit, Uttar Pradesh · 262202"
262203,"Pilibhit, Uttar Pradesh · 262203"
262302,"Pilibhit, Uttar Pradesh · 262302"
262305,"Pilibhit, Uttar Pradesh · 262305"
262406,"Bareilly, Uttar Pradesh · 262406"
262701,"Kheri, Uttar Pradesh · 262701"
262702,"Kheri, Uttar Pradesh · 262702"
262721,"Kheri, Uttar Pradesh · 262721"
262722,"Kheri, Uttar Pradesh · 262722"
262723,"Kheri, Uttar Pradesh · 262723"
262724,"Kheri, Uttar Pradesh · 262724"
262725,"Kheri, Uttar Pradesh · 262725"
262726,"Kheri, Uttar Pradesh · 262726"
262727,"Kheri, Uttar Pradesh · 262727"
262728,"Kheri, Uttar Pradesh · 262728"
262801,"Kheri, Uttar Pradesh · 262801"
262802,"Kheri, Uttar Pradesh · 262802"
262803,"Kheri, Uttar Pradesh · 262803"
262804,"Kheri, Uttar Pradesh · 262804"
262805,"Kheri, Uttar Pradesh · 262805"
262901,"Kheri, Uttar Pradesh · 262901"
262902,"Kheri, Uttar Pradesh · 262902"
262903,"Kheri, Uttar Pradesh · 262903"
262904,"Kheri, Uttar Pradesh · 262904"
262905,"Kheri, Uttar Pradesh · 262905"
262906,"Kheri, Uttar Pradesh · 262906"
262907,"Kheri, Uttar Pradesh · 262907"
262908,"Kheri, Uttar Pradesh · 262908"
271001,"Gonda, Uttar Pradesh · 271001"
271002,"Gonda, Uttar Pradesh · 271002"
271122,"Gonda, Uttar Pradesh · 271122"
271123,"Gonda, Uttar Pradesh · 271123"
271124,"Gonda, Uttar Pradesh · 271124"
271125,"Gonda, Uttar Pradesh · 271125"
271126,"Gonda, Uttar Pradesh · 271126"
271129,"Gonda, Uttar Pradesh · 271129"
271201,"Balrampur, Uttar Pradesh · 271201"
271202,"Gonda, Uttar Pradesh · 271202"
271203,"Balrampur, Uttar Pradesh · 271203"
271204,"Balrampur, Uttar Pradesh · 271204"
271205,"Balrampur, Uttar Pradesh · 271205"
271206,"Balrampur, Uttar Pradesh · 271206"
271207,"Balrampur, Uttar Pradesh · 271207"
271208,"Balrampur, Uttar Pradesh · 271208"
271209,"Gonda, Uttar Pradesh · 271209"
271210,"Balrampur, Uttar Pradesh · 271210"
271215,"Balrampur, Uttar Pradesh · 271215"
271301,"Gonda, Uttar Pradesh · 271301"
271302,"Gonda, Uttar Pradesh · 271302"
271303,"Gonda, Uttar Pradesh · 271303"
271304,"Gonda, Uttar Pradesh · 271304"
271305,"Gonda, Uttar Pradesh · 271305"
271306,"Balrampur, Uttar Pradesh · 271306"
271307,"Balrampur, Uttar Pradesh · 271307"
271309,"Gonda, Uttar Pradesh · 271309"
271310,"Gonda, Uttar Pradesh · 271310"
271311,"Gonda, Uttar Pradesh · 271311"
271312,"Gonda, Uttar Pradesh · 271312"
271313,"Gonda, Uttar Pradesh · 271313"
271319,"Gonda, Uttar Pradesh · 271319"
271401,"Gonda, Uttar Pradesh · 271401"
271402,"Gonda, Uttar Pradesh · 271402"
271403,"Gonda, Uttar Pradesh · 271403"
271502,"Gonda, Uttar Pradesh · 271502"
271503,"Gonda, Uttar Pradesh · 271503"
271504,"Gonda, Uttar Pradesh · 271504"
271601,"Gonda, Uttar Pradesh · 271601"
271602,"Gonda, Uttar Pradesh · 271602"
271603,"Gonda, Uttar Pradesh · 271603"
271604,"Balrampur, Uttar Pradesh · 271604"
271607,"Balrampur, Uttar Pradesh · 271607"
271609,"Balrampur, Uttar Pradesh · 271609"
271801,"Bahraich, Uttar Pradesh · 271801"
271802,"Bahraich, Uttar Pradesh · 271802"
271803,"Shrawasti, Uttar Pradesh · 271803"
271804,"Shrawasti, Uttar Pradesh · 271804"
271805,"Shrawasti, Uttar Pradesh · 271805"
271821,"Bahraich, Uttar Pradesh · 271821"
271824,"Bahraich, Uttar Pradesh · 271824"
271825,"Bahraich, Uttar Pradesh · 271825"
271830,"Bahraich, Uttar Pradesh · 271830"
271831,"Shrawasti, Uttar Pradesh · 271831"
271835,"Shrawasti, Uttar Pradesh · 271835"
271840,"Shrawasti, Uttar Pradesh · 271840"
271841,"Bahraich, Uttar Pradesh · 271841"
271845,"Shrawasti, Uttar Pradesh · 271845"
271851,"Bahraich, Uttar Pradesh · 271851"
271855,"Bahraich, Uttar Pradesh · 271855"
271861,"Balrampur, Uttar Pradesh · 271861"
271865,"Bahraich, Uttar Pradesh · 271865"
271870,"Bahraich, Uttar Pradesh · 271870"
271871,"Bahraich, Uttar Pradesh · 271871"
271872,"Bahraich, Uttar Pradesh · 271872"
271875,"Bahraich, Uttar Pradesh · 271875"
271881,"Bahraich, Uttar Pradesh · 271881"
271882,"Bahraich, Uttar Pradesh · 271882"
271901,"Bahraich, Uttar Pradesh · 271901"
271902,"Bahraich, Uttar Pradesh · 271902"
271903,"Bahraich, Uttar Pradesh · 271903"
271904,"Bahraich, Uttar Pradesh · 271904"
272001,"Basti, Uttar Pradesh · 272001"
272002,"Basti, Uttar Pradesh · 272002"
272123,"Basti, Uttar Pradesh · 272123"
272124,"Basti, Uttar Pradesh · 272124"
272125,"Basti, Uttar Pradesh · 272125"
272126,"Basti, Uttar Pradesh · 272126"
272127,"Basti, Uttar Pradesh · 272127"
272128,"Basti, Uttar Pradesh · 272128"
272129,"Basti, Uttar Pradesh · 272129"
272130,"Basti, Uttar Pradesh · 272130"
272131,"Basti, Uttar Pradesh · 272131"
272148,"Basti, Uttar Pradesh · 272148"
272150,"Basti, Uttar Pradesh · 272150"
272151,"Basti, Uttar Pradesh · 272151"
272152,"Siddharthnagar, Uttar Pradesh · 272152"
272153,"Siddharthnagar, Uttar Pradesh · 272153"
272154,"Siddharthnagar, Uttar Pradesh · 272154"
272155,"Basti, Uttar Pradesh · 272155"
272162,"Sant Kabir Nagar, Uttar Pradesh · 272162"
272163,"Basti, Uttar Pradesh · 272163"
272164,"Sant Kabir Nagar, Uttar Pradesh · 272164"
272165,"Sant Kabir Nagar, Uttar Pradesh · 272165"
272171,"Basti, Uttar Pradesh · 272171"
272172,"Sant Kabir Nagar, Uttar Pradesh · 272172"
272173,"Sant Kabir Nagar, Uttar Pradesh · 272173"
272176,"Sant Kabir Nagar, Uttar Pradesh · 272176"
272177,"Basti, Uttar Pradesh · 272177"
272181,"Basti, Uttar Pradesh · 272181"
272182,"Basti, Uttar Pradesh · 272182"
272189,"Siddharthnagar, Uttar Pradesh · 272189"
272190,"Basti, Uttar Pradesh · 272190"
272191,"Siddharthnagar, Uttar Pradesh · 272191"
272193,"Siddharthnagar, Uttar Pradesh · 272193"
272194,"Basti, Uttar Pradesh · 272194"
272195,"Siddharthnagar, Uttar Pradesh · 272195"
272199,"Sant Kabir Nagar, Uttar Pradesh · 272199"
272201,"Siddharthnagar, Uttar Pradesh · 272201"
272202,"Siddharthnagar, Uttar Pradesh · 272202"
272203,"Siddharthnagar, Uttar Pradesh · 272203"
272204,"Siddharthnagar, Uttar Pradesh · 272204"
272205,"Siddharthnagar, Uttar Pradesh · 272205"
272206,"Siddharthnagar, Uttar Pradesh · 272206"
272207,"Siddharthnagar, Uttar Pradesh · 272207"
272208,"Siddharthnagar, Uttar Pradesh · 272208"
272270,"Sant Kabir Nagar, Uttar Pradesh · 272270"
272271,"Sant Kabir Nagar, Uttar Pradesh · 272271"
272301,"Basti, Uttar Pradesh · 272301"
272302,"Basti, Uttar Pradesh · 272302"
273002,"Gorakhpur, Uttar Pradesh · 273002"
273003,"Gorakhpur, Uttar Pradesh · 273003"
273004,"Gorakhpur, Uttar Pradesh · 273004"
273005,"Gorakhpur, Uttar Pradesh · 273005"
273006,"Gorakhpur, Uttar Pradesh · 273006"
273007,"Gorakhpur, Uttar Pradesh · 273007"
273008,"Gorakhpur, Uttar Pradesh · 273008"
273010,"Gorakhpur, Uttar Pradesh · 273010"
273012,"Gorakhpur, Uttar Pradesh · 273012"
273013,"Gorakhpur, Uttar Pradesh · 273013"
273014,"Gorakhpur, Uttar Pradesh · 273014"
273015,"Gorakhpur, Uttar Pradesh · 273015"
273016,"Gorakhpur, Uttar Pradesh · 273016"
273017,"Gorakhpur, Uttar Pradesh · 273017"
273152,"Gorakhpur, Uttar Pradesh · 273152"
273158,"Gorakhpur, Uttar Pradesh · 273158"
273165,"Gorakhpur, Uttar Pradesh · 273165"
273201,"Gorakhpur, Uttar Pradesh · 273201"
273202,"Gorakhpur, Uttar Pradesh · 273202"
273203,"Gorakhpur, Uttar Pradesh · 273203"
273209,"Gorakhpur, Uttar Pradesh · 273209"
273211,"Gorakhpur, Uttar Pradesh · 273211"
273212,"Gorakhpur, Uttar Pradesh · 273212"
273213,"Gorakhpur, Uttar Pradesh · 273213"
273306,"Gorakhpur, Uttar Pradesh · 273306"
273401,"Gorakhpur, Uttar Pradesh · 273401"
273402,"Gorakhpur, Uttar Pradesh · 273402"
273403,"Gorakhpur, Uttar Pradesh · 273403"
273404,"Gorakhpur, Uttar Pradesh · 273404"
273405,"Gorakhpur, Uttar Pradesh · 273405"
273406,"Gorakhpur, Uttar Pradesh · 273406"
273407,"Gorakhpur, Uttar Pradesh · 273407"
273408,"Gorakhpur, Uttar Pradesh · 273408"
273409,"Gorakhpur, Uttar Pradesh · 273409"
273411,"Gorakhpur, Uttar Pradesh · 273411"
273412,"Gorakhpur, Uttar Pradesh · 273412"
273413,"Gorakhpur, Uttar Pradesh · 273413"
274149,"Kushinagar, Uttar Pradesh · 274149"
274182,"Deoria, Uttar Pradesh · 274182"
274201,"Deoria, Uttar Pradesh · 274201"
274202,"Deoria, Uttar Pradesh · 274202"
274203,"Kushinagar, Uttar Pradesh · 274203"
274204,"Deoria, Uttar Pradesh · 274204"
274205,"Deoria, Uttar Pradesh · 274205"
274206,"Kushinagar, Uttar Pradesh · 274206"
274207,"Kushinagar, Uttar Pradesh · 274207"
274208,"Deoria, Uttar Pradesh · 274208"
274301,"Kushinagar, Uttar Pradesh · 274301"
274302,"Kushinagar, Uttar Pradesh · 274302"
274303,"Kushinagar, Uttar Pradesh · 274303"
274304,"Kushinagar, Uttar Pradesh · 274304"
274306,"Kushinagar, Uttar Pradesh · 274306"
274401,"Kushinagar, Uttar Pradesh · 274401"
274402,"Kushinagar, Uttar Pradesh · 274402"
274403,"Kushinagar, Uttar Pradesh · 274403"
274404,"Deoria, Uttar Pradesh · 274404"
274405,"Deoria, Uttar Pradesh · 274405"
274406,"Kushinagar, Uttar Pradesh · 274406"
274407,"Kushinagar, Uttar Pradesh · 274407"
274408,"Deoria, Uttar Pradesh · 274408"
274409,"Kushinagar, Uttar Pradesh · 274409"
274501,"Deoria, Uttar Pradesh · 274501"
274502,"Deoria, Uttar Pradesh · 274502"
274505,"Deoria, Uttar Pradesh · 274505"
274506,"Deoria, Uttar Pradesh · 274506"
274508,"Deoria, Uttar Pradesh · 274508"
274509,"Deoria, Uttar Pradesh · 274509"
274601,"Deoria, Uttar Pradesh · 274601"
274602,"Deoria, Uttar Pradesh · 274602"
274603,"Deoria, Uttar Pradesh · 274603"
274604,"Deoria, Uttar Pradesh · 274604"
274701,"Deoria, Uttar Pradesh · 274701"
274702,"Deoria, Uttar Pradesh · 274702"
274703,"Deoria, Uttar Pradesh · 274703"
274704,"Deoria, Uttar Pradesh · 274704"
274705,"Deoria, Uttar Pradesh · 274705"
274801,"Kushinagar, Uttar Pradesh · 274801"
274802,"Kushinagar, Uttar Pradesh · 274802"
274807,"Deoria, Uttar Pradesh · 274807"
274808,"Deoria, Uttar Pradesh · 274808"
275101,"Mau, Uttar Pradesh · 275101"
275102,"Mau, Uttar Pradesh · 275102"
275103,"Mau, Uttar Pradesh · 275103"
275105,"Mau, Uttar Pradesh · 275105"
275201,"Ghazipur, Uttar Pradesh · 275201"
275202,"Ghazipur, Uttar Pradesh · 275202"
275203,"Ghazipur, Uttar Pradesh · 275203"
275204,"Ghazipur, Uttar Pradesh · 275204"
275205,"Ghazipur, Uttar Pradesh · 275205"
275301,"Mau, Uttar Pradesh · 275301"
275302,"Mau, Uttar Pradesh · 275302"
275303,"Mau, Uttar Pradesh · 275303"
275304,"Mau, Uttar Pradesh · 275304"
275305,"Mau, Uttar Pradesh · 275305"
275306,"Mau, Uttar Pradesh · 275306"
275307,"Mau, Uttar Pradesh · 275307"
276001,"Azamgarh, Uttar Pradesh · 276001"
276121,"Azamgarh, Uttar Pradesh · 276121"
276122,"Azamgarh, Uttar Pradesh · 276122"
276123,"Azamgarh, Uttar Pradesh · 276123"
276124,"Azamgarh, Uttar Pradesh · 276124"
276125,"Azamgarh, Uttar Pradesh · 276125"
276126,"Azamgarh, Uttar Pradesh · 276126"
276127,"Azamgarh, Uttar Pradesh · 276127"
276128,"Azamgarh, Uttar Pradesh · 276128"
276129,"Mau, Uttar Pradesh · 276129"
276131,"Azamgarh, Uttar Pradesh · 276131"
276135,"Azamgarh, Uttar Pradesh · 276135"
276136,"Azamgarh, Uttar Pradesh · 276136"
276137,"Azamgarh, Uttar Pradesh · 276137"
276138,"Azamgarh, Uttar Pradesh · 276138"
276139,"Azamgarh, Uttar Pradesh · 276139"
276140,"Azamgarh, Uttar Pradesh · 276140"
276141,"Azamgarh, Uttar Pradesh · 276141"
276142,"Azamgarh, Uttar Pradesh · 276142"
276143,"Azamgarh, Uttar Pradesh · 276143"
276201,"Azamgarh, Uttar Pradesh · 276201"
276202,"Azamgarh, Uttar Pradesh · 276202"
276203,"Azamgarh, Uttar Pradesh · 276203"
276204,"Azamgarh, Uttar Pradesh · 276204"
276205,"Azamgarh, Uttar Pradesh · 276205"
276206,"Azamgarh, Uttar Pradesh · 276206"
276207,"Azamgarh, Uttar Pradesh · 276207"
276208,"Azamgarh, Uttar Pradesh · 276208"
276288,"Azamgarh, Uttar Pradesh · 276288"
276301,"Azamgarh, Uttar Pradesh · 276301"
276302,"Azamgarh, Uttar Pradesh · 276302"
276303,"Azamgarh, Uttar Pradesh · 276303"
276304,"Azamgarh, Uttar Pradesh · 276304"
276305,"Azamgarh, Uttar Pradesh · 276305"
276306,"Azamgarh, Uttar Pradesh · 276306"
276402,"Mau, Uttar Pradesh · 276402"
276403,"Mau, Uttar Pradesh · 276403"
276404,"Azamgarh, Uttar Pradesh · 276404"
276405,"Mau, Uttar Pradesh · 276405"
276406,"Azamgarh, Uttar Pradesh · 276406"
277001,"Ballia, Uttar Pradesh · 277001"
277121,"Ballia, Uttar Pradesh · 277121"
277123,"Ballia, Uttar Pradesh · 277123"
277124,"Ballia, Uttar Pradesh · 277124"
277201,"Ballia, Uttar Pradesh · 277201"
277202,"Ballia, Uttar Pradesh · 277202"
277203,"Ballia, Uttar Pradesh · 277203"
277204,"Ballia, Uttar Pradesh · 277204"
277205,"Ballia, Uttar Pradesh · 277205"
277207,"Ballia, Uttar Pradesh · 277207"
277208,"Ballia, Uttar Pradesh · 277208"
277209,"Ballia, Uttar Pradesh · 277209"
277210,"Ballia, Uttar Pradesh · 277210"
277211,"Ballia, Uttar Pradesh · 277211"
277213,"Ballia, Uttar Pradesh · 277213"
277214,"Ballia, Uttar Pradesh · 277214"
277216,"Ballia, Uttar Pradesh · 277216"
277219,"Ballia, Uttar Pradesh · 277219"
277301,"Ballia, Uttar Pradesh · 277301"
277302,"Ballia, Uttar Pradesh · 277302"
277303,"Ballia, Uttar Pradesh · 277303"
277304,"Ballia, Uttar Pradesh · 277304"
277401,"Ballia, Uttar Pradesh · 277401"
277402,"Ballia, Uttar Pradesh · 277402"
277403,"Ballia, Uttar Pradesh · 277403"
277501,"Ballia, Uttar Pradesh · 277501"
277502,"Ballia, Uttar Pradesh · 277502"
277503,"Ballia, Uttar Pradesh · 277503"
277504,"Ballia, Uttar Pradesh · 277504"
277506,"Ballia, Uttar Pradesh · 277506"
281001,"Mathura, Uttar Pradesh · 281001"
281003,"Mathura, Uttar Pradesh · 281003"
281004,"Mathura, Uttar Pradesh · 281004"
281005,"Mathura, Uttar Pradesh · 281005"
281006,"Mathura, Uttar Pradesh · 281006"
281121,"Mathura, Uttar Pradesh · 281121"
281122,"Mathura, Uttar Pradesh · 281122"
281123,"Mathura, Uttar Pradesh · 281123"
281201,"Mathura, Uttar Pradesh · 281201"
281202,"Mathura, Uttar Pradesh · 281202"
281203,"Mathura, Uttar Pradesh · 281203"
281204,"Mathura, Uttar Pradesh · 281204"
281205,"Mathura, Uttar Pradesh · 281205"
281206,"Mathura, Uttar Pradesh · 281206"
281301,"Mathura, Uttar Pradesh · 281301"
281303,"Mathura, Uttar Pradesh · 281303"
281305,"Mathura, Uttar Pradesh · 281305"
281308,"Mathura, Uttar Pradesh · 281308"
281401,"Mathura, Uttar Pradesh · 281401"
281403,"Mathura, Uttar Pradesh · 281403"
281404,"Mathura, Uttar Pradesh · 281404"
281405,"Mathura, Uttar Pradesh · 281405"
281501,"Mathura, Uttar Pradesh · 281501"
281502,"Mathura, Uttar Pradesh · 281502"
281504,"Mathura, Uttar Pradesh · 281504"
282002,"Agra, Uttar Pradesh · 282002"
282003,"Agra, Uttar Pradesh · 282003"
282004,"Agra, Uttar Pradesh · 282004"
282005,"Agra, Uttar Pradesh · 282005"
282006,"Agra, Uttar Pradesh · 282006"
282008,"Agra, Uttar Pradesh · 282008"
283101,"Agra, Uttar Pradesh · 283101"
283102,"Agra, Uttar Pradesh · 283102"
283103,"Firozabad, Uttar Pradesh · 283103"
283104,"Agra, Uttar Pradesh · 283104"
283110,"Agra, Uttar Pradesh · 283110"
283111,"Agra, Uttar Pradesh · 283111"
283112,"Agra, Uttar Pradesh · 283112"
283113,"Agra, Uttar Pradesh · 283113"
283114,"Agra, Uttar Pradesh · 283114"
283115,"Agra, Uttar Pradesh · 283115"
283121,"Agra, Uttar Pradesh · 283121"
283123,"Agra, Uttar Pradesh · 283123"
283124,"Agra, Uttar Pradesh · 283124"
283126,"Agra, Uttar Pradesh · 283126"
283130,"Firozabad, Uttar Pradesh · 283130"
283135,"Firozabad, Uttar Pradesh · 283135"
283136,"Firozabad, Uttar Pradesh · 283136"
283141,"Firozabad, Uttar Pradesh · 283141"
283142,"Firozabad, Uttar Pradesh · 283142"
283145,"Firozabad, Uttar Pradesh · 283145"
283151,"Firozabad, Uttar Pradesh · 283151"
283152,"Firozabad, Uttar Pradesh · 283152"
283201,"Agra, Uttar Pradesh · 283201"
283203,"Firozabad, Uttar Pradesh · 283203"
283204,"Firozabad, Uttar Pradesh · 283204"
283205,"Firozabad, Uttar Pradesh · 283205"
283206,"Firozabad, Uttar Pradesh · 283206"
283207,"Firozabad, Uttar Pradesh · 283207"
284001,"Jhansi, Uttar Pradesh · 284001"
284002,"Jhansi, Uttar Pradesh · 284002"
284003,"Jhansi, Uttar Pradesh · 284003"
284120,"Jhansi, Uttar Pradesh · 284120"
284121,"Jhansi, Uttar Pradesh · 284121"
284122,"Lalitpur, Uttar Pradesh · 284122"
284123,"Lalitpur, Uttar Pradesh · 284123"
284124,"Lalitpur, Uttar Pradesh · 284124"
284125,"Lalitpur, Uttar Pradesh · 284125"
284126,"Lalitpur, Uttar Pradesh · 284126"
284127,"Jhansi, Uttar Pradesh · 284127"
284128,"Jhansi, Uttar Pradesh · 284128"
284135,"Jhansi, Uttar Pradesh · 284135"
284136,"Lalitpur, Uttar Pradesh · 284136"
284201,"Jhansi, Uttar Pradesh · 284201"
284202,"Jhansi, Uttar Pradesh · 284202"
284203,"Jhansi, Uttar Pradesh · 284203"
284204,"Jhansi, Uttar Pradesh · 284204"
284205,"Jhansi, Uttar Pradesh · 284205"
284206,"Jhansi, Uttar Pradesh · 284206"
284301,"Jhansi, Uttar Pradesh · 284301"
284304,"Jhansi, Uttar Pradesh · 284304"
284305,"Jhansi, Uttar Pradesh · 284305"
284401,"Jhansi, Uttar Pradesh · 284401"
284402,"Lalitpur, Uttar Pradesh · 284402"
284404,"Lalitpur, Uttar Pradesh · 284404"
284405,"Lalitpur, Uttar Pradesh · 284405"
284406,"Lalitpur, Uttar Pradesh · 284406"
284419,"Jhansi, Uttar Pradesh · 284419"
284501,"Lalitpur, Uttar Pradesh · 284501"
285001,"Jalaun, Uttar Pradesh · 285001"
285121,"Jalaun, Uttar Pradesh · 285121"
285122,"Jalaun, Uttar Pradesh · 285122"
285123,"Jalaun, Uttar Pradesh · 285123"
285124,"Jalaun, Uttar Pradesh · 285124"
285125,"Jalaun, Uttar Pradesh · 285125"
285126,"Jalaun, Uttar Pradesh · 285126"
285127,"Jalaun, Uttar Pradesh · 285127"
285128,"Jalaun, Uttar Pradesh · 285128"
285129,"Jalaun, Uttar Pradesh · 285129"
285130,"Jalaun, Uttar Pradesh · 285130"
285202,"Jalaun, Uttar Pradesh · 285202"
285203,"Jalaun, Uttar Pradesh · 285203"
285204,"Jalaun, Uttar Pradesh · 285204"
285205,"Jalaun, Uttar Pradesh · 285205"
285206,"Jalaun, Uttar Pradesh · 285206"
285223,"Jalaun, Uttar Pradesh · 285223"
301001,"Alwar, Rajasthan · 301001"
301018,"Alwar, Rajasthan · 301018"
301019,"Alwar, Rajasthan · 301019"
301021,"Alwar, Rajasthan · 301021"
301022,"Alwar, Rajasthan · 301022"
301023,"Alwar, Rajasthan · 301023"
301024,"Alwar, Rajasthan · 301024"
301025,"Alwar, Rajasthan · 301025"
301026,"Alwar, Rajasthan · 301026"
301027,"Alwar, Rajasthan · 301027"
301028,"Alwar, Rajasthan · 301028"
301030,"Alwar, Rajasthan · 301030"
301035,"Alwar, Rajasthan · 301035"
301402,"Alwar, Rajasthan · 301402"
301403,"Alwar, Rajasthan · 301403"
301404,"Alwar, Rajasthan · 301404"
301405,"Alwar, Rajasthan · 301405"
301408,"Alwar, Rajasthan · 301408"
301409,"Alwar, Rajasthan · 301409"
301410,"Alwar, Rajasthan · 301410"
301411,"Alwar, Rajasthan · 301411"
301412,"Alwar, Rajasthan · 301412"
301413,"Alwar, Rajasthan · 301413"
301414,"Alwar, Rajasthan · 301414"
301415,"Alwar, Rajasthan · 301415"
301416,"Alwar, Rajasthan · 301416"
301427,"Alwar, Rajasthan · 301427"
301604,"Alwar, Rajasthan · 301604"
301703,"Alwar, Rajasthan · 301703"
301706,"Alwar, Rajasthan · 301706"
302002,"Jaipur, Rajasthan · 302002"
302003,"Jaipur, Rajasthan · 302003"
302004,"Jaipur, Rajasthan · 302004"
302005,"Jaipur, Rajasthan · 302005"
302006,"Jaipur, Rajasthan · 302006"
302012,"Jaipur, Rajasthan · 302012"
302013,"Jaipur, Rajasthan · 302013"
302015,"Jaipur, Rajasthan · 302015"
302016,"Jaipur, Rajasthan · 302016"
302017,"Jaipur, Rajasthan · 302017"
302018,"Jaipur, Rajasthan · 302018"
302019,"Jaipur, Rajasthan · 302019"
302020,"Jaipur, Rajasthan · 302020"
302021,"Jaipur, Rajasthan · 302021"
302022,"Jaipur, Rajasthan · 302022"
302026,"Jaipur, Rajasthan · 302026"
302027,"Jaipur, Rajasthan · 302027"
302028,"Jaipur, Rajasthan · 302028"
302029,"Jaipur, Rajasthan · 302029"
302031,"Jaipur, Rajasthan · 302031"
302033,"Jaipur, Rajasthan · 302033"
302034,"Jaipur, Rajasthan · 302034"
302037,"Jaipur, Rajasthan · 302037"
302039,"Jaipur, Rajasthan · 302039"
303001,"Jaipur, Rajasthan · 303001"
303002,"Jaipur, Rajasthan · 303002"
303003,"Jaipur, Rajasthan · 303003"
303004,"Dausa, Rajasthan · 303004"
303005,"Jaipur, Rajasthan · 303005"
303006,"Jaipur, Rajasthan · 303006"
303007,"Jaipur, Rajasthan · 303007"
303008,"Jaipur, Rajasthan · 303008"
303009,"Jaipur, Rajasthan · 303009"
303012,"Jaipur, Rajasthan · 303012"
303102,"Jaipur, Rajasthan · 303102"
303103,"Jaipur, Rajasthan · 303103"
303104,"Jaipur, Rajasthan · 303104"
303105,"Jaipur, Rajasthan · 303105"
303106,"Jaipur, Rajasthan · 303106"
303107,"Jaipur, Rajasthan · 303107"
303109,"Jaipur, Rajasthan · 303109"
303110,"Jaipur, Rajasthan · 303110"
303119,"Jaipur, Rajasthan · 303119"
303120,"Jaipur, Rajasthan · 303120"
303301,"Jaipur, Rajasthan · 303301"
303302,"Jaipur, Rajasthan · 303302"
303303,"Dausa, Rajasthan · 303303"
303304,"Dausa, Rajasthan · 303304"
303305,"Jaipur, Rajasthan · 303305"
303313,"Dausa, Rajasthan · 303313"
303315,"Dausa, Rajasthan · 303315"
303323,"Dausa, Rajasthan · 303323"
303325,"Dausa, Rajasthan · 303325"
303326,"Dausa, Rajasthan · 303326"
303327,"Dausa, Rajasthan · 303327"
303328,"Jaipur, Rajasthan · 303328"
303338,"Jaipur, Rajasthan · 303338"
303348,"Jaipur, Rajasthan · 303348"
303501,"Dausa, Rajasthan · 303501"
303502,"Dausa, Rajasthan · 303502"
303503,"Dausa, Rajasthan · 303503"
303504,"Dausa, Rajasthan · 303504"
303505,"Dausa, Rajasthan · 303505"
303507,"Dausa, Rajasthan · 303507"
303508,"Dausa, Rajasthan · 303508"
303509,"Dausa, Rajasthan · 303509"
303510,"Dausa, Rajasthan · 303510"
303511,"Dausa, Rajasthan · 303511"
303601,"Jaipur, Rajasthan · 303601"
303602,"Jaipur, Rajasthan · 303602"
303603,"Jaipur, Rajasthan · 303603"
303604,"Jaipur, Rajasthan · 303604"
303701,"Jaipur, Rajasthan · 303701"
303702,"Jaipur, Rajasthan · 303702"
303704,"Jaipur, Rajasthan · 303704"
303706,"Jaipur, Rajasthan · 303706"
303712,"Jaipur, Rajasthan · 303712"
303801,"Jaipur, Rajasthan · 303801"
303803,"Jaipur, Rajasthan · 303803"
303804,"Jaipur, Rajasthan · 303804"
303805,"Jaipur, Rajasthan · 303805"
303806,"Jaipur, Rajasthan · 303806"
303807,"Jaipur, Rajasthan · 303807"
303901,"Jaipur, Rajasthan · 303901"
303903,"Jaipur, Rajasthan · 303903"
303904,"Jaipur, Rajasthan · 303904"
303905,"Jaipur, Rajasthan · 303905"
303908,"Jaipur, Rajasthan · 303908"
304021,"Tonk, Rajasthan · 304021"
304022,"Tonk, Rajasthan · 304022"
304023,"Tonk, Rajasthan · 304023"
304024,"Tonk, Rajasthan · 304024"
304025,"Tonk, Rajasthan · 304025"
304501,"Tonk, Rajasthan · 304501"
304502,"Tonk, Rajasthan · 304502"
304503,"Tonk, Rajasthan · 304503"
304504,"Tonk, Rajasthan · 304504"
304505,"Tonk, Rajasthan · 304505"
304507,"Tonk, Rajasthan · 304507"
304801,"Tonk, Rajasthan · 304801"
304802,"Tonk, Rajasthan · 304802"
304803,"Tonk, Rajasthan · 304803"
304804,"Tonk, Rajasthan · 304804"
305001,"Ajmer, Rajasthan · 305001"
305002,"Ajmer, Rajasthan · 305002"
305003,"Ajmer, Rajasthan · 305003"
305004,"Ajmer, Rajasthan · 305004"
305005,"Ajmer, Rajasthan · 305005"
305007,"Ajmer, Rajasthan · 305007"
305012,"Ajmer, Rajasthan · 305012"
305021,"Ajmer, Rajasthan · 305021"
305022,"Ajmer, Rajasthan · 305022"
305023,"Ajmer, Rajasthan · 305023"
305024,"Ajmer, Rajasthan · 305024"
305025,"Ajmer, Rajasthan · 305025"
305026,"Nagaur, Rajasthan · 305026"
305201,"Ajmer, Rajasthan · 305201"
305202,"Ajmer, Rajasthan · 305202"
305203,"Ajmer, Rajasthan · 305203"
305204,"Ajmer, Rajasthan · 305204"
305205,"Ajmer, Rajasthan · 305205"
305206,"Ajmer, Rajasthan · 305206"
305207,"Ajmer, Rajasthan · 305207"
305401,"Ajmer, Rajasthan · 305401"
305402,"Ajmer, Rajasthan · 305402"
305403,"Ajmer, Rajasthan · 305403"
305404,"Ajmer, Rajasthan · 305404"
305405,"Ajmer, Rajasthan · 305405"
305406,"Ajmer, Rajasthan · 305406"
305407,"Ajmer, Rajasthan · 305407"
305408,"Ajmer, Rajasthan · 305408"
305412,"Ajmer, Rajasthan · 305412"
305415,"Ajmer, Rajasthan · 305415"
305601,"Ajmer, Rajasthan · 305601"
305621,"Ajmer, Rajasthan · 305621"
305622,"Ajmer, Rajasthan · 305622"
305623,"Ajmer, Rajasthan · 305623"
305624,"Ajmer, Rajasthan · 305624"
305625,"Ajmer, Rajasthan · 305625"
305627,"Ajmer, Rajasthan · 305627"
305628,"Ajmer, Rajasthan · 305628"
305629,"Ajmer, Rajasthan · 305629"
305630,"Ajmer, Rajasthan · 305630"
305801,"Ajmer, Rajasthan · 305801"
305802,"Ajmer, Rajasthan · 305802"
305811,"Ajmer, Rajasthan · 305811"
305812,"Ajmer, Rajasthan · 305812"
305813,"Ajmer, Rajasthan · 305813"
305814,"Ajmer, Rajasthan · 305814"
305815,"Ajmer, Rajasthan · 305815"
305816,"Ajmer, Rajasthan · 305816"
305817,"Ajmer, Rajasthan · 305817"
305819,"Ajmer, Rajasthan · 305819"
305901,"Ajmer, Rajasthan · 305901"
305921,"Rajsamand, Rajasthan · 305921"
305922,"Ajmer, Rajasthan · 305922"
305923,"Ajmer, Rajasthan · 305923"
305924,"Ajmer, Rajasthan · 305924"
305925,"Ajmer, Rajasthan · 305925"
305926,"Ajmer, Rajasthan · 305926"
305927,"Ajmer, Rajasthan · 305927"
306001,"Pali, Rajasthan · 306001"
306021,"Pali, Rajasthan · 306021"
306022,"Pali, Rajasthan · 306022"
306023,"Pali, Rajasthan · 306023"
306101,"Pali, Rajasthan · 306101"
306102,"Pali, Rajasthan · 306102"
306103,"Pali, Rajasthan · 306103"
306104,"Pali, Rajasthan · 306104"
306105,"Pali, Rajasthan · 306105"
306114,"Pali, Rajasthan · 306114"
306115,"Pali, Rajasthan · 306115"
306116,"Pali, Rajasthan · 306116"
306119,"Pali, Rajasthan · 306119"
306126,"Pali, Rajasthan · 306126"
306301,"Pali, Rajasthan · 306301"
306302,"Pali, Rajasthan · 306302"
306303,"Pali, Rajasthan · 306303"
306304,"Pali, Rajasthan · 306304"
306305,"Pali, Rajasthan · 306305"
306306,"Pali, Rajasthan · 306306"
306307,"Pali, Rajasthan · 306307"
306308,"Pali, Rajasthan · 306308"
306401,"Pali, Rajasthan · 306401"
306421,"Pali, Rajasthan · 306421"
306422,"Pali, Rajasthan · 306422"
306501,"Pali, Rajasthan · 306501"
306502,"Pali, Rajasthan · 306502"
306503,"Pali, Rajasthan · 306503"
306504,"Pali, Rajasthan · 306504"
306601,"Pali, Rajasthan · 306601"
306602,"Pali, Rajasthan · 306602"
306603,"Pali, Rajasthan · 306603"
306701,"Pali, Rajasthan · 306701"
306702,"Pali, Rajasthan · 306702"
306703,"Pali, Rajasthan · 306703"
306704,"Pali, Rajasthan · 306704"
306705,"Pali, Rajasthan · 306705"
306706,"Pali, Rajasthan · 306706"
306707,"Pali, Rajasthan · 306707"
306708,"Pali, Rajasthan · 306708"
306709,"Pali, Rajasthan · 306709"
306901,"Pali, Rajasthan · 306901"
306902,"Pali, Rajasthan · 306902"
306912,"Pali, Rajasthan · 306912"
307019,"Sirohi, Rajasthan · 307019"
307022,"Sirohi, Rajasthan · 307022"
307023,"Sirohi, Rajasthan · 307023"
307024,"Sirohi, Rajasthan · 307024"
307025,"Udaipur, Rajasthan · 307025"
307026,"Sirohi, Rajasthan · 307026"
307027,"Sirohi, Rajasthan · 307027"
307028,"Sirohi, Rajasthan · 307028"
307029,"Jalor, Rajasthan · 307029"
307030,"Jalor, Rajasthan · 307030"
307031,"Sirohi, Rajasthan · 307031"
307043,"Sirohi, Rajasthan · 307043"
307501,"Sirohi, Rajasthan · 307501"
307510,"Sirohi, Rajasthan · 307510"
307511,"Sirohi, Rajasthan · 307511"
307512,"Sirohi, Rajasthan · 307512"
307513,"Sirohi, Rajasthan · 307513"
307514,"Sirohi, Rajasthan · 307514"
307515,"Jalor, Rajasthan · 307515"
307801,"Sirohi, Rajasthan · 307801"
307802,"Sirohi, Rajasthan · 307802"
307803,"Jalor, Rajasthan · 307803"
311001,"Bhilwara, Rajasthan · 311001"
311011,"Bhilwara, Rajasthan · 311011"
311021,"Bhilwara, Rajasthan · 311021"
311022,"Bhilwara, Rajasthan · 311022"
311023,"Bhilwara, Rajasthan · 311023"
311024,"Bhilwara, Rajasthan · 311024"
311025,"Bhilwara, Rajasthan · 311025"
311026,"Bhilwara, Rajasthan · 311026"
311030,"Bhilwara, Rajasthan · 311030"
311201,"Bhilwara, Rajasthan · 311201"
311202,"Bhilwara, Rajasthan · 311202"
311203,"Bhilwara, Rajasthan · 311203"
311204,"Bhilwara, Rajasthan · 311204"
311301,"Bhilwara, Rajasthan · 311301"
311302,"Bhilwara, Rajasthan · 311302"
311401,"Bhilwara, Rajasthan · 311401"
311402,"Bhilwara, Rajasthan · 311402"
311403,"Bhilwara, Rajasthan · 311403"
311404,"Bhilwara, Rajasthan · 311404"
311407,"Bhilwara, Rajasthan · 311407"
311408,"Bhilwara, Rajasthan · 311408"
311601,"Bhilwara, Rajasthan · 311601"
311602,"Bhilwara, Rajasthan · 311602"
311603,"Bhilwara, Rajasthan · 311603"
311604,"Bhilwara, Rajasthan · 311604"
311605,"Bhilwara, Rajasthan · 311605"
311801,"Bhilwara, Rajasthan · 311801"
311802,"Bhilwara, Rajasthan · 311802"
311803,"Bhilwara, Rajasthan · 311803"
311804,"Bhilwara, Rajasthan · 311804"
311805,"Bhilwara, Rajasthan · 311805"
311806,"Bhilwara, Rajasthan · 311806"
313001,"Udaipur, Rajasthan · 313001"
313002,"Udaipur, Rajasthan · 313002"
313003,"Udaipur, Rajasthan · 313003"
313004,"Udaipur, Rajasthan · 313004"
313011,"Udaipur, Rajasthan · 313011"
313022,"Udaipur, Rajasthan · 313022"
313024,"Udaipur, Rajasthan · 313024"
313026,"Udaipur, Rajasthan · 313026"
313027,"Udaipur, Rajasthan · 313027"
313031,"Udaipur, Rajasthan · 313031"
313038,"Udaipur, Rajasthan · 313038"
313201,"Udaipur, Rajasthan · 313201"
313202,"Rajsamand, Rajasthan · 313202"
313203,"Udaipur, Rajasthan · 313203"
313204,"Udaipur, Rajasthan · 313204"
313205,"Udaipur, Rajasthan · 313205"
313206,"Rajsamand, Rajasthan · 313206"
313207,"Rajsamand, Rajasthan · 313207"
313211,"Rajsamand, Rajasthan · 313211"
313301,"Rajsamand, Rajasthan · 313301"
313321,"Rajsamand, Rajasthan · 313321"
313322,"Rajsamand, Rajasthan · 313322"
313323,"Rajsamand, Rajasthan · 313323"
313324,"Rajsamand, Rajasthan · 313324"
313325,"Rajsamand, Rajasthan · 313325"
313327,"Rajsamand, Rajasthan · 313327"
313328,"Rajsamand, Rajasthan · 313328"
313329,"Rajsamand, Rajasthan · 313329"
313330,"Rajsamand, Rajasthan · 313330"
313331,"Rajsamand, Rajasthan · 313331"
313332,"Rajsamand, Rajasthan · 313332"
313333,"Rajsamand, Rajasthan · 313333"
313334,"Rajsamand, Rajasthan · 313334"
313341,"Rajsamand, Rajasthan · 313341"
313342,"Rajsamand, Rajasthan · 313342"
313601,"Udaipur, Rajasthan · 313601"
313602,"Udaipur, Rajasthan · 313602"
313603,"Udaipur, Rajasthan · 313603"
313604,"Udaipur, Rajasthan · 313604"
313701,"Udaipur, Rajasthan · 313701"
313703,"Udaipur, Rajasthan · 313703"
313704,"Rajsamand, Rajasthan · 313704"
313705,"Udaipur, Rajasthan · 313705"
313706,"Udaipur, Rajasthan · 313706"
313708,"Udaipur, Rajasthan · 313708"
313801,"Udaipur, Rajasthan · 313801"
313802,"Udaipur, Rajasthan · 313802"
313803,"Udaipur, Rajasthan · 313803"
313804,"Udaipur, Rajasthan · 313804"
313901,"Udaipur, Rajasthan · 313901"
313902,"Udaipur, Rajasthan · 313902"
313903,"Udaipur, Rajasthan · 313903"
313904,"Udaipur, Rajasthan · 313904"
313905,"Udaipur, Rajasthan · 313905"
313906,"Udaipur, Rajasthan · 313906"
314001,"Dungarpur, Rajasthan · 314001"
314011,"Dungarpur, Rajasthan · 314011"
314021,"Dungarpur, Rajasthan · 314021"
314022,"Dungarpur, Rajasthan · 314022"
314023,"Dungarpur, Rajasthan · 314023"
314024,"Dungarpur, Rajasthan · 314024"
314025,"Dungarpur, Rajasthan · 314025"
314026,"Dungarpur, Rajasthan · 314026"
314027,"Dungarpur, Rajasthan · 314027"
314028,"Dungarpur, Rajasthan · 314028"
314029,"Dungarpur, Rajasthan · 314029"
314030,"Dungarpur, Rajasthan · 314030"
314031,"Dungarpur, Rajasthan · 314031"
314032,"Dungarpur, Rajasthan · 314032"
314034,"Dungarpur, Rajasthan · 314034"
314035,"Dungarpur, Rajasthan · 314035"
314036,"Dungarpur, Rajasthan · 314036"
314037,"Dungarpur, Rajasthan · 314037"
314038,"Dungarpur, Rajasthan · 314038"
314401,"Dungarpur, Rajasthan · 314401"
314402,"Dungarpur, Rajasthan · 314402"
314403,"Dungarpur, Rajasthan · 314403"
314404,"Dungarpur, Rajasthan · 314404"
314406,"Dungarpur, Rajasthan · 314406"
314801,"Dungarpur, Rajasthan · 314801"
314804,"Dungarpur, Rajasthan · 314804"
321001,"Bharatpur, Rajasthan · 321001"
321021,"Bharatpur, Rajasthan · 321021"
321022,"Bharatpur, Rajasthan · 321022"
321025,"Bharatpur, Rajasthan · 321025"
321026,"Bharatpur, Rajasthan · 321026"
321028,"Bharatpur, Rajasthan · 321028"
321201,"Bharatpur, Rajasthan · 321201"
321202,"Bharatpur, Rajasthan · 321202"
321203,"Bharatpur, Rajasthan · 321203"
321205,"Bharatpur, Rajasthan · 321205"
321206,"Bharatpur, Rajasthan · 321206"
321301,"Bharatpur, Rajasthan · 321301"
321302,"Bharatpur, Rajasthan · 321302"
321303,"Bharatpur, Rajasthan · 321303"
321401,"Bharatpur, Rajasthan · 321401"
321402,"Bharatpur, Rajasthan · 321402"
321403,"Bharatpur, Rajasthan · 321403"
321404,"Bharatpur, Rajasthan · 321404"
321405,"Bharatpur, Rajasthan · 321405"
321406,"Bharatpur, Rajasthan · 321406"
321407,"Bharatpur, Rajasthan · 321407"
321408,"Bharatpur, Rajasthan · 321408"
321409,"Bharatpur, Rajasthan · 321409"
321410,"Bharatpur, Rajasthan · 321410"
321411,"Bharatpur, Rajasthan · 321411"
321601,"Bharatpur, Rajasthan · 321601"
321602,"Bharatpur, Rajasthan · 321602"
321605,"Alwar, Rajasthan · 321605"
321606,"Alwar, Rajasthan · 321606"
321607,"Alwar, Rajasthan · 321607"
321608,"Dausa, Rajasthan · 321608"
321609,"Dausa, Rajasthan · 321609"
321610,"Karauli, Rajasthan · 321610"
321611,"Karauli, Rajasthan · 321611"
321612,"Dausa, Rajasthan · 321612"
321613,"Dausa, Rajasthan · 321613"
321614,"Bharatpur, Rajasthan · 321614"
321615,"Bharatpur, Rajasthan · 321615"
321633,"Alwar, Rajasthan · 321633"
321642,"Bharatpur, Rajasthan · 321642"
322001,"Sawai Madhopur, Rajasthan · 322001"
322023,"Sawai Madhopur, Rajasthan · 322023"
322025,"Sawai Madhopur, Rajasthan · 322025"
322026,"Sawai Madhopur, Rajasthan · 322026"
322027,"Sawai Madhopur, Rajasthan · 322027"
322028,"Sawai Madhopur, Rajasthan · 322028"
322029,"Sawai Madhopur, Rajasthan · 322029"
322030,"Sawai Madhopur, Rajasthan · 322030"
322033,"Sawai Madhopur, Rajasthan · 322033"
322034,"Sawai Madhopur, Rajasthan · 322034"
322201,"Sawai Madhopur, Rajasthan · 322201"
322202,"Sawai Madhopur, Rajasthan · 322202"
322203,"Karauli, Rajasthan · 322203"
322204,"Karauli, Rajasthan · 322204"
322205,"Sawai Madhopur, Rajasthan · 322205"
322211,"Sawai Madhopur, Rajasthan · 322211"
322212,"Sawai Madhopur, Rajasthan · 322212"
322213,"Karauli, Rajasthan · 322213"
322214,"Sawai Madhopur, Rajasthan · 322214"
322215,"Karauli, Rajasthan · 322215"
322216,"Karauli, Rajasthan · 322216"
322218,"Karauli, Rajasthan · 322218"
322219,"Sawai Madhopur, Rajasthan · 322219"
322220,"Karauli, Rajasthan · 322220"
322230,"Karauli, Rajasthan · 322230"
322234,"Karauli, Rajasthan · 322234"
322236,"Karauli, Rajasthan · 322236"
322238,"Karauli, Rajasthan · 322238"
322240,"Dausa, Rajasthan · 322240"
322241,"Karauli, Rajasthan · 322241"
322242,"Karauli, Rajasthan · 322242"
322243,"Karauli, Rajasthan · 322243"
322249,"Karauli, Rajasthan · 322249"
322251,"Karauli, Rajasthan · 322251"
322252,"Karauli, Rajasthan · 322252"
322254,"Karauli, Rajasthan · 322254"
322255,"Karauli, Rajasthan · 322255"
322701,"Sawai Madhopur, Rajasthan · 322701"
322702,"Sawai Madhopur, Rajasthan · 322702"
322703,"Sawai Madhopur, Rajasthan · 322703"
322704,"Sawai Madhopur, Rajasthan · 322704"
323021,"Bundi, Rajasthan · 323021"
323022,"Bundi, Rajasthan · 323022"
323023,"Bundi, Rajasthan · 323023"
323024,"Bundi, Rajasthan · 323024"
323025,"Bundi, Rajasthan · 323025"
323602,"Bundi, Rajasthan · 323602"
323603,"Bundi, Rajasthan · 323603"
323613,"Bundi, Rajasthan · 323613"
323614,"Bundi, Rajasthan · 323614"
323615,"Bundi, Rajasthan · 323615"
323616,"Bundi, Rajasthan · 323616"
323801,"Bundi, Rajasthan · 323801"
323802,"Bundi, Rajasthan · 323802"
323803,"Bundi, Rajasthan · 323803"
324002,"Kota, Rajasthan · 324002"
324003,"Kota, Rajasthan · 324003"
324004,"Kota, Rajasthan · 324004"
324005,"Kota, Rajasthan · 324005"
324006,"Kota, Rajasthan · 324006"
324007,"Kota, Rajasthan · 324007"
324008,"Kota, Rajasthan · 324008"
324009,"Kota, Rajasthan · 324009"
324010,"Kota, Rajasthan · 324010"
325003,"Kota, Rajasthan · 325003"
325004,"Kota, Rajasthan · 325004"
325009,"Kota, Rajasthan · 325009"
325201,"Kota, Rajasthan · 325201"
325202,"Baran, Rajasthan · 325202"
325204,"Kota, Rajasthan · 325204"
325205,"Baran, Rajasthan · 325205"
325206,"Baran, Rajasthan · 325206"
325207,"Kota, Rajasthan · 325207"
325208,"Kota, Rajasthan · 325208"
325209,"Baran, Rajasthan · 325209"
325214,"Kota, Rajasthan · 325214"
325215,"Baran, Rajasthan · 325215"
325216,"Baran, Rajasthan · 325216"
325217,"Baran, Rajasthan · 325217"
325219,"Baran, Rajasthan · 325219"
325220,"Baran, Rajasthan · 325220"
325221,"Baran, Rajasthan · 325221"
325222,"Baran, Rajasthan · 325222"
325223,"Baran, Rajasthan · 325223"
325601,"Kota, Rajasthan · 325601"
325602,"Kota, Rajasthan · 325602"
326001,"Jhalawar, Rajasthan · 326001"
326021,"Jhalawar, Rajasthan · 326021"
326022,"Jhalawar, Rajasthan · 326022"
326023,"Jhalawar, Rajasthan · 326023"
326033,"Jhalawar, Rajasthan · 326033"
326034,"Jhalawar, Rajasthan · 326034"
326035,"Jhalawar, Rajasthan · 326035"
326036,"Jhalawar, Rajasthan · 326036"
326037,"Jhalawar, Rajasthan · 326037"
326038,"Jhalawar, Rajasthan · 326038"
326501,"Jhalawar, Rajasthan · 326501"
326502,"Jhalawar, Rajasthan · 326502"
326512,"Jhalawar, Rajasthan · 326512"
326513,"Jhalawar, Rajasthan · 326513"
326514,"Jhalawar, Rajasthan · 326514"
326515,"Jhalawar, Rajasthan · 326515"
326516,"Jhalawar, Rajasthan · 326516"
326517,"Kota, Rajasthan · 326517"
326518,"Kota, Rajasthan · 326518"
326519,"Kota, Rajasthan · 326519"
326520,"Kota, Rajasthan · 326520"
326529,"Kota, Rajasthan · 326529"
326530,"Kota, Rajasthan · 326530"
327001,"Banswara, Rajasthan · 327001"
327021,"Banswara, Rajasthan · 327021"
327022,"Banswara, Rajasthan · 327022"
327023,"Banswara, Rajasthan · 327023"
327024,"Banswara, Rajasthan · 327024"
327025,"Banswara, Rajasthan · 327025"
327026,"Banswara, Rajasthan · 327026"
327027,"Banswara, Rajasthan · 327027"
327031,"Banswara, Rajasthan · 327031"
327032,"Banswara, Rajasthan · 327032"
327034,"Banswara, Rajasthan · 327034"
327601,"Banswara, Rajasthan · 327601"
327602,"Banswara, Rajasthan · 327602"
327603,"Banswara, Rajasthan · 327603"
327604,"Banswara, Rajasthan · 327604"
327605,"Banswara, Rajasthan · 327605"
327606,"Banswara, Rajasthan · 327606"
327801,"Banswara, Rajasthan · 327801"
328001,"Dhaulpur, Rajasthan · 328001"
328021,"Dhaulpur, Rajasthan · 328021"
328022,"Dhaulpur, Rajasthan · 328022"
328023,"Dhaulpur, Rajasthan · 328023"
328024,"Dhaulpur, Rajasthan · 328024"
328025,"Dhaulpur, Rajasthan · 328025"
328026,"Dhaulpur, Rajasthan · 328026"
328027,"Dhaulpur, Rajasthan · 328027"
328028,"Dhaulpur, Rajasthan · 328028"
328029,"Dhaulpur, Rajasthan · 328029"
328030,"Dhaulpur, Rajasthan · 328030"
328041,"Dhaulpur, Rajasthan · 328041"
331001,"Churu, Rajasthan · 331001"
331021,"Churu, Rajasthan · 331021"
331022,"Churu, Rajasthan · 331022"
331023,"Churu, Rajasthan · 331023"
331024,"Sikar, Rajasthan · 331024"
331029,"Churu, Rajasthan · 331029"
331031,"Churu, Rajasthan · 331031"
331301,"Churu, Rajasthan · 331301"
331302,"Churu, Rajasthan · 331302"
331303,"Churu, Rajasthan · 331303"
331304,"Churu, Rajasthan · 331304"
331402,"Churu, Rajasthan · 331402"
331403,"Churu, Rajasthan · 331403"
331411,"Churu, Rajasthan · 331411"
331501,"Churu, Rajasthan · 331501"
331502,"Churu, Rajasthan · 331502"
331503,"Churu, Rajasthan · 331503"
331504,"Churu, Rajasthan · 331504"
331505,"Churu, Rajasthan · 331505"
331506,"Churu, Rajasthan · 331506"
331507,"Churu, Rajasthan · 331507"
331517,"Churu, Rajasthan · 331517"
331518,"Churu, Rajasthan · 331518"
331701,"Churu, Rajasthan · 331701"
331801,"Bikaner, Rajasthan · 331801"
331802,"Churu, Rajasthan · 331802"
331803,"Bikaner, Rajasthan · 331803"
331811,"Bikaner, Rajasthan · 331811"
332001,"Sikar, Rajasthan · 332001"
332002,"Sikar, Rajasthan · 332002"
332021,"Sikar, Rajasthan · 332021"
332023,"Sikar, Rajasthan · 332023"
332024,"Sikar, Rajasthan · 332024"
332025,"Sikar, Rajasthan · 332025"
332026,"Sikar, Rajasthan · 332026"
332027,"Sikar, Rajasthan · 332027"
332028,"Sikar, Rajasthan · 332028"
332029,"Sikar, Rajasthan · 332029"
332030,"Sikar, Rajasthan · 332030"
332031,"Sikar, Rajasthan · 332031"
332042,"Sikar, Rajasthan · 332042"
332301,"Sikar, Rajasthan · 332301"
332302,"Sikar, Rajasthan · 332302"
332303,"Sikar, Rajasthan · 332303"
332304,"Sikar, Rajasthan · 332304"
332305,"Sikar, Rajasthan · 332305"
332307,"Sikar, Rajasthan · 332307"
332311,"Sikar, Rajasthan · 332311"
332312,"Sikar, Rajasthan · 332312"
332315,"Sikar, Rajasthan · 332315"
332316,"Sikar, Rajasthan · 332316"
332317,"Sikar, Rajasthan · 332317"
332318,"Sikar, Rajasthan · 332318"
332401,"Sikar, Rajasthan · 332401"
332402,"Sikar, Rajasthan · 332402"
332403,"Sikar, Rajasthan · 332403"
332404,"Sikar, Rajasthan · 332404"
332405,"Sikar, Rajasthan · 332405"
332406,"Sikar, Rajasthan · 332406"
332411,"Sikar, Rajasthan · 332411"
332601,"Sikar, Rajasthan · 332601"
332602,"Sikar, Rajasthan · 332602"
332603,"Sikar, Rajasthan · 332603"
332701,"Sikar, Rajasthan · 332701"
332702,"Sikar, Rajasthan · 332702"
332703,"Sikar, Rajasthan · 332703"
332705,"Sikar, Rajasthan · 332705"
332706,"Sikar, Rajasthan · 332706"
332707,"Sikar, Rajasthan · 332707"
332708,"Sikar, Rajasthan · 332708"
332709,"Sikar, Rajasthan · 332709"
332710,"Sikar, Rajasthan · 332710"
332711,"Sikar, Rajasthan · 332711"
332712,"Sikar, Rajasthan · 332712"
332713,"Sikar, Rajasthan · 332713"
332714,"Sikar, Rajasthan · 332714"
332715,"Sikar, Rajasthan · 332715"
332718,"Sikar, Rajasthan · 332718"
332719,"Sikar, Rajasthan · 332719"
332721,"Sikar, Rajasthan · 332721"
332722,"Sikar, Rajasthan · 332722"
332742,"Sikar, Rajasthan · 332742"
334003,"Bikaner, Rajasthan · 334003"
334006,"Bikaner, Rajasthan · 334006"
334021,"Bikaner, Rajasthan · 334021"
334022,"Bikaner, Rajasthan · 334022"
334023,"Bikaner, Rajasthan · 334023"
334201,"Bikaner, Rajasthan · 334201"
334202,"Bikaner, Rajasthan · 334202"
334302,"Bikaner, Rajasthan · 334302"
334303,"Bikaner, Rajasthan · 334303"
334305,"Bikaner, Rajasthan · 334305"
334403,"Bikaner, Rajasthan · 334403"
334601,"Bikaner, Rajasthan · 334601"
334602,"Bikaner, Rajasthan · 334602"
334603,"Bikaner, Rajasthan · 334603"
334604,"Bikaner, Rajasthan · 334604"
334801,"Bikaner, Rajasthan · 334801"
334802,"Bikaner, Rajasthan · 334802"
334803,"Bikaner, Rajasthan · 334803"
334804,"Bikaner, Rajasthan · 334804"
334808,"Bikaner, Rajasthan · 334808"
335001,"Ganganagar, Rajasthan · 335001"
335002,"Ganganagar, Rajasthan · 335002"
335021,"Ganganagar, Rajasthan · 335021"
335022,"Ganganagar, Rajasthan · 335022"
335024,"Ganganagar, Rajasthan · 335024"
335025,"Ganganagar, Rajasthan · 335025"
335027,"Ganganagar, Rajasthan · 335027"
335037,"Ganganagar, Rajasthan · 335037"
335038,"Ganganagar, Rajasthan · 335038"
335039,"Ganganagar, Rajasthan · 335039"
335040,"Ganganagar, Rajasthan · 335040"
335041,"Ganganagar, Rajasthan · 335041"
335051,"Ganganagar, Rajasthan · 335051"
335061,"Ganganagar, Rajasthan · 335061"
335062,"Ganganagar, Rajasthan · 335062"
335063,"Hanumangarh, Rajasthan · 335063"
335064,"Hanumangarh, Rajasthan · 335064"
335065,"Ganganagar, Rajasthan · 335065"
335073,"Ganganagar, Rajasthan · 335073"
335501,"Hanumangarh, Rajasthan · 335501"
335502,"Hanumangarh, Rajasthan · 335502"
335503,"Hanumangarh, Rajasthan · 335503"
335504,"Hanumangarh, Rajasthan · 335504"
335511,"Hanumangarh, Rajasthan · 335511"
335513,"Hanumangarh, Rajasthan · 335513"
335523,"Hanumangarh, Rajasthan · 335523"
335524,"Hanumangarh, Rajasthan · 335524"
335701,"Ganganagar, Rajasthan · 335701"
335702,"Ganganagar, Rajasthan · 335702"
335703,"Ganganagar, Rajasthan · 335703"
335704,"Ganganagar, Rajasthan · 335704"
335707,"Ganganagar, Rajasthan · 335707"
335711,"Ganganagar, Rajasthan · 335711"
335801,"Hanumangarh, Rajasthan · 335801"
335802,"Hanumangarh, Rajasthan · 335802"
335804,"Ganganagar, Rajasthan · 335804"
335805,"Ganganagar, Rajasthan · 335805"
335901,"Ganganagar, Rajasthan · 335901"
341001,"Nagaur, Rajasthan · 341001"
341021,"Nagaur, Rajasthan · 341021"
341022,"Nagaur, Rajasthan · 341022"
341023,"Nagaur, Rajasthan · 341023"
341024,"Nagaur, Rajasthan · 341024"
341025,"Nagaur, Rajasthan · 341025"
341026,"Nagaur, Rajasthan · 341026"
341027,"Nagaur, Rajasthan · 341027"
341028,"Nagaur, Rajasthan · 341028"
341029,"Nagaur, Rajasthan · 341029"
341030,"Nagaur, Rajasthan · 341030"
341031,"Nagaur, Rajasthan · 341031"
341301,"Nagaur, Rajasthan · 341301"
341302,"Nagaur, Rajasthan · 341302"
341303,"Nagaur, Rajasthan · 341303"
341304,"Nagaur, Rajasthan · 341304"
341305,"Nagaur, Rajasthan · 341305"
341306,"Nagaur, Rajasthan · 341306"
341316,"Nagaur, Rajasthan · 341316"
341317,"Nagaur, Rajasthan · 341317"
341318,"Nagaur, Rajasthan · 341318"
341319,"Nagaur, Rajasthan · 341319"
341501,"Nagaur, Rajasthan · 341501"
341502,"Nagaur, Rajasthan · 341502"
341503,"Nagaur, Rajasthan · 341503"
341504,"Nagaur, Rajasthan · 341504"
341505,"Nagaur, Rajasthan · 341505"
341506,"Nagaur, Rajasthan · 341506"
341507,"Nagaur, Rajasthan · 341507"
341508,"Nagaur, Rajasthan · 341508"
341509,"Nagaur, Rajasthan · 341509"
341510,"Nagaur, Rajasthan · 341510"
341511,"Nagaur, Rajasthan · 341511"
341512,"Nagaur, Rajasthan · 341512"
341513,"Nagaur, Rajasthan · 341513"
341514,"Nagaur, Rajasthan · 341514"
341515,"Nagaur, Rajasthan · 341515"
341516,"Nagaur, Rajasthan · 341516"
341517,"Nagaur, Rajasthan · 341517"
341518,"Nagaur, Rajasthan · 341518"
341519,"Nagaur, Rajasthan · 341519"
341520,"Nagaur, Rajasthan · 341520"
341533,"Nagaur, Rajasthan · 341533"
341551,"Nagaur, Rajasthan · 341551"
342003,"Jodhpur, Rajasthan · 342003"
342005,"Jodhpur, Rajasthan · 342005"
342006,"Jodhpur, Rajasthan · 342006"
342007,"Jodhpur, Rajasthan · 342007"
342008,"Jodhpur, Rajasthan · 342008"
342011,"Jodhpur, Rajasthan · 342011"
342012,"Jodhpur, Rajasthan · 342012"
342013,"Jodhpur, Rajasthan · 342013"
342014,"Jodhpur, Rajasthan · 342014"
342015,"Jodhpur, Rajasthan · 342015"
342021,"Jodhpur, Rajasthan · 342021"
342022,"Jodhpur, Rajasthan · 342022"
342023,"Jodhpur, Rajasthan · 342023"
342024,"Jodhpur, Rajasthan · 342024"
342025,"Jodhpur, Rajasthan · 342025"
342026,"Jodhpur, Rajasthan · 342026"
342027,"Jodhpur, Rajasthan · 342027"
342028,"Jodhpur, Rajasthan · 342028"
342037,"Jodhpur, Rajasthan · 342037"
342301,"Jodhpur, Rajasthan · 342301"
342302,"Jodhpur, Rajasthan · 342302"
342303,"Jodhpur, Rajasthan · 342303"
342304,"Jodhpur, Rajasthan · 342304"
342305,"Jodhpur, Rajasthan · 342305"
342306,"Jodhpur, Rajasthan · 342306"
342307,"Jodhpur, Rajasthan · 342307"
342308,"Jodhpur, Rajasthan · 342308"
342309,"Jodhpur, Rajasthan · 342309"
342310,"Jaisalmer, Rajasthan · 342310"
342311,"Jodhpur, Rajasthan · 342311"
342312,"Jodhpur, Rajasthan · 342312"
342314,"Jodhpur, Rajasthan · 342314"
342601,"Jodhpur, Rajasthan · 342601"
342602,"Jodhpur, Rajasthan · 342602"
342603,"Jodhpur, Rajasthan · 342603"
342604,"Jodhpur, Rajasthan · 342604"
342605,"Jodhpur, Rajasthan · 342605"
342606,"Jodhpur, Rajasthan · 342606"
342801,"Jodhpur, Rajasthan · 342801"
342802,"Jodhpur, Rajasthan · 342802"
342901,"Jodhpur, Rajasthan · 342901"
342902,"Nagaur, Rajasthan · 342902"
343001,"Jalor, Rajasthan · 343001"
343002,"Jalor, Rajasthan · 343002"
343021,"Jalor, Rajasthan · 343021"
343022,"Jalor, Rajasthan · 343022"
343023,"Jalor, Rajasthan · 343023"
343024,"Jalor, Rajasthan · 343024"
343025,"Jalor, Rajasthan · 343025"
343027,"Jalor, Rajasthan · 343027"
343028,"Jalor, Rajasthan · 343028"
343029,"Jalor, Rajasthan · 343029"
343030,"Jalor, Rajasthan · 343030"
343032,"Jalor, Rajasthan · 343032"
343039,"Jalor, Rajasthan · 343039"
343040,"Jalor, Rajasthan · 343040"
343041,"Jalor, Rajasthan · 343041"
343042,"Jalor, Rajasthan · 343042"
343048,"Jalor, Rajasthan · 343048"
343049,"Jalor, Rajasthan · 343049"
344001,"Barmer, Rajasthan · 344001"
344011,"Barmer, Rajasthan · 344011"
344012,"Barmer, Rajasthan · 344012"
344021,"Barmer, Rajasthan · 344021"
344022,"Barmer, Rajasthan · 344022"
344024,"Barmer, Rajasthan · 344024"
344025,"Barmer, Rajasthan · 344025"
344026,"Barmer, Rajasthan · 344026"
344027,"Barmer, Rajasthan · 344027"
344031,"Barmer, Rajasthan · 344031"
344032,"Barmer, Rajasthan · 344032"
344033,"Barmer, Rajasthan · 344033"
344034,"Barmer, Rajasthan · 344034"
344035,"Barmer, Rajasthan · 344035"
344037,"Barmer, Rajasthan · 344037"
344043,"Barmer, Rajasthan · 344043"
344044,"Barmer, Rajasthan · 344044"
344501,"Barmer, Rajasthan · 344501"
344502,"Barmer, Rajasthan · 344502"
344701,"Barmer, Rajasthan · 344701"
344702,"Barmer, Rajasthan · 344702"
344703,"Barmer, Rajasthan · 344703"
344704,"Barmer, Rajasthan · 344704"
344705,"Barmer, Rajasthan · 344705"
344706,"Barmer, Rajasthan · 344706"
344708,"Barmer, Rajasthan · 344708"
344801,"Barmer, Rajasthan · 344801"
345001,"Jaisalmer, Rajasthan · 345001"
345021,"Jaisalmer, Rajasthan · 345021"
345022,"Jaisalmer, Rajasthan · 345022"
345023,"Jaisalmer, Rajasthan · 345023"
345024,"Jaisalmer, Rajasthan · 345024"
345025,"Jaisalmer, Rajasthan · 345025"
345026,"Jaisalmer, Rajasthan · 345026"
345027,"Jaisalmer, Rajasthan · 345027"
345028,"Jaisalmer, Rajasthan · 345028"
345031,"Jaisalmer, Rajasthan · 345031"
345033,"Jaisalmer, Rajasthan · 345033"
345034,"Jaisalmer, Rajasthan · 345034"
360002,"Rajkot, Gujarat · 360002"
360003,"Rajkot, Gujarat · 360003"
360004,"Rajkot, Gujarat · 360004"
360005,"Rajkot, Gujarat · 360005"
360006,"Rajkot, Gujarat · 360006"
360007,"Rajkot, Gujarat · 360007"
360020,"Rajkot, Gujarat · 360020"
360021,"Rajkot, Gujarat · 360021"
360022,"Rajkot, Gujarat · 360022"
360023,"Rajkot, Gujarat · 360023"
360024,"Rajkot, Gujarat · 360024"
360025,"Rajkot, Gujarat · 360025"
360030,"Rajkot, Gujarat · 360030"
360035,"Rajkot, Gujarat · 360035"
360040,"Rajkot, Gujarat · 360040"
360050,"Rajkot, Gujarat · 360050"
360055,"Rajkot, Gujarat · 360055"
360060,"Rajkot, Gujarat · 360060"
360070,"Rajkot, Gujarat · 360070"
360110,"Rajkot, Gujarat · 360110"
360311,"Rajkot, Gujarat · 360311"
360320,"Rajkot, Gujarat · 360320"
360330,"Rajkot, Gujarat · 360330"
360360,"Rajkot, Gujarat · 360360"
360370,"Rajkot, Gujarat · 360370"
360375,"Rajkot, Gujarat · 360375"
360380,"Rajkot, Gujarat · 360380"
360405,"Rajkot, Gujarat · 360405"
360410,"Rajkot, Gujarat · 360410"
360421,"Rajkot, Gujarat · 360421"
360430,"Rajkot, Gujarat · 360430"
360440,"Rajkot, Gujarat · 360440"
360450,"Rajkot, Gujarat · 360450"
360452,"Rajkot, Gujarat · 360452"
360460,"Rajkot, Gujarat · 360460"
360470,"Rajkot, Gujarat · 360470"
360480,"Jamnagar, Gujarat · 360480"
360490,"Rajkot, Gujarat · 360490"
360510,"Jamnagar, Gujarat · 360510"
360515,"Jamnagar, Gujarat · 360515"
360520,"Jamnagar, Gujarat · 360520"
360530,"Jamnagar, Gujarat · 360530"
360531,"Jamnagar, Gujarat · 360531"
360540,"Jamnagar, Gujarat · 360540"
360545,"Porbandar, Gujarat · 360545"
360550,"Porbandar, Gujarat · 360550"
360570,"Porbandar, Gujarat · 360570"
360575,"Porbandar, Gujarat · 360575"
360576,"Porbandar, Gujarat · 360576"
360579,"Porbandar, Gujarat · 360579"
360590,"Porbandar, Gujarat · 360590"
361001,"Jamnagar, Gujarat · 361001"
361002,"Jamnagar, Gujarat · 361002"
361003,"Jamnagar, Gujarat · 361003"
361004,"Jamnagar, Gujarat · 361004"
361005,"Jamnagar, Gujarat · 361005"
361006,"Jamnagar, Gujarat · 361006"
361007,"Jamnagar, Gujarat · 361007"
361008,"Jamnagar, Gujarat · 361008"
361010,"Jamnagar, Gujarat · 361010"
361011,"Jamnagar, Gujarat · 361011"
361012,"Jamnagar, Gujarat · 361012"
361013,"Jamnagar, Gujarat · 361013"
361110,"Jamnagar, Gujarat · 361110"
361120,"Jamnagar, Gujarat · 361120"
361130,"Jamnagar, Gujarat · 361130"
361140,"Jamnagar, Gujarat · 361140"
361142,"Jamnagar, Gujarat · 361142"
361150,"Jamnagar, Gujarat · 361150"
361160,"Jamnagar, Gujarat · 361160"
361162,"Jamnagar, Gujarat · 361162"
361170,"Jamnagar, Gujarat · 361170"
361210,"Jamnagar, Gujarat · 361210"
361220,"Jamnagar, Gujarat · 361220"
361230,"Jamnagar, Gujarat · 361230"
361240,"Jamnagar, Gujarat · 361240"
361250,"Jamnagar, Gujarat · 361250"
361280,"Jamnagar, Gujarat · 361280"
361305,"Jamnagar, Gujarat · 361305"
361306,"Jamnagar, Gujarat · 361306"
361310,"Jamnagar, Gujarat · 361310"
361315,"Jamnagar, Gujarat · 361315"
361320,"Jamnagar, Gujarat · 361320"
361325,"Jamnagar, Gujarat · 361325"
361330,"Jamnagar, Gujarat · 361330"
361335,"Jamnagar, Gujarat · 361335"
361345,"Jamnagar, Gujarat · 361345"
361347,"Jamnagar, Gujarat · 361347"
361350,"Jamnagar, Gujarat · 361350"
362001,"Junagadh, Gujarat · 362001"
362002,"Junagadh, Gujarat · 362002"
362011,"Junagadh, Gujarat · 362011"
362015,"Junagadh, Gujarat · 362015"
362020,"Junagadh, Gujarat · 362020"
362030,"Junagadh, Gujarat · 362030"
362037,"Junagadh, Gujarat · 362037"
362110,"Junagadh, Gujarat · 362110"
362120,"Junagadh, Gujarat · 362120"
362130,"Junagadh, Gujarat · 362130"
362135,"Junagadh, Gujarat · 362135"
362140,"Junagadh, Gujarat · 362140"
362150,"Junagadh, Gujarat · 362150"
362205,"Junagadh, Gujarat · 362205"
362215,"Junagadh, Gujarat · 362215"
362220,"Junagadh, Gujarat · 362220"
362222,"Junagadh, Gujarat · 362222"
362225,"Junagadh, Gujarat · 362225"
362226,"Junagadh, Gujarat · 362226"
362227,"Junagadh, Gujarat · 362227"
362230,"Porbandar, Gujarat · 362230"
362240,"Junagadh, Gujarat · 362240"
362245,"Junagadh, Gujarat · 362245"
362250,"Junagadh, Gujarat · 362250"
362255,"Junagadh, Gujarat · 362255"
362263,"Junagadh, Gujarat · 362263"
362265,"Junagadh, Gujarat · 362265"
362268,"Junagadh, Gujarat · 362268"
362275,"Junagadh, Gujarat · 362275"
362310,"Junagadh, Gujarat · 362310"
362315,"Junagadh, Gujarat · 362315"
362510,"Junagadh, Gujarat · 362510"
362530,"Junagadh, Gujarat · 362530"
362550,"Junagadh, Gujarat · 362550"
362560,"Junagadh, Gujarat · 362560"
362565,"Junagadh, Gujarat · 362565"
362610,"Junagadh, Gujarat · 362610"
362620,"Junagadh, Gujarat · 362620"
362625,"Junagadh, Gujarat · 362625"
362630,"Junagadh, Gujarat · 362630"
362640,"Junagadh, Gujarat · 362640"
362650,"Porbandar, Gujarat · 362650"
362710,"Junagadh, Gujarat · 362710"
362715,"Junagadh, Gujarat · 362715"
362720,"Junagadh, Gujarat · 362720"
363621,"Rajkot, Gujarat · 363621"
363630,"Rajkot, Gujarat · 363630"
363641,"Rajkot, Gujarat · 363641"
363642,"Rajkot, Gujarat · 363642"
363650,"Rajkot, Gujarat · 363650"
363655,"Jamnagar, Gujarat · 363655"
363660,"Rajkot, Gujarat · 363660"
363670,"Rajkot, Gujarat · 363670"
364001,"Bhavnagar, Gujarat · 364001"
364002,"Bhavnagar, Gujarat · 364002"
364003,"Bhavnagar, Gujarat · 364003"
364004,"Bhavnagar, Gujarat · 364004"
364005,"Bhavnagar, Gujarat · 364005"
364006,"Bhavnagar, Gujarat · 364006"
364050,"Bhavnagar, Gujarat · 364050"
364060,"Bhavnagar, Gujarat · 364060"
364070,"Bhavnagar, Gujarat · 364070"
364081,"Bhavnagar, Gujarat · 364081"
364110,"Bhavnagar, Gujarat · 364110"
364120,"Bhavnagar, Gujarat · 364120"
364130,"Bhavnagar, Gujarat · 364130"
364135,"Bhavnagar, Gujarat · 364135"
364140,"Bhavnagar, Gujarat · 364140"
364145,"Bhavnagar, Gujarat · 364145"
364150,"Bhavnagar, Gujarat · 364150"
364210,"Bhavnagar, Gujarat · 364210"
364230,"Bhavnagar, Gujarat · 364230"
364240,"Bhavnagar, Gujarat · 364240"
364250,"Bhavnagar, Gujarat · 364250"
364260,"Bhavnagar, Gujarat · 364260"
364265,"Bhavnagar, Gujarat · 364265"
364270,"Bhavnagar, Gujarat · 364270"
364275,"Bhavnagar, Gujarat · 364275"
364280,"Bhavnagar, Gujarat · 364280"
364290,"Bhavnagar, Gujarat · 364290"
364295,"Bhavnagar, Gujarat · 364295"
364310,"Bhavnagar, Gujarat · 364310"
364313,"Bhavnagar, Gujarat · 364313"
364320,"Bhavnagar, Gujarat · 364320"
364330,"Bhavnagar, Gujarat · 364330"
364505,"Bhavnagar, Gujarat · 364505"
364510,"Bhavnagar, Gujarat · 364510"
364515,"Amreli, Gujarat · 364515"
364521,"Amreli, Gujarat · 364521"
364522,"Amreli, Gujarat · 364522"
364525,"Amreli, Gujarat · 364525"
364530,"Amreli, Gujarat · 364530"
364710,"Bhavnagar, Gujarat · 364710"
364720,"Bhavnagar, Gujarat · 364720"
364730,"Bhavnagar, Gujarat · 364730"
364740,"Bhavnagar, Gujarat · 364740"
364750,"Bhavnagar, Gujarat · 364750"
364760,"Bhavnagar, Gujarat · 364760"
364765,"Bhavnagar, Gujarat · 364765"
365220,"Amreli, Gujarat · 365220"
365410,"Amreli, Gujarat · 365410"
365421,"Amreli, Gujarat · 365421"
365430,"Amreli, Gujarat · 365430"
365435,"Amreli, Gujarat · 365435"
365440,"Amreli, Gujarat · 365440"
365450,"Amreli, Gujarat · 365450"
365455,"Amreli, Gujarat · 365455"
365456,"Amreli, Gujarat · 365456"
365460,"Amreli, Gujarat · 365460"
365480,"Amreli, Gujarat · 365480"
365535,"Amreli, Gujarat · 365535"
365540,"Amreli, Gujarat · 365540"
365541,"Amreli, Gujarat · 365541"
365550,"Amreli, Gujarat · 365550"
365555,"Amreli, Gujarat · 365555"
365560,"Amreli, Gujarat · 365560"
365601,"Amreli, Gujarat · 365601"
365610,"Amreli, Gujarat · 365610"
365620,"Amreli, Gujarat · 365620"
365630,"Amreli, Gujarat · 365630"
365635,"Amreli, Gujarat · 365635"
365640,"Amreli, Gujarat · 365640"
365645,"Amreli, Gujarat · 365645"
365650,"Amreli, Gujarat · 365650"
370001,"Kachchh, Gujarat · 370001"
370015,"Kachchh, Gujarat · 370015"
370020,"Kachchh, Gujarat · 370020"
370030,"Kachchh, Gujarat · 370030"
370040,"Kachchh, Gujarat · 370040"
370105,"Kachchh, Gujarat · 370105"
370110,"Kachchh, Gujarat · 370110"
370115,"Kachchh, Gujarat · 370115"
370130,"Kachchh, Gujarat · 370130"
370135,"Kachchh, Gujarat · 370135"
370140,"Kachchh, Gujarat · 370140"
370145,"Kachchh, Gujarat · 370145"
370150,"Kachchh, Gujarat · 370150"
370155,"Kachchh, Gujarat · 370155"
370160,"Kachchh, Gujarat · 370160"
370165,"Kachchh, Gujarat · 370165"
370201,"Kachchh, Gujarat · 370201"
370203,"Kachchh, Gujarat · 370203"
370205,"Kachchh, Gujarat · 370205"
370210,"Kachchh, Gujarat · 370210"
370230,"Kachchh, Gujarat · 370230"
370240,"Kachchh, Gujarat · 370240"
370405,"Kachchh, Gujarat · 370405"
370410,"Kachchh, Gujarat · 370410"
370415,"Kachchh, Gujarat · 370415"
370421,"Kachchh, Gujarat · 370421"
370425,"Kachchh, Gujarat · 370425"
370430,"Kachchh, Gujarat · 370430"
370435,"Kachchh, Gujarat · 370435"
370445,"Kachchh, Gujarat · 370445"
370450,"Kachchh, Gujarat · 370450"
370455,"Kachchh, Gujarat · 370455"
370460,"Kachchh, Gujarat · 370460"
370465,"Kachchh, Gujarat · 370465"
370475,"Kachchh, Gujarat · 370475"
370485,"Kachchh, Gujarat · 370485"
370490,"Kachchh, Gujarat · 370490"
370510,"Kachchh, Gujarat · 370510"
370601,"Kachchh, Gujarat · 370601"
370605,"Kachchh, Gujarat · 370605"
370610,"Kachchh, Gujarat · 370610"
370615,"Kachchh, Gujarat · 370615"
370620,"Kachchh, Gujarat · 370620"
370625,"Kachchh, Gujarat · 370625"
370627,"Kachchh, Gujarat · 370627"
370630,"Kachchh, Gujarat · 370630"
370645,"Kachchh, Gujarat · 370645"
370650,"Kachchh, Gujarat · 370650"
370655,"Kachchh, Gujarat · 370655"
370660,"Kachchh, Gujarat · 370660"
370665,"Kachchh, Gujarat · 370665"
370670,"Kachchh, Gujarat · 370670"
370675,"Kachchh, Gujarat · 370675"
384001,"Mahesana, Gujarat · 384001"
384002,"Mahesana, Gujarat · 384002"
384003,"Mahesana, Gujarat · 384003"
384012,"Mahesana, Gujarat · 384012"
384110,"Patan, Gujarat · 384110"
384120,"Mahesana, Gujarat · 384120"
384130,"Mahesana, Gujarat · 384130"
384140,"Mahesana, Gujarat · 384140"
384151,"Patan, Gujarat · 384151"
384160,"Mahesana, Gujarat · 384160"
384170,"Mahesana, Gujarat · 384170"
384220,"Patan, Gujarat · 384220"
384221,"Patan, Gujarat · 384221"
384225,"Patan, Gujarat · 384225"
384229,"Patan, Gujarat · 384229"
384230,"Patan, Gujarat · 384230"
384240,"Patan, Gujarat · 384240"
384241,"Patan, Gujarat · 384241"
384245,"Patan, Gujarat · 384245"
384246,"Patan, Gujarat · 384246"
384255,"Patan, Gujarat · 384255"
384260,"Mahesana, Gujarat · 384260"
384265,"Patan, Gujarat · 384265"
384272,"Patan, Gujarat · 384272"
384275,"Patan, Gujarat · 384275"
384285,"Patan, Gujarat · 384285"
384290,"Patan, Gujarat · 384290"
384305,"Mahesana, Gujarat · 384305"
384310,"Mahesana, Gujarat · 384310"
384315,"Mahesana, Gujarat · 384315"
384320,"Mahesana, Gujarat · 384320"
384325,"Mahesana, Gujarat · 384325"
384330,"Mahesana, Gujarat · 384330"
384335,"Mahesana, Gujarat · 384335"
384340,"Mahesana, Gujarat · 384340"
384345,"Mahesana, Gujarat · 384345"
384355,"Mahesana, Gujarat · 384355"
384360,"Mahesana, Gujarat · 384360"
384410,"Mahesana, Gujarat · 384410"
384421,"Mahesana, Gujarat · 384421"
384430,"Mahesana, Gujarat · 384430"
384435,"Mahesana, Gujarat · 384435"
385350,"Patan, Gujarat · 385350"
385360,"Patan, Gujarat · 385360"
387001,"Kheda, Gujarat · 387001"
387002,"Kheda, Gujarat · 387002"
387110,"Kheda, Gujarat · 387110"
387115,"Kheda, Gujarat · 387115"
387120,"Kheda, Gujarat · 387120"
387130,"Kheda, Gujarat · 387130"
387210,"Anand, Gujarat · 387210"
387220,"Anand, Gujarat · 387220"
387230,"Kheda, Gujarat · 387230"
387240,"Anand, Gujarat · 387240"
387305,"Kheda, Gujarat · 387305"
387310,"Anand, Gujarat · 387310"
387315,"Kheda, Gujarat · 387315"
387320,"Kheda, Gujarat · 387320"
387325,"Kheda, Gujarat · 387325"
387330,"Kheda, Gujarat · 387330"
387340,"Kheda, Gujarat · 387340"
387345,"Kheda, Gujarat · 387345"
387350,"Kheda, Gujarat · 387350"
387355,"Kheda, Gujarat · 387355"
387360,"Kheda, Gujarat · 387360"
387365,"Kheda, Gujarat · 387365"
387370,"Kheda, Gujarat · 387370"
387375,"Kheda, Gujarat · 387375"
387380,"Kheda, Gujarat · 387380"
387411,"Kheda, Gujarat · 387411"
387430,"Kheda, Gujarat · 387430"
387510,"Kheda, Gujarat · 387510"
387520,"Kheda, Gujarat · 387520"
387530,"Kheda, Gujarat · 387530"
387540,"Kheda, Gujarat · 387540"
387550,"Kheda, Gujarat · 387550"
387560,"Kheda, Gujarat · 387560"
387570,"Kheda, Gujarat · 387570"
387610,"Kheda, Gujarat · 387610"
387620,"Kheda, Gujarat · 387620"
387630,"Kheda, Gujarat · 387630"
387635,"Kheda, Gujarat · 387635"
387640,"Kheda, Gujarat · 387640"
387650,"Kheda, Gujarat · 387650"
387710,"Kheda, Gujarat · 387710"
388001,"Anand, Gujarat · 388001"
388110,"Anand, Gujarat · 388110"
388120,"Anand, Gujarat · 388120"
388130,"Anand, Gujarat · 388130"
388140,"Anand, Gujarat · 388140"
388150,"Anand, Gujarat · 388150"
388160,"Anand, Gujarat · 388160"
388170,"Anand, Gujarat · 388170"
388180,"Anand, Gujarat · 388180"
388205,"Anand, Gujarat · 388205"
388210,"Anand, Gujarat · 388210"
388215,"Kheda, Gujarat · 388215"
388220,"Anand, Gujarat · 388220"
388225,"Kheda, Gujarat · 388225"
388230,"Kheda, Gujarat · 388230"
388235,"Kheda, Gujarat · 388235"
388239,"Kheda, Gujarat · 388239"
388245,"Kheda, Gujarat · 388245"
388250,"Kheda, Gujarat · 388250"
388255,"Kheda, Gujarat · 388255"
388260,"Kheda, Gujarat · 388260"
388265,"Kheda, Gujarat · 388265"
388270,"Panch Mahals, Gujarat · 388270"
388305,"Anand, Gujarat · 388305"
388306,"Anand, Gujarat · 388306"
388307,"Anand, Gujarat · 388307"
388310,"Anand, Gujarat · 388310"
388315,"Anand, Gujarat · 388315"
388320,"Anand, Gujarat · 388320"
388325,"Anand, Gujarat · 388325"
388330,"Anand, Gujarat · 388330"
388335,"Anand, Gujarat · 388335"
388340,"Anand, Gujarat · 388340"
388345,"Anand, Gujarat · 388345"
388350,"Anand, Gujarat · 388350"
388355,"Anand, Gujarat · 388355"
388360,"Anand, Gujarat · 388360"
388365,"Anand, Gujarat · 388365"
388370,"Anand, Gujarat · 388370"
388410,"Kheda, Gujarat · 388410"
388421,"Kheda, Gujarat · 388421"
388430,"Anand, Gujarat · 388430"
388440,"Anand, Gujarat · 388440"
388450,"Anand, Gujarat · 388450"
388460,"Anand, Gujarat · 388460"
388465,"Anand, Gujarat · 388465"
388470,"Anand, Gujarat · 388470"
388480,"Anand, Gujarat · 388480"
388510,"Anand, Gujarat · 388510"
388520,"Anand, Gujarat · 388520"
388530,"Anand, Gujarat · 388530"
388540,"Anand, Gujarat · 388540"
388543,"Anand, Gujarat · 388543"
388545,"Anand, Gujarat · 388545"
388550,"Anand, Gujarat · 388550"
388560,"Anand, Gujarat · 388560"
388570,"Anand, Gujarat · 388570"
388580,"Anand, Gujarat · 388580"
388590,"Anand, Gujarat · 388590"
388610,"Anand, Gujarat · 388610"
388620,"Anand, Gujarat · 388620"
388625,"Anand, Gujarat · 388625"
388630,"Anand, Gujarat · 388630"
388640,"Anand, Gujarat · 388640"
388710,"Panch Mahals, Gujarat · 388710"
388713,"Panch Mahals, Gujarat · 388713"
389001,"Panch Mahals, Gujarat · 389001"
389002,"Panch Mahals, Gujarat · 389002"
389110,"Panch Mahals, Gujarat · 389110"
389115,"Panch Mahals, Gujarat · 389115"
389120,"Panch Mahals, Gujarat · 389120"
389210,"Panch Mahals, Gujarat · 389210"
389220,"Panch Mahals, Gujarat · 389220"
389230,"Panch Mahals, Gujarat · 389230"
389232,"Panch Mahals, Gujarat · 389232"
389235,"Panch Mahals, Gujarat · 389235"
389250,"Panch Mahals, Gujarat · 389250"
389260,"Panch Mahals, Gujarat · 389260"
389265,"Panch Mahals, Gujarat · 389265"
389310,"Panch Mahals, Gujarat · 389310"
389320,"Panch Mahals, Gujarat · 389320"
389330,"Panch Mahals, Gujarat · 389330"
389340,"Panch Mahals, Gujarat · 389340"
389341,"Panch Mahals, Gujarat · 389341"
389350,"Panch Mahals, Gujarat · 389350"
389360,"Panch Mahals, Gujarat · 389360"
389365,"Panch Mahals, Gujarat · 389365"
389370,"Panch Mahals, Gujarat · 389370"
389390,"Panch Mahals, Gujarat · 389390"
390001,"Vadodara, Gujarat · 390001"
390002,"Vadodara, Gujarat · 390002"
390003,"Vadodara, Gujarat · 390003"
390004,"Vadodara, Gujarat · 390004"
390006,"Vadodara, Gujarat · 390006"
390007,"Vadodara, Gujarat · 390007"
390009,"Vadodara, Gujarat · 390009"
390010,"Vadodara, Gujarat · 390010"
390011,"Vadodara, Gujarat · 390011"
390012,"Vadodara, Gujarat · 390012"
390013,"Vadodara, Gujarat · 390013"
390014,"Vadodara, Gujarat · 390014"
390016,"Vadodara, Gujarat · 390016"
390017,"Vadodara, Gujarat · 390017"
390018,"Vadodara, Gujarat · 390018"
390019,"Vadodara, Gujarat · 390019"
390020,"Vadodara, Gujarat · 390020"
390021,"Vadodara, Gujarat · 390021"
390022,"Vadodara, Gujarat · 390022"
390023,"Vadodara, Gujarat · 390023"
390024,"Vadodara, Gujarat · 390024"
390025,"Vadodara, Gujarat · 390025"
391101,"Vadodara, Gujarat · 391101"
391105,"Vadodara, Gujarat · 391105"
391107,"Vadodara, Gujarat · 391107"
391110,"Vadodara, Gujarat · 391110"
391115,"Vadodara, Gujarat · 391115"
391120,"Narmada, Gujarat · 391120"
391125,"Vadodara, Gujarat · 391125"
391130,"Vadodara, Gujarat · 391130"
391135,"Vadodara, Gujarat · 391135"
391140,"Vadodara, Gujarat · 391140"
391145,"Vadodara, Gujarat · 391145"
391150,"Vadodara, Gujarat · 391150"
391152,"Vadodara, Gujarat · 391152"
391156,"Vadodara, Gujarat · 391156"
391160,"Vadodara, Gujarat · 391160"
391165,"Vadodara, Gujarat · 391165"
391168,"Vadodara, Gujarat · 391168"
391170,"Vadodara, Gujarat · 391170"
391210,"Vadodara, Gujarat · 391210"
391220,"Vadodara, Gujarat · 391220"
391240,"Vadodara, Gujarat · 391240"
391243,"Vadodara, Gujarat · 391243"
391244,"Vadodara, Gujarat · 391244"
391250,"Vadodara, Gujarat · 391250"
391310,"Vadodara, Gujarat · 391310"
391320,"Vadodara, Gujarat · 391320"
391330,"Vadodara, Gujarat · 391330"
391340,"Vadodara, Gujarat · 391340"
391345,"Vadodara, Gujarat · 391345"
391350,"Vadodara, Gujarat · 391350"
391410,"Vadodara, Gujarat · 391410"
391421,"Vadodara, Gujarat · 391421"
391430,"Vadodara, Gujarat · 391430"
391440,"Vadodara, Gujarat · 391440"
391445,"Vadodara, Gujarat · 391445"
391450,"Vadodara, Gujarat · 391450"
391510,"Vadodara, Gujarat · 391510"
391520,"Vadodara, Gujarat · 391520"
391530,"Vadodara, Gujarat · 391530"
391740,"Vadodara, Gujarat · 391740"
391745,"Vadodara, Gujarat · 391745"
391750,"Vadodara, Gujarat · 391750"
391761,"Vadodara, Gujarat · 391761"
391770,"Vadodara, Gujarat · 391770"
391774,"Vadodara, Gujarat · 391774"
391775,"Vadodara, Gujarat · 391775"
391780,"Vadodara, Gujarat · 391780"
391810,"Bharuch, Gujarat · 391810"
392001,"Bharuch, Gujarat · 392001"
392011,"Bharuch, Gujarat · 392011"
392012,"Bharuch, Gujarat · 392012"
392015,"Bharuch, Gujarat · 392015"
392020,"Bharuch, Gujarat · 392020"
392025,"Bharuch, Gujarat · 392025"
392030,"Bharuch, Gujarat · 392030"
392035,"Bharuch, Gujarat · 392035"
392040,"Bharuch, Gujarat · 392040"
392110,"Bharuch, Gujarat · 392110"
392130,"Bharuch, Gujarat · 392130"
392135,"Bharuch, Gujarat · 392135"
392150,"Bharuch, Gujarat · 392150"
392155,"Bharuch, Gujarat · 392155"
392160,"Bharuch, Gujarat · 392160"
392165,"Bharuch, Gujarat · 392165"
392170,"Bharuch, Gujarat · 392170"
392180,"Bharuch, Gujarat · 392180"
392210,"Bharuch, Gujarat · 392210"
392215,"Bharuch, Gujarat · 392215"
392220,"Vadodara, Gujarat · 392220"
392230,"Bharuch, Gujarat · 392230"
392240,"Bharuch, Gujarat · 392240"
393001,"Bharuch, Gujarat · 393001"
393002,"Vadodara, Gujarat · 393002"
393010,"Bharuch, Gujarat · 393010"
393017,"Bharuch, Gujarat · 393017"
393020,"Bharuch, Gujarat · 393020"
393025,"Narmada, Gujarat · 393025"
393030,"Bharuch, Gujarat · 393030"
393040,"Narmada, Gujarat · 393040"
393041,"Narmada, Gujarat · 393041"
393050,"Narmada, Gujarat · 393050"
393105,"Vadodara, Gujarat · 393105"
393110,"Bharuch, Gujarat · 393110"
393115,"Bharuch, Gujarat · 393115"
393120,"Narmada, Gujarat · 393120"
393125,"Bharuch, Gujarat · 393125"
393130,"Bharuch, Gujarat · 393130"
393135,"Bharuch, Gujarat · 393135"
393140,"Narmada, Gujarat · 393140"
393145,"Narmada, Gujarat · 393145"
393150,"Narmada, Gujarat · 393150"
393151,"Narmada, Gujarat · 393151"
394101,"Surat, Gujarat · 394101"
394105,"Surat, Gujarat · 394105"
394107,"Surat, Gujarat · 394107"
394110,"Surat, Gujarat · 394110"
394115,"Bharuch, Gujarat · 394115"
394120,"Surat, Gujarat · 394120"
394125,"Surat, Gujarat · 394125"
394130,"Surat, Gujarat · 394130"
394140,"Surat, Gujarat · 394140"
394150,"Surat, Gujarat · 394150"
394155,"Surat, Gujarat · 394155"
394160,"Surat, Gujarat · 394160"
394163,"Surat, Gujarat · 394163"
394170,"Surat, Gujarat · 394170"
394180,"Surat, Gujarat · 394180"
394185,"Surat, Gujarat · 394185"
394190,"Surat, Gujarat · 394190"
394210,"Surat, Gujarat · 394210"
394221,"Surat, Gujarat · 394221"
394230,"Surat, Gujarat · 394230"
394235,"Surat, Gujarat · 394235"
394240,"Surat, Gujarat · 394240"
394246,"Surat, Gujarat · 394246"
394248,"Surat, Gujarat · 394248"
394250,"Surat, Gujarat · 394250"
394270,"Surat, Gujarat · 394270"
394305,"Surat, Gujarat · 394305"
394310,"Surat, Gujarat · 394310"
394315,"Surat, Gujarat · 394315"
394317,"Surat, Gujarat · 394317"
394320,"Surat, Gujarat · 394320"
394325,"Surat, Gujarat · 394325"
394327,"Surat, Gujarat · 394327"
394330,"Surat, Gujarat · 394330"
394335,"Surat, Gujarat · 394335"
394340,"Surat, Gujarat · 394340"
394345,"Surat, Gujarat · 394345"
394350,"Surat, Gujarat · 394350"
394352,"Surat, Gujarat · 394352"
394355,"Surat, Gujarat · 394355"
394370,"Surat, Gujarat · 394370"
394375,"Surat, Gujarat · 394375"
394380,"Surat, Gujarat · 394380"
394405,"Surat, Gujarat · 394405"
394410,"Surat, Gujarat · 394410"
394421,"Surat, Gujarat · 394421"
394430,"Surat, Gujarat · 394430"
394440,"Surat, Gujarat · 394440"
394445,"Surat, Gujarat · 394445"
394510,"Surat, Gujarat · 394510"
394515,"Surat, Gujarat · 394515"
394516,"Surat, Gujarat · 394516"
394517,"Surat, Gujarat · 394517"
394518,"Surat, Gujarat · 394518"
394520,"Surat, Gujarat · 394520"
394530,"Surat, Gujarat · 394530"
394540,"Surat, Gujarat · 394540"
394550,"Surat, Gujarat · 394550"
394601,"Surat, Gujarat · 394601"
394620,"Surat, Gujarat · 394620"
394630,"Surat, Gujarat · 394630"
394635,"Surat, Gujarat · 394635"
394640,"Surat, Gujarat · 394640"
394650,"Surat, Gujarat · 394650"
394651,"Surat, Gujarat · 394651"
394655,"Surat, Gujarat · 394655"
394660,"Surat, Gujarat · 394660"
394680,"Surat, Gujarat · 394680"
394690,"Surat, Gujarat · 394690"
394715,"Surat, Gujarat · 394715"
394716,"The Dangs, Gujarat · 394716"
394720,"The Dangs, Gujarat · 394720"
394730,"The Dangs, Gujarat · 394730"
394810,"Bharuch, Gujarat · 394810"
395001,"Surat, Gujarat · 395001"
395002,"Surat, Gujarat · 395002"
395003,"Surat, Gujarat · 395003"
395004,"Surat, Gujarat · 395004"
395005,"Surat, Gujarat · 395005"
395006,"Surat, Gujarat · 395006"
395007,"Surat, Gujarat · 395007"
395008,"Surat, Gujarat · 395008"
395009,"Surat, Gujarat · 395009"
395010,"Surat, Gujarat · 395010"
395011,"Surat, Gujarat · 395011"
395012,"Surat, Gujarat · 395012"
395013,"Surat, Gujarat · 395013"
395017,"Surat, Gujarat · 395017"
395023,"Surat, Gujarat · 395023"
396001,"Valsad, Gujarat · 396001"
396002,"Valsad, Gujarat · 396002"
396007,"Valsad, Gujarat · 396007"
396020,"Valsad, Gujarat · 396020"
396030,"Valsad, Gujarat · 396030"
396035,"Valsad, Gujarat · 396035"
396040,"Navsari, Gujarat · 396040"
396045,"Valsad, Gujarat · 396045"
396050,"Valsad, Gujarat · 396050"
396051,"Valsad, Gujarat · 396051"
396055,"Valsad, Gujarat · 396055"
396060,"Navsari, Gujarat · 396060"
396065,"Valsad, Gujarat · 396065"
396105,"Valsad, Gujarat · 396105"
396110,"Navsari, Gujarat · 396110"
396115,"Valsad, Gujarat · 396115"
396120,"Valsad, Gujarat · 396120"
396125,"Valsad, Gujarat · 396125"
396126,"Valsad, Gujarat · 396126"
396130,"Valsad, Gujarat · 396130"
396135,"Valsad, Gujarat · 396135"
396140,"Valsad, Gujarat · 396140"
396145,"Valsad, Gujarat · 396145"
396150,"Valsad, Gujarat · 396150"
396155,"Valsad, Gujarat · 396155"
396165,"Valsad, Gujarat · 396165"
396170,"Valsad, Gujarat · 396170"
396171,"Valsad, Gujarat · 396171"
396180,"Valsad, Gujarat · 396180"
396185,"Valsad, Gujarat · 396185"
396191,"Valsad, Gujarat · 396191"
396193,"Valsad, Gujarat · 396193"
396195,"Valsad, Gujarat · 396195"
396235,"Valsad, Gujarat · 396235"
396310,"Navsari, Gujarat · 396310"
396321,"Navsari, Gujarat · 396321"
396325,"Navsari, Gujarat · 396325"
396350,"Navsari, Gujarat · 396350"
396360,"Navsari, Gujarat · 396360"
396370,"Navsari, Gujarat · 396370"
396380,"Navsari, Gujarat · 396380"
396385,"Valsad, Gujarat · 396385"
396403,"Navsari, Gujarat · 396403"
396406,"Navsari, Gujarat · 396406"
396409,"Navsari, Gujarat · 396409"
396412,"Navsari, Gujarat · 396412"
396415,"Navsari, Gujarat · 396415"
396418,"Navsari, Gujarat · 396418"
396421,"Navsari, Gujarat · 396421"
396427,"Navsari, Gujarat · 396427"
396430,"Navsari, Gujarat · 396430"
396433,"Navsari, Gujarat · 396433"
396436,"Navsari, Gujarat · 396436"
396439,"Navsari, Gujarat · 396439"
396445,"Navsari, Gujarat · 396445"
396450,"Navsari, Gujarat · 396450"
396460,"Navsari, Gujarat · 396460"
396463,"Navsari, Gujarat · 396463"
396466,"Navsari, Gujarat · 396466"
396469,"Navsari, Gujarat · 396469"
396472,"Navsari, Gujarat · 396472"
396475,"Navsari, Gujarat · 396475"
396510,"Surat, Gujarat · 396510"
396521,"Navsari, Gujarat · 396521"
396530,"Navsari, Gujarat · 396530"
396540,"Navsari, Gujarat · 396540"
396560,"Navsari, Gujarat · 396560"
396570,"Navsari, Gujarat · 396570"
396580,"Navsari, Gujarat · 396580"
396590,"Navsari, Gujarat · 396590"
400601,"Thane, Maharashtra · 400601"
400602,"Thane, Maharashtra · 400602"
400604,"Thane, Maharashtra · 400604"
400606,"Thane, Maharashtra · 400606"
400608,"Thane, Maharashtra · 400608"
400610,"Thane, Maharashtra · 400610"
400701,"Thane, Maharashtra · 400701"
400703,"Thane, Maharashtra · 400703"
400706,"Thane, Maharashtra · 400706"
400709,"Thane, Maharashtra · 400709"
400710,"Thane, Maharashtra · 400710"
401101,"Thane, Maharashtra · 401101"
401102,"Thane, Maharashtra · 401102"
401103,"Thane, Maharashtra · 401103"
401105,"Thane, Maharashtra · 401105"
401106,"Thane, Maharashtra · 401106"
401107,"Thane, Maharashtra · 401107"
401201,"Thane, Maharashtra · 401201"
401202,"Thane, Maharashtra · 401202"
401203,"Thane, Maharashtra · 401203"
401204,"Thane, Maharashtra · 401204"
401206,"Thane, Maharashtra · 401206"
401207,"Thane, Maharashtra · 401207"
401208,"Thane, Maharashtra · 401208"
401302,"Thane, Maharashtra · 401302"
401303,"Thane, Maharashtra · 401303"
401304,"Thane, Maharashtra · 401304"
401305,"Thane, Maharashtra · 401305"
401401,"Thane, Maharashtra · 401401"
401402,"Thane, Maharashtra · 401402"
401403,"Thane, Maharashtra · 401403"
401404,"Thane, Maharashtra · 401404"
401405,"Thane, Maharashtra · 401405"
401501,"Thane, Maharashtra · 401501"
401502,"Thane, Maharashtra · 401502"
401503,"Thane, Maharashtra · 401503"
401504,"Thane, Maharashtra · 401504"
401506,"Thane, Maharashtra · 401506"
401601,"Thane, Maharashtra · 401601"
401602,"Thane, Maharashtra · 401602"
401603,"Thane, Maharashtra · 401603"
401604,"Thane, Maharashtra · 401604"
401605,"Thane, Maharashtra · 401605"
401606,"Thane, Maharashtra · 401606"
401607,"Thane, Maharashtra · 401607"
401701,"Thane, Maharashtra · 401701"
401702,"Thane, Maharashtra · 401702"
401703,"Thane, Maharashtra · 401703"
403001,"North Goa, Goa · 403001"
403002,"North Goa, Goa · 403002"
403004,"North Goa, Goa · 403004"
403005,"North Goa, Goa · 403005"
403006,"North Goa, Goa · 403006"
403101,"North Goa, Goa · 403101"
403102,"North Goa, Goa · 403102"
403104,"North Goa, Goa · 403104"
403105,"North Goa, Goa · 403105"
403106,"South Goa, Goa · 403106"
403107,"South Goa, Goa · 403107"
403108,"North Goa, Goa · 403108"
403109,"North Goa, Goa · 403109"
403110,"North Goa, Goa · 403110"
403114,"North Goa, Goa · 403114"
403115,"South Goa, Goa · 403115"
403201,"North Goa, Goa · 403201"
403202,"North Goa, Goa · 403202"
403203,"North Goa, Goa · 403203"
403204,"North Goa, Goa · 403204"
403206,"North Goa, Goa · 403206"
403401,"South Goa, Goa · 403401"
403402,"North Goa, Goa · 403402"
403403,"North Goa, Goa · 403403"
403404,"South Goa, Goa · 403404"
403406,"North Goa, Goa · 403406"
403409,"South Goa, Goa · 403409"
403410,"South Goa, Goa · 403410"
403501,"North Goa, Goa · 403501"
403502,"North Goa, Goa · 403502"
403503,"North Goa, Goa · 403503"
403504,"North Goa, Goa · 403504"
403505,"North Goa, Goa · 403505"
403506,"North Goa, Goa · 403506"
403507,"North Goa, Goa · 403507"
403508,"North Goa, Goa · 403508"
403509,"North Goa, Goa · 403509"
403510,"North Goa, Goa · 403510"
403511,"North Goa, Goa · 403511"
403512,"North Goa, Goa · 403512"
403513,"North Goa, Goa · 403513"
403515,"North Goa, Goa · 403515"
403516,"North Goa, Goa · 403516"
403517,"North Goa, Goa · 403517"
403521,"North Goa, Goa · 403521"
403523,"North Goa, Goa · 403523"
403524,"North Goa, Goa · 403524"
403526,"North Goa, Goa · 403526"
403527,"North Goa, Goa · 403527"
403530,"North Goa, Goa · 403530"
403601,"South Goa, Goa · 403601"
403602,"South Goa, Goa · 403602"
403701,"South Goa, Goa · 403701"
403702,"South Goa, Goa · 403702"
403703,"South Goa, Goa · 403703"
403704,"South Goa, Goa · 403704"
403705,"South Goa, Goa · 403705"
403706,"South Goa, Goa · 403706"
403707,"South Goa, Goa · 403707"
403708,"South Goa, Goa · 403708"
403709,"South Goa, Goa · 403709"
403710,"South Goa, Goa · 403710"
403711,"South Goa, Goa · 403711"
403712,"South Goa, Goa · 403712"
403713,"South Goa, Goa · 403713"
403714,"South Goa, Goa · 403714"
403715,"South Goa, Goa · 403715"
403716,"South Goa, Goa · 403716"
403717,"South Goa, Goa · 403717"
403718,"South Goa, Goa · 403718"
403719,"South Goa, Goa · 403719"
403720,"South Goa, Goa · 403720"
403721,"South Goa, Goa · 403721"
403722,"South Goa, Goa · 403722"
403723,"South Goa, Goa · 403723"
403724,"South Goa, Goa · 403724"
403725,"South Goa, Goa · 403725"
403726,"South Goa, Goa · 403726"
403728,"South Goa, Goa · 403728"
403731,"South Goa, Goa · 403731"
403801,"South Goa, Goa · 403801"
403802,"South Goa, Goa · 403802"
403803,"South Goa, Goa · 403803"
403804,"South Goa, Goa · 403804"
403806,"South Goa, Goa · 403806"
410301,"Pune, Maharashtra · 410301"
410302,"Pune, Maharashtra · 410302"
410401,"Pune, Maharashtra · 410401"
410402,"Pune, Maharashtra · 410402"
410403,"Pune, Maharashtra · 410403"
410405,"Pune, Maharashtra · 410405"
410406,"Pune, Maharashtra · 410406"
410501,"Pune, Maharashtra · 410501"
410502,"Pune, Maharashtra · 410502"
410503,"Pune, Maharashtra · 410503"
410504,"Pune, Maharashtra · 410504"
410506,"Pune, Maharashtra · 410506"
410507,"Pune, Maharashtra · 410507"
410508,"Pune, Maharashtra · 410508"
410509,"Pune, Maharashtra · 410509"
410510,"Pune, Maharashtra · 410510"
410511,"Pune, Maharashtra · 410511"
410512,"Pune, Maharashtra · 410512"
410513,"Pune, Maharashtra · 410513"
410515,"Pune, Maharashtra · 410515"
410516,"Pune, Maharashtra · 410516"
411002,"Pune, Maharashtra · 411002"
411003,"Pune, Maharashtra · 411003"
411005,"Pune, Maharashtra · 411005"
411006,"Pune, Maharashtra · 411006"
411007,"Pune, Maharashtra · 411007"
411008,"Pune, Maharashtra · 411008"
411009,"Pune, Maharashtra · 411009"
411011,"Pune, Maharashtra · 411011"
411012,"Pune, Maharashtra · 411012"
411013,"Pune, Maharashtra · 411013"
411015,"Pune, Maharashtra · 411015"
411016,"Pune, Maharashtra · 411016"
411017,"Pune, Maharashtra · 411017"
411018,"Pune, Maharashtra · 411018"
411019,"Pune, Maharashtra · 411019"
411020,"Pune, Maharashtra · 411020"
411021,"Pune, Maharashtra · 411021"
411022,"Pune, Maharashtra · 411022"
411023,"Pune, Maharashtra · 411023"
411024,"Pune, Maharashtra · 411024"
411026,"Pune, Maharashtra · 411026"
411027,"Pune, Maharashtra · 411027"
411028,"Pune, Maharashtra · 411028"
411030,"Pune, Maharashtra · 411030"
411031,"Pune, Maharashtra · 411031"
411032,"Pune, Maharashtra · 411032"
411033,"Pune, Maharashtra · 411033"
411034,"Pune, Maharashtra · 411034"
411035,"Pune, Maharashtra · 411035"
411036,"Pune, Maharashtra · 411036"
411037,"Pune, Maharashtra · 411037"
411038,"Pune, Maharashtra · 411038"
411039,"Pune, Maharashtra · 411039"
411040,"Pune, Maharashtra · 411040"
411041,"Pune, Maharashtra · 411041"
411042,"Pune, Maharashtra · 411042"
411043,"Pune, Maharashtra · 411043"
411044,"Pune, Maharashtra · 411044"
411045,"Pune, Maharashtra · 411045"
411046,"Pune, Maharashtra · 411046"
411047,"Pune, Maharashtra · 411047"
411048,"Pune, Maharashtra · 411048"
411051,"Pune, Maharashtra · 411051"
411052,"Pune, Maharashtra · 411052"
411057,"Pune, Maharashtra · 411057"
411058,"Pune, Maharashtra · 411058"
411060,"Pune, Maharashtra · 411060"
411061,"Pune, Maharashtra · 411061"
411062,"Pune, Maharashtra · 411062"
412101,"Pune, Maharashtra · 412101"
412102,"Pune, Maharashtra · 412102"
412103,"Pune, Maharashtra · 412103"
412104,"Pune, Maharashtra · 412104"
412106,"Pune, Maharashtra · 412106"
412107,"Pune, Maharashtra · 412107"
412108,"Pune, Maharashtra · 412108"
412109,"Pune, Maharashtra · 412109"
412112,"Pune, Maharashtra · 412112"
412115,"Pune, Maharashtra · 412115"
412201,"Pune, Maharashtra · 412201"
412202,"Pune, Maharashtra · 412202"
412203,"Pune, Maharashtra · 412203"
412204,"Pune, Maharashtra · 412204"
412205,"Pune, Maharashtra · 412205"
412206,"Pune, Maharashtra · 412206"
412207,"Pune, Maharashtra · 412207"
412208,"Pune, Maharashtra · 412208"
412209,"Pune, Maharashtra · 412209"
412210,"Pune, Maharashtra · 412210"
412211,"Pune, Maharashtra · 412211"
412212,"Pune, Maharashtra · 412212"
412213,"Pune, Maharashtra · 412213"
412214,"Pune, Maharashtra · 412214"
412215,"Pune, Maharashtra · 412215"
412218,"Pune, Maharashtra · 412218"
412219,"Pune, Maharashtra · 412219"
412220,"Pune, Maharashtra · 412220"
412301,"Pune, Maharashtra · 412301"
412303,"Pune, Maharashtra · 412303"
412304,"Pune, Maharashtra · 412304"
412305,"Pune, Maharashtra · 412305"
412306,"Pune, Maharashtra · 412306"
412311,"Pune, Maharashtra · 412311"
412312,"Pune, Maharashtra · 412312"
412401,"Pune, Maharashtra · 412401"
412402,"Pune, Maharashtra · 412402"
412403,"Pune, Maharashtra · 412403"
412404,"Pune, Maharashtra · 412404"
412405,"Pune, Maharashtra · 412405"
412406,"Pune, Maharashtra · 412406"
412408,"Pune, Maharashtra · 412408"
412409,"Pune, Maharashtra · 412409"
412410,"Pune, Maharashtra · 412410"
412411,"Pune, Maharashtra · 412411"
412412,"Pune, Maharashtra · 412412"
412801,"Satara, Maharashtra · 412801"
412802,"Satara, Maharashtra · 412802"
412803,"Satara, Maharashtra · 412803"
412804,"Satara, Maharashtra · 412804"
412805,"Satara, Maharashtra · 412805"
412806,"Satara, Maharashtra · 412806"
413003,"Solapur, Maharashtra · 413003"
413004,"Solapur, Maharashtra · 413004"
413005,"Solapur, Maharashtra · 413005"
413006,"Solapur, Maharashtra · 413006"
413008,"Solapur, Maharashtra · 413008"
413101,"Solapur, Maharashtra · 413101"
413102,"Pune, Maharashtra · 413102"
413103,"Pune, Maharashtra · 413103"
413104,"Pune, Maharashtra · 413104"
413105,"Pune, Maharashtra · 413105"
413106,"Pune, Maharashtra · 413106"
413107,"Solapur, Maharashtra · 413107"
413108,"Solapur, Maharashtra · 413108"
413109,"Solapur, Maharashtra · 413109"
413110,"Pune, Maharashtra · 413110"
413111,"Solapur, Maharashtra · 413111"
413112,"Solapur, Maharashtra · 413112"
413113,"Solapur, Maharashtra · 413113"
413114,"Pune, Maharashtra · 413114"
413115,"Pune, Maharashtra · 413115"
413116,"Pune, Maharashtra · 413116"
413118,"Solapur, Maharashtra · 413118"
413120,"Pune, Maharashtra · 413120"
413130,"Pune, Maharashtra · 413130"
413132,"Pune, Maharashtra · 413132"
413133,"Pune, Maharashtra · 413133"
413202,"Solapur, Maharashtra · 413202"
413203,"Solapur, Maharashtra · 413203"
413206,"Solapur, Maharashtra · 413206"
413208,"Solapur, Maharashtra · 413208"
413209,"Solapur, Maharashtra · 413209"
413210,"Solapur, Maharashtra · 413210"
413211,"Solapur, Maharashtra · 413211"
413212,"Solapur, Maharashtra · 413212"
413213,"Solapur, Maharashtra · 413213"
413214,"Solapur, Maharashtra · 413214"
413215,"Solapur, Maharashtra · 413215"
413216,"Solapur, Maharashtra · 413216"
413217,"Solapur, Maharashtra · 413217"
413218,"Solapur, Maharashtra · 413218"
413219,"Solapur, Maharashtra · 413219"
413220,"Solapur, Maharashtra · 413220"
413221,"Solapur, Maharashtra · 413221"
413222,"Solapur, Maharashtra · 413222"
413223,"Solapur, Maharashtra · 413223"
413224,"Solapur, Maharashtra · 413224"
413226,"Solapur, Maharashtra · 413226"
413227,"Solapur, Maharashtra · 413227"
413228,"Solapur, Maharashtra · 413228"
413248,"Solapur, Maharashtra · 413248"
413250,"Solapur, Maharashtra · 413250"
413251,"Solapur, Maharashtra · 413251"
413252,"Solapur, Maharashtra · 413252"
413253,"Solapur, Maharashtra · 413253"
413255,"Solapur, Maharashtra · 413255"
413301,"Solapur, Maharashtra · 413301"
413303,"Solapur, Maharashtra · 413303"
413305,"Solapur, Maharashtra · 413305"
413306,"Solapur, Maharashtra · 413306"
413307,"Solapur, Maharashtra · 413307"
413308,"Solapur, Maharashtra · 413308"
413309,"Solapur, Maharashtra · 413309"
413310,"Solapur, Maharashtra · 413310"
413314,"Solapur, Maharashtra · 413314"
413315,"Solapur, Maharashtra · 413315"
413317,"Solapur, Maharashtra · 413317"
413319,"Solapur, Maharashtra · 413319"
413322,"Solapur, Maharashtra · 413322"
413324,"Solapur, Maharashtra · 413324"
413401,"Solapur, Maharashtra · 413401"
413402,"Solapur, Maharashtra · 413402"
413403,"Solapur, Maharashtra · 413403"
413404,"Solapur, Maharashtra · 413404"
413405,"Osmanabad, Maharashtra · 413405"
413406,"Solapur, Maharashtra · 413406"
413409,"Solapur, Maharashtra · 413409"
413410,"Solapur, Maharashtra · 413410"
413411,"Solapur, Maharashtra · 413411"
413412,"Solapur, Maharashtra · 413412"
413501,"Osmanabad, Maharashtra · 413501"
413502,"Osmanabad, Maharashtra · 413502"
413503,"Osmanabad, Maharashtra · 413503"
413504,"Osmanabad, Maharashtra · 413504"
413505,"Osmanabad, Maharashtra · 413505"
413506,"Osmanabad, Maharashtra · 413506"
413507,"Osmanabad, Maharashtra · 413507"
413508,"Osmanabad, Maharashtra · 413508"
413509,"Osmanabad, Maharashtra · 413509"
413510,"Osmanabad, Maharashtra · 413510"
413511,"Latur, Maharashtra · 413511"
413512,"Latur, Maharashtra · 413512"
413513,"Latur, Maharashtra · 413513"
413514,"Osmanabad, Maharashtra · 413514"
413515,"Latur, Maharashtra · 413515"
413516,"Latur, Maharashtra · 413516"
413517,"Latur, Maharashtra · 413517"
413518,"Latur, Maharashtra · 413518"
413519,"Latur, Maharashtra · 413519"
413520,"Latur, Maharashtra · 413520"
413521,"Osmanabad, Maharashtra · 413521"
413522,"Latur, Maharashtra · 413522"
413523,"Osmanabad, Maharashtra · 413523"
413524,"Latur, Maharashtra · 413524"
413525,"Osmanabad, Maharashtra · 413525"
413526,"Osmanabad, Maharashtra · 413526"
413527,"Latur, Maharashtra · 413527"
413528,"Osmanabad, Maharashtra · 413528"
413529,"Latur, Maharashtra · 413529"
413530,"Latur, Maharashtra · 413530"
413531,"Osmanabad, Maharashtra · 413531"
413532,"Latur, Maharashtra · 413532"
413534,"Osmanabad, Maharashtra · 413534"
413544,"Osmanabad, Maharashtra · 413544"
413581,"Osmanabad, Maharashtra · 413581"
413582,"Osmanabad, Maharashtra · 413582"
413601,"Osmanabad, Maharashtra · 413601"
413602,"Osmanabad, Maharashtra · 413602"
413603,"Osmanabad, Maharashtra · 413603"
413604,"Osmanabad, Maharashtra · 413604"
413605,"Osmanabad, Maharashtra · 413605"
413606,"Osmanabad, Maharashtra · 413606"
413607,"Osmanabad, Maharashtra · 413607"
413608,"Osmanabad, Maharashtra · 413608"
413623,"Osmanabad, Maharashtra · 413623"
413624,"Osmanabad, Maharashtra · 413624"
413801,"Pune, Maharashtra · 413801"
413802,"Pune, Maharashtra · 413802"
415001,"Satara, Maharashtra · 415001"
415002,"Satara, Maharashtra · 415002"
415003,"Satara, Maharashtra · 415003"
415004,"Satara, Maharashtra · 415004"
415010,"Satara, Maharashtra · 415010"
415011,"Satara, Maharashtra · 415011"
415012,"Satara, Maharashtra · 415012"
415013,"Satara, Maharashtra · 415013"
415014,"Satara, Maharashtra · 415014"
415015,"Satara, Maharashtra · 415015"
415019,"Satara, Maharashtra · 415019"
415020,"Satara, Maharashtra · 415020"
415021,"Satara, Maharashtra · 415021"
415022,"Satara, Maharashtra · 415022"
415023,"Satara, Maharashtra · 415023"
415101,"Kolhapur, Maharashtra · 415101"
415102,"Satara, Maharashtra · 415102"
415103,"Satara, Maharashtra · 415103"
415104,"Satara, Maharashtra · 415104"
415105,"Satara, Maharashtra · 415105"
415106,"Satara, Maharashtra · 415106"
415107,"Satara, Maharashtra · 415107"
415108,"Satara, Maharashtra · 415108"
415109,"Satara, Maharashtra · 415109"
415110,"Satara, Maharashtra · 415110"
415111,"Satara, Maharashtra · 415111"
415112,"Satara, Maharashtra · 415112"
415114,"Satara, Maharashtra · 415114"
415115,"Satara, Maharashtra · 415115"
415116,"Satara, Maharashtra · 415116"
415122,"Satara, Maharashtra · 415122"
415124,"Satara, Maharashtra · 415124"
415202,"Ratnagiri, Maharashtra · 415202"
415203,"Ratnagiri, Maharashtra · 415203"
415205,"Satara, Maharashtra · 415205"
415206,"Satara, Maharashtra · 415206"
415207,"Satara, Maharashtra · 415207"
415208,"Ratnagiri, Maharashtra · 415208"
415209,"Satara, Maharashtra · 415209"
415211,"Satara, Maharashtra · 415211"
415212,"Satara, Maharashtra · 415212"
415214,"Ratnagiri, Maharashtra · 415214"
415301,"Sangli, Maharashtra · 415301"
415302,"Sangli, Maharashtra · 415302"
415303,"Sangli, Maharashtra · 415303"
415304,"Sangli, Maharashtra · 415304"
415305,"Sangli, Maharashtra · 415305"
415306,"Sangli, Maharashtra · 415306"
415307,"Sangli, Maharashtra · 415307"
415308,"Sangli, Maharashtra · 415308"
415309,"Sangli, Maharashtra · 415309"
415310,"Sangli, Maharashtra · 415310"
415311,"Sangli, Maharashtra · 415311"
415312,"Satara, Maharashtra · 415312"
415313,"Sangli, Maharashtra · 415313"
415315,"Sangli, Maharashtra · 415315"
415401,"Sangli, Maharashtra · 415401"
415402,"Sangli, Maharashtra · 415402"
415403,"Sangli, Maharashtra · 415403"
415404,"Sangli, Maharashtra · 415404"
415405,"Sangli, Maharashtra · 415405"
415406,"Sangli, Maharashtra · 415406"
415407,"Sangli, Maharashtra · 415407"
415408,"Sangli, Maharashtra · 415408"
415409,"Sangli, Maharashtra · 415409"
415410,"Sangli, Maharashtra · 415410"
415411,"Sangli, Maharashtra · 415411"
415412,"Sangli, Maharashtra · 415412"
415413,"Sangli, Maharashtra · 415413"
415414,"Sangli, Maharashtra · 415414"
415415,"Sangli, Maharashtra · 415415"
415501,"Satara, Maharashtra · 415501"
415502,"Satara, Maharashtra · 415502"
415503,"Satara, Maharashtra · 415503"
415504,"Satara, Maharashtra · 415504"
415505,"Satara, Maharashtra · 415505"
415506,"Satara, Maharashtra · 415506"
415507,"Satara, Maharashtra · 415507"
415508,"Satara, Maharashtra · 415508"
415509,"Satara, Maharashtra · 415509"
415510,"Satara, Maharashtra · 415510"
415511,"Satara, Maharashtra · 415511"
415512,"Satara, Maharashtra · 415512"
415513,"Satara, Maharashtra · 415513"
415514,"Satara, Maharashtra · 415514"
415515,"Satara, Maharashtra · 415515"
415516,"Satara, Maharashtra · 415516"
415517,"Satara, Maharashtra · 415517"
415518,"Satara, Maharashtra · 415518"
415519,"Satara, Maharashtra · 415519"
415520,"Satara, Maharashtra · 415520"
415521,"Satara, Maharashtra · 415521"
415522,"Satara, Maharashtra · 415522"
415523,"Satara, Maharashtra · 415523"
415524,"Satara, Maharashtra · 415524"
415525,"Satara, Maharashtra · 415525"
415526,"Satara, Maharashtra · 415526"
415527,"Satara, Maharashtra · 415527"
415528,"Satara, Maharashtra · 415528"
415530,"Satara, Maharashtra · 415530"
415536,"Satara, Maharashtra · 415536"
415537,"Satara, Maharashtra · 415537"
415538,"Satara, Maharashtra · 415538"
415539,"Satara, Maharashtra · 415539"
415540,"Satara, Maharashtra · 415540"
415601,"Ratnagiri, Maharashtra · 415601"
415602,"Ratnagiri, Maharashtra · 415602"
415603,"Ratnagiri, Maharashtra · 415603"
415604,"Ratnagiri, Maharashtra · 415604"
415605,"Ratnagiri, Maharashtra · 415605"
415606,"Ratnagiri, Maharashtra · 415606"
415607,"Ratnagiri, Maharashtra · 415607"
415608,"Ratnagiri, Maharashtra · 415608"
415609,"Ratnagiri, Maharashtra · 415609"
415610,"Ratnagiri, Maharashtra · 415610"
415611,"Ratnagiri, Maharashtra · 415611"
415612,"Ratnagiri, Maharashtra · 415612"
415613,"Ratnagiri, Maharashtra · 415613"
415614,"Ratnagiri, Maharashtra · 415614"
415615,"Ratnagiri, Maharashtra · 415615"
415616,"Ratnagiri, Maharashtra · 415616"
415617,"Ratnagiri, Maharashtra · 415617"
415619,"Ratnagiri, Maharashtra · 415619"
415620,"Ratnagiri, Maharashtra · 415620"
415621,"Ratnagiri, Maharashtra · 415621"
415626,"Ratnagiri, Maharashtra · 415626"
415628,"Ratnagiri, Maharashtra · 415628"
415629,"Ratnagiri, Maharashtra · 415629"
415634,"Ratnagiri, Maharashtra · 415634"
415637,"Ratnagiri, Maharashtra · 415637"
415639,"Ratnagiri, Maharashtra · 415639"
415640,"Ratnagiri, Maharashtra · 415640"
415641,"Ratnagiri, Maharashtra · 415641"
415643,"Ratnagiri, Maharashtra · 415643"
415701,"Ratnagiri, Maharashtra · 415701"
415702,"Ratnagiri, Maharashtra · 415702"
415703,"Ratnagiri, Maharashtra · 415703"
415705,"Ratnagiri, Maharashtra · 415705"
415706,"Ratnagiri, Maharashtra · 415706"
415708,"Ratnagiri, Maharashtra · 415708"
415709,"Ratnagiri, Maharashtra · 415709"
415710,"Ratnagiri, Maharashtra · 415710"
415711,"Ratnagiri, Maharashtra · 415711"
415712,"Ratnagiri, Maharashtra · 415712"
415713,"Ratnagiri, Maharashtra · 415713"
415714,"Ratnagiri, Maharashtra · 415714"
415715,"Ratnagiri, Maharashtra · 415715"
415716,"Ratnagiri, Maharashtra · 415716"
415717,"Ratnagiri, Maharashtra · 415717"
415718,"Ratnagiri, Maharashtra · 415718"
415719,"Ratnagiri, Maharashtra · 415719"
415720,"Ratnagiri, Maharashtra · 415720"
415722,"Ratnagiri, Maharashtra · 415722"
415724,"Ratnagiri, Maharashtra · 415724"
415726,"Ratnagiri, Maharashtra · 415726"
415727,"Ratnagiri, Maharashtra · 415727"
415728,"Ratnagiri, Maharashtra · 415728"
415729,"Ratnagiri, Maharashtra · 415729"
415730,"Ratnagiri, Maharashtra · 415730"
415801,"Ratnagiri, Maharashtra · 415801"
415802,"Ratnagiri, Maharashtra · 415802"
415803,"Ratnagiri, Maharashtra · 415803"
415804,"Ratnagiri, Maharashtra · 415804"
415805,"Ratnagiri, Maharashtra · 415805"
415806,"Ratnagiri, Maharashtra · 415806"
415807,"Ratnagiri, Maharashtra · 415807"
416002,"Kolhapur, Maharashtra · 416002"
416003,"Kolhapur, Maharashtra · 416003"
416004,"Kolhapur, Maharashtra · 416004"
416005,"Kolhapur, Maharashtra · 416005"
416006,"Kolhapur, Maharashtra · 416006"
416007,"Kolhapur, Maharashtra · 416007"
416010,"Kolhapur, Maharashtra · 416010"
416011,"Kolhapur, Maharashtra · 416011"
416012,"Kolhapur, Maharashtra · 416012"
416013,"Kolhapur, Maharashtra · 416013"
416101,"Kolhapur, Maharashtra · 416101"
416102,"Kolhapur, Maharashtra · 416102"
416103,"Kolhapur, Maharashtra · 416103"
416104,"Kolhapur, Maharashtra · 416104"
416105,"Kolhapur, Maharashtra · 416105"
416106,"Kolhapur, Maharashtra · 416106"
416107,"Kolhapur, Maharashtra · 416107"
416108,"Kolhapur, Maharashtra · 416108"
416109,"Kolhapur, Maharashtra · 416109"
416110,"Kolhapur, Maharashtra · 416110"
416111,"Kolhapur, Maharashtra · 416111"
416112,"Kolhapur, Maharashtra · 416112"
416113,"Kolhapur, Maharashtra · 416113"
416114,"Kolhapur, Maharashtra · 416114"
416116,"Kolhapur, Maharashtra · 416116"
416118,"Kolhapur, Maharashtra · 416118"
416119,"Kolhapur, Maharashtra · 416119"
416120,"Kolhapur, Maharashtra · 416120"
416121,"Kolhapur, Maharashtra · 416121"
416122,"Kolhapur, Maharashtra · 416122"
416143,"Kolhapur, Maharashtra · 416143"
416144,"Kolhapur, Maharashtra · 416144"
416146,"Kolhapur, Maharashtra · 416146"
416201,"Kolhapur, Maharashtra · 416201"
416202,"Kolhapur, Maharashtra · 416202"
416203,"Kolhapur, Maharashtra · 416203"
416204,"Kolhapur, Maharashtra · 416204"
416205,"Kolhapur, Maharashtra · 416205"
416206,"Kolhapur, Maharashtra · 416206"
416207,"Kolhapur, Maharashtra · 416207"
416208,"Kolhapur, Maharashtra · 416208"
416209,"Kolhapur, Maharashtra · 416209"
416210,"Kolhapur, Maharashtra · 416210"
416212,"Kolhapur, Maharashtra · 416212"
416213,"Kolhapur, Maharashtra · 416213"
416214,"Kolhapur, Maharashtra · 416214"
416215,"Kolhapur, Maharashtra · 416215"
416216,"Kolhapur, Maharashtra · 416216"
416218,"Kolhapur, Maharashtra · 416218"
416219,"Kolhapur, Maharashtra · 416219"
416220,"Kolhapur, Maharashtra · 416220"
416221,"Kolhapur, Maharashtra · 416221"
416223,"Kolhapur, Maharashtra · 416223"
416229,"Kolhapur, Maharashtra · 416229"
416230,"Kolhapur, Maharashtra · 416230"
416231,"Kolhapur, Maharashtra · 416231"
416232,"Kolhapur, Maharashtra · 416232"
416234,"Kolhapur, Maharashtra · 416234"
416235,"Kolhapur, Maharashtra · 416235"
416236,"Kolhapur, Maharashtra · 416236"
416301,"Sangli, Maharashtra · 416301"
416302,"Sangli, Maharashtra · 416302"
416303,"Sangli, Maharashtra · 416303"
416304,"Sangli, Maharashtra · 416304"
416305,"Sangli, Maharashtra · 416305"
416306,"Sangli, Maharashtra · 416306"
416307,"Sangli, Maharashtra · 416307"
416308,"Sangli, Maharashtra · 416308"
416309,"Sangli, Maharashtra · 416309"
416310,"Sangli, Maharashtra · 416310"
416311,"Sangli, Maharashtra · 416311"
416312,"Sangli, Maharashtra · 416312"
416313,"Sangli, Maharashtra · 416313"
416315,"Sangli, Maharashtra · 416315"
416316,"Sangli, Maharashtra · 416316"
416401,"Sangli, Maharashtra · 416401"
416402,"Sangli, Maharashtra · 416402"
416403,"Sangli, Maharashtra · 416403"
416404,"Sangli, Maharashtra · 416404"
416405,"Sangli, Maharashtra · 416405"
416406,"Sangli, Maharashtra · 416406"
416407,"Sangli, Maharashtra · 416407"
416408,"Sangli, Maharashtra · 416408"
416409,"Sangli, Maharashtra · 416409"
416410,"Sangli, Maharashtra · 416410"
416411,"Sangli, Maharashtra · 416411"
416412,"Sangli, Maharashtra · 416412"
416413,"Sangli, Maharashtra · 416413"
416414,"Sangli, Maharashtra · 416414"
416415,"Sangli, Maharashtra · 416415"
416416,"Sangli, Maharashtra · 416416"
416417,"Sangli, Maharashtra · 416417"
416418,"Sangli, Maharashtra · 416418"
416419,"Sangli, Maharashtra · 416419"
416420,"Sangli, Maharashtra · 416420"
416436,"Sangli, Maharashtra · 416436"
416437,"Sangli, Maharashtra · 416437"
416501,"Kolhapur, Maharashtra · 416501"
416502,"Kolhapur, Maharashtra · 416502"
416503,"Kolhapur, Maharashtra · 416503"
416504,"Kolhapur, Maharashtra · 416504"
416505,"Kolhapur, Maharashtra · 416505"
416506,"Kolhapur, Maharashtra · 416506"
416507,"Kolhapur, Maharashtra · 416507"
416508,"Kolhapur, Maharashtra · 416508"
416509,"Kolhapur, Maharashtra · 416509"
416510,"Sindhudurg, Maharashtra · 416510"
416511,"Sindhudurg, Maharashtra · 416511"
416512,"Sindhudurg, Maharashtra · 416512"
416513,"Sindhudurg, Maharashtra · 416513"
416514,"Sindhudurg, Maharashtra · 416514"
416515,"Sindhudurg, Maharashtra · 416515"
416516,"Sindhudurg, Maharashtra · 416516"
416517,"Sindhudurg, Maharashtra · 416517"
416518,"Sindhudurg, Maharashtra · 416518"
416519,"Sindhudurg, Maharashtra · 416519"
416520,"Sindhudurg, Maharashtra · 416520"
416521,"Sindhudurg, Maharashtra · 416521"
416522,"Sindhudurg, Maharashtra · 416522"
416523,"Sindhudurg, Maharashtra · 416523"
416524,"Sindhudurg, Maharashtra · 416524"
416525,"Sindhudurg, Maharashtra · 416525"
416526,"Kolhapur, Maharashtra · 416526"
416527,"Kolhapur, Maharashtra · 416527"
416528,"Sindhudurg, Maharashtra · 416528"
416529,"Sindhudurg, Maharashtra · 416529"
416531,"Sindhudurg, Maharashtra · 416531"
416534,"Sindhudurg, Maharashtra · 416534"
416549,"Sindhudurg, Maharashtra · 416549"
416551,"Kolhapur, Maharashtra · 416551"
416552,"Kolhapur, Maharashtra · 416552"
416601,"Sindhudurg, Maharashtra · 416601"
416602,"Sindhudurg, Maharashtra · 416602"
416604,"Sindhudurg, Maharashtra · 416604"
416605,"Sindhudurg, Maharashtra · 416605"
416606,"Sindhudurg, Maharashtra · 416606"
416608,"Sindhudurg, Maharashtra · 416608"
416609,"Sindhudurg, Maharashtra · 416609"
416610,"Sindhudurg, Maharashtra · 416610"
416611,"Sindhudurg, Maharashtra · 416611"
416612,"Sindhudurg, Maharashtra · 416612"
416613,"Sindhudurg, Maharashtra · 416613"
416614,"Sindhudurg, Maharashtra · 416614"
416615,"Sindhudurg, Maharashtra · 416615"
416616,"Sindhudurg, Maharashtra · 416616"
416620,"Sindhudurg, Maharashtra · 416620"
416623,"Sindhudurg, Maharashtra · 416623"
416626,"Sindhudurg, Maharashtra · 416626"
416628,"Sindhudurg, Maharashtra · 416628"
416630,"Sindhudurg, Maharashtra · 416630"
416632,"Sindhudurg, Maharashtra · 416632"
416701,"Ratnagiri, Maharashtra · 416701"
416702,"Ratnagiri, Maharashtra · 416702"
416703,"Sindhudurg, Maharashtra · 416703"
416704,"Ratnagiri, Maharashtra · 416704"
416705,"Ratnagiri, Maharashtra · 416705"
416707,"Ratnagiri, Maharashtra · 416707"
416709,"Ratnagiri, Maharashtra · 416709"
416712,"Ratnagiri, Maharashtra · 416712"
416713,"Ratnagiri, Maharashtra · 416713"
416801,"Sindhudurg, Maharashtra · 416801"
416803,"Sindhudurg, Maharashtra · 416803"
416804,"Sindhudurg, Maharashtra · 416804"
416805,"Sindhudurg, Maharashtra · 416805"
416806,"Sindhudurg, Maharashtra · 416806"
416807,"Sindhudurg, Maharashtra · 416807"
416810,"Sindhudurg, Maharashtra · 416810"
416811,"Sindhudurg, Maharashtra · 416811"
416812,"Sindhudurg, Maharashtra · 416812"
416813,"Sindhudurg, Maharashtra · 416813"
421002,"Thane, Maharashtra · 421002"
421004,"Thane, Maharashtra · 421004"
421005,"Thane, Maharashtra · 421005"
421101,"Thane, Maharashtra · 421101"
421202,"Thane, Maharashtra · 421202"
421203,"Thane, Maharashtra · 421203"
421204,"Thane, Maharashtra · 421204"
421301,"Thane, Maharashtra · 421301"
421303,"Thane, Maharashtra · 421303"
421305,"Thane, Maharashtra · 421305"
421306,"Thane, Maharashtra · 421306"
421308,"Thane, Maharashtra · 421308"
421311,"Thane, Maharashtra · 421311"
421401,"Thane, Maharashtra · 421401"
421402,"Thane, Maharashtra · 421402"
421403,"Thane, Maharashtra · 421403"
421501,"Thane, Maharashtra · 421501"
421502,"Thane, Maharashtra · 421502"
421505,"Thane, Maharashtra · 421505"
421506,"Thane, Maharashtra · 421506"
421601,"Thane, Maharashtra · 421601"
421602,"Thane, Maharashtra · 421602"
421603,"Thane, Maharashtra · 421603"
421605,"Thane, Maharashtra · 421605"
422002,"Nashik, Maharashtra · 422002"
422004,"Nashik, Maharashtra · 422004"
422005,"Nashik, Maharashtra · 422005"
422006,"Nashik, Maharashtra · 422006"
422007,"Nashik, Maharashtra · 422007"
422008,"Nashik, Maharashtra · 422008"
422010,"Nashik, Maharashtra · 422010"
422011,"Nashik, Maharashtra · 422011"
422012,"Nashik, Maharashtra · 422012"
422013,"Nashik, Maharashtra · 422013"
422101,"Nashik, Maharashtra · 422101"
422102,"Nashik, Maharashtra · 422102"
422103,"Nashik, Maharashtra · 422103"
422104,"Nashik, Maharashtra · 422104"
422105,"Nashik, Maharashtra · 422105"
422112,"Nashik, Maharashtra · 422112"
422113,"Nashik, Maharashtra · 422113"
422201,"Nashik, Maharashtra · 422201"
422202,"Nashik, Maharashtra · 422202"
422203,"Nashik, Maharashtra · 422203"
422204,"Nashik, Maharashtra · 422204"
422205,"Nashik, Maharashtra · 422205"
422206,"Nashik, Maharashtra · 422206"
422207,"Nashik, Maharashtra · 422207"
422208,"Nashik, Maharashtra · 422208"
422209,"Nashik, Maharashtra · 422209"
422210,"Nashik, Maharashtra · 422210"
422211,"Nashik, Maharashtra · 422211"
422212,"Nashik, Maharashtra · 422212"
422213,"Nashik, Maharashtra · 422213"
422214,"Nashik, Maharashtra · 422214"
422215,"Nashik, Maharashtra · 422215"
422221,"Nashik, Maharashtra · 422221"
422222,"Nashik, Maharashtra · 422222"
422301,"Nashik, Maharashtra · 422301"
422302,"Nashik, Maharashtra · 422302"
422303,"Nashik, Maharashtra · 422303"
422304,"Nashik, Maharashtra · 422304"
422305,"Nashik, Maharashtra · 422305"
422306,"Nashik, Maharashtra · 422306"
422308,"Nashik, Maharashtra · 422308"
422401,"Nashik, Maharashtra · 422401"
422402,"Nashik, Maharashtra · 422402"
422403,"Nashik, Maharashtra · 422403"
422502,"Nashik, Maharashtra · 422502"
422606,"Nashik, Maharashtra · 422606"
423101,"Nashik, Maharashtra · 423101"
423102,"Nashik, Maharashtra · 423102"
423104,"Nashik, Maharashtra · 423104"
423105,"Nashik, Maharashtra · 423105"
423106,"Nashik, Maharashtra · 423106"
423108,"Nashik, Maharashtra · 423108"
423110,"Nashik, Maharashtra · 423110"
423111,"Nashik, Maharashtra · 423111"
423117,"Nashik, Maharashtra · 423117"
423201,"Nashik, Maharashtra · 423201"
423202,"Nashik, Maharashtra · 423202"
423203,"Nashik, Maharashtra · 423203"
423204,"Nashik, Maharashtra · 423204"
423205,"Nashik, Maharashtra · 423205"
423206,"Nashik, Maharashtra · 423206"
423208,"Nashik, Maharashtra · 423208"
423212,"Nashik, Maharashtra · 423212"
423213,"Nashik, Maharashtra · 423213"
423301,"Nashik, Maharashtra · 423301"
423302,"Nashik, Maharashtra · 423302"
423303,"Nashik, Maharashtra · 423303"
423401,"Nashik, Maharashtra · 423401"
423402,"Nashik, Maharashtra · 423402"
423403,"Nashik, Maharashtra · 423403"
423501,"Nashik, Maharashtra · 423501"
423502,"Nashik, Maharashtra · 423502"
423701,"Aurangabad, Maharashtra · 423701"
423702,"Aurangabad, Maharashtra · 423702"
423703,"Aurangabad, Maharashtra · 423703"
424001,"Dhule, Maharashtra · 424001"
424002,"Dhule, Maharashtra · 424002"
424004,"Dhule, Maharashtra · 424004"
424005,"Dhule, Maharashtra · 424005"
424006,"Dhule, Maharashtra · 424006"
424101,"Jalgaon, Maharashtra · 424101"
424102,"Jalgaon, Maharashtra · 424102"
424103,"Jalgaon, Maharashtra · 424103"
424104,"Jalgaon, Maharashtra · 424104"
424105,"Jalgaon, Maharashtra · 424105"
424106,"Jalgaon, Maharashtra · 424106"
424107,"Jalgaon, Maharashtra · 424107"
424108,"Jalgaon, Maharashtra · 424108"
424109,"Nashik, Maharashtra · 424109"
424119,"Jalgaon, Maharashtra · 424119"
424201,"Jalgaon, Maharashtra · 424201"
424202,"Jalgaon, Maharashtra · 424202"
424203,"Jalgaon, Maharashtra · 424203"
424204,"Jalgaon, Maharashtra · 424204"
424205,"Jalgaon, Maharashtra · 424205"
424206,"Jalgaon, Maharashtra · 424206"
424207,"Jalgaon, Maharashtra · 424207"
424208,"Jalgaon, Maharashtra · 424208"
424301,"Dhule, Maharashtra · 424301"
424302,"Dhule, Maharashtra · 424302"
424303,"Dhule, Maharashtra · 424303"
424304,"Dhule, Maharashtra · 424304"
424305,"Dhule, Maharashtra · 424305"
424306,"Dhule, Maharashtra · 424306"
424307,"Dhule, Maharashtra · 424307"
424308,"Dhule, Maharashtra · 424308"
424309,"Dhule, Maharashtra · 424309"
424310,"Dhule, Maharashtra · 424310"
424311,"Dhule, Maharashtra · 424311"
424318,"Dhule, Maharashtra · 424318"
425001,"Jalgaon, Maharashtra · 425001"
425002,"Jalgaon, Maharashtra · 425002"
425003,"Jalgaon, Maharashtra · 425003"
425004,"Jalgaon, Maharashtra · 425004"
425101,"Jalgaon, Maharashtra · 425101"
425102,"Jalgaon, Maharashtra · 425102"
425103,"Jalgaon, Maharashtra · 425103"
425104,"Jalgaon, Maharashtra · 425104"
425105,"Jalgaon, Maharashtra · 425105"
425107,"Jalgaon, Maharashtra · 425107"
425108,"Jalgaon, Maharashtra · 425108"
425109,"Jalgaon, Maharashtra · 425109"
425110,"Jalgaon, Maharashtra · 425110"
425111,"Jalgaon, Maharashtra · 425111"
425112,"Jalgaon, Maharashtra · 425112"
425113,"Jalgaon, Maharashtra · 425113"
425114,"Jalgaon, Maharashtra · 425114"
425115,"Jalgaon, Maharashtra · 425115"
425201,"Jalgaon, Maharashtra · 425201"
425203,"Jalgaon, Maharashtra · 425203"
425301,"Jalgaon, Maharashtra · 425301"
425302,"Jalgaon, Maharashtra · 425302"
425303,"Jalgaon, Maharashtra · 425303"
425304,"Jalgaon, Maharashtra · 425304"
425305,"Jalgaon, Maharashtra · 425305"
425306,"Jalgaon, Maharashtra · 425306"
425307,"Jalgaon, Maharashtra · 425307"
425308,"Jalgaon, Maharashtra · 425308"
425309,"Jalgaon, Maharashtra · 425309"
425310,"Jalgaon, Maharashtra · 425310"
425311,"Jalgaon, Maharashtra · 425311"
425327,"Jalgaon, Maharashtra · 425327"
425401,"Jalgaon, Maharashtra · 425401"
425402,"Jalgaon, Maharashtra · 425402"
425403,"Dhule, Maharashtra · 425403"
425404,"Dhule, Maharashtra · 425404"
425405,"Dhule, Maharashtra · 425405"
425406,"Dhule, Maharashtra · 425406"
425407,"Dhule, Maharashtra · 425407"
425408,"Dhule, Maharashtra · 425408"
425410,"Nandurbar, Maharashtra · 425410"
425411,"Nandurbar, Maharashtra · 425411"
425412,"Nandurbar, Maharashtra · 425412"
425413,"Nandurbar, Maharashtra · 425413"
425414,"Nandurbar, Maharashtra · 425414"
425415,"Nandurbar, Maharashtra · 425415"
425416,"Nandurbar, Maharashtra · 425416"
425417,"Nandurbar, Maharashtra · 425417"
425418,"Nandurbar, Maharashtra · 425418"
425419,"Nandurbar, Maharashtra · 425419"
425420,"Jalgaon, Maharashtra · 425420"
425421,"Dhule, Maharashtra · 425421"
425422,"Nandurbar, Maharashtra · 425422"
425423,"Nandurbar, Maharashtra · 425423"
425424,"Nandurbar, Maharashtra · 425424"
425426,"Nandurbar, Maharashtra · 425426"
425427,"Dhule, Maharashtra · 425427"
425428,"Dhule, Maharashtra · 425428"
425432,"Nandurbar, Maharashtra · 425432"
425442,"Nandurbar, Maharashtra · 425442"
425444,"Nandurbar, Maharashtra · 425444"
425452,"Nandurbar, Maharashtra · 425452"
425501,"Jalgaon, Maharashtra · 425501"
425502,"Jalgaon, Maharashtra · 425502"
425503,"Jalgaon, Maharashtra · 425503"
425504,"Jalgaon, Maharashtra · 425504"
425505,"Jalgaon, Maharashtra · 425505"
425506,"Jalgaon, Maharashtra · 425506"
425507,"Jalgaon, Maharashtra · 425507"
425508,"Jalgaon, Maharashtra · 425508"
425524,"Jalgaon, Maharashtra · 425524"
431004,"Aurangabad, Maharashtra · 431004"
431006,"Aurangabad, Maharashtra · 431006"
431007,"Aurangabad, Maharashtra · 431007"
431008,"Aurangabad, Maharashtra · 431008"
431009,"Aurangabad, Maharashtra · 431009"
431010,"Aurangabad, Maharashtra · 431010"
431101,"Aurangabad, Maharashtra · 431101"
431102,"Aurangabad, Maharashtra · 431102"
431103,"Aurangabad, Maharashtra · 431103"
431104,"Aurangabad, Maharashtra · 431104"
431105,"Aurangabad, Maharashtra · 431105"
431107,"Aurangabad, Maharashtra · 431107"
431109,"Aurangabad, Maharashtra · 431109"
431110,"Aurangabad, Maharashtra · 431110"
431111,"Aurangabad, Maharashtra · 431111"
431112,"Aurangabad, Maharashtra · 431112"
431113,"Aurangabad, Maharashtra · 431113"
431114,"Jalna, Maharashtra · 431114"
431115,"Aurangabad, Maharashtra · 431115"
431116,"Aurangabad, Maharashtra · 431116"
431117,"Aurangabad, Maharashtra · 431117"
431118,"Aurangabad, Maharashtra · 431118"
431120,"Aurangabad, Maharashtra · 431120"
431121,"Aurangabad, Maharashtra · 431121"
431132,"Jalna, Maharashtra · 431132"
431133,"Aurangabad, Maharashtra · 431133"
431134,"Aurangabad, Maharashtra · 431134"
431135,"Aurangabad, Maharashtra · 431135"
431136,"Aurangabad, Maharashtra · 431136"
431137,"Aurangabad, Maharashtra · 431137"
431147,"Aurangabad, Maharashtra · 431147"
431148,"Aurangabad, Maharashtra · 431148"
431150,"Aurangabad, Maharashtra · 431150"
431151,"Aurangabad, Maharashtra · 431151"
431154,"Aurangabad, Maharashtra · 431154"
431202,"Jalna, Maharashtra · 431202"
431203,"Jalna, Maharashtra · 431203"
431204,"Jalna, Maharashtra · 431204"
431205,"Jalna, Maharashtra · 431205"
431206,"Jalna, Maharashtra · 431206"
431207,"Jalna, Maharashtra · 431207"
431208,"Jalna, Maharashtra · 431208"
431209,"Jalna, Maharashtra · 431209"
431211,"Jalna, Maharashtra · 431211"
431212,"Jalna, Maharashtra · 431212"
431213,"Jalna, Maharashtra · 431213"
431214,"Jalna, Maharashtra · 431214"
431215,"Jalna, Maharashtra · 431215"
431401,"Parbhani, Maharashtra · 431401"
431402,"Parbhani, Maharashtra · 431402"
431501,"Jalna, Maharashtra · 431501"
431502,"Jalna, Maharashtra · 431502"
431503,"Parbhani, Maharashtra · 431503"
431504,"Jalna, Maharashtra · 431504"
431505,"Parbhani, Maharashtra · 431505"
431506,"Parbhani, Maharashtra · 431506"
431507,"Jalna, Maharashtra · 431507"
431508,"Parbhani, Maharashtra · 431508"
431509,"Parbhani, Maharashtra · 431509"
431510,"Parbhani, Maharashtra · 431510"
431511,"Parbhani, Maharashtra · 431511"
431512,"Hingoli, Maharashtra · 431512"
431513,"Hingoli, Maharashtra · 431513"
431514,"Parbhani, Maharashtra · 431514"
431516,"Parbhani, Maharashtra · 431516"
431521,"Parbhani, Maharashtra · 431521"
431522,"Osmanabad, Maharashtra · 431522"
431536,"Parbhani, Maharashtra · 431536"
431537,"Parbhani, Maharashtra · 431537"
431540,"Parbhani, Maharashtra · 431540"
431541,"Parbhani, Maharashtra · 431541"
431542,"Hingoli, Maharashtra · 431542"
431603,"Nanded, Maharashtra · 431603"
431604,"Nanded, Maharashtra · 431604"
431606,"Nanded, Maharashtra · 431606"
431701,"Hingoli, Maharashtra · 431701"
431702,"Hingoli, Maharashtra · 431702"
431703,"Hingoli, Maharashtra · 431703"
431704,"Nanded, Maharashtra · 431704"
431705,"Hingoli, Maharashtra · 431705"
431707,"Nanded, Maharashtra · 431707"
431708,"Nanded, Maharashtra · 431708"
431709,"Nanded, Maharashtra · 431709"
431710,"Nanded, Maharashtra · 431710"
431711,"Nanded, Maharashtra · 431711"
431712,"Nanded, Maharashtra · 431712"
431713,"Nanded, Maharashtra · 431713"
431714,"Nanded, Maharashtra · 431714"
431715,"Nanded, Maharashtra · 431715"
431716,"Nanded, Maharashtra · 431716"
431717,"Nanded, Maharashtra · 431717"
431718,"Nanded, Maharashtra · 431718"
431719,"Nanded, Maharashtra · 431719"
431720,"Parbhani, Maharashtra · 431720"
431721,"Nanded, Maharashtra · 431721"
431722,"Nanded, Maharashtra · 431722"
431723,"Nanded, Maharashtra · 431723"
431731,"Nanded, Maharashtra · 431731"
431736,"Nanded, Maharashtra · 431736"
431741,"Nanded, Maharashtra · 431741"
431742,"Nanded, Maharashtra · 431742"
431743,"Nanded, Maharashtra · 431743"
431745,"Nanded, Maharashtra · 431745"
431746,"Nanded, Maharashtra · 431746"
431750,"Nanded, Maharashtra · 431750"
431801,"Nanded, Maharashtra · 431801"
431802,"Nanded, Maharashtra · 431802"
431803,"Nanded, Maharashtra · 431803"
431804,"Nanded, Maharashtra · 431804"
431805,"Nanded, Maharashtra · 431805"
431807,"Nanded, Maharashtra · 431807"
431808,"Nanded, Maharashtra · 431808"
431809,"Nanded, Maharashtra · 431809"
431810,"Nanded, Maharashtra · 431810"
431811,"Nanded, Maharashtra · 431811"
440002,"Nagpur, Maharashtra · 440002"
440003,"Nagpur, Maharashtra · 440003"
440005,"Nagpur, Maharashtra · 440005"
440006,"Nagpur, Maharashtra · 440006"
440007,"Nagpur, Maharashtra · 440007"
440008,"Nagpur, Maharashtra · 440008"
440012,"Nagpur, Maharashtra · 440012"
440013,"Nagpur, Maharashtra · 440013"
440014,"Nagpur, Maharashtra · 440014"
440016,"Nagpur, Maharashtra · 440016"
440017,"Nagpur, Maharashtra · 440017"
440018,"Nagpur, Maharashtra · 440018"
440019,"Nagpur, Maharashtra · 440019"
440020,"Nagpur, Maharashtra · 440020"
440022,"Nagpur, Maharashtra · 440022"
440023,"Nagpur, Maharashtra · 440023"
440024,"Nagpur, Maharashtra · 440024"
440025,"Nagpur, Maharashtra · 440025"
440026,"Nagpur, Maharashtra · 440026"
440027,"Nagpur, Maharashtra · 440027"
440030,"Nagpur, Maharashtra · 440030"
440032,"Nagpur, Maharashtra · 440032"
440033,"Nagpur, Maharashtra · 440033"
440034,"Nagpur, Maharashtra · 440034"
440035,"Nagpur, Maharashtra · 440035"
440036,"Nagpur, Maharashtra · 440036"
440037,"Nagpur, Maharashtra · 440037"
441001,"Nagpur, Maharashtra · 441001"
441101,"Nagpur, Maharashtra · 441101"
441102,"Nagpur, Maharashtra · 441102"
441103,"Nagpur, Maharashtra · 441103"
441104,"Nagpur, Maharashtra · 441104"
441105,"Nagpur, Maharashtra · 441105"
441106,"Nagpur, Maharashtra · 441106"
441107,"Nagpur, Maharashtra · 441107"
441108,"Nagpur, Maharashtra · 441108"
441109,"Nagpur, Maharashtra · 441109"
441110,"Nagpur, Maharashtra · 441110"
441111,"Nagpur, Maharashtra · 441111"
441112,"Nagpur, Maharashtra · 441112"
441113,"Nagpur, Maharashtra · 441113"
441122,"Nagpur, Maharashtra · 441122"
441123,"Nagpur, Maharashtra · 441123"
441201,"Nagpur, Maharashtra · 441201"
441202,"Nagpur, Maharashtra · 441202"
441203,"Nagpur, Maharashtra · 441203"
441204,"Nagpur, Maharashtra · 441204"
441205,"Chandrapur, Maharashtra · 441205"
441206,"Chandrapur, Maharashtra · 441206"
441207,"Chandrapur, Maharashtra · 441207"
441208,"Gadchiroli, Maharashtra · 441208"
441209,"Gadchiroli, Maharashtra · 441209"
441210,"Nagpur, Maharashtra · 441210"
441212,"Chandrapur, Maharashtra · 441212"
441214,"Nagpur, Maharashtra · 441214"
441215,"Chandrapur, Maharashtra · 441215"
441217,"Gadchiroli, Maharashtra · 441217"
441221,"Chandrapur, Maharashtra · 441221"
441222,"Chandrapur, Maharashtra · 441222"
441223,"Chandrapur, Maharashtra · 441223"
441224,"Chandrapur, Maharashtra · 441224"
441225,"Chandrapur, Maharashtra · 441225"
441226,"Chandrapur, Maharashtra · 441226"
441301,"Nagpur, Maharashtra · 441301"
441302,"Nagpur, Maharashtra · 441302"
441303,"Nagpur, Maharashtra · 441303"
441304,"Nagpur, Maharashtra · 441304"
441305,"Nagpur, Maharashtra · 441305"
441306,"Nagpur, Maharashtra · 441306"
441401,"Nagpur, Maharashtra · 441401"
441404,"Nagpur, Maharashtra · 441404"
441501,"Nagpur, Maharashtra · 441501"
441502,"Nagpur, Maharashtra · 441502"
441802,"Bhandara, Maharashtra · 441802"
441803,"Bhandara, Maharashtra · 441803"
441805,"Bhandara, Maharashtra · 441805"
441809,"Bhandara, Maharashtra · 441809"
441903,"Bhandara, Maharashtra · 441903"
441904,"Bhandara, Maharashtra · 441904"
441905,"Bhandara, Maharashtra · 441905"
441906,"Bhandara, Maharashtra · 441906"
441907,"Bhandara, Maharashtra · 441907"
441908,"Bhandara, Maharashtra · 441908"
441909,"Bhandara, Maharashtra · 441909"
441910,"Bhandara, Maharashtra · 441910"
441912,"Bhandara, Maharashtra · 441912"
441913,"Bhandara, Maharashtra · 441913"
441914,"Bhandara, Maharashtra · 441914"
441915,"Bhandara, Maharashtra · 441915"
441924,"Bhandara, Maharashtra · 441924"
442001,"Wardha, Maharashtra · 442001"
442003,"Wardha, Maharashtra · 442003"
442101,"Wardha, Maharashtra · 442101"
442102,"Wardha, Maharashtra · 442102"
442104,"Wardha, Maharashtra · 442104"
442105,"Wardha, Maharashtra · 442105"
442106,"Wardha, Maharashtra · 442106"
442111,"Wardha, Maharashtra · 442111"
442201,"Wardha, Maharashtra · 442201"
442202,"Wardha, Maharashtra · 442202"
442203,"Wardha, Maharashtra · 442203"
442301,"Wardha, Maharashtra · 442301"
442302,"Wardha, Maharashtra · 442302"
442303,"Wardha, Maharashtra · 442303"
442304,"Wardha, Maharashtra · 442304"
442305,"Wardha, Maharashtra · 442305"
442306,"Wardha, Maharashtra · 442306"
442307,"Wardha, Maharashtra · 442307"
442401,"Chandrapur, Maharashtra · 442401"
442402,"Chandrapur, Maharashtra · 442402"
442403,"Chandrapur, Maharashtra · 442403"
442404,"Chandrapur, Maharashtra · 442404"
442406,"Chandrapur, Maharashtra · 442406"
442501,"Chandrapur, Maharashtra · 442501"
442502,"Chandrapur, Maharashtra · 442502"
442503,"Chandrapur, Maharashtra · 442503"
442504,"Gadchiroli, Maharashtra · 442504"
442505,"Chandrapur, Maharashtra · 442505"
442507,"Chandrapur, Maharashtra · 442507"
442603,"Gadchiroli, Maharashtra · 442603"
442604,"Gadchiroli, Maharashtra · 442604"
442605,"Gadchiroli, Maharashtra · 442605"
442606,"Gadchiroli, Maharashtra · 442606"
442701,"Chandrapur, Maharashtra · 442701"
442702,"Chandrapur, Maharashtra · 442702"
442703,"Gadchiroli, Maharashtra · 442703"
442704,"Gadchiroli, Maharashtra · 442704"
442705,"Gadchiroli, Maharashtra · 442705"
442707,"Gadchiroli, Maharashtra · 442707"
442709,"Gadchiroli, Maharashtra · 442709"
442710,"Gadchiroli, Maharashtra · 442710"
442901,"Chandrapur, Maharashtra · 442901"
442902,"Chandrapur, Maharashtra · 442902"
442903,"Chandrapur, Maharashtra · 442903"
442904,"Chandrapur, Maharashtra · 442904"
442905,"Chandrapur, Maharashtra · 442905"
442906,"Chandrapur, Maharashtra · 442906"
442907,"Chandrapur, Maharashtra · 442907"
442908,"Chandrapur, Maharashtra · 442908"
442914,"Chandrapur, Maharashtra · 442914"
442916,"Chandrapur, Maharashtra · 442916"
442917,"Chandrapur, Maharashtra · 442917"
442918,"Chandrapur, Maharashtra · 442918"
444001,"Akola, Maharashtra · 444001"
444002,"Akola, Maharashtra · 444002"
444003,"Akola, Maharashtra · 444003"
444004,"Akola, Maharashtra · 444004"
444005,"Akola, Maharashtra · 444005"
444006,"Akola, Maharashtra · 444006"
444101,"Akola, Maharashtra · 444101"
444102,"Akola, Maharashtra · 444102"
444103,"Akola, Maharashtra · 444103"
444104,"Akola, Maharashtra · 444104"
444105,"Washim, Maharashtra · 444105"
444106,"Akola, Maharashtra · 444106"
444107,"Akola, Maharashtra · 444107"
444108,"Akola, Maharashtra · 444108"
444109,"Akola, Maharashtra · 444109"
444110,"Washim, Maharashtra · 444110"
444111,"Akola, Maharashtra · 444111"
444117,"Akola, Maharashtra · 444117"
444126,"Akola, Maharashtra · 444126"
444302,"Akola, Maharashtra · 444302"
444311,"Akola, Maharashtra · 444311"
444401,"Akola, Maharashtra · 444401"
444402,"Akola, Maharashtra · 444402"
444403,"Washim, Maharashtra · 444403"
444404,"Washim, Maharashtra · 444404"
444405,"Akola, Maharashtra · 444405"
444407,"Akola, Maharashtra · 444407"
444409,"Washim, Maharashtra · 444409"
444501,"Akola, Maharashtra · 444501"
444502,"Akola, Maharashtra · 444502"
444503,"Washim, Maharashtra · 444503"
444504,"Washim, Maharashtra · 444504"
444505,"Washim, Maharashtra · 444505"
444506,"Washim, Maharashtra · 444506"
444507,"Washim, Maharashtra · 444507"
444510,"Washim, Maharashtra · 444510"
444511,"Akola, Maharashtra · 444511"
444603,"Amravati, Maharashtra · 444603"
444604,"Amravati, Maharashtra · 444604"
444605,"Amravati, Maharashtra · 444605"
444606,"Amravati, Maharashtra · 444606"
444607,"Amravati, Maharashtra · 444607"
444701,"Amravati, Maharashtra · 444701"
444702,"Amravati, Maharashtra · 444702"
444704,"Amravati, Maharashtra · 444704"
444705,"Amravati, Maharashtra · 444705"
444706,"Amravati, Maharashtra · 444706"
444707,"Amravati, Maharashtra · 444707"
444708,"Amravati, Maharashtra · 444708"
444709,"Amravati, Maharashtra · 444709"
444710,"Amravati, Maharashtra · 444710"
444711,"Amravati, Maharashtra · 444711"
444717,"Amravati, Maharashtra · 444717"
444719,"Amravati, Maharashtra · 444719"
444720,"Amravati, Maharashtra · 444720"
444723,"Amravati, Maharashtra · 444723"
444801,"Amravati, Maharashtra · 444801"
444802,"Amravati, Maharashtra · 444802"
444803,"Amravati, Maharashtra · 444803"
444804,"Amravati, Maharashtra · 444804"
444805,"Amravati, Maharashtra · 444805"
444806,"Amravati, Maharashtra · 444806"
444807,"Amravati, Maharashtra · 444807"
444808,"Amravati, Maharashtra · 444808"
444809,"Amravati, Maharashtra · 444809"
444810,"Amravati, Maharashtra · 444810"
444813,"Amravati, Maharashtra · 444813"
444901,"Amravati, Maharashtra · 444901"
444902,"Amravati, Maharashtra · 444902"
444903,"Amravati, Maharashtra · 444903"
444904,"Amravati, Maharashtra · 444904"
444905,"Amravati, Maharashtra · 444905"
444907,"Amravati, Maharashtra · 444907"
444908,"Amravati, Maharashtra · 444908"
445001,"Yavatmal, Maharashtra · 445001"
445002,"Yavatmal, Maharashtra · 445002"
445101,"Yavatmal, Maharashtra · 445101"
445102,"Yavatmal, Maharashtra · 445102"
445103,"Yavatmal, Maharashtra · 445103"
445105,"Yavatmal, Maharashtra · 445105"
445106,"Yavatmal, Maharashtra · 445106"
445109,"Yavatmal, Maharashtra · 445109"
445110,"Yavatmal, Maharashtra · 445110"
445201,"Yavatmal, Maharashtra · 445201"
445202,"Yavatmal, Maharashtra · 445202"
445203,"Yavatmal, Maharashtra · 445203"
445204,"Yavatmal, Maharashtra · 445204"
445205,"Yavatmal, Maharashtra · 445205"
445206,"Yavatmal, Maharashtra · 445206"
445207,"Yavatmal, Maharashtra · 445207"
445209,"Yavatmal, Maharashtra · 445209"
445210,"Yavatmal, Maharashtra · 445210"
445211,"Yavatmal, Maharashtra · 445211"
445215,"Yavatmal, Maharashtra · 445215"
445216,"Yavatmal, Maharashtra · 445216"
445230,"Yavatmal, Maharashtra · 445230"
445301,"Yavatmal, Maharashtra · 445301"
445302,"Yavatmal, Maharashtra · 445302"
445303,"Yavatmal, Maharashtra · 445303"
445304,"Yavatmal, Maharashtra · 445304"
445305,"Yavatmal, Maharashtra · 445305"
445306,"Yavatmal, Maharashtra · 445306"
445307,"Yavatmal, Maharashtra · 445307"
445308,"Yavatmal, Maharashtra · 445308"
445323,"Yavatmal, Maharashtra · 445323"
445401,"Yavatmal, Maharashtra · 445401"
445402,"Yavatmal, Maharashtra · 445402"
450001,"East Nimar, Madhya Pradesh · 450001"
450051,"East Nimar, Madhya Pradesh · 450051"
450110,"East Nimar, Madhya Pradesh · 450110"
450112,"East Nimar, Madhya Pradesh · 450112"
450114,"East Nimar, Madhya Pradesh · 450114"
450116,"East Nimar, Madhya Pradesh · 450116"
450117,"East Nimar, Madhya Pradesh · 450117"
450119,"East Nimar, Madhya Pradesh · 450119"
450221,"East Nimar, Madhya Pradesh · 450221"
450331,"East Nimar, Madhya Pradesh · 450331"
450332,"East Nimar, Madhya Pradesh · 450332"
450337,"East Nimar, Madhya Pradesh · 450337"
450445,"East Nimar, Madhya Pradesh · 450445"
450551,"East Nimar, Madhya Pradesh · 450551"
450661,"East Nimar, Madhya Pradesh · 450661"
450771,"East Nimar, Madhya Pradesh · 450771"
450881,"East Nimar, Madhya Pradesh · 450881"
450991,"East Nimar, Madhya Pradesh · 450991"
451001,"West Nimar, Madhya Pradesh · 451001"
451111,"West Nimar, Madhya Pradesh · 451111"
451113,"West Nimar, Madhya Pradesh · 451113"
451115,"West Nimar, Madhya Pradesh · 451115"
451220,"West Nimar, Madhya Pradesh · 451220"
451221,"West Nimar, Madhya Pradesh · 451221"
451224,"West Nimar, Madhya Pradesh · 451224"
451225,"West Nimar, Madhya Pradesh · 451225"
451228,"West Nimar, Madhya Pradesh · 451228"
451331,"West Nimar, Madhya Pradesh · 451331"
451332,"West Nimar, Madhya Pradesh · 451332"
451335,"West Nimar, Madhya Pradesh · 451335"
451441,"West Nimar, Madhya Pradesh · 451441"
451442,"West Nimar, Madhya Pradesh · 451442"
451447,"Barwani, Madhya Pradesh · 451447"
451449,"Barwani, Madhya Pradesh · 451449"
451551,"Barwani, Madhya Pradesh · 451551"
451556,"Barwani, Madhya Pradesh · 451556"
451660,"Barwani, Madhya Pradesh · 451660"
451666,"Barwani, Madhya Pradesh · 451666"
451770,"Barwani, Madhya Pradesh · 451770"
451881,"Barwani, Madhya Pradesh · 451881"
452002,"Indore, Madhya Pradesh · 452002"
452003,"Indore, Madhya Pradesh · 452003"
452005,"Indore, Madhya Pradesh · 452005"
452006,"Indore, Madhya Pradesh · 452006"
452007,"Indore, Madhya Pradesh · 452007"
452009,"Indore, Madhya Pradesh · 452009"
452010,"Indore, Madhya Pradesh · 452010"
452011,"Indore, Madhya Pradesh · 452011"
452012,"Indore, Madhya Pradesh · 452012"
452013,"Indore, Madhya Pradesh · 452013"
452014,"Indore, Madhya Pradesh · 452014"
452015,"Indore, Madhya Pradesh · 452015"
452016,"Indore, Madhya Pradesh · 452016"
452018,"Indore, Madhya Pradesh · 452018"
452020,"Indore, Madhya Pradesh · 452020"
453001,"Indore, Madhya Pradesh · 453001"
453111,"Indore, Madhya Pradesh · 453111"
453112,"Indore, Madhya Pradesh · 453112"
453115,"Indore, Madhya Pradesh · 453115"
453220,"Indore, Madhya Pradesh · 453220"
453331,"Indore, Madhya Pradesh · 453331"
453441,"Indore, Madhya Pradesh · 453441"
453446,"Indore, Madhya Pradesh · 453446"
453551,"Indore, Madhya Pradesh · 453551"
453555,"Indore, Madhya Pradesh · 453555"
453556,"Indore, Madhya Pradesh · 453556"
453661,"Indore, Madhya Pradesh · 453661"
453771,"Indore, Madhya Pradesh · 453771"
454001,"Dhar, Madhya Pradesh · 454001"
454010,"Dhar, Madhya Pradesh · 454010"
454111,"Dhar, Madhya Pradesh · 454111"
454116,"Dhar, Madhya Pradesh · 454116"
454221,"Dhar, Madhya Pradesh · 454221"
454331,"Dhar, Madhya Pradesh · 454331"
454335,"Dhar, Madhya Pradesh · 454335"
454441,"Dhar, Madhya Pradesh · 454441"
454446,"Dhar, Madhya Pradesh · 454446"
454449,"Dhar, Madhya Pradesh · 454449"
454552,"Dhar, Madhya Pradesh · 454552"
454660,"Dhar, Madhya Pradesh · 454660"
454665,"Dhar, Madhya Pradesh · 454665"
454773,"Dhar, Madhya Pradesh · 454773"
454774,"Dhar, Madhya Pradesh · 454774"
454775,"Dhar, Madhya Pradesh · 454775"
455001,"Dewas, Madhya Pradesh · 455001"
455111,"Dewas, Madhya Pradesh · 455111"
455115,"Dewas, Madhya Pradesh · 455115"
455116,"Dewas, Madhya Pradesh · 455116"
455118,"Dewas, Madhya Pradesh · 455118"
455221,"Dewas, Madhya Pradesh · 455221"
455227,"Dewas, Madhya Pradesh · 455227"
455332,"Dewas, Madhya Pradesh · 455332"
455336,"Dewas, Madhya Pradesh · 455336"
455339,"Dewas, Madhya Pradesh · 455339"
455440,"Dewas, Madhya Pradesh · 455440"
455459,"Dewas, Madhya Pradesh · 455459"
456001,"Ujjain, Madhya Pradesh · 456001"
456003,"Ujjain, Madhya Pradesh · 456003"
456006,"Ujjain, Madhya Pradesh · 456006"
456010,"Ujjain, Madhya Pradesh · 456010"
456221,"Ujjain, Madhya Pradesh · 456221"
456222,"Ujjain, Madhya Pradesh · 456222"
456224,"Ujjain, Madhya Pradesh · 456224"
456313,"Ujjain, Madhya Pradesh · 456313"
456331,"Ujjain, Madhya Pradesh · 456331"
456335,"Ujjain, Madhya Pradesh · 456335"
456337,"Ujjain, Madhya Pradesh · 456337"
456440,"Ujjain, Madhya Pradesh · 456440"
456441,"Ujjain, Madhya Pradesh · 456441"
456443,"Ujjain, Madhya Pradesh · 456443"
456550,"Ujjain, Madhya Pradesh · 456550"
456661,"Ujjain, Madhya Pradesh · 456661"
456664,"Ujjain, Madhya Pradesh · 456664"
456665,"Ujjain, Madhya Pradesh · 456665"
456668,"Ujjain, Madhya Pradesh · 456668"
456770,"Ujjain, Madhya Pradesh · 456770"
456771,"Ujjain, Madhya Pradesh · 456771"
456776,"Ujjain, Madhya Pradesh · 456776"
457001,"Ratlam, Madhya Pradesh · 457001"
457114,"Ratlam, Madhya Pradesh · 457114"
457118,"Ratlam, Madhya Pradesh · 457118"
457119,"Ratlam, Madhya Pradesh · 457119"
457222,"Ratlam, Madhya Pradesh · 457222"
457226,"Ratlam, Madhya Pradesh · 457226"
457331,"Ratlam, Madhya Pradesh · 457331"
457333,"Ratlam, Madhya Pradesh · 457333"
457336,"Ratlam, Madhya Pradesh · 457336"
457339,"Ratlam, Madhya Pradesh · 457339"
457340,"Ratlam, Madhya Pradesh · 457340"
457441,"Ratlam, Madhya Pradesh · 457441"
457550,"Ratlam, Madhya Pradesh · 457550"
457555,"Ratlam, Madhya Pradesh · 457555"
457661,"Jhabua, Madhya Pradesh · 457661"
457770,"Jhabua, Madhya Pradesh · 457770"
457772,"Jhabua, Madhya Pradesh · 457772"
457773,"Jhabua, Madhya Pradesh · 457773"
457775,"Jhabua, Madhya Pradesh · 457775"
457777,"Jhabua, Madhya Pradesh · 457777"
457779,"Jhabua, Madhya Pradesh · 457779"
457882,"Jhabua, Madhya Pradesh · 457882"
457885,"Jhabua, Madhya Pradesh · 457885"
457887,"Jhabua, Madhya Pradesh · 457887"
457888,"Jhabua, Madhya Pradesh · 457888"
457990,"Jhabua, Madhya Pradesh · 457990"
457993,"Jhabua, Madhya Pradesh · 457993"
458001,"Mandsaur, Madhya Pradesh · 458001"
458002,"Mandsaur, Madhya Pradesh · 458002"
458110,"Neemuch, Madhya Pradesh · 458110"
458113,"Neemuch, Madhya Pradesh · 458113"
458116,"Neemuch, Madhya Pradesh · 458116"
458118,"Neemuch, Madhya Pradesh · 458118"
458220,"Neemuch, Madhya Pradesh · 458220"
458226,"Neemuch, Madhya Pradesh · 458226"
458228,"Neemuch, Madhya Pradesh · 458228"
458330,"Neemuch, Madhya Pradesh · 458330"
458336,"Neemuch, Madhya Pradesh · 458336"
458339,"Mandsaur, Madhya Pradesh · 458339"
458389,"Mandsaur, Madhya Pradesh · 458389"
458441,"Neemuch, Madhya Pradesh · 458441"
458468,"Neemuch, Madhya Pradesh · 458468"
458470,"Neemuch, Madhya Pradesh · 458470"
458553,"Mandsaur, Madhya Pradesh · 458553"
458556,"Mandsaur, Madhya Pradesh · 458556"
458558,"Mandsaur, Madhya Pradesh · 458558"
458664,"Mandsaur, Madhya Pradesh · 458664"
458667,"Mandsaur, Madhya Pradesh · 458667"
458669,"Mandsaur, Madhya Pradesh · 458669"
458771,"Mandsaur, Madhya Pradesh · 458771"
458775,"Mandsaur, Madhya Pradesh · 458775"
458778,"Mandsaur, Madhya Pradesh · 458778"
458880,"Mandsaur, Madhya Pradesh · 458880"
458888,"Mandsaur, Madhya Pradesh · 458888"
458895,"Mandsaur, Madhya Pradesh · 458895"
458990,"Mandsaur, Madhya Pradesh · 458990"
460004,"Betul, Madhya Pradesh · 460004"
460110,"Betul, Madhya Pradesh · 460110"
460220,"Betul, Madhya Pradesh · 460220"
460225,"Betul, Madhya Pradesh · 460225"
460330,"Betul, Madhya Pradesh · 460330"
460440,"Betul, Madhya Pradesh · 460440"
460443,"Betul, Madhya Pradesh · 460443"
460447,"Betul, Madhya Pradesh · 460447"
460449,"Betul, Madhya Pradesh · 460449"
460551,"Betul, Madhya Pradesh · 460551"
460553,"Betul, Madhya Pradesh · 460553"
460554,"Betul, Madhya Pradesh · 460554"
460557,"Betul, Madhya Pradesh · 460557"
460661,"Betul, Madhya Pradesh · 460661"
460663,"Betul, Madhya Pradesh · 460663"
460665,"Betul, Madhya Pradesh · 460665"
460666,"Betul, Madhya Pradesh · 460666"
460668,"Betul, Madhya Pradesh · 460668"
461001,"Hoshangabad, Madhya Pradesh · 461001"
461110,"Hoshangabad, Madhya Pradesh · 461110"
461111,"Hoshangabad, Madhya Pradesh · 461111"
461115,"Hoshangabad, Madhya Pradesh · 461115"
461116,"Hoshangabad, Madhya Pradesh · 461116"
461122,"Hoshangabad, Madhya Pradesh · 461122"
461221,"Hoshangabad, Madhya Pradesh · 461221"
461223,"Hoshangabad, Madhya Pradesh · 461223"
461228,"Harda, Madhya Pradesh · 461228"
461331,"Hoshangabad, Madhya Pradesh · 461331"
461441,"Hoshangabad, Madhya Pradesh · 461441"
461446,"Hoshangabad, Madhya Pradesh · 461446"
461551,"Hoshangabad, Madhya Pradesh · 461551"
461661,"Hoshangabad, Madhya Pradesh · 461661"
461668,"Hoshangabad, Madhya Pradesh · 461668"
461771,"Hoshangabad, Madhya Pradesh · 461771"
461775,"Hoshangabad, Madhya Pradesh · 461775"
461881,"Hoshangabad, Madhya Pradesh · 461881"
461990,"Hoshangabad, Madhya Pradesh · 461990"
462001,"Bhopal, Madhya Pradesh · 462001"
462002,"Bhopal, Madhya Pradesh · 462002"
462003,"Bhopal, Madhya Pradesh · 462003"
462004,"Bhopal, Madhya Pradesh · 462004"
462008,"Bhopal, Madhya Pradesh · 462008"
462010,"Bhopal, Madhya Pradesh · 462010"
462011,"Bhopal, Madhya Pradesh · 462011"
462016,"Bhopal, Madhya Pradesh · 462016"
462020,"Bhopal, Madhya Pradesh · 462020"
462022,"Bhopal, Madhya Pradesh · 462022"
462023,"Bhopal, Madhya Pradesh · 462023"
462024,"Bhopal, Madhya Pradesh · 462024"
462026,"Bhopal, Madhya Pradesh · 462026"
462027,"Bhopal, Madhya Pradesh · 462027"
462030,"Bhopal, Madhya Pradesh · 462030"
462031,"Bhopal, Madhya Pradesh · 462031"
462036,"Bhopal, Madhya Pradesh · 462036"
462037,"Bhopal, Madhya Pradesh · 462037"
462038,"Bhopal, Madhya Pradesh · 462038"
462039,"Bhopal, Madhya Pradesh · 462039"
462041,"Bhopal, Madhya Pradesh · 462041"
462042,"Bhopal, Madhya Pradesh · 462042"
462043,"Bhopal, Madhya Pradesh · 462043"
462044,"Bhopal, Madhya Pradesh · 462044"
462045,"Bhopal, Madhya Pradesh · 462045"
462046,"Bhopal, Madhya Pradesh · 462046"
462047,"Bhopal, Madhya Pradesh · 462047"
462101,"Bhopal, Madhya Pradesh · 462101"
462120,"Bhopal, Madhya Pradesh · 462120"
463106,"Bhopal, Madhya Pradesh · 463106"
463111,"Bhopal, Madhya Pradesh · 463111"
464001,"Vidisha, Madhya Pradesh · 464001"
464111,"Vidisha, Madhya Pradesh · 464111"
464113,"Vidisha, Madhya Pradesh · 464113"
464114,"Vidisha, Madhya Pradesh · 464114"
464220,"Vidisha, Madhya Pradesh · 464220"
464221,"Vidisha, Madhya Pradesh · 464221"
464224,"Vidisha, Madhya Pradesh · 464224"
464226,"Vidisha, Madhya Pradesh · 464226"
464228,"Vidisha, Madhya Pradesh · 464228"
464240,"Vidisha, Madhya Pradesh · 464240"
464258,"Vidisha, Madhya Pradesh · 464258"
464331,"Vidisha, Madhya Pradesh · 464331"
464337,"Vidisha, Madhya Pradesh · 464337"
464551,"Raisen, Madhya Pradesh · 464551"
464651,"Raisen, Madhya Pradesh · 464651"
464661,"Raisen, Madhya Pradesh · 464661"
464665,"Raisen, Madhya Pradesh · 464665"
464668,"Raisen, Madhya Pradesh · 464668"
464671,"Raisen, Madhya Pradesh · 464671"
464672,"Raisen, Madhya Pradesh · 464672"
464770,"Raisen, Madhya Pradesh · 464770"
464774,"Raisen, Madhya Pradesh · 464774"
464881,"Raisen, Madhya Pradesh · 464881"
464884,"Raisen, Madhya Pradesh · 464884"
464886,"Raisen, Madhya Pradesh · 464886"
464986,"Raisen, Madhya Pradesh · 464986"
464990,"Raisen, Madhya Pradesh · 464990"
464993,"Raisen, Madhya Pradesh · 464993"
465001,"Shajapur, Madhya Pradesh · 465001"
465106,"Shajapur, Madhya Pradesh · 465106"
465110,"Shajapur, Madhya Pradesh · 465110"
465113,"Shajapur, Madhya Pradesh · 465113"
465116,"Shajapur, Madhya Pradesh · 465116"
465118,"Shajapur, Madhya Pradesh · 465118"
465220,"Shajapur, Madhya Pradesh · 465220"
465226,"Shajapur, Madhya Pradesh · 465226"
465227,"Shajapur, Madhya Pradesh · 465227"
465230,"Shajapur, Madhya Pradesh · 465230"
465333,"Shajapur, Madhya Pradesh · 465333"
465335,"Shajapur, Madhya Pradesh · 465335"
465337,"Shajapur, Madhya Pradesh · 465337"
465339,"Shajapur, Madhya Pradesh · 465339"
465441,"Shajapur, Madhya Pradesh · 465441"
465445,"Shajapur, Madhya Pradesh · 465445"
465447,"Shajapur, Madhya Pradesh · 465447"
465449,"Shajapur, Madhya Pradesh · 465449"
465550,"Shajapur, Madhya Pradesh · 465550"
465661,"Rajgarh, Madhya Pradesh · 465661"
465667,"Rajgarh, Madhya Pradesh · 465667"
465669,"Rajgarh, Madhya Pradesh · 465669"
465674,"Rajgarh, Madhya Pradesh · 465674"
465677,"Rajgarh, Madhya Pradesh · 465677"
465679,"Rajgarh, Madhya Pradesh · 465679"
465680,"Rajgarh, Madhya Pradesh · 465680"
465683,"Rajgarh, Madhya Pradesh · 465683"
465685,"Rajgarh, Madhya Pradesh · 465685"
465687,"Rajgarh, Madhya Pradesh · 465687"
465689,"Rajgarh, Madhya Pradesh · 465689"
465691,"Rajgarh, Madhya Pradesh · 465691"
465693,"Rajgarh, Madhya Pradesh · 465693"
465697,"Rajgarh, Madhya Pradesh · 465697"
466001,"Sehore, Madhya Pradesh · 466001"
466111,"Sehore, Madhya Pradesh · 466111"
466113,"Sehore, Madhya Pradesh · 466113"
466114,"Sehore, Madhya Pradesh · 466114"
466115,"Sehore, Madhya Pradesh · 466115"
466116,"Sehore, Madhya Pradesh · 466116"
466118,"Sehore, Madhya Pradesh · 466118"
466120,"Sehore, Madhya Pradesh · 466120"
466125,"Sehore, Madhya Pradesh · 466125"
466221,"Sehore, Madhya Pradesh · 466221"
466331,"Sehore, Madhya Pradesh · 466331"
466445,"Sehore, Madhya Pradesh · 466445"
466446,"Sehore, Madhya Pradesh · 466446"
466448,"Sehore, Madhya Pradesh · 466448"
466554,"Sehore, Madhya Pradesh · 466554"
466651,"Sehore, Madhya Pradesh · 466651"
466661,"Sehore, Madhya Pradesh · 466661"
466665,"Sehore, Madhya Pradesh · 466665"
470002,"Sagar, Madhya Pradesh · 470002"
470003,"Sagar, Madhya Pradesh · 470003"
470004,"Sagar, Madhya Pradesh · 470004"
470021,"Sagar, Madhya Pradesh · 470021"
470051,"Sagar, Madhya Pradesh · 470051"
470113,"Sagar, Madhya Pradesh · 470113"
470115,"Sagar, Madhya Pradesh · 470115"
470117,"Sagar, Madhya Pradesh · 470117"
470118,"Sagar, Madhya Pradesh · 470118"
470119,"Sagar, Madhya Pradesh · 470119"
470120,"Sagar, Madhya Pradesh · 470120"
470125,"Sagar, Madhya Pradesh · 470125"
470221,"Sagar, Madhya Pradesh · 470221"
470223,"Sagar, Madhya Pradesh · 470223"
470226,"Sagar, Madhya Pradesh · 470226"
470227,"Sagar, Madhya Pradesh · 470227"
470228,"Sagar, Madhya Pradesh · 470228"
470229,"Sagar, Madhya Pradesh · 470229"
470232,"Sagar, Madhya Pradesh · 470232"
470235,"Sagar, Madhya Pradesh · 470235"
470335,"Sagar, Madhya Pradesh · 470335"
470337,"Sagar, Madhya Pradesh · 470337"
470339,"Sagar, Madhya Pradesh · 470339"
470441,"Sagar, Madhya Pradesh · 470441"
470442,"Sagar, Madhya Pradesh · 470442"
470661,"Damoh, Madhya Pradesh · 470661"
470663,"Damoh, Madhya Pradesh · 470663"
470664,"Damoh, Madhya Pradesh · 470664"
470666,"Damoh, Madhya Pradesh · 470666"
470669,"Sagar, Madhya Pradesh · 470669"
470672,"Damoh, Madhya Pradesh · 470672"
470673,"Damoh, Madhya Pradesh · 470673"
470675,"Damoh, Madhya Pradesh · 470675"
470771,"Damoh, Madhya Pradesh · 470771"
470772,"Damoh, Madhya Pradesh · 470772"
470775,"Damoh, Madhya Pradesh · 470775"
470880,"Damoh, Madhya Pradesh · 470880"
470881,"Damoh, Madhya Pradesh · 470881"
471001,"Chhatarpur, Madhya Pradesh · 471001"
471101,"Chhatarpur, Madhya Pradesh · 471101"
471105,"Chhatarpur, Madhya Pradesh · 471105"
471111,"Chhatarpur, Madhya Pradesh · 471111"
471201,"Chhatarpur, Madhya Pradesh · 471201"
471301,"Chhatarpur, Madhya Pradesh · 471301"
471311,"Chhatarpur, Madhya Pradesh · 471311"
471313,"Chhatarpur, Madhya Pradesh · 471313"
471315,"Chhatarpur, Madhya Pradesh · 471315"
471318,"Chhatarpur, Madhya Pradesh · 471318"
471405,"Chhatarpur, Madhya Pradesh · 471405"
471408,"Chhatarpur, Madhya Pradesh · 471408"
471411,"Chhatarpur, Madhya Pradesh · 471411"
471501,"Chhatarpur, Madhya Pradesh · 471501"
471510,"Chhatarpur, Madhya Pradesh · 471510"
471515,"Chhatarpur, Madhya Pradesh · 471515"
471516,"Chhatarpur, Madhya Pradesh · 471516"
471525,"Chhatarpur, Madhya Pradesh · 471525"
471606,"Chhatarpur, Madhya Pradesh · 471606"
471625,"Chhatarpur, Madhya Pradesh · 471625"
472001,"Tikamgarh, Madhya Pradesh · 472001"
472005,"Tikamgarh, Madhya Pradesh · 472005"
472010,"Tikamgarh, Madhya Pradesh · 472010"
472101,"Tikamgarh, Madhya Pradesh · 472101"
472111,"Tikamgarh, Madhya Pradesh · 472111"
472115,"Tikamgarh, Madhya Pradesh · 472115"
472118,"Tikamgarh, Madhya Pradesh · 472118"
472221,"Tikamgarh, Madhya Pradesh · 472221"
472246,"Tikamgarh, Madhya Pradesh · 472246"
472331,"Tikamgarh, Madhya Pradesh · 472331"
472336,"Tikamgarh, Madhya Pradesh · 472336"
472337,"Tikamgarh, Madhya Pradesh · 472337"
472339,"Tikamgarh, Madhya Pradesh · 472339"
472442,"Tikamgarh, Madhya Pradesh · 472442"
472445,"Tikamgarh, Madhya Pradesh · 472445"
472447,"Tikamgarh, Madhya Pradesh · 472447"
473001,"Guna, Madhya Pradesh · 473001"
473101,"Guna, Madhya Pradesh · 473101"
473105,"Guna, Madhya Pradesh · 473105"
473110,"Guna, Madhya Pradesh · 473110"
473111,"Guna, Madhya Pradesh · 473111"
473112,"Guna, Madhya Pradesh · 473112"
473113,"Guna, Madhya Pradesh · 473113"
473115,"Guna, Madhya Pradesh · 473115"
473118,"Guna, Madhya Pradesh · 473118"
473222,"Guna, Madhya Pradesh · 473222"
473226,"Guna, Madhya Pradesh · 473226"
473249,"Guna, Madhya Pradesh · 473249"
473287,"Guna, Madhya Pradesh · 473287"
473551,"Shivpuri, Madhya Pradesh · 473551"
473585,"Shivpuri, Madhya Pradesh · 473585"
473638,"Shivpuri, Madhya Pradesh · 473638"
473660,"Shivpuri, Madhya Pradesh · 473660"
473662,"Shivpuri, Madhya Pradesh · 473662"
473665,"Shivpuri, Madhya Pradesh · 473665"
473670,"Shivpuri, Madhya Pradesh · 473670"
473770,"Shivpuri, Madhya Pradesh · 473770"
473774,"Shivpuri, Madhya Pradesh · 473774"
473775,"Shivpuri, Madhya Pradesh · 473775"
473781,"Shivpuri, Madhya Pradesh · 473781"
473793,"Shivpuri, Madhya Pradesh · 473793"
473865,"Shivpuri, Madhya Pradesh · 473865"
473880,"Shivpuri, Madhya Pradesh · 473880"
473885,"Shivpuri, Madhya Pradesh · 473885"
473990,"Shivpuri, Madhya Pradesh · 473990"
473995,"Shivpuri, Madhya Pradesh · 473995"
474001,"Gwalior, Madhya Pradesh · 474001"
474002,"Gwalior, Madhya Pradesh · 474002"
474003,"Gwalior, Madhya Pradesh · 474003"
474004,"Gwalior, Madhya Pradesh · 474004"
474005,"Gwalior, Madhya Pradesh · 474005"
474006,"Gwalior, Madhya Pradesh · 474006"
474008,"Gwalior, Madhya Pradesh · 474008"
474009,"Gwalior, Madhya Pradesh · 474009"
474010,"Gwalior, Madhya Pradesh · 474010"
474011,"Gwalior, Madhya Pradesh · 474011"
474012,"Gwalior, Madhya Pradesh · 474012"
474015,"Gwalior, Madhya Pradesh · 474015"
474020,"Gwalior, Madhya Pradesh · 474020"
475001,"Gwalior, Madhya Pradesh · 475001"
475002,"Gwalior, Madhya Pradesh · 475002"
475005,"Gwalior, Madhya Pradesh · 475005"
475110,"Gwalior, Madhya Pradesh · 475110"
475115,"Gwalior, Madhya Pradesh · 475115"
475220,"Gwalior, Madhya Pradesh · 475220"
475330,"Gwalior, Madhya Pradesh · 475330"
475335,"Datia, Madhya Pradesh · 475335"
475336,"Datia, Madhya Pradesh · 475336"
475661,"Datia, Madhya Pradesh · 475661"
475671,"Datia, Madhya Pradesh · 475671"
475673,"Datia, Madhya Pradesh · 475673"
475675,"Datia, Madhya Pradesh · 475675"
475682,"Datia, Madhya Pradesh · 475682"
475685,"Datia, Madhya Pradesh · 475685"
476001,"Morena, Madhya Pradesh · 476001"
476111,"Morena, Madhya Pradesh · 476111"
476115,"Morena, Madhya Pradesh · 476115"
476134,"Morena, Madhya Pradesh · 476134"
476219,"Morena, Madhya Pradesh · 476219"
476224,"Morena, Madhya Pradesh · 476224"
476228,"Morena, Madhya Pradesh · 476228"
476229,"Morena, Madhya Pradesh · 476229"
476337,"Sheopur, Madhya Pradesh · 476337"
476339,"Sheopur, Madhya Pradesh · 476339"
476444,"Morena, Madhya Pradesh · 476444"
476554,"Morena, Madhya Pradesh · 476554"
477001,"Bhind, Madhya Pradesh · 477001"
477105,"Bhind, Madhya Pradesh · 477105"
477111,"Bhind, Madhya Pradesh · 477111"
477116,"Bhind, Madhya Pradesh · 477116"
477117,"Bhind, Madhya Pradesh · 477117"
477222,"Bhind, Madhya Pradesh · 477222"
477227,"Bhind, Madhya Pradesh · 477227"
477331,"Bhind, Madhya Pradesh · 477331"
477332,"Bhind, Madhya Pradesh · 477332"
477333,"Bhind, Madhya Pradesh · 477333"
477335,"Bhind, Madhya Pradesh · 477335"
477441,"Bhind, Madhya Pradesh · 477441"
477445,"Bhind, Madhya Pradesh · 477445"
477446,"Bhind, Madhya Pradesh · 477446"
477447,"Bhind, Madhya Pradesh · 477447"
477449,"Bhind, Madhya Pradesh · 477449"
477555,"Bhind, Madhya Pradesh · 477555"
477557,"Bhind, Madhya Pradesh · 477557"
477566,"Bhind, Madhya Pradesh · 477566"
477660,"Bhind, Madhya Pradesh · 477660"
480001,"Chhindwara, Madhya Pradesh · 480001"
480003,"Chhindwara, Madhya Pradesh · 480003"
480105,"Chhindwara, Madhya Pradesh · 480105"
480106,"Chhindwara, Madhya Pradesh · 480106"
480107,"Chhindwara, Madhya Pradesh · 480107"
480108,"Chhindwara, Madhya Pradesh · 480108"
480109,"Chhindwara, Madhya Pradesh · 480109"
480110,"Chhindwara, Madhya Pradesh · 480110"
480111,"Chhindwara, Madhya Pradesh · 480111"
480112,"Chhindwara, Madhya Pradesh · 480112"
480115,"Chhindwara, Madhya Pradesh · 480115"
480221,"Chhindwara, Madhya Pradesh · 480221"
480223,"Chhindwara, Madhya Pradesh · 480223"
480224,"Chhindwara, Madhya Pradesh · 480224"
480331,"Chhindwara, Madhya Pradesh · 480331"
480334,"Chhindwara, Madhya Pradesh · 480334"
480337,"Chhindwara, Madhya Pradesh · 480337"
480338,"Chhindwara, Madhya Pradesh · 480338"
480441,"Chhindwara, Madhya Pradesh · 480441"
480447,"Chhindwara, Madhya Pradesh · 480447"
480449,"Chhindwara, Madhya Pradesh · 480449"
480551,"Chhindwara, Madhya Pradesh · 480551"
480555,"Chhindwara, Madhya Pradesh · 480555"
480557,"Chhindwara, Madhya Pradesh · 480557"
480559,"Chhindwara, Madhya Pradesh · 480559"
480661,"Seoni, Madhya Pradesh · 480661"
480667,"Seoni, Madhya Pradesh · 480667"
480771,"Seoni, Madhya Pradesh · 480771"
480880,"Seoni, Madhya Pradesh · 480880"
480881,"Seoni, Madhya Pradesh · 480881"
480882,"Seoni, Madhya Pradesh · 480882"
480884,"Seoni, Madhya Pradesh · 480884"
480886,"Seoni, Madhya Pradesh · 480886"
480887,"Seoni, Madhya Pradesh · 480887"
480888,"Seoni, Madhya Pradesh · 480888"
480990,"Seoni, Madhya Pradesh · 480990"
480991,"Seoni, Madhya Pradesh · 480991"
480994,"Seoni, Madhya Pradesh · 480994"
480996,"Seoni, Madhya Pradesh · 480996"
480997,"Seoni, Madhya Pradesh · 480997"
480999,"Seoni, Madhya Pradesh · 480999"
481001,"Balaghat, Madhya Pradesh · 481001"
481051,"Balaghat, Madhya Pradesh · 481051"
481105,"Balaghat, Madhya Pradesh · 481105"
481111,"Balaghat, Madhya Pradesh · 481111"
481115,"Balaghat, Madhya Pradesh · 481115"
481116,"Balaghat, Madhya Pradesh · 481116"
481117,"Balaghat, Madhya Pradesh · 481117"
481222,"Balaghat, Madhya Pradesh · 481222"
481224,"Balaghat, Madhya Pradesh · 481224"
481226,"Balaghat, Madhya Pradesh · 481226"
481331,"Balaghat, Madhya Pradesh · 481331"
481332,"Balaghat, Madhya Pradesh · 481332"
481335,"Balaghat, Madhya Pradesh · 481335"
481337,"Balaghat, Madhya Pradesh · 481337"
481441,"Balaghat, Madhya Pradesh · 481441"
481445,"Balaghat, Madhya Pradesh · 481445"
481449,"Balaghat, Madhya Pradesh · 481449"
481551,"Balaghat, Madhya Pradesh · 481551"
481556,"Balaghat, Madhya Pradesh · 481556"
481661,"Mandla, Madhya Pradesh · 481661"
481662,"Mandla, Madhya Pradesh · 481662"
481663,"Mandla, Madhya Pradesh · 481663"
481664,"Mandla, Madhya Pradesh · 481664"
481665,"Mandla, Madhya Pradesh · 481665"
481666,"Mandla, Madhya Pradesh · 481666"
481668,"Mandla, Madhya Pradesh · 481668"
481672,"Dindori, Madhya Pradesh · 481672"
481768,"Mandla, Madhya Pradesh · 481768"
481771,"Mandla, Madhya Pradesh · 481771"
481776,"Mandla, Madhya Pradesh · 481776"
481778,"Dindori, Madhya Pradesh · 481778"
481879,"Dindori, Madhya Pradesh · 481879"
481880,"Dindori, Madhya Pradesh · 481880"
481882,"Dindori, Madhya Pradesh · 481882"
481884,"Dindori, Madhya Pradesh · 481884"
481885,"Mandla, Madhya Pradesh · 481885"
481990,"Dindori, Madhya Pradesh · 481990"
481995,"Mandla, Madhya Pradesh · 481995"
481996,"Mandla, Madhya Pradesh · 481996"
481998,"Mandla, Madhya Pradesh · 481998"
482001,"Jabalpur, Madhya Pradesh · 482001"
482002,"Jabalpur, Madhya Pradesh · 482002"
482003,"Jabalpur, Madhya Pradesh · 482003"
482004,"Jabalpur, Madhya Pradesh · 482004"
482005,"Jabalpur, Madhya Pradesh · 482005"
482008,"Jabalpur, Madhya Pradesh · 482008"
482009,"Jabalpur, Madhya Pradesh · 482009"
482010,"Jabalpur, Madhya Pradesh · 482010"
482011,"Jabalpur, Madhya Pradesh · 482011"
482020,"Jabalpur, Madhya Pradesh · 482020"
482021,"Jabalpur, Madhya Pradesh · 482021"
482051,"Jabalpur, Madhya Pradesh · 482051"
482056,"Jabalpur, Madhya Pradesh · 482056"
483001,"Jabalpur, Madhya Pradesh · 483001"
483053,"Jabalpur, Madhya Pradesh · 483053"
483105,"Jabalpur, Madhya Pradesh · 483105"
483110,"Jabalpur, Madhya Pradesh · 483110"
483113,"Jabalpur, Madhya Pradesh · 483113"
483119,"Jabalpur, Madhya Pradesh · 483119"
483220,"Jabalpur, Madhya Pradesh · 483220"
483222,"Katni, Madhya Pradesh · 483222"
483225,"Katni, Madhya Pradesh · 483225"
483330,"Katni, Madhya Pradesh · 483330"
483331,"Katni, Madhya Pradesh · 483331"
483332,"Katni, Madhya Pradesh · 483332"
483334,"Katni, Madhya Pradesh · 483334"
483336,"Katni, Madhya Pradesh · 483336"
483440,"Katni, Madhya Pradesh · 483440"
483442,"Katni, Madhya Pradesh · 483442"
483501,"Katni, Madhya Pradesh · 483501"
483504,"Katni, Madhya Pradesh · 483504"
483770,"Katni, Madhya Pradesh · 483770"
483773,"Katni, Madhya Pradesh · 483773"
483775,"Katni, Madhya Pradesh · 483775"
483880,"Katni, Madhya Pradesh · 483880"
483990,"Katni, Madhya Pradesh · 483990"
484001,"Shahdol, Madhya Pradesh · 484001"
484110,"Shahdol, Madhya Pradesh · 484110"
484113,"Anuppur, Madhya Pradesh · 484113"
484114,"Shahdol, Madhya Pradesh · 484114"
484116,"Anuppur, Madhya Pradesh · 484116"
484117,"Anuppur, Madhya Pradesh · 484117"
484120,"Shahdol, Madhya Pradesh · 484120"
484220,"Anuppur, Madhya Pradesh · 484220"
484224,"Anuppur, Madhya Pradesh · 484224"
484334,"Anuppur, Madhya Pradesh · 484334"
484336,"Anuppur, Madhya Pradesh · 484336"
484440,"Anuppur, Madhya Pradesh · 484440"
484444,"Anuppur, Madhya Pradesh · 484444"
484446,"Shahdol, Madhya Pradesh · 484446"
484551,"Umaria, Madhya Pradesh · 484551"
484555,"Umaria, Madhya Pradesh · 484555"
484660,"Umaria, Madhya Pradesh · 484660"
484661,"Umaria, Madhya Pradesh · 484661"
484664,"Umaria, Madhya Pradesh · 484664"
484665,"Umaria, Madhya Pradesh · 484665"
484669,"Shahdol, Madhya Pradesh · 484669"
484770,"Shahdol, Madhya Pradesh · 484770"
484771,"Shahdol, Madhya Pradesh · 484771"
484774,"Shahdol, Madhya Pradesh · 484774"
484776,"Shahdol, Madhya Pradesh · 484776"
484881,"Anuppur, Madhya Pradesh · 484881"
484886,"Anuppur, Madhya Pradesh · 484886"
484887,"Anuppur, Madhya Pradesh · 484887"
485001,"Satna, Madhya Pradesh · 485001"
485005,"Satna, Madhya Pradesh · 485005"
485111,"Satna, Madhya Pradesh · 485111"
485112,"Satna, Madhya Pradesh · 485112"
485113,"Satna, Madhya Pradesh · 485113"
485114,"Satna, Madhya Pradesh · 485114"
485115,"Satna, Madhya Pradesh · 485115"
485221,"Satna, Madhya Pradesh · 485221"
485226,"Satna, Madhya Pradesh · 485226"
485331,"Satna, Madhya Pradesh · 485331"
485334,"Satna, Madhya Pradesh · 485334"
485441,"Satna, Madhya Pradesh · 485441"
485446,"Satna, Madhya Pradesh · 485446"
485447,"Satna, Madhya Pradesh · 485447"
485551,"Satna, Madhya Pradesh · 485551"
485661,"Satna, Madhya Pradesh · 485661"
485666,"Satna, Madhya Pradesh · 485666"
485771,"Satna, Madhya Pradesh · 485771"
485772,"Satna, Madhya Pradesh · 485772"
485773,"Satna, Madhya Pradesh · 485773"
485774,"Satna, Madhya Pradesh · 485774"
485775,"Satna, Madhya Pradesh · 485775"
485778,"Satna, Madhya Pradesh · 485778"
485881,"Satna, Madhya Pradesh · 485881"
486001,"Rewa, Madhya Pradesh · 486001"
486002,"Rewa, Madhya Pradesh · 486002"
486003,"Rewa, Madhya Pradesh · 486003"
486005,"Rewa, Madhya Pradesh · 486005"
486006,"Rewa, Madhya Pradesh · 486006"
486111,"Rewa, Madhya Pradesh · 486111"
486114,"Rewa, Madhya Pradesh · 486114"
486115,"Rewa, Madhya Pradesh · 486115"
486117,"Rewa, Madhya Pradesh · 486117"
486123,"Rewa, Madhya Pradesh · 486123"
486220,"Rewa, Madhya Pradesh · 486220"
486223,"Rewa, Madhya Pradesh · 486223"
486226,"Rewa, Madhya Pradesh · 486226"
486331,"Rewa, Madhya Pradesh · 486331"
486333,"Rewa, Madhya Pradesh · 486333"
486335,"Rewa, Madhya Pradesh · 486335"
486338,"Rewa, Madhya Pradesh · 486338"
486340,"Rewa, Madhya Pradesh · 486340"
486341,"Rewa, Madhya Pradesh · 486341"
486440,"Rewa, Madhya Pradesh · 486440"
486441,"Rewa, Madhya Pradesh · 486441"
486445,"Rewa, Madhya Pradesh · 486445"
486446,"Rewa, Madhya Pradesh · 486446"
486447,"Rewa, Madhya Pradesh · 486447"
486448,"Rewa, Madhya Pradesh · 486448"
486450,"Rewa, Madhya Pradesh · 486450"
486550,"Rewa, Madhya Pradesh · 486550"
486553,"Rewa, Madhya Pradesh · 486553"
486556,"Rewa, Madhya Pradesh · 486556"
486661,"Sidhi, Madhya Pradesh · 486661"
486666,"Sidhi, Madhya Pradesh · 486666"
486669,"Sidhi, Madhya Pradesh · 486669"
486670,"Sidhi, Madhya Pradesh · 486670"
486675,"Sidhi, Madhya Pradesh · 486675"
486771,"Sidhi, Madhya Pradesh · 486771"
486775,"Sidhi, Madhya Pradesh · 486775"
486776,"Sidhi, Madhya Pradesh · 486776"
486881,"Sidhi, Madhya Pradesh · 486881"
486882,"Sidhi, Madhya Pradesh · 486882"
486884,"Sidhi, Madhya Pradesh · 486884"
486885,"Singrauli, Madhya Pradesh · 486885"
486886,"Sidhi, Madhya Pradesh · 486886"
486887,"Sidhi, Madhya Pradesh · 486887"
486889,"Singrauli, Madhya Pradesh · 486889"
486890,"Sidhi, Madhya Pradesh · 486890"
486892,"Sidhi, Madhya Pradesh · 486892"
487001,"Narsimhapur, Madhya Pradesh · 487001"
487114,"Narsimhapur, Madhya Pradesh · 487114"
487118,"Narsimhapur, Madhya Pradesh · 487118"
487221,"Narsimhapur, Madhya Pradesh · 487221"
487225,"Narsimhapur, Madhya Pradesh · 487225"
487330,"Narsimhapur, Madhya Pradesh · 487330"
487334,"Narsimhapur, Madhya Pradesh · 487334"
487337,"Narsimhapur, Madhya Pradesh · 487337"
487441,"Narsimhapur, Madhya Pradesh · 487441"
487551,"Narsimhapur, Madhya Pradesh · 487551"
487555,"Narsimhapur, Madhya Pradesh · 487555"
487661,"Narsimhapur, Madhya Pradesh · 487661"
487770,"Narsimhapur, Madhya Pradesh · 487770"
487881,"Narsimhapur, Madhya Pradesh · 487881"
488001,"Panna, Madhya Pradesh · 488001"
488050,"Panna, Madhya Pradesh · 488050"
488059,"Panna, Madhya Pradesh · 488059"
488220,"Panna, Madhya Pradesh · 488220"
488222,"Panna, Madhya Pradesh · 488222"
488333,"Panna, Madhya Pradesh · 488333"
488441,"Panna, Madhya Pradesh · 488441"
488442,"Panna, Madhya Pradesh · 488442"
488443,"Panna, Madhya Pradesh · 488443"
488446,"Panna, Madhya Pradesh · 488446"
488448,"Panna, Madhya Pradesh · 488448"
500001,"Hyderabad District, Telangana · 500001"
500002,"Hyderabad District, Telangana · 500002"
500003,"Hyderabad District, Telangana · 500003"
500004,"Hyderabad District, Telangana · 500004"
500006,"Hyderabad District, Telangana · 500006"
500007,"Hyderabad District, Telangana · 500007"
500008,"Hyderabad District, Telangana · 500008"
500009,"Hyderabad District, Telangana · 500009"
500010,"Hyderabad District, Telangana · 500010"
500011,"Hyderabad District, Telangana · 500011"
500012,"Hyderabad District, Telangana · 500012"
500013,"Hyderabad District, Telangana · 500013"
500014,"Hyderabad District, Telangana · 500014"
500015,"Hyderabad District, Telangana · 500015"
500016,"Hyderabad District, Telangana · 500016"
500017,"Hyderabad District, Telangana · 500017"
500018,"Hyderabad District, Telangana · 500018"
500020,"Hyderabad District, Telangana · 500020"
500024,"Hyderabad District, Telangana · 500024"
500026,"Hyderabad District, Telangana · 500026"
500027,"Hyderabad District, Telangana · 500027"
500028,"Hyderabad District, Telangana · 500028"
500029,"Hyderabad District, Telangana · 500029"
500030,"Hyderabad District, Telangana · 500030"
500031,"Hyderabad District, Telangana · 500031"
500032,"Hyderabad District, Telangana · 500032"
500033,"Hyderabad District, Telangana · 500033"
500034,"Hyderabad District, Telangana · 500034"
500036,"Hyderabad District, Telangana · 500036"
500037,"Hyderabad District, Telangana · 500037"
500038,"Hyderabad District, Telangana · 500038"
500040,"Hyderabad District, Telangana · 500040"
500042,"Hyderabad District, Telangana · 500042"
500044,"Hyderabad District, Telangana · 500044"
500045,"Hyderabad District, Telangana · 500045"
500046,"Hyderabad District, Telangana · 500046"
500047,"Hyderabad District, Telangana · 500047"
500048,"Hyderabad District, Telangana · 500048"
500049,"Hyderabad District, Telangana · 500049"
500050,"Hyderabad District, Telangana · 500050"
500051,"Hyderabad District, Telangana · 500051"
500053,"Hyderabad District, Telangana · 500053"
500054,"Hyderabad District, Telangana · 500054"
500055,"Hyderabad District, Telangana · 500055"
500056,"Hyderabad District, Telangana · 500056"
500057,"Hyderabad District, Telangana · 500057"
500058,"Hyderabad District, Telangana · 500058"
500059,"Hyderabad District, Telangana · 500059"
500061,"Hyderabad District, Telangana · 500061"
500062,"Hyderabad District, Telangana · 500062"
500064,"Hyderabad District, Telangana · 500064"
500065,"Hyderabad District, Telangana · 500065"
500067,"Hyderabad District, Telangana · 500067"
500068,"Hyderabad District, Telangana · 500068"
500069,"Hyderabad District, Telangana · 500069"
500072,"Hyderabad District, Telangana · 500072"
500073,"Hyderabad District, Telangana · 500073"
500074,"Hyderabad District, Telangana · 500074"
500077,"Hyderabad District, Telangana · 500077"
500078,"Hyderabad District, Telangana · 500078"
500080,"Hyderabad District, Telangana · 500080"
500082,"Hyderabad District, Telangana · 500082"
500083,"Hyderabad District, Telangana · 500083"
500084,"Hyderabad District, Telangana · 500084"
500085,"Hyderabad District, Telangana · 500085"
500086,"Hyderabad District, Telangana · 500086"
500087,"Hyderabad District, Telangana · 500087"
500088,"Hyderabad District, Telangana · 500088"
500090,"Hyderabad District, Telangana · 500090"
500091,"Hyderabad District, Telangana · 500091"
500092,"Hyderabad District, Telangana · 500092"
500094,"Hyderabad District, Telangana · 500094"
500096,"Hyderabad District, Telangana · 500096"
500098,"Hyderabad District, Telangana · 500098"
501101,"Hyderabad District, Telangana · 501101"
501401,"Hyderabad District, Telangana · 501401"
502001,"Medak, Telangana · 502001"
502032,"Medak, Telangana · 502032"
502101,"Medak, Telangana · 502101"
502102,"Medak, Telangana · 502102"
502103,"Medak, Telangana · 502103"
502107,"Medak, Telangana · 502107"
502108,"Medak, Telangana · 502108"
502109,"Medak, Telangana · 502109"
502110,"Medak, Telangana · 502110"
502113,"Medak, Telangana · 502113"
502114,"Medak, Telangana · 502114"
502115,"Medak, Telangana · 502115"
502117,"Medak, Telangana · 502117"
502125,"Medak, Telangana · 502125"
502130,"Medak, Telangana · 502130"
502205,"Medak, Telangana · 502205"
502210,"Medak, Telangana · 502210"
502220,"Medak, Telangana · 502220"
502221,"Medak, Telangana · 502221"
502228,"Medak, Telangana · 502228"
502247,"Medak, Telangana · 502247"
502248,"Medak, Telangana · 502248"
502249,"Medak, Telangana · 502249"
502251,"Medak, Telangana · 502251"
502255,"Medak, Telangana · 502255"
502256,"Medak, Telangana · 502256"
502267,"Medak, Telangana · 502267"
502270,"Medak, Telangana · 502270"
502271,"Medak, Telangana · 502271"
502276,"Medak, Telangana · 502276"
502277,"Medak, Telangana · 502277"
502278,"Medak, Telangana · 502278"
502279,"Medak, Telangana · 502279"
502280,"Medak, Telangana · 502280"
502281,"Medak, Telangana · 502281"
502285,"Medak, Telangana · 502285"
502286,"Medak, Telangana · 502286"
502287,"Medak, Telangana · 502287"
502290,"Medak, Telangana · 502290"
502291,"Medak, Telangana · 502291"
502293,"Medak, Telangana · 502293"
502294,"Medak, Telangana · 502294"
502295,"Medak, Telangana · 502295"
502296,"Medak, Telangana · 502296"
502300,"Medak, Telangana · 502300"
502301,"Medak, Telangana · 502301"
502302,"Medak, Telangana · 502302"
502303,"Medak, Telangana · 502303"
502305,"Medak, Telangana · 502305"
502306,"Medak, Telangana · 502306"
502307,"Medak, Telangana · 502307"
502310,"Medak, Telangana · 502310"
502311,"Medak, Telangana · 502311"
502312,"Medak, Telangana · 502312"
502313,"Medak, Telangana · 502313"
502314,"Medak, Telangana · 502314"
502316,"Medak, Telangana · 502316"
502318,"Medak, Telangana · 502318"
502321,"Medak, Telangana · 502321"
502324,"Medak, Telangana · 502324"
502325,"Medak, Telangana · 502325"
502329,"Medak, Telangana · 502329"
502331,"Medak, Telangana · 502331"
502334,"Medak, Telangana · 502334"
502335,"Medak, Telangana · 502335"
502336,"Medak, Telangana · 502336"
502371,"Medak, Telangana · 502371"
502372,"Medak, Telangana · 502372"
502375,"Medak, Telangana · 502375"
502381,"Medak, Telangana · 502381"
503001,"Nizamabad, Telangana · 503001"
503002,"Nizamabad, Telangana · 503002"
503003,"Nizamabad, Telangana · 503003"
503101,"Nizamabad, Telangana · 503101"
503102,"Nizamabad, Telangana · 503102"
503108,"Nizamabad, Telangana · 503108"
503110,"Nizamabad, Telangana · 503110"
503111,"Nizamabad, Telangana · 503111"
503112,"Nizamabad, Telangana · 503112"
503114,"Nizamabad, Telangana · 503114"
503120,"Nizamabad, Telangana · 503120"
503122,"Nizamabad, Telangana · 503122"
503123,"Nizamabad, Telangana · 503123"
503124,"Nizamabad, Telangana · 503124"
503125,"Nizamabad, Telangana · 503125"
503144,"Nizamabad, Telangana · 503144"
503145,"Nizamabad, Telangana · 503145"
503164,"Nizamabad, Telangana · 503164"
503165,"Nizamabad, Telangana · 503165"
503174,"Nizamabad, Telangana · 503174"
503175,"Nizamabad, Telangana · 503175"
503180,"Nizamabad, Telangana · 503180"
503185,"Nizamabad, Telangana · 503185"
503186,"Nizamabad, Telangana · 503186"
503187,"Nizamabad, Telangana · 503187"
503188,"Nizamabad, Telangana · 503188"
503201,"Nizamabad, Telangana · 503201"
503202,"Nizamabad, Telangana · 503202"
503206,"Nizamabad, Telangana · 503206"
503207,"Nizamabad, Telangana · 503207"
503212,"Nizamabad, Telangana · 503212"
503213,"Nizamabad, Telangana · 503213"
503217,"Nizamabad, Telangana · 503217"
503218,"Nizamabad, Telangana · 503218"
503219,"Nizamabad, Telangana · 503219"
503223,"Nizamabad, Telangana · 503223"
503224,"Nizamabad, Telangana · 503224"
503225,"Nizamabad, Telangana · 503225"
503230,"Nizamabad, Telangana · 503230"
503235,"Nizamabad, Telangana · 503235"
503245,"Nizamabad, Telangana · 503245"
503246,"Nizamabad, Telangana · 503246"
503301,"Nizamabad, Telangana · 503301"
503302,"Nizamabad, Telangana · 503302"
503305,"Nizamabad, Telangana · 503305"
503306,"Nizamabad, Telangana · 503306"
503307,"Nizamabad, Telangana · 503307"
503308,"Nizamabad, Telangana · 503308"
503309,"Nizamabad, Telangana · 503309"
503310,"Nizamabad, Telangana · 503310"
503311,"Nizamabad, Telangana · 503311"
503321,"Nizamabad, Telangana · 503321"
503322,"Nizamabad, Telangana · 503322"
504001,"Adilabad, Telangana · 504001"
504002,"Adilabad, Telangana · 504002"
504101,"Adilabad, Telangana · 504101"
504102,"Adilabad, Telangana · 504102"
504103,"Adilabad, Telangana · 504103"
504104,"Adilabad, Telangana · 504104"
504105,"Adilabad, Telangana · 504105"
504106,"Adilabad, Telangana · 504106"
504107,"Adilabad, Telangana · 504107"
504109,"Adilabad, Telangana · 504109"
504110,"Adilabad, Telangana · 504110"
504201,"Adilabad, Telangana · 504201"
504202,"Adilabad, Telangana · 504202"
504203,"Adilabad, Telangana · 504203"
504204,"Adilabad, Telangana · 504204"
504205,"Adilabad, Telangana · 504205"
504206,"Adilabad, Telangana · 504206"
504207,"Adilabad, Telangana · 504207"
504208,"Adilabad, Telangana · 504208"
504209,"Adilabad, Telangana · 504209"
504214,"Adilabad, Telangana · 504214"
504215,"Adilabad, Telangana · 504215"
504216,"Adilabad, Telangana · 504216"
504218,"Adilabad, Telangana · 504218"
504219,"Adilabad, Telangana · 504219"
504220,"Adilabad, Telangana · 504220"
504231,"Adilabad, Telangana · 504231"
504251,"Adilabad, Telangana · 504251"
504272,"Adilabad, Telangana · 504272"
504273,"Adilabad, Telangana · 504273"
504292,"Adilabad, Telangana · 504292"
504293,"Adilabad, Telangana · 504293"
504294,"Adilabad, Telangana · 504294"
504295,"Adilabad, Telangana · 504295"
504296,"Adilabad, Telangana · 504296"
504297,"Adilabad, Telangana · 504297"
504299,"Adilabad, Telangana · 504299"
504301,"Adilabad, Telangana · 504301"
504302,"Adilabad, Telangana · 504302"
504303,"Adilabad, Telangana · 504303"
504304,"Adilabad, Telangana · 504304"
504306,"Adilabad, Telangana · 504306"
504307,"Adilabad, Telangana · 504307"
504308,"Adilabad, Telangana · 504308"
504309,"Adilabad, Telangana · 504309"
504310,"Adilabad, Telangana · 504310"
504311,"Adilabad, Telangana · 504311"
504312,"Adilabad, Telangana · 504312"
504313,"Adilabad, Telangana · 504313"
504323,"Adilabad, Telangana · 504323"
504346,"Adilabad, Telangana · 504346"
506001,"Warangal, Telangana · 506001"
506002,"Warangal, Telangana · 506002"
506003,"Warangal, Telangana · 506003"
506004,"Warangal, Telangana · 506004"
506005,"Warangal, Telangana · 506005"
506006,"Warangal, Telangana · 506006"
506007,"Warangal, Telangana · 506007"
506008,"Warangal, Telangana · 506008"
506009,"Warangal, Telangana · 506009"
506011,"Warangal, Telangana · 506011"
506013,"Warangal, Telangana · 506013"
506015,"Warangal, Telangana · 506015"
506101,"Warangal, Telangana · 506101"
506102,"Warangal, Telangana · 506102"
506104,"Warangal, Telangana · 506104"
506105,"Warangal, Telangana · 506105"
506112,"Warangal, Telangana · 506112"
506122,"Warangal, Telangana · 506122"
506132,"Warangal, Telangana · 506132"
506134,"Warangal, Telangana · 506134"
506135,"Warangal, Telangana · 506135"
506142,"Warangal, Telangana · 506142"
506143,"Warangal, Telangana · 506143"
506144,"Warangal, Telangana · 506144"
506145,"Warangal, Telangana · 506145"
506151,"Warangal, Telangana · 506151"
506163,"Warangal, Telangana · 506163"
506164,"Warangal, Telangana · 506164"
506165,"Warangal, Telangana · 506165"
506167,"Warangal, Telangana · 506167"
506168,"Warangal, Telangana · 506168"
506169,"Warangal, Telangana · 506169"
506170,"Warangal, Telangana · 506170"
506172,"Warangal, Telangana · 506172"
506175,"Warangal, Telangana · 506175"
506201,"Warangal, Telangana · 506201"
506221,"Warangal, Telangana · 506221"
506222,"Warangal, Telangana · 506222"
506223,"Warangal, Telangana · 506223"
506224,"Warangal, Telangana · 506224"
506244,"Warangal, Telangana · 506244"
506252,"Warangal, Telangana · 506252"
506301,"Warangal, Telangana · 506301"
506302,"Warangal, Telangana · 506302"
506303,"Warangal, Telangana · 506303"
506310,"Warangal, Telangana · 506310"
506313,"Warangal, Telangana · 506313"
506314,"Warangal, Telangana · 506314"
506315,"Warangal, Telangana · 506315"
506316,"Warangal, Telangana · 506316"
506317,"Warangal, Telangana · 506317"
506318,"Warangal, Telangana · 506318"
506319,"Warangal, Telangana · 506319"
506324,"Warangal, Telangana · 506324"
506329,"Warangal, Telangana · 506329"
506330,"Warangal, Telangana · 506330"
506332,"Warangal, Telangana · 506332"
506342,"Warangal, Telangana · 506342"
506343,"Warangal, Telangana · 506343"
506344,"Warangal, Telangana · 506344"
506345,"Warangal, Telangana · 506345"
506347,"Warangal, Telangana · 506347"
506348,"Warangal, Telangana · 506348"
506349,"Warangal, Telangana · 506349"
506352,"Warangal, Telangana · 506352"
506355,"Warangal, Telangana · 506355"
506356,"Warangal, Telangana · 506356"
506365,"Warangal, Telangana · 506365"
506366,"Warangal, Telangana · 506366"
506367,"Warangal, Telangana · 506367"
506368,"Warangal, Telangana · 506368"
506369,"Warangal, Telangana · 506369"
506370,"Warangal, Telangana · 506370"
506371,"Warangal, Telangana · 506371"
506381,"Warangal, Telangana · 506381"
506391,"Warangal, Telangana · 506391"
507001,"Khammam, Telangana · 507001"
507002,"Khammam, Telangana · 507002"
507003,"Khammam, Telangana · 507003"
507101,"Khammam, Telangana · 507101"
507111,"Khammam, Telangana · 507111"
507114,"Khammam, Telangana · 507114"
507115,"Khammam, Telangana · 507115"
507116,"Khammam, Telangana · 507116"
507117,"Khammam, Telangana · 507117"
507118,"Khammam, Telangana · 507118"
507119,"Khammam, Telangana · 507119"
507120,"Khammam, Telangana · 507120"
507122,"Khammam, Telangana · 507122"
507123,"Khammam, Telangana · 507123"
507124,"Khammam, Telangana · 507124"
507125,"Khammam, Telangana · 507125"
507128,"Khammam, Telangana · 507128"
507133,"Khammam, Telangana · 507133"
507136,"Khammam, Telangana · 507136"
507137,"Khammam, Telangana · 507137"
507140,"Khammam, Telangana · 507140"
507154,"Khammam, Telangana · 507154"
507157,"Khammam, Telangana · 507157"
507158,"Khammam, Telangana · 507158"
507159,"Khammam, Telangana · 507159"
507160,"Khammam, Telangana · 507160"
507161,"Khammam, Telangana · 507161"
507163,"Khammam, Telangana · 507163"
507164,"Khammam, Telangana · 507164"
507165,"Khammam, Telangana · 507165"
507166,"Khammam, Telangana · 507166"
507168,"Khammam, Telangana · 507168"
507169,"Khammam, Telangana · 507169"
507170,"Khammam, Telangana · 507170"
507182,"Khammam, Telangana · 507182"
507183,"Khammam, Telangana · 507183"
507201,"Khammam, Telangana · 507201"
507202,"Khammam, Telangana · 507202"
507203,"Khammam, Telangana · 507203"
507204,"Khammam, Telangana · 507204"
507208,"Khammam, Telangana · 507208"
507209,"Khammam, Telangana · 507209"
507210,"Khammam, Telangana · 507210"
507211,"Khammam, Telangana · 507211"
507301,"Khammam, Telangana · 507301"
507302,"Khammam, Telangana · 507302"
507303,"Khammam, Telangana · 507303"
507304,"Khammam, Telangana · 507304"
507305,"Khammam, Telangana · 507305"
507306,"Khammam, Telangana · 507306"
507316,"Khammam, Telangana · 507316"
507318,"Khammam, Telangana · 507318"
508001,"Nalgonda, Telangana · 508001"
508002,"Nalgonda, Telangana · 508002"
508004,"Nalgonda, Telangana · 508004"
508101,"Nalgonda, Telangana · 508101"
508105,"Nalgonda, Telangana · 508105"
508111,"Nalgonda, Telangana · 508111"
508112,"Nalgonda, Telangana · 508112"
508113,"Nalgonda, Telangana · 508113"
508114,"Nalgonda, Telangana · 508114"
508115,"Nalgonda, Telangana · 508115"
508116,"Nalgonda, Telangana · 508116"
508117,"Nalgonda, Telangana · 508117"
508126,"Nalgonda, Telangana · 508126"
508201,"Nalgonda, Telangana · 508201"
508202,"Nalgonda, Telangana · 508202"
508204,"Nalgonda, Telangana · 508204"
508205,"Nalgonda, Telangana · 508205"
508206,"Nalgonda, Telangana · 508206"
508207,"Nalgonda, Telangana · 508207"
508208,"Nalgonda, Telangana · 508208"
508210,"Nalgonda, Telangana · 508210"
508211,"Nalgonda, Telangana · 508211"
508212,"Nalgonda, Telangana · 508212"
508213,"Nalgonda, Telangana · 508213"
508217,"Nalgonda, Telangana · 508217"
508218,"Nalgonda, Telangana · 508218"
508221,"Nalgonda, Telangana · 508221"
508223,"Nalgonda, Telangana · 508223"
508224,"Nalgonda, Telangana · 508224"
508233,"Nalgonda, Telangana · 508233"
508234,"Nalgonda, Telangana · 508234"
508238,"Nalgonda, Telangana · 508238"
508243,"Nalgonda, Telangana · 508243"
508244,"Nalgonda, Telangana · 508244"
508245,"Nalgonda, Telangana · 508245"
508246,"Nalgonda, Telangana · 508246"
508247,"Nalgonda, Telangana · 508247"
508248,"Nalgonda, Telangana · 508248"
508250,"Nalgonda, Telangana · 508250"
508252,"Nalgonda, Telangana · 508252"
508253,"Nalgonda, Telangana · 508253"
508254,"Nalgonda, Telangana · 508254"
508255,"Nalgonda, Telangana · 508255"
508256,"Nalgonda, Telangana · 508256"
508257,"Nalgonda, Telangana · 508257"
508258,"Nalgonda, Telangana · 508258"
508266,"Nalgonda, Telangana · 508266"
508277,"Nalgonda, Telangana · 508277"
508278,"Nalgonda, Telangana · 508278"
508279,"Nalgonda, Telangana · 508279"
508280,"Nalgonda, Telangana · 508280"
508284,"Nalgonda, Telangana · 508284"
508285,"Nalgonda, Telangana · 508285"
508286,"Nalgonda, Telangana · 508286"
508355,"Nalgonda, Telangana · 508355"
508373,"Nalgonda, Telangana · 508373"
508374,"Nalgonda, Telangana · 508374"
508376,"Nalgonda, Telangana · 508376"
515001,"Ananthapur, Andhra Pradesh · 515001"
515002,"Ananthapur, Andhra Pradesh · 515002"
515003,"Ananthapur, Andhra Pradesh · 515003"
515004,"Ananthapur, Andhra Pradesh · 515004"
515005,"Ananthapur, Andhra Pradesh · 515005"
515101,"Ananthapur, Andhra Pradesh · 515101"
515110,"Ananthapur, Andhra Pradesh · 515110"
515122,"Ananthapur, Andhra Pradesh · 515122"
515123,"Ananthapur, Andhra Pradesh · 515123"
515124,"Ananthapur, Andhra Pradesh · 515124"
515133,"Ananthapur, Andhra Pradesh · 515133"
515134,"Ananthapur, Andhra Pradesh · 515134"
515144,"Ananthapur, Andhra Pradesh · 515144"
515154,"Ananthapur, Andhra Pradesh · 515154"
515159,"Ananthapur, Andhra Pradesh · 515159"
515164,"Ananthapur, Andhra Pradesh · 515164"
515201,"Ananthapur, Andhra Pradesh · 515201"
515202,"Ananthapur, Andhra Pradesh · 515202"
515211,"Ananthapur, Andhra Pradesh · 515211"
515212,"Ananthapur, Andhra Pradesh · 515212"
515231,"Ananthapur, Andhra Pradesh · 515231"
515241,"Ananthapur, Andhra Pradesh · 515241"
515261,"Ananthapur, Andhra Pradesh · 515261"
515271,"Ananthapur, Andhra Pradesh · 515271"
515281,"Ananthapur, Andhra Pradesh · 515281"
515286,"Ananthapur, Andhra Pradesh · 515286"
515291,"Ananthapur, Andhra Pradesh · 515291"
515301,"Ananthapur, Andhra Pradesh · 515301"
515303,"Ananthapur, Andhra Pradesh · 515303"
515305,"Ananthapur, Andhra Pradesh · 515305"
515311,"Ananthapur, Andhra Pradesh · 515311"
515321,"Ananthapur, Andhra Pradesh · 515321"
515331,"Ananthapur, Andhra Pradesh · 515331"
515341,"Ananthapur, Andhra Pradesh · 515341"
515401,"Ananthapur, Andhra Pradesh · 515401"
515402,"Ananthapur, Andhra Pradesh · 515402"
515405,"Ananthapur, Andhra Pradesh · 515405"
515408,"Ananthapur, Andhra Pradesh · 515408"
515411,"Ananthapur, Andhra Pradesh · 515411"
515413,"Ananthapur, Andhra Pradesh · 515413"
515414,"Ananthapur, Andhra Pradesh · 515414"
515415,"Ananthapur, Andhra Pradesh · 515415"
515425,"Ananthapur, Andhra Pradesh · 515425"
515435,"Ananthapur, Andhra Pradesh · 515435"
515445,"Ananthapur, Andhra Pradesh · 515445"
515455,"Ananthapur, Andhra Pradesh · 515455"
515465,"Ananthapur, Andhra Pradesh · 515465"
515501,"Ananthapur, Andhra Pradesh · 515501"
515511,"Ananthapur, Andhra Pradesh · 515511"
515521,"Ananthapur, Andhra Pradesh · 515521"
515531,"Ananthapur, Andhra Pradesh · 515531"
515541,"Ananthapur, Andhra Pradesh · 515541"
515551,"Ananthapur, Andhra Pradesh · 515551"
515556,"Ananthapur, Andhra Pradesh · 515556"
515561,"Ananthapur, Andhra Pradesh · 515561"
515571,"Ananthapur, Andhra Pradesh · 515571"
515581,"Ananthapur, Andhra Pradesh · 515581"
515591,"Ananthapur, Andhra Pradesh · 515591"
515601,"Ananthapur, Andhra Pradesh · 515601"
515611,"Ananthapur, Andhra Pradesh · 515611"
515621,"Ananthapur, Andhra Pradesh · 515621"
515631,"Ananthapur, Andhra Pradesh · 515631"
515641,"Ananthapur, Andhra Pradesh · 515641"
515651,"Ananthapur, Andhra Pradesh · 515651"
515661,"Ananthapur, Andhra Pradesh · 515661"
515671,"Ananthapur, Andhra Pradesh · 515671"
515672,"Ananthapur, Andhra Pradesh · 515672"
515701,"Ananthapur, Andhra Pradesh · 515701"
515711,"Ananthapur, Andhra Pradesh · 515711"
515721,"Ananthapur, Andhra Pradesh · 515721"
515722,"Ananthapur, Andhra Pradesh · 515722"
515731,"Ananthapur, Andhra Pradesh · 515731"
515741,"Ananthapur, Andhra Pradesh · 515741"
515751,"Ananthapur, Andhra Pradesh · 515751"
515761,"Ananthapur, Andhra Pradesh · 515761"
515763,"Ananthapur, Andhra Pradesh · 515763"
515765,"Ananthapur, Andhra Pradesh · 515765"
515766,"Ananthapur, Andhra Pradesh · 515766"
515767,"Ananthapur, Andhra Pradesh · 515767"
515774,"Ananthapur, Andhra Pradesh · 515774"
515775,"Ananthapur, Andhra Pradesh · 515775"
515787,"Ananthapur, Andhra Pradesh · 515787"
515801,"Ananthapur, Andhra Pradesh · 515801"
515803,"Ananthapur, Andhra Pradesh · 515803"
515812,"Ananthapur, Andhra Pradesh · 515812"
515822,"Ananthapur, Andhra Pradesh · 515822"
515832,"Ananthapur, Andhra Pradesh · 515832"
515842,"Ananthapur, Andhra Pradesh · 515842"
515863,"Ananthapur, Andhra Pradesh · 515863"
515865,"Ananthapur, Andhra Pradesh · 515865"
515867,"Ananthapur, Andhra Pradesh · 515867"
515870,"Ananthapur, Andhra Pradesh · 515870"
515871,"Ananthapur, Andhra Pradesh · 515871"
515872,"Ananthapur, Andhra Pradesh · 515872"
517001,"Chittoor, Andhra Pradesh · 517001"
517002,"Chittoor, Andhra Pradesh · 517002"
517004,"Chittoor, Andhra Pradesh · 517004"
517101,"Chittoor, Andhra Pradesh · 517101"
517102,"Chittoor, Andhra Pradesh · 517102"
517112,"Chittoor, Andhra Pradesh · 517112"
517113,"Chittoor, Andhra Pradesh · 517113"
517123,"Chittoor, Andhra Pradesh · 517123"
517124,"Chittoor, Andhra Pradesh · 517124"
517125,"Chittoor, Andhra Pradesh · 517125"
517126,"Chittoor, Andhra Pradesh · 517126"
517127,"Chittoor, Andhra Pradesh · 517127"
517128,"Chittoor, Andhra Pradesh · 517128"
517129,"Chittoor, Andhra Pradesh · 517129"
517130,"Chittoor, Andhra Pradesh · 517130"
517131,"Chittoor, Andhra Pradesh · 517131"
517132,"Chittoor, Andhra Pradesh · 517132"
517152,"Chittoor, Andhra Pradesh · 517152"
517167,"Chittoor, Andhra Pradesh · 517167"
517172,"Chittoor, Andhra Pradesh · 517172"
517192,"Chittoor, Andhra Pradesh · 517192"
517193,"Chittoor, Andhra Pradesh · 517193"
517194,"Chittoor, Andhra Pradesh · 517194"
517213,"Chittoor, Andhra Pradesh · 517213"
517214,"Chittoor, Andhra Pradesh · 517214"
517234,"Chittoor, Andhra Pradesh · 517234"
517235,"Chittoor, Andhra Pradesh · 517235"
517236,"Chittoor, Andhra Pradesh · 517236"
517237,"Chittoor, Andhra Pradesh · 517237"
517247,"Chittoor, Andhra Pradesh · 517247"
517257,"Chittoor, Andhra Pradesh · 517257"
517277,"Chittoor, Andhra Pradesh · 517277"
517280,"Chittoor, Andhra Pradesh · 517280"
517291,"Chittoor, Andhra Pradesh · 517291"
517297,"Chittoor, Andhra Pradesh · 517297"
517299,"Chittoor, Andhra Pradesh · 517299"
517305,"Chittoor, Andhra Pradesh · 517305"
517319,"Chittoor, Andhra Pradesh · 517319"
517325,"Chittoor, Andhra Pradesh · 517325"
517326,"Chittoor, Andhra Pradesh · 517326"
517350,"Chittoor, Andhra Pradesh · 517350"
517351,"Chittoor, Andhra Pradesh · 517351"
517352,"Chittoor, Andhra Pradesh · 517352"
517370,"Chittoor, Andhra Pradesh · 517370"
517390,"Chittoor, Andhra Pradesh · 517390"
517391,"Chittoor, Andhra Pradesh · 517391"
517401,"Chittoor, Andhra Pradesh · 517401"
517403,"Chittoor, Andhra Pradesh · 517403"
517408,"Chittoor, Andhra Pradesh · 517408"
517414,"Chittoor, Andhra Pradesh · 517414"
517415,"Chittoor, Andhra Pradesh · 517415"
517416,"Chittoor, Andhra Pradesh · 517416"
517417,"Chittoor, Andhra Pradesh · 517417"
517418,"Chittoor, Andhra Pradesh · 517418"
517419,"Chittoor, Andhra Pradesh · 517419"
517421,"Chittoor, Andhra Pradesh · 517421"
517422,"Chittoor, Andhra Pradesh · 517422"
517423,"Chittoor, Andhra Pradesh · 517423"
517424,"Chittoor, Andhra Pradesh · 517424"
517425,"Chittoor, Andhra Pradesh · 517425"
517426,"Chittoor, Andhra Pradesh · 517426"
517429,"Chittoor, Andhra Pradesh · 517429"
517432,"Chittoor, Andhra Pradesh · 517432"
517501,"Chittoor, Andhra Pradesh · 517501"
517502,"Chittoor, Andhra Pradesh · 517502"
517503,"Chittoor, Andhra Pradesh · 517503"
517504,"Chittoor, Andhra Pradesh · 517504"
517505,"Chittoor, Andhra Pradesh · 517505"
517506,"Chittoor, Andhra Pradesh · 517506"
517507,"Chittoor, Andhra Pradesh · 517507"
517520,"Chittoor, Andhra Pradesh · 517520"
517526,"Chittoor, Andhra Pradesh · 517526"
517536,"Chittoor, Andhra Pradesh · 517536"
517541,"Chittoor, Andhra Pradesh · 517541"
517551,"Chittoor, Andhra Pradesh · 517551"
517561,"Chittoor, Andhra Pradesh · 517561"
517569,"Chittoor, Andhra Pradesh · 517569"
517571,"Chittoor, Andhra Pradesh · 517571"
517581,"Chittoor, Andhra Pradesh · 517581"
517582,"Chittoor, Andhra Pradesh · 517582"
517583,"Chittoor, Andhra Pradesh · 517583"
517584,"Chittoor, Andhra Pradesh · 517584"
517586,"Chittoor, Andhra Pradesh · 517586"
517587,"Chittoor, Andhra Pradesh · 517587"
517588,"Chittoor, Andhra Pradesh · 517588"
517589,"Chittoor, Andhra Pradesh · 517589"
517590,"Chittoor, Andhra Pradesh · 517590"
517591,"Chittoor, Andhra Pradesh · 517591"
517592,"Chittoor, Andhra Pradesh · 517592"
517599,"Chittoor, Andhra Pradesh · 517599"
517619,"Chittoor, Andhra Pradesh · 517619"
517620,"Chittoor, Andhra Pradesh · 517620"
517640,"Chittoor, Andhra Pradesh · 517640"
517641,"Chittoor, Andhra Pradesh · 517641"
517642,"Chittoor, Andhra Pradesh · 517642"
517643,"Chittoor, Andhra Pradesh · 517643"
517644,"Chittoor, Andhra Pradesh · 517644"
517645,"Chittoor, Andhra Pradesh · 517645"
518001,"Kurnool, Andhra Pradesh · 518001"
518002,"Kurnool, Andhra Pradesh · 518002"
518003,"Kurnool, Andhra Pradesh · 518003"
518004,"Kurnool, Andhra Pradesh · 518004"
518006,"Kurnool, Andhra Pradesh · 518006"
518007,"Kurnool, Andhra Pradesh · 518007"
518010,"Kurnool, Andhra Pradesh · 518010"
518101,"Kurnool, Andhra Pradesh · 518101"
518102,"Kurnool, Andhra Pradesh · 518102"
518112,"Kurnool, Andhra Pradesh · 518112"
518122,"Kurnool, Andhra Pradesh · 518122"
518123,"Kurnool, Andhra Pradesh · 518123"
518124,"Kurnool, Andhra Pradesh · 518124"
518134,"Kurnool, Andhra Pradesh · 518134"
518135,"Kurnool, Andhra Pradesh · 518135"
518145,"Kurnool, Andhra Pradesh · 518145"
518155,"Kurnool, Andhra Pradesh · 518155"
518165,"Kurnool, Andhra Pradesh · 518165"
518166,"Kurnool, Andhra Pradesh · 518166"
518176,"Kurnool, Andhra Pradesh · 518176"
518186,"Kurnool, Andhra Pradesh · 518186"
518196,"Kurnool, Andhra Pradesh · 518196"
518206,"Kurnool, Andhra Pradesh · 518206"
518216,"Kurnool, Andhra Pradesh · 518216"
518217,"Kurnool, Andhra Pradesh · 518217"
518218,"Kurnool, Andhra Pradesh · 518218"
518220,"Kurnool, Andhra Pradesh · 518220"
518221,"Kurnool, Andhra Pradesh · 518221"
518222,"Kurnool, Andhra Pradesh · 518222"
518225,"Kurnool, Andhra Pradesh · 518225"
518301,"Kurnool, Andhra Pradesh · 518301"
518302,"Kurnool, Andhra Pradesh · 518302"
518308,"Kurnool, Andhra Pradesh · 518308"
518313,"Kurnool, Andhra Pradesh · 518313"
518323,"Kurnool, Andhra Pradesh · 518323"
518333,"Kurnool, Andhra Pradesh · 518333"
518343,"Kurnool, Andhra Pradesh · 518343"
518344,"Kurnool, Andhra Pradesh · 518344"
518345,"Kurnool, Andhra Pradesh · 518345"
518346,"Kurnool, Andhra Pradesh · 518346"
518347,"Kurnool, Andhra Pradesh · 518347"
518348,"Kurnool, Andhra Pradesh · 518348"
518349,"Kurnool, Andhra Pradesh · 518349"
518350,"Kurnool, Andhra Pradesh · 518350"
518360,"Kurnool, Andhra Pradesh · 518360"
518380,"Kurnool, Andhra Pradesh · 518380"
518385,"Kurnool, Andhra Pradesh · 518385"
518390,"Kurnool, Andhra Pradesh · 518390"
518395,"Kurnool, Andhra Pradesh · 518395"
518396,"Kurnool, Andhra Pradesh · 518396"
518401,"Kurnool, Andhra Pradesh · 518401"
518405,"Kurnool, Andhra Pradesh · 518405"
518411,"Kurnool, Andhra Pradesh · 518411"
518412,"Kurnool, Andhra Pradesh · 518412"
518422,"Kurnool, Andhra Pradesh · 518422"
518432,"Kurnool, Andhra Pradesh · 518432"
518442,"Kurnool, Andhra Pradesh · 518442"
518452,"Kurnool, Andhra Pradesh · 518452"
518462,"Kurnool, Andhra Pradesh · 518462"
518463,"Kurnool, Andhra Pradesh · 518463"
518464,"Kurnool, Andhra Pradesh · 518464"
518466,"Kurnool, Andhra Pradesh · 518466"
518467,"Kurnool, Andhra Pradesh · 518467"
518468,"Kurnool, Andhra Pradesh · 518468"
518501,"Kurnool, Andhra Pradesh · 518501"
518502,"Kurnool, Andhra Pradesh · 518502"
518508,"Kurnool, Andhra Pradesh · 518508"
518510,"Kurnool, Andhra Pradesh · 518510"
518511,"Kurnool, Andhra Pradesh · 518511"
518512,"Kurnool, Andhra Pradesh · 518512"
518513,"Kurnool, Andhra Pradesh · 518513"
518523,"Kurnool, Andhra Pradesh · 518523"
518533,"Kurnool, Andhra Pradesh · 518533"
518543,"Kurnool, Andhra Pradesh · 518543"
518553,"Kurnool, Andhra Pradesh · 518553"
518563,"Kurnool, Andhra Pradesh · 518563"
518573,"Kurnool, Andhra Pradesh · 518573"
518583,"Kurnool, Andhra Pradesh · 518583"
518593,"Kurnool, Andhra Pradesh · 518593"
518594,"Kurnool, Andhra Pradesh · 518594"
518598,"Kurnool, Andhra Pradesh · 518598"
518599,"Kurnool, Andhra Pradesh · 518599"
518674,"Kurnool, Andhra Pradesh · 518674"
520001,"Krishna, Andhra Pradesh · 520001"
520002,"Krishna, Andhra Pradesh · 520002"
520003,"Krishna, Andhra Pradesh · 520003"
520004,"Krishna, Andhra Pradesh · 520004"
520007,"Krishna, Andhra Pradesh · 520007"
520008,"Krishna, Andhra Pradesh · 520008"
520010,"Krishna, Andhra Pradesh · 520010"
520011,"Krishna, Andhra Pradesh · 520011"
520012,"Krishna, Andhra Pradesh · 520012"
520013,"Krishna, Andhra Pradesh · 520013"
520015,"Krishna, Andhra Pradesh · 520015"
521001,"Krishna, Andhra Pradesh · 521001"
521002,"Krishna, Andhra Pradesh · 521002"
521003,"Krishna, Andhra Pradesh · 521003"
521101,"Krishna, Andhra Pradesh · 521101"
521102,"Krishna, Andhra Pradesh · 521102"
521104,"Krishna, Andhra Pradesh · 521104"
521105,"Krishna, Andhra Pradesh · 521105"
521106,"Krishna, Andhra Pradesh · 521106"
521107,"Krishna, Andhra Pradesh · 521107"
521108,"Krishna, Andhra Pradesh · 521108"
521109,"Krishna, Andhra Pradesh · 521109"
521110,"Krishna, Andhra Pradesh · 521110"
521111,"Krishna, Andhra Pradesh · 521111"
521120,"Krishna, Andhra Pradesh · 521120"
521121,"Krishna, Andhra Pradesh · 521121"
521122,"Krishna, Andhra Pradesh · 521122"
521125,"Krishna, Andhra Pradesh · 521125"
521126,"Krishna, Andhra Pradesh · 521126"
521130,"Krishna, Andhra Pradesh · 521130"
521131,"Krishna, Andhra Pradesh · 521131"
521132,"Krishna, Andhra Pradesh · 521132"
521133,"Krishna, Andhra Pradesh · 521133"
521134,"Krishna, Andhra Pradesh · 521134"
521135,"Krishna, Andhra Pradesh · 521135"
521136,"Krishna, Andhra Pradesh · 521136"
521137,"Krishna, Andhra Pradesh · 521137"
521138,"Krishna, Andhra Pradesh · 521138"
521139,"Krishna, Andhra Pradesh · 521139"
521148,"Krishna, Andhra Pradesh · 521148"
521149,"Krishna, Andhra Pradesh · 521149"
521150,"Krishna, Andhra Pradesh · 521150"
521151,"Krishna, Andhra Pradesh · 521151"
521153,"Krishna, Andhra Pradesh · 521153"
521157,"Krishna, Andhra Pradesh · 521157"
521158,"Krishna, Andhra Pradesh · 521158"
521162,"Krishna, Andhra Pradesh · 521162"
521163,"Krishna, Andhra Pradesh · 521163"
521164,"Krishna, Andhra Pradesh · 521164"
521165,"Krishna, Andhra Pradesh · 521165"
521170,"Krishna, Andhra Pradesh · 521170"
521175,"Krishna, Andhra Pradesh · 521175"
521178,"Krishna, Andhra Pradesh · 521178"
521180,"Krishna, Andhra Pradesh · 521180"
521181,"Krishna, Andhra Pradesh · 521181"
521182,"Krishna, Andhra Pradesh · 521182"
521183,"Krishna, Andhra Pradesh · 521183"
521185,"Krishna, Andhra Pradesh · 521185"
521190,"Krishna, Andhra Pradesh · 521190"
521201,"Krishna, Andhra Pradesh · 521201"
521202,"Krishna, Andhra Pradesh · 521202"
521207,"Krishna, Andhra Pradesh · 521207"
521211,"Krishna, Andhra Pradesh · 521211"
521212,"Krishna, Andhra Pradesh · 521212"
521213,"Krishna, Andhra Pradesh · 521213"
521214,"Krishna, Andhra Pradesh · 521214"
521215,"Krishna, Andhra Pradesh · 521215"
521225,"Krishna, Andhra Pradesh · 521225"
521226,"Krishna, Andhra Pradesh · 521226"
521227,"Krishna, Andhra Pradesh · 521227"
521228,"Krishna, Andhra Pradesh · 521228"
521229,"Krishna, Andhra Pradesh · 521229"
521230,"Krishna, Andhra Pradesh · 521230"
521235,"Krishna, Andhra Pradesh · 521235"
521241,"Krishna, Andhra Pradesh · 521241"
521245,"Krishna, Andhra Pradesh · 521245"
521246,"Krishna, Andhra Pradesh · 521246"
521247,"Krishna, Andhra Pradesh · 521247"
521250,"Krishna, Andhra Pradesh · 521250"
521256,"Krishna, Andhra Pradesh · 521256"
521260,"Krishna, Andhra Pradesh · 521260"
521261,"Krishna, Andhra Pradesh · 521261"
521263,"Krishna, Andhra Pradesh · 521263"
521286,"Krishna, Andhra Pradesh · 521286"
521301,"Krishna, Andhra Pradesh · 521301"
521311,"Krishna, Andhra Pradesh · 521311"
521312,"Krishna, Andhra Pradesh · 521312"
521321,"Krishna, Andhra Pradesh · 521321"
521322,"Krishna, Andhra Pradesh · 521322"
521323,"Krishna, Andhra Pradesh · 521323"
521324,"Krishna, Andhra Pradesh · 521324"
521325,"Krishna, Andhra Pradesh · 521325"
521326,"Krishna, Andhra Pradesh · 521326"
521327,"Krishna, Andhra Pradesh · 521327"
521328,"Krishna, Andhra Pradesh · 521328"
521329,"Krishna, Andhra Pradesh · 521329"
521330,"Krishna, Andhra Pradesh · 521330"
521331,"Krishna, Andhra Pradesh · 521331"
521332,"Krishna, Andhra Pradesh · 521332"
521333,"Krishna, Andhra Pradesh · 521333"
521340,"Krishna, Andhra Pradesh · 521340"
521343,"Krishna, Andhra Pradesh · 521343"
521344,"Krishna, Andhra Pradesh · 521344"
521345,"Krishna, Andhra Pradesh · 521345"
521356,"Krishna, Andhra Pradesh · 521356"
521366,"Krishna, Andhra Pradesh · 521366"
521369,"Krishna, Andhra Pradesh · 521369"
521390,"Krishna, Andhra Pradesh · 521390"
521401,"Krishna, Andhra Pradesh · 521401"
521402,"Krishna, Andhra Pradesh · 521402"
521403,"Krishna, Andhra Pradesh · 521403"
521456,"Krishna, Andhra Pradesh · 521456"
521457,"Krishna, Andhra Pradesh · 521457"
522001,"Guntur, Andhra Pradesh · 522001"
522002,"Guntur, Andhra Pradesh · 522002"
522003,"Guntur, Andhra Pradesh · 522003"
522004,"Guntur, Andhra Pradesh · 522004"
522005,"Guntur, Andhra Pradesh · 522005"
522006,"Guntur, Andhra Pradesh · 522006"
522007,"Guntur, Andhra Pradesh · 522007"
522009,"Guntur, Andhra Pradesh · 522009"
522015,"Guntur, Andhra Pradesh · 522015"
522016,"Guntur, Andhra Pradesh · 522016"
522017,"Guntur, Andhra Pradesh · 522017"
522018,"Guntur, Andhra Pradesh · 522018"
522019,"Guntur, Andhra Pradesh · 522019"
522020,"Guntur, Andhra Pradesh · 522020"
522034,"Guntur, Andhra Pradesh · 522034"
522101,"Guntur, Andhra Pradesh · 522101"
522102,"Guntur, Andhra Pradesh · 522102"
522111,"Guntur, Andhra Pradesh · 522111"
522112,"Guntur, Andhra Pradesh · 522112"
522113,"Guntur, Andhra Pradesh · 522113"
522124,"Guntur, Andhra Pradesh · 522124"
522201,"Guntur, Andhra Pradesh · 522201"
522202,"Guntur, Andhra Pradesh · 522202"
522211,"Guntur, Andhra Pradesh · 522211"
522212,"Guntur, Andhra Pradesh · 522212"
522213,"Guntur, Andhra Pradesh · 522213"
522233,"Guntur, Andhra Pradesh · 522233"
522234,"Guntur, Andhra Pradesh · 522234"
522235,"Guntur, Andhra Pradesh · 522235"
522236,"Guntur, Andhra Pradesh · 522236"
522237,"Guntur, Andhra Pradesh · 522237"
522256,"Guntur, Andhra Pradesh · 522256"
522257,"Guntur, Andhra Pradesh · 522257"
522258,"Guntur, Andhra Pradesh · 522258"
522259,"Guntur, Andhra Pradesh · 522259"
522261,"Guntur, Andhra Pradesh · 522261"
522262,"Guntur, Andhra Pradesh · 522262"
522264,"Guntur, Andhra Pradesh · 522264"
522265,"Guntur, Andhra Pradesh · 522265"
522268,"Guntur, Andhra Pradesh · 522268"
522301,"Guntur, Andhra Pradesh · 522301"
522302,"Guntur, Andhra Pradesh · 522302"
522303,"Guntur, Andhra Pradesh · 522303"
522304,"Guntur, Andhra Pradesh · 522304"
522305,"Guntur, Andhra Pradesh · 522305"
522306,"Guntur, Andhra Pradesh · 522306"
522308,"Guntur, Andhra Pradesh · 522308"
522309,"Guntur, Andhra Pradesh · 522309"
522310,"Guntur, Andhra Pradesh · 522310"
522311,"Guntur, Andhra Pradesh · 522311"
522312,"Guntur, Andhra Pradesh · 522312"
522313,"Guntur, Andhra Pradesh · 522313"
522314,"Guntur, Andhra Pradesh · 522314"
522315,"Guntur, Andhra Pradesh · 522315"
522316,"Guntur, Andhra Pradesh · 522316"
522317,"Guntur, Andhra Pradesh · 522317"
522318,"Guntur, Andhra Pradesh · 522318"
522324,"Guntur, Andhra Pradesh · 522324"
522325,"Guntur, Andhra Pradesh · 522325"
522329,"Guntur, Andhra Pradesh · 522329"
522330,"Guntur, Andhra Pradesh · 522330"
522341,"Guntur, Andhra Pradesh · 522341"
522401,"Guntur, Andhra Pradesh · 522401"
522402,"Guntur, Andhra Pradesh · 522402"
522403,"Guntur, Andhra Pradesh · 522403"
522408,"Guntur, Andhra Pradesh · 522408"
522409,"Guntur, Andhra Pradesh · 522409"
522410,"Guntur, Andhra Pradesh · 522410"
522411,"Guntur, Andhra Pradesh · 522411"
522412,"Guntur, Andhra Pradesh · 522412"
522413,"Guntur, Andhra Pradesh · 522413"
522414,"Guntur, Andhra Pradesh · 522414"
522415,"Guntur, Andhra Pradesh · 522415"
522421,"Guntur, Andhra Pradesh · 522421"
522426,"Guntur, Andhra Pradesh · 522426"
522435,"Guntur, Andhra Pradesh · 522435"
522436,"Guntur, Andhra Pradesh · 522436"
522437,"Guntur, Andhra Pradesh · 522437"
522438,"Guntur, Andhra Pradesh · 522438"
522439,"Guntur, Andhra Pradesh · 522439"
522501,"Guntur, Andhra Pradesh · 522501"
522502,"Guntur, Andhra Pradesh · 522502"
522503,"Guntur, Andhra Pradesh · 522503"
522508,"Guntur, Andhra Pradesh · 522508"
522509,"Guntur, Andhra Pradesh · 522509"
522510,"Guntur, Andhra Pradesh · 522510"
522529,"Guntur, Andhra Pradesh · 522529"
522549,"Guntur, Andhra Pradesh · 522549"
522601,"Guntur, Andhra Pradesh · 522601"
522603,"Guntur, Andhra Pradesh · 522603"
522611,"Guntur, Andhra Pradesh · 522611"
522612,"Guntur, Andhra Pradesh · 522612"
522613,"Guntur, Andhra Pradesh · 522613"
522614,"Guntur, Andhra Pradesh · 522614"
522615,"Guntur, Andhra Pradesh · 522615"
522616,"Guntur, Andhra Pradesh · 522616"
522617,"Guntur, Andhra Pradesh · 522617"
522619,"Guntur, Andhra Pradesh · 522619"
522626,"Guntur, Andhra Pradesh · 522626"
522646,"Guntur, Andhra Pradesh · 522646"
522647,"Guntur, Andhra Pradesh · 522647"
522649,"Guntur, Andhra Pradesh · 522649"
522657,"Guntur, Andhra Pradesh · 522657"
522658,"Guntur, Andhra Pradesh · 522658"
522659,"Guntur, Andhra Pradesh · 522659"
522660,"Guntur, Andhra Pradesh · 522660"
522661,"Guntur, Andhra Pradesh · 522661"
522663,"Guntur, Andhra Pradesh · 522663"
523001,"Prakasam, Andhra Pradesh · 523001"
523002,"Prakasam, Andhra Pradesh · 523002"
523101,"Prakasam, Andhra Pradesh · 523101"
523104,"Prakasam, Andhra Pradesh · 523104"
523105,"Prakasam, Andhra Pradesh · 523105"
523108,"Prakasam, Andhra Pradesh · 523108"
523109,"Prakasam, Andhra Pradesh · 523109"
523110,"Prakasam, Andhra Pradesh · 523110"
523111,"Prakasam, Andhra Pradesh · 523111"
523112,"Prakasam, Andhra Pradesh · 523112"
523113,"Prakasam, Andhra Pradesh · 523113"
523114,"Prakasam, Andhra Pradesh · 523114"
523115,"Prakasam, Andhra Pradesh · 523115"
523116,"Prakasam, Andhra Pradesh · 523116"
523117,"Prakasam, Andhra Pradesh · 523117"
523135,"Prakasam, Andhra Pradesh · 523135"
523155,"Prakasam, Andhra Pradesh · 523155"
523157,"Prakasam, Andhra Pradesh · 523157"
523165,"Prakasam, Andhra Pradesh · 523165"
523166,"Prakasam, Andhra Pradesh · 523166"
523167,"Prakasam, Andhra Pradesh · 523167"
523168,"Prakasam, Andhra Pradesh · 523168"
523169,"Prakasam, Andhra Pradesh · 523169"
523170,"Prakasam, Andhra Pradesh · 523170"
523171,"Prakasam, Andhra Pradesh · 523171"
523180,"Prakasam, Andhra Pradesh · 523180"
523181,"Prakasam, Andhra Pradesh · 523181"
523182,"Prakasam, Andhra Pradesh · 523182"
523183,"Prakasam, Andhra Pradesh · 523183"
523184,"Prakasam, Andhra Pradesh · 523184"
523185,"Prakasam, Andhra Pradesh · 523185"
523186,"Prakasam, Andhra Pradesh · 523186"
523187,"Prakasam, Andhra Pradesh · 523187"
523190,"Prakasam, Andhra Pradesh · 523190"
523201,"Prakasam, Andhra Pradesh · 523201"
523211,"Prakasam, Andhra Pradesh · 523211"
523212,"Prakasam, Andhra Pradesh · 523212"
523213,"Prakasam, Andhra Pradesh · 523213"
523214,"Prakasam, Andhra Pradesh · 523214"
523223,"Prakasam, Andhra Pradesh · 523223"
523224,"Prakasam, Andhra Pradesh · 523224"
523225,"Prakasam, Andhra Pradesh · 523225"
523226,"Prakasam, Andhra Pradesh · 523226"
523227,"Prakasam, Andhra Pradesh · 523227"
523228,"Prakasam, Andhra Pradesh · 523228"
523230,"Prakasam, Andhra Pradesh · 523230"
523240,"Prakasam, Andhra Pradesh · 523240"
523241,"Prakasam, Andhra Pradesh · 523241"
523245,"Prakasam, Andhra Pradesh · 523245"
523246,"Prakasam, Andhra Pradesh · 523246"
523247,"Prakasam, Andhra Pradesh · 523247"
523252,"Prakasam, Andhra Pradesh · 523252"
523253,"Prakasam, Andhra Pradesh · 523253"
523254,"Prakasam, Andhra Pradesh · 523254"
523260,"Prakasam, Andhra Pradesh · 523260"
523261,"Prakasam, Andhra Pradesh · 523261"
523263,"Prakasam, Andhra Pradesh · 523263"
523264,"Prakasam, Andhra Pradesh · 523264"
523265,"Prakasam, Andhra Pradesh · 523265"
523270,"Prakasam, Andhra Pradesh · 523270"
523271,"Prakasam, Andhra Pradesh · 523271"
523272,"Prakasam, Andhra Pradesh · 523272"
523273,"Prakasam, Andhra Pradesh · 523273"
523274,"Prakasam, Andhra Pradesh · 523274"
523279,"Prakasam, Andhra Pradesh · 523279"
523280,"Prakasam, Andhra Pradesh · 523280"
523281,"Prakasam, Andhra Pradesh · 523281"
523286,"Prakasam, Andhra Pradesh · 523286"
523291,"Prakasam, Andhra Pradesh · 523291"
523292,"Prakasam, Andhra Pradesh · 523292"
523301,"Prakasam, Andhra Pradesh · 523301"
523302,"Prakasam, Andhra Pradesh · 523302"
523303,"Prakasam, Andhra Pradesh · 523303"
523304,"Prakasam, Andhra Pradesh · 523304"
523305,"Prakasam, Andhra Pradesh · 523305"
523315,"Prakasam, Andhra Pradesh · 523315"
523316,"Prakasam, Andhra Pradesh · 523316"
523320,"Prakasam, Andhra Pradesh · 523320"
523326,"Prakasam, Andhra Pradesh · 523326"
523327,"Prakasam, Andhra Pradesh · 523327"
523328,"Prakasam, Andhra Pradesh · 523328"
523329,"Prakasam, Andhra Pradesh · 523329"
523330,"Prakasam, Andhra Pradesh · 523330"
523331,"Prakasam, Andhra Pradesh · 523331"
523332,"Prakasam, Andhra Pradesh · 523332"
523333,"Prakasam, Andhra Pradesh · 523333"
523334,"Prakasam, Andhra Pradesh · 523334"
523335,"Prakasam, Andhra Pradesh · 523335"
523336,"Prakasam, Andhra Pradesh · 523336"
523346,"Prakasam, Andhra Pradesh · 523346"
523356,"Prakasam, Andhra Pradesh · 523356"
523357,"Prakasam, Andhra Pradesh · 523357"
523367,"Prakasam, Andhra Pradesh · 523367"
523368,"Prakasam, Andhra Pradesh · 523368"
523369,"Prakasam, Andhra Pradesh · 523369"
523370,"Prakasam, Andhra Pradesh · 523370"
523371,"Prakasam, Andhra Pradesh · 523371"
523372,"Prakasam, Andhra Pradesh · 523372"
523373,"Prakasam, Andhra Pradesh · 523373"
524001,"Nellore, Andhra Pradesh · 524001"
524002,"Nellore, Andhra Pradesh · 524002"
524003,"Nellore, Andhra Pradesh · 524003"
524004,"Nellore, Andhra Pradesh · 524004"
524005,"Nellore, Andhra Pradesh · 524005"
524101,"Nellore, Andhra Pradesh · 524101"
524121,"Nellore, Andhra Pradesh · 524121"
524123,"Nellore, Andhra Pradesh · 524123"
524124,"Nellore, Andhra Pradesh · 524124"
524126,"Nellore, Andhra Pradesh · 524126"
524127,"Nellore, Andhra Pradesh · 524127"
524129,"Nellore, Andhra Pradesh · 524129"
524131,"Nellore, Andhra Pradesh · 524131"
524132,"Nellore, Andhra Pradesh · 524132"
524134,"Nellore, Andhra Pradesh · 524134"
524137,"Nellore, Andhra Pradesh · 524137"
524142,"Nellore, Andhra Pradesh · 524142"
524152,"Nellore, Andhra Pradesh · 524152"
524201,"Nellore, Andhra Pradesh · 524201"
524203,"Nellore, Andhra Pradesh · 524203"
524221,"Nellore, Andhra Pradesh · 524221"
524222,"Nellore, Andhra Pradesh · 524222"
524223,"Nellore, Andhra Pradesh · 524223"
524224,"Nellore, Andhra Pradesh · 524224"
524225,"Nellore, Andhra Pradesh · 524225"
524226,"Nellore, Andhra Pradesh · 524226"
524227,"Nellore, Andhra Pradesh · 524227"
524228,"Nellore, Andhra Pradesh · 524228"
524230,"Nellore, Andhra Pradesh · 524230"
524234,"Nellore, Andhra Pradesh · 524234"
524236,"Nellore, Andhra Pradesh · 524236"
524239,"Nellore, Andhra Pradesh · 524239"
524240,"Nellore, Andhra Pradesh · 524240"
524302,"Nellore, Andhra Pradesh · 524302"
524303,"Nellore, Andhra Pradesh · 524303"
524304,"Nellore, Andhra Pradesh · 524304"
524305,"Nellore, Andhra Pradesh · 524305"
524306,"Nellore, Andhra Pradesh · 524306"
524307,"Nellore, Andhra Pradesh · 524307"
524308,"Nellore, Andhra Pradesh · 524308"
524309,"Nellore, Andhra Pradesh · 524309"
524310,"Nellore, Andhra Pradesh · 524310"
524312,"Nellore, Andhra Pradesh · 524312"
524313,"Nellore, Andhra Pradesh · 524313"
524314,"Nellore, Andhra Pradesh · 524314"
524315,"Nellore, Andhra Pradesh · 524315"
524316,"Nellore, Andhra Pradesh · 524316"
524317,"Nellore, Andhra Pradesh · 524317"
524318,"Nellore, Andhra Pradesh · 524318"
524319,"Nellore, Andhra Pradesh · 524319"
524320,"Nellore, Andhra Pradesh · 524320"
524321,"Nellore, Andhra Pradesh · 524321"
524322,"Nellore, Andhra Pradesh · 524322"
524323,"Nellore, Andhra Pradesh · 524323"
524341,"Nellore, Andhra Pradesh · 524341"
524342,"Nellore, Andhra Pradesh · 524342"
524343,"Nellore, Andhra Pradesh · 524343"
524344,"Nellore, Andhra Pradesh · 524344"
524345,"Nellore, Andhra Pradesh · 524345"
524346,"Nellore, Andhra Pradesh · 524346"
524366,"Nellore, Andhra Pradesh · 524366"
524401,"Nellore, Andhra Pradesh · 524401"
524402,"Nellore, Andhra Pradesh · 524402"
524403,"Nellore, Andhra Pradesh · 524403"
524404,"Nellore, Andhra Pradesh · 524404"
524405,"Nellore, Andhra Pradesh · 524405"
524406,"Nellore, Andhra Pradesh · 524406"
524407,"Nellore, Andhra Pradesh · 524407"
524408,"Nellore, Andhra Pradesh · 524408"
524409,"Nellore, Andhra Pradesh · 524409"
524410,"Nellore, Andhra Pradesh · 524410"
524411,"Nellore, Andhra Pradesh · 524411"
524412,"Nellore, Andhra Pradesh · 524412"
524413,"Nellore, Andhra Pradesh · 524413"
524414,"Nellore, Andhra Pradesh · 524414"
524415,"Nellore, Andhra Pradesh · 524415"
524421,"Nellore, Andhra Pradesh · 524421"
530001,"Visakhapatnam, Andhra Pradesh · 530001"
530002,"Visakhapatnam, Andhra Pradesh · 530002"
530003,"Visakhapatnam, Andhra Pradesh · 530003"
530004,"Visakhapatnam, Andhra Pradesh · 530004"
530005,"Visakhapatnam, Andhra Pradesh · 530005"
530007,"Visakhapatnam, Andhra Pradesh · 530007"
530008,"Visakhapatnam, Andhra Pradesh · 530008"
530009,"Visakhapatnam, Andhra Pradesh · 530009"
530011,"Visakhapatnam, Andhra Pradesh · 530011"
530012,"Visakhapatnam, Andhra Pradesh · 530012"
530013,"Visakhapatnam, Andhra Pradesh · 530013"
530014,"Visakhapatnam, Andhra Pradesh · 530014"
530016,"Visakhapatnam, Andhra Pradesh · 530016"
530017,"Visakhapatnam, Andhra Pradesh · 530017"
530018,"Visakhapatnam, Andhra Pradesh · 530018"
530020,"Visakhapatnam, Andhra Pradesh · 530020"
530022,"Visakhapatnam, Andhra Pradesh · 530022"
530024,"Visakhapatnam, Andhra Pradesh · 530024"
530026,"Visakhapatnam, Andhra Pradesh · 530026"
530027,"Visakhapatnam, Andhra Pradesh · 530027"
530029,"Visakhapatnam, Andhra Pradesh · 530029"
530031,"Visakhapatnam, Andhra Pradesh · 530031"
530032,"Visakhapatnam, Andhra Pradesh · 530032"
530040,"Visakhapatnam, Andhra Pradesh · 530040"
530041,"Visakhapatnam, Andhra Pradesh · 530041"
530043,"Visakhapatnam, Andhra Pradesh · 530043"
530044,"Visakhapatnam, Andhra Pradesh · 530044"
530045,"Visakhapatnam, Andhra Pradesh · 530045"
530046,"Visakhapatnam, Andhra Pradesh · 530046"
530047,"Visakhapatnam, Andhra Pradesh · 530047"
530048,"Visakhapatnam, Andhra Pradesh · 530048"
530049,"Visakhapatnam, Andhra Pradesh · 530049"
530051,"Visakhapatnam, Andhra Pradesh · 530051"
530052,"Visakhapatnam, Andhra Pradesh · 530052"
530053,"Visakhapatnam, Andhra Pradesh · 530053"
531001,"Visakhapatnam, Andhra Pradesh · 531001"
531002,"Visakhapatnam, Andhra Pradesh · 531002"
531011,"Visakhapatnam, Andhra Pradesh · 531011"
531019,"Visakhapatnam, Andhra Pradesh · 531019"
531020,"Visakhapatnam, Andhra Pradesh · 531020"
531021,"Visakhapatnam, Andhra Pradesh · 531021"
531022,"Visakhapatnam, Andhra Pradesh · 531022"
531023,"Visakhapatnam, Andhra Pradesh · 531023"
531024,"Visakhapatnam, Andhra Pradesh · 531024"
531025,"Visakhapatnam, Andhra Pradesh · 531025"
531026,"Visakhapatnam, Andhra Pradesh · 531026"
531027,"Visakhapatnam, Andhra Pradesh · 531027"
531028,"Visakhapatnam, Andhra Pradesh · 531028"
531029,"Visakhapatnam, Andhra Pradesh · 531029"
531030,"Visakhapatnam, Andhra Pradesh · 531030"
531031,"Visakhapatnam, Andhra Pradesh · 531031"
531032,"Visakhapatnam, Andhra Pradesh · 531032"
531033,"Visakhapatnam, Andhra Pradesh · 531033"
531034,"Visakhapatnam, Andhra Pradesh · 531034"
531035,"Visakhapatnam, Andhra Pradesh · 531035"
531036,"Visakhapatnam, Andhra Pradesh · 531036"
531040,"Visakhapatnam, Andhra Pradesh · 531040"
531055,"Visakhapatnam, Andhra Pradesh · 531055"
531060,"Visakhapatnam, Andhra Pradesh · 531060"
531061,"Visakhapatnam, Andhra Pradesh · 531061"
531075,"Visakhapatnam, Andhra Pradesh · 531075"
531077,"Visakhapatnam, Andhra Pradesh · 531077"
531081,"Visakhapatnam, Andhra Pradesh · 531081"
531082,"Visakhapatnam, Andhra Pradesh · 531082"
531083,"Visakhapatnam, Andhra Pradesh · 531083"
531084,"Visakhapatnam, Andhra Pradesh · 531084"
531085,"Visakhapatnam, Andhra Pradesh · 531085"
531087,"Visakhapatnam, Andhra Pradesh · 531087"
531105,"Visakhapatnam, Andhra Pradesh · 531105"
531111,"Visakhapatnam, Andhra Pradesh · 531111"
531113,"Visakhapatnam, Andhra Pradesh · 531113"
531114,"Visakhapatnam, Andhra Pradesh · 531114"
531115,"Visakhapatnam, Andhra Pradesh · 531115"
531116,"Visakhapatnam, Andhra Pradesh · 531116"
531117,"Visakhapatnam, Andhra Pradesh · 531117"
531118,"Visakhapatnam, Andhra Pradesh · 531118"
531126,"Visakhapatnam, Andhra Pradesh · 531126"
531127,"Visakhapatnam, Andhra Pradesh · 531127"
531133,"Visakhapatnam, Andhra Pradesh · 531133"
531149,"Visakhapatnam, Andhra Pradesh · 531149"
531151,"Visakhapatnam, Andhra Pradesh · 531151"
531162,"Visakhapatnam, Andhra Pradesh · 531162"
531163,"Visakhapatnam, Andhra Pradesh · 531163"
531173,"Visakhapatnam, Andhra Pradesh · 531173"
531219,"Visakhapatnam, Andhra Pradesh · 531219"
532001,"Srikakulam, Andhra Pradesh · 532001"
532005,"Srikakulam, Andhra Pradesh · 532005"
532122,"Srikakulam, Andhra Pradesh · 532122"
532123,"Srikakulam, Andhra Pradesh · 532123"
532127,"Srikakulam, Andhra Pradesh · 532127"
532148,"Srikakulam, Andhra Pradesh · 532148"
532168,"Srikakulam, Andhra Pradesh · 532168"
532186,"Srikakulam, Andhra Pradesh · 532186"
532190,"Srikakulam, Andhra Pradesh · 532190"
532195,"Srikakulam, Andhra Pradesh · 532195"
532201,"Srikakulam, Andhra Pradesh · 532201"
532203,"Srikakulam, Andhra Pradesh · 532203"
532211,"Srikakulam, Andhra Pradesh · 532211"
532212,"Srikakulam, Andhra Pradesh · 532212"
532213,"Srikakulam, Andhra Pradesh · 532213"
532214,"Srikakulam, Andhra Pradesh · 532214"
532215,"Srikakulam, Andhra Pradesh · 532215"
532216,"Srikakulam, Andhra Pradesh · 532216"
532218,"Srikakulam, Andhra Pradesh · 532218"
532219,"Srikakulam, Andhra Pradesh · 532219"
532220,"Srikakulam, Andhra Pradesh · 532220"
532221,"Srikakulam, Andhra Pradesh · 532221"
532222,"Srikakulam, Andhra Pradesh · 532222"
532242,"Srikakulam, Andhra Pradesh · 532242"
532243,"Srikakulam, Andhra Pradesh · 532243"
532263,"Srikakulam, Andhra Pradesh · 532263"
532264,"Srikakulam, Andhra Pradesh · 532264"
532284,"Srikakulam, Andhra Pradesh · 532284"
532290,"Srikakulam, Andhra Pradesh · 532290"
532291,"Srikakulam, Andhra Pradesh · 532291"
532292,"Srikakulam, Andhra Pradesh · 532292"
532312,"Srikakulam, Andhra Pradesh · 532312"
532322,"Srikakulam, Andhra Pradesh · 532322"
532401,"Srikakulam, Andhra Pradesh · 532401"
532402,"Srikakulam, Andhra Pradesh · 532402"
532403,"Srikakulam, Andhra Pradesh · 532403"
532404,"Srikakulam, Andhra Pradesh · 532404"
532405,"Srikakulam, Andhra Pradesh · 532405"
532406,"Srikakulam, Andhra Pradesh · 532406"
532407,"Srikakulam, Andhra Pradesh · 532407"
532408,"Srikakulam, Andhra Pradesh · 532408"
532409,"Srikakulam, Andhra Pradesh · 532409"
532410,"Srikakulam, Andhra Pradesh · 532410"
532421,"Srikakulam, Andhra Pradesh · 532421"
532425,"Srikakulam, Andhra Pradesh · 532425"
532426,"Srikakulam, Andhra Pradesh · 532426"
532427,"Srikakulam, Andhra Pradesh · 532427"
532428,"Srikakulam, Andhra Pradesh · 532428"
532429,"Srikakulam, Andhra Pradesh · 532429"
532430,"Srikakulam, Andhra Pradesh · 532430"
532432,"Srikakulam, Andhra Pradesh · 532432"
532440,"Srikakulam, Andhra Pradesh · 532440"
532443,"Srikakulam, Andhra Pradesh · 532443"
532445,"Srikakulam, Andhra Pradesh · 532445"
532455,"Srikakulam, Andhra Pradesh · 532455"
532456,"Srikakulam, Andhra Pradesh · 532456"
532457,"Srikakulam, Andhra Pradesh · 532457"
532458,"Srikakulam, Andhra Pradesh · 532458"
532459,"Srikakulam, Andhra Pradesh · 532459"
532460,"Srikakulam, Andhra Pradesh · 532460"
532461,"Srikakulam, Andhra Pradesh · 532461"
532462,"Srikakulam, Andhra Pradesh · 532462"
532474,"Srikakulam, Andhra Pradesh · 532474"
532484,"Srikakulam, Andhra Pradesh · 532484"
533001,"East Godavari, Andhra Pradesh · 533001"
533002,"East Godavari, Andhra Pradesh · 533002"
533003,"East Godavari, Andhra Pradesh · 533003"
533004,"East Godavari, Andhra Pradesh · 533004"
533005,"East Godavari, Andhra Pradesh · 533005"
533006,"East Godavari, Andhra Pradesh · 533006"
533016,"East Godavari, Andhra Pradesh · 533016"
533101,"East Godavari, Andhra Pradesh · 533101"
533102,"East Godavari, Andhra Pradesh · 533102"
533103,"East Godavari, Andhra Pradesh · 533103"
533104,"East Godavari, Andhra Pradesh · 533104"
533105,"East Godavari, Andhra Pradesh · 533105"
533106,"East Godavari, Andhra Pradesh · 533106"
533107,"East Godavari, Andhra Pradesh · 533107"
533124,"East Godavari, Andhra Pradesh · 533124"
533125,"East Godavari, Andhra Pradesh · 533125"
533126,"East Godavari, Andhra Pradesh · 533126"
533201,"East Godavari, Andhra Pradesh · 533201"
533210,"East Godavari, Andhra Pradesh · 533210"
533211,"East Godavari, Andhra Pradesh · 533211"
533212,"East Godavari, Andhra Pradesh · 533212"
533213,"East Godavari, Andhra Pradesh · 533213"
533214,"East Godavari, Andhra Pradesh · 533214"
533215,"East Godavari, Andhra Pradesh · 533215"
533216,"East Godavari, Andhra Pradesh · 533216"
533217,"East Godavari, Andhra Pradesh · 533217"
533218,"East Godavari, Andhra Pradesh · 533218"
533220,"East Godavari, Andhra Pradesh · 533220"
533221,"East Godavari, Andhra Pradesh · 533221"
533222,"East Godavari, Andhra Pradesh · 533222"
533223,"East Godavari, Andhra Pradesh · 533223"
533228,"East Godavari, Andhra Pradesh · 533228"
533229,"East Godavari, Andhra Pradesh · 533229"
533232,"East Godavari, Andhra Pradesh · 533232"
533233,"East Godavari, Andhra Pradesh · 533233"
533234,"East Godavari, Andhra Pradesh · 533234"
533235,"East Godavari, Andhra Pradesh · 533235"
533236,"East Godavari, Andhra Pradesh · 533236"
533237,"East Godavari, Andhra Pradesh · 533237"
533238,"East Godavari, Andhra Pradesh · 533238"
533239,"East Godavari, Andhra Pradesh · 533239"
533240,"East Godavari, Andhra Pradesh · 533240"
533241,"East Godavari, Andhra Pradesh · 533241"
533242,"East Godavari, Andhra Pradesh · 533242"
533244,"East Godavari, Andhra Pradesh · 533244"
533247,"East Godavari, Andhra Pradesh · 533247"
533248,"East Godavari, Andhra Pradesh · 533248"
533249,"East Godavari, Andhra Pradesh · 533249"
533250,"East Godavari, Andhra Pradesh · 533250"
533251,"East Godavari, Andhra Pradesh · 533251"
533252,"East Godavari, Andhra Pradesh · 533252"
533253,"East Godavari, Andhra Pradesh · 533253"
533254,"East Godavari, Andhra Pradesh · 533254"
533255,"East Godavari, Andhra Pradesh · 533255"
533256,"East Godavari, Andhra Pradesh · 533256"
533260,"East Godavari, Andhra Pradesh · 533260"
533261,"East Godavari, Andhra Pradesh · 533261"
533262,"East Godavari, Andhra Pradesh · 533262"
533263,"East Godavari, Andhra Pradesh · 533263"
533264,"East Godavari, Andhra Pradesh · 533264"
533274,"East Godavari, Andhra Pradesh · 533274"
533284,"East Godavari, Andhra Pradesh · 533284"
533285,"East Godavari, Andhra Pradesh · 533285"
533286,"East Godavari, Andhra Pradesh · 533286"
533287,"East Godavari, Andhra Pradesh · 533287"
533288,"East Godavari, Andhra Pradesh · 533288"
533289,"East Godavari, Andhra Pradesh · 533289"
533290,"East Godavari, Andhra Pradesh · 533290"
533291,"East Godavari, Andhra Pradesh · 533291"
533292,"East Godavari, Andhra Pradesh · 533292"
533293,"East Godavari, Andhra Pradesh · 533293"
533294,"East Godavari, Andhra Pradesh · 533294"
533295,"East Godavari, Andhra Pradesh · 533295"
533296,"East Godavari, Andhra Pradesh · 533296"
533297,"East Godavari, Andhra Pradesh · 533297"
533305,"East Godavari, Andhra Pradesh · 533305"
533306,"East Godavari, Andhra Pradesh · 533306"
533307,"East Godavari, Andhra Pradesh · 533307"
533308,"East Godavari, Andhra Pradesh · 533308"
533340,"East Godavari, Andhra Pradesh · 533340"
533341,"East Godavari, Andhra Pradesh · 533341"
533342,"East Godavari, Andhra Pradesh · 533342"
533343,"East Godavari, Andhra Pradesh · 533343"
533344,"East Godavari, Andhra Pradesh · 533344"
533345,"East Godavari, Andhra Pradesh · 533345"
533346,"East Godavari, Andhra Pradesh · 533346"
533401,"East Godavari, Andhra Pradesh · 533401"
533406,"East Godavari, Andhra Pradesh · 533406"
533407,"East Godavari, Andhra Pradesh · 533407"
533408,"East Godavari, Andhra Pradesh · 533408"
533428,"East Godavari, Andhra Pradesh · 533428"
533429,"East Godavari, Andhra Pradesh · 533429"
533430,"East Godavari, Andhra Pradesh · 533430"
533431,"East Godavari, Andhra Pradesh · 533431"
533432,"East Godavari, Andhra Pradesh · 533432"
533433,"East Godavari, Andhra Pradesh · 533433"
533434,"East Godavari, Andhra Pradesh · 533434"
533435,"East Godavari, Andhra Pradesh · 533435"
533436,"East Godavari, Andhra Pradesh · 533436"
533437,"East Godavari, Andhra Pradesh · 533437"
533440,"East Godavari, Andhra Pradesh · 533440"
533444,"East Godavari, Andhra Pradesh · 533444"
533445,"East Godavari, Andhra Pradesh · 533445"
533446,"East Godavari, Andhra Pradesh · 533446"
533447,"East Godavari, Andhra Pradesh · 533447"
533448,"East Godavari, Andhra Pradesh · 533448"
533449,"East Godavari, Andhra Pradesh · 533449"
533450,"East Godavari, Andhra Pradesh · 533450"
533461,"East Godavari, Andhra Pradesh · 533461"
533462,"East Godavari, Andhra Pradesh · 533462"
533463,"East Godavari, Andhra Pradesh · 533463"
533468,"East Godavari, Andhra Pradesh · 533468"
533483,"East Godavari, Andhra Pradesh · 533483"
533577,"East Godavari, Andhra Pradesh · 533577"
534001,"West Godavari, Andhra Pradesh · 534001"
534002,"West Godavari, Andhra Pradesh · 534002"
534003,"West Godavari, Andhra Pradesh · 534003"
534004,"West Godavari, Andhra Pradesh · 534004"
534005,"West Godavari, Andhra Pradesh · 534005"
534006,"West Godavari, Andhra Pradesh · 534006"
534007,"West Godavari, Andhra Pradesh · 534007"
534101,"West Godavari, Andhra Pradesh · 534101"
534102,"West Godavari, Andhra Pradesh · 534102"
534111,"West Godavari, Andhra Pradesh · 534111"
534112,"West Godavari, Andhra Pradesh · 534112"
534122,"West Godavari, Andhra Pradesh · 534122"
534123,"West Godavari, Andhra Pradesh · 534123"
534124,"West Godavari, Andhra Pradesh · 534124"
534126,"West Godavari, Andhra Pradesh · 534126"
534134,"West Godavari, Andhra Pradesh · 534134"
534145,"West Godavari, Andhra Pradesh · 534145"
534146,"West Godavari, Andhra Pradesh · 534146"
534156,"West Godavari, Andhra Pradesh · 534156"
534165,"West Godavari, Andhra Pradesh · 534165"
534166,"West Godavari, Andhra Pradesh · 534166"
534176,"West Godavari, Andhra Pradesh · 534176"
534186,"West Godavari, Andhra Pradesh · 534186"
534195,"West Godavari, Andhra Pradesh · 534195"
534196,"West Godavari, Andhra Pradesh · 534196"
534197,"West Godavari, Andhra Pradesh · 534197"
534198,"West Godavari, Andhra Pradesh · 534198"
534199,"West Godavari, Andhra Pradesh · 534199"
534201,"West Godavari, Andhra Pradesh · 534201"
534202,"West Godavari, Andhra Pradesh · 534202"
534204,"West Godavari, Andhra Pradesh · 534204"
534206,"West Godavari, Andhra Pradesh · 534206"
534207,"West Godavari, Andhra Pradesh · 534207"
534208,"West Godavari, Andhra Pradesh · 534208"
534209,"West Godavari, Andhra Pradesh · 534209"
534210,"West Godavari, Andhra Pradesh · 534210"
534211,"West Godavari, Andhra Pradesh · 534211"
534215,"West Godavari, Andhra Pradesh · 534215"
534216,"West Godavari, Andhra Pradesh · 534216"
534217,"West Godavari, Andhra Pradesh · 534217"
534218,"West Godavari, Andhra Pradesh · 534218"
534222,"West Godavari, Andhra Pradesh · 534222"
534225,"West Godavari, Andhra Pradesh · 534225"
534227,"West Godavari, Andhra Pradesh · 534227"
534230,"West Godavari, Andhra Pradesh · 534230"
534235,"West Godavari, Andhra Pradesh · 534235"
534236,"West Godavari, Andhra Pradesh · 534236"
534237,"West Godavari, Andhra Pradesh · 534237"
534238,"West Godavari, Andhra Pradesh · 534238"
534239,"West Godavari, Andhra Pradesh · 534239"
534240,"West Godavari, Andhra Pradesh · 534240"
534243,"West Godavari, Andhra Pradesh · 534243"
534244,"West Godavari, Andhra Pradesh · 534244"
534245,"West Godavari, Andhra Pradesh · 534245"
534247,"West Godavari, Andhra Pradesh · 534247"
534250,"West Godavari, Andhra Pradesh · 534250"
534260,"West Godavari, Andhra Pradesh · 534260"
534265,"West Godavari, Andhra Pradesh · 534265"
534266,"West Godavari, Andhra Pradesh · 534266"
534267,"West Godavari, Andhra Pradesh · 534267"
534268,"West Godavari, Andhra Pradesh · 534268"
534269,"West Godavari, Andhra Pradesh · 534269"
534275,"West Godavari, Andhra Pradesh · 534275"
534280,"West Godavari, Andhra Pradesh · 534280"
534281,"West Godavari, Andhra Pradesh · 534281"
534301,"West Godavari, Andhra Pradesh · 534301"
534302,"West Godavari, Andhra Pradesh · 534302"
534305,"West Godavari, Andhra Pradesh · 534305"
534311,"West Godavari, Andhra Pradesh · 534311"
534312,"West Godavari, Andhra Pradesh · 534312"
534313,"West Godavari, Andhra Pradesh · 534313"
534315,"West Godavari, Andhra Pradesh · 534315"
534316,"West Godavari, Andhra Pradesh · 534316"
534318,"West Godavari, Andhra Pradesh · 534318"
534320,"West Godavari, Andhra Pradesh · 534320"
534324,"West Godavari, Andhra Pradesh · 534324"
534326,"West Godavari, Andhra Pradesh · 534326"
534327,"West Godavari, Andhra Pradesh · 534327"
534328,"West Godavari, Andhra Pradesh · 534328"
534329,"West Godavari, Andhra Pradesh · 534329"
534330,"West Godavari, Andhra Pradesh · 534330"
534331,"West Godavari, Andhra Pradesh · 534331"
534338,"West Godavari, Andhra Pradesh · 534338"
534340,"West Godavari, Andhra Pradesh · 534340"
534341,"West Godavari, Andhra Pradesh · 534341"
534342,"West Godavari, Andhra Pradesh · 534342"
534401,"West Godavari, Andhra Pradesh · 534401"
534406,"West Godavari, Andhra Pradesh · 534406"
534411,"West Godavari, Andhra Pradesh · 534411"
534416,"West Godavari, Andhra Pradesh · 534416"
534425,"West Godavari, Andhra Pradesh · 534425"
534426,"West Godavari, Andhra Pradesh · 534426"
534427,"West Godavari, Andhra Pradesh · 534427"
534432,"West Godavari, Andhra Pradesh · 534432"
534437,"West Godavari, Andhra Pradesh · 534437"
534442,"West Godavari, Andhra Pradesh · 534442"
534447,"West Godavari, Andhra Pradesh · 534447"
534448,"West Godavari, Andhra Pradesh · 534448"
534449,"West Godavari, Andhra Pradesh · 534449"
534450,"West Godavari, Andhra Pradesh · 534450"
534451,"West Godavari, Andhra Pradesh · 534451"
534452,"West Godavari, Andhra Pradesh · 534452"
534455,"West Godavari, Andhra Pradesh · 534455"
534456,"West Godavari, Andhra Pradesh · 534456"
534460,"West Godavari, Andhra Pradesh · 534460"
534461,"West Godavari, Andhra Pradesh · 534461"
534462,"West Godavari, Andhra Pradesh · 534462"
534467,"West Godavari, Andhra Pradesh · 534467"
534475,"West Godavari, Andhra Pradesh · 534475"
535001,"Vizianagaram, Andhra Pradesh · 535001"
535002,"Vizianagaram, Andhra Pradesh · 535002"
535003,"Vizianagaram, Andhra Pradesh · 535003"
535004,"Vizianagaram, Andhra Pradesh · 535004"
535005,"Vizianagaram, Andhra Pradesh · 535005"
535006,"Vizianagaram, Andhra Pradesh · 535006"
535101,"Vizianagaram, Andhra Pradesh · 535101"
535102,"Vizianagaram, Andhra Pradesh · 535102"
535124,"Vizianagaram, Andhra Pradesh · 535124"
535125,"Vizianagaram, Andhra Pradesh · 535125"
535126,"Vizianagaram, Andhra Pradesh · 535126"
535128,"Vizianagaram, Andhra Pradesh · 535128"
535145,"Visakhapatnam, Andhra Pradesh · 535145"
535148,"Vizianagaram, Andhra Pradesh · 535148"
535160,"Vizianagaram, Andhra Pradesh · 535160"
535161,"Vizianagaram, Andhra Pradesh · 535161"
535183,"Vizianagaram, Andhra Pradesh · 535183"
535204,"Vizianagaram, Andhra Pradesh · 535204"
535213,"Vizianagaram, Andhra Pradesh · 535213"
535214,"Vizianagaram, Andhra Pradesh · 535214"
535215,"Vizianagaram, Andhra Pradesh · 535215"
535216,"Vizianagaram, Andhra Pradesh · 535216"
535217,"Vizianagaram, Andhra Pradesh · 535217"
535218,"Vizianagaram, Andhra Pradesh · 535218"
535220,"Vizianagaram, Andhra Pradesh · 535220"
535221,"Vizianagaram, Andhra Pradesh · 535221"
535240,"Vizianagaram, Andhra Pradesh · 535240"
535250,"Vizianagaram, Andhra Pradesh · 535250"
535260,"Vizianagaram, Andhra Pradesh · 535260"
535270,"Vizianagaram, Andhra Pradesh · 535270"
535273,"Vizianagaram, Andhra Pradesh · 535273"
535280,"Vizianagaram, Andhra Pradesh · 535280"
535281,"Vizianagaram, Andhra Pradesh · 535281"
535463,"Vizianagaram, Andhra Pradesh · 535463"
535501,"Vizianagaram, Andhra Pradesh · 535501"
535502,"Vizianagaram, Andhra Pradesh · 535502"
535521,"Vizianagaram, Andhra Pradesh · 535521"
535522,"Vizianagaram, Andhra Pradesh · 535522"
535523,"Vizianagaram, Andhra Pradesh · 535523"
535524,"Vizianagaram, Andhra Pradesh · 535524"
535525,"Vizianagaram, Andhra Pradesh · 535525"
535526,"Vizianagaram, Andhra Pradesh · 535526"
535527,"Vizianagaram, Andhra Pradesh · 535527"
535534,"Vizianagaram, Andhra Pradesh · 535534"
535546,"Vizianagaram, Andhra Pradesh · 535546"
535547,"Vizianagaram, Andhra Pradesh · 535547"
535557,"Vizianagaram, Andhra Pradesh · 535557"
535558,"Vizianagaram, Andhra Pradesh · 535558"
535559,"Vizianagaram, Andhra Pradesh · 535559"
535568,"Vizianagaram, Andhra Pradesh · 535568"
535573,"Vizianagaram, Andhra Pradesh · 535573"
535578,"Vizianagaram, Andhra Pradesh · 535578"
535579,"Vizianagaram, Andhra Pradesh · 535579"
535580,"Vizianagaram, Andhra Pradesh · 535580"
535581,"Vizianagaram, Andhra Pradesh · 535581"
535591,"Vizianagaram, Andhra Pradesh · 535591"
535592,"Vizianagaram, Andhra Pradesh · 535592"
535593,"Vizianagaram, Andhra Pradesh · 535593"
535594,"Vizianagaram, Andhra Pradesh · 535594"
560005,"Bangalore, Karnataka · 560005"
560006,"Bangalore, Karnataka · 560006"
560007,"Bangalore, Karnataka · 560007"
560009,"Bangalore, Karnataka · 560009"
560010,"Bangalore, Karnataka · 560010"
560013,"Bangalore, Karnataka · 560013"
560015,"Bangalore, Karnataka · 560015"
560016,"Bangalore, Karnataka · 560016"
560018,"Bangalore, Karnataka · 560018"
560020,"Bangalore, Karnataka · 560020"
560021,"Bangalore, Karnataka · 560021"
560022,"Bangalore, Karnataka · 560022"
560023,"Bangalore, Karnataka · 560023"
560024,"Bangalore, Karnataka · 560024"
560026,"Bangalore, Karnataka · 560026"
560030,"Bangalore, Karnataka · 560030"
560033,"Bangalore, Karnataka · 560033"
560036,"Bangalore, Karnataka · 560036"
560038,"Bangalore, Karnataka · 560038"
560040,"Bangalore, Karnataka · 560040"
560041,"Bangalore, Karnataka · 560041"
560042,"Bangalore, Karnataka · 560042"
560043,"Bangalore, Karnataka · 560043"
560045,"Bangalore, Karnataka · 560045"
560048,"Bangalore, Karnataka · 560048"
560050,"Bangalore, Karnataka · 560050"
560051,"Bangalore, Karnataka · 560051"
560053,"Bangalore, Karnataka · 560053"
560054,"Bangalore, Karnataka · 560054"
560055,"Bangalore, Karnataka · 560055"
560056,"Bangalore, Karnataka · 560056"
560058,"Bangalore, Karnataka · 560058"
560059,"Bangalore, Karnataka · 560059"
560061,"Bangalore, Karnataka · 560061"
560062,"Bangalore, Karnataka · 560062"
560065,"Bangalore, Karnataka · 560065"
560067,"Bangalore, Karnataka · 560067"
560070,"Bangalore, Karnataka · 560070"
560071,"Bangalore, Karnataka · 560071"
560072,"Bangalore, Karnataka · 560072"
560073,"Bangalore, Karnataka · 560073"
560075,"Bangalore, Karnataka · 560075"
560077,"Bangalore, Karnataka · 560077"
560079,"Bangalore, Karnataka · 560079"
560080,"Bangalore, Karnataka · 560080"
560081,"Bangalore, Karnataka · 560081"
560082,"Bangalore Rural, Karnataka · 560082"
560084,"Bangalore, Karnataka · 560084"
560086,"Bangalore, Karnataka · 560086"
560087,"Bangalore, Karnataka · 560087"
560088,"Bangalore Rural, Karnataka · 560088"
560089,"Bangalore Rural, Karnataka · 560089"
560090,"Bangalore Rural, Karnataka · 560090"
560091,"Bangalore, Karnataka · 560091"
560092,"Bangalore, Karnataka · 560092"
560093,"Bangalore, Karnataka · 560093"
560094,"Bangalore, Karnataka · 560094"
560095,"Bangalore, Karnataka · 560095"
560096,"Bangalore, Karnataka · 560096"
560098,"Bangalore, Karnataka · 560098"
560100,"Bangalore, Karnataka · 560100"
560102,"Bangalore, Karnataka · 560102"
560104,"Bangalore, Karnataka · 560104"
560105,"Bangalore, Karnataka · 560105"
560107,"Bangalore Rural, Karnataka · 560107"
560108,"Bangalore, Karnataka · 560108"
560109,"Bangalore, Karnataka · 560109"
560110,"Bangalore, Karnataka · 560110"
560112,"Bangalore, Karnataka · 560112"
560300,"Bangalore, Karnataka · 560300"
561101,"Bangalore Rural, Karnataka · 561101"
561202,"Tumkur, Karnataka · 561202"
561204,"Bangalore Rural, Karnataka · 561204"
561205,"Bangalore Rural, Karnataka · 561205"
561210,"Kolar, Karnataka · 561210"
561211,"Kolar, Karnataka · 561211"
561213,"Kolar, Karnataka · 561213"
561228,"Kolar, Karnataka · 561228"
562103,"Kolar, Karnataka · 562103"
562106,"Bangalore, Karnataka · 562106"
562107,"Bangalore, Karnataka · 562107"
562111,"Bangalore Rural, Karnataka · 562111"
562114,"Bangalore Rural, Karnataka · 562114"
562122,"Bangalore Rural, Karnataka · 562122"
562125,"Bangalore, Karnataka · 562125"
562131,"Bangalore Rural, Karnataka · 562131"
562135,"Bangalore Rural, Karnataka · 562135"
562162,"Bangalore Rural, Karnataka · 562162"
562163,"Bangalore Rural, Karnataka · 562163"
562164,"Bangalore Rural, Karnataka · 562164"
563101,"Kolar, Karnataka · 563101"
563103,"Kolar, Karnataka · 563103"
563113,"Kolar, Karnataka · 563113"
563114,"Kolar, Karnataka · 563114"
563115,"Kolar, Karnataka · 563115"
563116,"Kolar, Karnataka · 563116"
563117,"Kolar, Karnataka · 563117"
563118,"Kolar, Karnataka · 563118"
563119,"Kolar, Karnataka · 563119"
563120,"Kolar, Karnataka · 563120"
563121,"Kolar, Karnataka · 563121"
563122,"Kolar, Karnataka · 563122"
563123,"Kolar, Karnataka · 563123"
563125,"Kolar, Karnataka · 563125"
563127,"Kolar, Karnataka · 563127"
563128,"Kolar, Karnataka · 563128"
563129,"Kolar, Karnataka · 563129"
563130,"Kolar, Karnataka · 563130"
563131,"Kolar, Karnataka · 563131"
563132,"Kolar, Karnataka · 563132"
563133,"Kolar, Karnataka · 563133"
563134,"Kolar, Karnataka · 563134"
563135,"Kolar, Karnataka · 563135"
563136,"Kolar, Karnataka · 563136"
563137,"Kolar, Karnataka · 563137"
563138,"Kolar, Karnataka · 563138"
563139,"Kolar, Karnataka · 563139"
563146,"Kolar, Karnataka · 563146"
563161,"Kolar, Karnataka · 563161"
563162,"Kolar, Karnataka · 563162"
570002,"Mysore, Karnataka · 570002"
570003,"Mysore, Karnataka · 570003"
570004,"Mysore, Karnataka · 570004"
570005,"Mysore, Karnataka · 570005"
570006,"Mysore, Karnataka · 570006"
570007,"Mysore, Karnataka · 570007"
570008,"Mysore, Karnataka · 570008"
570009,"Mysore, Karnataka · 570009"
570010,"Mysore, Karnataka · 570010"
570011,"Mysore, Karnataka · 570011"
570012,"Mysore, Karnataka · 570012"
570014,"Mysore, Karnataka · 570014"
570015,"Mysore, Karnataka · 570015"
570016,"Mysore, Karnataka · 570016"
570017,"Mysore, Karnataka · 570017"
570018,"Mysore, Karnataka · 570018"
570019,"Mysore, Karnataka · 570019"
570020,"Mysore, Karnataka · 570020"
570022,"Mysore, Karnataka · 570022"
570023,"Mysore, Karnataka · 570023"
570025,"Mysore, Karnataka · 570025"
570026,"Mysore, Karnataka · 570026"
570027,"Mysore, Karnataka · 570027"
570028,"Mysore, Karnataka · 570028"
570029,"Mysore, Karnataka · 570029"
570030,"Mysore, Karnataka · 570030"
570031,"Mysore, Karnataka · 570031"
571101,"Mysore, Karnataka · 571101"
571102,"Mysore, Karnataka · 571102"
571103,"Mysore, Karnataka · 571103"
571104,"Mysore, Karnataka · 571104"
571105,"Mysore, Karnataka · 571105"
571106,"Mysore, Karnataka · 571106"
571107,"Mysore, Karnataka · 571107"
571108,"Mysore, Karnataka · 571108"
571110,"Mysore, Karnataka · 571110"
571114,"Mysore, Karnataka · 571114"
571116,"Mysore, Karnataka · 571116"
571118,"Mysore, Karnataka · 571118"
571119,"Mysore, Karnataka · 571119"
571120,"Mysore, Karnataka · 571120"
571121,"Mysore, Karnataka · 571121"
571122,"Mysore, Karnataka · 571122"
571124,"Mysore, Karnataka · 571124"
571125,"Mysore, Karnataka · 571125"
571129,"Mysore, Karnataka · 571129"
571130,"Mysore, Karnataka · 571130"
571134,"Mysore, Karnataka · 571134"
571187,"Mysore, Karnataka · 571187"
571189,"Mysore, Karnataka · 571189"
571211,"Kodagu, Karnataka · 571211"
571212,"Kodagu, Karnataka · 571212"
571213,"Kodagu, Karnataka · 571213"
571214,"Kodagu, Karnataka · 571214"
571215,"Kodagu, Karnataka · 571215"
571216,"Kodagu, Karnataka · 571216"
571217,"Kodagu, Karnataka · 571217"
571218,"Kodagu, Karnataka · 571218"
571219,"Kodagu, Karnataka · 571219"
571231,"Kodagu, Karnataka · 571231"
571232,"Kodagu, Karnataka · 571232"
571234,"Kodagu, Karnataka · 571234"
571235,"Kodagu, Karnataka · 571235"
571236,"Kodagu, Karnataka · 571236"
571237,"Kodagu, Karnataka · 571237"
571247,"Kodagu, Karnataka · 571247"
571248,"Kodagu, Karnataka · 571248"
571249,"Kodagu, Karnataka · 571249"
571250,"Kodagu, Karnataka · 571250"
571251,"Kodagu, Karnataka · 571251"
571252,"Kodagu, Karnataka · 571252"
571253,"Kodagu, Karnataka · 571253"
571254,"Kodagu, Karnataka · 571254"
571301,"Mysore, Karnataka · 571301"
571302,"Mysore, Karnataka · 571302"
571311,"Mysore, Karnataka · 571311"
571312,"Mysore, Karnataka · 571312"
571314,"Mysore, Karnataka · 571314"
571315,"Mysore, Karnataka · 571315"
571401,"Mandya, Karnataka · 571401"
571402,"Mandya, Karnataka · 571402"
571403,"Mandya, Karnataka · 571403"
571404,"Mandya, Karnataka · 571404"
571405,"Mandya, Karnataka · 571405"
571415,"Mandya, Karnataka · 571415"
571416,"Mandya, Karnataka · 571416"
571417,"Mandya, Karnataka · 571417"
571418,"Mandya, Karnataka · 571418"
571419,"Mandya, Karnataka · 571419"
571421,"Mandya, Karnataka · 571421"
571422,"Mandya, Karnataka · 571422"
571423,"Mandya, Karnataka · 571423"
571424,"Mandya, Karnataka · 571424"
571425,"Mandya, Karnataka · 571425"
571426,"Mandya, Karnataka · 571426"
571427,"Mandya, Karnataka · 571427"
571428,"Mandya, Karnataka · 571428"
571429,"Mandya, Karnataka · 571429"
571430,"Mandya, Karnataka · 571430"
571431,"Mandya, Karnataka · 571431"
571432,"Mandya, Karnataka · 571432"
571433,"Mandya, Karnataka · 571433"
571434,"Mandya, Karnataka · 571434"
571435,"Mandya, Karnataka · 571435"
571436,"Mandya, Karnataka · 571436"
571438,"Mandya, Karnataka · 571438"
571445,"Mandya, Karnataka · 571445"
571446,"Mandya, Karnataka · 571446"
571448,"Mandya, Karnataka · 571448"
571450,"Mandya, Karnataka · 571450"
571455,"Mandya, Karnataka · 571455"
571463,"Mandya, Karnataka · 571463"
571475,"Mandya, Karnataka · 571475"
571476,"Mandya, Karnataka · 571476"
571477,"Mandya, Karnataka · 571477"
571478,"Mandya, Karnataka · 571478"
571601,"Mysore, Karnataka · 571601"
571602,"Mysore, Karnataka · 571602"
571603,"Mysore, Karnataka · 571603"
571604,"Mysore, Karnataka · 571604"
571605,"Mandya, Karnataka · 571605"
571606,"Mandya, Karnataka · 571606"
571607,"Mandya, Karnataka · 571607"
571610,"Mysore, Karnataka · 571610"
571617,"Mysore, Karnataka · 571617"
571802,"Mandya, Karnataka · 571802"
571807,"Mandya, Karnataka · 571807"
571811,"Mandya, Karnataka · 571811"
571812,"Mandya, Karnataka · 571812"
572101,"Tumkur, Karnataka · 572101"
572102,"Tumkur, Karnataka · 572102"
572103,"Tumkur, Karnataka · 572103"
572104,"Tumkur, Karnataka · 572104"
572105,"Tumkur, Karnataka · 572105"
572106,"Tumkur, Karnataka · 572106"
572107,"Tumkur, Karnataka · 572107"
572111,"Tumkur, Karnataka · 572111"
572112,"Tumkur, Karnataka · 572112"
572113,"Tumkur, Karnataka · 572113"
572114,"Tumkur, Karnataka · 572114"
572115,"Tumkur, Karnataka · 572115"
572116,"Tumkur, Karnataka · 572116"
572117,"Tumkur, Karnataka · 572117"
572118,"Tumkur, Karnataka · 572118"
572119,"Tumkur, Karnataka · 572119"
572120,"Tumkur, Karnataka · 572120"
572121,"Tumkur, Karnataka · 572121"
572122,"Tumkur, Karnataka · 572122"
572123,"Tumkur, Karnataka · 572123"
572124,"Tumkur, Karnataka · 572124"
572125,"Tumkur, Karnataka · 572125"
572126,"Tumkur, Karnataka · 572126"
572127,"Tumkur, Karnataka · 572127"
572129,"Tumkur, Karnataka · 572129"
572130,"Tumkur, Karnataka · 572130"
572132,"Tumkur, Karnataka · 572132"
572133,"Tumkur, Karnataka · 572133"
572134,"Tumkur, Karnataka · 572134"
572135,"Tumkur, Karnataka · 572135"
572136,"Tumkur, Karnataka · 572136"
572137,"Tumkur, Karnataka · 572137"
572138,"Tumkur, Karnataka · 572138"
572139,"Tumkur, Karnataka · 572139"
572140,"Tumkur, Karnataka · 572140"
572141,"Tumkur, Karnataka · 572141"
572142,"Tumkur, Karnataka · 572142"
572168,"Tumkur, Karnataka · 572168"
572175,"Tumkur, Karnataka · 572175"
572201,"Tumkur, Karnataka · 572201"
572211,"Tumkur, Karnataka · 572211"
572212,"Tumkur, Karnataka · 572212"
572213,"Tumkur, Karnataka · 572213"
572214,"Tumkur, Karnataka · 572214"
572215,"Tumkur, Karnataka · 572215"
572216,"Tumkur, Karnataka · 572216"
572217,"Tumkur, Karnataka · 572217"
572218,"Tumkur, Karnataka · 572218"
572219,"Tumkur, Karnataka · 572219"
572220,"Tumkur, Karnataka · 572220"
572221,"Tumkur, Karnataka · 572221"
572222,"Tumkur, Karnataka · 572222"
572223,"Tumkur, Karnataka · 572223"
572224,"Tumkur, Karnataka · 572224"
572225,"Tumkur, Karnataka · 572225"
572226,"Tumkur, Karnataka · 572226"
572227,"Tumkur, Karnataka · 572227"
572228,"Tumkur, Karnataka · 572228"
573101,"Hassan, Karnataka · 573101"
573102,"Hassan, Karnataka · 573102"
573103,"Hassan, Karnataka · 573103"
573111,"Hassan, Karnataka · 573111"
573112,"Hassan, Karnataka · 573112"
573113,"Hassan, Karnataka · 573113"
573115,"Hassan, Karnataka · 573115"
573116,"Hassan, Karnataka · 573116"
573117,"Hassan, Karnataka · 573117"
573119,"Hassan, Karnataka · 573119"
573120,"Hassan, Karnataka · 573120"
573121,"Hassan, Karnataka · 573121"
573122,"Hassan, Karnataka · 573122"
573123,"Hassan, Karnataka · 573123"
573124,"Hassan, Karnataka · 573124"
573125,"Hassan, Karnataka · 573125"
573126,"Hassan, Karnataka · 573126"
573127,"Hassan, Karnataka · 573127"
573128,"Hassan, Karnataka · 573128"
573129,"Hassan, Karnataka · 573129"
573130,"Hassan, Karnataka · 573130"
573131,"Hassan, Karnataka · 573131"
573133,"Hassan, Karnataka · 573133"
573134,"Hassan, Karnataka · 573134"
573135,"Hassan, Karnataka · 573135"
573136,"Hassan, Karnataka · 573136"
573137,"Hassan, Karnataka · 573137"
573141,"Hassan, Karnataka · 573141"
573142,"Hassan, Karnataka · 573142"
573144,"Hassan, Karnataka · 573144"
573162,"Hassan, Karnataka · 573162"
573164,"Hassan, Karnataka · 573164"
573165,"Hassan, Karnataka · 573165"
573201,"Hassan, Karnataka · 573201"
573202,"Hassan, Karnataka · 573202"
573210,"Hassan, Karnataka · 573210"
573211,"Hassan, Karnataka · 573211"
573212,"Hassan, Karnataka · 573212"
573213,"Hassan, Karnataka · 573213"
573214,"Hassan, Karnataka · 573214"
573215,"Hassan, Karnataka · 573215"
573216,"Hassan, Karnataka · 573216"
573217,"Hassan, Karnataka · 573217"
573218,"Hassan, Karnataka · 573218"
573219,"Hassan, Karnataka · 573219"
573220,"Hassan, Karnataka · 573220"
573225,"Hassan, Karnataka · 573225"
574101,"Udupi, Karnataka · 574101"
574102,"Udupi, Karnataka · 574102"
574103,"Udupi, Karnataka · 574103"
574104,"Udupi, Karnataka · 574104"
574105,"Udupi, Karnataka · 574105"
574106,"Udupi, Karnataka · 574106"
574107,"Udupi, Karnataka · 574107"
574108,"Udupi, Karnataka · 574108"
574109,"Dakshina Kannada, Karnataka · 574109"
574110,"Udupi, Karnataka · 574110"
574111,"Udupi, Karnataka · 574111"
574112,"Udupi, Karnataka · 574112"
574113,"Udupi, Karnataka · 574113"
574114,"Udupi, Karnataka · 574114"
574115,"Udupi, Karnataka · 574115"
574116,"Udupi, Karnataka · 574116"
574117,"Udupi, Karnataka · 574117"
574118,"Udupi, Karnataka · 574118"
574119,"Udupi, Karnataka · 574119"
574122,"Udupi, Karnataka · 574122"
574129,"Udupi, Karnataka · 574129"
574141,"Dakshina Kannada, Karnataka · 574141"
574142,"Dakshina Kannada, Karnataka · 574142"
574143,"Dakshina Kannada, Karnataka · 574143"
574144,"Dakshina Kannada, Karnataka · 574144"
574145,"Dakshina Kannada, Karnataka · 574145"
574146,"Dakshina Kannada, Karnataka · 574146"
574148,"Dakshina Kannada, Karnataka · 574148"
574150,"Dakshina Kannada, Karnataka · 574150"
574151,"Dakshina Kannada, Karnataka · 574151"
574153,"Dakshina Kannada, Karnataka · 574153"
574154,"Dakshina Kannada, Karnataka · 574154"
574197,"Dakshina Kannada, Karnataka · 574197"
574198,"Dakshina Kannada, Karnataka · 574198"
574199,"Dakshina Kannada, Karnataka · 574199"
574201,"Dakshina Kannada, Karnataka · 574201"
574202,"Dakshina Kannada, Karnataka · 574202"
574203,"Dakshina Kannada, Karnataka · 574203"
574210,"Dakshina Kannada, Karnataka · 574210"
574211,"Dakshina Kannada, Karnataka · 574211"
574212,"Dakshina Kannada, Karnataka · 574212"
574213,"Dakshina Kannada, Karnataka · 574213"
574214,"Dakshina Kannada, Karnataka · 574214"
574216,"Dakshina Kannada, Karnataka · 574216"
574217,"Dakshina Kannada, Karnataka · 574217"
574218,"Dakshina Kannada, Karnataka · 574218"
574219,"Dakshina Kannada, Karnataka · 574219"
574221,"Dakshina Kannada, Karnataka · 574221"
574222,"Dakshina Kannada, Karnataka · 574222"
574223,"Dakshina Kannada, Karnataka · 574223"
574224,"Dakshina Kannada, Karnataka · 574224"
574225,"Dakshina Kannada, Karnataka · 574225"
574226,"Dakshina Kannada, Karnataka · 574226"
574227,"Dakshina Kannada, Karnataka · 574227"
574228,"Dakshina Kannada, Karnataka · 574228"
574229,"Dakshina Kannada, Karnataka · 574229"
574230,"Dakshina Kannada, Karnataka · 574230"
574231,"Dakshina Kannada, Karnataka · 574231"
574232,"Dakshina Kannada, Karnataka · 574232"
574233,"Dakshina Kannada, Karnataka · 574233"
574234,"Dakshina Kannada, Karnataka · 574234"
574235,"Dakshina Kannada, Karnataka · 574235"
574236,"Dakshina Kannada, Karnataka · 574236"
574237,"Dakshina Kannada, Karnataka · 574237"
574238,"Dakshina Kannada, Karnataka · 574238"
574239,"Dakshina Kannada, Karnataka · 574239"
574240,"Dakshina Kannada, Karnataka · 574240"
574241,"Dakshina Kannada, Karnataka · 574241"
574242,"Dakshina Kannada, Karnataka · 574242"
574243,"Dakshina Kannada, Karnataka · 574243"
574244,"Udupi, Karnataka · 574244"
574248,"Dakshina Kannada, Karnataka · 574248"
574253,"Dakshina Kannada, Karnataka · 574253"
574259,"Dakshina Kannada, Karnataka · 574259"
574260,"Dakshina Kannada, Karnataka · 574260"
574265,"Dakshina Kannada, Karnataka · 574265"
574267,"Dakshina Kannada, Karnataka · 574267"
574274,"Dakshina Kannada, Karnataka · 574274"
574279,"Dakshina Kannada, Karnataka · 574279"
574285,"Dakshina Kannada, Karnataka · 574285"
574313,"Dakshina Kannada, Karnataka · 574313"
574314,"Dakshina Kannada, Karnataka · 574314"
574323,"Dakshina Kannada, Karnataka · 574323"
574324,"Dakshina Kannada, Karnataka · 574324"
574325,"Dakshina Kannada, Karnataka · 574325"
574326,"Dakshina Kannada, Karnataka · 574326"
574327,"Dakshina Kannada, Karnataka · 574327"
574328,"Dakshina Kannada, Karnataka · 574328"
574509,"Dakshina Kannada, Karnataka · 574509"
575001,"Dakshina Kannada, Karnataka · 575001"
575002,"Dakshina Kannada, Karnataka · 575002"
575003,"Dakshina Kannada, Karnataka · 575003"
575004,"Dakshina Kannada, Karnataka · 575004"
575005,"Dakshina Kannada, Karnataka · 575005"
575006,"Dakshina Kannada, Karnataka · 575006"
575007,"Dakshina Kannada, Karnataka · 575007"
575008,"Dakshina Kannada, Karnataka · 575008"
575010,"Dakshina Kannada, Karnataka · 575010"
575011,"Dakshina Kannada, Karnataka · 575011"
575013,"Dakshina Kannada, Karnataka · 575013"
575014,"Dakshina Kannada, Karnataka · 575014"
575015,"Dakshina Kannada, Karnataka · 575015"
575016,"Dakshina Kannada, Karnataka · 575016"
575017,"Dakshina Kannada, Karnataka · 575017"
575018,"Dakshina Kannada, Karnataka · 575018"
575019,"Dakshina Kannada, Karnataka · 575019"
575020,"Dakshina Kannada, Karnataka · 575020"
575022,"Dakshina Kannada, Karnataka · 575022"
575023,"Dakshina Kannada, Karnataka · 575023"
575025,"Dakshina Kannada, Karnataka · 575025"
575028,"Dakshina Kannada, Karnataka · 575028"
575029,"Dakshina Kannada, Karnataka · 575029"
575030,"Dakshina Kannada, Karnataka · 575030"
576101,"Udupi, Karnataka · 576101"
576102,"Udupi, Karnataka · 576102"
576103,"Udupi, Karnataka · 576103"
576104,"Udupi, Karnataka · 576104"
576105,"Udupi, Karnataka · 576105"
576106,"Udupi, Karnataka · 576106"
576107,"Udupi, Karnataka · 576107"
576108,"Udupi, Karnataka · 576108"
576111,"Udupi, Karnataka · 576111"
576112,"Udupi, Karnataka · 576112"
576113,"Udupi, Karnataka · 576113"
576114,"Udupi, Karnataka · 576114"
576115,"Udupi, Karnataka · 576115"
576117,"Udupi, Karnataka · 576117"
576120,"Udupi, Karnataka · 576120"
576121,"Udupi, Karnataka · 576121"
576122,"Udupi, Karnataka · 576122"
576201,"Udupi, Karnataka · 576201"
576210,"Udupi, Karnataka · 576210"
576211,"Udupi, Karnataka · 576211"
576212,"Udupi, Karnataka · 576212"
576213,"Udupi, Karnataka · 576213"
576214,"Udupi, Karnataka · 576214"
576215,"Udupi, Karnataka · 576215"
576216,"Udupi, Karnataka · 576216"
576217,"Udupi, Karnataka · 576217"
576218,"Udupi, Karnataka · 576218"
576219,"Udupi, Karnataka · 576219"
576220,"Udupi, Karnataka · 576220"
576221,"Udupi, Karnataka · 576221"
576222,"Udupi, Karnataka · 576222"
576223,"Udupi, Karnataka · 576223"
576224,"Udupi, Karnataka · 576224"
576225,"Udupi, Karnataka · 576225"
576226,"Udupi, Karnataka · 576226"
576227,"Udupi, Karnataka · 576227"
576228,"Udupi, Karnataka · 576228"
576229,"Udupi, Karnataka · 576229"
576230,"Udupi, Karnataka · 576230"
576231,"Udupi, Karnataka · 576231"
576232,"Udupi, Karnataka · 576232"
576233,"Udupi, Karnataka · 576233"
576234,"Udupi, Karnataka · 576234"
576235,"Udupi, Karnataka · 576235"
576247,"Udupi, Karnataka · 576247"
576257,"Udupi, Karnataka · 576257"
576282,"Udupi, Karnataka · 576282"
576283,"Udupi, Karnataka · 576283"
577115,"Shimoga, Karnataka · 577115"
577201,"Shimoga, Karnataka · 577201"
577202,"Shimoga, Karnataka · 577202"
577203,"Shimoga, Karnataka · 577203"
577204,"Shimoga, Karnataka · 577204"
577205,"Shimoga, Karnataka · 577205"
577211,"Shimoga, Karnataka · 577211"
577214,"Shimoga, Karnataka · 577214"
577216,"Shimoga, Karnataka · 577216"
577220,"Shimoga, Karnataka · 577220"
577222,"Shimoga, Karnataka · 577222"
577226,"Shimoga, Karnataka · 577226"
577227,"Shimoga, Karnataka · 577227"
577229,"Shimoga, Karnataka · 577229"
577232,"Shimoga, Karnataka · 577232"
577233,"Shimoga, Karnataka · 577233"
577243,"Shimoga, Karnataka · 577243"
577245,"Shimoga, Karnataka · 577245"
577301,"Shimoga, Karnataka · 577301"
577302,"Shimoga, Karnataka · 577302"
577401,"Shimoga, Karnataka · 577401"
577411,"Shimoga, Karnataka · 577411"
577412,"Shimoga, Karnataka · 577412"
577413,"Shimoga, Karnataka · 577413"
577414,"Shimoga, Karnataka · 577414"
577415,"Shimoga, Karnataka · 577415"
577416,"Shimoga, Karnataka · 577416"
577417,"Shimoga, Karnataka · 577417"
577418,"Shimoga, Karnataka · 577418"
577419,"Shimoga, Karnataka · 577419"
577421,"Shimoga, Karnataka · 577421"
577422,"Shimoga, Karnataka · 577422"
577423,"Shimoga, Karnataka · 577423"
577424,"Shimoga, Karnataka · 577424"
577425,"Shimoga, Karnataka · 577425"
577426,"Shimoga, Karnataka · 577426"
577427,"Shimoga, Karnataka · 577427"
577428,"Shimoga, Karnataka · 577428"
577429,"Shimoga, Karnataka · 577429"
577430,"Shimoga, Karnataka · 577430"
577431,"Shimoga, Karnataka · 577431"
577432,"Shimoga, Karnataka · 577432"
577433,"Shimoga, Karnataka · 577433"
577434,"Shimoga, Karnataka · 577434"
577435,"Shimoga, Karnataka · 577435"
577436,"Shimoga, Karnataka · 577436"
577451,"Shimoga, Karnataka · 577451"
577452,"Shimoga, Karnataka · 577452"
577453,"Shimoga, Karnataka · 577453"
577501,"Chitradurga, Karnataka · 577501"
577502,"Chitradurga, Karnataka · 577502"
577511,"Chitradurga, Karnataka · 577511"
577515,"Chitradurga, Karnataka · 577515"
577517,"Chitradurga, Karnataka · 577517"
577518,"Chitradurga, Karnataka · 577518"
577519,"Chitradurga, Karnataka · 577519"
577520,"Chitradurga, Karnataka · 577520"
577521,"Chitradurga, Karnataka · 577521"
577522,"Chitradurga, Karnataka · 577522"
577523,"Chitradurga, Karnataka · 577523"
577524,"Chitradurga, Karnataka · 577524"
577526,"Chitradurga, Karnataka · 577526"
577527,"Chitradurga, Karnataka · 577527"
577529,"Chitradurga, Karnataka · 577529"
577531,"Chitradurga, Karnataka · 577531"
577532,"Chitradurga, Karnataka · 577532"
577533,"Chitradurga, Karnataka · 577533"
577535,"Chitradurga, Karnataka · 577535"
577536,"Chitradurga, Karnataka · 577536"
577537,"Chitradurga, Karnataka · 577537"
577538,"Chitradurga, Karnataka · 577538"
577539,"Chitradurga, Karnataka · 577539"
577540,"Chitradurga, Karnataka · 577540"
577541,"Chitradurga, Karnataka · 577541"
577542,"Chitradurga, Karnataka · 577542"
577543,"Chitradurga, Karnataka · 577543"
577545,"Chitradurga, Karnataka · 577545"
577546,"Chitradurga, Karnataka · 577546"
577554,"Chitradurga, Karnataka · 577554"
577555,"Chitradurga, Karnataka · 577555"
577557,"Chitradurga, Karnataka · 577557"
577558,"Chitradurga, Karnataka · 577558"
577596,"Chitradurga, Karnataka · 577596"
577597,"Chitradurga, Karnataka · 577597"
577598,"Chitradurga, Karnataka · 577598"
577599,"Chitradurga, Karnataka · 577599"
580001,"Dharwad, Karnataka · 580001"
580002,"Dharwad, Karnataka · 580002"
580003,"Dharwad, Karnataka · 580003"
580004,"Dharwad, Karnataka · 580004"
580005,"Dharwad, Karnataka · 580005"
580006,"Dharwad, Karnataka · 580006"
580007,"Dharwad, Karnataka · 580007"
580008,"Dharwad, Karnataka · 580008"
580009,"Dharwad, Karnataka · 580009"
580011,"Dharwad, Karnataka · 580011"
580021,"Dharwad, Karnataka · 580021"
580023,"Dharwad, Karnataka · 580023"
580024,"Dharwad, Karnataka · 580024"
580025,"Dharwad, Karnataka · 580025"
580026,"Dharwad, Karnataka · 580026"
580028,"Dharwad, Karnataka · 580028"
580029,"Dharwad, Karnataka · 580029"
580030,"Dharwad, Karnataka · 580030"
580031,"Dharwad, Karnataka · 580031"
580032,"Dharwad, Karnataka · 580032"
580112,"Dharwad, Karnataka · 580112"
580114,"Dharwad, Karnataka · 580114"
580118,"Dharwad, Karnataka · 580118"
581101,"Haveri, Karnataka · 581101"
581102,"Haveri, Karnataka · 581102"
581103,"Dharwad, Karnataka · 581103"
581104,"Haveri, Karnataka · 581104"
581105,"Dharwad, Karnataka · 581105"
581106,"Haveri, Karnataka · 581106"
581107,"Dharwad, Karnataka · 581107"
581108,"Haveri, Karnataka · 581108"
581109,"Haveri, Karnataka · 581109"
581110,"Haveri, Karnataka · 581110"
581111,"Haveri, Karnataka · 581111"
581112,"Haveri, Karnataka · 581112"
581113,"Dharwad, Karnataka · 581113"
581115,"Haveri, Karnataka · 581115"
581116,"Haveri, Karnataka · 581116"
581117,"Dharwad, Karnataka · 581117"
581118,"Haveri, Karnataka · 581118"
581119,"Haveri, Karnataka · 581119"
581120,"Haveri, Karnataka · 581120"
581121,"Uttara Kannada, Karnataka · 581121"
581123,"Haveri, Karnataka · 581123"
581126,"Haveri, Karnataka · 581126"
581128,"Haveri, Karnataka · 581128"
581129,"Uttara Kannada, Karnataka · 581129"
581145,"Haveri, Karnataka · 581145"
581148,"Haveri, Karnataka · 581148"
581186,"Uttara Kannada, Karnataka · 581186"
581187,"Uttara Kannada, Karnataka · 581187"
581193,"Haveri, Karnataka · 581193"
581195,"Dharwad, Karnataka · 581195"
581196,"Dharwad, Karnataka · 581196"
581198,"Haveri, Karnataka · 581198"
581201,"Dharwad, Karnataka · 581201"
581202,"Haveri, Karnataka · 581202"
581203,"Haveri, Karnataka · 581203"
581204,"Dharwad, Karnataka · 581204"
581205,"Haveri, Karnataka · 581205"
581206,"Dharwad, Karnataka · 581206"
581207,"Dharwad, Karnataka · 581207"
581208,"Haveri, Karnataka · 581208"
581209,"Dharwad, Karnataka · 581209"
581210,"Haveri, Karnataka · 581210"
581211,"Haveri, Karnataka · 581211"
581212,"Haveri, Karnataka · 581212"
581213,"Haveri, Karnataka · 581213"
581301,"Uttara Kannada, Karnataka · 581301"
581302,"Uttara Kannada, Karnataka · 581302"
581303,"Uttara Kannada, Karnataka · 581303"
581304,"Uttara Kannada, Karnataka · 581304"
581306,"Uttara Kannada, Karnataka · 581306"
581307,"Uttara Kannada, Karnataka · 581307"
581308,"Uttara Kannada, Karnataka · 581308"
581314,"Uttara Kannada, Karnataka · 581314"
581315,"Uttara Kannada, Karnataka · 581315"
581316,"Uttara Kannada, Karnataka · 581316"
581317,"Uttara Kannada, Karnataka · 581317"
581318,"Uttara Kannada, Karnataka · 581318"
581319,"Uttara Kannada, Karnataka · 581319"
581320,"Uttara Kannada, Karnataka · 581320"
581321,"Uttara Kannada, Karnataka · 581321"
581322,"Uttara Kannada, Karnataka · 581322"
581323,"Uttara Kannada, Karnataka · 581323"
581324,"Uttara Kannada, Karnataka · 581324"
581325,"Uttara Kannada, Karnataka · 581325"
581326,"Uttara Kannada, Karnataka · 581326"
581327,"Uttara Kannada, Karnataka · 581327"
581328,"Uttara Kannada, Karnataka · 581328"
581329,"Uttara Kannada, Karnataka · 581329"
581330,"Uttara Kannada, Karnataka · 581330"
581331,"Uttara Kannada, Karnataka · 581331"
581332,"Uttara Kannada, Karnataka · 581332"
581333,"Uttara Kannada, Karnataka · 581333"
581334,"Uttara Kannada, Karnataka · 581334"
581335,"Uttara Kannada, Karnataka · 581335"
581336,"Uttara Kannada, Karnataka · 581336"
581337,"Uttara Kannada, Karnataka · 581337"
581338,"Uttara Kannada, Karnataka · 581338"
581339,"Uttara Kannada, Karnataka · 581339"
581340,"Uttara Kannada, Karnataka · 581340"
581341,"Uttara Kannada, Karnataka · 581341"
581342,"Uttara Kannada, Karnataka · 581342"
581343,"Uttara Kannada, Karnataka · 581343"
581344,"Uttara Kannada, Karnataka · 581344"
581345,"Uttara Kannada, Karnataka · 581345"
581346,"Uttara Kannada, Karnataka · 581346"
581347,"Uttara Kannada, Karnataka · 581347"
581348,"Uttara Kannada, Karnataka · 581348"
581349,"Uttara Kannada, Karnataka · 581349"
581350,"Uttara Kannada, Karnataka · 581350"
581351,"Uttara Kannada, Karnataka · 581351"
581352,"Uttara Kannada, Karnataka · 581352"
581353,"Uttara Kannada, Karnataka · 581353"
581354,"Uttara Kannada, Karnataka · 581354"
581355,"Uttara Kannada, Karnataka · 581355"
581356,"Uttara Kannada, Karnataka · 581356"
581357,"Uttara Kannada, Karnataka · 581357"
581358,"Uttara Kannada, Karnataka · 581358"
581359,"Uttara Kannada, Karnataka · 581359"
581360,"Uttara Kannada, Karnataka · 581360"
581361,"Uttara Kannada, Karnataka · 581361"
581362,"Uttara Kannada, Karnataka · 581362"
581363,"Uttara Kannada, Karnataka · 581363"
581365,"Uttara Kannada, Karnataka · 581365"
581384,"Uttara Kannada, Karnataka · 581384"
581396,"Uttara Kannada, Karnataka · 581396"
581400,"Uttara Kannada, Karnataka · 581400"
581401,"Uttara Kannada, Karnataka · 581401"
581402,"Uttara Kannada, Karnataka · 581402"
581403,"Uttara Kannada, Karnataka · 581403"
581411,"Uttara Kannada, Karnataka · 581411"
581412,"Uttara Kannada, Karnataka · 581412"
581421,"Uttara Kannada, Karnataka · 581421"
581423,"Uttara Kannada, Karnataka · 581423"
581440,"Uttara Kannada, Karnataka · 581440"
581450,"Uttara Kannada, Karnataka · 581450"
581453,"Uttara Kannada, Karnataka · 581453"
582101,"Gadag, Karnataka · 582101"
582103,"Gadag, Karnataka · 582103"
582111,"Gadag, Karnataka · 582111"
582112,"Gadag, Karnataka · 582112"
582113,"Gadag, Karnataka · 582113"
582114,"Gadag, Karnataka · 582114"
582115,"Gadag, Karnataka · 582115"
582116,"Gadag, Karnataka · 582116"
582117,"Gadag, Karnataka · 582117"
582118,"Gadag, Karnataka · 582118"
582119,"Gadag, Karnataka · 582119"
582120,"Gadag, Karnataka · 582120"
582201,"Dharwad, Karnataka · 582201"
582202,"Gadag, Karnataka · 582202"
582203,"Gadag, Karnataka · 582203"
582204,"Gadag, Karnataka · 582204"
582205,"Gadag, Karnataka · 582205"
582206,"Gadag, Karnataka · 582206"
582207,"Gadag, Karnataka · 582207"
582208,"Dharwad, Karnataka · 582208"
582209,"Gadag, Karnataka · 582209"
582210,"Gadag, Karnataka · 582210"
582211,"Gadag, Karnataka · 582211"
583101,"Bellary, Karnataka · 583101"
583102,"Bellary, Karnataka · 583102"
583104,"Bellary, Karnataka · 583104"
583111,"Bellary, Karnataka · 583111"
583112,"Bellary, Karnataka · 583112"
583113,"Bellary, Karnataka · 583113"
583114,"Bellary, Karnataka · 583114"
583115,"Bellary, Karnataka · 583115"
583116,"Bellary, Karnataka · 583116"
583117,"Bellary, Karnataka · 583117"
583118,"Bellary, Karnataka · 583118"
583119,"Bellary, Karnataka · 583119"
583120,"Bellary, Karnataka · 583120"
583121,"Bellary, Karnataka · 583121"
583122,"Bellary, Karnataka · 583122"
583123,"Bellary, Karnataka · 583123"
583124,"Bellary, Karnataka · 583124"
583126,"Bellary, Karnataka · 583126"
583128,"Bellary, Karnataka · 583128"
583129,"Bellary, Karnataka · 583129"
583130,"Bellary, Karnataka · 583130"
583132,"Bellary, Karnataka · 583132"
583134,"Bellary, Karnataka · 583134"
583135,"Bellary, Karnataka · 583135"
583136,"Bellary, Karnataka · 583136"
583152,"Bellary, Karnataka · 583152"
583201,"Bellary, Karnataka · 583201"
583203,"Bellary, Karnataka · 583203"
583211,"Bellary, Karnataka · 583211"
583212,"Bellary, Karnataka · 583212"
583214,"Bellary, Karnataka · 583214"
583215,"Bellary, Karnataka · 583215"
583216,"Bellary, Karnataka · 583216"
583217,"Bellary, Karnataka · 583217"
583218,"Bellary, Karnataka · 583218"
583219,"Bellary, Karnataka · 583219"
583220,"Bellary, Karnataka · 583220"
583221,"Bellary, Karnataka · 583221"
583222,"Bellary, Karnataka · 583222"
583223,"Bellary, Karnataka · 583223"
583224,"Bellary, Karnataka · 583224"
583225,"Bellary, Karnataka · 583225"
583226,"Koppal, Karnataka · 583226"
583227,"Koppal, Karnataka · 583227"
583228,"Koppal, Karnataka · 583228"
583229,"Koppal, Karnataka · 583229"
583230,"Koppal, Karnataka · 583230"
583231,"Koppal, Karnataka · 583231"
583232,"Koppal, Karnataka · 583232"
583233,"Gadag, Karnataka · 583233"
583234,"Koppal, Karnataka · 583234"
583235,"Koppal, Karnataka · 583235"
583236,"Koppal, Karnataka · 583236"
583237,"Koppal, Karnataka · 583237"
583238,"Koppal, Karnataka · 583238"
583239,"Bellary, Karnataka · 583239"
583268,"Koppal, Karnataka · 583268"
583275,"Bellary, Karnataka · 583275"
583276,"Bellary, Karnataka · 583276"
583277,"Koppal, Karnataka · 583277"
583278,"Koppal, Karnataka · 583278"
583279,"Koppal, Karnataka · 583279"
583280,"Koppal, Karnataka · 583280"
583281,"Koppal, Karnataka · 583281"
583282,"Koppal, Karnataka · 583282"
583283,"Koppal, Karnataka · 583283"
584101,"Raichur, Karnataka · 584101"
584102,"Raichur, Karnataka · 584102"
584103,"Raichur, Karnataka · 584103"
584104,"Raichur, Karnataka · 584104"
584111,"Raichur, Karnataka · 584111"
584113,"Raichur, Karnataka · 584113"
584115,"Raichur, Karnataka · 584115"
584116,"Raichur, Karnataka · 584116"
584118,"Raichur, Karnataka · 584118"
584120,"Raichur, Karnataka · 584120"
584122,"Raichur, Karnataka · 584122"
584123,"Raichur, Karnataka · 584123"
584124,"Raichur, Karnataka · 584124"
584125,"Raichur, Karnataka · 584125"
584126,"Raichur, Karnataka · 584126"
584127,"Raichur, Karnataka · 584127"
584128,"Raichur, Karnataka · 584128"
584129,"Raichur, Karnataka · 584129"
584132,"Raichur, Karnataka · 584132"
584133,"Raichur, Karnataka · 584133"
584134,"Raichur, Karnataka · 584134"
584135,"Raichur, Karnataka · 584135"
584136,"Raichur, Karnataka · 584136"
584138,"Raichur, Karnataka · 584138"
584139,"Raichur, Karnataka · 584139"
584140,"Raichur, Karnataka · 584140"
584143,"Raichur, Karnataka · 584143"
584167,"Raichur, Karnataka · 584167"
584170,"Raichur, Karnataka · 584170"
584202,"Raichur, Karnataka · 584202"
584203,"Raichur, Karnataka · 584203"
585101,"Gulbarga, Karnataka · 585101"
585102,"Gulbarga, Karnataka · 585102"
585103,"Gulbarga, Karnataka · 585103"
585104,"Gulbarga, Karnataka · 585104"
585105,"Gulbarga, Karnataka · 585105"
585106,"Gulbarga, Karnataka · 585106"
585201,"Yadgir, Karnataka · 585201"
585202,"Yadgir, Karnataka · 585202"
585210,"Gulbarga, Karnataka · 585210"
585211,"Gulbarga, Karnataka · 585211"
585212,"Gulbarga, Karnataka · 585212"
585213,"Gulbarga, Karnataka · 585213"
585214,"Yadgir, Karnataka · 585214"
585215,"Yadgir, Karnataka · 585215"
585216,"Yadgir, Karnataka · 585216"
585217,"Gulbarga, Karnataka · 585217"
585218,"Gulbarga, Karnataka · 585218"
585219,"Yadgir, Karnataka · 585219"
585220,"Yadgir, Karnataka · 585220"
585221,"Yadgir, Karnataka · 585221"
585222,"Gulbarga, Karnataka · 585222"
585223,"Yadgir, Karnataka · 585223"
585224,"Yadgir, Karnataka · 585224"
585225,"Gulbarga, Karnataka · 585225"
585226,"Bidar, Karnataka · 585226"
585227,"Bidar, Karnataka · 585227"
585228,"Gulbarga, Karnataka · 585228"
585236,"Gulbarga, Karnataka · 585236"
585237,"Yadgir, Karnataka · 585237"
585265,"Gulbarga, Karnataka · 585265"
585287,"Yadgir, Karnataka · 585287"
585290,"Yadgir, Karnataka · 585290"
585291,"Yadgir, Karnataka · 585291"
585292,"Gulbarga, Karnataka · 585292"
585301,"Gulbarga, Karnataka · 585301"
585302,"Gulbarga, Karnataka · 585302"
585303,"Gulbarga, Karnataka · 585303"
585304,"Yadgir, Karnataka · 585304"
585305,"Gulbarga, Karnataka · 585305"
585306,"Gulbarga, Karnataka · 585306"
585307,"Gulbarga, Karnataka · 585307"
585308,"Gulbarga, Karnataka · 585308"
585309,"Yadgir, Karnataka · 585309"
585310,"Gulbarga, Karnataka · 585310"
585311,"Gulbarga, Karnataka · 585311"
585312,"Gulbarga, Karnataka · 585312"
585313,"Gulbarga, Karnataka · 585313"
585314,"Gulbarga, Karnataka · 585314"
585315,"Yadgir, Karnataka · 585315"
585316,"Gulbarga, Karnataka · 585316"
585317,"Gulbarga, Karnataka · 585317"
585318,"Gulbarga, Karnataka · 585318"
585319,"Yadgir, Karnataka · 585319"
585320,"Gulbarga, Karnataka · 585320"
585321,"Yadgir, Karnataka · 585321"
585322,"Gulbarga, Karnataka · 585322"
585324,"Gulbarga, Karnataka · 585324"
585325,"Gulbarga, Karnataka · 585325"
585326,"Bidar, Karnataka · 585326"
585327,"Bidar, Karnataka · 585327"
585328,"Bidar, Karnataka · 585328"
585329,"Bidar, Karnataka · 585329"
585330,"Bidar, Karnataka · 585330"
585331,"Bidar, Karnataka · 585331"
585353,"Bidar, Karnataka · 585353"
585355,"Yadgir, Karnataka · 585355"
585367,"Gulbarga, Karnataka · 585367"
585401,"Bidar, Karnataka · 585401"
585402,"Bidar, Karnataka · 585402"
585403,"Bidar, Karnataka · 585403"
585411,"Bidar, Karnataka · 585411"
585412,"Bidar, Karnataka · 585412"
585413,"Bidar, Karnataka · 585413"
585414,"Bidar, Karnataka · 585414"
585416,"Bidar, Karnataka · 585416"
585417,"Bidar, Karnataka · 585417"
585418,"Bidar, Karnataka · 585418"
585419,"Bidar, Karnataka · 585419"
585421,"Bidar, Karnataka · 585421"
585436,"Bidar, Karnataka · 585436"
585437,"Bidar, Karnataka · 585437"
585443,"Bidar, Karnataka · 585443"
585444,"Bidar, Karnataka · 585444"
586103,"Bijapur, Karnataka · 586103"
586104,"Bijapur, Karnataka · 586104"
586108,"Bijapur, Karnataka · 586108"
586109,"Bijapur, Karnataka · 586109"
586111,"Bijapur, Karnataka · 586111"
586112,"Bijapur, Karnataka · 586112"
586113,"Bijapur, Karnataka · 586113"
586114,"Bijapur, Karnataka · 586114"
586115,"Bijapur, Karnataka · 586115"
586116,"Bijapur, Karnataka · 586116"
586117,"Bijapur, Karnataka · 586117"
586118,"Bijapur, Karnataka · 586118"
586119,"Bijapur, Karnataka · 586119"
586120,"Bijapur, Karnataka · 586120"
586121,"Bijapur, Karnataka · 586121"
586122,"Bijapur, Karnataka · 586122"
586123,"Bijapur, Karnataka · 586123"
586124,"Bijapur, Karnataka · 586124"
586125,"Bijapur, Karnataka · 586125"
586128,"Bijapur, Karnataka · 586128"
586129,"Bijapur, Karnataka · 586129"
586130,"Bijapur, Karnataka · 586130"
586201,"Bijapur, Karnataka · 586201"
586202,"Bijapur, Karnataka · 586202"
586203,"Bijapur, Karnataka · 586203"
586204,"Bijapur, Karnataka · 586204"
586205,"Bijapur, Karnataka · 586205"
586206,"Bijapur, Karnataka · 586206"
586207,"Bijapur, Karnataka · 586207"
586208,"Bijapur, Karnataka · 586208"
586209,"Bijapur, Karnataka · 586209"
586210,"Bijapur, Karnataka · 586210"
586211,"Bijapur, Karnataka · 586211"
586212,"Bijapur, Karnataka · 586212"
586213,"Bijapur, Karnataka · 586213"
586214,"Bijapur, Karnataka · 586214"
586215,"Bijapur, Karnataka · 586215"
586216,"Bijapur, Karnataka · 586216"
586217,"Bijapur, Karnataka · 586217"
587101,"Bagalkot, Karnataka · 587101"
587102,"Bagalkot, Karnataka · 587102"
587103,"Bagalkot, Karnataka · 587103"
587104,"Bagalkot, Karnataka · 587104"
587111,"Bagalkot, Karnataka · 587111"
587112,"Bagalkot, Karnataka · 587112"
587113,"Bagalkot, Karnataka · 587113"
587114,"Bagalkot, Karnataka · 587114"
587115,"Bagalkot, Karnataka · 587115"
587116,"Bagalkot, Karnataka · 587116"
587117,"Bagalkot, Karnataka · 587117"
587118,"Bagalkot, Karnataka · 587118"
587119,"Bagalkot, Karnataka · 587119"
587120,"Bagalkot, Karnataka · 587120"
587121,"Bagalkot, Karnataka · 587121"
587122,"Bagalkot, Karnataka · 587122"
587124,"Bagalkot, Karnataka · 587124"
587125,"Bagalkot, Karnataka · 587125"
587154,"Bagalkot, Karnataka · 587154"
587155,"Bagalkot, Karnataka · 587155"
587201,"Bagalkot, Karnataka · 587201"
587202,"Bagalkot, Karnataka · 587202"
587203,"Bagalkot, Karnataka · 587203"
587204,"Bagalkot, Karnataka · 587204"
587205,"Bagalkot, Karnataka · 587205"
587206,"Bagalkot, Karnataka · 587206"
587207,"Bagalkot, Karnataka · 587207"
587301,"Bagalkot, Karnataka · 587301"
587311,"Bagalkot, Karnataka · 587311"
587312,"Bagalkot, Karnataka · 587312"
587313,"Bagalkot, Karnataka · 587313"
587314,"Bagalkot, Karnataka · 587314"
587315,"Bagalkot, Karnataka · 587315"
587316,"Bagalkot, Karnataka · 587316"
587330,"Bagalkot, Karnataka · 587330"
590003,"Belgaum, Karnataka · 590003"
590005,"Belgaum, Karnataka · 590005"
590006,"Belgaum, Karnataka · 590006"
590008,"Belgaum, Karnataka · 590008"
590009,"Belgaum, Karnataka · 590009"
590010,"Belgaum, Karnataka · 590010"
590011,"Belgaum, Karnataka · 590011"
590014,"Belgaum, Karnataka · 590014"
590015,"Belgaum, Karnataka · 590015"
590016,"Belgaum, Karnataka · 590016"
590017,"Belgaum, Karnataka · 590017"
590018,"Belgaum, Karnataka · 590018"
590019,"Belgaum, Karnataka · 590019"
590020,"Belgaum, Karnataka · 590020"
591101,"Belgaum, Karnataka · 591101"
591102,"Belgaum, Karnataka · 591102"
591103,"Belgaum, Karnataka · 591103"
591104,"Belgaum, Karnataka · 591104"
591106,"Belgaum, Karnataka · 591106"
591107,"Belgaum, Karnataka · 591107"
591108,"Belgaum, Karnataka · 591108"
591109,"Belgaum, Karnataka · 591109"
591110,"Belgaum, Karnataka · 591110"
591111,"Belgaum, Karnataka · 591111"
591112,"Belgaum, Karnataka · 591112"
591113,"Belgaum, Karnataka · 591113"
591114,"Belgaum, Karnataka · 591114"
591115,"Belgaum, Karnataka · 591115"
591117,"Belgaum, Karnataka · 591117"
591118,"Belgaum, Karnataka · 591118"
591119,"Belgaum, Karnataka · 591119"
591120,"Belgaum, Karnataka · 591120"
591121,"Belgaum, Karnataka · 591121"
591122,"Belgaum, Karnataka · 591122"
591123,"Belgaum, Karnataka · 591123"
591124,"Belgaum, Karnataka · 591124"
591125,"Belgaum, Karnataka · 591125"
591126,"Belgaum, Karnataka · 591126"
591127,"Belgaum, Karnataka · 591127"
591128,"Belgaum, Karnataka · 591128"
591129,"Belgaum, Karnataka · 591129"
591130,"Belgaum, Karnataka · 591130"
591131,"Belgaum, Karnataka · 591131"
591136,"Belgaum, Karnataka · 591136"
591143,"Belgaum, Karnataka · 591143"
591147,"Belgaum, Karnataka · 591147"
591153,"Belgaum, Karnataka · 591153"
591156,"Belgaum, Karnataka · 591156"
591173,"Belgaum, Karnataka · 591173"
591201,"Belgaum, Karnataka · 591201"
591211,"Belgaum, Karnataka · 591211"
591212,"Belgaum, Karnataka · 591212"
591213,"Belgaum, Karnataka · 591213"
591214,"Belgaum, Karnataka · 591214"
591215,"Belgaum, Karnataka · 591215"
591216,"Belgaum, Karnataka · 591216"
591217,"Belgaum, Karnataka · 591217"
591218,"Belgaum, Karnataka · 591218"
591219,"Belgaum, Karnataka · 591219"
591220,"Belgaum, Karnataka · 591220"
591221,"Belgaum, Karnataka · 591221"
591222,"Belgaum, Karnataka · 591222"
591223,"Belgaum, Karnataka · 591223"
591224,"Belgaum, Karnataka · 591224"
591225,"Belgaum, Karnataka · 591225"
591226,"Belgaum, Karnataka · 591226"
591227,"Belgaum, Karnataka · 591227"
591228,"Belgaum, Karnataka · 591228"
591229,"Belgaum, Karnataka · 591229"
591230,"Belgaum, Karnataka · 591230"
591231,"Belgaum, Karnataka · 591231"
591232,"Belgaum, Karnataka · 591232"
591233,"Belgaum, Karnataka · 591233"
591234,"Belgaum, Karnataka · 591234"
591235,"Belgaum, Karnataka · 591235"
591236,"Belgaum, Karnataka · 591236"
591237,"Belgaum, Karnataka · 591237"
591238,"Belgaum, Karnataka · 591238"
591239,"Belgaum, Karnataka · 591239"
591240,"Belgaum, Karnataka · 591240"
591241,"Belgaum, Karnataka · 591241"
591242,"Belgaum, Karnataka · 591242"
591243,"Belgaum, Karnataka · 591243"
591244,"Belgaum, Karnataka · 591244"
591246,"Belgaum, Karnataka · 591246"
591247,"Belgaum, Karnataka · 591247"
591248,"Belgaum, Karnataka · 591248"
591254,"Belgaum, Karnataka · 591254"
591263,"Belgaum, Karnataka · 591263"
591265,"Belgaum, Karnataka · 591265"
591287,"Belgaum, Karnataka · 591287"
591301,"Belgaum, Karnataka · 591301"
591302,"Belgaum, Karnataka · 591302"
591303,"Belgaum, Karnataka · 591303"
591304,"Belgaum, Karnataka · 591304"
591305,"Belgaum, Karnataka · 591305"
591306,"Belgaum, Karnataka · 591306"
591307,"Belgaum, Karnataka · 591307"
591308,"Belgaum, Karnataka · 591308"
591309,"Belgaum, Karnataka · 591309"
591310,"Belgaum, Karnataka · 591310"
591311,"Belgaum, Karnataka · 591311"
591312,"Belgaum, Karnataka · 591312"
591313,"Belgaum, Karnataka · 591313"
591314,"Belgaum, Karnataka · 591314"
591315,"Belgaum, Karnataka · 591315"
591316,"Belgaum, Karnataka · 591316"
591317,"Belgaum, Karnataka · 591317"
591340,"Belgaum, Karnataka · 591340"
591344,"Belgaum, Karnataka · 591344"
591345,"Belgaum, Karnataka · 591345"
591346,"Belgaum, Karnataka · 591346"
600001,"Chennai, Tamil Nadu · 600001"
600002,"Chennai, Tamil Nadu · 600002"
600003,"Chennai, Tamil Nadu · 600003"
600004,"Chennai, Tamil Nadu · 600004"
600005,"Chennai, Tamil Nadu · 600005"
600006,"Chennai, Tamil Nadu · 600006"
600007,"Chennai, Tamil Nadu · 600007"
600008,"Chennai, Tamil Nadu · 600008"
600009,"Chennai, Tamil Nadu · 600009"
600010,"Chennai, Tamil Nadu · 600010"
600011,"Chennai, Tamil Nadu · 600011"
600012,"Chennai, Tamil Nadu · 600012"
600013,"Chennai, Tamil Nadu · 600013"
600014,"Chennai, Tamil Nadu · 600014"
600015,"Chennai, Tamil Nadu · 600015"
600017,"Chennai, Tamil Nadu · 600017"
600018,"Chennai, Tamil Nadu · 600018"
600020,"Chennai, Tamil Nadu · 600020"
600021,"Chennai, Tamil Nadu · 600021"
600022,"Chennai, Tamil Nadu · 600022"
600023,"Chennai, Tamil Nadu · 600023"
600024,"Chennai, Tamil Nadu · 600024"
600025,"Chennai, Tamil Nadu · 600025"
600026,"Chennai, Tamil Nadu · 600026"
600028,"Chennai, Tamil Nadu · 600028"
600030,"Chennai, Tamil Nadu · 600030"
600031,"Chennai, Tamil Nadu · 600031"
600032,"Chennai, Tamil Nadu · 600032"
600033,"Chennai, Tamil Nadu · 600033"
600034,"Chennai, Tamil Nadu · 600034"
600035,"Chennai, Tamil Nadu · 600035"
600036,"Chennai, Tamil Nadu · 600036"
600038,"Chennai, Tamil Nadu · 600038"
600039,"Chennai, Tamil Nadu · 600039"
600040,"Chennai, Tamil Nadu · 600040"
600041,"Chennai, Tamil Nadu · 600041"
600042,"Chennai, Tamil Nadu · 600042"
600078,"Chennai, Tamil Nadu · 600078"
600081,"Chennai, Tamil Nadu · 600081"
600082,"Chennai, Tamil Nadu · 600082"
600083,"Chennai, Tamil Nadu · 600083"
600084,"Chennai, Tamil Nadu · 600084"
600085,"Chennai, Tamil Nadu · 600085"
600086,"Chennai, Tamil Nadu · 600086"
600090,"Chennai, Tamil Nadu · 600090"
600092,"Chennai, Tamil Nadu · 600092"
600093,"Chennai, Tamil Nadu · 600093"
600094,"Chennai, Tamil Nadu · 600094"
600101,"Chennai, Tamil Nadu · 600101"
600102,"Chennai, Tamil Nadu · 600102"
600104,"Chennai, Tamil Nadu · 600104"
600106,"Chennai, Tamil Nadu · 600106"
600107,"Chennai, Tamil Nadu · 600107"
600113,"Chennai, Tamil Nadu · 600113"
600118,"Chennai, Tamil Nadu · 600118"
604401,"Tiruvannamalai, Tamil Nadu · 604401"
604402,"Tiruvannamalai, Tamil Nadu · 604402"
604403,"Tiruvannamalai, Tamil Nadu · 604403"
604404,"Tiruvannamalai, Tamil Nadu · 604404"
604405,"Tiruvannamalai, Tamil Nadu · 604405"
604406,"Tiruvannamalai, Tamil Nadu · 604406"
604407,"Tiruvannamalai, Tamil Nadu · 604407"
604408,"Tiruvannamalai, Tamil Nadu · 604408"
604409,"Tiruvannamalai, Tamil Nadu · 604409"
604410,"Tiruvannamalai, Tamil Nadu · 604410"
604501,"Tiruvannamalai, Tamil Nadu · 604501"
604502,"Tiruvannamalai, Tamil Nadu · 604502"
604503,"Tiruvannamalai, Tamil Nadu · 604503"
604504,"Tiruvannamalai, Tamil Nadu · 604504"
604505,"Tiruvannamalai, Tamil Nadu · 604505"
604601,"Tiruvannamalai, Tamil Nadu · 604601"
606003,"Cuddalore, Tamil Nadu · 606003"
606103,"Cuddalore, Tamil Nadu · 606103"
606104,"Cuddalore, Tamil Nadu · 606104"
606105,"Cuddalore, Tamil Nadu · 606105"
606106,"Cuddalore, Tamil Nadu · 606106"
606108,"Cuddalore, Tamil Nadu · 606108"
606110,"Cuddalore, Tamil Nadu · 606110"
606111,"Cuddalore, Tamil Nadu · 606111"
606302,"Cuddalore, Tamil Nadu · 606302"
606303,"Cuddalore, Tamil Nadu · 606303"
606304,"Cuddalore, Tamil Nadu · 606304"
606601,"Tiruvannamalai, Tamil Nadu · 606601"
606603,"Tiruvannamalai, Tamil Nadu · 606603"
606604,"Tiruvannamalai, Tamil Nadu · 606604"
606611,"Tiruvannamalai, Tamil Nadu · 606611"
606701,"Tiruvannamalai, Tamil Nadu · 606701"
606702,"Tiruvannamalai, Tamil Nadu · 606702"
606703,"Tiruvannamalai, Tamil Nadu · 606703"
606704,"Tiruvannamalai, Tamil Nadu · 606704"
606705,"Tiruvannamalai, Tamil Nadu · 606705"
606706,"Tiruvannamalai, Tamil Nadu · 606706"
606707,"Tiruvannamalai, Tamil Nadu · 606707"
606708,"Tiruvannamalai, Tamil Nadu · 606708"
606709,"Tiruvannamalai, Tamil Nadu · 606709"
606710,"Tiruvannamalai, Tamil Nadu · 606710"
606751,"Tiruvannamalai, Tamil Nadu · 606751"
606752,"Tiruvannamalai, Tamil Nadu · 606752"
606753,"Tiruvannamalai, Tamil Nadu · 606753"
606754,"Tiruvannamalai, Tamil Nadu · 606754"
606755,"Tiruvannamalai, Tamil Nadu · 606755"
606801,"Tiruvannamalai, Tamil Nadu · 606801"
606802,"Tiruvannamalai, Tamil Nadu · 606802"
606803,"Tiruvannamalai, Tamil Nadu · 606803"
606804,"Tiruvannamalai, Tamil Nadu · 606804"
606805,"Tiruvannamalai, Tamil Nadu · 606805"
606806,"Tiruvannamalai, Tamil Nadu · 606806"
606807,"Tiruvannamalai, Tamil Nadu · 606807"
606808,"Tiruvannamalai, Tamil Nadu · 606808"
606811,"Tiruvannamalai, Tamil Nadu · 606811"
606901,"Tiruvannamalai, Tamil Nadu · 606901"
606902,"Tiruvannamalai, Tamil Nadu · 606902"
606903,"Tiruvannamalai, Tamil Nadu · 606903"
606904,"Tiruvannamalai, Tamil Nadu · 606904"
606905,"Tiruvannamalai, Tamil Nadu · 606905"
606906,"Tiruvannamalai, Tamil Nadu · 606906"
606907,"Tiruvannamalai, Tamil Nadu · 606907"
606908,"Tiruvannamalai, Tamil Nadu · 606908"
607001,"Cuddalore, Tamil Nadu · 607001"
607002,"Cuddalore, Tamil Nadu · 607002"
607003,"Cuddalore, Tamil Nadu · 607003"
607004,"Cuddalore, Tamil Nadu · 607004"
607005,"Cuddalore, Tamil Nadu · 607005"
607006,"Cuddalore, Tamil Nadu · 607006"
607101,"Cuddalore, Tamil Nadu · 607101"
607102,"Cuddalore, Tamil Nadu · 607102"
607103,"Cuddalore, Tamil Nadu · 607103"
607104,"Cuddalore, Tamil Nadu · 607104"
607105,"Cuddalore, Tamil Nadu · 607105"
607106,"Cuddalore, Tamil Nadu · 607106"
607108,"Cuddalore, Tamil Nadu · 607108"
607109,"Cuddalore, Tamil Nadu · 607109"
607112,"Cuddalore, Tamil Nadu · 607112"
607205,"Cuddalore, Tamil Nadu · 607205"
607301,"Cuddalore, Tamil Nadu · 607301"
607302,"Cuddalore, Tamil Nadu · 607302"
607303,"Cuddalore, Tamil Nadu · 607303"
607308,"Cuddalore, Tamil Nadu · 607308"
607401,"Cuddalore, Tamil Nadu · 607401"
607801,"Cuddalore, Tamil Nadu · 607801"
607802,"Cuddalore, Tamil Nadu · 607802"
607803,"Cuddalore, Tamil Nadu · 607803"
607804,"Cuddalore, Tamil Nadu · 607804"
607805,"Cuddalore, Tamil Nadu · 607805"
607807,"Cuddalore, Tamil Nadu · 607807"
608001,"Cuddalore, Tamil Nadu · 608001"
608002,"Cuddalore, Tamil Nadu · 608002"
608102,"Cuddalore, Tamil Nadu · 608102"
608201,"Cuddalore, Tamil Nadu · 608201"
608301,"Cuddalore, Tamil Nadu · 608301"
608302,"Cuddalore, Tamil Nadu · 608302"
608303,"Cuddalore, Tamil Nadu · 608303"
608304,"Cuddalore, Tamil Nadu · 608304"
608305,"Cuddalore, Tamil Nadu · 608305"
608306,"Cuddalore, Tamil Nadu · 608306"
608401,"Cuddalore, Tamil Nadu · 608401"
608501,"Cuddalore, Tamil Nadu · 608501"
608502,"Cuddalore, Tamil Nadu · 608502"
608601,"Cuddalore, Tamil Nadu · 608601"
608602,"Cuddalore, Tamil Nadu · 608602"
608701,"Cuddalore, Tamil Nadu · 608701"
608702,"Cuddalore, Tamil Nadu · 608702"
608703,"Cuddalore, Tamil Nadu · 608703"
608704,"Cuddalore, Tamil Nadu · 608704"
608801,"Cuddalore, Tamil Nadu · 608801"
608901,"Ariyalur, Tamil Nadu · 608901"
609001,"Nagapattinam, Tamil Nadu · 609001"
609003,"Nagapattinam, Tamil Nadu · 609003"
609101,"Nagapattinam, Tamil Nadu · 609101"
609102,"Nagapattinam, Tamil Nadu · 609102"
609103,"Nagapattinam, Tamil Nadu · 609103"
609104,"Nagapattinam, Tamil Nadu · 609104"
609105,"Nagapattinam, Tamil Nadu · 609105"
609106,"Nagapattinam, Tamil Nadu · 609106"
609107,"Nagapattinam, Tamil Nadu · 609107"
609108,"Nagapattinam, Tamil Nadu · 609108"
609109,"Nagapattinam, Tamil Nadu · 609109"
609110,"Nagapattinam, Tamil Nadu · 609110"
609111,"Nagapattinam, Tamil Nadu · 609111"
609112,"Nagapattinam, Tamil Nadu · 609112"
609113,"Nagapattinam, Tamil Nadu · 609113"
609114,"Nagapattinam, Tamil Nadu · 609114"
609115,"Nagapattinam, Tamil Nadu · 609115"
609116,"Nagapattinam, Tamil Nadu · 609116"
609117,"Nagapattinam, Tamil Nadu · 609117"
609118,"Nagapattinam, Tamil Nadu · 609118"
609201,"Nagapattinam, Tamil Nadu · 609201"
609202,"Nagapattinam, Tamil Nadu · 609202"
609203,"Nagapattinam, Tamil Nadu · 609203"
609204,"Nagapattinam, Tamil Nadu · 609204"
609205,"Nagapattinam, Tamil Nadu · 609205"
609301,"Nagapattinam, Tamil Nadu · 609301"
609302,"Nagapattinam, Tamil Nadu · 609302"
609303,"Nagapattinam, Tamil Nadu · 609303"
609304,"Nagapattinam, Tamil Nadu · 609304"
609305,"Nagapattinam, Tamil Nadu · 609305"
609306,"Nagapattinam, Tamil Nadu · 609306"
609307,"Nagapattinam, Tamil Nadu · 609307"
609308,"Nagapattinam, Tamil Nadu · 609308"
609309,"Nagapattinam, Tamil Nadu · 609309"
609310,"Nagapattinam, Tamil Nadu · 609310"
609311,"Nagapattinam, Tamil Nadu · 609311"
609312,"Nagapattinam, Tamil Nadu · 609312"
609313,"Nagapattinam, Tamil Nadu · 609313"
609314,"Nagapattinam, Tamil Nadu · 609314"
609401,"Nagapattinam, Tamil Nadu · 609401"
609402,"Nagapattinam, Tamil Nadu · 609402"
609404,"Nagapattinam, Tamil Nadu · 609404"
609701,"Nagapattinam, Tamil Nadu · 609701"
609702,"Nagapattinam, Tamil Nadu · 609702"
609703,"Nagapattinam, Tamil Nadu · 609703"
609704,"Nagapattinam, Tamil Nadu · 609704"
609801,"Nagapattinam, Tamil Nadu · 609801"
609802,"Thanjavur, Tamil Nadu · 609802"
609803,"Nagapattinam, Tamil Nadu · 609803"
609804,"Thanjavur, Tamil Nadu · 609804"
609805,"Nagapattinam, Tamil Nadu · 609805"
609806,"Nagapattinam, Tamil Nadu · 609806"
609807,"Thanjavur, Tamil Nadu · 609807"
609808,"Nagapattinam, Tamil Nadu · 609808"
609810,"Nagapattinam, Tamil Nadu · 609810"
609811,"Nagapattinam, Tamil Nadu · 609811"
610201,"Nagapattinam, Tamil Nadu · 610201"
610204,"Nagapattinam, Tamil Nadu · 610204"
610207,"Nagapattinam, Tamil Nadu · 610207"
611001,"Nagapattinam, Tamil Nadu · 611001"
611002,"Nagapattinam, Tamil Nadu · 611002"
611003,"Nagapattinam, Tamil Nadu · 611003"
611102,"Nagapattinam, Tamil Nadu · 611102"
611103,"Nagapattinam, Tamil Nadu · 611103"
611104,"Nagapattinam, Tamil Nadu · 611104"
611105,"Nagapattinam, Tamil Nadu · 611105"
611106,"Nagapattinam, Tamil Nadu · 611106"
611108,"Nagapattinam, Tamil Nadu · 611108"
611109,"Nagapattinam, Tamil Nadu · 611109"
611110,"Nagapattinam, Tamil Nadu · 611110"
611111,"Nagapattinam, Tamil Nadu · 611111"
611112,"Nagapattinam, Tamil Nadu · 611112"
612001,"Thanjavur, Tamil Nadu · 612001"
612002,"Thanjavur, Tamil Nadu · 612002"
612101,"Thanjavur, Tamil Nadu · 612101"
612102,"Thanjavur, Tamil Nadu · 612102"
612103,"Thanjavur, Tamil Nadu · 612103"
612104,"Thanjavur, Tamil Nadu · 612104"
612105,"Thanjavur, Tamil Nadu · 612105"
612106,"Thanjavur, Tamil Nadu · 612106"
612201,"Nagapattinam, Tamil Nadu · 612201"
612202,"Thanjavur, Tamil Nadu · 612202"
612203,"Nagapattinam, Tamil Nadu · 612203"
612204,"Thanjavur, Tamil Nadu · 612204"
612301,"Thanjavur, Tamil Nadu · 612301"
612302,"Thanjavur, Tamil Nadu · 612302"
612303,"Thanjavur, Tamil Nadu · 612303"
612401,"Thanjavur, Tamil Nadu · 612401"
612402,"Thanjavur, Tamil Nadu · 612402"
612501,"Thanjavur, Tamil Nadu · 612501"
612502,"Thanjavur, Tamil Nadu · 612502"
612503,"Thanjavur, Tamil Nadu · 612503"
612504,"Thanjavur, Tamil Nadu · 612504"
612602,"Thanjavur, Tamil Nadu · 612602"
612605,"Thanjavur, Tamil Nadu · 612605"
612702,"Thanjavur, Tamil Nadu · 612702"
612703,"Thanjavur, Tamil Nadu · 612703"
612901,"Ariyalur, Tamil Nadu · 612901"
612902,"Ariyalur, Tamil Nadu · 612902"
612903,"Ariyalur, Tamil Nadu · 612903"
612904,"Ariyalur, Tamil Nadu · 612904"
613001,"Thanjavur, Tamil Nadu · 613001"
613002,"Thanjavur, Tamil Nadu · 613002"
613003,"Thanjavur, Tamil Nadu · 613003"
613004,"Thanjavur, Tamil Nadu · 613004"
613005,"Thanjavur, Tamil Nadu · 613005"
613006,"Thanjavur, Tamil Nadu · 613006"
613007,"Thanjavur, Tamil Nadu · 613007"
613009,"Thanjavur, Tamil Nadu · 613009"
613010,"Thanjavur, Tamil Nadu · 613010"
613101,"Thanjavur, Tamil Nadu · 613101"
613102,"Thanjavur, Tamil Nadu · 613102"
613103,"Thanjavur, Tamil Nadu · 613103"
613104,"Thanjavur, Tamil Nadu · 613104"
613105,"Thanjavur, Tamil Nadu · 613105"
613201,"Thanjavur, Tamil Nadu · 613201"
613202,"Thanjavur, Tamil Nadu · 613202"
613203,"Thanjavur, Tamil Nadu · 613203"
613204,"Thanjavur, Tamil Nadu · 613204"
613205,"Thanjavur, Tamil Nadu · 613205"
613301,"Pudukkottai, Tamil Nadu · 613301"
613303,"Thanjavur, Tamil Nadu · 613303"
613401,"Thanjavur, Tamil Nadu · 613401"
613402,"Thanjavur, Tamil Nadu · 613402"
613403,"Thanjavur, Tamil Nadu · 613403"
613501,"Thanjavur, Tamil Nadu · 613501"
613502,"Thanjavur, Tamil Nadu · 613502"
613503,"Thanjavur, Tamil Nadu · 613503"
613504,"Thanjavur, Tamil Nadu · 613504"
613601,"Thanjavur, Tamil Nadu · 613601"
613602,"Thanjavur, Tamil Nadu · 613602"
613702,"Nagapattinam, Tamil Nadu · 613702"
614019,"Thanjavur, Tamil Nadu · 614019"
614201,"Thanjavur, Tamil Nadu · 614201"
614202,"Thanjavur, Tamil Nadu · 614202"
614203,"Thanjavur, Tamil Nadu · 614203"
614204,"Thanjavur, Tamil Nadu · 614204"
614205,"Thanjavur, Tamil Nadu · 614205"
614206,"Thanjavur, Tamil Nadu · 614206"
614207,"Thanjavur, Tamil Nadu · 614207"
614208,"Thanjavur, Tamil Nadu · 614208"
614210,"Thanjavur, Tamil Nadu · 614210"
614211,"Thanjavur, Tamil Nadu · 614211"
614301,"Thanjavur, Tamil Nadu · 614301"
614302,"Thanjavur, Tamil Nadu · 614302"
614303,"Thanjavur, Tamil Nadu · 614303"
614401,"Thanjavur, Tamil Nadu · 614401"
614402,"Thanjavur, Tamil Nadu · 614402"
614601,"Thanjavur, Tamil Nadu · 614601"
614602,"Thanjavur, Tamil Nadu · 614602"
614612,"Thanjavur, Tamil Nadu · 614612"
614613,"Thanjavur, Tamil Nadu · 614613"
614614,"Thanjavur, Tamil Nadu · 614614"
614615,"Thanjavur, Tamil Nadu · 614615"
614616,"Pudukkottai, Tamil Nadu · 614616"
614617,"Pudukkottai, Tamil Nadu · 614617"
614618,"Pudukkottai, Tamil Nadu · 614618"
614619,"Pudukkottai, Tamil Nadu · 614619"
614620,"Pudukkottai, Tamil Nadu · 614620"
614621,"Pudukkottai, Tamil Nadu · 614621"
614622,"Pudukkottai, Tamil Nadu · 614622"
614623,"Thanjavur, Tamil Nadu · 614623"
614624,"Pudukkottai, Tamil Nadu · 614624"
614625,"Thanjavur, Tamil Nadu · 614625"
614626,"Thanjavur, Tamil Nadu · 614626"
614628,"Thanjavur, Tamil Nadu · 614628"
614629,"Pudukkottai, Tamil Nadu · 614629"
614630,"Pudukkottai, Tamil Nadu · 614630"
614701,"Thanjavur, Tamil Nadu · 614701"
614707,"Nagapattinam, Tamil Nadu · 614707"
614711,"Nagapattinam, Tamil Nadu · 614711"
614714,"Nagapattinam, Tamil Nadu · 614714"
614723,"Thanjavur, Tamil Nadu · 614723"
614801,"Pudukkottai, Tamil Nadu · 614801"
614802,"Thanjavur, Tamil Nadu · 614802"
614803,"Thanjavur, Tamil Nadu · 614803"
614804,"Thanjavur, Tamil Nadu · 614804"
614805,"Pudukkottai, Tamil Nadu · 614805"
614806,"Nagapattinam, Tamil Nadu · 614806"
614807,"Nagapattinam, Tamil Nadu · 614807"
614808,"Nagapattinam, Tamil Nadu · 614808"
614809,"Nagapattinam, Tamil Nadu · 614809"
614810,"Nagapattinam, Tamil Nadu · 614810"
614901,"Thanjavur, Tamil Nadu · 614901"
614902,"Thanjavur, Tamil Nadu · 614902"
614903,"Thanjavur, Tamil Nadu · 614903"
614904,"Thanjavur, Tamil Nadu · 614904"
614905,"Thanjavur, Tamil Nadu · 614905"
614906,"Thanjavur, Tamil Nadu · 614906"
620001,"Tiruchirappalli, Tamil Nadu · 620001"
620002,"Tiruchirappalli, Tamil Nadu · 620002"
620003,"Tiruchirappalli, Tamil Nadu · 620003"
620004,"Tiruchirappalli, Tamil Nadu · 620004"
620005,"Tiruchirappalli, Tamil Nadu · 620005"
620006,"Tiruchirappalli, Tamil Nadu · 620006"
620007,"Tiruchirappalli, Tamil Nadu · 620007"
620008,"Tiruchirappalli, Tamil Nadu · 620008"
620009,"Tiruchirappalli, Tamil Nadu · 620009"
620010,"Tiruchirappalli, Tamil Nadu · 620010"
620011,"Tiruchirappalli, Tamil Nadu · 620011"
620012,"Tiruchirappalli, Tamil Nadu · 620012"
620013,"Tiruchirappalli, Tamil Nadu · 620013"
620014,"Tiruchirappalli, Tamil Nadu · 620014"
620015,"Tiruchirappalli, Tamil Nadu · 620015"
620016,"Tiruchirappalli, Tamil Nadu · 620016"
620017,"Tiruchirappalli, Tamil Nadu · 620017"
620018,"Tiruchirappalli, Tamil Nadu · 620018"
620019,"Tiruchirappalli, Tamil Nadu · 620019"
620020,"Tiruchirappalli, Tamil Nadu · 620020"
620021,"Tiruchirappalli, Tamil Nadu · 620021"
620022,"Tiruchirappalli, Tamil Nadu · 620022"
620023,"Tiruchirappalli, Tamil Nadu · 620023"
620024,"Tiruchirappalli, Tamil Nadu · 620024"
620025,"Tiruchirappalli, Tamil Nadu · 620025"
620026,"Tiruchirappalli, Tamil Nadu · 620026"
620101,"Tiruchirappalli, Tamil Nadu · 620101"
620102,"Tiruchirappalli, Tamil Nadu · 620102"
621001,"Tiruchirappalli, Tamil Nadu · 621001"
621002,"Tiruchirappalli, Tamil Nadu · 621002"
621003,"Tiruchirappalli, Tamil Nadu · 621003"
621004,"Tiruchirappalli, Tamil Nadu · 621004"
621005,"Tiruchirappalli, Tamil Nadu · 621005"
621006,"Tiruchirappalli, Tamil Nadu · 621006"
621007,"Tiruchirappalli, Tamil Nadu · 621007"
621008,"Tiruchirappalli, Tamil Nadu · 621008"
621009,"Tiruchirappalli, Tamil Nadu · 621009"
621010,"Tiruchirappalli, Tamil Nadu · 621010"
621011,"Tiruchirappalli, Tamil Nadu · 621011"
621012,"Tiruchirappalli, Tamil Nadu · 621012"
621014,"Tiruchirappalli, Tamil Nadu · 621014"
621101,"Perambalur, Tamil Nadu · 621101"
621102,"Perambalur, Tamil Nadu · 621102"
621103,"Perambalur, Tamil Nadu · 621103"
621104,"Perambalur, Tamil Nadu · 621104"
621105,"Tiruchirappalli, Tamil Nadu · 621105"
621106,"Perambalur, Tamil Nadu · 621106"
621107,"Perambalur, Tamil Nadu · 621107"
621108,"Perambalur, Tamil Nadu · 621108"
621109,"Perambalur, Tamil Nadu · 621109"
621110,"Perambalur, Tamil Nadu · 621110"
621111,"Tiruchirappalli, Tamil Nadu · 621111"
621112,"Tiruchirappalli, Tamil Nadu · 621112"
621113,"Perambalur, Tamil Nadu · 621113"
621114,"Perambalur, Tamil Nadu · 621114"
621116,"Perambalur, Tamil Nadu · 621116"
621117,"Perambalur, Tamil Nadu · 621117"
621118,"Perambalur, Tamil Nadu · 621118"
621133,"Perambalur, Tamil Nadu · 621133"
621202,"Tiruchirappalli, Tamil Nadu · 621202"
621203,"Tiruchirappalli, Tamil Nadu · 621203"
621204,"Tiruchirappalli, Tamil Nadu · 621204"
621205,"Tiruchirappalli, Tamil Nadu · 621205"
621206,"Tiruchirappalli, Tamil Nadu · 621206"
621207,"Tiruchirappalli, Tamil Nadu · 621207"
621208,"Tiruchirappalli, Tamil Nadu · 621208"
621209,"Tiruchirappalli, Tamil Nadu · 621209"
621210,"Tiruchirappalli, Tamil Nadu · 621210"
621211,"Tiruchirappalli, Tamil Nadu · 621211"
621212,"Perambalur, Tamil Nadu · 621212"
621213,"Tiruchirappalli, Tamil Nadu · 621213"
621214,"Tiruchirappalli, Tamil Nadu · 621214"
621215,"Tiruchirappalli, Tamil Nadu · 621215"
621216,"Tiruchirappalli, Tamil Nadu · 621216"
621217,"Tiruchirappalli, Tamil Nadu · 621217"
621218,"Tiruchirappalli, Tamil Nadu · 621218"
621219,"Perambalur, Tamil Nadu · 621219"
621220,"Perambalur, Tamil Nadu · 621220"
621301,"Karur, Tamil Nadu · 621301"
621302,"Tiruchirappalli, Tamil Nadu · 621302"
621305,"Tiruchirappalli, Tamil Nadu · 621305"
621306,"Tiruchirappalli, Tamil Nadu · 621306"
621307,"Tiruchirappalli, Tamil Nadu · 621307"
621308,"Tiruchirappalli, Tamil Nadu · 621308"
621310,"Tiruchirappalli, Tamil Nadu · 621310"
621311,"Karur, Tamil Nadu · 621311"
621312,"Tiruchirappalli, Tamil Nadu · 621312"
621313,"Karur, Tamil Nadu · 621313"
621314,"Tiruchirappalli, Tamil Nadu · 621314"
621315,"Tiruchirappalli, Tamil Nadu · 621315"
621316,"Pudukkottai, Tamil Nadu · 621316"
621601,"Tiruchirappalli, Tamil Nadu · 621601"
621651,"Tiruchirappalli, Tamil Nadu · 621651"
621652,"Tiruchirappalli, Tamil Nadu · 621652"
621653,"Tiruchirappalli, Tamil Nadu · 621653"
621701,"Ariyalur, Tamil Nadu · 621701"
621702,"Tiruchirappalli, Tamil Nadu · 621702"
621703,"Tiruchirappalli, Tamil Nadu · 621703"
621704,"Ariyalur, Tamil Nadu · 621704"
621705,"Ariyalur, Tamil Nadu · 621705"
621706,"Tiruchirappalli, Tamil Nadu · 621706"
621707,"Ariyalur, Tamil Nadu · 621707"
621708,"Perambalur, Tamil Nadu · 621708"
621709,"Ariyalur, Tamil Nadu · 621709"
621710,"Ariyalur, Tamil Nadu · 621710"
621711,"Tiruchirappalli, Tamil Nadu · 621711"
621712,"Tiruchirappalli, Tamil Nadu · 621712"
621713,"Ariyalur, Tamil Nadu · 621713"
621714,"Ariyalur, Tamil Nadu · 621714"
621715,"Ariyalur, Tamil Nadu · 621715"
621716,"Perambalur, Tamil Nadu · 621716"
621717,"Perambalur, Tamil Nadu · 621717"
621718,"Ariyalur, Tamil Nadu · 621718"
621719,"Ariyalur, Tamil Nadu · 621719"
621722,"Tiruchirappalli, Tamil Nadu · 621722"
621729,"Ariyalur, Tamil Nadu · 621729"
621730,"Ariyalur, Tamil Nadu · 621730"
621801,"Ariyalur, Tamil Nadu · 621801"
621802,"Ariyalur, Tamil Nadu · 621802"
621803,"Ariyalur, Tamil Nadu · 621803"
621805,"Ariyalur, Tamil Nadu · 621805"
621806,"Ariyalur, Tamil Nadu · 621806"
621851,"Ariyalur, Tamil Nadu · 621851"
622001,"Pudukkottai, Tamil Nadu · 622001"
622002,"Pudukkottai, Tamil Nadu · 622002"
622003,"Pudukkottai, Tamil Nadu · 622003"
622004,"Pudukkottai, Tamil Nadu · 622004"
622005,"Pudukkottai, Tamil Nadu · 622005"
622101,"Pudukkottai, Tamil Nadu · 622101"
622102,"Pudukkottai, Tamil Nadu · 622102"
622103,"Pudukkottai, Tamil Nadu · 622103"
622104,"Pudukkottai, Tamil Nadu · 622104"
622201,"Pudukkottai, Tamil Nadu · 622201"
622202,"Pudukkottai, Tamil Nadu · 622202"
622203,"Pudukkottai, Tamil Nadu · 622203"
622204,"Pudukkottai, Tamil Nadu · 622204"
622209,"Pudukkottai, Tamil Nadu · 622209"
622301,"Pudukkottai, Tamil Nadu · 622301"
622302,"Pudukkottai, Tamil Nadu · 622302"
622303,"Pudukkottai, Tamil Nadu · 622303"
622304,"Pudukkottai, Tamil Nadu · 622304"
622401,"Pudukkottai, Tamil Nadu · 622401"
622402,"Pudukkottai, Tamil Nadu · 622402"
622403,"Pudukkottai, Tamil Nadu · 622403"
622404,"Pudukkottai, Tamil Nadu · 622404"
622407,"Pudukkottai, Tamil Nadu · 622407"
622409,"Pudukkottai, Tamil Nadu · 622409"
622411,"Pudukkottai, Tamil Nadu · 622411"
622412,"Pudukkottai, Tamil Nadu · 622412"
622422,"Pudukkottai, Tamil Nadu · 622422"
622501,"Pudukkottai, Tamil Nadu · 622501"
622502,"Pudukkottai, Tamil Nadu · 622502"
622503,"Pudukkottai, Tamil Nadu · 622503"
622504,"Pudukkottai, Tamil Nadu · 622504"
622505,"Pudukkottai, Tamil Nadu · 622505"
622507,"Pudukkottai, Tamil Nadu · 622507"
622515,"Pudukkottai, Tamil Nadu · 622515"
623115,"Ramanathapuram, Tamil Nadu · 623115"
623120,"Ramanathapuram, Tamil Nadu · 623120"
623135,"Ramanathapuram, Tamil Nadu · 623135"
623308,"Ramanathapuram, Tamil Nadu · 623308"
623315,"Ramanathapuram, Tamil Nadu · 623315"
623401,"Ramanathapuram, Tamil Nadu · 623401"
623402,"Ramanathapuram, Tamil Nadu · 623402"
623403,"Ramanathapuram, Tamil Nadu · 623403"
623404,"Ramanathapuram, Tamil Nadu · 623404"
623406,"Ramanathapuram, Tamil Nadu · 623406"
623407,"Ramanathapuram, Tamil Nadu · 623407"
623409,"Ramanathapuram, Tamil Nadu · 623409"
623501,"Ramanathapuram, Tamil Nadu · 623501"
623502,"Ramanathapuram, Tamil Nadu · 623502"
623503,"Ramanathapuram, Tamil Nadu · 623503"
623504,"Ramanathapuram, Tamil Nadu · 623504"
623512,"Ramanathapuram, Tamil Nadu · 623512"
623513,"Ramanathapuram, Tamil Nadu · 623513"
623514,"Ramanathapuram, Tamil Nadu · 623514"
623515,"Ramanathapuram, Tamil Nadu · 623515"
623516,"Ramanathapuram, Tamil Nadu · 623516"
623517,"Ramanathapuram, Tamil Nadu · 623517"
623518,"Ramanathapuram, Tamil Nadu · 623518"
623519,"Ramanathapuram, Tamil Nadu · 623519"
623520,"Ramanathapuram, Tamil Nadu · 623520"
623521,"Ramanathapuram, Tamil Nadu · 623521"
623522,"Ramanathapuram, Tamil Nadu · 623522"
623523,"Ramanathapuram, Tamil Nadu · 623523"
623524,"Ramanathapuram, Tamil Nadu · 623524"
623525,"Ramanathapuram, Tamil Nadu · 623525"
623526,"Ramanathapuram, Tamil Nadu · 623526"
623527,"Ramanathapuram, Tamil Nadu · 623527"
623528,"Ramanathapuram, Tamil Nadu · 623528"
623529,"Ramanathapuram, Tamil Nadu · 623529"
623530,"Ramanathapuram, Tamil Nadu · 623530"
623531,"Ramanathapuram, Tamil Nadu · 623531"
623532,"Ramanathapuram, Tamil Nadu · 623532"
623533,"Ramanathapuram, Tamil Nadu · 623533"
623534,"Ramanathapuram, Tamil Nadu · 623534"
623536,"Ramanathapuram, Tamil Nadu · 623536"
623537,"Ramanathapuram, Tamil Nadu · 623537"
623538,"Ramanathapuram, Tamil Nadu · 623538"
623566,"Ramanathapuram, Tamil Nadu · 623566"
623601,"Ramanathapuram, Tamil Nadu · 623601"
623603,"Ramanathapuram, Tamil Nadu · 623603"
623604,"Ramanathapuram, Tamil Nadu · 623604"
623605,"Ramanathapuram, Tamil Nadu · 623605"
623608,"Ramanathapuram, Tamil Nadu · 623608"
623701,"Ramanathapuram, Tamil Nadu · 623701"
623703,"Ramanathapuram, Tamil Nadu · 623703"
623704,"Ramanathapuram, Tamil Nadu · 623704"
623705,"Ramanathapuram, Tamil Nadu · 623705"
623706,"Ramanathapuram, Tamil Nadu · 623706"
623707,"Ramanathapuram, Tamil Nadu · 623707"
623708,"Ramanathapuram, Tamil Nadu · 623708"
623711,"Ramanathapuram, Tamil Nadu · 623711"
623712,"Ramanathapuram, Tamil Nadu · 623712"
623806,"Ramanathapuram, Tamil Nadu · 623806"
624001,"Dindigul, Tamil Nadu · 624001"
624002,"Dindigul, Tamil Nadu · 624002"
624003,"Dindigul, Tamil Nadu · 624003"
624004,"Dindigul, Tamil Nadu · 624004"
624005,"Dindigul, Tamil Nadu · 624005"
624101,"Dindigul, Tamil Nadu · 624101"
624103,"Dindigul, Tamil Nadu · 624103"
624201,"Dindigul, Tamil Nadu · 624201"
624202,"Dindigul, Tamil Nadu · 624202"
624204,"Dindigul, Tamil Nadu · 624204"
624206,"Dindigul, Tamil Nadu · 624206"
624208,"Dindigul, Tamil Nadu · 624208"
624210,"Dindigul, Tamil Nadu · 624210"
624211,"Dindigul, Tamil Nadu · 624211"
624212,"Dindigul, Tamil Nadu · 624212"
624215,"Dindigul, Tamil Nadu · 624215"
624216,"Dindigul, Tamil Nadu · 624216"
624219,"Dindigul, Tamil Nadu · 624219"
624220,"Dindigul, Tamil Nadu · 624220"
624301,"Dindigul, Tamil Nadu · 624301"
624302,"Dindigul, Tamil Nadu · 624302"
624303,"Dindigul, Tamil Nadu · 624303"
624304,"Dindigul, Tamil Nadu · 624304"
624306,"Dindigul, Tamil Nadu · 624306"
624307,"Dindigul, Tamil Nadu · 624307"
624308,"Dindigul, Tamil Nadu · 624308"
624401,"Dindigul, Tamil Nadu · 624401"
624402,"Dindigul, Tamil Nadu · 624402"
624403,"Dindigul, Tamil Nadu · 624403"
624601,"Dindigul, Tamil Nadu · 624601"
624610,"Dindigul, Tamil Nadu · 624610"
624612,"Dindigul, Tamil Nadu · 624612"
624613,"Dindigul, Tamil Nadu · 624613"
624614,"Dindigul, Tamil Nadu · 624614"
624615,"Dindigul, Tamil Nadu · 624615"
624616,"Dindigul, Tamil Nadu · 624616"
624617,"Dindigul, Tamil Nadu · 624617"
624618,"Dindigul, Tamil Nadu · 624618"
624619,"Dindigul, Tamil Nadu · 624619"
624620,"Dindigul, Tamil Nadu · 624620"
624621,"Dindigul, Tamil Nadu · 624621"
624701,"Dindigul, Tamil Nadu · 624701"
624702,"Dindigul, Tamil Nadu · 624702"
624703,"Dindigul, Tamil Nadu · 624703"
624704,"Dindigul, Tamil Nadu · 624704"
624705,"Dindigul, Tamil Nadu · 624705"
624706,"Dindigul, Tamil Nadu · 624706"
624707,"Dindigul, Tamil Nadu · 624707"
624708,"Dindigul, Tamil Nadu · 624708"
624709,"Dindigul, Tamil Nadu · 624709"
624710,"Dindigul, Tamil Nadu · 624710"
624711,"Dindigul, Tamil Nadu · 624711"
624712,"Dindigul, Tamil Nadu · 624712"
624801,"Dindigul, Tamil Nadu · 624801"
624802,"Dindigul, Tamil Nadu · 624802"
625001,"Madurai, Tamil Nadu · 625001"
625002,"Madurai, Tamil Nadu · 625002"
625003,"Madurai, Tamil Nadu · 625003"
625004,"Madurai, Tamil Nadu · 625004"
625006,"Madurai, Tamil Nadu · 625006"
625007,"Madurai, Tamil Nadu · 625007"
625008,"Madurai, Tamil Nadu · 625008"
625009,"Madurai, Tamil Nadu · 625009"
625011,"Madurai, Tamil Nadu · 625011"
625012,"Madurai, Tamil Nadu · 625012"
625014,"Madurai, Tamil Nadu · 625014"
625016,"Madurai, Tamil Nadu · 625016"
625017,"Madurai, Tamil Nadu · 625017"
625018,"Madurai, Tamil Nadu · 625018"
625019,"Madurai, Tamil Nadu · 625019"
625020,"Madurai, Tamil Nadu · 625020"
625021,"Madurai, Tamil Nadu · 625021"
625022,"Madurai, Tamil Nadu · 625022"
625023,"Madurai, Tamil Nadu · 625023"
625101,"Madurai, Tamil Nadu · 625101"
625102,"Madurai, Tamil Nadu · 625102"
625103,"Madurai, Tamil Nadu · 625103"
625104,"Madurai, Tamil Nadu · 625104"
625105,"Madurai, Tamil Nadu · 625105"
625106,"Madurai, Tamil Nadu · 625106"
625107,"Madurai, Tamil Nadu · 625107"
625108,"Madurai, Tamil Nadu · 625108"
625109,"Madurai, Tamil Nadu · 625109"
625110,"Madurai, Tamil Nadu · 625110"
625122,"Madurai, Tamil Nadu · 625122"
625201,"Madurai, Tamil Nadu · 625201"
625203,"Theni, Tamil Nadu · 625203"
625205,"Madurai, Tamil Nadu · 625205"
625207,"Madurai, Tamil Nadu · 625207"
625214,"Madurai, Tamil Nadu · 625214"
625218,"Madurai, Tamil Nadu · 625218"
625221,"Madurai, Tamil Nadu · 625221"
625234,"Madurai, Tamil Nadu · 625234"
625301,"Madurai, Tamil Nadu · 625301"
625402,"Madurai, Tamil Nadu · 625402"
625501,"Madurai, Tamil Nadu · 625501"
625503,"Madurai, Tamil Nadu · 625503"
625512,"Theni, Tamil Nadu · 625512"
625513,"Theni, Tamil Nadu · 625513"
625514,"Madurai, Tamil Nadu · 625514"
625515,"Theni, Tamil Nadu · 625515"
625516,"Theni, Tamil Nadu · 625516"
625517,"Theni, Tamil Nadu · 625517"
625518,"Theni, Tamil Nadu · 625518"
625521,"Theni, Tamil Nadu · 625521"
625522,"Theni, Tamil Nadu · 625522"
625523,"Theni, Tamil Nadu · 625523"
625524,"Theni, Tamil Nadu · 625524"
625525,"Theni, Tamil Nadu · 625525"
625526,"Theni, Tamil Nadu · 625526"
625527,"Madurai, Tamil Nadu · 625527"
625528,"Theni, Tamil Nadu · 625528"
625529,"Madurai, Tamil Nadu · 625529"
625530,"Theni, Tamil Nadu · 625530"
625531,"Theni, Tamil Nadu · 625531"
625532,"Madurai, Tamil Nadu · 625532"
625533,"Theni, Tamil Nadu · 625533"
625534,"Theni, Tamil Nadu · 625534"
625535,"Madurai, Tamil Nadu · 625535"
625536,"Theni, Tamil Nadu · 625536"
625537,"Madurai, Tamil Nadu · 625537"
625540,"Theni, Tamil Nadu · 625540"
625556,"Theni, Tamil Nadu · 625556"
625562,"Theni, Tamil Nadu · 625562"
625579,"Theni, Tamil Nadu · 625579"
625582,"Theni, Tamil Nadu · 625582"
625601,"Theni, Tamil Nadu · 625601"
625602,"Theni, Tamil Nadu · 625602"
625603,"Theni, Tamil Nadu · 625603"
625604,"Theni, Tamil Nadu · 625604"
625605,"Theni, Tamil Nadu · 625605"
625701,"Madurai, Tamil Nadu · 625701"
625702,"Madurai, Tamil Nadu · 625702"
625703,"Madurai, Tamil Nadu · 625703"
625704,"Madurai, Tamil Nadu · 625704"
625705,"Madurai, Tamil Nadu · 625705"
625706,"Madurai, Tamil Nadu · 625706"
625707,"Madurai, Tamil Nadu · 625707"
625708,"Madurai, Tamil Nadu · 625708"
626001,"Virudhunagar, Tamil Nadu · 626001"
626002,"Virudhunagar, Tamil Nadu · 626002"
626003,"Virudhunagar, Tamil Nadu · 626003"
626004,"Virudhunagar, Tamil Nadu · 626004"
626005,"Virudhunagar, Tamil Nadu · 626005"
626101,"Virudhunagar, Tamil Nadu · 626101"
626102,"Virudhunagar, Tamil Nadu · 626102"
626103,"Virudhunagar, Tamil Nadu · 626103"
626104,"Virudhunagar, Tamil Nadu · 626104"
626105,"Virudhunagar, Tamil Nadu · 626105"
626106,"Virudhunagar, Tamil Nadu · 626106"
626107,"Virudhunagar, Tamil Nadu · 626107"
626108,"Virudhunagar, Tamil Nadu · 626108"
626109,"Virudhunagar, Tamil Nadu · 626109"
626110,"Virudhunagar, Tamil Nadu · 626110"
626111,"Virudhunagar, Tamil Nadu · 626111"
626112,"Virudhunagar, Tamil Nadu · 626112"
626113,"Virudhunagar, Tamil Nadu · 626113"
626114,"Virudhunagar, Tamil Nadu · 626114"
626115,"Virudhunagar, Tamil Nadu · 626115"
626116,"Virudhunagar, Tamil Nadu · 626116"
626117,"Virudhunagar, Tamil Nadu · 626117"
626118,"Virudhunagar, Tamil Nadu · 626118"
626119,"Virudhunagar, Tamil Nadu · 626119"
626121,"Virudhunagar, Tamil Nadu · 626121"
626122,"Virudhunagar, Tamil Nadu · 626122"
626123,"Virudhunagar, Tamil Nadu · 626123"
626124,"Virudhunagar, Tamil Nadu · 626124"
626125,"Virudhunagar, Tamil Nadu · 626125"
626126,"Virudhunagar, Tamil Nadu · 626126"
626127,"Virudhunagar, Tamil Nadu · 626127"
626128,"Virudhunagar, Tamil Nadu · 626128"
626129,"Virudhunagar, Tamil Nadu · 626129"
626130,"Virudhunagar, Tamil Nadu · 626130"
626131,"Virudhunagar, Tamil Nadu · 626131"
626132,"Virudhunagar, Tamil Nadu · 626132"
626133,"Virudhunagar, Tamil Nadu · 626133"
626134,"Virudhunagar, Tamil Nadu · 626134"
626135,"Virudhunagar, Tamil Nadu · 626135"
626136,"Virudhunagar, Tamil Nadu · 626136"
626137,"Virudhunagar, Tamil Nadu · 626137"
626138,"Virudhunagar, Tamil Nadu · 626138"
626139,"Virudhunagar, Tamil Nadu · 626139"
626140,"Virudhunagar, Tamil Nadu · 626140"
626141,"Virudhunagar, Tamil Nadu · 626141"
626142,"Virudhunagar, Tamil Nadu · 626142"
626149,"Virudhunagar, Tamil Nadu · 626149"
626188,"Virudhunagar, Tamil Nadu · 626188"
626189,"Virudhunagar, Tamil Nadu · 626189"
626201,"Virudhunagar, Tamil Nadu · 626201"
626202,"Virudhunagar, Tamil Nadu · 626202"
626203,"Virudhunagar, Tamil Nadu · 626203"
626204,"Virudhunagar, Tamil Nadu · 626204"
626205,"Virudhunagar, Tamil Nadu · 626205"
626607,"Virudhunagar, Tamil Nadu · 626607"
626612,"Virudhunagar, Tamil Nadu · 626612"
627001,"Tirunelveli, Tamil Nadu · 627001"
627002,"Tirunelveli, Tamil Nadu · 627002"
627003,"Tirunelveli, Tamil Nadu · 627003"
627004,"Tirunelveli, Tamil Nadu · 627004"
627005,"Tirunelveli, Tamil Nadu · 627005"
627006,"Tirunelveli, Tamil Nadu · 627006"
627007,"Tirunelveli, Tamil Nadu · 627007"
627008,"Tirunelveli, Tamil Nadu · 627008"
627009,"Tirunelveli, Tamil Nadu · 627009"
627010,"Tirunelveli, Tamil Nadu · 627010"
627011,"Tirunelveli, Tamil Nadu · 627011"
627012,"Tirunelveli, Tamil Nadu · 627012"
627101,"Tirunelveli, Tamil Nadu · 627101"
627102,"Tirunelveli, Tamil Nadu · 627102"
627103,"Tirunelveli, Tamil Nadu · 627103"
627104,"Tirunelveli, Tamil Nadu · 627104"
627105,"Tirunelveli, Tamil Nadu · 627105"
627106,"Tirunelveli, Tamil Nadu · 627106"
627107,"Tirunelveli, Tamil Nadu · 627107"
627108,"Tirunelveli, Tamil Nadu · 627108"
627109,"Tirunelveli, Tamil Nadu · 627109"
627110,"Tirunelveli, Tamil Nadu · 627110"
627111,"Tirunelveli, Tamil Nadu · 627111"
627112,"Tirunelveli, Tamil Nadu · 627112"
627113,"Tirunelveli, Tamil Nadu · 627113"
627114,"Tirunelveli, Tamil Nadu · 627114"
627115,"Tirunelveli, Tamil Nadu · 627115"
627116,"Tirunelveli, Tamil Nadu · 627116"
627117,"Tirunelveli, Tamil Nadu · 627117"
627118,"Tirunelveli, Tamil Nadu · 627118"
627119,"Tirunelveli, Tamil Nadu · 627119"
627120,"Tirunelveli, Tamil Nadu · 627120"
627127,"Tirunelveli, Tamil Nadu · 627127"
627133,"Tirunelveli, Tamil Nadu · 627133"
627151,"Tirunelveli, Tamil Nadu · 627151"
627152,"Tirunelveli, Tamil Nadu · 627152"
627201,"Tirunelveli, Tamil Nadu · 627201"
627202,"Tirunelveli, Tamil Nadu · 627202"
627351,"Tirunelveli, Tamil Nadu · 627351"
627352,"Tirunelveli, Tamil Nadu · 627352"
627353,"Tirunelveli, Tamil Nadu · 627353"
627354,"Tirunelveli, Tamil Nadu · 627354"
627355,"Tirunelveli, Tamil Nadu · 627355"
627356,"Tirunelveli, Tamil Nadu · 627356"
627357,"Tirunelveli, Tamil Nadu · 627357"
627358,"Tirunelveli, Tamil Nadu · 627358"
627359,"Tirunelveli, Tamil Nadu · 627359"
627401,"Tirunelveli, Tamil Nadu · 627401"
627412,"Tirunelveli, Tamil Nadu · 627412"
627413,"Tirunelveli, Tamil Nadu · 627413"
627414,"Tirunelveli, Tamil Nadu · 627414"
627415,"Tirunelveli, Tamil Nadu · 627415"
627416,"Tirunelveli, Tamil Nadu · 627416"
627417,"Tirunelveli, Tamil Nadu · 627417"
627418,"Tirunelveli, Tamil Nadu · 627418"
627420,"Tirunelveli, Tamil Nadu · 627420"
627421,"Tirunelveli, Tamil Nadu · 627421"
627422,"Tirunelveli, Tamil Nadu · 627422"
627423,"Tirunelveli, Tamil Nadu · 627423"
627424,"Tirunelveli, Tamil Nadu · 627424"
627425,"Tirunelveli, Tamil Nadu · 627425"
627426,"Tirunelveli, Tamil Nadu · 627426"
627427,"Tirunelveli, Tamil Nadu · 627427"
627428,"Tirunelveli, Tamil Nadu · 627428"
627451,"Tirunelveli, Tamil Nadu · 627451"
627452,"Tirunelveli, Tamil Nadu · 627452"
627453,"Tirunelveli, Tamil Nadu · 627453"
627501,"Tirunelveli, Tamil Nadu · 627501"
627601,"Tirunelveli, Tamil Nadu · 627601"
627602,"Tirunelveli, Tamil Nadu · 627602"
627603,"Tirunelveli, Tamil Nadu · 627603"
627604,"Tirunelveli, Tamil Nadu · 627604"
627651,"Tirunelveli, Tamil Nadu · 627651"
627652,"Tirunelveli, Tamil Nadu · 627652"
627654,"Tirunelveli, Tamil Nadu · 627654"
627657,"Tirunelveli, Tamil Nadu · 627657"
627713,"Tirunelveli, Tamil Nadu · 627713"
627719,"Tirunelveli, Tamil Nadu · 627719"
627751,"Tirunelveli, Tamil Nadu · 627751"
627753,"Tirunelveli, Tamil Nadu · 627753"
627754,"Tirunelveli, Tamil Nadu · 627754"
627755,"Tirunelveli, Tamil Nadu · 627755"
627756,"Tirunelveli, Tamil Nadu · 627756"
627757,"Tirunelveli, Tamil Nadu · 627757"
627758,"Tirunelveli, Tamil Nadu · 627758"
627759,"Tirunelveli, Tamil Nadu · 627759"
627760,"Tirunelveli, Tamil Nadu · 627760"
627761,"Tirunelveli, Tamil Nadu · 627761"
627764,"Tirunelveli, Tamil Nadu · 627764"
627802,"Tirunelveli, Tamil Nadu · 627802"
627803,"Tirunelveli, Tamil Nadu · 627803"
627804,"Tirunelveli, Tamil Nadu · 627804"
627805,"Tirunelveli, Tamil Nadu · 627805"
627806,"Tirunelveli, Tamil Nadu · 627806"
627807,"Tirunelveli, Tamil Nadu · 627807"
627808,"Tirunelveli, Tamil Nadu · 627808"
627809,"Tirunelveli, Tamil Nadu · 627809"
627811,"Tirunelveli, Tamil Nadu · 627811"
627812,"Tirunelveli, Tamil Nadu · 627812"
627813,"Tirunelveli, Tamil Nadu · 627813"
627814,"Tirunelveli, Tamil Nadu · 627814"
627818,"Tirunelveli, Tamil Nadu · 627818"
627851,"Tirunelveli, Tamil Nadu · 627851"
627852,"Tirunelveli, Tamil Nadu · 627852"
627853,"Tirunelveli, Tamil Nadu · 627853"
627854,"Tirunelveli, Tamil Nadu · 627854"
627855,"Tirunelveli, Tamil Nadu · 627855"
627856,"Tirunelveli, Tamil Nadu · 627856"
627857,"Tirunelveli, Tamil Nadu · 627857"
627858,"Tirunelveli, Tamil Nadu · 627858"
627859,"Tirunelveli, Tamil Nadu · 627859"
627860,"Tirunelveli, Tamil Nadu · 627860"
627861,"Tirunelveli, Tamil Nadu · 627861"
627862,"Tirunelveli, Tamil Nadu · 627862"
627951,"Tirunelveli, Tamil Nadu · 627951"
627953,"Tirunelveli, Tamil Nadu · 627953"
630001,"Sivaganga, Tamil Nadu · 630001"
630002,"Sivaganga, Tamil Nadu · 630002"
630003,"Sivaganga, Tamil Nadu · 630003"
630005,"Sivaganga, Tamil Nadu · 630005"
630101,"Sivaganga, Tamil Nadu · 630101"
630102,"Sivaganga, Tamil Nadu · 630102"
630103,"Sivaganga, Tamil Nadu · 630103"
630104,"Sivaganga, Tamil Nadu · 630104"
630105,"Sivaganga, Tamil Nadu · 630105"
630106,"Sivaganga, Tamil Nadu · 630106"
630107,"Sivaganga, Tamil Nadu · 630107"
630108,"Sivaganga, Tamil Nadu · 630108"
630201,"Sivaganga, Tamil Nadu · 630201"
630202,"Sivaganga, Tamil Nadu · 630202"
630203,"Sivaganga, Tamil Nadu · 630203"
630204,"Sivaganga, Tamil Nadu · 630204"
630205,"Sivaganga, Tamil Nadu · 630205"
630206,"Sivaganga, Tamil Nadu · 630206"
630207,"Sivaganga, Tamil Nadu · 630207"
630208,"Sivaganga, Tamil Nadu · 630208"
630210,"Sivaganga, Tamil Nadu · 630210"
630211,"Sivaganga, Tamil Nadu · 630211"
630212,"Sivaganga, Tamil Nadu · 630212"
630301,"Sivaganga, Tamil Nadu · 630301"
630302,"Sivaganga, Tamil Nadu · 630302"
630303,"Sivaganga, Tamil Nadu · 630303"
630305,"Sivaganga, Tamil Nadu · 630305"
630306,"Sivaganga, Tamil Nadu · 630306"
630307,"Sivaganga, Tamil Nadu · 630307"
630309,"Sivaganga, Tamil Nadu · 630309"
630311,"Sivaganga, Tamil Nadu · 630311"
630312,"Sivaganga, Tamil Nadu · 630312"
630313,"Sivaganga, Tamil Nadu · 630313"
630314,"Sivaganga, Tamil Nadu · 630314"
630321,"Sivaganga, Tamil Nadu · 630321"
630405,"Sivaganga, Tamil Nadu · 630405"
630408,"Sivaganga, Tamil Nadu · 630408"
630410,"Sivaganga, Tamil Nadu · 630410"
630411,"Sivaganga, Tamil Nadu · 630411"
630501,"Sivaganga, Tamil Nadu · 630501"
630502,"Sivaganga, Tamil Nadu · 630502"
630551,"Sivaganga, Tamil Nadu · 630551"
630552,"Sivaganga, Tamil Nadu · 630552"
630553,"Sivaganga, Tamil Nadu · 630553"
630554,"Sivaganga, Tamil Nadu · 630554"
630555,"Sivaganga, Tamil Nadu · 630555"
630557,"Sivaganga, Tamil Nadu · 630557"
630558,"Sivaganga, Tamil Nadu · 630558"
630559,"Sivaganga, Tamil Nadu · 630559"
630561,"Sivaganga, Tamil Nadu · 630561"
630562,"Sivaganga, Tamil Nadu · 630562"
630566,"Sivaganga, Tamil Nadu · 630566"
630602,"Sivaganga, Tamil Nadu · 630602"
630606,"Sivaganga, Tamil Nadu · 630606"
630609,"Sivaganga, Tamil Nadu · 630609"
630610,"Sivaganga, Tamil Nadu · 630610"
630611,"Sivaganga, Tamil Nadu · 630611"
630612,"Sivaganga, Tamil Nadu · 630612"
630702,"Sivaganga, Tamil Nadu · 630702"
630709,"Sivaganga, Tamil Nadu · 630709"
630710,"Sivaganga, Tamil Nadu · 630710"
630713,"Sivaganga, Tamil Nadu · 630713"
631001,"Vellore, Tamil Nadu · 631001"
631002,"Vellore, Tamil Nadu · 631002"
631003,"Vellore, Tamil Nadu · 631003"
631004,"Vellore, Tamil Nadu · 631004"
631005,"Vellore, Tamil Nadu · 631005"
631006,"Vellore, Tamil Nadu · 631006"
631051,"Vellore, Tamil Nadu · 631051"
631052,"Vellore, Tamil Nadu · 631052"
631101,"Vellore, Tamil Nadu · 631101"
631102,"Vellore, Tamil Nadu · 631102"
631151,"Vellore, Tamil Nadu · 631151"
631152,"Vellore, Tamil Nadu · 631152"
631701,"Tiruvannamalai, Tamil Nadu · 631701"
631702,"Tiruvannamalai, Tamil Nadu · 631702"
632001,"Vellore, Tamil Nadu · 632001"
632002,"Vellore, Tamil Nadu · 632002"
632004,"Vellore, Tamil Nadu · 632004"
632006,"Vellore, Tamil Nadu · 632006"
632007,"Vellore, Tamil Nadu · 632007"
632008,"Vellore, Tamil Nadu · 632008"
632009,"Vellore, Tamil Nadu · 632009"
632011,"Vellore, Tamil Nadu · 632011"
632012,"Vellore, Tamil Nadu · 632012"
632013,"Vellore, Tamil Nadu · 632013"
632014,"Vellore, Tamil Nadu · 632014"
632055,"Vellore, Tamil Nadu · 632055"
632057,"Vellore, Tamil Nadu · 632057"
632058,"Vellore, Tamil Nadu · 632058"
632059,"Vellore, Tamil Nadu · 632059"
632101,"Vellore, Tamil Nadu · 632101"
632102,"Vellore, Tamil Nadu · 632102"
632103,"Vellore, Tamil Nadu · 632103"
632104,"Vellore, Tamil Nadu · 632104"
632105,"Vellore, Tamil Nadu · 632105"
632106,"Vellore, Tamil Nadu · 632106"
632107,"Vellore, Tamil Nadu · 632107"
632113,"Vellore, Tamil Nadu · 632113"
632114,"Vellore, Tamil Nadu · 632114"
632115,"Vellore, Tamil Nadu · 632115"
632201,"Vellore, Tamil Nadu · 632201"
632202,"Vellore, Tamil Nadu · 632202"
632203,"Vellore, Tamil Nadu · 632203"
632204,"Vellore, Tamil Nadu · 632204"
632209,"Vellore, Tamil Nadu · 632209"
632301,"Tiruvannamalai, Tamil Nadu · 632301"
632311,"Tiruvannamalai, Tamil Nadu · 632311"
632312,"Vellore, Tamil Nadu · 632312"
632313,"Tiruvannamalai, Tamil Nadu · 632313"
632314,"Tiruvannamalai, Tamil Nadu · 632314"
632315,"Tiruvannamalai, Tamil Nadu · 632315"
632316,"Tiruvannamalai, Tamil Nadu · 632316"
632317,"Tiruvannamalai, Tamil Nadu · 632317"
632318,"Vellore, Tamil Nadu · 632318"
632319,"Vellore, Tamil Nadu · 632319"
632326,"Tiruvannamalai, Tamil Nadu · 632326"
632401,"Vellore, Tamil Nadu · 632401"
632403,"Vellore, Tamil Nadu · 632403"
632404,"Vellore, Tamil Nadu · 632404"
632405,"Vellore, Tamil Nadu · 632405"
632406,"Vellore, Tamil Nadu · 632406"
632501,"Vellore, Tamil Nadu · 632501"
632502,"Vellore, Tamil Nadu · 632502"
632503,"Vellore, Tamil Nadu · 632503"
632504,"Vellore, Tamil Nadu · 632504"
632505,"Vellore, Tamil Nadu · 632505"
632506,"Vellore, Tamil Nadu · 632506"
632507,"Vellore, Tamil Nadu · 632507"
632508,"Vellore, Tamil Nadu · 632508"
632509,"Vellore, Tamil Nadu · 632509"
632510,"Vellore, Tamil Nadu · 632510"
632511,"Tiruvannamalai, Tamil Nadu · 632511"
632512,"Vellore, Tamil Nadu · 632512"
632513,"Vellore, Tamil Nadu · 632513"
632514,"Vellore, Tamil Nadu · 632514"
632515,"Vellore, Tamil Nadu · 632515"
632516,"Vellore, Tamil Nadu · 632516"
632517,"Vellore, Tamil Nadu · 632517"
632518,"Vellore, Tamil Nadu · 632518"
632519,"Vellore, Tamil Nadu · 632519"
632520,"Vellore, Tamil Nadu · 632520"
632521,"Vellore, Tamil Nadu · 632521"
632531,"Vellore, Tamil Nadu · 632531"
632601,"Vellore, Tamil Nadu · 632601"
632602,"Vellore, Tamil Nadu · 632602"
632603,"Vellore, Tamil Nadu · 632603"
632604,"Vellore, Tamil Nadu · 632604"
635001,"Krishnagiri, Tamil Nadu · 635001"
635002,"Krishnagiri, Tamil Nadu · 635002"
635101,"Krishnagiri, Tamil Nadu · 635101"
635102,"Krishnagiri, Tamil Nadu · 635102"
635103,"Krishnagiri, Tamil Nadu · 635103"
635104,"Krishnagiri, Tamil Nadu · 635104"
635105,"Krishnagiri, Tamil Nadu · 635105"
635106,"Krishnagiri, Tamil Nadu · 635106"
635107,"Krishnagiri, Tamil Nadu · 635107"
635108,"Krishnagiri, Tamil Nadu · 635108"
635109,"Krishnagiri, Tamil Nadu · 635109"
635110,"Krishnagiri, Tamil Nadu · 635110"
635111,"Krishnagiri, Tamil Nadu · 635111"
635112,"Krishnagiri, Tamil Nadu · 635112"
635113,"Krishnagiri, Tamil Nadu · 635113"
635114,"Krishnagiri, Tamil Nadu · 635114"
635115,"Krishnagiri, Tamil Nadu · 635115"
635117,"Krishnagiri, Tamil Nadu · 635117"
635118,"Krishnagiri, Tamil Nadu · 635118"
635119,"Krishnagiri, Tamil Nadu · 635119"
635120,"Krishnagiri, Tamil Nadu · 635120"
635121,"Krishnagiri, Tamil Nadu · 635121"
635122,"Krishnagiri, Tamil Nadu · 635122"
635123,"Krishnagiri, Tamil Nadu · 635123"
635124,"Krishnagiri, Tamil Nadu · 635124"
635126,"Krishnagiri, Tamil Nadu · 635126"
635201,"Dharmapuri, Tamil Nadu · 635201"
635202,"Dharmapuri, Tamil Nadu · 635202"
635203,"Krishnagiri, Tamil Nadu · 635203"
635204,"Krishnagiri, Tamil Nadu · 635204"
635205,"Dharmapuri, Tamil Nadu · 635205"
635206,"Krishnagiri, Tamil Nadu · 635206"
635207,"Krishnagiri, Tamil Nadu · 635207"
635301,"Dharmapuri, Tamil Nadu · 635301"
635302,"Dharmapuri, Tamil Nadu · 635302"
635303,"Dharmapuri, Tamil Nadu · 635303"
635304,"Krishnagiri, Tamil Nadu · 635304"
635305,"Dharmapuri, Tamil Nadu · 635305"
635306,"Krishnagiri, Tamil Nadu · 635306"
635307,"Krishnagiri, Tamil Nadu · 635307"
635601,"Vellore, Tamil Nadu · 635601"
635602,"Vellore, Tamil Nadu · 635602"
635651,"Vellore, Tamil Nadu · 635651"
635652,"Vellore, Tamil Nadu · 635652"
635653,"Vellore, Tamil Nadu · 635653"
635654,"Vellore, Tamil Nadu · 635654"
635655,"Vellore, Tamil Nadu · 635655"
635701,"Vellore, Tamil Nadu · 635701"
635702,"Vellore, Tamil Nadu · 635702"
635703,"Tiruvannamalai, Tamil Nadu · 635703"
635710,"Vellore, Tamil Nadu · 635710"
635751,"Vellore, Tamil Nadu · 635751"
635752,"Vellore, Tamil Nadu · 635752"
635754,"Vellore, Tamil Nadu · 635754"
635801,"Vellore, Tamil Nadu · 635801"
635802,"Vellore, Tamil Nadu · 635802"
635803,"Vellore, Tamil Nadu · 635803"
635804,"Vellore, Tamil Nadu · 635804"
635805,"Vellore, Tamil Nadu · 635805"
635806,"Vellore, Tamil Nadu · 635806"
635807,"Vellore, Tamil Nadu · 635807"
635808,"Vellore, Tamil Nadu · 635808"
635809,"Vellore, Tamil Nadu · 635809"
635810,"Vellore, Tamil Nadu · 635810"
635811,"Vellore, Tamil Nadu · 635811"
635812,"Vellore, Tamil Nadu · 635812"
635813,"Vellore, Tamil Nadu · 635813"
635814,"Vellore, Tamil Nadu · 635814"
635815,"Vellore, Tamil Nadu · 635815"
635851,"Vellore, Tamil Nadu · 635851"
635852,"Vellore, Tamil Nadu · 635852"
635853,"Vellore, Tamil Nadu · 635853"
635854,"Vellore, Tamil Nadu · 635854"
635901,"Vellore, Tamil Nadu · 635901"
636001,"Salem, Tamil Nadu · 636001"
636002,"Salem, Tamil Nadu · 636002"
636003,"Salem, Tamil Nadu · 636003"
636004,"Salem, Tamil Nadu · 636004"
636005,"Salem, Tamil Nadu · 636005"
636006,"Salem, Tamil Nadu · 636006"
636007,"Salem, Tamil Nadu · 636007"
636008,"Salem, Tamil Nadu · 636008"
636009,"Salem, Tamil Nadu · 636009"
636010,"Salem, Tamil Nadu · 636010"
636011,"Salem, Tamil Nadu · 636011"
636012,"Salem, Tamil Nadu · 636012"
636013,"Salem, Tamil Nadu · 636013"
636015,"Salem, Tamil Nadu · 636015"
636016,"Salem, Tamil Nadu · 636016"
636030,"Salem, Tamil Nadu · 636030"
636101,"Salem, Tamil Nadu · 636101"
636102,"Salem, Tamil Nadu · 636102"
636103,"Salem, Tamil Nadu · 636103"
636104,"Salem, Tamil Nadu · 636104"
636105,"Salem, Tamil Nadu · 636105"
636106,"Salem, Tamil Nadu · 636106"
636107,"Salem, Tamil Nadu · 636107"
636108,"Salem, Tamil Nadu · 636108"
636109,"Salem, Tamil Nadu · 636109"
636110,"Salem, Tamil Nadu · 636110"
636111,"Salem, Tamil Nadu · 636111"
636112,"Salem, Tamil Nadu · 636112"
636113,"Salem, Tamil Nadu · 636113"
636114,"Salem, Tamil Nadu · 636114"
636115,"Salem, Tamil Nadu · 636115"
636116,"Salem, Tamil Nadu · 636116"
636117,"Salem, Tamil Nadu · 636117"
636118,"Namakkal, Tamil Nadu · 636118"
636119,"Salem, Tamil Nadu · 636119"
636121,"Salem, Tamil Nadu · 636121"
636122,"Salem, Tamil Nadu · 636122"
636138,"Salem, Tamil Nadu · 636138"
636139,"Salem, Tamil Nadu · 636139"
636140,"Salem, Tamil Nadu · 636140"
636141,"Salem, Tamil Nadu · 636141"
636142,"Namakkal, Tamil Nadu · 636142"
636201,"Salem, Tamil Nadu · 636201"
636202,"Namakkal, Tamil Nadu · 636202"
636203,"Salem, Tamil Nadu · 636203"
636204,"Salem, Tamil Nadu · 636204"
636301,"Namakkal, Tamil Nadu · 636301"
636302,"Salem, Tamil Nadu · 636302"
636303,"Salem, Tamil Nadu · 636303"
636304,"Salem, Tamil Nadu · 636304"
636305,"Salem, Tamil Nadu · 636305"
636306,"Salem, Tamil Nadu · 636306"
636307,"Salem, Tamil Nadu · 636307"
636308,"Salem, Tamil Nadu · 636308"
636309,"Salem, Tamil Nadu · 636309"
636351,"Salem, Tamil Nadu · 636351"
636352,"Dharmapuri, Tamil Nadu · 636352"
636354,"Salem, Tamil Nadu · 636354"
636401,"Salem, Tamil Nadu · 636401"
636402,"Salem, Tamil Nadu · 636402"
636403,"Salem, Tamil Nadu · 636403"
636404,"Salem, Tamil Nadu · 636404"
636406,"Salem, Tamil Nadu · 636406"
636451,"Salem, Tamil Nadu · 636451"
636452,"Salem, Tamil Nadu · 636452"
636453,"Salem, Tamil Nadu · 636453"
636454,"Salem, Tamil Nadu · 636454"
636455,"Salem, Tamil Nadu · 636455"
636456,"Salem, Tamil Nadu · 636456"
636457,"Salem, Tamil Nadu · 636457"
636458,"Salem, Tamil Nadu · 636458"
636501,"Salem, Tamil Nadu · 636501"
636502,"Salem, Tamil Nadu · 636502"
636503,"Salem, Tamil Nadu · 636503"
636601,"Salem, Tamil Nadu · 636601"
636602,"Salem, Tamil Nadu · 636602"
636701,"Dharmapuri, Tamil Nadu · 636701"
636704,"Dharmapuri, Tamil Nadu · 636704"
636705,"Dharmapuri, Tamil Nadu · 636705"
636803,"Dharmapuri, Tamil Nadu · 636803"
636804,"Dharmapuri, Tamil Nadu · 636804"
636805,"Dharmapuri, Tamil Nadu · 636805"
636806,"Dharmapuri, Tamil Nadu · 636806"
636807,"Dharmapuri, Tamil Nadu · 636807"
636808,"Dharmapuri, Tamil Nadu · 636808"
636809,"Dharmapuri, Tamil Nadu · 636809"
636810,"Dharmapuri, Tamil Nadu · 636810"
636811,"Dharmapuri, Tamil Nadu · 636811"
636813,"Dharmapuri, Tamil Nadu · 636813"
636902,"Dharmapuri, Tamil Nadu · 636902"
636903,"Dharmapuri, Tamil Nadu · 636903"
636904,"Dharmapuri, Tamil Nadu · 636904"
636905,"Dharmapuri, Tamil Nadu · 636905"
636906,"Dharmapuri, Tamil Nadu · 636906"
637001,"Namakkal, Tamil Nadu · 637001"
637002,"Namakkal, Tamil Nadu · 637002"
637013,"Namakkal, Tamil Nadu · 637013"
637014,"Namakkal, Tamil Nadu · 637014"
637015,"Namakkal, Tamil Nadu · 637015"
637017,"Namakkal, Tamil Nadu · 637017"
637018,"Namakkal, Tamil Nadu · 637018"
637019,"Namakkal, Tamil Nadu · 637019"
637020,"Namakkal, Tamil Nadu · 637020"
637021,"Namakkal, Tamil Nadu · 637021"
637101,"Namakkal, Tamil Nadu · 637101"
637102,"Namakkal, Tamil Nadu · 637102"
637103,"Salem, Tamil Nadu · 637103"
637104,"Namakkal, Tamil Nadu · 637104"
637105,"Namakkal, Tamil Nadu · 637105"
637107,"Namakkal, Tamil Nadu · 637107"
637201,"Namakkal, Tamil Nadu · 637201"
637202,"Namakkal, Tamil Nadu · 637202"
637203,"Namakkal, Tamil Nadu · 637203"
637204,"Namakkal, Tamil Nadu · 637204"
637205,"Namakkal, Tamil Nadu · 637205"
637206,"Namakkal, Tamil Nadu · 637206"
637207,"Namakkal, Tamil Nadu · 637207"
637208,"Namakkal, Tamil Nadu · 637208"
637209,"Namakkal, Tamil Nadu · 637209"
637210,"Namakkal, Tamil Nadu · 637210"
637211,"Namakkal, Tamil Nadu · 637211"
637212,"Namakkal, Tamil Nadu · 637212"
637213,"Namakkal, Tamil Nadu · 637213"
637214,"Namakkal, Tamil Nadu · 637214"
637215,"Namakkal, Tamil Nadu · 637215"
637301,"Salem, Tamil Nadu · 637301"
637302,"Namakkal, Tamil Nadu · 637302"
637303,"Namakkal, Tamil Nadu · 637303"
637304,"Namakkal, Tamil Nadu · 637304"
637401,"Namakkal, Tamil Nadu · 637401"
637402,"Namakkal, Tamil Nadu · 637402"
637403,"Namakkal, Tamil Nadu · 637403"
637404,"Namakkal, Tamil Nadu · 637404"
637405,"Namakkal, Tamil Nadu · 637405"
637406,"Namakkal, Tamil Nadu · 637406"
637407,"Namakkal, Tamil Nadu · 637407"
637408,"Namakkal, Tamil Nadu · 637408"
637409,"Namakkal, Tamil Nadu · 637409"
637410,"Namakkal, Tamil Nadu · 637410"
637411,"Namakkal, Tamil Nadu · 637411"
637412,"Namakkal, Tamil Nadu · 637412"
637501,"Salem, Tamil Nadu · 637501"
637502,"Salem, Tamil Nadu · 637502"
637503,"Namakkal, Tamil Nadu · 637503"
637504,"Salem, Tamil Nadu · 637504"
637505,"Namakkal, Tamil Nadu · 637505"
638001,"Erode, Tamil Nadu · 638001"
638002,"Erode, Tamil Nadu · 638002"
638003,"Erode, Tamil Nadu · 638003"
638004,"Erode, Tamil Nadu · 638004"
638005,"Erode, Tamil Nadu · 638005"
638006,"Namakkal, Tamil Nadu · 638006"
638007,"Namakkal, Tamil Nadu · 638007"
638008,"Namakkal, Tamil Nadu · 638008"
638009,"Erode, Tamil Nadu · 638009"
638011,"Erode, Tamil Nadu · 638011"
638012,"Erode, Tamil Nadu · 638012"
638051,"Erode, Tamil Nadu · 638051"
638052,"Erode, Tamil Nadu · 638052"
638053,"Erode, Tamil Nadu · 638053"
638054,"Erode, Tamil Nadu · 638054"
638055,"Erode, Tamil Nadu · 638055"
638056,"Erode, Tamil Nadu · 638056"
638057,"Erode, Tamil Nadu · 638057"
638101,"Erode, Tamil Nadu · 638101"
638102,"Erode, Tamil Nadu · 638102"
638103,"Erode, Tamil Nadu · 638103"
638104,"Erode, Tamil Nadu · 638104"
638105,"Erode, Tamil Nadu · 638105"
638106,"Erode, Tamil Nadu · 638106"
638107,"Erode, Tamil Nadu · 638107"
638108,"Erode, Tamil Nadu · 638108"
638109,"Erode, Tamil Nadu · 638109"
638110,"Erode, Tamil Nadu · 638110"
638111,"Erode, Tamil Nadu · 638111"
638112,"Erode, Tamil Nadu · 638112"
638115,"Erode, Tamil Nadu · 638115"
638116,"Erode, Tamil Nadu · 638116"
638151,"Erode, Tamil Nadu · 638151"
638152,"Erode, Tamil Nadu · 638152"
638153,"Erode, Tamil Nadu · 638153"
638154,"Erode, Tamil Nadu · 638154"
638181,"Namakkal, Tamil Nadu · 638181"
638182,"Namakkal, Tamil Nadu · 638182"
638183,"Namakkal, Tamil Nadu · 638183"
638301,"Erode, Tamil Nadu · 638301"
638311,"Erode, Tamil Nadu · 638311"
638312,"Erode, Tamil Nadu · 638312"
638313,"Erode, Tamil Nadu · 638313"
638314,"Erode, Tamil Nadu · 638314"
638315,"Erode, Tamil Nadu · 638315"
638316,"Erode, Tamil Nadu · 638316"
638401,"Erode, Tamil Nadu · 638401"
638402,"Erode, Tamil Nadu · 638402"
638451,"Erode, Tamil Nadu · 638451"
638452,"Erode, Tamil Nadu · 638452"
638453,"Erode, Tamil Nadu · 638453"
638454,"Erode, Tamil Nadu · 638454"
638455,"Erode, Tamil Nadu · 638455"
638456,"Erode, Tamil Nadu · 638456"
638457,"Erode, Tamil Nadu · 638457"
638458,"Erode, Tamil Nadu · 638458"
638459,"Erode, Tamil Nadu · 638459"
638460,"Erode, Tamil Nadu · 638460"
638461,"Erode, Tamil Nadu · 638461"
638462,"Erode, Tamil Nadu · 638462"
638476,"Erode, Tamil Nadu · 638476"
638501,"Erode, Tamil Nadu · 638501"
638502,"Erode, Tamil Nadu · 638502"
638503,"Erode, Tamil Nadu · 638503"
638504,"Erode, Tamil Nadu · 638504"
638505,"Erode, Tamil Nadu · 638505"
638657,"Erode, Tamil Nadu · 638657"
638660,"Erode, Tamil Nadu · 638660"
638661,"Erode, Tamil Nadu · 638661"
638672,"Erode, Tamil Nadu · 638672"
638673,"Erode, Tamil Nadu · 638673"
638701,"Erode, Tamil Nadu · 638701"
638702,"Erode, Tamil Nadu · 638702"
638703,"Erode, Tamil Nadu · 638703"
638706,"Erode, Tamil Nadu · 638706"
638751,"Erode, Tamil Nadu · 638751"
638752,"Erode, Tamil Nadu · 638752"
638812,"Erode, Tamil Nadu · 638812"
639001,"Karur, Tamil Nadu · 639001"
639002,"Karur, Tamil Nadu · 639002"
639003,"Karur, Tamil Nadu · 639003"
639004,"Karur, Tamil Nadu · 639004"
639005,"Karur, Tamil Nadu · 639005"
639006,"Karur, Tamil Nadu · 639006"
639007,"Karur, Tamil Nadu · 639007"
639008,"Karur, Tamil Nadu · 639008"
639101,"Tiruchirappalli, Tamil Nadu · 639101"
639102,"Karur, Tamil Nadu · 639102"
639103,"Tiruchirappalli, Tamil Nadu · 639103"
639104,"Karur, Tamil Nadu · 639104"
639105,"Karur, Tamil Nadu · 639105"
639107,"Karur, Tamil Nadu · 639107"
639108,"Karur, Tamil Nadu · 639108"
639109,"Karur, Tamil Nadu · 639109"
639110,"Karur, Tamil Nadu · 639110"
639111,"Karur, Tamil Nadu · 639111"
639112,"Tiruchirappalli, Tamil Nadu · 639112"
639113,"Karur, Tamil Nadu · 639113"
639114,"Karur, Tamil Nadu · 639114"
639115,"Tiruchirappalli, Tamil Nadu · 639115"
639116,"Karur, Tamil Nadu · 639116"
639117,"Karur, Tamil Nadu · 639117"
639118,"Karur, Tamil Nadu · 639118"
639119,"Karur, Tamil Nadu · 639119"
639120,"Karur, Tamil Nadu · 639120"
639136,"Karur, Tamil Nadu · 639136"
639201,"Karur, Tamil Nadu · 639201"
639202,"Karur, Tamil Nadu · 639202"
639203,"Karur, Tamil Nadu · 639203"
639205,"Karur, Tamil Nadu · 639205"
639206,"Karur, Tamil Nadu · 639206"
639207,"Karur, Tamil Nadu · 639207"
641001,"Coimbatore, Tamil Nadu · 641001"
641002,"Coimbatore, Tamil Nadu · 641002"
641003,"Coimbatore, Tamil Nadu · 641003"
641004,"Coimbatore, Tamil Nadu · 641004"
641005,"Coimbatore, Tamil Nadu · 641005"
641006,"Coimbatore, Tamil Nadu · 641006"
641007,"Coimbatore, Tamil Nadu · 641007"
641008,"Coimbatore, Tamil Nadu · 641008"
641009,"Coimbatore, Tamil Nadu · 641009"
641010,"Coimbatore, Tamil Nadu · 641010"
641011,"Coimbatore, Tamil Nadu · 641011"
641012,"Coimbatore, Tamil Nadu · 641012"
641013,"Coimbatore, Tamil Nadu · 641013"
641014,"Coimbatore, Tamil Nadu · 641014"
641015,"Coimbatore, Tamil Nadu · 641015"
641016,"Coimbatore, Tamil Nadu · 641016"
641017,"Coimbatore, Tamil Nadu · 641017"
641018,"Coimbatore, Tamil Nadu · 641018"
641019,"Coimbatore, Tamil Nadu · 641019"
641020,"Coimbatore, Tamil Nadu · 641020"
641021,"Coimbatore, Tamil Nadu · 641021"
641022,"Coimbatore, Tamil Nadu · 641022"
641023,"Coimbatore, Tamil Nadu · 641023"
641024,"Coimbatore, Tamil Nadu · 641024"
641025,"Coimbatore, Tamil Nadu · 641025"
641026,"Coimbatore, Tamil Nadu · 641026"
641027,"Coimbatore, Tamil Nadu · 641027"
641028,"Coimbatore, Tamil Nadu · 641028"
641029,"Coimbatore, Tamil Nadu · 641029"
641030,"Coimbatore, Tamil Nadu · 641030"
641031,"Coimbatore, Tamil Nadu · 641031"
641032,"Coimbatore, Tamil Nadu · 641032"
641033,"Coimbatore, Tamil Nadu · 641033"
641034,"Coimbatore, Tamil Nadu · 641034"
641035,"Coimbatore, Tamil Nadu · 641035"
641036,"Coimbatore, Tamil Nadu · 641036"
641037,"Coimbatore, Tamil Nadu · 641037"
641038,"Coimbatore, Tamil Nadu · 641038"
641039,"Coimbatore, Tamil Nadu · 641039"
641041,"Coimbatore, Tamil Nadu · 641041"
641042,"Coimbatore, Tamil Nadu · 641042"
641043,"Coimbatore, Tamil Nadu · 641043"
641044,"Coimbatore, Tamil Nadu · 641044"
641045,"Coimbatore, Tamil Nadu · 641045"
641046,"Coimbatore, Tamil Nadu · 641046"
641047,"Coimbatore, Tamil Nadu · 641047"
641048,"Coimbatore, Tamil Nadu · 641048"
641049,"Coimbatore, Tamil Nadu · 641049"
641050,"Coimbatore, Tamil Nadu · 641050"
641062,"Coimbatore, Tamil Nadu · 641062"
641101,"Coimbatore, Tamil Nadu · 641101"
641103,"Coimbatore, Tamil Nadu · 641103"
641104,"Coimbatore, Tamil Nadu · 641104"
641105,"Coimbatore, Tamil Nadu · 641105"
641107,"Coimbatore, Tamil Nadu · 641107"
641108,"Coimbatore, Tamil Nadu · 641108"
641109,"Coimbatore, Tamil Nadu · 641109"
641110,"Coimbatore, Tamil Nadu · 641110"
641111,"Coimbatore, Tamil Nadu · 641111"
641112,"Coimbatore, Tamil Nadu · 641112"
641113,"Coimbatore, Tamil Nadu · 641113"
641114,"Coimbatore, Tamil Nadu · 641114"
641201,"Coimbatore, Tamil Nadu · 641201"
641202,"Coimbatore, Tamil Nadu · 641202"
641301,"Coimbatore, Tamil Nadu · 641301"
641302,"Coimbatore, Tamil Nadu · 641302"
641305,"Coimbatore, Tamil Nadu · 641305"
641401,"Coimbatore, Tamil Nadu · 641401"
641402,"Coimbatore, Tamil Nadu · 641402"
641407,"Coimbatore, Tamil Nadu · 641407"
641601,"Coimbatore, Tamil Nadu · 641601"
641602,"Coimbatore, Tamil Nadu · 641602"
641603,"Coimbatore, Tamil Nadu · 641603"
641604,"Coimbatore, Tamil Nadu · 641604"
641605,"Erode, Tamil Nadu · 641605"
641606,"Coimbatore, Tamil Nadu · 641606"
641607,"Coimbatore, Tamil Nadu · 641607"
641652,"Coimbatore, Tamil Nadu · 641652"
641653,"Coimbatore, Tamil Nadu · 641653"
641654,"Coimbatore, Tamil Nadu · 641654"
641655,"Coimbatore, Tamil Nadu · 641655"
641658,"Coimbatore, Tamil Nadu · 641658"
641659,"Coimbatore, Tamil Nadu · 641659"
641662,"Coimbatore, Tamil Nadu · 641662"
641663,"Coimbatore, Tamil Nadu · 641663"
641664,"Coimbatore, Tamil Nadu · 641664"
641665,"Coimbatore, Tamil Nadu · 641665"
641666,"Coimbatore, Tamil Nadu · 641666"
641667,"Coimbatore, Tamil Nadu · 641667"
641668,"Coimbatore, Tamil Nadu · 641668"
641669,"Coimbatore, Tamil Nadu · 641669"
641670,"Coimbatore, Tamil Nadu · 641670"
641671,"Coimbatore, Tamil Nadu · 641671"
641687,"Coimbatore, Tamil Nadu · 641687"
641697,"Coimbatore, Tamil Nadu · 641697"
642001,"Coimbatore, Tamil Nadu · 642001"
642002,"Coimbatore, Tamil Nadu · 642002"
642003,"Coimbatore, Tamil Nadu · 642003"
642004,"Coimbatore, Tamil Nadu · 642004"
642005,"Coimbatore, Tamil Nadu · 642005"
642006,"Coimbatore, Tamil Nadu · 642006"
642007,"Coimbatore, Tamil Nadu · 642007"
642101,"Coimbatore, Tamil Nadu · 642101"
642102,"Coimbatore, Tamil Nadu · 642102"
642103,"Coimbatore, Tamil Nadu · 642103"
642104,"Coimbatore, Tamil Nadu · 642104"
642105,"Coimbatore, Tamil Nadu · 642105"
642106,"Coimbatore, Tamil Nadu · 642106"
642107,"Coimbatore, Tamil Nadu · 642107"
642108,"Coimbatore, Tamil Nadu · 642108"
642109,"Coimbatore, Tamil Nadu · 642109"
642110,"Coimbatore, Tamil Nadu · 642110"
642111,"Coimbatore, Tamil Nadu · 642111"
642112,"Coimbatore, Tamil Nadu · 642112"
642113,"Coimbatore, Tamil Nadu · 642113"
642114,"Coimbatore, Tamil Nadu · 642114"
642117,"Coimbatore, Tamil Nadu · 642117"
642120,"Coimbatore, Tamil Nadu · 642120"
642122,"Coimbatore, Tamil Nadu · 642122"
642123,"Coimbatore, Tamil Nadu · 642123"
642125,"Coimbatore, Tamil Nadu · 642125"
642126,"Coimbatore, Tamil Nadu · 642126"
642127,"Coimbatore, Tamil Nadu · 642127"
642128,"Coimbatore, Tamil Nadu · 642128"
642129,"Coimbatore, Tamil Nadu · 642129"
642130,"Coimbatore, Tamil Nadu · 642130"
642132,"Coimbatore, Tamil Nadu · 642132"
642133,"Coimbatore, Tamil Nadu · 642133"
642134,"Coimbatore, Tamil Nadu · 642134"
642154,"Coimbatore, Tamil Nadu · 642154"
642201,"Coimbatore, Tamil Nadu · 642201"
642202,"Coimbatore, Tamil Nadu · 642202"
642203,"Coimbatore, Tamil Nadu · 642203"
642204,"Coimbatore, Tamil Nadu · 642204"
642205,"Coimbatore, Tamil Nadu · 642205"
642206,"Coimbatore, Tamil Nadu · 642206"
642207,"Coimbatore, Tamil Nadu · 642207"
643002,"The Nilgiris, Tamil Nadu · 643002"
643003,"The Nilgiris, Tamil Nadu · 643003"
643004,"The Nilgiris, Tamil Nadu · 643004"
643005,"The Nilgiris, Tamil Nadu · 643005"
643006,"The Nilgiris, Tamil Nadu · 643006"
643007,"The Nilgiris, Tamil Nadu · 643007"
643101,"The Nilgiris, Tamil Nadu · 643101"
643102,"The Nilgiris, Tamil Nadu · 643102"
643103,"The Nilgiris, Tamil Nadu · 643103"
643105,"The Nilgiris, Tamil Nadu · 643105"
643201,"The Nilgiris, Tamil Nadu · 643201"
643202,"The Nilgiris, Tamil Nadu · 643202"
643203,"The Nilgiris, Tamil Nadu · 643203"
643204,"The Nilgiris, Tamil Nadu · 643204"
643205,"The Nilgiris, Tamil Nadu · 643205"
643206,"The Nilgiris, Tamil Nadu · 643206"
643207,"The Nilgiris, Tamil Nadu · 643207"
643209,"The Nilgiris, Tamil Nadu · 643209"
643211,"The Nilgiris, Tamil Nadu · 643211"
643212,"The Nilgiris, Tamil Nadu · 643212"
643213,"The Nilgiris, Tamil Nadu · 643213"
643214,"The Nilgiris, Tamil Nadu · 643214"
643215,"The Nilgiris, Tamil Nadu · 643215"
643216,"The Nilgiris, Tamil Nadu · 643216"
643217,"The Nilgiris, Tamil Nadu · 643217"
643218,"The Nilgiris, Tamil Nadu · 643218"
643219,"The Nilgiris, Tamil Nadu · 643219"
643220,"The Nilgiris, Tamil Nadu · 643220"
643221,"The Nilgiris, Tamil Nadu · 643221"
643223,"The Nilgiris, Tamil Nadu · 643223"
643224,"The Nilgiris, Tamil Nadu · 643224"
643225,"The Nilgiris, Tamil Nadu · 643225"
643226,"The Nilgiris, Tamil Nadu · 643226"
643231,"The Nilgiris, Tamil Nadu · 643231"
643233,"The Nilgiris, Tamil Nadu · 643233"
643236,"The Nilgiris, Tamil Nadu · 643236"
643237,"The Nilgiris, Tamil Nadu · 643237"
643238,"The Nilgiris, Tamil Nadu · 643238"
643239,"The Nilgiris, Tamil Nadu · 643239"
643240,"The Nilgiris, Tamil Nadu · 643240"
643241,"The Nilgiris, Tamil Nadu · 643241"
643242,"The Nilgiris, Tamil Nadu · 643242"
643243,"The Nilgiris, Tamil Nadu · 643243"
643253,"The Nilgiris, Tamil Nadu · 643253"
670001,"Kannur, Kerala · 670001"
670002,"Kannur, Kerala · 670002"
670003,"Kannur, Kerala · 670003"
670004,"Kannur, Kerala · 670004"
670005,"Kannur, Kerala · 670005"
670006,"Kannur, Kerala · 670006"
670007,"Kannur, Kerala · 670007"
670008,"Kannur, Kerala · 670008"
670009,"Kannur, Kerala · 670009"
670010,"Kannur, Kerala · 670010"
670011,"Kannur, Kerala · 670011"
670012,"Kannur, Kerala · 670012"
670013,"Kannur, Kerala · 670013"
670014,"Kannur, Kerala · 670014"
670017,"Kannur, Kerala · 670017"
670018,"Kannur, Kerala · 670018"
670101,"Kannur, Kerala · 670101"
670102,"Kannur, Kerala · 670102"
670103,"Kannur, Kerala · 670103"
670104,"Kannur, Kerala · 670104"
670105,"Kannur, Kerala · 670105"
670106,"Kannur, Kerala · 670106"
670107,"Kannur, Kerala · 670107"
670141,"Kannur, Kerala · 670141"
670142,"Kannur, Kerala · 670142"
670143,"Kannur, Kerala · 670143"
670301,"Kannur, Kerala · 670301"
670302,"Kannur, Kerala · 670302"
670303,"Kannur, Kerala · 670303"
670304,"Kannur, Kerala · 670304"
670305,"Kannur, Kerala · 670305"
670306,"Kannur, Kerala · 670306"
670307,"Kannur, Kerala · 670307"
670308,"Kannur, Kerala · 670308"
670309,"Kannur, Kerala · 670309"
670310,"Kannur, Kerala · 670310"
670325,"Kannur, Kerala · 670325"
670327,"Kannur, Kerala · 670327"
670331,"Kannur, Kerala · 670331"
670334,"Kannur, Kerala · 670334"
670353,"Kannur, Kerala · 670353"
670358,"Kannur, Kerala · 670358"
670501,"Kannur, Kerala · 670501"
670502,"Kannur, Kerala · 670502"
670503,"Kannur, Kerala · 670503"
670504,"Kannur, Kerala · 670504"
670511,"Kannur, Kerala · 670511"
670521,"Kannur, Kerala · 670521"
670561,"Kannur, Kerala · 670561"
670562,"Kannur, Kerala · 670562"
670563,"Kannur, Kerala · 670563"
670567,"Kannur, Kerala · 670567"
670571,"Kannur, Kerala · 670571"
670581,"Kannur, Kerala · 670581"
670582,"Kannur, Kerala · 670582"
670591,"Kannur, Kerala · 670591"
670592,"Kannur, Kerala · 670592"
670594,"Kannur, Kerala · 670594"
670595,"Kannur, Kerala · 670595"
670601,"Kannur, Kerala · 670601"
670602,"Kannur, Kerala · 670602"
670604,"Kannur, Kerala · 670604"
670611,"Kannur, Kerala · 670611"
670612,"Kannur, Kerala · 670612"
670613,"Kannur, Kerala · 670613"
670621,"Kannur, Kerala · 670621"
670622,"Kannur, Kerala · 670622"
670631,"Kannur, Kerala · 670631"
670632,"Kannur, Kerala · 670632"
670633,"Kannur, Kerala · 670633"
670641,"Kannur, Kerala · 670641"
670642,"Kannur, Kerala · 670642"
670643,"Kannur, Kerala · 670643"
670644,"Wayanad, Kerala · 670644"
670645,"Wayanad, Kerala · 670645"
670646,"Wayanad, Kerala · 670646"
670649,"Kannur, Kerala · 670649"
670650,"Kannur, Kerala · 670650"
670651,"Kannur, Kerala · 670651"
670661,"Kannur, Kerala · 670661"
670662,"Kannur, Kerala · 670662"
670663,"Kannur, Kerala · 670663"
670671,"Kannur, Kerala · 670671"
670672,"Kannur, Kerala · 670672"
670673,"Kannur, Kerala · 670673"
670674,"Kannur, Kerala · 670674"
670675,"Kannur, Kerala · 670675"
670676,"Kannur, Kerala · 670676"
670691,"Kannur, Kerala · 670691"
670692,"Kannur, Kerala · 670692"
670693,"Kannur, Kerala · 670693"
670694,"Kannur, Kerala · 670694"
670701,"Kannur, Kerala · 670701"
670702,"Kannur, Kerala · 670702"
670703,"Kannur, Kerala · 670703"
670704,"Kannur, Kerala · 670704"
670705,"Kannur, Kerala · 670705"
670706,"Kannur, Kerala · 670706"
670731,"Wayanad, Kerala · 670731"
670741,"Kannur, Kerala · 670741"
673001,"Kozhikode, Kerala · 673001"
673002,"Kozhikode, Kerala · 673002"
673003,"Kozhikode, Kerala · 673003"
673004,"Kozhikode, Kerala · 673004"
673005,"Kozhikode, Kerala · 673005"
673006,"Kozhikode, Kerala · 673006"
673007,"Kozhikode, Kerala · 673007"
673008,"Kozhikode, Kerala · 673008"
673009,"Kozhikode, Kerala · 673009"
673010,"Kozhikode, Kerala · 673010"
673011,"Kozhikode, Kerala · 673011"
673012,"Kozhikode, Kerala · 673012"
673014,"Kozhikode, Kerala · 673014"
673015,"Kozhikode, Kerala · 673015"
673016,"Kozhikode, Kerala · 673016"
673017,"Kozhikode, Kerala · 673017"
673018,"Kozhikode, Kerala · 673018"
673019,"Kozhikode, Kerala · 673019"
673020,"Kozhikode, Kerala · 673020"
673021,"Kozhikode, Kerala · 673021"
673027,"Kozhikode, Kerala · 673027"
673028,"Kozhikode, Kerala · 673028"
673029,"Kozhikode, Kerala · 673029"
673032,"Kozhikode, Kerala · 673032"
673101,"Kozhikode, Kerala · 673101"
673102,"Kozhikode, Kerala · 673102"
673103,"Kozhikode, Kerala · 673103"
673104,"Kozhikode, Kerala · 673104"
673105,"Kozhikode, Kerala · 673105"
673106,"Kozhikode, Kerala · 673106"
673121,"Wayanad, Kerala · 673121"
673122,"Wayanad, Kerala · 673122"
673123,"Wayanad, Kerala · 673123"
673301,"Kozhikode, Kerala · 673301"
673302,"Kozhikode, Kerala · 673302"
673303,"Kozhikode, Kerala · 673303"
673304,"Kozhikode, Kerala · 673304"
673305,"Kozhikode, Kerala · 673305"
673306,"Kozhikode, Kerala · 673306"
673307,"Kozhikode, Kerala · 673307"
673308,"Kozhikode, Kerala · 673308"
673309,"Kozhikode, Kerala · 673309"
673311,"Kannur, Kerala · 673311"
673312,"Kannur, Kerala · 673312"
673313,"Kannur, Kerala · 673313"
673314,"Malappuram, Kerala · 673314"
673315,"Kozhikode, Kerala · 673315"
673316,"Kannur, Kerala · 673316"
673317,"Kozhikode, Kerala · 673317"
673328,"Kozhikode, Kerala · 673328"
673501,"Kozhikode, Kerala · 673501"
673502,"Kozhikode, Kerala · 673502"
673503,"Kozhikode, Kerala · 673503"
673504,"Kozhikode, Kerala · 673504"
673505,"Kozhikode, Kerala · 673505"
673506,"Kozhikode, Kerala · 673506"
673507,"Kozhikode, Kerala · 673507"
673508,"Kozhikode, Kerala · 673508"
673509,"Kozhikode, Kerala · 673509"
673513,"Kozhikode, Kerala · 673513"
673517,"Kozhikode, Kerala · 673517"
673521,"Kozhikode, Kerala · 673521"
673522,"Kozhikode, Kerala · 673522"
673523,"Kozhikode, Kerala · 673523"
673524,"Kozhikode, Kerala · 673524"
673525,"Kozhikode, Kerala · 673525"
673526,"Kozhikode, Kerala · 673526"
673527,"Kozhikode, Kerala · 673527"
673528,"Kozhikode, Kerala · 673528"
673529,"Kozhikode, Kerala · 673529"
673541,"Kozhikode, Kerala · 673541"
673542,"Kozhikode, Kerala · 673542"
673571,"Kozhikode, Kerala · 673571"
673572,"Kozhikode, Kerala · 673572"
673573,"Kozhikode, Kerala · 673573"
673575,"Wayanad, Kerala · 673575"
673576,"Wayanad, Kerala · 673576"
673577,"Wayanad, Kerala · 673577"
673579,"Wayanad, Kerala · 673579"
673580,"Kozhikode, Kerala · 673580"
673581,"Wayanad, Kerala · 673581"
673582,"Kozhikode, Kerala · 673582"
673585,"Kozhikode, Kerala · 673585"
673586,"Kozhikode, Kerala · 673586"
673591,"Wayanad, Kerala · 673591"
673592,"Wayanad, Kerala · 673592"
673593,"Wayanad, Kerala · 673593"
673595,"Wayanad, Kerala · 673595"
673596,"Wayanad, Kerala · 673596"
673601,"Kozhikode, Kerala · 673601"
673602,"Kozhikode, Kerala · 673602"
673603,"Kozhikode, Kerala · 673603"
673604,"Kozhikode, Kerala · 673604"
673611,"Kozhikode, Kerala · 673611"
673612,"Kozhikode, Kerala · 673612"
673613,"Kozhikode, Kerala · 673613"
673614,"Kozhikode, Kerala · 673614"
673616,"Kozhikode, Kerala · 673616"
673620,"Kozhikode, Kerala · 673620"
673631,"Kozhikode, Kerala · 673631"
673632,"Malappuram, Kerala · 673632"
673633,"Malappuram, Kerala · 673633"
673634,"Malappuram, Kerala · 673634"
673635,"Malappuram, Kerala · 673635"
673636,"Malappuram, Kerala · 673636"
673637,"Malappuram, Kerala · 673637"
673638,"Malappuram, Kerala · 673638"
673639,"Malappuram, Kerala · 673639"
673640,"Malappuram, Kerala · 673640"
673641,"Malappuram, Kerala · 673641"
673642,"Malappuram, Kerala · 673642"
673645,"Malappuram, Kerala · 673645"
673647,"Malappuram, Kerala · 673647"
673655,"Kozhikode, Kerala · 673655"
673661,"Kozhikode, Kerala · 673661"
676101,"Malappuram, Kerala · 676101"
676102,"Malappuram, Kerala · 676102"
676103,"Malappuram, Kerala · 676103"
676105,"Malappuram, Kerala · 676105"
676106,"Malappuram, Kerala · 676106"
676107,"Malappuram, Kerala · 676107"
676108,"Malappuram, Kerala · 676108"
676109,"Malappuram, Kerala · 676109"
676122,"Malappuram, Kerala · 676122"
676123,"Malappuram, Kerala · 676123"
676301,"Malappuram, Kerala · 676301"
676302,"Malappuram, Kerala · 676302"
676303,"Malappuram, Kerala · 676303"
676304,"Malappuram, Kerala · 676304"
676305,"Malappuram, Kerala · 676305"
676306,"Malappuram, Kerala · 676306"
676307,"Malappuram, Kerala · 676307"
676309,"Malappuram, Kerala · 676309"
676311,"Malappuram, Kerala · 676311"
676312,"Malappuram, Kerala · 676312"
676317,"Malappuram, Kerala · 676317"
676319,"Malappuram, Kerala · 676319"
676320,"Malappuram, Kerala · 676320"
676501,"Malappuram, Kerala · 676501"
676502,"Malappuram, Kerala · 676502"
676503,"Malappuram, Kerala · 676503"
676504,"Malappuram, Kerala · 676504"
676505,"Malappuram, Kerala · 676505"
676506,"Malappuram, Kerala · 676506"
676507,"Malappuram, Kerala · 676507"
676508,"Malappuram, Kerala · 676508"
676509,"Malappuram, Kerala · 676509"
676510,"Malappuram, Kerala · 676510"
676517,"Malappuram, Kerala · 676517"
676519,"Malappuram, Kerala · 676519"
676521,"Malappuram, Kerala · 676521"
676522,"Malappuram, Kerala · 676522"
676523,"Malappuram, Kerala · 676523"
676525,"Malappuram, Kerala · 676525"
676528,"Malappuram, Kerala · 676528"
676541,"Malappuram, Kerala · 676541"
676542,"Malappuram, Kerala · 676542"
676551,"Malappuram, Kerala · 676551"
676552,"Malappuram, Kerala · 676552"
676553,"Malappuram, Kerala · 676553"
676561,"Malappuram, Kerala · 676561"
676562,"Malappuram, Kerala · 676562"
678001,"Palakkad, Kerala · 678001"
678002,"Palakkad, Kerala · 678002"
678003,"Palakkad, Kerala · 678003"
678004,"Palakkad, Kerala · 678004"
678005,"Palakkad, Kerala · 678005"
678006,"Palakkad, Kerala · 678006"
678007,"Palakkad, Kerala · 678007"
678008,"Palakkad, Kerala · 678008"
678009,"Palakkad, Kerala · 678009"
678010,"Palakkad, Kerala · 678010"
678011,"Palakkad, Kerala · 678011"
678012,"Palakkad, Kerala · 678012"
678013,"Palakkad, Kerala · 678013"
678014,"Palakkad, Kerala · 678014"
678101,"Palakkad, Kerala · 678101"
678102,"Palakkad, Kerala · 678102"
678103,"Palakkad, Kerala · 678103"
678104,"Palakkad, Kerala · 678104"
678501,"Palakkad, Kerala · 678501"
678502,"Palakkad, Kerala · 678502"
678503,"Palakkad, Kerala · 678503"
678504,"Palakkad, Kerala · 678504"
678505,"Palakkad, Kerala · 678505"
678506,"Palakkad, Kerala · 678506"
678507,"Palakkad, Kerala · 678507"
678508,"Palakkad, Kerala · 678508"
678510,"Palakkad, Kerala · 678510"
678512,"Palakkad, Kerala · 678512"
678531,"Palakkad, Kerala · 678531"
678532,"Palakkad, Kerala · 678532"
678533,"Palakkad, Kerala · 678533"
678534,"Palakkad, Kerala · 678534"
678541,"Palakkad, Kerala · 678541"
678542,"Palakkad, Kerala · 678542"
678543,"Palakkad, Kerala · 678543"
678544,"Palakkad, Kerala · 678544"
678545,"Palakkad, Kerala · 678545"
678546,"Palakkad, Kerala · 678546"
678551,"Palakkad, Kerala · 678551"
678552,"Palakkad, Kerala · 678552"
678553,"Palakkad, Kerala · 678553"
678554,"Palakkad, Kerala · 678554"
678555,"Palakkad, Kerala · 678555"
678556,"Palakkad, Kerala · 678556"
678557,"Palakkad, Kerala · 678557"
678571,"Palakkad, Kerala · 678571"
678572,"Palakkad, Kerala · 678572"
678573,"Palakkad, Kerala · 678573"
678574,"Palakkad, Kerala · 678574"
678581,"Palakkad, Kerala · 678581"
678582,"Palakkad, Kerala · 678582"
678583,"Palakkad, Kerala · 678583"
678591,"Palakkad, Kerala · 678591"
678592,"Palakkad, Kerala · 678592"
678593,"Palakkad, Kerala · 678593"
678594,"Palakkad, Kerala · 678594"
678595,"Palakkad, Kerala · 678595"
678596,"Palakkad, Kerala · 678596"
678597,"Palakkad, Kerala · 678597"
678598,"Palakkad, Kerala · 678598"
678601,"Palakkad, Kerala · 678601"
678611,"Palakkad, Kerala · 678611"
678612,"Palakkad, Kerala · 678612"
678613,"Palakkad, Kerala · 678613"
678621,"Palakkad, Kerala · 678621"
678622,"Palakkad, Kerala · 678622"
678623,"Palakkad, Kerala · 678623"
678624,"Palakkad, Kerala · 678624"
678631,"Palakkad, Kerala · 678631"
678632,"Palakkad, Kerala · 678632"
678633,"Palakkad, Kerala · 678633"
678641,"Palakkad, Kerala · 678641"
678651,"Palakkad, Kerala · 678651"
678661,"Palakkad, Kerala · 678661"
678671,"Palakkad, Kerala · 678671"
678681,"Palakkad, Kerala · 678681"
678682,"Palakkad, Kerala · 678682"
678683,"Palakkad, Kerala · 678683"
678684,"Palakkad, Kerala · 678684"
678685,"Palakkad, Kerala · 678685"
678686,"Palakkad, Kerala · 678686"
678687,"Palakkad, Kerala · 678687"
678688,"Palakkad, Kerala · 678688"
678701,"Palakkad, Kerala · 678701"
678702,"Palakkad, Kerala · 678702"
678703,"Palakkad, Kerala · 678703"
678704,"Palakkad, Kerala · 678704"
678705,"Palakkad, Kerala · 678705"
678706,"Palakkad, Kerala · 678706"
678721,"Palakkad, Kerala · 678721"
678722,"Palakkad, Kerala · 678722"
678731,"Palakkad, Kerala · 678731"
678732,"Palakkad, Kerala · 678732"
678762,"Palakkad, Kerala · 678762"
679101,"Palakkad, Kerala · 679101"
679102,"Palakkad, Kerala · 679102"
679103,"Palakkad, Kerala · 679103"
679104,"Palakkad, Kerala · 679104"
679105,"Thrissur, Kerala · 679105"
679106,"Thrissur, Kerala · 679106"
679121,"Palakkad, Kerala · 679121"
679122,"Palakkad, Kerala · 679122"
679123,"Palakkad, Kerala · 679123"
679301,"Palakkad, Kerala · 679301"
679302,"Palakkad, Kerala · 679302"
679303,"Palakkad, Kerala · 679303"
679304,"Palakkad, Kerala · 679304"
679305,"Palakkad, Kerala · 679305"
679306,"Palakkad, Kerala · 679306"
679307,"Palakkad, Kerala · 679307"
679308,"Palakkad, Kerala · 679308"
679309,"Palakkad, Kerala · 679309"
679313,"Palakkad, Kerala · 679313"
679321,"Malappuram, Kerala · 679321"
679322,"Malappuram, Kerala · 679322"
679323,"Malappuram, Kerala · 679323"
679324,"Malappuram, Kerala · 679324"
679325,"Malappuram, Kerala · 679325"
679326,"Malappuram, Kerala · 679326"
679327,"Malappuram, Kerala · 679327"
679328,"Malappuram, Kerala · 679328"
679329,"Malappuram, Kerala · 679329"
679330,"Malappuram, Kerala · 679330"
679331,"Malappuram, Kerala · 679331"
679332,"Malappuram, Kerala · 679332"
679333,"Malappuram, Kerala · 679333"
679334,"Malappuram, Kerala · 679334"
679335,"Palakkad, Kerala · 679335"
679336,"Palakkad, Kerala · 679336"
679337,"Palakkad, Kerala · 679337"
679338,"Malappuram, Kerala · 679338"
679339,"Malappuram, Kerala · 679339"
679340,"Malappuram, Kerala · 679340"
679341,"Malappuram, Kerala · 679341"
679357,"Malappuram, Kerala · 679357"
679501,"Palakkad, Kerala · 679501"
679502,"Palakkad, Kerala · 679502"
679503,"Palakkad, Kerala · 679503"
679504,"Palakkad, Kerala · 679504"
679505,"Palakkad, Kerala · 679505"
679506,"Palakkad, Kerala · 679506"
679511,"Palakkad, Kerala · 679511"
679512,"Palakkad, Kerala · 679512"
679513,"Palakkad, Kerala · 679513"
679514,"Palakkad, Kerala · 679514"
679515,"Palakkad, Kerala · 679515"
679516,"Palakkad, Kerala · 679516"
679521,"Palakkad, Kerala · 679521"
679522,"Palakkad, Kerala · 679522"
679523,"Palakkad, Kerala · 679523"
679531,"Thrissur, Kerala · 679531"
679532,"Thrissur, Kerala · 679532"
679533,"Palakkad, Kerala · 679533"
679534,"Palakkad, Kerala · 679534"
679535,"Palakkad, Kerala · 679535"
679536,"Palakkad, Kerala · 679536"
679551,"Palakkad, Kerala · 679551"
679552,"Palakkad, Kerala · 679552"
679553,"Palakkad, Kerala · 679553"
679554,"Palakkad, Kerala · 679554"
679561,"Thrissur, Kerala · 679561"
679562,"Thrissur, Kerala · 679562"
679563,"Thrissur, Kerala · 679563"
679564,"Thrissur, Kerala · 679564"
679571,"Malappuram, Kerala · 679571"
679572,"Malappuram, Kerala · 679572"
679573,"Malappuram, Kerala · 679573"
679574,"Malappuram, Kerala · 679574"
679575,"Malappuram, Kerala · 679575"
679576,"Malappuram, Kerala · 679576"
679577,"Malappuram, Kerala · 679577"
679578,"Malappuram, Kerala · 679578"
679579,"Malappuram, Kerala · 679579"
679580,"Malappuram, Kerala · 679580"
679581,"Malappuram, Kerala · 679581"
679582,"Malappuram, Kerala · 679582"
679583,"Malappuram, Kerala · 679583"
679584,"Malappuram, Kerala · 679584"
679585,"Malappuram, Kerala · 679585"
679586,"Malappuram, Kerala · 679586"
679587,"Malappuram, Kerala · 679587"
679591,"Malappuram, Kerala · 679591"
680001,"Thrissur, Kerala · 680001"
680002,"Thrissur, Kerala · 680002"
680003,"Thrissur, Kerala · 680003"
680004,"Thrissur, Kerala · 680004"
680005,"Thrissur, Kerala · 680005"
680006,"Thrissur, Kerala · 680006"
680007,"Thrissur, Kerala · 680007"
680008,"Thrissur, Kerala · 680008"
680009,"Thrissur, Kerala · 680009"
680010,"Thrissur, Kerala · 680010"
680011,"Thrissur, Kerala · 680011"
680012,"Thrissur, Kerala · 680012"
680013,"Thrissur, Kerala · 680013"
680020,"Thrissur, Kerala · 680020"
680021,"Thrissur, Kerala · 680021"
680022,"Thrissur, Kerala · 680022"
680026,"Thrissur, Kerala · 680026"
680027,"Thrissur, Kerala · 680027"
680028,"Thrissur, Kerala · 680028"
680101,"Thrissur, Kerala · 680101"
680102,"Thrissur, Kerala · 680102"
680103,"Thrissur, Kerala · 680103"
680104,"Thrissur, Kerala · 680104"
680121,"Thrissur, Kerala · 680121"
680122,"Thrissur, Kerala · 680122"
680123,"Thrissur, Kerala · 680123"
680125,"Thrissur, Kerala · 680125"
680301,"Thrissur, Kerala · 680301"
680302,"Thrissur, Kerala · 680302"
680303,"Thrissur, Kerala · 680303"
680304,"Thrissur, Kerala · 680304"
680305,"Thrissur, Kerala · 680305"
680306,"Thrissur, Kerala · 680306"
680307,"Thrissur, Kerala · 680307"
680308,"Thrissur, Kerala · 680308"
680309,"Thrissur, Kerala · 680309"
680310,"Thrissur, Kerala · 680310"
680311,"Thrissur, Kerala · 680311"
680312,"Thrissur, Kerala · 680312"
680317,"Thrissur, Kerala · 680317"
680501,"Thrissur, Kerala · 680501"
680502,"Thrissur, Kerala · 680502"
680503,"Thrissur, Kerala · 680503"
680504,"Thrissur, Kerala · 680504"
680505,"Thrissur, Kerala · 680505"
680506,"Thrissur, Kerala · 680506"
680507,"Thrissur, Kerala · 680507"
680508,"Thrissur, Kerala · 680508"
680509,"Thrissur, Kerala · 680509"
680510,"Thrissur, Kerala · 680510"
680511,"Thrissur, Kerala · 680511"
680512,"Thrissur, Kerala · 680512"
680513,"Thrissur, Kerala · 680513"
680514,"Thrissur, Kerala · 680514"
680515,"Thrissur, Kerala · 680515"
680516,"Thrissur, Kerala · 680516"
680517,"Thrissur, Kerala · 680517"
680518,"Thrissur, Kerala · 680518"
680519,"Thrissur, Kerala · 680519"
680520,"Thrissur, Kerala · 680520"
680521,"Thrissur, Kerala · 680521"
680522,"Thrissur, Kerala · 680522"
680523,"Thrissur, Kerala · 680523"
680524,"Thrissur, Kerala · 680524"
680541,"Thrissur, Kerala · 680541"
680542,"Thrissur, Kerala · 680542"
680543,"Thrissur, Kerala · 680543"
680544,"Thrissur, Kerala · 680544"
680545,"Thrissur, Kerala · 680545"
680546,"Thrissur, Kerala · 680546"
680551,"Thrissur, Kerala · 680551"
680552,"Thrissur, Kerala · 680552"
680553,"Thrissur, Kerala · 680553"
680555,"Thrissur, Kerala · 680555"
680561,"Thrissur, Kerala · 680561"
680562,"Thrissur, Kerala · 680562"
680563,"Thrissur, Kerala · 680563"
680564,"Thrissur, Kerala · 680564"
680565,"Thrissur, Kerala · 680565"
680566,"Thrissur, Kerala · 680566"
680567,"Thrissur, Kerala · 680567"
680568,"Thrissur, Kerala · 680568"
680569,"Thrissur, Kerala · 680569"
680570,"Thrissur, Kerala · 680570"
680571,"Thrissur, Kerala · 680571"
680581,"Thrissur, Kerala · 680581"
680582,"Thrissur, Kerala · 680582"
680583,"Thrissur, Kerala · 680583"
680584,"Thrissur, Kerala · 680584"
680585,"Thrissur, Kerala · 680585"
680586,"Thrissur, Kerala · 680586"
680587,"Thrissur, Kerala · 680587"
680588,"Thrissur, Kerala · 680588"
680589,"Thrissur, Kerala · 680589"
680590,"Thrissur, Kerala · 680590"
680591,"Thrissur, Kerala · 680591"
680594,"Thrissur, Kerala · 680594"
680596,"Thrissur, Kerala · 680596"
680601,"Thrissur, Kerala · 680601"
680602,"Thrissur, Kerala · 680602"
680604,"Thrissur, Kerala · 680604"
680611,"Thrissur, Kerala · 680611"
680612,"Thrissur, Kerala · 680612"
680613,"Thrissur, Kerala · 680613"
680614,"Thrissur, Kerala · 680614"
680615,"Thrissur, Kerala · 680615"
680616,"Thrissur, Kerala · 680616"
680617,"Thrissur, Kerala · 680617"
680618,"Thrissur, Kerala · 680618"
680619,"Thrissur, Kerala · 680619"
680620,"Thrissur, Kerala · 680620"
680623,"Thrissur, Kerala · 680623"
680631,"Thrissur, Kerala · 680631"
680641,"Thrissur, Kerala · 680641"
680642,"Thrissur, Kerala · 680642"
680651,"Thrissur, Kerala · 680651"
680652,"Thrissur, Kerala · 680652"
680653,"Thrissur, Kerala · 680653"
680654,"Thrissur, Kerala · 680654"
680655,"Thrissur, Kerala · 680655"
680656,"Thrissur, Kerala · 680656"
680661,"Thrissur, Kerala · 680661"
680662,"Thrissur, Kerala · 680662"
680663,"Thrissur, Kerala · 680663"
680664,"Thrissur, Kerala · 680664"
680665,"Thrissur, Kerala · 680665"
680666,"Thrissur, Kerala · 680666"
680667,"Thrissur, Kerala · 680667"
680668,"Thrissur, Kerala · 680668"
680669,"Thrissur, Kerala · 680669"
680670,"Thrissur, Kerala · 680670"
680671,"Thrissur, Kerala · 680671"
680681,"Thrissur, Kerala · 680681"
680682,"Thrissur, Kerala · 680682"
680683,"Thrissur, Kerala · 680683"
680684,"Thrissur, Kerala · 680684"
680685,"Thrissur, Kerala · 680685"
680686,"Thrissur, Kerala · 680686"
680687,"Thrissur, Kerala · 680687"
680688,"Thrissur, Kerala · 680688"
680689,"Thrissur, Kerala · 680689"
680691,"Thrissur, Kerala · 680691"
680697,"Thrissur, Kerala · 680697"
680699,"Thrissur, Kerala · 680699"
680701,"Thrissur, Kerala · 680701"
680702,"Thrissur, Kerala · 680702"
680703,"Thrissur, Kerala · 680703"
680711,"Thrissur, Kerala · 680711"
680712,"Thrissur, Kerala · 680712"
680721,"Thrissur, Kerala · 680721"
680722,"Thrissur, Kerala · 680722"
680724,"Thrissur, Kerala · 680724"
680731,"Thrissur, Kerala · 680731"
680732,"Thrissur, Kerala · 680732"
680733,"Thrissur, Kerala · 680733"
680734,"Thrissur, Kerala · 680734"
680741,"Thrissur, Kerala · 680741"
680751,"Thrissur, Kerala · 680751"
682001,"Ernakulam, Kerala · 682001"
682002,"Ernakulam, Kerala · 682002"
682003,"Ernakulam, Kerala · 682003"
682004,"Ernakulam, Kerala · 682004"
682005,"Ernakulam, Kerala · 682005"
682006,"Ernakulam, Kerala · 682006"
682007,"Ernakulam, Kerala · 682007"
682008,"Ernakulam, Kerala · 682008"
682009,"Ernakulam, Kerala · 682009"
682010,"Ernakulam, Kerala · 682010"
682011,"Ernakulam, Kerala · 682011"
682012,"Ernakulam, Kerala · 682012"
682013,"Ernakulam, Kerala · 682013"
682015,"Ernakulam, Kerala · 682015"
682016,"Ernakulam, Kerala · 682016"
682017,"Ernakulam, Kerala · 682017"
682018,"Ernakulam, Kerala · 682018"
682019,"Ernakulam, Kerala · 682019"
682020,"Ernakulam, Kerala · 682020"
682021,"Ernakulam, Kerala · 682021"
682022,"Ernakulam, Kerala · 682022"
682023,"Ernakulam, Kerala · 682023"
682024,"Ernakulam, Kerala · 682024"
682025,"Ernakulam, Kerala · 682025"
682026,"Ernakulam, Kerala · 682026"
682027,"Ernakulam, Kerala · 682027"
682028,"Ernakulam, Kerala · 682028"
682029,"Ernakulam, Kerala · 682029"
682030,"Ernakulam, Kerala · 682030"
682031,"Ernakulam, Kerala · 682031"
682032,"Ernakulam, Kerala · 682032"
682033,"Ernakulam, Kerala · 682033"
682034,"Ernakulam, Kerala · 682034"
682035,"Ernakulam, Kerala · 682035"
682036,"Ernakulam, Kerala · 682036"
682037,"Ernakulam, Kerala · 682037"
682038,"Ernakulam, Kerala · 682038"
682039,"Ernakulam, Kerala · 682039"
682040,"Ernakulam, Kerala · 682040"
682041,"Ernakulam, Kerala · 682041"
682042,"Ernakulam, Kerala · 682042"
682301,"Ernakulam, Kerala · 682301"
682302,"Ernakulam, Kerala · 682302"
682303,"Ernakulam, Kerala · 682303"
682304,"Ernakulam, Kerala · 682304"
682305,"Ernakulam, Kerala · 682305"
682306,"Ernakulam, Kerala · 682306"
682307,"Ernakulam, Kerala · 682307"
682308,"Ernakulam, Kerala · 682308"
682309,"Ernakulam, Kerala · 682309"
682310,"Ernakulam, Kerala · 682310"
682311,"Ernakulam, Kerala · 682311"
682312,"Ernakulam, Kerala · 682312"
682313,"Ernakulam, Kerala · 682313"
682314,"Ernakulam, Kerala · 682314"
682315,"Ernakulam, Kerala · 682315"
682316,"Ernakulam, Kerala · 682316"
682501,"Ernakulam, Kerala · 682501"
682502,"Ernakulam, Kerala · 682502"
682503,"Ernakulam, Kerala · 682503"
682504,"Ernakulam, Kerala · 682504"
682505,"Ernakulam, Kerala · 682505"
682506,"Ernakulam, Kerala · 682506"
682507,"Ernakulam, Kerala · 682507"
682508,"Ernakulam, Kerala · 682508"
682509,"Ernakulam, Kerala · 682509"
682511,"Ernakulam, Kerala · 682511"
682551,"Lakshadweep, Lakshadweep · 682551"
682552,"Lakshadweep, Lakshadweep · 682552"
682553,"Lakshadweep, Lakshadweep · 682553"
682555,"Lakshadweep, Lakshadweep · 682555"
682556,"Lakshadweep, Lakshadweep · 682556"
682557,"Lakshadweep, Lakshadweep · 682557"
682559,"Lakshadweep, Lakshadweep · 682559"
683101,"Ernakulam, Kerala · 683101"
683102,"Ernakulam, Kerala · 683102"
683104,"Ernakulam, Kerala · 683104"
683105,"Ernakulam, Kerala · 683105"
683106,"Ernakulam, Kerala · 683106"
683108,"Ernakulam, Kerala · 683108"
683110,"Ernakulam, Kerala · 683110"
683111,"Ernakulam, Kerala · 683111"
683112,"Ernakulam, Kerala · 683112"
683501,"Ernakulam, Kerala · 683501"
683502,"Ernakulam, Kerala · 683502"
683503,"Ernakulam, Kerala · 683503"
683511,"Ernakulam, Kerala · 683511"
683512,"Ernakulam, Kerala · 683512"
683513,"Ernakulam, Kerala · 683513"
683514,"Ernakulam, Kerala · 683514"
683515,"Ernakulam, Kerala · 683515"
683516,"Ernakulam, Kerala · 683516"
683517,"Ernakulam, Kerala · 683517"
683518,"Ernakulam, Kerala · 683518"
683519,"Ernakulam, Kerala · 683519"
683520,"Ernakulam, Kerala · 683520"
683521,"Ernakulam, Kerala · 683521"
683522,"Ernakulam, Kerala · 683522"
683542,"Ernakulam, Kerala · 683542"
683543,"Ernakulam, Kerala · 683543"
683544,"Ernakulam, Kerala · 683544"
683545,"Ernakulam, Kerala · 683545"
683546,"Ernakulam, Kerala · 683546"
683547,"Ernakulam, Kerala · 683547"
683549,"Ernakulam, Kerala · 683549"
683550,"Ernakulam, Kerala · 683550"
683556,"Ernakulam, Kerala · 683556"
683561,"Ernakulam, Kerala · 683561"
683562,"Ernakulam, Kerala · 683562"
683563,"Ernakulam, Kerala · 683563"
683565,"Ernakulam, Kerala · 683565"
683571,"Ernakulam, Kerala · 683571"
683572,"Ernakulam, Kerala · 683572"
683573,"Ernakulam, Kerala · 683573"
683574,"Ernakulam, Kerala · 683574"
683575,"Ernakulam, Kerala · 683575"
683576,"Ernakulam, Kerala · 683576"
683577,"Ernakulam, Kerala · 683577"
683578,"Ernakulam, Kerala · 683578"
683579,"Ernakulam, Kerala · 683579"
683580,"Ernakulam, Kerala · 683580"
683581,"Ernakulam, Kerala · 683581"
683585,"Ernakulam, Kerala · 683585"
683587,"Ernakulam, Kerala · 683587"
683589,"Ernakulam, Kerala · 683589"
683594,"Ernakulam, Kerala · 683594"
685501,"Idukki, Kerala · 685501"
685503,"Idukki, Kerala · 685503"
685505,"Idukki, Kerala · 685505"
685507,"Idukki, Kerala · 685507"
685508,"Idukki, Kerala · 685508"
685509,"Idukki, Kerala · 685509"
685511,"Idukki, Kerala · 685511"
685514,"Idukki, Kerala · 685514"
685515,"Idukki, Kerala · 685515"
685531,"Idukki, Kerala · 685531"
685532,"Idukki, Kerala · 685532"
685533,"Idukki, Kerala · 685533"
685535,"Idukki, Kerala · 685535"
685551,"Idukki, Kerala · 685551"
685552,"Idukki, Kerala · 685552"
685553,"Idukki, Kerala · 685553"
685554,"Idukki, Kerala · 685554"
685561,"Idukki, Kerala · 685561"
685562,"Idukki, Kerala · 685562"
685563,"Idukki, Kerala · 685563"
685565,"Idukki, Kerala · 685565"
685566,"Idukki, Kerala · 685566"
685571,"Idukki, Kerala · 685571"
685581,"Idukki, Kerala · 685581"
685582,"Idukki, Kerala · 685582"
685583,"Idukki, Kerala · 685583"
685584,"Idukki, Kerala · 685584"
685585,"Idukki, Kerala · 685585"
685586,"Idukki, Kerala · 685586"
685587,"Idukki, Kerala · 685587"
685588,"Idukki, Kerala · 685588"
685589,"Idukki, Kerala · 685589"
685590,"Idukki, Kerala · 685590"
685591,"Idukki, Kerala · 685591"
685595,"Idukki, Kerala · 685595"
685601,"Idukki, Kerala · 685601"
685602,"Idukki, Kerala · 685602"
685603,"Idukki, Kerala · 685603"
685604,"Idukki, Kerala · 685604"
685605,"Idukki, Kerala · 685605"
685606,"Idukki, Kerala · 685606"
685607,"Idukki, Kerala · 685607"
685608,"Idukki, Kerala · 685608"
685609,"Idukki, Kerala · 685609"
685612,"Idukki, Kerala · 685612"
685613,"Idukki, Kerala · 685613"
685614,"Idukki, Kerala · 685614"
685615,"Idukki, Kerala · 685615"
685616,"Idukki, Kerala · 685616"
685618,"Idukki, Kerala · 685618"
685619,"Idukki, Kerala · 685619"
685620,"Idukki, Kerala · 685620"
686001,"Kottayam, Kerala · 686001"
686002,"Kottayam, Kerala · 686002"
686003,"Kottayam, Kerala · 686003"
686004,"Kottayam, Kerala · 686004"
686005,"Kottayam, Kerala · 686005"
686006,"Kottayam, Kerala · 686006"
686007,"Kottayam, Kerala · 686007"
686008,"Kottayam, Kerala · 686008"
686009,"Kottayam, Kerala · 686009"
686010,"Kottayam, Kerala · 686010"
686011,"Kottayam, Kerala · 686011"
686012,"Kottayam, Kerala · 686012"
686013,"Kottayam, Kerala · 686013"
686014,"Kottayam, Kerala · 686014"
686015,"Kottayam, Kerala · 686015"
686016,"Kottayam, Kerala · 686016"
686017,"Kottayam, Kerala · 686017"
686018,"Kottayam, Kerala · 686018"
686019,"Kottayam, Kerala · 686019"
686020,"Kottayam, Kerala · 686020"
686021,"Kottayam, Kerala · 686021"
686022,"Kottayam, Kerala · 686022"
686041,"Kottayam, Kerala · 686041"
686101,"Kottayam, Kerala · 686101"
686102,"Kottayam, Kerala · 686102"
686103,"Kottayam, Kerala · 686103"
686104,"Kottayam, Kerala · 686104"
686105,"Kottayam, Kerala · 686105"
686106,"Kottayam, Kerala · 686106"
686121,"Kottayam, Kerala · 686121"
686122,"Kottayam, Kerala · 686122"
686123,"Kottayam, Kerala · 686123"
686141,"Kottayam, Kerala · 686141"
686143,"Kottayam, Kerala · 686143"
686144,"Kottayam, Kerala · 686144"
686146,"Kottayam, Kerala · 686146"
686501,"Kottayam, Kerala · 686501"
686502,"Kottayam, Kerala · 686502"
686503,"Kottayam, Kerala · 686503"
686504,"Kottayam, Kerala · 686504"
686505,"Kottayam, Kerala · 686505"
686506,"Kottayam, Kerala · 686506"
686507,"Kottayam, Kerala · 686507"
686508,"Kottayam, Kerala · 686508"
686509,"Kottayam, Kerala · 686509"
686510,"Kottayam, Kerala · 686510"
686511,"Pathanamthitta, Kerala · 686511"
686512,"Kottayam, Kerala · 686512"
686513,"Kottayam, Kerala · 686513"
686514,"Kottayam, Kerala · 686514"
686515,"Kottayam, Kerala · 686515"
686516,"Kottayam, Kerala · 686516"
686517,"Kottayam, Kerala · 686517"
686518,"Kottayam, Kerala · 686518"
686519,"Kottayam, Kerala · 686519"
686520,"Kottayam, Kerala · 686520"
686521,"Kottayam, Kerala · 686521"
686522,"Kottayam, Kerala · 686522"
686531,"Kottayam, Kerala · 686531"
686532,"Kottayam, Kerala · 686532"
686533,"Kottayam, Kerala · 686533"
686534,"Alappuzha, Kerala · 686534"
686535,"Kottayam, Kerala · 686535"
686536,"Kottayam, Kerala · 686536"
686537,"Kottayam, Kerala · 686537"
686538,"Kottayam, Kerala · 686538"
686539,"Kottayam, Kerala · 686539"
686540,"Kottayam, Kerala · 686540"
686541,"Kottayam, Kerala · 686541"
686542,"Kottayam, Kerala · 686542"
686543,"Kottayam, Kerala · 686543"
686544,"Kottayam, Kerala · 686544"
686545,"Kottayam, Kerala · 686545"
686546,"Kottayam, Kerala · 686546"
686547,"Pathanamthitta, Kerala · 686547"
686548,"Kottayam, Kerala · 686548"
686555,"Kottayam, Kerala · 686555"
686561,"Kottayam, Kerala · 686561"
686562,"Kottayam, Kerala · 686562"
686563,"Kottayam, Kerala · 686563"
686571,"Kottayam, Kerala · 686571"
686572,"Kottayam, Kerala · 686572"
686573,"Kottayam, Kerala · 686573"
686574,"Kottayam, Kerala · 686574"
686575,"Kottayam, Kerala · 686575"
686576,"Kottayam, Kerala · 686576"
686577,"Kottayam, Kerala · 686577"
686578,"Kottayam, Kerala · 686578"
686579,"Kottayam, Kerala · 686579"
686580,"Kottayam, Kerala · 686580"
686581,"Kottayam, Kerala · 686581"
686582,"Kottayam, Kerala · 686582"
686583,"Kottayam, Kerala · 686583"
686584,"Kottayam, Kerala · 686584"
686585,"Kottayam, Kerala · 686585"
686586,"Kottayam, Kerala · 686586"
686587,"Kottayam, Kerala · 686587"
686601,"Kottayam, Kerala · 686601"
686602,"Kottayam, Kerala · 686602"
686603,"Kottayam, Kerala · 686603"
686604,"Kottayam, Kerala · 686604"
686605,"Kottayam, Kerala · 686605"
686606,"Kottayam, Kerala · 686606"
686607,"Kottayam, Kerala · 686607"
686608,"Kottayam, Kerala · 686608"
686609,"Kottayam, Kerala · 686609"
686610,"Kottayam, Kerala · 686610"
686611,"Kottayam, Kerala · 686611"
686612,"Kottayam, Kerala · 686612"
686613,"Kottayam, Kerala · 686613"
686616,"Kottayam, Kerala · 686616"
686630,"Kottayam, Kerala · 686630"
686631,"Kottayam, Kerala · 686631"
686632,"Kottayam, Kerala · 686632"
686633,"Kottayam, Kerala · 686633"
686634,"Kottayam, Kerala · 686634"
686635,"Kottayam, Kerala · 686635"
686636,"Kottayam, Kerala · 686636"
686637,"Kottayam, Kerala · 686637"
686651,"Kottayam, Kerala · 686651"
686652,"Kottayam, Kerala · 686652"
686653,"Kottayam, Kerala · 686653"
686661,"Ernakulam, Kerala · 686661"
686662,"Ernakulam, Kerala · 686662"
686663,"Ernakulam, Kerala · 686663"
686664,"Ernakulam, Kerala · 686664"
686665,"Ernakulam, Kerala · 686665"
686667,"Ernakulam, Kerala · 686667"
686668,"Ernakulam, Kerala · 686668"
686669,"Ernakulam, Kerala · 686669"
686670,"Ernakulam, Kerala · 686670"
686671,"Ernakulam, Kerala · 686671"
686672,"Ernakulam, Kerala · 686672"
686673,"Ernakulam, Kerala · 686673"
686681,"Ernakulam, Kerala · 686681"
686691,"Ernakulam, Kerala · 686691"
686692,"Ernakulam, Kerala · 686692"
686693,"Ernakulam, Kerala · 686693"
688001,"Alappuzha, Kerala · 688001"
688002,"Alappuzha, Kerala · 688002"
688003,"Alappuzha, Kerala · 688003"
688004,"Alappuzha, Kerala · 688004"
688005,"Alappuzha, Kerala · 688005"
688006,"Alappuzha, Kerala · 688006"
688007,"Alappuzha, Kerala · 688007"
688008,"Alappuzha, Kerala · 688008"
688009,"Alappuzha, Kerala · 688009"
688011,"Alappuzha, Kerala · 688011"
688012,"Alappuzha, Kerala · 688012"
688013,"Alappuzha, Kerala · 688013"
688014,"Alappuzha, Kerala · 688014"
688502,"Alappuzha, Kerala · 688502"
688503,"Alappuzha, Kerala · 688503"
688504,"Alappuzha, Kerala · 688504"
688505,"Alappuzha, Kerala · 688505"
688506,"Alappuzha, Kerala · 688506"
688521,"Alappuzha, Kerala · 688521"
688522,"Alappuzha, Kerala · 688522"
688523,"Alappuzha, Kerala · 688523"
688524,"Alappuzha, Kerala · 688524"
688525,"Alappuzha, Kerala · 688525"
688526,"Alappuzha, Kerala · 688526"
688527,"Alappuzha, Kerala · 688527"
688528,"Alappuzha, Kerala · 688528"
688529,"Alappuzha, Kerala · 688529"
688530,"Alappuzha, Kerala · 688530"
688531,"Alappuzha, Kerala · 688531"
688532,"Alappuzha, Kerala · 688532"
688533,"Alappuzha, Kerala · 688533"
688534,"Alappuzha, Kerala · 688534"
688535,"Alappuzha, Kerala · 688535"
688536,"Alappuzha, Kerala · 688536"
688537,"Alappuzha, Kerala · 688537"
688538,"Alappuzha, Kerala · 688538"
688539,"Alappuzha, Kerala · 688539"
688540,"Alappuzha, Kerala · 688540"
688541,"Alappuzha, Kerala · 688541"
688555,"Alappuzha, Kerala · 688555"
688561,"Alappuzha, Kerala · 688561"
688562,"Alappuzha, Kerala · 688562"
688570,"Alappuzha, Kerala · 688570"
688582,"Alappuzha, Kerala · 688582"
689101,"Pathanamthitta, Kerala · 689101"
689102,"Pathanamthitta, Kerala · 689102"
689103,"Pathanamthitta, Kerala · 689103"
689104,"Pathanamthitta, Kerala · 689104"
689105,"Pathanamthitta, Kerala · 689105"
689106,"Pathanamthitta, Kerala · 689106"
689107,"Pathanamthitta, Kerala · 689107"
689108,"Pathanamthitta, Kerala · 689108"
689109,"Alappuzha, Kerala · 689109"
689110,"Pathanamthitta, Kerala · 689110"
689111,"Pathanamthitta, Kerala · 689111"
689112,"Pathanamthitta, Kerala · 689112"
689113,"Pathanamthitta, Kerala · 689113"
689115,"Pathanamthitta, Kerala · 689115"
689121,"Alappuzha, Kerala · 689121"
689122,"Alappuzha, Kerala · 689122"
689123,"Alappuzha, Kerala · 689123"
689124,"Alappuzha, Kerala · 689124"
689126,"Alappuzha, Kerala · 689126"
689501,"Pathanamthitta, Kerala · 689501"
689502,"Pathanamthitta, Kerala · 689502"
689503,"Pathanamthitta, Kerala · 689503"
689504,"Alappuzha, Kerala · 689504"
689505,"Alappuzha, Kerala · 689505"
689506,"Alappuzha, Kerala · 689506"
689507,"Pathanamthitta, Kerala · 689507"
689508,"Alappuzha, Kerala · 689508"
689509,"Alappuzha, Kerala · 689509"
689510,"Alappuzha, Kerala · 689510"
689511,"Alappuzha, Kerala · 689511"
689512,"Alappuzha, Kerala · 689512"
689513,"Pathanamthitta, Kerala · 689513"
689514,"Pathanamthitta, Kerala · 689514"
689520,"Alappuzha, Kerala · 689520"
689521,"Alappuzha, Kerala · 689521"
689531,"Pathanamthitta, Kerala · 689531"
689532,"Pathanamthitta, Kerala · 689532"
689533,"Pathanamthitta, Kerala · 689533"
689541,"Pathanamthitta, Kerala · 689541"
689542,"Pathanamthitta, Kerala · 689542"
689543,"Pathanamthitta, Kerala · 689543"
689544,"Pathanamthitta, Kerala · 689544"
689545,"Pathanamthitta, Kerala · 689545"
689546,"Pathanamthitta, Kerala · 689546"
689547,"Pathanamthitta, Kerala · 689547"
689548,"Pathanamthitta, Kerala · 689548"
689549,"Pathanamthitta, Kerala · 689549"
689550,"Pathanamthitta, Kerala · 689550"
689551,"Pathanamthitta, Kerala · 689551"
689571,"Alappuzha, Kerala · 689571"
689572,"Alappuzha, Kerala · 689572"
689573,"Alappuzha, Kerala · 689573"
689574,"Alappuzha, Kerala · 689574"
689581,"Pathanamthitta, Kerala · 689581"
689582,"Pathanamthitta, Kerala · 689582"
689583,"Pathanamthitta, Kerala · 689583"
689584,"Pathanamthitta, Kerala · 689584"
689585,"Pathanamthitta, Kerala · 689585"
689586,"Pathanamthitta, Kerala · 689586"
689587,"Pathanamthitta, Kerala · 689587"
689588,"Pathanamthitta, Kerala · 689588"
689589,"Pathanamthitta, Kerala · 689589"
689590,"Alappuzha, Kerala · 689590"
689591,"Pathanamthitta, Kerala · 689591"
689592,"Pathanamthitta, Kerala · 689592"
689594,"Pathanamthitta, Kerala · 689594"
689595,"Alappuzha, Kerala · 689595"
689597,"Pathanamthitta, Kerala · 689597"
689602,"Pathanamthitta, Kerala · 689602"
689611,"Pathanamthitta, Kerala · 689611"
689612,"Pathanamthitta, Kerala · 689612"
689613,"Pathanamthitta, Kerala · 689613"
689614,"Pathanamthitta, Kerala · 689614"
689615,"Pathanamthitta, Kerala · 689615"
689621,"Pathanamthitta, Kerala · 689621"
689622,"Alappuzha, Kerala · 689622"
689623,"Alappuzha, Kerala · 689623"
689624,"Alappuzha, Kerala · 689624"
689625,"Pathanamthitta, Kerala · 689625"
689626,"Pathanamthitta, Kerala · 689626"
689627,"Alappuzha, Kerala · 689627"
689641,"Pathanamthitta, Kerala · 689641"
689642,"Pathanamthitta, Kerala · 689642"
689643,"Pathanamthitta, Kerala · 689643"
689644,"Pathanamthitta, Kerala · 689644"
689645,"Pathanamthitta, Kerala · 689645"
689646,"Pathanamthitta, Kerala · 689646"
689647,"Pathanamthitta, Kerala · 689647"
689648,"Pathanamthitta, Kerala · 689648"
689649,"Pathanamthitta, Kerala · 689649"
689650,"Pathanamthitta, Kerala · 689650"
689652,"Pathanamthitta, Kerala · 689652"
689653,"Pathanamthitta, Kerala · 689653"
689654,"Pathanamthitta, Kerala · 689654"
689656,"Pathanamthitta, Kerala · 689656"
689661,"Pathanamthitta, Kerala · 689661"
689662,"Pathanamthitta, Kerala · 689662"
689663,"Pathanamthitta, Kerala · 689663"
689664,"Pathanamthitta, Kerala · 689664"
689666,"Pathanamthitta, Kerala · 689666"
689667,"Pathanamthitta, Kerala · 689667"
689668,"Pathanamthitta, Kerala · 689668"
689671,"Pathanamthitta, Kerala · 689671"
689672,"Pathanamthitta, Kerala · 689672"
689673,"Pathanamthitta, Kerala · 689673"
689674,"Pathanamthitta, Kerala · 689674"
689675,"Pathanamthitta, Kerala · 689675"
689676,"Pathanamthitta, Kerala · 689676"
689677,"Pathanamthitta, Kerala · 689677"
689678,"Pathanamthitta, Kerala · 689678"
689691,"Pathanamthitta, Kerala · 689691"
689692,"Pathanamthitta, Kerala · 689692"
689693,"Pathanamthitta, Kerala · 689693"
689694,"Pathanamthitta, Kerala · 689694"
689695,"Kollam, Kerala · 689695"
689696,"Kollam, Kerala · 689696"
689698,"Pathanamthitta, Kerala · 689698"
689711,"Pathanamthitta, Kerala · 689711"
690101,"Alappuzha, Kerala · 690101"
690102,"Alappuzha, Kerala · 690102"
690103,"Alappuzha, Kerala · 690103"
690104,"Alappuzha, Kerala · 690104"
690105,"Alappuzha, Kerala · 690105"
690106,"Alappuzha, Kerala · 690106"
690107,"Alappuzha, Kerala · 690107"
690108,"Alappuzha, Kerala · 690108"
690110,"Alappuzha, Kerala · 690110"
690501,"Alappuzha, Kerala · 690501"
690502,"Alappuzha, Kerala · 690502"
690503,"Alappuzha, Kerala · 690503"
690504,"Alappuzha, Kerala · 690504"
690505,"Alappuzha, Kerala · 690505"
690506,"Alappuzha, Kerala · 690506"
690507,"Alappuzha, Kerala · 690507"
690508,"Alappuzha, Kerala · 690508"
690509,"Alappuzha, Kerala · 690509"
690510,"Alappuzha, Kerala · 690510"
690511,"Alappuzha, Kerala · 690511"
690512,"Alappuzha, Kerala · 690512"
690513,"Alappuzha, Kerala · 690513"
690514,"Alappuzha, Kerala · 690514"
690515,"Alappuzha, Kerala · 690515"
690516,"Alappuzha, Kerala · 690516"
690517,"Alappuzha, Kerala · 690517"
690518,"Kollam, Kerala · 690518"
690519,"Kollam, Kerala · 690519"
690520,"Kollam, Kerala · 690520"
690521,"Kollam, Kerala · 690521"
690522,"Kollam, Kerala · 690522"
690523,"Kollam, Kerala · 690523"
690524,"Kollam, Kerala · 690524"
690525,"Kollam, Kerala · 690525"
690526,"Kollam, Kerala · 690526"
690527,"Alappuzha, Kerala · 690527"
690528,"Kollam, Kerala · 690528"
690529,"Alappuzha, Kerala · 690529"
690530,"Alappuzha, Kerala · 690530"
690531,"Alappuzha, Kerala · 690531"
690532,"Alappuzha, Kerala · 690532"
690533,"Alappuzha, Kerala · 690533"
690534,"Alappuzha, Kerala · 690534"
690535,"Alappuzha, Kerala · 690535"
690536,"Kollam, Kerala · 690536"
690537,"Alappuzha, Kerala · 690537"
690538,"Kollam, Kerala · 690538"
690539,"Kollam, Kerala · 690539"
690540,"Kollam, Kerala · 690540"
690542,"Kollam, Kerala · 690542"
690544,"Kollam, Kerala · 690544"
690547,"Alappuzha, Kerala · 690547"
690548,"Alappuzha, Kerala · 690548"
690558,"Alappuzha, Kerala · 690558"
690559,"Alappuzha, Kerala · 690559"
690561,"Kollam, Kerala · 690561"
690571,"Alappuzha, Kerala · 690571"
690572,"Alappuzha, Kerala · 690572"
690573,"Kollam, Kerala · 690573"
690574,"Kollam, Kerala · 690574"
691001,"Kollam, Kerala · 691001"
691002,"Kollam, Kerala · 691002"
691003,"Kollam, Kerala · 691003"
691004,"Kollam, Kerala · 691004"
691005,"Kollam, Kerala · 691005"
691006,"Kollam, Kerala · 691006"
691007,"Kollam, Kerala · 691007"
691008,"Kollam, Kerala · 691008"
691009,"Kollam, Kerala · 691009"
691010,"Kollam, Kerala · 691010"
691011,"Kollam, Kerala · 691011"
691012,"Kollam, Kerala · 691012"
691013,"Kollam, Kerala · 691013"
691014,"Kollam, Kerala · 691014"
691015,"Kollam, Kerala · 691015"
691016,"Kollam, Kerala · 691016"
691019,"Kollam, Kerala · 691019"
691020,"Kollam, Kerala · 691020"
691021,"Kollam, Kerala · 691021"
691301,"Kollam, Kerala · 691301"
691302,"Kollam, Kerala · 691302"
691303,"Kollam, Kerala · 691303"
691304,"Kollam, Kerala · 691304"
691305,"Kollam, Kerala · 691305"
691306,"Kollam, Kerala · 691306"
691307,"Kollam, Kerala · 691307"
691308,"Kollam, Kerala · 691308"
691309,"Kollam, Kerala · 691309"
691310,"Kollam, Kerala · 691310"
691311,"Kollam, Kerala · 691311"
691312,"Kollam, Kerala · 691312"
691319,"Kollam, Kerala · 691319"
691322,"Kollam, Kerala · 691322"
691331,"Kollam, Kerala · 691331"
691332,"Kollam, Kerala · 691332"
691333,"Kollam, Kerala · 691333"
691334,"Kollam, Kerala · 691334"
691500,"Kollam, Kerala · 691500"
691501,"Kollam, Kerala · 691501"
691502,"Kollam, Kerala · 691502"
691503,"Kollam, Kerala · 691503"
691504,"Kollam, Kerala · 691504"
691505,"Kollam, Kerala · 691505"
691506,"Kollam, Kerala · 691506"
691507,"Kollam, Kerala · 691507"
691508,"Kollam, Kerala · 691508"
691509,"Kollam, Kerala · 691509"
691510,"Kollam, Kerala · 691510"
691511,"Kollam, Kerala · 691511"
691512,"Kollam, Kerala · 691512"
691515,"Kollam, Kerala · 691515"
691516,"Kollam, Kerala · 691516"
691520,"Kollam, Kerala · 691520"
691521,"Kollam, Kerala · 691521"
691522,"Kollam, Kerala · 691522"
691523,"Pathanamthitta, Kerala · 691523"
691524,"Pathanamthitta, Kerala · 691524"
691525,"Pathanamthitta, Kerala · 691525"
691526,"Pathanamthitta, Kerala · 691526"
691530,"Pathanamthitta, Kerala · 691530"
691531,"Kollam, Kerala · 691531"
691532,"Kollam, Kerala · 691532"
691533,"Kollam, Kerala · 691533"
691534,"Kollam, Kerala · 691534"
691535,"Kollam, Kerala · 691535"
691536,"Kollam, Kerala · 691536"
691537,"Kollam, Kerala · 691537"
691538,"Kollam, Kerala · 691538"
691540,"Kollam, Kerala · 691540"
691541,"Kollam, Kerala · 691541"
691543,"Kollam, Kerala · 691543"
691551,"Pathanamthitta, Kerala · 691551"
691552,"Pathanamthitta, Kerala · 691552"
691553,"Kollam, Kerala · 691553"
691554,"Pathanamthitta, Kerala · 691554"
691555,"Pathanamthitta, Kerala · 691555"
691556,"Pathanamthitta, Kerala · 691556"
691557,"Kollam, Kerala · 691557"
691559,"Kollam, Kerala · 691559"
691560,"Kollam, Kerala · 691560"
691566,"Kollam, Kerala · 691566"
691571,"Kollam, Kerala · 691571"
691572,"Kollam, Kerala · 691572"
691573,"Kollam, Kerala · 691573"
691574,"Kollam, Kerala · 691574"
691576,"Kollam, Kerala · 691576"
691577,"Kollam, Kerala · 691577"
691578,"Kollam, Kerala · 691578"
691579,"Kollam, Kerala · 691579"
691581,"Kollam, Kerala · 691581"
691582,"Kollam, Kerala · 691582"
691583,"Kollam, Kerala · 691583"
691584,"Kollam, Kerala · 691584"
691585,"Kollam, Kerala · 691585"
691589,"Kollam, Kerala · 691589"
691590,"Kollam, Kerala · 691590"
691601,"Kollam, Kerala · 691601"
691602,"Kollam, Kerala · 691602"
695001,"Thiruvananthapuram, Kerala · 695001"
695002,"Thiruvananthapuram, Kerala · 695002"
695003,"Thiruvananthapuram, Kerala · 695003"
695004,"Thiruvananthapuram, Kerala · 695004"
695005,"Thiruvananthapuram, Kerala · 695005"
695006,"Thiruvananthapuram, Kerala · 695006"
695007,"Thiruvananthapuram, Kerala · 695007"
695008,"Thiruvananthapuram, Kerala · 695008"
695009,"Thiruvananthapuram, Kerala · 695009"
695010,"Thiruvananthapuram, Kerala · 695010"
695011,"Thiruvananthapuram, Kerala · 695011"
695012,"Thiruvananthapuram, Kerala · 695012"
695013,"Thiruvananthapuram, Kerala · 695013"
695014,"Thiruvananthapuram, Kerala · 695014"
695015,"Thiruvananthapuram, Kerala · 695015"
695016,"Thiruvananthapuram, Kerala · 695016"
695017,"Thiruvananthapuram, Kerala · 695017"
695018,"Thiruvananthapuram, Kerala · 695018"
695019,"Thiruvananthapuram, Kerala · 695019"
695020,"Thiruvananthapuram, Kerala · 695020"
695021,"Thiruvananthapuram, Kerala · 695021"
695022,"Thiruvananthapuram, Kerala · 695022"
695023,"Thiruvananthapuram, Kerala · 695023"
695024,"Thiruvananthapuram, Kerala · 695024"
695025,"Thiruvananthapuram, Kerala · 695025"
695026,"Thiruvananthapuram, Kerala · 695026"
695027,"Thiruvananthapuram, Kerala · 695027"
695028,"Thiruvananthapuram, Kerala · 695028"
695029,"Thiruvananthapuram, Kerala · 695029"
695030,"Thiruvananthapuram, Kerala · 695030"
695032,"Thiruvananthapuram, Kerala · 695032"
695033,"Thiruvananthapuram, Kerala · 695033"
695034,"Thiruvananthapuram, Kerala · 695034"
695035,"Thiruvananthapuram, Kerala · 695035"
695036,"Thiruvananthapuram, Kerala · 695036"
695038,"Thiruvananthapuram, Kerala · 695038"
695040,"Thiruvananthapuram, Kerala · 695040"
695042,"Thiruvananthapuram, Kerala · 695042"
695043,"Thiruvananthapuram, Kerala · 695043"
695101,"Thiruvananthapuram, Kerala · 695101"
695102,"Thiruvananthapuram, Kerala · 695102"
695103,"Thiruvananthapuram, Kerala · 695103"
695104,"Thiruvananthapuram, Kerala · 695104"
695121,"Thiruvananthapuram, Kerala · 695121"
695122,"Thiruvananthapuram, Kerala · 695122"
695123,"Thiruvananthapuram, Kerala · 695123"
695124,"Thiruvananthapuram, Kerala · 695124"
695125,"Thiruvananthapuram, Kerala · 695125"
695126,"Thiruvananthapuram, Kerala · 695126"
695132,"Thiruvananthapuram, Kerala · 695132"
695133,"Thiruvananthapuram, Kerala · 695133"
695134,"Thiruvananthapuram, Kerala · 695134"
695141,"Thiruvananthapuram, Kerala · 695141"
695142,"Thiruvananthapuram, Kerala · 695142"
695143,"Thiruvananthapuram, Kerala · 695143"
695144,"Thiruvananthapuram, Kerala · 695144"
695145,"Thiruvananthapuram, Kerala · 695145"
695146,"Thiruvananthapuram, Kerala · 695146"
695301,"Thiruvananthapuram, Kerala · 695301"
695302,"Thiruvananthapuram, Kerala · 695302"
695303,"Thiruvananthapuram, Kerala · 695303"
695304,"Thiruvananthapuram, Kerala · 695304"
695305,"Thiruvananthapuram, Kerala · 695305"
695306,"Thiruvananthapuram, Kerala · 695306"
695307,"Thiruvananthapuram, Kerala · 695307"
695308,"Thiruvananthapuram, Kerala · 695308"
695309,"Thiruvananthapuram, Kerala · 695309"
695310,"Thiruvananthapuram, Kerala · 695310"
695311,"Thiruvananthapuram, Kerala · 695311"
695312,"Thiruvananthapuram, Kerala · 695312"
695313,"Thiruvananthapuram, Kerala · 695313"
695316,"Thiruvananthapuram, Kerala · 695316"
695317,"Thiruvananthapuram, Kerala · 695317"
695318,"Thiruvananthapuram, Kerala · 695318"
695501,"Thiruvananthapuram, Kerala · 695501"
695502,"Thiruvananthapuram, Kerala · 695502"
695503,"Thiruvananthapuram, Kerala · 695503"
695504,"Thiruvananthapuram, Kerala · 695504"
695505,"Thiruvananthapuram, Kerala · 695505"
695506,"Thiruvananthapuram, Kerala · 695506"
695507,"Thiruvananthapuram, Kerala · 695507"
695508,"Thiruvananthapuram, Kerala · 695508"
695512,"Thiruvananthapuram, Kerala · 695512"
695513,"Thiruvananthapuram, Kerala · 695513"
695521,"Thiruvananthapuram, Kerala · 695521"
695522,"Thiruvananthapuram, Kerala · 695522"
695523,"Thiruvananthapuram, Kerala · 695523"
695524,"Thiruvananthapuram, Kerala · 695524"
695525,"Thiruvananthapuram, Kerala · 695525"
695526,"Thiruvananthapuram, Kerala · 695526"
695527,"Thiruvananthapuram, Kerala · 695527"
695528,"Thiruvananthapuram, Kerala · 695528"
695541,"Thiruvananthapuram, Kerala · 695541"
695542,"Thiruvananthapuram, Kerala · 695542"
695551,"Thiruvananthapuram, Kerala · 695551"
695561,"Thiruvananthapuram, Kerala · 695561"
695562,"Thiruvananthapuram, Kerala · 695562"
695563,"Thiruvananthapuram, Kerala · 695563"
695564,"Thiruvananthapuram, Kerala · 695564"
695568,"Thiruvananthapuram, Kerala · 695568"
695571,"Thiruvananthapuram, Kerala · 695571"
695572,"Thiruvananthapuram, Kerala · 695572"
695573,"Thiruvananthapuram, Kerala · 695573"
695574,"Thiruvananthapuram, Kerala · 695574"
695575,"Thiruvananthapuram, Kerala · 695575"
695581,"Thiruvananthapuram, Kerala · 695581"
695582,"Thiruvananthapuram, Kerala · 695582"
695583,"Thiruvananthapuram, Kerala · 695583"
695584,"Thiruvananthapuram, Kerala · 695584"
695585,"Thiruvananthapuram, Kerala · 695585"
695586,"Thiruvananthapuram, Kerala · 695586"
695587,"Thiruvananthapuram, Kerala · 695587"
695588,"Thiruvananthapuram, Kerala · 695588"
695589,"Thiruvananthapuram, Kerala · 695589"
695601,"Thiruvananthapuram, Kerala · 695601"
695602,"Thiruvananthapuram, Kerala · 695602"
695603,"Thiruvananthapuram, Kerala · 695603"
695604,"Thiruvananthapuram, Kerala · 695604"
695605,"Thiruvananthapuram, Kerala · 695605"
695606,"Thiruvananthapuram, Kerala · 695606"
695607,"Thiruvananthapuram, Kerala · 695607"
695608,"Thiruvananthapuram, Kerala · 695608"
695609,"Thiruvananthapuram, Kerala · 695609"
695610,"Thiruvananthapuram, Kerala · 695610"
695611,"Thiruvananthapuram, Kerala · 695611"
695612,"Thiruvananthapuram, Kerala · 695612"
695614,"Thiruvananthapuram, Kerala · 695614"
695615,"Thiruvananthapuram, Kerala · 695615"
700001,"Kolkata, West Bengal · 700001"
700002,"Kolkata, West Bengal · 700002"
700003,"Kolkata, West Bengal · 700003"
700004,"Kolkata, West Bengal · 700004"
700005,"Kolkata, West Bengal · 700005"
700006,"Kolkata, West Bengal · 700006"
700007,"Kolkata, West Bengal · 700007"
700008,"Kolkata, West Bengal · 700008"
700009,"Kolkata, West Bengal · 700009"
700010,"Kolkata, West Bengal · 700010"
700011,"Kolkata, West Bengal · 700011"
700012,"Kolkata, West Bengal · 700012"
700013,"Kolkata, West Bengal · 700013"
700014,"Kolkata, West Bengal · 700014"
700015,"Kolkata, West Bengal · 700015"
700016,"Kolkata, West Bengal · 700016"
700017,"Kolkata, West Bengal · 700017"
700018,"Kolkata, West Bengal · 700018"
700020,"Kolkata, West Bengal · 700020"
700021,"Kolkata, West Bengal · 700021"
700022,"Kolkata, West Bengal · 700022"
700023,"Kolkata, West Bengal · 700023"
700024,"Kolkata, West Bengal · 700024"
700025,"Kolkata, West Bengal · 700025"
700026,"Kolkata, West Bengal · 700026"
700027,"Kolkata, West Bengal · 700027"
700028,"Kolkata, West Bengal · 700028"
700029,"Kolkata, West Bengal · 700029"
700030,"Kolkata, West Bengal · 700030"
700031,"Kolkata, West Bengal · 700031"
700032,"Kolkata, West Bengal · 700032"
700033,"Kolkata, West Bengal · 700033"
700034,"Kolkata, West Bengal · 700034"
700035,"Kolkata, West Bengal · 700035"
700036,"Kolkata, West Bengal · 700036"
700037,"Kolkata, West Bengal · 700037"
700038,"Kolkata, West Bengal · 700038"
700040,"Kolkata, West Bengal · 700040"
700041,"Kolkata, West Bengal · 700041"
700042,"Kolkata, West Bengal · 700042"
700043,"Kolkata, West Bengal · 700043"
700044,"Kolkata, West Bengal · 700044"
700045,"Kolkata, West Bengal · 700045"
700046,"Kolkata, West Bengal · 700046"
700047,"Kolkata, West Bengal · 700047"
700050,"Kolkata, West Bengal · 700050"
700052,"Kolkata, West Bengal · 700052"
700053,"Kolkata, West Bengal · 700053"
700054,"Kolkata, West Bengal · 700054"
700060,"Kolkata, West Bengal · 700060"
700061,"Kolkata, West Bengal · 700061"
700062,"Kolkata, West Bengal · 700062"
700063,"Kolkata, West Bengal · 700063"
700065,"Kolkata, West Bengal · 700065"
700066,"Kolkata, West Bengal · 700066"
700067,"Kolkata, West Bengal · 700067"
700068,"Kolkata, West Bengal · 700068"
700069,"Kolkata, West Bengal · 700069"
700071,"Kolkata, West Bengal · 700071"
700072,"Kolkata, West Bengal · 700072"
700073,"Kolkata, West Bengal · 700073"
700074,"Kolkata, West Bengal · 700074"
700075,"Kolkata, West Bengal · 700075"
700077,"Kolkata, West Bengal · 700077"
700078,"Kolkata, West Bengal · 700078"
700080,"Kolkata, West Bengal · 700080"
700082,"Kolkata, West Bengal · 700082"
700085,"Kolkata, West Bengal · 700085"
700086,"Kolkata, West Bengal · 700086"
700087,"Kolkata, West Bengal · 700087"
700088,"Kolkata, West Bengal · 700088"
700089,"Kolkata, West Bengal · 700089"
700090,"Kolkata, West Bengal · 700090"
700092,"Kolkata, West Bengal · 700092"
700094,"Kolkata, West Bengal · 700094"
700095,"Kolkata, West Bengal · 700095"
700099,"Kolkata, West Bengal · 700099"
700107,"Kolkata, West Bengal · 700107"
700108,"Kolkata, West Bengal · 700108"
711101,"Haora, West Bengal · 711101"
711102,"Haora, West Bengal · 711102"
711103,"Haora, West Bengal · 711103"
711104,"Haora, West Bengal · 711104"
711105,"Haora, West Bengal · 711105"
711106,"Haora, West Bengal · 711106"
711107,"Haora, West Bengal · 711107"
711108,"Haora, West Bengal · 711108"
711109,"Haora, West Bengal · 711109"
711110,"Haora, West Bengal · 711110"
711111,"Haora, West Bengal · 711111"
711112,"Haora, West Bengal · 711112"
711113,"Haora, West Bengal · 711113"
711114,"Haora, West Bengal · 711114"
711201,"Haora, West Bengal · 711201"
711202,"Haora, West Bengal · 711202"
711203,"Haora, West Bengal · 711203"
711204,"Haora, West Bengal · 711204"
711205,"Haora, West Bengal · 711205"
711225,"Haora, West Bengal · 711225"
711226,"Haora, West Bengal · 711226"
711227,"Haora, West Bengal · 711227"
711301,"Haora, West Bengal · 711301"
711302,"Haora, West Bengal · 711302"
711303,"Haora, West Bengal · 711303"
711304,"Haora, West Bengal · 711304"
711305,"Haora, West Bengal · 711305"
711306,"Haora, West Bengal · 711306"
711307,"Haora, West Bengal · 711307"
711308,"Haora, West Bengal · 711308"
711309,"Haora, West Bengal · 711309"
711310,"Haora, West Bengal · 711310"
711312,"Haora, West Bengal · 711312"
711313,"Haora, West Bengal · 711313"
711314,"Haora, West Bengal · 711314"
711315,"Haora, West Bengal · 711315"
711316,"Haora, West Bengal · 711316"
711317,"Haora, West Bengal · 711317"
711322,"Haora, West Bengal · 711322"
711401,"Haora, West Bengal · 711401"
711403,"Haora, West Bengal · 711403"
711404,"Haora, West Bengal · 711404"
711405,"Haora, West Bengal · 711405"
711408,"Haora, West Bengal · 711408"
711409,"Haora, West Bengal · 711409"
711410,"Haora, West Bengal · 711410"
711411,"Haora, West Bengal · 711411"
711412,"Haora, West Bengal · 711412"
711413,"Haora, West Bengal · 711413"
711414,"Haora, West Bengal · 711414"
713150,"Bankura, West Bengal · 713150"
713513,"Bankura, West Bengal · 713513"
713514,"Bankura, West Bengal · 713514"
713519,"Bankura, West Bengal · 713519"
722101,"Bankura, West Bengal · 722101"
722102,"Bankura, West Bengal · 722102"
722121,"Bankura, West Bengal · 722121"
722122,"Bankura, West Bengal · 722122"
722132,"Bankura, West Bengal · 722132"
722133,"Bankura, West Bengal · 722133"
722134,"Bankura, West Bengal · 722134"
722135,"Bankura, West Bengal · 722135"
722136,"Bankura, West Bengal · 722136"
722137,"Bankura, West Bengal · 722137"
722138,"Bankura, West Bengal · 722138"
722139,"Bankura, West Bengal · 722139"
722140,"Bankura, West Bengal · 722140"
722141,"Bankura, West Bengal · 722141"
722142,"Bankura, West Bengal · 722142"
722143,"Bankura, West Bengal · 722143"
722144,"Bankura, West Bengal · 722144"
722146,"Bankura, West Bengal · 722146"
722147,"Bankura, West Bengal · 722147"
722148,"Bankura, West Bengal · 722148"
722149,"Bankura, West Bengal · 722149"
722150,"Bankura, West Bengal · 722150"
722151,"Bankura, West Bengal · 722151"
722152,"Bankura, West Bengal · 722152"
722153,"Bankura, West Bengal · 722153"
722154,"Bankura, West Bengal · 722154"
722155,"Bankura, West Bengal · 722155"
722156,"Bankura, West Bengal · 722156"
722157,"Bankura, West Bengal · 722157"
722158,"Bankura, West Bengal · 722158"
722160,"Bankura, West Bengal · 722160"
722161,"Bankura, West Bengal · 722161"
722162,"Bankura, West Bengal · 722162"
722164,"Bankura, West Bengal · 722164"
722173,"Bankura, West Bengal · 722173"
722183,"Bankura, West Bengal · 722183"
722201,"Bankura, West Bengal · 722201"
722202,"Bankura, West Bengal · 722202"
722203,"Bankura, West Bengal · 722203"
722204,"Bankura, West Bengal · 722204"
722205,"Bankura, West Bengal · 722205"
722206,"Bankura, West Bengal · 722206"
722207,"Bankura, West Bengal · 722207"
722208,"Bankura, West Bengal · 722208"
723102,"Puruliya, West Bengal · 723102"
723103,"Puruliya, West Bengal · 723103"
723104,"Puruliya, West Bengal · 723104"
723121,"Puruliya, West Bengal · 723121"
723126,"Puruliya, West Bengal · 723126"
723127,"Puruliya, West Bengal · 723127"
723128,"Puruliya, West Bengal · 723128"
723129,"Puruliya, West Bengal · 723129"
723130,"Puruliya, West Bengal · 723130"
723131,"Puruliya, West Bengal · 723131"
723132,"Puruliya, West Bengal · 723132"
723133,"Puruliya, West Bengal · 723133"
723142,"Puruliya, West Bengal · 723142"
723143,"Puruliya, West Bengal · 723143"
723145,"Puruliya, West Bengal · 723145"
723146,"Puruliya, West Bengal · 723146"
723147,"Puruliya, West Bengal · 723147"
723148,"Puruliya, West Bengal · 723148"
723149,"Puruliya, West Bengal · 723149"
723151,"Puruliya, West Bengal · 723151"
723152,"Puruliya, West Bengal · 723152"
723153,"Puruliya, West Bengal · 723153"
723154,"Puruliya, West Bengal · 723154"
723155,"Puruliya, West Bengal · 723155"
723156,"Puruliya, West Bengal · 723156"
723201,"Puruliya, West Bengal · 723201"
723202,"Puruliya, West Bengal · 723202"
723212,"Puruliya, West Bengal · 723212"
723213,"Puruliya, West Bengal · 723213"
723215,"Puruliya, West Bengal · 723215"
731101,"Birbhum, West Bengal · 731101"
731102,"Birbhum, West Bengal · 731102"
731103,"Birbhum, West Bengal · 731103"
731104,"Birbhum, West Bengal · 731104"
731121,"Birbhum, West Bengal · 731121"
731123,"Birbhum, West Bengal · 731123"
731124,"Birbhum, West Bengal · 731124"
731125,"Birbhum, West Bengal · 731125"
731126,"Birbhum, West Bengal · 731126"
731127,"Birbhum, West Bengal · 731127"
731129,"Birbhum, West Bengal · 731129"
731130,"Birbhum, West Bengal · 731130"
731132,"Birbhum, West Bengal · 731132"
731133,"Birbhum, West Bengal · 731133"
731201,"Birbhum, West Bengal · 731201"
731202,"Birbhum, West Bengal · 731202"
731204,"Birbhum, West Bengal · 731204"
731214,"Birbhum, West Bengal · 731214"
731215,"Birbhum, West Bengal · 731215"
731219,"Birbhum, West Bengal · 731219"
731220,"Birbhum, West Bengal · 731220"
731221,"Birbhum, West Bengal · 731221"
731222,"Birbhum, West Bengal · 731222"
731223,"Birbhum, West Bengal · 731223"
731224,"Birbhum, West Bengal · 731224"
731233,"Birbhum, West Bengal · 731233"
731234,"Birbhum, West Bengal · 731234"
731235,"Birbhum, West Bengal · 731235"
731236,"Birbhum, West Bengal · 731236"
731237,"Birbhum, West Bengal · 731237"
731238,"Birbhum, West Bengal · 731238"
731240,"Birbhum, West Bengal · 731240"
731241,"Birbhum, West Bengal · 731241"
731242,"Birbhum, West Bengal · 731242"
731243,"Birbhum, West Bengal · 731243"
731244,"Birbhum, West Bengal · 731244"
731245,"Birbhum, West Bengal · 731245"
731301,"Birbhum, West Bengal · 731301"
731302,"Birbhum, West Bengal · 731302"
731303,"Birbhum, West Bengal · 731303"
733101,"Dakshin Dinajpur, West Bengal · 733101"
733102,"Dakshin Dinajpur, West Bengal · 733102"
733103,"Dakshin Dinajpur, West Bengal · 733103"
733121,"Dakshin Dinajpur, West Bengal · 733121"
733125,"Dakshin Dinajpur, West Bengal · 733125"
733126,"Dakshin Dinajpur, West Bengal · 733126"
733127,"Dakshin Dinajpur, West Bengal · 733127"
733132,"Dakshin Dinajpur, West Bengal · 733132"
733133,"Dakshin Dinajpur, West Bengal · 733133"
733140,"Dakshin Dinajpur, West Bengal · 733140"
733141,"Dakshin Dinajpur, West Bengal · 733141"
733142,"Dakshin Dinajpur, West Bengal · 733142"
733145,"Dakshin Dinajpur, West Bengal · 733145"
733158,"Dakshin Dinajpur, West Bengal · 733158"
734001,"Darjiling, West Bengal · 734001"
734002,"Darjiling, West Bengal · 734002"
734003,"Darjiling, West Bengal · 734003"
734004,"Darjiling, West Bengal · 734004"
734005,"Darjiling, West Bengal · 734005"
734006,"Jalpaiguri, West Bengal · 734006"
734007,"Jalpaiguri, West Bengal · 734007"
734008,"Darjiling, West Bengal · 734008"
734009,"Darjiling, West Bengal · 734009"
734010,"Darjiling, West Bengal · 734010"
734011,"Darjiling, West Bengal · 734011"
734012,"Darjiling, West Bengal · 734012"
734013,"Darjiling, West Bengal · 734013"
734014,"Darjiling, West Bengal · 734014"
734015,"Jalpaiguri, West Bengal · 734015"
734101,"Darjiling, West Bengal · 734101"
734102,"Darjiling, West Bengal · 734102"
734103,"Darjiling, West Bengal · 734103"
734104,"Darjiling, West Bengal · 734104"
734105,"Darjiling, West Bengal · 734105"
734201,"Darjiling, West Bengal · 734201"
734203,"Darjiling, West Bengal · 734203"
734213,"Darjiling, West Bengal · 734213"
734214,"Darjiling, West Bengal · 734214"
734215,"Darjiling, West Bengal · 734215"
734216,"Darjiling, West Bengal · 734216"
734217,"Darjiling, West Bengal · 734217"
734218,"Darjiling, West Bengal · 734218"
734220,"Darjiling, West Bengal · 734220"
734221,"Darjiling, West Bengal · 734221"
734222,"Darjiling, West Bengal · 734222"
734223,"Darjiling, West Bengal · 734223"
734224,"Darjiling, West Bengal · 734224"
734226,"Darjiling, West Bengal · 734226"
734301,"Darjiling, West Bengal · 734301"
734311,"Darjiling, West Bengal · 734311"
734312,"Darjiling, West Bengal · 734312"
734313,"Darjiling, West Bengal · 734313"
734314,"Darjiling, West Bengal · 734314"
734315,"Darjiling, West Bengal · 734315"
734316,"Darjiling, West Bengal · 734316"
734421,"Darjiling, West Bengal · 734421"
734423,"Darjiling, West Bengal · 734423"
734424,"Darjiling, West Bengal · 734424"
734426,"Darjiling, West Bengal · 734426"
734427,"Darjiling, West Bengal · 734427"
734429,"Darjiling, West Bengal · 734429"
734434,"Darjiling, West Bengal · 734434"
734501,"Jalpaiguri, West Bengal · 734501"
734503,"Darjiling, West Bengal · 734503"
735101,"Jalpaiguri, West Bengal · 735101"
735102,"Jalpaiguri, West Bengal · 735102"
735121,"Jalpaiguri, West Bengal · 735121"
735132,"Jalpaiguri, West Bengal · 735132"
735133,"Jalpaiguri, West Bengal · 735133"
735134,"Jalpaiguri, West Bengal · 735134"
735135,"Jalpaiguri, West Bengal · 735135"
735202,"Jalpaiguri, West Bengal · 735202"
735203,"Jalpaiguri, West Bengal · 735203"
735204,"Jalpaiguri, West Bengal · 735204"
735205,"Jalpaiguri, West Bengal · 735205"
735206,"Jalpaiguri, West Bengal · 735206"
735207,"Jalpaiguri, West Bengal · 735207"
735208,"Jalpaiguri, West Bengal · 735208"
735209,"Jalpaiguri, West Bengal · 735209"
735210,"Jalpaiguri, West Bengal · 735210"
735211,"Jalpaiguri, West Bengal · 735211"
735212,"Jalpaiguri, West Bengal · 735212"
735213,"Jalpaiguri, West Bengal · 735213"
735214,"Jalpaiguri, West Bengal · 735214"
735215,"Jalpaiguri, West Bengal · 735215"
735216,"Jalpaiguri, West Bengal · 735216"
735217,"Jalpaiguri, West Bengal · 735217"
735218,"Jalpaiguri, West Bengal · 735218"
735219,"Jalpaiguri, West Bengal · 735219"
735220,"Jalpaiguri, West Bengal · 735220"
735221,"Jalpaiguri, West Bengal · 735221"
735222,"Jalpaiguri, West Bengal · 735222"
735223,"Jalpaiguri, West Bengal · 735223"
735224,"Jalpaiguri, West Bengal · 735224"
735225,"Jalpaiguri, West Bengal · 735225"
735226,"Jalpaiguri, West Bengal · 735226"
735227,"Jalpaiguri, West Bengal · 735227"
735228,"Jalpaiguri, West Bengal · 735228"
735229,"Jalpaiguri, West Bengal · 735229"
735230,"Jalpaiguri, West Bengal · 735230"
735231,"Darjiling, West Bengal · 735231"
735232,"Jalpaiguri, West Bengal · 735232"
735233,"Jalpaiguri, West Bengal · 735233"
735234,"Jalpaiguri, West Bengal · 735234"
735305,"Jalpaiguri, West Bengal · 735305"
736121,"Jalpaiguri, West Bengal · 736121"
736122,"Jalpaiguri, West Bengal · 736122"
736123,"Jalpaiguri, West Bengal · 736123"
736182,"Jalpaiguri, West Bengal · 736182"
736201,"Jalpaiguri, West Bengal · 736201"
736202,"Jalpaiguri, West Bengal · 736202"
736203,"Jalpaiguri, West Bengal · 736203"
736204,"Jalpaiguri, West Bengal · 736204"
736205,"Jalpaiguri, West Bengal · 736205"
736206,"Jalpaiguri, West Bengal · 736206"
736207,"Jalpaiguri, West Bengal · 736207"
736208,"Jalpaiguri, West Bengal · 736208"
737102,"East District, Sikkim · 737102"
737103,"East District, Sikkim · 737103"
737106,"East District, Sikkim · 737106"
737107,"East District, Sikkim · 737107"
737111,"West District, Sikkim · 737111"
737113,"West District, Sikkim · 737113"
737116,"North District, Sikkim · 737116"
737121,"West District, Sikkim · 737121"
737126,"South District, Sikkim · 737126"
737128,"South District, Sikkim · 737128"
737131,"East District, Sikkim · 737131"
737132,"East District, Sikkim · 737132"
737133,"East District, Sikkim · 737133"
737134,"East District, Sikkim · 737134"
737135,"East District, Sikkim · 737135"
737136,"East District, Sikkim · 737136"
741101,"Nadia, West Bengal · 741101"
741102,"Nadia, West Bengal · 741102"
741103,"Nadia, West Bengal · 741103"
741121,"Nadia, West Bengal · 741121"
741122,"Nadia, West Bengal · 741122"
741124,"Nadia, West Bengal · 741124"
741125,"Nadia, West Bengal · 741125"
741126,"Nadia, West Bengal · 741126"
741127,"Nadia, West Bengal · 741127"
741137,"Nadia, West Bengal · 741137"
741138,"Nadia, West Bengal · 741138"
741139,"Nadia, West Bengal · 741139"
741140,"Nadia, West Bengal · 741140"
741150,"Nadia, West Bengal · 741150"
741151,"Nadia, West Bengal · 741151"
741152,"Nadia, West Bengal · 741152"
741153,"Nadia, West Bengal · 741153"
741154,"Nadia, West Bengal · 741154"
741155,"Nadia, West Bengal · 741155"
741156,"Nadia, West Bengal · 741156"
741157,"Nadia, West Bengal · 741157"
741158,"Nadia, West Bengal · 741158"
741159,"Nadia, West Bengal · 741159"
741160,"Nadia, West Bengal · 741160"
741161,"Nadia, West Bengal · 741161"
741162,"Nadia, West Bengal · 741162"
741163,"Nadia, West Bengal · 741163"
741164,"Nadia, West Bengal · 741164"
741165,"Nadia, West Bengal · 741165"
741166,"Nadia, West Bengal · 741166"
741167,"Nadia, West Bengal · 741167"
741181,"Nadia, West Bengal · 741181"
741201,"Nadia, West Bengal · 741201"
741202,"Nadia, West Bengal · 741202"
741221,"Nadia, West Bengal · 741221"
741222,"Nadia, West Bengal · 741222"
741223,"Nadia, West Bengal · 741223"
741232,"Nadia, West Bengal · 741232"
741234,"Nadia, West Bengal · 741234"
741235,"Nadia, West Bengal · 741235"
741238,"Nadia, West Bengal · 741238"
741245,"Nadia, West Bengal · 741245"
741246,"Nadia, West Bengal · 741246"
741247,"Nadia, West Bengal · 741247"
741248,"Nadia, West Bengal · 741248"
741249,"Nadia, West Bengal · 741249"
741250,"Nadia, West Bengal · 741250"
741251,"Nadia, West Bengal · 741251"
741252,"Nadia, West Bengal · 741252"
741253,"Nadia, West Bengal · 741253"
741254,"Nadia, West Bengal · 741254"
741255,"Nadia, West Bengal · 741255"
741256,"Nadia, West Bengal · 741256"
741257,"Nadia, West Bengal · 741257"
741301,"Nadia, West Bengal · 741301"
741302,"Nadia, West Bengal · 741302"
741313,"Nadia, West Bengal · 741313"
741315,"Nadia, West Bengal · 741315"
741316,"Nadia, West Bengal · 741316"
741317,"Nadia, West Bengal · 741317"
741319,"Nadia, West Bengal · 741319"
741401,"Nadia, West Bengal · 741401"
741402,"Nadia, West Bengal · 741402"
741404,"Nadia, West Bengal · 741404"
741501,"Nadia, West Bengal · 741501"
741502,"Nadia, West Bengal · 741502"
741503,"Nadia, West Bengal · 741503"
741504,"Nadia, West Bengal · 741504"
741505,"Nadia, West Bengal · 741505"
741506,"Nadia, West Bengal · 741506"
741507,"Nadia, West Bengal · 741507"
741508,"Nadia, West Bengal · 741508"
741509,"Nadia, West Bengal · 741509"
742101,"Murshidabad, West Bengal · 742101"
742102,"Murshidabad, West Bengal · 742102"
742103,"Murshidabad, West Bengal · 742103"
742104,"Murshidabad, West Bengal · 742104"
742113,"Murshidabad, West Bengal · 742113"
742121,"Murshidabad, West Bengal · 742121"
742122,"Murshidabad, West Bengal · 742122"
742123,"Murshidabad, West Bengal · 742123"
742132,"Murshidabad, West Bengal · 742132"
742133,"Murshidabad, West Bengal · 742133"
742134,"Murshidabad, West Bengal · 742134"
742135,"Murshidabad, West Bengal · 742135"
742136,"Murshidabad, West Bengal · 742136"
742137,"Murshidabad, West Bengal · 742137"
742138,"Murshidabad, West Bengal · 742138"
742140,"Murshidabad, West Bengal · 742140"
742147,"Murshidabad, West Bengal · 742147"
742148,"Murshidabad, West Bengal · 742148"
742149,"Murshidabad, West Bengal · 742149"
742151,"Murshidabad, West Bengal · 742151"
742159,"Murshidabad, West Bengal · 742159"
742160,"Murshidabad, West Bengal · 742160"
742161,"Murshidabad, West Bengal · 742161"
742163,"Murshidabad, West Bengal · 742163"
742164,"Murshidabad, West Bengal · 742164"
742165,"Murshidabad, West Bengal · 742165"
742166,"Murshidabad, West Bengal · 742166"
742168,"Murshidabad, West Bengal · 742168"
742174,"Murshidabad, West Bengal · 742174"
742175,"Murshidabad, West Bengal · 742175"
742184,"Murshidabad, West Bengal · 742184"
742187,"Murshidabad, West Bengal · 742187"
742189,"Murshidabad, West Bengal · 742189"
742201,"Murshidabad, West Bengal · 742201"
742202,"Murshidabad, West Bengal · 742202"
742212,"Murshidabad, West Bengal · 742212"
742213,"Murshidabad, West Bengal · 742213"
742223,"Murshidabad, West Bengal · 742223"
742224,"Murshidabad, West Bengal · 742224"
742225,"Murshidabad, West Bengal · 742225"
742226,"Murshidabad, West Bengal · 742226"
742227,"Murshidabad, West Bengal · 742227"
742235,"Murshidabad, West Bengal · 742235"
742236,"Murshidabad, West Bengal · 742236"
742237,"Murshidabad, West Bengal · 742237"
742238,"Murshidabad, West Bengal · 742238"
742301,"Murshidabad, West Bengal · 742301"
742302,"Murshidabad, West Bengal · 742302"
742303,"Murshidabad, West Bengal · 742303"
742304,"Murshidabad, West Bengal · 742304"
742305,"Murshidabad, West Bengal · 742305"
742306,"Murshidabad, West Bengal · 742306"
742308,"Murshidabad, West Bengal · 742308"
742401,"Murshidabad, West Bengal · 742401"
742402,"Murshidabad, West Bengal · 742402"
742404,"Murshidabad, West Bengal · 742404"
742405,"Murshidabad, West Bengal · 742405"
742406,"Murshidabad, West Bengal · 742406"
742407,"Murshidabad, West Bengal · 742407"
742408,"Murshidabad, West Bengal · 742408"
742409,"Murshidabad, West Bengal · 742409"
752001,"Puri, Odisha · 752001"
752003,"Puri, Odisha · 752003"
752011,"Puri, Odisha · 752011"
752012,"Puri, Odisha · 752012"
752013,"Puri, Odisha · 752013"
752014,"Puri, Odisha · 752014"
752015,"Puri, Odisha · 752015"
752016,"Puri, Odisha · 752016"
752017,"Puri, Odisha · 752017"
752024,"Nayagarh, Odisha · 752024"
752025,"Nayagarh, Odisha · 752025"
752026,"Nayagarh, Odisha · 752026"
752045,"Puri, Odisha · 752045"
752046,"Puri, Odisha · 752046"
752063,"Nayagarh, Odisha · 752063"
752065,"Nayagarh, Odisha · 752065"
752068,"Nayagarh, Odisha · 752068"
752069,"Nayagarh, Odisha · 752069"
752070,"Nayagarh, Odisha · 752070"
752077,"Nayagarh, Odisha · 752077"
752078,"Nayagarh, Odisha · 752078"
752079,"Nayagarh, Odisha · 752079"
752080,"Nayagarh, Odisha · 752080"
752081,"Nayagarh, Odisha · 752081"
752082,"Nayagarh, Odisha · 752082"
752083,"Nayagarh, Odisha · 752083"
752084,"Nayagarh, Odisha · 752084"
752085,"Nayagarh, Odisha · 752085"
752089,"Nayagarh, Odisha · 752089"
752090,"Nayagarh, Odisha · 752090"
752091,"Nayagarh, Odisha · 752091"
752092,"Nayagarh, Odisha · 752092"
752093,"Nayagarh, Odisha · 752093"
752094,"Nayagarh, Odisha · 752094"
752104,"Puri, Odisha · 752104"
752105,"Puri, Odisha · 752105"
752106,"Puri, Odisha · 752106"
752107,"Puri, Odisha · 752107"
752108,"Puri, Odisha · 752108"
752109,"Puri, Odisha · 752109"
752110,"Puri, Odisha · 752110"
752111,"Puri, Odisha · 752111"
752113,"Puri, Odisha · 752113"
752114,"Puri, Odisha · 752114"
752116,"Puri, Odisha · 752116"
752118,"Puri, Odisha · 752118"
752119,"Puri, Odisha · 752119"
752120,"Puri, Odisha · 752120"
752121,"Puri, Odisha · 752121"
753001,"Cuttack, Odisha · 753001"
753002,"Cuttack, Odisha · 753002"
753003,"Cuttack, Odisha · 753003"
753004,"Cuttack, Odisha · 753004"
753006,"Cuttack, Odisha · 753006"
753007,"Cuttack, Odisha · 753007"
753008,"Cuttack, Odisha · 753008"
753009,"Cuttack, Odisha · 753009"
753010,"Cuttack, Odisha · 753010"
753011,"Cuttack, Odisha · 753011"
753012,"Cuttack, Odisha · 753012"
753013,"Cuttack, Odisha · 753013"
753014,"Cuttack, Odisha · 753014"
754001,"Cuttack, Odisha · 754001"
754002,"Cuttack, Odisha · 754002"
754003,"Cuttack, Odisha · 754003"
754004,"Cuttack, Odisha · 754004"
754005,"Cuttack, Odisha · 754005"
754006,"Cuttack, Odisha · 754006"
754007,"Cuttack, Odisha · 754007"
754008,"Cuttack, Odisha · 754008"
754009,"Cuttack, Odisha · 754009"
754010,"Cuttack, Odisha · 754010"
754011,"Cuttack, Odisha · 754011"
754018,"Cuttack, Odisha · 754018"
754021,"Cuttack, Odisha · 754021"
754022,"Cuttack, Odisha · 754022"
754023,"Jajapur, Odisha · 754023"
754024,"Jajapur, Odisha · 754024"
754025,"Cuttack, Odisha · 754025"
754026,"Cuttack, Odisha · 754026"
754027,"Cuttack, Odisha · 754027"
754028,"Cuttack, Odisha · 754028"
754029,"Cuttack, Odisha · 754029"
754030,"Cuttack, Odisha · 754030"
754031,"Cuttack, Odisha · 754031"
754032,"Cuttack, Odisha · 754032"
754035,"Cuttack, Odisha · 754035"
754037,"Cuttack, Odisha · 754037"
754071,"Cuttack, Odisha · 754071"
754082,"Jajapur, Odisha · 754082"
754100,"Cuttack, Odisha · 754100"
754102,"Jagatsinghapur, Odisha · 754102"
754103,"Jagatsinghapur, Odisha · 754103"
754104,"Jagatsinghapur, Odisha · 754104"
754105,"Cuttack, Odisha · 754105"
754106,"Jagatsinghapur, Odisha · 754106"
754107,"Jagatsinghapur, Odisha · 754107"
754108,"Jagatsinghapur, Odisha · 754108"
754109,"Jagatsinghapur, Odisha · 754109"
754110,"Jagatsinghapur, Odisha · 754110"
754111,"Jagatsinghapur, Odisha · 754111"
754112,"Cuttack, Odisha · 754112"
754113,"Jagatsinghapur, Odisha · 754113"
754114,"Jagatsinghapur, Odisha · 754114"
754119,"Jagatsinghapur, Odisha · 754119"
754120,"Jagatsinghapur, Odisha · 754120"
754130,"Jagatsinghapur, Odisha · 754130"
754131,"Cuttack, Odisha · 754131"
754132,"Jagatsinghapur, Odisha · 754132"
754133,"Jagatsinghapur, Odisha · 754133"
754134,"Kendrapara, Odisha · 754134"
754135,"Jagatsinghapur, Odisha · 754135"
754136,"Jagatsinghapur, Odisha · 754136"
754137,"Jagatsinghapur, Odisha · 754137"
754138,"Jagatsinghapur, Odisha · 754138"
754139,"Jagatsinghapur, Odisha · 754139"
754140,"Jagatsinghapur, Odisha · 754140"
754141,"Jagatsinghapur, Odisha · 754141"
754142,"Jagatsinghapur, Odisha · 754142"
754145,"Jagatsinghapur, Odisha · 754145"
754153,"Kendrapara, Odisha · 754153"
754160,"Jagatsinghapur, Odisha · 754160"
754162,"Jagatsinghapur, Odisha · 754162"
754200,"Cuttack, Odisha · 754200"
754201,"Cuttack, Odisha · 754201"
754202,"Cuttack, Odisha · 754202"
754203,"Kendrapara, Odisha · 754203"
754204,"Cuttack, Odisha · 754204"
754205,"Jajapur, Odisha · 754205"
754206,"Cuttack, Odisha · 754206"
754207,"Cuttack, Odisha · 754207"
754208,"Cuttack, Odisha · 754208"
754209,"Cuttack, Odisha · 754209"
754210,"Kendrapara, Odisha · 754210"
754211,"Kendrapara, Odisha · 754211"
754212,"Kendrapara, Odisha · 754212"
754213,"Kendrapara, Odisha · 754213"
754214,"Kendrapara, Odisha · 754214"
754216,"Kendrapara, Odisha · 754216"
754217,"Kendrapara, Odisha · 754217"
754218,"Kendrapara, Odisha · 754218"
754219,"Kendrapara, Odisha · 754219"
754220,"Kendrapara, Odisha · 754220"
754221,"Cuttack, Odisha · 754221"
754222,"Kendrapara, Odisha · 754222"
754223,"Kendrapara, Odisha · 754223"
754224,"Kendrapara, Odisha · 754224"
754225,"Kendrapara, Odisha · 754225"
754227,"Kendrapara, Odisha · 754227"
754228,"Kendrapara, Odisha · 754228"
754231,"Kendrapara, Odisha · 754231"
754239,"Kendrapara, Odisha · 754239"
754240,"Kendrapara, Odisha · 754240"
754244,"Kendrapara, Odisha · 754244"
754245,"Kendrapara, Odisha · 754245"
754246,"Kendrapara, Odisha · 754246"
754248,"Kendrapara, Odisha · 754248"
754250,"Kendrapara, Odisha · 754250"
754253,"Kendrapara, Odisha · 754253"
754289,"Kendrapara, Odisha · 754289"
754290,"Cuttack, Odisha · 754290"
754292,"Jajapur, Odisha · 754292"
754293,"Cuttack, Odisha · 754293"
754294,"Jagatsinghapur, Odisha · 754294"
754295,"Cuttack, Odisha · 754295"
754296,"Jajapur, Odisha · 754296"
755001,"Jajapur, Odisha · 755001"
755003,"Jajapur, Odisha · 755003"
755004,"Jajapur, Odisha · 755004"
755005,"Jajapur, Odisha · 755005"
755006,"Jajapur, Odisha · 755006"
755007,"Jajapur, Odisha · 755007"
755009,"Jajapur, Odisha · 755009"
755010,"Jajapur, Odisha · 755010"
755011,"Jajapur, Odisha · 755011"
755012,"Jajapur, Odisha · 755012"
755013,"Jajapur, Odisha · 755013"
755014,"Jajapur, Odisha · 755014"
755015,"Jajapur, Odisha · 755015"
755016,"Jajapur, Odisha · 755016"
755017,"Jajapur, Odisha · 755017"
755018,"Jajapur, Odisha · 755018"
755019,"Jajapur, Odisha · 755019"
755020,"Jajapur, Odisha · 755020"
755022,"Jajapur, Odisha · 755022"
755023,"Jajapur, Odisha · 755023"
755024,"Jajapur, Odisha · 755024"
755025,"Jajapur, Odisha · 755025"
755026,"Jajapur, Odisha · 755026"
755027,"Jajapur, Odisha · 755027"
755028,"Jajapur, Odisha · 755028"
755036,"Jajapur, Odisha · 755036"
755043,"Jajapur, Odisha · 755043"
755044,"Jajapur, Odisha · 755044"
755049,"Jajapur, Odisha · 755049"
755050,"Jajapur, Odisha · 755050"
755061,"Kendrapara, Odisha · 755061"
755062,"Jajapur, Odisha · 755062"
756100,"Bhadrak, Odisha · 756100"
756101,"Bhadrak, Odisha · 756101"
756111,"Bhadrak, Odisha · 756111"
756112,"Bhadrak, Odisha · 756112"
756113,"Bhadrak, Odisha · 756113"
756114,"Bhadrak, Odisha · 756114"
756115,"Bhadrak, Odisha · 756115"
756116,"Bhadrak, Odisha · 756116"
756117,"Bhadrak, Odisha · 756117"
756118,"Bhadrak, Odisha · 756118"
756119,"Bhadrak, Odisha · 756119"
756120,"Bhadrak, Odisha · 756120"
756121,"Bhadrak, Odisha · 756121"
756122,"Bhadrak, Odisha · 756122"
756123,"Bhadrak, Odisha · 756123"
756124,"Bhadrak, Odisha · 756124"
756125,"Bhadrak, Odisha · 756125"
756127,"Bhadrak, Odisha · 756127"
756128,"Bhadrak, Odisha · 756128"
756129,"Bhadrak, Odisha · 756129"
756130,"Bhadrak, Odisha · 756130"
756131,"Bhadrak, Odisha · 756131"
756132,"Bhadrak, Odisha · 756132"
756133,"Bhadrak, Odisha · 756133"
756135,"Bhadrak, Odisha · 756135"
756137,"Bhadrak, Odisha · 756137"
756138,"Bhadrak, Odisha · 756138"
756139,"Bhadrak, Odisha · 756139"
756144,"Bhadrak, Odisha · 756144"
756162,"Bhadrak, Odisha · 756162"
756163,"Bhadrak, Odisha · 756163"
756164,"Bhadrak, Odisha · 756164"
756165,"Bhadrak, Odisha · 756165"
756167,"Bhadrak, Odisha · 756167"
756168,"Bhadrak, Odisha · 756168"
756171,"Bhadrak, Odisha · 756171"
756181,"Bhadrak, Odisha · 756181"
757001,"Mayurbhanj, Odisha · 757001"
757002,"Mayurbhanj, Odisha · 757002"
757003,"Mayurbhanj, Odisha · 757003"
757014,"Mayurbhanj, Odisha · 757014"
757016,"Mayurbhanj, Odisha · 757016"
757017,"Mayurbhanj, Odisha · 757017"
757018,"Mayurbhanj, Odisha · 757018"
757019,"Mayurbhanj, Odisha · 757019"
757020,"Mayurbhanj, Odisha · 757020"
757021,"Mayurbhanj, Odisha · 757021"
757022,"Mayurbhanj, Odisha · 757022"
757023,"Mayurbhanj, Odisha · 757023"
757024,"Mayurbhanj, Odisha · 757024"
757025,"Mayurbhanj, Odisha · 757025"
757026,"Mayurbhanj, Odisha · 757026"
757027,"Mayurbhanj, Odisha · 757027"
757028,"Mayurbhanj, Odisha · 757028"
757029,"Mayurbhanj, Odisha · 757029"
757030,"Mayurbhanj, Odisha · 757030"
757031,"Mayurbhanj, Odisha · 757031"
757032,"Mayurbhanj, Odisha · 757032"
757033,"Mayurbhanj, Odisha · 757033"
757034,"Mayurbhanj, Odisha · 757034"
757035,"Mayurbhanj, Odisha · 757035"
757036,"Mayurbhanj, Odisha · 757036"
757037,"Mayurbhanj, Odisha · 757037"
757038,"Mayurbhanj, Odisha · 757038"
757039,"Mayurbhanj, Odisha · 757039"
757040,"Mayurbhanj, Odisha · 757040"
757041,"Mayurbhanj, Odisha · 757041"
757042,"Mayurbhanj, Odisha · 757042"
757043,"Mayurbhanj, Odisha · 757043"
757045,"Mayurbhanj, Odisha · 757045"
757046,"Mayurbhanj, Odisha · 757046"
757047,"Mayurbhanj, Odisha · 757047"
757048,"Mayurbhanj, Odisha · 757048"
757049,"Mayurbhanj, Odisha · 757049"
757050,"Mayurbhanj, Odisha · 757050"
757051,"Mayurbhanj, Odisha · 757051"
757052,"Mayurbhanj, Odisha · 757052"
757053,"Mayurbhanj, Odisha · 757053"
757054,"Mayurbhanj, Odisha · 757054"
757055,"Mayurbhanj, Odisha · 757055"
757073,"Mayurbhanj, Odisha · 757073"
757074,"Mayurbhanj, Odisha · 757074"
757075,"Mayurbhanj, Odisha · 757075"
757077,"Mayurbhanj, Odisha · 757077"
757079,"Mayurbhanj, Odisha · 757079"
757081,"Mayurbhanj, Odisha · 757081"
757082,"Mayurbhanj, Odisha · 757082"
757083,"Mayurbhanj, Odisha · 757083"
757084,"Mayurbhanj, Odisha · 757084"
757085,"Mayurbhanj, Odisha · 757085"
757086,"Mayurbhanj, Odisha · 757086"
757087,"Mayurbhanj, Odisha · 757087"
757092,"Mayurbhanj, Odisha · 757092"
757093,"Mayurbhanj, Odisha · 757093"
757100,"Mayurbhanj, Odisha · 757100"
757101,"Mayurbhanj, Odisha · 757101"
757102,"Mayurbhanj, Odisha · 757102"
757103,"Mayurbhanj, Odisha · 757103"
757104,"Mayurbhanj, Odisha · 757104"
757105,"Mayurbhanj, Odisha · 757105"
757106,"Mayurbhanj, Odisha · 757106"
757107,"Mayurbhanj, Odisha · 757107"
758002,"Kendujhar, Odisha · 758002"
758013,"Kendujhar, Odisha · 758013"
758014,"Kendujhar, Odisha · 758014"
758015,"Kendujhar, Odisha · 758015"
758016,"Kendujhar, Odisha · 758016"
758017,"Kendujhar, Odisha · 758017"
758018,"Kendujhar, Odisha · 758018"
758019,"Kendujhar, Odisha · 758019"
758020,"Kendujhar, Odisha · 758020"
758021,"Kendujhar, Odisha · 758021"
758022,"Kendujhar, Odisha · 758022"
758023,"Kendujhar, Odisha · 758023"
758025,"Kendujhar, Odisha · 758025"
758026,"Kendujhar, Odisha · 758026"
758027,"Kendujhar, Odisha · 758027"
758028,"Kendujhar, Odisha · 758028"
758029,"Kendujhar, Odisha · 758029"
758030,"Kendujhar, Odisha · 758030"
758031,"Kendujhar, Odisha · 758031"
758032,"Kendujhar, Odisha · 758032"
758034,"Kendujhar, Odisha · 758034"
758035,"Kendujhar, Odisha · 758035"
758036,"Kendujhar, Odisha · 758036"
758037,"Kendujhar, Odisha · 758037"
758038,"Kendujhar, Odisha · 758038"
758040,"Kendujhar, Odisha · 758040"
758041,"Kendujhar, Odisha · 758041"
758043,"Kendujhar, Odisha · 758043"
758044,"Kendujhar, Odisha · 758044"
758045,"Kendujhar, Odisha · 758045"
758046,"Kendujhar, Odisha · 758046"
758047,"Kendujhar, Odisha · 758047"
758076,"Kendujhar, Odisha · 758076"
758078,"Kendujhar, Odisha · 758078"
758079,"Kendujhar, Odisha · 758079"
758080,"Kendujhar, Odisha · 758080"
758081,"Kendujhar, Odisha · 758081"
758082,"Kendujhar, Odisha · 758082"
758083,"Kendujhar, Odisha · 758083"
758084,"Kendujhar, Odisha · 758084"
758085,"Kendujhar, Odisha · 758085"
759001,"Dhenkanal, Odisha · 759001"
759013,"Dhenkanal, Odisha · 759013"
759014,"Dhenkanal, Odisha · 759014"
759015,"Dhenkanal, Odisha · 759015"
759016,"Dhenkanal, Odisha · 759016"
759017,"Dhenkanal, Odisha · 759017"
759018,"Dhenkanal, Odisha · 759018"
759019,"Dhenkanal, Odisha · 759019"
759020,"Dhenkanal, Odisha · 759020"
759021,"Dhenkanal, Odisha · 759021"
759022,"Dhenkanal, Odisha · 759022"
759023,"Dhenkanal, Odisha · 759023"
759024,"Dhenkanal, Odisha · 759024"
759025,"Dhenkanal, Odisha · 759025"
759026,"Dhenkanal, Odisha · 759026"
759027,"Dhenkanal, Odisha · 759027"
759028,"Dhenkanal, Odisha · 759028"
759039,"Dhenkanal, Odisha · 759039"
759120,"Dhenkanal, Odisha · 759120"
759121,"Dhenkanal, Odisha · 759121"
759146,"Dhenkanal, Odisha · 759146"
760001,"Ganjam, Odisha · 760001"
760002,"Ganjam, Odisha · 760002"
760003,"Ganjam, Odisha · 760003"
760004,"Ganjam, Odisha · 760004"
760005,"Ganjam, Odisha · 760005"
760006,"Ganjam, Odisha · 760006"
760007,"Ganjam, Odisha · 760007"
760008,"Ganjam, Odisha · 760008"
760010,"Ganjam, Odisha · 760010"
761001,"Ganjam, Odisha · 761001"
761002,"Ganjam, Odisha · 761002"
761003,"Ganjam, Odisha · 761003"
761004,"Ganjam, Odisha · 761004"
761005,"Ganjam, Odisha · 761005"
761006,"Ganjam, Odisha · 761006"
761007,"Ganjam, Odisha · 761007"
761008,"Ganjam, Odisha · 761008"
761009,"Ganjam, Odisha · 761009"
761010,"Ganjam, Odisha · 761010"
761011,"Ganjam, Odisha · 761011"
761012,"Ganjam, Odisha · 761012"
761013,"Ganjam, Odisha · 761013"
761014,"Ganjam, Odisha · 761014"
761015,"Gajapati, Odisha · 761015"
761016,"Gajapati, Odisha · 761016"
761017,"Gajapati, Odisha · 761017"
761018,"Ganjam, Odisha · 761018"
761019,"Ganjam, Odisha · 761019"
761020,"Ganjam, Odisha · 761020"
761025,"Ganjam, Odisha · 761025"
761026,"Ganjam, Odisha · 761026"
761027,"Ganjam, Odisha · 761027"
761028,"Ganjam, Odisha · 761028"
761029,"Ganjam, Odisha · 761029"
761030,"Ganjam, Odisha · 761030"
761031,"Ganjam, Odisha · 761031"
761032,"Ganjam, Odisha · 761032"
761035,"Ganjam, Odisha · 761035"
761037,"Ganjam, Odisha · 761037"
761041,"Ganjam, Odisha · 761041"
761042,"Ganjam, Odisha · 761042"
761043,"Ganjam, Odisha · 761043"
761045,"Ganjam, Odisha · 761045"
761052,"Ganjam, Odisha · 761052"
761054,"Ganjam, Odisha · 761054"
761055,"Ganjam, Odisha · 761055"
761100,"Ganjam, Odisha · 761100"
761101,"Ganjam, Odisha · 761101"
761102,"Ganjam, Odisha · 761102"
761103,"Ganjam, Odisha · 761103"
761104,"Ganjam, Odisha · 761104"
761105,"Ganjam, Odisha · 761105"
761106,"Ganjam, Odisha · 761106"
761107,"Ganjam, Odisha · 761107"
761108,"Ganjam, Odisha · 761108"
761109,"Ganjam, Odisha · 761109"
761110,"Ganjam, Odisha · 761110"
761114,"Ganjam, Odisha · 761114"
761115,"Ganjam, Odisha · 761115"
761116,"Ganjam, Odisha · 761116"
761117,"Ganjam, Odisha · 761117"
761118,"Ganjam, Odisha · 761118"
761119,"Ganjam, Odisha · 761119"
761120,"Ganjam, Odisha · 761120"
761121,"Ganjam, Odisha · 761121"
761122,"Ganjam, Odisha · 761122"
761123,"Ganjam, Odisha · 761123"
761124,"Ganjam, Odisha · 761124"
761125,"Ganjam, Odisha · 761125"
761126,"Ganjam, Odisha · 761126"
761131,"Ganjam, Odisha · 761131"
761132,"Ganjam, Odisha · 761132"
761133,"Ganjam, Odisha · 761133"
761140,"Ganjam, Odisha · 761140"
761141,"Ganjam, Odisha · 761141"
761143,"Ganjam, Odisha · 761143"
761144,"Ganjam, Odisha · 761144"
761146,"Ganjam, Odisha · 761146"
761151,"Ganjam, Odisha · 761151"
761200,"Gajapati, Odisha · 761200"
761201,"Gajapati, Odisha · 761201"
761206,"Gajapati, Odisha · 761206"
761207,"Gajapati, Odisha · 761207"
761208,"Gajapati, Odisha · 761208"
761209,"Ganjam, Odisha · 761209"
761210,"Gajapati, Odisha · 761210"
761211,"Gajapati, Odisha · 761211"
761212,"Gajapati, Odisha · 761212"
761213,"Gajapati, Odisha · 761213"
761215,"Gajapati, Odisha · 761215"
761217,"Gajapati, Odisha · 761217"
762001,"Kandhamal, Odisha · 762001"
762002,"Kandhamal, Odisha · 762002"
762010,"Kandhamal, Odisha · 762010"
762011,"Kandhamal, Odisha · 762011"
762012,"Kandhamal, Odisha · 762012"
762013,"Baudh, Odisha · 762013"
762015,"Baudh, Odisha · 762015"
762016,"Baudh, Odisha · 762016"
762017,"Baudh, Odisha · 762017"
762018,"Baudh, Odisha · 762018"
762019,"Kandhamal, Odisha · 762019"
762020,"Baudh, Odisha · 762020"
762021,"Kandhamal, Odisha · 762021"
762022,"Kandhamal, Odisha · 762022"
762023,"Baudh, Odisha · 762023"
762024,"Baudh, Odisha · 762024"
762026,"Baudh, Odisha · 762026"
762027,"Kandhamal, Odisha · 762027"
762028,"Kandhamal, Odisha · 762028"
762029,"Kandhamal, Odisha · 762029"
762030,"Baudh, Odisha · 762030"
762100,"Kandhamal, Odisha · 762100"
762101,"Kandhamal, Odisha · 762101"
762102,"Kandhamal, Odisha · 762102"
762103,"Kandhamal, Odisha · 762103"
762104,"Kandhamal, Odisha · 762104"
762105,"Kandhamal, Odisha · 762105"
762106,"Kandhamal, Odisha · 762106"
762107,"Kandhamal, Odisha · 762107"
762109,"Kandhamal, Odisha · 762109"
762110,"Kandhamal, Odisha · 762110"
762112,"Kandhamal, Odisha · 762112"
763001,"Koraput, Odisha · 763001"
763002,"Koraput, Odisha · 763002"
763003,"Koraput, Odisha · 763003"
763004,"Koraput, Odisha · 763004"
763008,"Koraput, Odisha · 763008"
764001,"Koraput, Odisha · 764001"
764002,"Koraput, Odisha · 764002"
764003,"Koraput, Odisha · 764003"
764004,"Koraput, Odisha · 764004"
764005,"Koraput, Odisha · 764005"
764006,"Koraput, Odisha · 764006"
764011,"Koraput, Odisha · 764011"
764014,"Koraput, Odisha · 764014"
764020,"Koraput, Odisha · 764020"
764021,"Koraput, Odisha · 764021"
764027,"Koraput, Odisha · 764027"
764028,"Koraput, Odisha · 764028"
764036,"Koraput, Odisha · 764036"
764037,"Koraput, Odisha · 764037"
764038,"Koraput, Odisha · 764038"
764039,"Koraput, Odisha · 764039"
764040,"Koraput, Odisha · 764040"
764041,"Koraput, Odisha · 764041"
764042,"Koraput, Odisha · 764042"
764043,"Koraput, Odisha · 764043"
764044,"Malkangiri, Odisha · 764044"
764045,"Malkangiri, Odisha · 764045"
764046,"Malkangiri, Odisha · 764046"
764047,"Malkangiri, Odisha · 764047"
764049,"Nabarangapur, Odisha · 764049"
764051,"Malkangiri, Odisha · 764051"
764052,"Malkangiri, Odisha · 764052"
764055,"Koraput, Odisha · 764055"
764056,"Koraput, Odisha · 764056"
764057,"Koraput, Odisha · 764057"
764058,"Koraput, Odisha · 764058"
764059,"Nabarangapur, Odisha · 764059"
764061,"Nabarangapur, Odisha · 764061"
764062,"Rayagada, Odisha · 764062"
764063,"Nabarangapur, Odisha · 764063"
764070,"Nabarangapur, Odisha · 764070"
764071,"Nabarangapur, Odisha · 764071"
764072,"Nabarangapur, Odisha · 764072"
764074,"Nabarangapur, Odisha · 764074"
764075,"Nabarangapur, Odisha · 764075"
764076,"Nabarangapur, Odisha · 764076"
764077,"Nabarangapur, Odisha · 764077"
764078,"Nabarangapur, Odisha · 764078"
764081,"Koraput, Odisha · 764081"
764085,"Nabarangapur, Odisha · 764085"
764086,"Malkangiri, Odisha · 764086"
764087,"Malkangiri, Odisha · 764087"
764088,"Nabarangapur, Odisha · 764088"
765001,"Rayagada, Odisha · 765001"
765002,"Rayagada, Odisha · 765002"
765013,"Koraput, Odisha · 765013"
765015,"Rayagada, Odisha · 765015"
765016,"Rayagada, Odisha · 765016"
765017,"Rayagada, Odisha · 765017"
765018,"Rayagada, Odisha · 765018"
765019,"Rayagada, Odisha · 765019"
765020,"Rayagada, Odisha · 765020"
765021,"Rayagada, Odisha · 765021"
765022,"Rayagada, Odisha · 765022"
765023,"Rayagada, Odisha · 765023"
765024,"Rayagada, Odisha · 765024"
765025,"Rayagada, Odisha · 765025"
765026,"Rayagada, Odisha · 765026"
765029,"Rayagada, Odisha · 765029"
765033,"Rayagada, Odisha · 765033"
765034,"Rayagada, Odisha · 765034"
766001,"Kalahandi, Odisha · 766001"
766002,"Kalahandi, Odisha · 766002"
766011,"Kalahandi, Odisha · 766011"
766012,"Kalahandi, Odisha · 766012"
766013,"Kalahandi, Odisha · 766013"
766014,"Kalahandi, Odisha · 766014"
766015,"Kalahandi, Odisha · 766015"
766016,"Kalahandi, Odisha · 766016"
766017,"Kalahandi, Odisha · 766017"
766018,"Kalahandi, Odisha · 766018"
766019,"Kalahandi, Odisha · 766019"
766020,"Kalahandi, Odisha · 766020"
766023,"Kalahandi, Odisha · 766023"
766026,"Kalahandi, Odisha · 766026"
766027,"Kalahandi, Odisha · 766027"
766028,"Kalahandi, Odisha · 766028"
766029,"Kalahandi, Odisha · 766029"
766031,"Kalahandi, Odisha · 766031"
766032,"Kalahandi, Odisha · 766032"
766036,"Kalahandi, Odisha · 766036"
766037,"Kalahandi, Odisha · 766037"
766100,"Kalahandi, Odisha · 766100"
766101,"Kalahandi, Odisha · 766101"
766102,"Kalahandi, Odisha · 766102"
766103,"Kalahandi, Odisha · 766103"
766104,"Nuapada, Odisha · 766104"
766105,"Nuapada, Odisha · 766105"
766106,"Nuapada, Odisha · 766106"
766107,"Nuapada, Odisha · 766107"
766108,"Nuapada, Odisha · 766108"
766110,"Kalahandi, Odisha · 766110"
766111,"Nuapada, Odisha · 766111"
766118,"Nuapada, Odisha · 766118"
767001,"Balangir, Odisha · 767001"
767002,"Balangir, Odisha · 767002"
767020,"Balangir, Odisha · 767020"
767021,"Balangir, Odisha · 767021"
767022,"Balangir, Odisha · 767022"
767024,"Balangir, Odisha · 767024"
767025,"Balangir, Odisha · 767025"
767026,"Balangir, Odisha · 767026"
767027,"Balangir, Odisha · 767027"
767028,"Balangir, Odisha · 767028"
767029,"Balangir, Odisha · 767029"
767030,"Balangir, Odisha · 767030"
767032,"Balangir, Odisha · 767032"
767033,"Balangir, Odisha · 767033"
767035,"Balangir, Odisha · 767035"
767037,"Balangir, Odisha · 767037"
767038,"Balangir, Odisha · 767038"
767039,"Balangir, Odisha · 767039"
767040,"Balangir, Odisha · 767040"
767041,"Balangir, Odisha · 767041"
767042,"Balangir, Odisha · 767042"
767046,"Balangir, Odisha · 767046"
767048,"Balangir, Odisha · 767048"
767060,"Balangir, Odisha · 767060"
767061,"Balangir, Odisha · 767061"
767065,"Balangir, Odisha · 767065"
767066,"Balangir, Odisha · 767066"
767067,"Balangir, Odisha · 767067"
767070,"Balangir, Odisha · 767070"
768001,"Sambalpur, Odisha · 768001"
768003,"Sambalpur, Odisha · 768003"
768004,"Sambalpur, Odisha · 768004"
768005,"Sambalpur, Odisha · 768005"
768006,"Sambalpur, Odisha · 768006"
768016,"Sambalpur, Odisha · 768016"
768017,"Sambalpur, Odisha · 768017"
768018,"Sambalpur, Odisha · 768018"
768019,"Sambalpur, Odisha · 768019"
768020,"Sambalpur, Odisha · 768020"
768025,"Sambalpur, Odisha · 768025"
768027,"Bargarh, Odisha · 768027"
768028,"Bargarh, Odisha · 768028"
768029,"Bargarh, Odisha · 768029"
768030,"Bargarh, Odisha · 768030"
768031,"Bargarh, Odisha · 768031"
768032,"Bargarh, Odisha · 768032"
768033,"Bargarh, Odisha · 768033"
768034,"Bargarh, Odisha · 768034"
768035,"Bargarh, Odisha · 768035"
768036,"Bargarh, Odisha · 768036"
768037,"Bargarh, Odisha · 768037"
768038,"Bargarh, Odisha · 768038"
768039,"Bargarh, Odisha · 768039"
768040,"Bargarh, Odisha · 768040"
768042,"Bargarh, Odisha · 768042"
768045,"Bargarh, Odisha · 768045"
768048,"Bargarh, Odisha · 768048"
768049,"Bargarh, Odisha · 768049"
768050,"Bargarh, Odisha · 768050"
768052,"Bargarh, Odisha · 768052"
768102,"Bargarh, Odisha · 768102"
768103,"Bargarh, Odisha · 768103"
768104,"Bargarh, Odisha · 768104"
768105,"Sambalpur, Odisha · 768105"
768106,"Sambalpur, Odisha · 768106"
768107,"Sambalpur, Odisha · 768107"
768108,"Debagarh, Odisha · 768108"
768110,"Debagarh, Odisha · 768110"
768111,"Bargarh, Odisha · 768111"
768112,"Sambalpur, Odisha · 768112"
768113,"Sambalpur, Odisha · 768113"
768115,"Bargarh, Odisha · 768115"
768118,"Sambalpur, Odisha · 768118"
768119,"Debagarh, Odisha · 768119"
768121,"Debagarh, Odisha · 768121"
768200,"Sambalpur, Odisha · 768200"
768201,"Jharsuguda, Odisha · 768201"
768202,"Jharsuguda, Odisha · 768202"
768203,"Jharsuguda, Odisha · 768203"
768204,"Jharsuguda, Odisha · 768204"
768211,"Jharsuguda, Odisha · 768211"
768212,"Sambalpur, Odisha · 768212"
768213,"Jharsuguda, Odisha · 768213"
768214,"Sambalpur, Odisha · 768214"
768215,"Jharsuguda, Odisha · 768215"
768216,"Jharsuguda, Odisha · 768216"
768217,"Jharsuguda, Odisha · 768217"
768218,"Jharsuguda, Odisha · 768218"
768219,"Jharsuguda, Odisha · 768219"
768220,"Jharsuguda, Odisha · 768220"
768221,"Sambalpur, Odisha · 768221"
768222,"Sambalpur, Odisha · 768222"
768224,"Sambalpur, Odisha · 768224"
768225,"Jharsuguda, Odisha · 768225"
768226,"Jharsuguda, Odisha · 768226"
768227,"Sambalpur, Odisha · 768227"
768228,"Sambalpur, Odisha · 768228"
768234,"Jharsuguda, Odisha · 768234"
781001,"Kamrup, Assam · 781001"
781003,"Kamrup, Assam · 781003"
781004,"Kamrup, Assam · 781004"
781005,"Kamrup, Assam · 781005"
781006,"Kamrup, Assam · 781006"
781007,"Kamrup, Assam · 781007"
781008,"Kamrup, Assam · 781008"
781009,"Kamrup, Assam · 781009"
781010,"Kamrup, Assam · 781010"
781011,"Kamrup, Assam · 781011"
781012,"Kamrup, Assam · 781012"
781013,"Kamrup, Assam · 781013"
781014,"Kamrup, Assam · 781014"
781015,"Kamrup, Assam · 781015"
781016,"Kamrup, Assam · 781016"
781017,"Kamrup, Assam · 781017"
781018,"Kamrup, Assam · 781018"
781019,"Kamrup, Assam · 781019"
781020,"Kamrup, Assam · 781020"
781021,"Kamrup, Assam · 781021"
781022,"Kamrup, Assam · 781022"
781023,"Kamrup, Assam · 781023"
781024,"Kamrup, Assam · 781024"
781025,"Kamrup, Assam · 781025"
781026,"Kamrup, Assam · 781026"
781027,"Kamrup, Assam · 781027"
781028,"Kamrup, Assam · 781028"
781029,"Kamrup, Assam · 781029"
781030,"Kamrup, Assam · 781030"
781031,"Kamrup, Assam · 781031"
781032,"Kamrup, Assam · 781032"
781034,"Kamrup, Assam · 781034"
781035,"Kamrup, Assam · 781035"
781036,"Kamrup, Assam · 781036"
781037,"Kamrup, Assam · 781037"
781038,"Kamrup, Assam · 781038"
781039,"Kamrup, Assam · 781039"
781040,"Kamrup, Assam · 781040"
781101,"Kamrup, Assam · 781101"
781102,"Kamrup, Assam · 781102"
781103,"Kamrup, Assam · 781103"
781104,"Kamrup, Assam · 781104"
781120,"Kamrup, Assam · 781120"
781121,"Kamrup, Assam · 781121"
781122,"Kamrup, Assam · 781122"
781123,"Kamrup, Assam · 781123"
781124,"Kamrup, Assam · 781124"
781125,"Kamrup, Assam · 781125"
781126,"Nalbari, Assam · 781126"
781127,"Kamrup, Assam · 781127"
781128,"Kamrup, Assam · 781128"
781129,"Kamrup, Assam · 781129"
781131,"Kamrup, Assam · 781131"
781132,"Kamrup, Assam · 781132"
781133,"Kamrup, Assam · 781133"
781134,"Kamrup, Assam · 781134"
781135,"Kamrup, Assam · 781135"
781136,"Kamrup, Assam · 781136"
781138,"Nalbari, Assam · 781138"
781141,"Kamrup, Assam · 781141"
781150,"Kamrup, Assam · 781150"
781171,"Kamrup, Assam · 781171"
781301,"Barpeta, Assam · 781301"
781302,"Barpeta, Assam · 781302"
781303,"Nalbari, Assam · 781303"
781304,"Nalbari, Assam · 781304"
781305,"Barpeta, Assam · 781305"
781306,"Nalbari, Assam · 781306"
781307,"Barpeta, Assam · 781307"
781308,"Barpeta, Assam · 781308"
781309,"Barpeta, Assam · 781309"
781310,"Nalbari, Assam · 781310"
781311,"Barpeta, Assam · 781311"
781312,"Nalbari, Assam · 781312"
781313,"Barpeta, Assam · 781313"
781314,"Barpeta, Assam · 781314"
781315,"Barpeta, Assam · 781315"
781316,"Barpeta, Assam · 781316"
781317,"Barpeta, Assam · 781317"
781318,"Barpeta, Assam · 781318"
781319,"Barpeta, Assam · 781319"
781321,"Barpeta, Assam · 781321"
781325,"Barpeta, Assam · 781325"
781326,"Barpeta, Assam · 781326"
781327,"Barpeta, Assam · 781327"
781328,"Barpeta, Assam · 781328"
781329,"Barpeta, Assam · 781329"
781330,"Barpeta, Assam · 781330"
781333,"Nalbari, Assam · 781333"
781334,"Nalbari, Assam · 781334"
781335,"Nalbari, Assam · 781335"
781337,"Nalbari, Assam · 781337"
781338,"Nalbari, Assam · 781338"
781339,"Nalbari, Assam · 781339"
781340,"Nalbari, Assam · 781340"
781341,"Nalbari, Assam · 781341"
781343,"Nalbari, Assam · 781343"
781344,"Nalbari, Assam · 781344"
781346,"Nalbari, Assam · 781346"
781347,"Nalbari, Assam · 781347"
781348,"Nalbari, Assam · 781348"
781349,"Nalbari, Assam · 781349"
781350,"Nalbari, Assam · 781350"
781351,"Nalbari, Assam · 781351"
781352,"Barpeta, Assam · 781352"
781353,"Nalbari, Assam · 781353"
781354,"Kamrup, Assam · 781354"
781355,"Nalbari, Assam · 781355"
781360,"Nalbari, Assam · 781360"
781364,"Kamrup, Assam · 781364"
781365,"Kamrup, Assam · 781365"
781366,"Kamrup, Assam · 781366"
781367,"Nalbari, Assam · 781367"
781368,"Nalbari, Assam · 781368"
781369,"Nalbari, Assam · 781369"
781370,"Nalbari, Assam · 781370"
781371,"Nalbari, Assam · 781371"
781373,"Nalbari, Assam · 781373"
781374,"Nalbari, Assam · 781374"
781375,"Nalbari, Assam · 781375"
781376,"Kamrup, Assam · 781376"
781377,"Nalbari, Assam · 781377"
781378,"Nalbari, Assam · 781378"
781380,"Kamrup, Assam · 781380"
781381,"Kamrup, Assam · 781381"
781382,"Kamrup, Assam · 781382"
782001,"Nagaon, Assam · 782001"
782002,"Nagaon, Assam · 782002"
782003,"Nagaon, Assam · 782003"
782101,"Nagaon, Assam · 782101"
782102,"Nagaon, Assam · 782102"
782103,"Nagaon, Assam · 782103"
782120,"Nagaon, Assam · 782120"
782122,"Nagaon, Assam · 782122"
782123,"Nagaon, Assam · 782123"
782124,"Nagaon, Assam · 782124"
782125,"Nagaon, Assam · 782125"
782135,"Nagaon, Assam · 782135"
782136,"Nagaon, Assam · 782136"
782137,"Nagaon, Assam · 782137"
782138,"Nagaon, Assam · 782138"
782139,"Karbi Anglong, Assam · 782139"
782140,"Nagaon, Assam · 782140"
782142,"Nagaon, Assam · 782142"
782143,"Nagaon, Assam · 782143"
782144,"Nagaon, Assam · 782144"
782401,"Kamrup, Assam · 782401"
782402,"Kamrup, Assam · 782402"
782403,"Kamrup, Assam · 782403"
782425,"Nagaon, Assam · 782425"
782426,"Nagaon, Assam · 782426"
782427,"Nagaon, Assam · 782427"
782428,"Nagaon, Assam · 782428"
782429,"Nagaon, Assam · 782429"
782435,"Nagaon, Assam · 782435"
782439,"Nagaon, Assam · 782439"
782440,"Nagaon, Assam · 782440"
782441,"Karbi Anglong, Assam · 782441"
782442,"Nagaon, Assam · 782442"
782445,"Nagaon, Assam · 782445"
782446,"Nagaon, Assam · 782446"
782447,"Karbi Anglong, Assam · 782447"
782448,"Karbi Anglong, Assam · 782448"
782450,"Karbi Anglong, Assam · 782450"
782460,"Karbi Anglong, Assam · 782460"
782461,"Karbi Anglong, Assam · 782461"
782462,"Karbi Anglong, Assam · 782462"
782470,"Karbi Anglong, Assam · 782470"
782480,"Karbi Anglong, Assam · 782480"
782481,"Karbi Anglong, Assam · 782481"
782482,"Karbi Anglong, Assam · 782482"
782485,"Karbi Anglong, Assam · 782485"
782486,"Karbi Anglong, Assam · 782486"
782490,"Karbi Anglong, Assam · 782490"
783101,"Goalpara, Assam · 783101"
783120,"Goalpara, Assam · 783120"
783122,"Goalpara, Assam · 783122"
783123,"Goalpara, Assam · 783123"
783124,"Goalpara, Assam · 783124"
783125,"Goalpara, Assam · 783125"
783126,"Goalpara, Assam · 783126"
783127,"Dhubri, Assam · 783127"
783128,"Dhubri, Assam · 783128"
783129,"Goalpara, Assam · 783129"
783130,"Goalpara, Assam · 783130"
783131,"Dhubri, Assam · 783131"
783132,"Goalpara, Assam · 783132"
783133,"Goalpara, Assam · 783133"
783134,"Goalpara, Assam · 783134"
783135,"Dhubri, Assam · 783135"
783301,"Dhubri, Assam · 783301"
783323,"Dhubri, Assam · 783323"
783324,"Dhubri, Assam · 783324"
783325,"Dhubri, Assam · 783325"
783330,"Dhubri, Assam · 783330"
783331,"Dhubri, Assam · 783331"
783332,"Kokrajhar, Assam · 783332"
783333,"Kokrajhar, Assam · 783333"
783334,"Dhubri, Assam · 783334"
783335,"Dhubri, Assam · 783335"
783336,"Kokrajhar, Assam · 783336"
783337,"Kokrajhar, Assam · 783337"
783339,"Dhubri, Assam · 783339"
783345,"Kokrajhar, Assam · 783345"
783346,"Kokrajhar, Assam · 783346"
783347,"Kokrajhar, Assam · 783347"
783348,"Dhubri, Assam · 783348"
783350,"Kokrajhar, Assam · 783350"
783354,"Kokrajhar, Assam · 783354"
783361,"Kokrajhar, Assam · 783361"
783369,"Kokrajhar, Assam · 783369"
783370,"Kokrajhar, Assam · 783370"
783371,"Dhubri, Assam · 783371"
783372,"Kokrajhar, Assam · 783372"
783373,"Bongaigaon, Assam · 783373"
783375,"Kokrajhar, Assam · 783375"
783376,"Kokrajhar, Assam · 783376"
783380,"Bongaigaon, Assam · 783380"
783381,"Bongaigaon, Assam · 783381"
783382,"Bongaigaon, Assam · 783382"
783384,"Bongaigaon, Assam · 783384"
783385,"Bongaigaon, Assam · 783385"
783388,"Bongaigaon, Assam · 783388"
783389,"Bongaigaon, Assam · 783389"
783390,"Bongaigaon, Assam · 783390"
783391,"Bongaigaon, Assam · 783391"
783392,"Bongaigaon, Assam · 783392"
783393,"Bongaigaon, Assam · 783393"
783394,"Bongaigaon, Assam · 783394"
784001,"Sonitpur, Assam · 784001"
784010,"Sonitpur, Assam · 784010"
784025,"Sonitpur, Assam · 784025"
784026,"Sonitpur, Assam · 784026"
784027,"Sonitpur, Assam · 784027"
784028,"Sonitpur, Assam · 784028"
784101,"Sonitpur, Assam · 784101"
784102,"Sonitpur, Assam · 784102"
784103,"Sonitpur, Assam · 784103"
784104,"Sonitpur, Assam · 784104"
784105,"Sonitpur, Assam · 784105"
784110,"Sonitpur, Assam · 784110"
784111,"Sonitpur, Assam · 784111"
784112,"Sonitpur, Assam · 784112"
784113,"Darrang, Assam · 784113"
784114,"Darrang, Assam · 784114"
784115,"Darrang, Assam · 784115"
784116,"Darrang, Assam · 784116"
784117,"Sonitpur, Assam · 784117"
784144,"Darrang, Assam · 784144"
784145,"Darrang, Assam · 784145"
784146,"Darrang, Assam · 784146"
784147,"Darrang, Assam · 784147"
784148,"Darrang, Assam · 784148"
784149,"Sonitpur, Assam · 784149"
784150,"Sonitpur, Assam · 784150"
784153,"Sonitpur, Assam · 784153"
784154,"Sonitpur, Assam · 784154"
784160,"Lakhimpur, Assam · 784160"
784161,"Lakhimpur, Assam · 784161"
784163,"Lakhimpur, Assam · 784163"
784164,"Lakhimpur, Assam · 784164"
784165,"Lakhimpur, Assam · 784165"
784166,"Sonitpur, Assam · 784166"
784167,"Sonitpur, Assam · 784167"
784168,"Sonitpur, Assam · 784168"
784169,"Sonitpur, Assam · 784169"
784170,"Sonitpur, Assam · 784170"
784171,"Sonitpur, Assam · 784171"
784172,"Sonitpur, Assam · 784172"
784173,"Sonitpur, Assam · 784173"
784174,"Sonitpur, Assam · 784174"
784175,"Sonitpur, Assam · 784175"
784176,"Sonitpur, Assam · 784176"
784177,"Sonitpur, Assam · 784177"
784178,"Sonitpur, Assam · 784178"
784179,"Sonitpur, Assam · 784179"
784180,"Sonitpur, Assam · 784180"
784182,"Sonitpur, Assam · 784182"
784184,"Sonitpur, Assam · 784184"
784189,"Sonitpur, Assam · 784189"
784190,"Darrang, Assam · 784190"
784501,"Sonitpur, Assam · 784501"
784502,"Sonitpur, Assam · 784502"
784504,"Sonitpur, Assam · 784504"
784506,"Sonitpur, Assam · 784506"
784507,"Darrang, Assam · 784507"
784508,"Darrang, Assam · 784508"
784509,"Darrang, Assam · 784509"
784510,"Darrang, Assam · 784510"
784513,"Darrang, Assam · 784513"
784514,"Darrang, Assam · 784514"
784521,"Darrang, Assam · 784521"
784522,"Darrang, Assam · 784522"
784523,"Darrang, Assam · 784523"
784524,"Darrang, Assam · 784524"
784525,"Darrang, Assam · 784525"
784526,"Darrang, Assam · 784526"
784527,"Darrang, Assam · 784527"
784528,"Darrang, Assam · 784528"
784529,"Darrang, Assam · 784529"
785001,"Jorhat, Assam · 785001"
785004,"Jorhat, Assam · 785004"
785006,"Jorhat, Assam · 785006"
785007,"Jorhat, Assam · 785007"
785008,"Jorhat, Assam · 785008"
785009,"Jorhat, Assam · 785009"
785010,"Jorhat, Assam · 785010"
785013,"Jorhat, Assam · 785013"
785014,"Jorhat, Assam · 785014"
785015,"Jorhat, Assam · 785015"
785101,"Jorhat, Assam · 785101"
785102,"Jorhat, Assam · 785102"
785104,"Jorhat, Assam · 785104"
785105,"Jorhat, Assam · 785105"
785106,"Jorhat, Assam · 785106"
785107,"Jorhat, Assam · 785107"
785108,"Jorhat, Assam · 785108"
785110,"Jorhat, Assam · 785110"
785111,"Jorhat, Assam · 785111"
785112,"Jorhat, Assam · 785112"
785601,"Golaghat, Assam · 785601"
785602,"Golaghat, Assam · 785602"
785603,"Golaghat, Assam · 785603"
785609,"Golaghat, Assam · 785609"
785610,"Golaghat, Assam · 785610"
785611,"Golaghat, Assam · 785611"
785612,"Golaghat, Assam · 785612"
785613,"Golaghat, Assam · 785613"
785614,"Golaghat, Assam · 785614"
785615,"Golaghat, Assam · 785615"
785616,"Jorhat, Assam · 785616"
785618,"Golaghat, Assam · 785618"
785619,"Golaghat, Assam · 785619"
785622,"Golaghat, Assam · 785622"
785625,"Golaghat, Assam · 785625"
785626,"Golaghat, Assam · 785626"
785630,"Jorhat, Assam · 785630"
785631,"Jorhat, Assam · 785631"
785632,"Jorhat, Assam · 785632"
785633,"Jorhat, Assam · 785633"
785635,"Jorhat, Assam · 785635"
785636,"Jorhat, Assam · 785636"
785675,"Dibrugarh, Assam · 785675"
785676,"Dibrugarh, Assam · 785676"
785699,"Golaghat, Assam · 785699"
785700,"Jorhat, Assam · 785700"
785702,"Golaghat, Assam · 785702"
785703,"Golaghat, Assam · 785703"
785704,"Jorhat, Assam · 785704"
786002,"Dibrugarh, Assam · 786002"
786003,"Dibrugarh, Assam · 786003"
786004,"Dibrugarh, Assam · 786004"
786005,"Dibrugarh, Assam · 786005"
786006,"Dibrugarh, Assam · 786006"
786007,"Dibrugarh, Assam · 786007"
786008,"Dibrugarh, Assam · 786008"
786010,"Dibrugarh, Assam · 786010"
786012,"Dibrugarh, Assam · 786012"
786101,"Dibrugarh, Assam · 786101"
786102,"Dibrugarh, Assam · 786102"
786103,"Dibrugarh, Assam · 786103"
786125,"Tinsukia, Assam · 786125"
786126,"Tinsukia, Assam · 786126"
786145,"Tinsukia, Assam · 786145"
786146,"Tinsukia, Assam · 786146"
786147,"Tinsukia, Assam · 786147"
786150,"Tinsukia, Assam · 786150"
786151,"Tinsukia, Assam · 786151"
786152,"Tinsukia, Assam · 786152"
786154,"Tinsukia, Assam · 786154"
786155,"Tinsukia, Assam · 786155"
786156,"Tinsukia, Assam · 786156"
786157,"Tinsukia, Assam · 786157"
786158,"Tinsukia, Assam · 786158"
786159,"Tinsukia, Assam · 786159"
786160,"Tinsukia, Assam · 786160"
786170,"Tinsukia, Assam · 786170"
786171,"Tinsukia, Assam · 786171"
786174,"Tinsukia, Assam · 786174"
786179,"Tinsukia, Assam · 786179"
786181,"Tinsukia, Assam · 786181"
786182,"Tinsukia, Assam · 786182"
786183,"Tinsukia, Assam · 786183"
786184,"Dibrugarh, Assam · 786184"
786187,"Tinsukia, Assam · 786187"
786188,"Tinsukia, Assam · 786188"
786189,"Tinsukia, Assam · 786189"
786190,"Tinsukia, Assam · 786190"
786191,"Dibrugarh, Assam · 786191"
786192,"Tinsukia, Assam · 786192"
786601,"Tinsukia, Assam · 786601"
786602,"Dibrugarh, Assam · 786602"
786610,"Dibrugarh, Assam · 786610"
786611,"Dibrugarh, Assam · 786611"
786612,"Dibrugarh, Assam · 786612"
786613,"Dibrugarh, Assam · 786613"
786614,"Dibrugarh, Assam · 786614"
786621,"Dibrugarh, Assam · 786621"
786622,"Dibrugarh, Assam · 786622"
786623,"Dibrugarh, Assam · 786623"
786692,"Dibrugarh, Assam · 786692"
787001,"Lakhimpur, Assam · 787001"
787023,"Lakhimpur, Assam · 787023"
787026,"Dhemaji, Assam · 787026"
787031,"Lakhimpur, Assam · 787031"
787032,"Lakhimpur, Assam · 787032"
787033,"Lakhimpur, Assam · 787033"
787034,"Dhemaji, Assam · 787034"
787035,"Dhemaji, Assam · 787035"
787051,"Lakhimpur, Assam · 787051"
787052,"Lakhimpur, Assam · 787052"
787053,"Lakhimpur, Assam · 787053"
787054,"Lakhimpur, Assam · 787054"
787055,"Lakhimpur, Assam · 787055"
787056,"Lakhimpur, Assam · 787056"
787057,"Dhemaji, Assam · 787057"
787058,"Dhemaji, Assam · 787058"
787060,"Dhemaji, Assam · 787060"
787061,"Dhemaji, Assam · 787061"
787110,"Dhemaji, Assam · 787110"
788001,"Cachar, Assam · 788001"
788002,"Cachar, Assam · 788002"
788003,"Cachar, Assam · 788003"
788004,"Cachar, Assam · 788004"
788005,"Cachar, Assam · 788005"
788006,"Cachar, Assam · 788006"
788007,"Cachar, Assam · 788007"
788009,"Cachar, Assam · 788009"
788010,"Cachar, Assam · 788010"
788011,"Cachar, Assam · 788011"
788013,"Cachar, Assam · 788013"
788014,"Cachar, Assam · 788014"
788015,"Cachar, Assam · 788015"
788025,"Cachar, Assam · 788025"
788026,"Cachar, Assam · 788026"
788030,"Cachar, Assam · 788030"
788031,"Cachar, Assam · 788031"
788098,"Cachar, Assam · 788098"
788099,"Cachar, Assam · 788099"
788101,"Cachar, Assam · 788101"
788102,"Cachar, Assam · 788102"
788103,"Cachar, Assam · 788103"
788104,"Cachar, Assam · 788104"
788106,"Cachar, Assam · 788106"
788107,"Cachar, Assam · 788107"
788108,"Cachar, Assam · 788108"
788109,"Cachar, Assam · 788109"
788110,"Cachar, Assam · 788110"
788111,"Cachar, Assam · 788111"
788112,"Cachar, Assam · 788112"
788113,"Cachar, Assam · 788113"
788114,"Cachar, Assam · 788114"
788115,"Cachar, Assam · 788115"
788116,"Cachar, Assam · 788116"
788117,"Hailakandi, Assam · 788117"
788118,"Cachar, Assam · 788118"
788120,"Cachar, Assam · 788120"
788121,"Cachar, Assam · 788121"
788123,"Cachar, Assam · 788123"
788126,"Cachar, Assam · 788126"
788127,"Cachar, Assam · 788127"
788150,"Hailakandi, Assam · 788150"
788151,"Cachar, Assam · 788151"
788152,"Hailakandi, Assam · 788152"
788155,"Hailakandi, Assam · 788155"
788156,"Hailakandi, Assam · 788156"
788160,"Hailakandi, Assam · 788160"
788162,"Hailakandi, Assam · 788162"
788163,"Hailakandi, Assam · 788163"
788164,"Hailakandi, Assam · 788164"
788165,"Hailakandi, Assam · 788165"
788166,"Karimganj, Assam · 788166"
788168,"Hailakandi, Assam · 788168"
788701,"Karimganj, Assam · 788701"
788709,"Karimganj, Assam · 788709"
788710,"Karimganj, Assam · 788710"
788711,"Karimganj, Assam · 788711"
788712,"Karimganj, Assam · 788712"
788713,"Karimganj, Assam · 788713"
788719,"Karimganj, Assam · 788719"
788720,"Karimganj, Assam · 788720"
788722,"Karimganj, Assam · 788722"
788723,"Karimganj, Assam · 788723"
788724,"Karimganj, Assam · 788724"
788725,"Karimganj, Assam · 788725"
788726,"Karimganj, Assam · 788726"
788727,"Karimganj, Assam · 788727"
788728,"Karimganj, Assam · 788728"
788734,"Hailakandi, Assam · 788734"
788735,"Hailakandi, Assam · 788735"
788736,"Hailakandi, Assam · 788736"
788737,"Hailakandi, Assam · 788737"
788781,"Karimganj, Assam · 788781"
788801,"Hailakandi, Assam · 788801"
788802,"Hailakandi, Assam · 788802"
788803,"Karimganj, Assam · 788803"
788804,"Cachar, Assam · 788804"
788805,"Cachar, Assam · 788805"
788806,"Karimganj, Assam · 788806"
788815,"Cachar, Assam · 788815"
788816,"Cachar, Assam · 788816"
788817,"Cachar, Assam · 788817"
790001,"West Kameng, Arunachal Pradesh · 790001"
790002,"West Kameng, Arunachal Pradesh · 790002"
790003,"West Kameng, Arunachal Pradesh · 790003"
790101,"West Kameng, Arunachal Pradesh · 790101"
790103,"East Kameng, Arunachal Pradesh · 790103"
790104,"Tawang, Arunachal Pradesh · 790104"
790106,"Tawang, Arunachal Pradesh · 790106"
790114,"West Kameng, Arunachal Pradesh · 790114"
791003,"West Siang, Arunachal Pradesh · 791003"
791101,"West Siang, Arunachal Pradesh · 791101"
791102,"East Siang, Arunachal Pradesh · 791102"
791103,"East Siang, Arunachal Pradesh · 791103"
791105,"Upper Siang, Arunachal Pradesh · 791105"
791109,"Papum Pare, Arunachal Pradesh · 791109"
791110,"Papum Pare, Arunachal Pradesh · 791110"
791111,"Papum Pare, Arunachal Pradesh · 791111"
791112,"Papum Pare, Arunachal Pradesh · 791112"
791113,"Papum Pare, Arunachal Pradesh · 791113"
791121,"Papum Pare, Arunachal Pradesh · 791121"
791123,"Papum Pare, Arunachal Pradesh · 791123"
791125,"West Siang, Arunachal Pradesh · 791125"
792056,"Changlang, Arunachal Pradesh · 792056"
792102,"Lohit, Arunachal Pradesh · 792102"
792103,"Lohit, Arunachal Pradesh · 792103"
792104,"Papum Pare, Arunachal Pradesh · 792104"
792105,"Lohit, Arunachal Pradesh · 792105"
792111,"Lohit, Arunachal Pradesh · 792111"
792120,"Changlang, Arunachal Pradesh · 792120"
792121,"Changlang, Arunachal Pradesh · 792121"
792122,"Changlang, Arunachal Pradesh · 792122"
792129,"Tirap, Arunachal Pradesh · 792129"
792131,"Tirap, Arunachal Pradesh · 792131"
793001,"East Khasi Hills, Meghalaya · 793001"
793002,"East Khasi Hills, Meghalaya · 793002"
793003,"East Khasi Hills, Meghalaya · 793003"
793004,"East Khasi Hills, Meghalaya · 793004"
793005,"East Khasi Hills, Meghalaya · 793005"
793006,"East Khasi Hills, Meghalaya · 793006"
793007,"East Khasi Hills, Meghalaya · 793007"
793008,"East Khasi Hills, Meghalaya · 793008"
793009,"East Khasi Hills, Meghalaya · 793009"
793010,"East Khasi Hills, Meghalaya · 793010"
793011,"East Khasi Hills, Meghalaya · 793011"
793012,"East Khasi Hills, Meghalaya · 793012"
793014,"East Khasi Hills, Meghalaya · 793014"
793015,"East Khasi Hills, Meghalaya · 793015"
793016,"East Khasi Hills, Meghalaya · 793016"
793017,"East Khasi Hills, Meghalaya · 793017"
793018,"East Khasi Hills, Meghalaya · 793018"
793019,"East Khasi Hills, Meghalaya · 793019"
793021,"East Khasi Hills, Meghalaya · 793021"
793022,"East Khasi Hills, Meghalaya · 793022"
793104,"East Khasi Hills, Meghalaya · 793104"
793106,"East Khasi Hills, Meghalaya · 793106"
793107,"East Khasi Hills, Meghalaya · 793107"
793108,"East Khasi Hills, Meghalaya · 793108"
793109,"Jaintia Hills, Meghalaya · 793109"
793110,"East Khasi Hills, Meghalaya · 793110"
793112,"East Khasi Hills, Meghalaya · 793112"
793113,"East Khasi Hills, Meghalaya · 793113"
793114,"West Khasi Hills, Meghalaya · 793114"
793115,"West Khasi Hills, Meghalaya · 793115"
793120,"West Khasi Hills, Meghalaya · 793120"
793121,"East Khasi Hills, Meghalaya · 793121"
793150,"Jaintia Hills, Meghalaya · 793150"
793160,"Jaintia Hills, Meghalaya · 793160"
793200,"Jaintia Hills, Meghalaya · 793200"
793210,"Jaintia Hills, Meghalaya · 793210"
794001,"West Garo Hills, Meghalaya · 794001"
794002,"West Garo Hills, Meghalaya · 794002"
794005,"West Garo Hills, Meghalaya · 794005"
794101,"West Garo Hills, Meghalaya · 794101"
794103,"West Garo Hills, Meghalaya · 794103"
794104,"West Garo Hills, Meghalaya · 794104"
794105,"West Garo Hills, Meghalaya · 794105"
794106,"West Garo Hills, Meghalaya · 794106"
794107,"East Garo Hills, Meghalaya · 794107"
794108,"East Garo Hills, Meghalaya · 794108"
794109,"West Garo Hills, Meghalaya · 794109"
794110,"East Garo Hills, Meghalaya · 794110"
794112,"West Garo Hills, Meghalaya · 794112"
794114,"South Garo Hills, Meghalaya · 794114"
794115,"West Garo Hills, Meghalaya · 794115"
795001,"Imphal West, Manipur · 795001"
795002,"Imphal West, Manipur · 795002"
795003,"Imphal West, Manipur · 795003"
795004,"Imphal West, Manipur · 795004"
795005,"Imphal East, Manipur · 795005"
795007,"Senapati, Manipur · 795007"
795008,"Imphal East, Manipur · 795008"
795009,"Imphal West, Manipur · 795009"
795015,"Senapati, Manipur · 795015"
795101,"Thoubal, Manipur · 795101"
795103,"Thoubal, Manipur · 795103"
795104,"Senapati, Manipur · 795104"
795106,"Senapati, Manipur · 795106"
795107,"Senapati, Manipur · 795107"
795112,"Senapati, Manipur · 795112"
795114,"Imphal East, Manipur · 795114"
795115,"Imphal West, Manipur · 795115"
795116,"Imphal West, Manipur · 795116"
795117,"Churachandpur, Manipur · 795117"
795118,"Senapati, Manipur · 795118"
795122,"Senapati, Manipur · 795122"
795124,"Bishnupur, Manipur · 795124"
795126,"Bishnupur, Manipur · 795126"
795127,"Chandel, Manipur · 795127"
795128,"Churachandpur, Manipur · 795128"
795129,"Senapati, Manipur · 795129"
795130,"Thoubal, Manipur · 795130"
795131,"Chandel, Manipur · 795131"
795132,"Imphal West, Manipur · 795132"
795133,"Bishnupur, Manipur · 795133"
795134,"Bishnupur, Manipur · 795134"
795135,"Thoubal, Manipur · 795135"
795136,"Imphal West, Manipur · 795136"
795138,"Thoubal, Manipur · 795138"
795139,"Churachandpur, Manipur · 795139"
795140,"Imphal West, Manipur · 795140"
795142,"Ukhrul, Manipur · 795142"
795144,"Ukhrul, Manipur · 795144"
795145,"Ukhrul, Manipur · 795145"
795146,"Imphal West, Manipur · 795146"
795148,"Thoubal, Manipur · 795148"
795149,"Thoubal, Manipur · 795149"
795150,"Senapati, Manipur · 795150"
796001,"Aizawl, Mizoram · 796001"
796004,"Aizawl, Mizoram · 796004"
796005,"Aizawl, Mizoram · 796005"
796007,"Aizawl, Mizoram · 796007"
796008,"Aizawl, Mizoram · 796008"
796009,"Aizawl, Mizoram · 796009"
796012,"Aizawl, Mizoram · 796012"
796014,"Aizawl, Mizoram · 796014"
796017,"Aizawl, Mizoram · 796017"
796070,"Aizawl, Mizoram · 796070"
796081,"Kolasib, Mizoram · 796081"
796091,"Kolasib, Mizoram · 796091"
796101,"Kolasib, Mizoram · 796101"
796111,"Aizawl, Mizoram · 796111"
796161,"Aizawl, Mizoram · 796161"
796181,"Serchhip, Mizoram · 796181"
796184,"Serchhip, Mizoram · 796184"
796186,"Serchhip, Mizoram · 796186"
796190,"Aizawl, Mizoram · 796190"
796261,"Aizawl, Mizoram · 796261"
796290,"Champhai, Mizoram · 796290"
796310,"Champhai, Mizoram · 796310"
796320,"Champhai, Mizoram · 796320"
796370,"Serchhip, Mizoram · 796370"
796421,"Aizawl, Mizoram · 796421"
796571,"Lunglei, Mizoram · 796571"
796691,"Lunglei, Mizoram · 796691"
796701,"Lunglei, Mizoram · 796701"
796751,"Lunglei, Mizoram · 796751"
796770,"Lunglei, Mizoram · 796770"
796891,"Lawngtlai, Mizoram · 796891"
796901,"Saiha, Mizoram · 796901"
797001,"Kohima, Nagaland · 797001"
797002,"Kohima, Nagaland · 797002"
797003,"Kohima, Nagaland · 797003"
797099,"Wokha, Nagaland · 797099"
797101,"Peren, Nagaland · 797101"
797103,"Dimapur, Nagaland · 797103"
797104,"Phek, Nagaland · 797104"
797105,"Kohima, Nagaland · 797105"
797106,"Dimapur, Nagaland · 797106"
797107,"Phek, Nagaland · 797107"
797108,"Phek, Nagaland · 797108"
797109,"Kohima, Nagaland · 797109"
797110,"Peren, Nagaland · 797110"
797111,"Wokha, Nagaland · 797111"
797113,"Dimapur, Nagaland · 797113"
797114,"Phek, Nagaland · 797114"
797115,"Dimapur, Nagaland · 797115"
797116,"Dimapur, Nagaland · 797116"
797117,"Dimapur, Nagaland · 797117"
797118,"Dimapur, Nagaland · 797118"
797120,"Kohima, Nagaland · 797120"
798601,"Mokokchung, Nagaland · 798601"
798602,"Mon, Nagaland · 798602"
798603,"Mon, Nagaland · 798603"
798604,"Mokokchung, Nagaland · 798604"
798612,"Tuensang, Nagaland · 798612"
798613,"Mokokchung, Nagaland · 798613"
798614,"Mokokchung, Nagaland · 798614"
798615,"Mokokchung, Nagaland · 798615"
798618,"Mokokchung, Nagaland · 798618"
798622,"Mon, Nagaland · 798622"
798623,"Mokokchung, Nagaland · 798623"
798626,"Tuensang, Nagaland · 798626"
799002,"West Tripura, Tripura · 799002"
799003,"West Tripura, Tripura · 799003"
799004,"West Tripura, Tripura · 799004"
799005,"West Tripura, Tripura · 799005"
799006,"West Tripura, Tripura · 799006"
799007,"West Tripura, Tripura · 799007"
799008,"West Tripura, Tripura · 799008"
799009,"West Tripura, Tripura · 799009"
799010,"West Tripura, Tripura · 799010"
799012,"West Tripura, Tripura · 799012"
799013,"South Tripura, Tripura · 799013"
799014,"West Tripura, Tripura · 799014"
799015,"South Tripura, Tripura · 799015"
799022,"West Tripura, Tripura · 799022"
799035,"West Tripura, Tripura · 799035"
799045,"West Tripura, Tripura · 799045"
799046,"West Tripura, Tripura · 799046"
799101,"South Tripura, Tripura · 799101"
799102,"West Tripura, Tripura · 799102"
799103,"West Tripura, Tripura · 799103"
799104,"South Tripura, Tripura · 799104"
799105,"South Tripura, Tripura · 799105"
799114,"South Tripura, Tripura · 799114"
799115,"West Tripura, Tripura · 799115"
799120,"South Tripura, Tripura · 799120"
799125,"South Tripura, Tripura · 799125"
799130,"West Tripura, Tripura · 799130"
799131,"West Tripura, Tripura · 799131"
799141,"South Tripura, Tripura · 799141"
799142,"South Tripura, Tripura · 799142"
799143,"South Tripura, Tripura · 799143"
799144,"South Tripura, Tripura · 799144"
799145,"South Tripura, Tripura · 799145"
799150,"South Tripura, Tripura · 799150"
799153,"South Tripura, Tripura · 799153"
799155,"South Tripura, Tripura · 799155"
799156,"South Tripura, Tripura · 799156"
799157,"South Tripura, Tripura · 799157"
799201,"West Tripura, Tripura · 799201"
799202,"West Tripura, Tripura · 799202"
799203,"West Tripura, Tripura · 799203"
799204,"Dhalai, Tripura · 799204"
799205,"West Tripura, Tripura · 799205"
799207,"West Tripura, Tripura · 799207"
799210,"West Tripura, Tripura · 799210"
799211,"West Tripura, Tripura · 799211"
799212,"West Tripura, Tripura · 799212"
799250,"North Tripura, Tripura · 799250"
799251,"North Tripura, Tripura · 799251"
799253,"North Tripura, Tripura · 799253"
799254,"North Tripura, Tripura · 799254"
799256,"North Tripura, Tripura · 799256"
799260,"North Tripura, Tripura · 799260"
799261,"North Tripura, Tripura · 799261"
799262,"North Tripura, Tripura · 799262"
799263,"North Tripura, Tripura · 799263"
799264,"North Tripura, Tripura · 799264"
799266,"North Tripura, Tripura · 799266"
799269,"North Tripura, Tripura · 799269"
799270,"North Tripura, Tripura · 799270"
799271,"North Tripura, Tripura · 799271"
799275,"Dhalai, Tripura · 799275"
799277,"North Tripura, Tripura · 799277"
799278,"Dhalai, Tripura · 799278"
799279,"North Tripura, Tripura · 799279"
799280,"North Tripura, Tripura · 799280"
799281,"North Tripura, Tripura · 799281"
799284,"Dhalai, Tripura · 799284"
799285,"Dhalai, Tripura · 799285"
799286,"Dhalai, Tripura · 799286"
799287,"Dhalai, Tripura · 799287"
799288,"North Tripura, Tripura · 799288"
799289,"Dhalai, Tripura · 799289"
799290,"North Tripura, Tripura · 799290"
800001,"Patna, Bihar · 800001"
800002,"Patna, Bihar · 800002"
800003,"Patna, Bihar · 800003"
800004,"Patna, Bihar · 800004"
800006,"Patna, Bihar · 800006"
800007,"Patna, Bihar · 800007"
800008,"Patna, Bihar · 800008"
800009,"Patna, Bihar · 800009"
800010,"Patna, Bihar · 800010"
800011,"Patna, Bihar · 800011"
800012,"Patna, Bihar · 800012"
800013,"Patna, Bihar · 800013"
800014,"Patna, Bihar · 800014"
800016,"Patna, Bihar · 800016"
800020,"Patna, Bihar · 800020"
800024,"Patna, Bihar · 800024"
800025,"Patna, Bihar · 800025"
800026,"Patna, Bihar · 800026"
800027,"Patna, Bihar · 800027"
801102,"Patna, Bihar · 801102"
801103,"Patna, Bihar · 801103"
801104,"Patna, Bihar · 801104"
801105,"Patna, Bihar · 801105"
801108,"Patna, Bihar · 801108"
801109,"Patna, Bihar · 801109"
801110,"Patna, Bihar · 801110"
801111,"Patna, Bihar · 801111"
801112,"Patna, Bihar · 801112"
801113,"Patna, Bihar · 801113"
801301,"Nalanda, Bihar · 801301"
801302,"Nalanda, Bihar · 801302"
801303,"Nalanda, Bihar · 801303"
801304,"Nalanda, Bihar · 801304"
801305,"Nalanda, Bihar · 801305"
801306,"Nalanda, Bihar · 801306"
801307,"Nalanda, Bihar · 801307"
801503,"Patna, Bihar · 801503"
801505,"Patna, Bihar · 801505"
802101,"Buxar, Bihar · 802101"
802102,"Buxar, Bihar · 802102"
802103,"Buxar, Bihar · 802103"
802111,"Buxar, Bihar · 802111"
802112,"Buxar, Bihar · 802112"
802113,"Buxar, Bihar · 802113"
802114,"Buxar, Bihar · 802114"
802115,"Buxar, Bihar · 802115"
802116,"Buxar, Bihar · 802116"
802117,"Buxar, Bihar · 802117"
802118,"Buxar, Bihar · 802118"
802119,"Buxar, Bihar · 802119"
802120,"Buxar, Bihar · 802120"
802122,"Buxar, Bihar · 802122"
802123,"Buxar, Bihar · 802123"
802125,"Buxar, Bihar · 802125"
802126,"Buxar, Bihar · 802126"
802127,"Buxar, Bihar · 802127"
802128,"Buxar, Bihar · 802128"
802129,"Buxar, Bihar · 802129"
802130,"Buxar, Bihar · 802130"
802131,"Buxar, Bihar · 802131"
802132,"Kaimur (Bhabua), Bihar · 802132"
802133,"Buxar, Bihar · 802133"
802134,"Buxar, Bihar · 802134"
802135,"Buxar, Bihar · 802135"
802152,"Bhojpur, Bihar · 802152"
802154,"Bhojpur, Bihar · 802154"
802155,"Bhojpur, Bihar · 802155"
802156,"Bhojpur, Bihar · 802156"
802157,"Bhojpur, Bihar · 802157"
802158,"Bhojpur, Bihar · 802158"
802159,"Bhojpur, Bihar · 802159"
802160,"Bhojpur, Bihar · 802160"
802161,"Bhojpur, Bihar · 802161"
802162,"Bhojpur, Bihar · 802162"
802163,"Bhojpur, Bihar · 802163"
802164,"Bhojpur, Bihar · 802164"
802165,"Bhojpur, Bihar · 802165"
802166,"Bhojpur, Bihar · 802166"
802183,"Bhojpur, Bihar · 802183"
802201,"Bhojpur, Bihar · 802201"
802202,"Bhojpur, Bihar · 802202"
802203,"Bhojpur, Bihar · 802203"
802204,"Bhojpur, Bihar · 802204"
802205,"Bhojpur, Bihar · 802205"
802206,"Bhojpur, Bihar · 802206"
802207,"Bhojpur, Bihar · 802207"
802208,"Bhojpur, Bihar · 802208"
802209,"Bhojpur, Bihar · 802209"
802210,"Bhojpur, Bihar · 802210"
802211,"Rohtas, Bihar · 802211"
802212,"Rohtas, Bihar · 802212"
802213,"Rohtas, Bihar · 802213"
802214,"Rohtas, Bihar · 802214"
802215,"Rohtas, Bihar · 802215"
802216,"Rohtas, Bihar · 802216"
802217,"Rohtas, Bihar · 802217"
802218,"Rohtas, Bihar · 802218"
802219,"Rohtas, Bihar · 802219"
802220,"Rohtas, Bihar · 802220"
802221,"Rohtas, Bihar · 802221"
802222,"Bhojpur, Bihar · 802222"
802223,"Bhojpur, Bihar · 802223"
802226,"Rohtas, Bihar · 802226"
802301,"Bhojpur, Bihar · 802301"
802302,"Bhojpur, Bihar · 802302"
802311,"Bhojpur, Bihar · 802311"
802312,"Bhojpur, Bihar · 802312"
802313,"Bhojpur, Bihar · 802313"
802314,"Bhojpur, Bihar · 802314"
802316,"Bhojpur, Bihar · 802316"
802351,"Bhojpur, Bihar · 802351"
802352,"Bhojpur, Bihar · 802352"
803101,"Nalanda, Bihar · 803101"
803107,"Nalanda, Bihar · 803107"
803108,"Nalanda, Bihar · 803108"
803110,"Nalanda, Bihar · 803110"
803111,"Nalanda, Bihar · 803111"
803113,"Nalanda, Bihar · 803113"
803114,"Nalanda, Bihar · 803114"
803115,"Nalanda, Bihar · 803115"
803116,"Nalanda, Bihar · 803116"
803117,"Nalanda, Bihar · 803117"
803118,"Nalanda, Bihar · 803118"
803119,"Nalanda, Bihar · 803119"
803121,"Nalanda, Bihar · 803121"
803201,"Patna, Bihar · 803201"
803202,"Patna, Bihar · 803202"
803203,"Patna, Bihar · 803203"
803211,"Patna, Bihar · 803211"
803212,"Patna, Bihar · 803212"
803213,"Patna, Bihar · 803213"
803214,"Patna, Bihar · 803214"
803215,"Nalanda, Bihar · 803215"
803216,"Nalanda, Bihar · 803216"
803221,"Patna, Bihar · 803221"
803301,"Patna, Bihar · 803301"
803302,"Patna, Bihar · 803302"
803303,"Patna, Bihar · 803303"
803306,"Patna, Bihar · 803306"
803307,"Patna, Bihar · 803307"
804401,"Arwal, Bihar · 804401"
804402,"Gaya, Bihar · 804402"
804403,"Gaya, Bihar · 804403"
804404,"Gaya, Bihar · 804404"
804405,"Jehanabad, Bihar · 804405"
804406,"Jehanabad, Bihar · 804406"
804407,"Jehanabad, Bihar · 804407"
804408,"Jehanabad, Bihar · 804408"
804417,"Jehanabad, Bihar · 804417"
804418,"Jehanabad, Bihar · 804418"
804419,"Gaya, Bihar · 804419"
804421,"Gaya, Bihar · 804421"
804422,"Jehanabad, Bihar · 804422"
804423,"Gaya, Bihar · 804423"
804424,"Jehanabad, Bihar · 804424"
804425,"Jehanabad, Bihar · 804425"
804426,"Jehanabad, Bihar · 804426"
804427,"Jehanabad, Bihar · 804427"
804428,"Gaya, Bihar · 804428"
804429,"Jehanabad, Bihar · 804429"
804432,"Jehanabad, Bihar · 804432"
804435,"Gaya, Bihar · 804435"
804451,"Patna, Bihar · 804451"
804452,"Patna, Bihar · 804452"
804453,"Patna, Bihar · 804453"
804454,"Patna, Bihar · 804454"
805101,"Nawada, Bihar · 805101"
805102,"Nawada, Bihar · 805102"
805103,"Nawada, Bihar · 805103"
805104,"Nawada, Bihar · 805104"
805105,"Nalanda, Bihar · 805105"
805106,"Nawada, Bihar · 805106"
805107,"Nawada, Bihar · 805107"
805108,"Nawada, Bihar · 805108"
805109,"Nawada, Bihar · 805109"
805110,"Nawada, Bihar · 805110"
805111,"Nawada, Bihar · 805111"
805112,"Nawada, Bihar · 805112"
805121,"Nawada, Bihar · 805121"
805122,"Nawada, Bihar · 805122"
805123,"Nawada, Bihar · 805123"
805124,"Nawada, Bihar · 805124"
805125,"Nawada, Bihar · 805125"
805126,"Nawada, Bihar · 805126"
805127,"Nawada, Bihar · 805127"
805128,"Gaya, Bihar · 805128"
805129,"Nawada, Bihar · 805129"
805130,"Nawada, Bihar · 805130"
805131,"Gaya, Bihar · 805131"
805132,"Nawada, Bihar · 805132"
805141,"Nawada, Bihar · 805141"
811101,"Sheikhpura, Bihar · 811101"
811102,"Sheikhpura, Bihar · 811102"
811103,"Sheikhpura, Bihar · 811103"
811104,"Nalanda, Bihar · 811104"
811105,"Sheikhpura, Bihar · 811105"
811106,"Lakhisarai, Bihar · 811106"
811107,"Lakhisarai, Bihar · 811107"
811112,"Lakhisarai, Bihar · 811112"
811201,"Munger, Bihar · 811201"
811202,"Munger, Bihar · 811202"
811211,"Munger, Bihar · 811211"
811212,"Munger, Bihar · 811212"
811213,"Munger, Bihar · 811213"
811214,"Munger, Bihar · 811214"
811301,"Jamui, Bihar · 811301"
811302,"Lakhisarai, Bihar · 811302"
811303,"Jamui, Bihar · 811303"
811304,"Sheikhpura, Bihar · 811304"
811305,"Jamui, Bihar · 811305"
811307,"Jamui, Bihar · 811307"
811308,"Jamui, Bihar · 811308"
811309,"Lakhisarai, Bihar · 811309"
811310,"Lakhisarai, Bihar · 811310"
811311,"Lakhisarai, Bihar · 811311"
811312,"Jamui, Bihar · 811312"
811313,"Jamui, Bihar · 811313"
811315,"Jamui, Bihar · 811315"
811316,"Jamui, Bihar · 811316"
811317,"Jamui, Bihar · 811317"
812001,"Bhagalpur, Bihar · 812001"
812002,"Bhagalpur, Bihar · 812002"
812003,"Bhagalpur, Bihar · 812003"
812004,"Bhagalpur, Bihar · 812004"
812005,"Bhagalpur, Bihar · 812005"
812006,"Bhagalpur, Bihar · 812006"
813101,"Banka, Bihar · 813101"
813103,"Banka, Bihar · 813103"
813104,"Banka, Bihar · 813104"
813105,"Bhagalpur, Bihar · 813105"
813106,"Banka, Bihar · 813106"
813107,"Banka, Bihar · 813107"
813108,"Bhagalpur, Bihar · 813108"
813109,"Banka, Bihar · 813109"
813110,"Banka, Bihar · 813110"
813201,"Munger, Bihar · 813201"
813202,"Banka, Bihar · 813202"
813203,"Bhagalpur, Bihar · 813203"
813204,"Bhagalpur, Bihar · 813204"
813205,"Bhagalpur, Bihar · 813205"
813206,"Bhagalpur, Bihar · 813206"
813207,"Banka, Bihar · 813207"
813208,"Godda, Jharkhand · 813208"
813209,"Bhagalpur, Bihar · 813209"
813210,"Bhagalpur, Bihar · 813210"
813211,"Banka, Bihar · 813211"
813212,"Munger, Bihar · 813212"
813213,"Bhagalpur, Bihar · 813213"
813214,"Bhagalpur, Bihar · 813214"
813221,"Munger, Bihar · 813221"
813222,"Bhagalpur, Bihar · 813222"
814101,"Dumka, Jharkhand · 814101"
814102,"Dumka, Jharkhand · 814102"
814103,"Dumka, Jharkhand · 814103"
814110,"Dumka, Jharkhand · 814110"
814112,"Deoghar, Jharkhand · 814112"
814113,"Deoghar, Jharkhand · 814113"
814116,"Deoghar, Jharkhand · 814116"
814118,"Dumka, Jharkhand · 814118"
814119,"Dumka, Jharkhand · 814119"
814120,"Dumka, Jharkhand · 814120"
814131,"Banka, Bihar · 814131"
814141,"Dumka, Jharkhand · 814141"
814142,"Deoghar, Jharkhand · 814142"
814143,"Deoghar, Jharkhand · 814143"
814144,"Dumka, Jharkhand · 814144"
814145,"Dumka, Jharkhand · 814145"
814146,"Dumka, Jharkhand · 814146"
814147,"Godda, Jharkhand · 814147"
814148,"Dumka, Jharkhand · 814148"
814149,"Deoghar, Jharkhand · 814149"
814150,"Deoghar, Jharkhand · 814150"
814151,"Dumka, Jharkhand · 814151"
814152,"Deoghar, Jharkhand · 814152"
814153,"Godda, Jharkhand · 814153"
814154,"Godda, Jharkhand · 814154"
814155,"Godda, Jharkhand · 814155"
814156,"Godda, Jharkhand · 814156"
814157,"Deoghar, Jharkhand · 814157"
814158,"Dumka, Jharkhand · 814158"
814160,"Godda, Jharkhand · 814160"
814165,"Godda, Jharkhand · 814165"
814166,"Jamtara, Jharkhand · 814166"
814167,"Dumka, Jharkhand · 814167"
815351,"Jamtara, Jharkhand · 815351"
815352,"Jamtara, Jharkhand · 815352"
815353,"Deoghar, Jharkhand · 815353"
815354,"Jamtara, Jharkhand · 815354"
815355,"Jamtara, Jharkhand · 815355"
815357,"Deoghar, Jharkhand · 815357"
815359,"Jamtara, Jharkhand · 815359"
816101,"Sahibganj, Jharkhand · 816101"
816102,"Sahibganj, Jharkhand · 816102"
816103,"Dumka, Jharkhand · 816103"
816104,"Pakur, Jharkhand · 816104"
816105,"Sahibganj, Jharkhand · 816105"
816106,"Pakur, Jharkhand · 816106"
816107,"Pakur, Jharkhand · 816107"
816108,"Sahibganj, Jharkhand · 816108"
816109,"Sahibganj, Jharkhand · 816109"
816110,"Sahibganj, Jharkhand · 816110"
816115,"Sahibganj, Jharkhand · 816115"
816116,"Sahibganj, Jharkhand · 816116"
816117,"Pakur, Jharkhand · 816117"
816118,"Dumka, Jharkhand · 816118"
816120,"Sahibganj, Jharkhand · 816120"
816129,"Sahibganj, Jharkhand · 816129"
821102,"Kaimur (Bhabua), Bihar · 821102"
821103,"Kaimur (Bhabua), Bihar · 821103"
821104,"Rohtas, Bihar · 821104"
821105,"Kaimur (Bhabua), Bihar · 821105"
821106,"Kaimur (Bhabua), Bihar · 821106"
821107,"Rohtas, Bihar · 821107"
821108,"Kaimur (Bhabua), Bihar · 821108"
821109,"Kaimur (Bhabua), Bihar · 821109"
821110,"Kaimur (Bhabua), Bihar · 821110"
821111,"Rohtas, Bihar · 821111"
821112,"Rohtas, Bihar · 821112"
821113,"Rohtas, Bihar · 821113"
821301,"Rohtas, Bihar · 821301"
821302,"Rohtas, Bihar · 821302"
821303,"Rohtas, Bihar · 821303"
821304,"Rohtas, Bihar · 821304"
821305,"Rohtas, Bihar · 821305"
821306,"Rohtas, Bihar · 821306"
821307,"Rohtas, Bihar · 821307"
821308,"Rohtas, Bihar · 821308"
821309,"Rohtas, Bihar · 821309"
821310,"Rohtas, Bihar · 821310"
821311,"Rohtas, Bihar · 821311"
821312,"Rohtas, Bihar · 821312"
822111,"Latehar, Jharkhand · 822111"
822112,"Garhwa, Jharkhand · 822112"
822114,"Garhwa, Jharkhand · 822114"
822119,"Latehar, Jharkhand · 822119"
822124,"Garhwa, Jharkhand · 822124"
822125,"Garhwa, Jharkhand · 822125"
822128,"Garhwa, Jharkhand · 822128"
822129,"Garhwa, Jharkhand · 822129"
822132,"Garhwa, Jharkhand · 822132"
822133,"Garhwa, Jharkhand · 822133"
822134,"Garhwa, Jharkhand · 822134"
823001,"Gaya, Bihar · 823001"
823002,"Gaya, Bihar · 823002"
823003,"Gaya, Bihar · 823003"
823004,"Gaya, Bihar · 823004"
823311,"Gaya, Bihar · 823311"
824116,"Gaya, Bihar · 824116"
824118,"Gaya, Bihar · 824118"
824201,"Gaya, Bihar · 824201"
824205,"Gaya, Bihar · 824205"
824206,"Gaya, Bihar · 824206"
824207,"Gaya, Bihar · 824207"
824209,"Gaya, Bihar · 824209"
824210,"Gaya, Bihar · 824210"
824211,"Gaya, Bihar · 824211"
824217,"Gaya, Bihar · 824217"
824219,"Gaya, Bihar · 824219"
824220,"Gaya, Bihar · 824220"
824221,"Gaya, Bihar · 824221"
824232,"Gaya, Bihar · 824232"
824233,"Gaya, Bihar · 824233"
824234,"Gaya, Bihar · 824234"
824235,"Gaya, Bihar · 824235"
824236,"Gaya, Bihar · 824236"
824237,"Gaya, Bihar · 824237"
825101,"Ramgarh, Jharkhand · 825101"
825102,"Bokaro, Jharkhand · 825102"
825103,"Chatra, Jharkhand · 825103"
825314,"Ramgarh, Jharkhand · 825314"
825315,"Bokaro, Jharkhand · 825315"
825321,"Chatra, Jharkhand · 825321"
825325,"Ramgarh, Jharkhand · 825325"
825326,"Ramgarh, Jharkhand · 825326"
825330,"Ramgarh, Jharkhand · 825330"
825401,"Chatra, Jharkhand · 825401"
825403,"Chatra, Jharkhand · 825403"
825404,"Chatra, Jharkhand · 825404"
825408,"Chatra, Jharkhand · 825408"
826004,"Dhanbad, Jharkhand · 826004"
827001,"Bokaro, Jharkhand · 827001"
827003,"Bokaro, Jharkhand · 827003"
827004,"Bokaro, Jharkhand · 827004"
827006,"Bokaro, Jharkhand · 827006"
827009,"Bokaro, Jharkhand · 827009"
827010,"Bokaro, Jharkhand · 827010"
827012,"Bokaro, Jharkhand · 827012"
827013,"Bokaro, Jharkhand · 827013"
827014,"Bokaro, Jharkhand · 827014"
827302,"Bokaro, Jharkhand · 827302"
828101,"Dhanbad, Jharkhand · 828101"
828103,"Dhanbad, Jharkhand · 828103"
828104,"Dhanbad, Jharkhand · 828104"
828106,"Dhanbad, Jharkhand · 828106"
828107,"Dhanbad, Jharkhand · 828107"
828108,"Dhanbad, Jharkhand · 828108"
828110,"Dhanbad, Jharkhand · 828110"
828111,"Dhanbad, Jharkhand · 828111"
828112,"Dhanbad, Jharkhand · 828112"
828113,"Dhanbad, Jharkhand · 828113"
828114,"Dhanbad, Jharkhand · 828114"
828115,"Dhanbad, Jharkhand · 828115"
828116,"Dhanbad, Jharkhand · 828116"
828117,"Dhanbad, Jharkhand · 828117"
828119,"Dhanbad, Jharkhand · 828119"
828120,"Dhanbad, Jharkhand · 828120"
828121,"Dhanbad, Jharkhand · 828121"
828122,"Dhanbad, Jharkhand · 828122"
828123,"Dhanbad, Jharkhand · 828123"
828124,"Dhanbad, Jharkhand · 828124"
828125,"Dhanbad, Jharkhand · 828125"
828126,"Dhanbad, Jharkhand · 828126"
828128,"Dhanbad, Jharkhand · 828128"
828129,"Dhanbad, Jharkhand · 828129"
828130,"Dhanbad, Jharkhand · 828130"
828131,"Dhanbad, Jharkhand · 828131"
828132,"Dhanbad, Jharkhand · 828132"
828133,"Dhanbad, Jharkhand · 828133"
828134,"Bokaro, Jharkhand · 828134"
828135,"Dhanbad, Jharkhand · 828135"
828201,"Dhanbad, Jharkhand · 828201"
828202,"Dhanbad, Jharkhand · 828202"
828203,"Dhanbad, Jharkhand · 828203"
828204,"Dhanbad, Jharkhand · 828204"
828205,"Dhanbad, Jharkhand · 828205"
828206,"Dhanbad, Jharkhand · 828206"
828207,"Dhanbad, Jharkhand · 828207"
828301,"Dhanbad, Jharkhand · 828301"
828302,"Bokaro, Jharkhand · 828302"
828303,"Dhanbad, Jharkhand · 828303"
828304,"Dhanbad, Jharkhand · 828304"
828305,"Dhanbad, Jharkhand · 828305"
828306,"Dhanbad, Jharkhand · 828306"
828307,"Dhanbad, Jharkhand · 828307"
828309,"Dhanbad, Jharkhand · 828309"
828401,"Dhanbad, Jharkhand · 828401"
828402,"Dhanbad, Jharkhand · 828402"
828403,"Bokaro, Jharkhand · 828403"
828404,"Bokaro, Jharkhand · 828404"
829101,"Ramgarh, Jharkhand · 829101"
829102,"Ramgarh, Jharkhand · 829102"
829103,"Ramgarh, Jharkhand · 829103"
829104,"Bokaro, Jharkhand · 829104"
829105,"Ramgarh, Jharkhand · 829105"
829106,"Ramgarh, Jharkhand · 829106"
829107,"Bokaro, Jharkhand · 829107"
829108,"Ramgarh, Jharkhand · 829108"
829109,"Ramgarh, Jharkhand · 829109"
829110,"Ramgarh, Jharkhand · 829110"
829111,"Bokaro, Jharkhand · 829111"
829112,"Bokaro, Jharkhand · 829112"
829113,"Bokaro, Jharkhand · 829113"
829114,"Bokaro, Jharkhand · 829114"
829116,"Bokaro, Jharkhand · 829116"
829117,"Ramgarh, Jharkhand · 829117"
829118,"Ramgarh, Jharkhand · 829118"
829119,"Ramgarh, Jharkhand · 829119"
829121,"Bokaro, Jharkhand · 829121"
829122,"Ramgarh, Jharkhand · 829122"
829123,"Bokaro, Jharkhand · 829123"
829125,"Ramgarh, Jharkhand · 829125"
829126,"Ramgarh, Jharkhand · 829126"
829127,"Bokaro, Jharkhand · 829127"
829128,"Bokaro, Jharkhand · 829128"
829129,"Ramgarh, Jharkhand · 829129"
829130,"Ramgarh, Jharkhand · 829130"
829132,"Bokaro, Jharkhand · 829132"
829133,"Ramgarh, Jharkhand · 829133"
829134,"Ramgarh, Jharkhand · 829134"
829135,"Ramgarh, Jharkhand · 829135"
829143,"Ramgarh, Jharkhand · 829143"
829144,"Bokaro, Jharkhand · 829144"
829149,"Bokaro, Jharkhand · 829149"
829150,"Ramgarh, Jharkhand · 829150"
829201,"Chatra, Jharkhand · 829201"
829202,"Latehar, Jharkhand · 829202"
829203,"Latehar, Jharkhand · 829203"
829204,"Latehar, Jharkhand · 829204"
829205,"Ranchi, Jharkhand · 829205"
829206,"Latehar, Jharkhand · 829206"
829207,"Latehar, Jharkhand · 829207"
829208,"Ranchi, Jharkhand · 829208"
829209,"Ranchi, Jharkhand · 829209"
829210,"Ranchi, Jharkhand · 829210"
829301,"Bokaro, Jharkhand · 829301"
831001,"Purbi Singhbhum, Jharkhand · 831001"
831002,"Purbi Singhbhum, Jharkhand · 831002"
831003,"Purbi Singhbhum, Jharkhand · 831003"
831004,"Purbi Singhbhum, Jharkhand · 831004"
831005,"Purbi Singhbhum, Jharkhand · 831005"
831006,"Purbi Singhbhum, Jharkhand · 831006"
831007,"Purbi Singhbhum, Jharkhand · 831007"
831009,"Purbi Singhbhum, Jharkhand · 831009"
831011,"Purbi Singhbhum, Jharkhand · 831011"
831012,"Purbi Singhbhum, Jharkhand · 831012"
831015,"Purbi Singhbhum, Jharkhand · 831015"
831016,"Purbi Singhbhum, Jharkhand · 831016"
831017,"Purbi Singhbhum, Jharkhand · 831017"
831019,"Purbi Singhbhum, Jharkhand · 831019"
831020,"Purbi Singhbhum, Jharkhand · 831020"
832101,"Purbi Singhbhum, Jharkhand · 832101"
832102,"Purbi Singhbhum, Jharkhand · 832102"
832103,"Purbi Singhbhum, Jharkhand · 832103"
832104,"Purbi Singhbhum, Jharkhand · 832104"
832105,"Purbi Singhbhum, Jharkhand · 832105"
832107,"Purbi Singhbhum, Jharkhand · 832107"
832111,"Purbi Singhbhum, Jharkhand · 832111"
832112,"Purbi Singhbhum, Jharkhand · 832112"
832301,"Purbi Singhbhum, Jharkhand · 832301"
832302,"Purbi Singhbhum, Jharkhand · 832302"
832303,"Purbi Singhbhum, Jharkhand · 832303"
832304,"Purbi Singhbhum, Jharkhand · 832304"
834001,"Ranchi, Jharkhand · 834001"
834002,"Ranchi, Jharkhand · 834002"
834003,"Ranchi, Jharkhand · 834003"
834004,"Ranchi, Jharkhand · 834004"
834005,"Ranchi, Jharkhand · 834005"
834006,"Ranchi, Jharkhand · 834006"
834008,"Ranchi, Jharkhand · 834008"
834009,"Ranchi, Jharkhand · 834009"
834011,"Ranchi, Jharkhand · 834011"
835101,"Ranchi, Jharkhand · 835101"
835102,"Ranchi, Jharkhand · 835102"
835103,"Ranchi, Jharkhand · 835103"
835201,"Simdega, Jharkhand · 835201"
835202,"Ranchi, Jharkhand · 835202"
835203,"Gumla, Jharkhand · 835203"
835204,"Ranchi, Jharkhand · 835204"
835205,"Ranchi, Jharkhand · 835205"
835206,"Gumla, Jharkhand · 835206"
835207,"Gumla, Jharkhand · 835207"
835208,"Gumla, Jharkhand · 835208"
835209,"Ranchi, Jharkhand · 835209"
835210,"Ranchi, Jharkhand · 835210"
835211,"Simdega, Jharkhand · 835211"
835212,"Simdega, Jharkhand · 835212"
835213,"Lohardaga, Jharkhand · 835213"
835214,"Ranchi, Jharkhand · 835214"
835215,"Ranchi, Jharkhand · 835215"
835216,"Ranchi, Jharkhand · 835216"
835217,"Ranchi, Jharkhand · 835217"
835218,"Lohardaga, Jharkhand · 835218"
835219,"Ranchi, Jharkhand · 835219"
835220,"Gumla, Jharkhand · 835220"
835221,"Ranchi, Jharkhand · 835221"
835222,"Ranchi, Jharkhand · 835222"
835223,"Simdega, Jharkhand · 835223"
835225,"Ranchi, Jharkhand · 835225"
835226,"Simdega, Jharkhand · 835226"
835227,"Ranchi, Jharkhand · 835227"
835228,"Simdega, Jharkhand · 835228"
835229,"Gumla, Jharkhand · 835229"
835230,"Gumla, Jharkhand · 835230"
835231,"Gumla, Jharkhand · 835231"
835232,"Gumla, Jharkhand · 835232"
835233,"Gumla, Jharkhand · 835233"
835234,"Ranchi, Jharkhand · 835234"
835235,"Simdega, Jharkhand · 835235"
835301,"Ranchi, Jharkhand · 835301"
835302,"Lohardaga, Jharkhand · 835302"
835303,"Ranchi, Jharkhand · 835303"
835325,"Ranchi, Jharkhand · 835325"
841101,"Saran, Bihar · 841101"
841201,"Saran, Bihar · 841201"
841202,"Saran, Bihar · 841202"
841203,"Siwan, Bihar · 841203"
841204,"Saran, Bihar · 841204"
841205,"Saran, Bihar · 841205"
841206,"Saran, Bihar · 841206"
841207,"Saran, Bihar · 841207"
841208,"Saran, Bihar · 841208"
841209,"Saran, Bihar · 841209"
841210,"Siwan, Bihar · 841210"
841211,"Saran, Bihar · 841211"
841212,"Saran, Bihar · 841212"
841213,"Saran, Bihar · 841213"
841214,"Saran, Bihar · 841214"
841215,"Saran, Bihar · 841215"
841216,"Saran, Bihar · 841216"
841217,"Saran, Bihar · 841217"
841218,"Saran, Bihar · 841218"
841219,"Saran, Bihar · 841219"
841220,"Saran, Bihar · 841220"
841221,"Saran, Bihar · 841221"
841222,"Saran, Bihar · 841222"
841223,"Saran, Bihar · 841223"
841224,"Saran, Bihar · 841224"
841225,"Saran, Bihar · 841225"
841226,"Siwan, Bihar · 841226"
841227,"Siwan, Bihar · 841227"
841231,"Siwan, Bihar · 841231"
841232,"Siwan, Bihar · 841232"
841233,"Siwan, Bihar · 841233"
841234,"Siwan, Bihar · 841234"
841235,"Siwan, Bihar · 841235"
841236,"Siwan, Bihar · 841236"
841237,"Siwan, Bihar · 841237"
841238,"Siwan, Bihar · 841238"
841239,"Siwan, Bihar · 841239"
841240,"Siwan, Bihar · 841240"
841242,"Siwan, Bihar · 841242"
841243,"Siwan, Bihar · 841243"
841244,"Siwan, Bihar · 841244"
841245,"Siwan, Bihar · 841245"
841286,"Siwan, Bihar · 841286"
841287,"Siwan, Bihar · 841287"
841301,"Saran, Bihar · 841301"
841302,"Saran, Bihar · 841302"
841305,"Saran, Bihar · 841305"
841311,"Saran, Bihar · 841311"
841312,"Saran, Bihar · 841312"
841313,"Saran, Bihar · 841313"
841316,"Saran, Bihar · 841316"
841401,"Saran, Bihar · 841401"
841402,"Saran, Bihar · 841402"
841403,"Saran, Bihar · 841403"
841404,"Siwan, Bihar · 841404"
841405,"Gopalganj, Bihar · 841405"
841406,"Siwan, Bihar · 841406"
841407,"Gopalganj, Bihar · 841407"
841408,"Siwan, Bihar · 841408"
841409,"Gopalganj, Bihar · 841409"
841410,"Saran, Bihar · 841410"
841411,"Saran, Bihar · 841411"
841412,"Saran, Bihar · 841412"
841413,"Gopalganj, Bihar · 841413"
841414,"Saran, Bihar · 841414"
841415,"Saran, Bihar · 841415"
841416,"Siwan, Bihar · 841416"
841417,"Saran, Bihar · 841417"
841418,"Saran, Bihar · 841418"
841419,"Saran, Bihar · 841419"
841420,"Gopalganj, Bihar · 841420"
841421,"Saran, Bihar · 841421"
841422,"Saran, Bihar · 841422"
841423,"Gopalganj, Bihar · 841423"
841424,"Saran, Bihar · 841424"
841425,"Gopalganj, Bihar · 841425"
841426,"Gopalganj, Bihar · 841426"
841427,"Gopalganj, Bihar · 841427"
841428,"Gopalganj, Bihar · 841428"
841434,"Siwan, Bihar · 841434"
841435,"Siwan, Bihar · 841435"
841436,"Gopalganj, Bihar · 841436"
841437,"Gopalganj, Bihar · 841437"
841438,"Gopalganj, Bihar · 841438"
841439,"Siwan, Bihar · 841439"
841441,"Gopalganj, Bihar · 841441"
841442,"Saran, Bihar · 841442"
841443,"Saran, Bihar · 841443"
841446,"Siwan, Bihar · 841446"
841460,"Saran, Bihar · 841460"
841501,"Gopalganj, Bihar · 841501"
841502,"Siwan, Bihar · 841502"
841503,"Gopalganj, Bihar · 841503"
841504,"Siwan, Bihar · 841504"
841505,"Gopalganj, Bihar · 841505"
841506,"Siwan, Bihar · 841506"
841507,"Siwan, Bihar · 841507"
841508,"Gopalganj, Bihar · 841508"
841509,"Siwan, Bihar · 841509"
842001,"Muzaffarpur, Bihar · 842001"
842002,"Muzaffarpur, Bihar · 842002"
842003,"Muzaffarpur, Bihar · 842003"
842004,"Muzaffarpur, Bihar · 842004"
842005,"Muzaffarpur, Bihar · 842005"
843101,"Muzaffarpur, Bihar · 843101"
843102,"Muzaffarpur, Bihar · 843102"
843103,"Muzaffarpur, Bihar · 843103"
843104,"Muzaffarpur, Bihar · 843104"
843105,"Muzaffarpur, Bihar · 843105"
843106,"Muzaffarpur, Bihar · 843106"
843107,"Muzaffarpur, Bihar · 843107"
843109,"Muzaffarpur, Bihar · 843109"
843110,"Vaishali, Bihar · 843110"
843111,"Muzaffarpur, Bihar · 843111"
843112,"Muzaffarpur, Bihar · 843112"
843113,"Muzaffarpur, Bihar · 843113"
843114,"Vaishali, Bihar · 843114"
843115,"Muzaffarpur, Bihar · 843115"
843117,"Muzaffarpur, Bihar · 843117"
843118,"Muzaffarpur, Bihar · 843118"
843119,"Muzaffarpur, Bihar · 843119"
843120,"Muzaffarpur, Bihar · 843120"
843121,"Muzaffarpur, Bihar · 843121"
843122,"Muzaffarpur, Bihar · 843122"
843123,"Muzaffarpur, Bihar · 843123"
843124,"Muzaffarpur, Bihar · 843124"
843125,"Muzaffarpur, Bihar · 843125"
843126,"Muzaffarpur, Bihar · 843126"
843127,"Muzaffarpur, Bihar · 843127"
843128,"Muzaffarpur, Bihar · 843128"
843129,"Muzaffarpur, Bihar · 843129"
843130,"Muzaffarpur, Bihar · 843130"
843301,"Sitamarhi, Bihar · 843301"
843302,"Sitamarhi, Bihar · 843302"
843311,"Sitamarhi, Bihar · 843311"
843312,"Muzaffarpur, Bihar · 843312"
843313,"Sitamarhi, Bihar · 843313"
843315,"Sitamarhi, Bihar · 843315"
843316,"Sitamarhi, Bihar · 843316"
843317,"Sitamarhi, Bihar · 843317"
843318,"Sitamarhi, Bihar · 843318"
843319,"Sitamarhi, Bihar · 843319"
843320,"Sitamarhi, Bihar · 843320"
843321,"Muzaffarpur, Bihar · 843321"
843322,"Sitamarhi, Bihar · 843322"
843323,"Sitamarhi, Bihar · 843323"
843324,"Sitamarhi, Bihar · 843324"
843325,"Sitamarhi, Bihar · 843325"
843326,"Sitamarhi, Bihar · 843326"
843327,"Sitamarhi, Bihar · 843327"
843328,"Sitamarhi, Bihar · 843328"
843330,"Sitamarhi, Bihar · 843330"
843331,"Sitamarhi, Bihar · 843331"
843332,"Sitamarhi, Bihar · 843332"
843333,"Sitamarhi, Bihar · 843333"
843334,"Sitamarhi, Bihar · 843334"
843360,"Sitamarhi, Bihar · 843360"
844101,"Vaishali, Bihar · 844101"
844102,"Vaishali, Bihar · 844102"
844103,"Vaishali, Bihar · 844103"
844111,"Vaishali, Bihar · 844111"
844112,"Vaishali, Bihar · 844112"
844113,"Vaishali, Bihar · 844113"
844114,"Vaishali, Bihar · 844114"
844115,"Vaishali, Bihar · 844115"
844116,"Vaishali, Bihar · 844116"
844117,"Vaishali, Bihar · 844117"
844118,"Vaishali, Bihar · 844118"
844119,"Vaishali, Bihar · 844119"
844120,"Muzaffarpur, Bihar · 844120"
844121,"Vaishali, Bihar · 844121"
844122,"Vaishali, Bihar · 844122"
844123,"Vaishali, Bihar · 844123"
844124,"Vaishali, Bihar · 844124"
844125,"Vaishali, Bihar · 844125"
844127,"Muzaffarpur, Bihar · 844127"
844128,"Vaishali, Bihar · 844128"
844501,"Vaishali, Bihar · 844501"
844502,"Vaishali, Bihar · 844502"
844503,"Vaishali, Bihar · 844503"
844504,"Vaishali, Bihar · 844504"
844505,"Vaishali, Bihar · 844505"
844506,"Vaishali, Bihar · 844506"
844507,"Vaishali, Bihar · 844507"
844508,"Vaishali, Bihar · 844508"
844509,"Vaishali, Bihar · 844509"
845301,"Purba Champaran, Bihar · 845301"
845302,"Purba Champaran, Bihar · 845302"
845303,"Purba Champaran, Bihar · 845303"
845304,"Purba Champaran, Bihar · 845304"
845305,"Purba Champaran, Bihar · 845305"
845315,"Purba Champaran, Bihar · 845315"
845401,"Purba Champaran, Bihar · 845401"
845406,"Purba Champaran, Bihar · 845406"
845411,"Purba Champaran, Bihar · 845411"
845412,"Purba Champaran, Bihar · 845412"
845413,"Purba Champaran, Bihar · 845413"
845414,"Purba Champaran, Bihar · 845414"
845415,"Purba Champaran, Bihar · 845415"
845416,"Purba Champaran, Bihar · 845416"
845417,"Purba Champaran, Bihar · 845417"
845418,"Purba Champaran, Bihar · 845418"
845419,"Purba Champaran, Bihar · 845419"
845420,"Purba Champaran, Bihar · 845420"
845422,"Purba Champaran, Bihar · 845422"
845423,"Purba Champaran, Bihar · 845423"
845424,"Purba Champaran, Bihar · 845424"
845425,"Purba Champaran, Bihar · 845425"
845426,"Purba Champaran, Bihar · 845426"
845427,"Purba Champaran, Bihar · 845427"
845428,"Purba Champaran, Bihar · 845428"
845429,"Purba Champaran, Bihar · 845429"
845430,"Purba Champaran, Bihar · 845430"
845431,"Purba Champaran, Bihar · 845431"
845432,"Purba Champaran, Bihar · 845432"
845433,"Purba Champaran, Bihar · 845433"
845434,"Purba Champaran, Bihar · 845434"
845435,"Purba Champaran, Bihar · 845435"
845436,"Purba Champaran, Bihar · 845436"
845440,"Purba Champaran, Bihar · 845440"
845456,"Purba Champaran, Bihar · 845456"
845457,"Purba Champaran, Bihar · 845457"
845458,"Purba Champaran, Bihar · 845458"
846001,"Darbhanga, Bihar · 846001"
846002,"Darbhanga, Bihar · 846002"
846003,"Darbhanga, Bihar · 846003"
846004,"Darbhanga, Bihar · 846004"
846005,"Darbhanga, Bihar · 846005"
846006,"Darbhanga, Bihar · 846006"
846007,"Darbhanga, Bihar · 846007"
846009,"Darbhanga, Bihar · 846009"
847101,"Darbhanga, Bihar · 847101"
847102,"Madhubani, Bihar · 847102"
847103,"Darbhanga, Bihar · 847103"
847104,"Darbhanga, Bihar · 847104"
847105,"Darbhanga, Bihar · 847105"
847106,"Darbhanga, Bihar · 847106"
847107,"Muzaffarpur, Bihar · 847107"
847108,"Madhubani, Bihar · 847108"
847109,"Madhubani, Bihar · 847109"
847115,"Darbhanga, Bihar · 847115"
847121,"Darbhanga, Bihar · 847121"
847122,"Darbhanga, Bihar · 847122"
847123,"Darbhanga, Bihar · 847123"
847201,"Darbhanga, Bihar · 847201"
847203,"Darbhanga, Bihar · 847203"
847204,"Darbhanga, Bihar · 847204"
847211,"Madhubani, Bihar · 847211"
847212,"Madhubani, Bihar · 847212"
847213,"Madhubani, Bihar · 847213"
847214,"Madhubani, Bihar · 847214"
847215,"Madhubani, Bihar · 847215"
847222,"Madhubani, Bihar · 847222"
847223,"Madhubani, Bihar · 847223"
847225,"Madhubani, Bihar · 847225"
847226,"Madhubani, Bihar · 847226"
847227,"Madhubani, Bihar · 847227"
847228,"Madhubani, Bihar · 847228"
847229,"Madhubani, Bihar · 847229"
847230,"Madhubani, Bihar · 847230"
847231,"Madhubani, Bihar · 847231"
847232,"Madhubani, Bihar · 847232"
847233,"Darbhanga, Bihar · 847233"
847234,"Madhubani, Bihar · 847234"
847235,"Madhubani, Bihar · 847235"
847236,"Madhubani, Bihar · 847236"
847238,"Madhubani, Bihar · 847238"
847239,"Darbhanga, Bihar · 847239"
847240,"Madhubani, Bihar · 847240"
847301,"Darbhanga, Bihar · 847301"
847302,"Darbhanga, Bihar · 847302"
847303,"Darbhanga, Bihar · 847303"
847304,"Darbhanga, Bihar · 847304"
847305,"Madhubani, Bihar · 847305"
847306,"Darbhanga, Bihar · 847306"
847307,"Darbhanga, Bihar · 847307"
847308,"Madhubani, Bihar · 847308"
847337,"Darbhanga, Bihar · 847337"
847401,"Madhubani, Bihar · 847401"
847402,"Madhubani, Bihar · 847402"
847403,"Madhubani, Bihar · 847403"
847404,"Madhubani, Bihar · 847404"
847405,"Darbhanga, Bihar · 847405"
847407,"Darbhanga, Bihar · 847407"
847408,"Madhubani, Bihar · 847408"
847409,"Madhubani, Bihar · 847409"
847410,"Madhubani, Bihar · 847410"
847411,"Madhubani, Bihar · 847411"
847421,"Madhubani, Bihar · 847421"
847422,"Darbhanga, Bihar · 847422"
847423,"Darbhanga, Bihar · 847423"
847424,"Madhubani, Bihar · 847424"
847427,"Darbhanga, Bihar · 847427"
847428,"Darbhanga, Bihar · 847428"
847429,"Darbhanga, Bihar · 847429"
847451,"Supaul, Bihar · 847451"
847452,"Supaul, Bihar · 847452"
848101,"Samastipur, Bihar · 848101"
848102,"Samastipur, Bihar · 848102"
848113,"Samastipur, Bihar · 848113"
848114,"Samastipur, Bihar · 848114"
848115,"Samastipur, Bihar · 848115"
848117,"Samastipur, Bihar · 848117"
848121,"Samastipur, Bihar · 848121"
848122,"Samastipur, Bihar · 848122"
848125,"Samastipur, Bihar · 848125"
848127,"Samastipur, Bihar · 848127"
848129,"Samastipur, Bihar · 848129"
848130,"Samastipur, Bihar · 848130"
848131,"Samastipur, Bihar · 848131"
848132,"Samastipur, Bihar · 848132"
848133,"Samastipur, Bihar · 848133"
848134,"Samastipur, Bihar · 848134"
848160,"Samastipur, Bihar · 848160"
848201,"Begusarai, Bihar · 848201"
848202,"Begusarai, Bihar · 848202"
848203,"Khagaria, Bihar · 848203"
848204,"Begusarai, Bihar · 848204"
848205,"Samastipur, Bihar · 848205"
848206,"Samastipur, Bihar · 848206"
848207,"Samastipur, Bihar · 848207"
848208,"Samastipur, Bihar · 848208"
848209,"Samastipur, Bihar · 848209"
848210,"Samastipur, Bihar · 848210"
848211,"Samastipur, Bihar · 848211"
848213,"Darbhanga, Bihar · 848213"
848216,"Samastipur, Bihar · 848216"
848236,"Samastipur, Bihar · 848236"
848301,"Samastipur, Bihar · 848301"
848302,"Samastipur, Bihar · 848302"
848501,"Samastipur, Bihar · 848501"
848502,"Samastipur, Bihar · 848502"
848504,"Samastipur, Bihar · 848504"
848506,"Samastipur, Bihar · 848506"
851101,"Begusarai, Bihar · 851101"
851111,"Begusarai, Bihar · 851111"
851112,"Begusarai, Bihar · 851112"
851113,"Begusarai, Bihar · 851113"
851114,"Begusarai, Bihar · 851114"
851115,"Begusarai, Bihar · 851115"
851116,"Begusarai, Bihar · 851116"
851117,"Begusarai, Bihar · 851117"
851118,"Begusarai, Bihar · 851118"
851120,"Begusarai, Bihar · 851120"
851126,"Begusarai, Bihar · 851126"
851128,"Begusarai, Bihar · 851128"
851129,"Begusarai, Bihar · 851129"
851130,"Begusarai, Bihar · 851130"
851131,"Begusarai, Bihar · 851131"
851132,"Begusarai, Bihar · 851132"
851133,"Begusarai, Bihar · 851133"
851134,"Begusarai, Bihar · 851134"
851135,"Begusarai, Bihar · 851135"
851201,"Khagaria, Bihar · 851201"
851202,"Khagaria, Bihar · 851202"
851203,"Khagaria, Bihar · 851203"
851204,"Khagaria, Bihar · 851204"
851205,"Khagaria, Bihar · 851205"
851210,"Begusarai, Bihar · 851210"
851211,"Begusarai, Bihar · 851211"
851212,"Khagaria, Bihar · 851212"
851214,"Khagaria, Bihar · 851214"
851215,"Khagaria, Bihar · 851215"
851216,"Khagaria, Bihar · 851216"
851217,"Begusarai, Bihar · 851217"
851218,"Begusarai, Bihar · 851218"
852101,"Madhepura, Bihar · 852101"
852105,"Supaul, Bihar · 852105"
852106,"Saharsa, Bihar · 852106"
852107,"Saharsa, Bihar · 852107"
852108,"Supaul, Bihar · 852108"
852109,"Supaul, Bihar · 852109"
852110,"Supaul, Bihar · 852110"
852111,"Supaul, Bihar · 852111"
852112,"Madhepura, Bihar · 852112"
852113,"Madhepura, Bihar · 852113"
852114,"Madhepura, Bihar · 852114"
852115,"Madhepura, Bihar · 852115"
852116,"Madhepura, Bihar · 852116"
852121,"Madhepura, Bihar · 852121"
852122,"Madhepura, Bihar · 852122"
852123,"Saharsa, Bihar · 852123"
852124,"Saharsa, Bihar · 852124"
852125,"Supaul, Bihar · 852125"
852126,"Saharsa, Bihar · 852126"
852127,"Saharsa, Bihar · 852127"
852128,"Madhepura, Bihar · 852128"
852129,"Saharsa, Bihar · 852129"
852130,"Supaul, Bihar · 852130"
852131,"Supaul, Bihar · 852131"
852132,"Madhepura, Bihar · 852132"
852137,"Supaul, Bihar · 852137"
852138,"Supaul, Bihar · 852138"
852139,"Supaul, Bihar · 852139"
852161,"Khagaria, Bihar · 852161"
852201,"Saharsa, Bihar · 852201"
852202,"Saharsa, Bihar · 852202"
852212,"Saharsa, Bihar · 852212"
852213,"Madhepura, Bihar · 852213"
852214,"Supaul, Bihar · 852214"
852215,"Supaul, Bihar · 852215"
852216,"Saharsa, Bihar · 852216"
852217,"Saharsa, Bihar · 852217"
852218,"Supaul, Bihar · 852218"
852219,"Madhepura, Bihar · 852219"
852220,"Madhepura, Bihar · 852220"
853201,"Bhagalpur, Bihar · 853201"
853202,"Bhagalpur, Bihar · 853202"
853203,"Bhagalpur, Bihar · 853203"
853204,"Bhagalpur, Bihar · 853204"
853205,"Bhagalpur, Bihar · 853205"
854101,"Katihar, Bihar · 854101"
854102,"Purnia, Bihar · 854102"
854103,"Katihar, Bihar · 854103"
854104,"Katihar, Bihar · 854104"
854105,"Katihar, Bihar · 854105"
854106,"Katihar, Bihar · 854106"
854107,"Katihar, Bihar · 854107"
854108,"Katihar, Bihar · 854108"
854109,"Katihar, Bihar · 854109"
854112,"Katihar, Bihar · 854112"
854113,"Katihar, Bihar · 854113"
854114,"Katihar, Bihar · 854114"
854115,"Katihar, Bihar · 854115"
854116,"Katihar, Bihar · 854116"
854117,"Katihar, Bihar · 854117"
854201,"Purnia, Bihar · 854201"
854203,"Purnia, Bihar · 854203"
854204,"Purnia, Bihar · 854204"
854205,"Purnia, Bihar · 854205"
854301,"Purnia, Bihar · 854301"
854302,"Purnia, Bihar · 854302"
854303,"Purnia, Bihar · 854303"
854304,"Purnia, Bihar · 854304"
854305,"Purnia, Bihar · 854305"
854306,"Purnia, Bihar · 854306"
854311,"Araria, Bihar · 854311"
854312,"Araria, Bihar · 854312"
854315,"Purnia, Bihar · 854315"
854316,"Purnia, Bihar · 854316"
854317,"Katihar, Bihar · 854317"
854318,"Araria, Bihar · 854318"
854325,"Purnia, Bihar · 854325"
854326,"Purnia, Bihar · 854326"
854327,"Purnia, Bihar · 854327"
854328,"Araria, Bihar · 854328"
854329,"Araria, Bihar · 854329"
854330,"Purnia, Bihar · 854330"
854331,"Araria, Bihar · 854331"
854332,"Araria, Bihar · 854332"
854333,"Araria, Bihar · 854333"
854334,"Araria, Bihar · 854334"
854335,"Araria, Bihar · 854335"
854336,"Araria, Bihar · 854336"
854337,"Purnia, Bihar · 854337"
854338,"Supaul, Bihar · 854338"
854339,"Supaul, Bihar · 854339"
854340,"Supaul, Bihar · 854340"
855101,"Kishanganj, Bihar · 855101"
855102,"Katihar, Bihar · 855102"
855105,"Katihar, Bihar · 855105"
855106,"Kishanganj, Bihar · 855106"
855107,"Kishanganj, Bihar · 855107"
855108,"Kishanganj, Bihar · 855108"
855113,"Katihar, Bihar · 855113"
855114,"Katihar, Bihar · 855114"
855115,"Kishanganj, Bihar · 855115"
855116,"Kishanganj, Bihar · 855116"
855117,"Kishanganj, Bihar · 855117"
