{"type":"FeatureCollection","features":[{"type":"Feature","geometry":{"type":"Polygon","coordinates":[[[85.385884,23.300704],[85.384276,23.306704],[85.379884,23.311096],[85.373884,23.312704],[85.367884,23.311096],[85.363491,23.306704],[85.361884,23.300704],[85.363491,23.294704],[85.367884,23.290312],[85.373884,23.288704],[85.379884,23.290312],[85.384276,23.294704],[85.385884,23.300704]]]},"properties":{"pincode":"834010","name":"Ranchi, Jharkhand","ppi":175,"income":78700,"_synthetic":true}},{"type":"Feature","geometry":{"type":"Polygon","coordinates":[[[77.652,12.975],[77.650392,12.981],[77.646,12.985392],[77.64,12.987],[77.634,12.985392],[77.629608,12.981],[77.628,12.975],[77.629608,12.969],[77.634,12.964608],[77.64,12.963],[77.646,12.964608],[77.650392,12.969],[77.652,12.975]]]},"properties":{"pincode":"560025","name":"Indiranagar","ppi":172,"income":351800,"_synthetic":true}},{"type":"Feature","geometry":{"type":"Polygon","coordinates":[[[83.947915,22.060515],[83.946308,22.066515],[83.941915,22.070908],[83.935915,22.072515],[83.929915,22.070908],[83.925523,22.066515],[83.923915,22.060515],[83.925523,22.054515],[83.929915,22.050123],[83.935915,22.048515],[83.941915,22.050123],[83.946308,22.054515],[83.947915,22.060515]]]},"properties":{"pincode":"770011","name":"Sundargarh, Odisha","ppi":169,"income":78900,"_synthetic":true}},{"type":"Feature","geometry":{"type":"Polygon","coordinates":[[[77.0876834,28.4491056],[77.0887455,28.4465303],[77.0905373,28.4431813],[77.0918784,28.4414078],[77.0936057,28.4374077],[77.094346,28.4349265],[77.0955925,28.4312887],[77.0962612,28.4314754],[77.1053206,28.4313367],[77.1035925,28.4372842],[77.1026688,28.4397409],[77.1026464,28.4398013],[77.1012851,28.4434208],[77.0999528,28.4478306],[77.0996273,28.448841],[77.0994329,28.4494778],[77.0988915,28.449362],[77.0986698,28.449367],[77.0984553,28.4493953],[77.0971195,28.4498764],[77.0967279,28.4499943],[77.0953922,28.4502301],[77.0951239,28.4502537],[77.0921306,28.449999],[77.0880979,28.4498363],[77.0877368,28.4498441],[77.0876834,28.4491056]]]},"properties":{"pincode":"122022","name":"Gurgaon Golf Course Rd","ppi":169,"income":377900}},{"type":"Feature","geometry":{"type":"Polygon","coordinates":[[[85.481726,20.370065],[85.480118,20.376065],[85.475726,20.380458],[85.469726,20.382065],[85.463726,20.380458],[85.459333,20.376065],[85.457726,20.370065],[85.459333,20.364065],[85.463726,20.359673],[85.469726,20.358065],[85.475726,20.359673],[85.480118,20.364065],[85.481726,20.370065]]]},"properties":{"pincode":"D890490","name":"Cuttack, Odisha","ppi":168,"income":76500,"_synthetic":true}},{"type":"Feature","geometry":{"type":"Polygon","coordinates":[[[77.639,12.935],[77.637392,12.941],[77.633,12.945392],[77.627,12.947],[77.621,12.945392],[77.616608,12.941],[77.615,12.935],[77.616608,12.929],[77.621,12.924608],[77.627,12.923],[77.633,12.924608],[77.637392,12.929],[77.639,12.935]]]},"properties":{"pincode":"560027","name":"Koramangala","ppi":166,"income":303200,"_synthetic":true}},{"type":"Feature","geometry":{"type":"Polygon","coordinates":[[[82.394767,24.243134],[82.39316,24.249134],[82.388767,24.253527],[82.382767,24.255134],[82.376767,24.253527],[82.372375,24.249134],[82.370767,24.243134],[82.372375,24.237134],[82.376767,24.232742],[82.382767,24.231134],[82.388767,24.232742],[82.39316,24.237134],[82.394767,24.243134]]]},"properties":{"pincode":"486896","name":"Singrauli, Madhya Pradesh","ppi":162,"income":80200,"_synthetic":true}},{"type":"Feature","geometry":{"type":"Polygon","coordinates":[[[81.828407,21.280909],[81.8268,21.286909],[81.822407,21.291301],[81.816407,21.292909],[81.810407,21.291301],[81.806015,21.286909],[81.804407,21.280909],[81.806015,21.274909],[81.810407,21.270517],[81.816407,21.268909],[81.822407,21.270517],[81.8268,21.274909],[81.828407,21.280909]]]},"properties":{"pincode":"D808830","name":"Raipur, Chhattisgarh","ppi":160,"income":78400,"_synthetic":true}},{"type":"Feature","geometry":{"type":"Polygon","coordinates":[[[85.514331,20.053815],[85.512723,20.059815],[85.508331,20.064207],[85.502331,20.065815],[85.496331,20.064207],[85.491938,20.059815],[85.490331,20.053815],[85.491938,20.047815],[85.496331,20.043423],[85.502331,20.041815],[85.508331,20.043423],[85.512723,20.047815],[85.514331,20.053815]]]},"properties":{"pincode":"752020","name":"Khordha, Odisha","ppi":158,"income":71300,"_synthetic":true}},{"type":"Feature","geometry":{"type":"Polygon","coordinates":[[[84.164851,21.557061],[84.163244,21.563061],[84.158851,21.567453],[84.152851,21.569061],[84.146851,21.567453],[84.142459,21.563061],[84.140851,21.557061],[84.142459,21.551061],[84.146851,21.546668],[84.152851,21.545061],[84.158851,21.546668],[84.163244,21.551061],[84.164851,21.557061]]]},"properties":{"pincode":"D734356","name":"Sambalpur, Odisha","ppi":156,"income":72200,"_synthetic":true}},{"type":"Feature","geometry":{"type":"Polygon","coordinates":[[[72.8123,18.963],[72.810692,18.969],[72.8063,18.973392],[72.8003,18.975],[72.7943,18.973392],[72.789908,18.969],[72.7883,18.963],[72.789908,18.957],[72.7943,18.952608],[72.8003,18.951],[72.8063,18.952608],[72.810692,18.957],[72.8123,18.963]]]},"properties":{"pincode":"400006","name":"Malabar Hill","ppi":155,"income":231000,"_synthetic":true}},{"type":"Feature","geometry":{"type":"Polygon","coordinates":[[[77.239,28.598],[77.237392,28.604],[77.233,28.608392],[77.227,28.61],[77.221,28.608392],[77.216608,28.604],[77.215,28.598],[77.216608,28.592],[77.221,28.587608],[77.227,28.586],[77.233,28.587608],[77.237392,28.592],[77.239,28.598]]]},"properties":{"pincode":"110003","name":"Golf Links / Lodhi","ppi":153,"income":215700,"_synthetic":true}},{"type":"Feature","geometry":{"type":"Polygon","coordinates":[[[86.475659,23.845197],[86.474051,23.851197],[86.469659,23.855589],[86.463659,23.857197],[86.457659,23.855589],[86.453266,23.851197],[86.451659,23.845197],[86.453266,23.839197],[86.457659,23.834805],[86.463659,23.833197],[86.469659,23.834805],[86.474051,23.839197],[86.475659,23.845197]]]},"properties":{"pincode":"828109","name":"Dhanbad, Jharkhand","ppi":153,"income":65300,"_synthetic":true}},{"type":"Feature","geometry":{"type":"Polygon","coordinates":[[[85.928893,22.746423],[85.927285,22.752423],[85.922893,22.756815],[85.916893,22.758423],[85.910893,22.756815],[85.906501,22.752423],[85.904893,22.746423],[85.906501,22.740423],[85.910893,22.73603],[85.916893,22.734423],[85.922893,22.73603],[85.927285,22.740423],[85.928893,22.746423]]]},"properties":{"pincode":"833219","name":"Saraikela-Kharsawan, Jharkhand","ppi":151,"income":66800,"_synthetic":true}},{"type":"Feature","geometry":{"type":"Polygon","coordinates":[[[77.307,28.641],[77.305392,28.647],[77.301,28.651392],[77.295,28.653],[77.289,28.651392],[77.284608,28.647],[77.283,28.641],[77.284608,28.635],[77.289,28.630608],[77.295,28.629],[77.301,28.630608],[77.305392,28.635],[77.307,28.641]]]},"properties":{"pincode":"110092","name":"Preet Vihar","ppi":145,"income":147400,"_synthetic":true}},{"type":"Feature","geometry":{"type":"Polygon","coordinates":[[[77.366117,8.327981],[77.36451,8.333981],[77.360117,8.338374],[77.354117,8.339981],[77.348117,8.338374],[77.343725,8.333981],[77.342117,8.327981],[77.343725,8.321981],[77.348117,8.317589],[77.354117,8.315981],[77.360117,8.317589],[77.36451,8.321981],[77.366117,8.327981]]]},"properties":{"pincode":"629853","name":"Kanniyakumari, Tamil Nadu","ppi":144,"income":94700,"_synthetic":true}},{"type":"Feature","geometry":{"type":"Polygon","coordinates":[[[73.005164,19.185705],[73.003556,19.191705],[72.999164,19.196097],[72.993164,19.197705],[72.987164,19.196097],[72.982772,19.191705],[72.981164,19.185705],[72.982772,19.179705],[72.987164,19.175313],[72.993164,19.173705],[72.999164,19.175313],[73.003556,19.179705],[73.005164,19.185705]]]},"properties":{"pincode":"400603","name":"Veer Sawarkar Nagar","ppi":143,"income":121500,"_synthetic":true}},{"type":"Feature","geometry":{"type":"Polygon","coordinates":[[[76.380709,28.055419],[76.379101,28.061419],[76.374709,28.065811],[76.368709,28.067419],[76.362709,28.065811],[76.358316,28.061419],[76.356709,28.055419],[76.358316,28.049419],[76.362709,28.045026],[76.368709,28.043419],[76.374709,28.045026],[76.379101,28.049419],[76.380709,28.055419]]]},"properties":{"pincode":"301705","name":"Kanhawas","ppi":142,"income":91400,"_synthetic":true}},{"type":"Feature","geometry":{"type":"Polygon","coordinates":[[[77.333,19.1383],[77.331392,19.1443],[77.327,19.148692],[77.321,19.1503],[77.315,19.148692],[77.310608,19.1443],[77.309,19.1383],[77.310608,19.1323],[77.315,19.127908],[77.321,19.1263],[77.327,19.127908],[77.331392,19.1323],[77.333,19.1383]]]},"properties":{"pincode":"431601","name":"Nanded Vazirabad","ppi":142,"income":65600,"_synthetic":true}},{"type":"Feature","geometry":{"type":"Polygon","coordinates":[[[73.7769,19.9975],[73.775292,20.0035],[73.7709,20.007892],[73.7649,20.0095],[73.7589,20.007892],[73.754508,20.0035],[73.7529,19.9975],[73.754508,19.9915],[73.7589,19.987108],[73.7649,19.9855],[73.7709,19.987108],[73.775292,19.9915],[73.7769,19.9975]]]},"properties":{"pincode":"422009","name":"College Road / Gangapur Road","ppi":141,"income":74100,"_synthetic":true}},{"type":"Feature","geometry":{"type":"Polygon","coordinates":[[[73.9132,18.558],[73.911592,18.564],[73.9072,18.568392],[73.9012,18.57],[73.8952,18.568392],[73.890808,18.564],[73.8892,18.558],[73.890808,18.552],[73.8952,18.547608],[73.9012,18.546],[73.9072,18.547608],[73.911592,18.552],[73.9132,18.558]]]},"properties":{"pincode":"411014","name":"Kalyani Nagar","ppi":141,"income":129400,"_synthetic":true}},{"type":"Feature","geometry":{"type":"Polygon","coordinates":[[[79.0818,21.1392],[79.080192,21.1452],[79.0758,21.149592],[79.0698,21.1512],[79.0638,21.149592],[79.059408,21.1452],[79.0578,21.1392],[79.059408,21.1332],[79.0638,21.128808],[79.0698,21.1272],[79.0758,21.128808],[79.080192,21.1332],[79.0818,21.1392]]]},"properties":{"pincode":"440010","name":"Ramdaspeth","ppi":140,"income":103100,"_synthetic":true}},{"type":"Feature","geometry":{"type":"Polygon","coordinates":[[[75.3553,19.8762],[75.353692,19.8822],[75.3493,19.886592],[75.3433,19.8882],[75.3373,19.886592],[75.332908,19.8822],[75.3313,19.8762],[75.332908,19.8702],[75.3373,19.865808],[75.3433,19.8642],[75.3493,19.865808],[75.353692,19.8702],[75.3553,19.8762]]]},"properties":{"pincode":"431001","name":"Aurangabad City Center (Kranti Chowk)","ppi":140,"income":115400,"_synthetic":true}},{"type":"Feature","geometry":{"type":"Polygon","coordinates":[[[77.622,12.978],[77.620392,12.984],[77.616,12.988392],[77.61,12.99],[77.604,12.988392],[77.599608,12.984],[77.598,12.978],[77.599608,12.972],[77.604,12.967608],[77.61,12.966],[77.616,12.967608],[77.620392,12.972],[77.622,12.978]]]},"properties":{"pincode":"560001","name":"MG Road / Cubbon Pk","ppi":140,"income":163600,"_synthetic":true}},{"type":"Feature","geometry":{"type":"Polygon","coordinates":[[[77.1397,28.6686],[77.138092,28.6746],[77.1337,28.678992],[77.1277,28.6806],[77.1217,28.678992],[77.117308,28.6746],[77.1157,28.6686],[77.117308,28.6626],[77.1217,28.658208],[77.1277,28.6566],[77.1337,28.658208],[77.138092,28.6626],[77.1397,28.6686]]]},"properties":{"pincode":"110026","name":"Punjabi Bagh","ppi":139,"income":152000,"_synthetic":true}},{"type":"Feature","geometry":{"type":"Polygon","coordinates":[[[72.835,18.921],[72.833392,18.927],[72.829,18.931392],[72.823,18.933],[72.817,18.931392],[72.812608,18.927],[72.811,18.921],[72.812608,18.915],[72.817,18.910608],[72.823,18.909],[72.829,18.910608],[72.833392,18.915],[72.835,18.921]]]},"properties":{"pincode":"400021","name":"Cuffe Parade","ppi":138,"income":153700,"_synthetic":true}},{"type":"Feature","geometry":{"type":"Polygon","coordinates":[[[77.17314,28.5901837],[77.1745455,28.5880075],[77.1754789,28.587169],[77.1834179,28.5836222],[77.187581,28.582581],[77.1901721,28.5819238],[77.194182,28.5815258],[77.201001,28.5809787],[77.2008449,28.5815545],[77.1989743,28.5874265],[77.1992404,28.5919475],[77.1958598,28.5923432],[77.1961051,28.5955701],[77.1978002,28.5958151],[77.1979195,28.5958627],[77.1980363,28.5959093],[77.1980577,28.5961165],[77.1981808,28.5964008],[77.1979582,28.5971921],[77.1978938,28.5978138],[77.1956251,28.5991402],[77.1955094,28.5992079],[77.1961236,28.6005832],[77.1943211,28.6016288],[77.1937847,28.6018078],[77.1936345,28.6025613],[77.1929774,28.6027026],[77.1928455,28.602594],[77.1926465,28.6024636],[77.1911363,28.602896],[77.1902978,28.6018737],[77.1892893,28.6013368],[77.1878612,28.598782],[77.1876111,28.59891],[77.1873696,28.5988709],[77.1872494,28.5988046],[77.1870872,28.5985862],[77.1819994,28.6006375],[77.1785154,28.5962124],[77.178408,28.5961082],[77.1779617,28.5955768],[77.1776336,28.5949427],[77.1770296,28.5937923],[77.1768888,28.5934971],[77.1762381,28.5923697],[77.1758687,28.591927],[77.17314,28.5901837]]]},"properties":{"pincode":"110021","name":"Chanakyapuri","ppi":138,"income":164600}},{"type":"Feature","geometry":{"type":"Polygon","coordinates":[[[77.045284,28.460091],[77.043677,28.466091],[77.039284,28.470484],[77.033284,28.472091],[77.027284,28.470484],[77.022892,28.466091],[77.021284,28.460091],[77.022892,28.454091],[77.027284,28.449699],[77.033284,28.448091],[77.039284,28.449699],[77.043677,28.454091],[77.045284,28.460091]]]},"properties":{"pincode":"122001","name":"Gurgaon, Haryana","ppi":137,"income":177800,"_synthetic":true}},{"type":"Feature","geometry":{"type":"Polygon","coordinates":[[[72.827,18.907],[72.825392,18.913],[72.821,18.917392],[72.815,18.919],[72.809,18.917392],[72.804608,18.913],[72.803,18.907],[72.804608,18.901],[72.809,18.896608],[72.815,18.895],[72.821,18.896608],[72.825392,18.901],[72.827,18.907]]]},"properties":{"pincode":"400005","name":"Colaba","ppi":137,"income":151600,"_synthetic":true}},{"type":"Feature","geometry":{"type":"Polygon","coordinates":[[[72.839,19.055],[72.837392,19.061],[72.833,19.065392],[72.827,19.067],[72.821,19.065392],[72.816608,19.061],[72.815,19.055],[72.816608,19.049],[72.821,19.044608],[72.827,19.043],[72.833,19.044608],[72.837392,19.049],[72.839,19.055]]]},"properties":{"pincode":"400049","name":"Bandra West","ppi":136,"income":147700,"_synthetic":true}},{"type":"Feature","geometry":{"type":"Polygon","coordinates":[[[78.1271085,26.0014715],[78.1290297,26.0011456],[78.1298483,26.0007428],[78.1300455,26.001092],[78.1331473,26.0053748],[78.1343886,26.0073831],[78.135887,26.0095177],[78.1363341,26.0101247],[78.136524,26.0101879],[78.1367837,26.0101562],[78.1384193,26.0095649],[78.1406767,26.0085514],[78.1409165,26.008504],[78.1410888,26.0086304],[78.1411763,26.0088018],[78.1410541,26.010747],[78.141209,26.0110607],[78.1413314,26.0110922],[78.1417459,26.0107334],[78.1435188,26.0096274],[78.1444303,26.0092054],[78.1453617,26.0090811],[78.1459811,26.009081],[78.1463082,26.0090968],[78.1490176,26.0088142],[78.1496819,26.0086674],[78.1497194,26.008857],[78.1496095,26.0090872],[78.1494872,26.009446],[78.1495573,26.0096649],[78.1499894,26.0099469],[78.1501093,26.0101658],[78.1500668,26.0102943],[78.149912,26.0103802],[78.1497472,26.0104434],[78.1497198,26.0105607],[78.1497123,26.0109827],[78.14966,26.0110752],[78.1492805,26.0114747],[78.1491606,26.011741],[78.1491157,26.0120299],[78.1491507,26.0121855],[78.1493056,26.0123096],[78.1494879,26.0123344],[78.1496877,26.0122645],[78.1500397,26.0120049],[78.1502994,26.0117544],[78.1504642,26.0117159],[78.1505766,26.0117475],[78.150629,26.0118648],[78.1505841,26.0120747],[78.1505268,26.0121537],[78.1503694,26.0121921],[78.1502745,26.0122847],[78.1502497,26.0124742],[78.1504045,26.0128488],[78.1507867,26.0131691],[78.1511664,26.0133022],[78.151511,26.0133179],[78.1516683,26.0134263],[78.1518407,26.0136],[78.1521004,26.0137556],[78.1521604,26.0139045],[78.1521105,26.0140151],[78.1518508,26.0141099],[78.1516011,26.0141641],[78.1514887,26.0142883],[78.1511766,26.0145162],[78.1510118,26.0147419],[78.1509195,26.0147667],[78.1508395,26.0147533],[78.1507271,26.0146765],[78.1505972,26.0145524],[78.1504798,26.0145231],[78.1503325,26.0145525],[78.1502476,26.0146518],[78.1501602,26.0148369],[78.1501702,26.01497],[78.1502851,26.015058],[78.150405,26.0151031],[78.15043,26.015173],[78.15043,26.0154077],[78.1505599,26.0155634],[78.1508198,26.0156649],[78.1508797,26.0158454],[78.1509846,26.0160101],[78.151062,26.0160417],[78.1511045,26.0159876],[78.1510694,26.0156581],[78.1511468,26.0154482],[78.1513641,26.015385],[78.1515265,26.0154098],[78.1516213,26.0153691],[78.1515963,26.0152924],[78.1515538,26.0151751],[78.1516137,26.0150577],[78.1517161,26.0150419],[78.1518111,26.0151751],[78.1519585,26.0154571],[78.1518986,26.0156444],[78.151579,26.01601],[78.1515716,26.0163215],[78.1513544,26.0167051],[78.1512945,26.0170639],[78.151372,26.017197],[78.1515618,26.0172443],[78.1518915,26.0172127],[78.1520638,26.0172669],[78.1520364,26.0174316],[78.1518466,26.0176889],[78.1515646,26.0187066],[78.1513926,26.0199388],[78.1514101,26.0201892],[78.1513577,26.0203292],[78.151168,26.0205323],[78.1502365,26.0210334],[78.1501142,26.0213448],[78.1501667,26.0217194],[78.150012,26.0221888],[78.1497023,26.0226086],[78.1497024,26.0229381],[78.1499248,26.0233735],[78.1500647,26.0238022],[78.1498575,26.0240348],[78.1493056,26.0242063],[78.1490309,26.0245809],[78.149046,26.0249871],[78.1489786,26.0254249],[78.148719,26.0256123],[78.1484268,26.0256439],[78.1483918,26.0258312],[78.1483219,26.0260501],[78.1480447,26.0260817],[78.1476651,26.0261744],[78.1477001,26.0264406],[78.14784,26.0267362],[78.1480299,26.0269392],[78.1480299,26.0270791],[78.1479075,26.027095],[78.1475628,26.0270025],[78.1474754,26.0270793],[78.1474255,26.0272507],[78.1475454,26.0274538],[78.1475455,26.0276727],[78.1477703,26.0277675],[78.1480975,26.0278599],[78.1481499,26.0281104],[78.148115,26.0282977],[78.1494187,26.0277108],[78.1514541,26.0266182],[78.1525954,26.0261035],[78.1531471,26.0253068],[78.1549521,26.0220818],[78.1571967,26.0197705],[78.1582677,26.0178342],[78.1587868,26.0170623],[78.1606497,26.0163442],[78.1628272,26.0154366],[78.1658315,26.0153116],[78.167972,26.0156246],[78.1701147,26.0155924],[78.1710663,26.0158516],[78.1710314,26.0159464],[78.1711341,26.0169302],[78.1713344,26.0178983],[78.1715945,26.0188617],[78.1716297,26.019471],[78.1711458,26.021001],[78.1705948,26.0232962],[78.1703006,26.0246931],[78.1703456,26.0247969],[78.1704829,26.0248217],[78.1713472,26.0249072],[78.1724711,26.0250692],[78.1734079,26.0252675],[78.1735481,26.0262648],[78.1733937,26.0272149],[78.1732045,26.0287563],[78.1733751,26.0306065],[78.1732532,26.0320079],[78.1730313,26.0327708],[78.1725495,26.0334705],[78.1717405,26.0342515],[78.1713609,26.0344999],[78.1710014,26.0348114],[78.1706521,26.0357638],[78.1703598,26.0357323],[78.1691684,26.0360283],[78.1663787,26.036794],[78.1646378,26.0372459],[78.1620878,26.0383365],[78.1600048,26.0391313],[78.1555413,26.040378],[78.1527188,26.0409247],[78.1507905,26.0413606],[78.1501335,26.0413607],[78.1497038,26.0411892],[78.1476178,26.0396799],[78.1451995,26.0383918],[78.1436732,26.0377647],[78.1409954,26.0372392],[78.1395741,26.0368648],[78.1379205,26.0364746],[78.1367839,26.0363348],[78.1365341,26.0363122],[78.1363567,26.0361633],[78.1361794,26.0360167],[78.1359046,26.0356352],[78.1354724,26.0348456],[78.1347154,26.0338165],[78.1341633,26.0323183],[78.1331464,26.0288048],[78.13175,26.0244113],[78.1308907,26.021699],[78.1306659,26.0207197],[78.1300638,26.0191198],[78.1296842,26.0172175],[78.1291146,26.0148977],[78.1283928,26.0103801],[78.127601,26.0046438],[78.1276359,26.0039895],[78.1271085,26.0014715]]]},"properties":{"pincode":"D254856","name":"Gwalior, Madhya Pradesh","ppi":136,"income":75500}},{"type":"Feature","geometry":{"type":"Polygon","coordinates":[[[77.2317,28.6329],[77.230092,28.6389],[77.2257,28.643292],[77.2197,28.6449],[77.2137,28.643292],[77.209308,28.6389],[77.2077,28.6329],[77.209308,28.6269],[77.2137,28.622508],[77.2197,28.6209],[77.2257,28.622508],[77.230092,28.6269],[77.2317,28.6329]]]},"properties":{"pincode":"110001","name":"Connaught Place","ppi":136,"income":111600,"_synthetic":true}},{"type":"Feature","geometry":{"type":"Polygon","coordinates":[[[80.27728,26.441011],[80.275673,26.447011],[80.27128,26.451403],[80.26528,26.453011],[80.25928,26.451403],[80.254888,26.447011],[80.25328,26.441011],[80.254888,26.435011],[80.25928,26.430618],[80.26528,26.429011],[80.27128,26.430618],[80.275673,26.435011],[80.27728,26.441011]]]},"properties":{"pincode":"208012","name":"Kanpur Nagar, Uttar Pradesh","ppi":136,"income":74900,"_synthetic":true}},{"type":"Feature","geometry":{"type":"Polygon","coordinates":[[[78.66478,25.529855],[78.663173,25.535855],[78.65878,25.540247],[78.65278,25.541855],[78.64678,25.540247],[78.642388,25.535855],[78.64078,25.529855],[78.642388,25.523855],[78.64678,25.519463],[78.65278,25.517855],[78.65878,25.519463],[78.663173,25.523855],[78.66478,25.529855]]]},"properties":{"pincode":"D248418","name":"Jhansi, Uttar Pradesh","ppi":135,"income":74700,"_synthetic":true}},{"type":"Feature","geometry":{"type":"Polygon","coordinates":[[[72.8383,19.0971],[72.836692,19.1031],[72.8323,19.107492],[72.8263,19.1091],[72.8203,19.107492],[72.815908,19.1031],[72.8143,19.0971],[72.815908,19.0911],[72.8203,19.086708],[72.8263,19.0851],[72.8323,19.086708],[72.836692,19.0911],[72.8383,19.0971]]]},"properties":{"pincode":"400060","name":"Juhu","ppi":135,"income":142900,"_synthetic":true}},{"type":"Feature","geometry":{"type":"Polygon","coordinates":[[[77.243463,28.699009],[77.241856,28.705009],[77.237463,28.709402],[77.231463,28.711009],[77.225463,28.709402],[77.221071,28.705009],[77.219463,28.699009],[77.221071,28.693009],[77.225463,28.688617],[77.231463,28.687009],[77.237463,28.688617],[77.241856,28.693009],[77.243463,28.699009]]]},"properties":{"pincode":"110054","name":"Central, Delhi","ppi":135,"income":88300,"_synthetic":true}},{"type":"Feature","geometry":{"type":"Polygon","coordinates":[[[77.151518,28.5598646],[77.1529541,28.5589636],[77.1530586,28.5588532],[77.1535121,28.5583741],[77.1535907,28.5578835],[77.1564518,28.5551685],[77.157147,28.555836],[77.1588965,28.554919],[77.1591702,28.5547785],[77.1603552,28.553942],[77.1611421,28.5544453],[77.1612556,28.5548547],[77.1616173,28.5543589],[77.1607353,28.5530091],[77.1585007,28.5496705],[77.1597791,28.5492229],[77.1605422,28.5502722],[77.1614912,28.5501207],[77.1616915,28.5504439],[77.1635425,28.5534309],[77.1664218,28.5553385],[77.1708834,28.5593905],[77.1693598,28.5607821],[77.168888,28.5613186],[77.1661014,28.5660395],[77.1660427,28.566139],[77.1657823,28.5665169],[77.1647541,28.5678289],[77.1618234,28.5719888],[77.1613704,28.5717318],[77.1604076,28.5712289],[77.1599952,28.5712621],[77.1597112,28.5711505],[77.1595212,28.5709649],[77.1592408,28.5708449],[77.1592771,28.5704574],[77.1590469,28.5702175],[77.1590175,28.5701756],[77.1591429,28.569905],[77.1593309,28.5696134],[77.1589859,28.5694324],[77.1579516,28.5688656],[77.1557987,28.5672705],[77.1518942,28.5633301],[77.1517025,28.5630382],[77.1527603,28.5618684],[77.1523232,28.5608161],[77.1519743,28.560599],[77.151518,28.5598646]]]},"properties":{"pincode":"110057","name":"Vasant Vihar","ppi":135,"income":153900}},{"type":"Feature","geometry":{"type":"Polygon","coordinates":[[[77.797,20.932],[77.795392,20.938],[77.791,20.942392],[77.785,20.944],[77.779,20.942392],[77.774608,20.938],[77.773,20.932],[77.774608,20.926],[77.779,20.921608],[77.785,20.92],[77.791,20.921608],[77.795392,20.926],[77.797,20.932]]]},"properties":{"pincode":"444602","name":"Amravati Camp","ppi":134,"income":55000,"_synthetic":true}},{"type":"Feature","geometry":{"type":"Polygon","coordinates":[[[81.412792,21.198296],[81.411185,21.204296],[81.406792,21.208689],[81.400792,21.210296],[81.394792,21.208689],[81.3904,21.204296],[81.388792,21.198296],[81.3904,21.192296],[81.394792,21.187904],[81.400792,21.186296],[81.406792,21.187904],[81.411185,21.192296],[81.412792,21.198296]]]},"properties":{"pincode":"D534240","name":"Durg, Chhattisgarh","ppi":134,"income":69000,"_synthetic":true}},{"type":"Feature","geometry":{"type":"Polygon","coordinates":[[[80.929415,26.831246],[80.927808,26.837246],[80.923415,26.841639],[80.917415,26.843246],[80.911415,26.841639],[80.907023,26.837246],[80.905415,26.831246],[80.907023,26.825246],[80.911415,26.820854],[80.917415,26.819246],[80.923415,26.820854],[80.927808,26.825246],[80.929415,26.831246]]]},"properties":{"pincode":"226001","name":"Lucknow, Uttar Pradesh","ppi":134,"income":71700,"_synthetic":true}},{"type":"Feature","geometry":{"type":"Polygon","coordinates":[[[77.779967,29.001856],[77.778359,29.007856],[77.773967,29.012248],[77.767967,29.013856],[77.761967,29.012248],[77.757575,29.007856],[77.755967,29.001856],[77.757575,28.995856],[77.761967,28.991463],[77.767967,28.989856],[77.773967,28.991463],[77.778359,28.995856],[77.779967,29.001856]]]},"properties":{"pincode":"250001","name":"Meerut, Uttar Pradesh","ppi":133,"income":83500,"_synthetic":true}},{"type":"Feature","geometry":{"type":"Polygon","coordinates":[[[77.592518,8.549501],[77.59091,8.555501],[77.586518,8.559894],[77.580518,8.561501],[77.574518,8.559894],[77.570125,8.555501],[77.568518,8.549501],[77.570125,8.543501],[77.574518,8.539109],[77.580518,8.537501],[77.586518,8.539109],[77.59091,8.543501],[77.592518,8.549501]]]},"properties":{"pincode":"627502","name":"Tirunelveli, Tamil Nadu","ppi":132,"income":80900,"_synthetic":true}},{"type":"Feature","geometry":{"type":"Polygon","coordinates":[[[72.8289,19.0175],[72.827292,19.0235],[72.8229,19.027892],[72.8169,19.0295],[72.8109,19.027892],[72.806508,19.0235],[72.8049,19.0175],[72.806508,19.0115],[72.8109,19.007108],[72.8169,19.0055],[72.8229,19.007108],[72.827292,19.0115],[72.8289,19.0175]]]},"properties":{"pincode":"400018","name":"Worli","ppi":131,"income":130200,"_synthetic":true}},{"type":"Feature","geometry":{"type":"Polygon","coordinates":[[[74.244,16.692],[74.242392,16.698],[74.238,16.702392],[74.232,16.704],[74.226,16.702392],[74.221608,16.698],[74.22,16.692],[74.221608,16.686],[74.226,16.681608],[74.232,16.68],[74.238,16.681608],[74.242392,16.686],[74.244,16.692]]]},"properties":{"pincode":"416008","name":"Rajarampuri","ppi":131,"income":80400,"_synthetic":true}},{"type":"Feature","geometry":{"type":"Polygon","coordinates":[[[83.983396,21.801937],[83.981789,21.807937],[83.977396,21.812329],[83.971396,21.813937],[83.965396,21.812329],[83.961004,21.807937],[83.959396,21.801937],[83.961004,21.795937],[83.965396,21.791544],[83.971396,21.789937],[83.977396,21.791544],[83.981789,21.795937],[83.983396,21.801937]]]},"properties":{"pincode":"D963453","name":"Jharsuguda, Odisha","ppi":131,"income":62700,"_synthetic":true}},{"type":"Feature","geometry":{"type":"Polygon","coordinates":[[[76.482795,28.055419],[76.481187,28.061419],[76.476795,28.065811],[76.470795,28.067419],[76.464795,28.065811],[76.460402,28.061419],[76.458795,28.055419],[76.460402,28.049419],[76.464795,28.045026],[76.470795,28.043419],[76.476795,28.045026],[76.481187,28.049419],[76.482795,28.055419]]]},"properties":{"pincode":"123412","name":"Tankri","ppi":130,"income":83100,"_synthetic":true}},{"type":"Feature","geometry":{"type":"Polygon","coordinates":[[[77.544547,10.791527],[77.542939,10.797527],[77.538547,10.801919],[77.532547,10.803527],[77.526547,10.801919],[77.522154,10.797527],[77.520547,10.791527],[77.522154,10.785527],[77.526547,10.781134],[77.532547,10.779527],[77.538547,10.781134],[77.542939,10.785527],[77.544547,10.791527]]]},"properties":{"pincode":"638656","name":"Tiruppur, Tamil Nadu","ppi":130,"income":110800,"_synthetic":true}},{"type":"Feature","geometry":{"type":"Polygon","coordinates":[[[72.748178,22.473986],[72.74657,22.479986],[72.742178,22.484378],[72.736178,22.485986],[72.730178,22.484378],[72.725786,22.479986],[72.724178,22.473986],[72.725786,22.467986],[72.730178,22.463593],[72.736178,22.461986],[72.742178,22.463593],[72.74657,22.467986],[72.748178,22.473986]]]},"properties":{"pincode":"388400","name":"Anand, Gujarat","ppi":130,"income":69100,"_synthetic":true}},{"type":"Feature","geometry":{"type":"Polygon","coordinates":[[[75.98766,27.961572],[75.986052,27.967572],[75.98166,27.971964],[75.97566,27.973572],[75.96966,27.971964],[75.965268,27.967572],[75.96366,27.961572],[75.965268,27.955572],[75.96966,27.951179],[75.97566,27.949572],[75.98166,27.951179],[75.986052,27.955572],[75.98766,27.961572]]]},"properties":{"pincode":"333036","name":"333036","ppi":130,"income":69100,"_synthetic":true}},{"type":"Feature","geometry":{"type":"Polygon","coordinates":[[[76.756995,28.152732],[76.755387,28.158732],[76.750995,28.163124],[76.744995,28.164732],[76.738995,28.163124],[76.734603,28.158732],[76.732995,28.152732],[76.734603,28.146732],[76.738995,28.14234],[76.744995,28.140732],[76.750995,28.14234],[76.755387,28.146732],[76.756995,28.152732]]]},"properties":{"pincode":"123106","name":"Dharuhera","ppi":130,"income":54400,"_synthetic":true}},{"type":"Feature","geometry":{"type":"Polygon","coordinates":[[[75.838972,30.789407],[75.837365,30.795407],[75.832972,30.799799],[75.826972,30.801407],[75.820972,30.799799],[75.81658,30.795407],[75.814972,30.789407],[75.81658,30.783407],[75.820972,30.779015],[75.826972,30.777407],[75.832972,30.779015],[75.837365,30.783407],[75.838972,30.789407]]]},"properties":{"pincode":"141116","name":"Ludhiana, Punjab","ppi":130,"income":82900,"_synthetic":true}},{"type":"Feature","geometry":{"type":"Polygon","coordinates":[[[76.140387,28.051746],[76.13878,28.057746],[76.134387,28.062138],[76.128387,28.063746],[76.122387,28.062138],[76.117995,28.057746],[76.116387,28.051746],[76.117995,28.045746],[76.122387,28.041354],[76.128387,28.039746],[76.134387,28.041354],[76.13878,28.045746],[76.140387,28.051746]]]},"properties":{"pincode":"123001","name":"Patikara","ppi":130,"income":52500,"_synthetic":true}},{"type":"Feature","geometry":{"type":"Polygon","coordinates":[[[92.951493,13.227714],[92.949885,13.233714],[92.945493,13.238107],[92.939493,13.239714],[92.933492,13.238107],[92.9291,13.233714],[92.927492,13.227714],[92.9291,13.221714],[92.933492,13.217322],[92.939493,13.215714],[92.945493,13.217322],[92.949885,13.221714],[92.951493,13.227714]]]},"properties":{"pincode":"744202","name":"North  & Middle Andaman, Andaman &Nicobar","ppi":130,"income":69100,"_synthetic":true}},{"type":"Feature","geometry":{"type":"Polygon","coordinates":[[[74.008701,15.603893],[74.007093,15.609893],[74.002701,15.614285],[73.996701,15.615893],[73.990701,15.614285],[73.986308,15.609893],[73.984701,15.603893],[73.986308,15.597893],[73.990701,15.5935],[73.996701,15.591893],[74.002701,15.5935],[74.007093,15.597893],[74.008701,15.603893]]]},"properties":{"pincode":"403529","name":"North Goa, Goa","ppi":130,"income":106900,"_synthetic":true}},{"type":"Feature","geometry":{"type":"Polygon","coordinates":[[[76.140387,27.736431],[76.13878,27.742431],[76.134387,27.746823],[76.128387,27.748431],[76.122387,27.746823],[76.117995,27.742431],[76.116387,27.736431],[76.117995,27.730431],[76.122387,27.726039],[76.128387,27.724431],[76.134387,27.726039],[76.13878,27.730431],[76.140387,27.736431]]]},"properties":{"pincode":"303108","name":"Jagdishpura","ppi":130,"income":91100,"_synthetic":true}},{"type":"Feature","geometry":{"type":"Polygon","coordinates":[[[77.609012,28.368716],[77.607404,28.374716],[77.603012,28.379108],[77.597012,28.380716],[77.591012,28.379108],[77.58662,28.374716],[77.585012,28.368716],[77.58662,28.362716],[77.591012,28.358324],[77.597012,28.356716],[77.603012,28.358324],[77.607404,28.362716],[77.609012,28.368716]]]},"properties":{"pincode":"203200","name":"Gautam Buddha Nagar, Uttar Pradesh","ppi":130,"income":68600,"_synthetic":true}},{"type":"Feature","geometry":{"type":"Polygon","coordinates":[[[73.0396589,19.2906747],[73.0429148,19.2824],[73.0507202,19.2832341],[73.0574259,19.2839506],[73.0597875,19.2839754],[73.0663135,19.2840438],[73.0728754,19.2841126],[73.082351,19.2919654],[73.0838617,19.2935101],[73.0831093,19.295502],[73.0804978,19.3024153],[73.0803427,19.302826],[73.0767179,19.3049348],[73.0731148,19.307],[73.0647148,19.3163],[73.0546148,19.3205],[73.0536709,19.319772],[73.0471148,19.3147],[73.0437788,19.3013679],[73.0396589,19.2906747]]]},"properties":{"pincode":"421302","name":"Khoni","ppi":130,"income":90600}},{"type":"Feature","geometry":{"type":"Polygon","coordinates":[[[75.9184,17.6599],[75.916792,17.6659],[75.9124,17.670292],[75.9064,17.6719],[75.9004,17.670292],[75.896008,17.6659],[75.8944,17.6599],[75.896008,17.6539],[75.9004,17.649508],[75.9064,17.6479],[75.9124,17.649508],[75.916792,17.6539],[75.9184,17.6599]]]},"properties":{"pincode":"413001","name":"Solapur City Center","ppi":129,"income":51800,"_synthetic":true}},{"type":"Feature","geometry":{"type":"Polygon","coordinates":[[[72.847,19.072],[72.845392,19.078],[72.841,19.082392],[72.835,19.084],[72.829,19.082392],[72.824608,19.078],[72.823,19.072],[72.824608,19.066],[72.829,19.061608],[72.835,19.06],[72.841,19.061608],[72.845392,19.066],[72.847,19.072]]]},"properties":{"pincode":"400051","name":"Khar West","ppi":128,"income":122500,"_synthetic":true}},{"type":"Feature","geometry":{"type":"Polygon","coordinates":[[[77.762,12.969],[77.760392,12.975],[77.756,12.979392],[77.75,12.981],[77.744,12.979392],[77.739608,12.975],[77.738,12.969],[77.739608,12.963],[77.744,12.958608],[77.75,12.957],[77.756,12.958608],[77.760392,12.963],[77.762,12.969]]]},"properties":{"pincode":"560034","name":"Whitefield","ppi":128,"income":123500,"_synthetic":true}},{"type":"Feature","geometry":{"type":"Polygon","coordinates":[[[77.470697,28.774997],[77.469089,28.780997],[77.464697,28.785389],[77.458697,28.786997],[77.452697,28.785389],[77.448304,28.780997],[77.446697,28.774997],[77.448304,28.768997],[77.452697,28.764604],[77.458697,28.762997],[77.464697,28.764604],[77.469089,28.768997],[77.470697,28.774997]]]},"properties":{"pincode":"201206","name":"Ghaziabad, Uttar Pradesh","ppi":127,"income":84400,"_synthetic":true}},{"type":"Feature","geometry":{"type":"Polygon","coordinates":[[[77.814403,28.966096],[77.812796,28.972096],[77.808403,28.976489],[77.802403,28.978096],[77.796403,28.976489],[77.792011,28.972096],[77.790403,28.966096],[77.792011,28.960096],[77.796403,28.955704],[77.802403,28.954096],[77.808403,28.955704],[77.812796,28.960096],[77.814403,28.966096]]]},"properties":{"pincode":"250004","name":"Hasanpur","ppi":127,"income":79400,"_synthetic":true}},{"type":"Feature","geometry":{"type":"Polygon","coordinates":[[[77.934371,29.078709],[77.932764,29.084709],[77.928371,29.089101],[77.922371,29.090709],[77.916371,29.089101],[77.911979,29.084709],[77.910371,29.078709],[77.911979,29.072709],[77.916371,29.068317],[77.922371,29.066709],[77.928371,29.068317],[77.932764,29.072709],[77.934371,29.078709]]]},"properties":{"pincode":"250400","name":"Mawana","ppi":126,"income":78400,"_synthetic":true}},{"type":"Feature","geometry":{"type":"Polygon","coordinates":[[[77.711432,29.056186],[77.709825,29.062186],[77.705432,29.066579],[77.699432,29.068186],[77.693432,29.066579],[77.68904,29.062186],[77.687432,29.056186],[77.68904,29.050186],[77.693432,29.045794],[77.699432,29.044186],[77.705432,29.045794],[77.709825,29.050186],[77.711432,29.056186]]]},"properties":{"pincode":"250110","name":"Modipuram","ppi":126,"income":78600,"_synthetic":true}},{"type":"Feature","geometry":{"type":"Polygon","coordinates":[[[77.608461,28.966096],[77.606854,28.972096],[77.602461,28.976489],[77.596461,28.978096],[77.590461,28.976489],[77.586069,28.972096],[77.584461,28.966096],[77.586069,28.960096],[77.590461,28.955704],[77.596461,28.954096],[77.602461,28.955704],[77.606854,28.960096],[77.608461,28.966096]]]},"properties":{"pincode":"250005","name":"Kithauli","ppi":126,"income":79700,"_synthetic":true}},{"type":"Feature","geometry":{"type":"Polygon","coordinates":[[[73.123679,19.205879],[73.122071,19.211879],[73.117679,19.216272],[73.111679,19.217879],[73.105679,19.216272],[73.101287,19.211879],[73.099679,19.205879],[73.101287,19.199879],[73.105679,19.195487],[73.111679,19.193879],[73.117679,19.195487],[73.122071,19.199879],[73.123679,19.205879]]]},"properties":{"pincode":"421201","name":"Dombivli East","ppi":126,"income":70200,"_synthetic":true}},{"type":"Feature","geometry":{"type":"Polygon","coordinates":[[[77.653,12.907],[77.651392,12.913],[77.647,12.917392],[77.641,12.919],[77.635,12.917392],[77.630608,12.913],[77.629,12.907],[77.630608,12.901],[77.635,12.896608],[77.641,12.895],[77.647,12.896608],[77.651392,12.901],[77.653,12.907]]]},"properties":{"pincode":"560017","name":"HSR Layout","ppi":125,"income":115300,"_synthetic":true}},{"type":"Feature","geometry":{"type":"Polygon","coordinates":[[[73.0148,19.0771],[73.013192,19.0831],[73.0088,19.087492],[73.0028,19.0891],[72.9968,19.087492],[72.992408,19.0831],[72.9908,19.0771],[72.992408,19.0711],[72.9968,19.066708],[73.0028,19.0651],[73.0088,19.066708],[73.013192,19.0711],[73.0148,19.0771]]]},"properties":{"pincode":"400614","name":"Vashi","ppi":125,"income":68000,"_synthetic":true}},{"type":"Feature","geometry":{"type":"Polygon","coordinates":[[[79.275259,25.902612],[79.273651,25.908612],[79.269259,25.913004],[79.263259,25.914612],[79.257259,25.913004],[79.252867,25.908612],[79.251259,25.902612],[79.252867,25.896612],[79.257259,25.89222],[79.263259,25.890612],[79.269259,25.89222],[79.273651,25.896612],[79.275259,25.902612]]]},"properties":{"pincode":"285201","name":"Ait","ppi":124,"income":68500,"_synthetic":true}},{"type":"Feature","geometry":{"type":"Polygon","coordinates":[[[77.638621,28.902393],[77.637013,28.908393],[77.632621,28.912785],[77.626621,28.914393],[77.620621,28.912785],[77.616228,28.908393],[77.614621,28.902393],[77.616228,28.896393],[77.620621,28.892001],[77.626621,28.890393],[77.632621,28.892001],[77.637013,28.896393],[77.638621,28.902393]]]},"properties":{"pincode":"250205","name":"\u0645\u062d\u06cc \u0627\u0644\u062f\u06cc\u0646 \u067e\u0648\u0631","ppi":124,"income":78300,"_synthetic":true}},{"type":"Feature","geometry":{"type":"Polygon","coordinates":[[[77.711432,28.966096],[77.709825,28.972096],[77.705432,28.976489],[77.699432,28.978096],[77.693432,28.976489],[77.68904,28.972096],[77.687432,28.966096],[77.68904,28.960096],[77.693432,28.955704],[77.699432,28.954096],[77.705432,28.955704],[77.709825,28.960096],[77.711432,28.966096]]]},"properties":{"pincode":"250002","name":"Lisari","ppi":123,"income":77600,"_synthetic":true}},{"type":"Feature","geometry":{"type":"Polygon","coordinates":[[[78.952776,25.694574],[78.951169,25.700574],[78.946776,25.704966],[78.940776,25.706574],[78.934776,25.704966],[78.930384,25.700574],[78.928776,25.694574],[78.930384,25.688574],[78.934776,25.684182],[78.940776,25.682574],[78.946776,25.684182],[78.951169,25.688574],[78.952776,25.694574]]]},"properties":{"pincode":"284303","name":"Moth","ppi":123,"income":67900,"_synthetic":true}},{"type":"Feature","geometry":{"type":"Polygon","coordinates":[[[79.058631,25.79],[79.057023,25.796],[79.052631,25.800392],[79.046631,25.802],[79.040631,25.800392],[79.036239,25.796],[79.034631,25.79],[79.036239,25.784],[79.040631,25.779607],[79.046631,25.778],[79.052631,25.779607],[79.057023,25.784],[79.058631,25.79]]]},"properties":{"pincode":"284306","name":"Poonch","ppi":123,"income":68100,"_synthetic":true}},{"type":"Feature","geometry":{"type":"Polygon","coordinates":[[[77.143,28.699],[77.141392,28.705],[77.137,28.709392],[77.131,28.711],[77.125,28.709392],[77.120608,28.705],[77.119,28.699],[77.120608,28.693],[77.125,28.688608],[77.131,28.687],[77.137,28.688608],[77.141392,28.693],[77.143,28.699]]]},"properties":{"pincode":"110034","name":"Pitampura","ppi":123,"income":87100,"_synthetic":true}},{"type":"Feature","geometry":{"type":"Polygon","coordinates":[[[79.129381,25.726296],[79.127774,25.732296],[79.123381,25.736689],[79.117381,25.738296],[79.111381,25.736689],[79.106989,25.732296],[79.105381,25.726296],[79.106989,25.720296],[79.111381,25.715904],[79.117381,25.714296],[79.123381,25.715904],[79.127774,25.720296],[79.129381,25.726296]]]},"properties":{"pincode":"284302","name":"Khadaini","ppi":123,"income":68200,"_synthetic":true}},{"type":"Feature","geometry":{"type":"Polygon","coordinates":[[[79.81839,12.88211],[79.816783,12.88811],[79.81239,12.892502],[79.80639,12.89411],[79.80039,12.892502],[79.795998,12.88811],[79.79439,12.88211],[79.795998,12.87611],[79.80039,12.871718],[79.80639,12.87011],[79.81239,12.871718],[79.816783,12.87611],[79.81839,12.88211]]]},"properties":{"pincode":"631501","name":"Kancheepuram, Tamil Nadu","ppi":122,"income":57600,"_synthetic":true}},{"type":"Feature","geometry":{"type":"Polygon","coordinates":[[[76.3610953,21.3238413],[76.3618065,21.3227668],[76.3623398,21.3219102],[76.3628789,21.321004],[76.3634603,21.320861],[76.3644316,21.320743],[76.3645768,21.320714],[76.3655322,21.3204289],[76.3657931,21.320402],[76.3664458,21.3203054],[76.3668032,21.3202666],[76.3671351,21.3200695],[76.3673,21.3195447],[76.367608,21.3193337],[76.3690034,21.3189796],[76.3693698,21.3189816],[76.3697512,21.3189524],[76.3700944,21.3191435],[76.3704816,21.3200075],[76.3708588,21.3204247],[76.3713706,21.3206189],[76.3718318,21.3204602],[76.3722266,21.3195334],[76.3725996,21.3187325],[76.3731931,21.3182288],[76.373932,21.3177966],[76.3739319,21.3176916],[76.3744353,21.3175878],[76.3751503,21.3175103],[76.375982,21.3176153],[76.3764961,21.3177011],[76.3768974,21.3178752],[76.377166,21.3179431],[76.378057,21.3177424],[76.3784743,21.3176055],[76.3787208,21.3173347],[76.3790075,21.3169879],[76.3792901,21.316835],[76.3795325,21.3167672],[76.3801002,21.3168224],[76.3807986,21.3168438],[76.3817503,21.316978],[76.3823608,21.3170656],[76.3830759,21.3169791],[76.3836204,21.3169887],[76.3840469,21.3171136],[76.3846198,21.3173854],[76.385071,21.3174792],[76.3853072,21.3174789],[76.3857946,21.3174514],[76.3861972,21.3175668],[76.3868159,21.3177221],[76.3875048,21.3177389],[76.3880621,21.3175864],[76.3882454,21.3175851],[76.3883899,21.3178268],[76.3883704,21.3183137],[76.38858,21.3186783],[76.3888247,21.3187367],[76.3890664,21.3186959],[76.3892098,21.3185225],[76.3896216,21.3179433],[76.3900942,21.3176901],[76.3906703,21.3178085],[76.3912273,21.3176741],[76.3918881,21.3176496],[76.3925699,21.3177881],[76.3929941,21.3177865],[76.3935528,21.3175709],[76.3944619,21.3171855],[76.3949539,21.3171671],[76.3952207,21.3173207],[76.3955496,21.3177461],[76.3960653,21.3184635],[76.3965825,21.3188697],[76.3973062,21.3190809],[76.3978223,21.319063],[76.3991824,21.3190239],[76.3995497,21.3192153],[76.3994452,21.3200932],[76.3992007,21.3221776],[76.3989977,21.3236448],[76.3987697,21.3253866],[76.3985847,21.3273864],[76.3965209,21.3278913],[76.3966484,21.3287417],[76.3970193,21.3301874],[76.3983602,21.3301479],[76.3982133,21.3307454],[76.3980714,21.3320422],[76.3979057,21.3335641],[76.3977212,21.3355367],[76.3976176,21.3368432],[76.3972277,21.3396785],[76.3970408,21.3415339],[76.396897,21.34316],[76.3966537,21.3444684],[76.3961792,21.3443292],[76.3951255,21.3439858],[76.3937541,21.3436186],[76.3921436,21.3431569],[76.3912159,21.3430187],[76.3894248,21.3429057],[76.3875883,21.3428867],[76.3863159,21.3423904],[76.3841723,21.3415944],[76.381267,21.3405592],[76.3802373,21.3404597],[76.3792461,21.3403608],[76.3781947,21.3401481],[76.377557,21.3399743],[76.3766096,21.3396237],[76.3756407,21.3391418],[76.3751058,21.338893],[76.3747744,21.3388331],[76.3742788,21.3380799],[76.3739389,21.3372482],[76.3736521,21.3371258],[76.3732293,21.3370596],[76.3728631,21.3370485],[76.3725672,21.3369034],[76.3722932,21.3366234],[76.3721063,21.3363313],[76.3718936,21.3361245],[76.3715515,21.3358793],[76.371265,21.3355088],[76.3711,21.3353254],[76.3709325,21.3352682],[76.3706278,21.3353124],[76.3704231,21.3354215],[76.3702937,21.3353877],[76.3701065,21.3351091],[76.3699976,21.3347779],[76.3699867,21.3343671],[76.369998,21.3340471],[76.3699638,21.3338344],[76.3698936,21.3337339],[76.3697495,21.3337043],[76.3695008,21.3338442],[76.3693706,21.3338464],[76.369299,21.3338135],[76.369278,21.3336598],[76.3693378,21.333327],[76.369375,21.3329171],[76.3693616,21.3326282],[76.3694302,21.3323406],[76.3695874,21.33196],[76.3695871,21.3317389],[76.3695363,21.3316297],[76.3694312,21.3315828],[76.3692782,21.3315169],[76.3691471,21.3313296],[76.3691583,21.3310185],[76.3692211,21.3307715],[76.3691862,21.3305949],[76.3690248,21.3304703],[76.3688575,21.3304041],[76.3688062,21.3303174],[76.3689392,21.33018],[76.3689995,21.3300592],[76.3689724,21.3299686],[76.3688442,21.3298716],[76.3685465,21.3298121],[76.3682271,21.3298696],[76.3678716,21.3300482],[76.367648,21.3301389],[76.3674573,21.3302709],[76.3672902,21.3301912],[76.3670675,21.3300022],[76.3669156,21.3298913],[76.3667039,21.3298694],[76.3664892,21.3297618],[76.3662989,21.3296366],[76.3661085,21.3295159],[76.3657664,21.3292706],[76.3655894,21.3289698],[76.3653869,21.3287361],[76.3651024,21.3285055],[76.3648069,21.3283377],[76.3645563,21.3283333],[76.364379,21.3282805],[76.3643333,21.3281578],[76.3644034,21.3280328],[76.3646416,21.3279333],[76.3648787,21.3278879],[76.364996,21.3278133],[76.3651015,21.3276031],[76.365176,21.3274917],[76.3653611,21.3274003],[76.3655986,21.3273368],[76.3657163,21.3272352],[76.3657882,21.3270244],[76.3658115,21.3268218],[76.3657417,21.3266988],[76.3656563,21.3266341],[76.3654724,21.3266669],[76.3652425,21.3265997],[76.3651379,21.3265256],[76.3650217,21.3260814],[76.3648306,21.3257577],[76.3645705,21.325514],[76.3643603,21.3254155],[76.3639571,21.3253316],[76.3637313,21.3252959],[76.3635564,21.325365],[76.3633557,21.3255148],[76.3631657,21.3256061],[76.3629534,21.3256204],[76.3626091,21.3254834],[76.362228,21.32526],[76.3620178,21.3249315],[76.361876,21.3245545],[76.3616415,21.324239],[76.3613808,21.3240223],[76.3610953,21.3238413]]]},"properties":{"pincode":"D566928","name":"Burhanpur, Madhya Pradesh","ppi":122,"income":48900}},{"type":"Feature","geometry":{"type":"Polygon","coordinates":[[[77.711432,29.191322],[77.709825,29.197322],[77.705432,29.201714],[77.699432,29.203322],[77.693432,29.201714],[77.68904,29.197322],[77.687432,29.191322],[77.68904,29.185322],[77.693432,29.180929],[77.699432,29.179322],[77.705432,29.180929],[77.709825,29.185322],[77.711432,29.191322]]]},"properties":{"pincode":"250223","name":"Sakoti","ppi":120,"income":69600,"_synthetic":true}},{"type":"Feature","geometry":{"type":"Polygon","coordinates":[[[95.578853,27.597171],[95.577245,27.603171],[95.572853,27.607563],[95.566853,27.609171],[95.560853,27.607563],[95.556461,27.603171],[95.554853,27.597171],[95.556461,27.591171],[95.560853,27.586779],[95.566853,27.585171],[95.572853,27.586779],[95.577245,27.591171],[95.578853,27.597171]]]},"properties":{"pincode":"786153","name":"Tinsukia, Assam","ppi":120,"income":47300,"_synthetic":true}},{"type":"Feature","geometry":{"type":"Polygon","coordinates":[[[77.022063,28.737914],[77.020455,28.743914],[77.016063,28.748307],[77.010063,28.749914],[77.004063,28.748307],[76.99967,28.743914],[76.998063,28.737914],[76.99967,28.731914],[77.004063,28.727522],[77.010063,28.725914],[77.016063,28.727522],[77.020455,28.731914],[77.022063,28.737914]]]},"properties":{"pincode":"110081","name":"West, Delhi","ppi":120,"income":81500,"_synthetic":true}},{"type":"Feature","geometry":{"type":"Polygon","coordinates":[[[77.488493,28.853484],[77.486886,28.859484],[77.482493,28.863876],[77.476493,28.865484],[77.470493,28.863876],[77.466101,28.859484],[77.464493,28.853484],[77.466101,28.847484],[77.470493,28.843091],[77.476493,28.841484],[77.482493,28.843091],[77.486886,28.847484],[77.488493,28.853484]]]},"properties":{"pincode":"201204","name":"201204","ppi":120,"income":78500,"_synthetic":true}},{"type":"Feature","geometry":{"type":"Polygon","coordinates":[[[77.8157109,26.3414216],[77.8164584,26.3390074],[77.8180375,26.336016],[77.8187746,26.3344729],[77.8188653,26.3331867],[77.8213997,26.3328672],[77.8267383,26.3335145],[77.8299487,26.3336329],[77.8376968,26.3332243],[77.8429255,26.3335957],[77.8427499,26.3348277],[77.8420128,26.3375443],[77.8416666,26.3397736],[77.8416865,26.3401211],[77.8417514,26.3410869],[77.8418808,26.3440158],[77.8419252,26.3462092],[77.8422252,26.3486191],[77.8421195,26.350361],[77.8419334,26.3528703],[77.8414267,26.3554425],[77.8403648,26.3552302],[77.8384162,26.3554147],[77.8369532,26.3559739],[77.8346738,26.3565329],[77.8327249,26.3572093],[77.8300046,26.3576643],[77.8264277,26.3582453],[77.8248647,26.3583531],[77.8220145,26.3577248],[77.8197504,26.3575118],[77.8174661,26.3574703],[77.8173564,26.3565902],[77.8168065,26.354153],[77.8167667,26.3534986],[77.8166332,26.3501364],[77.8162687,26.3478301],[77.8159143,26.345366],[77.8157109,26.3414216]]]},"properties":{"pincode":"476221","name":"Alapur","ppi":120,"income":57500}},{"type":"Feature","geometry":{"type":"Polygon","coordinates":[[[73.126154,18.981897],[73.124547,18.987897],[73.120154,18.992289],[73.114154,18.993897],[73.108154,18.992289],[73.103762,18.987897],[73.102154,18.981897],[73.103762,18.975897],[73.108154,18.971505],[73.114154,18.969897],[73.120154,18.971505],[73.124547,18.975897],[73.126154,18.981897]]]},"properties":{"pincode":"410206","name":"Raigarh, Maharashtra","ppi":120,"income":72000,"_synthetic":true}},{"type":"Feature","geometry":{"type":"Polygon","coordinates":[[[77.620476,28.403781],[77.618868,28.409781],[77.614476,28.414173],[77.608476,28.415781],[77.602476,28.414173],[77.598084,28.409781],[77.596476,28.403781],[77.598084,28.397781],[77.602476,28.393388],[77.608476,28.391781],[77.614476,28.393388],[77.618868,28.397781],[77.620476,28.403781]]]},"properties":{"pincode":"203202","name":"Bilaspur","ppi":119,"income":65500,"_synthetic":true}},{"type":"Feature","geometry":{"type":"Polygon","coordinates":[[[72.901462,19.130984],[72.899854,19.136984],[72.895462,19.141377],[72.889462,19.142984],[72.883462,19.141377],[72.879069,19.136984],[72.877462,19.130984],[72.879069,19.124984],[72.883462,19.120592],[72.889462,19.118984],[72.895462,19.120592],[72.899854,19.124984],[72.901462,19.130984]]]},"properties":{"pincode":"400087","name":"Mumbai Suburban, Maharashtra","ppi":119,"income":71100,"_synthetic":true}},{"type":"Feature","geometry":{"type":"Polygon","coordinates":[[[77.998604,27.04433],[77.996996,27.05033],[77.992604,27.054723],[77.986604,27.05633],[77.980604,27.054723],[77.976212,27.05033],[77.974604,27.04433],[77.976212,27.03833],[77.980604,27.033938],[77.986604,27.03233],[77.992604,27.033938],[77.996996,27.03833],[77.998604,27.04433]]]},"properties":{"pincode":"282009","name":"Karaundhana","ppi":119,"income":65900,"_synthetic":true}},{"type":"Feature","geometry":{"type":"Polygon","coordinates":[[[78.078585,27.107953],[78.076977,27.113953],[78.072585,27.118345],[78.066585,27.119953],[78.060585,27.118345],[78.056192,27.113953],[78.054585,27.107953],[78.056192,27.101953],[78.060585,27.09756],[78.066585,27.095953],[78.072585,27.09756],[78.076977,27.101953],[78.078585,27.107953]]]},"properties":{"pincode":"282001","name":"282001","ppi":119,"income":65900,"_synthetic":true}},{"type":"Feature","geometry":{"type":"Polygon","coordinates":[[[77.825831,27.108034],[77.824223,27.114034],[77.819831,27.118426],[77.813831,27.120034],[77.807831,27.118426],[77.803439,27.114034],[77.801831,27.108034],[77.803439,27.102034],[77.807831,27.097641],[77.813831,27.096034],[77.819831,27.097641],[77.824223,27.102034],[77.825831,27.108034]]]},"properties":{"pincode":"283122","name":"Kiraoli","ppi":119,"income":65800,"_synthetic":true}},{"type":"Feature","geometry":{"type":"Polygon","coordinates":[[[77.927039,27.333259],[77.925431,27.339259],[77.921039,27.343651],[77.915039,27.345259],[77.909039,27.343651],[77.904647,27.339259],[77.903039,27.333259],[77.904647,27.327259],[77.909039,27.322867],[77.915039,27.321259],[77.921039,27.322867],[77.925431,27.327259],[77.927039,27.333259]]]},"properties":{"pincode":"281302","name":"Bisawar","ppi":119,"income":66000,"_synthetic":true}},{"type":"Feature","geometry":{"type":"Polygon","coordinates":[[[78.146161,26.995421],[78.144553,27.001421],[78.140161,27.005813],[78.134161,27.007421],[78.128161,27.005813],[78.123768,27.001421],[78.122161,26.995421],[78.123768,26.989421],[78.128161,26.985029],[78.134161,26.983421],[78.140161,26.985029],[78.144553,26.989421],[78.146161,26.995421]]]},"properties":{"pincode":"283125","name":"Shamsabad","ppi":119,"income":65900,"_synthetic":true}},{"type":"Feature","geometry":{"type":"Polygon","coordinates":[[[78.028247,27.108034],[78.026639,27.114034],[78.022247,27.118426],[78.016247,27.120034],[78.010247,27.118426],[78.005855,27.114034],[78.004247,27.108034],[78.005855,27.102034],[78.010247,27.097641],[78.016247,27.096034],[78.022247,27.097641],[78.026639,27.102034],[78.028247,27.108034]]]},"properties":{"pincode":"280001","name":"280001","ppi":119,"income":65900,"_synthetic":true}},{"type":"Feature","geometry":{"type":"Polygon","coordinates":[[[77.998604,27.171737],[77.996996,27.177737],[77.992604,27.182129],[77.986604,27.183737],[77.980604,27.182129],[77.976212,27.177737],[77.974604,27.171737],[77.976212,27.165737],[77.980604,27.161345],[77.986604,27.159737],[77.992604,27.161345],[77.996996,27.165737],[77.998604,27.171737]]]},"properties":{"pincode":"282010","name":"Shahganj","ppi":119,"income":65900,"_synthetic":true}},{"type":"Feature","geometry":{"type":"Polygon","coordinates":[[[77.819971,27.012606],[77.818364,27.018606],[77.813971,27.022998],[77.807971,27.024606],[77.801971,27.022998],[77.797579,27.018606],[77.795971,27.012606],[77.797579,27.006606],[77.801971,27.002213],[77.807971,27.000606],[77.813971,27.002213],[77.818364,27.006606],[77.819971,27.012606]]]},"properties":{"pincode":"283119","name":"283119","ppi":119,"income":65800,"_synthetic":true}},{"type":"Feature","geometry":{"type":"Polygon","coordinates":[[[78.146161,27.220646],[78.144553,27.226646],[78.140161,27.231039],[78.134161,27.232646],[78.128161,27.231039],[78.123768,27.226646],[78.122161,27.220646],[78.123768,27.214646],[78.128161,27.210254],[78.134161,27.208646],[78.140161,27.210254],[78.144553,27.214646],[78.146161,27.220646]]]},"properties":{"pincode":"283202","name":"Etmadpur","ppi":119,"income":65900,"_synthetic":true}},{"type":"Feature","geometry":{"type":"Polygon","coordinates":[[[77.855474,27.171737],[77.853867,27.177737],[77.849474,27.182129],[77.843474,27.183737],[77.837474,27.182129],[77.833082,27.177737],[77.831474,27.171737],[77.833082,27.165737],[77.837474,27.161345],[77.843474,27.159737],[77.849474,27.161345],[77.853867,27.165737],[77.855474,27.171737]]]},"properties":{"pincode":"283105","name":"Mahaur","ppi":119,"income":65800,"_synthetic":true}},{"type":"Feature","geometry":{"type":"Polygon","coordinates":[[[77.927039,27.198124],[77.925431,27.204124],[77.921039,27.208516],[77.915039,27.210124],[77.909039,27.208516],[77.904647,27.204124],[77.903039,27.198124],[77.904647,27.192124],[77.909039,27.187732],[77.915039,27.186124],[77.921039,27.187732],[77.925431,27.192124],[77.927039,27.198124]]]},"properties":{"pincode":"282007","name":"Sikandra","ppi":119,"income":65800,"_synthetic":true}},{"type":"Feature","geometry":{"type":"Polygon","coordinates":[[[77.148197,25.799891],[77.14659,25.805891],[77.142197,25.810283],[77.136197,25.811891],[77.130197,25.810283],[77.125805,25.805891],[77.124197,25.799891],[77.125805,25.793891],[77.130197,25.789499],[77.136197,25.787891],[77.142197,25.789499],[77.14659,25.793891],[77.148197,25.799891]]]},"properties":{"pincode":"476332","name":"476332","ppi":118,"income":56400,"_synthetic":true}},{"type":"Feature","geometry":{"type":"Polygon","coordinates":[[[74.933132,32.768186],[74.931524,32.774186],[74.927132,32.778579],[74.921132,32.780186],[74.915132,32.778579],[74.910739,32.774186],[74.909132,32.768186],[74.910739,32.762186],[74.915132,32.757794],[74.921132,32.756186],[74.927132,32.757794],[74.931524,32.762186],[74.933132,32.768186]]]},"properties":{"pincode":"180017","name":"Jammu, Jammu And Kashmir","ppi":118,"income":46600,"_synthetic":true}},{"type":"Feature","geometry":{"type":"Polygon","coordinates":[[[74.915657,29.606304],[74.914049,29.612304],[74.909657,29.616696],[74.903657,29.618304],[74.897657,29.616696],[74.893264,29.612304],[74.891657,29.606304],[74.893264,29.600304],[74.897657,29.595912],[74.903657,29.594304],[74.909657,29.595912],[74.914049,29.600304],[74.915657,29.606304]]]},"properties":{"pincode":"D212378","name":"Sirsa, Haryana","ppi":118,"income":60300,"_synthetic":true}},{"type":"Feature","geometry":{"type":"Polygon","coordinates":[[[77.678,12.935],[77.676392,12.941],[77.672,12.945392],[77.666,12.947],[77.66,12.945392],[77.655608,12.941],[77.654,12.935],[77.655608,12.929],[77.66,12.924608],[77.666,12.923],[77.672,12.924608],[77.676392,12.929],[77.678,12.935]]]},"properties":{"pincode":"560099","name":"Bellandur","ppi":118,"income":98300,"_synthetic":true}},{"type":"Feature","geometry":{"type":"Polygon","coordinates":[[[77.118889,25.736188],[77.117281,25.742188],[77.112889,25.74658],[77.106889,25.748188],[77.100889,25.74658],[77.096497,25.742188],[77.094889,25.736188],[77.096497,25.730188],[77.100889,25.725796],[77.106889,25.724188],[77.112889,25.725796],[77.117281,25.730188],[77.118889,25.736188]]]},"properties":{"pincode":"476355","name":"476355","ppi":118,"income":56600,"_synthetic":true}},{"type":"Feature","geometry":{"type":"Polygon","coordinates":[[[74.977919,34.117879],[74.976311,34.123879],[74.971919,34.128271],[74.965919,34.129879],[74.959919,34.128271],[74.955527,34.123879],[74.953919,34.117879],[74.955527,34.111879],[74.959919,34.107486],[74.965919,34.105879],[74.971919,34.107486],[74.976311,34.111879],[74.977919,34.117879]]]},"properties":{"pincode":"190001","name":"Srinagar, Jammu And Kashmir","ppi":118,"income":44700,"_synthetic":true}},{"type":"Feature","geometry":{"type":"Polygon","coordinates":[[[75.053833,33.949047],[75.052226,33.955047],[75.047833,33.95944],[75.041833,33.961047],[75.035833,33.95944],[75.031441,33.955047],[75.029833,33.949047],[75.031441,33.943047],[75.035833,33.938655],[75.041833,33.937047],[75.047833,33.938655],[75.052226,33.943047],[75.053833,33.949047]]]},"properties":{"pincode":"D285577","name":"Pulwama, Jammu And Kashmir","ppi":118,"income":44700,"_synthetic":true}},{"type":"Feature","geometry":{"type":"Polygon","coordinates":[[[95.007086,27.400599],[95.005479,27.406599],[95.001086,27.410991],[94.995086,27.412599],[94.989086,27.410991],[94.984694,27.406599],[94.983086,27.400599],[94.984694,27.394599],[94.989086,27.390207],[94.995086,27.388599],[95.001086,27.390207],[95.005479,27.394599],[95.007086,27.400599]]]},"properties":{"pincode":"786001","name":"Dibrugarh, Assam","ppi":118,"income":46500,"_synthetic":true}},{"type":"Feature","geometry":{"type":"Polygon","coordinates":[[[77.048133,25.799891],[77.046525,25.805891],[77.042133,25.810283],[77.036133,25.811891],[77.030133,25.810283],[77.025741,25.805891],[77.024133,25.799891],[77.025741,25.793891],[77.030133,25.789499],[77.036133,25.787891],[77.042133,25.789499],[77.046525,25.793891],[77.048133,25.799891]]]},"properties":{"pincode":"476335","name":"476335","ppi":118,"income":56600,"_synthetic":true}},{"type":"Feature","geometry":{"type":"Polygon","coordinates":[[[74.706946,33.625019],[74.705338,33.631019],[74.700946,33.635411],[74.694946,33.637019],[74.688946,33.635411],[74.684553,33.631019],[74.682946,33.625019],[74.684553,33.619019],[74.688946,33.614626],[74.694946,33.613019],[74.700946,33.614626],[74.705338,33.619019],[74.706946,33.625019]]]},"properties":{"pincode":"D629957","name":"Kulgam, Jammu And Kashmir","ppi":117,"income":44300,"_synthetic":true}},{"type":"Feature","geometry":{"type":"Polygon","coordinates":[[[75.891397,33.61562],[75.88979,33.62162],[75.885397,33.626012],[75.879397,33.62762],[75.873397,33.626012],[75.869005,33.62162],[75.867397,33.61562],[75.869005,33.60962],[75.873397,33.605228],[75.879397,33.60362],[75.885397,33.605228],[75.88979,33.60962],[75.891397,33.61562]]]},"properties":{"pincode":"D745712","name":"Kishtwar, Jammu And Kashmir","ppi":117,"income":45000,"_synthetic":true}},{"type":"Feature","geometry":{"type":"Polygon","coordinates":[[[77.327941,28.966397],[77.326333,28.972397],[77.321941,28.97679],[77.315941,28.978397],[77.309941,28.97679],[77.305549,28.972397],[77.303941,28.966397],[77.305549,28.960397],[77.309941,28.956005],[77.315941,28.954397],[77.321941,28.956005],[77.326333,28.960397],[77.327941,28.966397]]]},"properties":{"pincode":"250601","name":"Meetli","ppi":117,"income":79300,"_synthetic":true}},{"type":"Feature","geometry":{"type":"Polygon","coordinates":[[[77.304012,27.024696],[77.302404,27.030696],[77.298012,27.035088],[77.292012,27.036696],[77.286012,27.035088],[77.281619,27.030696],[77.280012,27.024696],[77.281619,27.018696],[77.286012,27.014304],[77.292012,27.012696],[77.298012,27.014304],[77.302404,27.018696],[77.304012,27.024696]]]},"properties":{"pincode":"D629821","name":"Bharatpur, Rajasthan","ppi":117,"income":60700,"_synthetic":true}},{"type":"Feature","geometry":{"type":"Polygon","coordinates":[[[77.173918,28.683281],[77.17231,28.689281],[77.167918,28.693674],[77.161918,28.695281],[77.155918,28.693674],[77.151526,28.689281],[77.149918,28.683281],[77.151526,28.677281],[77.155918,28.672889],[77.161918,28.671281],[77.167918,28.672889],[77.17231,28.677281],[77.173918,28.683281]]]},"properties":{"pincode":"110035","name":"Saraswati Vihar Tehsil","ppi":117,"income":86000,"_synthetic":true}},{"type":"Feature","geometry":{"type":"Polygon","coordinates":[[[77.548011,28.377394],[77.546403,28.383394],[77.542011,28.387786],[77.536011,28.389394],[77.530011,28.387786],[77.525618,28.383394],[77.524011,28.377394],[77.525618,28.371394],[77.530011,28.367002],[77.536011,28.365394],[77.542011,28.367002],[77.546403,28.371394],[77.548011,28.377394]]]},"properties":{"pincode":"201312","name":"Murshadpur","ppi":117,"income":65000,"_synthetic":true}},{"type":"Feature","geometry":{"type":"Polygon","coordinates":[[[75.90483,28.73281],[75.903222,28.73881],[75.89883,28.743202],[75.89283,28.74481],[75.88683,28.743202],[75.882437,28.73881],[75.88083,28.73281],[75.882437,28.72681],[75.88683,28.722418],[75.89283,28.72081],[75.89883,28.722418],[75.903222,28.72681],[75.90483,28.73281]]]},"properties":{"pincode":"127029","name":"Bhiwani, Haryana","ppi":117,"income":63600,"_synthetic":true}},{"type":"Feature","geometry":{"type":"Polygon","coordinates":[[[88.262,22.75],[88.260392,22.756],[88.256,22.760392],[88.25,22.762],[88.244,22.760392],[88.239608,22.756],[88.238,22.75],[88.239608,22.744],[88.244,22.739608],[88.25,22.738],[88.256,22.739608],[88.260392,22.744],[88.262,22.75]]]},"properties":{"pincode":"712306","name":"Haora, West Bengal","ppi":116,"income":50600,"_synthetic":true}},{"type":"Feature","geometry":{"type":"Polygon","coordinates":[[[91.843718,25.402374],[91.84211,25.408374],[91.837718,25.412766],[91.831718,25.414374],[91.825718,25.412766],[91.821325,25.408374],[91.819718,25.402374],[91.821325,25.396374],[91.825718,25.391981],[91.831718,25.390374],[91.837718,25.391981],[91.84211,25.396374],[91.843718,25.402374]]]},"properties":{"pincode":"D862485","name":"East Khasi Hills, Meghalaya","ppi":116,"income":45000,"_synthetic":true}},{"type":"Feature","geometry":{"type":"Polygon","coordinates":[[[78.145301,8.80034],[78.143693,8.80634],[78.139301,8.810733],[78.133301,8.81234],[78.127301,8.810733],[78.122908,8.80634],[78.121301,8.80034],[78.122908,8.79434],[78.127301,8.789948],[78.133301,8.78834],[78.139301,8.789948],[78.143693,8.79434],[78.145301,8.80034]]]},"properties":{"pincode":"628001","name":"Thoothukkudi, Tamil Nadu","ppi":116,"income":66300,"_synthetic":true}},{"type":"Feature","geometry":{"type":"Polygon","coordinates":[[[77.650492,28.467484],[77.648884,28.473484],[77.644492,28.477876],[77.638492,28.479484],[77.632492,28.477876],[77.6281,28.473484],[77.626492,28.467484],[77.6281,28.461484],[77.632492,28.457092],[77.638492,28.455484],[77.644492,28.457092],[77.648884,28.461484],[77.650492,28.467484]]]},"properties":{"pincode":"203205","name":"Sanwli","ppi":116,"income":64900,"_synthetic":true}},{"type":"Feature","geometry":{"type":"Polygon","coordinates":[[[77.713,12.956],[77.711392,12.962],[77.707,12.966392],[77.701,12.968],[77.695,12.966392],[77.690608,12.962],[77.689,12.956],[77.690608,12.95],[77.695,12.945608],[77.701,12.944],[77.707,12.945608],[77.711392,12.95],[77.713,12.956]]]},"properties":{"pincode":"560037","name":"Marathahalli","ppi":116,"income":95500,"_synthetic":true}},{"type":"Feature","geometry":{"type":"Polygon","coordinates":[[[73.853,18.5195],[73.851392,18.5255],[73.847,18.529892],[73.841,18.5315],[73.835,18.529892],[73.830608,18.5255],[73.829,18.5195],[73.830608,18.5135],[73.835,18.509108],[73.841,18.5075],[73.847,18.509108],[73.851392,18.5135],[73.853,18.5195]]]},"properties":{"pincode":"411004","name":"Deccan Gymkhana","ppi":115,"income":71400,"_synthetic":true}},{"type":"Feature","geometry":{"type":"Polygon","coordinates":[[[77.15694,28.711604],[77.155333,28.717604],[77.15094,28.721996],[77.14494,28.723604],[77.13894,28.721996],[77.134548,28.717604],[77.13294,28.711604],[77.134548,28.705604],[77.13894,28.701212],[77.14494,28.699604],[77.15094,28.701212],[77.155333,28.705604],[77.15694,28.711604]]]},"properties":{"pincode":"110088","name":"Shalimar Bagh","ppi":115,"income":83000,"_synthetic":true}},{"type":"Feature","geometry":{"type":"Polygon","coordinates":[[[76.242385,27.961656],[76.240777,27.967656],[76.236385,27.972048],[76.230385,27.973656],[76.224385,27.972048],[76.219992,27.967656],[76.218385,27.961656],[76.219992,27.955656],[76.224385,27.951264],[76.230385,27.949656],[76.236385,27.951264],[76.240777,27.955656],[76.242385,27.961656]]]},"properties":{"pincode":"301713","name":"Nimbhor (Nimhor)","ppi":115,"income":64200,"_synthetic":true}},{"type":"Feature","geometry":{"type":"Polygon","coordinates":[[[76.293115,27.961572],[76.291507,27.967572],[76.287115,27.971964],[76.281115,27.973572],[76.275115,27.971964],[76.270722,27.967572],[76.269115,27.961572],[76.270722,27.955572],[76.275115,27.951179],[76.281115,27.949572],[76.287115,27.951179],[76.291507,27.955572],[76.293115,27.961572]]]},"properties":{"pincode":"301709","name":"Behror Tehsil","ppi":115,"income":64200,"_synthetic":true}},{"type":"Feature","geometry":{"type":"Polygon","coordinates":[[[76.361218,27.849043],[76.35961,27.855043],[76.355218,27.859436],[76.349218,27.861043],[76.343218,27.859436],[76.338825,27.855043],[76.337218,27.849043],[76.338825,27.843043],[76.343218,27.838651],[76.349218,27.837043],[76.355218,27.838651],[76.35961,27.843043],[76.361218,27.849043]]]},"properties":{"pincode":"301020","name":"301020","ppi":115,"income":64100,"_synthetic":true}},{"type":"Feature","geometry":{"type":"Polygon","coordinates":[[[77.25138,28.412343],[77.249772,28.418343],[77.24538,28.422735],[77.23938,28.424343],[77.23338,28.422735],[77.228988,28.418343],[77.22738,28.412343],[77.228988,28.406343],[77.23338,28.401951],[77.23938,28.400343],[77.24538,28.401951],[77.249772,28.406343],[77.25138,28.412343]]]},"properties":{"pincode":"121005","name":"Pali","ppi":115,"income":142900,"_synthetic":true}},{"type":"Feature","geometry":{"type":"Polygon","coordinates":[[[74.101475,16.46267],[74.099867,16.46867],[74.095475,16.473062],[74.089475,16.47467],[74.083475,16.473062],[74.079083,16.46867],[74.077475,16.46267],[74.079083,16.45667],[74.083475,16.452277],[74.089475,16.45067],[74.095475,16.452277],[74.099867,16.45667],[74.101475,16.46267]]]},"properties":{"pincode":"416211","name":"Kolhapur, Maharashtra","ppi":115,"income":56700,"_synthetic":true}},{"type":"Feature","geometry":{"type":"Polygon","coordinates":[[[76.248287,27.866227],[76.246679,27.872227],[76.242287,27.876619],[76.236287,27.878227],[76.230287,27.876619],[76.225894,27.872227],[76.224287,27.866227],[76.225894,27.860227],[76.230287,27.855834],[76.236287,27.854227],[76.242287,27.855834],[76.246679,27.860227],[76.248287,27.866227]]]},"properties":{"pincode":"301701","name":"Behror Tehsil","ppi":115,"income":64200,"_synthetic":true}},{"type":"Feature","geometry":{"type":"Polygon","coordinates":[[[94.487498,25.312126],[94.485891,25.318126],[94.481498,25.322518],[94.475498,25.324126],[94.469498,25.322518],[94.465106,25.318126],[94.463498,25.312126],[94.465106,25.306126],[94.469498,25.301734],[94.475498,25.300126],[94.481498,25.301734],[94.485891,25.306126],[94.487498,25.312126]]]},"properties":{"pincode":"D692292","name":"Ukhrul, Manipur","ppi":114,"income":47700,"_synthetic":true}},{"type":"Feature","geometry":{"type":"Polygon","coordinates":[[[79.428251,29.294995],[79.426643,29.300995],[79.422251,29.305387],[79.416251,29.306995],[79.410251,29.305387],[79.405859,29.300995],[79.404251,29.294995],[79.405859,29.288995],[79.410251,29.284603],[79.416251,29.282995],[79.422251,29.284603],[79.426643,29.288995],[79.428251,29.294995]]]},"properties":{"pincode":"D989489","name":"Nainital, Uttarakand","ppi":114,"income":59900,"_synthetic":true}},{"type":"Feature","geometry":{"type":"Polygon","coordinates":[[[77.6306,12.9743],[77.628992,12.9803],[77.6246,12.984692],[77.6186,12.9863],[77.6126,12.984692],[77.608208,12.9803],[77.6066,12.9743],[77.608208,12.9683],[77.6126,12.963908],[77.6186,12.9623],[77.6246,12.963908],[77.628992,12.9683],[77.6306,12.9743]]]},"properties":{"pincode":"560008","name":"Ulsoor","ppi":114,"income":89900,"_synthetic":true}},{"type":"Feature","geometry":{"type":"Polygon","coordinates":[[[77.475545,28.403781],[77.473938,28.409781],[77.469545,28.414173],[77.463545,28.415781],[77.457545,28.414173],[77.453153,28.409781],[77.451545,28.403781],[77.453153,28.397781],[77.457545,28.393388],[77.463545,28.391781],[77.469545,28.393388],[77.473938,28.397781],[77.475545,28.403781]]]},"properties":{"pincode":"121101","name":"Chirsi","ppi":114,"income":134300,"_synthetic":true}},{"type":"Feature","geometry":{"type":"Polygon","coordinates":[[[77.26374,28.580948],[77.262132,28.586948],[77.25774,28.591341],[77.25174,28.592948],[77.24574,28.591341],[77.241347,28.586948],[77.23974,28.580948],[77.241347,28.574948],[77.24574,28.570556],[77.25174,28.568948],[77.25774,28.570556],[77.262132,28.574948],[77.26374,28.580948]]]},"properties":{"pincode":"110065","name":"Lajpat Nagar","ppi":114,"income":100100,"_synthetic":true}},{"type":"Feature","geometry":{"type":"Polygon","coordinates":[[[75.4752202,21.8408759],[75.4753165,21.8403521],[75.475905,21.8381255],[75.4760494,21.8370327],[75.4764397,21.835032],[75.4768253,21.8331036],[75.4768377,21.8301956],[75.4768127,21.8290305],[75.4783553,21.8287044],[75.4797526,21.8282158],[75.4815513,21.8276818],[75.4822622,21.8275685],[75.4835966,21.8271431],[75.4849457,21.8268127],[75.4874793,21.8261065],[75.4901821,21.8253415],[75.4913475,21.8250652],[75.4934508,21.8245489],[75.4945,21.8242953],[75.4962938,21.8238334],[75.496845,21.8236659],[75.4990403,21.8231213],[75.5007088,21.8233403],[75.5033206,21.8230669],[75.5061689,21.8232902],[75.5061089,21.8256744],[75.5058056,21.8297743],[75.5046027,21.8340272],[75.5042143,21.8357428],[75.5037675,21.8380726],[75.5035289,21.8398741],[75.5030299,21.8408852],[75.5022552,21.8418239],[75.5016643,21.8427401],[75.5003871,21.8431817],[75.499042,21.8433383],[75.4970164,21.8432002],[75.4951494,21.8431339],[75.4931903,21.8429863],[75.4909361,21.8426492],[75.4892287,21.8424969],[75.4863409,21.8423318],[75.4852671,21.8421745],[75.4833516,21.8419816],[75.4822148,21.8418604],[75.4798834,21.8416994],[75.4793174,21.8416591],[75.4774019,21.8413533],[75.4752202,21.8408759]]]},"properties":{"pincode":"451440","name":"West Nimar, Madhya Pradesh","ppi":114,"income":57900}},{"type":"Feature","geometry":{"type":"Polygon","coordinates":[[[75.984835,28.461056],[75.983227,28.467056],[75.978835,28.471448],[75.972835,28.473056],[75.966835,28.471448],[75.962442,28.467056],[75.960835,28.461056],[75.962442,28.455056],[75.966835,28.450663],[75.972835,28.449056],[75.978835,28.450663],[75.983227,28.455056],[75.984835,28.461056]]]},"properties":{"pincode":"123308","name":"Badhra","ppi":114,"income":62800,"_synthetic":true}},{"type":"Feature","geometry":{"type":"Polygon","coordinates":[[[75.338584,32.911964],[75.336977,32.917964],[75.332584,32.922356],[75.326584,32.923964],[75.320584,32.922356],[75.316192,32.917964],[75.314584,32.911964],[75.316192,32.905964],[75.320584,32.901572],[75.326584,32.899964],[75.332584,32.901572],[75.336977,32.905964],[75.338584,32.911964]]]},"properties":{"pincode":"D632781","name":"Udhampur, Jammu And Kashmir","ppi":114,"income":42900,"_synthetic":true}},{"type":"Feature","geometry":{"type":"Polygon","coordinates":[[[73.013404,19.199323],[73.011796,19.205323],[73.007404,19.209715],[73.001404,19.211323],[72.995404,19.209715],[72.991012,19.205323],[72.989404,19.199323],[72.991012,19.193323],[72.995404,19.188931],[73.001404,19.187323],[73.007404,19.188931],[73.011796,19.193323],[73.013404,19.199323]]]},"properties":{"pincode":"400605","name":"Reti Bandar","ppi":113,"income":61900,"_synthetic":true}},{"type":"Feature","geometry":{"type":"Polygon","coordinates":[[[78.530463,9.520558],[78.528856,9.526558],[78.524463,9.53095],[78.518463,9.532558],[78.512463,9.53095],[78.508071,9.526558],[78.506463,9.520558],[78.508071,9.514558],[78.512463,9.510165],[78.518463,9.508558],[78.524463,9.510165],[78.528856,9.514558],[78.530463,9.520558]]]},"properties":{"pincode":"623700","name":"Ramanathapuram, Tamil Nadu","ppi":113,"income":60200,"_synthetic":true}},{"type":"Feature","geometry":{"type":"Polygon","coordinates":[[[73.316867,22.317946],[73.31526,22.323946],[73.310867,22.328338],[73.304867,22.329946],[73.298867,22.328338],[73.294475,22.323946],[73.292867,22.317946],[73.294475,22.311946],[73.298867,22.307553],[73.304867,22.305945],[73.310867,22.307553],[73.31526,22.311946],[73.316867,22.317946]]]},"properties":{"pincode":"391760","name":"Vadodara, Gujarat","ppi":113,"income":48900,"_synthetic":true}},{"type":"Feature","geometry":{"type":"Polygon","coordinates":[[[75.865317,28.573668],[75.863709,28.579668],[75.859317,28.58406],[75.853317,28.585668],[75.847317,28.58406],[75.842925,28.579668],[75.841317,28.573668],[75.842925,28.567668],[75.847317,28.563276],[75.853317,28.561668],[75.859317,28.563276],[75.863709,28.567668],[75.865317,28.573668]]]},"properties":{"pincode":"127201","name":"Sham Kalyan","ppi":113,"income":63700,"_synthetic":true}},{"type":"Feature","geometry":{"type":"Polygon","coordinates":[[[74.874679,33.205991],[74.873072,33.211991],[74.868679,33.216383],[74.862679,33.217991],[74.856679,33.216383],[74.852287,33.211991],[74.850679,33.205991],[74.852287,33.199991],[74.856679,33.195599],[74.862679,33.193991],[74.868679,33.195599],[74.873072,33.199991],[74.874679,33.205991]]]},"properties":{"pincode":"D888359","name":"Reasi, Jammu And Kashmir","ppi":113,"income":43200,"_synthetic":true}},{"type":"Feature","geometry":{"type":"Polygon","coordinates":[[[72.853,19.083],[72.851392,19.089],[72.847,19.093392],[72.841,19.095],[72.835,19.093392],[72.830608,19.089],[72.829,19.083],[72.830608,19.077],[72.835,19.072608],[72.841,19.071],[72.847,19.072608],[72.851392,19.077],[72.853,19.083]]]},"properties":{"pincode":"400053","name":"Santacruz West","ppi":113,"income":87600,"_synthetic":true}},{"type":"Feature","geometry":{"type":"Polygon","coordinates":[[[73.934416,18.644863],[73.932808,18.650863],[73.928416,18.655255],[73.922416,18.656863],[73.916416,18.655255],[73.912023,18.650863],[73.910416,18.644863],[73.912023,18.638863],[73.916416,18.63447],[73.922416,18.632863],[73.928416,18.63447],[73.932808,18.638863],[73.934416,18.644863]]]},"properties":{"pincode":"411089","name":"Pune, Maharashtra","ppi":112,"income":60600,"_synthetic":true}},{"type":"Feature","geometry":{"type":"Polygon","coordinates":[[[77.769889,28.580097],[77.768282,28.586097],[77.763889,28.590489],[77.757889,28.592097],[77.751889,28.590489],[77.747497,28.586097],[77.745889,28.580097],[77.747497,28.574097],[77.751889,28.569704],[77.757889,28.568097],[77.763889,28.569704],[77.768282,28.574097],[77.769889,28.580097]]]},"properties":{"pincode":"245408","name":"Gulavthi","ppi":112,"income":64300,"_synthetic":true}},{"type":"Feature","geometry":{"type":"Polygon","coordinates":[[[73.468979,17.282608],[73.467371,17.288608],[73.462979,17.293],[73.456979,17.294608],[73.450979,17.293],[73.446586,17.288608],[73.444979,17.282608],[73.446586,17.276608],[73.450979,17.272216],[73.456979,17.270608],[73.462979,17.272216],[73.467371,17.276608],[73.468979,17.282608]]]},"properties":{"pincode":"D838687","name":"Ratnagiri, Maharashtra","ppi":112,"income":55800,"_synthetic":true}},{"type":"Feature","geometry":{"type":"Polygon","coordinates":[[[77.548011,28.467484],[77.546403,28.473484],[77.542011,28.477876],[77.536011,28.479484],[77.530011,28.477876],[77.525618,28.473484],[77.524011,28.467484],[77.525618,28.461484],[77.530011,28.457092],[77.536011,28.455484],[77.542011,28.457092],[77.546403,28.461484],[77.548011,28.467484]]]},"properties":{"pincode":"210310","name":"Sector 20","ppi":112,"income":64600,"_synthetic":true}},{"type":"Feature","geometry":{"type":"Polygon","coordinates":[[[77.971115,16.696569],[77.969507,16.702569],[77.965115,16.706961],[77.959115,16.708569],[77.953115,16.706961],[77.948722,16.702569],[77.947115,16.696569],[77.948722,16.690569],[77.953115,16.686176],[77.959115,16.684569],[77.965115,16.686176],[77.969507,16.690569],[77.971115,16.696569]]]},"properties":{"pincode":"D155696","name":"Mahabubnagar, Telangana","ppi":112,"income":45400,"_synthetic":true}},{"type":"Feature","geometry":{"type":"Polygon","coordinates":[[[75.762732,28.483578],[75.761125,28.489578],[75.756732,28.49397],[75.750732,28.495578],[75.744732,28.49397],[75.74034,28.489578],[75.738732,28.483578],[75.74034,28.477578],[75.744732,28.473186],[75.750732,28.471578],[75.756732,28.473186],[75.761125,28.477578],[75.762732,28.483578]]]},"properties":{"pincode":"123200","name":"Kushal Pura","ppi":112,"income":59700,"_synthetic":true}},{"type":"Feature","geometry":{"type":"Polygon","coordinates":[[[77.243,28.573],[77.241392,28.579],[77.237,28.583392],[77.231,28.585],[77.225,28.583392],[77.220608,28.579],[77.219,28.573],[77.220608,28.567],[77.225,28.562608],[77.231,28.561],[77.237,28.562608],[77.241392,28.567],[77.243,28.573]]]},"properties":{"pincode":"110024","name":"Defence Colony / Lajpat","ppi":112,"income":82900,"_synthetic":true}},{"type":"Feature","geometry":{"type":"Polygon","coordinates":[[[75.919,17.661],[75.917392,17.667],[75.913,17.671392],[75.907,17.673],[75.901,17.671392],[75.896608,17.667],[75.895,17.661],[75.896608,17.655],[75.901,17.650608],[75.907,17.649],[75.913,17.650608],[75.917392,17.655],[75.919,17.661]]]},"properties":{"pincode":"413002","name":"Solapur Railway Lines","ppi":112,"income":35000,"_synthetic":true}},{"type":"Feature","geometry":{"type":"Polygon","coordinates":[[[72.894088,21.835737],[72.89248,21.841737],[72.888088,21.84613],[72.882088,21.847737],[72.876088,21.84613],[72.871695,21.841737],[72.870088,21.835737],[72.871695,21.829737],[72.876088,21.825345],[72.882088,21.823737],[72.888088,21.825345],[72.89248,21.829737],[72.894088,21.835737]]]},"properties":{"pincode":"392140","name":"Bharuch, Gujarat","ppi":112,"income":48500,"_synthetic":true}},{"type":"Feature","geometry":{"type":"Polygon","coordinates":[[[77.278857,28.723308],[77.277249,28.729308],[77.272857,28.7337],[77.266857,28.735308],[77.260857,28.7337],[77.256464,28.729308],[77.254857,28.723308],[77.256464,28.717308],[77.260857,28.712916],[77.266857,28.711308],[77.272857,28.712916],[77.277249,28.717308],[77.278857,28.723308]]]},"properties":{"pincode":"110094","name":"North East, Delhi","ppi":111,"income":67600,"_synthetic":true}},{"type":"Feature","geometry":{"type":"Polygon","coordinates":[[[78.3609,17.4401],[78.359292,17.4461],[78.3549,17.450492],[78.3489,17.4521],[78.3429,17.450492],[78.338508,17.4461],[78.3369,17.4401],[78.338508,17.4341],[78.3429,17.429708],[78.3489,17.4281],[78.3549,17.429708],[78.359292,17.4341],[78.3609,17.4401]]]},"properties":{"pincode":"500081","name":"Gachibowli","ppi":111,"income":39700,"_synthetic":true}},{"type":"Feature","geometry":{"type":"Polygon","coordinates":[[[78.407714,17.449402],[78.406107,17.455402],[78.401714,17.459795],[78.395714,17.461402],[78.389714,17.459795],[78.385322,17.455402],[78.383714,17.449402],[78.385322,17.443402],[78.389714,17.43901],[78.395714,17.437402],[78.401714,17.43901],[78.406107,17.443402],[78.407714,17.449402]]]},"properties":{"pincode":"800081","name":"Ward 107 Madhapur","ppi":111,"income":39700,"_synthetic":true}},{"type":"Feature","geometry":{"type":"Polygon","coordinates":[[[77.1143605,22.2505685],[77.114635,22.2486948],[77.1145186,22.2478008],[77.1145818,22.2470603],[77.1148098,22.2458728],[77.1151834,22.2444278],[77.1153484,22.2436964],[77.1154066,22.2429287],[77.1155086,22.2412264],[77.1154843,22.2405988],[77.1172791,22.2389417],[77.1182492,22.2379394],[77.120427,22.235465],[77.1210042,22.2348374],[77.1224949,22.2336063],[77.1232735,22.2337323],[77.1292149,22.2340123],[77.1305877,22.2341137],[77.1305875,22.2341161],[77.1323286,22.2342424],[77.1356752,22.2343371],[77.1400646,22.2343231],[77.1406902,22.2343953],[77.1420338,22.2350455],[77.1451285,22.237226],[77.1486212,22.2400702],[77.150319,22.2416052],[77.1518375,22.2431853],[77.1532105,22.2450093],[77.1545837,22.2474247],[77.154696,22.248063],[77.1547397,22.2483086],[77.1549913,22.2505737],[77.1549924,22.2505835],[77.1549924,22.2506206],[77.1549924,22.2508419],[77.1550459,22.2515868],[77.1550752,22.2520564],[77.1550753,22.2520585],[77.1550996,22.2527338],[77.1549978,22.2532711],[77.1547447,22.2539573],[77.1547263,22.2540072],[77.1484434,22.2541087],[77.1430286,22.2547451],[77.1365782,22.2568989],[77.1329053,22.258125],[77.1314475,22.2599803],[77.1279594,22.2644191],[77.1267763,22.2633929],[77.1235842,22.2601329],[77.1214644,22.2579609],[77.1164004,22.2528403],[77.1150811,22.2513547],[77.1143963,22.2506318],[77.1143959,22.2506312],[77.1143606,22.2505686],[77.1143605,22.2505685]]]},"properties":{"pincode":"D483105","name":"Harda, Madhya Pradesh","ppi":111,"income":38500}},{"type":"Feature","geometry":{"type":"Polygon","coordinates":[[[77.711432,28.740871],[77.709825,28.746871],[77.705432,28.751263],[77.699432,28.752871],[77.693432,28.751263],[77.68904,28.746871],[77.687432,28.740871],[77.68904,28.734871],[77.693432,28.730479],[77.699432,28.728871],[77.705432,28.730479],[77.709825,28.734871],[77.711432,28.740871]]]},"properties":{"pincode":"245101","name":"Hapur","ppi":111,"income":67100,"_synthetic":true}},{"type":"Feature","geometry":{"type":"Polygon","coordinates":[[[72.8383,18.9937],[72.836692,18.9997],[72.8323,19.004092],[72.8263,19.0057],[72.8203,19.004092],[72.815908,18.9997],[72.8143,18.9937],[72.815908,18.9877],[72.8203,18.983308],[72.8263,18.9817],[72.8323,18.983308],[72.836692,18.9877],[72.8383,18.9937]]]},"properties":{"pincode":"400013","name":"Lower Parel","ppi":111,"income":84200,"_synthetic":true}},{"type":"Feature","geometry":{"type":"Polygon","coordinates":[[[77.656616,28.562828],[77.655008,28.568828],[77.650616,28.573221],[77.644616,28.574828],[77.638616,28.573221],[77.634224,28.568828],[77.632616,28.562828],[77.634224,28.556828],[77.638616,28.552436],[77.644616,28.550828],[77.650616,28.552436],[77.655008,28.556828],[77.656616,28.562828]]]},"properties":{"pincode":"201008","name":"201008","ppi":111,"income":63400,"_synthetic":true}},{"type":"Feature","geometry":{"type":"Polygon","coordinates":[[[73.896113,18.633558],[73.894506,18.639558],[73.890113,18.64395],[73.884113,18.645558],[73.878113,18.64395],[73.873721,18.639558],[73.872113,18.633558],[73.873721,18.627558],[73.878113,18.623166],[73.884113,18.621558],[73.890113,18.623166],[73.894506,18.627558],[73.896113,18.633558]]]},"properties":{"pincode":"412110","name":"Bhosari","ppi":111,"income":66300,"_synthetic":true}},{"type":"Feature","geometry":{"type":"Polygon","coordinates":[[[78.270079,17.498312],[78.268471,17.504312],[78.264079,17.508704],[78.258079,17.510312],[78.252079,17.508704],[78.247687,17.504312],[78.246079,17.498312],[78.247687,17.492312],[78.252079,17.487919],[78.258079,17.486312],[78.264079,17.487919],[78.268471,17.492312],[78.270079,17.498312]]]},"properties":{"pincode":"502319","name":"Ramachandrapuram","ppi":111,"income":39700,"_synthetic":true}},{"type":"Feature","geometry":{"type":"Polygon","coordinates":[[[78.380064,17.385699],[78.378457,17.391699],[78.374064,17.396091],[78.368064,17.397699],[78.362064,17.396091],[78.357672,17.391699],[78.356064,17.385699],[78.357672,17.379699],[78.362064,17.375307],[78.368064,17.373699],[78.374064,17.375307],[78.378457,17.379699],[78.380064,17.385699]]]},"properties":{"pincode":"500089","name":"Narsingi","ppi":111,"income":39700,"_synthetic":true}},{"type":"Feature","geometry":{"type":"Polygon","coordinates":[[[75.132345,32.575912],[75.130737,32.581912],[75.126345,32.586304],[75.120345,32.587912],[75.114345,32.586304],[75.109952,32.581912],[75.108345,32.575912],[75.109952,32.569912],[75.114345,32.565519],[75.120345,32.563912],[75.126345,32.565519],[75.130737,32.569912],[75.132345,32.575912]]]},"properties":{"pincode":"184121","name":"Samba, Jammu And Kashmir","ppi":111,"income":44000,"_synthetic":true}},{"type":"Feature","geometry":{"type":"Polygon","coordinates":[[[78.389541,17.423359],[78.387933,17.429359],[78.383541,17.433751],[78.377541,17.435359],[78.371541,17.433751],[78.367148,17.429359],[78.365541,17.423359],[78.367148,17.417359],[78.371541,17.412966],[78.377541,17.411359],[78.383541,17.412966],[78.387933,17.417359],[78.389541,17.423359]]]},"properties":{"pincode":"500104","name":"Rangareddy, Telangana","ppi":111,"income":39600,"_synthetic":true}},{"type":"Feature","geometry":{"type":"Polygon","coordinates":[[[77.25138,28.862793],[77.249772,28.868793],[77.24538,28.873186],[77.23938,28.874793],[77.23338,28.873186],[77.228988,28.868793],[77.22738,28.862793],[77.228988,28.856793],[77.23338,28.852401],[77.23938,28.850793],[77.24538,28.852401],[77.249772,28.856793],[77.25138,28.862793]]]},"properties":{"pincode":"250101","name":"250101","ppi":111,"income":78600,"_synthetic":true}},{"type":"Feature","geometry":{"type":"Polygon","coordinates":[[[78.474467,17.610924],[78.472859,17.616924],[78.468467,17.621317],[78.462467,17.622924],[78.456467,17.621317],[78.452075,17.616924],[78.450467,17.610924],[78.452075,17.604924],[78.456467,17.600532],[78.462467,17.598924],[78.468467,17.600532],[78.472859,17.604924],[78.474467,17.610924]]]},"properties":{"pincode":"500101","name":"Girmapur","ppi":111,"income":39700,"_synthetic":true}},{"type":"Feature","geometry":{"type":"Polygon","coordinates":[[[77.596,12.93],[77.594392,12.936],[77.59,12.940392],[77.584,12.942],[77.578,12.940392],[77.573608,12.936],[77.572,12.93],[77.573608,12.924],[77.578,12.919608],[77.584,12.918],[77.59,12.919608],[77.594392,12.924],[77.596,12.93]]]},"properties":{"pincode":"560011","name":"Jayanagar","ppi":111,"income":84900,"_synthetic":true}},{"type":"Feature","geometry":{"type":"Polygon","coordinates":[[[73.380544,19.36536],[73.378936,19.37136],[73.374544,19.375752],[73.368544,19.37736],[73.362544,19.375752],[73.358151,19.37136],[73.356544,19.36536],[73.358151,19.35936],[73.362544,19.354967],[73.368544,19.35336],[73.374544,19.354967],[73.378936,19.35936],[73.380544,19.36536]]]},"properties":{"pincode":"D939729","name":"Thane, Maharashtra","ppi":111,"income":53700,"_synthetic":true}},{"type":"Feature","geometry":{"type":"Polygon","coordinates":[[[77.097571,28.387216],[77.095964,28.393216],[77.091571,28.397608],[77.085571,28.399216],[77.079571,28.397608],[77.075179,28.393216],[77.073571,28.387216],[77.075179,28.381216],[77.079571,28.376824],[77.085571,28.375216],[77.091571,28.376824],[77.095964,28.381216],[77.097571,28.387216]]]},"properties":{"pincode":"122008","name":"Sector 63","ppi":110,"income":144100,"_synthetic":true}},{"type":"Feature","geometry":{"type":"Polygon","coordinates":[[[73.771347,18.615361],[73.769739,18.621361],[73.765347,18.625753],[73.759347,18.627361],[73.753347,18.625753],[73.748954,18.621361],[73.747347,18.615361],[73.748954,18.609361],[73.753347,18.604968],[73.759347,18.603361],[73.765347,18.604968],[73.769739,18.609361],[73.771347,18.615361]]]},"properties":{"pincode":"410005","name":"410005","ppi":110,"income":66400,"_synthetic":true}},{"type":"Feature","geometry":{"type":"Polygon","coordinates":[[[78.54122,17.321996],[78.539612,17.327996],[78.53522,17.332388],[78.52922,17.333996],[78.52322,17.332388],[78.518828,17.327996],[78.51722,17.321996],[78.518828,17.315996],[78.52322,17.311603],[78.52922,17.309996],[78.53522,17.311603],[78.539612,17.315996],[78.54122,17.321996]]]},"properties":{"pincode":"500097","name":"Jillelaguda","ppi":110,"income":39900,"_synthetic":true}},{"type":"Feature","geometry":{"type":"Polygon","coordinates":[[[94.632389,26.993972],[94.630781,26.999972],[94.626389,27.004364],[94.620389,27.005972],[94.614389,27.004364],[94.609996,26.999972],[94.608389,26.993972],[94.609996,26.987972],[94.614389,26.98358],[94.620389,26.981972],[94.626389,26.98358],[94.630781,26.987972],[94.632389,26.993972]]]},"properties":{"pincode":"785600","name":"Sivasagar, Assam","ppi":110,"income":44300,"_synthetic":true}},{"type":"Feature","geometry":{"type":"Polygon","coordinates":[[[78.402101,17.284588],[78.400494,17.290588],[78.396101,17.29498],[78.390101,17.296588],[78.384101,17.29498],[78.379709,17.290588],[78.378101,17.284588],[78.379709,17.278588],[78.384101,17.274195],[78.390101,17.272588],[78.396101,17.274195],[78.400494,17.278588],[78.402101,17.284588]]]},"properties":{"pincode":"509218","name":"509218","ppi":110,"income":39900,"_synthetic":true}},{"type":"Feature","geometry":{"type":"Polygon","coordinates":[[[77.317813,28.788642],[77.316205,28.794642],[77.311813,28.799034],[77.305813,28.800642],[77.299813,28.799034],[77.295421,28.794642],[77.293813,28.788642],[77.295421,28.782642],[77.299813,28.778249],[77.305813,28.776642],[77.311813,28.778249],[77.316205,28.782642],[77.317813,28.788642]]]},"properties":{"pincode":"201102","name":"Rameshwar Park","ppi":110,"income":76600,"_synthetic":true}},{"type":"Feature","geometry":{"type":"Polygon","coordinates":[[[78.643352,17.37995],[78.641744,17.38595],[78.637352,17.390343],[78.631352,17.39195],[78.625352,17.390343],[78.620959,17.38595],[78.619352,17.37995],[78.620959,17.37395],[78.625352,17.369558],[78.631352,17.36795],[78.637352,17.369558],[78.641744,17.37395],[78.643352,17.37995]]]},"properties":{"pincode":"501505","name":"501505","ppi":110,"income":39900,"_synthetic":true}},{"type":"Feature","geometry":{"type":"Polygon","coordinates":[[[78.601899,17.284588],[78.600291,17.290588],[78.595899,17.29498],[78.589899,17.296588],[78.583899,17.29498],[78.579506,17.290588],[78.577899,17.284588],[78.579506,17.278588],[78.583899,17.274195],[78.589899,17.272588],[78.595899,17.274195],[78.600291,17.278588],[78.601899,17.284588]]]},"properties":{"pincode":"501511","name":"Injapur","ppi":110,"income":40000,"_synthetic":true}},{"type":"Feature","geometry":{"type":"Polygon","coordinates":[[[76.465083,27.991311],[76.463476,27.997311],[76.459083,28.001704],[76.453083,28.003311],[76.447083,28.001704],[76.442691,27.997311],[76.441083,27.991311],[76.442691,27.985311],[76.447083,27.980919],[76.453083,27.979311],[76.459083,27.980919],[76.463476,27.985311],[76.465083,27.991311]]]},"properties":{"pincode":"123500","name":"Fauladpur","ppi":110,"income":55900,"_synthetic":true}},{"type":"Feature","geometry":{"type":"Polygon","coordinates":[[[78.678855,17.498312],[78.677248,17.504312],[78.672855,17.508704],[78.666855,17.510312],[78.660855,17.508704],[78.656463,17.504312],[78.654855,17.498312],[78.656463,17.492312],[78.660855,17.487919],[78.666855,17.486312],[78.672855,17.487919],[78.677248,17.492312],[78.678855,17.498312]]]},"properties":{"pincode":"501301","name":"Lalanguda","ppi":110,"income":39900,"_synthetic":true}},{"type":"Feature","geometry":{"type":"Polygon","coordinates":[[[77.3662482,23.4905571],[77.366541,23.4889637],[77.3670698,23.4860382],[77.3674908,23.4834377],[77.3680929,23.4821691],[77.3689349,23.480413],[77.3691845,23.4795733],[77.3691846,23.4784672],[77.3686221,23.4686161],[77.3697478,23.4686161],[77.3712601,23.4686162],[77.3723563,23.4689412],[77.3734135,23.4698848],[77.3745049,23.4705349],[77.3767562,23.4724537],[77.3775686,23.4737223],[77.3788363,23.4758667],[77.379365,23.4764175],[77.3800697,23.4770044],[77.3802802,23.4771037],[77.3806326,23.4767425],[77.3808773,23.4765799],[77.3813374,23.4763542],[77.3814793,23.4761917],[77.3819003,23.4760923],[77.3821841,23.4759298],[77.3823945,23.4756047],[77.382463,23.4751848],[77.3822525,23.4744354],[77.3822868,23.4740788],[77.3825706,23.4737853],[77.38306,23.4736228],[77.3834124,23.4735595],[77.384861,23.4718033],[77.3851399,23.4718032],[77.3853161,23.4719296],[77.3857762,23.4724533],[77.3861286,23.4727422],[77.3870782,23.4732297],[77.3880277,23.4733922],[77.3888743,23.4733288],[77.3896476,23.4729722],[77.3930808,23.4711491],[77.3928875,23.4723171],[77.3931472,23.4740101],[77.3937004,23.4754276],[77.3947676,23.4771612],[77.3963047,23.4784973],[77.3968138,23.4794453],[77.3994384,23.4854811],[77.3958558,23.4868585],[77.3914212,23.4880826],[77.3896347,23.4884349],[77.3887048,23.489207],[77.3875448,23.4908505],[77.3857633,23.4932479],[77.385822,23.4932885],[77.3858809,23.4934962],[77.3858416,23.4937084],[77.3857487,23.4939928],[77.3857144,23.4942683],[77.3857389,23.4944894],[77.3858124,23.4946339],[77.3859641,23.4947874],[77.3862089,23.4949408],[77.3863509,23.4950356],[77.3864585,23.495144],[77.386581,23.4952975],[77.3866398,23.4955413],[77.386581,23.4958618],[77.3865957,23.4961824],[77.3866349,23.4963314],[77.3866985,23.4964081],[77.386772,23.4964668],[77.3868405,23.4964848],[77.3869237,23.4964939],[77.3870021,23.4964758],[77.3871048,23.4964261],[77.3871978,23.4963945],[77.3872615,23.49639],[77.3873545,23.4963855],[77.3874671,23.4964035],[77.3875993,23.4964667],[77.3877216,23.496575],[77.3878049,23.496742],[77.3878,23.4971168],[77.3878637,23.4974735],[77.3879861,23.497645],[77.3882309,23.4980423],[77.3882553,23.4980784],[77.3879959,23.4982364],[77.3878001,23.498408],[77.3875408,23.4986473],[77.3874429,23.4988821],[77.387345,23.4990717],[77.3873547,23.4991439],[77.387487,23.4993606],[77.3877758,23.499636],[77.3881038,23.4998346],[77.3885102,23.5001912],[77.3885534,23.5004866],[77.38856,23.5005318],[77.3884591,23.5004866],[77.3860464,23.4994069],[77.3860222,23.4994013],[77.3840995,23.4989591],[77.3827582,23.4985663],[77.3820581,23.4985664],[77.3807169,23.4989593],[77.379449,23.4992844],[77.3778287,23.4992844],[77.3766979,23.4990226],[77.3747986,23.4986975],[77.3739517,23.4988284],[77.3727622,23.499027],[77.3725909,23.4985981],[77.3724244,23.4976726],[77.3723853,23.497185],[77.3722531,23.4967426],[77.3720964,23.4962686],[77.3719594,23.4960113],[77.3718419,23.4959074],[77.3717783,23.4958713],[77.3716853,23.4958171],[77.3715042,23.495754],[77.371186,23.4956275],[77.3709902,23.4955101],[77.3708189,23.4953341],[77.3706672,23.4951083],[77.3705007,23.4947606],[77.3703735,23.4945755],[77.3702168,23.4944266],[77.3699916,23.4943001],[77.3697566,23.4942008],[77.3693798,23.494097],[77.3691448,23.4939435],[77.3689148,23.4935146],[77.3687924,23.4932301],[77.3686701,23.4927516],[77.3686015,23.4921872],[77.3684498,23.4918667],[77.3682393,23.4915777],[77.3680093,23.4912933],[77.3677156,23.4911082],[77.3675785,23.4910359],[77.3670646,23.4908869],[77.3665849,23.4907876],[77.3662482,23.4905571]]]},"properties":{"pincode":"D470467","name":"Bhopal, Madhya Pradesh","ppi":110,"income":40100}},{"type":"Feature","geometry":{"type":"Polygon","coordinates":[[[72.8607,19.0983],[72.859092,19.1043],[72.8547,19.108692],[72.8487,19.1103],[72.8427,19.108692],[72.838308,19.1043],[72.8367,19.0983],[72.838308,19.0923],[72.8427,19.087908],[72.8487,19.0863],[72.8547,19.087908],[72.859092,19.0923],[72.8607,19.0983]]]},"properties":{"pincode":"400054","name":"Vile Parle West","ppi":110,"income":82000,"_synthetic":true}},{"type":"Feature","geometry":{"type":"Polygon","coordinates":[[[76.7669,18.355335],[76.765292,18.361335],[76.7609,18.365727],[76.7549,18.367335],[76.7489,18.365727],[76.744507,18.361335],[76.7429,18.355335],[76.744507,18.349335],[76.7489,18.344942],[76.7549,18.343335],[76.7609,18.344942],[76.765292,18.349335],[76.7669,18.355335]]]},"properties":{"pincode":"D997922","name":"Latur, Maharashtra","ppi":110,"income":35400,"_synthetic":true}},{"type":"Feature","geometry":{"type":"Polygon","coordinates":[[[78.502,17.245102],[78.500392,17.251102],[78.496,17.255494],[78.49,17.257102],[78.484,17.255494],[78.479608,17.251102],[78.478,17.245102],[78.479608,17.239102],[78.484,17.234709],[78.49,17.233102],[78.496,17.234709],[78.500392,17.239102],[78.502,17.245102]]]},"properties":{"pincode":"500005","name":"Pahadi Sharif","ppi":110,"income":39900,"_synthetic":true}},{"type":"Feature","geometry":{"type":"Polygon","coordinates":[[[70.789512,27.026416],[70.787904,27.032416],[70.783512,27.036809],[70.777512,27.038416],[70.771512,27.036809],[70.76712,27.032416],[70.765512,27.026416],[70.76712,27.020416],[70.771512,27.016024],[70.777512,27.014416],[70.783512,27.016024],[70.787904,27.020416],[70.789512,27.026416]]]},"properties":{"pincode":"D272288","name":"Jaisalmer, Rajasthan","ppi":110,"income":49100,"_synthetic":true}},{"type":"Feature","geometry":{"type":"Polygon","coordinates":[[[78.678855,17.273086],[78.677248,17.279086],[78.672855,17.283479],[78.666855,17.285086],[78.660855,17.283479],[78.656463,17.279086],[78.654855,17.273086],[78.656463,17.267086],[78.660855,17.262694],[78.666855,17.261086],[78.672855,17.262694],[78.677248,17.267086],[78.678855,17.273086]]]},"properties":{"pincode":"501512","name":"Umerkhanguda","ppi":110,"income":39900,"_synthetic":true}},{"type":"Feature","geometry":{"type":"Polygon","coordinates":[[[77.326132,28.354871],[77.324524,28.360871],[77.320132,28.365264],[77.314132,28.366871],[77.308132,28.365264],[77.30374,28.360871],[77.302132,28.354871],[77.30374,28.348871],[77.308132,28.344479],[77.314132,28.342871],[77.320132,28.344479],[77.324524,28.348871],[77.326132,28.354871]]]},"properties":{"pincode":"121004","name":"Sector 57","ppi":110,"income":100100,"_synthetic":true}},{"type":"Feature","geometry":{"type":"Polygon","coordinates":[[[78.474467,17.160474],[78.472859,17.166474],[78.468467,17.170866],[78.462467,17.172474],[78.456467,17.170866],[78.452075,17.166474],[78.450467,17.160474],[78.452075,17.154474],[78.456467,17.150081],[78.462467,17.148474],[78.468467,17.150081],[78.472859,17.154474],[78.474467,17.160474]]]},"properties":{"pincode":"501359","name":"Mohabat Nagar","ppi":110,"income":39900,"_synthetic":true}},{"type":"Feature","geometry":{"type":"Polygon","coordinates":[[[79.444616,29.047831],[79.443009,29.053831],[79.438616,29.058224],[79.432616,29.059831],[79.426616,29.058224],[79.422224,29.053831],[79.420616,29.047831],[79.422224,29.041831],[79.426616,29.037439],[79.432616,29.035831],[79.438616,29.037439],[79.443009,29.041831],[79.444616,29.047831]]]},"properties":{"pincode":"263145","name":"Udham Singh Nagar, Uttarakand","ppi":109,"income":54200,"_synthetic":true}},{"type":"Feature","geometry":{"type":"Polygon","coordinates":[[[77.655053,28.663967],[77.653445,28.669967],[77.649053,28.674359],[77.643053,28.675967],[77.637053,28.674359],[77.63266,28.669967],[77.631053,28.663967],[77.63266,28.657967],[77.637053,28.653574],[77.643053,28.651967],[77.649053,28.653574],[77.653445,28.657967],[77.655053,28.663967]]]},"properties":{"pincode":"245301","name":"Dhaulana","ppi":109,"income":64600,"_synthetic":true}},{"type":"Feature","geometry":{"type":"Polygon","coordinates":[[[77.338,28.57],[77.336392,28.576],[77.332,28.580392],[77.326,28.582],[77.32,28.580392],[77.315608,28.576],[77.314,28.57],[77.315608,28.564],[77.32,28.559608],[77.326,28.558],[77.332,28.559608],[77.336392,28.564],[77.338,28.57]]]},"properties":{"pincode":"201301","name":"Noida Sec 18-27","ppi":109,"income":108400,"_synthetic":true}},{"type":"Feature","geometry":{"type":"Polygon","coordinates":[[[77.338846,28.358434],[77.337239,28.364434],[77.332846,28.368826],[77.326846,28.370434],[77.320846,28.368826],[77.316454,28.364434],[77.314846,28.358434],[77.316454,28.352434],[77.320846,28.348041],[77.326846,28.346434],[77.332846,28.348041],[77.337239,28.352434],[77.338846,28.358434]]]},"properties":{"pincode":"121001","name":"Faridabad, Haryana","ppi":109,"income":86900,"_synthetic":true}},{"type":"Feature","geometry":{"type":"Polygon","coordinates":[[[75.261453,33.809685],[75.259845,33.815685],[75.255453,33.820077],[75.249453,33.821685],[75.243453,33.820077],[75.23906,33.815685],[75.237453,33.809685],[75.23906,33.803685],[75.243453,33.799293],[75.249453,33.797685],[75.255453,33.799293],[75.259845,33.803685],[75.261453,33.809685]]]},"properties":{"pincode":"192129","name":"Anantnag, Jammu And Kashmir","ppi":109,"income":41000,"_synthetic":true}},{"type":"Feature","geometry":{"type":"Polygon","coordinates":[[[73.664209,16.135719],[73.662601,16.141719],[73.658209,16.146112],[73.652209,16.147719],[73.646209,16.146112],[73.641816,16.141719],[73.640209,16.135719],[73.641816,16.129719],[73.646209,16.125327],[73.652209,16.123719],[73.658209,16.125327],[73.662601,16.129719],[73.664209,16.135719]]]},"properties":{"pincode":"416603","name":"Sindhudurg, Maharashtra","ppi":109,"income":53700,"_synthetic":true}},{"type":"Feature","geometry":{"type":"Polygon","coordinates":[[[73.872,18.745225],[73.870392,18.751225],[73.866,18.755618],[73.86,18.757225],[73.854,18.755618],[73.849608,18.751225],[73.848,18.745225],[73.849608,18.739225],[73.854,18.734833],[73.86,18.733225],[73.866,18.734833],[73.870392,18.739225],[73.872,18.745225]]]},"properties":{"pincode":"410500","name":"Chakan","ppi":109,"income":40000,"_synthetic":true}},{"type":"Feature","geometry":{"type":"Polygon","coordinates":[[[77.334342,28.059943],[77.332735,28.065943],[77.328342,28.070335],[77.322342,28.071943],[77.316342,28.070335],[77.31195,28.065943],[77.310342,28.059943],[77.31195,28.053943],[77.316342,28.04955],[77.322342,28.047943],[77.328342,28.04955],[77.332735,28.053943],[77.334342,28.059943]]]},"properties":{"pincode":"D706630","name":"Palwal, Haryana","ppi":109,"income":90200,"_synthetic":true}},{"type":"Feature","geometry":{"type":"Polygon","coordinates":[[[77.601252,28.711604],[77.599644,28.717604],[77.595252,28.721996],[77.589252,28.723604],[77.583252,28.721996],[77.578859,28.717604],[77.577252,28.711604],[77.578859,28.705604],[77.583252,28.701212],[77.589252,28.699604],[77.595252,28.701212],[77.599644,28.705604],[77.601252,28.711604]]]},"properties":{"pincode":"201015","name":"Nigrawati Nigrayti","ppi":109,"income":67400,"_synthetic":true}},{"type":"Feature","geometry":{"type":"Polygon","coordinates":[[[74.2553,16.705],[74.253692,16.711],[74.2493,16.715392],[74.2433,16.717],[74.2373,16.715392],[74.232908,16.711],[74.2313,16.705],[74.232908,16.699],[74.2373,16.694608],[74.2433,16.693],[74.2493,16.694608],[74.253692,16.699],[74.2553,16.705]]]},"properties":{"pincode":"416001","name":"Kolhapur City Center","ppi":109,"income":48300,"_synthetic":true}},{"type":"Feature","geometry":{"type":"Polygon","coordinates":[[[73.972541,18.424586],[73.970933,18.430586],[73.966541,18.434978],[73.960541,18.436586],[73.954541,18.434978],[73.950149,18.430586],[73.948541,18.424586],[73.950149,18.418586],[73.954541,18.414194],[73.960541,18.412586],[73.966541,18.414194],[73.970933,18.418586],[73.972541,18.424586]]]},"properties":{"pincode":"412308","name":"412308","ppi":108,"income":73000,"_synthetic":true}},{"type":"Feature","geometry":{"type":"Polygon","coordinates":[[[75.38752,28.107143],[75.385913,28.113143],[75.38152,28.117536],[75.37552,28.119143],[75.36952,28.117536],[75.365128,28.113143],[75.36352,28.107143],[75.365128,28.101143],[75.36952,28.096751],[75.37552,28.095143],[75.38152,28.096751],[75.385913,28.101143],[75.38752,28.107143]]]},"properties":{"pincode":"333001","name":"Jhunjhununu, Rajasthan","ppi":108,"income":48900,"_synthetic":true}},{"type":"Feature","geometry":{"type":"Polygon","coordinates":[[[94.282064,26.650077],[94.280457,26.656077],[94.276064,26.660469],[94.270064,26.662077],[94.264064,26.660469],[94.259672,26.656077],[94.258064,26.650077],[94.259672,26.644077],[94.264064,26.639684],[94.270064,26.638077],[94.276064,26.639684],[94.280457,26.644077],[94.282064,26.650077]]]},"properties":{"pincode":"785634","name":"Jorhat, Assam","ppi":108,"income":43300,"_synthetic":true}},{"type":"Feature","geometry":{"type":"Polygon","coordinates":[[[77.504376,28.475205],[77.502769,28.481205],[77.498376,28.485597],[77.492376,28.487205],[77.486376,28.485597],[77.481984,28.481205],[77.480376,28.475205],[77.481984,28.469205],[77.486376,28.464813],[77.492376,28.463205],[77.498376,28.464813],[77.502769,28.469205],[77.504376,28.475205]]]},"properties":{"pincode":"201308","name":"Knowledge Park III","ppi":108,"income":60100,"_synthetic":true}},{"type":"Feature","geometry":{"type":"Polygon","coordinates":[[[79.229494,16.857964],[79.227886,16.863964],[79.223494,16.868356],[79.217494,16.869964],[79.211494,16.868356],[79.207101,16.863964],[79.205494,16.857964],[79.207101,16.851964],[79.211494,16.847571],[79.217494,16.845964],[79.223494,16.847571],[79.227886,16.851964],[79.229494,16.857964]]]},"properties":{"pincode":"508377","name":"Nalgonda, Telangana","ppi":108,"income":41900,"_synthetic":true}},{"type":"Feature","geometry":{"type":"Polygon","coordinates":[[[72.848,19.119],[72.846392,19.125],[72.842,19.129392],[72.836,19.131],[72.83,19.129392],[72.825608,19.125],[72.824,19.119],[72.825608,19.113],[72.83,19.108608],[72.836,19.107],[72.842,19.108608],[72.846392,19.113],[72.848,19.119]]]},"properties":{"pincode":"400059","name":"Andheri West","ppi":108,"income":77200,"_synthetic":true}},{"type":"Feature","geometry":{"type":"Polygon","coordinates":[[[80.417754,17.172919],[80.416146,17.178919],[80.411754,17.183311],[80.405754,17.184919],[80.399754,17.183311],[80.395361,17.178919],[80.393754,17.172919],[80.395361,17.166919],[80.399754,17.162527],[80.405754,17.160919],[80.411754,17.162527],[80.416146,17.166919],[80.417754,17.172919]]]},"properties":{"pincode":"507167","name":"Khammam, Telangana","ppi":108,"income":41100,"_synthetic":true}},{"type":"Feature","geometry":{"type":"Polygon","coordinates":[[[77.322791,28.491928],[77.321183,28.497928],[77.316791,28.50232],[77.310791,28.503928],[77.304791,28.50232],[77.300399,28.497928],[77.298791,28.491928],[77.300399,28.485928],[77.304791,28.481536],[77.310791,28.479928],[77.316791,28.481536],[77.321183,28.485928],[77.322791,28.491928]]]},"properties":{"pincode":"121009","name":"Badarpur","ppi":108,"income":108000,"_synthetic":true}},{"type":"Feature","geometry":{"type":"Polygon","coordinates":[[[77.549464,28.570549],[77.547856,28.576549],[77.543464,28.580942],[77.537464,28.582549],[77.531464,28.580942],[77.527071,28.576549],[77.525464,28.570549],[77.527071,28.564549],[77.531464,28.560157],[77.537464,28.558549],[77.543464,28.560157],[77.547856,28.564549],[77.549464,28.570549]]]},"properties":{"pincode":"203207","name":"203207","ppi":108,"income":63000,"_synthetic":true}},{"type":"Feature","geometry":{"type":"Polygon","coordinates":[[[84.156376,18.622438],[84.154769,18.628438],[84.150376,18.63283],[84.144376,18.634438],[84.138376,18.63283],[84.133984,18.628438],[84.132376,18.622438],[84.133984,18.616438],[84.138376,18.612046],[84.144376,18.610438],[84.150376,18.612046],[84.154769,18.616438],[84.156376,18.622438]]]},"properties":{"pincode":"D525821","name":"Srikakulam, Andhra Pradesh","ppi":108,"income":45200,"_synthetic":true}},{"type":"Feature","geometry":{"type":"Polygon","coordinates":[[[75.62248,32.582584],[75.620872,32.588584],[75.61648,32.592976],[75.61048,32.594584],[75.60448,32.592976],[75.600087,32.588584],[75.59848,32.582584],[75.600087,32.576584],[75.60448,32.572191],[75.61048,32.570584],[75.61648,32.572191],[75.620872,32.576584],[75.62248,32.582584]]]},"properties":{"pincode":"D794573","name":"Kathua, Jammu And Kashmir","ppi":108,"income":42300,"_synthetic":true}},{"type":"Feature","geometry":{"type":"Polygon","coordinates":[[[78.278933,13.180507],[78.277325,13.186507],[78.272933,13.190899],[78.266933,13.192507],[78.260933,13.190899],[78.256541,13.186507],[78.254933,13.180507],[78.256541,13.174507],[78.260933,13.170114],[78.266933,13.168507],[78.272933,13.170114],[78.277325,13.174507],[78.278933,13.180507]]]},"properties":{"pincode":"563126","name":"Kolar, Karnataka","ppi":108,"income":84100,"_synthetic":true}},{"type":"Feature","geometry":{"type":"Polygon","coordinates":[[[77.620476,28.531187],[77.618868,28.537187],[77.614476,28.54158],[77.608476,28.543187],[77.602476,28.54158],[77.598084,28.537187],[77.596476,28.531187],[77.598084,28.525187],[77.602476,28.520795],[77.608476,28.519187],[77.614476,28.520795],[77.618868,28.525187],[77.620476,28.531187]]]},"properties":{"pincode":"201314","name":"Beel Akbarpur","ppi":108,"income":62100,"_synthetic":true}},{"type":"Feature","geometry":{"type":"Polygon","coordinates":[[[77.167,28.52],[77.165392,28.526],[77.161,28.530392],[77.155,28.532],[77.149,28.530392],[77.144608,28.526],[77.143,28.52],[77.144608,28.514],[77.149,28.509608],[77.155,28.508],[77.161,28.509608],[77.165392,28.514],[77.167,28.52]]]},"properties":{"pincode":"110070","name":"Vasant Kunj","ppi":107,"income":81000,"_synthetic":true}},{"type":"Feature","geometry":{"type":"Polygon","coordinates":[[[73.771459,18.424586],[73.769851,18.430586],[73.765459,18.434978],[73.759459,18.436586],[73.753459,18.434978],[73.749067,18.430586],[73.747459,18.424586],[73.749067,18.418586],[73.753459,18.414194],[73.759459,18.412586],[73.765459,18.414194],[73.769851,18.418586],[73.771459,18.424586]]]},"properties":{"pincode":"411025","name":"411025","ppi":107,"income":69400,"_synthetic":true}},{"type":"Feature","geometry":{"type":"Polygon","coordinates":[[[77.827664,10.42569],[77.826056,10.43169],[77.821664,10.436082],[77.815664,10.43769],[77.809664,10.436082],[77.805272,10.43169],[77.803664,10.42569],[77.805272,10.41969],[77.809664,10.415297],[77.815664,10.41369],[77.821664,10.415297],[77.826056,10.41969],[77.827664,10.42569]]]},"properties":{"pincode":"624622","name":"Dindigul, Tamil Nadu","ppi":107,"income":55100,"_synthetic":true}},{"type":"Feature","geometry":{"type":"Polygon","coordinates":[[[75.05911,30.179481],[75.057502,30.185481],[75.05311,30.189874],[75.04711,30.191481],[75.04111,30.189874],[75.036717,30.185481],[75.03511,30.179481],[75.036717,30.173481],[75.04111,30.169089],[75.04711,30.167481],[75.05311,30.169089],[75.057502,30.173481],[75.05911,30.179481]]]},"properties":{"pincode":"D450640","name":"Bathinda, Punjab","ppi":107,"income":52900,"_synthetic":true}},{"type":"Feature","geometry":{"type":"Polygon","coordinates":[[[74.532264,29.520891],[74.530656,29.526891],[74.526264,29.531283],[74.520264,29.532891],[74.514264,29.531283],[74.509871,29.526891],[74.508264,29.520891],[74.509871,29.514891],[74.514264,29.510498],[74.520264,29.508891],[74.526264,29.510498],[74.530656,29.514891],[74.532264,29.520891]]]},"properties":{"pincode":"335526","name":"5 GGR","ppi":107,"income":53000,"_synthetic":true}},{"type":"Feature","geometry":{"type":"Polygon","coordinates":[[[76.129963,18.169844],[76.128356,18.175844],[76.123963,18.180236],[76.117963,18.181844],[76.111963,18.180236],[76.107571,18.175844],[76.105963,18.169844],[76.107571,18.163844],[76.111963,18.159452],[76.117963,18.157844],[76.123963,18.159452],[76.128356,18.163844],[76.129963,18.169844]]]},"properties":{"pincode":"D363985","name":"Osmanabad, Maharashtra","ppi":107,"income":34000,"_synthetic":true}},{"type":"Feature","geometry":{"type":"Polygon","coordinates":[[[73.785346,18.520945],[73.783739,18.526945],[73.779346,18.531338],[73.773346,18.532945],[73.767346,18.531338],[73.762954,18.526945],[73.761346,18.520945],[73.762954,18.514945],[73.767346,18.510553],[73.773346,18.508945],[73.779346,18.510553],[73.783739,18.514945],[73.785346,18.520945]]]},"properties":{"pincode":"411072","name":"Bavdhan","ppi":107,"income":69000,"_synthetic":true}},{"type":"Feature","geometry":{"type":"Polygon","coordinates":[[[73.750901,26.987344],[73.749293,26.993344],[73.744901,26.997737],[73.738901,26.999344],[73.732901,26.997737],[73.728509,26.993344],[73.726901,26.987344],[73.728509,26.981344],[73.732901,26.976952],[73.738901,26.975344],[73.744901,26.976952],[73.749293,26.981344],[73.750901,26.987344]]]},"properties":{"pincode":"D939856","name":"Nagaur, Rajasthan","ppi":107,"income":47200,"_synthetic":true}},{"type":"Feature","geometry":{"type":"Polygon","coordinates":[[[74.310429,29.365953],[74.308821,29.371953],[74.304429,29.376346],[74.298429,29.377953],[74.292429,29.376346],[74.288037,29.371953],[74.286429,29.365953],[74.288037,29.359953],[74.292429,29.355561],[74.298429,29.353953],[74.304429,29.355561],[74.308821,29.359953],[74.310429,29.365953]]]},"properties":{"pincode":"D445699","name":"Hanumangarh, Rajasthan","ppi":107,"income":52600,"_synthetic":true}},{"type":"Feature","geometry":{"type":"Polygon","coordinates":[[[74.310278,17.636129],[74.30867,17.642129],[74.304278,17.646521],[74.298278,17.648129],[74.292278,17.646521],[74.287886,17.642129],[74.286278,17.636129],[74.287886,17.630129],[74.292278,17.625737],[74.298278,17.624129],[74.304278,17.625737],[74.30867,17.630129],[74.310278,17.636129]]]},"properties":{"pincode":"D474943","name":"Satara, Maharashtra","ppi":106,"income":53600,"_synthetic":true}},{"type":"Feature","geometry":{"type":"Polygon","coordinates":[[[74.459056,29.457187],[74.457449,29.463187],[74.453056,29.46758],[74.447056,29.469187],[74.441056,29.46758],[74.436664,29.463187],[74.435056,29.457187],[74.436664,29.451187],[74.441056,29.446795],[74.447056,29.445187],[74.453056,29.446795],[74.457449,29.451187],[74.459056,29.457187]]]},"properties":{"pincode":"335525","name":"Ramzanpura","ppi":106,"income":51700,"_synthetic":true}},{"type":"Feature","geometry":{"type":"Polygon","coordinates":[[[94.028886,24.83267],[94.027278,24.83867],[94.022886,24.843062],[94.016886,24.84467],[94.010886,24.843062],[94.006494,24.83867],[94.004886,24.83267],[94.006494,24.82667],[94.010886,24.822277],[94.016886,24.82067],[94.022886,24.822277],[94.027278,24.82667],[94.028886,24.83267]]]},"properties":{"pincode":"795010","name":"Imphal East, Manipur","ppi":106,"income":46800,"_synthetic":true}},{"type":"Feature","geometry":{"type":"Polygon","coordinates":[[[75.039997,27.662416],[75.038389,27.668416],[75.033997,27.672808],[75.027997,27.674416],[75.021997,27.672808],[75.017605,27.668416],[75.015997,27.662416],[75.017605,27.656416],[75.021997,27.652023],[75.027997,27.650416],[75.033997,27.652023],[75.038389,27.656416],[75.039997,27.662416]]]},"properties":{"pincode":"332041","name":"Sikar, Rajasthan","ppi":106,"income":48300,"_synthetic":true}},{"type":"Feature","geometry":{"type":"Polygon","coordinates":[[[75.333076,19.871777],[75.331468,19.877777],[75.327076,19.882169],[75.321076,19.883777],[75.315076,19.882169],[75.310684,19.877777],[75.309076,19.871777],[75.310684,19.865777],[75.315076,19.861385],[75.321076,19.859777],[75.327076,19.861385],[75.331468,19.865777],[75.333076,19.871777]]]},"properties":{"pincode":"431002","name":"Aurangabad, Maharashtra","ppi":106,"income":64900,"_synthetic":true}},{"type":"Feature","geometry":{"type":"Polygon","coordinates":[[[79.230293,18.4076],[79.228686,18.4136],[79.224293,18.417992],[79.218293,18.4196],[79.212293,18.417992],[79.207901,18.4136],[79.206293,18.4076],[79.207901,18.4016],[79.212293,18.397207],[79.218293,18.3956],[79.224293,18.397207],[79.228686,18.4016],[79.230293,18.4076]]]},"properties":{"pincode":"505469","name":"Karimnagar, Telangana","ppi":106,"income":40200,"_synthetic":true}},{"type":"Feature","geometry":{"type":"Polygon","coordinates":[[[74.7033,28.204778],[74.701692,28.210778],[74.6973,28.21517],[74.6913,28.216778],[74.6853,28.21517],[74.680907,28.210778],[74.6793,28.204778],[74.680907,28.198778],[74.6853,28.194386],[74.6913,28.192778],[74.6973,28.194386],[74.701692,28.198778],[74.7033,28.204778]]]},"properties":{"pincode":"D846953","name":"Churu, Rajasthan","ppi":106,"income":48200,"_synthetic":true}},{"type":"Feature","geometry":{"type":"Polygon","coordinates":[[[73.92396,18.697261],[73.922352,18.703261],[73.91796,18.707654],[73.91196,18.709261],[73.90596,18.707654],[73.901567,18.703261],[73.89996,18.697261],[73.901567,18.691261],[73.90596,18.686869],[73.91196,18.685261],[73.91796,18.686869],[73.922352,18.691261],[73.92396,18.697261]]]},"properties":{"pincode":"412105","name":"Alandi","ppi":106,"income":57200,"_synthetic":true}},{"type":"Feature","geometry":{"type":"Polygon","coordinates":[[[74.2622989,29.6148873],[74.2757731,29.6013533],[74.2847069,29.6078961],[74.292888,29.6010673],[74.3047667,29.6105845],[74.309943,29.6195474],[74.3252549,29.6239391],[74.3208578,29.6313667],[74.3087664,29.633658],[74.3065781,29.6411686],[74.2883044,29.6374094],[74.2823145,29.6346725],[74.2826988,29.6407577],[74.2795867,29.6406095],[74.275901,29.63896],[74.2710926,29.634904],[74.2724394,29.6309195],[74.2628644,29.6178887],[74.2622989,29.6148873]]]},"properties":{"pincode":"335512","name":"Satipura","ppi":106,"income":52000}},{"type":"Feature","geometry":{"type":"Polygon","coordinates":[[[79.026506,21.152965],[79.024898,21.158965],[79.020506,21.163357],[79.014506,21.164965],[79.008506,21.163357],[79.004114,21.158965],[79.002506,21.152965],[79.004114,21.146965],[79.008506,21.142572],[79.014506,21.140965],[79.020506,21.142572],[79.024898,21.146965],[79.026506,21.152965]]]},"properties":{"pincode":"440021","name":"Nagpur, Maharashtra","ppi":106,"income":53100,"_synthetic":true}},{"type":"Feature","geometry":{"type":"Polygon","coordinates":[[[77.486213,28.521494],[77.484605,28.527494],[77.480213,28.531887],[77.474213,28.533494],[77.468213,28.531887],[77.46382,28.527494],[77.462213,28.521494],[77.46382,28.515494],[77.468213,28.511102],[77.474213,28.509494],[77.480213,28.511102],[77.484605,28.515494],[77.486213,28.521494]]]},"properties":{"pincode":"201306","name":"Surajpur","ppi":106,"income":63400,"_synthetic":true}},{"type":"Feature","geometry":{"type":"Polygon","coordinates":[[[93.873737,24.75908],[93.872129,24.76508],[93.867737,24.769473],[93.861737,24.77108],[93.855737,24.769473],[93.851344,24.76508],[93.849737,24.75908],[93.851344,24.75308],[93.855737,24.748688],[93.861737,24.74708],[93.867737,24.748688],[93.872129,24.75308],[93.873737,24.75908]]]},"properties":{"pincode":"795113","name":"Imphal West, Manipur","ppi":106,"income":46600,"_synthetic":true}},{"type":"Feature","geometry":{"type":"Polygon","coordinates":[[[74.012,29.5],[74.010392,29.506],[74.006,29.510392],[74.0,29.512],[73.994,29.510392],[73.989608,29.506],[73.988,29.5],[73.989608,29.494],[73.994,29.489608],[74.0,29.488],[74.006,29.489608],[74.010392,29.494],[74.012,29.5]]]},"properties":{"pincode":"335803","name":"Ganganagar, Rajasthan","ppi":106,"income":51800,"_synthetic":true}},{"type":"Feature","geometry":{"type":"Polygon","coordinates":[[[71.919762,21.56567],[71.918155,21.57167],[71.913762,21.576063],[71.907762,21.57767],[71.901762,21.576063],[71.89737,21.57167],[71.895762,21.56567],[71.89737,21.55967],[71.901762,21.555278],[71.907762,21.55367],[71.913762,21.555278],[71.918155,21.55967],[71.919762,21.56567]]]},"properties":{"pincode":"D656917","name":"Bhavnagar, Gujarat","ppi":105,"income":44000,"_synthetic":true}},{"type":"Feature","geometry":{"type":"Polygon","coordinates":[[[77.025222,28.360829],[77.023615,28.366829],[77.019222,28.371221],[77.013222,28.372829],[77.007222,28.371221],[77.00283,28.366829],[77.001222,28.360829],[77.00283,28.354829],[77.007222,28.350437],[77.013222,28.348829],[77.019222,28.350437],[77.023615,28.354829],[77.025222,28.360829]]]},"properties":{"pincode":"122004","name":"Sector 77","ppi":105,"income":124500,"_synthetic":true}},{"type":"Feature","geometry":{"type":"Polygon","coordinates":[[[73.284614,27.882183],[73.283007,27.888183],[73.278614,27.892575],[73.272614,27.894183],[73.266614,27.892575],[73.262222,27.888183],[73.260614,27.882183],[73.262222,27.876183],[73.266614,27.871791],[73.272614,27.870183],[73.278614,27.871791],[73.283007,27.876183],[73.284614,27.882183]]]},"properties":{"pincode":"334402","name":"Palana","ppi":105,"income":48400,"_synthetic":true}},{"type":"Feature","geometry":{"type":"Polygon","coordinates":[[[73.284614,28.00959],[73.283007,28.01559],[73.278614,28.019982],[73.272614,28.02159],[73.266614,28.019982],[73.262222,28.01559],[73.260614,28.00959],[73.262222,28.00359],[73.266614,27.999197],[73.272614,27.99759],[73.278614,27.999197],[73.283007,28.00359],[73.284614,28.00959]]]},"properties":{"pincode":"334005","name":"Ganesh Vihar","ppi":105,"income":48500,"_synthetic":true}},{"type":"Feature","geometry":{"type":"Polygon","coordinates":[[[72.8598,19.0178],[72.858192,19.0238],[72.8538,19.028192],[72.8478,19.0298],[72.8418,19.028192],[72.837408,19.0238],[72.8358,19.0178],[72.837408,19.0118],[72.8418,19.007408],[72.8478,19.0058],[72.8538,19.007408],[72.858192,19.0118],[72.8598,19.0178]]]},"properties":{"pincode":"400028","name":"Dadar West","ppi":105,"income":73700,"_synthetic":true}},{"type":"Feature","geometry":{"type":"Polygon","coordinates":[[[77.7916,20.9374],[77.789992,20.9434],[77.7856,20.947792],[77.7796,20.9494],[77.7736,20.947792],[77.769208,20.9434],[77.7676,20.9374],[77.769208,20.9314],[77.7736,20.927008],[77.7796,20.9254],[77.7856,20.927008],[77.789992,20.9314],[77.7916,20.9374]]]},"properties":{"pincode":"444601","name":"Amravati City Center","ppi":105,"income":28400,"_synthetic":true}},{"type":"Feature","geometry":{"type":"Polygon","coordinates":[[[78.7786207,22.1983014],[78.7798589,22.1957486],[78.7829545,22.1961387],[78.7852944,22.1956524],[78.7861111,22.1960389],[78.787512,22.196787],[78.7908848,22.1959985],[78.7936022,22.1966817],[78.7938327,22.1962935],[78.7941869,22.1959505],[78.7947883,22.1954902],[78.7958191,22.1948744],[78.7974754,22.194006],[78.7991387,22.1935619],[78.8002468,22.1933186],[78.8008626,22.1932625],[78.8031027,22.1934576],[78.8051705,22.1937521],[78.8058707,22.194538],[78.8062874,22.1951748],[78.8063284,22.1956535],[78.8062624,22.1967236],[78.8061578,22.1973309],[78.8060461,22.1976763],[78.8058836,22.1979156],[78.8057648,22.1980487],[78.805595,22.1981908],[78.8054907,22.1983488],[78.8051602,22.1998162],[78.804837,22.2012836],[78.8045138,22.2027284],[78.8042634,22.2041732],[78.8040686,22.2057671],[78.8039467,22.20737],[78.8038342,22.2089864],[78.8037219,22.210612],[78.8036344,22.2112847],[78.8035125,22.2122961],[78.8034734,22.2130885],[78.8032158,22.2141473],[78.8016449,22.2183007],[78.8012645,22.2177294],[78.8011773,22.217481],[78.8009594,22.2169277],[78.8005184,22.2163812],[78.8001476,22.2161327],[78.7995051,22.2159743],[78.798928,22.2158928],[78.7986055,22.2158926],[78.7968863,22.2158986],[78.7957856,22.2159365],[78.7930894,22.2157838],[78.7881147,22.2143703],[78.787938,22.2137109],[78.7894736,22.2125332],[78.7911789,22.2112946],[78.7925566,22.2103629],[78.7933231,22.2097785],[78.7942303,22.2090136],[78.7957977,22.2073233],[78.79777,22.2051456],[78.7976929,22.2042109],[78.7953921,22.204115],[78.7950019,22.2038371],[78.7948153,22.2037647],[78.7945026,22.2036923],[78.7931399,22.203721],[78.7928423,22.2027884],[78.7927962,22.2027138],[78.7905585,22.2024373],[78.7889779,22.2023055],[78.78843,22.2022013],[78.7874144,22.2017561],[78.7857079,22.2011568],[78.7852714,22.201362],[78.7849273,22.2009962],[78.7839721,22.201025],[78.7840984,22.2006525],[78.7824722,22.1997621],[78.7817038,22.1994275],[78.7786207,22.1983014]]]},"properties":{"pincode":"D213047","name":"Chhindwara, Madhya Pradesh","ppi":105,"income":49700}},{"type":"Feature","geometry":{"type":"Polygon","coordinates":[[[73.356727,27.945886],[73.355119,27.951886],[73.350727,27.956279],[73.344727,27.957886],[73.338727,27.956279],[73.334334,27.951886],[73.332727,27.945886],[73.334334,27.939886],[73.338727,27.935494],[73.344727,27.933886],[73.350727,27.935494],[73.355119,27.939886],[73.356727,27.945886]]]},"properties":{"pincode":"334001","name":"334001","ppi":105,"income":48500,"_synthetic":true}},{"type":"Feature","geometry":{"type":"Polygon","coordinates":[[[75.601008,33.13261],[75.5994,33.13861],[75.595008,33.143002],[75.589008,33.14461],[75.583008,33.143002],[75.578616,33.13861],[75.577008,33.13261],[75.578616,33.12661],[75.583008,33.122218],[75.589008,33.12061],[75.595008,33.122218],[75.5994,33.12661],[75.601008,33.13261]]]},"properties":{"pincode":"182202","name":"Doda, Jammu And Kashmir","ppi":105,"income":39000,"_synthetic":true}},{"type":"Feature","geometry":{"type":"Polygon","coordinates":[[[73.2483257,28.0923691],[73.2492319,28.0910232],[73.2511439,28.0881371],[73.2531141,28.0851833],[73.2553301,28.0818937],[73.2573448,28.0788937],[73.2599408,28.0750565],[73.2607997,28.0737915],[73.2654148,28.0688535],[73.2669362,28.0672056],[73.2697565,28.064249],[73.2738726,28.0598329],[73.2768526,28.0566645],[73.2786071,28.0534925],[73.2799663,28.0538599],[73.2833839,28.0545324],[73.2929766,28.0565802],[73.2930605,28.0619559],[73.2972664,28.0621331],[73.2971351,28.0573525],[73.2972113,28.0585137],[73.2978642,28.0584784],[73.2981336,28.0571747],[73.2986254,28.0580561],[73.2989082,28.0586119],[73.2989174,28.0591009],[73.2990493,28.0596385],[73.2996173,28.0602257],[73.307085,28.0600908],[73.3120591,28.0601805],[73.3130853,28.0604347],[73.3140522,28.0609811],[73.3145667,28.0605658],[73.3162603,28.0633319],[73.3192209,28.0708549],[73.3207409,28.0713638],[73.3276385,28.0690864],[73.3304965,28.0740925],[73.3353187,28.0781859],[73.3364989,28.0790947],[73.3375825,28.0783279],[73.3394064,28.0818587],[73.339503,28.0844807],[73.3377542,28.0848783],[73.3368208,28.0863738],[73.3394493,28.0887591],[73.3392669,28.0910307],[73.3471848,28.0910023],[73.3473779,28.0956022],[73.3446743,28.0954981],[73.3446313,28.1002208],[73.3419277,28.1000126],[73.3422066,28.10465],[73.3395888,28.1047067],[73.3396102,28.1137916],[73.3389236,28.1136023],[73.3386983,28.1141133],[73.3370997,28.1137348],[73.3370353,28.1183716],[73.3359088,28.118135],[73.3336557,28.1221092],[73.3357908,28.1233204],[73.3330475,28.1289987],[73.3319633,28.1312718],[73.3302705,28.1345247],[73.3227477,28.1318545],[73.3106947,28.1276145],[73.3067362,28.127005],[73.2980855,28.1257981],[73.2921968,28.124595],[73.2811564,28.1212221],[73.2776767,28.120305],[73.2746815,28.1195126],[73.2747265,28.1188136],[73.2753488,28.1175834],[73.2768079,28.1153786],[73.2777413,28.1158234],[73.2782455,28.1145553],[73.2780417,28.1142147],[73.2789196,28.1125568],[73.2739334,28.1087121],[73.2731493,28.1100225],[73.272274,28.1096824],[73.2707613,28.1090436],[73.2693612,28.1082771],[73.2695114,28.1078276],[73.2682561,28.1070232],[73.2679342,28.1075626],[73.2673924,28.1074301],[73.2650918,28.1061526],[73.2633852,28.1050831],[73.262838,28.1018134],[73.2614325,28.100796],[73.2585922,28.0990848],[73.2568541,28.100988],[73.2564852,28.10078],[73.2563387,28.10082],[73.2550496,28.1022859],[73.2530979,28.099401],[73.2508519,28.0960812],[73.2483257,28.0923691]]]},"properties":{"pincode":"334004","name":"Choudhary Bhimsen Nagar","ppi":105,"income":48500}},{"type":"Feature","geometry":{"type":"Polygon","coordinates":[[[73.288062,27.914012],[73.286454,27.920012],[73.282062,27.924404],[73.276062,27.926012],[73.270062,27.924404],[73.26567,27.920012],[73.264062,27.914012],[73.26567,27.908012],[73.270062,27.903619],[73.276062,27.902012],[73.282062,27.903619],[73.286454,27.908012],[73.288062,27.914012]]]},"properties":{"pincode":"334401","name":"Udai Ramsar","ppi":105,"income":48400,"_synthetic":true}},{"type":"Feature","geometry":{"type":"Polygon","coordinates":[[[77.548011,28.692709],[77.546403,28.698709],[77.542011,28.703102],[77.536011,28.704709],[77.530011,28.703102],[77.525618,28.698709],[77.524011,28.692709],[77.525618,28.686709],[77.530011,28.682317],[77.536011,28.680709],[77.542011,28.682317],[77.546403,28.686709],[77.548011,28.692709]]]},"properties":{"pincode":"201009","name":"Masuri","ppi":105,"income":64400,"_synthetic":true}},{"type":"Feature","geometry":{"type":"Polygon","coordinates":[[[79.813947,17.867581],[79.812339,17.873581],[79.807947,17.877974],[79.801947,17.879581],[79.795947,17.877974],[79.791555,17.873581],[79.789947,17.867581],[79.791555,17.861581],[79.795947,17.857189],[79.801947,17.855581],[79.807947,17.857189],[79.812339,17.861581],[79.813947,17.867581]]]},"properties":{"pincode":"506331","name":"Warangal, Telangana","ppi":104,"income":40300,"_synthetic":true}},{"type":"Feature","geometry":{"type":"Polygon","coordinates":[[[77.0296069,28.4743603],[77.0302433,28.4738979],[77.0378622,28.4683624],[77.0429769,28.47403],[77.0463887,28.4778778],[77.0490452,28.4809201],[77.0494004,28.4814748],[77.0473136,28.48153],[77.0447602,28.4809547],[77.0425715,28.4804077],[77.0409922,28.4797948],[77.0378937,28.4788611],[77.0358552,28.4784462],[77.0342244,28.478333],[77.0329241,28.4785311],[77.0320237,28.4787385],[77.0311118,28.4766142],[77.0297814,28.4746904],[77.0296069,28.4743603]]]},"properties":{"pincode":"122002","name":"Gurgaon City","ppi":104,"income":83400}},{"type":"Feature","geometry":{"type":"Polygon","coordinates":[[[77.504573,28.66598],[77.502966,28.67198],[77.498573,28.676372],[77.492573,28.67798],[77.486573,28.676372],[77.482181,28.67198],[77.480573,28.66598],[77.482181,28.65998],[77.486573,28.655588],[77.492573,28.65398],[77.498573,28.655588],[77.502966,28.65998],[77.504573,28.66598]]]},"properties":{"pincode":"201001","name":"Ghaziabad","ppi":104,"income":65100,"_synthetic":true}},{"type":"Feature","geometry":{"type":"Polygon","coordinates":[[[88.262,26.75],[88.260392,26.756],[88.256,26.760392],[88.25,26.762],[88.244,26.760392],[88.239608,26.756],[88.238,26.75],[88.239608,26.744],[88.244,26.739608],[88.25,26.738],[88.256,26.739608],[88.260392,26.744],[88.262,26.75]]]},"properties":{"pincode":"734431","name":"Darjiling, West Bengal","ppi":104,"income":67200,"_synthetic":true}},{"type":"Feature","geometry":{"type":"Polygon","coordinates":[[[74.014266,18.519947],[74.012658,18.525947],[74.008266,18.530339],[74.002266,18.531947],[73.996266,18.530339],[73.991873,18.525947],[73.990266,18.519947],[73.991873,18.513947],[73.996266,18.509554],[74.002266,18.507947],[74.008266,18.509554],[74.012658,18.513947],[74.014266,18.519947]]]},"properties":{"pincode":"412307","name":"412307","ppi":104,"income":67500,"_synthetic":true}},{"type":"Feature","geometry":{"type":"Polygon","coordinates":[[[79.073104,12.902185],[79.071496,12.908185],[79.067104,12.912577],[79.061104,12.914185],[79.055104,12.912577],[79.050712,12.908185],[79.049104,12.902185],[79.050712,12.896185],[79.055104,12.891793],[79.061104,12.890185],[79.067104,12.891793],[79.071496,12.896185],[79.073104,12.902185]]]},"properties":{"pincode":"632010","name":"Vellore, Tamil Nadu","ppi":104,"income":49200,"_synthetic":true}},{"type":"Feature","geometry":{"type":"Polygon","coordinates":[[[76.537269,27.829789],[76.535661,27.835789],[76.531269,27.840182],[76.525269,27.841789],[76.519269,27.840182],[76.514876,27.835789],[76.513269,27.829789],[76.514876,27.823789],[76.519269,27.819397],[76.525269,27.817789],[76.531269,27.819397],[76.535661,27.823789],[76.537269,27.829789]]]},"properties":{"pincode":"301407","name":"Mandawar","ppi":104,"income":49800,"_synthetic":true}},{"type":"Feature","geometry":{"type":"Polygon","coordinates":[[[74.532953,30.46559],[74.531345,30.47159],[74.526953,30.475982],[74.520953,30.47759],[74.514953,30.475982],[74.51056,30.47159],[74.508953,30.46559],[74.51056,30.45959],[74.514953,30.455197],[74.520953,30.45359],[74.526953,30.455197],[74.531345,30.45959],[74.532953,30.46559]]]},"properties":{"pincode":"152026","name":"Muktsar, Punjab","ppi":104,"income":51000,"_synthetic":true}},{"type":"Feature","geometry":{"type":"Polygon","coordinates":[[[93.612174,25.449969],[93.610566,25.455969],[93.606174,25.460361],[93.600174,25.461969],[93.594174,25.460361],[93.589781,25.455969],[93.588174,25.449969],[93.589781,25.443969],[93.594174,25.439577],[93.600174,25.437969],[93.606174,25.439577],[93.610566,25.443969],[93.612174,25.449969]]]},"properties":{"pincode":"D237982","name":"Peren, Nagaland","ppi":103,"income":45000,"_synthetic":true}},{"type":"Feature","geometry":{"type":"Polygon","coordinates":[[[74.708132,25.470994],[74.706524,25.476994],[74.702132,25.481386],[74.696132,25.482994],[74.690132,25.481386],[74.685739,25.476994],[74.684132,25.470994],[74.685739,25.464994],[74.690132,25.460602],[74.696132,25.458994],[74.702132,25.460602],[74.706524,25.464994],[74.708132,25.470994]]]},"properties":{"pincode":"D794663","name":"Bhilwara, Rajasthan","ppi":103,"income":45500,"_synthetic":true}},{"type":"Feature","geometry":{"type":"Polygon","coordinates":[[[75.58729,29.535921],[75.585682,29.541921],[75.58129,29.546313],[75.57529,29.547921],[75.56929,29.546313],[75.564898,29.541921],[75.56329,29.535921],[75.564898,29.529921],[75.56929,29.525529],[75.57529,29.523921],[75.58129,29.525529],[75.585682,29.529921],[75.58729,29.535921]]]},"properties":{"pincode":"D965985","name":"Fatehabad, Haryana","ppi":103,"income":52000,"_synthetic":true}},{"type":"Feature","geometry":{"type":"Polygon","coordinates":[[[77.2028,28.7143],[77.201192,28.7203],[77.1968,28.724692],[77.1908,28.7263],[77.1848,28.724692],[77.180408,28.7203],[77.1788,28.7143],[77.180408,28.7083],[77.1848,28.703908],[77.1908,28.7023],[77.1968,28.703908],[77.201192,28.7083],[77.2028,28.7143]]]},"properties":{"pincode":"110009","name":"Model Town","ppi":103,"income":42000,"_synthetic":true}},{"type":"Feature","geometry":{"type":"Polygon","coordinates":[[[74.116233,20.225456],[74.114625,20.231456],[74.110233,20.235848],[74.104233,20.237456],[74.098233,20.235848],[74.093841,20.231456],[74.092233,20.225456],[74.093841,20.219456],[74.098233,20.215064],[74.104233,20.213456],[74.110233,20.215064],[74.114625,20.219456],[74.116233,20.225456]]]},"properties":{"pincode":"D966900","name":"Nashik, Maharashtra","ppi":103,"income":39600,"_synthetic":true}},{"type":"Feature","geometry":{"type":"Polygon","coordinates":[[[80.174281,19.75907],[80.172673,19.76507],[80.168281,19.769463],[80.162281,19.77107],[80.156281,19.769463],[80.151888,19.76507],[80.150281,19.75907],[80.151888,19.75307],[80.156281,19.748678],[80.162281,19.74707],[80.168281,19.748678],[80.172673,19.75307],[80.174281,19.75907]]]},"properties":{"pincode":"D770954","name":"Gadchiroli, Maharashtra","ppi":103,"income":50800,"_synthetic":true}},{"type":"Feature","geometry":{"type":"Polygon","coordinates":[[[77.395861,28.705534],[77.394253,28.711534],[77.389861,28.715926],[77.383861,28.717534],[77.377861,28.715926],[77.373469,28.711534],[77.371861,28.705534],[77.373469,28.699534],[77.377861,28.695142],[77.383861,28.693534],[77.389861,28.695142],[77.394253,28.699534],[77.395861,28.705534]]]},"properties":{"pincode":"201003","name":"201003","ppi":103,"income":66700,"_synthetic":true}},{"type":"Feature","geometry":{"type":"Polygon","coordinates":[[[74.664544,30.875383],[74.662936,30.881383],[74.658544,30.885776],[74.652544,30.887383],[74.646544,30.885776],[74.642151,30.881383],[74.640544,30.875383],[74.642151,30.869383],[74.646544,30.864991],[74.652544,30.863383],[74.658544,30.864991],[74.662936,30.869383],[74.664544,30.875383]]]},"properties":{"pincode":"152004","name":"Firozpur, Punjab","ppi":102,"income":48700,"_synthetic":true}},{"type":"Feature","geometry":{"type":"Polygon","coordinates":[[[75.238504,12.822643],[75.236896,12.828643],[75.232504,12.833036],[75.226504,12.834643],[75.220504,12.833036],[75.216111,12.828643],[75.214504,12.822643],[75.216111,12.816643],[75.220504,12.812251],[75.226504,12.810643],[75.232504,12.812251],[75.236896,12.816643],[75.238504,12.822643]]]},"properties":{"pincode":"574220","name":"Dakshina Kannada, Karnataka","ppi":102,"income":44400,"_synthetic":true}},{"type":"Feature","geometry":{"type":"Polygon","coordinates":[[[77.432998,28.551354],[77.43139,28.557354],[77.426998,28.561746],[77.420998,28.563354],[77.414998,28.561746],[77.410605,28.557354],[77.408998,28.551354],[77.410605,28.545354],[77.414998,28.540962],[77.420998,28.539354],[77.426998,28.540962],[77.43139,28.545354],[77.432998,28.551354]]]},"properties":{"pincode":"201305","name":"Kakrala","ppi":102,"income":62100,"_synthetic":true}},{"type":"Feature","geometry":{"type":"Polygon","coordinates":[[[78.6340056,10.8767654],[78.6369989,10.875566],[78.6445733,10.8751297],[78.6465189,10.8741832],[78.6485035,10.8744273],[78.6495223,10.8744697],[78.6520513,10.8739506],[78.6529683,10.8727964],[78.6547701,10.8726765],[78.6567,10.8716434],[78.6586139,10.8708779],[78.6601974,10.8698692],[78.6615429,10.8689053],[78.6625303,10.868955],[78.6641185,10.8681283],[78.6655749,10.8673186],[78.6686898,10.8662998],[78.6718549,10.8638511],[78.6811999,10.8570528],[78.6738081,10.8532786],[78.6818202,10.8475682],[78.6845645,10.8456397],[78.686103,10.8433982],[78.6858642,10.8424117],[78.6843603,10.8411137],[78.6865362,10.8378765],[78.6867684,10.8356396],[78.6872026,10.8340432],[78.6875299,10.833611],[78.6877431,10.8322637],[78.687848,10.8316012],[78.6882031,10.8299926],[78.6884692,10.8287546],[78.6889168,10.8267756],[78.6894749,10.8238285],[78.6897612,10.8224519],[78.6902162,10.8205463],[78.6907217,10.8193257],[78.6911886,10.8184616],[78.6916268,10.8183115],[78.6920643,10.8181767],[78.692575,10.8180525],[78.6927952,10.8175466],[78.6932217,10.817583],[78.6932832,10.8193576],[78.6932855,10.8202012],[78.693905,10.8202226],[78.6938911,10.819754],[78.694502,10.8198408],[78.6945854,10.8192781],[78.6949224,10.8192987],[78.6947234,10.8201512],[78.6964811,10.8204959],[78.6970547,10.820477],[78.6970048,10.8196622],[78.6987661,10.8196013],[78.699584,10.8195146],[78.6999391,10.8195118],[78.699918,10.8192373],[78.7010754,10.8190941],[78.7009826,10.8212942],[78.7009734,10.8216215],[78.7009602,10.8220891],[78.7009395,10.8228203],[78.7008764,10.823459],[78.7008326,10.8239026],[78.7008131,10.8258749],[78.7011251,10.8258502],[78.7011384,10.8264803],[78.7031431,10.8263247],[78.7055531,10.8266048],[78.707666,10.8267819],[78.7079495,10.8278202],[78.707961,10.8295615],[78.7075705,10.8351732],[78.703789,10.8351686],[78.6992269,10.8358608],[78.6992639,10.8366028],[78.7025739,10.8361],[78.7072829,10.8354968],[78.7124184,10.8350443],[78.7149334,10.8352438],[78.7140187,10.8379729],[78.7126143,10.8391],[78.7138737,10.8406302],[78.714024,10.8408128],[78.7183255,10.8409679],[78.723892,10.8407611],[78.7280541,10.8415093],[78.7298502,10.8421001],[78.7318197,10.842284],[78.7425961,10.8420527],[78.7483019,10.8428419],[78.7504601,10.8428332],[78.752623,10.8488839],[78.7530546,10.8500912],[78.7516495,10.85094],[78.7472603,10.852583],[78.7438026,10.8535672],[78.741941,10.8542262],[78.7398969,10.8549867],[78.7379477,10.8557545],[78.7365398,10.8562772],[78.7356896,10.8562072],[78.7348169,10.8559108],[78.7340608,10.8558996],[78.7309961,10.8569811],[78.729892,10.8574743],[78.7287522,10.8578627],[78.7280609,10.8582915],[78.7272427,10.8588943],[78.7264326,10.8595502],[78.7255693,10.8598252],[78.7249448,10.8594984],[78.7245994,10.8592162],[78.7245179,10.8591496],[78.7237909,10.8590978],[78.7233668,10.8591771],[78.7226065,10.8594305],[78.7220417,10.8593029],[78.7206796,10.8594943],[78.7202543,10.8595541],[78.7189608,10.8597965],[78.7177414,10.860025],[78.716628,10.8602337],[78.7164986,10.8602666],[78.71445,10.8607869],[78.7120682,10.8615402],[78.7113333,10.861772],[78.7109631,10.8619564],[78.7107754,10.8621408],[78.7104535,10.8623832],[78.709335,10.8628231],[78.7085056,10.8631209],[78.7081173,10.8632603],[78.7077633,10.8633999],[78.7076613,10.8635027],[78.7075782,10.8636475],[78.7074575,10.8637687],[78.7073126,10.8638504],[78.7051883,10.8645695],[78.7042353,10.8648467],[78.7040105,10.8649121],[78.7036487,10.8650173],[78.7029701,10.8652649],[78.7020288,10.8657544],[78.7018758,10.8658339],[78.7005907,10.8664313],[78.6990434,10.8669771],[78.6985064,10.8671382],[78.6980778,10.8672668],[78.6979173,10.8672922],[78.6975789,10.8673459],[78.6967796,10.8673933],[78.6951005,10.8677831],[78.694194,10.8680781],[78.6938292,10.8682573],[78.693223,10.868626],[78.6928046,10.8687472],[78.6923299,10.8688685],[78.6920214,10.8689474],[78.6914002,10.8692841],[78.6910557,10.8694711],[78.6906059,10.8697152],[78.6904815,10.8697965],[78.6900151,10.8701011],[78.6875223,10.8713315],[78.6874356,10.8713743],[78.6868096,10.8716833],[78.680681,10.873989],[78.678621,10.8743788],[78.6768508,10.8748424],[78.674587,10.8756327],[78.6734927,10.8758961],[78.6720765,10.8760014],[78.6704457,10.8764755],[78.6693942,10.8768759],[78.6681282,10.8773816],[78.6645341,10.8778874],[78.6620664,10.8780243],[78.6586118,10.878056],[78.6567879,10.8782877],[78.6524427,10.8793835],[78.6505973,10.8797733],[78.649342,10.8802369],[78.6483765,10.8805108],[78.6475932,10.8804898],[78.6472363,10.8803434],[78.6466169,10.8800894],[78.6442995,10.8790147],[78.643173,10.8788672],[78.6424112,10.8789621],[78.639965,10.8792465],[78.6387953,10.8793169],[78.6387046,10.8793827],[78.6384894,10.8793568],[78.6377871,10.8791938],[78.637197,10.8791517],[78.6365425,10.8793308],[78.6360283,10.8796227],[78.635944,10.8785685],[78.6351092,10.8772896],[78.6340056,10.8767654]]]},"properties":{"pincode":"D731829","name":"Tiruchirappalli, Tamil Nadu","ppi":102,"income":51900}},{"type":"Feature","geometry":{"type":"Polygon","coordinates":[[[73.991187,18.858783],[73.989579,18.864783],[73.985187,18.869175],[73.979187,18.870783],[73.973187,18.869175],[73.968795,18.864783],[73.967187,18.858783],[73.968795,18.852783],[73.973187,18.848391],[73.979187,18.846783],[73.985187,18.848391],[73.989579,18.852783],[73.991187,18.858783]]]},"properties":{"pincode":"410505","name":"Gulani","ppi":102,"income":49900,"_synthetic":true}},{"type":"Feature","geometry":{"type":"Polygon","coordinates":[[[93.729761,25.904138],[93.728153,25.910138],[93.723761,25.91453],[93.717761,25.916138],[93.711761,25.91453],[93.707369,25.910138],[93.705761,25.904138],[93.707369,25.898138],[93.711761,25.893745],[93.717761,25.892138],[93.723761,25.893745],[93.728153,25.898138],[93.729761,25.904138]]]},"properties":{"pincode":"797112","name":"Dimapur, Nagaland","ppi":102,"income":44600,"_synthetic":true}},{"type":"Feature","geometry":{"type":"Polygon","coordinates":[[[69.865807,21.602975],[69.864199,21.608975],[69.859807,21.613367],[69.853807,21.614975],[69.847807,21.613367],[69.843414,21.608975],[69.841807,21.602975],[69.843414,21.596975],[69.847807,21.592583],[69.853807,21.590975],[69.859807,21.592583],[69.864199,21.596975],[69.865807,21.602975]]]},"properties":{"pincode":"D524797","name":"Porbandar, Gujarat","ppi":102,"income":39600,"_synthetic":true}},{"type":"Feature","geometry":{"type":"Polygon","coordinates":[[[75.54063,28.461056],[75.539023,28.467056],[75.53463,28.471448],[75.52863,28.473056],[75.52263,28.471448],[75.518238,28.467056],[75.51663,28.461056],[75.518238,28.455056],[75.52263,28.450663],[75.52863,28.449056],[75.53463,28.450663],[75.539023,28.455056],[75.54063,28.461056]]]},"properties":{"pincode":"331305","name":"Gudan","ppi":102,"income":48600,"_synthetic":true}},{"type":"Feature","geometry":{"type":"Polygon","coordinates":[[[74.885188,13.526978],[74.88358,13.532978],[74.879188,13.537371],[74.873188,13.538978],[74.867188,13.537371],[74.862796,13.532978],[74.861188,13.526978],[74.862796,13.520978],[74.867188,13.516586],[74.873188,13.514978],[74.879188,13.516586],[74.88358,13.520978],[74.885188,13.526978]]]},"properties":{"pincode":"576124","name":"Udupi, Karnataka","ppi":101,"income":45500,"_synthetic":true}},{"type":"Feature","geometry":{"type":"Polygon","coordinates":[[[71.040869,22.069288],[71.039261,22.075288],[71.034869,22.07968],[71.028869,22.081288],[71.022869,22.07968],[71.018476,22.075288],[71.016869,22.069288],[71.018476,22.063288],[71.022869,22.058896],[71.028869,22.057288],[71.034869,22.058896],[71.039261,22.063288],[71.040869,22.069288]]]},"properties":{"pincode":"D905581","name":"Rajkot, Gujarat","ppi":101,"income":38700,"_synthetic":true}},{"type":"Feature","geometry":{"type":"Polygon","coordinates":[[[77.379096,28.598992],[77.377488,28.604992],[77.373096,28.609384],[77.367096,28.610992],[77.361096,28.609384],[77.356704,28.604992],[77.355096,28.598992],[77.356704,28.592992],[77.361096,28.588599],[77.367096,28.586992],[77.373096,28.588599],[77.377488,28.592992],[77.379096,28.598992]]]},"properties":{"pincode":"201307","name":"Mamura","ppi":101,"income":69400,"_synthetic":true}},{"type":"Feature","geometry":{"type":"Polygon","coordinates":[[[76.186497,13.030185],[76.184889,13.036185],[76.180497,13.040578],[76.174497,13.042185],[76.168497,13.040578],[76.164104,13.036185],[76.162497,13.030185],[76.164104,13.024185],[76.168497,13.019793],[76.174497,13.018185],[76.180497,13.019793],[76.184889,13.024185],[76.186497,13.030185]]]},"properties":{"pincode":"573118","name":"Hassan, Karnataka","ppi":101,"income":45700,"_synthetic":true}},{"type":"Feature","geometry":{"type":"Polygon","coordinates":[[[77.221006,28.613895],[77.219398,28.619895],[77.215006,28.624288],[77.209006,28.625895],[77.203006,28.624288],[77.198613,28.619895],[77.197006,28.613895],[77.198613,28.607895],[77.203006,28.603503],[77.209006,28.601895],[77.215006,28.603503],[77.219398,28.607895],[77.221006,28.613895]]]},"properties":{"pincode":"110004","name":"New Delhi, Delhi","ppi":101,"income":50000,"_synthetic":true}},{"type":"Feature","geometry":{"type":"Polygon","coordinates":[[[78.394865,10.821767],[78.393258,10.827767],[78.388865,10.832159],[78.382865,10.833767],[78.376865,10.832159],[78.372473,10.827767],[78.370865,10.821767],[78.372473,10.815767],[78.376865,10.811375],[78.382865,10.809767],[78.388865,10.811375],[78.393258,10.815767],[78.394865,10.821767]]]},"properties":{"pincode":"D582880","name":"Karur, Tamil Nadu","ppi":101,"income":55300,"_synthetic":true}},{"type":"Feature","geometry":{"type":"Polygon","coordinates":[[[75.579888,31.292231],[75.57828,31.298231],[75.573888,31.302624],[75.567888,31.304231],[75.561888,31.302624],[75.557495,31.298231],[75.555888,31.292231],[75.557495,31.286231],[75.561888,31.281839],[75.567888,31.280231],[75.573888,31.281839],[75.57828,31.286231],[75.579888,31.292231]]]},"properties":{"pincode":"144001","name":"Jalandhar, Punjab","ppi":101,"income":46300,"_synthetic":true}},{"type":"Feature","geometry":{"type":"Polygon","coordinates":[[[73.045234,20.829714],[73.043627,20.835714],[73.039234,20.840106],[73.033234,20.841714],[73.027234,20.840106],[73.022842,20.835714],[73.021234,20.829714],[73.022842,20.823714],[73.027234,20.819322],[73.033234,20.817714],[73.039234,20.819322],[73.043627,20.823714],[73.045234,20.829714]]]},"properties":{"pincode":"396375","name":"Navsari, Gujarat","ppi":101,"income":39200,"_synthetic":true}},{"type":"Feature","geometry":{"type":"Polygon","coordinates":[[[74.84356,31.768576],[74.841953,31.774576],[74.83756,31.778968],[74.83156,31.780576],[74.82556,31.778968],[74.821168,31.774576],[74.81956,31.768576],[74.821168,31.762576],[74.82556,31.758184],[74.83156,31.756576],[74.83756,31.758184],[74.841953,31.762576],[74.84356,31.768576]]]},"properties":{"pincode":"D840134","name":"Amritsar, Punjab","ppi":101,"income":45700,"_synthetic":true}},{"type":"Feature","geometry":{"type":"Polygon","coordinates":[[[72.8614,19.1584],[72.859792,19.1644],[72.8554,19.168792],[72.8494,19.1704],[72.8434,19.168792],[72.839008,19.1644],[72.8374,19.1584],[72.839008,19.1524],[72.8434,19.148008],[72.8494,19.1464],[72.8554,19.148008],[72.859792,19.1524],[72.8614,19.1584]]]},"properties":{"pincode":"400062","name":"Goregaon West","ppi":101,"income":66100,"_synthetic":true}},{"type":"Feature","geometry":{"type":"Polygon","coordinates":[[[79.444632,29.702651],[79.443024,29.708651],[79.438632,29.713043],[79.432632,29.714651],[79.426632,29.713043],[79.422239,29.708651],[79.420632,29.702651],[79.422239,29.696651],[79.426632,29.692259],[79.432632,29.690651],[79.438632,29.692259],[79.443024,29.696651],[79.444632,29.702651]]]},"properties":{"pincode":"263654","name":"Almora, Uttarakand","ppi":101,"income":43900,"_synthetic":true}},{"type":"Feature","geometry":{"type":"Polygon","coordinates":[[[75.675224,26.12232],[75.673616,26.12832],[75.669224,26.132712],[75.663224,26.13432],[75.657224,26.132712],[75.652831,26.12832],[75.651224,26.12232],[75.652831,26.11632],[75.657224,26.111927],[75.663224,26.11032],[75.669224,26.111927],[75.673616,26.11632],[75.675224,26.12232]]]},"properties":{"pincode":"304001","name":"Tonk, Rajasthan","ppi":101,"income":53500,"_synthetic":true}},{"type":"Feature","geometry":{"type":"Polygon","coordinates":[[[75.239559,31.903726],[75.237951,31.909726],[75.233559,31.914119],[75.227559,31.915726],[75.221559,31.914119],[75.217166,31.909726],[75.215559,31.903726],[75.217166,31.897726],[75.221559,31.893334],[75.227559,31.891726],[75.233559,31.893334],[75.237951,31.897726],[75.239559,31.903726]]]},"properties":{"pincode":"143518","name":"Gurdaspur, Punjab","ppi":101,"income":46200,"_synthetic":true}},{"type":"Feature","geometry":{"type":"Polygon","coordinates":[[[75.857975,31.609294],[75.856368,31.615294],[75.851975,31.619687],[75.845975,31.621294],[75.839975,31.619687],[75.835583,31.615294],[75.833975,31.609294],[75.835583,31.603294],[75.839975,31.598902],[75.845975,31.597294],[75.851975,31.598902],[75.856368,31.603294],[75.857975,31.609294]]]},"properties":{"pincode":"144208","name":"Hoshiarpur, Punjab","ppi":101,"income":47400,"_synthetic":true}},{"type":"Feature","geometry":{"type":"Polygon","coordinates":[[[79.27058,11.153056],[79.268972,11.159056],[79.26458,11.163448],[79.25858,11.165056],[79.25258,11.163448],[79.248187,11.159056],[79.24658,11.153056],[79.248187,11.147056],[79.25258,11.142664],[79.25858,11.141056],[79.26458,11.142664],[79.268972,11.147056],[79.27058,11.153056]]]},"properties":{"pincode":"621804","name":"Ariyalur, Tamil Nadu","ppi":101,"income":51400,"_synthetic":true}},{"type":"Feature","geometry":{"type":"Polygon","coordinates":[[[76.675521,12.328986],[76.673913,12.334986],[76.669521,12.339378],[76.663521,12.340986],[76.657521,12.339378],[76.653128,12.334986],[76.651521,12.328986],[76.653128,12.322986],[76.657521,12.318594],[76.663521,12.316986],[76.669521,12.318594],[76.673913,12.322986],[76.675521,12.328986]]]},"properties":{"pincode":"570001","name":"Mysore, Karnataka","ppi":101,"income":42900,"_synthetic":true}},{"type":"Feature","geometry":{"type":"Polygon","coordinates":[[[91.650817,23.170828],[91.649209,23.176828],[91.644817,23.18122],[91.638817,23.182828],[91.632817,23.18122],[91.628425,23.176828],[91.626817,23.170828],[91.628425,23.164828],[91.632817,23.160435],[91.638817,23.158828],[91.644817,23.160435],[91.649209,23.164828],[91.650817,23.170828]]]},"properties":{"pincode":"D371822","name":"South Tripura, Tripura","ppi":101,"income":37100,"_synthetic":true}},{"type":"Feature","geometry":{"type":"Polygon","coordinates":[[[94.110219,25.71698],[94.108612,25.72298],[94.104219,25.727373],[94.098219,25.72898],[94.092219,25.727373],[94.087827,25.72298],[94.086219,25.71698],[94.087827,25.71098],[94.092219,25.706588],[94.098219,25.70498],[94.104219,25.706588],[94.108612,25.71098],[94.110219,25.71698]]]},"properties":{"pincode":"797004","name":"Kohima, Nagaland","ppi":101,"income":45200,"_synthetic":true}},{"type":"Feature","geometry":{"type":"Polygon","coordinates":[[[78.021377,12.515208],[78.019769,12.521208],[78.015377,12.5256],[78.009377,12.527208],[78.003377,12.5256],[77.998985,12.521208],[77.997377,12.515208],[77.998985,12.509208],[78.003377,12.504815],[78.009377,12.503208],[78.015377,12.504815],[78.019769,12.509208],[78.021377,12.515208]]]},"properties":{"pincode":"635116","name":"Krishnagiri, Tamil Nadu","ppi":101,"income":53400,"_synthetic":true}},{"type":"Feature","geometry":{"type":"Polygon","coordinates":[[[77.012244,13.499941],[77.010637,13.505941],[77.006244,13.510333],[77.000244,13.511941],[76.994244,13.510333],[76.989852,13.505941],[76.988244,13.499941],[76.989852,13.493941],[76.994244,13.489548],[77.000244,13.487941],[77.006244,13.489548],[77.010637,13.493941],[77.012244,13.499941]]]},"properties":{"pincode":"572128","name":"Tumkur, Karnataka","ppi":100,"income":44800,"_synthetic":true}},{"type":"Feature","geometry":{"type":"Polygon","coordinates":[[[75.250055,14.05565],[75.248448,14.06165],[75.244055,14.066043],[75.238055,14.06765],[75.232055,14.066043],[75.227663,14.06165],[75.226055,14.05565],[75.227663,14.04965],[75.232055,14.045258],[75.238055,14.04365],[75.244055,14.045258],[75.248448,14.04965],[75.250055,14.05565]]]},"properties":{"pincode":"D794154","name":"Shimoga, Karnataka","ppi":100,"income":54100,"_synthetic":true}},{"type":"Feature","geometry":{"type":"Polygon","coordinates":[[[75.676072,12.382733],[75.674464,12.388733],[75.670072,12.393126],[75.664072,12.394733],[75.658072,12.393126],[75.653679,12.388733],[75.652072,12.382733],[75.653679,12.376733],[75.658072,12.372341],[75.664072,12.370733],[75.670072,12.372341],[75.674464,12.376733],[75.676072,12.382733]]]},"properties":{"pincode":"571201","name":"Kodagu, Karnataka","ppi":100,"income":44600,"_synthetic":true}},{"type":"Feature","geometry":{"type":"Polygon","coordinates":[[[75.171359,30.787755],[75.169751,30.793755],[75.165359,30.798148],[75.159359,30.799755],[75.153359,30.798148],[75.148967,30.793755],[75.147359,30.787755],[75.148967,30.781755],[75.153359,30.777363],[75.159359,30.775755],[75.165359,30.777363],[75.169751,30.781755],[75.171359,30.787755]]]},"properties":{"pincode":"142001","name":"Moga, Punjab","ppi":100,"income":48900,"_synthetic":true}},{"type":"Feature","geometry":{"type":"Polygon","coordinates":[[[77.068596,26.515833],[77.066989,26.521833],[77.062596,26.526225],[77.056596,26.527833],[77.050596,26.526225],[77.046204,26.521833],[77.044596,26.515833],[77.046204,26.509833],[77.050596,26.505441],[77.056596,26.503833],[77.062596,26.505441],[77.066989,26.509833],[77.068596,26.515833]]]},"properties":{"pincode":"D324734","name":"Karauli, Rajasthan","ppi":100,"income":35000,"_synthetic":true}},{"type":"Feature","geometry":{"type":"Polygon","coordinates":[[[75.865333,30.135717],[75.863725,30.141717],[75.859333,30.146109],[75.853333,30.147717],[75.847333,30.146109],[75.84294,30.141717],[75.841333,30.135717],[75.84294,30.129717],[75.847333,30.125325],[75.853333,30.123717],[75.859333,30.125325],[75.863725,30.129717],[75.865333,30.135717]]]},"properties":{"pincode":"D552582","name":"Sangrur, Punjab","ppi":100,"income":49700,"_synthetic":true}},{"type":"Feature","geometry":{"type":"Polygon","coordinates":[[[76.862301,31.056812],[76.860693,31.062812],[76.856301,31.067204],[76.850301,31.068812],[76.844301,31.067204],[76.839909,31.062812],[76.838301,31.056812],[76.839909,31.050812],[76.844301,31.04642],[76.850301,31.044812],[76.856301,31.04642],[76.860693,31.050812],[76.862301,31.056812]]]},"properties":{"pincode":"D653477","name":"Solan, Himachal Pradesh","ppi":100,"income":35000,"_synthetic":true}},{"type":"Feature","geometry":{"type":"Polygon","coordinates":[[[72.976664,26.410532],[72.975057,26.416532],[72.970664,26.420924],[72.964664,26.422532],[72.958664,26.420924],[72.954272,26.416532],[72.952664,26.410532],[72.954272,26.404532],[72.958664,26.40014],[72.964664,26.398532],[72.970664,26.40014],[72.975057,26.404532],[72.976664,26.410532]]]},"properties":{"pincode":"342001","name":"Jodhpur, Rajasthan","ppi":100,"income":42600,"_synthetic":true}},{"type":"Feature","geometry":{"type":"Polygon","coordinates":[[[77.125037,27.950092],[77.123429,27.956092],[77.119037,27.960485],[77.113037,27.962092],[77.107037,27.960485],[77.102645,27.956092],[77.101037,27.950092],[77.102645,27.944092],[77.107037,27.9397],[77.113037,27.938092],[77.119037,27.9397],[77.123429,27.944092],[77.125037,27.950092]]]},"properties":{"pincode":"122508","name":"122508","ppi":100,"income":59400,"_synthetic":true}},{"type":"Feature","geometry":{"type":"Polygon","coordinates":[[[77.091608,10.812444],[77.090001,10.818445],[77.085608,10.822837],[77.079608,10.824445],[77.073608,10.822837],[77.069216,10.818445],[77.067608,10.812444],[77.069216,10.806444],[77.073608,10.802052],[77.079608,10.800444],[77.085608,10.802052],[77.090001,10.806444],[77.091608,10.812444]]]},"properties":{"pincode":"D792405","name":"Coimbatore, Tamil Nadu","ppi":100,"income":35000,"_synthetic":true}},{"type":"Feature","geometry":{"type":"Polygon","coordinates":[[[76.247145,31.583464],[76.245538,31.589464],[76.241145,31.593857],[76.235145,31.595464],[76.229145,31.593857],[76.224753,31.589464],[76.223145,31.583464],[76.224753,31.577464],[76.229145,31.573072],[76.235145,31.571464],[76.241145,31.573072],[76.245538,31.577464],[76.247145,31.583464]]]},"properties":{"pincode":"174316","name":"Una, Himachal Pradesh","ppi":100,"income":40100,"_synthetic":true}},{"type":"Feature","geometry":{"type":"Polygon","coordinates":[[[94.753553,26.234211],[94.751945,26.240211],[94.747553,26.244603],[94.741553,26.246211],[94.735553,26.244603],[94.731161,26.240211],[94.729553,26.234211],[94.731161,26.228211],[94.735553,26.223818],[94.741553,26.222211],[94.747553,26.223818],[94.751945,26.228211],[94.753553,26.234211]]]},"properties":{"pincode":"798616","name":"Tuensang, Nagaland","ppi":100,"income":43000,"_synthetic":true}},{"type":"Feature","geometry":{"type":"Polygon","coordinates":[[[76.753274,30.648845],[76.751666,30.654845],[76.747274,30.659237],[76.741274,30.660845],[76.735274,30.659237],[76.730881,30.654845],[76.729274,30.648845],[76.730881,30.642845],[76.735274,30.638453],[76.741274,30.636845],[76.747274,30.638453],[76.751666,30.642845],[76.753274,30.648845]]]},"properties":{"pincode":"140306","name":"Sahibzada Ajit Singh Nagar, Punjab","ppi":100,"income":33600,"_synthetic":true}},{"type":"Feature","geometry":{"type":"Polygon","coordinates":[[[92.857512,23.305251],[92.855905,23.311251],[92.851512,23.315644],[92.845512,23.317251],[92.839512,23.315644],[92.83512,23.311251],[92.833512,23.305251],[92.83512,23.299251],[92.839512,23.294859],[92.845512,23.293251],[92.851512,23.294859],[92.855905,23.299251],[92.857512,23.305251]]]},"properties":{"pincode":"D226277","name":"Serchhip, Mizoram","ppi":100,"income":35000,"_synthetic":true}},{"type":"Feature","geometry":{"type":"Polygon","coordinates":[[[75.762732,28.348443],[75.761125,28.354443],[75.756732,28.358835],[75.750732,28.360443],[75.744732,28.358835],[75.74034,28.354443],[75.738732,28.348443],[75.74034,28.342443],[75.744732,28.338051],[75.750732,28.336443],[75.756732,28.338051],[75.761125,28.342443],[75.762732,28.348443]]]},"properties":{"pincode":"333029","name":"Kasni","ppi":100,"income":45500,"_synthetic":true}},{"type":"Feature","geometry":{"type":"Polygon","coordinates":[[[86.528148,25.220286],[86.526541,25.226286],[86.522148,25.230679],[86.516148,25.232286],[86.510148,25.230679],[86.505756,25.226286],[86.504148,25.220286],[86.505756,25.214286],[86.510148,25.209894],[86.516148,25.208286],[86.522148,25.209894],[86.526541,25.214286],[86.528148,25.220286]]]},"properties":{"pincode":"D701545","name":"Munger, Bihar","ppi":100,"income":35000,"_synthetic":true}},{"type":"Feature","geometry":{"type":"Polygon","coordinates":[[[93.02536,22.287672],[93.023752,22.293672],[93.01936,22.298065],[93.01336,22.299672],[93.00736,22.298065],[93.002968,22.293672],[93.00136,22.287672],[93.002968,22.281672],[93.00736,22.27728],[93.01336,22.275672],[93.01936,22.27728],[93.023752,22.281672],[93.02536,22.287672]]]},"properties":{"pincode":"796911","name":"Saiha, Mizoram","ppi":100,"income":35000,"_synthetic":true}},{"type":"Feature","geometry":{"type":"Polygon","coordinates":[[[73.152989,20.432196],[73.151382,20.438196],[73.146989,20.442588],[73.140989,20.444196],[73.134989,20.442588],[73.130597,20.438196],[73.128989,20.432196],[73.130597,20.426196],[73.134989,20.421803],[73.140989,20.420196],[73.146989,20.421803],[73.151382,20.426196],[73.152989,20.432196]]]},"properties":{"pincode":"D436336","name":"Valsad, Gujarat","ppi":100,"income":37700,"_synthetic":true}},{"type":"Feature","geometry":{"type":"Polygon","coordinates":[[[76.961355,30.3435],[76.959748,30.3495],[76.955355,30.353893],[76.949355,30.3555],[76.943355,30.353893],[76.938963,30.3495],[76.937355,30.3435],[76.938963,30.3375],[76.943355,30.333108],[76.949355,30.3315],[76.955355,30.333108],[76.959748,30.3375],[76.961355,30.3435]]]},"properties":{"pincode":"133104","name":"Ambala, Haryana","ppi":100,"income":43400,"_synthetic":true}},{"type":"Feature","geometry":{"type":"Polygon","coordinates":[[[94.859404,25.811709],[94.857796,25.817709],[94.853404,25.822101],[94.847404,25.823709],[94.841404,25.822101],[94.837011,25.817709],[94.835404,25.811709],[94.837011,25.805709],[94.841404,25.801316],[94.847404,25.799709],[94.853404,25.801316],[94.857796,25.805709],[94.859404,25.811709]]]},"properties":{"pincode":"798611","name":"Kiphire, Nagaland","ppi":100,"income":43100,"_synthetic":true}},{"type":"Feature","geometry":{"type":"Polygon","coordinates":[[[80.144856,13.0215235],[80.1451617,13.0213876],[80.1463956,13.0213144],[80.1473803,13.0208522],[80.1474755,13.018431],[80.1475435,13.0173057],[80.1476401,13.0170652],[80.1479673,13.016945],[80.1487666,13.016945],[80.1489973,13.0174311],[80.1493084,13.01752],[80.1502133,13.017391],[80.1515259,13.0169854],[80.1517232,13.0166108],[80.1526904,13.0160913],[80.1528015,13.0158219],[80.1529036,13.0154925],[80.1530119,13.0151429],[80.1532158,13.0149586],[80.1532241,13.0149427],[80.1534934,13.0144255],[80.1539829,13.0141903],[80.1542417,13.0139199],[80.1544429,13.0137591],[80.154685,13.0135618],[80.1548949,13.0133347],[80.1550859,13.0132887],[80.1557547,13.0131868],[80.1558745,13.0131685],[80.1565441,13.0131358],[80.1578808,13.013715],[80.1582468,13.0143628],[80.1587566,13.0150266],[80.1593345,13.0151419],[80.159694,13.0150426],[80.1600771,13.0146223],[80.1611512,13.0146735],[80.1615708,13.0142248],[80.1611743,13.0129092],[80.161421,13.0116016],[80.1603642,13.0115575],[80.1603197,13.0106276],[80.1594449,13.0106276],[80.1589452,13.0074759],[80.1590595,13.0067906],[80.1634242,13.006315],[80.1635617,13.0060631],[80.1636485,13.0039386],[80.1627384,13.0026615],[80.1605108,12.9987609],[80.1645505,12.9883777],[80.1662506,12.9840079],[80.1654044,12.9811678],[80.1727216,12.9797879],[80.1736753,12.9799918],[80.1742461,12.9799291],[80.1751387,12.9796782],[80.1754649,12.9794774],[80.1755164,12.9785992],[80.1762974,12.9777545],[80.1763833,12.975513],[80.1768382,12.9724601],[80.176452,12.9710801],[80.1816876,12.9681526],[80.1819639,12.9680062],[80.1830867,12.9682781],[80.1844428,12.9689556],[80.1857045,12.969148],[80.1860478,12.9694825],[80.1862195,12.969516],[80.1873267,12.969516],[80.1877215,12.9696331],[80.1884425,12.9695913],[80.1887601,12.9695578],[80.1898158,12.9692149],[80.19117,12.9685695],[80.1936878,12.9680429],[80.1938255,12.9681474],[80.1939048,12.9684878],[80.1939501,12.9692087],[80.1938647,12.9692595],[80.1935575,12.9694117],[80.1922818,12.9695409],[80.1919737,12.9697958],[80.1904926,12.9700948],[80.189264,12.9706693],[80.1891426,12.9709596],[80.1894459,12.9732722],[80.1895613,12.9737008],[80.1896457,12.9737698],[80.190052,12.9739605],[80.1906434,12.9743578],[80.1907609,12.9745297],[80.1905705,12.9749393],[80.1905345,12.9751787],[80.1904632,12.975572],[80.1905106,12.9760002],[80.1905887,12.9768052],[80.1906882,12.9770968],[80.1905847,12.9772844],[80.1902263,12.9774534],[80.1899697,12.9776572],[80.1898989,12.977982],[80.189846,12.980224],[80.1897922,12.9805489],[80.1897425,12.9807109],[80.1896874,12.9808906],[80.1898011,12.9815075],[80.1899855,12.9818167],[80.1906811,12.9819578],[80.19102,12.9820797],[80.1912903,12.9822696],[80.1917314,12.9823579],[80.1921126,12.9823233],[80.1926158,12.9822777],[80.1934494,12.9821801],[80.1941143,12.9819445],[80.195805,12.9809791],[80.1962857,12.9804001],[80.1966104,12.9801967],[80.1971039,12.9801141],[80.1974617,12.9800135],[80.1977862,12.9798272],[80.1982285,12.9797786],[80.1988067,12.9797307],[80.1990449,12.979698],[80.1994179,12.9798029],[80.199792,12.9797881],[80.2001856,12.9794653],[80.2004927,12.9793302],[80.2010715,12.9792139],[80.201379,12.9790275],[80.2014496,12.9787198],[80.2014005,12.978497],[80.201504,12.9783094],[80.2018284,12.9781402],[80.2021171,12.978159],[80.2022723,12.9779032],[80.2022223,12.9775895],[80.2022135,12.9774608],[80.2023721,12.9773133],[80.2035241,12.9770827],[80.2043218,12.9768994],[80.2045385,12.9768512],[80.2046476,12.976743],[80.2046793,12.9764759],[80.2047203,12.9762782],[80.2048284,12.9762788],[80.2050819,12.9765279],[80.2058025,12.9784924],[80.2059188,12.9786911],[80.206017,12.9787016],[80.2063134,12.9785252],[80.2064711,12.9784668],[80.2066278,12.978537],[80.2074046,12.9796274],[80.2074692,12.9799371],[80.2074665,12.9802672],[80.2070973,12.9803062],[80.2068098,12.980387],[80.2068035,12.9811298],[80.2066788,12.9813354],[80.2063913,12.9814162],[80.2052017,12.9815741],[80.2048714,12.9818609],[80.2047037,12.9823139],[80.2047783,12.983181],[80.2045293,12.9835509],[80.2039952,12.9837127],[80.2035438,12.9837925],[80.2034195,12.9839568],[80.2033747,12.9844105],[80.2035325,12.9851337],[80.2037745,12.9855891],[80.2037241,12.9867031],[80.2036337,12.987693],[80.2036302,12.9881057],[80.2037924,12.988313],[80.2043258,12.9882337],[80.2046532,12.988277],[80.2048977,12.9884436],[80.2049684,12.9887387],[80.205056,12.9891048],[80.2058592,12.9919239],[80.2065284,12.9942725],[80.20708,12.9967643],[80.2075767,12.9990079],[80.2079098,13.0005125],[80.2083122,13.0013816],[80.2098027,13.0044034],[80.2117453,13.0072834],[80.2135349,13.0088625],[80.2152047,13.0100695],[80.2146524,13.0100825],[80.2102201,13.0083476],[80.2080943,13.0077569],[80.2044942,13.0070747],[80.2040434,13.007072],[80.204042,13.0064242],[80.2037831,13.0062352],[80.2023001,13.0055702],[80.2021154,13.0054004],[80.2022146,13.0046702],[80.2024381,13.0046528],[80.2025222,13.0035101],[80.2028757,13.0035123],[80.2030255,13.0034007],[80.2029719,13.003138],[80.2027871,13.002987],[80.2020621,13.0029076],[80.2020784,13.0009774],[80.2017066,13.0009377],[80.2016552,13.0004126],[80.2010994,13.0003183],[80.2009677,13.000296],[80.200633,13.0002752],[80.2005598,13.0001249],[80.2006811,12.9989824],[80.2007754,12.9988331],[80.2007029,12.9986078],[80.2005356,12.998588],[80.1999578,12.9986969],[80.199437,12.998675],[80.1987142,12.9985034],[80.1986776,12.9971595],[80.1972662,12.9971662],[80.1935373,12.9967479],[80.1909324,12.9961667],[80.1891968,12.9956474],[80.1867386,12.9943041],[80.1860948,12.9940912],[80.185955,12.994045],[80.1856499,12.9936191],[80.1855434,12.9929402],[80.1850519,12.9913262],[80.1850579,12.9906196],[80.1852599,12.9899708],[80.1853193,12.9895754],[80.1850965,12.9893762],[80.1845391,12.9889206],[80.1842892,12.9886082],[80.1834226,12.9882072],[80.1812131,12.9873176],[80.1796126,12.9874209],[80.179219,12.9875033],[80.1788778,12.9880383],[80.1786289,12.9886704],[80.1785336,12.9889124],[80.1783643,12.9890244],[80.1779436,12.9889936],[80.1773519,12.9892726],[80.1743033,12.9913738],[80.1757462,12.9933045],[80.1774691,12.9953217],[80.1762539,12.9996387],[80.1774903,13.0009723],[80.1806525,13.0038202],[80.1810435,13.0040487],[80.1820339,13.0050362],[80.1821844,13.0051862],[80.1824898,13.0055837],[80.1836283,13.0070038],[80.184859,13.0074918],[80.1853905,13.0076929],[80.1856397,13.0080901],[80.1860304,13.0083468],[80.1863955,13.0083208],[80.186565,13.0081805],[80.1868176,13.008182],[80.1886313,13.0094084],[80.1891072,13.0095526],[80.1896128,13.0094992],[80.1918616,13.0090606],[80.1934083,13.0086743],[80.193576,13.0087602],[80.1937134,13.0091002],[80.1940365,13.0107132],[80.1943608,13.0121848],[80.1943753,13.013796],[80.1937481,13.014951],[80.1935702,13.0160804],[80.1938324,13.0182583],[80.1944,13.0241406],[80.19476,13.0269761],[80.1946816,13.0270539],[80.1945243,13.0272877],[80.194357,13.0274249],[80.1939623,13.0277571],[80.1917812,13.0259582],[80.1905203,13.0247138],[80.1901276,13.0242024],[80.1898829,13.0238817],[80.1894448,13.0230816],[80.1888702,13.0225692],[80.1882975,13.0223233],[80.1878571,13.0221928],[80.1875845,13.0223732],[80.1870127,13.0228246],[80.1865344,13.0229127],[80.1861327,13.0231053],[80.1858569,13.0236626],[80.1857754,13.024143],[80.1856451,13.0242852],[80.1854905,13.0242583],[80.185376,13.0240626],[80.1851981,13.0238668],[80.1849772,13.0239042],[80.1846642,13.0242923],[80.1842993,13.024706],[80.1839887,13.0247951],[80.1837571,13.0247157],[80.183347,13.0243622],[80.183189,13.0241339],[80.1829127,13.0239305],[80.1826669,13.023994],[80.1815094,13.0244065],[80.1806629,13.0245358],[80.1801741,13.0244656],[80.1795746,13.0243275],[80.1790852,13.0243245],[80.1781963,13.0242071],[80.1777501,13.0243612],[80.1774603,13.0244267],[80.1772837,13.0242687],[80.1770869,13.0238642],[80.1768224,13.0235714],[80.176376,13.0237479],[80.1757511,13.0239906],[80.1753691,13.0244363],[80.1750318,13.02486],[80.174742,13.0249254],[80.1742304,13.0249223],[80.1733432,13.0246033],[80.171763,13.0246833],[80.170678,13.0247823],[80.1703827,13.0248093],[80.169156,13.0251827],[80.1685772,13.025224],[80.1683101,13.0252448],[80.16773,13.0254429],[80.1675309,13.0253073],[80.1675108,13.0250607],[80.1675039,13.0243736],[80.1674989,13.0238507],[80.1672577,13.023446],[80.1668388,13.0229953],[80.1665541,13.0224559],[80.1663821,13.0217602],[80.1662282,13.0215353],[80.1658717,13.0216003],[80.1655147,13.0217326],[80.1655124,13.0220014],[80.1656668,13.0221592],[80.1655303,13.0225168],[80.1653037,13.0230084],[80.1653449,13.0233895],[80.165429,13.0239726],[80.1654047,13.0242189],[80.1652257,13.0243298],[80.164758,13.0243942],[80.1642002,13.0245925],[80.1632662,13.024542],[80.1628653,13.0246067],[80.1626215,13.0244932],[80.1626247,13.0241124],[80.1624739,13.0235289],[80.162188,13.0231463],[80.1618324,13.0230993],[80.1613653,13.0230965],[80.1606973,13.0231596],[80.1600729,13.0233351],[80.1598258,13.0236248],[80.1598218,13.0240953],[80.1598414,13.0244091],[80.1597066,13.0245651],[80.1595511,13.0245418],[80.1593296,13.0244284],[80.1590187,13.0243593],[80.1586848,13.0243797],[80.1582616,13.0244443],[80.1579948,13.0244203],[80.1575938,13.0244851],[80.1566126,13.0247704],[80.1558538,13.025057],[80.1552307,13.0250756],[80.1546305,13.0250272],[80.1539623,13.0251127],[80.1519768,13.0257728],[80.1516648,13.0258381],[80.1513766,13.0257243],[80.151113,13.0253194],[80.1507577,13.0252501],[80.1503342,13.0253371],[80.1498431,13.0255358],[80.1495545,13.0254668],[80.1491564,13.0251955],[80.1482509,13.0244058],[80.1477174,13.0243578],[80.1470491,13.0244657],[80.1466902,13.024822],[80.1465112,13.024933],[80.1459336,13.0248398],[80.1452841,13.0245695],[80.1454568,13.0240949],[80.1454353,13.0236768],[80.1450273,13.0230616],[80.1448721,13.021858],[80.144856,13.0215235]]]},"properties":{"pincode":"D976610","name":"Chennai, Tamil Nadu","ppi":100,"income":35000}},{"type":"Feature","geometry":{"type":"Polygon","coordinates":[[[72.967102,21.192365],[72.965495,21.198365],[72.961102,21.202757],[72.955102,21.204365],[72.949102,21.202757],[72.94471,21.198365],[72.943102,21.192365],[72.94471,21.186365],[72.949102,21.181972],[72.955102,21.180365],[72.961102,21.181972],[72.965495,21.186365],[72.967102,21.192365]]]},"properties":{"pincode":"D648773","name":"Surat, Gujarat","ppi":100,"income":35000,"_synthetic":true}},{"type":"Feature","geometry":{"type":"Polygon","coordinates":[[[77.006792,30.689535],[77.005185,30.695535],[77.000792,30.699927],[76.994792,30.701535],[76.988792,30.699927],[76.9844,30.695535],[76.982792,30.689535],[76.9844,30.683535],[76.988792,30.679143],[76.994792,30.677535],[77.000792,30.679143],[77.005185,30.683535],[77.006792,30.689535]]]},"properties":{"pincode":"D254564","name":"Panchkula, Haryana","ppi":100,"income":35000,"_synthetic":true}},{"type":"Feature","geometry":{"type":"Polygon","coordinates":[[[74.807018,30.601451],[74.80541,30.607451],[74.801018,30.611843],[74.795018,30.613451],[74.789018,30.611843],[74.784625,30.607451],[74.783018,30.601451],[74.784625,30.595451],[74.789018,30.591058],[74.795018,30.589451],[74.801018,30.591058],[74.80541,30.595451],[74.807018,30.601451]]]},"properties":{"pincode":"151209","name":"Faridkot, Punjab","ppi":100,"income":48300,"_synthetic":true}},{"type":"Feature","geometry":{"type":"Polygon","coordinates":[[[94.522527,26.479586],[94.52092,26.485586],[94.516527,26.489978],[94.510527,26.491586],[94.504527,26.489978],[94.500135,26.485586],[94.498527,26.479586],[94.500135,26.473586],[94.504527,26.469194],[94.510527,26.467586],[94.516527,26.469194],[94.52092,26.473586],[94.522527,26.479586]]]},"properties":{"pincode":"D681670","name":"Mokokchung, Nagaland","ppi":100,"income":35000,"_synthetic":true}},{"type":"Feature","geometry":{"type":"Polygon","coordinates":[[[92.645883,22.951997],[92.644275,22.957997],[92.639883,22.96239],[92.633883,22.963997],[92.627883,22.96239],[92.62349,22.957997],[92.621883,22.951997],[92.62349,22.945997],[92.627883,22.941605],[92.633883,22.939997],[92.639883,22.941605],[92.644275,22.945997],[92.645883,22.951997]]]},"properties":{"pincode":"D629207","name":"Lunglei, Mizoram","ppi":100,"income":35000,"_synthetic":true}},{"type":"Feature","geometry":{"type":"Polygon","coordinates":[[[77.434297,9.869256],[77.43269,9.875256],[77.428297,9.879648],[77.422297,9.881256],[77.416297,9.879648],[77.411905,9.875256],[77.410297,9.869256],[77.411905,9.863256],[77.416297,9.858863],[77.422297,9.857256],[77.428297,9.858863],[77.43269,9.863256],[77.434297,9.869256]]]},"properties":{"pincode":"625520","name":"Theni, Tamil Nadu","ppi":100,"income":47600,"_synthetic":true}},{"type":"Feature","geometry":{"type":"Polygon","coordinates":[[[92.876694,23.860879],[92.875086,23.866879],[92.870694,23.871271],[92.864694,23.872879],[92.858694,23.871271],[92.854302,23.866879],[92.852694,23.860879],[92.854302,23.854879],[92.858694,23.850486],[92.864694,23.848879],[92.870694,23.850486],[92.875086,23.854879],[92.876694,23.860879]]]},"properties":{"pincode":"D160859","name":"Aizawl, Mizoram","ppi":100,"income":35000,"_synthetic":true}},{"type":"Feature","geometry":{"type":"Polygon","coordinates":[[[74.598765,17.172693],[74.597158,17.178693],[74.592765,17.183085],[74.586765,17.184693],[74.580765,17.183085],[74.576373,17.178693],[74.574765,17.172693],[74.576373,17.166693],[74.580765,17.1623],[74.586765,17.160693],[74.592765,17.1623],[74.597158,17.166693],[74.598765,17.172693]]]},"properties":{"pincode":"416314","name":"Sangli, Maharashtra","ppi":99,"income":45600,"_synthetic":true}},{"type":"Feature","geometry":{"type":"Polygon","coordinates":[[[75.500956,29.876413],[75.499349,29.882413],[75.494956,29.886806],[75.488956,29.888413],[75.482956,29.886806],[75.478564,29.882413],[75.476956,29.876413],[75.478564,29.870413],[75.482956,29.866021],[75.488956,29.864413],[75.494956,29.866021],[75.499349,29.870413],[75.500956,29.876413]]]},"properties":{"pincode":"151503","name":"Mansa, Punjab","ppi":99,"income":47900,"_synthetic":true}},{"type":"Feature","geometry":{"type":"Polygon","coordinates":[[[76.449126,28.88187],[76.447518,28.88787],[76.443126,28.892262],[76.437126,28.89387],[76.431126,28.892262],[76.426733,28.88787],[76.425126,28.88187],[76.426733,28.87587],[76.431126,28.871477],[76.437126,28.86987],[76.443126,28.871477],[76.447518,28.87587],[76.449126,28.88187]]]},"properties":{"pincode":"124022","name":"124022","ppi":99,"income":81100,"_synthetic":true}},{"type":"Feature","geometry":{"type":"Polygon","coordinates":[[[76.899162,29.347291],[76.897555,29.353291],[76.893162,29.357683],[76.887162,29.359291],[76.881162,29.357683],[76.87677,29.353291],[76.875162,29.347291],[76.87677,29.341291],[76.881162,29.336899],[76.887162,29.335291],[76.893162,29.336899],[76.897555,29.341291],[76.899162,29.347291]]]},"properties":{"pincode":"142023","name":"Panipat, Haryana","ppi":99,"income":45100,"_synthetic":true}},{"type":"Feature","geometry":{"type":"Polygon","coordinates":[[[77.024083,27.793961],[77.022475,27.799961],[77.018083,27.804353],[77.012083,27.805961],[77.006083,27.804353],[77.00169,27.799961],[77.000083,27.793961],[77.00169,27.787961],[77.006083,27.783568],[77.012083,27.781961],[77.018083,27.783568],[77.022475,27.787961],[77.024083,27.793961]]]},"properties":{"pincode":"122104","name":"Mewat, Haryana","ppi":99,"income":39300,"_synthetic":true}},{"type":"Feature","geometry":{"type":"Polygon","coordinates":[[[77.5883,12.937],[77.586692,12.943],[77.5823,12.947392],[77.5763,12.949],[77.5703,12.947392],[77.565908,12.943],[77.5643,12.937],[77.565908,12.931],[77.5703,12.926608],[77.5763,12.925],[77.5823,12.926608],[77.586692,12.931],[77.5883,12.937]]]},"properties":{"pincode":"560029","name":"Basavanagudi","ppi":99,"income":64000,"_synthetic":true}},{"type":"Feature","geometry":{"type":"Polygon","coordinates":[[[76.706074,28.881957],[76.704466,28.887957],[76.700074,28.892349],[76.694074,28.893957],[76.688074,28.892349],[76.683682,28.887957],[76.682074,28.881957],[76.683682,28.875957],[76.688074,28.871565],[76.694074,28.869957],[76.700074,28.871565],[76.704466,28.875957],[76.706074,28.881957]]]},"properties":{"pincode":"124021","name":"Baliana","ppi":99,"income":86500,"_synthetic":true}},{"type":"Feature","geometry":{"type":"Polygon","coordinates":[[[77.308,28.6085],[77.306392,28.6145],[77.302,28.618892],[77.296,28.6205],[77.29,28.618892],[77.285608,28.6145],[77.284,28.6085],[77.285608,28.6025],[77.29,28.598108],[77.296,28.5965],[77.302,28.598108],[77.306392,28.6025],[77.308,28.6085]]]},"properties":{"pincode":"110091","name":"Mayur Vihar Phase 1","ppi":99,"income":51500,"_synthetic":true}},{"type":"Feature","geometry":{"type":"Polygon","coordinates":[[[94.396393,25.670092],[94.394785,25.676092],[94.390393,25.680485],[94.384393,25.682092],[94.378393,25.680485],[94.374,25.676092],[94.372393,25.670092],[94.374,25.664092],[94.378393,25.6597],[94.384393,25.658092],[94.390393,25.6597],[94.394785,25.664092],[94.396393,25.670092]]]},"properties":{"pincode":"797102","name":"Phek, Nagaland","ppi":99,"income":43500,"_synthetic":true}},{"type":"Feature","geometry":{"type":"Polygon","coordinates":[[[76.773163,31.338096],[76.771555,31.344096],[76.767163,31.348488],[76.761163,31.350096],[76.755163,31.348488],[76.750771,31.344096],[76.749163,31.338096],[76.750771,31.332096],[76.755163,31.327704],[76.761163,31.326096],[76.767163,31.327704],[76.771555,31.332096],[76.773163,31.338096]]]},"properties":{"pincode":"D118911","name":"Bilaspur, Himachal Pradesh","ppi":99,"income":40600,"_synthetic":true}},{"type":"Feature","geometry":{"type":"Polygon","coordinates":[[[76.825945,28.769345],[76.824337,28.775345],[76.819945,28.779737],[76.813945,28.781345],[76.807945,28.779737],[76.803552,28.775345],[76.801945,28.769345],[76.803552,28.763345],[76.807945,28.758952],[76.813945,28.757345],[76.819945,28.758952],[76.824337,28.763345],[76.825945,28.769345]]]},"properties":{"pincode":"124505","name":"Loharheri","ppi":98,"income":82900,"_synthetic":true}},{"type":"Feature","geometry":{"type":"Polygon","coordinates":[[[76.603187,28.972047],[76.601579,28.978047],[76.597187,28.98244],[76.591187,28.984047],[76.585187,28.98244],[76.580794,28.978047],[76.579187,28.972047],[76.580794,28.966047],[76.585187,28.961655],[76.591187,28.960047],[76.597187,28.961655],[76.601579,28.966047],[76.603187,28.972047]]]},"properties":{"pincode":"124514","name":"Titoli","ppi":98,"income":82900,"_synthetic":true}},{"type":"Feature","geometry":{"type":"Polygon","coordinates":[[[70.144752,22.32997],[70.143145,22.33597],[70.138752,22.340362],[70.132752,22.34197],[70.126752,22.340362],[70.12236,22.33597],[70.120752,22.32997],[70.12236,22.32397],[70.126752,22.319578],[70.132752,22.31797],[70.138752,22.319578],[70.143145,22.32397],[70.144752,22.32997]]]},"properties":{"pincode":"D853564","name":"Jamnagar, Gujarat","ppi":98,"income":38200,"_synthetic":true}},{"type":"Feature","geometry":{"type":"Polygon","coordinates":[[[76.54097,31.09171],[76.539362,31.09771],[76.53497,31.102103],[76.52897,31.10371],[76.52297,31.102103],[76.518578,31.09771],[76.51697,31.09171],[76.518578,31.08571],[76.52297,31.081318],[76.52897,31.07971],[76.53497,31.081318],[76.539362,31.08571],[76.54097,31.09171]]]},"properties":{"pincode":"140118","name":"Rupnagar, Punjab","ppi":98,"income":44500,"_synthetic":true}},{"type":"Feature","geometry":{"type":"Polygon","coordinates":[[[76.775105,30.06067],[76.773498,30.06667],[76.769105,30.071063],[76.763105,30.07267],[76.757105,30.071063],[76.752713,30.06667],[76.751105,30.06067],[76.752713,30.05467],[76.757105,30.050278],[76.763105,30.04867],[76.769105,30.050278],[76.773498,30.05467],[76.775105,30.06067]]]},"properties":{"pincode":"D140377","name":"Kurukshetra, Haryana","ppi":98,"income":41800,"_synthetic":true}},{"type":"Feature","geometry":{"type":"Polygon","coordinates":[[[80.018679,15.564196],[80.017071,15.570196],[80.012679,15.574588],[80.006679,15.576196],[80.000679,15.574588],[79.996286,15.570196],[79.994679,15.564196],[79.996286,15.558196],[80.000679,15.553803],[80.006679,15.552195],[80.012679,15.553803],[80.017071,15.558196],[80.018679,15.564196]]]},"properties":{"pincode":"523262","name":"Prakasam, Andhra Pradesh","ppi":98,"income":38900,"_synthetic":true}},{"type":"Feature","geometry":{"type":"Polygon","coordinates":[[[78.019823,9.936927],[78.018215,9.942927],[78.013823,9.947319],[78.007823,9.948927],[78.001823,9.947319],[77.997431,9.942927],[77.995823,9.936927],[77.997431,9.930927],[78.001823,9.926534],[78.007823,9.924927],[78.013823,9.926534],[78.018215,9.930927],[78.019823,9.936927]]]},"properties":{"pincode":"625005","name":"Madurai, Tamil Nadu","ppi":98,"income":43600,"_synthetic":true}},{"type":"Feature","geometry":{"type":"Polygon","coordinates":[[[75.31733,31.385648],[75.315723,31.391648],[75.31133,31.39604],[75.30533,31.397648],[75.29933,31.39604],[75.294938,31.391648],[75.29333,31.385648],[75.294938,31.379648],[75.29933,31.375255],[75.30533,31.373648],[75.31133,31.375255],[75.315723,31.379648],[75.31733,31.385648]]]},"properties":{"pincode":"144601","name":"Kapurthala, Punjab","ppi":98,"income":41600,"_synthetic":true}},{"type":"Feature","geometry":{"type":"Polygon","coordinates":[[[76.609454,27.991311],[76.607846,27.997311],[76.603454,28.001704],[76.597454,28.003311],[76.591454,28.001704],[76.587062,27.997311],[76.585454,27.991311],[76.587062,27.985311],[76.591454,27.980919],[76.597454,27.979311],[76.603454,27.980919],[76.607846,27.985311],[76.609454,27.991311]]]},"properties":{"pincode":"301401","name":"Silgaon","ppi":98,"income":41900,"_synthetic":true}},{"type":"Feature","geometry":{"type":"Polygon","coordinates":[[[75.7843,13.324526],[75.782692,13.330526],[75.7783,13.334918],[75.7723,13.336526],[75.7663,13.334918],[75.761907,13.330526],[75.7603,13.324526],[75.761907,13.318525],[75.7663,13.314133],[75.7723,13.312525],[75.7783,13.314133],[75.782692,13.318525],[75.7843,13.324526]]]},"properties":{"pincode":"577101","name":"Chikmagalur, Karnataka","ppi":98,"income":46500,"_synthetic":true}},{"type":"Feature","geometry":{"type":"Polygon","coordinates":[[[76.712,11.4],[76.710392,11.406],[76.706,11.410392],[76.7,11.412],[76.694,11.410392],[76.689608,11.406],[76.688,11.4],[76.689608,11.394],[76.694,11.389608],[76.7,11.388],[76.706,11.389608],[76.710392,11.394],[76.712,11.4]]]},"properties":{"pincode":"643001","name":"The Nilgiris, Tamil Nadu","ppi":98,"income":59000,"_synthetic":true}},{"type":"Feature","geometry":{"type":"Polygon","coordinates":[[[78.130604,11.303389],[78.128996,11.309389],[78.124604,11.313781],[78.118604,11.315389],[78.112604,11.313781],[78.108212,11.309389],[78.106604,11.303389],[78.108212,11.297389],[78.112604,11.292997],[78.118604,11.291389],[78.124604,11.292997],[78.128996,11.297389],[78.130604,11.303389]]]},"properties":{"pincode":"637003","name":"Namakkal, Tamil Nadu","ppi":98,"income":42600,"_synthetic":true}},{"type":"Feature","geometry":{"type":"Polygon","coordinates":[[[78.222696,11.646962],[78.221088,11.652962],[78.216696,11.657354],[78.210696,11.658962],[78.204696,11.657354],[78.200303,11.652962],[78.198696,11.646962],[78.200303,11.640962],[78.204696,11.636569],[78.210696,11.634962],[78.216696,11.636569],[78.221088,11.640962],[78.222696,11.646962]]]},"properties":{"pincode":"636014","name":"Salem, Tamil Nadu","ppi":98,"income":44500,"_synthetic":true}},{"type":"Feature","geometry":{"type":"Polygon","coordinates":[[[76.757247,28.88187],[76.75564,28.88787],[76.751247,28.892262],[76.745247,28.89387],[76.739247,28.892262],[76.734855,28.88787],[76.733247,28.88187],[76.734855,28.87587],[76.739247,28.871477],[76.745247,28.86987],[76.751247,28.871477],[76.75564,28.87587],[76.757247,28.88187]]]},"properties":{"pincode":"124401","name":"124401","ppi":98,"income":82900,"_synthetic":true}},{"type":"Feature","geometry":{"type":"Polygon","coordinates":[[[73.007359,22.85325],[73.005751,22.85925],[73.001359,22.863643],[72.995359,22.86525],[72.989359,22.863643],[72.984966,22.85925],[72.983359,22.85325],[72.984966,22.84725],[72.989359,22.842858],[72.995359,22.84125],[73.001359,22.842858],[73.005751,22.84725],[73.007359,22.85325]]]},"properties":{"pincode":"387335","name":"Kheda, Gujarat","ppi":98,"income":39400,"_synthetic":true}},{"type":"Feature","geometry":{"type":"Polygon","coordinates":[[[78.340142,31.593013],[78.338534,31.599013],[78.334142,31.603405],[78.328142,31.605013],[78.322142,31.603405],[78.317749,31.599013],[78.316142,31.593013],[78.317749,31.587013],[78.322142,31.582621],[78.328142,31.581013],[78.334142,31.582621],[78.338534,31.587013],[78.340142,31.593013]]]},"properties":{"pincode":"172116","name":"Kinnaur, Himachal Pradesh","ppi":98,"income":40900,"_synthetic":true}},{"type":"Feature","geometry":{"type":"Polygon","coordinates":[[[74.652339,14.72538],[74.650731,14.73138],[74.646339,14.735772],[74.640339,14.73738],[74.634339,14.735772],[74.629947,14.73138],[74.628339,14.72538],[74.629947,14.71938],[74.634339,14.714987],[74.640339,14.71338],[74.646339,14.714987],[74.650731,14.71938],[74.652339,14.72538]]]},"properties":{"pincode":"D501306","name":"Uttara Kannada, Karnataka","ppi":98,"income":57200,"_synthetic":true}},{"type":"Feature","geometry":{"type":"Polygon","coordinates":[[[76.3923,30.663404],[76.390692,30.669404],[76.3863,30.673797],[76.3803,30.675404],[76.3743,30.673797],[76.369908,30.669404],[76.3683,30.663404],[76.369908,30.657404],[76.3743,30.653012],[76.3803,30.651404],[76.3863,30.653012],[76.390692,30.657404],[76.3923,30.663404]]]},"properties":{"pincode":"140407","name":"Fatehgarh Sahib, Punjab","ppi":98,"income":43800,"_synthetic":true}},{"type":"Feature","geometry":{"type":"Polygon","coordinates":[[[76.68644,28.239842],[76.684832,28.245842],[76.68044,28.250234],[76.67444,28.251842],[76.66844,28.250234],[76.664047,28.245842],[76.66244,28.239842],[76.664047,28.233842],[76.66844,28.22945],[76.67444,28.227842],[76.68044,28.22945],[76.684832,28.233842],[76.68644,28.239842]]]},"properties":{"pincode":"123502","name":"Dohki","ppi":97,"income":39700,"_synthetic":true}},{"type":"Feature","geometry":{"type":"Polygon","coordinates":[[[75.145287,15.37073],[75.143679,15.37673],[75.139287,15.381122],[75.133287,15.38273],[75.127287,15.381122],[75.122894,15.37673],[75.121287,15.37073],[75.122894,15.36473],[75.127287,15.360337],[75.133287,15.35873],[75.139287,15.360337],[75.143679,15.36473],[75.145287,15.37073]]]},"properties":{"pincode":"580020","name":"Dharwad, Karnataka","ppi":97,"income":55800,"_synthetic":true}},{"type":"Feature","geometry":{"type":"Polygon","coordinates":[[[77.5536407,12.8198254],[77.55387,12.8196527],[77.5570865,12.817443],[77.5588688,12.8161613],[77.5599866,12.8152826],[77.5652839,12.8114248],[77.566327,12.8106226],[77.5669394,12.8100704],[77.5669808,12.81034],[77.5672681,12.8108207],[77.5674549,12.8111335],[77.5681733,12.8123739],[77.5690701,12.8139251],[77.5722539,12.8194908],[77.5726216,12.8201308],[77.5727188,12.8202997],[77.5727944,12.8204311],[77.5728759,12.8205727],[77.5729423,12.8206881],[77.5730412,12.8208709],[77.57313,12.8210235],[77.5732436,12.8212184],[77.5732772,12.821276],[77.5733204,12.8213546],[77.5733651,12.8214322],[77.5733779,12.8214543],[77.5733842,12.8214652],[77.5733948,12.8214847],[77.5734032,12.821499],[77.5734052,12.8215026],[77.5734167,12.8215223],[77.5734259,12.821538],[77.5734296,12.8215449],[77.5734313,12.8215479],[77.5734389,12.8215611],[77.573441,12.8215649],[77.5734443,12.8215706],[77.5734466,12.8215746],[77.5734475,12.8215763],[77.5734483,12.8215777],[77.5734498,12.8215803],[77.5734509,12.8215822],[77.5734516,12.8215834],[77.5759993,12.8260913],[77.5775653,12.8287988],[77.58203,12.8370826],[77.5819835,12.8371039],[77.58178,12.837238],[77.5812794,12.8375196],[77.5806071,12.8378379],[77.580434,12.8378885],[77.5797677,12.8380833],[77.5792489,12.8381663],[77.5790367,12.8382339],[77.5787874,12.8382691],[77.578029,12.8383432],[77.5768633,12.8384675],[77.5742859,12.8388689],[77.5737932,12.8389754],[77.5731382,12.8391308],[77.572295,12.839173],[77.571074,12.8392335],[77.5707997,12.8392554],[77.5704243,12.8392873],[77.5691979,12.839393],[77.5685442,12.8394491],[77.5667874,12.8395736],[77.5666684,12.8395849],[77.5664264,12.8396087],[77.5656813,12.8396804],[77.5649065,12.8395378],[77.5633089,12.8392451],[77.5625425,12.8390895],[77.5627528,12.8378412],[77.5630976,12.8357664],[77.5631309,12.8355576],[77.5625767,12.8344162],[77.5619681,12.8334297],[77.561575,12.8327921],[77.5606843,12.8315867],[77.5597824,12.8299941],[77.5590822,12.8290941],[77.5586389,12.8287179],[77.558617,12.8286992],[77.5581405,12.8282962],[77.5573889,12.8261149],[77.5569247,12.8250007],[77.5565429,12.824084],[77.5556928,12.8224424],[77.5548482,12.8215836],[77.5537487,12.8201866],[77.5538922,12.8200753],[77.5536407,12.8198254]]]},"properties":{"pincode":"560083","name":"Shanubhoganahalli","ppi":97,"income":68000}},{"type":"Feature","geometry":{"type":"Polygon","coordinates":[[[95.890774,28.214956],[95.889166,28.220956],[95.884774,28.225349],[95.878774,28.226956],[95.872774,28.225349],[95.868382,28.220956],[95.866774,28.214956],[95.868382,28.208956],[95.872774,28.204564],[95.878774,28.202956],[95.884774,28.204564],[95.889166,28.208956],[95.890774,28.214956]]]},"properties":{"pincode":"792110","name":"Lower Dibang Valley, Arunachal Pradesh","ppi":97,"income":44200,"_synthetic":true}},{"type":"Feature","geometry":{"type":"Polygon","coordinates":[[[94.1530035,26.2470818],[94.1555784,26.2440025],[94.1619299,26.2436945],[94.1658781,26.241693],[94.170084,26.2403456],[94.1707277,26.2399607],[94.1718864,26.2389598],[94.172573,26.2375741],[94.1728735,26.2362268],[94.173603,26.2344945],[94.175148,26.2333397],[94.1767358,26.2327623],[94.1788387,26.2319154],[94.1794395,26.2315689],[94.1781521,26.2295863],[94.1781306,26.2284892],[94.1814136,26.2274498],[94.1824007,26.2260254],[94.1841602,26.2258329],[94.1851902,26.2241005],[94.1863918,26.2229071],[94.1881084,26.2222141],[94.1897821,26.2213671],[94.1914987,26.2202891],[94.1933441,26.2195961],[94.1952323,26.2192496],[94.1962623,26.2190571],[94.1976356,26.2195191],[94.1994381,26.2212516],[94.2005968,26.2227916],[94.202528,26.2232535],[94.204545,26.2237925],[94.206047,26.2244085],[94.2073774,26.2251399],[94.2086219,26.2258714],[94.2095232,26.2269878],[94.2108964,26.2284892],[94.212141,26.2295671],[94.2139864,26.230876],[94.2148017,26.2316844],[94.2175054,26.2349565],[94.2205953,26.2401531],[94.2237281,26.2430016],[94.2256164,26.2443873],[94.2316675,26.2501224],[94.2328691,26.2538173],[94.236474,26.2607065],[94.2391777,26.2648244],[94.2409372,26.2681726],[94.2429113,26.2715591],[94.2451858,26.2740604],[94.2472457,26.2762539],[94.2450141,26.2764848],[94.2408084,26.2770235],[94.2381476,26.2764848],[94.2346286,26.2758691],[94.2312812,26.2764848],[94.2299937,26.2772544],[94.2281913,26.2796401],[94.2253589,26.2804097],[94.2205524,26.2811793],[94.2182349,26.2831033],[94.2175054,26.291145],[94.2167759,26.2924916],[94.2148447,26.2939537],[94.2118406,26.2948386],[94.208579,26.295031],[94.206562,26.2958005],[94.2039442,26.2969547],[94.2017555,26.2979166],[94.1971205,26.2984938],[94.1947172,26.2963392],[94.190769,26.2949542],[94.1875075,26.2932613],[94.1851042,26.2897215],[94.1840742,26.2847964],[94.1825293,26.2809485],[94.180641,26.2786397],[94.1784094,26.2758691],[94.1756628,26.2727906],[94.1739462,26.2695581],[94.1730879,26.2647861],[94.1741179,26.2604757],[94.1724013,26.2581665],[94.169483,26.2569349],[94.1662214,26.2558573],[94.160385,26.253548],[94.1548918,26.2495451],[94.1530035,26.2470818]]]},"properties":{"pincode":"D609641","name":"Wokha, Nagaland","ppi":97,"income":40300}},{"type":"Feature","geometry":{"type":"Polygon","coordinates":[[[80.493699,30.126497],[80.492091,30.132497],[80.487699,30.13689],[80.481699,30.138497],[80.475699,30.13689],[80.471307,30.132497],[80.469699,30.126497],[80.471307,30.120497],[80.475699,30.116105],[80.481699,30.114497],[80.487699,30.116105],[80.492091,30.120497],[80.493699,30.126497]]]},"properties":{"pincode":"D447102","name":"Pithoragarh, Uttarakand","ppi":97,"income":40500,"_synthetic":true}},{"type":"Feature","geometry":{"type":"Polygon","coordinates":[[[83.478269,18.276002],[83.476662,18.282002],[83.472269,18.286394],[83.466269,18.288002],[83.460269,18.286394],[83.455877,18.282002],[83.454269,18.276002],[83.455877,18.270002],[83.460269,18.265609],[83.466269,18.264002],[83.472269,18.265609],[83.476662,18.270002],[83.478269,18.276002]]]},"properties":{"pincode":"D782262","name":"Vizianagaram, Andhra Pradesh","ppi":97,"income":39400,"_synthetic":true}},{"type":"Feature","geometry":{"type":"Polygon","coordinates":[[[76.674669,28.762324],[76.673061,28.768324],[76.668669,28.772716],[76.662669,28.774324],[76.656669,28.772716],[76.652276,28.768324],[76.650669,28.762324],[76.652276,28.756324],[76.656669,28.751931],[76.662669,28.750324],[76.668669,28.751931],[76.673061,28.756324],[76.674669,28.762324]]]},"properties":{"pincode":"124107","name":"Dighal","ppi":97,"income":82400,"_synthetic":true}},{"type":"Feature","geometry":{"type":"Polygon","coordinates":[[[92.751719,22.391338],[92.750111,22.397338],[92.745719,22.40173],[92.739719,22.403338],[92.733719,22.40173],[92.729327,22.397338],[92.727719,22.391338],[92.729327,22.385338],[92.733719,22.380945],[92.739719,22.379338],[92.745719,22.380945],[92.750111,22.385338],[92.751719,22.391338]]]},"properties":{"pincode":"D171306","name":"Lawngtlai, Mizoram","ppi":97,"income":34600,"_synthetic":true}},{"type":"Feature","geometry":{"type":"Polygon","coordinates":[[[77.875183,9.492629],[77.873575,9.498629],[77.869183,9.503021],[77.863183,9.504629],[77.857183,9.503021],[77.852791,9.498629],[77.851183,9.492629],[77.852791,9.486629],[77.857183,9.482237],[77.863183,9.480629],[77.869183,9.482237],[77.873575,9.486629],[77.875183,9.492629]]]},"properties":{"pincode":"D848859","name":"Virudhunagar, Tamil Nadu","ppi":97,"income":46600,"_synthetic":true}},{"type":"Feature","geometry":{"type":"Polygon","coordinates":[[[78.625146,20.825623],[78.623538,20.831623],[78.619146,20.836015],[78.613146,20.837623],[78.607146,20.836015],[78.602753,20.831623],[78.601146,20.825623],[78.602753,20.819623],[78.607146,20.815231],[78.613146,20.813623],[78.619146,20.815231],[78.623538,20.819623],[78.625146,20.825623]]]},"properties":{"pincode":"D710636","name":"Wardha, Maharashtra","ppi":97,"income":47500,"_synthetic":true}},{"type":"Feature","geometry":{"type":"Polygon","coordinates":[[[93.878971,27.605975],[93.877363,27.611975],[93.872971,27.616368],[93.866971,27.617975],[93.860971,27.616368],[93.856578,27.611975],[93.854971,27.605975],[93.856578,27.599975],[93.860971,27.595583],[93.866971,27.593975],[93.872971,27.595583],[93.877363,27.599975],[93.878971,27.605975]]]},"properties":{"pincode":"791120","name":"Lower Subansiri, Arunachal Pradesh","ppi":97,"income":41800,"_synthetic":true}},{"type":"Feature","geometry":{"type":"Polygon","coordinates":[[[75.905386,16.814415],[75.903778,16.820415],[75.899386,16.824807],[75.893386,16.826415],[75.887386,16.824807],[75.882993,16.820415],[75.881386,16.814415],[75.882993,16.808415],[75.887386,16.804023],[75.893386,16.802415],[75.899386,16.804023],[75.903778,16.808415],[75.905386,16.814415]]]},"properties":{"pincode":"586127","name":"Bijapur, Karnataka","ppi":97,"income":31700,"_synthetic":true}},{"type":"Feature","geometry":{"type":"Polygon","coordinates":[[[74.560426,30.999363],[74.558818,31.005363],[74.554426,31.009755],[74.548426,31.011363],[74.542426,31.009755],[74.538033,31.005363],[74.536426,30.999363],[74.538033,30.993363],[74.542426,30.98897],[74.548426,30.987363],[74.554426,30.98897],[74.558818,30.993363],[74.560426,30.999363]]]},"properties":{"pincode":"D877003","name":"Shahid Bhagat, Punjab","ppi":97,"income":46100,"_synthetic":true}},{"type":"Feature","geometry":{"type":"Polygon","coordinates":[[[76.888831,29.935895],[76.887223,29.941895],[76.882831,29.946288],[76.876831,29.947895],[76.870831,29.946288],[76.866439,29.941895],[76.864831,29.935895],[76.866439,29.929895],[76.870831,29.925503],[76.876831,29.923895],[76.882831,29.925503],[76.887223,29.929895],[76.888831,29.935895]]]},"properties":{"pincode":"136118","name":"Chander Bhanpur","ppi":97,"income":38600,"_synthetic":true}},{"type":"Feature","geometry":{"type":"Polygon","coordinates":[[[76.884711,28.680038],[76.883103,28.686038],[76.878711,28.690431],[76.872711,28.692038],[76.866711,28.690431],[76.862319,28.686038],[76.860711,28.680038],[76.862319,28.674038],[76.866711,28.669646],[76.872711,28.668038],[76.878711,28.669646],[76.883103,28.674038],[76.884711,28.680038]]]},"properties":{"pincode":"124507","name":"Saulda","ppi":97,"income":81200,"_synthetic":true}},{"type":"Feature","geometry":{"type":"Polygon","coordinates":[[[73.0104,19.1553],[73.008792,19.1613],[73.0044,19.165692],[72.9984,19.1673],[72.9924,19.165692],[72.988008,19.1613],[72.9864,19.1553],[72.988008,19.1493],[72.9924,19.144908],[72.9984,19.1433],[73.0044,19.144908],[73.008792,19.1493],[73.0104,19.1553]]]},"properties":{"pincode":"400708","name":"Airoli","ppi":97,"income":36100,"_synthetic":true}},{"type":"Feature","geometry":{"type":"Polygon","coordinates":[[[76.603187,28.881957],[76.601579,28.887957],[76.597187,28.892349],[76.591187,28.893957],[76.585187,28.892349],[76.580794,28.887957],[76.579187,28.881957],[76.580794,28.875957],[76.585187,28.871565],[76.591187,28.869957],[76.597187,28.871565],[76.601579,28.875957],[76.603187,28.881957]]]},"properties":{"pincode":"124001","name":"Tilak Nagar","ppi":97,"income":83400,"_synthetic":true}},{"type":"Feature","geometry":{"type":"Polygon","coordinates":[[[76.597693,28.87835],[76.596086,28.88435],[76.591693,28.888742],[76.585693,28.89035],[76.579693,28.888742],[76.575301,28.88435],[76.573693,28.87835],[76.575301,28.87235],[76.579693,28.867957],[76.585693,28.86635],[76.591693,28.867957],[76.596086,28.87235],[76.597693,28.87835]]]},"properties":{"pincode":"124010","name":"Sunari Khurd","ppi":97,"income":83200,"_synthetic":true}},{"type":"Feature","geometry":{"type":"Polygon","coordinates":[[[92.473917,27.291585],[92.47231,27.297585],[92.467917,27.301978],[92.461917,27.303585],[92.455917,27.301978],[92.451525,27.297585],[92.449917,27.291585],[92.451525,27.285585],[92.455917,27.281193],[92.461917,27.279585],[92.467917,27.281193],[92.47231,27.285585],[92.473917,27.291585]]]},"properties":{"pincode":"790116","name":"West Kameng, Arunachal Pradesh","ppi":96,"income":45000,"_synthetic":true}},{"type":"Feature","geometry":{"type":"Polygon","coordinates":[[[91.948206,27.674194],[91.946598,27.680194],[91.942206,27.684587],[91.936206,27.686194],[91.930206,27.684587],[91.925814,27.680194],[91.924206,27.674194],[91.925814,27.668194],[91.930206,27.663802],[91.936206,27.662194],[91.942206,27.663802],[91.946598,27.668194],[91.948206,27.674194]]]},"properties":{"pincode":"790105","name":"Tawang, Arunachal Pradesh","ppi":96,"income":38400,"_synthetic":true}},{"type":"Feature","geometry":{"type":"Polygon","coordinates":[[[92.72566,24.190547],[92.724052,24.196547],[92.71966,24.200939],[92.71366,24.202547],[92.70766,24.200939],[92.703267,24.196547],[92.70166,24.190547],[92.703267,24.184547],[92.70766,24.180155],[92.71366,24.178547],[92.71966,24.180155],[92.724052,24.184547],[92.72566,24.190547]]]},"properties":{"pincode":"796082","name":"Kolasib, Mizoram","ppi":96,"income":43500,"_synthetic":true}},{"type":"Feature","geometry":{"type":"Polygon","coordinates":[[[93.630772,27.286367],[93.629164,27.292367],[93.624772,27.296759],[93.618772,27.298367],[93.612772,27.296759],[93.608379,27.292367],[93.606772,27.286367],[93.608379,27.280367],[93.612772,27.275974],[93.618772,27.274367],[93.624772,27.275974],[93.629164,27.280367],[93.630772,27.286367]]]},"properties":{"pincode":"791119","name":"Papum Pare, Arunachal Pradesh","ppi":96,"income":36900,"_synthetic":true}},{"type":"Feature","geometry":{"type":"Polygon","coordinates":[[[77.5976,12.9044],[77.595992,12.9104],[77.5916,12.914792],[77.5856,12.9164],[77.5796,12.914792],[77.575208,12.9104],[77.5736,12.9044],[77.575208,12.8984],[77.5796,12.894008],[77.5856,12.8924],[77.5916,12.894008],[77.595992,12.8984],[77.5976,12.9044]]]},"properties":{"pincode":"560078","name":"JP Nagar","ppi":96,"income":60500,"_synthetic":true}},{"type":"Feature","geometry":{"type":"Polygon","coordinates":[[[69.607995,23.0983469],[69.6080093,23.0979031],[69.6086347,23.0980075],[69.6089928,23.0978693],[69.6094072,23.097498],[69.6101569,23.0981569],[69.6102132,23.0982517],[69.6103567,23.0983773],[69.6104372,23.0984904],[69.6106222,23.0987933],[69.6107962,23.0988707],[69.6109759,23.0989577],[69.6109702,23.0990378],[69.6109644,23.0992429],[69.6109792,23.0993592],[69.610992,23.099475],[69.6109975,23.0995563],[69.6109957,23.0997138],[69.6110115,23.0999319],[69.6109716,23.1002261],[69.6109454,23.1003994],[69.610899,23.1006656],[69.6108383,23.1009158],[69.6108076,23.1009826],[69.6107859,23.1010302],[69.6105615,23.1010264],[69.6105926,23.101215],[69.610427,23.101249],[69.6103802,23.1011198],[69.6098969,23.1011811],[69.6098118,23.101463],[69.6094026,23.101874],[69.6093507,23.1022104],[69.6098498,23.1022795],[69.6098051,23.1027072],[69.6090278,23.1026051],[69.6092,23.1022053],[69.6092809,23.1016794],[69.6088549,23.1012998],[69.6089517,23.1010252],[69.6093802,23.1011232],[69.609913,23.1010398],[69.6100929,23.1000472],[69.6090949,23.1000211],[69.6085958,23.1000065],[69.6087048,23.0990115],[69.6089241,23.0990289],[69.6089104,23.0986478],[69.6080232,23.0984528],[69.607995,23.0983469]]]},"properties":{"pincode":"370427","name":"Kachchh, Gujarat","ppi":96,"income":36100}},{"type":"Feature","geometry":{"type":"Polygon","coordinates":[[[75.538125,20.842883],[75.536517,20.848883],[75.532125,20.853275],[75.526125,20.854883],[75.520125,20.853275],[75.515732,20.848883],[75.514125,20.842883],[75.515732,20.836883],[75.520125,20.83249],[75.526125,20.830883],[75.532125,20.83249],[75.536517,20.836883],[75.538125,20.842883]]]},"properties":{"pincode":"425116","name":"Jalgaon, Maharashtra","ppi":96,"income":36900,"_synthetic":true}},{"type":"Feature","geometry":{"type":"Polygon","coordinates":[[[80.580614,16.285355],[80.579007,16.291355],[80.574614,16.295747],[80.568614,16.297355],[80.562614,16.295747],[80.558222,16.291355],[80.556614,16.285355],[80.558222,16.279355],[80.562614,16.274962],[80.568614,16.273355],[80.574614,16.274962],[80.579007,16.279355],[80.580614,16.285355]]]},"properties":{"pincode":"522307","name":"Guntur, Andhra Pradesh","ppi":96,"income":38200,"_synthetic":true}},{"type":"Feature","geometry":{"type":"Polygon","coordinates":[[[91.399934,23.915333],[91.398326,23.921333],[91.393934,23.925725],[91.387934,23.927333],[91.381934,23.925725],[91.377542,23.921333],[91.375934,23.915333],[91.377542,23.909333],[91.381934,23.904941],[91.387934,23.903333],[91.393934,23.904941],[91.398326,23.909333],[91.399934,23.915333]]]},"properties":{"pincode":"799001","name":"West Tripura, Tripura","ppi":96,"income":39800,"_synthetic":true}},{"type":"Feature","geometry":{"type":"Polygon","coordinates":[[[76.603187,28.791867],[76.601579,28.797867],[76.597187,28.802259],[76.591187,28.803867],[76.585187,28.802259],[76.580794,28.797867],[76.579187,28.791867],[76.580794,28.785867],[76.585187,28.781475],[76.591187,28.779867],[76.597187,28.781475],[76.601579,28.785867],[76.603187,28.791867]]]},"properties":{"pincode":"124029","name":"Baland","ppi":96,"income":79100,"_synthetic":true}},{"type":"Feature","geometry":{"type":"Polygon","coordinates":[[[81.039784,16.213547],[81.038177,16.219547],[81.033784,16.223939],[81.027784,16.225547],[81.021784,16.223939],[81.017392,16.219547],[81.015784,16.213547],[81.017392,16.207547],[81.021784,16.203154],[81.027784,16.201547],[81.033784,16.203154],[81.038177,16.207547],[81.039784,16.213547]]]},"properties":{"pincode":"521156","name":"Krishna, Andhra Pradesh","ppi":96,"income":39400,"_synthetic":true}},{"type":"Feature","geometry":{"type":"Polygon","coordinates":[[[78.020718,29.912351],[78.01911,29.918351],[78.014718,29.922744],[78.008718,29.924351],[78.002718,29.922744],[77.998325,29.918351],[77.996718,29.912351],[77.998325,29.906351],[78.002718,29.901959],[78.008718,29.900351],[78.014718,29.901959],[78.01911,29.906351],[78.020718,29.912351]]]},"properties":{"pincode":"249401","name":"Haridwar, Uttarakand","ppi":96,"income":32700,"_synthetic":true}},{"type":"Feature","geometry":{"type":"Polygon","coordinates":[[[76.922692,29.725577],[76.921085,29.731577],[76.916692,29.735969],[76.910692,29.737577],[76.904692,29.735969],[76.9003,29.731577],[76.898692,29.725577],[76.9003,29.719577],[76.904692,29.715184],[76.910692,29.713577],[76.916692,29.715184],[76.921085,29.719577],[76.922692,29.725577]]]},"properties":{"pincode":"D823806","name":"Karnal, Haryana","ppi":96,"income":44100,"_synthetic":true}},{"type":"Feature","geometry":{"type":"Polygon","coordinates":[[[93.087301,27.557781],[93.085694,27.563781],[93.081301,27.568173],[93.075301,27.569781],[93.069301,27.568173],[93.064909,27.563781],[93.063301,27.557781],[93.064909,27.551781],[93.069301,27.547389],[93.075301,27.545781],[93.081301,27.547389],[93.085694,27.551781],[93.087301,27.557781]]]},"properties":{"pincode":"790102","name":"East Kameng, Arunachal Pradesh","ppi":96,"income":40500,"_synthetic":true}},{"type":"Feature","geometry":{"type":"Polygon","coordinates":[[[88.375315,22.535426],[88.373707,22.541426],[88.369315,22.545819],[88.363315,22.547426],[88.357315,22.545819],[88.352922,22.541426],[88.351315,22.535426],[88.352922,22.529426],[88.357315,22.525034],[88.363315,22.523426],[88.369315,22.525034],[88.373707,22.529426],[88.375315,22.535426]]]},"properties":{"pincode":"700019","name":"Kolkata, West Bengal","ppi":96,"income":43100,"_synthetic":true}},{"type":"Feature","geometry":{"type":"Polygon","coordinates":[[[76.812162,28.653651],[76.810554,28.659651],[76.806162,28.664044],[76.800162,28.665651],[76.794162,28.664044],[76.789769,28.659651],[76.788162,28.653651],[76.789769,28.647651],[76.794162,28.643259],[76.800162,28.641651],[76.806162,28.643259],[76.810554,28.647651],[76.812162,28.653651]]]},"properties":{"pincode":"124504","name":"Dulhera","ppi":96,"income":80100,"_synthetic":true}},{"type":"Feature","geometry":{"type":"Polygon","coordinates":[[[79.631054,30.498596],[79.629446,30.504596],[79.625054,30.508988],[79.619054,30.510596],[79.613054,30.508988],[79.608661,30.504596],[79.607054,30.498596],[79.608661,30.492596],[79.613054,30.488203],[79.619054,30.486596],[79.625054,30.488203],[79.629446,30.492596],[79.631054,30.498596]]]},"properties":{"pincode":"D427457","name":"Chamoli, Uttarakand","ppi":96,"income":41600,"_synthetic":true}},{"type":"Feature","geometry":{"type":"Polygon","coordinates":[[[76.870578,8.967404],[76.868971,8.973404],[76.864578,8.977796],[76.858578,8.979404],[76.852578,8.977796],[76.848186,8.973404],[76.846578,8.967404],[76.848186,8.961404],[76.852578,8.957012],[76.858578,8.955404],[76.864578,8.957012],[76.868971,8.961404],[76.870578,8.967404]]]},"properties":{"pincode":"691315","name":"Kollam, Kerala","ppi":95,"income":31000,"_synthetic":true}},{"type":"Feature","geometry":{"type":"Polygon","coordinates":[[[77.730568,31.238767],[77.728961,31.244767],[77.724568,31.24916],[77.718568,31.250767],[77.712568,31.24916],[77.708176,31.244767],[77.706568,31.238767],[77.708176,31.232767],[77.712568,31.228375],[77.718568,31.226767],[77.724568,31.228375],[77.728961,31.232767],[77.730568,31.238767]]]},"properties":{"pincode":"171207","name":"Shimla, Himachal Pradesh","ppi":95,"income":43600,"_synthetic":true}},{"type":"Feature","geometry":{"type":"Polygon","coordinates":[[[76.552363,31.653987],[76.550756,31.659987],[76.546363,31.664379],[76.540363,31.665987],[76.534363,31.664379],[76.529971,31.659987],[76.528363,31.653987],[76.529971,31.647987],[76.534363,31.643594],[76.540363,31.641987],[76.546363,31.643594],[76.550756,31.647987],[76.552363,31.653987]]]},"properties":{"pincode":"176041","name":"Hamirpur, Himachal Pradesh","ppi":95,"income":31100,"_synthetic":true}},{"type":"Feature","geometry":{"type":"Polygon","coordinates":[[[76.284612,10.478655],[76.283005,10.484655],[76.278612,10.489047],[76.272612,10.490655],[76.266612,10.489047],[76.26222,10.484655],[76.260612,10.478655],[76.26222,10.472655],[76.266612,10.468262],[76.272612,10.466655],[76.278612,10.468262],[76.283005,10.472655],[76.284612,10.478655]]]},"properties":{"pincode":"680014","name":"Thrissur, Kerala","ppi":95,"income":44200,"_synthetic":true}},{"type":"Feature","geometry":{"type":"Polygon","coordinates":[[[91.873671,26.135264],[91.872063,26.141264],[91.867671,26.145656],[91.861671,26.147264],[91.855671,26.145656],[91.851278,26.141264],[91.849671,26.135264],[91.851278,26.129264],[91.855671,26.124871],[91.861671,26.123264],[91.867671,26.124871],[91.872063,26.129264],[91.873671,26.135264]]]},"properties":{"pincode":"782423","name":"Kamrup Metropolitan, Assam","ppi":95,"income":31000,"_synthetic":true}},{"type":"Feature","geometry":{"type":"Polygon","coordinates":[[[76.424336,9.500342],[76.422729,9.506342],[76.418336,9.510734],[76.412336,9.512342],[76.406336,9.510734],[76.401944,9.506342],[76.400336,9.500342],[76.401944,9.494342],[76.406336,9.489949],[76.412336,9.488342],[76.418336,9.489949],[76.422729,9.494342],[76.424336,9.500342]]]},"properties":{"pincode":"688501","name":"Alappuzha, Kerala","ppi":95,"income":43600,"_synthetic":true}},{"type":"Feature","geometry":{"type":"Polygon","coordinates":[[[94.49607,28.197092],[94.494462,28.203092],[94.49007,28.207485],[94.48407,28.209092],[94.47807,28.207485],[94.473678,28.203092],[94.47207,28.197092],[94.473678,28.191092],[94.47807,28.1867],[94.48407,28.185092],[94.49007,28.1867],[94.494462,28.191092],[94.49607,28.197092]]]},"properties":{"pincode":"791001","name":"West Siang, Arunachal Pradesh","ppi":95,"income":51200,"_synthetic":true}},{"type":"Feature","geometry":{"type":"Polygon","coordinates":[[[94.105811,28.259605],[94.104203,28.265605],[94.099811,28.269998],[94.093811,28.271605],[94.087811,28.269998],[94.083418,28.265605],[94.081811,28.259605],[94.083418,28.253605],[94.087811,28.249213],[94.093811,28.247605],[94.099811,28.249213],[94.104203,28.253605],[94.105811,28.259605]]]},"properties":{"pincode":"791122","name":"Upper Subansiri, Arunachal Pradesh","ppi":95,"income":39600,"_synthetic":true}},{"type":"Feature","geometry":{"type":"Polygon","coordinates":[[[77.01116,9.815478],[77.009552,9.821478],[77.00516,9.825871],[76.99916,9.827478],[76.99316,9.825871],[76.988768,9.821478],[76.98716,9.815478],[76.988768,9.809478],[76.99316,9.805086],[76.99916,9.803478],[77.00516,9.805086],[77.009552,9.809478],[77.01116,9.815478]]]},"properties":{"pincode":"685512","name":"Idukki, Kerala","ppi":95,"income":43100,"_synthetic":true}},{"type":"Feature","geometry":{"type":"Polygon","coordinates":[[[76.519414,10.038395],[76.517807,10.044395],[76.513414,10.048787],[76.507414,10.050395],[76.501414,10.048787],[76.497022,10.044395],[76.495414,10.038395],[76.497022,10.032395],[76.501414,10.028002],[76.507414,10.026395],[76.513414,10.028002],[76.517807,10.032395],[76.519414,10.038395]]]},"properties":{"pincode":"683541","name":"Ernakulam, Kerala","ppi":94,"income":54500,"_synthetic":true}},{"type":"Feature","geometry":{"type":"Polygon","coordinates":[[[77.584,13.004],[77.582392,13.01],[77.578,13.014392],[77.572,13.016],[77.566,13.014392],[77.561608,13.01],[77.56,13.004],[77.561608,12.998],[77.566,12.993608],[77.572,12.992],[77.578,12.993608],[77.582392,12.998],[77.584,13.004]]]},"properties":{"pincode":"560076","name":"Malleshwaram","ppi":94,"income":58200,"_synthetic":true}},{"type":"Feature","geometry":{"type":"Polygon","coordinates":[[[76.657533,9.628738],[76.655925,9.634738],[76.651533,9.639131],[76.645533,9.640738],[76.639533,9.639131],[76.63514,9.634738],[76.633533,9.628738],[76.63514,9.622738],[76.639533,9.618346],[76.645533,9.616738],[76.651533,9.618346],[76.655925,9.622738],[76.657533,9.628738]]]},"properties":{"pincode":"686564","name":"Kottayam, Kerala","ppi":94,"income":44600,"_synthetic":true}},{"type":"Feature","geometry":{"type":"Polygon","coordinates":[[[88.428667,27.333333],[88.427059,27.339333],[88.422667,27.343725],[88.416667,27.345333],[88.410667,27.343725],[88.406275,27.339333],[88.404667,27.333333],[88.406275,27.327333],[88.410667,27.322941],[88.416667,27.321333],[88.422667,27.322941],[88.427059,27.327333],[88.428667,27.333333]]]},"properties":{"pincode":"737139","name":"South District, Sikkim","ppi":94,"income":55800,"_synthetic":true}},{"type":"Feature","geometry":{"type":"Polygon","coordinates":[[[77.062125,8.57697],[77.060517,8.582971],[77.056125,8.587363],[77.050125,8.588971],[77.044125,8.587363],[77.039732,8.582971],[77.038125,8.57697],[77.039732,8.57097],[77.044125,8.566578],[77.050125,8.56497],[77.056125,8.566578],[77.060517,8.57097],[77.062125,8.57697]]]},"properties":{"pincode":"695543","name":"Thiruvananthapuram, Kerala","ppi":94,"income":54300,"_synthetic":true}},{"type":"Feature","geometry":{"type":"Polygon","coordinates":[[[77.6201,12.9836],[77.618492,12.9896],[77.6141,12.993992],[77.6081,12.9956],[77.6021,12.993992],[77.597708,12.9896],[77.5961,12.9836],[77.597708,12.9776],[77.6021,12.973208],[77.6081,12.9716],[77.6141,12.973208],[77.618492,12.9776],[77.6201,12.9836]]]},"properties":{"pincode":"560002","name":"Shivajinagar","ppi":94,"income":58100,"_synthetic":true}},{"type":"Feature","geometry":{"type":"Polygon","coordinates":[[[77.072,28.62],[77.070392,28.626],[77.066,28.630392],[77.06,28.632],[77.054,28.630392],[77.049608,28.626],[77.048,28.62],[77.049608,28.614],[77.054,28.609608],[77.06,28.608],[77.066,28.609608],[77.070392,28.614],[77.072,28.62]]]},"properties":{"pincode":"110059","name":"Uttam Nagar","ppi":94,"income":54900,"_synthetic":true}},{"type":"Feature","geometry":{"type":"Polygon","coordinates":[[[76.985744,9.278084],[76.984137,9.284084],[76.979744,9.288476],[76.973744,9.290084],[76.967744,9.288476],[76.963352,9.284084],[76.961744,9.278084],[76.963352,9.272084],[76.967744,9.267692],[76.973744,9.266084],[76.979744,9.267692],[76.984137,9.272084],[76.985744,9.278084]]]},"properties":{"pincode":"689699","name":"Pathanamthitta, Kerala","ppi":94,"income":45000,"_synthetic":true}},{"type":"Feature","geometry":{"type":"Polygon","coordinates":[[[88.626658,27.333835],[88.62505,27.339835],[88.620658,27.344227],[88.614658,27.345835],[88.608658,27.344227],[88.604266,27.339835],[88.602658,27.333835],[88.604266,27.327835],[88.608658,27.323443],[88.614658,27.321835],[88.620658,27.323443],[88.62505,27.327835],[88.626658,27.333835]]]},"properties":{"pincode":"737101","name":"East District, Sikkim","ppi":93,"income":63200,"_synthetic":true}},{"type":"Feature","geometry":{"type":"Polygon","coordinates":[[[88.512,27.666667],[88.510392,27.672667],[88.506,27.677059],[88.5,27.678667],[88.494,27.677059],[88.489608,27.672667],[88.488,27.666667],[88.489608,27.660667],[88.494,27.656275],[88.5,27.654667],[88.506,27.656275],[88.510392,27.660667],[88.512,27.666667]]]},"properties":{"pincode":"737120","name":"North District, Sikkim","ppi":93,"income":62500,"_synthetic":true}},{"type":"Feature","geometry":{"type":"Polygon","coordinates":[[[79.099,21.159],[79.097392,21.165],[79.093,21.169392],[79.087,21.171],[79.081,21.169392],[79.076608,21.165],[79.075,21.159],[79.076608,21.153],[79.081,21.148608],[79.087,21.147],[79.093,21.148608],[79.097392,21.153],[79.099,21.159]]]},"properties":{"pincode":"440001","name":"Nagpur Sadar / Civil Lines","ppi":92,"income":35100,"_synthetic":true}},{"type":"Feature","geometry":{"type":"Polygon","coordinates":[[[75.344,19.855],[75.342392,19.861],[75.338,19.865392],[75.332,19.867],[75.326,19.865392],[75.321608,19.861],[75.32,19.855],[75.321608,19.849],[75.326,19.844608],[75.332,19.843],[75.338,19.844608],[75.342392,19.849],[75.344,19.855]]]},"properties":{"pincode":"431005","name":"Osmanpura / Garkheda","ppi":91,"income":37400,"_synthetic":true}},{"type":"Feature","geometry":{"type":"Polygon","coordinates":[[[77.301,28.673],[77.299392,28.679],[77.295,28.683392],[77.289,28.685],[77.283,28.683392],[77.278608,28.679],[77.277,28.673],[77.278608,28.667],[77.283,28.662608],[77.289,28.661],[77.295,28.662608],[77.299392,28.667],[77.301,28.673]]]},"properties":{"pincode":"110093","name":"Shahdara/Nand Nagri","ppi":91,"income":42500,"_synthetic":true}},{"type":"Feature","geometry":{"type":"Polygon","coordinates":[[[83.294768,17.805322],[83.29316,17.811322],[83.288768,17.815715],[83.282768,17.817322],[83.276768,17.815715],[83.272375,17.811322],[83.270768,17.805322],[83.272375,17.799322],[83.276768,17.79493],[83.282768,17.793322],[83.288768,17.79493],[83.29316,17.799322],[83.294768,17.805322]]]},"properties":{"pincode":"530028","name":"Visakhapatnam, Andhra Pradesh","ppi":91,"income":35600,"_synthetic":true}},{"type":"Feature","geometry":{"type":"Polygon","coordinates":[[[73.8018,19.9975],[73.800192,20.0035],[73.7958,20.007892],[73.7898,20.0095],[73.7838,20.007892],[73.779408,20.0035],[73.7778,19.9975],[73.779408,19.9915],[73.7838,19.987108],[73.7898,19.9855],[73.7958,19.987108],[73.800192,19.9915],[73.8018,19.9975]]]},"properties":{"pincode":"422001","name":"Nashik City Center","ppi":91,"income":23900,"_synthetic":true}},{"type":"Feature","geometry":{"type":"Polygon","coordinates":[[[76.7683301,30.7263491],[76.7727506,30.7212218],[76.7733528,30.7205252],[76.7848321,30.7276721],[76.790054,30.7219709],[76.8005919,30.7285655],[76.8014016,30.7290226],[76.7988307,30.7319567],[76.7961092,30.7346956],[76.7909706,30.7404678],[76.7797155,30.7334212],[76.7683301,30.7263491]]]},"properties":{"pincode":"160018","name":"Chandigarh District, Chandigarh","ppi":90,"income":68600}},{"type":"Feature","geometry":{"type":"Polygon","coordinates":[[[77.208365,28.485169],[77.206758,28.491169],[77.202365,28.495562],[77.196365,28.497169],[77.190365,28.495562],[77.185973,28.491169],[77.184365,28.485169],[77.185973,28.479169],[77.190365,28.474777],[77.196365,28.473169],[77.202365,28.474777],[77.206758,28.479169],[77.208365,28.485169]]]},"properties":{"pincode":"110074","name":"South, Delhi","ppi":90,"income":55500,"_synthetic":true}},{"type":"Feature","geometry":{"type":"Polygon","coordinates":[[[73.077948,19.216517],[73.076341,19.222517],[73.071948,19.226909],[73.065948,19.228517],[73.059948,19.226909],[73.055556,19.222517],[73.053948,19.216517],[73.055556,19.210517],[73.059948,19.206125],[73.065948,19.204517],[73.071948,19.206125],[73.076341,19.210517],[73.077948,19.216517]]]},"properties":{"pincode":"400201","name":"Kopar","ppi":90,"income":36800,"_synthetic":true}},{"type":"Feature","geometry":{"type":"Polygon","coordinates":[[[77.575,12.924],[77.573392,12.93],[77.569,12.934392],[77.563,12.936],[77.557,12.934392],[77.552608,12.93],[77.551,12.924],[77.552608,12.918],[77.557,12.913608],[77.563,12.912],[77.569,12.913608],[77.573392,12.918],[77.575,12.924]]]},"properties":{"pincode":"560085","name":"Banashankari","ppi":90,"income":53200,"_synthetic":true}},{"type":"Feature","geometry":{"type":"Polygon","coordinates":[[[77.579183,13.022235],[77.577576,13.028235],[77.573183,13.032627],[77.567183,13.034235],[77.561183,13.032627],[77.556791,13.028235],[77.555183,13.022235],[77.556791,13.016235],[77.561183,13.011842],[77.567183,13.010235],[77.573183,13.011842],[77.577576,13.016235],[77.579183,13.022235]]]},"properties":{"pincode":"560012","name":"Bangalore, Karnataka","ppi":90,"income":52900,"_synthetic":true}},{"type":"Feature","geometry":{"type":"Polygon","coordinates":[[[79.807136,11.922012],[79.805529,11.928012],[79.801136,11.932404],[79.795136,11.934012],[79.789136,11.932404],[79.784744,11.928012],[79.783136,11.922012],[79.784744,11.916012],[79.789136,11.911619],[79.795136,11.910012],[79.801136,11.911619],[79.805529,11.916012],[79.807136,11.922012]]]},"properties":{"pincode":"605005","name":"Puducherry, Puducherry","ppi":90,"income":28000,"_synthetic":true}},{"type":"Feature","geometry":{"type":"Polygon","coordinates":[[[73.284622,19.41922],[73.283014,19.42522],[73.278622,19.429612],[73.272622,19.43122],[73.266622,19.429612],[73.26223,19.42522],[73.260622,19.41922],[73.26223,19.41322],[73.266622,19.408828],[73.272622,19.40722],[73.278622,19.408828],[73.283014,19.41322],[73.284622,19.41922]]]},"properties":{"pincode":"421604","name":"Vasind","ppi":89,"income":36500,"_synthetic":true}},{"type":"Feature","geometry":{"type":"Polygon","coordinates":[[[73.066619,19.072309],[73.065011,19.078309],[73.060619,19.082702],[73.054619,19.084309],[73.048619,19.082702],[73.044227,19.078309],[73.042619,19.072309],[73.044227,19.066309],[73.048619,19.061917],[73.054619,19.060309],[73.060619,19.061917],[73.065011,19.066309],[73.066619,19.072309]]]},"properties":{"pincode":"410210","name":"410210","ppi":89,"income":35900,"_synthetic":true}},{"type":"Feature","geometry":{"type":"Polygon","coordinates":[[[79.818949,10.915649],[79.817341,10.921649],[79.812949,10.926041],[79.806949,10.927649],[79.800949,10.926041],[79.796556,10.921649],[79.794949,10.915649],[79.796556,10.909649],[79.800949,10.905257],[79.806949,10.903649],[79.812949,10.905257],[79.817341,10.909649],[79.818949,10.915649]]]},"properties":{"pincode":"609604","name":"Karaikal, Puducherry","ppi":88,"income":26900,"_synthetic":true}},{"type":"Feature","geometry":{"type":"Polygon","coordinates":[[[72.846,18.934],[72.844392,18.94],[72.84,18.944392],[72.834,18.946],[72.828,18.944392],[72.823608,18.94],[72.822,18.934],[72.823608,18.928],[72.828,18.923608],[72.834,18.922],[72.84,18.923608],[72.844392,18.928],[72.846,18.934]]]},"properties":{"pincode":"400001","name":"Fort Mumbai","ppi":88,"income":50200,"_synthetic":true}},{"type":"Feature","geometry":{"type":"Polygon","coordinates":[[[75.819692,22.710812],[75.818084,22.716812],[75.813692,22.721204],[75.807692,22.722812],[75.801692,22.721204],[75.797299,22.716812],[75.795692,22.710812],[75.797299,22.704812],[75.801692,22.70042],[75.807692,22.698812],[75.813692,22.70042],[75.818084,22.704812],[75.819692,22.710812]]]},"properties":{"pincode":"452001","name":"Indore, Madhya Pradesh","ppi":88,"income":37000,"_synthetic":true}},{"type":"Feature","geometry":{"type":"Polygon","coordinates":[[[76.482795,27.965329],[76.481187,27.971329],[76.476795,27.975721],[76.470795,27.977329],[76.464795,27.975721],[76.460402,27.971329],[76.458795,27.965329],[76.460402,27.959329],[76.464795,27.954936],[76.470795,27.953329],[76.476795,27.954936],[76.481187,27.959329],[76.482795,27.965329]]]},"properties":{"pincode":"301714","name":"Bhojpuri","ppi":88,"income":26900,"_synthetic":true}},{"type":"Feature","geometry":{"type":"Polygon","coordinates":[[[77.252,28.543],[77.250392,28.549],[77.246,28.553392],[77.24,28.555],[77.234,28.553392],[77.229608,28.549],[77.228,28.543],[77.229608,28.537],[77.234,28.532608],[77.24,28.531],[77.246,28.532608],[77.250392,28.537],[77.252,28.543]]]},"properties":{"pincode":"110048","name":"Greater Kailash","ppi":88,"income":49300,"_synthetic":true}},{"type":"Feature","geometry":{"type":"Polygon","coordinates":[[[77.7332,12.982],[77.731592,12.988],[77.7272,12.992392],[77.7212,12.994],[77.7152,12.992392],[77.710808,12.988],[77.7092,12.982],[77.710808,12.976],[77.7152,12.971608],[77.7212,12.97],[77.7272,12.971608],[77.731592,12.976],[77.7332,12.982]]]},"properties":{"pincode":"560066","name":"Brookefield","ppi":87,"income":50000,"_synthetic":true}},{"type":"Feature","geometry":{"type":"Polygon","coordinates":[[[72.859957,19.410147],[72.858349,19.416147],[72.853957,19.420539],[72.847957,19.422147],[72.841957,19.420539],[72.837564,19.416147],[72.835957,19.410147],[72.837564,19.404147],[72.841957,19.399755],[72.847957,19.398147],[72.853957,19.399755],[72.858349,19.404147],[72.859957,19.410147]]]},"properties":{"pincode":"401209","name":"Waliv","ppi":86,"income":34400,"_synthetic":true}},{"type":"Feature","geometry":{"type":"Polygon","coordinates":[[[77.360442,28.534867],[77.358834,28.540867],[77.354442,28.545259],[77.348442,28.546867],[77.342442,28.545259],[77.33805,28.540867],[77.336442,28.534867],[77.33805,28.528867],[77.342442,28.524475],[77.348442,28.522867],[77.354442,28.524475],[77.358834,28.528867],[77.360442,28.534867]]]},"properties":{"pincode":"201303","name":"Hazipur","ppi":86,"income":25700,"_synthetic":true}},{"type":"Feature","geometry":{"type":"Polygon","coordinates":[[[77.317,19.15],[77.315392,19.156],[77.311,19.160392],[77.305,19.162],[77.299,19.160392],[77.294608,19.156],[77.293,19.15],[77.294608,19.144],[77.299,19.139608],[77.305,19.138],[77.311,19.139608],[77.315392,19.144],[77.317,19.15]]]},"properties":{"pincode":"431602","name":"Nanded Shivaji Nagar","ppi":85,"income":18500,"_synthetic":true}},{"type":"Feature","geometry":{"type":"Polygon","coordinates":[[[77.712,29.47],[77.710392,29.476],[77.706,29.480392],[77.7,29.482],[77.694,29.480392],[77.689608,29.476],[77.688,29.47],[77.689608,29.464],[77.694,29.459608],[77.7,29.458],[77.706,29.459608],[77.710392,29.464],[77.712,29.47]]]},"properties":{"pincode":"251001","name":"Muzaffarnagar","ppi":84,"income":21000,"_synthetic":true}},{"type":"Feature","geometry":{"type":"Polygon","coordinates":[[[76.410609,28.119122],[76.409001,28.125122],[76.404609,28.129514],[76.398609,28.131122],[76.392609,28.129514],[76.388217,28.125122],[76.386609,28.119122],[76.388217,28.113122],[76.392609,28.10873],[76.398609,28.107122],[76.404609,28.10873],[76.409001,28.113122],[76.410609,28.119122]]]},"properties":{"pincode":"301704","name":"Adeend","ppi":84,"income":25000,"_synthetic":true}},{"type":"Feature","geometry":{"type":"Polygon","coordinates":[[[70.804979,22.332467],[70.803371,22.338467],[70.798979,22.34286],[70.792979,22.344467],[70.786979,22.34286],[70.782587,22.338467],[70.780979,22.332467],[70.782587,22.326467],[70.786979,22.322075],[70.792979,22.320467],[70.798979,22.322075],[70.803371,22.326467],[70.804979,22.332467]]]},"properties":{"pincode":"360001","name":"360001","ppi":83,"income":28800,"_synthetic":true}},{"type":"Feature","geometry":{"type":"Polygon","coordinates":[[[77.128596,28.420391],[77.126988,28.426391],[77.122596,28.430783],[77.116596,28.432391],[77.110596,28.430783],[77.106204,28.426391],[77.104596,28.420391],[77.106204,28.414391],[77.110596,28.409999],[77.116596,28.408391],[77.122596,28.409999],[77.126988,28.414391],[77.128596,28.420391]]]},"properties":{"pincode":"122011","name":"Sector 59","ppi":83,"income":53900,"_synthetic":true}},{"type":"Feature","geometry":{"type":"Polygon","coordinates":[[[73.077948,19.531832],[73.076341,19.537832],[73.071948,19.542225],[73.065948,19.543832],[73.059948,19.542225],[73.055556,19.537832],[73.053948,19.531832],[73.055556,19.525832],[73.059948,19.52144],[73.065948,19.519832],[73.071948,19.52144],[73.076341,19.525832],[73.077948,19.531832]]]},"properties":{"pincode":"421312","name":"Budhavali","ppi":83,"income":32400,"_synthetic":true}},{"type":"Feature","geometry":{"type":"Polygon","coordinates":[[[77.098593,28.356688],[77.096985,28.362688],[77.092593,28.36708],[77.086593,28.368688],[77.080593,28.36708],[77.076201,28.362688],[77.074593,28.356688],[77.076201,28.350688],[77.080593,28.346295],[77.086593,28.344688],[77.092593,28.346295],[77.096985,28.350688],[77.098593,28.356688]]]},"properties":{"pincode":"122102","name":"122102","ppi":82,"income":53200,"_synthetic":true}},{"type":"Feature","geometry":{"type":"Polygon","coordinates":[[[76.872776,28.420305],[76.871168,28.426305],[76.866776,28.430697],[76.860776,28.432305],[76.854776,28.430697],[76.850384,28.426305],[76.848776,28.420305],[76.850384,28.414305],[76.854776,28.409913],[76.860776,28.408305],[76.866776,28.409913],[76.871168,28.414305],[76.872776,28.420305]]]},"properties":{"pincode":"122506","name":"Sector 97","ppi":82,"income":53000,"_synthetic":true}},{"type":"Feature","geometry":{"type":"Polygon","coordinates":[[[76.923724,28.420391],[76.922117,28.426391],[76.917724,28.430783],[76.911724,28.432391],[76.905724,28.430783],[76.901332,28.426391],[76.899724,28.420391],[76.901332,28.414391],[76.905724,28.409999],[76.911724,28.408391],[76.917724,28.409999],[76.922117,28.414391],[76.923724,28.420391]]]},"properties":{"pincode":"122505","name":"Sector 95","ppi":82,"income":53100,"_synthetic":true}},{"type":"Feature","geometry":{"type":"Polygon","coordinates":[[[76.917799,28.324961],[76.916191,28.330961],[76.911799,28.335353],[76.905799,28.336961],[76.899799,28.335353],[76.895406,28.330961],[76.893799,28.324961],[76.895406,28.318961],[76.899799,28.314568],[76.905799,28.312961],[76.911799,28.314568],[76.916191,28.318961],[76.917799,28.324961]]]},"properties":{"pincode":"122051","name":"Gurgaon","ppi":82,"income":52900,"_synthetic":true}},{"type":"Feature","geometry":{"type":"Polygon","coordinates":[[[72.855,19.058],[72.853392,19.064],[72.849,19.068392],[72.843,19.07],[72.837,19.068392],[72.832608,19.064],[72.831,19.058],[72.832608,19.052],[72.837,19.047608],[72.843,19.046],[72.849,19.047608],[72.853392,19.052],[72.855,19.058]]]},"properties":{"pincode":"400050","name":"Bandra East","ppi":82,"income":44800,"_synthetic":true}},{"type":"Feature","geometry":{"type":"Polygon","coordinates":[[[76.953727,28.356688],[76.952119,28.362688],[76.947727,28.36708],[76.941727,28.368688],[76.935727,28.36708],[76.931335,28.362688],[76.929727,28.356688],[76.931335,28.350688],[76.935727,28.346295],[76.941727,28.344688],[76.947727,28.346295],[76.952119,28.350688],[76.953727,28.356688]]]},"properties":{"pincode":"122052","name":"Industrial Modern Township Manesar","ppi":82,"income":53100,"_synthetic":true}},{"type":"Feature","geometry":{"type":"Polygon","coordinates":[[[77.6027,13.0231],[77.601092,13.0291],[77.5967,13.033492],[77.5907,13.0351],[77.5847,13.033492],[77.580308,13.0291],[77.5787,13.0231],[77.580308,13.0171],[77.5847,13.012708],[77.5907,13.0111],[77.5967,13.012708],[77.601092,13.0171],[77.6027,13.0231]]]},"properties":{"pincode":"560032","name":"RT Nagar","ppi":81,"income":44600,"_synthetic":true}},{"type":"Feature","geometry":{"type":"Polygon","coordinates":[[[73.2065391,19.1410329],[73.2109809,19.1425127],[73.2165384,19.143952],[73.2229113,19.1444182],[73.2260012,19.1436682],[73.2284474,19.1436884],[73.230915,19.1445601],[73.2316661,19.1442966],[73.2353568,19.1395531],[73.2374167,19.1378503],[73.2425022,19.1354785],[73.2453561,19.1360663],[73.2472014,19.1361677],[73.2500338,19.1373637],[73.2499695,19.1387017],[73.2507634,19.1388436],[73.2521581,19.1416005],[73.2530165,19.1454925],[73.2547997,19.1473238],[73.2550736,19.1463149],[73.2558404,19.1451765],[73.2569084,19.1447108],[73.257867,19.1442969],[73.2589898,19.1435983],[73.2595649,19.1429774],[73.2606056,19.1415803],[73.2618999,19.1409721],[73.263123,19.1387625],[73.2638311,19.1383571],[73.2647967,19.1396139],[73.2670069,19.1394315],[73.2676291,19.1416005],[73.2679939,19.1420667],[73.2685518,19.1420465],[73.2688737,19.1416005],[73.2707834,19.1406478],[73.2720279,19.1412559],[73.2714057,19.1456547],[73.2720923,19.1512696],[73.2726502,19.1532156],[73.2777142,19.1545331],[73.2775211,19.155729],[73.2776069,19.1689442],[73.2743239,19.1695117],[73.2716203,19.1714574],[73.2711696,19.1724708],[73.271985,19.1752474],[73.2772207,19.1802736],[73.2765984,19.1820571],[73.2732725,19.1836176],[73.2721567,19.1850564],[73.2697963,19.1878126],[73.2671571,19.1877113],[73.2665562,19.1866372],[73.2638526,19.1860089],[73.2635522,19.1861305],[73.2630157,19.1874681],[73.26087,19.1873262],[73.26087,19.1884611],[73.2567501,19.1883192],[73.2566643,19.1880558],[73.2528019,19.1882483],[73.2487571,19.1891298],[73.2485318,19.1884104],[73.2475126,19.1879544],[73.2469761,19.1860089],[73.2431459,19.186931],[73.2422876,19.1874579],[73.239938,19.1875491],[73.2386613,19.1865156],[73.237288,19.1892312],[73.237524,19.1899607],[73.2359361,19.195027],[73.2289784,19.1918962],[73.2292628,19.1910804],[73.2298529,19.1909284],[73.2311511,19.1877315],[73.2313227,19.1861913],[73.2328892,19.1861913],[73.2334685,19.184185],[73.2318766,19.1842035],[73.2275247,19.1832933],[73.2228148,19.1826449],[73.2211304,19.1812261],[73.2218707,19.1803749],[73.219403,19.1801925],[73.2196391,19.1781456],[73.2186562,19.1782727],[73.2176006,19.1784091],[73.2163774,19.1790171],[73.2145213,19.1785713],[73.2131696,19.1760074],[73.2140922,19.1742442],[73.2137596,19.1736463],[73.212719,19.1745077],[73.2114636,19.1747105],[73.2094573,19.1724911],[73.2099509,19.1712953],[73.2095432,19.1708292],[73.213148,19.1675052],[73.2142638,19.1636542],[73.2150364,19.1608166],[73.2135772,19.1611612],[73.2109165,19.157675],[73.2105949,19.1565005],[73.2085132,19.1488981],[73.2065391,19.1410329]]]},"properties":{"pincode":"421503","name":"Manjarli","ppi":80,"income":30500}},{"type":"Feature","geometry":{"type":"Polygon","coordinates":[[[77.562,12.9952],[77.560392,13.0012],[77.556,13.005592],[77.55,13.0072],[77.544,13.005592],[77.539608,13.0012],[77.538,12.9952],[77.539608,12.9892],[77.544,12.984808],[77.55,12.9832],[77.556,12.984808],[77.560392,12.9892],[77.562,12.9952]]]},"properties":{"pincode":"560004","name":"Rajajinagar","ppi":76,"income":41000,"_synthetic":true}},{"type":"Feature","geometry":{"type":"Polygon","coordinates":[[[77.6911,12.9013],[77.689492,12.9073],[77.6851,12.911692],[77.6791,12.9133],[77.6731,12.911692],[77.668708,12.9073],[77.6671,12.9013],[77.668708,12.8953],[77.6731,12.890908],[77.6791,12.8893],[77.6851,12.890908],[77.689492,12.8953],[77.6911,12.9013]]]},"properties":{"pincode":"560103","name":"Sarjapur Road","ppi":76,"income":40700,"_synthetic":true}},{"type":"Feature","geometry":{"type":"Polygon","coordinates":[[[73.010449,19.242904],[73.008842,19.248904],[73.004449,19.253296],[72.998449,19.254904],[72.992449,19.253296],[72.988057,19.248904],[72.986449,19.242904],[72.988057,19.236904],[72.992449,19.232512],[72.998449,19.230904],[73.004449,19.232512],[73.008842,19.236904],[73.010449,19.242904]]]},"properties":{"pincode":"400607","name":"Kolshet","ppi":76,"income":28500,"_synthetic":true}},{"type":"Feature","geometry":{"type":"Polygon","coordinates":[[[77.212,28.549],[77.210392,28.555],[77.206,28.559392],[77.2,28.561],[77.194,28.559392],[77.189608,28.555],[77.188,28.549],[77.189608,28.543],[77.194,28.538608],[77.2,28.537],[77.206,28.538608],[77.210392,28.543],[77.212,28.549]]]},"properties":{"pincode":"110016","name":"Hauz Khas","ppi":75,"income":38900,"_synthetic":true}},{"type":"Feature","geometry":{"type":"Polygon","coordinates":[[[73.8673,18.5196],[73.865692,18.5256],[73.8613,18.529992],[73.8553,18.5316],[73.8493,18.529992],[73.844908,18.5256],[73.8433,18.5196],[73.844908,18.5136],[73.8493,18.509208],[73.8553,18.5076],[73.8613,18.509208],[73.865692,18.5136],[73.8673,18.5196]]]},"properties":{"pincode":"411001","name":"Pune Camp / GPO","ppi":75,"income":30800,"_synthetic":true}},{"type":"Feature","geometry":{"type":"Polygon","coordinates":[[[76.482795,28.145509],[76.481187,28.151509],[76.476795,28.155901],[76.470795,28.157509],[76.464795,28.155901],[76.460402,28.151509],[76.458795,28.145509],[76.460402,28.139509],[76.464795,28.135116],[76.470795,28.133509],[76.476795,28.135116],[76.481187,28.139509],[76.482795,28.145509]]]},"properties":{"pincode":"301708","name":"Nangli Balai","ppi":74,"income":21100,"_synthetic":true}},{"type":"Feature","geometry":{"type":"Polygon","coordinates":[[[77.307,19.12],[77.305392,19.126],[77.301,19.130392],[77.295,19.132],[77.289,19.130392],[77.284608,19.126],[77.283,19.12],[77.284608,19.114],[77.289,19.109608],[77.295,19.108],[77.301,19.109608],[77.305392,19.114],[77.307,19.12]]]},"properties":{"pincode":"431605","name":"Nanded CIDCO / Taroda","ppi":73,"income":14900,"_synthetic":true}},{"type":"Feature","geometry":{"type":"Polygon","coordinates":[[[77.2013944,28.5210601],[77.2045998,28.5203959],[77.2085672,28.5193968],[77.2137899,28.5182742],[77.2155571,28.5180696],[77.216223,28.5205493],[77.2164425,28.5212953],[77.2166954,28.5222007],[77.2168104,28.5230533],[77.2167384,28.5239365],[77.2159775,28.5258588],[77.2165606,28.525635],[77.2219958,28.5269984],[77.2217102,28.5279454],[77.2236133,28.5284182],[77.2228303,28.5309121],[77.2208576,28.5304653],[77.2150822,28.5291527],[77.2131552,28.5286556],[77.2125992,28.5284536],[77.212109,28.5282998],[77.2116023,28.5281883],[77.2103059,28.5280591],[77.2081196,28.5278055],[77.2057782,28.5276928],[77.2044952,28.52789],[77.2024763,28.5273424],[77.2027182,28.525921],[77.2021635,28.5259029],[77.2013944,28.5210601]]]},"properties":{"pincode":"110017","name":"Saket / Malviya Nagar","ppi":72,"income":37100}},{"type":"Feature","geometry":{"type":"Polygon","coordinates":[[[72.917,19.117],[72.915392,19.123],[72.911,19.127392],[72.905,19.129],[72.899,19.127392],[72.894608,19.123],[72.893,19.117],[72.894608,19.111],[72.899,19.106608],[72.905,19.105],[72.911,19.106608],[72.915392,19.111],[72.917,19.117]]]},"properties":{"pincode":"400068","name":"Powai","ppi":72,"income":37700,"_synthetic":true}},{"type":"Feature","geometry":{"type":"Polygon","coordinates":[[[77.0344539,28.5926589],[77.040459,28.5886543],[77.0408452,28.5884941],[77.0413468,28.5882709],[77.0417545,28.5880071],[77.0422958,28.5875949],[77.0424895,28.5878663],[77.0499695,28.5966285],[77.0422479,28.601765],[77.0361058,28.5945831],[77.0344539,28.5926589]]]},"properties":{"pincode":"110075","name":"Dwarka","ppi":72,"income":40000}},{"type":"Feature","geometry":{"type":"Polygon","coordinates":[[[76.140387,27.826758],[76.13878,27.832758],[76.134387,27.83715],[76.128387,27.838758],[76.122387,27.83715],[76.117995,27.832758],[76.116387,27.826758],[76.117995,27.820758],[76.122387,27.816366],[76.128387,27.814758],[76.134387,27.816366],[76.13878,27.820758],[76.140387,27.826758]]]},"properties":{"pincode":"123023","name":"123023","ppi":70,"income":14800,"_synthetic":true}},{"type":"Feature","geometry":{"type":"Polygon","coordinates":[[[92.499468,10.70569],[92.49786,10.71169],[92.493468,10.716083],[92.487468,10.71769],[92.481468,10.716083],[92.477076,10.71169],[92.475468,10.70569],[92.477076,10.69969],[92.481468,10.695298],[92.487468,10.69369],[92.493468,10.695298],[92.49786,10.69969],[92.499468,10.70569]]]},"properties":{"pincode":"744207","name":"South Andaman, Andaman &Nicobar","ppi":70,"income":19500,"_synthetic":true}},{"type":"Feature","geometry":{"type":"Polygon","coordinates":[[[76.614173,28.176139],[76.612565,28.182139],[76.608173,28.186531],[76.602173,28.188139],[76.596173,28.186531],[76.591781,28.182139],[76.590173,28.176139],[76.591781,28.170139],[76.596173,28.165746],[76.602173,28.164139],[76.608173,28.165746],[76.612565,28.170139],[76.614173,28.176139]]]},"properties":{"pincode":"123110","name":"Devlavas","ppi":70,"income":15300,"_synthetic":true}},{"type":"Feature","geometry":{"type":"Polygon","coordinates":[[[75.724209,26.978434],[75.722601,26.984434],[75.718209,26.988826],[75.712209,26.990434],[75.706209,26.988826],[75.701817,26.984434],[75.700209,26.978434],[75.701817,26.972434],[75.706209,26.968041],[75.712209,26.966434],[75.718209,26.968041],[75.722601,26.972434],[75.724209,26.978434]]]},"properties":{"pincode":"302001","name":"Jaipur, Rajasthan","ppi":70,"income":25700,"_synthetic":true}},{"type":"Feature","geometry":{"type":"Polygon","coordinates":[[[74.005703,15.337612],[74.004096,15.343612],[73.999703,15.348004],[73.993703,15.349612],[73.987703,15.348004],[73.983311,15.343612],[73.981703,15.337612],[73.983311,15.331612],[73.987703,15.32722],[73.993703,15.325612],[73.999703,15.32722],[74.004096,15.331612],[74.005703,15.337612]]]},"properties":{"pincode":"403103","name":"South Goa, Goa","ppi":70,"income":30200,"_synthetic":true}},{"type":"Feature","geometry":{"type":"Polygon","coordinates":[[[73.066619,19.207444],[73.065011,19.213444],[73.060619,19.217837],[73.054619,19.219444],[73.048619,19.217837],[73.044227,19.213444],[73.042619,19.207444],[73.044227,19.201444],[73.048619,19.197052],[73.054619,19.195444],[73.060619,19.197052],[73.065011,19.201444],[73.066619,19.207444]]]},"properties":{"pincode":"400612","name":"Anjur","ppi":70,"income":25500,"_synthetic":true}},{"type":"Feature","geometry":{"type":"Polygon","coordinates":[[[77.874546,30.499816],[77.872938,30.505816],[77.868546,30.510208],[77.862546,30.511816],[77.856546,30.510208],[77.852153,30.505816],[77.850546,30.499816],[77.852153,30.493816],[77.856546,30.489423],[77.862546,30.487816],[77.868546,30.489423],[77.872938,30.493816],[77.874546,30.499816]]]},"properties":{"pincode":"248159","name":"Dehradun, Uttarakand","ppi":70,"income":19300,"_synthetic":true}},{"type":"Feature","geometry":{"type":"Polygon","coordinates":[[[77.362527,11.490528],[77.36092,11.496528],[77.356527,11.500921],[77.350527,11.502528],[77.344527,11.500921],[77.340135,11.496528],[77.338527,11.490528],[77.340135,11.484528],[77.344527,11.480136],[77.350527,11.478528],[77.356527,11.480136],[77.36092,11.484528],[77.362527,11.490528]]]},"properties":{"pincode":"638506","name":"Erode, Tamil Nadu","ppi":70,"income":31200,"_synthetic":true}},{"type":"Feature","geometry":{"type":"Polygon","coordinates":[[[76.55498,28.119122],[76.553373,28.125122],[76.54898,28.129514],[76.54298,28.131122],[76.53698,28.129514],[76.532588,28.125122],[76.53098,28.119122],[76.532588,28.113122],[76.53698,28.10873],[76.54298,28.107122],[76.54898,28.10873],[76.553373,28.113122],[76.55498,28.119122]]]},"properties":{"pincode":"123501","name":"Bawal","ppi":70,"income":23400,"_synthetic":true}},{"type":"Feature","geometry":{"type":"Polygon","coordinates":[[[72.86,19.186],[72.858392,19.192],[72.854,19.196392],[72.848,19.198],[72.842,19.196392],[72.837608,19.192],[72.836,19.186],[72.837608,19.18],[72.842,19.175608],[72.848,19.174],[72.854,19.175608],[72.858392,19.18],[72.86,19.186]]]},"properties":{"pincode":"400063","name":"Malad West","ppi":70,"income":36300,"_synthetic":true}},{"type":"Feature","geometry":{"type":"Polygon","coordinates":[[[75.862,30.9],[75.860392,30.906],[75.856,30.910392],[75.85,30.912],[75.844,30.910392],[75.839608,30.906],[75.838,30.9],[75.839608,30.894],[75.844,30.889608],[75.85,30.888],[75.856,30.889608],[75.860392,30.894],[75.862,30.9]]]},"properties":{"pincode":"141001","name":"Ludhiana City","ppi":70,"income":23400,"_synthetic":true}},{"type":"Feature","geometry":{"type":"Polygon","coordinates":[[[72.928667,23.416667],[72.927059,23.422667],[72.922667,23.427059],[72.916667,23.428667],[72.910667,23.427059],[72.906275,23.422667],[72.904667,23.416667],[72.906275,23.410667],[72.910667,23.406275],[72.916667,23.404667],[72.922667,23.406275],[72.927059,23.410667],[72.928667,23.416667]]]},"properties":{"pincode":"383205","name":"Ahmadabad, Gujarat","ppi":70,"income":19500,"_synthetic":true}},{"type":"Feature","geometry":{"type":"Polygon","coordinates":[[[75.919557,28.074269],[75.91795,28.080269],[75.913557,28.084661],[75.907557,28.086269],[75.901557,28.084661],[75.897165,28.080269],[75.895557,28.074269],[75.897165,28.068269],[75.901557,28.063876],[75.907557,28.062269],[75.913557,28.063876],[75.91795,28.068269],[75.919557,28.074269]]]},"properties":{"pincode":"332746","name":"Dhani Sihodiyan","ppi":70,"income":19500,"_synthetic":true}},{"type":"Feature","geometry":{"type":"Polygon","coordinates":[[[73.803,20.0176],[73.801392,20.0236],[73.797,20.027992],[73.791,20.0296],[73.785,20.027992],[73.780608,20.0236],[73.779,20.0176],[73.780608,20.0116],[73.785,20.007208],[73.791,20.0056],[73.797,20.007208],[73.801392,20.0116],[73.803,20.0176]]]},"properties":{"pincode":"422003","name":"Panchavati","ppi":69,"income":16100,"_synthetic":true}},{"type":"Feature","geometry":{"type":"Polygon","coordinates":[[[75.357,19.902],[75.355392,19.908],[75.351,19.912392],[75.345,19.914],[75.339,19.912392],[75.334608,19.908],[75.333,19.902],[75.334608,19.896],[75.339,19.891608],[75.345,19.89],[75.351,19.891608],[75.355392,19.896],[75.357,19.902]]]},"properties":{"pincode":"431003","name":"CIDCO Aurangabad","ppi":69,"income":25000,"_synthetic":true}},{"type":"Feature","geometry":{"type":"Polygon","coordinates":[[[77.5752,12.962],[77.573592,12.968],[77.5692,12.972392],[77.5632,12.974],[77.5572,12.972392],[77.552808,12.968],[77.5512,12.962],[77.552808,12.956],[77.5572,12.951608],[77.5632,12.95],[77.5692,12.951608],[77.573592,12.956],[77.5752,12.962]]]},"properties":{"pincode":"560003","name":"Chamrajpet","ppi":69,"income":36300,"_synthetic":true}},{"type":"Feature","geometry":{"type":"Polygon","coordinates":[[[79.039,21.128],[79.037392,21.134],[79.033,21.138392],[79.027,21.14],[79.021,21.138392],[79.016608,21.134],[79.015,21.128],[79.016608,21.122],[79.021,21.117608],[79.027,21.116],[79.033,21.117608],[79.037392,21.122],[79.039,21.128]]]},"properties":{"pincode":"440015","name":"Trimurti Nagar","ppi":68,"income":22100,"_synthetic":true}},{"type":"Feature","geometry":{"type":"Polygon","coordinates":[[[72.971166,19.297535],[72.969558,19.303535],[72.965166,19.307927],[72.959166,19.309535],[72.953166,19.307927],[72.948773,19.303535],[72.947166,19.297535],[72.948773,19.291535],[72.953166,19.287142],[72.959166,19.285535],[72.965166,19.287142],[72.969558,19.291535],[72.971166,19.297535]]]},"properties":{"pincode":"400615","name":"Bhayander Pada","ppi":68,"income":24600,"_synthetic":true}},{"type":"Feature","geometry":{"type":"Polygon","coordinates":[[[77.6073,13.0358],[77.605692,13.0418],[77.6013,13.046192],[77.5953,13.0478],[77.5893,13.046192],[77.584908,13.0418],[77.5833,13.0358],[77.584908,13.0298],[77.5893,13.025408],[77.5953,13.0238],[77.6013,13.025408],[77.605692,13.0298],[77.6073,13.0358]]]},"properties":{"pincode":"560047","name":"Hebbal","ppi":68,"income":35000,"_synthetic":true}},{"type":"Feature","geometry":{"type":"Polygon","coordinates":[[[74.077704,18.632613],[74.076096,18.638613],[74.071704,18.643005],[74.065704,18.644613],[74.059704,18.643005],[74.055311,18.638613],[74.053704,18.632613],[74.055311,18.626613],[74.059704,18.62222],[74.065704,18.620613],[74.071704,18.62222],[74.076096,18.626613],[74.077704,18.632613]]]},"properties":{"pincode":"412216","name":"412216","ppi":68,"income":27000,"_synthetic":true}},{"type":"Feature","geometry":{"type":"Polygon","coordinates":[[[72.87,19.234],[72.868392,19.24],[72.864,19.244392],[72.858,19.246],[72.852,19.244392],[72.847608,19.24],[72.846,19.234],[72.847608,19.228],[72.852,19.223608],[72.858,19.222],[72.864,19.223608],[72.868392,19.228],[72.87,19.234]]]},"properties":{"pincode":"400086","name":"Borivali West","ppi":67,"income":34600,"_synthetic":true}},{"type":"Feature","geometry":{"type":"Polygon","coordinates":[[[72.8801,19.1776],[72.878492,19.1836],[72.8741,19.187992],[72.8681,19.1896],[72.8621,19.187992],[72.857708,19.1836],[72.8561,19.1776],[72.857708,19.1716],[72.8621,19.167208],[72.8681,19.1656],[72.8741,19.167208],[72.878492,19.1716],[72.8801,19.1776]]]},"properties":{"pincode":"400097","name":"Malad East","ppi":66,"income":33400,"_synthetic":true}},{"type":"Feature","geometry":{"type":"Polygon","coordinates":[[[77.0967,28.6282],[77.095092,28.6342],[77.0907,28.638592],[77.0847,28.6402],[77.0787,28.638592],[77.074308,28.6342],[77.0727,28.6282],[77.074308,28.6222],[77.0787,28.617808],[77.0847,28.6162],[77.0907,28.617808],[77.095092,28.6222],[77.0967,28.6282]]]},"properties":{"pincode":"110058","name":"Janakpuri","ppi":66,"income":32400,"_synthetic":true}},{"type":"Feature","geometry":{"type":"Polygon","coordinates":[[[77.675,12.845],[77.673392,12.851],[77.669,12.855392],[77.663,12.857],[77.657,12.855392],[77.652608,12.851],[77.651,12.845],[77.652608,12.839],[77.657,12.834608],[77.663,12.833],[77.669,12.834608],[77.673392,12.839],[77.675,12.845]]]},"properties":{"pincode":"560035","name":"Electronic City","ppi":66,"income":33900,"_synthetic":true}},{"type":"Feature","geometry":{"type":"Polygon","coordinates":[[[72.912,19.052],[72.910392,19.058],[72.906,19.062392],[72.9,19.064],[72.894,19.062392],[72.889608,19.058],[72.888,19.052],[72.889608,19.046],[72.894,19.041608],[72.9,19.04],[72.906,19.041608],[72.910392,19.046],[72.912,19.052]]]},"properties":{"pincode":"400071","name":"Chembur","ppi":65,"income":32900,"_synthetic":true}},{"type":"Feature","geometry":{"type":"Polygon","coordinates":[[[77.242,28.6562],[77.240392,28.6622],[77.236,28.666592],[77.23,28.6682],[77.224,28.666592],[77.219608,28.6622],[77.218,28.6562],[77.219608,28.6502],[77.224,28.645808],[77.23,28.6442],[77.236,28.645808],[77.240392,28.6502],[77.242,28.6562]]]},"properties":{"pincode":"110006","name":"Chandni Chowk","ppi":63,"income":23900,"_synthetic":true}},{"type":"Feature","geometry":{"type":"Polygon","coordinates":[[[72.9422,19.0488],[72.940592,19.0548],[72.9362,19.059192],[72.9302,19.0608],[72.9242,19.059192],[72.919808,19.0548],[72.9182,19.0488],[72.919808,19.0428],[72.9242,19.038408],[72.9302,19.0368],[72.9362,19.038408],[72.940592,19.0428],[72.9422,19.0488]]]},"properties":{"pincode":"400074","name":"Chembur East","ppi":63,"income":32000,"_synthetic":true}},{"type":"Feature","geometry":{"type":"Polygon","coordinates":[[[77.548,12.965],[77.546392,12.971],[77.542,12.975392],[77.536,12.977],[77.53,12.975392],[77.525608,12.971],[77.524,12.965],[77.525608,12.959],[77.53,12.954608],[77.536,12.953],[77.542,12.954608],[77.546392,12.959],[77.548,12.965]]]},"properties":{"pincode":"560068","name":"Vijayanagar","ppi":62,"income":31900,"_synthetic":true}},{"type":"Feature","geometry":{"type":"Polygon","coordinates":[[[77.102,28.84],[77.100392,28.846],[77.096,28.850392],[77.09,28.852],[77.084,28.850392],[77.079608,28.846],[77.078,28.84],[77.079608,28.834],[77.084,28.829608],[77.09,28.828],[77.096,28.829608],[77.100392,28.834],[77.102,28.84]]]},"properties":{"pincode":"110040","name":"Narela","ppi":62,"income":19000,"_synthetic":true}},{"type":"Feature","geometry":{"type":"Polygon","coordinates":[[[77.6075,13.1067],[77.605892,13.1127],[77.6015,13.117092],[77.5955,13.1187],[77.5895,13.117092],[77.585108,13.1127],[77.5835,13.1067],[77.585108,13.1007],[77.5895,13.096308],[77.5955,13.0947],[77.6015,13.096308],[77.605892,13.1007],[77.6075,13.1067]]]},"properties":{"pincode":"560064","name":"Yelahanka","ppi":61,"income":30900,"_synthetic":true}},{"type":"Feature","geometry":{"type":"Polygon","coordinates":[[[72.963,19.168],[72.961392,19.174],[72.957,19.178392],[72.951,19.18],[72.945,19.178392],[72.940608,19.174],[72.939,19.168],[72.940608,19.162],[72.945,19.157608],[72.951,19.156],[72.957,19.157608],[72.961392,19.162],[72.963,19.168]]]},"properties":{"pincode":"400080","name":"Mulund West","ppi":61,"income":30500,"_synthetic":true}},{"type":"Feature","geometry":{"type":"Polygon","coordinates":[[[78.2439208,21.462295],[78.244028,21.4494738],[78.2463026,21.4491144],[78.2469356,21.4491643],[78.2478475,21.4489546],[78.2489633,21.4487049],[78.2501972,21.4486949],[78.2509375,21.4487948],[78.2510984,21.4491643],[78.2517528,21.4493939],[78.2521498,21.4501129],[78.252536,21.4507919],[78.2534373,21.4518704],[78.2535553,21.4532184],[78.253566,21.4535979],[78.2536948,21.454227],[78.2538128,21.454896],[78.2539308,21.4555051],[78.254081,21.4557947],[78.2552934,21.4558246],[78.2579541,21.4557447],[78.2591879,21.4558346],[78.2597351,21.4556349],[78.2604325,21.4554152],[78.2612908,21.455555],[78.2615161,21.4559844],[78.2616663,21.4569629],[78.2615483,21.4573324],[78.2623958,21.4573923],[78.2629645,21.4573923],[78.2637155,21.4573324],[78.2636726,21.4566434],[78.2639408,21.4557747],[78.2638335,21.4549858],[78.2637155,21.4543767],[78.2635438,21.4538375],[78.2635331,21.4532783],[78.2635867,21.452809],[78.2634473,21.4522299],[78.2632756,21.4517006],[78.2631469,21.4511714],[78.2633078,21.4506921],[78.2638335,21.4504924],[78.2643056,21.4504924],[78.2644343,21.450732],[78.2648313,21.4509317],[78.2653463,21.4509817],[78.2656789,21.4505623],[78.266226,21.4503226],[78.2666659,21.4501229],[78.2673526,21.450043],[78.2680714,21.4500829],[78.2688546,21.4503426],[78.2698953,21.4504225],[78.2700026,21.4505822],[78.2710218,21.450722],[78.2729208,21.4507021],[78.2740044,21.4506521],[78.274734,21.4504924],[78.2760429,21.4503925],[78.2775879,21.4504025],[78.2777274,21.4510116],[78.277781,21.4516108],[78.2788539,21.4514809],[78.2794869,21.4513411],[78.2803881,21.4512912],[78.2814503,21.4512313],[78.282094,21.4509916],[78.2825017,21.4512912],[78.2825875,21.4518304],[78.2827163,21.452809],[78.2827377,21.4533682],[78.2823944,21.4536778],[78.2819116,21.4538076],[78.281858,21.454167],[78.2825017,21.4543568],[78.2828987,21.4545964],[78.2834351,21.4546164],[78.2839286,21.4549958],[78.2841325,21.4552754],[78.2844221,21.4557348],[78.2847762,21.4561641],[78.2852054,21.4567533],[78.2852268,21.4572425],[78.2854092,21.4576519],[78.2857311,21.4579914],[78.2863855,21.4584707],[78.2869542,21.4588701],[78.2869971,21.4597788],[78.2870829,21.4612565],[78.2878446,21.4620853],[78.2863104,21.4634133],[78.2863211,21.4639724],[78.2862782,21.4654901],[78.2860422,21.466868],[78.285377,21.4682059],[78.2849908,21.4687051],[78.2842612,21.4686852],[78.2833814,21.4688849],[78.2834887,21.4698833],[78.2832956,21.4706621],[78.2825875,21.4714408],[78.2821798,21.4720998],[78.2821154,21.4734177],[78.2820725,21.475115],[78.2817292,21.475734],[78.2817292,21.4766525],[78.2818579,21.4788889],[78.2821369,21.4811652],[78.2826948,21.4828025],[78.2825017,21.4840804],[78.2813215,21.4850188],[78.2803559,21.4856178],[78.2807421,21.4863566],[78.2811928,21.4868358],[78.2816648,21.487275],[78.2817292,21.4876743],[78.2815146,21.4877742],[78.2815361,21.4884131],[78.2817936,21.4891718],[78.2811713,21.4893116],[78.2810426,21.4899105],[78.2804847,21.4906892],[78.2806778,21.4913082],[78.2810211,21.4920868],[78.2807636,21.4941033],[78.2805919,21.4969783],[78.2812142,21.4983559],[78.2804417,21.498296],[78.2787466,21.4984757],[78.2769871,21.4988151],[78.2735753,21.4988151],[78.2735324,21.4982162],[78.273983,21.4973976],[78.2745409,21.4966988],[78.2756138,21.4956207],[78.2759571,21.4949619],[78.2758927,21.4926858],[78.2727599,21.4929254],[78.2699489,21.4932249],[78.2676101,21.4933247],[78.265872,21.4934046],[78.2644558,21.4941033],[78.2627821,21.494283],[78.2606578,21.4945426],[78.2593703,21.4948021],[78.258233,21.4951216],[78.2569885,21.4951415],[78.256731,21.4937839],[78.2568383,21.4909887],[78.2556152,21.4909488],[78.2556796,21.4880138],[78.2551217,21.4859373],[78.2528257,21.4860171],[78.2523751,21.4858374],[78.2518172,21.4854181],[78.2523107,21.4842002],[78.2522249,21.4835013],[78.251946,21.4822035],[78.2517314,21.4792683],[78.2517957,21.4778706],[78.2517957,21.4768322],[78.2518816,21.4759936],[78.2517957,21.4748355],[78.2510233,21.4734177],[78.2508731,21.4716805],[78.2508087,21.4710415],[78.2490706,21.4712611],[78.2487917,21.4699831],[78.2486415,21.4692643],[78.2485986,21.4681061],[78.24862,21.4670876],[78.2487917,21.4661291],[78.248856,21.4646514],[78.2478905,21.4642919],[78.2476544,21.4629739],[78.246324,21.4628541],[78.2439208,21.462295]],[[78.2621169,21.4703426],[78.2627606,21.4734576],[78.2627821,21.4746957],[78.2629323,21.4756541],[78.2632756,21.476333],[78.2637477,21.4769321],[78.2639408,21.4779704],[78.264606,21.4787691],[78.265078,21.4796676],[78.265593,21.4799871],[78.2656359,21.4807459],[78.2655287,21.4815845],[78.2663011,21.4821436],[78.267653,21.4822035],[78.2679319,21.4817642],[78.268125,21.4809455],[78.2682109,21.4801469],[78.268404,21.4790287],[78.2701421,21.4786493],[78.2716441,21.47821],[78.2731461,21.4779105],[78.2745194,21.4774712],[78.2750344,21.4771517],[78.2755708,21.476333],[78.2753992,21.4755343],[78.2753134,21.4740767],[78.2752704,21.4716805],[78.2754421,21.467507],[78.2753134,21.46553],[78.274455,21.4648511],[78.2731247,21.4639724],[78.2718587,21.4634332],[78.2705927,21.4627942],[78.2691979,21.4623149],[78.2677603,21.4618157],[78.2666015,21.4618756],[78.2654643,21.4621552],[78.2644772,21.4623749],[78.2637477,21.4638127],[78.2630825,21.46553],[78.2624173,21.4673872],[78.2622027,21.4689448],[78.2621169,21.4703426]]]},"properties":{"pincode":"444906","name":"Warud","ppi":61,"income":12000}},{"type":"Feature","geometry":{"type":"Polygon","coordinates":[[[72.919,19.074],[72.917392,19.08],[72.913,19.084392],[72.907,19.086],[72.901,19.084392],[72.896608,19.08],[72.895,19.074],[72.896608,19.068],[72.901,19.063608],[72.907,19.062],[72.913,19.063608],[72.917392,19.068],[72.919,19.074]]]},"properties":{"pincode":"400070","name":"Ghatkopar","ppi":60,"income":30300,"_synthetic":true}},{"type":"Feature","geometry":{"type":"Polygon","coordinates":[[[74.472,16.691],[74.470392,16.697],[74.466,16.701392],[74.46,16.703],[74.454,16.701392],[74.449608,16.697],[74.448,16.691],[74.449608,16.685],[74.454,16.680608],[74.46,16.679],[74.466,16.680608],[74.470392,16.685],[74.472,16.691]]]},"properties":{"pincode":"416115","name":"Ichalkaranji","ppi":60,"income":18100,"_synthetic":true}},{"type":"Feature","geometry":{"type":"Polygon","coordinates":[[[75.3436,17.6792],[75.341992,17.6852],[75.3376,17.689592],[75.3316,17.6912],[75.3256,17.689592],[75.321208,17.6852],[75.3196,17.6792],[75.321208,17.6732],[75.3256,17.668808],[75.3316,17.6672],[75.3376,17.668808],[75.341992,17.6732],[75.3436,17.6792]]]},"properties":{"pincode":"413304","name":"Pandharpur","ppi":59,"income":12100,"_synthetic":true}},{"type":"Feature","geometry":{"type":"Polygon","coordinates":[[[77.02616,28.645616],[77.024552,28.651616],[77.02016,28.656009],[77.01416,28.657616],[77.00816,28.656009],[77.003768,28.651616],[77.00216,28.645616],[77.003768,28.639616],[77.00816,28.635224],[77.01416,28.633616],[77.02016,28.635224],[77.024552,28.639616],[77.02616,28.645616]]]},"properties":{"pincode":"110043","name":"Najafgarh","ppi":58,"income":30800,"_synthetic":true}},{"type":"Feature","geometry":{"type":"Polygon","coordinates":[[[77.0857,28.7495],[77.084092,28.7555],[77.0797,28.759892],[77.0737,28.7615],[77.0677,28.759892],[77.063308,28.7555],[77.0617,28.7495],[77.063308,28.7435],[77.0677,28.739108],[77.0737,28.7375],[77.0797,28.739108],[77.084092,28.7435],[77.0857,28.7495]]]},"properties":{"pincode":"110085","name":"Rohini","ppi":58,"income":23200,"_synthetic":true}},{"type":"Feature","geometry":{"type":"Polygon","coordinates":[[[80.068257,13.253762],[80.06665,13.259762],[80.062257,13.264154],[80.056257,13.265762],[80.050257,13.264154],[80.045865,13.259762],[80.044257,13.253762],[80.045865,13.247762],[80.050257,13.24337],[80.056257,13.241762],[80.062257,13.24337],[80.06665,13.247762],[80.068257,13.253762]]]},"properties":{"pincode":"601103","name":"Thiruvallur, Tamil Nadu","ppi":57,"income":15400,"_synthetic":true}},{"type":"Feature","geometry":{"type":"Polygon","coordinates":[[[77.3011554,28.667021],[77.3016283,28.6662155],[77.3021146,28.6664438],[77.3024515,28.6665916],[77.3036968,28.6665399],[77.3078278,28.6666056],[77.3087494,28.6664578],[77.3096208,28.6662664],[77.3149296,28.665164],[77.3152832,28.6651075],[77.3172875,28.6646742],[77.3198484,28.6641206],[77.3200889,28.6643832],[77.3213469,28.6677501],[77.3223804,28.6707603],[77.3224966,28.6713472],[77.322518,28.671873],[77.3225088,28.6724739],[77.3224701,28.673278],[77.3165325,28.6730568],[77.3129054,28.6730041],[77.3035535,28.6728315],[77.3013067,28.6727971],[77.3014225,28.6714348],[77.30138,28.6702046],[77.3019247,28.6702113],[77.3020985,28.6704892],[77.3030912,28.6700216],[77.3031037,28.6696314],[77.3029535,28.6696913],[77.3024782,28.6686968],[77.3028524,28.6685003],[77.3025629,28.6679395],[77.3020477,28.6681361],[77.3015996,28.6680683],[77.3011979,28.6679327],[77.3012249,28.6676311],[77.301449,28.6671464],[77.3011554,28.667021]]]},"properties":{"pincode":"110032","name":"Vivek Vihar","ppi":53,"income":21300}},{"type":"Feature","geometry":{"type":"Polygon","coordinates":[[[72.917273,19.318492],[72.915666,19.324492],[72.911273,19.328884],[72.905273,19.330492],[72.899273,19.328884],[72.894881,19.324492],[72.893273,19.318492],[72.894881,19.312492],[72.899273,19.3081],[72.905273,19.306492],[72.911273,19.3081],[72.915666,19.312492],[72.917273,19.318492]]]},"properties":{"pincode":"401301","name":"Kaman","ppi":52,"income":15600,"_synthetic":true}},{"type":"Feature","geometry":{"type":"Polygon","coordinates":[[[72.917273,18.868041],[72.915666,18.874041],[72.911273,18.878434],[72.905273,18.880041],[72.899273,18.878434],[72.894881,18.874041],[72.893273,18.868041],[72.894881,18.862041],[72.899273,18.857649],[72.905273,18.856041],[72.911273,18.857649],[72.915666,18.862041],[72.917273,18.868041]]]},"properties":{"pincode":"400702","name":"Uran","ppi":48,"income":17200,"_synthetic":true}},{"type":"Feature","geometry":{"type":"Polygon","coordinates":[[[76.629039,27.414005],[76.627431,27.420005],[76.623039,27.424397],[76.617039,27.426005],[76.611039,27.424397],[76.606646,27.420005],[76.605039,27.414005],[76.606646,27.408005],[76.611039,27.403613],[76.617039,27.402005],[76.623039,27.403613],[76.627431,27.408005],[76.629039,27.414005]]]},"properties":{"pincode":"301406","name":"Alwar, Rajasthan","ppi":40,"income":14700,"_synthetic":true}}]}